1	636	1.34019
1	818	3.97304
1	821	2.10964
1	852	2.22582
1	861	3.86197
1	930	3.58728
1	967	0
2	130	0.000298235
2	690	3.46328
2	808	4.40762
2	902	2.68133
2	960	3.26751
2	974	3.31341
2	998	0
3	87	1.91227
3	197	1.46186
3	667	2.17587
3	840	2.89387
3	908	2.14414
3	935	5.88657
3	969	0
4	146	0.96363
4	404	0.800341
4	405	1.05215
4	626	2.57782
4	833	4.89541
4	994	5.72199
4	999	0
5	438	0.458338
5	486	2.30255
5	565	2.28663
5	606	1.95194
5	706	3.19877
5	839	5.60206
5	924	0
6	67	1.9983
6	239	1.43939
6	386	1.2814
6	673	2.80582
6	805	5.61215
6	932	5.0139
6	947	0
7	66	0.181548
7	580	2.32567
7	887	2.58962
7	941	4.41672
7	969	4.66201
7	977	3.84118
7	993	0
8	64	3.21816
8	92	1.87843
8	237	2.62434
8	263	2.60498
8	348	1.83359
8	454	2.94863
8	851	0
9	252	2.97825
9	468	1.2278
9	843	3.99407
9	856	2.83494
9	910	2.70007
9	918	2.49731
9	930	0
10	588	2.56492
10	785	1.60224
10	823	3.4225
10	895	2.5223
10	897	2.45903
10	911	4.27959
10	999	0
11	15	0.967315
11	27	0.000294211
11	539	2.65218
11	835	3.02004
11	887	4.55478
11	979	4.71782
11	985	0
12	49	0.774657
12	581	4.07398
12	650	4.10271
12	767	2.20804
12	773	4.04899
12	926	2.22236
12	931	0
13	358	2.15014
13	512	0.980773
13	580	1.1834
13	706	2.91273
13	853	3.22184
13	937	5.5038
13	990	0
14	302	0.383553
14	426	1.27097
14	736	3.04662
14	838	2.88967
14	880	2.43687
14	977	5.8295
14	980	0
15	11	1.68147
15	176	2.1963
15	280	2.27657
15	619	2.6872
15	663	2.44525
15	761	4.6185
15	970	0
16	36	2.80674
16	100	1.46493
16	547	3.51124
16	610	2.23844
16	659	1.43541
16	669	4.1196
16	907	0
17	158	2.31208
17	275	0.650449
17	295	2.09703
17	484	3.15637
17	709	5.46961
17	987	4.20295
17	991	0
18	672	0.989856
18	702	1.20323
18	776	3.10162
18	878	2.89093
18	891	3.96563
18	959	4.60599
18	966	0
19	318	0.00117539
19	639	0.289874
19	708	2.72852
19	755	5.22283
19	966	4.39441
19	994	4.57464
19	1000	0
20	265	1.88325
20	295	2.33092
20	786	0.96944
20	831	2.64477
20	884	3.69301
20	954	5.04724
20	957	0
21	561	2.32916
21	614	2.02174
21	903	2.35582
21	925	3.52911
21	994	3.60129
21	999	3.70934
21	1000	0
22	175	2.67089
22	412	1.22019
22	511	0.745693
22	622	3.76408
22	732	4.6262
22	941	4.92027
22	985	0
23	682	1.90403
23	801	2.75303
23	871	3.08777
23	887	2.71581
23	920	3.41977
23	923	4.27903
23	980	0
24	249	0.815675
24	757	2.75395
24	844	3.22053
24	849	2.52564
24	914	3.48564
24	939	3.24866
24	943	0
25	114	1.53451
25	320	2.17397
25	454	1.91741
25	460	1.45395
25	618	4.09938
25	974	6.33005
25	977	0
26	248	2.1106
26	465	2.65318
26	730	1.94774
26	879	4.49447
26	934	2.79265
26	957	3.76123
26	995	0
27	11	1.87636
27	344	1.32072
27	497	3.06997
27	650	3.1778
27	729	3.01406
27	813	5.09686
27	1000	0
28	501	1.16363
28	699	3.00152
28	833	5.05405
28	946	2.28233
28	964	2.84497
28	989	2.9702
28	993	0
29	198	1.93804
29	209	2.00003
29	455	1.303
29	606	3.76019
29	851	2.42411
29	862	4.83778
29	988	0
30	331	2.18884
30	652	2.64975
30	669	2.29375
30	689	1.9265
30	715	2.77909
30	726	4.77735
30	917	0
31	64	0.548845
31	217	1.8995
31	514	3.4355
31	604	2.06567
31	773	3.38775
31	840	6.36137
31	999	0
32	51	1.75812
32	81	0.974349
32	354	2.09527
32	851	2.7602
32	898	3.78638
32	919	4.40466
32	978	0
33	152	0.48763
33	474	1.04318
33	519	1.54257
33	831	3.05912
33	909	3.85212
33	959	4.65843
33	978	0
34	581	2.36052
34	753	3.58445
34	892	3.36903
34	910	2.75055
34	949	2.75525
34	954	3.93127
34	992	0
35	171	0.923096
35	175	2.05677
35	330	0.92571
35	499	4.42911
35	764	3.35204
35	904	4.06007
35	958	0
36	16	0.245198
36	48	2.30201
36	475	1.22874
36	521	2.51746
36	544	4.44057
36	822	4.84288
36	987	0
37	438	1.96901
37	645	3.22022
37	659	2.73848
37	665	1.92983
37	668	2.45017
37	755	4.88095
37	864	0
38	273	0.389054
38	488	3.22993
38	717	2.85394
38	913	5.96542
38	941	2.75602
38	972	3.26225
38	982	0
39	344	1.15471
39	388	1.29549
39	572	2.49697
39	607	1.41427
39	643	4.5858
39	872	4.05335
39	936	0
40	67	2.43108
40	202	2.49342
40	285	4.33348
40	461	2.92482
40	604	2.19406
40	857	3.57259
40	930	0
41	568	1.67681
41	621	1.74329
41	934	4.40075
41	975	2.21781
41	981	3.64326
41	995	4.92279
41	997	0
42	608	2.71819
42	756	2.70095
42	859	1.5617
42	865	2.89819
42	915	3.84155
42	924	3.37543
42	967	0
43	119	1.02794
43	385	0.0187529
43	634	2.83794
43	801	4.11487
43	961	4.37492
43	982	4.86653
43	1000	0
44	258	2.81107
44	578	0.521626
44	598	2.77773
44	742	3.38418
44	772	3.5696
44	909	5.16891
44	978	0
45	317	2.94835
45	719	4.71144
45	863	1.47853
45	912	2.17726
45	964	2.73989
45	989	2.86512
45	993	0
46	363	1.98391
46	453	1.31846
46	816	1.22
46	858	3.39318
46	905	4.64824
46	974	4.48852
46	1000	0
47	63	3.03702
47	770	4.45498
47	860	0.920562
47	874	1.13013
47	893	3.638
47	986	3.64795
47	997	0
48	36	2.52328
48	411	1.52752
48	742	4.00215
48	778	2.02295
48	803	3.18623
48	915	5.01283
48	999	0
49	12	0.846118
49	140	2.39039
49	225	3.38106
49	690	3.06998
49	856	2.71387
49	885	5.03212
49	949	0
50	374	2.21674
50	550	2.73073
50	592	0.317414
50	620	4.31147
50	702	2.7001
50	825	4.20964
50	970	0
51	32	0.73636
51	599	1.77501
51	766	3.47578
51	918	3.27302
51	930	2.96958
51	931	3.56214
51	961	0
52	477	3.36881
52	574	3.66402
52	726	1.02695
52	737	2.80101
52	764	2.06526
52	885	3.36781
52	964	0
53	275	2.50935
53	468	3.07874
53	599	1.82498
53	728	1.84381
53	765	3.48046
53	767	4.28861
53	864	0
54	57	2.50531
54	247	4.02379
54	359	2.05668
54	397	1.28948
54	424	2.72423
54	541	2.91651
54	825	0
55	132	0.605336
55	769	2.03025
55	855	3.18311
55	878	2.89255
55	933	4.04712
55	959	2.99114
55	985	0
56	348	1.42433
56	746	1.94365
56	805	3.21978
56	814	1.93093
56	876	4.24132
56	913	3.96127
56	965	0
57	54	0.572907
57	317	0.337415
57	464	2.04627
57	812	3.44448
57	855	3.4297
57	887	5.68565
57	957	0
58	259	1.47401
58	775	1.85653
58	844	3.40275
58	893	3.27286
58	896	2.6595
58	942	5.91063
58	986	0
59	234	3.19023
59	717	1.37086
59	748	2.48659
59	781	2.36188
59	822	2.92281
59	857	3.04382
59	892	0
60	132	1.15563
60	271	1.63799
60	419	1.77301
60	571	1.55277
60	751	4.09845
60	847	4.29643
60	931	0
61	272	1.84733
61	532	0.000139024
61	674	3.18079
61	869	2.83894
61	920	3.24442
61	932	6.04713
61	985	0
62	278	2.08714
62	305	1.35984
62	554	0.285252
62	613	4.03652
62	693	3.08762
62	915	4.52728
62	996	0
63	47	1.35497
63	207	2.23253
63	812	1.89464
63	892	2.61711
63	928	5.25648
63	966	3.39365
63	977	0
64	8	0.835257
64	31	4.51349
64	399	4.74418
64	443	0.000804357
64	467	1.09475
64	769	3.90895
64	897	3.41899
65	210	1.34797
65	433	2.98261
65	872	1.44608
65	877	4.05448
65	907	3.86052
65	934	3.1181
65	955	0
66	7	1.80151
66	127	0.789149
66	374	3.36393
66	622	3.25026
66	864	3.41971
66	908	5.40404
66	996	0
67	6	0.575522
67	40	1.58648
67	404	1.51899
67	666	2.72923
67	784	4.64379
67	920	7.09936
67	971	0
68	594	2.54227
68	771	3.2328
68	816	3.48277
68	870	2.30842
68	895	3.12608
68	929	3.71469
68	961	0
69	126	0.00993813
69	611	5.06127
69	823	1.84291
69	945	2.14638
69	949	2.15108
69	954	3.3271
69	992	0
70	657	1.68733
70	755	2.45153
70	849	3.34779
70	933	3.59249
70	950	3.67922
70	963	3.46364
70	967	0
71	506	1.61925
71	609	0.78847
71	806	2.25913
71	904	3.91796
71	923	2.96716
71	958	3.24556
71	971	0
72	500	0.172392
72	536	2.36881
72	598	1.82586
72	653	3.17837
72	783	4.13831
72	896	4.95075
72	938	0
73	328	3.05444
73	524	3.20386
73	861	1.95856
73	862	3.36297
73	931	2.79908
73	946	3.09822
73	980	0
74	362	1.41955
74	409	3.12353
74	747	4.71675
74	866	2.21929
74	871	2.23273
74	902	3.41853
74	932	0
75	619	2.56216
75	789	2.78549
75	862	3.73378
75	886	2.7221
75	894	3.42875
75	953	3.27184
75	976	0
76	507	2.32696
76	760	2.66203
76	783	2.30844
76	852	2.42462
76	861	3.78608
76	967	4.27133
76	979	0
77	110	1.29355
77	492	2.70773
77	622	2.12679
77	856	3.99071
77	926	3.13971
77	930	5.17874
77	990	0
78	179	0.502223
78	574	3.26144
78	786	2.2811
78	884	2.4889
78	891	3.33187
78	900	3.98786
78	983	0
79	423	1.89917
79	449	2.45968
79	677	2.57534
79	856	2.56634
79	875	2.21923
79	885	5.20571
79	988	0
80	188	1.50714
80	518	0.852366
80	819	2.4842
80	914	4.05233
80	951	4.35536
80	966	4.57478
80	998	0
81	32	2.12451
81	614	1.08993
81	775	1.52279
81	837	3.85895
81	926	4.0078
81	979	4.17084
81	985	0
82	111	2.90047
82	330	2.17883
82	667	1.07876
82	841	3.4396
82	905	4.1824
82	951	4.74056
82	998	0
83	85	3.11856
83	236	1.58191
83	286	3.01188
83	290	0.232342
83	329	4.06605
83	635	3.61197
83	667	0
84	104	1.21476
84	598	2.35243
84	895	2.79886
84	916	3.02468
84	919	3.86744
84	963	3.88295
84	973	0
85	83	0.765359
85	555	1.76653
85	629	0.954207
85	714	2.65985
85	774	3.64602
85	925	5.83541
85	990	0
86	401	2.83179
86	481	1.47128
86	568	4.9469
86	940	2.35561
86	945	2.65908
86	949	3.8398
86	992	0
87	3	1.81027
87	172	2.10736
87	326	3.30028
87	479	0.0109034
87	615	3.90586
87	921	5.34312
87	989	0
88	269	2.58004
88	645	3.99195
88	718	1.84156
88	945	2.14503
88	949	2.14973
88	954	3.32575
88	992	0
89	203	2.15019
89	653	1.64059
89	658	2.43663
89	735	3.03141
89	819	3.50567
89	873	5.64353
89	982	0
90	172	1.57915
90	475	2.00585
90	492	2.21484
90	495	1.37962
90	657	5.30806
90	859	4.299
90	970	0
91	353	2.85827
91	374	2.6955
91	566	2.35907
91	784	2.74318
91	949	2.74788
91	954	3.9239
91	992	0
92	8	0.012244
92	406	1.57664
92	408	3.1356
92	690	2.32123
92	833	3.70811
92	897	4.54735
92	955	3.21816
93	403	0.856373
93	467	3.70699
93	864	2.34523
93	867	3.38136
93	910	3.74199
93	932	3.53356
93	948	0
94	505	1.53768
94	643	1.89922
94	693	1.43534
94	722	2.8242
94	893	4.69152
94	933	4.53766
94	965	0
95	468	1.85957
95	546	1.69914
95	705	3.17377
95	783	2.66335
95	868	4.22672
95	882	2.83055
95	905	0
96	275	0.892794
96	359	2.12644
96	423	2.47894
96	447	1.61505
96	620	2.13078
96	659	5.88662
96	886	0
97	416	2.60959
97	539	2.17177
97	576	1.47548
97	702	2.86347
97	868	4.4731
97	917	4.45126
97	959	0
98	647	1.94634
98	863	2.88742
98	897	2.71152
98	962	3.6614
98	966	3.5681
98	979	3.73114
98	985	0
99	299	0.158172
99	627	3.13135
99	808	2.3062
99	886	3.02594
99	941	5.08667
99	987	3.77157
99	988	0
100	16	1.47082
100	745	0.492729
100	846	3.19151
100	895	4.59777
100	961	2.58864
100	992	3.37423
100	996	0
101	582	0.358262
101	703	3.22984
101	821	1.73329
101	839	3.94229
101	943	5.05862
101	968	3.94132
101	992	0
102	107	3.13409
102	261	4.05956
102	576	0.091945
102	633	2.10173
102	806	2.50735
102	853	4.55882
102	971	0
103	408	1.85152
103	468	2.41403
103	470	2.53257
103	511	1.89665
103	544	3.09785
103	741	4.67931
103	878	0
104	84	1.61968
104	466	2.23343
104	514	4.03568
104	901	2.55146
104	942	3.26447
104	953	3.44514
104	976	0
105	242	0.059931
105	509	0.519439
105	698	2.33795
105	700	3.33324
105	762	3.77477
105	916	4.90358
105	938	0
106	369	2.49269
106	415	1.45979
106	650	1.84429
106	665	3.54037
106	836	3.46422
106	916	4.76092
106	935	0
107	102	2.18346
107	196	1.73965
107	459	2.02494
107	837	2.70784
107	911	3.30308
107	943	4.52839
107	999	0
108	301	1.12789
108	334	2.2006
108	798	2.23676
108	821	3.66689
108	872	4.29995
108	908	4.82271
108	947	0
109	609	2.23133
109	780	3.63417
109	829	1.60586
109	872	3.38507
109	890	3.39458
109	899	4.27693
109	985	0
110	77	1.06689
110	120	4.39504
110	483	3.79642
110	548	0.572498
110	706	3.70487
110	926	4.8929
110	990	0
111	82	2.31379
111	212	1.89054
111	538	1.56945
111	576	5.05924
111	822	3.55553
111	960	4.14172
111	974	0
112	681	1.91533
112	805	3.7024
112	947	3.64246
112	952	3.55579
112	971	2.17498
112	974	3.35206
112	994	0
113	246	0.423635
113	359	0.684946
113	366	3.77623
113	623	4.27168
113	849	2.59546
113	857	5.55387
113	984	0
114	25	2.75961
114	218	1.04529
114	564	2.5941
114	749	3.02692
114	764	2.42646
114	863	5.65382
114	977	0
115	202	1.21075
115	368	0.919721
115	715	3.43228
115	778	4.90528
115	926	3.9674
115	931	4.08243
115	996	0
116	312	2.83197
116	411	0.707286
116	539	2.53042
116	779	3.89757
116	803	2.38506
116	929	4.22205
116	978	0
117	413	2.05607
117	598	1.50074
117	662	2.93399
117	797	3.02174
117	801	3.39505
117	859	4.82548
117	952	0
118	254	1.03927
118	405	2.09494
118	586	3.52611
118	756	2.41926
118	794	4.64947
118	924	4.74868
118	932	0
119	43	2.2326
119	220	1.64457
119	228	1.78373
119	293	2.06245
119	473	3.76755
119	793	5.7384
119	908	0
120	110	2.10918
120	608	1.13979
120	726	2.77897
120	813	3.30883
120	853	3.79014
120	944	4.33021
120	983	0
121	326	0.112179
121	635	1.26839
121	749	3.54236
121	848	3.55157
121	928	4.66949
121	943	4.32811
121	977	0
122	314	0.965065
122	398	2.07079
122	851	2.80916
122	902	2.56594
122	937	4.38018
122	978	3.58568
122	988	0
123	683	2.4334
123	763	1.45869
123	811	2.47014
123	871	2.80488
123	887	2.52691
123	889	4.5956
123	930	0
124	350	2.09552
124	515	0.021498
124	762	0.00416945
124	770	4.87278
124	869	4.52709
124	994	4.70731
124	1000	0
125	477	2.45838
125	830	3.3706
125	869	1.67237
125	874	2.46485
125	908	3.43422
125	932	3.46231
125	968	0
126	69	1.97964
126	334	1.47543
126	397	1.52618
126	446	2.54919
126	813	3.1
126	875	3.61144
126	908	0
127	66	2.28788
127	319	2.58774
127	518	1.99813
127	672	2.37222
127	798	3.67526
127	864	3.78349
127	888	0
128	230	0.931634
128	292	1.33021
128	637	1.68797
128	786	3.36518
128	790	2.44954
128	802	5.48052
128	961	0
129	409	0.0296613
129	638	2.98999
129	950	2.90565
129	956	2.22657
129	959	4.65158
129	986	4.66153
129	997	0
130	2	0.734945
130	364	0.00012838
130	509	3.85928
130	896	3.09676
130	899	4.67172
130	938	4.76863
130	964	0
131	282	2.88004
131	398	0.668293
131	538	3.47329
131	810	1.95368
131	863	3.57544
131	979	3.73848
131	985	0
132	55	4.01044
132	60	2.47073
132	440	1.59098
132	895	2.26324
132	919	2.40864
132	929	2.99725
132	961	0
133	684	0.554929
133	731	3.47744
133	878	2.09036
133	889	2.44639
133	924	4.34145
133	959	4.16821
133	998	0
134	580	1.59489
134	588	0.059247
134	663	3.53776
134	773	2.51801
134	879	4.1571
134	890	5.04895
134	985	0
135	186	0.397773
135	566	2.80764
135	655	1.73341
135	758	4.64294
135	874	2.90209
135	915	4.22672
135	931	0
136	517	2.50113
136	813	2.30282
136	857	2.88742
136	896	2.57105
136	916	3.69986
136	938	4.45826
136	978	0
137	170	3.22546
137	252	0.934552
137	288	0.99545
137	782	3.68358
137	920	3.8644
137	946	4.40035
137	981	0
138	291	1.48704
138	745	2.29922
138	807	2.79127
138	922	3.49187
138	933	2.9771
138	936	4.74736
138	988	0
139	397	2.49231
139	726	0.791154
139	786	3.45302
139	827	3.31405
139	855	2.66256
139	879	4.47605
139	995	0
140	49	0.216818
140	364	1.55416
140	682	3.34116
140	896	4.1536
140	938	3.94652
140	958	4.46844
140	987	0
141	313	0.490062
141	395	2.31723
141	526	3.31515
141	741	4.03706
141	822	3.18005
141	890	3.56584
141	906	4.07799
141	922	0
142	289	1.95528
142	335	1.05503
142	504	2.8184
142	798	4.09827
142	840	3.35703
142	845	3.88187
142	944	4.42194
142	983	0
143	147	0.0732917
143	396	2.67752
143	639	1.13976
143	698	2.7522
143	845	4.74626
143	880	4.83326
143	962	5.61346
143	998	0
144	790	1.66201
144	844	2.4893
144	886	3.20904
144	941	2.3587
144	951	3.95467
144	988	3.08617
144	989	3.75139
144	1000	0
145	363	1.95003
145	392	1.43018
145	517	0.642444
145	698	2.22715
145	707	4.86686
145	781	4.21414
145	896	5.02658
145	938	0
146	4	1.44086
146	418	1.43957
146	504	3.4619
146	718	2.50829
146	759	3.09971
146	884	3.89923
146	912	4.26641
146	944	0
147	143	7.58222e-05
147	355	2.1269
147	403	2.37857
147	413	2.95485
147	587	3.85149
147	686	4.87185
147	962	5.65205
147	998	0
148	509	0.492877
148	763	2.46111
148	799	2.88564
148	800	3.62158
148	813	2.12546
148	872	3.90467
148	890	4.79652
148	985	0
149	413	2.16671
149	459	2.86225
149	650	2.75844
149	716	2.77185
149	825	2.82181
149	841	3.55754
149	897	4.03826
149	925	0
150	340	2.13529
150	657	1.67817
150	659	3.23392
150	890	4.29762
150	944	3.208
150	945	3.96273
150	979	4.12577
150	985	0
151	157	1.69163
151	244	2.68857
151	895	2.33903
151	942	3.05204
151	953	2.69124
151	966	3.2327
151	976	4.84088
151	994	0
152	33	2.61669
152	472	2.09136
152	572	2.13996
152	590	1.70327
152	682	2.72393
152	834	3.17389
152	916	4.3027
152	938	0
153	297	1.1934
153	484	0.709516
153	532	2.07561
153	742	4.79804
153	764	2.68411
153	792	3.73432
153	915	4.7942
153	980	0
154	488	1.71228
154	648	0.184002
154	713	2.74999
154	872	3.39482
154	896	4.65266
154	960	3.45717
154	967	5.28474
154	998	0
155	191	0.0275377
155	439	2.51161
155	771	3.20215
155	816	3.74421
155	887	3.46624
155	889	4.07621
155	923	4.97952
155	951	0
156	222	1.52703
156	616	0.00394718
156	719	2.1477
156	874	3.40184
156	907	3.79325
156	924	4.35304
156	975	4.87508
156	997	0
157	151	0.101282
157	208	0.679864
157	511	1.71897
157	735	3.95342
157	921	4.08588
157	941	5.16248
157	970	4.83151
157	988	0
158	17	2.58268
158	715	2.84499
158	758	2.6046
158	766	1.75926
158	767	2.97704
158	860	4.1046
158	920	5.11975
158	987	0
159	162	2.25214
159	231	0.792966
159	649	2.208
159	755	2.96458
159	860	4.49027
159	939	4.11315
159	950	4.19988
159	963	0
160	311	0.905173
160	440	3.66818
160	818	2.55004
160	942	2.59922
160	951	3.26305
160	953	2.90225
160	966	5.7005
160	990	0
161	594	2.21409
161	623	0.801409
161	733	2.00307
161	785	3.43239
161	898	3.14998
161	955	5.07685
161	978	5.2332
161	996	0
162	159	1.16605
162	556	1.03477
162	573	1.82961
162	718	3.15003
162	760	2.60394
162	855	5.96311
162	990	5.27536
162	1000	0
163	647	1.45123
163	683	1.8196
163	811	2.83104
163	871	3.16578
163	887	3.49778
163	923	3.98879
163	981	4.14061
163	983	0
164	166	2.04114
164	583	0.931095
164	636	2.40426
164	704	3.88763
164	732	2.84009
164	759	4.67136
164	903	5.13827
164	983	0
165	571	1.57054
165	672	1.36122
165	716	2.25851
165	826	2.58064
165	838	2.93216
165	860	5.60033
165	981	4.76257
165	988	0
166	164	2.60194
166	676	1.48796
166	787	0.343207
166	795	3.2771
166	894	4.65132
166	953	4.72263
166	956	4.83198
166	976	0
167	379	2.08174
167	584	0.368373
167	676	1.367
167	750	4.09871
167	867	4.29597
167	904	3.0013
167	912	5.2824
167	971	0
168	827	1.69523
168	831	1.82954
168	835	3.16663
168	898	3.24007
168	902	3.21178
168	909	3.71296
168	948	3.42013
168	985	0
169	355	2.51504
169	598	0.000847514
169	609	2.97423
169	661	2.01853
169	775	3.18183
169	816	4.20759
169	890	5.09945
169	985	0
170	137	3.15543
170	481	2.10621
170	504	2.2797
170	561	1.79524
170	617	2.46254
170	705	4.62255
170	814	4.77501
170	833	0
171	35	2.69268
171	323	2.70446
171	365	3.13278
171	641	1.43396
171	874	1.64352
171	893	4.1514
171	986	4.16134
171	997	0
172	87	1.73703
172	90	0.765984
172	495	1.19457
172	633	3.85921
172	859	4.61115
172	896	4.95151
172	940	3.69746
172	941	0
173	427	3.14614
173	741	2.23116
173	749	1.01635
173	842	3.02899
173	912	2.85309
173	921	4.42259
173	953	4.41559
173	993	0
174	257	2.06666
174	417	1.19905
174	694	2.45612
174	811	3.52434
174	889	4.1343
174	923	4.2192
174	971	2.88554
174	984	0
175	22	0.923096
175	35	1.6723
175	750	2.61603
175	785	3.13062
175	806	4.03655
175	903	4.08864
175	906	5.5877
175	971	0
176	15	0.0439462
176	462	2.58515
176	488	2.29486
176	589	2.506
176	877	4.75139
176	955	4.24269
176	958	4.52109
176	971	0
177	316	0.358794
177	392	2.70798
177	639	2.45352
177	768	1.73429
177	795	2.57674
177	800	5.04198
177	992	5.92416
177	995	0
178	258	1.46703
178	277	1.84896
178	308	3.79162
178	373	4.21691
178	762	2.66977
178	847	3.6029
178	926	4.79093
178	990	0
179	78	2.21476
179	830	3.12698
179	869	2.08811
179	911	2.83574
179	914	2.78512
179	920	3.1906
179	932	3.72305
179	977	0
180	438	2.26822
180	450	2.06881
180	482	2.30048
180	616	1.41535
180	738	2.7253
180	834	4.6809
180	934	4.90502
180	959	0
181	348	1.75733
181	423	1.91621
181	500	1.67298
181	844	2.50027
181	886	3.17551
181	984	3.96564
181	988	5.56875
181	989	0
182	429	1.10255
182	734	2.11207
182	800	1.38244
182	801	2.99095
182	866	3.44447
182	873	4.40198
182	939	5.83751
182	993	0
183	464	0.870502
183	660	1.50027
183	785	2.26466
183	851	3.37531
183	894	2.97474
183	909	4.57405
183	978	4.82918
183	986	0
184	332	1.07157
184	725	0.999071
184	732	1.64633
184	759	3.8719
184	892	3.87748
184	922	3.97853
184	948	5.37091
184	977	0
185	283	1.93651
185	463	2.22053
185	488	1.37643
185	536	0.0116237
185	670	5.14428
185	954	5.88181
185	968	6.3203
185	992	0
186	135	1.96663
186	260	0.217166
186	445	1.35111
186	520	2.48982
186	783	4.22725
186	910	6.17842
186	926	4.37945
186	948	0
187	496	2.89115
187	749	1.99212
187	820	3.69282
187	842	2.97682
187	871	3.31157
187	887	3.0336
187	889	3.77402
187	929	0
188	80	0.25138
188	606	3.1681
188	622	2.36964
188	914	4.20897
188	968	3.08544
188	975	4.37699
188	978	4.48369
188	991	0
189	379	1.7027
189	773	2.35496
189	945	2.65843
189	949	2.66312
189	954	3.83914
189	992	3.96116
189	995	3.6688
189	998	0
190	547	1.57199
190	775	3.44767
190	821	1.99222
190	903	2.63372
190	937	3.18821
190	982	3.4996
190	994	4.94474
190	996	0
191	155	1.6434
191	245	1.12705
191	345	0.70526
191	353	3.79048
191	707	5.1713
191	934	4.63154
191	953	4.94212
191	965	0
192	286	1.38673
192	441	1.8613
192	490	2.29545
192	671	3.15251
192	746	2.71076
192	760	3.22447
192	804	3.93296
192	850	0
193	241	1.6963
193	599	3.26672
193	821	2.35496
193	945	2.65843
193	949	2.66312
193	954	3.83914
193	992	4.45191
193	994	0
194	268	1.3835
194	387	2.41997
194	396	1.98679
194	474	2.31966
194	699	3.56184
194	710	3.93767
194	869	4.70462
194	912	0
195	423	0.00257642
195	437	0.876878
195	513	3.09478
195	918	3.73134
195	922	3.61033
195	951	5.03156
195	961	5.15582
195	973	0
196	107	3.20425
196	216	2.60029
196	281	3.31596
196	549	0.720313
196	711	2.00562
196	785	3.50838
196	902	5.0794
196	978	0
197	3	2.22225
197	214	1.52722
197	431	2.33928
197	460	2.43384
197	549	2.46258
197	804	4.62778
197	899	5.09945
197	927	0
198	29	0.425717
198	733	2.20044
198	758	2.77868
198	814	3.0567
198	898	3.13014
198	902	4.07326
198	967	4.70116
198	978	0
199	337	2.06695
199	359	3.02412
199	686	1.7541
199	687	1.94547
199	802	4.46503
199	853	4.38785
199	929	4.97646
199	961	0
200	205	2.47309
200	435	3.59291
200	627	3.05227
200	792	2.35121
200	912	2.17531
200	921	3.04994
200	964	3.7378
200	993	0
201	540	1.17935
201	561	2.61309
201	658	2.52313
201	773	2.0844
201	774	4.99827
201	911	3.82498
201	984	5.25877
201	995	0
202	40	0.00042318
202	115	2.70446
202	302	1.54352
202	448	3.32355
202	477	3.19795
202	650	4.14307
202	888	5.28724
202	926	0
203	89	2.98617
203	603	2.75765
203	673	2.41292
203	675	3.16011
203	693	2.008
203	824	4.32026
203	937	4.87475
203	982	0
204	377	1.32421
204	391	4.29645
204	506	2.08199
204	688	3.58007
204	742	2.16135
204	760	2.85327
204	847	4.97443
204	990	0
205	200	2.49443
205	507	2.81419
205	734	1.88897
205	851	3.80767
205	893	2.62734
205	902	2.59905
205	909	4.19835
205	978	0
206	250	1.57264
206	390	2.36523
206	726	1.05899
206	743	2.60019
206	768	3.1584
206	841	3.94737
206	867	5.51924
206	905	0
207	63	0.427019
207	338	1.67056
207	615	1.9762
207	677	2.59098
207	725	5.39131
207	892	4.50787
207	963	4.7083
207	965	0
208	157	0.572353
208	246	2.35955
208	493	2.45495
208	570	2.58282
208	889	5.91991
208	927	4.39952
208	980	4.23049
208	989	0
209	29	1.42182
209	598	0.521753
209	630	1.69976
209	644	3.79251
209	903	3.73836
209	908	4.213
209	966	5.29989
209	994	0
210	65	2.91409
210	512	0.122907
210	588	1.34213
210	848	3.63584
210	851	3.06213
210	863	4.86193
210	989	4.98716
210	993	0
211	431	2.50245
211	465	0.140449
211	578	2.30817
211	602	2.341
211	796	4.49066
211	840	4.44021
211	924	4.39191
211	940	0
212	111	1.72293
212	358	1.77245
212	601	1.47646
212	774	3.33589
212	829	3.89104
212	898	3.46399
212	926	4.65202
212	990	0
213	284	0.00281303
213	294	3.12197
213	622	1.64725
213	671	2.73789
213	878	4.7911
213	920	5.19658
213	932	3.81259
213	973	0
214	197	1.69877
214	525	3.32725
214	896	2.35496
214	945	2.65843
214	949	2.66312
214	954	4.06992
214	978	3.83914
214	992	0
215	347	1.16279
215	502	1.59787
215	608	2.65794
215	627	2.9865
215	670	3.17151
215	769	3.99348
215	783	5.52571
215	941	0
216	196	3.01517
216	512	1.19234
216	694	3.04326
216	704	2.05703
216	752	2.47615
216	820	3.51763
216	889	4.12759
216	923	0
217	31	1.82366
217	369	4.28094
217	477	2.0744
217	781	2.63852
217	833	3.84407
217	891	3.62734
217	906	3.78804
217	935	0
218	114	0.0843401
218	395	2.77396
218	509	2.13585
218	638	3.64499
218	797	2.79747
218	914	3.52048
218	943	4.91152
218	991	0
219	270	1.99338
219	507	2.78724
219	818	2.28931
219	838	2.86382
219	849	3.67286
219	861	3.12684
219	871	4.31984
219	950	0
220	119	1.85711
220	345	2.01784
220	638	1.69391
220	755	2.33525
220	854	3.59906
220	950	3.6858
220	963	5.20972
220	967	0
221	279	1.6941
221	448	2.34516
221	455	2.27935
221	796	2.96601
221	860	3.71754
221	886	4.37658
221	973	5.18291
221	988	0
222	156	0.988904
222	371	0.907271
222	401	2.44166
222	665	0.000754639
222	685	4.56667
222	945	5.33059
222	965	6.05086
222	992	0
223	320	0.165842
223	430	2.72312
223	547	2.38171
223	831	2.56035
223	877	3.20697
223	913	3.64738
223	929	5.55386
223	999	0
224	296	3.45412
224	556	0.141351
224	683	3.59634
224	772	3.04267
224	869	2.13498
224	873	4.27283
224	982	4.76445
224	1000	0
225	49	1.90681
225	553	1.51052
225	592	2.00821
225	593	3.3147
225	729	2.8528
225	791	3.70177
225	875	4.94325
225	927	0
226	511	3.18014
226	591	2.87327
226	868	0.936634
226	874	3.92505
226	915	3.14198
226	975	3.65408
226	986	3.66402
226	997	0
227	385	1.17887
227	537	1.07514
227	725	2.56074
227	824	2.05821
227	850	4.59794
227	928	5.12919
227	969	5.51582
227	998	0
228	119	2.17839
228	490	3.79968
228	506	2.04662
228	527	1.61484
228	642	3.24157
228	737	4.25005
228	850	3.85756
228	928	0
229	456	1.04432
229	501	1.0834
229	827	4.2553
229	841	4.90245
229	918	3.3965
229	968	3.16271
229	972	3.67121
229	991	0
230	128	1.71367
230	341	3.30846
230	416	3.01454
230	714	2.55371
230	727	1.30922
230	748	3.17961
230	859	4.27191
230	940	0
231	159	0.435473
231	431	1.11448
231	641	1.45651
231	692	4.14322
231	852	3.13677
231	888	5.62085
231	967	4.46905
231	982	0
232	437	1.84794
232	508	2.55838
232	715	1.79916
232	729	2.51349
232	780	4.0922
232	874	4.39408
232	936	5.18867
232	983	0
233	551	1.64745
233	579	1.38293
233	672	2.87058
233	788	2.70487
233	836	3.28919
233	843	4.01483
233	910	5.41273
233	981	0
234	59	1.74992
234	483	2.04984
234	794	3.03273
234	835	3.084
234	894	2.818
234	906	2.88259
234	913	3.86498
234	997	0
235	340	1.40831
235	760	3.53948
235	793	3.5329
235	804	1.87899
235	810	4.2414
235	850	2.85692
235	946	4.53565
235	998	0
236	83	0.313341
236	452	2.61251
236	810	2.15868
236	939	3.03802
236	968	2.80423
236	972	3.31274
236	991	5.26916
236	998	0
237	8	2.39474
237	347	0.527154
237	539	0.000428178
237	551	3.74167
237	601	3.29942
237	712	5.03175
237	890	5.76057
237	979	0
238	261	1.6322
238	310	3.21968
238	591	2.71688
238	665	3.50501
238	707	2.433
238	751	4.88583
238	934	4.03518
238	944	0
239	6	1.35741
239	508	0.353367
239	673	2.62267
239	748	3.61369
239	822	4.27864
239	920	3.72014
239	923	4.68412
239	932	0
240	291	1.33944
240	331	2.7535
240	623	3.20862
240	729	3.04488
240	813	3.35901
240	907	4.10713
240	908	3.86341
240	959	0
241	193	2.28683
241	656	1.93836
241	701	0.000125183
241	743	1.66683
241	858	5.18928
241	948	4.50887
241	960	5.14096
241	998	0
242	105	1.64492
242	750	3.05956
242	779	3.016
242	883	2.52794
242	937	2.30958
242	955	3.08243
242	982	3.39382
242	994	0
243	461	1.39775
243	471	2.40344
243	716	2.37155
243	737	3.11771
243	791	3.34413
243	864	4.42853
243	901	3.51358
243	908	0
244	151	1.88948
244	430	1.32433
244	639	1.44219
244	762	3.21488
244	837	3.80249
244	873	4.74436
244	903	4.51852
244	951	0
245	191	2.30229
245	518	2.02463
245	569	3.0714
245	614	1.85021
245	803	2.09277
245	911	5.34763
245	934	4.30171
245	988	0
246	113	0.572353
246	208	2.64313
246	510	1.78659
246	653	3.1917
246	897	2.60211
246	913	5.67021
246	980	4.94899
246	999	0
247	54	0.129388
247	564	2.34273
247	577	2.29908
247	761	3.3791
247	884	3.13119
247	936	4.47617
247	939	4.36503
247	956	0
248	26	2.68904
248	456	1.49326
248	470	2.2809
248	629	3.48672
248	782	3.82799
248	800	4.03691
248	814	4.05874
248	890	0
249	24	1.34373
249	318	0.079304
249	354	1.18734
249	365	2.49243
249	825	3.94155
249	883	4.80076
249	957	6.30752
249	1000	0
250	206	0.303094
250	707	1.09382
250	893	3.0896
250	975	3.92808
250	979	3.60169
250	986	4.68084
250	989	3.61164
250	997	0
251	452	1.64056
251	469	1.65423
251	483	2.69076
251	772	3.47173
251	880	3.38303
251	932	2.81678
251	964	6.06919
251	973	0
252	9	3.22546
252	137	1.7196
252	456	4.07591
252	862	2.38269
252	863	1.49642
252	872	3.27564
252	890	4.16749
252	985	2.29089
253	378	2.31452
253	548	3.02294
253	731	2.37051
253	796	2.59215
253	812	3.32912
253	859	2.52617
253	900	4.17079
253	961	0
254	118	2.23195
254	415	2.47662
254	605	2.35398
254	694	3.43405
254	731	4.25119
254	808	3.00327
254	812	4.83254
254	940	0
255	560	0.00699167
255	719	2.84986
255	904	3.67854
255	943	4.22979
255	970	3.45359
255	975	3.96569
255	986	3.97563
255	997	0
256	267	0.573959
256	674	3.90595
256	922	4.10342
256	932	1.98097
256	943	3.09729
256	968	2.8635
256	972	3.37201
256	991	0
257	174	0.339459
257	316	3.07018
257	668	2.65495
257	780	2.23541
257	845	3.44062
257	877	3.45969
257	911	5.28025
257	999	0
258	44	0.249978
258	178	0.703993
258	555	2.17879
258	730	4.58602
258	926	2.92027
258	945	5.77405
258	990	5.92807
258	996	0
259	58	2.04386
259	782	2.65895
259	873	2.94959
259	903	3.68969
259	970	3.4548
259	975	3.9669
259	986	3.97684
259	997	0
260	186	1.84482
260	326	2.37496
260	470	5.13528
260	622	0.851496
260	691	2.25166
260	708	1.85463
260	744	6.3562
260	994	0
261	102	0.209273
261	238	2.42234
261	585	2.64528
261	608	2.51176
261	659	3.11747
261	746	4.39292
261	907	4.19896
261	934	0
262	566	1.71417
262	652	2.48499
262	690	0.000179781
262	710	3.45573
262	975	3.96783
262	986	4.66559
262	987	3.97777
262	997	0
263	8	3.1143
263	897	3.05103
263	911	2.5247
263	913	2.40376
263	918	3.14137
263	948	2.67155
263	964	3.09568
263	983	0
264	278	2.95745
264	596	1.12662
264	634	3.71108
264	731	4.0345
264	756	2.92412
264	791	3.2803
264	812	4.30641
264	944	0
265	20	2.76631
265	430	2.53087
265	650	4.06517
265	772	1.70023
265	780	2.9288
265	881	3.28978
265	901	3.39498
265	922	0
266	632	0.666685
266	691	2.73496
266	704	2.80476
266	823	3.01943
266	888	3.63424
266	914	4.59423
266	939	4.89674
266	978	0
267	256	2.08069
267	433	2.67073
267	503	0.388953
267	638	0.00169354
267	710	3.84424
267	774	5.2411
267	975	5.7532
267	986	0
268	194	1.17764
268	346	0.539179
268	615	1.8519
268	637	3.94606
268	803	2.59739
268	842	4.33699
268	844	5.8714
268	989	0
269	88	2.06723
269	523	3.50466
269	690	0.762937
269	722	3.0508
269	799	3.21333
269	901	3.31852
269	922	4.01912
269	933	0
270	219	2.79442
270	741	0.0188017
270	770	3.12687
270	840	3.8224
270	930	3.29149
270	937	3.84598
270	982	4.15737
270	994	0
271	60	0.0428022
271	582	2.22972
271	762	2.42797
271	774	2.85031
271	865	3.63319
271	939	5.5022
271	971	4.78725
271	991	0
272	61	2.0072
272	507	2.34832
272	648	2.87764
272	849	3.57051
272	852	2.61809
272	857	3.06368
272	904	5.04814
272	967	4.10111
272	977	0
273	38	3.14863
273	360	2.52641
273	723	3.17975
273	725	1.84671
273	835	3.6294
273	941	4.6495
273	949	3.58491
273	984	4.37504
273	988	0
274	389	0.750825
274	514	2.55733
274	556	0.494391
274	695	2.17952
274	714	4.6095
274	854	3.57979
274	934	5.96005
274	963	4.32663
274	970	0
275	17	1.49107
275	53	3.3909
275	96	1.40927
275	357	3.60669
275	521	2.77625
275	528	3.70174
275	729	3.538
275	813	4.76993
275	925	0
276	605	1.19203
276	614	1.74331
276	794	2.96435
276	843	3.53537
276	867	2.72806
276	876	4.23386
276	930	3.82563
276	991	5.20426
276	995	0
277	178	0.716499
277	435	0.995943
277	625	2.00651
277	677	2.17987
277	787	3.69343
277	915	5.34323
277	953	4.98243
277	966	5.61686
277	1000	0
278	62	0.289506
278	264	2.73099
278	383	1.57395
278	388	0.606493
278	600	2.96551
278	812	4.84307
278	924	4.79478
278	940	6.05937
278	957	0
279	221	0.457809
279	340	2.25462
279	664	1.94117
279	739	3.88002
279	835	3.3254
279	841	3.93129
279	894	5.52061
279	926	5.61822
279	984	0
280	15	1.55738
280	764	1.78135
280	768	2.10076
280	805	1.88802
280	919	3.82789
280	952	3.81769
280	970	4.793
280	994	5.03954
280	1000	0
281	196	1.31357
281	475	2.03962
281	662	2.91917
281	704	2.05115
281	803	2.16261
281	808	4.15421
281	891	5.11311
281	944	4.64671
281	992	0
282	131	0.911188
282	483	1.73651
282	661	2.6496
282	723	2.95325
282	789	3.59385
282	908	4.61328
282	929	2.99225
282	942	5.32615
282	973	0
283	185	0.0137598
283	581	2.4347
283	790	1.8601
283	852	2.95759
283	864	2.22076
283	892	6.2496
283	954	7.42562
283	992	4.13214
283	996	0
284	213	1.22454
284	463	4.34629
284	784	1.35218
284	793	6.60271
284	869	2.10823
284	938	4.27632
284	971	2.89551
284	974	2.8679
284	976	0
285	40	1.63221
285	310	1.3051
285	367	2.80608
285	461	1.19616
285	641	3.7642
285	856	4.43631
285	925	4.84236
285	966	4.5199
285	981	0
286	83	4.06571
286	192	3.20912
286	399	6.22512
286	671	1.21174
286	749	1.03814
286	807	2.14732
286	899	3.49492
286	928	4.02617
286	969	0
287	295	3.06094
287	311	3.39354
287	418	3.16673
287	528	3.87488
287	545	1.14078
287	768	2.78362
287	883	3.64284
287	957	4.61141
287	995	0
288	137	1.80438
288	455	1.87854
288	531	2.56007
288	620	2.66271
288	707	4.45472
288	876	4.42621
288	881	4.23748
288	907	4.04352
288	934	0
289	142	0.562818
289	367	1.8274
289	635	1.41951
289	679	3.53137
289	846	3.93055
289	870	4.05541
289	880	5.11314
289	922	5.5205
289	988	0
290	83	3.82787
290	500	3.24359
290	713	3.41906
290	756	1.38393
290	776	2.12945
290	855	2.55854
290	868	3.28231
290	878	4.14632
290	959	0
291	138	0.954339
291	240	3.36444
291	325	2.18691
291	648	2.489
291	693	3.51594
291	729	4.35322
291	888	4.18355
291	894	5.2318
291	933	0
292	128	1.51275
292	502	1.63175
292	662	3.26499
292	843	4.18766
292	882	4.5345
292	930	3.86003
292	957	3.53546
292	974	3.54109
292	979	0
293	119	2.36356
293	301	2.15011
293	368	2.30384
293	538	2.54491
293	665	3.36214
293	688	3.05522
293	760	3.68729
293	793	5.75237
293	989	0
294	213	1.18872
294	338	0.682769
294	626	4.24651
294	764	2.88152
294	784	3.84841
294	825	4.21976
294	851	5.13793
294	869	4.79608
294	920	0
295	17	1.88325
295	20	1.32307
295	287	0.778318
295	370	2.45874
295	392	3.60642
295	596	4.36083
295	881	4.88391
295	901	7.05552
295	957	0
296	224	2.7914
296	324	0.488214
296	442	1.31265
296	632	1.82334
296	679	3.9352
296	846	4.45924
296	880	4.74634
296	903	6.22207
296	926	0
297	153	2.11703
297	322	3.28506
297	670	2.40821
297	727	2.37002
297	846	2.7692
297	870	5.16596
297	872	2.89407
297	880	3.34972
297	917	0
298	382	1.98936
298	443	3.01376
298	648	3.31585
298	693	3.18134
298	781	5.18007
298	888	3.52316
298	910	3.16746
298	917	3.62775
298	924	0
299	99	2.95789
299	325	0.00606685
299	440	0.816324
299	536	3.43195
299	590	4.78224
299	896	4.56765
299	897	4.46588
299	916	4.93607
299	976	0
300	418	3.41981
300	475	3.50889
300	514	2.51523
300	609	2.39772
300	612	3.32649
300	764	3.03482
300	798	3.2073
300	815	4.0595
300	854	0
301	108	2.36356
301	293	0.989835
301	560	2.53112
301	596	3.19122
301	624	3.59735
301	678	4.34737
301	793	4.58824
301	927	5.23675
301	980	0
302	14	2.70446
302	202	2.83917
302	553	5.29378
302	561	0.660367
302	649	2.0754
302	755	2.71674
302	854	3.98055
302	950	4.06728
302	963	0
303	559	3.15385
303	581	1.75572
303	634	3.7184
303	753	2.04861
303	760	2.74052
303	847	3.67365
303	926	4.8642
303	952	4.86168
303	990	0
304	636	1.74012
304	717	2.10869
304	735	1.8866
304	817	3.04242
304	914	3.18096
304	947	3.99989
304	981	4.43111
304	984	5.22124
304	988	0
305	62	0.0402392
305	527	0.728489
305	734	3.13975
305	779	2.61689
305	866	3.98392
305	873	4.29081
305	897	4.77558
305	964	5.33822
305	989	0
306	444	0.961113
306	532	2.05239
306	537	3.70375
306	746	2.91938
306	763	3.41418
306	849	4.22322
306	861	3.86363
306	891	5.58468
306	967	0
307	436	1.5679
307	735	2.52059
307	765	1.812
307	769	3.05592
307	825	3.34297
307	842	3.82535
307	903	3.23902
307	941	6.61698
307	989	0
308	178	1.65717
308	405	2.15444
308	457	2.82581
308	809	5.01328
308	880	2.9224
308	951	3.58624
308	953	3.22544
308	966	3.7669
308	976	0
309	336	2.01342
309	401	2.35504
309	643	5.94064
309	764	1.89897
309	840	2.38258
309	882	3.06705
309	910	2.93218
309	918	3.21924
309	948	0
310	238	1.63221
310	285	1.49094
310	556	1.96749
310	681	1.4666
310	740	3.47492
310	760	4.37217
310	835	5.09997
310	926	5.86417
310	933	0
311	160	3.06094
311	287	0.961332
311	406	0.907039
311	773	3.44546
311	897	2.98362
311	927	4.8989
311	965	4.50617
311	984	5.20274
311	999	0
312	116	2.52438
312	537	0.979752
312	546	1.63469
312	600	1.39436
312	678	3.13575
312	761	3.46798
312	839	5.87127
312	924	6.04881
312	926	0
313	141	1.82323
313	315	2.0472
313	470	0.34803
313	788	2.33547
313	848	4.15501
313	891	3.92548
313	963	5.06684
313	971	5.65397
313	983	0
314	122	0.33736
314	520	0.0676532
314	584	2.32182
314	589	1.8572
314	708	4.30563
314	909	5.09587
314	937	4.73879
314	975	6.14197
314	1000	0
315	313	1.37099
315	780	1.81024
315	860	2.93585
315	863	2.59955
315	881	3.76634
315	933	4.44924
315	953	4.29233
315	976	3.95295
315	987	0
316	177	0.339459
316	257	2.83886
316	727	1.17751
316	769	3.6373
316	770	2.70416
316	845	5.19427
316	856	3.52987
316	927	5.74899
316	999	0
317	45	0.572907
317	57	0.604124
317	555	2.82866
317	704	2.60471
317	768	4.64713
317	864	4.24756
317	883	3.83201
317	901	6.07535
317	995	0
318	19	1.34373
318	249	1.98355
318	692	1.43095
318	736	2.16352
318	746	3.22151
318	808	4.8722
318	892	4.70045
318	965	5.98139
318	997	0
319	127	0.00557207
319	568	2.98052
319	851	1.64175
319	893	3.29109
319	915	3.63752
319	975	4.14962
319	986	4.96798
319	994	4.15956
319	997	0
320	25	2.39406
320	223	1.33494
320	419	1.90498
320	439	3.29581
320	467	3.57639
320	493	4.22964
320	515	4.52745
320	818	4.19496
320	819	0
321	334	3.18302
321	543	3.82964
321	594	0.302215
321	644	4.3187
321	743	2.39497
321	903	2.8181
321	955	3.90234
321	994	4.08257
321	1000	0
322	297	1.0886
322	371	1.64697
322	543	3.08181
322	689	3.20506
322	789	2.25501
322	838	3.84566
322	908	5.56541
322	917	4.19535
322	948	0
323	171	2.75392
323	603	0.950007
323	666	0.149537
323	673	3.50445
323	830	3.85372
323	837	4.41667
323	869	4.20179
323	907	4.48029
323	932	0
324	296	0.770563
324	367	1.93728
324	388	1.81477
324	563	3.73912
324	846	4.26316
324	880	3.21515
324	893	3.70145
324	938	4.76738
324	954	0
325	291	2.95789
325	299	1.10667
325	537	3.39496
325	645	3.78148
325	733	2.57599
325	812	2.05026
325	839	3.31296
325	859	4.45355
325	924	0
326	87	1.05131
326	121	1.84482
326	260	3.07945
326	388	1.88192
326	651	2.67975
326	695	3.72046
326	837	5.86099
326	917	4.77635
326	964	0
327	337	0.791714
327	368	2.19408
327	556	1.98176
327	790	4.50551
327	872	2.70034
327	878	2.99774
327	910	7.01354
327	979	3.88851
327	993	0
328	73	1.18908
328	596	0.976768
328	670	3.77136
328	709	2.64181
328	722	2.22395
328	843	5.898
328	933	5.06837
328	995	4.18855
328	999	0
329	83	1.08397
329	444	1.88333
329	641	2.16174
329	808	4.14262
329	818	3.10609
329	902	3.80404
329	933	4.19705
329	939	6.38971
329	967	0
330	35	2.90047
330	82	1.77307
330	361	3.07259
330	534	0.966029
330	623	3.69882
330	794	3.26887
330	808	4.51726
330	947	4.74781
330	965	0
331	30	1.33944
331	240	2.42521
331	639	1.00831
331	733	2.79538
331	842	3.13976
331	862	4.80779
331	941	4.02823
331	976	5.55342
331	988	0
332	184	1.43047
332	396	0.246344
332	626	2.76302
332	744	3.78929
332	830	3.11376
332	838	4.70151
332	869	4.37869
332	892	4.76513
332	932	0
333	394	0.00127373
333	589	1.75055
333	770	2.60644
333	905	4.78903
333	932	3.1272
333	962	3.8615
333	974	3.9074
333	998	5.86323
333	1000	0
334	108	1.97964
334	126	2.16794
334	321	0.000505893
334	551	3.3386
334	775	3.74845
334	872	4.4736
334	957	3.75551
334	972	6.41952
334	985	0
335	142	0.651093
335	382	3.01276
335	759	2.40407
335	809	3.1099
335	822	3.12965
335	881	3.48426
335	940	4.77087
335	944	4.48124
335	970	0
336	309	0.358666
336	360	1.39628
336	371	2.57023
336	692	2.81321
336	761	3.98094
336	814	2.47063
336	821	4.93789
336	906	5.28714
336	965	0
337	199	0.930229
337	327	2.75882
337	396	1.75944
337	723	4.07165
337	817	3.57772
337	919	3.72312
337	929	5.73592
337	972	4.43598
337	973	0
338	207	1.18872
338	294	0.846947
338	474	3.5651
338	483	3.67537
338	782	3.56478
338	912	4.64607
338	958	4.2635
338	964	4.82614
338	989	0
339	776	0.000323473
339	817	3.04603
339	826	3.22021
339	847	3.89683
339	898	2.88539
339	942	3.59841
339	953	3.23761
339	966	3.77907
339	976	0
340	150	0.632916
340	235	0.457809
340	279	1.98858
340	647	2.94003
340	758	3.14809
340	838	4.94759
340	863	6.56935
340	979	6.32439
340	996	0
341	230	2.67294
341	529	3.15225
341	624	3.37282
341	671	1.68196
341	705	2.31209
341	786	3.9893
341	790	4.30183
341	804	3.80424
341	972	0
342	640	2.50397
342	667	2.44521
342	751	1.79044
342	766	3.79831
342	861	3.62608
342	910	3.49121
342	918	4.75554
342	927	3.77828
342	948	0
343	463	0.784412
343	583	1.22682
343	720	2.32226
343	839	4.59426
343	869	4.25241
343	920	4.65788
343	932	3.85785
343	951	5.30786
343	995	0
344	27	3.51867
344	39	2.76021
344	493	0.04936
344	513	1.18196
344	754	1.79571
344	765	5.34448
344	774	4.45483
344	921	6.01733
344	993	0
345	191	1.85711
345	220	1.77385
345	646	2.70506
345	684	2.62904
345	702	3.42509
345	834	3.6991
345	866	4.7408
345	878	5.04057
345	934	0
346	268	1.89918
346	752	2.87492
346	772	2.34137
346	785	2.58166
346	819	2.62052
346	828	3.23585
346	832	4.4886
346	864	5.78162
346	951	0
347	215	2.39474
347	237	1.64401
347	573	1.60219
347	619	1.99974
347	747	4.36975
347	862	3.28006
347	876	4.17862
347	908	5.99329
347	984	0
348	8	1.79976
348	56	2.07318
348	181	3.47422e-06
348	545	1.76659
348	576	3.75267
348	960	3.60455
348	962	7.02506
348	980	4.38475
348	998	0
349	386	2.91886
349	397	1.56
349	663	3.25979
349	764	3.70818
349	800	2.26269
349	808	3.01964
349	881	3.39907
349	925	6.08702
349	957	0
350	124	0.457267
350	557	1.51161
350	788	3.5621
350	902	4.10287
350	913	3.5178
350	946	3.54615
350	960	3.81694
350	980	4.19672
350	996	0
351	429	1.50991
351	479	1.73391
351	731	2.12721
351	751	3.26943
351	874	3.64887
351	905	4.90393
351	974	4.86198
351	992	4.94983
351	998	0
352	372	3.67167
352	429	3.23491
352	519	0.504367
352	714	3.28189
352	729	3.30789
352	738	2.93435
352	854	4.19817
352	950	4.2849
352	963	0
353	91	0.70526
353	191	2.92603
353	620	2.24053
353	665	3.02867
353	707	3.73123
353	809	3.53068
353	886	4.60344
353	907	4.88632
353	955	0
354	32	0.079304
354	249	1.45707
354	448	2.62158
354	786	3.18971
354	851	4.3145
354	864	4.49299
354	879	3.57086
354	944	6.30648
354	995	0
355	147	2.64407
355	169	0.000257309
355	390	2.78336
355	452	2.41928
355	488	3.48612
355	529	4.5908
355	802	5.20823
355	905	5.8771
355	960	0
356	590	2.6771
356	675	1.44261
356	682	3.10687
356	739	3.48708
356	766	4.23033
356	846	3.2296
356	896	2.91323
356	916	4.04204
356	938	0
357	275	0.597452
357	385	1.24379
357	661	2.22715
357	807	3.47647
357	954	5.21517
357	969	5.46046
357	977	3.48768
357	990	3.8846
357	997	0
358	13	1.72293
358	212	1.15713
358	458	1.9002
358	461	3.12245
358	547	4.66807
358	559	3.18848
358	724	4.53347
358	740	4.132
358	898	0
359	54	0.892794
359	96	0.423635
359	113	2.06695
359	199	3.56753
359	510	3.84247
359	725	3.59632
359	886	4.31606
359	941	4.27156
359	984	0
360	273	0.358666
360	336	2.53257
360	426	4.5135
360	666	3.30104
360	694	1.36239
360	728	2.54851
360	797	4.49994
360	947	4.73049
360	965	0
361	330	0.831845
361	545	2.82553
361	547	0.293041
361	690	1.0906
361	703	3.62977
361	772	5.27222
361	950	5.27434
361	962	6.00865
361	974	0
362	74	0.000190684
362	653	2.68174
362	811	2.70849
362	820	3.25895
362	857	3.74996
362	889	4.35993
362	923	3.99347
362	931	4.85898
362	991	0
363	46	2.27008
363	145	0.000847063
363	752	1.08821
363	832	4.2346
363	881	3.63399
363	951	4.29782
363	953	4.47849
363	976	5.52556
363	986	0
364	130	0.216818
364	140	1.22417
364	509	2.61986
364	513	2.3979
364	689	5.25538
364	896	3.50713
364	900	6.06782
364	938	4.97506
364	958	0
365	171	1.18734
365	249	0.748419
365	457	0.335617
365	501	2.03114
365	587	3.2886
365	761	4.28841
365	871	4.95143
365	872	7.45945
365	979	0
366	113	2.00046
366	445	2.40276
366	475	1.76367
366	482	1.64099
366	592	3.56918
366	844	3.38478
366	894	5.69556
366	968	5.86184
366	988	0
367	285	0.562818
367	289	0.770563
367	324	1.68443
367	421	2.67519
367	652	4.68318
367	870	4.80804
367	880	5.25306
367	892	5.26319
367	903	0
368	115	2.15011
368	293	0.791714
368	327	3.02824
368	419	3.09337
368	548	3.84872
368	566	3.91173
368	759	4.63004
368	838	4.15463
368	865	4.80426
368	894	0
369	106	1.82366
369	217	2.06794
369	471	3.4073
369	585	2.40476
369	709	2.18093
369	715	3.7256
369	901	5.37599
369	943	4.96561
369	975	4.71801
369	987	0
370	295	2.05386
370	485	2.0701
370	676	3.09739
370	879	3.08309
370	883	3.44732
370	918	3.70851
370	943	3.9423
370	957	4.91088
370	995	4.53307
370	999	0
371	222	1.0886
371	322	1.39628
371	336	3.1655
371	648	1.5539
371	695	4.15463
371	870	4.27949
371	880	4.73515
371	917	4.39975
371	924	5.86042
371	980	0
372	352	0.565857
372	433	0.650891
372	522	2.77811
372	591	2.03587
372	714	2.26233
372	866	5.72968
372	950	5.81641
372	963	5.50377
372	995	4.7096
372	997	0
373	178	2.75219
373	414	2.24366
373	425	2.75395
373	520	0.856796
373	557	4.24225
373	747	1.98791
373	758	3.91733
373	946	4.45328
373	981	4.59625
373	996	0
374	50	0.789149
374	66	2.85827
374	91	3.20296
374	474	3.52191
374	658	2.40988
374	693	4.19307
374	696	3.83288
374	856	4.2741
374	888	4.505
374	925	0
375	410	4.50353
375	469	0.180092
375	562	2.28756
375	634	1.91023
375	637	2.28585
375	694	4.71599
375	736	3.56966
375	820	4.55436
375	871	5.2211
375	923	0
376	442	3.20046
376	534	1.68375
376	558	3.15723
376	656	3.65441
376	702	2.67583
376	810	2.91886
376	822	3.41313
376	884	4.81317
376	917	5.1199
376	983	0
377	204	0.00544234
377	503	2.41461
377	763	3.4764
377	888	3.60202
377	898	4.97491
377	927	3.48531
377	945	3.78878
377	949	3.79348
377	954	4.9695
377	992	0
378	253	1.61288
378	584	0.856433
378	598	1.65931
378	792	3.85926
378	898	3.9327
378	902	3.27082
378	935	3.32997
378	938	5.50372
378	978	5.29433
378	994	0
379	167	1.98405
379	189	3.96148
379	457	1.40787
379	583	3.09442
379	640	2.32793
379	772	4.63576
379	816	2.23388
379	828	4.84809
379	919	4.99349
379	929	0
380	425	0.0192145
380	631	1.21304
380	656	3.15957
380	873	4.94008
380	949	4.20568
380	950	4.94478
380	954	3.29056
380	962	4.0371
380	987	6.1208
380	992	0
381	389	5.10373e-05
381	603	1.85964
381	621	2.73042
381	853	2.77084
381	891	3.79546
381	904	4.50348
381	958	4.78188
381	971	4.15511
381	984	4.37514
381	986	0
382	298	0.651093
382	335	1.66946
382	675	2.85432
382	704	2.49198
382	746	3.2059
382	852	5.04825
382	944	5.36979
382	971	5.58832
382	983	4.74738
382	989	0
383	278	2.46399
383	544	0.218496
383	630	3.29598
383	743	4.12565
383	797	1.81849
383	824	3.19511
383	832	3.91239
383	955	4.68524
383	982	5.17686
383	1000	0
384	395	0.926598
384	405	2.57911
384	655	2.83811
384	666	2.7703
384	727	3.09001
384	731	4.19924
384	822	4.32836
384	895	4.53679
384	924	4.4885
384	940	0
385	43	0.511469
385	227	0.597452
385	357	2.5698
385	574	2.50737
385	613	2.74494
385	728	4.6095
385	892	3.98437
385	899	6.95804
385	971	6.10851
385	977	0
386	6	0.786468
386	349	0.144688
386	403	2.04727
386	820	3.81853
386	861	4.07404
386	879	3.75083
386	890	4.75568
386	956	4.91895
386	957	5.88753
386	995	0
387	194	3.23835
387	506	1.48555
387	680	3.28053
387	741	2.60658
387	818	3.37603
387	852	3.4922
387	861	4.13208
387	913	3.78334
387	925	4.85367
387	967	0
388	39	1.57395
388	278	1.93728
388	324	3.07945
388	326	2.00372
388	442	2.15011
388	629	3.33884
388	679	5.45071
388	846	5.57471
388	968	5.36072
388	997	0
389	274	2.6501
389	381	2.1207
389	624	0.106096
389	724	4.01481
389	814	2.07584
389	823	4.48554
389	935	3.86531
389	939	4.74465
389	968	5.01937
389	991	0
390	206	0.000257309
390	355	2.64819
390	466	3.04907
390	705	2.72284
390	716	3.65917
390	742	3.73646
390	875	4.58608
390	960	4.43797
390	962	5.21817
390	998	0
391	204	1.2498
391	573	1.82226
391	621	3.00257
391	774	4.05697
391	847	3.36765
391	873	3.07531
391	876	3.22415
391	935	4.32516
391	939	6.17814
391	990	0
392	145	0.358794
392	177	2.45874
392	295	2.15405
392	481	3.35979
392	599	3.45281
392	814	3.16775
392	847	4.77781
392	879	4.76351
392	883	5.17777
392	963	0
393	430	2.00644
393	617	1.57854
393	689	3.08341
393	751	2.97902
393	766	3.08244
393	846	3.48162
393	870	3.60648
393	880	4.06214
393	917	5.2275
393	982	0
394	333	2.2303
394	582	3.26645
394	710	2.46818
394	727	2.78789
394	731	3.45713
394	744	2.13547
394	796	4.23467
394	924	4.18638
394	940	5.75406
394	956	0
395	141	0.0843401
395	218	1.8676
395	384	0.273416
395	628	3.4045
395	681	4.65281
395	890	4.97302
395	939	4.86187
395	956	5.61857
395	972	5.3988
395	974	0
396	143	2.41997
396	194	1.43047
396	332	2.75882
396	337	0.205485
396	560	3.42608
396	744	3.13711
396	858	5.77858
396	864	5.83104
396	962	6.56535
396	974	0
397	54	1.47543
397	126	1.33155
397	139	2.91886
397	349	2.45264
397	604	2.30242
397	740	3.72471
397	891	4.0097
397	904	4.29837
397	947	7.05135
397	957	0
398	122	2.88004
398	131	0.00456525
398	469	2.06312
398	874	2.92858
398	883	4.3808
398	933	4.6587
398	973	4.26846
398	975	4.78056
398	986	4.7905
398	997	0
399	64	3.20912
399	286	1.55028
399	517	0.505151
399	640	0.762539
399	698	4.33424
399	896	2.89094
399	914	4.01787
399	916	5.14668
399	938	4.6937
399	968	0
400	587	1.39077
400	657	2.63462
400	689	3.33033
400	710	1.55182
400	721	3.42331
400	766	3.41817
400	854	3.96845
400	883	4.68199
400	950	4.76872
400	963	0
401	86	0.907271
401	222	2.01342
401	309	2.59182
401	512	1.38704
401	611	1.93979
401	631	3.1443
401	781	4.40288
401	927	3.66351
401	937	10.8457
401	949	0
402	566	1.75654
402	757	3.4019
402	815	3.25133
402	826	1.46222
402	842	2.0149
402	866	4.22085
402	895	3.29896
402	921	4.17359
402	964	4.86146
402	993	0
403	93	2.1269
403	147	0.144688
403	386	1.3915
403	567	2.93996
403	802	3.27533
403	814	4.58603
403	883	4.28634
403	969	6.41382
403	995	5.50088
403	999	0
404	4	1.58648
404	67	1.97783
404	493	2.07322
404	570	1.94332
404	740	5.25385
404	837	3.33925
404	843	2.81402
404	899	5.53818
404	927	6.12634
404	1000	0
405	4	1.03927
405	118	1.65717
405	308	0.926598
405	384	3.65648
405	730	4.65446
405	731	3.09026
405	748	3.49116
405	769	6.10124
405	924	6.20665
405	990	0
406	92	0.961332
406	311	2.49091
406	428	2.76035
406	486	1.66809
406	517	3.14687
406	652	4.47198
406	911	4.07341
406	927	5.75307
406	961	6.29254
406	999	0
407	459	1.36091
407	576	2.62085
407	689	3.39305
407	702	2.93297
407	722	3.10836
407	771	3.34698
407	960	3.19887
407	962	3.93317
407	974	3.97907
407	998	0
408	92	2.04957
408	103	2.34158
408	590	1.90488
408	682	1.86603
408	688	4.78244
408	867	3.69188
408	896	3.37551
408	916	4.50432
408	938	5.53701
408	986	0
409	74	1.13552
409	129	3.21807
409	514	2.07758
409	523	1.50822
409	747	1.11264
409	754	4.71064
409	851	4.67459
409	935	5.82277
409	989	5.948
409	993	0
410	375	2.55146
410	427	3.09866
410	455	2.323
410	627	1.60194
410	654	2.89149
410	771	3.43627
410	803	3.64375
410	844	4.54118
410	938	5.14627
410	984	0
411	48	2.83197
411	116	2.40517
411	422	1.17011
411	426	2.84261
411	445	2.20291
411	645	2.80339
411	650	2.19763
411	679	6.88081
411	931	5.76625
411	953	0
412	22	1.28995
412	447	1.05891
412	700	0.46753
412	712	3.1871
412	878	3.0702
412	904	5.41737
412	941	4.26179
412	973	5.37288
412	984	4.8257
412	992	0
413	117	2.37857
413	147	1.65609
413	149	2.57507
413	509	3.44591
413	718	3.3018
413	761	3.17142
413	794	5.18529
413	864	3.59983
413	868	5.52443
413	925	0
414	373	1.61503
414	436	2.17502
414	500	2.96708e-05
414	597	0.00419435
414	719	3.48188
414	874	4.14452
414	907	5.18185
414	982	6.19933
414	986	6.20927
414	997	0
415	106	2.23195
415	254	2.02741
415	574	3.58727
415	801	5.47295
415	880	2.76091
415	942	2.81009
415	951	3.47392
415	953	3.11312
415	966	3.65459
415	976	0
416	97	3.30846
416	230	1.60849
416	435	2.52978
416	441	2.56959
416	709	2.89949
416	789	3.3371
416	830	4.40854
416	855	4.06466
416	919	6.42542
416	959	0
417	174	2.19598
417	451	3.52588
417	478	2.25613
417	674	1.82779
417	823	2.83439
417	865	3.38029
417	943	3.50613
417	956	5.76399
417	970	4.26283
417	972	0
418	146	3.39354
418	287	1.53351
418	300	2.58808
418	692	2.76805
418	746	3.65985
418	841	3.51804
418	893	3.9073
418	900	3.7981
418	917	5.0145
418	952	0
419	60	1.33494
419	320	3.02824
419	368	0.0241498
419	487	2.90629
419	917	2.90119
419	941	5.221
419	946	4.167
419	986	5.89991
419	996	4.50094
419	999	0
420	745	2.81291
420	747	1.93801
420	757	2.39356
420	764	3.77047
420	782	2.10189
420	798	2.45558
420	811	4.38557
420	873	4.724
420	947	4.65387
420	970	0
421	367	1.79109
421	600	1.59003
421	602	2.23309
421	670	0.540476
421	739	4.1457
421	942	5.12239
421	954	4.49791
421	966	4.98321
421	973	5.03938
421	976	0
422	411	2.63113
422	510	3.28929
422	556	1.90095
422	672	1.93617
422	696	2.10362
422	779	3.47077
422	803	2.97028
422	866	4.98378
422	948	5.93075
422	981	0
423	79	2.12644
423	96	1.75733
423	181	1.12433
423	195	1.24607
423	427	1.69565
423	664	4.67296
423	827	5.10717
423	895	5.66261
423	930	6.63769
423	973	0
424	54	0.923784
424	512	2.2304
424	567	1.94995
424	673	2.12629
424	731	4.11423
424	814	2.49318
424	817	3.51629
424	849	5.72807
424	994	7.25272
424	995	0
425	373	0.013302
425	380	0.0212528
425	611	2.52462
425	711	3.82333
425	789	3.75024
425	851	3.58539
425	895	4.73954
425	945	5.0477
425	954	6.22372
425	992	0
426	14	2.53257
426	360	1.17011
426	411	2.60152
426	459	0.922615
426	658	4.72362
426	931	4.71295
426	957	5.04613
426	978	4.69568
426	981	4.83865
426	996	0
427	173	2.55146
427	410	1.24607
427	423	3.47097
427	507	2.43844
427	707	2.60101
427	723	2.12232
427	802	4.56469
427	929	5.83436
427	943	5.27756
427	973	0
428	406	3.37613
428	671	2.3732
428	741	3.79833
428	783	2.1947
428	791	2.43047
428	805	2.85208
428	810	3.0951
428	822	3.71465
428	838	5.29614
428	983	0
429	182	0.000116234
429	351	3.67167
429	352	2.90858
429	635	3.39291
429	656	4.48643
429	845	3.14786
429	905	3.81673
429	960	4.40292
429	974	4.44881
429	998	0
430	223	1.88948
430	244	2.76631
430	265	2.51669
430	393	1.44357
430	570	2.8625
430	642	3.98348
430	833	5.30709
430	911	4.90853
430	927	5.77625
430	937	0
431	197	2.01206
431	211	0.435473
431	231	1.64672
431	641	2.78498
431	680	3.65772
431	775	4.79163
431	861	4.20438
431	891	4.41003
431	928	6.1531
431	967	0
432	490	2.19112
432	519	3.34406
432	737	3.64406
432	804	4.35255
432	850	2.50345
432	892	2.29008
432	920	3.9893
432	926	3.17886
432	948	3.8533
432	980	0
433	65	2.08069
433	267	0.565857
433	372	1.91644
433	491	2.73212
433	587	3.25433
433	593	3.54939
433	875	6.55692
433	907	3.85898
433	945	5.75577
433	966	0
434	508	1.75149
434	679	3.68954
434	844	1.60972
434	874	4.44481
434	890	1.81928
434	893	4.09685
434	898	3.81506
434	975	4.32716
434	986	4.3371
434	997	0
435	200	0.716499
435	277	1.60849
435	416	4.94849
435	778	2.06415
435	789	2.81538
435	833	3.41035
435	834	4.00229
435	868	4.72606
435	878	4.85736
435	901	0
436	307	1.61503
436	414	4.48041
436	477	2.11242
436	641	1.92943
436	747	2.89039
436	752	2.96997
436	842	3.52265
436	866	4.7115
436	940	6.36921
436	993	0
437	195	0.23102
437	232	1.62153
437	778	2.95235
437	856	4.43597
437	919	4.58137
437	929	4.11537
437	951	5.16998
437	961	4.13993
437	981	4.37429
437	990	0
438	5	1.32728
438	37	2.26228
438	180	2.25003
438	518	2.83465
438	547	2.97308
438	594	3.51371
438	663	3.91455
438	707	5.48932
438	907	4.34751
438	911	0
439	155	1.90498
439	320	2.2404
439	694	1.67523
439	696	2.57445
439	758	3.52421
439	820	4.84365
439	887	5.17565
439	923	4.74878
439	927	4.90972
439	965	0
440	132	0.905173
440	160	0.00606685
440	299	0.853346
440	536	3.5518
440	773	4.81927
440	896	4.5029
440	916	3.86888
440	937	5.6317
440	938	5.01609
440	997	0
441	192	2.52978
441	416	0.00417355
441	465	2.3042
441	530	1.89845
441	721	3.76479
441	854	4.51989
441	904	5.0722
441	915	5.02861
441	950	5.11534
441	963	0
442	296	0.986203
442	376	2.00372
442	388	3.3433
442	614	2.04166
442	667	4.20474
442	870	4.32961
442	880	4.78526
442	917	4.67204
442	978	4.7727
442	989	0
443	64	1.98936
443	298	2.94263
443	453	1.36751
443	593	2.44509
443	599	2.40648
443	718	3.81288
443	856	4.14586
443	864	3.45677
443	885	4.31347
443	990	0
444	306	1.08397
444	329	1.03376
444	460	1.67786
444	630	3.70822
444	749	2.7184
444	780	3.86224
444	849	4.5551
444	852	6.03274
444	967	6.67112
444	968	0
445	186	2.00046
445	366	2.84261
445	411	3.85373
445	677	3.14062
445	692	3.97093
445	726	3.3279
445	840	3.45984
445	867	4.15833
445	930	4.64817
445	948	0
446	126	3.14724
446	492	0.858593
446	549	2.91401
446	693	3.79456
446	782	1.94336
446	807	4.43427
446	861	3.67766
446	892	4.40013
446	928	4.93138
446	969	0
447	96	1.28995
447	412	1.73722
447	507	2.0217
447	622	2.12384
447	647	4.11951
447	835	2.57171
447	854	5.90221
447	941	4.29643
447	976	5.08244
447	989	0
448	202	1.6941
448	221	1.45707
448	354	2.19566
448	531	2.60007
448	553	3.15798
448	635	3.70022
448	657	4.39503
448	875	5.07615
448	925	5.80164
448	946	0
449	79	2.64391
449	471	2.73584
449	521	2.01714
449	553	3.5092
449	626	2.09601
449	648	3.17746
449	701	4.15409
449	864	3.8121
449	875	4.26232
449	888	6.17538
449	974	0
450	180	1.2538
450	494	3.11346
450	585	2.3084
450	602	4.75443
450	622	2.44174
450	697	2.00431
450	738	3.31425
450	834	3.90619
450	868	5.63015
450	957	5.49398
450	959	0
451	417	0.0807171
451	512	1.09766
451	521	2.65219
451	527	2.93901
451	768	4.81708
451	773	3.80041
451	815	3.13274
451	825	4.77989
451	840	4.58186
451	883	6.40965
451	995	0
452	236	0.899356
452	251	2.78336
452	355	2.01889
452	659	1.82663
452	778	4.64107
452	919	4.42322
452	925	4.30438
452	931	4.3984
452	940	5.37508
452	961	5.49934
452	973	0
453	46	2.94263
453	443	0.39269
453	459	3.4761
453	493	4.56669
453	522	0.682501
453	655	2.64807
453	680	5.27172
453	683	3.84569
453	849	4.65473
453	861	6.01619
453	967	0
454	8	2.17397
454	25	1.04895
454	546	4.39356
454	705	3.92825
454	767	2.49342
454	843	3.06444
454	867	3.4161
454	882	3.9657
454	918	5.91147
454	923	4.25277
454	948	0
455	29	2.34516
455	221	1.80438
455	288	3.09866
455	410	1.62736
455	545	1.18865
455	597	3.57904
455	700	4.19393
455	876	7.21777
455	886	4.65596
455	924	4.76895
455	959	0
456	229	2.68904
456	248	1.7196
456	252	2.54786
456	516	2.10301
456	604	3.88388
456	614	4.19966
456	768	3.7185
456	902	3.65289
456	914	6.70172
456	957	4.16135
456	972	0
457	308	0.748419
457	365	3.96148
457	379	3.74789
457	626	0.936396
457	663	3.85639
457	737	4.52239
457	762	1.62245
457	763	4.1413
457	863	5.03425
457	890	5.76306
457	979	0
458	358	1.44021
458	461	1.76878
458	602	1.73226
458	635	1.03407
458	677	3.17531
458	883	3.82405
458	899	5.66674
458	968	5.7029
458	969	5.94819
458	977	5.03315
458	986	0
459	107	2.16671
459	149	3.75847
459	407	2.60152
459	426	0.39269
459	453	7.53287e-05
459	478	3.54448
459	849	4.23734
459	852	4.35351
459	861	5.71498
459	967	7.97536
459	980	0
460	25	2.33928
460	197	1.03376
460	444	1.88887
460	667	1.94591
460	702	4.53632
460	880	3.738
460	906	5.78234
460	928	3.74325
460	949	3.24587
460	960	6.31359
460	969	0
461	40	2.05303
461	243	2.80608
461	285	1.9002
461	358	1.44021
461	458	3.59874
461	478	3.80029
461	553	3.8627
461	753	3.87861
461	835	3.56124
461	836	5.24814
461	885	0
462	176	0.54935
462	516	3.94018
462	622	2.00791
462	663	2.7158
462	799	3.38698
462	822	3.8857
462	853	4.0953
462	897	4.2679
462	943	5.65877
462	958	5.93717
462	971	0
463	185	1.22454
463	284	0.000244535
463	343	2.52536
463	582	4.24318
463	779	2.77529
463	784	3.6957
463	798	4.11949
463	830	5.03171
463	869	5.09533
463	932	5.83743
463	984	0
464	57	2.23687
464	183	0.000628145
464	498	3.20722
464	837	3.66523
464	840	4.29565
464	871	4.63039
464	887	4.35242
464	889	4.96239
464	923	4.05071
464	944	4.74712
464	986	0
465	26	2.50245
465	211	0.00417355
465	441	3.33545
465	499	2.54556
465	657	3.04258
465	682	3.17125
465	684	3.93162
465	755	4.08198
465	886	5.83677
465	950	5.9235
465	963	0
466	104	2.64819
466	390	1.77327
466	489	1.30582
466	751	1.47941
466	788	3.48561
466	946	6.29604
466	966	5.90341
466	977	3.78474
466	980	4.02156
466	981	4.16452
466	996	0
467	64	0.856373
467	93	3.29581
467	320	3.51432
467	481	3.65316
467	618	2.24987
467	658	3.95215
467	837	4.79733
467	844	4.63505
467	911	4.10872
467	913	5.41735
467	921	0
468	9	2.50935
468	53	2.06703
468	95	1.85152
468	103	1.45158
468	477	2.64129
468	686	3.3449
468	704	5.13322
468	828	5.55478
468	856	4.37213
468	884	4.57994
468	891	0
469	251	4.50353
469	375	0.00456525
469	398	3.68983
469	721	3.95424
469	727	4.47021
469	805	2.09754
469	874	2.3071
469	893	4.30288
469	975	4.81498
469	986	4.82492
469	997	0
470	103	1.49326
470	248	2.37496
470	260	2.0472
470	313	1.25333
470	528	3.32077
470	664	4.19733
470	810	4.44036
470	822	4.01866
470	839	5.14244
470	891	5.7779
470	939	0
471	243	2.06794
471	369	2.64391
471	449	2.48379
471	526	2.91903
471	574	2.23346
471	613	3.67067
471	704	3.30323
471	791	4.4535
471	871	5.8646
471	944	5.44278
471	973	0
472	152	3.13042
472	547	0.845491
472	711	4.05334
472	736	3.32821
472	742	2.1308
472	785	2.89519
472	851	3.56012
472	898	3.60527
472	909	5.11475
472	930	5.20458
472	978	0
473	119	2.68977
473	524	2.33054
473	529	2.58256
473	538	3.69254
473	578	3.59573
473	608	3.64086
473	688	3.65944
473	737	3.46953
473	748	3.96601
473	793	4.79532
473	884	0
474	33	1.98679
474	194	0.846947
474	338	3.20296
474	374	2.41875
474	573	3.76572
474	765	3.16438
474	786	4.31277
474	789	4.34231
474	848	7.29947
474	964	4.65653
474	972	0
475	36	1.57915
475	90	1.31357
475	281	3.41981
475	300	2.40276
475	366	2.98562
475	741	2.80713
475	791	3.4645
475	810	5.65969
475	852	5.18019
475	887	5.3685
475	944	0
476	480	0.830697
476	550	1.12317
476	559	3.92981
476	623	2.99689
476	760	3.0104
476	820	3.68881
476	847	3.94058
476	885	5.09976
476	906	4.62194
476	926	5.80997
476	990	0
477	52	1.66129
477	125	3.32355
477	202	4.28094
477	217	4.48041
477	436	1.45158
477	468	4.49522
477	679	2.18324
477	686	3.17678
477	810	4.12189
477	891	5.08078
477	944	0
478	417	7.53287e-05
478	459	3.59874
478	461	2.23369
478	507	3.55751
478	544	3.2697
478	712	4.29158
478	811	3.02755
478	818	3.797
478	852	3.91318
478	861	5.27464
478	967	0
479	87	1.50991
479	351	0.982786
479	555	1.73233
479	681	3.32545
479	684	1.73244
479	706	2.87728
479	774	3.91982
479	877	4.86481
479	926	6.18609
479	974	6.05284
479	990	0
480	476	2.92813
480	518	2.36796
480	534	3.47345
480	687	2.64266
480	696	3.61116
480	732	2.54013
480	734	4.22945
480	809	3.77249
480	849	5.52784
480	906	3.95485
480	960	0
481	86	3.15543
481	170	2.15405
481	392	3.51432
481	467	0.967635
481	644	2.45951
481	678	4.12691
481	862	3.70188
481	937	4.25637
481	982	4.56776
481	994	4.74799
481	1000	0
482	180	1.76367
482	366	1.54806
482	517	2.59815
482	540	3.29196
482	671	1.53283
482	680	3.9024
482	688	4.22755
482	793	4.22097
482	804	4.86844
482	878	6.46141
482	978	0
483	110	1.74992
483	234	1.65423
483	251	0.911188
483	282	3.5651
483	338	3.77546
483	540	1.97965
483	637	4.75705
483	656	1.31217
483	664	6.12996
483	961	6.25422
483	973	0
484	17	1.1934
484	153	1.49446
484	649	1.34723
484	848	3.06245
484	863	3.60567
484	912	3.42976
484	921	5.3473
484	968	4.86703
484	989	4.99226
484	993	5.04766
484	999	0
485	370	0.620695
485	566	1.12228
485	601	1.86935
485	666	3.97462
485	906	4.44964
485	931	4.67801
485	950	4.18489
485	980	4.42171
485	981	4.54213
485	983	4.56467
485	996	0
486	5	2.76035
486	406	2.02817
486	558	2.37658
486	576	2.80122
486	727	2.4685
486	796	3.9191
486	854	3.42711
486	859	4.56771
486	924	4.51941
486	940	7.15238
486	995	0
487	419	2.56631
487	736	2.56517
487	825	2.85772
487	874	3.33461
487	903	2.91776
487	916	4.67358
487	931	4.00148
487	939	4.1097
487	946	4.64565
487	981	4.78861
487	996	0
488	38	1.19484
488	154	2.58515
488	176	2.22053
488	185	2.41928
488	355	3.77135
488	514	3.02998
488	570	2.29037
488	668	4.72712
488	841	7.60872
488	962	6.24889
488	987	0
489	466	2.17652
489	531	3.98882
489	729	2.30071
489	730	2.41439
489	747	2.4086
489	763	3.18531
489	839	4.71787
489	864	3.6662
489	881	5.05701
489	925	4.79229
489	991	0
490	192	2.17839
490	228	2.28089
490	432	1.74066
490	627	3.36577
490	671	3.55133
490	678	5.00328
490	850	3.32803
490	853	4.24951
490	922	4.06996
490	976	4.85597
490	989	0
491	433	2.16979
491	495	1.96827
491	547	3.76446
491	664	2.26004
491	665	3.04817
491	707	3.53003
491	771	4.36334
491	783	4.41107
491	845	4.62294
491	907	4.42899
491	934	0
492	77	2.00585
492	90	3.14724
492	446	0.348734
492	575	2.54181
492	827	4.60044
492	850	3.01558
492	914	3.97557
492	939	3.73859
492	943	7.19402
492	957	4.62113
492	972	0
493	208	3.57639
493	320	2.76021
493	344	1.97783
493	404	3.4761
493	453	1.86065
493	499	3.59202
493	833	3.48285
493	859	2.60719
493	886	4.0564
493	901	6.73619
493	999	0
494	450	1.76315
494	612	2.3248
494	616	2.31982
494	628	2.92539
494	669	3.26707
494	684	3.40443
494	776	4.14995
494	855	3.46247
494	858	5.44883
494	957	6.16682
494	959	0
495	90	0.765984
495	172	2.16979
495	491	1.78592
495	565	2.27817
495	740	4.35425
495	756	4.05793
495	781	3.26699
495	847	5.47761
495	924	5.42932
495	940	4.68262
495	949	0
496	187	1.75319
496	511	2.80375
496	751	3.18881
496	753	1.67312
496	773	3.46537
496	837	2.92399
496	845	4.21154
496	897	4.66452
496	961	4.8823
496	984	5.96883
496	999	0
497	27	1.31122
497	638	0.00317291
497	710	4.16759
497	893	2.49283
497	909	2.77252
497	938	2.89064
497	940	3.83845
497	954	4.94061
497	971	6.16337
497	975	6.68541
497	997	0
498	464	3.15762
498	615	2.57544
498	674	4.15181
498	783	2.64886
498	820	3.21281
498	833	3.63356
498	871	3.9683
498	887	3.69033
498	889	4.3003
498	923	5.14206
498	969	0
499	35	3.33545
499	465	1.86065
499	493	2.56691
499	531	1.89764
499	579	2.01823
499	603	2.69577
499	633	3.34286
499	823	5.29309
499	877	5.23636
499	914	7.30817
499	971	0
500	72	1.91621
500	181	3.82787
500	290	2.17502
500	414	2.90643
500	777	2.90119
500	785	2.13055
500	792	2.8591
500	831	5.52837
500	903	4.37565
500	909	5.97496
500	978	0
501	28	1.04432
501	229	0.335617
501	365	2.86142
501	639	2.43239
501	775	3.27247
501	888	4.62145
501	890	4.19644
501	913	5.35026
501	979	5.5133
501	985	5.66913
501	994	0
502	215	1.51275
502	292	1.3475
502	542	2.36235
502	744	2.74367
502	771	3.53952
502	843	4.71485
502	864	5.14667
502	910	3.55401
502	935	5.29886
502	948	5.10381
502	992	0
503	267	0.00544234
503	377	2.29718
503	543	0.0211567
503	581	0.00391189
503	670	4.20136
503	824	4.99262
503	895	4.23995
503	919	5.55228
503	945	5.85575
503	949	7.03647
503	992	0
504	142	1.43957
504	146	2.10621
504	170	1.6445
504	595	4.23435
504	604	2.9624
504	675	3.44366
504	686	3.95832
504	741	5.3823
504	891	5.25588
504	939	5.00693
504	979	0
505	94	1.43707
505	606	2.51791
505	677	3.93505
505	884	2.40786
505	906	3.1161
505	922	3.8167
505	933	3.30194
505	936	4.95923
505	939	4.00331
505	987	5.39142
505	997	0
506	71	4.29645
506	204	3.79968
506	228	3.23835
506	387	3.17827
506	541	2.40421
506	709	1.82361
506	809	1.63673
506	816	3.83024
506	922	4.53084
506	933	4.01608
506	936	0
507	76	2.49443
507	205	1.99338
507	219	2.0072
507	272	3.47097
507	427	1.73722
507	447	2.23369
507	478	2.96384
507	655	5.14362
507	822	5.39564
507	960	8.29753
507	967	0
508	232	1.35741
508	239	1.83017
508	434	3.44727
508	548	2.10454
508	607	2.22697
508	696	3.58197
508	803	4.20145
508	837	5.35421
508	881	3.82454
508	911	6.7076
508	987	0
509	105	0.00012838
509	130	2.34462
509	148	2.77396
509	218	1.22417
509	364	2.57507
509	413	4.29733
509	682	3.63385
509	806	5.76796
509	916	6.89676
509	938	6.91618
509	978	0
510	246	3.56753
510	359	2.63113
510	422	0.80888
510	629	3.81302
510	715	5.58799
510	741	2.18484
510	797	2.96912
510	900	4.13627
510	947	4.07633
510	952	4.06613
510	970	0
511	22	2.53257
511	103	0.679864
511	157	1.3429
511	226	1.75319
511	496	3.85802
511	794	4.04751
511	797	4.19689
511	845	5.90387
511	886	4.36844
511	905	6.57911
511	984	0
512	13	2.91409
512	210	3.01517
512	216	2.59182
512	401	0.923784
512	424	0.0807171
512	451	2.55082
512	825	3.99994
512	883	4.85915
512	957	7.56985
512	986	5.82773
512	995	0
513	195	0.04936
513	344	2.61986
513	364	4.58894
513	793	4.48317
513	829	1.16245
513	848	3.42088
513	912	5.67184
513	937	4.11961
513	964	4.68224
513	989	4.80747
513	993	0
514	31	2.23343
514	104	0.750825
514	274	3.50889
514	300	3.21807
514	409	3.77135
514	488	2.05696
514	714	3.60973
514	715	3.84561
514	755	5.75076
514	950	5.83749
514	963	0
515	124	4.22964
515	320	2.33222
515	578	1.2655
515	617	2.81796
515	769	4.88599
515	837	3.31533
515	889	5.04256
515	913	3.32335
515	921	3.18709
515	936	3.98776
515	964	0
516	456	0.54935
516	462	2.17242
516	588	1.07666
516	610	3.91317
516	781	3.68681
516	800	3.89573
516	814	3.39511
516	857	3.95759
516	878	4.25703
516	920	7.03422
516	995	0
517	136	1.43018
517	145	1.55028
517	399	1.66809
517	406	1.54806
517	482	2.11371
517	666	3.51221
517	909	7.0152
517	916	8.14401
517	938	4.81863
517	963	4.57918
517	974	0
518	80	2.58774
518	127	2.30229
518	245	2.25003
518	438	2.92813
518	480	2.72154
518	593	3.59463
518	612	4.14297
518	659	3.33995
518	669	4.11369
518	716	6.02414
518	907	6.05375
518	914	0
519	33	3.23491
519	352	2.19112
519	432	3.05544
519	624	3.27601
519	671	3.46157
519	678	3.88645
519	688	2.74176
519	697	3.15015
519	830	4.91352
519	850	5.18319
519	892	5.43498
519	961	0
520	186	0.33736
520	314	2.75395
520	373	1.80057
520	720	3.11634
520	824	3.57445
520	870	3.84523
520	873	3.85134
520	888	3.25567
520	900	5.21023
520	955	5.99835
520	980	6.4747
520	1000	0
521	36	3.60669
521	275	2.73584
521	449	1.09766
521	451	1.27738
521	604	3.8651
521	623	3.37403
521	768	3.15977
521	786	5.03118
521	879	4.54882
521	935	4.80099
521	955	6.84467
521	995	0
522	372	4.56669
522	453	1.52148
522	572	1.45337
522	585	2.47428
522	649	3.01097
522	668	3.85349
522	815	3.01181
522	832	4.53065
522	854	4.81854
522	916	5.79447
522	950	5.8812
522	963	0
523	269	2.07758
523	409	1.88477
523	557	0.0759804
523	589	3.78769
523	783	1.76477
523	841	4.12562
523	905	5.25293
523	933	5.71592
523	957	4.79449
523	960	4.64637
523	962	5.38068
523	974	0
524	73	2.68977
524	473	3.01725
524	527	3.96535
524	681	3.80737
524	702	1.21805
524	763	0.326884
524	790	4.25433
524	797	3.7369
524	863	4.62985
524	890	5.35866
524	979	5.5217
524	985	0
525	214	2.21275
525	646	2.31396
525	656	1.09967
525	701	2.59556
525	756	2.50918
525	799	3.95071
525	836	3.67908
525	853	4.04556
525	869	5.45215
525	958	6.27645
525	966	5.73055
525	971	0
526	141	2.48379
526	471	2.05884
526	669	2.40843
526	675	2.14135
526	755	4.12625
526	822	4.62053
526	884	4.82833
526	891	3.61337
526	925	3.76758
526	946	4.38702
526	953	4.81703
526	988	0
527	228	0.0402392
527	305	2.65219
527	451	3.01725
527	524	2.59578
527	609	2.45123
527	699	2.00118
527	765	4.66029
527	921	5.1941
527	942	5.53492
527	964	5.27897
527	969	6.09756
527	989	0
528	275	3.16673
528	287	1.25333
528	470	1.27686
528	548	1.19965
528	595	2.87781
528	742	4.07742
528	867	4.53652
528	915	3.56618
528	941	5.29727
528	946	5.94562
528	971	5.5964
528	980	0
529	341	3.48612
529	355	2.33054
529	473	0.825683
529	590	2.66195
529	617	3.28561
529	678	3.72907
529	737	3.08125
529	770	4.02906
529	804	4.73755
529	850	4.52252
529	855	6.20844
529	880	0
530	441	2.97542
530	657	3.4147
530	702	3.03199
530	743	4.31918
530	855	2.02116
530	873	2.96303
530	903	4.73785
530	916	3.60453
530	937	3.38616
530	955	4.15902
530	982	4.65063
530	1000	0
531	288	2.19566
531	448	2.17652
531	489	2.56691
531	499	3.8501
531	650	3.06448
531	669	3.87882
531	767	2.91704
531	784	4.68698
531	864	3.99788
531	885	4.96775
531	913	5.39266
531	953	0
532	61	0.709516
532	153	0.961113
532	306	2.29167
532	579	3.34122
532	751	3.59697
532	803	3.70598
532	874	3.32157
532	893	4.76025
532	915	4.87409
532	927	6.08488
532	931	6.0761
532	995	0
533	567	1.65311
533	574	1.35759
533	756	2.88565
533	768	2.67139
533	786	3.00887
533	800	4.5285
533	883	3.52908
533	928	5.00996
533	932	4.23132
533	944	5.00372
533	950	6.35629
533	995	0
534	330	3.20046
534	376	2.36796
534	480	2.87375
534	551	3.637
534	657	3.74648
534	683	2.05139
534	781	4.24855
534	794	2.30595
534	809	3.84639
534	881	5.01317
534	933	5.19979
534	987	0
535	585	2.16305
535	600	2.54952
535	626	2.98694
535	710	2.09289
535	721	3.3179
535	755	3.43498
535	808	3.95924
535	854	4.72831
535	867	4.9201
535	913	5.22306
535	950	5.30979
535	963	0
536	72	1.37643
536	185	0.816324
536	299	0.853346
536	440	2.5737
536	754	3.48375
536	816	3.67425
536	845	4.34093
536	889	6.14961
536	896	5.83324
536	916	6.96205
536	938	5.33251
536	991	0
537	227	2.05239
537	306	2.52438
537	312	1.10667
537	325	3.73239
537	661	3.6643
537	718	4.59805
537	727	3.35356
537	748	5.24119
537	756	4.21837
537	810	3.96125
537	839	5.93937
537	993	0
538	111	0.668293
538	131	2.30384
538	293	2.58256
538	473	2.65825
538	540	3.96251
538	688	4.28766
538	793	2.50393
538	817	4.98958
538	850	5.00161
538	965	4.73634
538	987	5.98536
538	1000	0
539	11	2.60959
539	97	0.707286
539	116	0.527154
539	237	1.29574
539	609	4.03902
539	760	3.55212
539	769	4.32281
539	775	3.52231
539	830	6.35571
539	966	7.24068
539	979	7.40372
539	985	0
540	201	2.59815
540	482	3.77546
540	483	2.65825
540	538	3.71655
540	688	3.73513
540	737	4.0417
540	793	4.03513
540	804	3.12878
540	819	3.65214
540	868	5.64186
540	880	4.44055
540	931	0
541	54	3.17827
541	506	1.76974
541	615	1.36879
541	640	2.61825
541	809	3.01277
541	840	4.18085
541	910	4.04598
541	918	3.84321
541	930	4.33304
541	948	4.64626
541	954	5.84855
541	995	0
542	502	3.0166
542	564	2.40769
542	642	2.48475
542	692	3.26605
542	705	2.64066
542	764	2.38515
542	821	3.17132
542	876	5.55843
542	943	5.1876
542	955	5.20165
542	965	4.90097
542	970	0
543	321	1.64697
543	322	2.29718
543	503	2.51869
543	618	2.70501
543	652	2.11227
543	695	3.12879
543	800	4.31382
543	846	4.713
543	870	5.29352
543	917	4.16622
543	923	5.48868
543	957	0
544	36	1.89665
544	103	2.46399
544	383	3.55751
544	478	2.68787
544	558	2.32064
544	719	2.9336
544	726	2.65435
544	765	3.97134
544	870	4.62506
544	891	5.81099
544	950	6.12402
544	983	0
545	287	3.47422e-06
545	348	0.831845
545	361	1.62736
545	455	2.29218
545	703	1.52105
545	721	3.32517
545	836	3.78199
545	858	5.17627
545	908	6.62404
545	960	5.25827
545	977	7.25613
545	998	0
546	95	0.979752
546	312	1.04895
546	454	3.717
546	783	4.28636
546	840	3.47861
546	848	4.4183
546	867	5.45443
546	910	4.19339
546	920	3.81167
546	936	4.06572
546	947	4.25724
546	962	0
547	16	1.35227
547	190	2.72312
547	223	3.12245
547	358	2.82553
547	361	2.83465
547	438	3.13042
547	472	1.96827
547	491	3.37362
547	646	4.72759
547	659	6.4148
547	934	7.63206
547	968	0
548	110	2.31452
548	253	3.09337
548	368	3.44727
548	508	1.27686
548	528	2.05681
548	579	3.76539
548	583	3.69953
548	617	3.76038
548	733	3.10636
548	751	5.28614
548	946	5.96505
548	996	0
549	196	2.43384
549	197	0.858593
549	446	2.35469
549	586	3.13494
549	601	3.16202
549	746	3.42013
549	807	3.10742
549	868	3.92926
549	872	4.52931
549	899	4.91786
549	956	6.40815
549	969	0
550	50	0.830697
550	476	2.43674
550	684	2.38083
550	725	2.5741
550	776	3.74871
550	868	4.47248
550	878	3.43594
550	884	5.3365
550	959	4.19084
550	977	4.26102
550	981	5.68647
550	995	0
551	233	0.000428178
551	237	0.000505893
551	334	2.87375
551	534	4.71304
551	604	1.63585
551	654	4.66529
551	840	4.12369
551	863	5.01664
551	890	5.61946
551	973	5.74545
551	979	5.90849
551	985	0
552	571	2.31271
552	613	2.67312
552	732	3.9464
552	758	3.45958
552	778	2.58464
552	779	3.39208
552	838	2.36448
552	839	2.60868
552	842	5.24994
552	971	6.17495
552	980	4.42845
552	988	0
553	225	2.83917
553	302	2.60007
553	448	2.01714
553	449	3.80029
553	461	3.16249
553	732	3.17678
553	825	2.58793
553	847	5.19962
553	888	5.26084
553	908	4.61309
553	939	4.40566
553	984	0
554	62	1.7256
554	751	2.33208
554	804	2.92353
554	824	2.76642
554	862	4.27774
554	903	3.76538
554	907	4.46926
554	931	4.72095
554	951	4.20451
554	980	4.44133
554	981	4.58429
554	996	0
555	85	0.703993
555	258	0.604124
555	317	0.982786
555	479	3.2025
555	662	2.44972
555	754	5.09274
555	847	4.33662
555	884	6.02588
555	926	5.0786
555	976	5.11184
555	979	7.21391
555	990	0
556	162	3.45412
556	224	2.55733
556	274	1.49094
556	310	2.19408
556	327	3.28929
556	422	2.8001
556	559	3.1664
556	681	4.87731
556	739	4.67383
556	760	4.41218
556	767	7.48691
556	990	0
557	350	0.856796
557	373	1.88477
557	523	2.74357
557	571	2.71585
557	722	2.146
557	729	4.31659
557	758	4.02894
557	772	5.48526
557	915	4.69439
557	975	5.31352
557	977	6.92492
557	996	0
558	376	2.02817
558	486	2.68787
558	544	2.14721
558	570	2.60485
558	636	3.37441
558	686	3.6216
558	726	2.67552
558	739	4.0827
558	827	4.42198
558	853	5.43097
558	963	6.81202
558	983	0
559	303	4.66807
559	358	1.12317
559	476	2.8001
559	556	2.93199
559	564	3.48635
559	581	3.69124
559	690	2.73552
559	750	3.58088
559	755	4.42159
559	774	4.34668
559	848	7.59716
559	990	0
560	255	0.989835
560	301	0.205485
560	396	3.30487
560	686	1.10912
560	703	2.59893
560	858	4.62606
560	889	4.77211
560	905	5.79425
560	927	6.02717
560	974	5.48771
560	976	6.07307
560	998	0
561	21	2.2797
561	170	1.17935
561	201	5.29378
561	302	3.54487
561	641	4.62639
561	677	2.57153
561	699	1.41955
561	705	3.7656
561	733	4.37273
561	837	4.65706
561	927	6.87619
561	999	0
562	375	2.30967
562	753	3.30848
562	811	3.33523
562	820	2.40235
562	828	4.31993
562	871	4.65467
562	887	4.98667
562	923	3.28685
562	940	3.46587
562	946	3.94132
562	977	5.37963
562	1000	0
563	324	3.71178
563	665	1.34323
563	666	1.49203
563	674	3.56074
563	720	2.55348
563	784	4.61751
563	793	4.60718
563	828	3.89767
563	830	5.12614
563	849	4.80989
563	869	4.46804
563	920	4.87352
563	932	0
564	114	0.129388
564	247	3.0166
564	542	2.93199
564	559	0.854639
564	591	5.33224
564	789	6.06143
564	821	3.10807
564	827	5.05203
564	936	4.30485
564	943	4.43068
564	956	5.42117
564	968	5.18738
564	972	0
565	5	1.78592
565	495	0.395061
565	677	2.24946
565	749	2.07586
565	807	4.26599
565	814	3.7302
565	869	3.81017
565	892	4.53264
565	928	5.56057
565	967	5.06388
565	969	5.30918
565	977	5.79044
565	983	0
566	91	0.397773
566	135	2.48112
566	262	3.84872
566	368	3.18621
566	402	0.620695
566	485	2.47838
566	613	4.17948
566	618	4.54934
566	747	3.17254
566	782	6.3403
566	918	6.34062
566	980	6.57744
566	981	0
567	403	2.2304
567	424	1.33397
567	533	1.94107
567	589	3.99585
567	814	3.85744
567	825	4.20878
567	852	5.32086
567	879	5.30655
567	883	3.65474
567	891	3.8126
567	929	4.57282
567	934	5.24479
567	993	0
568	41	1.47128
568	86	0.00557207
568	319	1.02057
568	638	2.86158
568	875	3.87694
568	893	5.75345
568	926	3.92656
568	947	4.66744
568	967	5.87272
568	975	4.80271
568	982	6.38482
568	986	6.39476
568	997	0
569	245	2.83949
569	586	1.92168
569	587	2.61411
569	645	2.51135
569	646	3.06229
569	669	2.66577
569	723	3.29419
569	761	3.64254
569	844	5.74648
569	907	5.29575
569	922	5.55253
569	934	5.70312
569	988	0
570	208	2.07322
570	404	1.44357
570	430	3.02998
570	488	2.14721
570	558	1.76836
570	685	2.36308
570	712	3.78675
570	845	5.15265
570	910	4.4847
570	913	5.44316
570	958	5.8928
570	991	6.83158
570	999	0
571	60	1.56195
571	165	2.37338
571	552	2.74357
571	557	3.14835
571	578	2.51293
571	779	3.3903
571	835	3.22346
571	879	4.48749
571	924	6.36799
571	931	4.66578
571	949	4.52019
571	952	6.10324
571	980	0
572	39	2.09136
572	152	1.52148
572	522	1.60036
572	596	2.84675
572	676	1.78411
572	689	4.50012
572	790	3.84059
572	836	5.14249
572	881	5.05801
572	932	5.06113
572	935	5.63603
572	980	6.49589
572	987	0
573	162	1.64401
573	347	1.2498
573	391	2.41875
573	474	4.43601
573	648	3.03512
573	681	3.36144
573	716	2.53423
573	740	4.18006
573	774	5.09466
573	827	5.23446
573	847	6.1676
573	926	6.48242
573	927	0
574	52	0.502223
574	78	2.5698
574	385	2.02741
574	415	2.91903
574	471	1.65311
574	533	2.47057
574	595	3.66109
574	791	4.75312
574	859	4.55379
574	893	5.40833
574	934	6.22246
574	944	6.76253
574	983	0
575	492	2.50173
575	584	1.70605
575	591	1.50458
575	633	2.37319
575	811	3.35699
575	829	3.78652
575	888	4.43324
575	914	5.39323
575	939	4.65114
575	949	5.28209
575	956	6.27258
575	968	5.25903
575	993	0
576	97	4.05956
576	102	1.56945
576	111	1.76659
576	348	1.36091
576	407	2.37658
576	486	3.16742
576	603	4.89672
576	703	4.75992
576	713	3.50186
576	744	3.8936
576	753	4.26883
576	860	9.08046
576	962	0
577	247	0.431969
577	724	2.08883
577	728	2.84191
577	759	2.84616
577	819	2.75743
577	827	3.4083
577	865	5.20005
577	927	4.15767
577	947	4.08004
577	956	5.07053
577	968	6.30192
577	971	5.34524
577	991	0
578	44	0.140449
578	211	3.69254
578	473	2.33222
578	515	3.14835
578	571	4.45805
578	584	3.96489
578	731	2.40069
578	748	4.28831
578	756	3.00838
578	839	4.27107
578	859	5.36338
578	940	6.99335
578	951	0
579	233	1.89764
579	499	2.29167
579	532	2.05681
579	548	2.23717
579	627	3.44693
579	741	4.07103
579	788	2.75778
579	865	3.07471
579	885	5.65752
579	926	4.37065
579	943	6.61317
579	981	6.75613
579	996	0
580	7	0.980773
580	13	1.61378
580	134	1.41907
580	667	3.21118
580	715	3.16177
580	805	4.81614
580	814	4.28036
580	869	4.59007
580	892	5.31254
580	928	5.36985
580	947	5.84379
580	969	6.08908
580	977	0
581	12	0.00774102
581	34	0.0137598
581	283	3.15385
581	303	0.0211567
581	503	3.48635
581	559	0.372283
581	685	3.62597
581	701	7.06202
581	880	5.43722
581	894	7.14017
581	945	7.44834
581	954	8.62436
581	992	0
582	101	0.0428022
582	271	2.2303
582	394	2.52536
582	463	3.54402
582	671	1.59547
582	753	4.43779
582	856	4.317
582	865	4.80643
582	947	4.98873
582	956	5.89445
582	957	5.97922
582	968	6.25394
582	991	0
583	164	0.784412
583	343	1.40787
583	379	3.76539
583	548	2.58101
583	624	3.96758
583	725	3.11948
583	745	2.89821
583	828	4.16186
583	835	4.84017
583	895	5.51242
583	919	5.65782
583	929	6.13547
583	950	0
584	167	0.0676532
584	314	1.61288
584	378	2.50173
584	575	4.45805
584	578	3.11596
584	638	2.89638
584	645	1.53086
584	720	5.15889
584	937	4.94053
584	955	6.7703
584	965	5.71338
584	982	6.02477
584	994	0
585	261	3.4073
585	369	3.11346
585	450	1.45337
585	522	0.881963
585	535	3.21197
585	649	3.24095
585	657	3.40199
585	721	4.62701
585	755	3.66154
585	767	4.60734
585	800	6.22243
585	959	6.61889
585	963	0
586	118	2.35469
586	549	2.83949
586	569	0.644371
586	591	3.15629
586	642	3.93037
586	720	4.25489
586	747	2.8978
586	827	4.80257
586	919	4.22041
586	956	5.2109
586	968	4.97711
586	972	5.48562
586	991	0
587	147	2.03114
587	365	2.45201
587	400	2.73212
587	433	1.92168
587	569	2.13604
587	593	3.76122
587	620	2.2035
587	646	4.23
587	857	5.43863
587	907	5.24467
587	934	6.05552
587	970	5.71302
587	977	0
588	10	1.59489
588	134	0.122907
588	210	2.17242
588	516	3.64893
588	666	3.44466
588	735	2.39215
588	754	2.77244
588	801	4.38095
588	866	5.26459
588	871	5.62978
588	918	6.53965
588	964	7.22752
588	993	0
589	176	2.32182
589	314	0.00127373
589	333	0.0759804
589	523	1.94107
589	567	2.02749
589	713	3.46643
589	841	3.6541
589	858	4.95487
589	916	6.13342
589	932	7.08233
589	974	5.78964
589	979	7.12823
589	998	0
590	152	3.43195
590	299	1.8793
590	356	2.34158
590	408	0.825683
590	529	5.19353
590	698	3.1604
590	872	3.05378
590	902	8.44887
590	916	4.149
590	956	4.79093
590	968	3.27674
590	969	4.18001
590	990	0
591	226	3.21968
591	238	2.77811
591	372	0.854639
591	564	1.70605
591	575	0.644371
591	586	4.1063
591	611	5.52054
591	726	4.61854
591	805	4.55
591	865	4.37289
591	914	5.0959
591	943	6.21223
591	968	0
592	50	1.51052
592	225	1.64099
592	366	3.19891
592	683	2.99193
592	770	3.08809
592	776	3.22553
592	830	3.67077
592	834	4.28845
592	846	3.83361
592	855	4.26271
592	868	5.85049
592	959	6.58176
592	968	0
593	225	3.25433
593	433	1.36751
593	443	2.72154
593	518	2.13604
593	587	2.7129
593	658	3.59793
593	665	3.75399
593	731	3.91162
593	734	4.28649
593	803	5.3956
593	852	5.96084
593	907	5.76688
593	934	0
594	68	0.720183
594	161	3.82964
594	321	2.97308
594	438	1.95995
594	651	2.73539
594	660	3.56282
594	772	3.26854
594	778	4.06827
594	818	4.96092
594	871	4.92156
594	874	6.81699
594	961	6.94125
594	973	0
595	504	1.19965
595	528	2.47057
595	574	2.78947
595	742	2.77699
595	745	2.33998
595	782	3.2849
595	803	2.72518
595	838	5.08197
595	897	5.20893
595	946	6.37877
595	968	5.08447
595	972	5.88784
595	996	0
596	264	3.60642
596	295	2.53112
596	301	1.18908
596	328	1.60036
596	572	2.18463
596	625	5.31413
596	818	2.91688
596	860	4.17238
596	922	4.87298
596	933	3.62483
596	935	6.83977
596	964	5.05959
596	987	0
597	414	1.18865
597	455	2.97241
597	676	0.320852
597	710	3.6871
597	741	3.27831
597	845	3.76001
597	859	4.38128
597	874	4.59084
597	893	4.74932
597	896	3.81675
597	936	7.09872
597	986	7.10866
597	997	0
598	44	2.36881
598	72	1.21476
598	84	2.05607
598	117	2.51504
598	169	1.42182
598	209	0.856433
598	378	3.98148
598	831	5.45288
598	898	5.52632
598	902	6.25093
598	961	7.09734
598	978	7.61015
598	998	0
599	51	3.07874
599	53	1.6963
599	193	3.35979
599	392	2.44509
599	443	2.21231
599	605	3.37392
599	766	3.47213
599	783	4.04148
599	840	5.59447
599	858	4.52509
599	882	5.07469
599	918	7.2619
599	979	0
600	278	1.63469
600	312	1.79109
600	421	2.16305
600	535	3.58194
600	647	3.58357
600	693	3.70836
600	727	4.35149
600	756	3.37564
600	796	4.33425
600	859	5.93409
600	922	5.42655
600	940	6.38327
600	999	0
601	212	3.74167
601	237	1.12228
601	485	3.13494
601	549	2.78301
601	667	3.15368
601	725	3.08119
601	732	3.17733
601	831	4.37445
601	855	4.12578
601	870	5.95401
601	892	5.32889
601	899	5.12244
601	915	0
602	211	1.59003
602	421	2.3084
602	450	1.76878
602	458	2.15526
602	618	2.93777
602	692	3.80161
602	711	3.59514
602	777	4.13158
602	817	4.7084
602	832	4.18799
602	911	7.25418
602	951	6.12746
602	990	0
603	203	2.75392
603	323	5.10373e-05
603	381	2.01823
603	499	3.16742
603	576	2.36979
603	630	2.9739
603	806	4.63385
603	875	3.4159
603	877	4.44456
603	904	7.52572
603	926	5.15258
603	958	5.43098
603	971	0
604	31	2.92482
604	40	2.45264
604	397	2.10301
604	456	4.23435
604	504	1.27738
604	521	4.71304
604	551	0.631818
604	610	3.23323
604	631	4.88564
604	729	4.76159
604	883	5.6208
604	957	6.58938
604	995	0
605	254	1.57426
605	276	2.21231
605	599	3.51203
605	648	1.67725
605	706	3.10581
605	771	3.39572
605	775	2.38194
605	792	4.44312
605	902	5.50881
605	910	5.37394
605	918	5.66101
605	948	5.54669
605	986	0
606	5	1.303
606	29	0.25138
606	188	1.43707
606	505	1.49572
606	753	3.90543
606	858	4.5151
606	904	5.06741
606	915	4.92288
606	925	5.00012
606	939	4.88898
606	956	5.64568
606	972	6.15418
606	991	0
607	39	2.10454
607	508	1.83707
607	624	3.0943
607	661	1.70221
607	687	2.77009
607	780	3.38655
607	858	4.31858
607	872	4.35965
607	901	4.65068
607	936	5.3729
607	957	5.42628
607	966	5.35206
607	987	0
608	42	2.10918
608	120	1.59787
608	215	2.64528
608	261	3.59573
608	473	3.3012
608	620	3.21082
608	712	3.36629
608	717	3.73487
608	735	3.33619
608	794	4.55475
608	844	7.14426
608	954	6.84741
608	988	0
609	71	0.000522596
609	109	0.000847514
609	169	2.51523
609	300	2.59578
609	527	1.29574
609	539	4.90739
609	863	4.02113
609	872	5.79703
609	956	5.11795
609	959	6.52916
609	979	6.69219
609	985	5.79113
609	993	0
610	16	1.07666
610	516	0.631818
610	604	2.97709
610	730	3.69032
610	779	2.85169
610	800	3.34859
610	807	3.06061
610	814	4.55911
610	861	4.38562
610	879	5.23053
610	957	5.35011
610	982	6.1991
610	995	0
611	69	1.38704
611	401	0.0212528
611	425	4.1063
611	591	3.15215
611	669	3.35672
611	681	3.31502
611	711	3.96663
611	905	5.04644
611	945	5.34991
611	949	5.35461
611	954	5.64087
611	990	6.53063
611	992	0
612	300	1.76315
612	494	3.59463
612	518	1.90928
612	620	2.55398
612	662	3.69528
612	761	3.78025
612	774	2.82767
612	812	4.11021
612	843	4.13887
612	876	4.77151
612	900	5.87872
612	952	5.4511
612	967	0
613	62	2.50737
613	385	2.23346
613	471	2.31271
613	552	2.47838
613	566	2.88525
613	703	4.26089
613	704	3.81401
613	758	3.81941
613	803	4.98269
613	915	5.74344
613	946	5.13112
613	975	6.42267
613	978	0
614	21	2.12451
614	81	3.0714
614	245	1.19203
614	276	3.3433
614	442	3.88388
614	456	4.65936
614	695	3.29094
614	766	3.38916
614	783	3.95851
614	840	4.09046
614	867	6.7794
614	905	4.99171
614	918	5.27878
614	948	0
615	87	1.67056
615	207	0.539179
615	268	3.15762
615	498	1.76974
615	541	3.67924
615	737	2.17924
615	801	5.34775
615	874	4.122
615	882	5.24772
615	912	5.07182
615	921	6.44423
615	983	6.50908
615	989	6.63431
615	993	0
616	156	2.30048
616	180	2.3248
616	494	1.643
616	697	2.36314
616	799	3.12743
616	806	4.29286
616	818	4.90357
616	841	4.90324
616	856	3.56943
616	877	4.59809
616	904	5.93864
616	908	5.30611
616	958	5.58451
616	971	0
617	170	2.00644
617	393	1.2655
617	515	2.66195
617	529	3.69953
617	548	3.8207
617	742	3.1221
617	795	3.88828
617	837	4.59465
617	841	4.63444
617	897	4.04485
617	913	4.17261
617	927	6.28573
617	988	6.39173
617	999	0
618	25	3.65316
618	467	2.51869
618	543	4.17948
618	566	2.15526
618	602	3.66553
618	629	4.09399
618	748	2.26059
618	787	1.63751
618	817	4.71093
618	942	4.76011
618	951	6.62924
618	965	5.06314
618	966	5.60461
618	976	0
619	15	0.0179242
619	75	1.60219
619	347	3.32839
619	722	3.90327
619	724	4.74473
619	732	3.22712
619	735	3.18135
619	740	4.19828
619	818	3.86261
619	894	4.55635
619	905	5.59403
619	941	5.54953
619	984	6.33966
619	988	2.27657
620	50	1.61505
620	96	2.56007
620	288	2.92603
620	353	3.76122
620	587	3.3012
620	608	1.90928
620	612	4.45365
620	645	4.90184
620	669	4.27513
620	876	4.33516
620	878	7.58603
620	907	5.52338
620	948	4.91544
620	949	0
621	41	1.85964
621	381	1.82226
621	391	2.74234
621	654	2.03625
621	658	1.77347
621	712	4.51695
621	726	3.73853
621	837	5.56271
621	881	4.4847
621	897	3.8951
621	913	4.02286
621	927	6.24198
621	999	8.0101
621	1000	0
622	22	3.36393
622	66	2.70773
622	77	3.1681
622	188	3.12197
622	213	5.13528
622	260	2.0217
622	447	4.75443
622	450	3.94018
622	462	2.56028
622	654	3.38353
622	794	4.48109
622	862	6.10462
622	984	6.89475
622	988	0
623	113	2.21409
623	161	2.7535
623	240	0.966029
623	330	3.92981
623	476	3.8651
623	521	4.70455
623	720	3.31619
623	764	4.9467
623	804	3.197
623	815	2.99954
623	829	4.47949
623	900	5.64663
623	947	5.58669
623	952	0
624	301	3.15225
624	341	2.1207
624	389	3.05544
624	519	2.58101
624	583	1.83707
624	607	3.57936
624	671	4.1898
624	688	4.51495
624	793	4.50837
624	804	3.86302
624	866	4.23913
624	905	5.9667
624	950	5.58369
624	985	0
625	277	2.18463
625	596	2.52118
625	739	3.05298
625	817	2.97562
625	819	2.85399
625	827	3.62981
625	832	4.40094
625	880	4.2174
625	939	6.17558
625	951	6.83941
625	953	4.28738
625	957	3.11048
625	960	5.1399
625	994	0
626	4	0.682769
626	294	0.246344
626	332	3.5092
626	449	3.74789
626	457	2.54952
626	535	2.63685
626	674	3.68653
626	683	5.04249
626	830	5.95471
626	869	4.05368
626	882	5.61285
626	920	6.01833
626	932	7.59223
626	1000	0
627	99	3.59291
627	200	2.65794
627	215	2.323
627	410	1.74066
627	490	2.23717
627	579	4.27767
627	647	3.43036
627	733	4.39627
627	794	3.50635
627	805	5.37916
627	835	4.15895
627	857	7.40532
627	980	7.11736
627	984	0
628	395	2.31982
628	494	2.59869
628	717	3.32934
628	745	2.99611
628	777	3.68403
628	784	2.53099
628	823	4.4744
628	845	3.53759
628	865	4.20933
628	956	5.19981
628	968	4.96603
628	972	6.78874
628	989	5.47453
628	991	0
629	85	2.2809
629	248	2.15011
629	388	0.80888
629	510	3.66553
629	618	2.73293
629	728	2.83152
629	736	4.27563
629	800	4.62209
629	808	3.28452
629	821	5.48182
629	916	5.81054
629	952	6.5698
629	956	6.10103
629	965	0
630	209	0.218496
630	383	1.67786
630	444	2.36979
630	603	2.64682
630	720	2.46093
630	763	3.96258
630	824	5.05672
630	864	4.69148
630	873	4.10652
630	920	5.64307
630	968	4.88177
630	973	6.82933
630	982	7.32095
630	1000	0
631	380	1.93979
631	401	3.23323
631	604	2.36955
631	639	1.39915
631	673	0.0112728
631	685	5.06362
631	926	5.59918
631	945	5.90265
631	949	5.90735
631	954	3.82955
631	961	4.90095
631	968	7.08337
631	992	5.48914
631	996	0
632	266	1.31265
632	296	3.48477
632	704	4.2113
632	773	4.98071
632	821	3.01238
632	827	4.21928
632	853	3.66325
632	865	4.21922
632	884	3.76924
632	888	4.20916
632	943	4.33499
632	956	5.09169
632	972	5.60019
632	991	0
633	102	1.19457
633	172	2.69577
633	499	1.50458
633	575	2.69194
633	656	4.15269
633	736	3.65144
633	806	4.03389
633	813	4.20151
633	841	4.84589
633	867	5.1221
633	904	5.83013
633	958	6.10853
633	971	6.26072
633	980	0
634	43	1.12662
634	264	1.75572
634	303	2.28756
634	375	3.16365
634	749	2.69813
634	824	4.73839
634	867	3.42702
634	873	4.36889
634	903	5.01039
634	937	4.79203
634	955	5.87627
634	994	6.70672
634	995	6.41437
634	998	0
635	83	0.112179
635	121	1.8274
635	289	2.90858
635	429	3.15798
635	448	1.73226
635	458	2.38376
635	732	3.92028
635	808	4.63146
635	899	4.31661
635	905	4.81976
635	921	5.24057
635	937	6.5103
635	969	6.75559
635	977	0
636	1	0.931095
636	164	1.39054
636	304	2.60485
636	558	3.48631
636	696	2.93956
636	791	3.83996
636	822	4.78322
636	857	4.48366
636	879	4.33423
636	884	5.39166
636	889	5.22881
636	904	5.50093
636	944	6.041
636	983	0
637	128	1.8519
637	268	1.91023
637	375	1.97965
637	483	3.1434
637	745	2.92213
637	828	3.71667
637	841	4.06536
637	852	4.36105
637	867	4.86408
637	895	5.00038
637	922	5.68174
637	929	6.27035
637	961	5.28831
637	965	0
638	129	2.13585
638	218	2.01784
638	220	0.388953
638	267	1.31122
638	497	1.02057
638	568	3.11596
638	584	3.41778
638	664	3.0522
638	719	3.17541
638	831	5.2268
638	972	9.94178
638	975	7.10127
638	995	10.4638
638	997	0
639	19	2.67752
639	143	2.70798
639	177	1.32433
639	244	2.42521
639	331	2.86142
639	501	2.36955
639	631	2.48989
639	744	5.70716
639	746	3.81332
639	824	5.48408
639	903	5.90722
639	955	7.44361
639	963	7.17169
639	1000	0
640	342	3.09442
640	379	0.505151
640	399	1.36879
640	541	3.45164
640	748	3.29101
640	771	2.94269
640	795	4.65788
640	867	5.00953
640	882	5.694
640	910	5.35636
640	930	5.67631
640	953	4.97508
640	962	5.54701
640	974	0
641	171	1.11448
641	231	1.19616
641	285	1.88333
641	329	1.64672
641	431	2.11242
641	436	3.54487
641	561	4.58501
641	818	4.6616
641	849	5.47064
641	861	5.20634
641	906	4.9946
641	962	6.00642
641	965	6.8321
641	967	0
642	228	2.8625
642	430	2.40769
642	542	3.15629
642	586	3.43481
642	650	3.331
642	716	2.53231
642	718	3.46354
642	767	4.37993
642	888	4.44115
642	908	4.61083
642	925	5.00019
642	937	4.76232
642	942	6.38806
642	980	0
643	39	1.53768
643	94	2.35504
643	309	4.30142
643	709	3.53394
643	816	4.47195
643	860	3.78726
643	861	2.9691
643	870	5.01921
643	906	3.98095
643	918	3.58433
643	921	5.91329
643	936	4.80875
643	950	4.70501
643	963	0
644	209	0.302215
644	321	0.967635
644	481	3.82483
644	720	2.20576
644	771	3.34347
644	772	4.43425
644	790	3.93684
644	826	3.53391
644	827	3.45605
644	894	3.64921
644	917	7.45285
644	937	5.57017
644	980	8.00734
644	982	0
645	37	2.58004
645	88	3.39496
645	325	2.20291
645	411	2.61411
645	569	2.89638
645	584	4.45365
645	620	2.89592
645	646	3.76815
645	665	4.55628
645	707	2.60527
645	823	5.9371
645	934	5.6906
645	990	6.82437
645	1000	0
646	345	2.21275
646	525	3.37362
646	547	2.51135
646	569	2.2035
646	587	2.89592
646	645	3.34411
646	669	2.65876
646	752	5.46346
646	864	4.78884
646	906	6.0283
646	907	4.64923
646	915	5.83434
646	934	4.6485
646	952	0
647	98	1.7331
647	163	1.98858
647	340	2.12384
647	447	3.58194
647	600	4.27767
647	627	3.06665
647	663	4.97544
647	775	5.65495
647	781	2.86154
647	790	3.73703
647	792	5.08299
647	868	5.38529
647	872	7.89332
647	979	0
648	154	2.34832
648	272	2.18691
648	291	3.01376
648	298	3.1655
648	371	2.09601
648	449	4.43601
648	573	3.51203
648	605	4.58927
648	723	4.4412
648	729	4.27746
648	813	4.83727
648	856	5.33971
648	908	6.42949
648	910	0
649	159	0.660367
649	302	1.49446
649	484	2.47428
649	522	3.21197
649	585	3.85927
649	714	2.44318
649	757	4.58346
649	772	3.08724
649	823	5.39534
649	867	4.0543
649	875	5.13673
649	890	7.55307
649	950	7.6398
649	963	0
650	12	3.06997
650	27	1.45979
650	106	2.86225
650	149	3.19795
650	202	2.53087
650	265	2.80339
650	411	3.8501
650	531	3.43481
650	642	4.06249
650	760	3.54577
650	830	5.70235
650	885	5.58099
650	959	6.20853
650	983	0
651	326	1.95995
651	594	2.64437
651	652	2.74928
651	689	2.29494
651	770	4.9759
651	821	4.25318
651	846	4.65236
651	870	4.77722
651	880	2.86907
651	882	5.23288
651	917	3.9861
651	923	5.26294
651	927	4.84558
651	933	0
652	30	1.71417
652	262	2.67519
652	367	3.14687
652	406	2.70501
652	543	2.64437
652	651	3.5893
652	672	2.38003
652	694	3.43337
652	806	4.29746
652	866	6.04292
652	870	6.16778
652	880	6.62344
652	917	5.21154
652	935	5.27068
652	938	0
653	72	2.15019
653	89	1.78659
653	246	0.000190684
653	362	1.8565
653	685	4.33528
653	793	3.98622
653	811	4.01297
653	820	4.99767
653	871	5.33241
653	887	5.05444
653	889	5.66441
653	923	5.34538
653	924	5.18032
653	942	6.56538
653	997	0
654	410	1.63585
654	551	2.74234
654	621	2.56028
654	622	3.79464
654	732	3.88631
654	822	4.6581
654	835	3.04287
654	836	4.89377
654	844	3.43788
654	857	4.70937
654	894	4.53023
654	937	4.41872
654	962	4.99629
654	979	7.18642
654	988	0
655	135	2.57911
655	384	0.682501
655	453	2.96384
655	507	2.63667
655	680	3.63227
655	723	4.07223
655	744	3.7577
655	818	3.83429
655	849	4.52715
655	852	4.64333
655	861	5.11679
655	917	5.32303
655	938	5.51605
655	955	6.00479
655	967	0
656	241	3.15723
656	376	1.21304
656	380	3.39291
656	429	4.75705
656	483	2.31396
656	525	2.69194
656	633	2.39031
656	676	3.02912
656	738	4.08297
656	799	5.25287
656	853	5.28926
656	877	4.92276
656	887	7.02594
656	958	6.28765
656	991	0
657	70	1.37962
657	90	2.13529
657	150	1.39077
657	400	3.70022
657	448	2.54556
657	465	2.97542
657	530	3.637
657	534	3.24095
657	585	4.10745
657	766	4.89267
657	848	6.31822
657	854	7.58204
657	950	7.66877
657	963	6.22066
657	967	0
658	89	2.61309
658	201	3.52191
658	374	0.922615
658	426	2.24987
658	467	2.7129
658	593	2.03625
658	621	3.84142
658	712	3.62655
658	818	5.26509
658	845	4.39379
658	895	6.55264
658	897	6.48937
658	911	6.74982
658	971	5.48171
658	982	0
659	16	3.22022
659	37	2.13078
659	96	1.67817
659	150	2.51176
659	261	2.01889
659	452	4.14297
659	518	4.72759
659	547	3.58357
659	664	5.01936
659	665	3.99193
659	815	5.14829
659	910	4.65466
659	928	7.18831
659	934	5.8416
659	981	2.23844
660	183	2.73539
660	594	1.41101
660	717	3.21211
660	745	2.79061
660	778	3.30808
660	802	3.34139
660	844	4.9328
660	895	3.45827
660	905	5.60505
660	919	4.97196
660	953	6.46332
660	973	4.95536
660	982	4.94498
660	991	5.0956
660	993	0
661	169	1.73651
661	282	1.24379
661	357	3.73239
661	537	3.0943
661	607	3.3779
661	728	4.56402
661	797	3.89334
661	798	4.06582
661	815	4.82294
661	817	3.92949
661	821	3.86836
661	829	5.32481
661	845	5.34831
661	900	6.11756
661	931	0
662	117	2.03962
662	281	1.63175
662	292	3.2025
662	555	2.55398
662	612	3.32683
662	692	4.05139
662	703	5.10637
662	725	3.48275
662	764	3.86176
662	797	4.5648
662	808	4.0134
662	876	6.44094
662	946	6.57613
662	949	5.74305
662	970	0
663	15	0.059247
663	134	1.56
663	349	3.51371
663	438	0.936396
663	457	2.00791
663	462	3.06665
663	647	3.40561
663	675	4.80428
663	779	2.61565
663	790	6.91862
663	890	5.71559
663	920	5.35347
663	923	7.64743
663	979	7.81047
663	985	0
664	279	1.69565
664	423	3.32077
664	470	1.31217
664	483	3.76446
664	491	3.41778
664	638	3.58357
664	659	2.57189
664	802	2.25465
664	828	5.63699
664	876	7.07037
664	880	4.86886
664	919	5.01426
664	929	5.60287
664	961	5.72713
664	973	0
665	37	1.84429
665	106	2.44166
665	222	2.71688
665	238	2.54491
665	293	2.24053
665	353	2.26004
665	491	3.71178
665	563	3.59793
665	593	3.76815
665	645	5.01936
665	659	6.70657
665	934	5.8852
665	952	5.9655
665	959	6.65292
665	986	0
666	67	0.950007
666	323	4.5135
666	360	2.83811
666	384	1.86935
666	485	2.11371
666	517	1.34323
666	563	3.64893
666	588	3.68025
666	770	4.6868
666	784	4.41156
666	796	6.94321
666	869	5.97328
666	897	6.60136
666	920	7.00683
666	932	0
667	3	2.17883
667	82	3.61197
667	83	2.50397
667	342	2.04166
667	442	1.88887
667	460	1.41907
667	580	2.78301
667	601	3.52415
667	788	6.36146
667	901	6.36234
667	915	5.52497
667	928	6.07487
667	938	6.05622
667	969	6.30151
667	977	0
668	37	3.07018
668	257	2.29037
668	488	3.01097
668	522	3.98764
668	686	1.41633
668	703	2.59583
668	706	1.27953
668	713	4.13595
668	749	4.14027
668	817	5.74818
668	960	5.60007
668	962	6.17551
668	967	6.33437
668	974	6.38027
668	998	0
669	16	2.64975
669	30	2.92539
669	494	3.33995
669	518	2.05884
669	526	3.06448
669	531	3.06229
669	569	3.15215
669	611	4.90184
669	620	3.34411
669	646	4.67816
669	796	4.52099
669	882	6.57924
669	907	5.99809
669	910	6.38529
669	934	1.43541
670	185	2.9865
670	215	3.28506
670	297	0.976768
670	328	2.23309
670	421	0.00391189
670	503	0.0180072
670	685	4.32874
670	758	3.17219
670	780	6.7859
670	945	6.47713
670	948	7.08937
670	949	7.09406
670	954	5.62988
670	955	8.27008
670	992	0
671	192	1.64725
671	213	6.22512
671	286	3.37282
671	341	3.37613
671	428	3.29196
671	482	3.36577
671	490	3.27601
671	519	3.54402
671	582	3.57936
671	624	4.42895
671	737	3.36938
671	757	5.43744
671	850	5.8737
671	878	5.01166
671	879	0
672	18	1.99813
672	127	1.57054
672	165	1.38293
672	233	1.90095
672	422	3.5893
672	652	4.34399
672	718	2.94376
672	782	3.32896
672	838	6.00593
672	906	5.05196
672	915	5.8329
672	924	6.37659
672	931	5.5197
672	935	6.49162
672	996	0
673	6	2.75765
673	203	0.353367
673	239	0.149537
673	323	1.94995
673	424	1.39915
673	631	3.88633
673	784	5.23052
673	830	6.14274
673	869	5.87356
673	906	5.80089
673	920	5.58941
673	925	6.20636
673	932	5.87881
673	949	5.59994
673	975	0
674	61	0.573959
674	256	2.25613
674	417	2.57544
674	498	1.49203
674	563	2.63685
674	626	4.8356
674	784	4.00564
674	829	6.17979
674	830	3.73115
674	862	6.75016
674	920	4.47549
674	929	5.53558
674	930	7.15564
674	932	5.89419
674	963	0
675	203	2.6771
675	356	1.66946
675	382	2.9624
675	504	2.40843
675	526	3.40561
675	663	3.13888
675	726	4.03112
675	759	3.88523
675	810	4.23993
675	829	4.62254
675	884	4.62646
675	887	5.54172
675	958	6.3293
675	983	6.14197
675	993	0
676	166	0.368373
676	167	2.0701
676	370	2.84675
676	572	2.97241
676	597	2.39031
676	656	4.71263
676	730	2.58553
676	799	3.75543
676	853	3.79182
676	877	4.82047
676	904	6.54373
676	944	5.5285
676	958	7.30077
676	970	5.8069
676	971	0
677	79	1.9762
677	207	2.00651
677	277	3.85373
677	445	1.03407
677	458	2.51791
677	505	4.62639
677	561	0.395061
677	565	5.7588
677	889	4.5584
677	892	3.93327
677	899	5.28087
677	928	5.81211
677	969	6.05741
677	977	7.82514
677	994	0
678	301	1.39436
678	312	2.45951
678	481	3.55133
678	490	3.46157
678	519	3.28561
678	529	3.2063
678	724	4.61451
678	737	4.9145
678	804	5.623
678	850	4.82137
678	892	4.74308
678	901	3.51588
678	919	4.36254
678	921	4.54549
678	942	0
679	289	1.82334
679	296	3.33884
679	388	2.19763
679	411	1.75149
679	434	4.49522
679	477	1.12464
679	680	3.43568
679	802	5.14068
679	846	5.53986
679	870	5.66473
679	880	4.3717
679	881	4.89478
679	901	6.12039
679	917	6.77628
679	971	0
680	387	2.78498
680	431	2.64807
680	453	1.53283
680	482	2.63667
680	655	1.12464
680	679	2.75243
680	791	5.72327
680	818	4.55585
680	821	5.79986
680	849	2.44903
680	882	5.62739
680	926	7.97036
680	967	5.26733
680	992	5.74104
680	994	0
681	112	1.96749
681	310	3.4045
681	395	1.73233
681	479	3.96535
681	524	3.1664
681	556	3.03512
681	573	3.35672
681	611	3.14206
681	740	5.15038
681	760	4.80516
681	800	4.20462
681	832	5.84229
681	847	6.00411
681	902	6.0773
681	931	7.96345
681	990	0
682	23	1.55416
682	140	1.70327
682	152	1.44261
682	356	1.90488
682	408	3.04258
682	465	4.29733
682	509	4.75684
682	698	3.57843
682	734	3.19948
682	812	8.32854
682	896	8.01217
682	916	4.96425
682	921	5.35535
682	946	6.28536
682	965	5.21167
682	975	0
683	123	1.45123
683	163	0.141351
683	224	5.27172
683	453	3.74648
683	534	3.19891
683	592	3.68653
683	626	1.90599
683	691	3.30615
683	708	2.60115
683	762	3.02879
683	826	6.32645
683	955	5.50038
683	960	7.0993
683	982	6.91202
683	988	7.59092
683	1000	0
684	133	2.70506
684	345	3.17125
684	465	3.32545
684	479	3.26707
684	494	2.43674
684	550	1.95203
684	685	4.77813
684	732	4.01758
684	738	3.43916
684	743	3.98132
684	789	4.20766
684	824	4.22181
684	854	6.64324
684	878	7.50725
684	959	6.90159
684	980	0
685	222	1.76836
685	570	0.372283
685	581	0.0112728
685	631	1.8565
685	653	0.0180072
685	670	1.95203
685	684	4.06668
685	890	7.43372
685	945	7.73719
685	949	7.74189
685	954	4.64205
685	961	5.71345
685	968	5.74012
685	980	8.91791
685	992	6.30164
685	996	0
686	147	3.02412
686	199	2.64129
686	468	2.18324
686	477	3.44366
686	504	3.37441
686	558	3.30487
686	560	3.98764
686	668	4.07656
686	704	5.07725
686	779	3.40914
686	787	4.66658
686	796	4.3665
686	810	4.67959
686	826	5.1038
686	884	6.81056
686	983	0
687	199	3.47345
687	480	1.70221
687	607	3.08727
687	734	2.86405
687	752	3.27512
687	759	3.22455
687	816	3.64997
687	836	4.16256
687	860	4.6514
687	873	5.31287
687	901	4.85451
687	915	4.87051
687	935	5.6039
687	936	4.78239
687	962	6.73513
687	971	0
688	204	3.36214
688	293	1.86603
688	408	3.64086
688	473	3.9024
688	482	3.88645
688	519	3.96251
688	538	3.71655
688	540	4.1898
688	624	5.33938
688	804	3.8794
688	868	4.21142
688	888	4.79316
688	910	4.60186
688	916	4.43309
688	923	6.13437
688	992	0
689	30	3.08181
689	322	2.3979
689	364	1.57854
689	393	2.63462
689	400	2.62085
689	407	1.78411
689	572	2.74928
689	651	3.5471
689	695	5.74865
689	846	4.97508
689	878	6.27269
689	880	6.72835
689	917	5.55536
689	949	5.563
689	958	6.46962
689	988	0
690	2	3.38106
690	49	3.1356
690	92	2.48499
690	262	3.50466
690	269	0.293041
690	361	3.69124
690	559	4.92307
690	742	3.05552
690	841	3.24319
690	858	5.23814
690	883	5.64211
690	894	6.08524
690	960	5.93712
690	962	6.67142
690	974	6.71732
690	998	0
691	260	0.666685
691	266	1.90599
691	683	2.0395
691	709	3.1679
691	798	2.03226
691	826	3.96491
691	873	3.31257
691	886	4.90678
691	903	5.12405
691	933	5.32991
691	955	5.70235
691	965	6.02087
691	989	5.96585
691	992	6.41416
691	994	6.59438
691	1000	0
692	231	1.98355
692	318	2.57023
692	336	2.58808
692	418	3.14062
692	445	2.48475
692	542	2.93777
692	602	3.32683
692	662	4.28439
692	776	5.72648
692	790	5.46311
692	808	4.13768
692	879	5.40172
692	924	4.91745
692	936	6.94206
692	965	6.64137
692	970	0
693	62	1.89922
693	94	3.16011
693	203	2.489
693	291	3.31585
693	298	2.40988
693	374	2.91401
693	446	3.58357
693	600	4.53165
693	716	3.73296
693	718	4.7474
693	807	4.57955
693	813	5.31907
693	814	5.13036
693	875	6.34062
693	913	5.81148
693	925	0
694	174	1.19234
694	216	2.35398
694	254	3.30104
694	360	2.28585
694	375	2.2404
694	439	2.38003
694	652	5.41424
694	811	6.42569
694	871	6.76043
694	887	6.48246
694	889	3.97761
694	929	4.69643
694	937	4.66673
694	946	5.1878
694	951	5.43551
694	954	0
695	274	2.67975
695	326	1.5539
695	371	2.11227
695	543	4.65936
695	614	3.5471
695	689	3.49755
695	785	5.051
695	846	3.57803
695	854	4.05926
695	860	5.45019
695	870	5.57505
695	880	4.26339
695	909	6.03071
695	917	5.19194
695	933	6.2578
695	980	0
696	374	1.93617
696	422	1.67523
696	439	2.64266
696	480	2.22697
696	508	3.48631
696	636	4.20736
696	785	5.27064
696	853	4.12109
696	881	4.48208
696	901	3.87903
696	906	4.58728
696	922	5.28787
696	933	4.77311
696	936	5.53964
696	952	5.69286
696	958	0
697	450	2.74176
697	519	1.643
697	616	2.14854
697	701	2.75614
697	708	3.49291
697	723	2.86402
697	750	5.56139
697	778	3.55805
697	799	4.57841
697	846	4.72795
697	853	4.76433
697	877	4.87699
697	898	5.79299
697	904	5.55192
697	934	6.50102
697	958	0
698	105	1.13976
698	143	0.642444
698	145	0.762539
698	399	5.19353
698	590	4.75684
698	682	3.51412
698	702	2.76885
698	792	4.19834
698	810	4.88333
698	852	6.54383
698	896	5.16571
698	901	6.22746
698	916	4.53494
698	928	7.35627
698	938	5.7957
698	953	0
699	28	2.31966
699	194	2.45123
699	527	2.57153
699	561	3.48484
699	754	3.04987
699	793	3.86513
699	801	4.92097
699	842	5.47364
699	866	4.19717
699	897	4.10858
699	918	4.47403
699	930	3.89491
699	942	4.87185
699	954	4.83265
699	963	8.3202
699	993	0
700	105	1.05891
700	412	3.57904
700	455	2.72486
700	709	3.30425
700	735	4.05243
700	758	3.13437
700	765	4.29872
700	829	3.88847
700	835	4.12413
700	844	4.00313
700	862	5.06659
700	921	5.1014
700	935	5.27867
700	940	5.62666
700	984	6.41679
700	988	0
701	241	3.17746
701	449	1.09967
701	525	3.62597
701	581	2.14854
701	697	4.33986
701	746	3.63296
701	806	4.08751
701	809	4.28321
701	828	4.03858
701	853	4.07497
701	877	5.10362
701	904	5.54126
701	913	5.00773
701	916	5.81165
701	958	6.09005
701	971	0
702	18	4.31147
702	50	1.47548
702	97	2.62904
702	345	3.65441
702	376	3.39305
702	407	1.94591
702	460	3.80737
702	524	3.4147
702	530	3.51412
702	698	3.9053
702	789	5.41435
702	855	5.84345
702	868	5.58855
702	898	7.43123
702	959	6.6825
702	974	0
703	101	1.0906
703	361	2.29218
703	545	1.10912
703	560	4.89672
703	576	2.88525
703	613	4.05139
703	662	1.41633
703	668	3.59716
703	804	4.59164
703	843	5.11873
703	902	6.21392
703	905	5.45457
703	952	7.46899
703	974	5.94042
703	977	7.51488
703	998	0
704	164	3.04326
704	216	2.73496
704	266	2.91917
704	281	2.82866
704	317	2.85432
704	382	3.3449
704	468	3.67067
704	471	4.26089
704	613	3.48477
704	632	4.07656
704	686	3.7114
704	707	5.21599
704	759	4.27881
704	780	7.65531
704	957	7.51417
704	983	0
705	95	2.46254
705	170	1.68196
705	341	3.04907
705	390	4.39356
705	454	3.26605
705	542	1.41955
705	561	2.59052
705	712	3.91486
705	833	4.01419
705	845	4.46604
705	869	5.30174
705	897	5.23847
705	911	6.36613
705	984	7.07738
705	989	7.05903
705	999	0
706	5	1.1834
706	13	0.572498
706	110	1.73244
706	479	1.67725
706	605	2.59583
706	668	3.14216
706	740	4.78799
706	774	5.84239
706	847	4.55424
706	861	5.14761
706	896	6.77553
706	926	4.05329
706	929	6.13331
706	968	5.89028
706	978	7.96356
706	990	0
707	145	3.79048
707	191	3.50501
707	238	0.303094
707	250	2.66271
707	288	3.02867
707	353	2.43844
707	427	3.91455
707	438	3.04817
707	491	4.55628
707	645	3.7114
707	704	7.4947
707	934	5.21544
707	974	5.48263
707	986	5.91882
707	992	6.70441
707	996	0
708	19	2.25166
708	260	1.8572
708	314	3.30615
708	683	2.75614
708	697	3.77036
708	761	4.32072
708	772	3.43242
708	826	3.07731
708	833	4.54573
708	859	5.36507
708	873	3.82271
708	879	4.85039
708	884	4.85679
708	931	7.50293
708	982	7.99455
708	1000	0
709	17	3.77136
709	328	2.40476
709	369	2.56959
709	416	2.40421
709	506	4.30142
709	643	2.0395
709	691	2.72486
709	700	3.57582
709	711	3.65406
709	796	4.35136
709	842	4.80144
709	851	4.53757
709	859	6.04642
709	906	6.75467
709	922	6.20712
709	935	6.80041
709	998	0
710	194	0.000179781
710	262	0.00169354
710	267	3.26645
710	394	3.33033
710	400	0.00317291
710	497	2.98694
710	535	0.320852
710	597	1.63858
710	719	4.64623
710	802	5.30664
710	813	6.53238
710	893	5.08718
710	945	6.88468
710	954	8.52815
710	975	9.04025
710	986	9.05019
710	997	0
711	196	2.52462
711	425	0.845491
711	472	3.80161
711	602	3.31502
711	611	3.57582
711	709	3.1101
711	733	3.98534
711	765	4.31177
711	785	3.54113
711	792	4.26968
711	831	5.07616
711	851	4.98355
711	900	5.78623
711	909	5.80527
711	917	7.38554
711	978	7.05173
711	993	0
712	237	0.46753
712	412	3.2697
712	478	2.36308
712	570	3.21082
712	608	1.77347
712	621	3.84142
712	658	2.59052
712	705	4.90298
712	833	4.69261
712	867	5.70027
712	913	5.33194
712	922	5.82803
712	927	5.06083
712	930	4.32767
712	960	5.3873
712	983	8.04715
712	999	0
713	154	3.24359
713	290	4.75992
713	576	2.02749
713	589	1.27953
713	668	3.08932
713	734	3.60994
713	816	3.58989
713	824	3.70728
713	829	3.24145
713	882	6.07712
713	905	4.28941
713	909	4.65809
713	942	5.61523
713	956	6.746
713	960	6.59788
713	962	7.37808
713	998	0
714	85	3.01454
714	230	2.17952
714	274	0.504367
714	352	2.03587
714	372	2.05696
714	514	3.85927
714	649	4.04929
714	721	3.9553
714	793	5.91563
714	854	4.47486
714	881	5.0085
714	946	7.17945
714	950	7.26618
714	963	5.93851
714	965	5.60095
714	991	6.09976
714	999	0
715	30	0.919721
715	115	2.58268
715	158	2.55838
715	232	2.18093
715	369	3.81302
715	510	3.60973
715	514	3.21118
715	580	3.97525
715	722	4.36558
715	779	4.26965
715	781	6.42564
715	901	5.82259
715	906	4.98803
715	907	4.91915
715	917	7.23143
715	933	7.29348
715	971	0
716	149	1.36122
716	165	2.40344
716	243	2.72284
716	390	4.11369
716	518	3.36144
716	573	3.331
716	642	4.53165
716	693	4.54826
716	718	2.50524
716	727	4.10107
716	762	5.47948
716	767	4.23224
716	866	5.59854
716	885	6.39587
716	888	5.97017
716	967	6.67952
716	997	0
717	38	3.19023
717	59	1.74012
717	304	3.36629
717	608	2.59869
717	628	1.41101
717	660	2.44141
717	750	3.85605
717	779	3.45838
717	826	4.29123
717	857	5.6261
717	862	5.56272
717	894	4.33617
717	909	5.55508
717	922	5.74632
717	950	5.64258
717	963	8.03977
717	988	0
718	88	3.4619
718	146	1.82961
718	162	3.44591
718	413	2.40648
718	443	3.6643
718	537	2.53231
718	642	4.34399
718	672	3.73296
718	693	4.54826
718	716	3.07179
718	730	4.68079
718	767	4.54364
718	850	4.79985
718	885	5.82808
718	925	6.1435
718	940	7.0656
718	993	0
719	45	0.00394718
719	156	0.00699167
719	255	0.00419435
719	414	2.32064
719	544	3.0522
719	638	1.63858
719	710	3.72986
719	796	3.76402
719	862	5.69901
719	874	4.42505
719	887	4.78563
719	914	7.90435
719	975	8.41645
719	986	6.24693
719	988	8.42639
719	997	6.87622
719	998	0
720	343	1.80057
720	520	3.56074
720	563	1.53086
720	584	3.93037
720	586	4.70455
720	623	2.64682
720	630	3.82483
720	644	4.40999
720	725	2.92339
720	744	4.24682
720	824	3.04306
720	826	5.4651
720	884	5.23679
720	923	6.51363
720	927	7.42496
720	994	7.60518
720	1000	0
721	400	1.89845
721	441	3.68983
721	469	2.09289
721	535	1.52105
721	545	3.40199
721	585	4.04929
721	714	3.0454
721	724	3.38945
721	774	5.07477
721	821	6.47927
721	854	3.69879
721	863	4.06537
721	936	7.74309
721	950	5.34172
721	956	7.82982
721	963	5.22235
721	973	0
722	94	0.762937
722	269	2.64181
722	328	2.93297
722	407	2.71585
722	557	3.32839
722	619	3.97525
722	715	3.85702
722	836	5.15893
722	881	4.70305
722	885	4.94885
722	893	5.62511
722	922	5.09097
722	928	5.07756
722	935	5.52414
722	942	5.80219
722	959	6.51232
722	987	0
723	273	2.6496
723	282	1.75944
723	337	2.60101
723	427	2.66577
723	569	4.58927
723	648	3.63227
723	655	3.49291
723	697	3.52447
723	728	4.74142
723	745	4.31992
723	778	4.52016
723	828	3.72088
723	832	4.40684
723	886	6.46211
723	895	6.48605
723	953	7.99263
723	973	0
724	358	0.106096
724	389	0.431969
724	577	3.90327
724	619	3.2063
724	678	3.0454
724	721	3.45932
724	788	3.47138
724	823	3.8271
724	827	5.13552
724	858	4.47797
724	865	6.65889
724	933	5.26085
724	939	5.14971
724	956	6.45
724	958	5.90641
724	972	6.41491
724	991	0
725	184	2.59098
725	207	1.07514
725	227	3.17975
725	273	3.84247
725	359	2.38083
725	550	3.96758
725	583	3.15368
725	601	5.10637
725	662	4.40999
725	720	3.61247
725	749	4.97476
725	800	4.54804
725	899	5.89564
725	928	6.42689
725	969	6.67218
725	977	7.18469
725	987	0
726	30	3.66402
726	52	1.13979
726	120	2.49231
726	139	2.36523
726	206	3.97093
726	445	2.9336
726	544	3.6216
726	558	5.52054
726	591	4.51695
726	621	3.13888
726	675	4.75957
726	759	4.78526
726	794	5.58354
726	825	5.35098
726	884	6.51768
726	944	6.171
726	955	7.05775
726	983	0
727	230	2.40821
727	297	2.83886
727	316	2.7703
727	384	2.46818
727	394	3.95424
727	469	2.80122
727	486	4.59805
727	537	3.70836
727	600	2.50524
727	716	4.93773
727	778	5.84573
727	796	5.54165
727	839	5.26235
727	896	7.89665
727	940	5.30745
727	985	5.52189
727	987	5.44961
727	991	0
728	53	1.36239
728	360	2.74494
728	385	2.08883
728	577	2.73293
728	629	3.3779
728	661	3.52447
728	723	4.10888
728	797	3.4382
728	798	4.81192
728	808	5.23297
728	853	5.77908
728	943	5.57328
728	944	6.06031
728	947	6.00038
728	952	6.29086
728	965	5.36869
728	975	6.04966
728	984	0
729	27	3.3147
729	225	1.79916
729	232	3.20862
729	240	3.70174
729	275	3.51594
729	291	3.28189
729	352	3.98882
729	489	2.146
729	557	4.88564
729	604	4.4412
729	648	3.69279
729	802	4.26005
729	846	6.16629
729	856	6.66873
729	908	5.85988
729	983	5.91977
729	986	6.33936
729	997	0
730	26	2.17879
730	258	3.65648
730	405	2.30071
730	489	2.97709
730	610	4.71263
730	676	3.07179
730	718	4.00301
730	767	5.53978
730	849	4.47819
730	856	4.91268
730	858	4.81117
730	864	4.46918
730	875	4.9194
730	888	5.48052
730	898	4.98062
730	908	5.1503
730	925	6.07394
730	952	0
731	133	3.02294
731	253	3.43405
731	254	3.71108
731	264	1.73391
731	351	3.09001
731	384	2.78789
731	394	4.65446
731	405	2.12629
731	424	3.96489
731	578	3.75399
731	593	5.25367
731	748	5.43046
731	781	4.06378
731	784	8.26465
731	924	6.41009
731	974	6.51242
731	991	7.59869
731	998	0
732	22	3.88763
732	164	0.999071
732	184	3.61116
732	480	2.67312
732	552	3.16249
732	553	3.08119
732	601	4.74473
732	619	2.38376
732	635	3.79464
732	654	4.77813
732	684	3.36637
732	807	5.10068
732	892	4.47555
732	899	5.82315
732	928	7.76807
732	953	6.35439
732	969	6.59969
732	977	0
733	161	0.425717
733	198	3.78148
733	325	1.00831
733	331	3.76038
733	548	3.7656
733	561	3.43036
733	627	3.1101
733	711	3.62478
733	792	5.1598
733	851	3.67234
733	882	5.82473
733	898	5.89817
733	902	5.86988
733	909	5.43996
733	958	6.11509
733	970	7.46919
733	978	7.21089
733	1000	0
734	182	2.81419
734	205	0.728489
734	305	2.54013
734	480	3.91162
734	593	3.57843
734	682	3.08727
734	687	3.08932
734	713	2.91702
734	747	3.13519
734	765	4.51025
734	866	5.04836
734	885	6.06704
734	901	5.97021
734	912	5.79431
734	921	6.66894
734	964	7.35681
734	993	8.04868
734	995	0
735	89	1.71897
735	157	2.10869
735	304	1.5679
735	307	3.44466
735	588	3.73487
735	608	3.22712
735	619	3.30425
735	700	5.0179
735	741	3.67478
735	752	5.88002
735	835	4.39448
735	847	4.6598
735	857	5.93129
735	894	5.18982
735	895	6.51447
735	932	5.94822
735	964	7.61822
735	984	0
736	14	1.43095
736	318	4.71599
736	375	4.05334
736	472	2.56631
736	487	2.83152
736	629	4.15269
736	633	4.69247
736	750	3.91553
736	761	4.439
736	787	4.20747
736	797	3.70927
736	815	3.51182
736	829	5.81789
736	865	6.47495
736	929	6.09897
736	952	6.38945
736	965	6.08877
736	970	0
737	52	3.24157
737	228	2.37155
737	243	3.34406
737	432	3.85639
737	457	3.65944
737	473	3.72907
737	529	3.73513
737	540	3.67924
737	615	4.42895
737	671	4.61451
737	678	5.36454
737	793	5.01665
737	842	6.06646
737	850	5.09043
737	894	5.57881
737	942	5.78697
737	946	5.77657
737	952	0
738	180	3.30789
738	352	2.00431
738	450	3.02912
738	656	4.01758
738	684	3.7948
738	775	4.15494
738	776	3.3914
738	789	4.90046
738	855	5.32955
738	868	4.82877
738	871	3.85015
738	875	3.4123
738	877	6.05332
738	878	5.04279
738	920	6.91733
738	959	5.06516
738	969	5.85318
738	987	0
739	279	3.10687
739	356	0.540476
739	421	4.87731
739	556	2.67552
739	558	2.52118
739	625	2.32219
739	752	3.33767
739	767	2.56035
739	795	5.00164
739	814	3.65885
739	832	5.32354
739	876	5.39415
739	907	6.15545
739	942	6.86846
739	953	6.50766
739	966	7.04913
739	976	6.5261
739	983	0
740	310	4.53347
740	358	2.30242
740	397	1.94332
740	404	2.27817
740	495	2.53423
740	573	3.18135
740	619	3.14206
740	681	3.14216
740	706	4.287
740	774	5.3414
740	847	5.18613
740	889	5.15075
740	907	5.4396
740	920	6.27454
740	926	5.72807
740	958	6.97616
740	968	7.46257
740	990	0
741	103	3.31515
741	141	3.14614
741	173	2.79442
741	270	3.28053
741	387	2.3732
741	428	2.98562
741	475	3.95832
741	504	5.58799
741	510	3.44693
741	579	3.6871
741	597	5.0179
741	735	5.80386
741	775	4.22378
741	791	5.41862
741	850	5.61846
741	884	5.82626
741	891	6.78516
741	944	0
742	44	1.52752
742	48	2.07561
742	153	3.58007
742	204	3.65917
742	390	3.32821
742	472	2.87781
742	528	2.78947
742	595	3.8207
742	617	4.92307
742	690	3.89484
742	777	3.59591
742	779	4.8809
742	788	5.1318
742	879	6.12634
742	915	6.88709
742	946	7.06854
742	973	7.42304
742	981	0
743	206	0.000125183
743	241	4.3187
743	321	3.29598
743	383	3.03199
743	530	3.43916
743	684	3.0846
743	787	3.50432
743	823	3.05582
743	841	3.24349
743	858	5.41666
743	905	5.16834
743	928	6.08553
743	960	5.93742
743	962	6.67774
743	966	6.67172
743	974	5.66599
743	975	6.71762
743	998	0
744	260	2.76302
744	332	3.45713
744	394	3.42608
744	396	2.36235
744	502	3.50186
744	576	2.48989
744	639	4.07223
744	655	2.92339
744	720	2.56656
744	770	4.23915
744	824	3.03539
744	826	6.55141
744	937	5.27787
744	945	7.13989
744	950	6.18329
744	969	7.1059
744	982	7.41729
744	994	0
745	100	1.48704
745	138	2.38748
745	420	3.11948
745	583	2.77699
745	595	3.32934
745	628	3.1434
745	637	3.21211
745	660	4.74142
745	723	4.03954
745	772	3.74526
745	778	3.50919
745	806	4.87333
745	842	6.41243
745	954	5.78647
745	958	7.29371
745	961	7.41797
745	973	7.62275
745	996	0
746	56	3.15251
746	192	3.11747
746	261	3.70375
746	306	2.16352
746	318	2.49198
746	382	2.76805
746	418	3.16202
746	549	5.70716
746	639	4.33986
746	701	4.10549
746	757	5.64309
746	808	4.44184
746	815	5.09169
746	876	5.38788
746	886	5.72433
746	900	7.12096
746	964	6.82134
746	970	0
747	74	1.99974
747	347	4.24225
747	373	1.50822
747	409	2.81291
747	420	1.92943
747	436	2.41439
747	489	4.54934
747	566	4.25489
747	586	2.91702
747	734	3.43037
747	765	4.72465
747	768	4.00695
747	848	6.08948
747	921	6.02598
747	924	7.52675
747	989	7.65198
747	993	7.16034
747	999	0
748	59	1.30922
748	230	2.62267
748	239	3.09026
748	405	3.46953
748	473	3.35356
748	537	2.40069
748	578	4.09399
748	618	3.45164
748	640	5.25367
748	731	4.60124
748	796	4.82289
748	812	6.06111
748	861	5.71564
748	881	5.14877
748	883	6.70045
748	924	6.65216
748	940	6.24928
748	946	0
749	114	1.26839
749	121	2.23116
749	173	2.89115
749	187	1.21174
749	286	3.70822
749	444	2.24946
749	565	3.16365
749	634	4.13595
749	668	3.61247
749	725	5.3046
749	810	5.38013
749	846	4.94424
749	875	6.4128
749	892	5.78767
749	899	7.13527
749	928	6.42535
749	958	7.91181
749	977	0
750	167	1.6723
750	175	1.64492
750	242	2.73552
750	559	2.86402
750	697	2.44141
750	717	4.69247
750	736	3.58415
750	799	3.24015
750	811	4.24264
750	835	4.75406
750	853	4.79044
750	877	5.8191
750	904	5.90399
750	951	6.52713
750	958	6.80553
750	971	5.92855
750	981	7.35401
750	995	0
751	60	2.433
751	238	2.44521
751	342	2.12721
751	351	3.08341
751	393	1.30582
751	466	2.80375
751	496	3.34122
751	532	3.10636
751	548	1.7256
751	554	4.25782
751	782	6.0661
751	789	6.07364
751	872	6.30269
751	901	7.4259
751	980	7.66272
751	981	6.85054
751	984	7.80568
751	996	0
752	216	1.89918
752	346	0.000847063
752	363	2.89039
752	436	2.65876
752	646	2.86405
752	687	3.67478
752	735	2.32219
752	739	2.31756
752	777	5.93496
752	778	5.92742
752	942	5.91529
752	944	5.9766
752	951	5.84398
752	952	6.64043
752	953	6.27963
752	966	6.34451
752	974	6.8211
752	976	0
753	34	3.7184
753	303	3.8627
753	461	3.18881
753	496	2.30967
753	562	3.8936
753	576	1.59547
753	582	1.49572
753	606	4.64578
753	833	5.50111
753	838	4.73278
753	865	5.92588
753	887	6.00177
753	894	4.55567
753	914	5.51567
753	939	5.27869
753	943	5.40452
753	956	6.16122
753	972	6.66972
753	991	0
754	344	1.11264
754	409	2.5737
754	536	2.44972
754	555	2.39215
754	588	3.48484
754	699	4.28663
754	762	3.71844
754	799	2.80132
754	801	3.55371
754	806	4.87891
754	813	3.61137
754	848	6.09337
754	896	5.8698
754	912	6.50287
754	957	6.56853
754	964	7.13116
754	989	7.2564
754	993	7.35539
754	994	0
755	19	2.45017
755	37	1.68733
755	70	2.208
755	159	1.69391
755	220	2.0754
755	302	3.93162
755	465	3.84561
755	514	2.14135
755	526	3.3179
755	535	3.58088
755	559	4.62701
755	585	4.77968
755	760	6.29601
755	892	5.95498
755	947	8.9681
755	950	9.05483
755	963	6.10501
755	969	7.37616
755	978	0
756	42	3.52611
756	118	4.0345
756	264	3.41906
756	290	4.35425
756	495	2.59556
756	525	1.35759
756	533	5.24119
756	537	4.28831
756	578	4.35149
756	600	3.39606
756	766	4.08428
756	801	6.71051
756	812	4.25913
756	837	6.18478
756	839	4.59662
756	878	5.87503
756	950	5.53748
756	979	6.29025
756	989	0
757	24	1.75654
757	402	1.93801
757	420	2.44318
757	649	3.36938
757	671	4.10549
757	746	4.1685
757	761	4.62481
757	805	4.09586
757	813	3.96224
757	815	4.61209
757	876	5.31032
757	896	5.24473
757	900	4.93482
757	937	5.64984
757	939	6.41188
757	947	6.34174
757	970	6.15365
757	989	6.88421
757	996	0
758	135	2.84499
758	158	2.20044
758	198	2.94003
758	340	1.98791
758	373	2.57445
758	439	3.9464
758	552	4.31659
758	557	3.81401
758	613	4.32874
758	670	4.05243
758	700	4.50818
758	782	5.37093
758	788	5.23407
758	797	4.48983
758	820	6.43886
758	952	6.30558
758	975	7.67625
758	980	8.05603
758	996	0
759	146	2.84009
759	164	1.64633
759	184	3.01276
759	335	3.91173
759	368	2.84191
759	577	4.03112
759	675	3.27512
759	687	5.21599
759	704	4.75957
759	726	4.84855
759	791	4.29572
759	799	4.8634
759	803	4.10958
759	812	4.9614
759	815	5.49513
759	842	6.24322
759	884	6.00959
759	890	7.94999
759	983	0
760	76	3.15003
760	162	2.71076
760	192	2.16135
760	204	1.40831
760	235	3.05522
760	293	2.04861
760	303	3.47492
760	310	2.99689
760	476	4.03902
760	539	4.67383
760	556	4.06249
760	650	5.15038
760	681	4.77968
760	755	5.3054
760	883	8.28285
760	926	7.24547
760	932	6.47581
760	959	9.47088
760	990	0
761	15	2.29908
761	247	3.13575
761	312	2.81321
761	336	3.2886
761	365	3.3018
761	413	3.29419
761	569	3.69528
761	612	3.77036
761	708	3.91553
761	736	4.1685
761	757	5.09949
761	786	4.50485
761	815	4.91022
761	819	5.73737
761	855	5.78734
761	900	6.57288
761	903	6.89455
761	952	7.18504
761	965	0
762	105	0.021498
762	124	4.21691
762	178	1.44219
762	244	2.22972
762	271	4.52239
762	457	2.60115
762	683	4.10107
762	716	4.28663
762	754	3.93118
762	824	2.72742
762	826	4.66007
762	873	5.11469
762	875	5.60194
762	903	6.02508
762	955	6.52287
762	959	7.08258
762	973	7.10932
762	994	7.28955
762	1000	0
763	123	0.492877
763	148	2.91938
763	306	2.41461
763	377	1.62245
763	457	2.4086
763	489	1.21805
763	524	2.46093
763	630	4.71885
763	768	5.41561
763	775	3.30171
763	790	4.09356
763	799	6.71172
763	863	5.82546
763	872	6.80801
763	939	6.99329
763	965	6.15989
763	972	8.33349
763	979	8.49652
763	985	0
764	35	2.80101
764	52	3.02692
764	114	4.79804
764	153	1.55738
764	280	4.24651
764	294	3.32649
764	300	5.94064
764	309	3.25979
764	349	2.39356
764	420	2.64066
764	542	3.31619
764	623	3.48275
764	662	4.22033
764	829	6.78006
764	860	6.12756
764	862	6.86742
764	947	6.80748
764	952	6.79729
764	970	0
765	53	2.52059
765	307	1.79571
765	344	3.76572
765	474	2.00118
765	527	2.65435
765	544	3.13437
765	700	3.98534
765	711	3.13519
765	734	3.43037
765	747	4.70332
765	782	4.22512
765	848	5.27534
765	890	4.96922
765	904	6.48355
765	912	6.30765
765	921	7.40214
765	971	7.74492
765	989	7.44496
765	1000	0
766	51	2.6046
766	158	1.79044
766	342	3.48708
766	356	2.97902
766	393	3.42331
766	400	3.37392
766	599	3.29094
766	614	4.10745
766	657	3.39606
766	756	5.50234
766	840	5.56724
766	841	5.98594
766	882	5.04938
766	911	5.1142
766	912	6.53554
766	918	6.33278
766	930	5.6815
766	936	6.82261
766	948	0
767	12	3.48046
767	53	1.75926
767	158	3.92825
767	454	3.87882
767	531	4.41218
767	556	3.66154
767	585	3.46354
767	642	5.47948
767	716	4.68079
767	718	4.00301
767	730	3.33767
767	739	3.50735
767	784	4.1112
767	818	4.67194
767	825	5.73108
767	885	6.58963
767	908	5.99313
767	973	6.02826
767	987	0
768	177	2.60019
768	206	1.78135
768	280	1.14078
768	287	2.60471
768	317	2.93901
768	451	4.19966
768	456	3.37403
768	521	2.88565
768	533	4.72465
768	747	4.71885
768	763	3.66222
768	788	4.36731
768	811	5.40911
768	825	5.9481
768	904	6.64527
768	949	7.71745
768	957	6.96039
768	985	8.68602
768	995	0
769	55	1.09475
769	64	3.17151
769	215	1.812
769	307	1.17751
769	316	3.49116
769	405	2.81796
769	515	3.55212
769	539	2.91552
769	834	5.44073
769	837	4.89934
769	845	5.3349
769	859	6.1869
769	897	6.12363
769	911	5.72506
769	927	6.19232
769	964	6.73697
769	970	7.59775
769	998	7.94418
769	999	0
770	47	0.00416945
770	124	0.0188017
770	270	3.6373
770	316	1.75055
770	333	3.08125
770	529	2.99193
770	592	2.29494
770	651	3.68025
770	666	2.56656
770	744	5.56075
770	903	6.20225
770	937	5.98388
770	955	6.75674
770	982	6.90413
770	989	6.39867
770	993	7.06812
770	994	7.63469
770	996	7.24835
770	1000	0
771	68	2.51161
771	155	3.10836
771	407	2.89149
771	410	3.53003
771	491	2.74367
771	502	3.10581
771	605	3.29101
771	640	2.20576
771	644	4.36563
771	783	4.49591
771	843	6.83594
771	880	5.41859
771	882	5.30386
771	898	5.96819
771	918	5.76542
771	930	6.25526
771	948	6.65666
771	956	5.82588
771	962	0
772	44	3.59634
772	224	2.69076
772	251	4.06517
772	265	2.87492
772	346	3.62977
772	361	2.32793
772	379	4.02894
772	557	3.56282
772	594	3.34347
772	644	4.58346
772	649	4.32072
772	708	4.03954
772	745	3.61803
772	778	4.13551
772	802	6.57788
772	929	7.16649
772	961	7.29075
772	973	7.58268
772	984	0
773	12	2.06567
773	31	3.53776
773	134	1.7027
773	189	2.52313
773	201	0.907039
773	311	3.5518
773	440	4.81708
773	451	1.67312
773	496	4.2113
773	632	6.07728
773	794	5.07579
773	833	5.71651
773	837	5.17512
773	845	6.3994
773	911	5.87308
773	913	6.00084
773	927	7.03978
773	936	8.26458
773	983	0
774	85	2.0844
774	201	1.47646
774	212	3.84424
774	267	2.42797
774	271	5.34448
774	344	3.00257
774	391	2.87728
774	479	4.42159
774	559	4.18006
774	573	3.78025
774	612	4.78799
774	706	3.38945
774	721	4.287
774	740	5.59427
774	779	5.25568
774	786	6.25219
774	874	7.92037
774	926	6.74783
774	972	9.1084
774	990	0
775	58	1.08993
775	81	2.01853
775	169	1.57199
775	190	3.3386
775	334	3.65772
775	431	2.43239
775	501	4.32281
775	539	3.39572
775	605	4.97544
775	647	3.7948
775	738	5.80386
775	741	5.41561
775	763	4.52444
775	790	7.04819
775	872	6.24809
775	873	5.36621
775	912	6.35675
775	955	9.55622
775	979	7.05333
775	991	0
776	18	1.38393
776	290	3.34022
776	339	3.40443
776	494	2.5741
776	550	3.08809
776	592	4.28439
776	692	4.15494
776	738	3.96902
776	787	4.11868
776	789	4.82628
776	804	5.44176
776	818	4.73466
776	820	5.53512
776	829	5.46488
776	834	6.40115
776	852	5.62773
776	855	6.05682
776	868	6.18632
776	923	7.64461
776	959	0
777	500	3.59514
777	602	2.99611
777	628	3.89484
777	742	2.31756
777	752	3.70048
777	787	2.55572
777	795	4.353
777	801	3.00004
777	819	3.65422
777	832	4.13877
777	858	4.95075
777	871	5.05456
777	890	6.15082
777	942	5.03711
777	947	6.2
777	951	5.30003
777	952	6.50303
777	966	7.0445
777	976	6.09041
777	990	0
778	48	3.43228
778	115	4.94849
778	435	1.62153
778	437	1.82663
778	452	3.45958
778	552	3.26854
778	594	2.79061
778	660	5.56139
778	697	4.31992
778	723	4.93773
778	727	3.74526
778	745	5.93496
778	752	3.61803
778	772	3.52399
778	828	5.96978
778	830	6.47533
778	886	6.1382
778	919	6.87221
778	961	6.99647
778	973	0
779	116	3.05956
779	242	3.13975
779	305	2.10362
779	422	4.24318
779	463	2.58464
779	552	2.51293
779	571	3.69032
779	610	4.80428
779	663	5.07725
779	686	4.36558
779	715	3.85605
779	717	3.59591
779	742	5.59427
779	774	6.89167
779	897	5.25462
779	915	6.57925
779	931	6.3145
779	980	6.55132
779	981	6.69428
779	996	0
780	109	2.51349
780	232	2.65495
780	257	1.70023
780	265	1.37099
780	315	2.7184
780	444	2.77009
780	607	3.17219
780	670	4.27881
780	704	4.22476
780	781	5.69791
780	896	6.38075
780	901	5.7777
780	906	5.9384
780	935	6.67178
780	936	4.264
780	945	5.76027
780	967	6.68362
780	968	7.37315
780	987	7.26379
780	995	0
781	59	4.86686
781	145	2.0744
781	217	3.18134
781	298	3.1443
781	401	4.05793
781	495	3.91317
781	516	2.05139
781	534	5.65495
781	647	4.26965
781	715	5.43046
781	731	4.22476
781	780	4.15143
781	836	4.66401
781	860	6.01884
781	865	5.45333
781	881	5.96645
781	899	5.81432
781	901	5.21127
781	906	6.80673
781	987	0
782	137	3.48672
782	248	2.04386
782	259	3.67537
782	338	3.77047
782	420	3.79456
782	446	3.17254
782	566	2.33998
782	595	2.94376
782	672	4.25782
782	751	4.50818
782	758	4.70332
782	765	4.88091
782	832	4.02314
782	834	5.67685
782	915	6.84761
782	940	7.4942
782	967	6.73674
782	980	6.97355
782	981	7.11652
782	996	0
783	72	2.66203
783	76	3.17377
783	95	2.48982
783	186	3.99348
783	215	3.79833
783	428	4.36334
783	491	4.15181
783	498	3.78769
783	523	3.717
783	546	3.47213
783	599	3.38916
783	614	4.36563
783	771	5.60055
783	840	5.16148
783	843	4.9621
783	850	5.41588
783	900	6.43099
783	930	6.92082
783	948	8.4082
783	994	0
784	67	2.35907
784	91	4.34629
784	284	2.88152
784	294	2.77529
784	463	2.91704
784	531	2.55348
784	563	3.68403
784	628	4.6868
784	666	3.88633
784	673	4.8356
784	674	4.06378
784	731	3.50735
784	767	4.65566
784	785	5.39452
784	898	7.8116
784	920	5.60724
784	921	8.21708
784	932	6.61778
784	953	5.91654
784	962	0
785	10	2.00307
785	161	2.61603
785	175	1.50027
785	183	2.00562
785	196	2.34137
785	346	2.1308
785	472	2.90119
785	500	3.49755
785	695	4.20736
785	696	4.31177
785	711	4.65566
785	784	5.63851
785	843	5.86989
785	856	5.97821
785	881	7.0264
785	898	7.09983
785	902	7.07155
785	909	7.3514
785	932	8.67085
785	978	0
786	20	3.26144
786	78	1.68797
786	128	0.791154
786	139	2.31209
786	341	2.62158
786	354	3.16438
786	474	3.15977
786	521	2.67139
786	533	5.09949
786	761	5.25568
786	774	5.33328
786	814	5.19486
786	825	6.16604
786	852	6.64398
786	883	5.13387
786	900	5.36431
786	912	7.50319
786	957	7.27693
786	970	8.47177
786	995	0
787	166	2.17987
787	277	2.26059
787	618	3.40914
787	686	4.439
787	736	3.0846
787	743	3.96902
787	776	3.70048
787	777	3.71523
787	795	4.23691
787	817	3.86725
787	854	3.80434
787	900	4.2352
787	905	5.13497
787	918	4.73835
787	921	7.31033
787	942	7.35951
787	951	7.66254
787	966	5.75906
787	973	8.20401
787	976	5.67508
787	981	0
788	233	0.34803
788	313	1.51161
788	350	1.47941
788	466	4.07103
788	579	3.52415
788	667	3.45932
788	724	4.8809
788	742	5.37093
788	758	3.66222
788	768	4.81661
788	838	4.9961
788	901	4.57215
788	907	5.07776
788	934	7.30035
788	946	5.82136
788	957	5.14948
788	958	5.32617
788	961	7.8363
788	981	7.97927
788	996	6.18357
788	997	0
789	75	2.95325
789	282	3.20506
789	322	2.89949
789	416	3.82333
789	425	2.06415
789	435	4.31277
789	474	5.33224
789	564	3.98132
789	684	3.9053
789	702	3.3914
789	738	6.0661
789	751	4.11868
789	776	6.02254
789	819	4.70135
789	834	4.8642
789	855	5.29329
789	868	6.01706
789	878	6.57812
789	885	7.26112
789	902	6.88107
789	959	0
790	128	2.11929
790	144	2.4347
790	283	1.98176
790	327	3.9893
790	341	0.326884
790	524	4.50012
790	572	4.43425
790	644	2.86154
790	647	2.61565
790	663	5.72648
790	692	3.30171
790	763	4.52444
790	775	6.84559
790	808	5.82055
790	863	7.07472
790	868	4.93429
790	872	6.7135
790	890	7.62769
790	941	7.44232
790	979	7.60536
790	985	0
791	225	3.11771
791	243	2.92412
791	264	2.1947
791	428	3.30323
791	471	2.80713
791	475	3.66109
791	574	2.93956
791	636	2.75243
791	680	4.22378
791	741	4.84855
791	759	5.06347
791	802	4.94569
791	822	5.33593
791	838	6.53588
791	867	5.43996
791	884	5.07336
791	886	6.60666
791	944	7.46314
791	965	7.00069
791	967	7.14673
791	983	0
792	153	3.05227
792	200	1.65931
792	378	2.13055
792	500	2.38194
792	605	3.73703
792	647	2.76885
792	698	3.54113
792	711	3.62478
792	733	4.78435
792	831	4.16666
792	847	4.90254
792	849	5.59083
792	851	6.25576
792	898	6.3292
792	902	6.30091
792	909	4.35243
792	912	7.00067
792	926	5.7138
792	943	7.90022
792	978	7.36085
792	1000	0
793	119	3.53948
793	235	1.35218
793	284	3.68729
793	293	4.34737
793	301	3.96601
793	473	4.22755
793	482	4.58894
793	513	4.28766
793	538	4.0417
793	540	4.61751
793	563	4.51495
793	624	4.33528
793	653	3.04987
793	699	3.9553
793	714	5.36454
793	737	6.37303
793	850	5.90738
793	863	5.795
793	870	6.6223
793	940	7.89259
793	999	0
794	118	2.04984
794	234	1.74331
794	276	3.69882
794	330	3.17142
794	413	3.85802
794	511	4.24855
794	534	3.33619
794	608	3.38353
794	622	4.39627
794	627	4.78526
794	726	6.07728
794	773	3.88326
794	805	5.20568
794	829	5.48135
794	835	5.59601
794	862	5.53262
794	894	5.76083
794	898	7.26404
794	941	7.21954
794	984	7.12197
794	986	0
795	166	1.73429
795	177	3.1221
795	617	2.94269
795	640	2.56035
795	739	2.55572
795	777	3.71523
795	787	4.43629
795	815	3.09216
795	817	3.01479
795	819	5.41577
795	840	5.44739
795	852	6.38241
795	922	5.23184
795	941	6.16558
795	942	6.21476
795	951	6.87859
795	953	6.51779
795	966	7.05925
795	976	6.88821
795	978	6.52032
795	990	0
796	211	2.27935
796	221	2.37051
796	253	2.13547
796	394	2.4685
796	486	3.37564
796	600	4.41156
796	666	4.67816
796	669	4.66658
796	686	3.65406
796	709	3.72986
796	719	5.84573
796	727	4.60124
796	748	5.73466
796	812	4.24117
796	832	5.20893
796	839	6.47163
796	859	7.31515
796	880	7.56393
796	940	6.30509
796	962	6.8372
796	985	0
797	117	3.64499
797	218	2.54851
797	360	4.12565
797	383	2.18484
797	510	4.04751
797	511	4.25433
797	524	4.56402
797	661	3.86176
797	662	4.10888
797	728	4.20747
797	736	5.23407
797	758	4.62432
797	798	4.77153
797	804	4.66047
797	821	4.4936
797	832	5.29316
797	865	5.24077
797	899	7.0103
797	930	7.24643
797	947	7.1763
797	970	0
798	108	2.37222
798	127	2.8184
798	142	3.03482
798	300	2.10189
798	420	3.6957
798	463	3.89334
798	661	3.1679
798	691	3.4382
798	728	4.62432
798	797	5.32736
798	808	5.23557
798	839	5.34769
798	846	4.4712
798	850	4.77596
798	876	5.40861
798	900	6.56959
798	961	6.52339
798	964	6.8063
798	965	6.50562
798	970	7.9173
798	994	0
799	148	3.0508
799	269	2.7158
799	462	2.50918
799	525	2.36314
799	616	4.08297
799	656	2.58553
799	676	3.55805
799	697	3.58415
799	750	3.71844
799	754	4.29572
799	759	4.09356
799	763	5.48447
799	877	4.85555
799	885	6.29
799	896	6.51313
799	904	7.22116
799	958	5.76151
799	969	7.49955
799	971	6.5144
799	973	7.07831
799	992	0
800	148	2.57674
800	177	2.11207
800	182	3.82799
800	248	3.70818
800	349	3.68681
800	516	3.00887
800	533	3.12879
800	543	4.60734
800	585	2.85169
800	610	4.27563
800	629	4.80516
800	681	4.97476
800	725	5.67075
800	814	5.00528
800	815	5.03297
800	824	4.1636
800	832	6.99576
800	879	6.98145
800	883	7.12728
800	970	8.80924
800	995	0
801	23	2.83794
801	43	3.02174
801	117	1.38244
801	182	3.58727
801	415	2.77244
801	588	2.17924
801	615	3.86513
801	699	2.80132
801	754	4.08428
801	756	4.353
801	777	6.28288
801	822	4.23745
801	842	3.99166
801	848	4.79013
801	866	6.68431
801	873	7.73665
801	932	7.62668
801	963	6.94882
801	964	7.51146
801	989	7.63669
801	993	0
802	128	1.94547
802	199	4.5908
802	355	2.93996
802	403	2.12232
802	427	3.30808
802	660	2.57189
802	664	3.43568
802	679	4.64623
802	710	3.69279
802	729	4.13551
802	772	5.06347
802	791	4.04146
802	828	5.3234
802	868	5.04657
802	875	5.98341
802	895	6.65567
802	919	6.37446
802	952	7.0043
802	953	7.38968
802	961	7.51394
802	973	0
803	48	3.89757
803	116	1.85021
803	245	3.94606
803	268	2.05115
803	281	3.43627
803	410	3.47077
803	422	3.58197
803	508	3.59697
803	532	4.28649
803	593	3.2849
803	595	3.81941
803	613	4.8634
803	759	5.05378
803	807	4.89877
803	838	5.75593
803	894	7.38252
803	946	7.20145
803	956	6.09027
803	960	7.68165
803	980	8.06143
803	996	0
804	192	2.46258
804	197	3.5329
804	235	4.30183
804	341	3.64406
804	432	4.22097
804	482	4.02906
804	529	4.03513
804	540	2.33208
804	554	4.9467
804	623	4.50837
804	624	4.9145
804	678	5.33938
804	688	3.59716
804	703	4.82628
804	776	4.77153
804	797	6.36645
804	850	4.98038
804	870	5.68957
804	938	7.37762
804	968	7.13459
804	978	0
805	6	1.94365
805	56	1.91533
805	112	2.10076
805	280	2.43047
805	428	4.47021
805	469	3.16177
805	580	4.61854
805	591	3.50635
805	627	4.62481
805	757	3.88326
805	794	4.82484
805	821	4.76371
805	829	5.08019
805	852	5.61101
805	876	7.35086
805	952	6.14191
805	954	7.64135
805	965	7.34066
805	970	5.46973
805	972	6.55004
805	997	0
806	71	2.10173
806	102	3.13062
806	175	3.63385
806	509	2.9739
806	603	3.12743
806	616	3.65144
806	633	3.43337
806	652	3.63296
806	701	3.50919
806	745	3.55371
806	754	6.21238
806	853	4.45786
806	854	6.24876
806	877	5.14323
806	909	5.21229
806	923	6.09103
806	930	7.98544
806	958	8.26384
806	971	6.86794
806	978	6.21583
806	979	0
807	138	1.03814
807	286	2.22715
807	357	1.94336
807	446	3.42013
807	549	2.07586
807	565	3.34859
807	610	4.7474
807	693	3.36637
807	732	5.05378
807	803	3.45234
807	834	5.69817
807	855	6.09616
807	871	6.24305
807	873	4.99606
807	886	6.2392
807	892	5.61407
807	899	6.96167
807	928	6.18278
807	931	7.49292
807	969	7.73821
807	977	0
808	2	3.13135
808	99	4.25119
808	254	2.16261
808	281	3.22151
808	318	2.16174
808	329	3.26887
808	330	2.26269
808	349	3.43498
808	535	4.62209
808	629	3.92028
808	635	4.5648
808	662	5.46311
808	692	4.81192
808	728	5.64309
808	746	6.84559
808	790	5.32736
808	798	5.78049
808	893	6.78233
808	900	7.88953
808	952	7.16676
808	982	7.01423
808	985	0
809	308	2.40407
809	335	3.73123
809	353	4.22945
809	480	1.82361
809	506	2.30595
809	534	2.61825
809	541	4.08751
809	701	4.45252
809	811	3.98056
809	816	5.53178
809	828	4.40598
809	836	4.91857
809	860	5.70788
809	881	6.1102
809	895	6.06887
809	901	5.46583
809	906	6.58562
809	915	5.62652
809	935	6.73812
809	958	6.5135
809	962	7.06128
809	987	0
810	131	1.87899
810	235	2.61251
810	236	2.67583
810	376	2.85208
810	428	4.19733
810	470	3.4645
810	475	3.17678
810	477	4.21837
810	537	3.88523
810	675	4.3665
810	686	4.19834
810	698	5.3046
810	749	4.72072
810	812	5.60306
810	822	4.92181
810	831	6.30514
810	891	7.26403
810	944	5.84789
810	945	6.87659
810	946	7.8041
810	983	7.54133
810	987	0
811	123	1.8196
811	163	2.45612
811	174	2.68174
811	362	2.45558
811	420	4.29158
811	478	3.30848
811	562	2.37319
811	575	3.98622
811	653	5.41424
811	694	3.24015
811	750	4.36731
811	768	4.45252
811	809	6.69805
811	820	7.68275
811	871	7.73953
811	889	8.34949
811	923	5.07042
811	928	5.97845
811	943	5.56807
811	975	6.17427
811	976	7.6255
811	1000	0
812	57	2.23253
812	63	2.59215
812	253	3.00327
812	254	3.2803
812	264	2.96551
812	278	2.57599
812	325	2.82767
812	612	3.19948
812	682	4.82289
812	748	6.71051
812	756	4.10958
812	759	5.73466
812	796	4.72072
812	810	5.43057
812	839	4.82531
812	843	6.69327
812	859	7.78557
812	940	6.44763
812	956	6.44172
812	993	7.36586
812	994	7.37738
812	998	0
813	27	2.77897
813	120	2.54919
813	126	2.50113
813	136	3.62158
813	148	3.04488
813	240	3.538
813	275	4.03389
813	633	4.27746
813	648	4.57955
813	693	5.30664
813	710	4.87891
813	754	4.09586
813	757	4.99273
813	833	6.00255
813	856	5.99355
813	875	5.64644
813	885	6.44377
813	888	6.56017
813	895	5.72015
813	900	6.50499
813	908	7.10618
813	944	0
814	56	4.62255
814	170	2.77868
814	198	4.03691
814	248	3.98094
814	336	4.01481
814	389	3.45281
814	392	3.27533
814	403	4.11423
814	424	3.89573
814	516	4.26599
814	565	3.99585
814	567	4.81614
814	580	3.06061
814	610	5.31907
814	693	5.00164
814	739	5.33328
814	786	5.67075
814	800	5.74126
814	825	5.78974
814	919	7.78482
814	986	9.01817
814	995	0
815	300	3.4019
815	402	3.80041
815	451	3.85349
815	522	3.197
815	623	3.99193
815	659	4.06582
815	661	3.70927
815	736	4.44184
815	746	3.96224
815	757	4.9614
815	759	4.50485
815	761	4.43629
815	795	5.00528
815	800	4.10114
815	829	4.58515
815	830	5.90884
815	841	5.70349
815	891	5.94665
815	898	6.74823
815	947	6.97878
815	965	6.6781
815	970	0
816	46	3.2328
816	68	3.20215
816	155	3.18183
816	169	4.63576
816	379	1.63673
816	506	3.48375
816	536	3.53394
816	643	3.22455
816	687	3.60994
816	713	3.98056
816	809	4.21909
816	836	4.73168
816	860	6.67607
816	903	5.27894
816	906	5.98719
816	922	6.68778
816	933	5.43964
816	935	7.41617
816	970	7.74609
816	978	7.09399
816	979	6.8744
816	987	0
817	304	4.07165
817	337	0.000323473
817	339	2.49318
817	424	2.50393
817	538	4.13158
817	602	1.63751
817	618	3.05298
817	625	4.82294
817	661	4.14027
817	668	4.23691
817	787	3.09216
817	795	5.27233
817	839	5.50588
817	860	7.05592
817	927	6.68725
817	942	6.73643
817	951	7.40027
817	953	7.03947
817	966	6.77698
817	974	7.58093
817	976	7.06683
817	990	0
818	1	3.66818
818	160	2.78724
818	219	4.52745
818	320	4.14262
818	329	2.60658
818	387	3.02755
818	478	4.06827
818	594	5.31413
818	596	4.29286
818	616	4.19828
818	619	4.58501
818	641	3.7577
818	655	3.62655
818	658	5.72327
818	680	4.1112
818	767	5.44176
818	776	5.74176
818	848	6.92089
818	849	7.61375
818	852	6.60493
818	867	9.09139
818	967	0
819	80	3.03141
819	89	4.19496
819	320	2.58166
819	346	3.12878
819	540	2.84616
819	577	2.97562
819	625	4.91022
819	761	3.00004
819	777	6.02254
819	789	3.01479
819	795	5.20618
819	828	4.1133
819	832	5.07249
819	838	5.49938
819	842	4.96257
819	879	6.60989
819	942	6.65907
819	951	7.3229
819	953	6.9621
819	966	7.50357
819	976	6.72
819	985	0
820	187	2.47615
820	216	2.70849
820	362	3.56966
820	375	2.04727
820	386	3.52421
820	439	3.0104
820	476	2.64886
820	498	3.33523
820	562	4.01297
820	653	4.48983
820	758	4.73466
820	776	6.69805
820	811	3.94031
820	831	5.12477
820	842	8.04424
820	887	7.76627
820	889	8.37624
820	923	5.79097
820	955	6.2146
820	961	5.77181
820	969	7.04297
820	978	6.98636
820	999	0
821	1	3.22984
821	101	2.23676
821	108	3.44767
821	190	3.26672
821	193	2.47063
821	336	2.38515
821	542	6.06143
821	564	3.28452
821	629	4.98071
821	632	4.9759
821	651	3.92949
821	661	4.55585
821	680	5.07477
821	721	4.66047
821	797	4.82484
821	805	6.87889
821	836	4.81212
821	876	8.70751
821	930	6.61191
821	947	6.55197
821	952	6.84246
821	965	6.54177
821	970	0
822	36	2.36188
822	59	5.05924
822	111	4.03706
822	141	3.61369
822	239	3.1099
822	335	2.91886
822	376	4.19924
822	384	3.0951
822	428	3.38698
822	462	4.44036
822	470	5.14362
822	507	4.12625
822	526	3.83996
822	636	3.88631
822	654	4.94569
822	791	6.28288
822	801	5.60306
822	810	6.54817
822	891	6.73692
822	917	6.96699
822	947	7.51361
822	964	8.04713
822	983	0
823	10	5.06127
823	69	2.80476
823	266	2.07584
823	389	1.82779
823	417	3.34286
823	499	2.53099
823	628	2.60527
823	645	3.08724
823	649	3.47138
823	724	3.50432
823	743	5.79684
823	827	4.67584
823	843	6.2706
823	914	6.99362
823	943	7.11945
823	956	5.61907
823	959	6.47918
823	965	7.87615
823	972	6.24661
823	983	6.59862
823	988	6.32916
823	990	8.38465
823	991	0
824	203	2.56074
824	227	1.81849
824	383	4.20136
824	503	3.11634
824	520	2.92353
824	554	3.96258
824	630	2.69813
824	634	3.81332
824	639	4.20766
824	684	3.58989
824	713	4.24682
824	720	4.23915
824	744	3.93118
824	762	5.03297
824	800	5.99405
824	859	5.41868
824	911	6.42396
824	925	7.65648
824	955	7.02847
824	985	7.77168
824	992	8.74072
824	994	8.92095
824	1000	0
825	50	2.91651
825	54	2.77185
825	149	2.49243
825	249	3.84841
825	294	3.05592
825	307	3.13274
825	451	2.56517
825	487	2.55082
825	512	3.17678
825	553	3.85744
825	567	5.58354
825	726	4.67194
825	767	5.40911
825	768	5.19486
825	786	5.74126
825	814	5.90073
825	854	7.06627
825	879	6.55911
825	898	6.65955
825	917	7.91118
825	957	7.6587
825	979	8.87975
825	995	0
826	165	3.04603
826	339	3.25133
826	402	3.93684
826	644	3.02879
826	683	4.67959
826	686	2.03226
826	691	3.43242
826	708	3.45838
826	717	3.04306
826	720	3.03539
826	744	2.72742
826	762	5.53947
826	848	6.02959
826	903	6.59442
826	913	5.16213
826	919	6.75161
826	933	6.67108
826	937	6.45272
826	955	7.26798
826	966	7.22557
826	982	7.14297
826	993	7.53696
826	994	0
827	139	2.35115
827	168	1.0834
827	229	4.67296
827	423	2.54181
827	492	4.0827
827	558	3.10807
827	564	5.09466
827	573	2.75743
827	577	2.8978
827	586	2.85399
827	625	3.01238
827	632	3.53391
827	644	3.8271
827	724	5.79684
827	823	6.80343
827	865	6.62632
827	914	6.73245
827	917	6.87364
827	960	7.50914
827	964	8.46565
827	968	8.23187
827	972	7.99315
827	986	0
828	346	2.23388
828	379	5.13322
828	468	2.40235
828	562	4.60718
828	563	2.89821
828	583	2.92213
828	637	2.25465
828	664	4.28321
828	701	4.52016
828	723	3.52399
828	778	4.04146
828	802	5.53178
828	809	5.20618
828	819	5.48387
828	879	5.66618
828	895	5.63151
828	911	6.79652
828	918	6.33843
828	919	6.48383
828	929	7.07244
828	961	7.1967
828	973	7.45573
828	987	0
829	109	3.33589
829	212	4.48317
829	513	3.35699
829	575	2.99954
829	623	3.86836
829	661	4.00564
829	674	4.23993
829	675	4.29872
829	700	3.70728
829	713	3.51182
829	736	4.22033
829	764	5.53512
829	776	5.20568
829	794	4.76371
829	805	4.10114
829	815	5.38363
829	900	6.18706
829	941	6.55077
829	947	6.49083
829	952	6.78132
829	965	7.16311
829	967	6.48064
829	970	0
830	125	2.21476
830	179	3.50445
830	323	3.78929
830	332	3.3371
830	416	4.11949
830	463	3.15015
830	519	3.52231
830	539	3.89767
830	563	3.22553
830	592	5.04249
830	626	3.54577
830	650	5.23052
830	673	6.17979
830	674	5.96978
830	778	4.58515
830	815	4.43154
830	836	5.52952
830	871	5.49007
830	889	9.1558
830	920	9.56128
830	932	6.02438
830	949	6.3395
830	985	0
831	20	1.54257
831	33	1.69523
831	168	2.38171
831	223	2.8591
831	500	3.98148
831	598	3.17733
831	601	3.17541
831	638	4.26968
831	711	4.78435
831	792	4.92181
831	810	3.94031
831	820	4.12085
831	850	6.31938
831	851	6.98431
831	898	7.05775
831	902	5.33775
831	904	7.02946
831	909	5.75204
831	910	8.62876
831	978	6.35003
831	985	7.14827
831	989	7.87883
831	996	0
832	346	1.08821
832	363	3.19511
832	383	3.01181
832	522	4.7084
832	602	3.62981
832	625	4.20462
832	681	3.72088
832	723	3.65885
832	739	3.65422
832	777	4.88091
832	782	4.24117
832	796	4.4936
832	797	4.1636
832	800	4.1133
832	819	6.0605
832	933	5.18142
832	936	7.31326
832	951	5.69839
832	952	7.97709
832	953	7.61629
832	966	8.15776
832	976	6.30125
832	991	0
833	4	3.00152
833	28	2.32123
833	92	4.77501
833	170	2.63852
833	217	3.98348
833	430	2.81538
833	435	3.59202
833	493	3.21281
833	498	3.91486
833	705	3.07731
833	708	4.90298
833	712	4.64578
833	753	5.07579
833	773	4.99273
833	813	5.52259
833	853	7.61421
833	897	7.02461
833	913	6.64154
833	932	5.4457
833	935	5.67871
833	969	7.48072
833	998	9.37149
833	999	0
834	152	2.7253
834	180	3.42509
834	345	3.41035
834	435	3.31425
834	450	3.67077
834	592	2.91552
834	769	5.46488
834	776	4.02314
834	782	4.70135
834	789	3.45234
834	807	6.2104
834	855	4.66286
834	861	3.95708
834	863	6.63949
834	868	7.36327
834	878	5.49311
834	922	4.34254
834	941	8.22728
834	959	5.12433
834	964	5.60835
834	986	6.82211
834	995	6.02794
834	997	0
835	11	1.82954
835	168	3.03273
835	234	1.84671
835	273	3.88002
835	279	4.37217
835	310	4.11951
835	447	3.87861
835	461	3.3903
835	571	4.16186
835	583	5.37916
835	627	4.6581
835	654	3.88847
835	700	5.88002
835	735	4.24264
835	750	5.48135
835	794	6.5789
835	862	5.61372
835	883	5.68499
835	885	7.52719
835	886	6.31511
835	889	6.51551
835	894	8.26781
835	926	8.38145
835	994	0
836	106	2.70487
836	233	3.56124
836	461	3.95071
836	525	3.32517
836	545	3.84059
836	572	3.04287
836	654	3.64997
836	687	3.85702
836	722	4.15143
836	781	4.40598
836	809	4.21909
836	816	6.87889
836	821	4.43154
836	830	5.11642
836	847	5.1571
836	860	4.9634
836	862	5.94642
836	881	6.30741
836	901	6.41261
836	922	7.13999
836	948	6.53205
836	949	7.29982
836	987	7.13994
836	993	0
837	81	2.02494
837	107	3.21488
837	244	3.85372
837	323	3.72046
837	326	5.25385
837	404	3.20722
837	464	3.95215
837	467	3.46537
837	496	4.20145
837	508	4.88599
837	515	4.37273
837	561	3.88828
837	617	3.73853
837	621	4.25913
837	756	5.44073
837	769	5.71651
837	773	6.62685
837	878	8.25493
837	897	6.17768
837	905	7.79309
837	927	6.79863
837	947	7.39145
837	961	7.81502
837	993	0
838	14	2.58064
838	165	2.28931
838	219	2.25501
838	322	3.11376
838	332	3.14809
838	340	4.63004
838	368	3.71465
838	428	3.39208
838	552	2.72518
838	595	3.32896
838	672	5.50111
838	753	4.81661
838	788	5.33593
838	791	4.89877
838	803	5.07249
838	819	7.05075
838	908	7.42638
838	927	7.38668
838	931	7.40203
838	939	6.47829
838	940	7.12193
838	980	7.35875
838	981	7.50171
838	996	0
839	5	1.73329
839	101	3.46798
839	312	2.05026
839	325	2.32226
839	343	4.01866
839	470	3.18531
839	489	3.96125
839	537	2.36448
839	552	3.00838
839	578	5.54165
839	727	6.18478
839	756	5.20893
839	796	5.23557
839	798	5.43057
839	812	5.27233
839	817	6.16754
839	859	6.60038
839	872	6.9341
839	897	6.42815
839	914	7.30813
839	924	7.25984
839	940	7.31545
839	977	7.37729
839	984	0
840	3	3.38775
840	31	4.09827
840	142	4.49066
840	211	3.12687
840	270	1.89897
840	309	3.3279
840	445	4.77989
840	451	3.66523
840	464	3.01277
840	541	4.28636
840	546	4.66529
840	551	4.04148
840	599	3.95851
840	614	5.50234
840	766	5.60055
840	783	5.41577
840	795	6.30186
840	867	6.65351
840	882	7.20311
840	918	7.00034
840	930	7.66514
840	949	8.14939
840	953	7.16776
840	960	0
841	82	2.82181
841	149	3.1584
841	206	4.2553
841	229	3.3254
841	279	3.65985
841	418	4.72712
841	488	1.76477
841	523	3.46643
841	589	4.90357
841	616	4.59465
841	617	4.20151
841	633	3.71667
841	637	3.05552
841	690	3.05582
841	743	5.56724
841	766	5.90884
841	815	5.34289
841	858	7.51606
841	905	7.95602
841	948	8.03682
841	962	8.77112
841	974	7.87762
841	987	8.81702
841	998	0
842	173	3.69282
842	187	2.59739
842	268	3.34297
842	307	2.79538
842	331	1.46222
842	402	2.96997
842	436	2.60868
842	552	4.92097
842	699	4.35136
842	709	5.01665
842	737	4.87333
842	745	5.49513
842	759	4.23745
842	801	5.49938
842	819	5.12477
842	820	6.07663
842	857	5.84597
842	866	7.13003
842	921	6.44287
842	928	6.81115
842	931	8.00466
842	964	8.56729
842	989	8.69253
842	993	0
843	9	3.28919
843	233	2.96435
843	276	3.26499
843	292	2.22395
843	328	3.33925
843	404	2.49342
843	454	3.53952
843	502	4.11021
843	612	4.59164
843	703	4.49591
843	771	5.16148
843	783	5.63851
843	785	4.82531
843	812	4.67584
843	823	5.86278
843	867	6.21443
843	882	5.88067
843	883	6.8989
843	910	6.76403
843	918	6.56127
843	930	7.0511
843	948	7.67862
843	983	8.1747
843	992	8.07245
843	999	0
844	24	1.85653
844	58	1.66201
844	144	1.67298
844	181	4.33699
844	268	3.56918
844	366	3.64375
844	410	3.68954
844	434	4.79733
844	467	3.64254
844	569	4.55475
844	608	4.89377
844	654	3.34139
844	660	4.12413
844	700	5.0645
844	850	5.47969
844	857	5.48059
844	869	6.75118
844	894	6.84891
844	918	6.33562
844	923	8.4826
844	941	6.9043
844	944	7.44622
844	982	8.43811
844	984	9.22823
844	988	0
845	142	2.7522
845	143	2.23541
845	257	2.70416
845	316	4.48643
845	429	4.41107
845	491	2.92399
845	496	4.19689
845	511	3.67425
845	536	3.78675
845	570	3.27831
845	597	4.4744
845	628	5.26509
845	658	5.32481
845	661	4.01419
845	705	4.89934
845	769	5.17512
845	773	6.50931
845	853	6.14676
845	856	7.65027
845	911	7.12394
845	913	7.2517
845	927	6.58056
845	942	7.30978
845	951	9.47082
845	999	0
846	100	3.53137
846	289	3.9352
846	296	2.37002
846	297	3.73912
846	324	4.23033
846	356	5.45071
846	388	3.08244
846	393	4.31382
846	543	4.28845
846	592	4.25318
846	651	5.14068
846	679	5.74865
846	689	5.051
846	695	4.57841
846	697	4.26005
846	729	5.38013
846	749	5.34769
846	798	7.65173
846	870	5.62701
846	900	7.34556
846	908	8.23225
846	917	6.98183
846	937	5.92341
846	945	8.04338
846	999	0
847	60	2.66977
847	178	2.85327
847	204	2.74052
847	303	3.22021
847	339	4.05697
847	391	3.16775
847	392	3.68881
847	476	3.26699
847	495	2.58793
847	553	5.09274
847	555	5.23446
847	573	5.84229
847	681	5.84239
847	706	4.39448
847	735	5.3414
847	740	4.16666
847	792	5.11642
847	836	5.93212
847	856	5.21128
847	869	6.36129
847	873	6.42639
847	910	8.97477
847	926	10.1628
847	990	8.55318
847	996	0
848	121	1.34213
848	210	2.33547
848	313	4.34231
848	474	1.34723
848	484	1.16245
848	513	3.47861
848	546	4.34668
848	559	4.89267
848	657	4.00695
848	747	3.61137
848	754	4.22512
848	765	3.99166
848	801	5.74176
848	818	5.53947
848	826	6.10015
848	863	5.59553
848	899	7.06014
848	912	6.88424
848	921	6.35277
848	928	7.72367
848	963	7.75887
848	964	6.85041
848	975	8.32151
848	989	8.44674
848	993	0
849	24	2.45153
849	70	4.27168
849	113	2.86382
849	219	2.87764
849	272	3.41418
849	306	3.51629
849	424	3.86224
849	444	3.84569
849	453	3.54448
849	459	3.77249
849	480	5.12614
849	563	4.6616
849	641	3.83429
849	655	5.79986
849	680	5.53978
849	730	4.90254
849	792	6.92089
849	818	5.53108
849	850	7.69034
849	852	7.80651
849	861	6.95029
849	871	6.80658
849	917	6.0722
849	919	8.12466
849	957	9.16798
849	967	0
850	192	2.05821
850	227	4.25005
850	228	4.2414
850	235	4.35255
850	432	5.00328
850	490	4.60044
850	492	4.91352
850	519	4.73755
850	529	4.98958
850	538	5.43744
850	671	5.623
850	678	4.54364
850	718	6.06646
850	737	5.41862
850	741	4.9621
850	783	6.37303
850	793	4.4712
850	798	6.36645
850	804	4.12085
850	831	5.0645
850	844	5.53108
850	849	5.57051
850	876	6.06507
850	901	6.61292
850	984	7.26915
850	992	0
851	8	3.76019
851	29	2.09527
851	32	2.07079
851	122	2.26466
851	183	1.88897
851	205	3.63584
851	210	4.21976
851	294	2.98052
851	319	3.18971
851	354	4.71064
851	409	3.75024
851	425	2.89519
851	472	4.80144
851	709	5.07616
851	711	5.1598
851	733	5.59083
851	792	6.31938
851	831	7.79079
851	898	7.86422
851	902	7.83594
851	909	7.26097
851	947	8.27741
851	948	8.34898
851	957	8.40236
851	966	9.43524
851	978	0
852	1	2.30844
852	76	4.14322
852	231	3.57051
852	272	1.8601
852	283	3.2059
852	382	3.37603
852	387	4.5551
852	444	4.23734
852	459	5.65969
852	475	3.797
852	478	4.20878
852	567	5.3956
852	593	4.06536
852	637	4.52715
852	655	4.88333
852	698	6.40115
852	776	6.16604
852	786	5.44739
852	795	5.08019
852	805	7.61375
852	818	7.69034
852	849	8.49938
852	861	6.29121
852	866	7.62249
852	944	9.86084
852	967	0
853	13	2.50735
853	102	3.30883
853	120	4.46503
853	199	2.73042
853	381	3.8857
853	462	3.32803
853	490	3.67908
853	525	4.42198
853	558	4.21928
853	632	5.25287
853	656	3.75543
853	676	5.27064
853	696	4.72795
853	697	4.03858
853	701	5.23297
853	728	4.75406
853	750	6.21238
853	806	5.52259
853	833	6.50931
853	845	6.81745
853	855	7.04148
853	881	7.68304
853	904	7.23612
853	916	8.39106
853	958	8.66946
853	971	0
854	220	4.6095
854	274	4.0595
854	300	2.71674
854	302	2.93435
854	352	3.41817
854	400	3.76479
854	441	2.57171
854	447	3.9191
854	486	4.53065
854	522	3.95924
854	535	6.31822
854	657	4.22181
854	684	3.57803
854	695	5.91563
854	714	6.47927
854	721	3.86725
854	787	4.45786
854	806	5.90073
854	825	5.53086
854	868	6.65323
854	944	9.60944
854	950	9.69617
854	963	6.46904
854	969	7.28976
854	983	7.76923
854	997	0
855	55	3.44448
855	57	3.31405
855	139	2.60394
855	162	2.12945
855	290	4.40854
855	416	4.14995
855	494	4.52252
855	529	4.31918
855	530	3.83361
855	592	4.37445
855	601	5.41435
855	702	4.90046
855	738	5.73737
855	761	5.62773
855	776	4.8642
855	789	5.69817
855	807	6.2104
855	834	6.81745
855	853	6.80234
855	868	6.69782
855	874	7.52611
855	878	5.47206
855	882	6.36742
855	888	6.91783
855	940	8.39013
855	959	0
856	9	3.06998
856	49	2.12679
856	77	2.57534
856	79	3.7642
856	285	5.19427
856	316	3.83288
856	374	2.95235
856	437	3.81288
856	443	5.55478
856	468	4.43779
856	582	4.90324
856	616	4.83727
856	648	6.16629
856	729	4.47819
856	730	5.86989
856	785	6.00255
856	813	6.14676
856	845	5.93212
856	847	6.89535
856	864	6.55336
856	875	5.814
856	899	7.0648
856	908	6.11789
856	912	7.23448
856	925	7.24227
856	937	0
857	40	2.92281
857	59	2.59546
857	113	2.30282
857	136	2.61809
857	272	3.25895
857	362	3.39511
857	516	4.23
857	587	4.15895
857	627	4.78322
857	636	3.43788
857	654	4.29123
857	717	4.6598
857	735	6.07663
857	842	5.47969
857	844	5.35868
857	862	6.30698
857	886	5.29529
857	894	6.50795
857	916	7.02672
857	941	7.33708
857	974	7.30948
857	976	7.44978
857	982	6.98222
857	984	7.77235
857	988	8.82605
857	996	0
858	46	1.66683
858	241	3.13711
858	396	3.46247
858	494	3.78199
858	545	2.59893
858	560	3.6541
858	589	5.59447
858	599	3.90543
858	606	3.38655
858	607	3.24319
858	690	5.13552
858	724	4.91268
858	730	3.24349
858	743	4.13877
858	777	5.34289
858	841	6.09875
858	859	5.33669
858	865	6.68561
858	867	7.70373
858	905	8.3726
858	960	8.22449
858	962	7.55094
858	966	6.55958
858	969	8.95879
858	974	7.3803
858	983	9.00469
858	998	0
859	42	5.30806
859	90	3.39505
859	117	3.85921
859	172	3.17961
859	230	3.32912
859	253	3.31296
859	325	3.42711
859	486	3.48285
859	493	4.75312
859	574	4.27107
859	578	3.76001
859	597	4.33425
859	600	4.54573
859	708	4.53757
859	709	5.3349
859	769	6.47163
859	796	6.69327
859	812	5.99405
859	824	6.16754
859	839	6.09875
859	858	5.92423
859	865	5.96327
859	879	8.57083
859	924	8.52254
859	940	8.03919
859	954	8.31985
859	988	0
860	47	2.97704
860	158	2.96458
860	159	2.93216
860	165	2.96601
860	221	1.81024
860	315	4.26883
860	576	2.91688
860	596	4.47195
860	643	4.16256
860	687	4.05926
860	695	6.78006
860	764	4.66401
860	781	4.91857
860	809	4.73168
860	816	5.50588
860	817	5.1571
860	836	5.80318
860	866	6.82
860	901	7.1514
860	903	6.21695
860	906	7.26808
860	913	6.37765
860	935	7.11103
860	936	6.95027
860	969	7.8124
860	987	9.04463
860	995	0
861	1	3.20386
861	73	2.42462
861	76	3.67286
861	219	4.22322
861	306	3.79831
861	342	3.81853
861	386	3.4922
861	387	4.79163
861	431	4.43427
861	446	4.65473
861	453	4.35351
861	459	3.91318
861	478	4.55911
861	610	5.47064
861	641	3.78726
861	643	4.64333
861	655	4.55424
861	706	6.06111
861	748	4.66286
861	834	7.80651
861	849	8.49938
861	852	6.89392
861	887	7.48733
861	940	9.97701
861	967	8.12888
861	976	8.75762
861	999	0
862	29	1.95856
862	73	2.78549
862	75	4.07591
862	252	3.13976
862	331	4.36975
862	347	4.12691
862	481	2.76642
862	554	4.48109
862	622	3.73115
862	674	4.00313
862	700	5.6261
862	717	3.76402
862	719	6.12756
862	764	5.59601
862	794	6.5789
862	835	4.9634
862	836	5.35868
862	857	6.16519
862	890	5.89369
862	936	8.36159
862	941	6.68776
862	943	6.48197
862	944	6.49095
862	959	6.91682
862	979	8.3171
862	984	9.10722
862	988	0
863	45	1.94634
863	98	2.42646
863	114	1.95368
863	131	3.06213
863	210	2.38269
863	252	2.93585
863	315	4.94759
863	340	4.1413
863	457	3.06245
863	484	3.7369
863	524	4.12369
863	551	4.90739
863	609	3.69879
863	721	6.71172
863	763	5.82055
863	790	5.90738
863	793	3.95708
863	834	6.10015
863	848	8.34431
863	872	5.65344
863	879	10.1235
863	890	6.11359
863	891	6.56947
863	921	11.0154
863	985	8.20911
863	989	7.74056
863	990	0
864	37	4.28861
864	53	3.25026
864	66	3.70699
864	93	3.67526
864	127	3.34413
864	243	2.95759
864	283	4.64713
864	317	4.4886
864	346	4.3145
864	354	5.77858
864	396	5.18529
864	413	4.14586
864	443	4.15409
864	449	4.71787
864	489	4.71485
864	502	4.68698
864	531	5.05672
864	630	5.46346
864	646	4.81117
864	730	6.89535
864	856	7.38871
864	866	6.88635
864	875	8.21398
864	878	6.53924
864	885	7.56747
864	925	8.53579
864	969	0
865	42	2.85031
865	271	4.15463
865	368	2.83439
865	417	3.4083
865	577	2.75778
865	579	4.317
865	582	4.55
865	591	3.53759
865	628	3.66325
865	632	4.47797
865	724	5.81789
865	736	4.73278
865	753	6.01884
865	781	5.29316
865	797	6.80343
865	827	5.33669
865	858	5.92423
865	859	4.7322
865	877	6.10922
865	889	7.2772
865	914	6.00496
865	917	6.57945
865	934	8.23719
865	939	8.00021
865	943	6.65117
865	958	7.13795
865	973	9.39125
865	991	0
866	74	2.99095
866	182	2.61689
866	305	3.6991
866	345	2.26233
866	372	2.0149
866	402	2.97028
866	422	3.52265
866	436	4.38095
866	588	3.86302
866	624	4.29746
866	652	5.47364
866	699	4.23224
866	716	4.51025
866	734	4.79013
866	801	5.84597
866	842	6.29121
866	852	5.80318
866	860	7.38871
866	864	5.12438
866	886	7.85861
866	912	7.68271
866	921	6.54106
866	924	6.64507
866	944	8.55734
866	964	7.18699
866	982	9.11997
866	989	7.77767
866	992	0
867	93	4.09871
867	167	3.94737
867	206	3.53537
867	276	4.78244
867	408	3.45984
867	445	3.06444
867	454	4.07742
867	528	4.72831
867	535	4.4183
867	546	4.09046
867	614	4.84589
867	633	4.73839
867	634	4.36105
867	637	4.65788
867	640	5.39534
867	649	4.69261
867	712	6.53588
867	791	6.60493
867	818	6.30186
867	840	5.86278
867	843	6.68561
867	858	6.78546
867	882	7.46993
867	910	7.33506
867	918	7.13229
867	930	7.62213
867	948	8.58685
867	963	0
868	95	2.86347
868	97	2.87327
868	226	2.55854
868	290	3.59983
868	413	4.00229
868	435	3.90619
868	450	3.65214
868	540	3.10742
868	549	3.74871
868	550	4.26271
868	592	5.08299
868	647	3.8794
868	688	5.84345
868	702	5.32955
868	738	6.05682
868	776	5.29329
868	789	7.07472
868	790	5.3234
868	802	6.63949
868	834	5.53086
868	854	6.80234
868	855	7.95521
868	878	7.43514
868	922	8.81922
868	959	7.66114
868	966	8.21064
868	980	7.98657
868	992	0
869	61	4.87278
869	124	3.3706
869	125	3.12698
869	179	3.93767
869	194	3.04267
869	224	6.60271
869	284	5.13793
869	294	4.41667
869	323	4.70151
869	332	4.59426
869	343	5.03171
869	463	4.04556
869	525	4.80989
869	563	3.7302
869	565	4.28036
869	580	5.95471
869	626	6.94321
869	666	6.14274
869	673	4.46604
869	705	5.48059
869	844	5.21128
869	847	7.41997
869	880	5.71928
869	887	10.068
869	920	7.32504
869	950	6.96717
869	977	7.58298
869	999	0
870	68	3.93055
870	289	2.7692
870	297	4.68318
870	367	4.15463
870	371	3.48162
870	393	4.20474
870	442	3.57445
870	520	4.713
870	543	3.97134
870	544	4.12578
870	601	2.9691
870	643	4.65236
870	651	6.04292
870	652	5.53986
870	679	5.45019
870	695	5.795
870	793	4.98038
870	804	7.65173
870	846	8.17577
870	880	6.91591
870	892	6.36309
870	895	6.27135
870	909	5.75352
870	912	8.63143
870	917	6.69398
870	925	6.3397
870	941	6.84819
870	946	0
871	23	2.21929
871	74	2.47014
871	123	2.83104
871	163	2.97682
871	187	3.12684
871	219	4.28841
871	365	4.55436
871	375	4.29565
871	464	4.4535
871	471	3.63356
871	498	4.31993
871	562	5.26459
871	588	4.96092
871	594	4.99767
871	653	6.42569
871	694	4.82877
871	738	4.95075
871	777	6.09616
871	807	7.68275
871	811	5.52952
871	830	6.95029
871	849	6.4656
871	885	9.02894
871	887	8.75097
871	889	9.36094
871	923	7.31582
871	940	7.63003
871	949	0
872	39	2.98261
872	65	3.66689
872	108	1.60586
872	109	2.12546
872	148	2.74999
872	154	1.49642
872	252	5.16596
872	297	4.50551
872	327	3.74845
872	334	4.95143
872	365	3.92926
872	549	3.1604
872	590	4.31858
872	607	4.02113
872	609	5.38529
872	647	6.07364
872	751	5.82546
872	763	7.04819
872	775	4.93429
872	790	6.60038
872	839	8.34431
872	863	6.91836
872	894	7.96661
872	933	7.6848
872	959	9.96607
872	979	10.1291
872	985	8.27963
872	987	0
873	89	3.44447
873	182	2.13498
873	224	3.80249
873	244	2.65895
873	259	3.98392
873	305	3.15957
873	380	3.36765
873	391	4.38557
873	420	3.84523
873	520	2.02116
873	530	4.69148
873	630	3.42702
873	634	4.6514
873	687	3.96491
873	691	5.36507
873	708	4.66007
873	762	6.24809
873	775	6.68431
873	801	6.24305
873	807	6.36129
873	847	7.36868
873	931	7.34459
873	938	8.38537
873	955	9.15823
873	982	8.17902
873	984	9.46961
873	994	9.64984
873	1000	0
874	47	1.67237
874	125	4.64294
874	135	2.1477
874	156	1.43396
874	171	0.936634
874	226	4.0922
874	232	3.26943
874	351	2.06312
874	398	3.48188
874	414	1.60972
874	434	2.09754
874	469	2.85772
874	487	3.70598
874	532	4.92156
874	594	4.38128
874	597	5.34775
874	615	5.69901
874	719	6.25219
874	774	6.69782
874	855	10.5928
874	893	7.15834
874	938	7.24732
874	942	7.09328
874	960	12.5886
874	975	13.1007
874	986	9.1227
874	994	13.1106
874	997	0
875	79	3.1
875	126	3.70177
875	225	3.73646
875	390	3.54939
875	433	4.39503
875	448	3.8121
875	449	2.86158
875	568	4.63385
875	603	4.0543
875	649	5.13036
875	693	4.46918
875	730	3.85015
875	738	4.94424
875	749	5.11469
875	762	5.04657
875	802	5.99355
875	813	6.55336
875	856	6.88635
875	864	6.19725
875	885	6.99458
875	888	7.0558
875	908	7.22548
875	925	7.24581
875	963	7.14583
875	973	6.99168
875	977	7.21367
875	983	7.69314
875	997	0
876	56	2.72806
876	276	4.45472
876	288	3.28006
876	347	3.07531
876	391	4.19393
876	455	3.17132
876	542	4.13887
876	612	4.27513
876	620	4.0134
876	662	5.63699
876	664	5.32354
876	739	5.09169
876	746	4.61209
876	757	4.77596
876	798	5.61101
876	805	4.81212
876	821	5.57051
876	850	6.57696
876	887	6.23093
876	900	7.74284
876	908	7.19519
876	925	6.82203
876	936	7.39807
876	947	7.33814
876	952	7.62862
876	965	7.32794
876	970	7.20572
876	975	0
877	65	2.506
877	176	2.56035
877	223	3.44062
877	257	3.91982
877	479	5.29309
877	499	3.4159
877	603	3.56943
877	616	5.28926
877	656	3.79182
877	676	4.76433
877	697	4.07497
877	701	3.4123
877	738	4.79044
877	750	5.48447
877	799	6.24876
877	806	4.7322
877	865	5.82252
877	890	5.73213
877	902	7.71942
877	904	6.82151
877	948	6.59944
877	951	6.89308
877	957	8.42744
877	958	6.89633
877	970	8.70584
877	971	8.04946
877	995	7.75711
877	998	0
878	18	3.18311
878	55	4.67931
878	103	3.47744
878	133	2.73789
878	213	3.28231
878	290	2.70034
878	327	4.7408
878	345	3.1871
878	412	4.72606
878	435	4.86844
878	482	3.95759
878	516	4.47248
878	550	4.33516
878	620	5.8737
878	671	6.64324
878	684	4.97508
878	689	6.05332
878	738	4.59662
878	756	6.01706
878	789	7.36327
878	834	6.62685
878	837	7.52611
878	855	8.21398
878	864	7.95521
878	868	7.01833
878	921	7.11229
878	938	7.20127
878	942	9.54299
878	959	0
879	26	2.51801
879	134	2.66256
879	139	4.49299
879	354	3.09739
879	370	4.07404
879	386	4.77781
879	392	5.03118
879	521	5.32086
879	567	3.22346
879	571	4.38562
879	610	4.48366
879	636	5.01166
879	671	4.13768
879	692	3.82271
879	708	5.1318
879	742	6.99576
879	800	4.96257
879	819	7.06627
879	825	5.48387
879	828	5.96327
879	859	5.65344
879	863	8.51538
879	883	6.53699
879	952	9.3746
879	957	6.42411
879	969	7.09301
879	981	10.3432
879	995	7.63865
879	999	0
880	14	4.74626
880	143	3.47173
880	251	4.05541
880	289	4.45924
880	296	2.89407
880	297	5.01328
880	308	4.26316
880	324	4.80804
880	367	4.27949
880	371	3.60648
880	393	5.47295
880	415	4.32961
880	442	4.53632
880	460	6.20844
880	529	5.64186
880	540	7.06202
880	581	4.40094
880	625	4.77722
880	651	6.16778
880	652	7.07037
880	664	5.66473
880	679	6.27269
880	689	5.57505
880	695	6.83594
880	771	7.31515
880	796	7.41997
880	869	8.17577
880	870	8.75629
880	917	0
881	265	4.42621
881	288	4.36083
881	295	2.59955
881	315	3.12965
881	335	3.01964
881	349	4.2346
881	363	3.6662
881	489	5.35421
881	508	3.84639
881	534	5.14249
881	572	5.56271
881	621	4.3717
881	679	4.12109
881	696	4.47486
881	714	5.15893
881	722	5.71564
881	748	5.45333
881	781	5.97821
881	785	5.70788
881	809	5.94642
881	836	7.04148
881	853	6.92176
881	889	7.60932
881	901	7.39873
881	903	7.71451
881	922	7.90035
881	936	7.78341
881	976	8.60172
881	987	0
882	95	4.18766
882	292	2.38258
882	309	3.4161
882	454	4.52509
882	599	4.122
882	615	4.05368
882	626	5.00953
882	640	2.86907
882	651	4.52099
882	669	2.44903
882	680	3.24145
882	713	3.67234
882	733	5.98594
882	766	5.41859
882	771	6.65351
882	840	6.21443
882	843	5.47206
882	855	6.78546
882	867	7.82158
882	910	7.48395
882	930	6.29064
882	944	7.97378
882	948	7.15974
882	965	6.72549
882	979	6.77535
882	981	6.83256
882	982	6.89446
882	987	7.00971
882	990	0
883	242	3.94155
883	249	2.78362
883	287	4.24756
883	317	3.08309
883	370	4.76351
883	392	2.92858
883	398	3.96845
883	400	4.58603
883	403	4.58186
883	451	3.17531
883	458	3.99994
883	512	4.5285
883	533	5.30655
883	567	4.76159
883	604	5.23814
883	690	5.14877
883	748	5.3054
883	760	6.64398
883	786	6.98145
883	800	5.61372
883	835	5.88067
883	843	8.51538
883	879	6.60836
883	920	7.12497
883	930	7.52279
883	954	9.3603
883	957	8.62495
883	971	7.93092
883	997	0
884	20	2.2811
884	78	3.09971
884	146	3.3791
884	247	3.41313
884	376	4.37213
884	468	4.79532
884	473	3.93505
884	505	4.62053
884	526	3.43594
884	550	4.33662
884	555	4.21922
884	632	4.33423
884	636	4.62254
884	675	5.1038
884	686	4.85039
884	708	5.4651
884	720	5.35098
884	726	5.61846
884	741	6.24322
884	759	5.43996
884	791	7.04244
884	891	7.84177
884	943	8.00134
884	944	7.49326
884	962	8.5414
884	983	8.11235
884	984	8.02536
884	985	9.55416
884	996	0
885	49	2.06526
885	52	2.21923
885	79	3.45677
885	443	5.24814
885	461	3.94058
885	476	3.99788
885	531	3.07471
885	579	5.70235
885	650	5.59854
885	716	4.79985
885	718	4.70305
885	722	5.04836
885	734	5.73108
885	767	6.57812
885	789	4.85555
885	799	5.64644
885	813	5.68499
885	835	6.53924
885	864	6.4656
885	871	6.19725
885	875	6.64747
885	888	5.97829
885	891	6.70869
885	908	6.87837
885	925	6.55223
885	931	7.34634
885	951	7.87472
885	988	7.91654
885	999	0
886	75	5.88662
886	96	2.3062
886	99	2.4893
886	144	2.50027
886	181	3.71754
886	221	3.53068
886	353	3.59632
886	359	7.21777
886	455	4.08198
886	465	2.60719
886	493	5.90387
886	511	3.31257
886	691	4.40684
886	723	5.38788
886	746	6.47533
886	778	5.07336
886	791	4.99606
886	807	7.52719
886	835	6.30698
886	857	5.12438
886	866	7.57847
886	894	5.36604
886	945	6.38435
886	952	7.01418
886	953	6.25107
886	975	9.26539
886	984	10.0555
886	988	8.07348
886	998	0
887	7	3.02004
887	11	3.08777
887	23	3.4297
887	57	2.80488
887	123	3.74421
887	155	3.16578
887	163	3.31157
887	187	4.84365
887	439	4.63039
887	464	5.18019
887	475	3.9683
887	498	4.65467
887	562	5.33241
887	653	4.92276
887	656	4.62646
887	675	6.76043
887	694	4.42505
887	719	5.92588
887	753	8.04424
887	820	6.89392
887	861	5.71928
887	869	9.02894
887	871	6.57696
887	876	9.08571
887	889	6.93439
887	910	9.69568
887	923	6.72579
887	935	7.62771
887	981	7.82516
887	993	0
888	127	4.14307
888	202	3.13677
888	231	3.01943
888	266	4.35322
888	291	5.18007
888	298	4.2741
888	374	3.4764
888	377	4.26232
888	449	3.27247
888	501	3.85134
888	520	5.19962
888	553	3.78652
888	575	3.76924
888	632	4.37993
888	642	4.21142
888	688	6.39587
888	716	4.9194
888	730	6.44377
888	813	6.36742
888	855	6.99458
888	875	6.64747
888	885	7.50602
888	908	7.11541
888	915	7.6757
888	925	7.02096
888	955	7.44459
888	961	7.78982
888	987	9.09616
888	995	8.80381
888	998	0
889	123	2.09036
889	133	3.46624
889	155	3.52434
889	174	3.0336
889	187	2.58282
889	208	3.51763
889	216	3.74996
889	362	4.35242
889	464	3.69033
889	498	3.31533
889	515	4.34093
889	536	4.62606
889	560	5.39166
889	636	5.05444
889	653	5.7588
889	677	6.48246
889	694	5.18613
889	740	7.73953
889	811	7.76627
889	820	5.49007
889	830	6.31511
889	835	6.10922
889	865	8.75097
889	871	6.92176
889	881	9.08571
889	887	7.58533
889	906	9.41771
889	923	7.31172
889	975	9.13412
889	998	0
890	109	4.1571
890	134	3.18005
890	141	3.90467
890	148	3.23392
890	150	4.20759
890	169	5.03175
890	237	4.05874
890	248	3.27564
890	252	3.75083
890	386	4.65281
890	395	4.44481
890	434	5.03425
890	457	4.62145
890	501	4.62985
890	524	5.01664
890	551	5.13673
890	649	6.91862
890	663	4.06668
890	685	6.00959
890	759	5.27534
890	765	5.05456
890	777	6.7135
890	790	6.16519
890	862	10.1235
890	863	5.82252
890	877	7.58898
890	915	11.9083
890	985	8.26339
890	987	8.68992
890	999	0
891	18	2.4889
891	78	3.84407
891	217	4.15421
891	281	3.86363
891	306	4.15501
891	313	2.77084
891	381	3.72471
891	397	4.20438
891	431	4.57994
891	468	5.14244
891	470	4.12189
891	477	5.3823
891	504	4.82833
891	526	4.62506
891	544	3.65474
891	567	5.82626
891	741	6.30514
891	810	5.70349
891	815	6.54817
891	822	6.11359
891	863	7.04244
891	884	5.97829
891	885	7.41274
891	896	6.96444
891	924	8.20914
891	944	8.87848
891	971	8.74921
891	983	8.05698
891	988	8.0988
891	999	0
892	34	3.04382
892	59	1.89464
892	63	3.8719
892	184	5.39131
892	207	2.22076
892	283	4.8722
892	318	4.37869
892	332	5.25306
892	367	4.6095
892	385	2.50345
892	432	3.67766
892	446	5.18319
892	519	3.81017
892	565	4.59007
892	580	5.95401
892	601	4.5584
892	677	4.82137
892	678	5.10068
892	732	6.4128
892	749	6.29601
892	755	6.2392
892	807	6.91591
892	870	7.1388
892	893	7.34838
892	899	8.66697
892	939	8.75556
892	950	9.22722
892	969	9.47251
892	977	8.52508
892	982	0
893	47	3.40275
893	58	2.8242
893	94	1.64352
893	171	3.80767
893	205	1.09382
893	250	1.64175
893	319	3.21515
893	324	3.51804
893	418	1.81928
893	434	2.3071
893	469	4.16759
893	497	3.32157
893	532	3.87694
893	568	4.55379
893	574	4.59084
893	597	6.53238
893	710	4.94885
893	722	5.78049
893	808	10.5928
893	874	7.1388
893	892	6.63657
893	907	6.42975
893	928	6.38196
893	929	6.79776
893	947	7.82006
893	956	12.7981
893	975	13.3102
893	986	13.3202
893	997	8.98483
893	1000	0
894	75	3.2771
894	166	3.37531
894	183	3.084
894	234	3.93129
894	279	4.18355
894	291	3.38478
894	366	4.80426
894	368	5.43722
894	581	3.86261
894	619	3.45605
894	644	4.70937
894	654	5.64211
894	690	5.56272
894	717	5.93129
894	735	5.09043
894	737	6.00177
894	753	5.53262
894	794	5.75593
894	803	6.51551
894	835	6.75118
894	844	5.29529
894	857	6.91836
894	872	7.57847
894	886	7.14742
894	901	7.50969
894	933	6.12927
894	945	7.43128
894	964	8.25371
894	984	9.04384
894	988	0
895	10	2.30842
895	68	2.35243
895	84	3.19151
895	100	1.59098
895	132	2.68857
895	151	4.32836
895	384	4.22085
895	402	5.10717
895	423	3.58539
895	425	4.99262
895	503	4.84017
895	583	4.86408
895	637	4.39379
895	658	4.9328
895	660	6.46211
895	723	5.18982
895	735	5.98341
895	802	6.1102
895	809	6.56017
895	813	5.66618
895	828	6.36309
895	870	8.28038
895	919	6.86166
895	923	8.42579
895	929	7.39913
895	937	9.01439
895	961	9.13865
895	973	7.91505
895	981	8.12674
895	986	0
896	58	4.13831
896	72	3.85928
896	130	2.88742
896	136	3.34116
896	140	4.21414
896	145	3.39482
896	154	4.61115
896	172	3.32725
896	214	4.78224
896	299	3.2296
896	356	5.25538
896	364	4.33424
896	399	3.69188
896	408	4.81927
896	440	6.14961
896	536	4.74932
896	597	8.32854
896	682	6.54383
896	698	5.14761
896	706	5.26235
896	727	6.09337
896	754	5.31032
896	757	5.69791
896	780	6.29
896	799	7.41274
896	891	9.79916
896	916	8.26524
896	918	8.11407
896	920	10.928
896	938	9.35099
896	999	0
897	10	3.90895
897	64	3.70811
897	92	2.88742
897	98	3.55754
897	149	3.1917
897	246	3.1143
897	263	4.56765
897	299	4.29081
897	305	3.44546
897	311	4.0953
897	462	4.21154
897	496	5.08197
897	595	4.63444
897	617	4.4847
897	621	6.55264
897	658	5.97328
897	666	4.19717
897	699	5.30174
897	705	6.1869
897	769	6.89167
897	779	7.61421
897	833	8.25493
897	837	6.9341
897	839	6.62351
897	900	7.37179
897	909	8.4115
897	913	7.79441
897	925	7.42126
897	936	8.61336
897	987	10.7584
897	999	0
898	32	3.43239
898	161	3.16663
898	168	3.0567
898	198	3.89104
898	212	3.89683
898	339	4.132
898	358	3.60202
898	377	3.85926
898	378	4.09685
898	434	3.56012
898	472	5.45288
898	598	4.87699
898	697	5.58855
898	702	5.48052
898	730	5.82473
898	733	5.30386
898	771	5.39452
898	784	7.0264
898	785	6.25576
898	792	5.76083
898	794	5.94665
898	815	6.55911
898	825	6.98431
898	831	7.79079
898	851	8.52915
898	902	8.50086
898	909	6.15603
898	912	8.09026
898	932	7.52401
898	964	10.1002
898	978	2.7602
899	109	3.09676
899	130	4.62778
899	197	2.14732
899	286	3.98437
899	385	2.81402
899	404	3.82405
899	458	4.52931
899	549	5.32889
899	601	4.63146
899	635	3.93327
899	677	4.54804
899	725	4.47555
899	732	5.78767
899	749	5.96645
899	781	5.24077
899	797	5.61407
899	807	5.59553
899	848	5.814
899	856	7.34838
899	892	6.10971
899	902	6.5338
899	903	8.07085
899	928	6.82692
899	930	6.1829
899	931	6.80766
899	933	7.18554
899	963	8.60209
899	969	7.08556
899	973	8.84739
899	977	7.64947
899	992	0
900	78	2.52617
900	253	3.50713
900	364	3.9073
900	418	2.96912
900	510	3.25567
900	520	4.77151
900	612	4.47949
900	623	5.34831
900	661	4.98355
900	711	5.72433
900	746	5.24473
900	757	5.78734
900	761	5.41588
900	783	5.13387
900	786	3.80434
900	787	5.40861
900	798	6.78233
900	808	5.72015
900	813	5.38363
900	829	5.62701
900	846	6.23093
900	876	6.62351
900	897	6.48631
900	924	8.03072
900	947	7.27254
900	948	7.97078
900	952	6.44761
900	962	8.26127
900	965	7.72292
900	992	8.44316
900	1000	0
901	104	4.42853
901	243	3.28978
901	265	3.21333
901	269	4.88391
901	295	3.83201
901	317	3.7256
901	369	4.85736
901	435	4.0564
901	493	4.35965
901	607	6.36146
901	667	4.74308
901	678	4.89478
901	679	5.31287
901	687	4.48208
901	696	5.16571
901	698	6.42564
901	715	6.06704
901	734	6.30269
901	751	6.38075
901	780	5.81432
901	781	4.9961
901	788	6.06887
901	809	6.30741
901	836	6.06507
901	850	6.82
901	860	7.60932
901	881	7.14742
901	894	7.52795
901	935	8.46339
901	953	8.96271
901	987	0
902	2	2.23273
902	74	2.80916
902	122	3.24007
902	168	3.50838
902	196	3.13014
902	198	2.62734
902	205	3.10609
902	329	3.5621
902	350	3.9327
902	378	3.7185
902	456	3.05378
902	590	5.52632
902	598	4.44312
902	605	6.00411
902	681	5.11873
902	703	5.89817
902	733	7.09983
902	785	7.26112
902	789	6.3292
902	792	7.05775
902	831	7.86422
902	851	5.73213
902	877	8.52915
902	898	6.10971
902	899	8.5743
902	909	7.35406
902	925	8.25141
902	948	7.97584
902	967	7.9708
902	976	10.1736
902	978	0
903	21	4.67136
903	164	4.03655
903	175	1.99222
903	190	3.79251
903	209	4.74436
903	244	2.94959
903	259	4.74634
903	296	3.82535
903	307	2.39497
903	321	5.26319
903	367	3.33461
903	487	5.52837
903	500	2.96303
903	530	4.27774
903	554	4.36889
903	634	5.48408
903	639	4.90678
903	691	6.57288
903	761	5.60194
903	762	5.56075
903	770	6.67607
903	816	6.02959
903	826	7.1514
903	860	7.39873
903	881	6.5338
903	899	9.5456
903	937	7.93237
903	946	10.1001
903	982	10.4115
903	994	9.6111
903	998	10.5917
903	1000	0
904	35	2.25913
904	71	4.29597
904	167	2.84986
904	255	3.06368
904	272	3.79546
904	381	4.0097
904	397	3.0702
904	412	4.51989
904	441	4.44456
904	603	4.5151
904	606	4.59809
904	616	5.1221
904	633	5.22881
904	636	4.82047
904	676	5.79299
904	697	5.10362
904	701	5.8191
904	750	4.96922
904	765	5.9481
904	768	6.51313
904	799	5.33775
904	831	7.68304
904	853	7.71942
904	877	7.64424
904	933	7.01922
904	947	9.4561
904	958	8.22255
904	965	9.7345
904	971	7.74284
904	985	7.88499
904	991	8.48605
904	992	0
905	46	3.4396
905	82	2.83055
905	95	5.51924
905	206	2.60644
905	333	3.64887
905	351	5.20823
905	355	3.14786
905	429	4.36844
905	511	4.12562
905	523	4.77211
905	560	3.96663
905	611	6.7794
905	614	4.55635
905	619	4.23913
905	624	4.31661
905	635	3.45827
905	660	6.21392
905	703	6.07712
905	713	5.41666
905	743	4.2352
905	787	6.17768
905	837	7.51606
905	841	7.70373
905	858	6.38343
905	909	7.70339
905	948	10.5458
905	960	7.50588
905	981	7.56309
905	982	7.55272
905	991	11.1779
905	998	8.87402
905	1000	0
906	141	4.08864
906	175	3.62734
906	217	2.818
906	234	4.93789
906	336	3.738
906	460	5.09976
906	476	5.52784
906	480	3.97462
906	485	2.40786
906	505	5.20634
906	641	5.01921
906	643	4.78884
906	646	6.00593
906	672	5.87356
906	673	3.87903
906	696	6.04642
906	709	5.82259
906	715	5.7777
906	780	5.21127
906	781	5.46583
906	809	5.27894
906	816	6.21695
906	860	7.58533
906	889	8.17898
906	913	7.8388
906	920	7.47246
906	922	8.17305
906	933	6.92491
906	935	7.65829
906	936	7.7763
906	942	9.0339
906	988	0
907	16	4.05448
907	65	3.40184
907	156	3.35901
907	240	4.39292
907	261	4.23748
907	288	4.20179
907	323	4.60344
907	353	4.14452
907	414	6.55692
907	433	5.48932
907	438	4.62294
907	491	6.02414
907	518	3.76538
907	554	5.74648
907	569	5.43863
907	587	5.96084
907	593	7.58603
907	620	6.0283
907	646	6.57924
907	669	4.98803
907	715	5.39415
907	739	5.15075
907	740	4.57215
907	788	6.63657
907	893	7.41034
907	915	7.27436
907	920	6.7309
907	929	7.14696
907	931	9.06947
907	934	8.16474
907	939	8.169
907	956	0
908	3	3.41971
908	66	4.29995
908	108	5.7384
908	119	2.46485
908	125	3.61144
908	126	3.73836
908	209	4.10713
908	240	3.51358
908	243	3.59385
908	282	3.84566
908	322	4.17862
908	347	5.17627
908	545	5.26084
908	553	5.93864
908	616	4.44115
908	642	5.33971
908	648	6.66873
908	729	4.98062
908	730	6.58963
908	767	6.50499
908	813	7.05075
908	838	7.34556
908	846	7.0648
908	856	7.0558
908	875	7.74284
908	876	6.70869
908	885	7.50602
908	888	7.73692
908	925	8.16616
908	962	9.4965
908	989	8.84042
908	991	0
909	33	3.5696
909	44	3.21178
909	168	2.97474
909	183	2.59905
909	205	4.30563
909	314	3.60527
909	472	2.49283
909	497	4.37565
909	500	3.51221
909	517	4.26339
909	695	5.78623
909	711	4.28941
909	713	4.33617
909	717	5.86988
909	733	7.07155
909	785	6.30091
909	792	5.14323
909	806	7.02946
909	831	7.83594
909	851	6.27135
909	870	7.37179
909	897	8.50086
909	898	8.5743
909	902	6.38343
909	905	6.1182
909	911	6.18301
909	912	7.30739
909	937	8.02241
909	939	6.76919
909	941	7.74021
909	976	10.1453
909	978	3.05912
910	9	3.36903
910	34	3.38136
910	93	4.22725
910	186	4.01483
910	233	3.52316
910	298	3.06705
910	309	2.99774
910	327	3.62608
910	342	5.14667
910	502	4.18085
910	541	5.45443
910	546	5.15265
910	570	5.50881
910	605	5.694
910	640	6.42949
910	648	5.14829
910	659	5.99809
910	669	4.79316
910	688	5.75204
910	831	6.8989
910	843	6.42639
910	847	7.46993
910	867	7.82158
910	882	6.93439
910	887	6.61216
910	912	8.37118
910	918	8.16842
910	930	7.19834
910	941	8.65825
910	948	8.57491
910	966	7.58355
910	969	0
911	10	2.70784
911	107	2.08811
911	179	4.99827
911	201	2.09277
911	245	3.45969
911	257	3.05103
911	263	4.47198
911	406	5.30709
911	430	4.34751
911	438	4.63505
911	467	3.82454
911	508	4.18799
911	602	6.48937
911	658	5.23847
911	705	5.04938
911	766	6.12363
911	769	6.3994
911	773	5.41868
911	824	5.63151
911	828	7.65027
911	845	6.1182
911	909	8.34823
911	913	8.47599
911	927	6.00591
911	929	6.51601
911	940	7.52835
911	950	7.17048
911	977	7.1908
911	979	8.66611
911	995	8.67413
911	996	10.6951
911	999	0
912	45	3.89923
912	146	3.0013
912	167	3.02899
912	173	4.70462
912	194	2.35121
912	200	3.56478
912	338	3.60567
912	484	3.42088
912	513	5.24772
912	615	5.97021
912	734	5.8698
912	754	6.48355
912	765	5.1142
912	766	5.36621
912	775	5.36431
912	786	4.35243
912	792	7.06014
912	848	6.11789
912	856	7.85861
912	866	5.75352
912	870	6.15603
912	898	6.18301
912	909	6.61216
912	910	6.348
912	914	6.42085
912	916	9.14267
912	921	6.4868
912	931	6.65572
912	955	6.67805
912	962	10.0173
912	964	10.7052
912	993	0
913	38	4.24132
913	56	3.20697
913	223	2.88259
913	234	2.60211
913	246	2.5247
913	263	4.10287
913	350	4.13208
913	387	4.10872
913	467	4.19644
913	501	5.04256
913	515	4.96775
913	531	4.9201
913	535	4.4847
913	570	4.04485
913	617	3.8951
913	621	6.34062
913	693	5.54126
913	701	5.70027
913	712	5.87308
913	773	6.59442
913	826	7.02461
913	833	7.12394
913	845	7.26808
913	860	8.4115
913	897	8.17898
913	906	8.34823
913	911	7.94966
913	927	8.12015
913	934	8.04905
913	946	8.11894
913	959	10.1688
913	999	0
914	24	2.4842
914	80	2.83574
914	179	2.36964
914	188	2.79747
914	218	3.63424
914	266	3.04242
914	304	2.89094
914	399	3.65289
914	456	3.01558
914	492	5.23636
914	499	6.05375
914	518	4.43324
914	575	4.37289
914	591	4.78563
914	719	4.55567
914	753	6.2706
914	823	6.62632
914	827	6.42815
914	839	7.2772
914	865	6.348
914	912	7.8231
914	943	7.94893
914	956	7.08047
914	960	8.37268
914	965	7.91023
914	967	8.93942
914	968	8.70564
914	972	7.29899
914	975	7.90519
914	976	9.21414
914	991	8.18574
914	993	0
915	42	3.18623
915	48	3.08762
915	62	2.90209
915	135	3.73432
915	153	3.92505
915	226	3.69343
915	277	3.29109
915	319	5.0722
915	441	4.53652
915	528	4.76025
915	532	5.48526
915	557	5.12244
915	601	5.06741
915	606	4.98269
915	613	4.64923
915	646	6.36234
915	667	5.05196
915	672	4.85451
915	687	6.12634
915	742	5.25462
915	779	5.67685
915	782	6.58562
915	809	7.11541
915	888	7.58898
915	890	7.41034
915	907	9.10968
915	931	8.19655
915	933	8.5458
915	946	8.67816
915	950	8.84493
915	980	9.22471
915	996	0
916	84	3.77477
916	105	3.46422
916	106	2.57105
916	136	3.17389
916	152	4.46588
916	299	2.91323
916	356	4.01787
916	399	3.37551
916	408	4.5029
916	440	2.91776
916	487	5.76796
916	509	7.0152
916	517	4.81854
916	522	4.73785
916	530	5.83324
916	536	4.95487
916	589	8.44887
916	590	5.48182
916	629	8.01217
916	682	4.60186
916	688	6.22746
916	698	5.00773
916	701	7.23612
916	853	6.50795
916	857	9.79916
916	896	6.42085
916	912	6.8742
916	928	10.6116
916	938	8.14513
916	973	7.97805
916	976	8.56497
916	988	0
917	30	4.4731
917	97	3.34972
917	297	3.16746
917	298	5.56541
917	322	5.86099
917	326	4.73515
917	371	4.81317
917	376	4.06214
917	393	3.7981
917	418	2.90629
917	419	4.78526
917	442	5.29352
917	543	3.64921
917	644	5.23288
917	651	6.62344
917	652	5.11679
917	655	6.12039
917	679	6.72835
917	689	6.03071
917	695	5.80527
917	711	4.91915
917	715	6.73692
917	822	6.65955
917	825	6.73245
917	827	8.23225
917	846	6.80658
917	849	6.00496
917	865	8.63143
917	870	8.75629
917	880	7.48632
917	949	7.81366
917	976	7.89676
917	981	0
918	9	3.47578
918	51	3.09478
918	195	4.90245
918	229	2.40376
918	263	2.93218
918	309	3.49121
918	342	3.44732
918	370	3.9657
918	454	4.04598
918	541	6.3403
918	566	5.62978
918	588	5.07469
918	599	5.37394
918	605	4.99171
918	614	3.98095
918	643	4.10858
918	699	6.53554
918	766	5.96819
918	771	5.13497
918	787	6.79652
918	828	7.20311
918	840	6.76403
918	843	6.84891
918	844	7.33506
918	867	8.26524
918	896	8.37118
918	910	8.03355
918	930	7.58699
918	931	8.52338
918	948	8.62882
918	954	8.60902
918	956	9.00791
918	978	0
919	32	3.02468
919	84	2.26324
919	132	1.88802
919	280	3.57772
919	337	4.84809
919	379	4.06466
919	416	4.43597
919	437	4.64107
919	452	4.23995
919	503	5.51242
919	583	4.80257
919	586	5.60505
919	660	4.86886
919	664	3.51588
919	678	6.1382
919	778	6.65567
919	802	5.78974
919	814	5.16213
919	826	6.33843
919	828	6.0722
919	849	8.28038
919	895	6.4711
919	920	8.17033
919	926	9.09804
919	929	6.08939
919	936	6.60635
919	952	6.51263
919	955	9.68665
919	961	9.81091
919	973	7.10688
919	974	7.11252
919	979	7.39674
919	990	0
920	23	2.83894
920	61	4.64379
920	67	3.68358
920	137	4.1046
920	158	2.78512
920	179	4.7911
920	213	4.27864
920	239	4.79608
920	294	4.25241
920	343	2.29008
920	432	4.25703
920	516	4.19339
920	546	4.46804
920	563	5.61285
920	626	4.10652
920	630	5.71559
920	663	6.60136
920	666	5.80089
920	673	6.75016
920	674	5.04279
920	738	5.4396
920	740	7.8116
920	784	9.1558
920	830	10.068
920	869	6.60836
920	883	8.11407
920	896	7.8388
920	906	7.27436
920	907	6.4711
920	919	10.1316
920	932	8.452
920	948	8.47765
920	954	0
921	87	3.95342
921	157	2.85309
921	173	2.17531
921	200	4.45483
921	344	3.29896
921	402	5.41735
921	467	3.42976
921	484	3.32335
921	515	4.66029
921	527	5.07182
921	615	4.81976
921	635	3.58433
921	643	4.36254
921	678	4.96425
921	682	5.06659
921	700	5.79431
921	734	6.08948
921	747	6.30765
921	765	5.60724
921	784	4.73835
921	787	7.13003
921	842	6.88424
921	848	6.56947
921	863	7.68271
921	866	7.01833
921	878	9.14267
921	912	6.7743
921	929	7.10122
921	960	9.8414
921	964	10.404
921	989	8.05587
921	991	9.13063
921	994	8.64033
921	997	0
922	138	4.07799
922	141	3.87748
922	184	3.73134
922	195	3.90595
922	256	3.39498
922	265	3.31852
922	269	5.11314
922	289	4.24951
922	490	3.1161
922	505	3.83024
922	506	5.29575
922	569	4.17238
922	596	5.93409
922	600	5.00038
922	637	4.58728
922	696	6.75467
922	709	5.33194
922	712	5.55508
922	717	5.62511
922	722	6.38241
922	795	5.98719
922	816	5.49311
922	834	6.41261
922	836	7.43514
922	868	7.71451
922	881	7.47246
922	906	8.8813
922	933	7.63315
922	935	8.36653
922	936	8.59321
922	972	8.98673
922	974	9.06791
922	987	10.1638
922	994	0
923	23	3.91796
923	71	4.07621
923	155	3.49778
923	163	4.1343
923	174	4.12759
923	216	3.72014
923	239	4.35993
923	362	5.2211
923	375	5.17565
923	439	5.91147
923	454	4.96239
923	464	4.3003
923	498	4.16622
923	543	4.98667
923	562	3.9861
923	651	5.66441
923	653	5.35347
923	663	4.43309
923	688	5.23679
923	720	6.18632
923	776	5.21229
923	806	8.34949
923	811	8.37624
923	820	6.33562
923	844	9.36094
923	871	9.69568
923	887	9.41771
923	889	6.86166
923	895	7.07344
923	947	7.48194
923	949	7.41665
923	959	7.94959
923	982	7.88404
923	984	0
924	5	3.84155
924	42	4.64947
924	118	2.44639
924	133	3.79325
924	156	4.44021
924	211	4.84307
924	278	3.62775
924	298	5.87127
924	312	4.45355
924	325	4.39975
924	371	4.53679
924	384	4.23467
924	394	6.10124
924	405	4.65596
924	455	4.56771
924	486	5.47761
924	495	4.48749
924	571	5.34538
924	653	5.8329
924	672	5.40172
924	692	8.26465
924	731	6.02598
924	747	6.70045
924	748	7.30813
924	839	8.57083
924	859	6.54106
924	866	6.96444
924	891	6.48631
924	900	9.66313
924	940	8.13093
924	961	7.72962
924	962	8.35705
924	981	8.90269
924	999	0
925	21	3.64602
925	85	4.03826
925	149	4.76993
925	275	4.43631
925	285	3.39907
925	349	4.505
925	374	3.78334
925	387	5.52443
925	413	5.07615
925	448	4.42322
925	452	5.05701
925	489	3.61337
925	526	4.92288
925	606	4.61083
925	642	5.58941
925	673	5.81148
925	693	5.82808
925	718	5.1503
925	730	6.42396
925	824	7.23448
925	856	7.56747
925	864	6.69398
925	870	7.22548
925	875	7.19519
925	876	6.87837
925	885	7.6757
925	888	7.79441
925	897	7.35406
925	902	7.73692
925	908	7.40317
925	938	7.61851
925	962	8.42989
925	963	8.4803
925	990	0
926	12	3.99071
926	77	3.85895
926	81	3.70487
926	110	4.90528
926	115	3.6029
926	178	6.17842
926	186	5.28724
926	202	3.46399
926	212	4.58602
926	258	5.52061
926	279	6.22207
926	296	3.67365
926	303	5.09997
926	310	6.04881
926	312	3.9893
926	432	4.62194
926	476	4.86481
926	479	6.02588
926	555	5.75345
926	568	6.1676
926	573	5.65752
926	579	7.52572
926	603	5.06362
926	631	5.62739
926	680	6.77553
926	706	6.27454
926	740	8.28285
926	760	7.92037
926	774	7.00067
926	792	8.26781
926	835	8.97477
926	847	8.17033
926	919	11.0959
926	990	0
927	197	5.91991
927	208	4.94325
927	225	4.58824
927	301	2.98362
927	311	3.52987
927	316	4.75554
927	342	4.97491
927	377	4.40288
927	401	5.53818
927	404	4.07341
927	406	4.90853
927	430	4.74878
927	439	4.87409
927	532	5.79425
927	560	4.65706
927	561	6.48242
927	573	5.20005
927	577	4.17261
927	617	4.02286
927	621	5.26294
927	651	5.82803
927	712	6.51363
927	720	5.72506
927	769	6.00084
927	773	7.05592
927	817	7.79309
927	837	7.42638
927	838	7.2517
927	845	8.47599
927	911	7.94966
927	913	8.65329
927	937	8.35027
927	947	10.2965
927	999	0
928	63	3.55157
928	121	4.59794
928	227	3.85756
928	228	3.49492
928	286	4.41003
928	431	4.40013
928	446	5.78234
928	460	3.52908
928	533	4.53264
928	565	5.31254
928	580	4.65466
928	659	5.52497
928	667	5.28087
928	677	4.53494
928	698	5.09097
928	722	5.89564
928	725	5.82315
928	732	5.16834
928	743	7.13527
928	749	6.96167
928	807	5.07042
928	811	6.44287
928	842	6.35277
928	848	6.42975
928	893	8.07085
928	899	6.8742
928	916	6.85691
928	935	7.34838
928	949	7.4865
928	964	9.94969
928	969	7.3098
928	972	10.195
928	977	7.70896
928	979	0
929	68	2.38506
929	116	2.40864
929	132	3.77402
929	187	4.38785
929	199	3.64738
929	223	4.61328
929	282	3.72312
929	337	4.99349
929	379	4.56469
929	427	4.58137
929	437	3.8126
929	567	5.65782
929	583	5.68174
929	637	5.01426
929	664	4.47549
929	674	3.97761
929	694	4.05329
929	706	6.47495
929	736	6.57788
929	772	6.48383
929	828	6.38196
929	893	8.42579
929	895	6.7309
929	907	6.00591
929	911	9.09804
929	919	6.7743
929	921	7.23651
929	934	7.91013
929	939	9.83205
929	961	9.95631
929	973	8.58298
929	980	7.76824
929	982	9.13648
929	995	0
930	1	2.49731
930	9	3.57259
930	40	3.27302
930	51	3.13971
930	77	4.5956
930	123	3.8224
930	270	4.23386
930	276	4.5345
930	292	5.66261
930	423	4.15833
930	445	5.11475
930	472	3.84321
930	541	5.35636
930	640	5.53558
930	674	4.47403
930	699	5.06083
930	712	6.33278
930	766	5.76542
930	771	6.43099
930	783	7.0103
930	797	6.09103
930	806	8.70751
930	821	7.00034
930	840	6.56127
930	843	7.13229
930	867	7.48395
930	882	7.12497
930	883	6.82692
930	899	8.16842
930	910	8.03355
930	918	8.32061
930	948	8.32209
930	972	10.2046
930	996	0
931	12	2.96958
931	51	4.29643
931	60	3.36297
931	73	3.9674
931	115	4.22672
931	135	3.99347
931	362	6.88081
931	411	4.72362
931	426	4.30438
931	452	4.44964
931	485	4.67358
931	487	6.08488
931	532	4.44055
931	540	4.46926
931	554	6.36799
931	571	6.11756
931	661	6.37659
931	672	6.0773
931	681	4.85679
931	708	6.57925
931	779	6.18278
931	807	7.38668
931	838	6.81115
931	842	7.36868
931	873	6.55223
931	885	6.1829
931	899	7.14696
931	907	6.4868
931	912	9.10968
931	915	7.58699
931	918	6.55276
931	945	7.67807
931	972	10.1696
931	980	10.4064
931	981	0
932	6	3.24442
932	61	3.41853
932	74	3.74199
932	93	4.74868
932	118	3.43422
932	125	3.1906
932	179	5.19658
932	213	4.68412
932	239	3.38303
932	251	4.10342
932	256	4.48029
932	323	4.76513
932	332	4.78903
932	333	4.65788
932	343	5.09533
932	463	5.00996
932	533	4.87352
932	563	5.05801
932	572	6.13342
932	589	6.01833
932	626	7.00683
932	666	6.20636
932	673	7.15564
932	674	6.51447
932	735	7.24547
932	760	8.21708
932	784	7.3514
932	785	7.73665
932	801	9.56128
932	830	6.64154
932	833	8.09026
932	898	10.1316
932	920	9.62408
932	965	9.94261
932	989	0
933	55	3.34779
933	70	4.69152
933	94	3.49187
933	138	4.01912
933	269	5.2318
933	291	5.86417
933	310	3.76634
933	315	5.898
933	328	3.80404
933	329	4.3808
933	398	3.8167
933	505	4.53084
933	506	5.25293
933	523	5.01317
933	534	4.87298
933	596	4.84558
933	651	5.12405
933	691	5.19194
933	695	5.28787
933	696	7.23143
933	715	6.65889
933	724	6.68778
933	816	6.75161
933	826	6.0605
933	832	7.96661
933	872	7.50969
933	894	6.80766
933	899	7.64424
933	904	8.17305
933	906	8.19655
933	915	8.8813
933	922	8.33375
933	935	9.06713
933	936	9.76851
933	987	0
934	26	1.74329
934	41	3.86052
934	65	4.6809
934	180	5.1713
934	191	4.88583
934	238	5.34763
934	245	4.19896
934	261	3.57979
934	274	4.04352
934	288	5.04057
934	345	4.42899
934	491	6.4148
934	547	4.57282
934	567	5.55253
934	569	5.40833
934	574	5.24467
934	587	5.76688
934	593	5.9371
934	645	5.83434
934	646	7.18831
934	659	6.70657
934	665	6.38529
934	669	5.55192
934	697	7.4947
934	707	5.07776
934	788	6.57945
934	865	9.06947
934	907	8.12015
934	913	7.23651
934	929	7.56343
934	960	7.80234
934	969	8.38815
934	976	8.59036
934	987	9.10253
934	997	0
935	3	4.76092
935	106	3.78804
935	217	3.27082
935	378	4.48554
935	389	3.22415
935	391	4.67459
935	409	3.55401
935	502	4.54882
935	521	5.06113
935	572	3.62483
935	596	5.21154
935	652	5.5197
935	672	4.87051
935	687	5.1014
935	700	6.20712
935	709	5.07756
935	722	5.9384
935	780	5.62652
935	809	5.43964
935	816	5.4457
935	833	6.37765
935	860	6.72579
935	887	7.52795
935	901	6.92491
935	906	7.63315
935	922	6.85691
935	928	8.33375
935	933	7.81899
935	936	8.19567
935	983	8.03552
935	984	7.94853
935	985	8.52036
935	987	9.17696
935	998	9.41199
935	1000	0
936	39	2.9771
936	138	4.39408
936	232	3.13119
936	247	3.30194
936	505	4.01608
936	506	3.18709
936	515	3.81167
936	546	5.05203
936	564	3.81675
936	597	4.65068
936	607	5.91329
936	643	5.6039
936	687	4.91745
936	692	4.77311
936	696	4.06537
936	721	5.6815
936	766	7.03978
936	773	6.67178
936	780	5.18142
936	832	7.11103
936	860	5.89369
936	862	6.82203
936	876	7.90035
936	881	7.42126
936	897	7.65829
936	906	6.08939
936	919	8.36653
936	922	9.06713
936	933	7.81899
936	935	7.14813
936	940	8.07614
936	956	7.77745
936	985	9.25374
936	987	8.41842
936	999	0
937	13	2.56594
937	122	2.63372
937	190	4.32026
937	203	2.52794
937	242	3.29149
937	270	5.09587
937	314	3.66351
937	401	5.77625
937	430	3.86888
937	440	3.70188
937	481	5.67184
937	513	3.60453
937	530	5.15889
937	584	5.01039
937	634	5.24057
937	635	5.00019
937	642	7.45285
937	644	4.53023
937	654	4.69643
937	694	6.55141
937	744	4.93482
937	757	6.20225
937	770	6.67108
937	826	6.98183
937	846	7.24227
937	856	7.39913
937	895	9.5456
937	903	7.30739
937	909	8.65329
937	927	9.96874
937	955	7.80242
937	962	10.7416
937	982	11.053
937	994	8.97549
937	999	0
938	72	4.90358
938	105	4.67172
938	130	3.69986
938	136	4.1536
938	140	5.02658
938	145	4.3027
938	152	2.10823
938	284	3.70145
938	324	4.04204
938	356	6.06782
938	364	3.32997
938	378	5.14668
938	399	4.50432
938	408	4.54118
938	410	5.6317
938	440	2.77252
938	497	6.89676
938	509	8.14401
938	517	6.96205
938	536	5.27068
938	652	5.32303
938	655	6.07487
938	667	7.35627
938	698	5.68957
938	804	7.34459
938	873	7.15834
938	874	7.11229
938	878	10.928
938	896	10.6116
938	916	7.40317
938	925	7.87688
938	961	7.83068
938	964	8.02494
938	967	8.103
938	981	8.33736
938	990	0
939	24	4.49027
939	159	4.40198
939	182	2.15868
939	236	4.47617
939	247	4.59423
939	266	3.63319
939	271	4.19705
939	329	3.86531
939	389	4.32516
939	391	4.97302
939	395	5.7779
939	470	4.00148
939	487	3.97557
939	492	5.25588
939	504	4.95923
939	505	4.61309
939	553	5.39323
939	575	5.00012
939	606	4.2174
939	625	5.26085
939	724	5.51567
939	753	5.64984
939	757	6.80801
939	763	7.40203
939	838	8.23719
939	865	8.66697
939	892	8.16474
939	907	8.02241
939	909	7.91013
939	929	8.78309
939	943	8.90893
939	956	9.89941
939	968	9.66563
939	972	9.13653
939	984	10.1741
939	991	0
940	86	4.95151
940	172	4.39191
940	211	4.27191
940	230	4.83254
940	254	4.79478
940	278	3.48426
940	335	4.4885
940	384	4.18638
940	394	4.7115
940	436	4.3984
940	452	4.51941
940	486	5.42932
940	495	2.89064
940	497	3.28685
940	562	5.36338
940	578	5.42655
940	600	5.27867
940	700	6.1435
940	718	7.89665
940	727	6.65216
940	748	6.84761
940	782	6.6223
940	793	7.56393
940	796	7.78557
940	812	6.47829
940	838	7.25984
940	839	6.91783
940	855	8.52254
940	859	7.48733
940	861	7.31582
940	871	6.51601
940	911	9.66313
940	924	7.14813
940	936	9.09307
940	980	8.43281
940	986	0
941	7	4.6262
941	22	5.96542
941	38	3.02594
941	99	3.20904
941	144	4.08588
941	157	3.69746
941	172	5.52571
941	215	3.6294
941	273	3.23902
941	307	4.80779
941	331	4.31606
941	359	5.41737
941	412	2.90119
941	419	5.90221
941	447	3.56618
941	528	5.59403
941	619	7.62769
941	790	7.26404
941	794	5.23184
941	795	6.18706
941	829	4.34254
941	834	8.4826
941	844	7.02672
941	857	8.36159
941	862	6.3397
941	870	6.76919
941	909	7.19834
941	910	7.34603
941	946	7.80856
941	976	9.98513
941	984	7.79633
941	985	8.01076
941	987	10.7753
941	988	8.0891
941	993	9.25978
941	1000	0
942	58	2.55146
942	104	2.33903
942	151	2.55004
942	160	2.99225
942	282	2.88539
942	339	2.76091
942	415	4.1457
942	421	5.1941
942	527	4.71093
942	618	4.76232
942	642	5.18032
942	653	4.54549
942	678	3.89491
942	699	4.65809
942	713	5.52414
942	722	5.57881
942	737	6.15545
942	739	5.92742
942	752	6.15082
942	777	7.31033
942	787	6.16558
942	795	6.68725
942	817	6.60989
942	819	6.58056
942	845	7.24732
942	874	7.20127
942	878	7.7763
942	906	9.80985
942	951	10.4737
942	953	10.1129
942	966	9.03727
942	968	8.13649
942	974	10.6544
942	976	8.79423
942	978	8.23882
942	991	0
943	24	3.94229
943	101	3.30308
943	107	4.66949
943	121	3.52048
943	218	3.67854
943	255	1.98097
943	256	5.37599
943	369	3.70851
943	370	3.38029
943	417	5.83436
943	427	4.2679
943	462	3.73859
943	492	5.55843
943	542	4.30485
943	564	4.37065
943	579	5.0959
943	591	4.20916
943	632	5.77908
943	728	5.27869
943	753	5.7138
943	792	5.97845
943	811	6.99362
943	823	6.68776
943	862	8.00021
943	865	7.84177
943	884	7.8231
943	914	8.78309
943	939	8.67195
943	956	9.66243
943	968	9.42865
943	972	8.75083
943	973	8.59667
943	977	9.2691
943	978	8.61699
943	979	9.93715
943	991	0
944	120	3.88187
944	142	4.26641
944	146	4.29762
944	150	4.03518
944	238	4.30641
944	264	5.11311
944	281	4.77087
944	335	3.57086
944	354	5.04825
944	382	4.05071
944	464	5.8646
944	471	5.3685
944	475	5.08078
944	477	4.23132
944	533	6.22246
944	574	5.50093
944	636	6.54373
944	676	6.51768
944	726	5.57328
944	728	6.78516
944	741	5.91529
944	752	6.60666
944	791	7.26403
944	810	7.10618
944	813	6.9043
944	844	7.62249
944	852	6.65323
944	854	6.48197
944	862	6.64507
944	866	6.29064
944	882	8.00134
944	884	8.20914
944	891	7.98533
944	959	9.78638
944	971	9.7081
944	983	0
945	69	2.35561
945	86	1.84156
945	88	3.208
945	150	2.35496
945	189	2.35496
945	193	2.35496
945	214	4.56667
945	222	2.92027
945	258	3.48531
945	377	4.73954
945	425	3.85898
945	433	5.55228
945	503	7.14017
945	581	5.04644
945	611	5.59918
945	631	6.7859
945	670	7.43372
945	685	5.08718
945	710	5.27787
945	744	4.264
945	780	5.84789
945	810	5.92341
945	846	5.36604
945	886	6.12927
945	894	6.55276
945	931	14.5051
945	949	7.65913
945	950	7.44525
945	953	14.5098
945	954	7.64376
945	970	7.30126
945	977	7.42864
945	982	7.58313
945	986	15.6858
945	992	8.50454
945	998	0
946	28	2.79908
946	73	3.8644
946	137	2.85692
946	235	3.5178
946	350	3.91733
946	373	5.221
946	419	5.80164
946	448	3.48561
946	466	4.1097
946	487	3.76758
946	526	5.29727
946	528	5.28614
946	548	3.46587
946	562	5.20893
946	595	5.74344
946	613	6.44094
946	662	5.35535
946	682	4.66673
946	694	5.0085
946	714	5.78697
946	737	6.88709
946	742	6.24928
946	748	7.30035
946	788	7.38252
946	803	6.87659
946	810	6.84819
946	870	7.93237
946	903	8.04905
946	913	8.5458
946	915	7.34603
946	941	8.17403
946	961	8.32208
946	967	9.60568
946	980	9.8425
946	981	9.98546
946	996	0
947	6	4.82271
947	108	3.7024
947	112	3.18096
947	304	4.51726
947	330	4.49994
947	360	4.29837
947	397	4.724
947	420	4.13627
947	510	4.06572
947	546	3.92656
947	568	4.15767
947	577	5.36985
947	580	4.80643
947	582	5.64663
947	623	6.06031
947	728	5.95498
947	755	6.41188
947	757	6.86742
947	764	5.03711
947	777	7.24643
947	797	6.74823
947	815	6.61191
947	821	6.96699
947	822	6.55077
947	829	6.79863
947	837	7.26097
947	851	7.39807
947	876	6.79776
947	893	8.03072
947	900	7.01922
947	904	7.07344
947	923	8.35027
947	927	8.10227
947	951	8.34999
947	954	9.42841
947	965	9.12773
947	970	0
948	93	3.71296
948	168	3.97853
948	184	4.37945
948	186	5.18928
948	241	3.14137
948	263	3.21924
948	309	4.19535
948	322	3.77828
948	342	4.98378
948	422	3.17886
948	432	4.64817
948	445	4.25277
948	454	5.29886
948	502	4.33304
948	541	5.66101
948	605	5.27878
948	614	5.52338
948	620	6.47713
948	670	6.82261
948	766	6.25526
948	771	6.92082
948	783	7.13999
948	836	7.95602
948	841	7.0511
948	843	8.27741
948	851	7.62213
948	867	6.82151
948	877	7.97378
948	882	7.27254
948	900	8.25141
948	902	7.70339
948	905	8.65825
948	910	8.52338
948	918	8.452
948	920	8.32061
948	930	10.2764
948	998	0
949	34	5.03212
949	49	2.14638
949	69	2.65908
949	86	2.14503
949	88	2.74318
949	91	2.65843
949	189	2.65843
949	193	2.65843
949	214	4.6495
949	273	3.78878
949	377	4.94008
949	380	10.8457
949	401	3.74325
949	460	4.68262
949	495	5.85575
949	503	4.66578
949	571	4.65114
949	575	5.34991
949	611	4.91544
949	620	5.90265
949	631	6.57613
949	662	7.08937
949	670	5.87881
949	673	7.73719
949	685	5.55536
949	689	6.64527
949	768	6.02438
949	830	6.53205
949	836	7.66514
949	840	7.63003
949	871	7.48632
949	917	7.48194
949	923	7.34838
949	928	14.5051
949	945	14.8132
949	954	15.9893
949	992	9.96079
949	995	0
950	70	2.98999
950	129	4.11315
950	159	4.31984
950	219	3.59906
950	220	3.98055
950	302	4.19817
950	352	5.27222
950	361	5.72968
950	372	4.20568
950	380	4.68199
950	400	5.02861
950	441	5.83677
950	465	4.67801
950	485	5.75076
950	514	5.79447
950	522	5.00372
950	533	5.22306
950	535	5.81099
950	544	6.13547
950	583	5.9667
950	624	4.80875
950	643	7.55307
950	649	7.58204
950	657	7.17945
950	714	5.74632
950	717	7.74309
950	721	7.13989
950	744	8.9681
950	755	5.87503
950	756	9.60944
950	854	7.32504
950	869	8.75556
950	892	7.52835
950	911	8.67816
950	915	7.65913
950	945	10.96
950	963	9.22513
950	984	0
951	80	4.1824
951	82	2.3587
951	144	4.97952
951	155	2.59922
951	160	3.61033
951	195	4.51852
951	244	2.9224
951	308	3.85785
951	343	5.78162
951	346	3.63399
951	363	2.81009
951	415	4.11537
951	437	4.72095
951	554	6.99335
951	578	7.25418
951	602	4.76011
951	618	6.17558
951	625	5.1878
951	694	5.90399
951	750	5.9766
951	752	6.2
951	777	7.35951
951	787	6.21476
951	795	6.73643
951	817	6.65907
951	819	7.31326
951	832	7.30978
951	845	6.59944
951	877	7.34634
951	885	9.80985
951	942	8.10227
951	947	8.29378
951	962	8.64889
951	964	10.1621
951	966	10.7035
951	976	10.0428
951	994	10.3547
951	996	0
952	112	4.82548
952	117	3.82789
952	280	4.8642
952	303	5.0145
952	418	4.07633
952	510	4.52019
952	571	5.87872
952	612	5.58669
952	623	5.81054
952	629	4.6485
952	646	5.8852
952	665	5.53964
952	696	5.45457
952	703	6.00038
952	728	6.07394
952	730	6.09897
952	736	5.77657
952	737	5.84398
952	752	6.43886
952	758	6.89455
952	761	6.80748
952	764	5.30003
952	777	6.37446
952	802	7.35086
952	805	7.88953
952	808	6.55197
952	821	6.49083
952	829	5.69839
952	832	7.33814
952	876	6.53699
952	879	6.38435
952	886	7.97078
952	900	6.60635
952	919	8.65882
952	957	7.48192
952	960	9.06779
952	970	9.03763
952	992	0
953	75	3.26447
953	104	3.05204
953	151	3.26305
953	160	4.65132
953	166	4.42259
953	173	4.63154
953	191	5.34323
953	277	3.58624
953	308	4.44924
953	315	3.59841
953	339	4.29782
953	363	5.76625
953	411	3.47392
953	415	4.38702
953	526	5.39266
953	531	6.83941
953	625	5.67631
953	640	4.97196
953	660	5.7957
953	698	6.48605
953	723	7.76807
953	732	6.86846
953	739	6.64043
953	752	6.61778
953	784	6.87859
953	795	7.0043
953	802	7.40027
953	817	7.3229
953	819	7.97709
953	832	8.14939
953	840	7.01418
953	886	8.46339
953	901	10.4737
953	942	7.44525
953	945	10.8259
953	966	11.3674
953	976	9.25394
953	990	0
954	20	2.75525
954	34	2.15108
954	69	2.14973
954	88	2.74788
954	91	5.14428
954	185	2.66312
954	189	2.66312
954	193	2.66312
954	214	6.2496
954	283	4.76738
954	324	3.47647
954	357	3.79348
954	377	4.94478
954	380	5.12239
954	421	5.0477
954	425	3.83845
954	497	4.64626
954	541	7.44834
954	581	7.14426
954	608	5.35461
954	611	5.90735
954	631	7.09406
954	670	7.74189
954	685	5.43551
954	694	4.87185
954	699	6.88468
954	710	6.41243
954	745	6.14191
954	805	8.03919
954	859	7.52279
954	883	8.62882
954	918	8.47765
954	920	14.5098
954	945	8.34999
954	947	14.8132
954	949	9.09875
954	977	9.22614
954	982	15.994
954	992	0
955	65	4.54735
955	92	3.14998
955	161	4.75139
955	176	2.30958
955	242	2.8181
955	321	4.88632
955	353	3.91239
955	383	5.21023
955	520	4.80099
955	521	3.38616
955	530	5.1876
955	542	4.94053
955	584	4.79203
955	634	5.90722
955	639	5.51605
955	655	5.62988
955	670	6.32645
955	683	5.32991
955	691	6.171
955	726	6.02508
955	762	5.98388
955	770	6.35675
955	775	5.79097
955	820	7.65648
955	824	6.45272
955	826	8.38537
955	873	7.02096
955	888	6.65572
955	912	6.51263
955	919	9.96874
955	937	7.3882
955	960	10.5232
955	982	8.53038
955	990	8.34285
955	991	8.49347
955	993	10.8346
955	994	8.9273
955	997	11.0148
955	1000	0
956	129	4.72263
956	166	4.36503
956	247	4.75568
956	386	5.75406
956	394	4.86187
956	395	3.50613
956	417	4.91786
956	549	4.43068
956	564	5.28209
956	575	4.08004
956	577	4.98873
956	582	4.22041
956	586	4.149
956	590	4.88898
956	606	5.79703
956	609	4.20933
956	628	6.5698
956	629	4.33499
956	632	5.61523
956	713	5.34172
956	721	5.14971
956	724	5.40452
956	753	6.65666
956	771	7.20145
956	803	6.44763
956	812	7.11945
956	823	7.82006
956	893	8.169
956	907	7.94893
956	914	8.60902
956	918	8.07614
956	936	8.90893
956	939	8.67195
956	943	8.92301
956	961	9.78827
956	968	9.55448
956	972	10.063
956	991	9.34658
956	993	0
957	20	2.79265
957	26	5.68565
957	57	4.80076
957	249	6.05937
957	278	3.64284
957	287	3.86003
957	292	7.05552
957	295	4.4736
957	334	6.08702
957	349	3.9423
957	370	4.91895
957	386	7.05135
957	397	4.71295
957	426	5.63015
957	450	6.70172
957	456	7.19402
957	492	5.44883
957	494	4.85915
957	512	5.71592
957	523	5.48868
957	543	5.89445
957	582	5.6208
957	604	5.3729
957	607	5.23053
957	610	4.28738
957	625	7.65531
957	704	6.50287
957	754	7.71745
957	768	7.50319
957	786	5.82136
957	788	7.91118
957	825	8.12466
957	849	8.34898
957	851	6.89308
957	877	9.3746
957	879	9.3603
957	883	8.65882
957	952	11.1881
957	995	10.3479
957	998	0
958	35	2.96716
958	71	3.94652
958	140	4.24269
958	176	4.64607
958	338	4.97506
958	364	4.50348
958	381	5.65877
958	462	5.45215
958	525	5.44316
958	570	5.15258
958	603	5.30611
958	616	5.83013
958	633	7.02594
958	656	5.54172
958	675	5.5285
958	676	5.563
958	689	5.69286
958	696	6.50102
958	697	5.81165
958	701	6.45
958	724	5.43996
958	733	5.72807
958	740	5.78647
958	745	6.42535
958	749	6.52713
958	750	5.14948
958	788	7.22116
958	799	7.98544
958	806	6.73812
958	809	8.39106
958	853	6.65117
958	865	8.42744
958	877	9.4561
958	904	10.4425
958	971	8.09395
958	972	8.48747
958	974	8.69478
958	983	8.44764
958	985	8.5898
958	991	0
959	18	3.85212
959	33	4.04712
959	55	4.45126
959	97	2.22657
959	129	4.34145
959	133	4.90502
959	180	3.86341
959	240	4.14632
959	290	6.42542
959	416	5.49398
959	450	4.76895
959	455	6.16682
959	494	5.3365
959	550	6.22243
959	585	5.85049
959	592	5.11795
959	609	5.58099
959	650	5.9655
959	665	7.50725
959	684	7.43123
959	702	5.80219
959	722	6.91733
959	738	6.47581
959	760	6.52287
959	762	7.64461
959	776	6.88107
959	789	5.61907
959	823	8.22728
959	834	8.39013
959	855	6.49095
959	862	8.81922
959	868	7.6848
959	872	9.54299
959	878	8.11894
959	913	7.41665
959	923	7.98533
959	944	8.47004
959	981	8.7044
959	990	9.60314
959	998	0
960	2	3.55553
960	111	4.65266
960	154	4.50887
960	241	3.75267
960	348	3.54615
960	350	5.8771
960	355	4.58608
960	390	3.34698
960	407	3.81673
960	429	3.24587
960	460	3.95485
960	480	5.39564
960	507	4.79449
960	523	6.62404
960	545	3.11048
960	625	5.74818
960	668	5.50038
960	683	6.08524
960	690	4.32767
960	712	6.746
960	713	6.08553
960	743	6.09027
960	803	6.87364
960	827	7.16776
960	840	8.3726
960	858	7.09328
960	874	10.5458
960	905	7.08047
960	914	7.10122
960	921	7.56343
960	934	7.48192
960	952	7.3882
960	955	11.0665
960	962	9.36327
960	971	11.8008
960	974	7.34864
960	975	8.18976
960	983	8.66923
960	997	11.8467
960	998	0
961	43	3.56214
961	51	3.71469
961	68	4.59777
961	100	5.48052
961	128	2.99725
961	132	5.03156
961	195	4.97646
961	199	4.17079
961	253	5.75307
961	406	5.16998
961	437	5.37508
961	452	6.12996
961	483	4.66452
961	496	5.43498
961	519	6.81699
961	594	6.25093
961	598	3.82955
961	631	6.27035
961	637	5.60287
961	664	4.64205
961	685	7.29371
961	745	7.16649
961	772	6.87221
961	778	5.32617
961	788	6.56959
961	798	7.38968
961	802	6.2146
961	820	7.07244
961	828	7.39145
961	837	7.44459
961	888	9.01439
961	895	9.68665
961	919	8.13093
961	924	9.83205
961	929	7.87688
961	938	8.17403
961	946	8.92301
961	956	8.64948
961	977	9.36754
961	992	0
962	98	4.83326
962	143	4.87185
962	147	3.1272
962	333	3.60455
962	348	5.27434
962	361	3.29056
962	380	4.43797
962	390	5.83104
962	396	3.19887
962	407	7.60872
962	488	4.64637
962	523	4.25724
962	546	9.08046
962	576	4.97508
962	640	4.9946
962	641	4.41872
962	654	5.60007
962	668	4.78239
962	687	5.93712
962	690	6.59788
962	713	5.93742
962	743	5.82588
962	771	5.91654
962	784	6.30509
962	796	6.5135
962	809	8.03682
962	841	8.22449
962	858	7.49326
962	884	6.44761
962	900	8.16616
962	908	6.67805
962	912	7.72962
962	924	7.61851
962	925	7.80242
962	937	8.29378
962	951	11.0665
962	960	8.6408
962	966	8.40232
962	973	11.6527
962	974	11.6986
962	998	0
963	70	3.86744
963	84	4.19988
963	159	4.50787
963	207	3.6858
963	220	5.96005
963	274	4.06728
963	302	3.92548
963	313	4.2849
963	352	5.81641
963	372	5.17777
963	392	4.76872
963	400	5.11534
963	441	5.9235
963	465	5.83749
963	514	4.81863
963	517	5.8812
963	522	5.30979
963	535	5.43097
963	558	6.61889
963	585	7.44361
963	639	4.70501
963	643	7.6398
963	649	7.66877
963	657	5.89419
963	674	4.83265
963	699	7.26618
963	714	5.64258
963	717	7.82982
963	721	9.05483
963	755	7.62668
963	801	7.72367
963	848	9.69617
963	854	8.58685
963	867	7.24581
963	875	7.18554
963	899	8.42989
963	925	10.96
963	950	8.44042
963	975	9.28154
963	983	10.4979
963	1000	0
964	28	2.17726
964	45	3.36781
964	52	4.76863
964	130	3.04994
964	200	2.81678
964	251	2.67155
964	263	4.77558
964	305	4.77635
964	326	4.2635
964	338	4.17359
964	402	7.29947
964	474	4.11961
964	513	3.98776
964	515	5.53492
964	527	6.53965
964	588	6.83977
964	596	6.66894
964	734	5.94822
964	735	7.12096
964	746	6.56853
964	754	6.19232
964	769	6.52339
964	798	6.94882
964	801	7.51361
964	822	7.50914
964	827	5.12433
964	834	8.00466
964	842	7.75887
964	848	8.55734
964	866	7.43128
964	894	7.52401
964	898	10.0173
964	912	9.8414
964	921	7.4865
964	928	7.83068
964	938	8.64889
964	951	8.00455
964	969	9.17727
964	988	11.2787
964	989	11.4039
964	993	0
965	56	4.53766
965	94	4.94212
965	191	4.7083
965	207	5.33059
965	222	4.8989
965	311	4.70045
965	318	4.74781
965	330	5.28714
965	336	4.73049
965	360	4.90972
965	439	5.00161
965	538	5.20165
965	542	6.7703
965	584	6.62924
965	618	6.10103
965	629	5.28831
965	637	6.00642
965	641	6.28536
965	682	5.70235
965	691	6.94206
965	692	5.93851
965	714	6.29086
965	728	6.38945
965	736	7.18504
965	761	6.99329
965	763	7.46314
965	791	6.8063
965	798	7.64135
965	805	6.97878
965	815	6.84246
965	821	6.47918
965	823	6.78132
965	829	7.62862
965	876	7.15974
965	882	8.26127
965	900	8.22255
965	904	8.37268
965	914	9.62408
965	932	9.42841
965	947	9.35828
965	970	0
966	18	5.22283
966	19	5.25648
966	63	4.35536
966	80	3.6614
966	98	2.69124
966	151	2.90225
966	160	4.213
966	209	4.98243
966	277	4.84236
966	285	3.22544
966	308	3.23761
966	339	3.11312
966	415	4.49791
966	421	5.75577
966	433	6.29604
966	466	6.27645
966	525	6.35571
966	539	5.42628
966	607	5.06314
966	618	6.50766
966	739	6.67774
966	743	6.27963
966	752	6.50303
966	777	7.66254
966	787	6.51779
966	795	7.03947
966	817	6.9621
966	819	7.26798
966	826	7.61629
966	832	8.40236
966	851	7.55094
966	858	7.66114
966	868	8.57491
966	910	10.1129
966	942	10.1621
966	951	10.8259
966	953	8.6408
966	962	9.19016
966	967	11.0066
966	976	9.38734
966	987	0
967	1	3.37543
967	42	3.46364
967	70	3.78608
967	76	3.45717
967	154	4.07326
967	198	5.20972
967	220	5.62085
967	231	5.04814
967	272	5.58468
967	306	6.38971
967	329	4.85367
967	387	6.1531
967	431	6.03274
967	444	6.01619
967	453	5.71498
967	459	5.27464
967	478	8.29753
967	507	5.56057
967	565	4.66744
967	568	5.4511
967	612	6.8321
967	641	6.00479
967	655	6.22066
967	657	6.17551
967	668	7.97036
967	680	5.97017
967	716	5.76027
967	780	7.4942
967	782	7.00069
967	791	9.09139
967	818	7.16311
967	829	9.16798
967	849	9.86084
967	852	9.97701
967	861	7.97584
967	902	7.91023
967	914	8.02494
967	938	8.32208
967	946	9.19016
967	966	8.79753
967	977	3.37543
968	101	3.46231
968	125	5.88181
968	185	4.20897
968	188	3.3965
968	229	3.03802
968	236	3.09729
968	256	5.69556
968	366	5.57471
968	388	4.74465
968	389	4.6937
968	399	6.67112
968	444	5.66674
968	458	5.3473
968	484	7.63206
968	547	5.42117
968	564	6.27258
968	575	5.07053
968	577	5.97922
968	582	5.2109
968	586	4.79093
968	590	6.21223
968	591	6.58176
968	592	6.37877
968	595	5.19981
968	628	5.64307
968	630	4.90095
968	631	5.71345
968	685	6.13331
968	706	6.97616
968	740	6.68362
968	780	7.37762
968	804	8.46565
968	827	8.93942
968	914	9.89941
968	939	9.03727
968	942	9.66243
968	943	9.78827
968	956	10.545
968	972	11.0535
968	991	10.4223
968	997	0
969	3	4.41672
969	7	5.12919
969	227	4.02617
969	286	5.21517
969	357	4.28634
969	403	4.93138
969	446	5.7029
969	458	6.31359
969	460	5.14206
969	498	5.27897
969	527	6.40815
969	549	5.06388
969	565	5.84379
969	580	3.27674
969	590	6.5103
969	635	6.05622
969	667	5.81211
969	677	6.42689
969	725	6.35439
969	732	5.06516
969	738	6.18329
969	744	6.10501
969	755	5.76151
969	799	7.49292
969	807	5.77181
969	820	5.67871
969	833	6.46904
969	854	6.55958
969	858	6.95027
969	860	8.53579
969	864	6.42411
969	879	9.22722
969	892	8.60209
969	899	7.58355
969	910	9.94969
969	928	7.80234
969	934	8.00455
969	964	7.82785
969	972	10.7262
969	977	8.87911
969	978	8.51123
969	990	0
970	15	4.20964
970	50	4.299
970	90	5.16248
970	157	4.22979
970	255	3.68969
970	259	4.32663
970	274	3.81769
970	280	4.48124
970	335	5.76399
970	417	4.65387
970	420	4.06613
970	510	4.90097
970	542	6.05552
970	587	5.74305
970	662	7.30077
970	676	6.64137
970	692	6.11509
970	733	6.08877
970	736	6.82134
970	746	6.34174
970	757	6.79729
970	764	6.73697
970	769	7.27693
970	786	7.1763
970	797	6.50562
970	798	7.12728
970	800	7.34066
970	805	6.6781
970	815	7.41617
970	816	6.54177
970	821	6.48064
970	829	7.32794
970	876	6.89633
970	877	7.64376
970	945	9.12773
970	947	9.06779
970	952	9.35828
970	965	8.52879
970	975	9.72192
970	988	9.26493
970	991	9.84938
970	997	0
971	67	3.24556
971	71	4.55882
971	102	3.55579
971	112	5.2824
971	167	4.2192
971	174	5.5877
971	175	4.52109
971	176	5.5022
971	271	4.27632
971	284	5.06684
971	313	4.78188
971	381	5.36979
971	382	6.95804
971	385	5.93717
971	462	4.94061
971	497	7.30817
971	499	5.73055
971	525	5.94562
971	528	5.24994
971	552	6.30192
971	577	5.43098
971	603	5.58451
971	616	6.10853
971	633	6.74982
971	658	5.8069
971	676	6.77628
971	679	6.73513
971	687	6.09005
971	701	7.29348
971	715	6.80553
971	750	7.40214
971	765	7.49955
971	799	8.26384
971	806	8.66946
971	853	8.70584
971	877	8.62495
971	883	8.87848
971	891	9.7345
971	904	9.78638
971	944	10.4425
971	958	9.36327
971	960	0
972	38	3.16271
972	229	2.80423
972	236	2.8635
972	256	3.75551
972	334	5.73592
972	337	3.80424
972	341	5.61857
972	395	4.26283
972	417	4.16135
972	456	4.65653
972	474	4.62113
972	492	5.18738
972	564	4.97711
972	586	5.08447
972	595	5.64568
972	606	4.96603
972	628	5.09169
972	632	5.2268
972	638	5.90641
972	724	6.16122
972	753	6.15989
972	763	6.74783
972	774	5.46973
972	805	7.87615
972	823	8.23187
972	827	8.70564
972	914	8.59321
972	922	7.3098
972	928	8.32209
972	930	7.67807
972	931	9.66563
972	939	9.42865
972	943	9.55448
972	956	8.09395
972	958	10.545
972	968	7.82785
972	969	8.49675
972	981	8.40143
972	985	8.61586
972	987	9.19966
972	989	10.8197
972	991	0
973	84	5.15582
973	195	3.81259
973	213	4.37658
973	221	6.06919
973	251	5.32615
973	282	4.43598
973	337	4.6587
973	398	4.26179
973	412	4.98321
973	421	6.63769
973	423	5.27756
973	427	5.49934
973	452	5.44278
973	471	6.25422
973	483	5.61946
973	551	6.94125
973	594	4.88177
973	630	6.46332
973	660	5.72713
973	664	5.22235
973	721	7.99263
973	723	7.06854
973	742	7.41797
973	745	7.08258
973	762	5.99313
973	767	7.29075
973	772	6.99647
973	778	5.75906
973	787	6.5144
973	799	7.51394
973	802	7.1967
973	828	7.13795
973	865	7.14583
973	875	9.13865
973	895	7.08556
973	899	8.14513
973	916	9.81091
973	919	9.95631
973	929	8.75083
973	943	8.40232
973	962	8.97989
973	979	9.66104
973	997	0
974	2	4.09938
974	25	4.64824
974	46	4.14172
974	111	2.17498
974	112	2.89551
974	284	3.53546
974	292	3.8615
974	333	4.90393
974	351	6.00865
974	361	5.3988
974	395	6.56535
974	396	3.93317
974	407	4.40292
974	429	6.17538
974	449	6.18609
974	479	4.57918
974	517	5.38068
974	523	6.02717
974	560	7.08233
974	589	5.54701
974	640	6.33437
974	668	6.67142
974	690	6.6825
974	702	7.46899
974	703	5.21544
974	707	6.41009
974	731	6.67172
974	743	6.34451
974	752	6.77698
974	817	8.77112
974	841	7.33708
974	857	8.95879
974	858	7.10688
974	919	8.98673
974	922	8.13649
974	942	8.48747
974	958	11.8008
974	960	11.6527
974	962	9.49252
974	978	9.10197
974	986	10.3157
974	995	12.4329
974	998	0
975	41	4.35304
975	156	3.08544
975	188	3.14198
975	226	3.0896
975	250	3.45359
975	255	3.4548
975	259	3.45573
975	262	5.2411
975	267	4.73879
975	314	3.63752
975	319	4.96561
975	369	4.26846
975	398	3.81506
975	434	4.30288
975	469	6.16337
975	497	4.69439
975	557	5.87272
975	568	5.13112
975	613	9.94178
975	638	5.59994
975	673	5.21167
975	682	8.52815
975	710	7.90435
975	719	5.36869
975	728	5.66599
975	743	6.30558
975	758	5.56807
975	811	6.85041
975	848	12.5886
975	874	7.20572
975	876	6.25107
975	886	7.31172
975	889	12.7981
975	893	7.29899
975	914	7.34864
975	960	8.44042
975	963	8.52879
975	970	8.20661
975	979	15.306
975	986	8.3033
975	991	8.90435
975	992	15.316
975	997	0
976	75	3.44514
976	104	3.2327
976	151	4.83198
976	166	2.8679
976	284	4.93607
976	299	3.7669
976	308	4.29233
976	315	4.02823
976	331	3.77907
976	339	4.47849
976	363	3.65459
976	415	5.03938
976	421	4.29643
976	447	4.06996
976	490	5.0786
976	555	5.48771
976	560	5.60461
976	618	7.04913
976	739	6.8211
976	752	7.0445
976	777	8.20401
976	787	7.05925
976	795	6.17427
976	811	7.58093
976	817	7.50357
976	819	8.15776
976	832	7.30948
976	857	8.12888
976	861	7.78341
976	881	7.9708
976	902	7.74021
976	909	7.90519
976	914	7.97805
976	916	7.81366
976	917	8.38815
976	934	7.80856
976	941	10.6544
976	942	10.7035
976	951	11.3674
976	953	11.0066
976	966	8.79249
976	977	8.86267
976	981	0
977	7	2.43687
977	14	6.33005
977	25	3.39365
977	63	5.65382
977	114	4.32811
977	121	3.72305
977	179	5.37091
977	184	4.10111
977	272	5.46046
977	357	6.10851
977	385	5.94819
977	458	5.90341
977	466	5.25827
977	545	4.19084
977	550	5.31352
977	557	3.94132
977	562	5.30918
977	565	6.08908
977	580	5.71302
977	587	6.75559
977	635	6.30151
977	667	6.05741
977	677	5.94042
977	703	6.67218
977	725	6.59969
977	732	7.91181
977	749	7.73821
977	807	7.31545
977	839	6.96717
977	869	6.99168
977	875	9.47251
977	892	8.84739
977	899	7.17048
977	911	10.195
977	928	8.59667
977	943	7.30126
977	945	9.09875
977	954	8.64948
977	961	8.79753
977	967	10.7262
977	969	8.79249
977	976	10.3091
977	996	9.42123
977	999	0
978	32	4.65843
978	33	5.16891
978	44	4.22205
978	116	4.38018
978	122	4.45826
978	136	5.07685
978	161	4.57405
978	183	4.37699
978	188	5.0794
978	196	4.70116
978	198	4.19835
978	205	4.06992
978	214	4.89674
978	266	5.50372
978	378	5.04613
978	426	4.67204
978	442	5.20458
978	472	6.46141
978	482	5.97496
978	500	6.91618
978	509	7.09734
978	598	6.42267
978	613	5.89028
978	706	7.38554
978	711	7.46919
978	733	7.37616
978	755	8.67085
978	785	7.90022
978	792	6.88821
978	795	7.13459
978	804	6.86794
978	806	7.74609
978	816	7.04297
978	820	8.62876
978	831	9.43524
978	851	10.1002
978	898	10.1736
978	902	10.1453
978	909	9.00791
978	918	8.79423
978	942	9.2691
978	943	8.87911
978	969	9.49252
978	974	0
979	11	4.27133
979	76	4.0078
979	81	3.5681
979	98	3.57544
979	131	3.96273
979	150	5.76057
979	237	3.92808
979	250	3.54109
979	292	7.01354
979	327	6.56935
979	340	7.45945
979	365	5.76306
979	457	5.35026
979	501	5.00693
979	504	5.35866
979	524	7.24068
979	539	5.74545
979	551	5.11184
979	555	5.78964
979	589	7.2619
979	599	6.52916
979	609	7.89332
979	647	4.99629
979	654	7.64743
979	663	5.53748
979	756	8.33349
979	763	9.55622
979	775	7.44232
979	790	6.21583
979	806	7.09399
979	816	7.6587
979	825	6.91682
979	862	9.96607
979	872	6.72549
979	882	7.1908
979	911	7.11252
979	919	7.70896
979	928	8.61699
979	943	8.97989
979	973	8.20661
979	975	8.95312
979	982	12.6371
979	985	9.10761
979	986	0
980	14	4.27903
980	23	3.09822
980	73	4.7942
980	153	4.39952
980	208	5.67021
980	246	5.23675
980	301	7.02506
980	348	3.81694
980	350	5.86042
980	371	3.8533
980	432	7.97536
980	459	3.78474
980	466	4.18489
980	485	5.99835
980	520	5.5964
980	528	6.17495
980	552	4.20451
980	554	6.34062
980	566	6.10324
980	571	5.63603
980	572	7.40532
980	627	6.26072
980	633	6.38806
980	642	5.57017
980	644	6.90159
980	684	5.74012
980	685	6.2578
980	695	7.4259
980	751	7.67625
980	758	6.3145
980	779	6.73674
980	782	7.68165
980	803	7.12193
980	838	8.21064
980	868	8.84493
980	915	8.58298
980	929	10.1696
980	931	9.09307
980	940	9.60568
980	946	10.1416
980	981	9.72239
980	985	9.86455
980	991	10.2846
980	996	0
981	41	4.40035
981	137	3.98879
981	163	5.60033
981	165	5.41273
981	233	4.5199
981	285	3.99989
981	304	4.45328
981	373	5.93075
981	422	4.69568
981	426	4.13993
981	437	4.02156
981	466	4.42171
981	485	4.64565
981	487	4.26102
981	550	4.44133
981	554	6.57744
981	566	6.61317
981	579	5.8416
981	659	7.42304
981	742	5.92855
981	750	7.66272
981	751	6.55132
981	779	6.97355
981	782	5.67508
981	787	7.8363
981	788	7.35875
981	838	7.09301
981	879	6.77535
981	882	7.62771
981	887	7.91505
981	895	7.50588
981	905	7.89676
981	917	8.35705
981	924	10.4064
981	931	8.103
981	938	9.8425
981	946	8.47004
981	959	8.49675
981	972	8.86267
981	976	10.1416
981	980	9.09758
981	983	9.15746
981	986	10.5214
981	996	0
982	38	4.37492
982	43	5.64353
982	89	3.18821
982	190	4.87475
982	203	4.27283
982	224	4.46905
982	231	3.08243
982	242	3.84598
982	270	4.68524
982	383	5.2275
982	393	5.18185
982	414	4.25637
982	481	4.15902
982	530	4.80271
982	568	5.71338
982	584	5.35011
982	610	6.82933
982	630	8.00734
982	644	5.48171
982	658	4.95536
982	660	7.0993
982	683	7.50293
982	708	7.1059
982	744	6.75674
982	770	7.16676
982	808	7.22557
982	826	7.44622
982	844	7.44978
982	857	7.18699
982	866	9.15823
982	873	6.83256
982	882	8.52508
982	892	10.1001
982	903	7.56309
982	905	7.94959
982	923	7.76824
982	929	10.7416
982	937	7.42864
982	945	9.22614
982	954	10.5232
982	955	8.95312
982	979	9.5068
982	988	9.20043
982	993	11.7877
982	1000	0
983	78	4.33021
983	120	4.42194
983	142	4.14061
983	163	5.13827
983	164	5.18867
983	232	3.09568
983	263	5.65397
983	313	5.1199
983	376	5.58832
983	382	5.29614
983	428	4.54213
983	485	6.12402
983	544	6.81202
983	558	5.79044
983	565	6.76253
983	574	6.44423
983	615	6.041
983	636	6.20853
983	650	6.3293
983	675	6.81056
983	686	7.51417
983	704	5.3873
983	712	7.05775
983	726	5.85988
983	729	6.5261
983	739	7.94999
983	759	8.26458
983	773	7.14673
983	791	7.8041
983	810	8.04713
983	822	6.24661
983	823	7.67862
983	843	7.28976
983	854	7.3803
983	858	7.21367
983	875	8.5414
983	884	8.74921
983	891	8.19567
983	935	9.7081
983	944	8.69478
983	958	8.18976
983	960	9.28154
983	963	9.09758
983	981	10.2192
983	994	0
984	113	2.88554
984	174	3.17551
984	181	3.82498
984	201	3.58491
984	273	5.61822
984	279	4.43111
984	304	4.50617
984	311	5.99329
984	347	4.27156
984	359	4.15511
984	381	5.14627
984	410	5.37288
984	412	5.83743
984	463	4.8823
984	496	6.57911
984	511	4.40566
984	553	5.54953
984	619	6.10462
984	622	7.11736
984	627	5.62666
984	700	6.36613
984	705	6.04966
984	728	7.61822
984	735	6.85054
984	751	7.58268
984	772	7.21954
984	794	7.37729
984	839	8.43811
984	844	6.61292
984	850	6.98222
984	857	8.3171
984	862	8.17902
984	873	8.11235
984	884	9.26539
984	886	8.25371
984	894	7.88404
984	923	8.03552
984	935	9.13653
984	939	9.98513
984	941	9.22513
984	950	10.7308
984	988	9.58532
984	992	9.13488
984	993	10.3056
984	1000	0
985	11	4.92027
985	22	2.99114
985	55	6.04713
985	61	4.17084
985	81	3.73114
985	98	4.27693
985	109	3.73848
985	131	5.04895
985	134	4.79652
985	148	4.12577
985	150	3.42013
985	168	5.09945
985	169	4.16749
985	252	6.41952
985	334	5.5133
985	501	5.5217
985	524	7.40372
985	539	5.90849
985	551	6.69219
985	609	5.58369
985	624	7.81047
985	663	5.30745
985	727	8.49652
985	763	6.96039
985	768	7.60536
985	790	6.8372
985	796	7.01423
985	808	6.72
985	819	7.02847
985	824	6.3395
985	830	6.35003
985	831	11.0154
985	863	10.1291
985	872	8.02536
985	884	11.9083
985	890	7.74284
985	904	7.94853
985	935	7.77745
985	936	7.79633
985	941	8.44764
985	958	8.40143
985	972	12.6371
985	979	9.72239
985	980	9.55336
985	989	0
986	47	5.91063
986	58	4.65158
986	129	4.1514
986	171	4.82918
986	183	3.65408
986	226	3.60169
986	250	3.96569
986	255	3.9669
986	259	3.96783
986	262	5.7532
986	267	4.14962
986	319	5.52556
986	363	4.37514
986	381	4.78056
986	398	5.53701
986	408	6.19933
986	414	4.167
986	419	4.32716
986	434	5.03315
986	458	4.74712
986	464	4.81498
986	469	7.56985
986	512	6.38482
986	568	7.09872
986	597	5.54669
986	605	6.65292
986	665	5.48263
986	707	9.04025
986	710	8.41645
986	719	5.91977
986	729	7.12197
986	794	7.78482
986	814	7.99315
986	827	5.60835
986	834	13.1007
986	874	13.3102
986	893	8.12674
986	895	8.43281
986	940	7.58313
986	945	9.10197
986	974	15.306
986	975	9.10761
986	979	9.15746
986	981	10.5909
986	996	15.8281
986	997	3.638
987	17	4.84288
987	36	5.08667
987	99	4.46844
987	140	5.11975
987	158	4.66559
987	262	3.95295
987	315	4.71801
987	369	4.0371
987	380	6.24889
987	488	4.00331
987	505	6.7076
987	508	5.19979
987	534	4.73634
987	538	6.49589
987	572	5.05959
987	596	5.35206
987	607	6.51232
987	722	7.18469
987	725	5.52189
987	727	5.85318
987	738	6.02826
987	767	7.37315
987	780	6.80673
987	781	7.06128
987	809	7.54133
987	810	6.8744
987	816	7.45573
987	828	7.29982
987	836	7.87762
987	841	7.8124
987	860	8.27963
987	872	8.60172
987	881	6.89446
987	882	7.78982
987	888	8.26339
987	890	8.61336
987	897	8.96271
987	901	9.06791
987	922	9.76851
987	933	8.59036
987	934	8.52036
987	935	9.25374
987	936	8.01076
987	941	9.38734
987	966	8.61586
987	972	0
988	29	5.20571
988	79	3.77157
988	99	3.58568
988	122	4.74736
988	138	3.95467
988	144	4.83151
988	157	4.76257
988	165	3.96564
988	181	5.18291
988	221	4.30171
988	245	4.37504
988	273	5.5205
988	289	5.22124
988	304	5.55342
988	331	5.86184
988	366	4.81703
988	526	4.42845
988	552	5.70312
988	569	6.84741
988	608	6.28573
988	617	6.33966
988	619	6.89475
988	622	7.18642
988	654	6.91202
988	683	6.46962
988	689	6.41679
988	700	8.03977
988	717	6.24693
988	719	6.59862
988	823	9.22823
988	844	7.77235
988	857	8.31985
988	859	9.10722
988	862	7.87472
988	885	10.0555
988	886	8.05698
988	891	9.04384
988	894	9.0339
988	906	8.56497
988	916	10.7753
988	941	9.17727
988	964	9.72192
988	970	9.5068
988	982	10.7308
988	984	10.1525
988	989	0
989	28	2.73989
989	45	5.34312
989	87	3.08617
989	144	5.56875
989	181	4.23049
989	208	4.86193
989	210	4.68084
989	250	5.8714
989	268	5.75237
989	293	5.33822
989	305	6.61698
989	307	4.82614
989	338	4.74738
989	382	5.82277
989	409	4.7727
989	442	5.08244
989	447	4.86703
989	484	4.85597
989	490	4.68224
989	513	6.09756
989	527	6.50908
989	615	6.78874
989	628	6.02087
989	691	7.07738
989	705	7.52675
989	747	7.13116
989	754	6.29025
989	756	6.15365
989	757	7.74492
989	765	6.90413
989	770	7.51146
989	801	7.14827
989	831	8.56729
989	842	8.32151
989	848	8.20911
989	863	9.11997
989	866	9.4965
989	908	10.404
989	921	9.94261
989	932	11.2787
989	964	9.19966
989	972	9.55336
989	985	10.1525
989	988	11.9665
989	993	10.28
989	997	0
990	13	5.17874
990	77	5.83541
990	85	4.8929
990	110	5.7005
990	160	5.96311
990	162	4.79093
990	178	4.97443
990	204	4.65202
990	212	5.77405
990	258	4.86168
990	303	3.48768
990	357	6.17814
990	391	6.20665
990	405	4.37429
990	437	4.31347
990	443	5.80997
990	476	6.05284
990	479	7.21391
990	555	7.48691
990	556	7.59716
990	559	4.18001
990	590	6.12746
990	602	5.64087
990	611	5.6906
990	645	7.96345
990	681	7.96356
990	706	7.46257
990	740	9.47088
990	760	9.1084
990	774	6.09041
990	777	6.52032
990	795	7.06683
990	817	6.32916
990	823	10.1628
990	847	7.74056
990	863	7.00971
990	882	7.39674
990	919	8.4803
990	925	11.0959
990	926	8.33736
990	938	9.25394
990	953	8.53038
990	955	8.7044
990	959	8.51123
990	969	10.3017
990	994	0
991	17	4.48369
991	188	4.91152
991	218	3.67121
991	229	3.31274
991	236	3.37201
991	256	4.78725
991	271	3.82563
991	276	4.85898
991	362	5.01937
991	389	4.79229
991	489	5.33251
991	536	5.8928
991	570	5.34524
991	577	6.25394
991	582	5.48562
991	586	6.15418
991	606	5.47453
991	628	5.60019
991	632	6.28765
991	656	4.94498
991	660	5.60095
991	714	6.41491
991	724	5.44961
991	727	6.51242
991	731	6.66972
991	753	7.05333
991	775	8.38465
991	823	6.30125
991	832	9.39125
991	865	7.88499
991	904	7.55272
991	905	8.84042
991	908	9.21414
991	914	8.05587
991	921	10.1741
991	939	8.23882
991	942	9.93715
991	943	8.34285
991	955	10.063
991	956	8.5898
991	958	11.0535
991	968	9.26493
991	970	10.8197
991	972	8.3033
991	975	9.86455
991	980	0
992	34	3.3271
992	69	3.8398
992	86	3.32575
992	88	3.9239
992	91	2.58864
992	100	3.94132
992	101	5.04198
992	177	6.3203
992	185	3.83914
992	189	3.83914
992	193	3.83914
992	214	6.05086
992	222	4.64671
992	281	7.42562
992	283	4.86198
992	351	4.9695
992	377	6.1208
992	380	4.8257
992	412	6.22372
992	425	5.10381
992	502	7.03647
992	503	8.62436
992	581	6.53063
992	611	7.08337
992	631	8.27008
992	670	5.26733
992	680	8.91791
992	685	6.13437
992	688	5.96585
992	691	5.91882
992	707	7.07831
992	799	7.77168
992	824	8.1747
992	843	7.26915
992	850	7.77767
992	866	7.98657
992	868	7.64947
992	899	7.72292
992	900	8.48605
992	904	15.6858
992	945	15.9893
992	949	9.03763
992	952	15.994
992	954	9.36754
992	961	8.90435
992	975	9.58532
992	984	0
993	7	2.9702
993	28	2.86512
993	45	4.41559
993	173	5.83751
993	182	3.7378
993	200	4.98716
993	210	3.88851
993	327	6.01733
993	344	4.86146
993	402	5.948
993	409	6.36921
993	436	4.99226
993	484	4.80747
993	513	5.93937
993	537	5.24479
993	567	5.25903
993	575	7.22752
993	588	5.79113
993	609	6.63431
993	615	5.0956
993	660	6.14197
993	675	8.3202
993	699	7.05173
993	711	7.0656
993	718	7.35681
993	734	7.65198
993	747	7.2564
993	754	6.39867
993	770	7.63669
993	801	6.44172
993	812	7.14297
993	826	7.13994
993	836	7.81502
993	837	8.69253
993	842	8.44674
993	848	7.82516
993	887	10.7052
993	912	8.18574
993	914	8.0891
993	941	8.49347
993	955	9.34658
993	956	11.4039
993	964	9.20043
993	982	9.13488
993	984	11.9665
993	989	10.5767
993	996	0
994	4	4.39441
994	19	3.52911
994	21	3.35206
994	112	4.52709
994	124	4.84088
994	151	3.4996
994	190	4.45191
994	193	5.29989
994	209	3.39382
994	242	6.3562
994	260	4.15737
994	270	4.793
994	280	4.96798
994	319	3.90234
994	321	5.29433
994	378	5.72807
994	424	4.56776
994	481	5.66913
994	501	6.02477
994	584	5.1399
994	625	5.87627
994	634	7.82514
994	677	5.74104
994	680	6.41416
994	691	7.42496
994	720	7.41729
994	744	7.35539
994	754	7.10932
994	762	7.06812
994	770	8.4082
994	783	7.9173
994	798	7.36586
994	812	8.74072
994	824	7.53696
994	826	8.38145
994	835	9.46961
994	873	9.1227
994	874	10.4115
994	903	9.13063
994	921	10.1638
994	922	11.053
994	937	10.0428
994	951	10.8346
994	955	10.2192
994	983	10.3017
994	990	12.0991
994	1000	0
995	26	3.64326
995	41	4.47605
995	139	5.92416
995	177	3.96116
995	189	5.25877
995	201	5.20426
995	276	4.61141
995	287	6.07535
995	317	5.06837
995	328	5.30786
995	343	6.30648
995	354	4.91088
995	370	5.50377
995	372	5.88753
995	386	6.41382
995	403	7.25272
995	424	6.40965
995	451	7.15238
995	486	5.82773
995	512	7.03422
995	516	6.84467
995	521	6.0761
995	532	6.35629
995	533	5.84855
995	541	5.68647
995	550	6.58938
995	604	6.1991
995	610	6.70672
995	634	7.10127
995	638	8.04868
995	734	7.35401
995	750	8.68602
995	768	7.26379
995	780	8.47177
995	786	8.80924
995	800	9.01817
995	814	8.87975
995	825	6.82211
995	834	9.04463
995	860	8.04946
995	877	10.3432
995	879	9.09616
995	888	8.66611
995	911	9.13648
995	929	9.96079
995	949	11.1881
995	957	10.3157
995	974	0
996	62	5.40404
996	66	3.37423
996	100	4.08243
996	115	5.2332
996	161	4.94474
996	190	5.92807
996	258	4.13214
996	283	6.32439
996	340	4.19672
996	350	4.59625
996	373	5.89991
996	419	4.83865
996	426	4.16452
996	466	4.56467
996	485	4.78861
996	487	5.96505
996	548	4.58429
996	554	6.92492
996	557	6.75613
996	579	5.88784
996	595	5.48914
996	631	6.49162
996	672	6.30164
996	685	6.70441
996	707	7.62275
996	745	7.80568
996	751	6.88421
996	757	8.05603
996	758	7.63469
996	770	6.69428
996	779	7.11652
996	782	7.97927
996	788	8.06143
996	803	7.87883
996	831	7.50171
996	838	8.55318
996	847	8.82605
996	857	9.55416
996	884	8.67413
996	911	9.22471
996	915	10.2046
996	930	9.98546
996	946	10.3547
996	951	10.3091
996	977	10.2846
996	980	10.5214
996	981	10.5909
996	986	10.5767
996	993	0
997	41	3.64795
997	47	4.66153
997	129	4.87508
997	156	4.16134
997	171	3.66402
997	226	3.86498
997	234	3.61164
997	250	3.97563
997	255	3.97684
997	259	3.97777
997	262	5.98139
997	318	4.15956
997	319	3.8846
997	357	4.7096
997	372	5.36072
997	388	4.7905
997	398	6.20927
997	414	4.3371
997	434	5.01609
997	440	4.82492
997	469	6.68541
997	497	5.39142
997	505	6.39476
997	568	7.10866
997	597	10.4638
997	638	6.56538
997	653	9.05019
997	710	6.67952
997	716	8.42639
997	719	6.33936
997	729	6.18357
997	788	6.55004
997	805	6.02794
997	834	7.76923
997	854	13.1106
997	874	7.69314
997	875	7.93092
997	883	13.3202
997	893	8.64033
997	921	9.10253
997	934	8.9273
997	955	8.66923
997	960	10.4223
997	968	9.84938
997	970	9.66104
997	973	15.316
997	975	15.8281
997	986	10.28
997	989	0
998	2	4.57478
998	80	4.74056
998	82	4.16821
998	133	5.61346
998	143	5.65205
998	147	5.28474
998	154	3.6688
998	189	5.51582
998	227	4.53565
998	235	5.26916
998	236	5.14096
998	241	3.9074
998	333	4.38475
998	348	4.94983
998	351	5.21817
998	390	3.97907
998	407	4.44881
998	429	7.25613
998	545	6.07307
998	560	7.12823
998	589	7.61015
998	598	6.41437
998	634	6.38027
998	668	6.71732
998	690	7.51488
998	703	6.80041
998	709	7.37808
998	713	6.87622
998	719	7.59869
998	731	6.71762
998	743	7.59775
998	769	7.37738
998	812	7.48072
998	833	8.81702
998	841	9.00469
998	858	7.75711
998	877	8.07348
998	886	8.80381
998	888	9.13412
998	889	9.6111
998	903	11.1779
998	905	9.17696
998	935	8.50454
998	945	10.2764
998	948	10.3479
998	957	9.60314
998	959	11.8467
998	960	11.6986
998	962	12.4329
998	974	0
999	4	4.27959
999	10	3.60129
999	21	6.36137
999	31	5.01283
999	48	4.52839
999	107	5.55386
999	223	4.94899
999	246	5.28025
999	257	5.20274
999	311	5.74899
999	316	4.18855
999	328	4.53307
999	370	5.50088
999	403	6.29254
999	406	4.50094
999	419	5.04766
999	484	6.73619
999	493	5.96883
999	496	6.87619
999	561	6.83158
999	570	6.38327
999	600	6.39173
999	617	6.24198
999	621	7.05903
999	705	8.04715
999	712	6.09976
999	714	7.16034
999	747	7.94418
999	769	7.89259
999	793	6.98636
999	820	9.37149
999	833	8.07245
999	843	9.47082
999	845	8.04338
999	846	8.75762
999	861	7.58298
999	869	7.63865
999	879	7.91654
999	885	8.68992
999	890	8.0988
999	891	9.35099
999	896	10.7584
999	897	10.6951
999	911	10.1688
999	913	8.90269
999	924	10.2965
999	927	8.41842
999	936	8.97549
999	937	9.42123
999	977	0
1000	19	3.70934
1000	21	5.09686
1000	27	4.86653
1000	43	4.48852
1000	46	4.70731
1000	124	3.75139
1000	144	5.27536
1000	162	4.76445
1000	224	6.30752
1000	249	5.61686
1000	277	5.03954
1000	280	6.14197
1000	314	4.08257
1000	321	5.86323
1000	333	5.17686
1000	383	6.12634
1000	404	4.74799
1000	481	6.4747
1000	520	4.65063
1000	530	5.98536
1000	538	5.37963
1000	562	8.0101
1000	621	7.59223
1000	626	7.32095
1000	630	7.17169
1000	639	6.82437
1000	645	7.59092
1000	683	6.59438
1000	691	7.99455
1000	708	7.60518
1000	720	7.21089
1000	733	7.28955
1000	762	7.44496
1000	765	7.24835
1000	770	7.36085
1000	792	7.6255
1000	811	8.92095
1000	824	9.64984
1000	873	8.98483
1000	893	8.44316
1000	900	10.5917
1000	903	8.87402
1000	905	9.41199
1000	935	9.25978
1000	941	11.0148
1000	955	10.4979
1000	963	11.7877
1000	982	10.3056
1000	984	12.0991
1000	994	0