1	249
1	436
1	481
1	578
1	699
1	768
1	994
2	153
2	356
2	621
2	683
2	688
2	746
2	757
3	64
3	829
3	917
3	928
3	957
3	958
3	974
4	906
4	944
4	984
4	995
4	996
4	999
4	1000
5	315
5	429
5	624
5	650
5	688
5	798
5	810
6	15
6	417
6	540
6	793
6	833
6	853
6	861
7	130
7	186
7	471
7	622
7	641
7	669
7	790
8	976
8	979
8	982
8	989
8	992
8	994
8	997
9	69
9	672
9	800
9	868
9	873
9	888
9	889
10	306
10	442
10	577
10	600
10	656
10	836
10	859
11	187
11	548
11	642
11	802
11	860
11	893
11	897
12	437
12	547
12	737
12	767
12	784
12	863
12	956
13	479
13	528
13	649
13	775
13	808
13	856
13	871
14	353
14	959
14	969
14	970
14	978
14	983
14	987
15	6
15	632
15	706
15	833
15	835
15	853
15	861
16	660
16	879
16	891
16	911
16	934
16	937
16	981
17	739
17	967
17	971
17	977
17	991
17	993
17	998
18	246
18	449
18	811
18	814
18	872
18	884
18	926
19	590
19	595
19	714
19	767
19	784
19	863
19	993
20	433
20	535
20	630
20	811
20	830
20	872
20	926
21	536
21	954
21	965
21	977
21	991
21	993
21	998
22	371
22	744
22	783
22	819
22	862
22	867
22	907
23	284
23	297
23	424
23	570
23	605
23	798
23	810
24	310
24	555
24	646
24	769
24	775
24	856
24	871
25	685
25	769
25	866
25	955
25	963
25	964
25	968
26	471
26	832
26	891
26	910
26	937
26	949
26	981
27	453
27	459
27	729
27	755
27	803
27	806
27	825
28	748
28	833
28	838
28	902
28	928
28	957
28	974
29	118
29	295
29	312
29	373
29	656
29	836
29	859
30	540
30	631
30	706
30	740
30	774
30	826
30	861
31	98
31	789
31	797
31	800
31	868
31	888
31	889
32	271
32	348
32	676
32	720
32	728
32	739
32	763
33	293
33	944
33	988
33	990
33	996
33	999
33	1000
34	919
34	929
34	946
34	962
34	969
34	986
34	987
35	137
35	398
35	594
35	802
35	873
35	893
35	897
36	836
36	908
36	919
36	932
36	934
36	960
36	975
37	628
37	638
37	775
37	808
37	824
37	856
37	871
38	535
38	817
38	892
38	955
38	963
38	964
38	968
39	959
39	969
39	970
39	973
39	978
39	983
39	986
40	118
40	161
40	180
40	373
40	656
40	836
40	947
41	954
41	965
41	966
41	967
41	977
41	991
41	998
42	554
42	755
42	787
42	803
42	806
42	825
42	912
43	114
43	703
43	706
43	740
43	833
43	853
43	861
44	756
44	828
44	876
44	922
44	924
44	927
44	956
45	915
45	923
45	930
45	940
45	943
45	945
45	947
46	230
46	389
46	524
46	783
46	819
46	862
46	907
47	828
47	920
47	921
47	922
47	924
47	927
47	956
48	108
48	146
48	239
48	372
48	674
48	699
48	768
49	93
49	306
49	390
49	442
49	700
49	836
49	859
50	851
50	898
50	903
50	920
50	921
50	924
50	956
51	714
51	959
51	970
51	973
51	983
51	986
51	987
52	123
52	308
52	598
52	678
52	696
52	813
52	985
53	393
53	951
53	961
53	971
53	991
53	993
53	998
54	388
54	606
54	728
54	739
54	763
54	782
54	792
55	531
55	585
55	589
55	648
55	682
55	698
55	919
56	261
56	558
56	617
56	802
56	860
56	893
56	897
57	439
57	982
57	985
57	989
57	992
57	994
57	997
58	72
58	225
58	323
58	334
58	457
58	589
58	648
59	121
59	507
59	620
59	735
59	812
59	831
59	846
60	752
60	797
60	868
60	869
60	873
60	888
60	889
61	904
61	954
61	967
61	971
61	991
61	993
61	998
62	177
62	277
62	353
62	570
62	722
62	798
62	810
63	704
63	822
63	850
63	925
63	937
63	949
63	981
64	3
64	832
64	879
64	910
64	925
64	937
64	981
65	284
65	570
65	601
65	624
65	722
65	798
65	810
66	584
66	704
66	720
66	728
66	739
66	763
66	792
67	161
67	273
67	300
67	577
67	836
67	859
67	994
68	500
68	915
68	930
68	935
68	940
68	943
68	947
69	9
69	707
69	868
69	869
69	873
69	888
69	889
70	571
70	616
70	819
70	862
70	867
70	907
70	980
71	97
71	905
71	966
71	977
71	991
71	993
71	998
72	58
72	233
72	445
72	542
72	635
72	860
72	897
73	310
73	528
73	640
73	719
73	808
73	856
73	871
74	257
74	619
74	932
74	936
74	950
74	960
74	975
75	506
75	634
75	659
75	714
75	767
75	774
75	863
76	224
76	915
76	923
76	935
76	943
76	945
76	947
77	442
77	573
77	797
77	800
77	869
77	888
77	889
78	324
78	510
78	938
78	955
78	963
78	964
78	968
79	493
79	684
79	755
79	787
79	803
79	806
79	825
80	552
80	574
80	673
80	821
80	831
80	846
80	938
81	646
81	797
81	868
81	869
81	873
81	888
81	889
82	524
82	571
82	699
82	799
82	819
82	867
82	907
83	815
83	841
83	864
83	874
83	878
83	881
83	886
84	647
84	793
84	826
84	835
84	853
84	861
84	894
85	164
85	850
85	879
85	891
85	937
85	949
85	981
86	183
86	891
86	910
86	911
86	925
86	937
86	981
87	780
87	962
87	970
87	973
87	978
87	986
87	987
88	855
88	903
88	921
88	922
88	924
88	927
88	956
89	774
89	815
89	841
89	874
89	878
89	881
89	886
90	146
90	179
90	207
90	481
90	583
90	699
90	768
91	719
91	959
91	969
91	973
91	983
91	986
91	987
92	302
92	421
92	537
92	568
92	608
92	681
92	781
93	49
93	577
93	603
93	656
93	836
93	859
93	975
94	623
94	628
94	640
94	692
94	719
94	824
94	856
95	247
95	259
95	569
95	598
95	678
95	696
95	813
96	234
96	306
96	373
96	390
96	600
96	836
96	859
97	71
97	817
97	892
97	955
97	963
97	964
97	968
98	31
98	632
98	672
98	869
98	873
98	888
98	889
99	297
99	852
99	883
99	896
99	913
99	942
99	952
100	445
100	909
100	917
100	928
100	957
100	958
100	974
101	296
101	823
101	838
101	909
101	928
101	957
101	974
102	334
102	531
102	543
102	585
102	638
102	678
102	698
103	466
103	542
103	558
103	802
103	860
103	893
103	897
104	173
104	441
104	677
104	799
104	819
104	867
104	907
105	311
105	634
105	737
105	767
105	784
105	855
105	863
106	347
106	449
106	653
106	770
106	830
106	884
106	926
107	877
107	980
107	982
107	989
107	992
107	994
107	997
108	48
108	249
108	282
108	404
108	583
108	674
108	768
109	282
109	436
109	481
109	578
109	699
109	768
109	1000
110	140
110	417
110	645
110	740
110	774
110	853
110	861
111	876
111	898
111	920
111	921
111	922
111	924
111	956
112	128
112	170
112	593
112	622
112	641
112	669
112	790
113	543
113	585
113	589
113	648
113	682
113	698
113	741
114	43
114	774
114	829
114	833
114	835
114	853
114	861
115	839
115	841
115	864
115	874
115	881
115	886
115	955
116	391
116	419
116	829
116	842
116	902
116	958
116	974
117	170
117	410
117	512
117	546
117	622
117	790
117	799
118	29
118	40
118	442
118	577
118	600
118	610
118	859
119	494
119	554
119	783
119	787
119	803
119	806
119	825
120	170
120	471
120	505
120	512
120	572
120	641
120	790
121	59
121	322
121	612
121	673
121	821
121	831
121	846
122	137
122	548
122	580
122	642
122	860
122	893
122	954
123	52
123	275
123	491
123	678
123	696
123	734
123	813
124	773
124	800
124	868
124	869
124	873
124	888
124	889
125	416
125	612
125	665
125	673
125	758
125	831
125	846
126	923
126	928
126	930
126	940
126	943
126	945
126	947
127	915
127	935
127	940
127	943
127	945
127	947
127	966
128	112
128	410
128	505
128	572
128	622
128	641
128	790
129	679
129	727
129	730
129	772
129	773
129	777
129	923
130	7
130	186
130	204
130	244
130	572
130	669
130	790
131	879
131	911
131	925
131	937
131	949
131	981
131	989
132	628
132	951
132	961
132	966
132	977
132	993
132	998
133	152
133	421
133	453
133	537
133	608
133	759
133	781
134	557
134	754
134	877
134	938
134	955
134	963
134	968
135	791
135	874
135	920
135	922
135	924
135	927
135	956
136	153
136	163
136	379
136	475
136	621
136	658
136	786
137	35
137	122
137	635
137	860
137	893
137	897
137	965
138	625
138	908
138	936
138	946
138	950
138	960
138	975
139	912
139	915
139	935
139	940
139	943
139	945
139	947
140	110
140	793
140	826
140	835
140	853
140	861
140	926
141	691
141	743
141	934
141	936
141	946
141	950
141	960
141	975
142	217
142	364
142	584
142	676
142	720
142	728
142	763
142	792
143	267
143	466
143	617
143	635
143	847
143	860
143	893
143	897
144	247
144	259
144	275
144	308
144	354
144	734
144	794
144	813
145	163
145	915
145	930
145	935
145	940
145	943
145	945
145	947
146	48
146	90
146	282
146	404
146	436
146	578
146	699
146	768
147	219
147	686
147	713
147	745
147	816
147	818
147	847
147	870
148	620
148	665
148	735
148	762
148	812
148	821
148	831
148	846
149	460
149	916
149	931
149	944
149	984
149	988
149	990
149	995
150	446
150	959
150	969
150	970
150	978
150	983
150	986
150	987
151	487
151	822
151	879
151	891
151	910
151	911
151	949
151	981
152	133
152	427
152	568
152	579
152	668
152	681
152	751
152	759
153	2
153	136
153	221
153	621
153	658
153	731
153	746
153	786
154	514
154	680
154	745
154	776
154	816
154	847
154	870
154	944
155	497
155	855
155	857
155	903
155	921
155	922
155	924
155	956
156	272
156	295
156	300
156	306
156	577
156	603
156	836
156	859
157	165
157	194
157	208
157	435
157	678
157	696
157	734
157	813
158	904
158	961
158	965
158	966
158	971
158	977
158	991
158	993
159	304
159	659
159	679
159	714
159	737
159	767
159	784
159	863
160	528
160	646
160	719
160	808
160	824
160	856
160	871
160	979
161	40
161	67
161	600
161	603
161	656
161	730
161	836
161	859
162	348
162	527
162	599
162	606
162	629
162	676
162	720
162	792
163	136
163	145
163	387
163	560
163	667
163	683
163	746
163	757
164	85
164	718
164	769
164	892
164	938
164	963
164	964
164	968
165	157
165	287
165	308
165	469
165	598
165	696
165	734
165	813
166	433
166	770
166	811
166	814
166	830
166	872
166	884
166	885
167	218
167	253
167	433
167	630
167	811
167	814
167	884
167	926
168	205
168	313
168	668
168	691
168	751
168	759
168	781
168	926
169	590
169	595
169	634
169	714
169	737
169	767
169	784
169	863
170	112
170	117
170	120
170	186
170	204
170	546
170	669
170	790
171	689
171	969
171	970
171	973
171	978
171	983
171	986
171	987
172	866
172	877
172	904
172	938
172	955
172	963
172	964
172	968
173	104
173	677
173	734
173	783
173	819
173	862
173	867
173	907
174	574
174	923
174	930
174	935
174	940
174	943
174	945
174	947
175	915
175	923
175	930
175	935
175	940
175	943
175	945
175	947
176	200
176	292
176	380
176	482
176	643
176	732
176	753
176	779
177	62
177	223
177	297
177	605
177	650
177	722
177	798
177	810
178	331
178	339
178	536
178	735
178	812
178	821
178	831
178	846
179	90
179	249
179	372
179	404
179	578
179	674
179	768
179	977
180	40
180	273
180	295
180	442
180	544
180	577
180	603
180	859
181	680
181	713
181	724
181	745
181	816
181	818
181	847
181	870
182	194
182	214
182	832
182	850
182	879
182	925
182	937
182	981
183	86
183	769
183	877
183	892
183	938
183	963
183	964
183	968
184	672
184	708
184	800
184	868
184	869
184	873
184	888
184	889
185	606
185	629
185	676
185	696
185	728
185	739
185	763
185	792
186	7
186	130
186	170
186	471
186	505
186	641
186	669
186	790
187	11
187	445
187	548
187	687
187	802
187	860
187	893
187	897
188	258
188	686
188	708
188	745
188	776
188	818
188	847
188	870
189	822
189	878
189	891
189	911
189	925
189	937
189	949
189	981
190	364
190	584
190	599
190	606
190	739
190	763
190	792
190	820
191	383
191	965
191	966
191	967
191	971
191	991
191	993
191	998
192	359
192	508
192	643
192	732
192	753
192	766
192	779
192	904
193	232
193	412
193	570
193	605
193	624
193	722
193	798
193	810
194	157
194	182
194	208
194	354
194	569
194	678
194	734
194	813
195	882
195	926
195	951
195	961
195	965
195	977
195	993
195	998
196	582
196	744
196	894
196	908
196	946
196	950
196	960
196	975
197	820
197	839
197	864
197	874
197	878
197	881
197	886
197	970
198	708
198	797
198	852
198	868
198	869
198	873
198	888
198	889
199	282
199	404
199	436
199	578
199	583
199	594
199	674
199	768
200	176
200	443
200	523
200	596
200	732
200	753
200	766
200	977
201	707
201	709
201	834
201	894
201	932
201	936
201	946
201	975
202	954
202	965
202	966
202	967
202	971
202	991
202	993
202	998
203	636
203	820
203	839
203	864
203	874
203	878
203	881
203	886
204	130
204	170
204	210
204	311
204	410
204	572
204	622
204	790
205	168
205	264
205	549
205	668
205	681
205	759
205	781
205	954
206	639
206	651
206	879
206	891
206	910
206	925
206	937
206	981
207	90
207	429
207	481
207	578
207	583
207	674
207	699
207	768
208	157
208	194
208	259
208	569
208	621
208	696
208	734
208	813
209	341
209	929
209	962
209	973
209	978
209	983
209	986
209	987
210	204
210	226
210	471
210	572
210	622
210	669
210	790
210	882
211	797
211	800
211	868
211	869
211	873
211	888
211	889
211	979
212	663
212	929
212	962
212	970
212	978
212	983
212	986
212	987
213	500
213	551
213	708
213	868
213	869
213	873
213	888
213	889
214	182
214	639
214	660
214	910
214	925
214	937
214	949
214	981
215	233
215	279
215	445
215	580
215	642
215	860
215	893
215	897
216	323
216	457
216	585
216	638
216	648
216	682
216	698
216	930
217	142
217	857
217	876
217	903
217	920
217	922
217	924
217	956
218	167
218	797
218	800
218	868
218	869
218	873
218	888
218	889
219	147
219	368
219	609
219	776
219	816
219	818
219	847
219	870
220	268
220	441
220	447
220	616
220	644
220	783
220	819
220	907
221	153
221	305
221	366
221	560
221	658
221	688
221	731
221	757
222	432
222	489
222	636
222	762
222	872
222	884
222	926
222	966
223	177
223	297
223	424
223	605
223	624
223	650
223	798
223	810
224	76
224	334
224	543
224	589
224	638
224	648
224	682
224	698
225	58
225	323
225	385
225	457
225	589
225	638
225	648
225	682
226	210
226	505
226	512
226	546
226	572
226	641
226	669
226	790
227	843
227	865
227	901
227	913
227	942
227	948
227	951
227	952
228	460
228	529
228	535
228	553
228	601
228	772
228	773
228	820
229	452
229	865
229	896
229	901
229	912
229	942
229	948
229	952
230	46
230	371
230	416
230	538
230	677
230	799
230	862
230	907
231	873
231	923
231	930
231	935
231	940
231	943
231	945
231	947
232	193
232	412
232	424
232	429
232	624
232	722
232	810
232	992
233	72
233	215
233	238
233	335
233	558
233	617
233	635
233	897
234	96
234	382
234	397
234	653
234	811
234	814
234	884
234	926
235	866
235	916
235	931
235	944
235	988
235	990
235	996
235	1000
236	364
236	851
236	857
236	898
236	920
236	921
236	927
236	956
237	258
237	375
237	686
237	816
237	818
237	832
237	847
237	870
238	233
238	765
238	815
238	864
238	874
238	878
238	881
238	886
239	48
239	475
239	501
239	560
239	658
239	667
239	746
239	786
240	409
240	929
240	959
240	962
240	970
240	983
240	986
240	987
241	593
241	929
241	969
241	970
241	973
241	978
241	986
241	987
242	477
242	502
242	508
242	523
242	732
242	753
242	766
242	779
243	630
243	653
243	770
243	801
243	814
243	872
243	884
243	926
244	130
244	479
244	713
244	776
244	816
244	818
244	847
244	870
245	272
245	895
245	896
245	901
245	913
245	942
245	948
245	952
246	18
246	636
246	637
246	811
246	814
246	830
246	872
246	926
247	95
247	144
247	354
247	569
247	678
247	696
247	734
247	813
248	297
248	434
248	570
248	624
248	722
248	798
248	810
248	899
249	1
249	108
249	179
249	578
249	583
249	674
249	699
249	768
250	350
250	854
250	895
250	896
250	901
250	912
250	913
250	952
251	508
251	941
251	980
251	985
251	989
251	992
251	994
251	997
252	387
252	425
252	688
252	731
252	746
252	757
252	786
252	804
253	167
253	365
253	653
253	830
253	865
253	872
253	884
253	926
254	535
254	553
254	565
254	679
254	727
254	772
254	773
254	777
255	959
255	962
255	969
255	973
255	978
255	983
255	986
255	987
256	843
256	845
256	883
256	897
256	913
256	942
256	948
256	952
257	74
257	822
257	910
257	911
257	925
257	937
257	949
257	981
258	188
258	237
258	609
258	776
258	818
258	847
258	870
258	958
259	95
259	144
259	208
259	435
259	598
259	678
259	734
259	813
260	642
260	951
260	954
260	965
260	966
260	967
260	991
260	998
261	56
261	398
261	522
261	532
261	617
261	802
261	860
261	897
262	695
262	892
262	938
262	955
262	963
262	964
262	968
262	981
263	613
263	795
263	838
263	902
263	928
263	957
263	958
263	974
264	205
264	421
264	453
264	556
264	568
264	681
264	751
264	781
265	754
265	808
265	877
265	938
265	955
265	963
265	964
265	968
266	837
266	976
266	979
266	980
266	982
266	992
266	994
266	997
267	143
267	330
267	445
267	580
267	594
267	802
267	893
267	897
268	220
268	301
268	333
268	744
268	799
268	862
268	867
268	907
269	544
269	923
269	930
269	935
269	940
269	943
269	945
269	947
270	933
270	976
270	979
270	980
270	988
270	989
270	994
270	997
271	32
271	370
271	623
271	640
271	649
271	824
271	856
271	871
272	156
272	245
272	390
272	442
272	600
272	656
272	836
272	859
273	67
273	180
273	442
273	600
273	603
273	836
273	859
273	979
274	366
274	929
274	962
274	970
274	978
274	983
274	986
274	987
275	123
275	144
275	308
275	354
275	678
275	720
275	734
275	813
276	413
276	704
276	832
276	891
276	910
276	925
276	949
276	981
277	62
277	375
277	680
277	724
277	816
277	818
277	847
277	870
278	671
278	690
278	774
278	826
278	833
278	835
278	853
278	948
279	215
279	558
279	580
279	594
279	802
279	860
279	893
279	897
279	933
280	321
280	519
280	822
280	832
280	850
280	910
280	919
280	925
280	981
281	951
281	954
281	959
281	961
281	967
281	977
281	991
281	993
281	998
282	108
282	109
282	146
282	199
282	436
282	578
282	674
282	768
282	807
283	403
283	959
283	962
283	969
283	970
283	973
283	978
283	983
283	987
284	23
284	65
284	605
284	624
284	650
284	798
284	810
284	888
284	958
285	377
285	672
285	676
285	797
285	868
285	869
285	873
285	888
285	889
286	406
286	450
286	476
286	523
286	643
286	732
286	753
286	766
286	779
287	165
287	307
287	435
287	569
287	678
287	696
287	734
287	813
287	980
288	763
288	914
288	916
288	953
288	972
288	984
288	988
288	995
288	999
289	845
289	852
289	854
289	865
289	896
289	932
289	942
289	948
289	952
290	301
290	464
290	571
290	799
290	819
290	862
290	867
290	907
290	913
291	680
291	713
291	724
291	776
291	816
291	818
291	847
291	870
291	937
292	176
292	976
292	980
292	982
292	985
292	989
292	992
292	994
292	997
293	33
293	587
293	652
293	892
293	938
293	955
293	963
293	964
293	968
294	891
294	959
294	962
294	969
294	973
294	978
294	983
294	986
294	987
295	29
295	156
295	180
295	373
295	600
295	656
295	836
295	859
295	940
296	101
296	448
296	752
296	809
296	838
296	909
296	917
296	958
296	974
297	23
297	99
297	177
297	223
297	248
297	412
297	605
297	798
297	810
298	521
298	530
298	677
298	783
298	799
298	819
298	862
298	867
298	907
299	931
299	939
299	944
299	961
299	988
299	995
299	996
299	999
299	1000
300	67
300	156
300	306
300	312
300	390
300	603
300	836
300	859
300	893
301	268
301	290
301	571
301	621
301	677
301	799
301	862
301	867
301	907
302	92
302	852
302	854
302	895
302	901
302	913
302	942
302	948
302	952
303	680
303	713
303	724
303	745
303	767
303	816
303	818
303	847
303	870
304	159
304	506
304	547
304	595
304	659
304	665
304	737
304	784
304	863
305	221
305	493
305	684
305	729
305	755
305	787
305	803
305	806
305	825
306	10
306	49
306	96
306	156
306	300
306	656
306	836
306	859
306	964
307	287
307	308
307	435
307	598
307	678
307	696
307	734
307	813
307	951
308	52
308	144
308	165
308	275
308	307
308	569
308	678
308	734
308	813
309	668
309	804
309	828
309	855
309	876
309	898
309	921
309	927
309	956
310	24
310	73
310	692
310	775
310	808
310	824
310	856
310	871
310	878
311	105
311	204
311	506
311	590
311	634
311	714
311	767
311	784
311	863
312	29
312	300
312	577
312	599
312	603
312	656
312	836
312	859
312	889
313	168
313	329
313	485
313	629
313	668
313	681
313	691
313	751
313	759
314	521
314	744
314	783
314	799
314	819
314	862
314	867
314	907
314	961
315	5
315	429
315	434
315	462
315	570
315	624
315	722
315	798
315	810
316	772
316	933
316	976
316	979
316	982
316	985
316	989
316	994
316	997
317	432
317	976
317	980
317	982
317	985
317	989
317	992
317	994
317	997
318	437
318	506
318	547
318	607
318	714
318	767
318	784
318	823
318	863
319	405
319	704
319	850
319	879
319	891
319	911
319	937
319	949
319	981
320	525
320	683
320	823
320	838
320	842
320	909
320	957
320	958
320	974
321	280
321	519
321	720
321	822
321	850
321	910
321	911
321	949
321	981
322	121
322	489
322	762
322	770
322	814
322	830
322	872
322	884
322	926
323	58
323	216
323	225
323	457
323	531
323	589
323	638
323	648
323	682
324	78
324	718
324	817
324	917
324	938
324	955
324	963
324	964
324	968
325	694
325	781
325	857
325	898
325	920
325	922
325	924
325	927
325	956
326	823
326	838
326	902
326	917
326	928
326	957
326	958
326	974
326	975
327	863
327	941
327	976
327	980
327	985
327	989
327	992
327	994
327	997
328	420
328	459
328	493
328	684
328	729
328	787
328	803
328	806
328	825
329	313
329	427
329	537
329	549
329	608
329	681
329	751
329	759
329	781
330	267
330	335
330	594
330	642
330	715
330	802
330	860
330	893
330	897
331	178
331	458
331	507
331	585
331	735
331	758
331	812
331	831
331	846
332	675
332	748
332	809
332	909
332	917
332	928
332	957
332	958
332	974
333	268
333	976
333	979
333	982
333	985
333	989
333	992
333	994
333	997
334	58
334	102
334	224
334	385
334	531
334	589
334	648
334	682
334	698
335	233
335	330
335	466
335	532
335	594
335	681
335	860
335	893
335	897
336	567
336	933
336	976
336	979
336	980
336	985
336	989
336	992
336	997
337	627
337	652
337	866
337	877
337	945
337	955
337	963
337	964
337	968
338	716
338	858
338	908
338	932
338	934
338	936
338	946
338	950
338	960
339	178
339	342
339	520
339	620
339	673
339	735
339	831
339	846
339	999
340	491
340	567
340	601
340	727
340	730
340	772
340	773
340	777
340	996
341	209
341	941
341	979
341	982
341	985
341	989
341	992
341	994
341	997
342	339
342	520
342	536
342	673
342	793
342	812
342	821
342	831
342	846
343	382
343	630
343	762
343	811
343	830
343	872
343	884
343	926
343	940
344	915
344	923
344	930
344	935
344	940
344	943
344	945
344	947
344	999
345	822
345	832
345	868
345	910
345	911
345	925
345	937
345	949
345	981
346	725
346	932
346	934
346	936
346	946
346	949
346	950
346	960
346	975
347	106
347	636
347	762
347	770
347	814
347	830
347	884
347	926
347	973
348	32
348	162
348	584
348	599
348	720
348	728
348	763
348	792
348	918
349	404
349	854
349	865
349	895
349	912
349	913
349	942
349	948
349	952
350	250
350	385
350	531
350	543
350	585
350	638
350	648
350	682
350	698
351	370
351	628
351	646
351	649
351	669
351	719
351	824
351	856
351	871
352	386
352	647
352	706
352	774
352	793
352	826
352	835
352	853
352	861
353	14
353	62
353	412
353	434
353	605
353	650
353	722
353	798
353	810
354	144
354	194
354	247
354	275
354	598
354	678
354	696
354	813
354	984
355	750
355	939
355	972
355	988
355	990
355	995
355	996
355	999
355	1000
356	2
356	366
356	387
356	475
356	501
356	560
356	658
356	683
356	786
357	545
357	866
357	877
357	938
357	948
357	955
357	963
357	964
357	968
358	476
358	482
358	502
358	523
358	576
358	643
358	753
358	766
358	779
359	192
359	380
359	384
359	482
359	596
359	732
359	753
359	766
359	794
360	855
360	888
360	898
360	903
360	920
360	921
360	924
360	927
360	956
361	467
361	547
361	590
361	659
361	714
361	737
361	784
361	863
361	910
362	588
362	752
362	780
362	902
362	909
362	917
362	928
362	957
362	958
363	771
363	858
363	908
363	932
363	934
363	936
363	946
363	950
363	960
364	142
364	190
364	236
364	486
364	527
364	676
364	720
364	739
364	792
365	253
365	449
365	653
365	762
365	770
365	811
365	830
365	872
365	926
366	221
366	274
366	356
366	379
366	621
366	667
366	683
366	746
366	786
367	905
367	954
367	961
367	967
367	971
367	977
367	991
367	993
367	998
368	219
368	438
368	451
368	686
368	745
368	776
368	816
368	847
368	870
369	448
369	484
369	718
369	754
369	817
369	866
369	892
369	938
369	964
369	968
370	271
370	351
370	562
370	628
370	649
370	692
370	766
370	808
370	856
370	871
371	22
371	230
371	616
371	677
371	694
371	783
371	799
371	862
371	867
371	907
372	48
372	179
372	404
372	406
372	481
372	578
372	583
372	674
372	699
372	768
373	29
373	40
373	96
373	295
373	390
373	600
373	656
373	819
373	836
373	859
374	491
374	565
374	567
374	641
374	679
374	727
374	730
374	772
374	773
374	777
375	237
375	277
375	449
375	609
375	713
375	745
375	776
375	816
375	847
375	870
376	407
376	460
376	565
376	567
376	679
376	727
376	730
376	773
376	777
376	783
377	285
377	672
377	708
377	800
377	868
377	869
377	873
377	884
377	888
377	889
378	463
378	976
378	979
378	980
378	982
378	985
378	989
378	992
378	994
378	997
379	136
379	366
379	493
379	503
379	560
379	658
379	683
379	688
379	731
379	757
380	176
380	359
380	384
380	443
380	508
380	591
380	732
380	753
380	766
380	779
381	437
381	582
381	595
381	607
381	659
381	714
381	737
381	767
381	784
381	863
382	234
382	343
382	488
382	630
382	637
382	762
382	770
382	830
382	872
382	926
383	191
383	402
383	507
383	620
383	665
383	673
383	758
383	812
383	821
383	846
384	359
384	380
384	476
384	502
384	596
384	643
384	732
384	766
384	779
384	977
385	225
385	334
385	350
385	457
385	585
385	589
385	604
385	638
385	682
385	698
386	352
386	900
386	915
386	923
386	930
386	935
386	940
386	943
386	945
386	947
387	163
387	252
387	356
387	560
387	667
387	731
387	746
387	757
387	786
387	995
388	54
388	455
388	584
388	629
388	676
388	720
388	728
388	739
388	763
388	792
389	46
389	939
389	972
389	984
389	988
389	990
389	995
389	996
389	999
389	1000
390	49
390	96
390	272
390	300
390	373
390	603
390	656
390	836
390	859
390	963
391	116
391	741
391	795
391	809
391	818
391	823
391	928
391	957
391	958
391	974
392	844
392	851
392	876
392	903
392	920
392	921
392	922
392	924
392	927
392	956
393	53
393	801
393	843
393	845
393	896
393	912
393	913
393	942
393	948
393	952
394	510
394	748
394	752
394	829
394	842
394	902
394	905
394	917
394	958
394	974
395	497
395	832
395	850
395	868
395	879
395	891
395	910
395	911
395	949
395	981
396	904
396	905
396	951
396	961
396	966
396	967
396	971
396	990
396	993
396	998
397	234
397	630
397	696
397	762
397	770
397	814
397	830
397	872
397	884
397	926
398	35
398	261
398	594
398	617
398	635
398	642
398	724
398	860
398	893
398	897
399	480
399	530
399	692
399	719
399	775
399	808
399	824
399	856
399	871
399	898
400	735
400	939
400	953
400	984
400	988
400	990
400	995
400	996
400	999
400	1000
401	722
401	941
401	979
401	980
401	982
401	985
401	989
401	992
401	994
401	997
402	383
402	552
402	612
402	665
402	735
402	758
402	812
402	821
402	831
402	896
403	283
403	474
403	752
403	809
403	838
403	902
403	928
403	957
403	958
403	974
404	108
404	146
404	179
404	199
404	349
404	372
404	583
404	674
404	699
404	768
405	319
405	802
405	822
405	879
405	891
405	910
405	911
405	937
405	949
405	981
406	286
406	372
406	476
406	502
406	508
406	523
406	732
406	753
406	766
406	779
407	376
407	535
407	553
407	601
407	727
407	730
407	772
407	773
407	777
407	939
408	459
408	493
408	599
408	684
408	729
408	755
408	787
408	803
408	806
408	825
409	240
409	540
409	690
409	740
409	793
409	826
409	833
409	835
409	853
409	861
410	117
410	128
410	204
410	512
410	572
410	622
410	641
410	669
410	765
410	790
411	741
411	823
411	829
411	849
411	909
411	917
411	928
411	957
411	958
411	974
412	193
412	232
412	297
412	353
412	434
412	570
412	624
412	650
412	798
412	872
413	276
413	420
413	554
413	684
413	729
413	755
413	787
413	803
413	806
413	825
414	801
414	843
414	883
414	895
414	901
414	906
414	912
414	942
414	948
414	952
415	787
415	845
415	852
415	865
415	883
415	895
415	896
415	912
415	942
415	948
416	125
416	230
416	464
416	524
416	616
416	677
416	744
416	783
416	867
416	907
417	6
417	110
417	430
417	645
417	690
417	793
417	826
417	833
417	835
417	861
418	802
418	852
418	883
418	895
418	896
418	901
418	912
418	913
418	948
418	952
419	116
419	900
419	915
419	923
419	930
419	935
419	940
419	943
419	945
419	947
420	328
420	413
420	541
420	729
420	755
420	787
420	803
420	806
420	825
420	942
421	92
421	133
421	264
421	453
421	494
421	568
421	668
421	681
421	691
421	751
422	810
422	906
422	939
422	944
422	953
422	984
422	990
422	995
422	999
422	1000
423	922
423	941
423	979
423	980
423	982
423	985
423	989
423	992
423	994
423	997
424	23
424	223
424	232
424	429
424	605
424	650
424	722
424	798
424	810
424	950
425	252
425	501
425	515
425	621
425	658
425	667
425	688
425	731
425	746
425	786
426	494
426	541
426	684
426	729
426	755
426	787
426	803
426	806
426	825
426	892
427	152
427	329
427	485
427	549
427	579
427	668
427	675
427	751
427	759
427	781
428	881
428	900
428	915
428	923
428	930
428	935
428	940
428	943
428	945
428	947
429	5
429	207
429	232
429	315
429	424
429	434
429	624
429	722
429	798
429	810
430	417
430	815
430	820
430	839
430	841
430	864
430	874
430	878
430	881
430	886
431	851
431	929
431	962
431	969
431	970
431	973
431	978
431	983
431	986
431	987
432	222
432	317
432	433
432	636
432	637
432	762
432	811
432	872
432	884
432	926
433	20
433	166
433	167
433	432
433	619
433	811
433	830
433	872
433	884
433	926
434	248
434	315
434	353
434	412
434	429
434	570
434	648
434	650
434	722
434	798
435	157
435	259
435	287
435	307
435	569
435	598
435	599
435	696
435	734
435	813
436	1
436	109
436	146
436	199
436	282
436	481
436	674
436	699
436	768
436	979
437	12
437	318
437	381
437	467
437	547
437	590
437	714
437	737
437	784
437	834
437	863
438	368
438	840
438	951
438	965
438	966
438	967
438	971
438	977
438	991
438	993
438	998
439	57
439	919
439	959
439	962
439	969
439	970
439	973
439	978
439	983
439	986
439	987
440	701
440	764
440	774
440	972
440	984
440	988
440	990
440	995
440	996
440	999
440	1000
441	104
441	220
441	447
441	521
441	677
441	718
441	744
441	799
441	862
441	867
441	907
442	10
442	49
442	77
442	118
442	180
442	272
442	273
442	577
442	600
442	603
442	859
443	200
443	380
443	476
443	482
443	596
443	643
443	732
443	738
443	753
443	766
443	779
444	477
444	564
444	645
444	671
444	706
444	740
444	826
444	833
444	835
444	853
444	861
445	72
445	100
445	187
445	215
445	267
445	548
445	558
445	580
445	617
445	802
445	897
446	150
446	711
446	765
446	815
446	820
446	839
446	864
446	874
446	878
446	881
446	886
447	220
447	441
447	524
447	565
447	616
447	744
447	799
447	819
447	862
447	867
447	907
448	296
448	369
448	534
448	754
448	817
448	866
448	938
448	955
448	963
448	964
448	968
449	18
449	106
449	365
449	375
449	636
449	653
449	770
449	814
449	872
449	884
449	926
450	286
450	899
450	900
450	915
450	923
450	930
450	935
450	940
450	943
450	945
450	947
451	368
451	514
451	595
451	686
451	713
451	724
451	745
451	776
451	816
451	847
451	870
452	229
452	855
452	857
452	876
452	898
452	903
452	920
452	921
452	922
452	927
452	956
453	27
453	133
453	264
453	421
453	549
453	568
453	579
453	608
453	681
453	691
453	751
454	602
454	711
454	765
454	820
454	839
454	841
454	864
454	874
454	878
454	881
454	886
455	388
455	933
455	941
455	976
455	979
455	980
455	982
455	989
455	992
455	994
455	997
456	856
456	882
456	904
456	954
456	961
456	966
456	971
456	977
456	991
456	993
456	998
457	58
457	216
457	225
457	323
457	385
457	543
457	638
457	648
457	682
457	698
457	983
458	331
458	507
458	520
458	552
458	612
458	758
458	821
458	830
458	831
458	846
458	902
459	27
459	328
459	408
459	684
459	701
459	729
459	755
459	787
459	803
459	806
459	825
460	149
460	228
460	376
460	491
460	553
460	679
460	727
460	730
460	772
460	773
460	777
461	830
461	875
461	904
461	905
461	961
461	965
461	971
461	977
461	991
461	993
461	998
462	315
462	880
462	885
462	914
462	939
462	944
462	953
462	990
462	995
462	999
462	1000
463	378
463	845
463	852
463	854
463	895
463	896
463	901
463	912
463	942
463	948
463	952
464	290
464	416
464	677
464	744
464	783
464	799
464	819
464	862
464	867
464	907
464	997
465	543
465	723
465	725
465	834
465	858
465	934
465	936
465	946
465	950
465	960
465	975
466	103
466	143
466	335
466	532
466	542
466	635
466	642
466	755
466	860
466	893
466	897
467	361
467	437
467	547
467	590
467	595
467	607
467	634
467	714
467	767
467	863
467	969
468	477
468	645
468	647
468	690
468	728
468	740
468	774
468	826
468	835
468	853
468	861
469	165
469	809
469	919
469	929
469	959
469	962
469	969
469	973
469	978
469	983
469	987
470	677
470	933
470	941
470	979
470	980
470	982
470	985
470	989
470	992
470	994
470	997
471	7
471	26
471	120
471	186
471	210
471	505
471	512
471	546
471	572
471	622
471	790
472	711
472	815
472	820
472	839
472	841
472	858
472	864
472	874
472	878
472	881
472	886
473	709
473	725
473	837
473	858
473	894
473	908
473	934
473	942
473	950
473	960
473	975
474	403
474	614
474	746
474	748
474	767
474	823
474	842
474	902
474	917
474	957
474	974
475	136
475	239
475	356
475	621
475	667
475	683
475	731
475	746
475	757
475	786
475	848
476	286
476	358
476	384
476	406
476	443
476	596
476	643
476	732
476	766
476	779
476	877
477	242
477	444
477	468
477	479
477	671
477	793
477	826
477	833
477	835
477	853
477	861
478	725
478	765
478	815
478	820
478	839
478	841
478	864
478	874
478	878
478	881
478	886
479	13
479	244
479	477
479	609
479	680
479	686
479	724
479	816
479	818
479	847
479	870
480	399
480	519
480	639
480	660
480	822
480	850
480	910
480	925
480	937
480	949
480	981
481	1
481	90
481	109
481	207
481	372
481	436
481	570
481	583
481	674
481	699
481	768
482	176
482	358
482	359
482	443
482	502
482	508
482	643
482	732
482	766
482	779
482	909
483	554
483	933
483	941
483	976
483	979
483	980
483	982
483	985
483	992
483	994
483	997
484	369
484	899
484	900
484	915
484	923
484	930
484	935
484	940
484	943
484	945
484	947
485	313
485	427
485	537
485	549
485	579
485	608
485	681
485	691
485	744
485	751
485	781
486	364
486	527
486	599
486	606
486	629
486	676
486	728
486	739
486	763
486	792
486	984
487	151
487	704
487	798
487	832
487	891
487	910
487	911
487	925
487	937
487	949
487	981
488	382
488	929
488	959
488	962
488	969
488	970
488	973
488	978
488	983
488	986
488	987
489	222
489	322
489	637
489	743
489	762
489	770
489	811
489	814
489	830
489	884
489	926
490	642
490	933
490	941
490	976
490	979
490	980
490	982
490	985
490	992
490	994
490	997
491	123
491	340
491	374
491	460
491	553
491	567
491	727
491	730
491	772
491	773
491	777
492	664
492	919
492	959
492	962
492	969
492	970
492	973
492	978
492	983
492	986
492	987
493	79
493	305
493	328
493	379
493	408
493	541
493	554
493	755
493	787
493	803
493	806
493	825
494	119
494	421
494	426
494	541
494	554
494	684
494	729
494	755
494	787
494	803
494	806
494	825
495	550
495	840
495	875
495	905
495	951
495	954
495	965
495	966
495	971
495	991
495	993
495	998
496	791
496	851
496	857
496	876
496	898
496	903
496	921
496	922
496	924
496	927
496	956
496	980
497	155
497	395
497	660
497	832
497	850
497	879
497	891
497	911
497	925
497	937
497	949
497	981
498	600
498	843
498	865
498	883
498	895
498	896
498	901
498	912
498	913
498	942
498	948
498	952
499	909
499	916
499	939
499	953
499	972
499	984
499	988
499	990
499	995
499	996
499	999
499	1000
500	68
500	213
500	551
500	632
500	708
500	797
500	800
500	868
500	869
500	873
500	888
500	889
501	239
501	356
501	425
501	503
501	621
501	667
501	683
501	688
501	731
501	746
501	757
501	836
502	242
502	358
502	384
502	406
502	482
502	508
502	596
502	732
502	753
502	766
502	779
502	988
503	379
503	501
503	658
503	667
503	683
503	688
503	731
503	746
503	757
503	786
503	826
503	840
504	845
504	852
504	854
504	865
504	883
504	895
504	912
504	913
504	942
504	948
504	952
504	982
505	120
505	128
505	186
505	226
505	471
505	512
505	546
505	622
505	641
505	669
505	790
505	803
506	75
506	304
506	311
506	318
506	595
506	607
506	634
506	659
506	737
506	767
506	796
506	863
507	59
507	331
507	383
507	458
507	574
507	665
507	678
507	735
507	758
507	812
507	821
507	831
508	192
508	242
508	251
508	380
508	406
508	482
508	502
508	596
508	732
508	753
508	766
508	779
509	735
509	904
509	951
509	961
509	965
509	966
509	967
509	971
509	977
509	991
509	993
509	998
510	78
510	394
510	518
510	795
510	809
510	838
510	902
510	917
510	928
510	957
510	974
510	976
511	686
511	933
511	941
511	976
511	979
511	980
511	982
511	985
511	989
511	992
511	994
511	997
512	117
512	120
512	226
512	410
512	471
512	505
512	546
512	622
512	641
512	669
512	775
512	790
513	611
513	619
513	709
513	761
513	837
513	894
513	908
513	932
513	946
513	950
513	960
513	975
514	154
514	451
514	609
514	686
514	724
514	776
514	816
514	818
514	847
514	862
514	870
514	875
515	425
515	765
515	815
515	820
515	839
515	841
515	846
515	864
515	874
515	878
515	881
515	886
516	891
516	919
516	929
516	959
516	962
516	969
516	970
516	973
516	978
516	983
516	986
516	987
517	880
517	890
517	914
517	939
517	944
517	953
517	972
517	988
517	996
517	997
517	999
517	1000
518	510
518	780
518	811
518	829
518	838
518	842
518	902
518	909
518	917
518	928
518	958
518	974
519	280
519	321
519	480
519	832
519	850
519	891
519	910
519	911
519	925
519	949
519	981
519	982
520	339
520	342
520	458
520	536
520	620
520	673
520	758
520	812
520	821
520	831
520	846
520	990
521	298
521	314
521	441
521	677
521	744
521	783
521	799
521	819
521	859
521	862
521	867
521	907
522	261
522	919
522	929
522	959
522	962
522	969
522	970
522	973
522	978
522	983
522	986
522	987
523	200
523	242
523	286
523	358
523	406
523	596
523	629
523	643
523	676
523	753
523	766
523	779
524	46
524	82
524	416
524	447
524	571
524	616
524	744
524	751
524	819
524	862
524	867
524	907
525	320
525	756
525	795
525	829
525	842
525	862
525	909
525	917
525	928
525	957
525	958
525	974
526	627
526	714
526	769
526	817
526	866
526	877
526	892
526	938
526	955
526	963
526	964
526	968
527	162
527	364
527	486
527	606
527	676
527	720
527	728
527	739
527	763
527	792
527	907
527	957
528	13
528	73
528	160
528	628
528	640
528	673
528	719
528	775
528	808
528	824
528	856
528	871
529	228
529	535
529	553
529	567
529	601
529	679
529	727
529	730
529	772
529	773
529	777
529	999
530	298
530	399
530	623
530	628
530	640
530	646
530	692
530	719
530	775
530	824
530	856
530	871
531	55
531	102
531	323
531	334
531	350
531	585
531	589
531	638
531	648
531	682
531	698
531	949
532	261
532	335
532	466
532	548
532	558
532	580
532	617
532	642
532	721
532	802
532	893
532	897
533	687
533	695
533	754
533	769
533	866
533	877
533	892
533	938
533	955
533	963
533	964
533	968
534	448
534	545
534	568
534	652
534	769
534	877
534	892
534	938
534	955
534	963
534	964
534	968
535	20
535	38
535	228
535	254
535	407
535	529
535	565
535	601
535	679
535	730
535	772
535	777
536	21
536	178
536	342
536	520
536	552
536	673
536	735
536	758
536	821
536	831
536	846
536	906
537	92
537	133
537	329
537	485
537	549
537	579
537	626
537	668
537	691
537	751
537	759
537	781
538	230
538	885
538	890
538	916
538	931
538	972
538	984
538	988
538	995
538	996
538	999
538	1000
539	662
539	689
539	838
539	906
539	944
539	953
539	984
539	988
539	990
539	996
539	999
539	1000
540	6
540	30
540	409
540	647
540	671
540	690
540	747
540	774
540	793
540	826
540	835
540	853
541	420
541	426
541	493
541	494
541	554
541	684
541	729
541	787
541	803
541	806
541	825
541	911
542	72
542	103
542	466
542	548
542	558
542	617
542	635
542	802
542	860
542	893
542	897
542	945
543	102
543	113
543	224
543	350
543	457
543	465
543	585
543	589
543	638
543	648
543	682
543	698
544	180
544	269
544	843
544	852
544	854
544	883
544	901
544	912
544	913
544	942
544	948
544	952
545	357
545	534
545	563
545	866
545	877
545	892
545	938
545	955
545	963
545	964
545	968
545	985
546	117
546	170
546	226
546	471
546	505
546	512
546	572
546	622
546	641
546	669
546	790
546	943
547	12
547	304
547	318
547	361
547	437
547	467
547	634
547	714
547	738
547	784
547	824
547	863
548	11
548	122
548	187
548	445
548	532
548	542
548	594
548	642
548	791
548	802
548	860
548	893
548	994
549	205
549	329
549	427
549	453
549	485
549	537
549	568
549	665
549	668
549	691
549	751
549	759
549	781
550	495
550	747
550	887
550	890
550	906
550	931
550	984
550	988
550	990
550	995
550	996
550	999
550	1000
551	213
551	500
551	573
551	632
551	708
551	751
551	797
551	800
551	868
551	869
551	873
551	888
551	889
552	80
552	402
552	458
552	536
552	574
552	612
552	620
552	665
552	758
552	771
552	812
552	821
552	846
553	228
553	254
553	407
553	460
553	491
553	529
553	565
553	567
553	679
553	772
553	773
553	777
553	993
554	42
554	119
554	413
554	483
554	493
554	494
554	541
554	729
554	755
554	787
554	803
554	806
554	825
555	24
555	562
555	623
555	628
555	646
555	649
555	692
555	719
555	808
555	824
555	856
555	871
555	939
556	264
556	733
556	789
556	791
556	828
556	851
556	857
556	876
556	898
556	903
556	920
556	927
556	956
557	134
557	652
557	695
557	718
557	754
557	769
557	866
557	892
557	955
557	963
557	964
557	968
557	993
558	56
558	103
558	233
558	279
558	445
558	532
558	542
558	594
558	789
558	802
558	860
558	893
558	897
559	781
559	918
559	933
559	941
559	976
559	979
559	980
559	982
559	985
559	989
559	992
559	994
559	997
560	163
560	221
560	239
560	356
560	379
560	387
560	658
560	667
560	688
560	731
560	757
560	786
560	969
561	805
561	849
561	899
561	900
561	915
561	923
561	930
561	935
561	940
561	943
561	945
561	947
561	998
562	370
562	555
562	623
562	628
562	646
562	692
562	719
562	775
562	808
562	823
562	824
562	856
562	871
563	545
563	652
563	718
563	769
563	866
563	877
563	892
563	938
563	955
563	963
563	964
563	968
563	974
564	444
564	689
564	711
564	765
564	815
564	820
564	839
564	841
564	864
564	874
564	878
564	881
564	886
565	254
565	374
565	376
565	447
565	535
565	553
565	601
565	679
565	727
565	730
565	772
565	773
565	777
566	875
566	951
566	954
566	960
566	961
566	965
566	966
566	967
566	971
566	977
566	991
566	993
566	998
567	336
567	340
567	374
567	376
567	491
567	529
567	553
567	679
567	727
567	730
567	772
567	773
567	777
568	92
568	152
568	264
568	421
568	453
568	534
568	549
568	608
568	668
568	691
568	759
568	781
568	857
569	95
569	194
569	208
569	247
569	287
569	308
569	435
569	598
569	678
569	696
569	734
569	813
569	832
570	23
570	62
570	65
570	193
570	248
570	315
570	412
570	434
570	481
570	605
570	650
570	722
570	810
571	70
571	82
571	290
571	301
571	524
571	744
571	783
571	799
571	819
571	862
571	867
571	907
571	992
572	120
572	128
572	130
572	204
572	210
572	226
572	410
572	471
572	546
572	641
572	669
572	778
572	790
573	77
573	551
573	632
573	672
573	708
573	797
573	800
573	868
573	869
573	873
573	888
573	889
573	972
574	80
574	174
574	507
574	552
574	612
574	620
574	735
574	758
574	812
574	821
574	831
574	846
574	881
575	651
575	709
575	743
575	834
575	858
575	908
575	909
575	932
575	934
575	946
575	950
575	960
575	975
576	358
576	882
576	904
576	905
576	951
576	954
576	961
576	965
576	967
576	977
576	991
576	993
576	998
577	10
577	67
577	93
577	118
577	156
577	180
577	312
577	442
577	600
577	603
577	649
577	836
577	859
578	1
578	109
578	146
578	179
578	199
578	207
578	249
578	282
578	372
578	583
578	699
578	768
578	983
579	152
579	427
579	453
579	485
579	537
579	608
579	668
579	681
579	691
579	705
579	751
579	759
579	781
580	122
580	215
580	267
580	279
580	445
580	532
580	635
580	642
580	802
580	834
580	893
580	897
580	951
581	597
581	639
581	762
581	822
581	850
581	879
581	891
581	910
581	911
581	925
581	937
581	949
581	981
582	196
582	381
582	707
582	723
582	771
582	834
582	894
582	932
582	934
582	936
582	950
582	960
582	975
582	983
583	90
583	108
583	199
583	207
583	249
583	372
583	404
583	481
583	578
583	674
583	699
583	768
583	777
583	797
584	66
584	142
584	190
584	348
584	388
584	606
584	629
584	676
584	727
584	728
584	739
584	763
584	792
584	896
585	55
585	102
585	113
585	216
585	331
585	350
585	385
585	531
585	543
585	589
585	638
585	648
585	682
585	698
586	592
586	711
586	717
586	765
586	815
586	820
586	839
586	841
586	864
586	874
586	878
586	881
586	886
587	293
587	652
587	695
587	769
587	790
587	817
587	866
587	877
587	892
587	938
587	955
587	963
587	964
587	968
588	362
588	675
588	752
588	795
588	812
588	823
588	838
588	902
588	909
588	917
588	928
588	957
588	958
588	974
589	55
589	58
589	113
589	224
589	225
589	323
589	334
589	385
589	531
589	543
589	585
589	638
589	682
589	703
590	19
590	169
590	311
590	361
590	437
590	467
590	595
590	607
590	659
590	737
590	767
590	784
590	826
590	863
591	380
591	882
591	920
591	951
591	954
591	961
591	965
591	966
591	967
591	971
591	977
591	991
591	993
591	998
592	586
592	666
592	827
592	919
592	929
592	959
592	962
592	969
592	970
592	973
592	978
592	983
592	986
592	987
593	112
593	241
593	852
593	854
593	865
593	883
593	895
593	896
593	901
593	912
593	913
593	942
593	948
593	952
594	35
594	199
594	267
594	279
594	330
594	335
594	398
594	548
594	558
594	617
594	635
594	802
594	860
594	893
595	19
595	169
595	304
595	381
595	451
595	467
595	506
595	590
595	634
595	659
595	737
595	767
595	784
595	863
596	200
596	359
596	384
596	443
596	476
596	502
596	508
596	523
596	643
596	650
596	732
596	753
596	766
596	779
597	581
597	639
597	768
597	822
597	850
597	879
597	891
597	910
597	911
597	925
597	937
597	945
597	949
597	981
598	52
598	95
598	165
598	259
598	307
598	354
598	435
598	569
598	678
598	696
598	734
598	813
598	967
598	995
599	162
599	190
599	312
599	348
599	408
599	435
599	486
599	606
599	629
599	720
599	728
599	739
599	763
599	792
600	10
600	96
600	118
600	161
600	272
600	273
600	295
600	373
600	442
600	498
600	577
600	656
600	836
600	859
601	65
601	228
601	340
601	407
601	529
601	535
601	565
601	679
601	727
601	730
601	772
601	773
601	777
601	916
602	454
602	801
602	845
602	854
602	865
602	883
602	895
602	896
602	901
602	912
602	913
602	942
602	948
602	952
603	93
603	156
603	161
603	180
603	273
603	300
603	312
603	390
603	442
603	577
603	656
603	836
603	859
603	959
604	385
604	707
604	725
604	743
604	831
604	858
604	894
604	908
604	934
604	936
604	946
604	950
604	960
604	975
605	23
605	177
605	193
605	223
605	284
605	297
605	353
605	424
605	570
605	624
605	650
605	722
605	810
605	978
606	54
606	162
606	185
606	190
606	486
606	527
606	584
606	599
606	629
606	720
606	763
606	788
606	792
606	974
607	318
607	381
607	467
607	506
607	590
607	634
607	659
607	705
607	714
607	737
607	767
607	784
607	863
607	929
608	92
608	133
608	329
608	453
608	485
608	568
608	579
608	681
608	691
608	751
608	759
608	781
608	816
608	985
609	219
609	258
609	375
609	479
609	514
609	657
609	680
609	686
609	713
609	724
609	745
609	816
609	818
609	870
610	118
610	760
610	804
610	887
610	915
610	944
610	953
610	972
610	984
610	990
610	995
610	996
610	999
610	1000
611	513
611	796
611	827
611	919
611	929
611	959
611	962
611	969
611	970
611	973
611	978
611	983
611	986
611	987
612	121
612	125
612	402
612	458
612	552
612	574
612	673
612	735
612	758
612	812
612	821
612	831
612	846
612	916
613	263
613	634
613	741
613	752
613	780
613	825
613	829
613	838
613	902
613	909
613	917
613	957
613	958
613	974
614	474
614	752
614	780
614	795
614	809
614	838
614	842
614	902
614	909
614	919
614	928
614	932
614	957
614	958
615	711
615	717
615	765
615	815
615	820
615	839
615	841
615	864
615	874
615	878
615	881
615	886
615	915
615	975
616	70
616	220
616	371
616	416
616	447
616	524
616	677
616	744
616	783
616	799
616	819
616	867
616	907
616	973
617	56
617	143
617	233
617	261
617	398
617	445
617	532
617	542
617	594
617	642
617	701
617	802
617	860
617	893
617	897
618	778
618	796
618	827
618	919
618	929
618	959
618	962
618	969
618	970
618	973
618	978
618	983
618	986
618	987
618	1000
619	74
619	433
619	513
619	666
619	709
619	834
619	858
619	908
619	932
619	934
619	936
619	946
619	950
619	960
619	975
620	59
620	148
620	339
620	383
620	520
620	552
620	574
620	665
620	708
620	735
620	812
620	821
620	831
620	846
620	975
621	2
621	136
621	153
621	208
621	301
621	366
621	425
621	475
621	501
621	667
621	683
621	731
621	746
621	757
621	786
622	7
622	112
622	117
622	128
622	204
622	210
622	410
622	471
622	505
622	512
622	546
622	641
622	669
622	776
622	790
623	94
623	271
623	530
623	555
623	562
623	640
623	646
623	649
623	692
623	775
623	803
623	808
623	824
623	856
623	871
624	5
624	65
624	193
624	223
624	232
624	248
624	284
624	315
624	412
624	429
624	605
624	650
624	722
624	729
624	798
625	138
625	707
625	771
625	834
625	894
625	908
625	911
625	932
625	934
625	936
625	946
625	950
625	960
625	975
625	983
626	537
626	725
626	771
626	834
626	837
626	858
626	894
626	908
626	932
626	934
626	936
626	946
626	950
626	960
626	975
627	337
627	526
627	650
627	695
627	718
627	754
627	817
627	861
627	877
627	892
627	938
627	955
627	963
627	964
627	968
628	37
628	94
628	132
628	351
628	370
628	528
628	530
628	555
628	562
628	719
628	775
628	808
628	824
628	856
628	871
629	162
629	185
629	313
629	388
629	486
629	523
629	584
629	599
629	606
629	676
629	720
629	728
629	739
629	763
629	792
630	20
630	167
630	243
630	343
630	382
630	397
630	636
630	637
630	762
630	811
630	814
630	872
630	884
630	926
630	936
631	30
631	848
631	867
631	918
631	933
631	941
631	976
631	979
631	980
631	982
631	985
631	989
631	992
631	994
631	997
632	15
632	98
632	500
632	551
632	573
632	672
632	708
632	713
632	797
632	800
632	868
632	869
632	873
632	888
632	889
633	761
633	782
633	805
633	849
633	899
633	900
633	915
633	923
633	930
633	935
633	940
633	943
633	945
633	947
633	995
634	75
634	105
634	169
634	311
634	467
634	506
634	547
634	595
634	607
634	613
634	737
634	767
634	784
634	863
634	954
635	72
635	137
635	143
635	233
635	398
635	466
635	542
635	580
635	594
635	759
635	802
635	823
635	860
635	893
635	897
636	203
636	222
636	246
636	347
636	432
636	449
636	630
636	637
636	653
636	770
636	811
636	814
636	830
636	872
636	926
637	246
637	382
637	432
637	489
637	630
637	636
637	671
637	677
637	762
637	770
637	811
637	814
637	872
637	884
637	926
638	37
638	102
638	216
638	224
638	225
638	323
638	350
638	385
638	457
638	531
638	543
638	585
638	589
638	648
638	698
639	206
639	214
639	480
639	581
639	597
639	704
639	832
639	850
639	891
639	911
639	925
639	937
639	949
639	981
639	999
640	73
640	94
640	271
640	528
640	530
640	623
640	649
640	692
640	719
640	723
640	775
640	808
640	856
640	871
640	905
641	7
641	112
641	120
641	128
641	186
641	226
641	374
641	410
641	505
641	512
641	546
641	572
641	622
641	669
641	790
642	11
642	122
642	215
642	260
642	330
642	398
642	466
642	490
642	532
642	548
642	580
642	617
642	860
642	893
642	897
643	176
643	192
643	286
643	358
643	384
643	443
643	476
643	482
643	523
643	596
643	732
643	753
643	766
643	779
643	800
644	220
644	875
644	882
644	905
644	951
644	954
644	961
644	965
644	966
644	967
644	971
644	977
644	991
644	993
644	998
645	110
645	417
645	444
645	468
645	647
645	690
645	706
645	740
645	793
645	826
645	833
645	853
645	861
645	920
645	991
646	24
646	81
646	160
646	351
646	530
646	555
646	562
646	623
646	692
646	775
646	808
646	824
646	856
646	871
646	879
647	84
647	352
647	468
647	540
647	645
647	671
647	690
647	706
647	740
647	774
647	793
647	833
647	835
647	853
647	861
647	949
648	55
648	58
648	113
648	216
648	224
648	225
648	323
648	334
648	350
648	434
648	457
648	531
648	543
648	585
648	638
648	698
649	13
649	271
649	351
649	370
649	555
649	577
649	623
649	640
649	692
649	719
649	775
649	808
649	824
649	856
649	871
649	963
650	5
650	177
650	223
650	284
650	353
650	412
650	424
650	434
650	570
650	596
650	605
650	624
650	627
650	722
650	798
650	810
651	206
651	575
651	655
651	666
651	743
651	771
651	834
651	837
651	844
651	858
651	894
651	932
651	934
651	936
651	950
651	975
652	293
652	337
652	534
652	557
652	563
652	587
652	817
652	866
652	877
652	892
652	938
652	942
652	955
652	963
652	964
652	968
653	106
653	234
653	243
653	253
653	365
653	449
653	636
653	762
653	770
653	811
653	814
653	830
653	872
653	884
653	926
653	970
654	670
654	855
654	885
654	890
654	906
654	914
654	916
654	931
654	953
654	972
654	988
654	990
654	995
654	996
654	999
654	1000
655	651
655	707
655	725
655	743
655	837
655	843
655	876
655	894
655	908
655	932
655	934
655	936
655	946
655	950
655	960
655	975
656	10
656	29
656	40
656	93
656	161
656	272
656	295
656	306
656	312
656	373
656	390
656	600
656	603
656	836
656	859
656	899
657	609
657	875
657	882
657	904
657	905
657	951
657	954
657	961
657	965
657	966
657	967
657	971
657	977
657	991
657	993
657	998
658	136
658	153
658	221
658	239
658	356
658	379
658	425
658	503
658	560
658	683
658	688
658	731
658	746
658	757
658	786
658	992
659	75
659	159
659	304
659	361
659	381
659	506
659	590
659	595
659	607
659	663
659	714
659	737
659	767
659	784
659	863
659	908
660	16
660	214
660	480
660	497
660	704
660	832
660	850
660	879
660	905
660	910
660	911
660	925
660	937
660	949
660	981
660	989
661	742
661	778
661	796
661	827
661	833
661	919
661	929
661	959
661	962
661	969
661	970
661	973
661	978
661	983
661	986
661	987
662	539
662	756
662	887
662	906
662	928
662	931
662	939
662	953
662	972
662	984
662	988
662	990
662	995
662	996
662	999
662	1000
663	212
663	659
663	844
663	848
663	918
663	933
663	941
663	976
663	979
663	980
663	982
663	985
663	989
663	992
663	994
663	997
664	492
664	761
664	782
664	805
664	849
664	899
664	900
664	915
664	923
664	930
664	933
664	935
664	940
664	943
664	945
664	947
665	125
665	148
665	304
665	383
665	402
665	507
665	549
665	552
665	620
665	673
665	735
665	758
665	812
665	821
665	831
665	846
666	592
666	619
666	651
666	723
666	837
666	858
666	894
666	908
666	932
666	934
666	936
666	946
666	950
666	960
666	975
666	997
667	163
667	239
667	366
667	387
667	425
667	475
667	501
667	503
667	560
667	621
667	683
667	688
667	731
667	757
667	786
667	964
668	152
668	168
668	205
668	309
668	313
668	421
668	427
668	537
668	549
668	568
668	579
668	681
668	691
668	751
668	759
668	781
669	7
669	112
669	130
669	170
669	186
669	210
669	226
669	351
669	410
669	505
669	512
669	546
669	572
669	622
669	641
669	790
670	654
670	672
670	697
670	760
670	882
670	887
670	916
670	931
670	972
670	984
670	988
670	990
670	995
670	996
670	999
670	1000
671	278
671	444
671	477
671	540
671	637
671	647
671	690
671	706
671	740
671	774
671	793
671	826
671	833
671	835
671	853
671	857
671	861
672	9
672	98
672	184
672	285
672	377
672	573
672	632
672	670
672	708
672	797
672	800
672	868
672	869
672	873
672	888
672	889
672	990
673	80
673	121
673	125
673	339
673	342
673	383
673	520
673	528
673	536
673	612
673	665
673	735
673	758
673	812
673	821
673	846
673	850
674	48
674	108
674	179
674	199
674	207
674	249
674	282
674	372
674	404
674	436
674	481
674	583
674	699
674	712
674	768
674	784
674	952
675	332
675	427
675	588
675	731
675	741
675	748
675	780
675	795
675	829
675	838
675	842
675	909
675	917
675	928
675	957
675	958
675	974
676	32
676	142
676	162
676	185
676	285
676	364
676	388
676	486
676	523
676	527
676	584
676	629
676	720
676	728
676	739
676	763
676	792
677	104
677	173
677	230
677	298
677	301
677	371
677	416
677	441
677	464
677	470
677	521
677	616
677	637
677	744
677	862
677	867
677	907
678	52
678	95
678	102
678	123
678	157
678	194
678	247
678	259
678	275
678	287
678	307
678	308
678	354
678	507
678	569
678	598
678	813
679	129
679	159
679	254
679	374
679	376
679	460
679	529
679	535
679	553
679	565
679	567
679	601
679	727
679	730
679	772
679	773
679	777
680	154
680	181
680	277
680	291
680	303
680	479
680	609
680	686
680	713
680	724
680	745
680	765
680	776
680	816
680	818
680	847
680	870
681	92
681	152
681	205
681	264
681	313
681	329
681	335
681	421
681	453
681	485
681	579
681	608
681	668
681	691
681	751
681	759
681	781
682	55
682	113
682	216
682	224
682	225
682	323
682	334
682	350
682	385
682	457
682	531
682	543
682	585
682	589
682	698
682	764
682	848
683	2
683	163
683	320
683	356
683	366
683	379
683	475
683	501
683	503
683	621
683	658
683	667
683	688
683	731
683	746
683	757
683	786
684	79
684	305
684	328
684	408
684	413
684	426
684	459
684	494
684	541
684	697
684	729
684	755
684	787
684	803
684	806
684	825
684	957
685	25
685	840
685	875
685	882
685	904
685	905
685	951
685	954
685	961
685	965
685	966
685	967
685	971
685	977
685	991
685	993
685	998
686	147
686	188
686	237
686	368
686	451
686	479
686	511
686	514
686	609
686	680
686	713
686	724
686	745
686	776
686	818
686	847
686	870
687	187
687	533
687	761
687	782
687	805
687	849
687	899
687	900
687	915
687	923
687	930
687	935
687	940
687	943
687	945
687	947
688	2
688	5
688	221
688	252
688	379
688	425
688	501
688	503
688	560
688	658
688	667
688	683
688	731
688	746
688	750
688	757
688	786
689	171
689	539
689	564
689	885
689	906
689	914
689	916
689	931
689	939
689	944
689	953
689	972
689	984
689	990
689	995
689	996
689	1000
690	278
690	409
690	417
690	468
690	540
690	645
690	647
690	671
690	740
690	774
690	826
690	833
690	835
690	853
690	861
690	942
690	960
691	141
691	168
691	313
691	421
691	453
691	485
691	537
691	549
691	568
691	579
691	608
691	668
691	681
691	751
691	759
691	781
691	797
692	94
692	310
692	370
692	399
692	530
692	555
692	562
692	623
692	640
692	646
692	649
692	698
692	775
692	808
692	824
692	856
692	871
693	764
693	775
693	875
693	882
693	904
693	905
693	951
693	954
693	961
693	965
693	966
693	967
693	971
693	977
693	991
693	993
693	998
694	325
694	371
694	789
694	791
694	804
694	851
694	855
694	876
694	898
694	903
694	920
694	921
694	922
694	924
694	927
694	956
694	960
695	262
695	533
695	557
695	587
695	627
695	769
695	817
695	866
695	872
695	877
695	892
695	894
695	938
695	955
695	963
695	964
695	968
696	52
696	95
696	123
696	157
696	165
696	185
696	208
696	247
696	287
696	307
696	354
696	397
696	435
696	569
696	598
696	734
696	813
697	670
697	684
697	721
697	885
697	887
697	890
697	914
697	916
697	945
697	953
697	972
697	984
697	990
697	995
697	996
697	999
697	1000
698	55
698	102
698	113
698	216
698	224
698	334
698	350
698	385
698	457
698	531
698	543
698	585
698	638
698	648
698	682
698	692
698	968
699	1
699	48
699	82
699	90
699	109
699	146
699	207
699	249
699	372
699	404
699	436
699	481
699	578
699	583
699	674
699	768
699	935
700	49
700	749
700	821
700	844
700	848
700	918
700	933
700	941
700	976
700	979
700	980
700	982
700	985
700	989
700	992
700	994
700	997
701	440
701	459
701	617
701	880
701	885
701	914
701	931
701	939
701	944
701	953
701	972
701	984
701	988
701	990
701	995
701	996
701	999
701	1000
702	705
702	710
702	844
702	848
702	885
702	903
702	918
702	933
702	941
702	976
702	979
702	980
702	982
702	985
702	989
702	992
702	994
702	997
703	43
703	589
703	750
703	778
703	794
703	796
703	827
703	919
703	929
703	959
703	962
703	969
703	970
703	973
703	978
703	983
703	986
703	987
704	63
704	66
704	276
704	319
704	487
704	639
704	660
704	822
704	832
704	850
704	879
704	891
704	910
704	911
704	925
704	937
704	949
704	981
705	579
705	607
705	702
705	749
705	844
705	848
705	918
705	933
705	941
705	976
705	979
705	980
705	982
705	985
705	989
705	992
705	994
705	997
706	15
706	30
706	43
706	352
706	444
706	645
706	647
706	671
706	740
706	774
706	793
706	826
706	833
706	835
706	837
706	853
706	861
706	998
707	69
707	201
707	582
707	604
707	625
707	655
707	723
707	837
707	858
707	894
707	908
707	932
707	934
707	936
707	946
707	950
707	960
707	975
708	184
708	188
708	198
708	213
708	377
708	500
708	551
708	573
708	620
708	632
708	672
708	797
708	800
708	868
708	869
708	873
708	888
708	889
709	201
709	473
709	513
709	575
709	619
709	723
709	725
709	771
709	834
709	837
709	894
709	925
709	932
709	934
709	936
709	946
709	953
709	975
710	702
710	738
710	844
710	848
710	896
710	918
710	933
710	941
710	961
710	976
710	979
710	980
710	982
710	985
710	989
710	992
710	994
710	997
711	446
711	454
711	472
711	564
711	586
711	615
711	717
711	765
711	805
711	815
711	820
711	839
711	841
711	864
711	874
711	878
711	881
711	886
712	674
712	738
712	749
712	844
712	848
712	918
712	933
712	941
712	974
712	976
712	979
712	980
712	982
712	985
712	989
712	992
712	994
712	997
713	147
713	181
713	244
713	291
713	303
713	375
713	451
713	609
713	632
713	680
713	686
713	724
713	745
713	776
713	816
713	818
713	847
713	870
714	19
714	51
714	75
714	159
714	169
714	311
714	318
714	361
714	381
714	437
714	467
714	526
714	547
714	607
714	659
714	737
714	784
714	863
715	330
715	742
715	761
715	801
715	843
715	845
715	852
715	854
715	865
715	883
715	895
715	896
715	901
715	912
715	913
715	942
715	948
715	952
716	338
716	733
716	789
716	804
716	810
716	828
716	851
716	855
716	857
716	876
716	898
716	903
716	920
716	921
716	922
716	924
716	927
716	956
717	586
717	615
717	711
717	760
717	765
717	815
717	820
717	839
717	841
717	864
717	874
717	878
717	881
717	886
717	967
718	164
718	324
718	369
718	441
718	557
718	563
718	627
718	754
718	769
718	817
718	866
718	877
718	892
718	938
718	955
718	963
718	964
718	968
719	73
719	91
719	94
719	160
719	351
719	399
719	528
719	530
719	555
719	562
719	628
719	640
719	649
719	775
719	808
719	824
719	871
719	959
720	32
720	66
720	142
720	162
720	275
720	321
720	348
720	364
720	388
720	527
720	599
720	606
720	629
720	676
720	728
720	739
720	763
720	792
721	532
721	697
721	760
721	764
721	785
721	880
721	887
721	890
721	898
721	931
721	939
721	972
721	988
721	990
721	995
721	996
721	999
721	1000
722	62
722	65
722	177
722	193
722	232
722	248
722	315
722	353
722	401
722	424
722	429
722	434
722	570
722	605
722	624
722	650
722	798
722	810
723	465
723	582
723	640
723	666
723	707
723	709
723	837
723	858
723	894
723	908
723	932
723	934
723	936
723	946
723	950
723	960
723	975
723	980
724	181
724	277
724	291
724	303
724	398
724	451
724	479
724	514
724	609
724	680
724	686
724	713
724	745
724	776
724	816
724	818
724	860
724	870
725	346
725	465
725	473
725	478
725	604
725	626
725	655
725	709
725	806
725	834
725	858
725	908
725	932
725	934
725	936
725	946
725	950
725	960
725	975
726	807
726	840
726	875
726	882
726	904
726	905
726	913
726	951
726	954
726	960
726	961
726	965
726	966
726	967
726	971
726	977
726	991
726	993
726	998
727	129
727	254
727	340
727	374
727	376
727	407
727	460
727	491
727	529
727	565
727	567
727	584
727	601
727	679
727	730
727	772
727	773
727	777
727	1000
728	32
728	54
728	66
728	142
728	185
728	348
728	388
728	468
728	486
728	527
728	584
728	599
728	629
728	676
728	720
728	739
728	763
728	792
728	950
729	27
729	305
729	328
729	408
729	413
729	420
729	426
729	459
729	494
729	541
729	554
729	624
729	684
729	755
729	787
729	803
729	806
729	825
729	875
730	129
730	161
730	340
730	374
730	376
730	407
730	460
730	491
730	529
730	535
730	565
730	567
730	601
730	679
730	727
730	772
730	773
730	777
730	828
731	153
731	221
731	252
731	379
731	387
731	425
731	475
731	501
731	503
731	560
731	621
731	658
731	667
731	675
731	683
731	688
731	746
731	757
731	786
732	176
732	192
732	200
732	242
732	286
732	359
732	380
732	384
732	406
732	443
732	476
732	482
732	502
732	508
732	596
732	643
732	753
732	779
732	792
733	556
733	716
733	736
733	789
733	791
733	804
733	851
733	855
733	857
733	876
733	898
733	903
733	920
733	921
733	922
733	924
733	927
733	941
733	956
734	123
734	144
734	157
734	165
734	173
734	194
734	208
734	247
734	259
734	275
734	287
734	307
734	308
734	435
734	569
734	598
734	696
734	813
734	903
735	59
735	148
735	178
735	331
735	339
735	400
735	402
735	507
735	509
735	536
735	574
735	612
735	620
735	665
735	673
735	758
735	812
735	821
735	846
736	733
736	786
736	789
736	791
736	804
736	828
736	851
736	855
736	857
736	876
736	898
736	903
736	920
736	921
736	922
736	924
736	927
736	956
736	973
737	12
737	105
737	159
737	169
737	304
737	361
737	381
737	437
737	506
737	590
737	595
737	607
737	634
737	659
737	714
737	767
737	863
737	864
737	972
738	443
738	547
738	710
738	712
738	749
738	844
738	848
738	918
738	933
738	941
738	976
738	979
738	980
738	982
738	985
738	989
738	992
738	994
738	997
739	17
739	32
739	54
739	66
739	185
739	190
739	364
739	388
739	486
739	527
739	584
739	599
739	629
739	676
739	720
739	728
739	763
739	792
739	969
740	30
740	43
740	110
740	409
740	444
740	468
740	645
740	647
740	671
740	690
740	706
740	748
740	773
740	774
740	793
740	826
740	833
740	835
740	853
741	113
741	391
741	411
741	613
741	675
741	748
741	780
741	795
741	809
741	823
741	829
741	842
741	865
741	902
741	917
741	928
741	957
741	958
741	974
742	661
742	715
742	801
742	843
742	845
742	852
742	854
742	865
742	883
742	895
742	896
742	901
742	912
742	913
742	942
742	948
742	952
742	970
743	141
743	489
743	575
743	604
743	651
743	655
743	771
743	834
743	837
743	858
743	894
743	908
743	924
743	932
743	934
743	936
743	946
743	950
743	960
743	975
744	22
744	196
744	268
744	314
744	416
744	441
744	447
744	464
744	485
744	521
744	524
744	571
744	616
744	677
744	783
744	799
744	819
744	862
744	867
744	907
745	147
745	154
745	181
745	188
745	303
745	368
745	375
745	451
745	609
745	680
745	686
745	713
745	724
745	776
745	816
745	818
745	847
745	867
745	870
745	938
746	2
746	153
746	163
746	239
746	252
746	366
746	387
746	425
746	474
746	475
746	501
746	503
746	621
746	658
746	683
746	688
746	731
746	757
746	786
746	925
747	540
747	550
747	764
747	887
747	890
747	906
747	914
747	916
747	931
747	944
747	951
747	953
747	972
747	984
747	988
747	990
747	995
747	996
747	999
747	1000
748	28
748	332
748	394
748	474
748	675
748	740
748	741
748	752
748	780
748	795
748	809
748	842
748	902
748	909
748	917
748	928
748	957
748	958
748	973
748	974
749	700
749	705
749	712
749	738
749	796
749	828
749	844
749	848
749	918
749	933
749	941
749	976
749	979
749	980
749	982
749	985
749	989
749	992
749	994
749	997
750	355
750	688
750	703
750	778
750	794
750	796
750	827
750	919
750	929
750	959
750	962
750	969
750	970
750	973
750	978
750	983
750	986
750	987
751	152
751	168
751	264
751	313
751	329
751	421
751	427
751	453
751	485
751	524
751	537
751	549
751	551
751	579
751	608
751	668
751	681
751	691
751	759
751	781
752	60
752	296
752	362
752	394
752	403
752	588
752	613
752	614
752	748
752	780
752	795
752	809
752	829
752	909
752	917
752	923
752	928
752	957
752	958
752	974
753	176
753	192
753	200
753	242
753	286
753	358
753	359
753	380
753	406
753	443
753	502
753	508
753	523
753	596
753	643
753	732
753	766
753	779
753	853
753	975
754	134
754	265
754	369
754	448
754	533
754	557
754	627
754	718
754	755
754	769
754	817
754	866
754	877
754	892
754	938
754	955
754	963
754	964
754	968
754	988
755	27
755	42
755	79
755	305
755	408
755	413
755	420
755	426
755	459
755	466
755	493
755	494
755	554
755	684
755	729
755	754
755	787
755	803
755	806
755	825
756	44
756	525
756	662
756	764
756	785
756	890
756	906
756	914
756	916
756	931
756	939
756	944
756	953
756	972
756	984
756	988
756	990
756	995
756	996
756	999
757	2
757	163
757	221
757	252
757	379
757	387
757	475
757	501
757	503
757	560
757	621
757	658
757	667
757	683
757	688
757	731
757	746
757	786
757	967
757	998
758	125
758	331
758	383
758	402
758	458
758	507
758	520
758	536
758	552
758	574
758	612
758	665
758	673
758	735
758	766
758	812
758	821
758	831
758	846
758	986
759	133
759	152
759	168
759	205
759	313
759	329
759	427
759	537
759	549
759	568
759	579
759	608
759	635
759	668
759	681
759	691
759	751
759	781
759	883
759	952
760	610
760	670
760	717
760	721
760	785
760	869
760	880
760	906
760	914
760	916
760	931
760	939
760	944
760	972
760	984
760	990
760	995
760	996
760	999
760	1000
761	513
761	633
761	664
761	687
761	715
761	782
761	805
761	849
761	899
761	900
761	915
761	923
761	930
761	935
761	940
761	943
761	945
761	947
762	148
762	222
762	322
762	343
762	347
762	365
762	382
762	397
762	432
762	489
762	581
762	630
762	637
762	653
762	770
762	811
762	814
762	830
762	872
762	884
762	926
763	32
763	54
763	66
763	142
763	185
763	190
763	288
763	348
763	388
763	486
763	527
763	584
763	599
763	606
763	629
763	676
763	720
763	728
763	739
763	792
763	936
764	440
764	682
764	693
764	721
764	747
764	756
764	880
764	885
764	887
764	890
764	914
764	944
764	953
764	972
764	984
764	988
764	990
764	995
764	996
764	999
764	1000
765	238
765	410
765	446
765	454
765	478
765	515
765	564
765	586
765	615
765	680
765	711
765	717
765	815
765	820
765	839
765	841
765	864
765	874
765	878
765	881
765	886
766	192
766	200
766	242
766	286
766	358
766	359
766	370
766	380
766	384
766	406
766	443
766	476
766	482
766	502
766	508
766	523
766	596
766	643
766	753
766	758
766	779
767	12
767	19
767	75
767	105
767	159
767	169
767	303
767	311
767	318
767	381
767	467
767	474
767	506
767	590
767	595
767	607
767	634
767	659
767	737
767	784
767	863
768	1
768	48
768	90
768	108
768	109
768	146
768	179
768	199
768	207
768	249
768	282
768	372
768	404
768	436
768	481
768	578
768	583
768	597
768	674
768	699
768	807
769	24
769	25
769	164
769	183
769	526
769	533
769	534
769	557
769	563
769	587
769	695
769	718
769	754
769	817
769	866
769	938
769	955
769	963
769	964
769	968
769	991
770	106
770	166
770	243
770	322
770	347
770	365
770	382
770	397
770	449
770	489
770	636
770	637
770	653
770	762
770	814
770	830
770	833
770	835
770	872
770	884
770	926
771	363
771	552
771	582
771	625
771	626
771	651
771	709
771	743
771	834
771	837
771	858
771	894
771	908
771	932
771	934
771	936
771	946
771	950
771	960
771	968
771	975
772	129
772	228
772	254
772	316
772	340
772	374
772	407
772	460
772	491
772	529
772	535
772	553
772	565
772	567
772	601
772	679
772	727
772	730
772	773
772	777
772	846
773	124
773	129
773	228
773	254
773	340
773	374
773	376
773	407
773	460
773	491
773	529
773	553
773	565
773	567
773	601
773	679
773	727
773	730
773	740
773	772
773	777
774	30
774	75
774	89
774	110
774	114
774	278
774	352
774	440
774	468
774	540
774	647
774	671
774	690
774	706
774	740
774	793
774	826
774	833
774	835
774	853
774	861
775	13
775	24
775	37
775	310
775	399
775	512
775	528
775	530
775	562
775	623
775	628
775	640
775	646
775	649
775	692
775	693
775	719
775	808
775	824
775	856
775	871
776	154
776	188
776	219
776	244
776	258
776	291
776	368
776	375
776	451
776	514
776	622
776	680
776	686
776	713
776	724
776	745
776	816
776	818
776	847
776	870
776	901
777	129
777	254
777	340
777	374
777	376
777	407
777	460
777	491
777	529
777	535
777	553
777	565
777	567
777	583
777	601
777	679
777	727
777	730
777	772
777	773
777	955
778	572
778	618
778	661
778	703
778	750
778	794
778	796
778	827
778	870
778	919
778	929
778	959
778	962
778	969
778	970
778	973
778	978
778	983
778	986
778	987
779	176
779	192
779	242
779	286
779	358
779	380
779	384
779	406
779	443
779	476
779	482
779	502
779	508
779	523
779	596
779	643
779	732
779	753
779	766
779	995
779	1000
780	87
780	362
780	518
780	613
780	614
780	675
780	741
780	748
780	752
780	809
780	814
780	823
780	829
780	842
780	902
780	909
780	917
780	928
780	957
780	958
780	974
781	92
781	133
781	168
781	205
781	264
781	325
781	329
781	427
781	485
781	537
781	549
781	559
781	568
781	579
781	608
781	668
781	681
781	691
781	751
781	759
781	953
782	54
782	633
782	664
782	687
782	761
782	805
782	849
782	899
782	900
782	915
782	923
782	930
782	935
782	940
782	943
782	945
782	947
782	958
783	22
783	46
783	119
783	173
783	220
783	298
783	314
783	371
783	376
783	416
783	464
783	521
783	571
783	616
783	744
783	785
783	799
783	819
783	862
783	867
783	907
784	12
784	19
784	105
784	159
784	169
784	304
784	311
784	318
784	361
784	381
784	437
784	547
784	590
784	595
784	607
784	634
784	659
784	674
784	714
784	767
784	851
784	863
785	721
785	756
785	760
785	783
785	880
785	885
785	887
785	893
785	906
785	914
785	916
785	931
785	939
785	944
785	972
785	984
785	988
785	990
785	995
785	996
785	999
785	1000
786	136
786	153
786	239
786	252
786	356
786	366
786	387
786	425
786	475
786	503
786	560
786	621
786	658
786	667
786	683
786	688
786	731
786	736
786	746
786	757
786	841
786	858
787	42
787	79
787	119
787	305
787	328
787	408
787	413
787	415
787	420
787	426
787	459
787	493
787	494
787	541
787	554
787	684
787	729
787	755
787	803
787	806
787	825
787	849
788	606
788	807
788	840
788	875
788	882
788	892
788	904
788	905
788	951
788	954
788	961
788	965
788	966
788	967
788	971
788	977
788	990
788	991
788	993
788	998
789	31
789	556
789	558
789	694
789	716
789	733
789	736
789	791
789	804
789	828
789	851
789	855
789	857
789	876
789	898
789	903
789	920
789	921
789	922
789	924
789	927
789	956
790	7
790	112
790	117
790	120
790	128
790	130
790	170
790	186
790	204
790	210
790	226
790	410
790	471
790	505
790	512
790	546
790	572
790	587
790	622
790	641
790	669
790	883
791	135
791	496
791	548
791	556
791	694
791	733
791	736
791	789
791	804
791	828
791	850
791	851
791	855
791	857
791	898
791	903
791	920
791	921
791	922
791	924
791	927
791	956
792	54
792	66
792	142
792	162
792	185
792	190
792	348
792	364
792	388
792	486
792	527
792	584
792	599
792	606
792	629
792	676
792	720
792	728
792	732
792	739
792	763
792	795
793	6
793	84
793	140
793	342
793	352
793	409
793	417
793	477
793	540
793	645
793	647
793	671
793	706
793	740
793	774
793	826
793	833
793	835
793	853
793	861
793	939
793	956
794	144
794	359
794	703
794	750
794	778
794	796
794	827
794	897
794	919
794	929
794	959
794	962
794	969
794	970
794	973
794	978
794	983
794	986
794	987
795	263
795	391
795	510
795	525
795	588
795	614
795	675
795	741
795	748
795	752
795	792
795	809
795	823
795	829
795	842
795	876
795	902
795	909
795	917
795	957
795	958
795	974
796	506
796	611
796	618
796	661
796	703
796	749
796	750
796	778
796	794
796	827
796	919
796	929
796	959
796	962
796	969
796	970
796	973
796	978
796	983
796	986
796	987
797	31
797	60
797	77
797	81
797	198
797	211
797	218
797	285
797	500
797	551
797	573
797	583
797	632
797	672
797	691
797	708
797	800
797	868
797	869
797	873
797	888
797	889
798	5
798	23
798	62
798	65
798	177
798	193
798	223
798	248
798	284
798	297
798	315
798	353
798	412
798	424
798	429
798	434
798	487
798	624
798	650
798	722
798	810
798	821
799	82
799	104
799	117
799	230
799	268
799	290
799	298
799	301
799	314
799	371
799	441
799	447
799	464
799	521
799	571
799	616
799	744
799	783
799	862
799	867
799	888
799	907
800	9
800	31
800	77
800	124
800	184
800	211
800	218
800	377
800	500
800	551
800	573
800	632
800	643
800	672
800	708
800	797
800	818
800	868
800	869
800	873
800	888
800	889
801	243
801	393
801	414
801	602
801	715
801	742
801	843
801	845
801	852
801	854
801	865
801	883
801	895
801	896
801	901
801	912
801	913
801	927
801	942
801	948
801	952
802	11
802	35
802	56
802	103
802	187
802	261
802	267
802	279
802	330
802	405
802	418
802	445
802	532
802	542
802	548
802	558
802	580
802	594
802	617
802	635
802	860
802	893
802	897
803	27
803	42
803	79
803	119
803	305
803	328
803	408
803	413
803	420
803	426
803	459
803	493
803	494
803	505
803	541
803	554
803	623
803	684
803	729
803	755
803	787
803	806
803	825
804	252
804	309
804	610
804	694
804	716
804	733
804	736
804	789
804	791
804	828
804	851
804	855
804	857
804	876
804	894
804	898
804	903
804	920
804	921
804	922
804	924
804	927
804	956
805	561
805	633
805	664
805	687
805	711
805	761
805	782
805	849
805	899
805	900
805	915
805	923
805	929
805	930
805	935
805	937
805	940
805	943
805	945
805	947
806	27
806	42
806	79
806	119
806	305
806	328
806	408
806	413
806	420
806	426
806	459
806	493
806	494
806	541
806	554
806	684
806	725
806	729
806	755
806	787
806	803
806	825
806	939
807	282
807	726
807	768
807	788
807	840
807	875
807	882
807	904
807	905
807	951
807	954
807	961
807	965
807	966
807	967
807	971
807	977
807	991
807	993
807	998
808	13
808	37
808	73
808	160
808	265
808	310
808	370
808	399
808	528
808	555
808	562
808	623
808	628
808	640
808	646
808	649
808	692
808	719
808	775
808	824
808	856
808	871
808	941
809	296
809	332
809	391
809	403
809	469
809	510
809	614
809	741
809	748
809	752
809	780
809	795
809	823
809	838
809	845
809	902
809	909
809	917
809	923
809	928
809	957
809	958
809	974
810	5
810	23
810	62
810	65
810	177
810	193
810	223
810	232
810	248
810	284
810	297
810	315
810	353
810	422
810	424
810	429
810	570
810	605
810	650
810	716
810	722
810	798
810	851
811	18
811	20
811	166
811	167
811	234
811	246
811	343
811	365
811	432
811	433
811	489
811	518
811	630
811	636
811	637
811	653
811	762
811	814
811	830
811	855
811	872
811	884
811	926
812	59
812	148
812	178
812	331
812	342
812	383
812	402
812	507
812	520
812	552
812	574
812	588
812	612
812	620
812	665
812	673
812	735
812	758
812	821
812	831
812	841
812	846
812	950
813	52
813	95
813	123
813	144
813	157
813	165
813	194
813	208
813	247
813	259
813	275
813	287
813	307
813	308
813	354
813	435
813	569
813	598
813	678
813	696
813	734
813	895
813	905
814	18
814	166
814	167
814	234
814	243
814	246
814	322
814	347
814	397
814	449
814	489
814	630
814	636
814	637
814	653
814	762
814	770
814	780
814	811
814	872
814	884
814	887
814	926
815	83
815	89
815	238
815	430
815	446
815	472
815	478
815	515
815	564
815	586
815	615
815	711
815	717
815	765
815	820
815	839
815	841
815	864
815	874
815	878
815	881
815	886
815	900
815	954
816	147
816	154
816	181
816	219
816	237
816	244
816	277
816	291
816	303
816	368
816	375
816	451
816	479
816	514
816	608
816	609
816	680
816	713
816	724
816	745
816	776
816	847
816	870
816	987
817	38
817	97
817	324
817	369
817	448
817	526
817	587
817	627
817	652
817	695
817	718
817	754
817	769
817	866
817	877
817	880
817	890
817	892
817	900
817	938
817	955
817	963
817	964
817	968
818	147
818	181
818	188
818	219
818	237
818	244
818	258
818	277
818	291
818	303
818	391
818	479
818	514
818	609
818	680
818	686
818	713
818	724
818	745
818	776
818	800
818	847
818	870
818	926
819	22
819	46
819	70
819	82
819	104
819	173
819	220
819	290
819	298
819	314
819	373
819	447
819	464
819	521
819	524
819	571
819	616
819	744
819	783
819	854
819	861
819	862
819	867
819	907
820	190
820	197
820	203
820	228
820	430
820	446
820	454
820	472
820	478
820	515
820	564
820	586
820	615
820	711
820	717
820	765
820	815
820	839
820	841
820	864
820	874
820	878
820	881
820	886
821	80
821	121
821	148
821	178
821	342
821	383
821	402
821	458
821	507
821	520
821	536
821	552
821	574
821	612
821	620
821	665
821	673
821	700
821	735
821	758
821	798
821	812
821	831
821	846
822	63
822	151
822	189
822	257
822	280
822	321
822	345
822	405
822	480
822	581
822	597
822	704
822	832
822	850
822	879
822	891
822	901
822	910
822	911
822	914
822	925
822	937
822	949
822	981
823	101
823	318
823	320
823	326
823	391
823	411
823	474
823	562
823	588
823	635
823	741
823	780
823	795
823	809
823	829
823	838
823	842
823	902
823	909
823	917
823	928
823	957
823	958
823	974
824	37
824	94
824	160
824	271
824	310
824	351
824	399
824	528
824	530
824	547
824	555
824	562
824	623
824	628
824	646
824	649
824	692
824	719
824	775
824	808
824	847
824	856
824	871
824	929
825	27
825	42
825	79
825	119
825	305
825	328
825	408
825	413
825	420
825	426
825	459
825	493
825	494
825	541
825	554
825	613
825	684
825	729
825	755
825	787
825	803
825	806
825	884
825	976
826	30
826	84
826	140
826	278
826	352
826	409
826	417
826	444
826	468
826	477
826	503
826	540
826	590
826	645
826	671
826	690
826	706
826	740
826	774
826	793
826	833
826	835
826	853
826	861
827	592
827	611
827	618
827	661
827	703
827	750
827	778
827	794
827	796
827	831
827	918
827	919
827	929
827	959
827	962
827	969
827	970
827	973
827	978
827	983
827	986
827	987
828	44
828	47
828	309
828	556
828	716
828	730
828	736
828	749
828	789
828	791
828	804
828	851
828	855
828	857
828	876
828	898
828	903
828	920
828	921
828	922
828	924
828	927
828	956
828	996
829	3
829	114
829	116
829	394
829	411
829	518
829	525
829	613
829	675
829	741
829	752
829	780
829	795
829	823
829	838
829	842
829	902
829	909
829	917
829	921
829	928
829	957
829	958
829	974
830	20
830	106
830	166
830	246
830	253
830	322
830	343
830	347
830	365
830	382
830	397
830	433
830	458
830	461
830	489
830	636
830	653
830	762
830	770
830	811
830	872
830	884
830	897
830	926
831	59
831	80
831	121
831	125
831	148
831	178
831	331
831	339
831	342
831	402
831	458
831	507
831	520
831	536
831	574
831	604
831	612
831	620
831	665
831	758
831	812
831	821
831	827
831	846
832	26
832	64
832	182
832	237
832	276
832	280
832	345
832	395
832	487
832	497
832	519
832	569
832	639
832	660
832	704
832	822
832	850
832	879
832	891
832	911
832	925
832	937
832	949
832	981
833	6
833	15
833	28
833	43
833	114
833	278
833	409
833	417
833	444
833	477
833	645
833	647
833	661
833	671
833	690
833	706
833	740
833	770
833	774
833	793
833	826
833	835
833	853
833	861
834	201
834	437
834	465
834	575
834	580
834	582
834	619
834	625
834	626
834	651
834	709
834	725
834	743
834	771
834	837
834	858
834	894
834	908
834	932
834	934
834	936
834	946
834	960
834	975
835	15
835	84
835	114
835	140
835	278
835	352
835	409
835	417
835	444
835	468
835	477
835	540
835	647
835	671
835	690
835	706
835	740
835	770
835	774
835	793
835	826
835	833
835	861
835	931
836	10
836	29
836	36
836	40
836	49
836	67
836	93
836	96
836	156
836	161
836	272
836	273
836	295
836	300
836	306
836	312
836	373
836	390
836	501
836	577
836	600
836	603
836	656
836	859
836	886
837	266
837	473
837	513
837	626
837	651
837	655
837	666
837	706
837	707
837	709
837	723
837	743
837	771
837	834
837	858
837	894
837	908
837	932
837	934
837	936
837	946
837	950
837	960
837	964
837	975
838	28
838	101
838	263
838	296
838	320
838	326
838	403
838	510
838	518
838	539
838	588
838	613
838	614
838	675
838	809
838	823
838	829
838	842
838	902
838	904
838	909
838	917
838	957
838	958
838	974
839	115
839	197
839	203
839	430
839	446
839	454
839	472
839	478
839	515
839	564
839	586
839	615
839	711
839	717
839	765
839	815
839	820
839	841
839	843
839	864
839	874
839	878
839	881
839	886
839	965
840	438
840	495
840	503
840	685
840	726
840	788
840	807
840	875
840	877
840	882
840	904
840	905
840	951
840	954
840	961
840	965
840	966
840	967
840	971
840	972
840	977
840	991
840	993
840	998
841	83
841	89
841	115
841	430
841	454
841	472
841	478
841	515
841	564
841	586
841	615
841	711
841	717
841	765
841	786
841	812
841	815
841	820
841	839
841	864
841	874
841	878
841	881
841	886
841	946
842	116
842	320
842	394
842	474
842	518
842	525
842	614
842	675
842	741
842	748
842	780
842	795
842	823
842	829
842	838
842	891
842	902
842	908
842	909
842	917
842	925
842	928
842	957
842	958
842	974
843	227
843	256
843	393
843	414
843	498
843	544
843	655
843	715
843	742
843	801
843	839
843	845
843	852
843	854
843	865
843	883
843	895
843	896
843	901
843	912
843	913
843	916
843	942
843	948
843	952
844	392
844	651
844	663
844	700
844	702
844	705
844	710
844	712
844	738
844	749
844	848
844	918
844	928
844	933
844	941
844	976
844	979
844	980
844	982
844	985
844	989
844	992
844	994
844	997
845	256
845	289
845	393
845	415
845	463
845	504
845	602
845	715
845	742
845	801
845	809
845	843
845	852
845	854
845	865
845	883
845	895
845	896
845	901
845	912
845	913
845	942
845	948
845	952
845	996
846	59
846	80
846	121
846	125
846	148
846	178
846	331
846	339
846	342
846	383
846	458
846	515
846	520
846	536
846	552
846	574
846	612
846	620
846	665
846	673
846	735
846	758
846	772
846	812
846	821
846	831
847	143
847	147
847	154
847	181
847	188
847	219
847	237
847	244
847	258
847	277
847	291
847	303
847	368
847	375
847	451
847	479
847	514
847	680
847	686
847	713
847	745
847	776
847	816
847	818
847	824
847	870
848	475
848	631
848	663
848	682
848	700
848	702
848	705
848	710
848	712
848	738
848	749
848	844
848	918
848	933
848	936
848	941
848	976
848	979
848	980
848	982
848	985
848	989
848	992
848	994
848	997
849	411
849	561
849	633
849	664
849	687
849	761
849	782
849	787
849	805
849	882
849	899
849	900
849	915
849	923
849	930
849	935
849	940
849	943
849	945
849	947
850	63
850	85
850	182
850	280
850	319
850	321
850	395
850	480
850	497
850	519
850	581
850	597
850	639
850	660
850	673
850	704
850	791
850	822
850	832
850	879
850	891
850	910
850	925
850	937
850	949
850	981
851	50
851	236
851	392
851	431
851	496
851	556
851	694
851	716
851	733
851	736
851	784
851	789
851	791
851	804
851	810
851	828
851	855
851	857
851	876
851	898
851	903
851	920
851	921
851	922
851	924
851	927
851	956
852	99
852	198
852	289
852	302
852	415
852	418
852	463
852	504
852	544
852	593
852	715
852	742
852	801
852	843
852	845
852	854
852	865
852	883
852	895
852	896
852	901
852	912
852	913
852	930
852	942
852	948
852	952
853	6
853	15
853	43
853	84
853	110
853	114
853	140
853	278
853	352
853	409
853	444
853	468
853	477
853	540
853	645
853	647
853	671
853	690
853	706
853	740
853	753
853	774
853	793
853	826
853	833
853	861
853	871
854	250
854	289
854	302
854	349
854	463
854	504
854	544
854	593
854	602
854	715
854	742
854	801
854	819
854	843
854	845
854	852
854	865
854	883
854	895
854	896
854	901
854	912
854	913
854	942
854	948
854	952
854	996
855	88
855	105
855	155
855	309
855	360
855	452
855	654
855	694
855	716
855	733
855	736
855	789
855	791
855	804
855	811
855	828
855	851
855	857
855	876
855	898
855	903
855	920
855	921
855	922
855	924
855	927
855	956
856	13
856	24
856	37
856	73
856	94
856	160
856	271
856	310
856	351
856	370
856	399
856	456
856	528
856	530
856	555
856	562
856	623
856	628
856	640
856	646
856	649
856	692
856	775
856	808
856	824
856	860
856	871
857	155
857	217
857	236
857	325
857	452
857	496
857	556
857	568
857	671
857	716
857	733
857	736
857	789
857	791
857	804
857	828
857	851
857	855
857	876
857	898
857	903
857	920
857	921
857	922
857	924
857	927
857	956
858	338
858	363
858	465
858	472
858	473
858	575
858	604
858	619
858	626
858	651
858	666
858	707
858	723
858	725
858	743
858	771
858	786
858	834
858	837
858	894
858	932
858	934
858	946
858	950
858	960
858	975
858	985
859	10
859	29
859	49
859	67
859	93
859	96
859	118
859	156
859	161
859	180
859	272
859	273
859	295
859	300
859	306
859	312
859	373
859	390
859	442
859	521
859	577
859	600
859	603
859	656
859	836
859	920
859	946
860	11
860	56
860	72
860	103
860	122
860	137
860	143
860	187
860	215
860	261
860	279
860	330
860	335
860	398
860	466
860	542
860	548
860	558
860	594
860	617
860	635
860	642
860	724
860	802
860	856
860	893
860	897
861	6
861	15
861	30
861	43
861	84
861	110
861	114
861	140
861	352
861	409
861	417
861	444
861	468
861	477
861	627
861	645
861	647
861	671
861	690
861	706
861	774
861	793
861	819
861	826
861	833
861	835
861	853
862	22
862	46
862	70
862	173
862	230
862	268
862	290
862	298
862	301
862	314
862	371
862	441
862	447
862	464
862	514
862	521
862	524
862	525
862	571
862	677
862	744
862	783
862	799
862	819
862	866
862	867
862	907
863	12
863	19
863	75
863	105
863	159
863	169
863	304
863	311
863	318
863	327
863	361
863	381
863	437
863	467
863	506
863	547
863	590
863	595
863	607
863	634
863	659
863	714
863	737
863	767
863	784
863	880
863	986
864	83
864	115
864	197
864	203
864	238
864	430
864	446
864	454
864	472
864	478
864	515
864	564
864	586
864	615
864	711
864	717
864	737
864	765
864	815
864	820
864	839
864	841
864	874
864	878
864	881
864	886
864	984
865	227
865	229
865	253
865	289
865	349
865	415
865	498
865	504
865	593
865	602
865	715
865	741
865	742
865	801
865	843
865	845
865	852
865	854
865	883
865	895
865	896
865	901
865	912
865	913
865	942
865	948
865	952
866	25
866	172
866	235
866	337
866	357
866	369
866	448
866	526
866	533
866	545
866	557
866	563
866	587
866	652
866	695
866	718
866	754
866	769
866	817
866	862
866	877
866	892
866	930
866	938
866	955
866	963
866	964
866	968
867	22
867	70
867	82
867	104
867	173
867	268
867	290
867	298
867	301
867	314
867	371
867	416
867	441
867	447
867	464
867	521
867	524
867	571
867	616
867	631
867	677
867	744
867	745
867	783
867	799
867	819
867	862
867	907
868	9
868	31
868	60
868	69
868	81
868	124
868	184
868	198
868	211
868	213
868	218
868	285
868	345
868	377
868	395
868	500
868	551
868	573
868	632
868	672
868	708
868	797
868	800
868	869
868	873
868	888
868	889
868	962
869	60
869	69
869	77
869	81
869	98
869	124
869	184
869	198
869	211
869	213
869	218
869	285
869	377
869	500
869	551
869	573
869	632
869	672
869	708
869	760
869	797
869	800
869	868
869	873
869	888
869	889
869	957
869	964
870	147
870	154
870	181
870	188
870	219
870	237
870	244
870	258
870	277
870	291
870	303
870	368
870	375
870	451
870	479
870	514
870	609
870	680
870	686
870	713
870	724
870	745
870	776
870	778
870	816
870	818
870	847
870	922
871	13
871	24
871	37
871	73
871	160
871	271
871	310
871	351
871	370
871	399
871	528
871	530
871	555
871	562
871	623
871	628
871	640
871	646
871	649
871	692
871	719
871	775
871	808
871	824
871	853
871	856
871	934
871	978
872	18
872	20
872	166
872	222
872	243
872	246
872	253
872	322
872	343
872	365
872	382
872	397
872	412
872	432
872	433
872	449
872	630
872	636
872	637
872	653
872	695
872	762
872	770
872	811
872	814
872	830
872	884
872	926
873	9
873	35
873	60
873	69
873	81
873	98
873	124
873	184
873	198
873	211
873	213
873	218
873	231
873	285
873	377
873	500
873	551
873	573
873	632
873	672
873	708
873	797
873	800
873	868
873	869
873	888
873	889
873	921
874	83
874	89
874	115
874	135
874	197
874	203
874	238
874	430
874	446
874	454
874	472
874	478
874	515
874	564
874	586
874	615
874	711
874	717
874	765
874	815
874	820
874	839
874	841
874	864
874	878
874	881
874	886
874	935
875	461
875	495
875	514
875	566
875	644
875	657
875	685
875	693
875	726
875	729
875	788
875	807
875	840
875	882
875	886
875	904
875	905
875	951
875	954
875	961
875	965
875	966
875	967
875	971
875	977
875	991
875	993
875	998
876	44
876	111
876	217
876	309
876	392
876	452
876	496
876	556
876	655
876	694
876	716
876	733
876	736
876	789
876	795
876	804
876	828
876	851
876	855
876	857
876	898
876	903
876	920
876	921
876	922
876	924
876	927
876	956
877	107
877	134
877	172
877	183
877	265
877	337
877	357
877	476
877	526
877	533
877	534
877	545
877	563
877	587
877	627
877	652
877	695
877	718
877	754
877	817
877	840
877	866
877	892
877	938
877	955
877	963
877	964
877	968
878	83
878	89
878	189
878	197
878	203
878	238
878	310
878	430
878	446
878	454
878	472
878	478
878	515
878	564
878	586
878	615
878	711
878	717
878	765
878	815
878	820
878	839
878	841
878	864
878	874
878	881
878	886
878	989
879	16
879	64
879	85
879	131
879	151
879	182
879	206
879	319
879	395
879	405
879	497
879	581
879	597
879	646
879	660
879	704
879	822
879	832
879	850
879	891
879	910
879	911
879	925
879	937
879	949
879	956
879	959
879	981
880	462
880	517
880	701
880	721
880	760
880	764
880	785
880	817
880	863
880	885
880	887
880	890
880	906
880	914
880	916
880	931
880	939
880	944
880	953
880	972
880	984
880	988
880	990
880	995
880	996
880	997
880	999
880	1000
881	83
881	89
881	115
881	197
881	203
881	238
881	428
881	430
881	446
881	454
881	472
881	478
881	515
881	564
881	574
881	586
881	615
881	711
881	717
881	765
881	815
881	820
881	839
881	841
881	864
881	874
881	878
881	886
882	195
882	210
882	456
882	576
882	591
882	644
882	657
882	670
882	685
882	693
882	726
882	788
882	807
882	840
882	849
882	875
882	904
882	905
882	951
882	954
882	961
882	965
882	966
882	967
882	971
882	977
882	991
882	993
882	998
883	99
883	256
883	414
883	415
883	418
883	498
883	504
883	544
883	593
883	602
883	715
883	742
883	759
883	790
883	801
883	843
883	845
883	852
883	854
883	865
883	895
883	896
883	901
883	912
883	913
883	942
883	948
883	952
883	968
884	18
884	106
884	166
884	167
884	222
884	234
884	243
884	253
884	322
884	343
884	347
884	377
884	397
884	432
884	433
884	449
884	489
884	630
884	637
884	653
884	762
884	770
884	811
884	814
884	825
884	830
884	872
884	926
884	944
885	166
885	462
885	538
885	654
885	689
885	697
885	701
885	702
885	764
885	785
885	880
885	887
885	890
885	906
885	908
885	914
885	916
885	931
885	939
885	944
885	953
885	972
885	984
885	988
885	990
885	995
885	996
885	999
885	1000
886	83
886	89
886	115
886	197
886	203
886	238
886	430
886	446
886	454
886	472
886	478
886	515
886	564
886	586
886	615
886	711
886	717
886	765
886	815
886	820
886	836
886	839
886	841
886	864
886	874
886	875
886	878
886	881
886	965
887	550
887	610
887	662
887	670
887	697
887	721
887	747
887	764
887	785
887	814
887	880
887	885
887	890
887	906
887	914
887	916
887	929
887	931
887	939
887	953
887	972
887	984
887	988
887	990
887	995
887	996
887	998
887	999
887	1000
888	9
888	31
888	60
888	69
888	77
888	81
888	98
888	124
888	184
888	198
888	211
888	213
888	218
888	284
888	285
888	360
888	377
888	500
888	551
888	573
888	632
888	672
888	708
888	797
888	799
888	800
888	868
888	869
888	873
888	889
889	9
889	31
889	60
889	69
889	77
889	81
889	98
889	124
889	184
889	198
889	211
889	213
889	218
889	285
889	312
889	377
889	500
889	551
889	573
889	632
889	672
889	708
889	797
889	800
889	868
889	869
889	873
889	888
889	902
889	938
890	517
890	538
890	550
890	654
890	697
890	721
890	747
890	756
890	764
890	817
890	880
890	885
890	887
890	906
890	914
890	916
890	931
890	933
890	939
890	944
890	953
890	971
890	972
890	984
890	988
890	990
890	995
890	996
890	999
890	1000
891	16
891	26
891	85
891	86
891	151
891	189
891	206
891	276
891	294
891	319
891	395
891	405
891	487
891	497
891	516
891	519
891	581
891	597
891	639
891	704
891	822
891	832
891	842
891	850
891	879
891	910
891	911
891	925
891	949
891	981
892	38
892	97
892	164
892	183
892	262
892	293
892	369
892	426
892	526
892	533
892	534
892	545
892	557
892	563
892	587
892	627
892	652
892	695
892	718
892	754
892	788
892	817
892	866
892	877
892	938
892	955
892	963
892	964
892	968
892	976
893	11
893	35
893	56
893	103
893	122
893	137
893	143
893	187
893	215
893	267
893	279
893	300
893	330
893	335
893	398
893	466
893	532
893	542
893	548
893	558
893	580
893	594
893	617
893	635
893	642
893	785
893	802
893	860
893	897
893	913
894	84
894	196
894	201
894	473
894	513
894	582
894	604
894	625
894	626
894	651
894	655
894	666
894	695
894	707
894	709
894	723
894	743
894	771
894	804
894	834
894	837
894	858
894	908
894	932
894	934
894	936
894	946
894	950
894	960
894	975
895	245
895	250
895	302
895	349
895	414
895	415
895	418
895	463
895	498
895	504
895	593
895	602
895	715
895	742
895	801
895	813
895	843
895	845
895	852
895	854
895	865
895	883
895	896
895	901
895	912
895	913
895	927
895	942
895	948
895	952
895	962
896	99
896	229
896	245
896	250
896	289
896	393
896	402
896	415
896	418
896	463
896	498
896	584
896	593
896	602
896	710
896	715
896	742
896	801
896	843
896	845
896	852
896	854
896	865
896	883
896	895
896	901
896	912
896	913
896	942
896	948
896	952
897	11
897	35
897	56
897	72
897	103
897	137
897	143
897	187
897	215
897	233
897	256
897	261
897	267
897	279
897	330
897	335
897	398
897	445
897	466
897	532
897	542
897	558
897	580
897	617
897	635
897	642
897	794
897	802
897	830
897	860
897	893
898	50
898	111
898	236
898	309
898	325
898	360
898	399
898	452
898	496
898	556
898	694
898	716
898	721
898	733
898	736
898	789
898	791
898	804
898	828
898	851
898	855
898	857
898	876
898	903
898	920
898	921
898	922
898	924
898	927
898	956
898	985
899	248
899	450
899	484
899	561
899	633
899	656
899	664
899	687
899	761
899	782
899	805
899	849
899	900
899	901
899	915
899	923
899	930
899	935
899	940
899	943
899	945
899	947
899	1000
900	386
900	419
900	428
900	450
900	484
900	561
900	633
900	664
900	687
900	761
900	782
900	805
900	815
900	817
900	849
900	899
900	915
900	923
900	930
900	931
900	935
900	940
900	943
900	945
900	947
901	227
901	229
901	245
901	250
901	302
901	414
901	418
901	463
901	498
901	544
901	593
901	602
901	715
901	742
901	776
901	801
901	822
901	843
901	845
901	852
901	854
901	865
901	883
901	895
901	896
901	899
901	912
901	913
901	942
901	948
901	952
902	28
902	116
902	263
902	326
902	362
902	394
902	403
902	458
902	474
902	510
902	518
902	588
902	613
902	614
902	741
902	748
902	780
902	795
902	809
902	823
902	829
902	838
902	842
902	889
902	909
902	917
902	928
902	931
902	957
902	958
902	974
903	50
903	88
903	155
903	217
903	360
903	392
903	452
903	496
903	556
903	694
903	702
903	716
903	733
903	734
903	736
903	789
903	791
903	804
903	828
903	851
903	855
903	857
903	876
903	898
903	904
903	920
903	921
903	922
903	924
903	927
903	956
904	61
904	158
904	172
904	192
904	396
904	456
904	461
904	509
904	576
904	657
904	685
904	693
904	726
904	788
904	807
904	838
904	840
904	875
904	882
904	903
904	905
904	951
904	954
904	961
904	965
904	966
904	967
904	971
904	977
904	991
904	993
904	998
905	71
905	367
905	394
905	396
905	461
905	495
905	576
905	640
905	644
905	657
905	660
905	685
905	693
905	726
905	788
905	807
905	813
905	840
905	875
905	882
905	904
905	951
905	954
905	961
905	965
905	966
905	967
905	971
905	977
905	991
905	993
905	998
906	4
906	414
906	422
906	536
906	539
906	550
906	654
906	662
906	689
906	747
906	756
906	760
906	785
906	880
906	885
906	887
906	890
906	914
906	916
906	931
906	939
906	944
906	953
906	972
906	982
906	984
906	988
906	990
906	995
906	996
906	999
906	1000
907	22
907	46
907	70
907	82
907	104
907	173
907	220
907	230
907	268
907	290
907	298
907	301
907	314
907	371
907	416
907	441
907	447
907	464
907	521
907	524
907	527
907	571
907	616
907	677
907	744
907	783
907	799
907	819
907	862
907	867
907	911
907	936
908	36
908	138
908	196
908	338
908	363
908	473
908	513
908	575
908	604
908	619
908	625
908	626
908	655
908	659
908	666
908	707
908	723
908	725
908	743
908	771
908	834
908	837
908	842
908	885
908	894
908	932
908	934
908	936
908	946
908	950
908	960
908	975
909	100
909	101
909	296
909	320
909	332
909	362
909	411
909	482
909	499
909	518
909	525
909	575
909	588
909	613
909	614
909	675
909	748
909	752
909	780
909	795
909	809
909	823
909	829
909	838
909	842
909	902
909	917
909	928
909	957
909	958
909	974
909	989
910	26
910	64
910	86
910	151
910	206
910	214
910	257
910	276
910	280
910	321
910	345
910	361
910	395
910	405
910	480
910	487
910	519
910	581
910	597
910	660
910	704
910	822
910	850
910	879
910	891
910	911
910	925
910	937
910	949
910	972
910	981
910	987
911	16
911	86
911	131
911	151
911	189
911	257
911	319
911	321
911	345
911	395
911	405
911	487
911	497
911	519
911	541
911	581
911	597
911	625
911	639
911	660
911	704
911	822
911	832
911	879
911	891
911	907
911	910
911	925
911	937
911	949
911	965
911	981
912	42
912	139
912	229
912	250
912	349
912	393
912	414
912	415
912	418
912	463
912	498
912	504
912	544
912	593
912	602
912	715
912	742
912	801
912	843
912	845
912	852
912	854
912	865
912	883
912	895
912	896
912	901
912	913
912	942
912	948
912	952
912	993
913	99
913	227
913	245
913	250
913	256
913	290
913	302
913	349
913	393
913	418
913	498
913	504
913	544
913	593
913	602
913	715
913	726
913	742
913	801
913	843
913	845
913	852
913	854
913	865
913	883
913	893
913	895
913	896
913	901
913	912
913	942
913	948
913	952
914	288
914	462
914	517
914	654
914	689
914	697
914	701
914	747
914	756
914	760
914	764
914	785
914	822
914	880
914	885
914	887
914	890
914	906
914	916
914	931
914	939
914	941
914	944
914	953
914	972
914	976
914	984
914	988
914	990
914	995
914	996
914	999
914	1000
915	45
915	68
915	76
915	127
915	139
915	145
915	175
915	344
915	386
915	419
915	428
915	450
915	484
915	561
915	610
915	615
915	633
915	664
915	687
915	761
915	782
915	805
915	849
915	899
915	900
915	921
915	923
915	930
915	935
915	940
915	943
915	945
915	947
916	149
916	235
916	288
916	499
916	538
916	601
916	612
916	654
916	670
916	689
916	697
916	747
916	756
916	760
916	785
916	843
916	880
916	885
916	887
916	890
916	906
916	914
916	931
916	939
916	944
916	953
916	984
916	988
916	990
916	995
916	996
916	999
916	1000
917	3
917	100
917	296
917	324
917	326
917	332
917	362
917	394
917	411
917	474
917	510
917	518
917	525
917	588
917	613
917	675
917	741
917	748
917	752
917	780
917	795
917	809
917	823
917	829
917	838
917	842
917	902
917	909
917	944
917	947
917	957
917	958
917	974
918	348
918	559
918	631
918	663
918	700
918	702
918	705
918	710
918	712
918	738
918	749
918	827
918	844
918	848
918	933
918	941
918	949
918	976
918	979
918	980
918	982
918	985
918	989
918	992
918	994
918	997
919	34
919	36
919	55
919	280
919	439
919	469
919	492
919	516
919	522
919	592
919	611
919	614
919	618
919	661
919	703
919	750
919	778
919	794
919	796
919	827
919	929
919	959
919	962
919	969
919	970
919	973
919	978
919	983
919	986
919	987
920	47
920	50
920	111
920	135
920	217
920	236
920	325
920	360
920	392
920	452
920	556
920	591
920	645
920	694
920	716
920	733
920	736
920	789
920	791
920	804
920	828
920	851
920	855
920	857
920	859
920	876
920	898
920	903
920	921
920	922
920	924
920	927
920	956
921	47
921	50
921	88
921	111
921	155
921	236
921	309
921	360
921	392
921	452
921	496
921	694
921	716
921	733
921	736
921	789
921	791
921	804
921	828
921	829
921	851
921	855
921	857
921	873
921	876
921	898
921	903
921	915
921	920
921	922
921	924
921	927
921	956
922	44
922	47
922	88
922	111
922	135
922	155
922	217
922	325
922	392
922	423
922	452
922	496
922	694
922	716
922	733
922	736
922	789
922	791
922	804
922	828
922	851
922	855
922	857
922	870
922	876
922	898
922	903
922	920
922	921
922	924
922	927
922	934
922	956
923	45
923	76
923	126
923	129
923	174
923	175
923	231
923	269
923	344
923	386
923	419
923	428
923	450
923	484
923	561
923	633
923	664
923	687
923	752
923	761
923	782
923	805
923	809
923	849
923	899
923	900
923	915
923	930
923	935
923	940
923	943
923	945
923	947
924	44
924	47
924	50
924	88
924	111
924	135
924	155
924	217
924	325
924	360
924	392
924	496
924	694
924	716
924	733
924	736
924	743
924	789
924	791
924	804
924	828
924	851
924	855
924	857
924	876
924	898
924	903
924	920
924	921
924	922
924	927
924	955
924	956
924	994
925	63
925	64
925	86
925	131
925	182
925	189
925	206
925	214
925	257
925	276
925	280
925	345
925	480
925	487
925	497
925	519
925	581
925	597
925	639
925	660
925	704
925	709
925	746
925	822
925	832
925	842
925	850
925	879
925	891
925	910
925	911
925	937
925	949
925	981
926	18
926	20
926	106
926	140
926	167
926	168
926	195
926	222
926	234
926	243
926	246
926	253
926	322
926	343
926	347
926	365
926	382
926	397
926	432
926	433
926	449
926	489
926	630
926	636
926	637
926	653
926	762
926	770
926	811
926	814
926	818
926	830
926	872
926	884
927	44
927	47
927	88
927	135
927	236
927	309
927	325
927	360
927	392
927	452
927	496
927	556
927	694
927	716
927	733
927	736
927	789
927	791
927	801
927	804
927	828
927	851
927	855
927	857
927	876
927	895
927	898
927	903
927	920
927	921
927	922
927	924
927	953
927	956
928	3
928	28
928	100
928	101
928	126
928	263
928	326
928	332
928	362
928	391
928	403
928	411
928	510
928	518
928	525
928	588
928	614
928	662
928	675
928	741
928	748
928	752
928	780
928	809
928	823
928	829
928	842
928	844
928	902
928	909
928	957
928	958
928	971
928	974
929	34
929	209
929	212
929	240
929	241
929	274
929	431
929	469
929	488
929	516
929	522
929	592
929	607
929	611
929	618
929	661
929	703
929	750
929	778
929	794
929	796
929	805
929	824
929	827
929	887
929	919
929	959
929	962
929	969
929	970
929	973
929	978
929	983
929	986
929	987
930	45
930	68
930	126
930	145
930	174
930	175
930	216
930	231
930	269
930	344
930	386
930	419
930	428
930	450
930	484
930	561
930	633
930	664
930	687
930	761
930	782
930	805
930	849
930	852
930	866
930	899
930	900
930	915
930	923
930	935
930	940
930	943
930	945
930	947
930	968
931	149
931	235
931	299
931	538
931	550
931	654
931	662
931	670
931	689
931	701
931	721
931	747
931	756
931	760
931	785
931	835
931	880
931	885
931	887
931	890
931	900
931	902
931	906
931	914
931	916
931	939
931	944
931	953
931	972
931	984
931	988
931	990
931	995
931	996
931	999
931	1000
932	36
932	74
932	201
932	289
932	338
932	346
932	363
932	513
932	575
932	582
932	614
932	619
932	625
932	626
932	651
932	655
932	666
932	707
932	709
932	723
932	725
932	743
932	771
932	834
932	837
932	858
932	894
932	908
932	934
932	936
932	946
932	950
932	955
932	957
932	960
932	975
933	270
933	279
933	316
933	336
933	455
933	470
933	483
933	490
933	511
933	559
933	631
933	663
933	664
933	700
933	702
933	705
933	710
933	712
933	738
933	749
933	844
933	848
933	890
933	918
933	941
933	969
933	976
933	979
933	980
933	982
933	985
933	989
933	992
933	994
933	997
934	16
934	36
934	141
934	338
934	346
934	363
934	465
934	473
934	575
934	582
934	604
934	619
934	625
934	626
934	651
934	655
934	666
934	707
934	709
934	723
934	725
934	743
934	771
934	834
934	837
934	858
934	871
934	894
934	908
934	922
934	932
934	936
934	946
934	950
934	960
934	975
935	68
935	76
935	127
935	139
935	145
935	174
935	175
935	231
935	269
935	344
935	386
935	419
935	428
935	450
935	484
935	561
935	633
935	664
935	687
935	699
935	761
935	782
935	805
935	849
935	874
935	899
935	900
935	915
935	923
935	930
935	940
935	943
935	945
935	947
935	956
935	984
936	74
936	138
936	141
936	201
936	338
936	346
936	363
936	465
936	582
936	604
936	619
936	625
936	626
936	630
936	651
936	655
936	666
936	707
936	709
936	723
936	725
936	743
936	763
936	771
936	834
936	837
936	848
936	894
936	907
936	908
936	932
936	934
936	946
936	950
936	960
936	975
937	16
937	26
937	63
937	64
937	85
937	86
937	131
937	182
937	189
937	206
937	214
937	257
937	291
937	319
937	345
937	405
937	480
937	487
937	497
937	581
937	597
937	639
937	660
937	704
937	805
937	822
937	832
937	850
937	879
937	910
937	911
937	925
937	940
937	949
937	950
937	981
938	78
938	80
938	134
938	164
938	172
938	183
938	262
938	265
938	293
938	324
938	357
938	369
938	448
938	526
938	533
938	534
938	545
938	563
938	587
938	627
938	652
938	695
938	718
938	745
938	754
938	769
938	817
938	866
938	877
938	889
938	892
938	955
938	963
938	964
938	968
938	981
939	299
939	355
939	389
939	400
939	407
939	422
939	462
939	499
939	517
939	555
939	662
939	689
939	701
939	721
939	756
939	760
939	785
939	793
939	806
939	880
939	885
939	887
939	890
939	906
939	914
939	916
939	931
939	944
939	953
939	972
939	984
939	988
939	995
939	996
939	999
939	1000
940	45
940	68
940	126
940	127
940	139
940	145
940	174
940	175
940	231
940	269
940	295
940	343
940	344
940	386
940	419
940	428
940	450
940	484
940	561
940	633
940	664
940	687
940	761
940	782
940	805
940	849
940	899
940	900
940	915
940	923
940	930
940	935
940	937
940	943
940	945
940	947
941	251
941	327
941	341
941	401
941	423
941	455
941	470
941	483
941	490
941	511
941	559
941	631
941	663
941	700
941	702
941	705
941	710
941	712
941	733
941	738
941	749
941	808
941	844
941	848
941	914
941	918
941	933
941	976
941	979
941	980
941	982
941	985
941	988
941	989
941	992
941	994
941	997
942	99
942	227
942	229
942	245
942	256
942	289
942	302
942	349
942	393
942	414
942	415
942	420
942	463
942	473
942	498
942	504
942	544
942	593
942	602
942	652
942	690
942	715
942	742
942	801
942	843
942	845
942	852
942	854
942	865
942	883
942	895
942	896
942	901
942	912
942	913
942	948
942	952
943	45
943	68
943	76
943	126
943	127
943	139
943	145
943	174
943	175
943	231
943	269
943	344
943	386
943	419
943	428
943	450
943	484
943	546
943	561
943	633
943	664
943	687
943	761
943	782
943	805
943	849
943	899
943	900
943	915
943	923
943	930
943	935
943	940
943	945
943	947
943	976
943	997
944	4
944	33
944	149
944	154
944	235
944	299
944	422
944	462
944	517
944	539
944	610
944	689
944	701
944	747
944	756
944	760
944	764
944	785
944	880
944	884
944	885
944	890
944	906
944	914
944	916
944	917
944	931
944	939
944	953
944	972
944	984
944	988
944	990
944	995
944	996
944	999
944	1000
945	45
945	76
945	126
945	127
945	139
945	145
945	174
945	175
945	231
945	269
945	337
945	344
945	386
945	419
945	428
945	450
945	484
945	542
945	561
945	597
945	633
945	664
945	687
945	697
945	761
945	782
945	805
945	849
945	899
945	900
945	915
945	923
945	930
945	935
945	940
945	943
945	947
946	34
946	138
946	141
946	196
946	201
946	338
946	346
946	363
946	465
946	513
946	575
946	604
946	619
946	625
946	626
946	655
946	666
946	707
946	709
946	723
946	725
946	743
946	771
946	834
946	837
946	841
946	858
946	859
946	894
946	908
946	932
946	934
946	936
946	948
946	950
946	960
946	975
947	40
947	45
947	68
947	76
947	126
947	127
947	139
947	145
947	174
947	175
947	231
947	269
947	344
947	386
947	419
947	428
947	450
947	484
947	561
947	633
947	664
947	687
947	761
947	782
947	805
947	849
947	899
947	900
947	915
947	917
947	923
947	930
947	935
947	940
947	943
947	945
947	999
948	227
948	229
948	245
948	256
948	278
948	289
948	302
948	349
948	357
948	393
948	414
948	415
948	418
948	463
948	498
948	504
948	544
948	593
948	602
948	715
948	742
948	801
948	843
948	845
948	852
948	854
948	865
948	883
948	895
948	896
948	901
948	912
948	913
948	942
948	946
948	952
948	991
949	26
949	63
949	85
949	131
949	151
949	189
949	214
949	257
949	276
949	319
949	321
949	345
949	346
949	395
949	405
949	480
949	487
949	497
949	519
949	531
949	581
949	597
949	639
949	647
949	660
949	704
949	822
949	832
949	850
949	879
949	891
949	910
949	911
949	918
949	925
949	937
949	981
950	74
950	138
950	141
950	196
950	338
950	346
950	363
950	424
950	465
950	473
950	513
950	575
950	582
950	604
950	619
950	625
950	626
950	651
950	655
950	666
950	707
950	723
950	725
950	728
950	743
950	771
950	812
950	837
950	858
950	894
950	908
950	932
950	934
950	936
950	937
950	946
950	960
950	975
951	53
951	132
951	195
951	227
951	260
951	281
951	307
951	396
951	438
951	495
951	509
951	566
951	576
951	580
951	591
951	644
951	657
951	685
951	693
951	726
951	747
951	788
951	807
951	840
951	875
951	882
951	904
951	905
951	954
951	961
951	965
951	966
951	967
951	971
951	977
951	991
951	993
951	998
952	99
952	227
952	229
952	245
952	250
952	256
952	289
952	302
952	349
952	393
952	414
952	418
952	463
952	498
952	504
952	544
952	593
952	602
952	674
952	715
952	742
952	759
952	801
952	843
952	845
952	852
952	854
952	865
952	883
952	895
952	896
952	901
952	912
952	913
952	942
952	948
952	966
952	986
953	288
953	400
953	422
953	462
953	499
953	517
953	539
953	610
953	654
953	662
953	689
953	697
953	701
953	709
953	747
953	756
953	764
953	781
953	880
953	885
953	887
953	890
953	906
953	914
953	916
953	927
953	931
953	939
953	944
953	963
953	972
953	984
953	988
953	990
953	995
953	996
953	999
953	1000
954	21
954	41
954	61
954	122
954	202
954	205
954	260
954	281
954	367
954	456
954	495
954	566
954	576
954	591
954	634
954	644
954	657
954	685
954	693
954	726
954	788
954	807
954	815
954	840
954	875
954	882
954	904
954	905
954	951
954	961
954	965
954	966
954	967
954	971
954	977
954	991
954	993
954	998
955	25
955	38
955	78
955	97
955	115
955	134
955	172
955	262
955	265
955	293
955	324
955	337
955	357
955	448
955	526
955	533
955	534
955	545
955	557
955	563
955	587
955	627
955	652
955	695
955	718
955	754
955	769
955	777
955	817
955	866
955	877
955	892
955	924
955	932
955	938
955	963
955	964
955	968
956	12
956	44
956	47
956	50
956	88
956	111
956	135
956	155
956	217
956	236
956	309
956	325
956	360
956	392
956	452
956	496
956	556
956	694
956	716
956	733
956	736
956	789
956	791
956	793
956	804
956	828
956	851
956	855
956	857
956	876
956	879
956	898
956	903
956	920
956	921
956	922
956	924
956	927
956	935
957	3
957	28
957	100
957	101
957	263
957	320
957	326
957	332
957	362
957	391
957	403
957	411
957	474
957	510
957	525
957	527
957	588
957	613
957	614
957	675
957	684
957	741
957	748
957	752
957	780
957	795
957	809
957	823
957	829
957	838
957	842
957	869
957	902
957	909
957	917
957	928
957	932
957	958
957	974
958	3
958	100
958	116
958	258
958	263
958	284
958	296
958	320
958	326
958	332
958	362
958	391
958	394
958	403
958	411
958	518
958	525
958	588
958	613
958	614
958	675
958	741
958	748
958	752
958	780
958	782
958	795
958	809
958	823
958	829
958	838
958	842
958	902
958	909
958	917
958	928
958	957
958	974
958	995
959	14
959	39
959	51
959	91
959	150
959	240
959	255
959	281
959	283
959	294
959	439
959	469
959	488
959	492
959	516
959	522
959	592
959	603
959	611
959	618
959	661
959	703
959	719
959	750
959	778
959	794
959	796
959	827
959	879
959	919
959	929
959	962
959	969
959	970
959	973
959	978
959	983
959	986
959	987
960	36
960	74
960	138
960	141
960	196
960	338
960	346
960	363
960	465
960	473
960	513
960	566
960	575
960	582
960	604
960	619
960	625
960	626
960	655
960	666
960	690
960	694
960	707
960	723
960	725
960	726
960	743
960	771
960	834
960	837
960	858
960	894
960	908
960	932
960	934
960	936
960	946
960	950
960	975
961	53
961	132
961	158
961	195
961	281
961	299
961	314
961	367
961	396
961	456
961	461
961	509
961	566
961	576
961	591
961	644
961	657
961	685
961	693
961	710
961	726
961	788
961	807
961	840
961	875
961	882
961	904
961	905
961	951
961	954
961	965
961	966
961	967
961	971
961	977
961	991
961	993
961	994
961	998
962	34
962	87
962	209
962	212
962	240
962	255
962	274
962	283
962	294
962	431
962	439
962	469
962	488
962	492
962	516
962	522
962	592
962	611
962	618
962	661
962	703
962	750
962	778
962	794
962	796
962	827
962	868
962	895
962	919
962	929
962	959
962	969
962	970
962	973
962	978
962	979
962	983
962	986
962	987
962	989
963	25
963	38
963	78
963	97
963	134
963	164
963	172
963	183
963	262
963	265
963	293
963	324
963	337
963	357
963	390
963	448
963	526
963	533
963	534
963	545
963	557
963	563
963	587
963	627
963	649
963	652
963	695
963	718
963	754
963	769
963	817
963	866
963	877
963	892
963	938
963	953
963	955
963	964
963	968
963	986
964	25
964	38
964	78
964	97
964	164
964	172
964	183
964	262
964	265
964	293
964	306
964	324
964	337
964	357
964	369
964	448
964	526
964	533
964	534
964	545
964	557
964	563
964	587
964	627
964	652
964	667
964	695
964	718
964	754
964	769
964	817
964	837
964	866
964	869
964	877
964	892
964	938
964	955
964	963
964	968
965	21
965	41
965	137
965	158
965	191
965	195
965	202
965	260
965	438
965	461
965	495
965	509
965	566
965	576
965	591
965	644
965	657
965	685
965	693
965	726
965	788
965	807
965	839
965	840
965	875
965	882
965	886
965	904
965	905
965	911
965	951
965	954
965	961
965	966
965	967
965	971
965	977
965	991
965	993
965	998
966	41
966	71
966	127
966	132
966	158
966	191
966	202
966	222
966	260
966	396
966	438
966	456
966	495
966	509
966	566
966	591
966	644
966	657
966	685
966	693
966	726
966	788
966	807
966	840
966	875
966	882
966	904
966	905
966	951
966	952
966	954
966	961
966	965
966	967
966	971
966	974
966	977
966	991
966	993
966	998
967	17
967	41
967	61
967	191
967	202
967	260
967	281
967	367
967	396
967	438
967	509
967	566
967	576
967	591
967	598
967	644
967	657
967	685
967	693
967	717
967	726
967	757
967	788
967	807
967	840
967	875
967	882
967	904
967	905
967	951
967	954
967	961
967	965
967	966
967	971
967	977
967	981
967	991
967	993
967	998
968	25
968	38
968	78
968	97
968	134
968	164
968	172
968	183
968	262
968	265
968	293
968	324
968	337
968	357
968	369
968	448
968	526
968	533
968	534
968	545
968	557
968	563
968	587
968	627
968	652
968	695
968	698
968	718
968	754
968	769
968	771
968	817
968	866
968	877
968	883
968	892
968	930
968	938
968	955
968	963
968	964
969	14
969	34
969	39
969	91
969	150
969	171
969	241
969	255
969	283
969	294
969	431
969	439
969	467
969	469
969	488
969	492
969	516
969	522
969	560
969	592
969	611
969	618
969	661
969	703
969	739
969	750
969	778
969	794
969	796
969	827
969	919
969	929
969	933
969	959
969	962
969	970
969	973
969	978
969	983
969	986
969	987
970	14
970	39
970	51
970	87
970	150
970	171
970	197
970	212
970	240
970	241
970	274
970	283
970	431
970	439
970	488
970	492
970	516
970	522
970	592
970	611
970	618
970	653
970	661
970	703
970	742
970	750
970	778
970	794
970	796
970	827
970	919
970	929
970	959
970	962
970	969
970	973
970	978
970	983
970	986
970	987
970	998
971	17
971	53
971	61
971	158
971	191
971	202
971	367
971	396
971	438
971	456
971	461
971	495
971	509
971	566
971	591
971	644
971	657
971	685
971	693
971	726
971	788
971	807
971	840
971	875
971	882
971	890
971	904
971	905
971	928
971	951
971	954
971	961
971	965
971	966
971	967
971	977
971	978
971	988
971	991
971	993
971	998
972	288
972	355
972	389
972	440
972	499
972	517
972	538
972	573
972	610
972	654
972	662
972	670
972	689
972	697
972	701
972	721
972	737
972	747
972	756
972	760
972	764
972	785
972	840
972	880
972	885
972	887
972	890
972	906
972	910
972	914
972	931
972	939
972	944
972	953
972	984
972	988
972	990
972	995
972	996
972	999
972	1000
973	39
973	51
973	87
973	91
973	171
973	209
973	241
973	255
973	283
973	294
973	347
973	431
973	439
973	469
973	488
973	492
973	516
973	522
973	592
973	611
973	616
973	618
973	661
973	703
973	736
973	748
973	750
973	778
973	794
973	796
973	827
973	919
973	929
973	959
973	962
973	969
973	970
973	978
973	983
973	986
973	987
974	3
974	28
974	100
974	101
974	116
974	263
974	296
974	320
974	326
974	332
974	391
974	394
974	403
974	411
974	474
974	510
974	518
974	525
974	563
974	588
974	606
974	613
974	675
974	712
974	741
974	748
974	752
974	780
974	795
974	809
974	823
974	829
974	838
974	842
974	902
974	909
974	917
974	928
974	957
974	958
974	966
975	36
975	74
975	93
975	138
975	141
975	196
975	201
975	326
975	346
975	465
975	473
975	513
975	575
975	582
975	604
975	615
975	619
975	620
975	625
975	626
975	651
975	655
975	666
975	707
975	709
975	723
975	725
975	743
975	753
975	771
975	834
975	837
975	858
975	894
975	908
975	932
975	934
975	936
975	946
975	950
975	960
976	8
976	266
976	270
976	292
976	316
976	317
976	327
976	333
976	336
976	378
976	455
976	483
976	490
976	510
976	511
976	559
976	631
976	663
976	700
976	702
976	705
976	710
976	712
976	738
976	749
976	825
976	844
976	848
976	892
976	914
976	918
976	933
976	941
976	943
976	979
976	980
976	982
976	985
976	989
976	992
976	994
976	997
977	17
977	21
977	41
977	71
977	132
977	158
977	179
977	195
977	200
977	281
977	367
977	384
977	438
977	456
977	461
977	509
977	566
977	576
977	591
977	644
977	657
977	685
977	693
977	726
977	788
977	807
977	840
977	875
977	882
977	904
977	905
977	951
977	954
977	961
977	965
977	966
977	967
977	971
977	991
977	992
977	993
977	998
978	14
978	39
978	87
978	150
978	171
978	209
978	212
978	241
978	255
978	274
978	283
978	294
978	431
978	439
978	469
978	488
978	492
978	516
978	522
978	592
978	605
978	611
978	618
978	661
978	703
978	750
978	778
978	794
978	796
978	827
978	871
978	919
978	929
978	959
978	962
978	969
978	970
978	971
978	973
978	983
978	986
978	987
978	992
979	8
979	160
979	211
979	266
979	270
979	273
979	316
979	333
979	336
979	341
979	378
979	401
979	423
979	436
979	455
979	470
979	483
979	490
979	511
979	559
979	631
979	663
979	700
979	702
979	705
979	710
979	712
979	738
979	749
979	844
979	848
979	918
979	933
979	941
979	962
979	976
979	980
979	982
979	985
979	989
979	992
979	994
979	997
980	70
980	107
980	251
980	266
980	270
980	287
980	292
980	317
980	327
980	336
980	378
980	401
980	423
980	455
980	470
980	483
980	490
980	496
980	511
980	559
980	631
980	663
980	700
980	702
980	705
980	710
980	712
980	723
980	738
980	749
980	844
980	848
980	918
980	933
980	941
980	976
980	979
980	982
980	985
980	989
980	992
980	994
980	997
981	16
981	26
981	63
981	64
981	85
981	86
981	131
981	151
981	182
981	189
981	206
981	214
981	257
981	262
981	276
981	280
981	319
981	321
981	345
981	395
981	405
981	480
981	487
981	497
981	519
981	581
981	597
981	639
981	660
981	704
981	822
981	832
981	850
981	879
981	891
981	910
981	911
981	925
981	937
981	938
981	949
981	967
981	996
982	8
982	57
982	107
982	266
982	292
982	316
982	317
982	333
982	341
982	378
982	401
982	423
982	455
982	470
982	483
982	490
982	504
982	511
982	519
982	559
982	631
982	663
982	700
982	702
982	705
982	710
982	712
982	738
982	749
982	844
982	848
982	906
982	918
982	933
982	941
982	976
982	979
982	980
982	985
982	989
982	991
982	992
982	994
982	997
983	14
983	39
983	51
983	91
983	150
983	171
983	209
983	212
983	240
983	255
983	274
983	283
983	294
983	431
983	439
983	457
983	469
983	488
983	492
983	516
983	522
983	578
983	582
983	592
983	611
983	618
983	625
983	661
983	703
983	750
983	778
983	794
983	796
983	827
983	919
983	929
983	959
983	962
983	969
983	970
983	973
983	978
983	986
983	987
984	4
984	149
984	288
984	354
984	389
984	400
984	422
984	440
984	486
984	499
984	538
984	539
984	550
984	610
984	662
984	670
984	689
984	697
984	701
984	747
984	756
984	760
984	764
984	785
984	864
984	880
984	885
984	887
984	890
984	906
984	914
984	916
984	931
984	935
984	939
984	944
984	953
984	972
984	988
984	990
984	995
984	996
984	999
984	1000
985	52
985	57
985	251
985	292
985	316
985	317
985	327
985	333
985	336
985	341
985	378
985	401
985	423
985	470
985	483
985	490
985	511
985	545
985	559
985	608
985	631
985	663
985	700
985	702
985	705
985	710
985	712
985	738
985	749
985	844
985	848
985	858
985	898
985	918
985	933
985	941
985	976
985	979
985	980
985	982
985	989
985	992
985	994
985	997
986	34
986	39
986	51
986	87
986	91
986	150
986	171
986	209
986	212
986	240
986	241
986	255
986	274
986	294
986	431
986	439
986	488
986	492
986	516
986	522
986	592
986	611
986	618
986	661
986	703
986	750
986	758
986	778
986	794
986	796
986	827
986	863
986	919
986	929
986	952
986	959
986	962
986	963
986	969
986	970
986	973
986	978
986	983
986	987
987	14
987	34
987	51
987	87
987	91
987	150
987	171
987	209
987	212
987	240
987	241
987	255
987	274
987	283
987	294
987	431
987	439
987	469
987	488
987	492
987	516
987	522
987	592
987	611
987	618
987	661
987	703
987	750
987	778
987	794
987	796
987	816
987	827
987	910
987	919
987	929
987	959
987	962
987	969
987	970
987	973
987	978
987	983
987	986
987	991
987	993
988	33
988	149
988	235
988	270
988	288
988	299
988	355
988	389
988	400
988	440
988	499
988	502
988	517
988	538
988	539
988	550
988	654
988	662
988	670
988	701
988	721
988	747
988	754
988	756
988	764
988	785
988	880
988	885
988	887
988	890
988	906
988	914
988	916
988	931
988	939
988	941
988	944
988	953
988	971
988	972
988	984
988	990
988	995
988	996
988	999
988	1000
989	8
989	57
989	107
989	131
989	251
989	270
989	292
989	316
989	317
989	327
989	333
989	336
989	341
989	378
989	401
989	423
989	455
989	470
989	511
989	559
989	631
989	660
989	663
989	700
989	702
989	705
989	710
989	712
989	738
989	749
989	844
989	848
989	878
989	909
989	918
989	933
989	941
989	962
989	976
989	979
989	980
989	982
989	985
989	992
989	994
989	997
990	33
990	149
990	235
990	355
990	389
990	396
990	400
990	422
990	440
990	462
990	499
990	520
990	539
990	550
990	610
990	654
990	662
990	670
990	672
990	689
990	697
990	701
990	721
990	747
990	756
990	760
990	764
990	785
990	788
990	880
990	885
990	887
990	890
990	906
990	914
990	916
990	931
990	944
990	953
990	972
990	984
990	988
990	995
990	996
990	999
990	1000
991	17
991	21
991	41
991	53
991	61
991	71
991	158
991	191
991	202
991	260
991	281
991	367
991	438
991	456
991	461
991	495
991	509
991	566
991	576
991	591
991	644
991	645
991	657
991	685
991	693
991	726
991	769
991	788
991	807
991	840
991	875
991	882
991	904
991	905
991	948
991	951
991	954
991	961
991	965
991	966
991	967
991	971
991	977
991	982
991	987
991	993
991	998
992	8
992	57
992	107
992	232
992	251
992	266
992	292
992	317
992	327
992	333
992	336
992	341
992	378
992	401
992	423
992	455
992	470
992	483
992	490
992	511
992	559
992	571
992	631
992	658
992	663
992	700
992	702
992	705
992	710
992	712
992	738
992	749
992	844
992	848
992	918
992	933
992	941
992	976
992	977
992	978
992	979
992	980
992	982
992	985
992	989
992	994
992	997
993	17
993	19
993	21
993	53
993	61
993	71
993	132
993	158
993	191
993	195
993	202
993	281
993	367
993	396
993	438
993	456
993	461
993	495
993	509
993	553
993	557
993	566
993	576
993	591
993	644
993	657
993	685
993	693
993	726
993	788
993	807
993	840
993	875
993	882
993	904
993	905
993	912
993	951
993	954
993	961
993	965
993	966
993	967
993	971
993	977
993	987
993	991
993	998
994	1
994	8
994	57
994	67
994	107
994	251
994	266
994	270
994	292
994	316
994	317
994	327
994	333
994	341
994	378
994	401
994	423
994	455
994	470
994	483
994	490
994	511
994	548
994	559
994	631
994	663
994	700
994	702
994	705
994	710
994	712
994	738
994	749
994	844
994	848
994	918
994	924
994	933
994	941
994	961
994	976
994	979
994	980
994	982
994	985
994	989
994	992
994	997
995	4
995	149
995	288
995	299
995	355
995	387
995	389
995	400
995	422
995	440
995	462
995	499
995	538
995	550
995	598
995	610
995	633
995	654
995	662
995	670
995	689
995	697
995	701
995	721
995	747
995	756
995	760
995	764
995	779
995	785
995	880
995	885
995	887
995	890
995	906
995	914
995	916
995	931
995	939
995	944
995	953
995	958
995	972
995	984
995	988
995	990
995	996
995	999
995	1000
996	4
996	33
996	235
996	299
996	340
996	355
996	389
996	400
996	440
996	499
996	517
996	538
996	539
996	550
996	610
996	654
996	662
996	670
996	689
996	697
996	701
996	721
996	747
996	756
996	760
996	764
996	785
996	828
996	845
996	854
996	880
996	885
996	887
996	890
996	906
996	914
996	916
996	931
996	939
996	944
996	953
996	972
996	981
996	984
996	988
996	990
996	995
996	999
996	1000
997	8
997	57
997	107
997	251
997	266
997	270
997	292
997	316
997	317
997	327
997	333
997	336
997	341
997	378
997	401
997	423
997	455
997	464
997	470
997	483
997	490
997	511
997	517
997	559
997	631
997	663
997	666
997	700
997	702
997	705
997	710
997	712
997	738
997	749
997	844
997	848
997	880
997	918
997	933
997	941
997	943
997	976
997	979
997	980
997	982
997	985
997	989
997	992
997	994
998	17
998	21
998	41
998	53
998	61
998	71
998	132
998	191
998	195
998	202
998	260
998	281
998	367
998	396
998	438
998	456
998	461
998	495
998	509
998	561
998	566
998	576
998	591
998	644
998	657
998	685
998	693
998	706
998	726
998	757
998	788
998	807
998	840
998	875
998	882
998	887
998	904
998	905
998	951
998	954
998	961
998	965
998	966
998	967
998	970
998	971
998	977
998	991
998	993
999	4
999	33
999	288
999	299
999	339
999	344
999	355
999	389
999	400
999	422
999	440
999	462
999	499
999	517
999	529
999	538
999	539
999	550
999	610
999	639
999	654
999	662
999	670
999	697
999	701
999	721
999	747
999	756
999	760
999	764
999	785
999	880
999	885
999	887
999	890
999	906
999	914
999	916
999	931
999	939
999	944
999	947
999	953
999	972
999	984
999	988
999	990
999	995
999	996
999	1000
1000	4
1000	33
1000	109
1000	235
1000	299
1000	355
1000	389
1000	400
1000	422
1000	440
1000	462
1000	499
1000	517
1000	538
1000	539
1000	550
1000	610
1000	618
1000	654
1000	662
1000	670
1000	689
1000	697
1000	701
1000	721
1000	727
1000	747
1000	760
1000	764
1000	779
1000	785
1000	880
1000	885
1000	887
1000	890
1000	899
1000	906
1000	914
1000	916
1000	931
1000	939
1000	944
1000	953
1000	972
1000	984
1000	988
1000	990
1000	995
1000	996
1000	999
