1	298
1	483
1	488
1	545
1	568
1	956
1	981
2	49
2	108
2	466
2	758
2	824
2	831
2	914
3	30
3	340
3	503
3	622
3	666
3	756
3	838
4	47
4	662
4	852
4	913
4	935
4	948
4	982
5	285
5	571
5	754
5	790
5	953
5	975
5	994
6	107
6	121
6	148
6	337
6	346
6	415
6	770
7	573
7	671
7	817
7	904
7	907
7	913
7	935
8	304
8	896
8	933
8	955
8	993
8	995
8	996
9	152
9	620
9	655
9	754
9	829
9	855
9	973
10	683
10	748
10	835
10	852
10	954
10	964
10	974
11	167
11	698
11	720
11	802
11	833
11	946
11	952
12	364
12	681
12	837
12	887
12	905
12	920
12	995
13	282
13	401
13	495
13	505
13	794
13	908
13	911
14	44
14	88
14	100
14	538
14	911
14	938
14	957
15	693
15	753
15	808
15	924
15	929
15	961
15	988
16	191
16	454
16	855
16	920
16	969
16	986
16	988
17	252
17	343
17	474
17	593
17	854
17	881
17	915
18	378
18	612
18	828
18	954
18	971
18	980
18	992
19	529
19	575
19	847
19	898
19	983
19	998
19	1000
20	431
20	553
20	645
20	900
20	944
20	950
20	990
21	108
21	323
21	441
21	749
21	778
21	819
21	989
22	403
22	834
22	942
22	958
22	968
22	970
22	993
23	134
23	530
23	875
23	925
23	929
23	983
23	998
24	742
24	760
24	832
24	871
24	926
24	959
24	977
25	149
25	518
25	847
25	872
25	890
25	895
25	976
26	109
26	561
26	628
26	747
26	859
26	876
26	966
27	145
27	698
27	799
27	803
27	895
27	897
27	976
28	271
28	332
28	492
28	573
28	725
28	887
28	979
29	514
29	772
29	834
29	836
29	967
29	992
29	999
30	3
30	395
30	702
30	839
30	931
30	935
30	981
31	397
31	631
31	794
31	880
31	891
31	959
31	960
32	409
32	505
32	582
32	599
32	725
32	839
32	956
33	476
33	762
33	823
33	934
33	954
33	981
33	992
34	302
34	449
34	642
34	815
34	888
34	902
34	991
35	256
35	648
35	703
35	797
35	897
35	942
35	989
36	576
36	684
36	762
36	788
36	875
36	932
36	983
37	77
37	490
37	509
37	678
37	752
37	844
37	885
38	296
38	429
38	443
38	579
38	598
38	647
38	908
39	118
39	387
39	424
39	699
39	747
39	922
39	974
40	298
40	746
40	776
40	853
40	917
40	928
40	997
41	224
41	358
41	454
41	800
41	858
41	936
41	946
42	374
42	774
42	785
42	795
42	819
42	885
42	968
43	220
43	253
43	713
43	812
43	937
43	946
43	979
44	14
44	189
44	244
44	575
44	630
44	915
44	983
45	431
45	734
45	793
45	867
45	930
45	937
45	947
46	252
46	596
46	716
46	765
46	788
46	808
46	854
47	4
47	427
47	642
47	743
47	762
47	768
47	881
48	53
48	404
48	457
48	708
48	753
48	837
48	866
49	2
49	552
49	563
49	570
49	876
49	930
49	992
50	172
50	549
50	665
50	955
50	958
50	979
50	993
51	119
51	373
51	376
51	768
51	893
51	930
51	947
52	198
52	497
52	796
52	843
52	873
52	962
52	999
53	48
53	446
53	490
53	762
53	811
53	835
53	958
54	737
54	770
54	878
54	889
54	952
54	967
54	997
55	692
55	841
55	876
55	886
55	924
55	932
55	968
56	202
56	493
56	659
56	682
56	878
56	922
56	980
57	464
57	624
57	696
57	717
57	757
57	855
57	984
58	324
58	545
58	681
58	801
58	839
58	931
58	981
59	70
59	479
59	552
59	584
59	710
59	773
59	943
60	474
60	787
60	945
60	947
60	961
60	987
60	988
61	99
61	360
61	634
61	870
61	945
61	954
61	987
62	101
62	151
62	470
62	828
62	930
62	988
62	990
63	426
63	618
63	717
63	751
63	886
63	979
63	993
64	174
64	358
64	718
64	776
64	813
64	925
64	985
65	84
65	278
65	664
65	815
65	857
65	882
65	997
66	182
66	386
66	588
66	944
66	950
66	975
66	990
67	147
67	526
67	758
67	853
67	874
67	878
67	936
68	218
68	452
68	510
68	740
68	897
68	931
68	981
69	275
69	605
69	761
69	765
69	770
69	894
69	997
70	59
70	576
70	617
70	739
70	774
70	986
70	991
71	319
71	494
71	553
71	715
71	802
71	929
71	952
72	232
72	702
72	845
72	905
72	913
72	931
72	949
73	161
73	348
73	687
73	707
73	726
73	776
73	940
74	130
74	346
74	554
74	562
74	775
74	887
74	948
75	376
75	409
75	544
75	662
75	727
75	815
75	970
76	396
76	685
76	762
76	768
76	912
76	915
76	988
77	37
77	112
77	201
77	459
77	623
77	923
77	996
78	286
78	332
78	646
78	877
78	886
78	904
78	967
79	112
79	241
79	779
79	847
79	885
79	924
79	970
80	96
80	185
80	363
80	684
80	687
80	920
80	969
81	225
81	293
81	322
81	565
81	789
81	809
81	889
82	121
82	473
82	478
82	649
82	736
82	811
82	957
83	172
83	359
83	407
83	636
83	642
83	768
83	915
84	65
84	350
84	387
84	665
84	778
84	868
84	984
85	378
85	486
85	585
85	907
85	924
85	971
85	999
86	467
86	666
86	678
86	695
86	806
86	907
86	976
87	209
87	553
87	646
87	683
87	804
87	929
87	989
88	14
88	439
88	443
88	562
88	646
88	927
88	988
89	316
89	365
89	480
89	828
89	859
89	874
89	925
90	486
90	765
90	775
90	892
90	930
90	961
90	988
91	316
91	322
91	444
91	718
91	889
91	909
91	934
92	393
92	555
92	784
92	792
92	855
92	930
92	969
93	690
93	728
93	750
93	784
93	890
93	920
93	969
94	180
94	279
94	324
94	600
94	708
94	875
94	983
95	138
95	603
95	681
95	842
95	936
95	944
95	990
96	80
96	199
96	789
96	884
96	887
96	950
96	985
97	157
97	465
97	515
97	596
97	759
97	900
97	918
98	229
98	552
98	691
98	788
98	890
98	908
98	976
99	61
99	156
99	267
99	276
99	389
99	714
99	904
100	14
100	412
100	450
100	856
100	906
100	953
100	984
101	62
101	266
101	750
101	870
101	939
101	963
101	993
102	581
102	855
102	858
102	864
102	865
102	941
102	952
103	568
103	607
103	839
103	931
103	956
103	973
103	989
104	419
104	497
104	593
104	828
104	837
104	887
104	902
105	268
105	291
105	472
105	649
105	688
105	981
105	995
106	669
106	704
106	856
106	868
106	960
106	966
106	985
107	6
107	148
107	170
107	395
107	636
107	866
107	971
108	2
108	21
108	182
108	795
108	819
108	939
108	973
109	26
109	251
109	252
109	314
109	694
109	833
109	926
110	360
110	375
110	637
110	674
110	728
110	886
110	922
111	300
111	396
111	617
111	699
111	888
111	941
111	995
112	77
112	79
112	344
112	407
112	713
112	765
112	854
113	271
113	396
113	621
113	633
113	664
113	787
113	981
114	208
114	708
114	786
114	815
114	825
114	945
114	974
115	607
115	631
115	712
115	769
115	806
115	897
115	907
116	416
116	748
116	834
116	876
116	905
116	958
116	968
117	606
117	905
117	940
117	959
117	978
117	986
117	987
118	39
118	651
118	727
118	791
118	891
118	934
118	957
119	51
119	380
119	510
119	821
119	829
119	830
119	983
120	285
120	379
120	406
120	731
120	850
120	882
120	997
121	6
121	82
121	201
121	702
121	726
121	829
121	914
122	784
122	816
122	830
122	877
122	904
122	978
122	982
123	427
123	542
123	652
123	743
123	762
123	848
123	929
124	356
124	654
124	683
124	853
124	925
124	951
124	967
125	288
125	536
125	538
125	556
125	841
125	856
125	911
126	200
126	702
126	804
126	850
126	934
126	957
126	987
126	992
127	490
127	513
127	634
127	680
127	821
127	879
127	914
127	955
128	296
128	538
128	560
128	675
128	689
128	869
128	978
128	991
129	517
129	525
129	527
129	536
129	893
129	939
129	951
129	965
130	74
130	625
130	868
130	877
130	928
130	929
130	960
130	973
131	445
131	771
131	822
131	933
131	963
131	979
131	993
131	994
132	341
132	749
132	880
132	907
132	912
132	945
132	973
132	984
133	275
133	297
133	548
133	567
133	746
133	780
133	823
133	884
134	23
134	321
134	400
134	468
134	725
134	931
134	956
134	981
135	191
135	385
135	390
135	456
135	554
135	636
135	888
135	961
136	389
136	411
136	502
136	642
136	763
136	864
136	884
136	908
137	592
137	798
137	822
137	832
137	871
137	905
137	938
137	964
138	95
138	250
138	381
138	512
138	601
138	783
138	887
138	980
139	269
139	285
139	600
139	783
139	845
139	863
139	866
139	905
140	439
140	441
140	604
140	669
140	825
140	928
140	946
140	975
141	380
141	593
141	620
141	657
141	668
141	837
141	919
141	929
142	428
142	748
142	842
142	897
142	902
142	918
142	930
142	964
143	164
143	665
143	794
143	931
143	932
143	956
143	973
143	981
144	596
144	652
144	661
144	703
144	777
144	933
144	939
144	994
145	27
145	175
145	202
145	269
145	415
145	696
145	894
145	900
146	162
146	255
146	534
146	647
146	756
146	791
146	922
146	982
147	67
147	507
147	526
147	682
147	769
147	833
147	892
147	997
148	6
148	107
148	394
148	551
148	671
148	733
148	798
148	947
149	25
149	370
149	515
149	677
149	708
149	875
149	983
149	997
150	388
150	691
150	760
150	767
150	813
150	876
150	890
150	985
151	62
151	198
151	645
151	872
151	947
151	964
151	988
151	991
152	9
152	695
152	775
152	867
152	924
152	945
152	958
152	970
153	497
153	728
153	822
153	824
153	860
153	878
153	900
153	997
154	300
154	578
154	595
154	747
154	858
154	941
154	991
154	995
155	352
155	397
155	491
155	677
155	794
155	906
155	921
155	987
156	99
156	251
156	318
156	322
156	534
156	925
156	974
156	978
157	97
157	238
157	455
157	585
157	651
157	859
157	961
157	964
158	250
158	310
158	434
158	655
158	822
158	840
158	980
158	993
159	424
159	437
159	648
159	773
159	819
159	830
159	946
159	989
160	462
160	524
160	536
160	727
160	890
160	895
160	937
160	978
161	73
161	471
161	479
161	570
161	807
161	892
161	932
161	935
162	146
162	197
162	231
162	511
162	518
162	585
162	954
162	992
163	584
163	601
163	624
163	753
163	766
163	799
163	930
163	969
164	143
164	200
164	540
164	560
164	883
164	951
164	980
164	987
165	394
165	457
165	506
165	701
165	887
165	936
165	944
165	990
166	253
166	406
166	547
166	714
166	730
166	876
166	932
166	970
167	11
167	197
167	338
167	542
167	826
167	861
167	890
167	952
168	316
168	584
168	698
168	734
168	761
168	784
168	821
168	969
169	258
169	623
169	703
169	748
169	774
169	862
169	973
169	989
170	107
170	299
170	697
170	781
170	849
170	881
170	912
170	931
171	180
171	330
171	355
171	383
171	673
171	884
171	985
171	989
172	50
172	83
172	322
172	409
172	574
172	690
172	711
172	995
173	188
173	538
173	542
173	671
173	844
173	948
173	994
173	999
174	64
174	383
174	552
174	803
174	908
174	938
174	953
174	985
175	145
175	433
175	523
175	744
175	796
175	883
175	894
175	900
176	347
176	452
176	482
176	560
176	640
176	793
176	845
176	977
177	225
177	241
177	281
177	690
177	711
177	809
177	889
177	980
178	787
178	889
178	903
178	907
178	936
178	950
178	990
178	994
179	424
179	441
179	572
179	627
179	667
179	681
179	894
179	900
180	94
180	171
180	219
180	276
180	317
180	853
180	967
180	999
181	341
181	514
181	558
181	781
181	837
181	885
181	923
181	993
182	66
182	108
182	338
182	512
182	766
182	858
182	985
182	995
183	567
183	620
183	791
183	828
183	854
183	934
183	957
183	983
184	446
184	521
184	655
184	793
184	855
184	860
184	968
184	997
185	80
185	369
185	555
185	607
185	667
185	919
185	972
185	995
186	418
186	690
186	806
186	892
186	906
186	921
186	953
186	975
187	431
187	562
187	595
187	750
187	901
187	916
187	972
187	998
188	173
188	392
188	712
188	715
188	819
188	823
188	878
188	994
189	44
189	196
189	373
189	538
189	558
189	647
189	739
189	997
190	467
190	574
190	668
190	694
190	901
190	949
190	966
190	977
191	16
191	135
191	584
191	617
191	908
191	920
191	939
191	969
192	225
192	321
192	577
192	806
192	895
192	946
192	960
192	976
193	385
193	736
193	886
193	899
193	910
193	959
193	969
193	986
194	688
194	841
194	880
194	883
194	926
194	949
194	950
194	977
195	512
195	544
195	643
195	739
195	784
195	810
195	927
195	939
196	189
196	525
196	766
196	848
196	858
196	864
196	865
196	938
197	162
197	167
197	470
197	836
197	962
197	971
197	980
197	999
198	52
198	151
198	738
198	800
198	842
198	947
198	961
198	988
199	96
199	417
199	734
199	825
199	836
199	868
199	920
199	937
200	126
200	164
200	770
200	878
200	882
200	979
200	985
200	997
201	77
201	121
201	313
201	333
201	405
201	434
201	788
201	923
202	56
202	145
202	335
202	608
202	753
202	894
202	900
202	951
203	295
203	384
203	421
203	552
203	663
203	919
203	946
203	973
204	546
204	873
204	877
204	886
204	898
204	922
204	940
204	964
205	363
205	378
205	614
205	646
205	832
205	922
205	942
205	974
206	388
206	397
206	729
206	777
206	852
206	862
206	918
206	939
207	247
207	299
207	570
207	644
207	758
207	779
207	807
207	957
208	114
208	682
208	738
208	787
208	871
208	878
208	993
208	997
209	87
209	295
209	484
209	580
209	594
209	663
209	862
209	921
210	831
210	868
210	914
210	921
210	937
210	943
210	949
210	960
211	373
211	448
211	500
211	722
211	796
211	842
211	940
211	964
212	577
212	699
212	863
212	924
212	933
212	938
212	963
212	980
213	221
213	417
213	692
213	747
213	779
213	916
213	928
213	966
214	692
214	713
214	850
214	933
214	974
214	979
214	981
214	993
215	382
215	745
215	902
215	911
215	959
215	973
215	978
215	991
216	582
216	702
216	806
216	839
216	871
216	904
216	931
216	981
217	471
217	523
217	749
217	764
217	773
217	833
217	903
217	980
218	68
218	237
218	363
218	676
218	704
218	819
218	920
218	994
219	180
219	242
219	411
219	626
219	749
219	804
219	830
219	983
220	43
220	291
220	519
220	581
220	652
220	707
220	901
220	940
221	213
221	641
221	687
221	732
221	781
221	830
221	875
221	983
222	233
222	365
222	437
222	542
222	703
222	708
222	925
222	973
223	265
223	400
223	568
223	814
223	815
223	857
223	914
223	998
224	41
224	287
224	585
224	868
224	898
224	928
224	966
224	971
225	81
225	177
225	192
225	272
225	800
225	855
225	889
225	976
226	241
226	375
226	759
226	835
226	919
226	929
226	952
226	983
227	314
227	367
227	842
227	850
227	871
227	892
227	941
227	977
228	475
228	565
228	566
228	676
228	677
228	769
228	879
228	992
229	98
229	254
229	520
229	681
229	823
229	898
229	985
229	991
230	357
230	511
230	698
230	812
230	813
230	890
230	976
230	979
231	162
231	323
231	630
231	641
231	817
231	844
231	960
231	994
232	72
232	264
232	445
232	678
232	798
232	908
232	909
232	926
233	222
233	243
233	281
233	517
233	557
233	755
233	873
233	965
234	301
234	330
234	357
234	640
234	690
234	697
234	889
234	929
235	289
235	360
235	376
235	582
235	766
235	801
235	908
235	927
236	709
236	778
236	797
236	858
236	865
236	972
236	979
236	995
237	218
237	557
237	761
237	856
237	920
237	943
237	969
237	997
238	157
238	366
238	531
238	814
238	842
238	852
238	964
238	981
239	516
239	520
239	810
239	823
239	911
239	968
239	981
239	999
240	738
240	759
240	785
240	839
240	894
240	900
240	969
240	999
241	79
241	177
241	226
241	509
241	792
241	866
241	958
241	968
242	219
242	518
242	602
242	611
242	679
242	711
242	754
242	921
243	233
243	250
243	277
243	346
243	505
243	640
243	902
243	925
244	44
244	464
244	679
244	809
244	832
244	943
244	980
244	984
245	304
245	512
245	798
245	828
245	871
245	926
245	949
245	997
246	309
246	635
246	828
246	916
246	942
246	947
246	965
246	980
247	207
247	267
247	315
247	517
247	724
247	786
247	810
247	879
248	355
248	381
248	781
248	805
248	865
248	941
248	943
248	980
249	264
249	636
249	695
249	700
249	705
249	746
249	915
249	938
250	138
250	158
250	243
250	311
250	362
250	498
250	640
250	880
251	109
251	156
251	462
251	541
251	686
251	824
251	850
251	851
251	977
252	17
252	46
252	109
252	707
252	768
252	835
252	840
252	953
252	982
253	43
253	166
253	262
253	342
253	435
253	845
253	946
253	960
253	966
254	229
254	567
254	664
254	684
254	732
254	789
254	917
254	938
254	976
255	146
255	320
255	547
255	566
255	643
255	698
255	722
255	911
255	919
256	35
256	576
256	737
256	742
256	762
256	770
256	803
256	988
256	997
257	259
257	549
257	727
257	801
257	815
257	898
257	916
257	948
257	996
258	169
258	391
258	616
258	777
258	869
258	911
258	927
258	932
258	992
259	257
259	359
259	399
259	550
259	768
259	811
259	840
259	929
259	956
260	300
260	527
260	537
260	756
260	773
260	892
260	927
260	942
260	961
261	716
261	774
261	877
261	881
261	903
261	936
261	944
261	951
261	990
262	253
262	714
262	752
262	836
262	843
262	962
262	967
262	971
262	976
263	283
263	301
263	600
263	639
263	690
263	691
263	711
263	758
263	889
264	232
264	249
264	569
264	600
264	601
264	687
264	775
264	869
264	902
265	223
265	388
265	678
265	751
265	796
265	918
265	949
265	964
265	981
266	101
266	377
266	461
266	575
266	647
266	697
266	810
266	918
266	927
267	99
267	247
267	268
267	489
267	557
267	602
267	724
267	730
267	921
268	105
268	267
268	372
268	380
268	383
268	635
268	643
268	681
268	789
269	139
269	145
269	514
269	549
269	727
269	863
269	932
269	939
269	967
270	287
270	612
270	797
270	837
270	864
270	865
270	957
270	980
270	995
271	28
271	113
271	317
271	364
271	398
271	714
271	735
271	824
271	935
272	225
272	500
272	709
272	711
272	878
272	889
272	891
272	895
272	943
273	427
273	535
273	559
273	567
273	721
273	777
273	978
273	986
273	999
274	458
274	473
274	510
274	588
274	865
274	915
274	939
274	956
274	981
275	69
275	133
275	624
275	728
275	741
275	770
275	804
275	827
275	997
276	99
276	180
276	578
276	792
276	840
276	894
276	930
276	962
276	999
277	243
277	593
277	634
277	782
277	799
277	817
277	909
277	948
277	994
278	65
278	287
278	307
278	751
278	804
278	827
278	910
278	978
278	980
279	94
279	321
279	613
279	719
279	726
279	851
279	866
279	934
279	957
280	600
280	625
280	787
280	790
280	933
280	939
280	979
280	993
280	1000
281	177
281	233
281	517
281	676
281	693
281	724
281	784
281	931
281	996
282	13
282	374
282	376
282	568
282	616
282	633
282	735
282	811
282	889
283	263
283	498
283	685
283	792
283	811
283	831
283	835
283	845
283	915
284	538
284	718
284	738
284	759
284	882
284	888
284	894
284	900
284	963
285	5
285	120
285	139
285	676
285	851
285	865
285	873
285	941
285	995
286	78
286	442
286	564
286	679
286	688
286	727
286	930
286	953
286	984
287	224
287	270
287	278
287	578
287	706
287	766
287	795
287	873
287	927
288	125
288	374
288	411
288	537
288	575
288	647
288	864
288	911
288	931
289	235
289	490
289	598
289	739
289	846
289	853
289	871
289	908
289	976
290	303
290	310
290	557
290	602
290	755
290	821
290	879
290	944
290	960
291	105
291	220
291	335
291	541
291	710
291	843
291	890
291	971
291	999
292	295
292	407
292	560
292	700
292	720
292	820
292	958
292	968
292	970
293	81
293	294
293	400
293	444
293	476
293	603
293	704
293	732
293	827
294	293
294	336
294	358
294	500
294	617
294	652
294	690
294	718
294	967
295	203
295	209
295	292
295	374
295	594
295	624
295	826
295	883
295	952
296	38
296	128
296	440
296	596
296	777
296	863
296	936
296	963
296	970
297	133
297	543
297	627
297	715
297	844
297	895
297	922
297	990
297	994
298	1
298	40
298	389
298	527
298	633
298	635
298	645
298	789
298	912
299	170
299	207
299	331
299	520
299	697
299	778
299	901
299	923
299	996
300	111
300	154
300	260
300	340
300	653
300	768
300	873
300	965
300	995
301	234
301	263
301	488
301	650
301	671
301	711
301	718
301	818
301	889
302	34
302	369
302	444
302	667
302	677
302	784
302	920
302	953
302	969
303	290
303	475
303	535
303	576
303	924
303	928
303	947
303	961
303	988
304	8
304	245
304	515
304	769
304	799
304	879
304	891
304	961
304	988
305	326
305	685
305	734
305	743
305	835
305	874
305	875
305	886
305	915
306	520
306	613
306	855
306	856
306	908
306	948
306	975
306	984
306	998
307	278
307	539
307	582
307	802
307	910
307	973
307	978
307	986
307	991
308	521
308	691
308	732
308	919
308	939
308	968
308	969
308	979
308	995
309	246
309	348
309	652
309	729
309	748
309	831
309	869
309	942
309	961
310	158
310	290
310	446
310	463
310	623
310	649
310	713
310	963
310	979
311	250
311	367
311	436
311	530
311	741
311	860
311	902
311	930
311	961
312	435
312	491
312	598
312	658
312	847
312	896
312	944
312	998
312	999
313	201
313	331
313	769
313	818
313	870
313	907
313	978
313	986
313	991
314	109
314	227
314	532
314	590
314	845
314	851
314	949
314	956
314	981
315	247
315	494
315	539
315	844
315	898
315	929
315	948
315	974
315	994
316	89
316	91
316	168
316	404
316	771
316	830
316	867
316	875
316	983
317	180
317	271
317	441
317	513
317	845
317	909
317	926
317	949
317	987
318	156
318	378
318	442
318	597
318	661
318	877
318	910
318	936
318	982
319	71
319	404
319	410
319	523
319	606
319	782
319	816
319	817
319	994
320	255
320	334
320	616
320	832
320	845
320	869
320	909
320	949
320	977
321	134
321	192
321	279
321	353
321	481
321	555
321	566
321	895
321	973
322	81
322	91
322	156
322	172
322	400
322	545
322	746
322	940
322	965
323	21
323	231
323	734
323	741
323	753
323	763
323	769
323	969
323	972
324	58
324	94
324	619
324	687
324	767
324	922
324	925
324	937
324	983
325	732
325	823
325	853
325	875
325	962
325	967
325	971
325	991
325	999
326	305
326	571
326	609
326	754
326	761
326	856
326	906
326	982
326	988
327	507
327	547
327	618
327	666
327	681
327	776
327	780
327	908
327	938
328	507
328	586
328	689
328	693
328	789
328	807
328	888
328	889
328	917
329	340
329	401
329	629
329	724
329	806
329	895
329	907
329	924
329	976
330	171
330	234
330	336
330	371
330	372
330	500
330	638
330	718
330	889
331	299
331	313
331	431
331	476
331	679
331	885
331	905
331	923
331	935
332	28
332	78
332	419
332	482
332	534
332	601
332	694
332	702
332	837
333	201
333	541
333	670
333	737
333	752
333	753
333	785
333	881
333	928
334	320
334	486
334	603
334	701
334	804
334	872
334	903
334	950
334	990
335	202
335	291
335	405
335	422
335	541
335	627
335	759
335	889
335	894
336	294
336	330
336	342
336	345
336	400
336	889
336	893
336	898
336	960
337	6
337	447
337	506
337	534
337	622
337	640
337	707
337	902
337	982
338	167
338	182
338	434
338	528
338	675
338	816
338	911
338	929
338	952
339	583
339	605
339	660
339	661
339	789
339	865
339	888
339	917
339	974
340	3
340	300
340	329
340	632
340	726
340	736
340	773
340	829
340	891
341	132
341	181
341	437
341	648
341	771
341	775
341	790
341	812
341	983
342	253
342	336
342	409
342	500
342	643
342	655
342	690
342	829
342	994
343	17
343	345
343	386
343	585
343	782
343	938
343	948
343	973
343	994
344	112
344	437
344	569
344	594
344	618
344	735
344	832
344	840
344	854
345	336
345	343
345	592
345	707
345	825
345	854
345	883
345	892
345	987
346	6
346	74
346	243
346	353
346	671
346	723
346	865
346	903
346	924
347	176
347	362
347	541
347	627
347	644
347	759
347	868
347	900
347	988
348	73
348	309
348	563
348	902
348	914
348	940
348	965
348	982
348	987
349	360
349	382
349	438
349	599
349	637
349	686
349	874
349	904
349	945
350	84
350	493
350	825
350	859
350	943
350	946
350	958
350	968
350	970
351	530
351	620
351	638
351	675
351	758
351	798
351	826
351	888
351	979
352	155
352	593
352	683
352	716
352	816
352	945
352	948
352	965
352	994
353	321
353	346
353	365
353	529
353	757
353	813
353	890
353	952
353	976
354	422
354	485
354	745
354	919
354	929
354	950
354	952
354	986
354	1000
355	171
355	248
355	531
355	835
355	940
355	942
355	967
355	968
355	980
356	124
356	463
356	527
356	654
356	724
356	950
356	962
356	967
356	999
357	230
357	234
357	380
357	479
357	658
357	686
357	977
357	980
357	987
358	41
358	64
358	294
358	653
358	733
358	884
358	913
358	917
358	938
359	83
359	259
359	407
359	477
359	503
359	581
359	840
359	898
359	925
359	946
360	61
360	110
360	235
360	349
360	700
360	731
360	769
360	904
360	930
360	974
361	370
361	461
361	609
361	666
361	728
361	851
361	871
361	926
361	949
361	977
362	250
362	347
362	403
362	592
362	738
362	744
362	780
362	900
362	941
362	953
363	80
363	205
363	218
363	397
363	670
363	674
363	709
363	746
363	845
363	906
364	12
364	271
364	460
364	479
364	718
364	872
364	905
364	913
364	926
364	990
365	89
365	222
365	353
365	388
365	677
365	804
365	875
365	935
365	983
365	999
366	238
366	376
366	550
366	685
366	743
366	769
366	811
366	835
366	933
366	995
367	227
367	311
367	570
367	618
367	760
367	764
367	766
367	821
367	852
367	998
368	383
368	634
368	691
368	766
368	843
368	865
368	873
368	941
368	985
368	995
369	185
369	302
369	709
369	784
369	824
369	865
369	960
369	967
369	969
369	973
370	149
370	361
370	617
370	701
370	869
370	899
370	965
370	978
370	980
370	991
371	330
371	461
371	465
371	483
371	586
371	597
371	911
371	927
371	964
371	992
372	268
372	330
372	401
372	772
372	867
372	932
372	958
372	968
372	970
372	976
373	51
373	189
373	211
373	493
373	605
373	796
373	852
373	918
373	940
373	964
374	42
374	282
374	288
374	295
374	389
374	599
374	634
374	904
374	945
374	982
375	110
375	226
375	395
375	485
375	638
375	798
375	919
375	920
375	929
375	976
376	51
376	75
376	235
376	282
376	366
376	598
376	735
376	845
376	908
376	967
377	266
377	645
377	657
377	812
377	862
377	874
377	886
377	960
377	963
377	966
378	18
378	85
378	205
378	318
378	826
378	904
378	940
378	974
378	982
378	989
379	120
379	441
379	524
379	633
379	650
379	728
379	882
379	952
379	981
379	997
380	119
380	141
380	268
380	357
380	496
380	831
380	875
380	925
380	983
380	995
381	138
381	248
381	401
381	625
381	828
381	840
381	891
381	957
381	974
381	992
382	215
382	349
382	503
382	675
382	836
382	839
382	962
382	967
382	971
382	999
383	171
383	174
383	268
383	368
383	705
383	893
383	917
383	947
383	955
383	968
384	203
384	437
384	450
384	477
384	548
384	600
384	620
384	929
384	952
384	990
385	135
385	193
385	535
385	660
385	776
385	805
385	823
385	947
385	985
385	988
386	66
386	343
386	551
386	641
386	799
386	800
386	816
386	821
386	948
386	994
387	39
387	84
387	532
387	568
387	610
387	712
387	778
387	796
387	956
387	981
388	150
388	206
388	265
388	365
388	653
388	724
388	729
388	748
388	964
388	991
389	99
389	136
389	298
389	374
389	495
389	697
389	705
389	792
389	959
389	985
390	135
390	428
390	640
390	805
390	811
390	940
390	949
390	951
390	961
390	980
391	258
391	538
391	616
391	631
391	643
391	739
391	767
391	943
391	991
391	993
392	188
392	551
392	750
392	775
392	799
392	817
392	844
392	945
392	948
392	994
393	92
393	465
393	577
393	670
393	822
393	846
393	933
393	939
393	966
393	979
394	148
394	165
394	534
394	603
394	765
394	800
394	812
394	825
394	928
394	946
395	30
395	107
395	375
395	506
395	772
395	942
395	962
395	967
395	971
395	999
396	76
396	111
396	113
396	512
396	741
396	797
396	869
396	885
396	941
396	995
397	31
397	155
397	206
397	363
397	794
397	848
397	903
397	921
397	989
397	995
398	271
398	542
398	771
398	790
398	833
398	851
398	914
398	934
398	964
398	973
399	259
399	585
399	712
399	763
399	816
399	914
399	934
399	954
399	983
399	992
400	134
400	223
400	293
400	322
400	336
400	500
400	690
400	847
400	850
400	990
401	13
401	329
401	372
401	381
401	569
401	891
401	939
401	954
401	971
401	992
402	431
402	533
402	691
402	706
402	752
402	881
402	885
402	923
402	928
402	966
403	22
403	362
403	572
403	759
403	894
403	900
403	919
403	934
403	978
403	992
404	48
404	316
404	319
404	423
404	714
404	733
404	775
404	885
404	898
404	902
405	201
405	335
405	503
405	528
405	781
405	851
405	875
405	881
405	885
405	923
406	120
406	166
406	508
406	803
406	867
406	920
406	924
406	932
406	944
406	970
407	83
407	112
407	292
407	359
407	788
407	827
407	854
407	915
407	975
407	989
408	484
408	583
408	687
408	692
408	753
408	778
408	788
408	804
408	875
408	925
409	32
409	75
409	172
409	342
409	444
409	468
409	718
409	871
409	889
409	984
410	319
410	604
410	756
410	816
410	817
410	826
410	870
410	948
410	976
410	994
411	136
411	219
411	288
411	417
411	419
411	859
411	876
411	958
411	968
411	970
412	100
412	421
412	723
412	849
412	879
412	882
412	887
412	936
412	950
412	990
413	633
413	642
413	710
413	735
413	923
413	938
413	962
413	967
413	971
413	999
414	436
414	565
414	602
414	688
414	712
414	724
414	731
414	879
414	896
414	956
415	6
415	145
415	698
415	792
415	836
415	905
415	916
415	962
415	967
415	971
416	116
416	506
416	678
416	688
416	707
416	865
416	873
416	941
416	976
416	995
417	199
417	213
417	411
417	669
417	680
417	792
417	802
417	822
417	946
417	966
418	186
418	598
418	729
418	751
418	762
418	796
418	842
418	865
418	869
418	964
419	104
419	332
419	411
419	426
419	583
419	640
419	710
419	755
419	807
419	902
420	425
420	457
420	624
420	646
420	714
420	723
420	778
420	880
420	935
420	956
421	203
421	412
421	665
421	784
421	828
421	849
421	881
421	944
421	950
421	990
422	335
422	354
422	640
422	807
422	808
422	818
422	910
422	959
422	986
422	991
423	404
423	573
423	613
423	614
423	835
423	859
423	932
423	963
423	968
423	970
424	39
424	159
424	179
424	441
424	470
424	791
424	877
424	894
424	945
424	982
425	420
425	454
425	558
425	614
425	785
425	794
425	881
425	885
425	923
425	972
425	998
426	63
426	419
426	549
426	649
426	777
426	863
426	902
426	936
426	938
426	963
426	993
427	47
427	123
427	273
427	470
427	504
427	599
427	765
427	840
427	903
427	913
427	915
428	142
428	390
428	531
428	539
428	549
428	707
428	779
428	881
428	943
428	980
428	987
429	38
429	436
429	457
429	582
429	734
429	740
429	821
429	861
429	931
429	956
429	981
430	540
430	670
430	673
430	693
430	704
430	729
430	761
430	844
430	920
430	958
430	969
431	20
431	45
431	187
431	331
431	402
431	752
431	781
431	881
431	896
431	915
431	992
432	498
432	529
432	567
432	658
432	680
432	861
432	904
432	926
432	996
432	997
432	998
433	175
433	529
433	593
433	613
433	834
433	840
433	876
433	924
433	932
433	970
433	974
434	158
434	201
434	338
434	632
434	732
434	839
434	933
434	939
434	963
434	974
434	979
435	253
435	312
435	592
435	775
435	812
435	831
435	862
435	899
435	910
435	935
435	937
436	311
436	414
436	429
436	445
436	563
436	619
436	665
436	800
436	931
436	956
436	981
437	159
437	222
437	341
437	344
437	384
437	514
437	614
437	635
437	648
437	857
437	989
438	349
438	507
438	554
438	650
438	681
438	758
438	793
438	801
438	814
438	815
438	884
439	88
439	140
439	463
439	537
439	557
439	676
439	730
439	755
439	879
439	955
439	977
440	296
440	469
440	603
440	624
440	693
440	734
440	765
440	854
440	893
440	947
440	988
441	21
441	140
441	179
441	317
441	379
441	424
441	592
441	832
441	909
441	948
441	977
442	286
442	318
442	559
442	607
442	720
442	789
442	868
442	881
442	894
442	986
442	991
443	38
443	88
443	520
443	647
443	701
443	706
443	878
443	885
443	908
443	911
443	996
444	91
444	293
444	302
444	409
444	476
444	548
444	690
444	711
444	740
444	758
444	978
445	131
445	232
445	436
445	480
445	740
445	839
445	956
445	963
445	974
445	976
445	981
446	53
446	184
446	310
446	457
446	460
446	635
446	681
446	776
446	780
446	823
446	985
447	337
447	575
447	603
447	666
447	849
447	878
447	903
447	936
447	943
447	950
447	990
448	211
448	472
448	687
448	786
448	877
448	886
448	945
448	963
448	982
448	988
448	998
449	34
449	629
449	660
449	661
449	681
449	705
449	709
449	790
449	855
449	884
449	906
450	100
450	384
450	559
450	715
450	737
450	764
450	821
450	874
450	914
450	965
450	972
451	478
451	503
451	515
451	570
451	729
451	852
451	900
451	918
451	938
451	952
451	964
452	68
452	176
452	486
452	592
452	695
452	813
452	851
452	909
452	949
452	952
452	977
453	560
453	607
453	720
453	754
453	765
453	801
453	899
453	928
453	959
453	964
453	991
454	16
454	41
454	425
454	670
454	704
454	709
454	719
454	784
454	840
454	887
454	969
455	157
455	471
455	608
455	645
455	656
455	748
455	760
455	796
455	885
455	918
455	964
456	135
456	478
456	510
456	520
456	549
456	658
456	702
456	736
456	891
456	923
456	957
457	48
457	165
457	420
457	429
457	446
457	662
457	736
457	785
457	837
457	880
457	935
458	274
458	524
458	545
458	561
458	708
458	714
458	719
458	825
458	862
458	928
458	960
459	77
459	537
459	694
459	785
459	832
459	841
459	850
459	868
459	871
459	904
459	909
460	364
460	446
460	495
460	610
460	740
460	866
460	880
460	895
460	905
460	913
460	921
461	266
461	361
461	371
461	508
461	520
461	560
461	575
461	586
461	751
461	793
461	911
462	160
462	251
462	552
462	662
462	678
462	691
462	712
462	777
462	806
462	862
462	939
463	310
463	356
463	439
463	481
463	691
463	724
463	730
463	731
463	755
463	879
463	982
464	57
464	244
464	509
464	835
464	926
464	943
464	965
464	980
464	987
464	997
464	998
465	97
465	371
465	393
465	522
465	645
465	763
465	772
465	829
465	940
465	957
465	992
466	2
466	649
466	667
466	676
466	689
466	722
466	733
466	821
466	838
466	972
466	996
467	86
467	190
467	491
467	532
467	574
467	648
467	663
467	928
467	973
467	989
467	995
468	134
468	409
468	651
468	657
468	822
468	863
468	898
468	924
468	939
468	963
468	999
469	440
469	528
469	581
469	611
469	715
469	759
469	805
469	809
469	942
469	965
469	980
470	62
470	197
470	424
470	427
470	491
470	599
470	756
470	836
470	857
470	922
470	982
471	161
471	217
471	455
471	614
471	652
471	848
471	871
471	927
471	940
471	965
471	996
472	105
472	448
472	622
472	639
472	744
472	877
472	893
472	922
472	974
472	981
472	982
473	82
473	274
473	510
473	662
473	725
473	728
473	875
473	918
473	931
473	956
473	981
474	17
474	60
474	526
474	729
474	734
474	781
474	799
474	834
474	961
474	968
474	988
475	228
475	303
475	724
475	730
475	755
475	809
475	849
475	879
475	895
475	948
475	971
476	33
476	293
476	331
476	444
476	692
476	733
476	793
476	848
476	860
476	953
476	973
477	359
477	384
477	594
477	826
477	881
477	919
477	940
477	952
477	974
477	978
477	989
478	82
478	451
478	456
478	518
478	692
478	702
478	719
478	796
478	891
478	957
478	992
479	59
479	161
479	357
479	364
479	534
479	652
479	787
479	845
479	855
479	912
479	980
480	89
480	445
480	523
480	725
480	739
480	740
480	834
480	863
480	953
480	956
480	981
481	321
481	463
481	529
481	695
481	762
481	774
481	813
481	881
481	899
481	907
481	976
482	176
482	332
482	686
482	814
482	832
482	850
482	926
482	941
482	949
482	963
482	977
483	1
483	371
483	516
483	643
483	722
483	737
483	817
483	883
483	887
483	927
483	984
484	209
484	408
484	584
484	719
484	763
484	828
484	829
484	846
484	950
484	957
484	992
485	354
485	375
485	620
485	688
485	843
485	919
485	952
485	974
485	990
485	996
485	1000
486	85
486	90
486	334
486	452
486	738
486	768
486	843
486	962
486	967
486	971
486	999
487	630
487	808
487	892
487	903
487	936
487	944
487	950
487	958
487	960
487	978
487	990
488	1
488	301
488	693
488	696
488	769
488	825
488	893
488	894
488	935
488	947
488	988
489	267
489	511
489	774
489	846
489	857
489	866
489	912
489	938
489	970
489	972
489	973
489	989
490	37
490	53
490	127
490	289
490	521
490	697
490	781
490	785
490	787
490	869
490	881
490	923
491	155
491	312
491	467
491	470
491	507
491	597
491	643
491	771
491	795
491	833
491	857
491	989
492	28
492	514
492	562
492	827
492	859
492	861
492	899
492	910
492	959
492	975
492	986
492	991
493	56
493	350
493	373
493	506
493	676
493	924
493	932
493	958
493	968
493	970
493	975
493	980
494	71
494	315
494	515
494	625
494	729
494	748
494	751
494	831
494	863
494	918
494	964
494	979
495	13
495	389
495	460
495	626
495	627
495	650
495	660
495	754
495	780
495	874
495	938
495	985
496	380
496	532
496	626
496	649
496	707
496	788
496	800
496	804
496	858
496	925
496	958
496	983
497	52
497	104
497	153
497	524
497	576
497	581
497	629
497	728
497	787
497	878
497	882
497	910
498	250
498	283
498	432
498	762
498	791
498	811
498	840
498	854
498	915
498	936
498	966
498	987
499	730
499	734
499	747
499	753
499	850
499	916
499	930
499	947
499	961
499	979
499	984
499	988
500	211
500	272
500	294
500	330
500	342
500	400
500	805
500	889
500	959
500	961
500	962
500	971
501	605
501	615
501	686
501	704
501	725
501	849
501	859
501	879
501	936
501	944
501	950
501	990
502	136
502	517
502	673
502	705
502	789
502	853
502	889
502	917
502	933
502	938
502	943
502	944
503	3
503	359
503	382
503	405
503	451
503	599
503	786
503	904
503	970
503	974
503	982
503	991
504	427
504	550
504	612
504	638
504	716
504	743
504	811
504	915
504	950
504	955
504	970
504	989
505	13
505	32
505	243
505	575
505	586
505	616
505	810
505	845
505	911
505	934
505	949
505	952
506	165
506	337
506	395
506	416
506	493
506	546
506	612
506	666
506	786
506	877
506	918
506	996
507	147
507	327
507	328
507	438
507	491
507	585
507	673
507	787
507	803
507	823
507	884
507	969
508	406
508	461
508	514
508	570
508	650
508	732
508	777
508	933
508	948
508	979
508	993
508	997
509	37
509	241
509	464
509	588
509	611
509	722
509	729
509	859
509	924
509	932
509	958
509	968
510	68
510	119
510	274
510	456
510	473
510	636
510	778
510	866
510	906
510	931
510	941
510	956
511	162
511	230
511	489
511	585
511	719
511	736
511	747
511	831
511	891
511	954
511	971
511	973
512	138
512	182
512	195
512	245
512	396
512	530
512	688
512	858
512	865
512	912
512	914
512	941
513	127
513	317
513	608
513	661
513	669
513	696
513	811
513	899
513	921
513	953
513	975
513	984
514	29
514	181
514	269
514	437
514	492
514	508
514	651
514	668
514	769
514	863
514	963
514	979
515	97
515	149
515	304
515	451
515	494
515	533
515	556
515	597
515	623
515	842
515	964
515	969
516	239
516	483
516	524
516	547
516	739
516	810
516	813
516	839
516	851
516	906
516	908
516	978
517	129
517	233
517	247
517	281
517	502
517	557
517	565
517	731
517	741
517	779
517	858
517	879
518	25
518	162
518	242
518	478
518	609
518	708
518	770
518	794
518	906
518	953
518	956
518	975
519	220
519	543
519	589
519	604
519	668
519	715
519	789
519	816
519	930
519	945
519	948
519	994
520	229
520	239
520	299
520	306
520	443
520	456
520	461
520	586
520	837
520	880
520	908
520	927
521	184
521	308
521	490
521	628
521	662
521	732
521	780
521	802
521	862
521	933
521	939
521	993
522	465
522	598
522	632
522	719
522	771
522	800
522	906
522	913
522	932
522	934
522	957
522	992
523	175
523	217
523	319
523	480
523	549
523	686
523	892
523	943
523	951
523	963
523	971
523	987
524	160
524	379
524	458
524	497
524	516
524	525
524	583
524	695
524	712
524	890
524	976
524	998
525	129
525	196
525	524
525	537
525	608
525	695
525	806
525	813
525	890
525	907
525	989
525	990
526	67
526	147
526	474
526	572
526	673
526	737
526	742
526	827
526	878
526	949
526	954
526	997
527	129
527	260
527	298
527	356
527	537
527	614
527	810
527	879
527	886
527	894
527	951
527	965
528	338
528	405
528	469
528	536
528	583
528	654
528	741
528	792
528	843
528	967
528	971
528	999
529	19
529	353
529	432
529	433
529	481
529	552
529	691
529	698
529	851
529	918
529	974
529	976
530	23
530	311
530	351
530	512
530	637
530	703
530	752
530	799
530	930
530	947
530	961
530	988
531	238
531	355
531	428
531	689
531	708
531	806
531	816
531	890
531	940
531	942
531	951
531	952
532	314
532	387
532	467
532	496
532	609
532	644
532	699
532	833
532	912
532	973
532	989
532	996
533	402
533	515
533	795
533	796
533	828
533	842
533	852
533	877
533	918
533	963
533	964
533	988
534	146
534	156
534	332
534	337
534	394
534	479
534	587
534	613
534	801
534	805
534	886
534	945
535	273
535	303
535	385
535	693
535	708
535	745
535	799
535	893
535	907
535	922
535	930
535	947
536	125
536	129
536	160
536	528
536	707
536	860
536	883
536	940
536	945
536	949
536	951
536	987
537	260
537	288
537	439
537	459
537	525
537	527
537	701
537	809
537	892
537	956
537	980
537	987
538	14
538	125
538	128
538	173
538	189
538	284
538	391
538	575
538	722
538	885
538	946
538	949
539	307
539	315
539	428
539	593
539	629
539	717
539	727
539	817
539	897
539	948
539	994
539	1000
540	164
540	430
540	574
540	667
540	674
540	761
540	784
540	835
540	847
540	969
540	978
540	985
541	251
541	291
541	333
541	335
541	347
541	595
541	719
541	738
541	744
541	783
541	900
541	1000
542	123
542	167
542	173
542	222
542	398
542	647
542	778
542	793
542	857
542	897
542	973
542	989
543	297
543	519
543	670
543	672
543	689
543	782
543	816
543	948
543	963
543	981
543	994
543	998
544	75
544	195
544	787
544	802
544	824
544	845
544	896
544	914
544	926
544	955
544	975
544	996
545	1
545	58
545	322
545	458
545	610
545	695
545	720
545	725
545	798
545	931
545	956
545	981
546	204
546	506
546	658
546	785
546	886
546	898
546	902
546	904
546	945
546	950
546	958
546	982
547	166
547	255
547	327
547	516
547	556
547	736
547	810
547	885
547	908
547	927
547	940
547	949
547	959
548	133
548	384
548	444
548	751
548	805
548	809
548	826
548	850
548	892
548	942
548	965
548	980
548	987
549	50
549	257
549	269
549	426
549	428
549	456
549	523
549	581
549	858
549	939
549	963
549	979
549	993
550	259
550	366
550	504
550	560
550	628
550	656
550	716
550	719
550	762
550	774
550	805
550	835
550	894
551	148
551	386
551	392
551	554
551	578
551	649
551	797
551	858
551	864
551	865
551	968
551	983
551	995
552	49
552	59
552	98
552	174
552	203
552	462
552	529
552	566
552	678
552	691
552	812
552	893
552	954
553	20
553	71
553	87
553	594
553	683
553	694
553	710
553	758
553	826
553	834
553	862
553	935
553	952
554	74
554	135
554	438
554	551
554	681
554	694
554	746
554	773
554	780
554	865
554	948
554	985
554	998
555	92
555	185
555	321
555	576
555	584
555	665
555	667
555	857
555	871
555	874
555	920
555	962
555	969
556	125
556	515
556	547
556	647
556	716
556	722
556	764
556	810
556	827
556	908
556	927
556	952
556	983
557	233
557	237
557	267
557	290
557	439
557	517
557	575
557	632
557	672
557	738
557	899
557	990
557	992
558	181
558	189
558	425
558	580
558	664
558	785
558	881
558	885
558	889
558	923
558	934
558	941
558	976
559	273
559	442
559	450
559	700
559	714
559	755
559	828
559	870
559	917
559	919
559	959
559	978
559	991
560	128
560	164
560	176
560	292
560	453
560	461
560	550
560	818
560	869
560	908
560	910
560	978
560	986
561	26
561	458
561	659
561	748
561	800
561	838
561	862
561	873
561	905
561	937
561	950
561	960
561	966
562	74
562	88
562	187
562	492
562	714
562	733
562	832
562	866
562	880
562	901
562	913
562	929
562	981
563	49
563	348
563	436
563	603
563	611
563	623
563	815
563	818
563	821
563	824
563	930
563	967
563	1000
564	286
564	636
564	754
564	815
564	847
564	855
564	872
564	974
564	975
564	977
564	980
564	984
564	994
565	81
565	228
565	414
565	517
565	589
565	602
565	730
565	785
565	863
565	879
565	927
565	981
565	986
566	228
566	255
566	321
566	552
566	584
566	695
566	721
566	767
566	789
566	895
566	907
566	911
566	976
567	133
567	183
567	254
567	273
567	432
567	727
567	760
567	810
567	814
567	821
567	901
567	914
567	954
568	1
568	103
568	223
568	282
568	387
568	654
568	735
568	778
568	844
568	928
568	956
568	981
568	987
569	264
569	344
569	401
569	632
569	702
569	754
569	758
569	763
569	797
569	906
569	934
569	954
569	992
570	49
570	161
570	207
570	367
570	451
570	508
570	580
570	677
570	795
570	819
570	946
570	996
570	1000
571	5
571	326
571	594
571	678
571	757
571	848
571	856
571	867
571	872
571	952
571	972
571	984
571	993
572	179
572	403
572	526
572	627
572	738
572	759
572	779
572	881
572	894
572	900
572	921
572	986
572	995
573	7
573	28
573	423
573	643
573	662
573	837
573	847
573	866
573	880
573	912
573	935
573	962
573	978
574	172
574	190
574	467
574	540
574	633
574	634
574	694
574	716
574	798
574	909
574	926
574	959
574	977
575	19
575	44
575	266
575	288
575	447
575	461
575	505
575	538
575	557
575	848
575	893
575	925
575	930
576	36
576	70
576	256
576	303
576	497
576	555
576	659
576	728
576	787
576	820
576	904
576	962
576	997
577	192
577	212
577	393
577	610
577	696
577	805
577	816
577	863
577	882
577	939
577	943
577	979
577	993
578	154
578	276
578	287
578	551
578	588
578	638
578	688
578	706
578	917
578	918
578	941
578	968
578	995
579	38
579	605
579	632
579	663
579	849
579	860
579	892
579	903
579	936
579	939
579	944
579	950
579	990
580	209
580	558
580	570
580	713
580	843
580	874
580	914
580	955
580	972
580	985
580	991
580	998
580	1000
581	102
581	220
581	359
581	469
581	497
581	549
581	753
581	773
581	874
581	940
581	943
581	951
581	980
582	32
582	216
582	235
582	307
582	429
582	627
582	725
582	740
582	803
582	852
582	891
582	959
582	981
583	339
583	408
583	419
583	524
583	528
583	662
583	717
583	775
583	852
583	902
583	905
583	935
583	967
584	59
584	163
584	168
584	191
584	484
584	555
584	566
584	674
584	679
584	704
584	747
584	825
584	969
585	85
585	157
585	162
585	224
585	343
585	399
585	507
585	511
585	763
585	779
585	828
585	839
585	992
586	328
586	371
586	461
586	505
586	520
586	715
586	729
586	735
586	807
586	906
586	911
586	927
586	1000
587	534
587	649
587	766
587	793
587	797
587	864
587	873
587	930
587	936
587	941
587	982
587	995
587	996
588	66
588	274
588	509
588	578
588	594
588	622
588	701
588	702
588	830
588	936
588	944
588	950
588	990
589	519
589	565
589	612
589	677
589	687
589	788
589	804
589	884
589	925
589	931
589	939
589	944
589	983
590	314
590	607
590	752
590	754
590	773
590	777
590	869
590	870
590	910
590	933
590	978
590	986
590	991
591	633
591	637
591	659
591	682
591	728
591	742
591	818
591	882
591	905
591	976
591	983
591	994
591	997
592	137
592	345
592	362
592	435
592	441
592	452
592	697
592	798
592	816
592	841
592	845
592	926
592	933
593	17
593	104
593	141
593	277
593	352
593	433
593	539
593	782
593	817
593	878
593	948
593	983
593	994
594	209
594	295
594	344
594	477
594	553
594	571
594	588
594	663
594	758
594	802
594	940
594	977
594	982
595	154
595	187
595	541
595	621
595	653
595	738
595	744
595	797
595	894
595	900
595	927
595	937
595	998
596	46
596	97
596	144
596	296
596	713
596	732
596	843
596	854
596	875
596	928
596	963
596	979
596	993
597	318
597	371
597	491
597	515
597	625
597	657
597	717
597	808
597	831
597	946
597	956
597	975
597	986
598	38
598	289
598	312
598	376
598	418
598	522
598	627
598	647
598	722
598	908
598	910
598	927
598	971
598	987
599	32
599	349
599	374
599	427
599	470
599	503
599	646
599	742
599	756
599	906
599	908
599	920
599	957
599	982
600	94
600	139
600	263
600	264
600	280
600	384
600	663
600	723
600	739
600	866
600	903
600	905
600	913
600	935
601	138
601	163
601	264
601	332
601	714
601	716
601	783
601	845
601	878
601	902
601	905
601	914
601	962
601	972
602	242
602	267
602	290
602	414
602	565
602	672
602	697
602	730
602	731
602	772
602	876
602	878
602	896
602	965
603	95
603	293
603	334
603	394
603	440
603	447
603	563
603	854
603	868
603	903
603	930
603	944
603	950
603	990
604	140
604	410
604	519
604	629
604	641
604	716
604	746
604	782
604	926
604	945
604	948
604	952
604	979
604	994
605	69
605	339
605	373
605	501
605	579
605	660
605	761
605	810
605	849
605	903
605	909
605	936
605	944
605	990
606	117
606	319
606	733
606	805
606	818
606	827
606	858
606	891
606	899
606	935
606	959
606	978
606	986
606	989
607	103
607	115
607	185
607	442
607	453
607	590
607	820
607	869
607	870
607	894
607	915
607	952
607	959
607	978
608	202
608	455
608	513
608	525
608	631
608	692
608	725
608	793
608	856
608	863
608	872
608	953
608	987
608	995
609	326
609	361
609	518
609	532
609	696
609	735
609	803
609	892
609	905
609	909
609	921
609	953
609	956
609	984
610	387
610	460
610	545
610	577
610	628
610	777
610	792
610	863
610	901
610	933
610	939
610	975
610	976
610	993
611	242
611	469
611	509
611	563
611	782
611	824
611	838
611	846
611	861
611	947
611	958
611	972
611	996
611	998
612	18
612	270
612	504
612	506
612	589
612	818
612	886
612	904
612	922
612	945
612	974
612	982
612	985
612	990
613	279
613	306
613	423
613	433
613	534
613	820
613	833
613	859
613	867
613	880
613	924
613	967
613	968
613	970
614	205
614	423
614	425
614	437
614	471
614	527
614	647
614	686
614	885
614	950
614	951
614	965
614	980
614	987
615	501
615	660
615	794
615	825
615	848
615	868
615	928
615	937
615	942
615	946
615	952
615	960
615	966
615	995
616	258
616	282
616	320
616	391
616	505
616	722
616	735
616	781
616	833
616	911
616	948
616	960
616	989
616	998
617	70
617	111
617	191
617	294
617	370
617	720
617	745
617	802
617	911
617	912
617	959
617	978
617	991
617	997
618	63
618	327
618	344
618	367
618	693
618	716
618	743
618	765
618	768
618	811
618	856
618	880
618	915
618	986
619	324
619	436
619	626
619	677
619	708
619	718
619	767
619	804
619	826
619	830
619	899
619	925
619	934
619	954
620	9
620	141
620	183
620	351
620	384
620	485
620	666
620	667
620	868
620	873
620	919
620	929
620	952
620	970
621	113
621	595
621	627
621	738
621	744
621	759
621	767
621	833
621	894
621	900
621	933
621	947
621	965
621	975
622	3
622	337
622	472
622	588
622	637
622	658
622	659
622	807
622	813
622	921
622	945
622	949
622	974
622	982
623	77
623	169
623	310
623	515
623	563
623	764
623	838
623	874
623	922
623	972
623	973
623	991
623	998
623	1000
624	57
624	163
624	275
624	295
624	420
624	440
624	664
624	741
624	769
624	893
624	926
624	930
624	977
624	988
625	130
625	280
625	381
625	494
625	597
625	760
625	783
625	831
625	923
625	937
625	946
625	960
625	966
625	978
626	219
626	495
626	496
626	619
626	631
626	677
626	737
626	759
626	795
626	830
626	867
626	925
626	944
626	983
627	179
627	297
627	335
627	347
627	495
627	572
627	582
627	598
627	621
627	664
627	744
627	888
627	894
627	934
628	26
628	521
628	550
628	610
628	710
628	713
628	754
628	777
628	822
628	839
628	866
628	925
628	979
628	993
629	329
629	449
629	497
629	539
629	604
629	641
629	644
629	675
629	816
629	834
629	844
629	854
629	948
629	994
630	44
630	231
630	487
630	649
630	791
630	817
630	849
630	865
630	903
630	936
630	944
630	950
630	972
630	990
631	31
631	115
631	391
631	608
631	626
631	635
631	767
631	803
631	823
631	848
631	872
631	921
631	951
631	953
632	340
632	434
632	522
632	557
632	569
632	579
632	643
632	751
632	791
632	864
632	934
632	954
632	988
632	992
633	113
633	282
633	298
633	379
633	413
633	574
633	591
633	692
633	770
633	790
633	878
633	882
633	965
633	997
634	61
634	127
634	277
634	368
634	374
634	574
634	666
634	755
634	786
634	801
634	817
634	911
634	922
634	974
635	246
635	268
635	298
635	437
635	446
635	631
635	660
635	679
635	742
635	785
635	823
635	888
635	938
635	962
636	83
636	107
636	135
636	249
636	510
636	564
636	659
636	728
636	780
636	789
636	794
636	884
636	938
636	985
637	110
637	349
637	530
637	591
637	622
637	641
637	656
637	782
637	821
637	877
637	886
637	945
637	970
637	974
638	330
638	351
638	375
638	504
638	578
638	665
638	683
638	752
638	802
638	826
638	871
638	886
638	919
638	929
638	986
639	263
639	472
639	680
639	755
639	798
639	807
639	829
639	873
639	915
639	916
639	972
639	988
639	996
639	998
639	1000
640	176
640	234
640	243
640	250
640	337
640	390
640	419
640	422
640	644
640	671
640	741
640	837
640	866
640	880
640	905
641	221
641	231
641	386
641	604
641	629
641	637
641	715
641	732
641	809
641	816
641	901
641	941
641	962
641	993
641	994
642	34
642	47
642	83
642	136
642	413
642	660
642	705
642	718
642	776
642	900
642	917
642	938
642	945
642	985
642	997
643	195
643	255
643	268
643	342
643	391
643	483
643	491
643	573
643	632
643	726
643	735
643	739
643	818
643	881
643	908
644	207
644	347
644	532
644	629
644	640
644	653
644	700
644	865
644	879
644	901
644	914
644	916
644	917
644	972
644	996
645	20
645	151
645	298
645	377
645	455
645	465
645	729
645	751
645	780
645	785
645	796
645	852
645	918
645	964
645	969
646	78
646	87
646	88
646	205
646	420
646	599
646	739
646	756
646	786
646	801
646	886
646	889
646	938
646	977
646	982
647	38
647	146
647	189
647	266
647	288
647	443
647	542
647	556
647	598
647	614
647	710
647	782
647	862
647	963
647	992
648	35
648	159
648	341
648	437
648	467
648	790
648	888
648	910
648	912
648	958
648	961
648	973
648	995
648	998
648	999
649	82
649	105
649	310
649	426
649	466
649	496
649	551
649	587
649	630
649	766
649	862
649	865
649	873
649	941
649	995
650	301
650	379
650	438
650	495
650	508
650	653
650	670
650	780
650	861
650	888
650	916
650	938
650	961
650	985
650	992
651	118
651	157
651	468
651	514
651	725
651	777
651	861
651	864
651	933
651	939
651	963
651	966
651	974
651	979
651	993
652	123
652	144
652	220
652	294
652	309
652	471
652	479
652	761
652	880
652	883
652	927
652	942
652	956
652	966
652	987
653	300
653	358
653	388
653	595
653	644
653	650
653	671
653	701
653	746
653	780
653	864
653	917
653	926
653	938
653	985
654	124
654	356
654	528
654	568
654	670
654	750
654	757
654	853
654	857
654	918
654	923
654	962
654	969
654	971
654	999
655	9
655	158
655	184
655	342
655	692
655	696
655	758
655	804
655	834
655	848
655	879
655	906
655	935
655	975
655	993
656	455
656	550
656	637
656	685
656	743
656	765
656	835
656	838
656	840
656	854
656	915
656	919
656	946
656	985
656	990
657	141
657	377
657	468
657	597
657	687
657	717
657	747
657	775
657	862
657	868
657	919
657	960
657	966
657	994
657	998
658	312
658	357
658	432
658	456
658	546
658	622
658	673
658	760
658	838
658	856
658	896
658	898
658	937
658	955
658	996
659	56
659	561
659	576
659	591
659	622
659	636
659	737
659	787
659	812
659	882
659	901
659	934
659	973
659	996
659	997
660	339
660	385
660	449
660	495
660	605
660	615
660	635
660	642
660	680
660	689
660	910
660	917
660	938
660	988
660	1000
661	144
661	318
661	339
661	449
661	513
661	744
661	746
661	823
661	884
661	900
661	907
661	924
661	938
661	947
661	985
662	4
662	75
662	457
662	462
662	473
662	521
662	573
662	583
662	681
662	783
662	873
662	880
662	887
662	896
662	980
663	203
663	209
663	467
663	579
663	594
663	600
663	675
663	733
663	776
663	802
663	826
663	919
663	929
663	938
663	955
664	65
664	113
664	254
664	558
664	624
664	627
664	715
664	729
664	737
664	742
664	802
664	873
664	878
664	882
664	997
665	50
665	84
665	143
665	421
665	436
665	555
665	638
665	693
665	778
665	809
665	831
665	931
665	956
665	981
665	992
666	3
666	86
666	327
666	361
666	447
666	506
666	620
666	634
666	786
666	801
666	877
666	974
666	982
666	994
666	1000
667	179
667	185
667	302
667	466
667	540
667	555
667	620
667	761
667	774
667	783
667	885
667	920
667	968
667	969
667	996
668	141
668	190
668	514
668	519
668	717
668	800
668	825
668	831
668	909
668	912
668	928
668	937
668	960
668	972
668	985
669	106
669	140
669	417
669	513
669	687
669	694
669	717
669	742
669	745
669	831
669	875
669	920
669	928
669	937
669	960
670	333
670	363
670	393
670	430
670	454
670	543
670	650
670	654
670	686
670	704
670	709
670	742
670	761
670	876
670	920
670	969
671	7
671	148
671	173
671	301
671	346
671	640
671	653
671	733
671	902
671	913
671	934
671	935
671	972
671	980
671	983
671	994
672	543
672	557
672	602
672	676
672	724
672	730
672	731
672	733
672	755
672	800
672	816
672	827
672	833
672	836
672	879
672	999
673	171
673	430
673	502
673	507
673	526
673	658
673	680
673	705
673	726
673	746
673	786
673	858
673	888
673	917
673	974
673	985
674	110
674	363
674	540
674	584
674	704
674	709
674	713
674	761
674	812
674	822
674	834
674	870
674	920
674	969
674	990
674	997
675	128
675	338
675	351
675	382
675	629
675	663
675	777
675	797
675	802
675	826
675	876
675	909
675	919
675	929
675	952
675	996
676	218
676	228
676	281
676	285
676	439
676	466
676	493
676	672
676	715
676	730
676	731
676	755
676	786
676	853
676	879
676	905
677	149
677	155
677	228
677	302
677	365
677	570
677	589
677	619
677	626
677	680
677	687
677	766
677	830
677	909
677	953
677	983
678	37
678	86
678	232
678	265
678	416
678	462
678	552
678	571
678	698
678	813
678	836
678	895
678	907
678	923
678	976
678	994
679	242
679	244
679	286
679	331
679	584
679	635
679	713
679	794
679	803
679	872
679	879
679	931
679	953
679	970
679	975
679	984
680	127
680	417
680	432
680	639
680	660
680	673
680	677
680	838
680	916
680	924
680	962
680	977
680	983
680	996
680	998
680	1000
681	12
681	58
681	95
681	179
681	229
681	268
681	327
681	438
681	446
681	449
681	554
681	662
681	786
681	888
681	956
681	970
682	56
682	147
682	208
682	591
682	718
682	722
682	742
682	770
682	818
682	855
682	882
682	956
682	957
682	967
682	984
682	997
683	10
683	87
683	124
683	352
683	553
683	638
683	737
683	748
683	758
683	802
683	819
683	826
683	919
683	945
683	952
683	973
684	36
684	80
684	254
684	699
684	743
684	749
684	774
684	790
684	829
684	846
684	894
684	897
684	912
684	944
684	973
684	983
685	76
685	283
685	305
685	366
685	656
685	695
685	768
685	789
685	811
685	835
685	843
685	853
685	866
685	871
685	984
685	994
686	251
686	349
686	357
686	482
686	501
686	523
686	614
686	670
686	883
686	884
686	940
686	942
686	951
686	961
686	962
686	987
687	73
687	80
687	221
687	264
687	324
687	408
687	448
687	589
687	657
687	669
687	677
687	875
687	925
687	941
687	959
687	983
687	997
688	105
688	194
688	286
688	414
688	416
688	485
688	512
688	578
688	797
688	864
688	866
688	873
688	941
688	942
688	966
688	994
688	995
689	128
689	328
689	466
689	531
689	543
689	660
689	791
689	809
689	866
689	876
689	883
689	892
689	940
689	942
689	943
689	965
689	977
690	93
690	172
690	177
690	186
690	234
690	263
690	294
690	342
690	400
690	444
690	718
690	730
690	820
690	907
690	920
690	937
690	972
691	98
691	150
691	263
691	308
691	368
691	402
691	462
691	463
691	529
691	552
691	712
691	767
691	907
691	910
691	968
691	976
691	989
692	55
692	213
692	214
692	408
692	476
692	478
692	608
692	633
692	655
692	772
692	793
692	794
692	815
692	848
692	855
692	860
692	984
693	15
693	281
693	328
693	430
693	440
693	488
693	535
693	618
693	665
693	741
693	866
693	893
693	898
693	930
693	955
693	961
693	988
694	109
694	190
694	332
694	459
694	553
694	554
694	574
694	669
694	804
694	841
694	851
694	858
694	871
694	907
694	909
694	957
694	999
695	86
695	152
695	249
695	452
695	481
695	524
695	525
695	545
695	566
695	685
695	704
695	767
695	772
695	813
695	890
695	927
695	987
696	57
696	145
696	488
696	513
696	577
696	609
696	655
696	757
696	800
696	803
696	860
696	946
696	964
696	975
696	976
696	984
696	993
697	170
697	234
697	266
697	299
697	389
697	490
697	592
697	602
697	759
697	781
697	785
697	881
697	885
697	923
697	940
697	972
697	991
698	11
698	27
698	168
698	230
698	255
698	415
698	529
698	678
698	767
698	806
698	865
698	890
698	895
698	956
698	966
698	976
698	982
699	39
699	111
699	212
699	532
699	684
699	771
699	795
699	799
699	833
699	860
699	897
699	904
699	912
699	966
699	973
699	982
699	989
700	249
700	292
700	360
700	559
700	644
700	760
700	794
700	812
700	874
700	901
700	915
700	916
700	921
700	928
700	972
700	996
700	998
701	165
701	334
701	370
701	443
701	537
701	588
701	653
701	710
701	806
701	903
701	936
701	944
701	948
701	950
701	988
701	990
701	996
702	30
702	72
702	121
702	126
702	216
702	332
702	456
702	478
702	569
702	588
702	740
702	797
702	827
702	828
702	863
702	954
702	957
703	35
703	144
703	169
703	222
703	530
703	743
703	771
703	791
703	846
703	857
703	893
703	897
703	912
703	928
703	984
703	989
703	997
704	106
704	218
704	293
704	430
704	454
704	501
704	584
704	670
704	674
704	695
704	719
704	722
704	749
704	761
704	892
704	909
704	920
705	249
705	383
705	389
705	449
705	502
705	642
705	673
705	762
705	789
705	837
705	903
705	904
705	910
705	958
705	982
705	985
705	994
706	287
706	402
706	443
706	578
706	766
706	797
706	858
706	864
706	873
706	890
706	907
706	915
706	924
706	940
706	941
706	995
706	999
707	73
707	220
707	252
707	337
707	345
707	416
707	428
707	496
707	536
707	744
707	783
707	877
707	894
707	943
707	964
707	965
707	987
708	48
708	94
708	114
708	149
708	222
708	458
708	518
708	531
708	535
708	619
708	788
708	804
708	875
708	925
708	935
708	958
708	983
709	236
709	272
709	363
709	369
709	449
709	454
709	670
709	674
709	761
709	784
709	792
709	823
709	920
709	937
709	939
709	945
709	969
710	59
710	291
710	413
710	419
710	553
710	628
710	647
710	701
710	772
710	792
710	805
710	853
710	962
710	967
710	971
710	997
710	999
711	172
711	177
711	242
711	263
711	272
711	301
711	444
711	718
711	800
711	826
711	853
711	870
711	889
711	921
711	960
711	969
711	976
712	115
712	188
712	387
712	399
712	414
712	462
712	524
712	691
712	808
712	813
712	869
712	877
712	890
712	907
712	908
712	917
712	976
713	43
713	112
713	214
713	310
713	580
713	596
713	628
713	674
713	679
713	813
713	863
713	882
713	933
713	963
713	976
713	983
713	993
714	99
714	166
714	262
714	271
714	404
714	420
714	458
714	559
714	562
714	601
714	733
714	756
714	775
714	810
714	848
714	887
714	905
715	71
715	188
715	297
715	450
715	469
715	519
715	586
715	641
715	664
715	676
715	817
715	844
715	882
715	884
715	922
715	948
715	994
716	46
716	261
716	352
716	504
716	550
716	556
716	574
716	601
716	604
716	618
716	762
716	768
716	854
716	915
716	921
716	929
716	967
717	57
717	63
717	539
717	583
717	597
717	657
717	668
717	669
717	743
717	746
717	808
717	868
717	888
717	933
717	937
717	946
717	968
718	64
718	91
718	284
718	294
718	301
718	330
718	364
718	409
718	619
718	642
718	682
718	690
718	711
718	737
718	889
718	922
718	934
719	279
719	454
719	458
719	478
719	484
719	511
719	522
719	541
719	550
719	704
719	726
719	750
719	829
719	897
719	954
719	990
719	992
720	11
720	292
720	442
720	453
720	545
720	617
720	721
720	795
720	825
720	862
720	870
720	879
720	899
720	910
720	932
720	972
720	986
721	273
721	566
721	720
721	757
721	801
721	818
721	827
721	839
721	851
721	899
721	938
721	942
721	944
721	959
721	978
721	986
721	991
721	999
722	211
722	255
722	466
722	483
722	509
722	538
722	556
722	598
722	616
722	682
722	704
722	748
722	764
722	810
722	911
722	927
722	931
722	957
723	346
723	412
723	420
723	600
723	733
723	746
723	795
723	813
723	866
723	867
723	880
723	887
723	913
723	929
723	935
723	989
723	993
723	994
724	247
724	267
724	281
724	329
724	356
724	388
724	414
724	463
724	475
724	672
724	754
724	755
724	760
724	790
724	879
724	921
724	928
724	982
725	28
725	32
725	134
725	473
725	480
725	501
725	545
725	582
725	608
725	651
725	839
725	856
725	931
725	949
725	956
725	966
725	984
725	1000
726	73
726	121
726	279
726	340
726	643
726	673
726	719
726	757
726	763
726	813
726	828
726	852
726	898
726	934
726	949
726	954
726	992
726	993
727	75
727	118
727	160
727	257
727	269
727	286
727	539
727	567
727	815
727	826
727	861
727	916
727	947
727	948
727	972
727	995
727	996
727	1000
728	93
728	110
728	153
728	275
728	361
728	379
728	473
728	497
728	576
728	591
728	636
728	776
728	878
728	882
728	900
728	922
728	933
728	997
729	206
729	309
729	388
729	418
729	430
729	451
729	474
729	494
729	509
729	586
729	645
729	664
729	796
729	842
729	918
729	990
729	999
729	1000
730	166
730	267
730	439
730	463
730	475
730	499
730	565
730	602
730	672
730	676
730	690
730	731
730	773
730	836
730	873
730	881
730	892
730	963
731	120
731	360
731	414
731	463
731	517
731	602
731	672
731	676
731	730
731	755
731	766
731	780
731	853
731	879
731	904
731	933
731	961
731	985
732	221
732	254
732	293
732	308
732	325
732	434
732	508
732	521
732	596
732	641
732	764
732	822
732	847
732	863
732	894
732	939
732	950
732	963
733	148
733	358
733	404
733	466
733	476
733	562
733	606
733	663
733	671
733	672
733	714
733	723
733	822
733	832
733	905
733	913
733	935
733	955
734	45
734	168
734	199
734	305
734	323
734	429
734	440
734	474
734	499
734	766
734	822
734	893
734	937
734	947
734	961
734	988
734	992
734	996
735	271
735	282
735	344
735	376
735	413
735	568
735	586
735	609
735	616
735	643
735	810
735	843
735	908
735	910
735	911
735	927
735	977
735	982
736	82
736	193
736	340
736	456
736	457
736	511
736	547
736	829
736	875
736	881
736	892
736	934
736	943
736	946
736	954
736	957
736	967
736	992
737	54
737	256
737	333
737	450
737	483
737	526
737	626
737	659
737	664
737	683
737	718
737	770
737	773
737	787
737	878
737	955
737	959
737	997
738	198
738	208
738	240
738	284
738	362
738	486
738	541
738	557
738	572
738	595
738	621
738	744
738	897
738	900
738	918
738	925
738	953
738	988
739	70
739	189
739	195
739	289
739	391
739	480
739	516
739	600
739	643
739	646
739	790
739	810
739	859
739	911
739	927
739	946
739	964
739	996
740	68
740	429
740	444
740	445
740	460
740	480
740	582
740	702
740	778
740	799
740	839
740	853
740	944
740	956
740	969
740	972
740	981
740	990
741	275
741	311
741	323
741	396
741	517
741	528
741	624
741	640
741	693
741	770
741	799
741	806
741	893
741	930
741	947
741	961
741	986
741	998
742	24
742	256
742	526
742	591
742	599
742	635
742	664
742	669
742	670
742	682
742	787
742	878
742	882
742	883
742	918
742	974
742	993
742	997
743	47
743	123
743	305
743	366
743	504
743	618
743	656
743	684
743	703
743	717
743	835
743	854
743	856
743	857
743	892
743	893
743	933
743	964
744	175
744	362
744	472
744	541
744	595
744	621
744	627
744	661
744	707
744	738
744	759
744	800
744	868
744	894
744	910
744	954
744	958
744	959
745	215
745	354
745	535
745	617
745	669
745	791
745	818
745	869
745	870
745	877
745	899
745	910
745	918
745	960
745	964
745	982
745	986
745	991
746	40
746	133
746	249
746	322
746	363
746	554
746	604
746	653
746	661
746	673
746	717
746	723
746	765
746	805
746	822
746	888
746	938
746	985
746	998
747	26
747	39
747	154
747	213
747	499
747	511
747	584
747	657
747	808
747	812
747	862
747	903
747	910
747	912
747	937
747	946
747	952
747	960
747	966
748	10
748	116
748	142
748	169
748	309
748	388
748	455
748	494
748	561
748	683
748	722
748	751
748	791
748	842
748	852
748	868
748	900
748	951
748	964
749	21
749	132
749	217
749	219
749	684
749	704
749	774
749	777
749	790
749	794
749	809
749	810
749	833
749	857
749	897
749	923
749	971
749	973
749	989
750	93
750	101
750	187
750	392
750	654
750	719
750	772
750	792
750	799
750	843
750	853
750	923
750	962
750	967
750	971
750	985
750	989
750	998
750	999
751	63
751	265
751	278
751	418
751	461
751	494
751	548
751	632
751	645
751	748
751	842
751	852
751	869
751	905
751	906
751	910
751	918
751	930
751	964
752	37
752	262
752	333
752	402
752	431
752	530
752	590
752	638
752	753
752	781
752	785
752	837
752	881
752	885
752	886
752	915
752	919
752	923
752	944
753	15
753	48
753	163
753	202
753	323
753	333
753	408
753	499
753	581
753	752
753	769
753	893
753	899
753	904
753	916
753	947
753	961
753	987
753	988
754	5
754	9
754	242
754	326
754	453
754	495
754	564
754	569
754	590
754	628
754	724
754	761
754	860
754	872
754	900
754	921
754	934
754	953
754	975
755	233
755	290
755	419
755	439
755	463
755	475
755	559
755	634
755	639
755	672
755	676
755	724
755	731
755	879
755	922
755	959
755	963
755	976
755	995
756	3
756	146
756	260
756	410
756	470
756	599
756	646
756	714
756	766
756	795
756	801
756	877
756	886
756	916
756	922
756	931
756	974
756	981
756	997
757	57
757	353
757	571
757	654
757	696
757	721
757	726
757	794
757	832
757	841
757	848
757	861
757	871
757	872
757	889
757	921
757	975
757	982
757	984
758	2
758	67
758	207
758	263
758	351
758	438
758	444
758	553
758	569
758	594
758	655
758	683
758	802
758	826
758	852
758	919
758	929
758	952
758	977
759	97
759	226
759	240
759	284
759	335
759	347
759	403
759	469
759	572
759	621
759	626
759	697
759	744
759	776
759	837
759	894
759	900
759	913
759	995
760	24
760	150
760	367
760	455
760	567
760	625
760	658
760	700
760	724
760	775
760	801
760	814
760	896
760	901
760	916
760	973
760	980
760	983
760	1000
761	69
761	168
761	237
761	326
761	430
761	540
761	605
761	652
761	667
761	670
761	674
761	704
761	709
761	754
761	836
761	852
761	891
761	962
761	969
762	33
762	36
762	47
762	53
762	76
762	123
762	256
762	418
762	481
762	498
762	550
762	705
762	716
762	765
762	840
762	923
762	931
762	950
762	983
763	136
763	323
763	399
763	465
763	484
763	569
763	585
763	726
763	791
763	844
763	853
763	860
763	872
763	885
763	923
763	954
763	962
763	967
763	992
764	217
764	367
764	450
764	556
764	623
764	722
764	732
764	779
764	807
764	896
764	914
764	916
764	923
764	932
764	949
764	959
764	972
764	986
764	998
765	46
765	69
765	90
765	112
765	394
765	427
765	440
765	453
765	618
765	656
765	746
765	762
765	768
765	840
765	851
765	895
765	915
765	919
765	932
766	163
766	182
766	196
766	235
766	287
766	367
766	368
766	587
766	649
766	677
766	706
766	731
766	734
766	756
766	872
766	935
766	941
766	986
766	995
767	150
767	324
767	391
767	566
767	619
767	621
767	631
767	691
767	695
767	698
767	774
767	806
767	813
767	895
767	907
767	915
767	954
767	965
767	976
768	47
768	51
768	76
768	83
768	252
768	259
768	300
768	486
768	618
768	685
768	716
768	765
768	790
768	836
768	838
768	840
768	844
768	888
768	954
769	115
769	147
769	228
769	304
769	313
769	323
769	360
769	366
769	488
769	514
769	624
769	753
769	799
769	893
769	930
769	954
769	957
769	961
769	971
769	988
770	6
770	54
770	69
770	200
770	256
770	275
770	518
770	633
770	682
770	737
770	741
770	787
770	879
770	887
770	890
770	922
770	968
770	997
770	998
770	999
771	131
771	316
771	341
771	398
771	491
771	522
771	699
771	703
771	774
771	791
771	792
771	804
771	819
771	833
771	844
771	864
771	912
771	956
771	961
771	973
772	29
772	372
772	395
772	465
772	602
772	692
772	695
772	710
772	750
772	836
772	853
772	878
772	896
772	914
772	943
772	950
772	962
772	967
772	971
772	999
773	59
773	159
773	217
773	260
773	340
773	554
773	581
773	590
773	730
773	737
773	798
773	810
773	883
773	922
773	942
773	943
773	951
773	965
773	987
773	996
774	42
774	70
774	169
774	261
774	481
774	489
774	550
774	667
774	684
774	749
774	767
774	771
774	791
774	846
774	886
774	897
774	912
774	922
774	946
774	989
775	74
775	90
775	152
775	264
775	341
775	392
775	404
775	435
775	583
775	657
775	714
775	760
775	860
775	866
775	882
775	887
775	902
775	913
775	935
775	941
776	40
776	64
776	73
776	327
776	385
776	446
776	642
776	663
776	728
776	759
776	798
776	849
776	884
776	900
776	917
776	925
776	938
776	941
776	985
776	992
777	144
777	206
777	258
777	273
777	296
777	426
777	462
777	508
777	590
777	610
777	628
777	651
777	675
777	749
777	781
777	815
777	933
777	963
777	976
777	993
778	21
778	84
778	236
778	299
778	387
778	408
778	420
778	510
778	542
778	568
778	665
778	740
778	808
778	839
778	864
778	870
778	931
778	934
778	956
778	981
779	79
779	207
779	213
779	428
779	517
779	572
779	585
779	764
779	824
779	836
779	867
779	874
779	898
779	901
779	914
779	932
779	955
779	972
779	995
779	996
780	133
780	327
780	362
780	446
780	495
780	521
780	554
780	636
780	645
780	650
780	653
780	731
780	795
780	823
780	883
780	888
780	892
780	943
780	952
780	996
781	170
781	181
781	221
781	248
781	405
781	431
781	474
781	490
781	616
781	697
781	752
781	777
781	785
781	831
781	885
781	900
781	906
781	923
781	938
781	961
782	277
782	319
782	343
782	543
782	593
782	604
782	611
782	637
782	647
782	816
782	838
782	844
782	884
782	897
782	948
782	961
782	984
782	992
782	994
782	997
783	138
783	139
783	541
783	601
783	625
783	662
783	667
783	707
783	802
783	811
783	837
783	858
783	866
783	887
783	905
783	913
783	931
783	935
783	937
783	989
784	92
784	93
784	122
784	168
784	195
784	281
784	302
784	369
784	421
784	454
784	540
784	709
784	846
784	909
784	920
784	921
784	946
784	948
784	969
784	970
785	42
785	240
785	333
785	425
785	457
785	459
785	490
785	546
785	558
785	565
785	635
785	645
785	697
785	752
785	781
785	867
785	881
785	885
785	901
785	923
786	114
786	247
786	448
786	503
786	506
786	634
786	646
786	666
786	673
786	676
786	681
786	801
786	834
786	841
786	849
786	922
786	942
786	957
786	974
786	975
786	982
787	60
787	113
787	178
787	208
787	280
787	479
787	490
787	497
787	507
787	544
787	576
787	659
787	737
787	742
787	770
787	814
787	828
787	882
787	925
787	928
787	997
788	36
788	46
788	98
788	201
788	407
788	408
788	496
788	589
788	708
788	804
788	817
788	830
788	844
788	872
788	875
788	925
788	953
788	967
788	970
788	983
788	988
789	81
789	96
789	254
789	268
789	298
789	328
789	339
789	442
789	502
789	519
789	566
789	636
789	685
789	705
789	830
789	855
789	884
789	927
789	951
789	982
789	985
790	5
790	280
790	341
790	398
790	449
790	633
790	648
790	684
790	724
790	739
790	749
790	768
790	819
790	846
790	897
790	927
790	966
790	968
790	970
790	973
790	989
791	118
791	146
791	183
791	424
791	498
791	630
791	632
791	689
791	703
791	745
791	748
791	763
791	771
791	774
791	829
791	849
791	891
791	934
791	954
791	957
791	992
792	92
792	241
792	276
792	283
792	389
792	415
792	417
792	528
792	610
792	709
792	710
792	750
792	771
792	836
792	843
792	853
792	942
792	963
792	971
792	984
792	999
793	45
793	176
793	184
793	438
793	461
793	476
793	542
793	587
793	608
793	692
793	803
793	817
793	855
793	860
793	867
793	872
793	921
793	929
793	975
793	984
793	991
794	13
794	31
794	143
794	155
794	397
794	425
794	518
794	615
794	636
794	679
794	692
794	700
794	749
794	757
794	882
794	906
794	959
794	975
794	978
794	984
794	1000
795	42
795	108
795	287
795	491
795	533
795	570
795	626
795	699
795	720
795	723
795	756
795	780
795	819
795	833
795	846
795	852
795	874
795	912
795	956
795	973
795	989
796	52
796	175
796	211
796	265
796	373
796	387
796	418
796	455
796	478
796	533
796	645
796	729
796	841
796	852
796	878
796	918
796	947
796	960
796	964
796	971
796	988
797	35
797	236
797	270
797	396
797	551
797	569
797	587
797	595
797	675
797	688
797	702
797	706
797	808
797	858
797	864
797	908
797	915
797	941
797	953
797	955
797	995
798	137
798	148
798	232
798	245
798	351
798	375
798	545
798	574
798	592
798	639
798	773
798	776
798	832
798	850
798	851
798	856
798	857
798	890
798	939
798	949
798	977
799	27
799	163
799	277
799	304
799	386
799	392
799	474
799	530
799	535
799	699
799	740
799	741
799	750
799	769
799	815
799	890
799	947
799	961
799	988
799	991
799	993
800	41
800	198
800	225
800	386
800	394
800	436
800	496
800	522
800	561
800	668
800	672
800	696
800	711
800	744
800	831
800	862
800	928
800	937
800	946
800	960
800	990
801	58
801	235
801	257
801	438
801	453
801	534
801	634
801	646
801	666
801	721
801	756
801	760
801	786
801	843
801	893
801	904
801	922
801	945
801	955
801	974
801	982
802	11
802	71
802	307
802	417
802	521
802	544
802	594
802	617
802	638
802	663
802	664
802	675
802	683
802	758
802	783
802	809
802	919
802	929
802	935
802	952
802	990
803	27
803	174
803	256
803	406
803	507
803	582
803	609
803	631
803	679
803	696
803	793
803	855
803	856
803	892
803	901
803	906
803	927
803	948
803	968
803	975
803	984
804	87
804	126
804	219
804	275
804	278
804	334
804	365
804	408
804	496
804	589
804	619
804	655
804	694
804	708
804	771
804	788
804	819
804	884
804	925
804	936
804	983
805	248
805	385
805	390
805	469
805	500
805	534
805	548
805	550
805	577
805	606
805	710
805	746
805	809
805	883
805	892
805	931
805	940
805	943
805	967
805	987
805	1000
806	86
806	115
806	186
806	192
806	216
806	329
806	462
806	525
806	531
806	698
806	701
806	741
806	767
806	888
806	895
806	907
806	953
806	969
806	975
806	976
806	992
807	161
807	207
807	328
807	419
807	422
807	586
807	622
807	639
807	764
807	814
807	815
807	821
807	878
807	898
807	907
807	949
807	955
807	986
807	993
807	998
807	1000
808	15
808	46
808	422
808	487
808	597
808	712
808	717
808	747
808	778
808	797
808	812
808	816
808	862
808	868
808	918
808	928
808	937
808	946
808	966
808	970
808	980
809	81
809	177
809	244
809	469
809	475
809	537
809	548
809	641
809	665
809	689
809	749
809	802
809	805
809	840
809	872
809	906
809	942
809	943
809	951
809	965
809	986
809	987
810	195
810	239
810	247
810	266
810	505
810	516
810	527
810	547
810	556
810	567
810	605
810	714
810	722
810	735
810	739
810	749
810	773
810	834
810	838
810	908
810	962
810	985
811	53
811	82
811	259
811	282
811	283
811	366
811	390
811	498
811	504
811	513
811	618
811	685
811	783
811	818
811	835
811	854
811	865
811	890
811	912
811	915
811	926
811	927
812	43
812	230
812	341
812	377
812	394
812	435
812	552
812	659
812	674
812	700
812	747
812	808
812	818
812	820
812	825
812	862
812	868
812	912
812	957
812	960
812	966
812	996
813	64
813	150
813	230
813	353
813	452
813	481
813	516
813	525
813	622
813	678
813	695
813	712
813	713
813	723
813	726
813	767
813	870
813	907
813	925
813	928
813	965
813	976
814	223
814	238
814	438
814	482
814	567
814	760
814	787
814	807
814	815
814	820
814	821
814	828
814	830
814	835
814	898
814	937
814	955
814	972
814	975
814	996
814	999
814	1000
815	34
815	65
815	75
815	114
815	223
815	257
815	438
815	563
815	564
815	692
815	727
815	777
815	799
815	807
815	814
815	838
815	883
815	901
815	953
815	955
815	991
815	1000
816	122
816	319
816	338
816	352
816	386
816	399
816	410
816	519
816	531
816	543
816	577
816	592
816	629
816	641
816	672
816	782
816	808
816	844
816	934
816	977
816	981
816	994
817	7
817	231
817	277
817	319
817	392
817	410
817	483
817	539
817	593
817	630
817	634
817	715
817	788
817	793
817	844
817	875
817	895
817	936
817	948
817	973
817	994
817	1000
818	301
818	313
818	422
818	560
818	563
818	591
818	606
818	612
818	643
818	682
818	721
818	745
818	811
818	812
818	827
818	838
818	910
818	913
818	959
818	963
818	986
818	991
819	21
819	42
819	108
819	159
819	188
819	218
819	570
819	683
819	771
819	790
819	795
819	804
819	824
819	838
819	840
819	846
819	912
819	969
819	973
819	985
819	988
819	989
820	292
820	576
820	607
820	613
820	690
820	812
820	814
820	832
820	834
820	850
820	859
820	867
820	876
820	908
820	924
820	932
820	947
820	949
820	958
820	968
820	970
820	995
821	119
821	127
821	168
821	290
821	367
821	386
821	429
821	450
821	466
821	563
821	567
821	637
821	807
821	814
821	874
821	898
821	906
821	917
821	947
821	972
821	981
821	987
822	131
822	137
822	153
822	158
822	393
822	417
822	468
822	628
822	674
822	732
822	733
822	734
822	746
822	876
822	933
822	939
822	941
822	944
822	954
822	963
822	979
822	993
823	33
823	133
823	188
823	229
823	239
823	325
823	385
823	446
823	507
823	631
823	635
823	661
823	709
823	780
823	853
823	859
823	884
823	888
823	917
823	958
823	959
823	978
824	2
824	153
824	251
824	271
824	369
824	544
824	563
824	611
824	779
824	819
824	888
824	896
824	901
824	909
824	916
824	929
824	937
824	954
824	972
824	985
824	996
824	998
824	1000
825	114
825	140
825	199
825	345
825	350
825	394
825	458
825	488
825	584
825	615
825	668
825	720
825	812
825	847
825	862
825	882
825	896
825	898
825	911
825	922
825	928
825	946
825	966
826	167
826	295
826	351
826	378
826	410
826	477
826	548
826	553
826	619
826	638
826	663
826	675
826	683
826	711
826	727
826	758
826	877
826	880
826	917
826	923
826	929
826	951
826	952
827	275
827	278
827	293
827	407
827	492
827	526
827	556
827	606
827	672
827	702
827	721
827	818
827	859
827	867
827	869
827	870
827	899
827	926
827	928
827	959
827	986
827	987
827	991
828	18
828	62
828	89
828	104
828	183
828	245
828	246
828	381
828	421
828	484
828	533
828	559
828	585
828	702
828	726
828	787
828	814
828	891
828	934
828	954
828	957
828	960
828	992
829	9
829	119
829	121
829	340
829	342
829	465
829	484
829	639
829	684
829	719
829	736
829	791
829	889
829	891
829	925
829	927
829	934
829	956
829	957
829	978
829	986
829	992
829	995
830	119
830	122
830	159
830	219
830	221
830	316
830	588
830	619
830	626
830	677
830	788
830	789
830	814
830	846
830	875
830	882
830	925
830	932
830	939
830	945
830	946
830	983
830	989
831	2
831	210
831	283
831	309
831	380
831	435
831	494
831	511
831	597
831	625
831	665
831	668
831	669
831	781
831	800
831	868
831	907
831	911
831	928
831	946
831	960
831	966
831	975
832	24
832	137
832	205
832	244
832	320
832	344
832	441
832	459
832	482
832	562
832	733
832	757
832	798
832	820
832	845
832	848
832	850
832	913
832	926
832	938
832	949
832	971
832	977
833	11
833	109
833	147
833	217
833	398
833	491
833	532
833	613
833	616
833	621
833	672
833	699
833	749
833	771
833	795
833	857
833	886
833	897
833	966
833	973
833	975
833	989
833	994
834	22
834	29
834	116
834	433
834	474
834	480
834	553
834	629
834	655
834	674
834	786
834	810
834	820
834	859
834	867
834	876
834	901
834	924
834	932
834	958
834	968
834	970
834	971
835	10
835	53
835	226
835	252
835	283
835	305
835	355
835	366
835	423
835	464
835	540
835	550
835	656
835	685
835	743
835	811
835	814
835	840
835	854
835	860
835	899
835	947
835	962
835	979
836	29
836	197
836	199
836	262
836	382
836	415
836	470
836	672
836	678
836	730
836	761
836	768
836	772
836	779
836	792
836	853
836	883
836	950
836	962
836	967
836	971
836	974
836	990
836	999
837	12
837	48
837	104
837	141
837	181
837	270
837	332
837	457
837	520
837	573
837	640
837	705
837	752
837	759
837	783
837	842
837	877
837	880
837	899
837	902
837	909
837	913
837	925
837	935
838	3
838	466
838	561
838	611
838	623
838	656
838	658
838	680
838	768
838	782
838	810
838	815
838	818
838	819
838	847
838	861
838	866
838	895
838	896
838	914
838	916
838	969
838	972
838	998
839	30
839	32
839	58
839	103
839	216
839	240
839	382
839	434
839	445
839	516
839	585
839	628
839	721
839	725
839	740
839	778
839	882
839	931
839	934
839	956
839	968
839	981
839	984
839	986
840	158
840	252
840	259
840	276
840	344
840	359
840	381
840	427
840	433
840	454
840	498
840	656
840	762
840	765
840	768
840	809
840	819
840	835
840	882
840	914
840	915
840	924
840	945
840	954
841	55
841	125
841	194
841	459
841	592
841	694
841	757
841	786
841	796
841	842
841	845
841	850
841	851
841	854
841	856
841	860
841	871
841	909
841	926
841	949
841	951
841	977
841	986
841	987
842	95
842	142
842	198
842	211
842	227
842	238
842	418
842	515
842	533
842	729
842	748
842	751
842	837
842	841
842	852
842	858
842	872
842	907
842	913
842	918
842	944
842	952
842	964
842	1000
843	52
843	262
843	291
843	368
843	485
843	486
843	528
843	580
843	596
843	685
843	735
843	750
843	792
843	801
843	853
843	880
843	892
843	896
843	950
843	962
843	967
843	971
843	980
843	999
844	37
844	173
844	231
844	297
844	315
844	392
844	430
844	568
844	629
844	715
844	763
844	768
844	771
844	782
844	788
844	816
844	817
844	883
844	948
844	952
844	954
844	982
844	994
844	1000
845	72
845	139
845	176
845	253
845	283
845	314
845	317
845	320
845	363
845	376
845	479
845	505
845	544
845	592
845	601
845	832
845	841
845	850
845	909
845	918
845	949
845	954
845	977
845	986
846	289
846	393
846	484
846	489
846	611
846	684
846	703
846	774
846	784
846	790
846	795
846	819
846	830
846	857
846	863
846	871
846	875
846	897
846	912
846	943
846	959
846	965
846	973
846	989
847	19
847	25
847	79
847	312
847	400
847	540
847	564
847	573
847	732
847	825
847	838
847	855
847	861
847	863
847	874
847	888
847	896
847	916
847	933
847	955
847	972
847	996
847	998
847	1000
848	123
848	196
848	397
848	471
848	476
848	571
848	575
848	615
848	631
848	655
848	692
848	714
848	757
848	832
848	860
848	872
848	881
848	885
848	920
848	921
848	953
848	978
848	984
848	999
849	170
849	412
849	421
849	447
849	475
849	501
849	579
849	605
849	630
849	776
849	786
849	791
849	872
849	884
849	903
849	917
849	936
849	944
849	950
849	969
849	972
849	979
849	989
849	990
850	120
850	126
850	214
850	227
850	251
850	400
850	459
850	482
850	499
850	548
850	798
850	820
850	832
850	841
850	845
850	851
850	871
850	884
850	912
850	926
850	941
850	964
850	971
850	977
851	251
851	279
851	285
851	314
851	361
851	398
851	405
851	452
851	516
851	529
851	694
851	721
851	765
851	798
851	841
851	850
851	857
851	909
851	919
851	926
851	939
851	949
851	958
851	977
851	978
852	4
852	10
852	206
852	238
852	367
852	373
852	451
852	533
852	582
852	583
852	645
852	726
852	748
852	751
852	758
852	761
852	795
852	796
852	842
852	859
852	918
852	941
852	964
852	968
852	984
853	40
853	67
853	124
853	180
853	289
853	325
853	502
853	654
853	676
853	685
853	710
853	711
853	731
853	740
853	750
853	763
853	772
853	792
853	823
853	836
853	843
853	967
853	971
853	989
853	999
854	17
854	46
854	112
854	183
854	344
854	345
854	407
854	440
854	498
854	596
854	603
854	629
854	656
854	716
854	743
854	811
854	835
854	841
854	867
854	903
854	915
854	942
854	944
854	951
854	953
855	9
855	16
855	57
855	92
855	102
855	184
855	225
855	306
855	449
855	479
855	564
855	682
855	692
855	789
855	793
855	803
855	847
855	856
855	906
855	911
855	915
855	953
855	975
855	978
855	984
856	100
856	106
856	125
856	237
856	306
856	326
856	571
856	608
856	618
856	658
856	725
856	743
856	798
856	803
856	841
856	855
856	860
856	872
856	906
856	912
856	916
856	957
856	975
856	978
856	984
857	65
857	223
857	437
857	470
857	489
857	491
857	542
857	555
857	654
857	703
857	743
857	749
857	798
857	833
857	846
857	851
857	896
857	897
857	912
857	926
857	931
857	934
857	960
857	973
857	989
858	41
858	102
858	154
858	182
858	196
858	236
858	496
858	512
858	517
858	549
858	551
858	606
858	673
858	694
858	706
858	783
858	797
858	842
858	864
858	873
858	941
858	947
858	976
858	995
858	998
859	26
859	89
859	157
859	350
859	411
859	423
859	492
859	501
859	509
859	613
859	739
859	820
859	823
859	827
859	834
859	852
859	867
859	876
859	927
859	932
859	945
859	958
859	968
859	970
859	997
860	153
860	184
860	311
860	476
860	536
860	579
860	692
860	696
860	699
860	754
860	763
860	775
860	793
860	835
860	841
860	848
860	856
860	867
860	896
860	906
860	921
860	953
860	975
860	984
860	990
861	167
861	429
861	432
861	492
861	611
861	650
861	651
861	727
861	757
861	838
861	847
861	874
861	876
861	896
861	898
861	914
861	937
861	955
861	963
861	966
861	978
861	985
861	992
861	998
861	1000
862	169
862	206
862	209
862	377
862	435
862	458
862	462
862	521
862	553
862	561
862	647
862	649
862	657
862	720
862	747
862	800
862	808
862	812
862	825
862	923
862	946
862	960
862	966
862	977
862	996
862	998
863	139
863	212
863	269
863	296
863	426
863	468
863	480
863	494
863	514
863	565
863	577
863	608
863	610
863	702
863	713
863	732
863	846
863	847
863	874
863	947
863	948
863	953
863	955
863	963
863	979
863	993
864	102
864	136
864	196
864	270
864	288
864	551
864	587
864	632
864	651
864	653
864	688
864	706
864	771
864	778
864	797
864	858
864	865
864	868
864	873
864	887
864	911
864	941
864	957
864	973
864	995
864	1000
865	102
865	196
865	236
865	248
865	270
865	274
865	285
865	339
865	346
865	368
865	369
865	416
865	418
865	512
865	551
865	554
865	630
865	644
865	649
865	698
865	811
865	864
865	873
865	949
865	968
865	995
866	48
866	107
866	139
866	241
866	279
866	460
866	489
866	510
866	562
866	573
866	600
866	628
866	640
866	685
866	688
866	689
866	693
866	723
866	775
866	783
866	838
866	880
866	891
866	905
866	921
866	931
867	45
867	152
867	316
867	372
867	406
867	571
867	613
867	626
867	723
867	779
867	785
867	793
867	820
867	827
867	834
867	854
867	859
867	860
867	876
867	924
867	932
867	958
867	968
867	969
867	970
867	973
868	84
868	106
868	130
868	199
868	210
868	224
868	347
868	442
868	459
868	603
868	615
868	620
868	657
868	717
868	744
868	748
868	808
868	812
868	831
868	864
868	899
868	929
868	936
868	940
868	960
868	966
869	128
869	258
869	264
869	309
869	320
869	370
869	396
869	418
869	490
869	560
869	590
869	607
869	712
869	745
869	751
869	827
869	870
869	895
869	899
869	935
869	955
869	958
869	959
869	978
869	986
869	991
870	61
870	101
870	313
870	410
870	559
870	590
870	607
870	674
870	711
870	720
870	745
870	778
870	813
870	827
870	869
870	876
870	879
870	899
870	926
870	941
870	953
870	959
870	969
870	978
870	986
870	991
871	24
871	137
871	208
871	216
871	227
871	245
871	289
871	361
871	409
871	459
871	471
871	555
871	638
871	685
871	694
871	757
871	841
871	846
871	850
871	909
871	926
871	949
871	965
871	977
871	979
871	986
872	25
872	151
872	334
872	364
872	564
872	571
872	608
872	631
872	679
872	754
872	757
872	763
872	766
872	788
872	793
872	809
872	842
872	848
872	849
872	856
872	909
872	953
872	970
872	975
872	984
872	986
873	52
873	204
873	233
873	285
873	287
873	300
873	368
873	416
873	561
873	587
873	620
873	639
873	649
873	662
873	664
873	688
873	706
873	730
873	858
873	864
873	865
873	901
873	933
873	951
873	962
873	975
873	995
874	67
874	89
874	305
874	349
874	377
874	450
874	495
874	555
874	580
874	581
874	623
874	700
874	779
874	795
874	821
874	847
874	861
874	863
874	888
874	896
874	901
874	903
874	932
874	943
874	972
874	996
874	1000
875	23
875	36
875	94
875	149
875	221
875	305
875	316
875	325
875	365
875	380
875	405
875	408
875	473
875	596
875	669
875	687
875	708
875	736
875	788
875	817
875	830
875	846
875	925
875	964
875	972
875	983
875	1000
876	26
876	49
876	55
876	116
876	150
876	166
876	411
876	433
876	602
876	670
876	675
876	689
876	820
876	822
876	834
876	859
876	861
876	867
876	870
876	878
876	901
876	924
876	932
876	951
876	958
876	968
876	970
877	78
877	122
877	130
877	204
877	261
877	318
877	424
877	448
877	472
877	506
877	533
877	637
877	666
877	707
877	712
877	745
877	756
877	826
877	837
877	886
877	902
877	945
877	967
877	974
877	979
877	989
877	999
878	54
878	56
878	67
878	153
878	188
878	200
878	208
878	272
878	443
878	447
878	497
878	526
878	593
878	601
878	602
878	633
878	664
878	728
878	737
878	742
878	772
878	796
878	807
878	876
878	890
878	932
878	997
879	127
879	228
879	247
879	290
879	304
879	412
879	414
879	439
879	463
879	475
879	501
879	517
879	527
879	565
879	644
879	655
879	672
879	676
879	679
879	720
879	724
879	731
879	755
879	770
879	870
879	888
879	910
880	31
880	132
880	194
880	250
880	420
880	457
880	460
880	520
880	562
880	573
880	613
880	618
880	640
880	652
880	662
880	723
880	826
880	837
880	843
880	866
880	887
880	905
880	913
880	925
880	926
880	951
880	977
881	17
881	47
881	170
881	261
881	333
881	402
881	405
881	421
881	425
881	428
881	431
881	442
881	477
881	481
881	490
881	558
881	572
881	643
881	697
881	730
881	736
881	752
881	785
881	848
881	885
881	923
881	982
882	65
882	120
882	200
882	284
882	379
882	412
882	497
882	577
882	591
882	633
882	659
882	664
882	682
882	713
882	715
882	728
882	742
882	775
882	787
882	794
882	825
882	830
882	839
882	840
882	915
882	993
882	997
883	164
883	175
883	194
883	295
883	345
883	483
883	536
883	652
883	686
883	689
883	742
883	773
883	780
883	805
883	815
883	836
883	844
883	919
883	937
883	940
883	943
883	951
883	965
883	970
883	980
883	985
883	988
884	96
884	133
884	136
884	171
884	358
884	438
884	449
884	507
884	589
884	636
884	661
884	686
884	715
884	776
884	782
884	789
884	804
884	823
884	849
884	850
884	888
884	913
884	924
884	940
884	964
884	987
884	1000
885	37
885	42
885	79
885	181
885	331
885	396
885	402
885	404
885	405
885	425
885	443
885	455
885	538
885	547
885	558
885	614
885	667
885	697
885	752
885	763
885	781
885	785
885	848
885	881
885	888
885	923
885	969
886	55
886	63
886	78
886	110
886	193
886	204
886	305
886	377
886	448
886	527
886	534
886	546
886	612
886	637
886	638
886	646
886	752
886	756
886	774
886	833
886	877
886	904
886	914
886	928
886	945
886	972
886	974
886	976
887	12
887	28
887	74
887	96
887	104
887	138
887	165
887	412
887	454
887	483
887	662
887	714
887	723
887	770
887	775
887	783
887	864
887	880
887	899
887	902
887	904
887	905
887	935
887	949
887	962
887	972
887	979
887	996
888	34
888	111
888	135
888	284
888	328
888	339
888	351
888	627
888	635
888	648
888	650
888	673
888	681
888	717
888	746
888	768
888	780
888	806
888	823
888	824
888	847
888	874
888	879
888	884
888	885
888	917
888	955
888	985
889	54
889	81
889	91
889	177
889	178
889	225
889	234
889	263
889	272
889	282
889	301
889	328
889	330
889	335
889	336
889	409
889	500
889	502
889	558
889	646
889	711
889	718
889	757
889	829
889	935
889	945
889	950
889	1000
890	25
890	93
890	98
890	150
890	160
890	167
890	230
890	291
890	353
890	524
890	525
890	531
890	695
890	698
890	706
890	712
890	770
890	798
890	799
890	811
890	878
890	895
890	907
890	912
890	933
890	937
890	976
890	983
891	31
891	118
891	272
891	304
891	340
891	381
891	401
891	456
891	478
891	511
891	582
891	606
891	761
891	791
891	828
891	829
891	866
891	894
891	896
891	902
891	932
891	934
891	954
891	957
891	979
891	983
891	992
891	999
892	90
892	147
892	161
892	186
892	227
892	260
892	345
892	487
892	523
892	537
892	548
892	579
892	609
892	689
892	704
892	730
892	736
892	743
892	780
892	803
892	805
892	843
892	942
892	943
892	951
892	965
892	980
892	987
893	51
893	129
893	336
893	383
893	440
893	472
893	488
893	535
893	552
893	575
893	624
893	693
893	703
893	734
893	741
893	743
893	753
893	769
893	801
893	917
893	930
893	944
893	947
893	959
893	961
893	984
893	988
893	993
894	69
894	145
894	175
894	179
894	202
894	240
894	276
894	284
894	335
894	403
894	424
894	442
894	488
894	527
894	550
894	572
894	595
894	607
894	621
894	627
894	684
894	707
894	732
894	744
894	759
894	891
894	960
894	979
895	25
895	27
895	160
895	192
895	272
895	297
895	321
895	329
895	460
895	475
895	566
895	678
895	698
895	765
895	767
895	806
895	817
895	838
895	869
895	890
895	907
895	910
895	920
895	948
895	949
895	958
895	976
895	985
895	994
896	8
896	312
896	414
896	431
896	544
896	602
896	658
896	662
896	760
896	764
896	772
896	824
896	825
896	838
896	843
896	847
896	857
896	860
896	861
896	874
896	891
896	905
896	914
896	940
896	955
896	959
896	996
896	999
896	1000
897	27
897	35
897	68
897	115
897	142
897	539
897	542
897	684
897	699
897	703
897	719
897	738
897	749
897	774
897	782
897	790
897	833
897	846
897	857
897	911
897	912
897	955
897	956
897	968
897	971
897	973
897	977
897	989
897	995
898	19
898	204
898	224
898	229
898	257
898	315
898	336
898	359
898	404
898	468
898	546
898	658
898	693
898	726
898	779
898	807
898	814
898	821
898	825
898	861
898	901
898	916
898	955
898	961
898	970
898	972
898	996
898	998
898	1000
899	193
899	370
899	435
899	453
899	481
899	492
899	513
899	557
899	606
899	619
899	720
899	721
899	745
899	753
899	827
899	835
899	837
899	868
899	869
899	870
899	887
899	910
899	927
899	930
899	931
899	958
899	959
899	978
899	991
900	20
900	97
900	145
900	153
900	175
900	179
900	202
900	240
900	284
900	347
900	362
900	403
900	451
900	541
900	572
900	595
900	621
900	642
900	661
900	728
900	738
900	748
900	754
900	759
900	776
900	781
900	909
900	966
900	974
901	187
901	190
901	220
901	299
901	562
901	567
901	610
901	641
901	644
901	659
901	700
901	760
901	779
901	785
901	803
901	815
901	824
901	834
901	873
901	874
901	876
901	898
901	916
901	924
901	955
901	964
901	996
901	998
901	1000
902	34
902	104
902	142
902	215
902	243
902	264
902	311
902	337
902	348
902	404
902	419
902	426
902	546
902	583
902	601
902	671
902	775
902	837
902	877
902	887
902	891
902	905
902	913
902	935
902	945
902	975
902	987
902	992
902	994
903	178
903	217
903	261
903	334
903	346
903	397
903	427
903	447
903	487
903	579
903	600
903	603
903	605
903	630
903	701
903	705
903	747
903	849
903	854
903	874
903	915
903	936
903	950
903	963
903	978
903	980
903	985
903	989
903	990
904	7
904	78
904	99
904	122
904	216
904	349
904	360
904	374
904	378
904	432
904	459
904	503
904	546
904	576
904	612
904	699
904	705
904	731
904	753
904	801
904	886
904	887
904	922
904	926
904	945
904	957
904	964
904	966
904	967
904	974
905	12
905	72
905	116
905	117
905	137
905	139
905	331
905	364
905	415
905	460
905	561
905	583
905	591
905	600
905	601
905	609
905	640
905	676
905	714
905	733
905	751
905	783
905	866
905	880
905	887
905	896
905	902
905	913
905	947
905	977
906	100
906	155
906	186
906	326
906	363
906	449
906	510
906	516
906	518
906	522
906	569
906	586
906	599
906	655
906	751
906	781
906	794
906	803
906	809
906	821
906	855
906	856
906	860
906	921
906	939
906	953
906	964
906	975
906	984
906	1000
907	7
907	85
907	86
907	115
907	132
907	178
907	313
907	329
907	481
907	525
907	535
907	566
907	661
907	678
907	690
907	691
907	694
907	706
907	712
907	767
907	806
907	807
907	813
907	831
907	842
907	890
907	895
907	909
907	976
907	992
908	13
908	38
908	98
908	136
908	174
908	191
908	232
908	235
908	289
908	306
908	327
908	376
908	443
908	516
908	520
908	547
908	556
908	560
908	598
908	599
908	643
908	712
908	735
908	797
908	810
908	820
908	909
908	927
908	942
908	981
909	91
909	232
909	277
909	317
909	320
909	441
909	452
909	459
909	574
909	605
909	609
909	668
909	675
909	677
909	694
909	704
909	784
909	824
909	837
909	841
909	845
909	851
909	871
909	872
909	900
909	907
909	908
909	926
909	949
909	977
910	193
910	278
910	307
910	318
910	422
910	435
910	492
910	497
910	560
910	590
910	598
910	648
910	660
910	691
910	705
910	720
910	735
910	744
910	745
910	747
910	751
910	818
910	879
910	895
910	899
910	959
910	978
910	986
910	988
910	991
911	13
911	14
911	125
911	215
911	239
911	255
911	258
911	288
911	338
911	371
911	443
911	461
911	505
911	566
911	586
911	616
911	617
911	634
911	722
911	735
911	739
911	825
911	831
911	855
911	864
911	897
911	951
911	973
911	975
911	985
911	996
912	76
912	132
912	170
912	298
912	479
912	489
912	512
912	532
912	573
912	617
912	648
912	668
912	684
912	699
912	703
912	747
912	771
912	774
912	795
912	811
912	812
912	819
912	846
912	850
912	856
912	857
912	890
912	897
912	915
912	987
912	989
913	4
913	7
913	72
913	358
913	364
913	427
913	460
913	522
913	562
913	600
913	671
913	723
913	733
913	759
913	775
913	783
913	818
913	832
913	837
913	842
913	880
913	884
913	902
913	905
913	928
913	935
913	953
913	960
913	992
913	993
913	994
914	2
914	121
914	127
914	210
914	223
914	348
914	398
914	399
914	450
914	512
914	544
914	567
914	580
914	601
914	644
914	764
914	772
914	779
914	838
914	840
914	861
914	886
914	896
914	919
914	927
914	955
914	957
914	976
914	991
914	998
914	1000
915	17
915	44
915	76
915	83
915	249
915	274
915	283
915	305
915	407
915	427
915	431
915	498
915	504
915	607
915	618
915	639
915	656
915	700
915	706
915	716
915	752
915	765
915	767
915	797
915	811
915	840
915	854
915	855
915	882
915	903
915	912
915	975
916	187
916	213
916	246
916	257
916	415
916	499
916	639
916	644
916	650
916	680
916	700
916	727
916	753
916	756
916	760
916	764
916	824
916	838
916	847
916	856
916	898
916	901
916	932
916	942
916	946
916	951
916	954
916	955
916	966
916	974
916	992
916	1000
917	40
917	254
917	328
917	339
917	358
917	383
917	502
917	559
917	578
917	642
917	644
917	653
917	660
917	673
917	712
917	776
917	821
917	823
917	826
917	849
917	888
917	893
917	919
917	938
917	954
917	956
917	966
917	970
917	977
917	979
917	981
917	985
918	97
918	142
918	206
918	265
918	266
918	373
918	451
918	455
918	473
918	494
918	506
918	529
918	533
918	578
918	645
918	654
918	729
918	738
918	742
918	745
918	751
918	796
918	808
918	842
918	845
918	852
918	920
918	964
918	969
918	977
918	993
918	998
919	141
919	185
919	203
919	226
919	255
919	308
919	354
919	375
919	403
919	477
919	485
919	559
919	620
919	638
919	656
919	657
919	663
919	675
919	683
919	752
919	758
919	765
919	802
919	851
919	883
919	914
919	917
919	929
919	952
919	960
919	969
919	974
920	12
920	16
920	80
920	93
920	191
920	199
920	218
920	237
920	302
920	375
920	406
920	430
920	555
920	599
920	667
920	669
920	670
920	674
920	690
920	704
920	709
920	784
920	848
920	895
920	918
920	936
920	937
920	969
920	985
920	986
920	987
920	991
921	155
921	186
921	209
921	210
921	242
921	267
921	397
921	460
921	513
921	572
921	609
921	622
921	631
921	700
921	711
921	716
921	724
921	754
921	757
921	784
921	793
921	848
921	860
921	866
921	906
921	923
921	926
921	936
921	953
921	975
921	977
921	984
922	39
922	56
922	110
922	146
922	204
922	205
922	297
922	324
922	470
922	472
922	535
922	612
922	623
922	634
922	715
922	718
922	728
922	755
922	756
922	770
922	773
922	774
922	786
922	801
922	825
922	904
922	936
922	945
922	959
922	974
922	982
922	996
923	77
923	181
923	201
923	299
923	331
923	402
923	405
923	413
923	425
923	456
923	490
923	558
923	625
923	654
923	678
923	697
923	749
923	750
923	752
923	762
923	763
923	764
923	781
923	785
923	826
923	862
923	881
923	885
923	921
923	961
923	963
923	991
924	15
924	55
924	79
924	85
924	152
924	212
924	303
924	329
924	346
924	406
924	433
924	468
924	493
924	509
924	613
924	661
924	680
924	706
924	820
924	834
924	840
924	867
924	876
924	884
924	901
924	932
924	948
924	958
924	968
924	969
924	970
924	981
924	986
925	23
925	64
925	89
925	124
925	156
925	222
925	243
925	324
925	359
925	380
925	408
925	496
925	575
925	589
925	619
925	626
925	628
925	687
925	708
925	738
925	776
925	787
925	788
925	804
925	813
925	829
925	830
925	837
925	875
925	880
925	983
925	990
925	1000
926	24
926	109
926	194
926	232
926	245
926	317
926	361
926	364
926	432
926	464
926	482
926	544
926	574
926	592
926	604
926	624
926	653
926	811
926	827
926	832
926	841
926	850
926	851
926	857
926	870
926	871
926	880
926	904
926	909
926	921
926	977
926	980
926	986
927	88
927	195
927	235
927	258
927	260
927	266
927	287
927	371
927	471
927	483
927	520
927	547
927	556
927	565
927	586
927	595
927	598
927	652
927	695
927	722
927	735
927	739
927	789
927	790
927	803
927	811
927	829
927	859
927	899
927	908
927	914
927	930
927	995
928	40
928	130
928	140
928	213
928	224
928	303
928	333
928	394
928	402
928	453
928	458
928	467
928	568
928	596
928	615
928	668
928	669
928	700
928	703
928	724
928	787
928	800
928	808
928	813
928	825
928	827
928	831
928	886
928	913
928	937
928	946
928	960
928	966
928	984
929	15
929	23
929	71
929	87
929	123
929	130
929	141
929	226
929	234
929	259
929	315
929	338
929	354
929	375
929	384
929	562
929	620
929	638
929	663
929	675
929	716
929	723
929	758
929	793
929	802
929	824
929	826
929	868
929	919
929	943
929	952
929	967
929	982
929	987
930	45
930	49
930	51
930	62
930	90
930	92
930	142
930	163
930	276
930	286
930	311
930	360
930	499
930	519
930	530
930	535
930	563
930	575
930	587
930	603
930	624
930	693
930	741
930	751
930	769
930	893
930	899
930	927
930	938
930	947
930	961
930	988
930	989
930	990
931	30
931	58
931	68
931	72
931	103
931	134
931	143
931	170
931	216
931	281
931	288
931	429
931	436
931	473
931	510
931	545
931	589
931	665
931	679
931	722
931	725
931	756
931	762
931	778
931	783
931	805
931	839
931	857
931	866
931	899
931	957
931	981
931	984
931	999
932	36
932	55
932	143
932	161
932	166
932	258
932	269
932	372
932	406
932	423
932	433
932	493
932	509
932	522
932	720
932	764
932	765
932	779
932	820
932	830
932	834
932	859
932	867
932	874
932	876
932	878
932	891
932	916
932	924
932	933
932	939
932	958
932	968
932	970
933	8
933	131
933	144
933	212
933	214
933	280
933	366
933	393
933	434
933	502
933	508
933	521
933	590
933	592
933	610
933	621
933	651
933	713
933	717
933	728
933	731
933	743
933	777
933	822
933	847
933	873
933	890
933	932
933	951
933	963
933	964
933	979
933	982
933	993
934	33
934	91
934	118
934	126
934	183
934	279
934	398
934	399
934	403
934	505
934	522
934	558
934	569
934	619
934	627
934	632
934	659
934	671
934	718
934	726
934	736
934	754
934	778
934	791
934	816
934	828
934	829
934	839
934	857
934	891
934	954
934	957
934	965
934	997
934	999
935	4
935	7
935	30
935	161
935	271
935	331
935	365
935	420
935	435
935	457
935	488
935	553
935	573
935	583
935	600
935	606
935	655
935	671
935	708
935	723
935	733
935	766
935	775
935	783
935	802
935	837
935	869
935	887
935	889
935	902
935	913
935	936
935	972
935	977
935	998
936	41
936	67
936	95
936	165
936	178
936	261
936	296
936	318
936	412
936	426
936	447
936	487
936	498
936	501
936	579
936	587
936	588
936	605
936	630
936	701
936	804
936	817
936	849
936	868
936	903
936	920
936	921
936	922
936	935
936	944
936	946
936	950
936	978
936	984
936	990
937	43
937	45
937	160
937	199
937	210
937	324
937	435
937	561
937	595
937	615
937	625
937	658
937	668
937	669
937	690
937	709
937	717
937	734
937	747
937	783
937	800
937	808
937	814
937	824
937	861
937	883
937	890
937	920
937	928
937	946
937	960
937	962
937	966
937	981
937	999
938	14
938	137
938	174
938	196
938	212
938	249
938	254
938	327
938	343
938	358
938	413
938	426
938	451
938	489
938	495
938	502
938	635
938	636
938	642
938	646
938	650
938	653
938	660
938	661
938	663
938	721
938	746
938	776
938	781
938	832
938	917
938	930
938	963
938	983
938	985
938	997
939	101
939	108
939	129
939	144
939	191
939	195
939	206
939	269
939	274
939	280
939	308
939	393
939	401
939	434
939	462
939	468
939	521
939	549
939	577
939	579
939	589
939	610
939	651
939	709
939	732
939	798
939	822
939	830
939	851
939	906
939	932
939	963
939	974
939	979
939	993
939	994
940	73
940	117
940	204
940	211
940	220
940	322
940	348
940	355
940	373
940	378
940	390
940	465
940	471
940	477
940	531
940	536
940	547
940	581
940	594
940	686
940	689
940	697
940	706
940	805
940	868
940	883
940	884
940	896
940	942
940	951
940	954
940	962
940	965
940	980
940	987
940	991
941	102
941	111
941	154
941	227
941	248
941	285
941	362
941	368
941	396
941	416
941	482
941	510
941	512
941	558
941	578
941	587
941	641
941	649
941	687
941	688
941	706
941	766
941	775
941	776
941	797
941	822
941	850
941	852
941	858
941	864
941	870
941	961
941	965
941	977
941	991
941	995
942	22
942	35
942	205
942	246
942	260
942	309
942	355
942	395
942	469
942	531
942	548
942	615
942	652
942	686
942	688
942	689
942	721
942	773
942	786
942	792
942	809
942	854
942	892
942	908
942	916
942	940
942	943
942	950
942	958
942	962
942	965
942	976
942	980
942	987
942	996
942	1000
943	59
943	210
943	237
943	244
943	248
943	272
943	350
943	391
943	428
943	447
943	464
943	502
943	523
943	577
943	581
943	689
943	707
943	736
943	772
943	773
943	780
943	805
943	809
943	846
943	874
943	883
943	892
943	929
943	942
943	950
943	951
943	965
943	970
943	979
943	987
943	992
944	20
944	66
944	95
944	165
944	261
944	290
944	312
944	406
944	421
944	487
944	501
944	502
944	579
944	588
944	589
944	603
944	605
944	626
944	630
944	684
944	701
944	721
944	740
944	752
944	822
944	842
944	849
944	854
944	893
944	936
944	950
944	970
944	971
944	977
944	990
944	995
945	60
945	61
945	114
945	132
945	152
945	349
945	352
945	374
945	392
945	424
945	448
945	519
945	534
945	536
945	546
945	604
945	612
945	622
945	637
945	642
945	683
945	709
945	801
945	830
945	840
945	859
945	877
945	886
945	889
945	902
945	904
945	922
945	963
945	974
945	982
945	991
946	11
946	41
946	43
946	140
946	159
946	192
946	203
946	253
946	350
946	359
946	394
946	417
946	538
946	570
946	597
946	615
946	625
946	656
946	696
946	717
946	736
946	739
946	747
946	774
946	784
946	800
946	808
946	825
946	830
946	831
946	862
946	916
946	928
946	936
946	937
946	966
946	998
947	45
947	51
947	60
947	148
947	151
947	198
947	246
947	303
947	383
947	385
947	440
947	488
947	499
947	530
947	535
947	611
947	621
947	661
947	727
947	734
947	741
947	753
947	796
947	799
947	820
947	821
947	835
947	858
947	863
947	893
947	905
947	930
947	951
947	960
947	961
947	987
947	988
948	4
948	74
948	173
948	257
948	277
948	306
948	315
948	343
948	352
948	386
948	392
948	410
948	441
948	475
948	508
948	519
948	539
948	543
948	554
948	593
948	604
948	616
948	629
948	701
948	715
948	727
948	782
948	784
948	803
948	817
948	844
948	863
948	895
948	924
948	965
948	975
948	994
949	72
949	190
949	194
949	210
949	245
949	265
949	314
949	317
949	320
949	361
949	390
949	452
949	482
949	505
949	526
949	536
949	538
949	547
949	622
949	725
949	726
949	764
949	798
949	807
949	820
949	832
949	841
949	845
949	851
949	865
949	871
949	887
949	895
949	909
949	957
949	977
949	989
950	20
950	66
950	96
950	178
950	194
950	334
950	354
950	356
950	412
950	421
950	447
950	484
950	487
950	501
950	504
950	546
950	561
950	579
950	588
950	603
950	614
950	630
950	701
950	732
950	762
950	772
950	836
950	843
950	849
950	889
950	903
950	936
950	942
950	943
950	944
950	966
950	988
950	990
951	124
951	129
951	164
951	202
951	261
951	390
951	523
951	527
951	531
951	536
951	581
951	614
951	631
951	686
951	748
951	773
951	789
951	809
951	826
951	841
951	854
951	873
951	876
951	880
951	883
951	892
951	911
951	916
951	933
951	940
951	943
951	947
951	965
951	980
951	987
951	992
951	995
951	997
952	11
952	54
952	71
952	102
952	167
952	226
952	295
952	338
952	353
952	354
952	379
952	384
952	451
952	452
952	477
952	485
952	505
952	531
952	553
952	556
952	571
952	604
952	607
952	615
952	620
952	675
952	683
952	747
952	758
952	780
952	802
952	826
952	842
952	844
952	919
952	929
952	964
952	1000
953	5
953	100
953	174
953	186
953	252
953	286
953	302
953	362
953	476
953	480
953	513
953	518
953	608
953	609
953	631
953	677
953	679
953	738
953	754
953	788
953	797
953	806
953	815
953	848
953	854
953	855
953	860
953	863
953	870
953	872
953	906
953	913
953	921
953	971
953	972
953	975
953	979
953	993
954	10
954	18
954	33
954	61
954	162
954	399
954	401
954	511
954	526
954	552
954	567
954	569
954	619
954	632
954	702
954	719
954	726
954	736
954	744
954	763
954	767
954	768
954	769
954	791
954	822
954	824
954	828
954	840
954	844
954	845
954	891
954	916
954	917
954	934
954	940
954	957
954	984
954	992
955	8
955	50
955	127
955	383
955	439
955	504
955	544
955	580
955	658
955	663
955	693
955	733
955	737
955	779
955	797
955	801
955	807
955	814
955	815
955	847
955	861
955	863
955	869
955	888
955	896
955	897
955	898
955	901
955	914
955	916
955	960
955	964
955	971
955	975
955	994
955	996
955	998
955	1000
956	1
956	32
956	103
956	134
956	143
956	259
956	274
956	314
956	387
956	414
956	420
956	429
956	436
956	445
956	473
956	480
956	510
956	518
956	537
956	545
956	568
956	597
956	609
956	652
956	665
956	681
956	682
956	698
956	725
956	740
956	771
956	778
956	795
956	829
956	839
956	897
956	917
956	965
956	997
957	14
957	82
957	118
957	126
957	183
957	207
957	270
957	279
957	381
957	456
957	465
957	478
957	484
957	522
957	599
957	682
957	694
957	702
957	722
957	736
957	769
957	786
957	791
957	812
957	828
957	829
957	856
957	864
957	891
957	904
957	914
957	931
957	934
957	949
957	954
957	959
957	992
957	997
957	1000
958	22
958	50
958	53
958	116
958	152
958	241
958	292
958	350
958	372
958	411
958	430
958	487
958	493
958	496
958	509
958	546
958	611
958	648
958	705
958	708
958	744
958	820
958	823
958	834
958	851
958	859
958	867
958	869
958	876
958	895
958	899
958	924
958	932
958	942
958	968
958	970
958	983
958	988
958	989
959	24
959	31
959	117
959	193
959	215
959	389
959	422
959	453
959	492
959	500
959	547
959	559
959	574
959	582
959	606
959	607
959	617
959	687
959	721
959	737
959	744
959	755
959	764
959	794
959	818
959	823
959	827
959	846
959	869
959	870
959	893
959	896
959	899
959	910
959	922
959	957
959	961
959	978
959	986
959	991
960	31
960	106
960	130
960	192
960	210
960	231
960	253
960	290
960	336
960	369
960	377
960	458
960	487
960	561
960	615
960	616
960	625
960	657
960	668
960	669
960	711
960	745
960	747
960	796
960	800
960	812
960	828
960	831
960	857
960	862
960	868
960	894
960	913
960	919
960	928
960	937
960	947
960	955
960	961
960	995
961	15
961	60
961	90
961	135
961	157
961	198
961	260
961	303
961	304
961	309
961	311
961	390
961	474
961	499
961	500
961	530
961	648
961	650
961	686
961	693
961	731
961	734
961	741
961	753
961	769
961	771
961	781
961	782
961	799
961	893
961	898
961	923
961	930
961	941
961	947
961	959
961	960
961	981
961	988
961	991
962	52
962	197
962	262
962	276
962	325
962	356
962	382
962	395
962	413
962	415
962	486
962	500
962	555
962	573
962	576
962	601
962	635
962	641
962	654
962	680
962	686
962	710
962	750
962	761
962	763
962	772
962	810
962	835
962	836
962	843
962	873
962	887
962	937
962	940
962	942
962	967
962	971
962	974
962	990
962	999
963	101
963	131
963	212
963	284
963	296
963	310
963	377
963	423
963	426
963	434
963	445
963	448
963	468
963	482
963	514
963	523
963	533
963	543
963	549
963	596
963	647
963	651
963	713
963	730
963	732
963	755
963	777
963	792
963	818
963	822
963	861
963	863
963	903
963	923
963	933
963	938
963	939
963	945
963	967
963	979
963	993
964	10
964	137
964	142
964	151
964	157
964	204
964	211
964	238
964	265
964	371
964	373
964	388
964	398
964	418
964	451
964	453
964	455
964	494
964	515
964	533
964	645
964	696
964	707
964	739
964	743
964	745
964	748
964	751
964	796
964	842
964	850
964	852
964	875
964	884
964	901
964	904
964	906
964	918
964	933
964	952
964	955
964	992
965	129
965	233
965	246
965	300
965	322
965	348
965	352
965	370
965	450
965	464
965	469
965	471
965	527
965	548
965	602
965	614
965	621
965	633
965	689
965	707
965	767
965	773
965	809
965	813
965	846
965	871
965	883
965	892
965	934
965	940
965	941
965	942
965	943
965	948
965	951
965	956
965	968
965	979
965	980
965	987
965	993
965	996
966	26
966	106
966	190
966	213
966	224
966	253
966	377
966	393
966	402
966	417
966	498
966	561
966	615
966	625
966	651
966	652
966	657
966	688
966	698
966	699
966	725
966	747
966	790
966	808
966	812
966	825
966	831
966	833
966	861
966	862
966	868
966	900
966	904
966	916
966	917
966	928
966	937
966	946
966	950
966	986
966	987
966	999
967	29
967	54
967	78
967	124
967	180
967	262
967	269
967	294
967	325
967	355
967	356
967	369
967	376
967	382
967	395
967	413
967	415
967	486
967	528
967	563
967	583
967	613
967	682
967	710
967	716
967	736
967	750
967	763
967	772
967	788
967	805
967	836
967	843
967	853
967	877
967	904
967	929
967	962
967	963
967	971
967	987
967	999
968	22
968	42
968	55
968	116
968	184
968	239
968	241
968	292
968	308
968	350
968	355
968	372
968	383
968	411
968	423
968	474
968	493
968	509
968	551
968	578
968	613
968	667
968	691
968	717
968	770
968	790
968	803
968	820
968	834
968	839
968	852
968	859
968	865
968	867
968	876
968	897
968	924
968	932
968	958
968	965
968	970
968	1000
969	16
969	80
969	92
969	93
969	163
969	168
969	191
969	193
969	237
969	240
969	302
969	308
969	323
969	369
969	430
969	454
969	507
969	515
969	540
969	555
969	584
969	645
969	654
969	667
969	670
969	674
969	709
969	711
969	740
969	761
969	784
969	806
969	819
969	838
969	849
969	867
969	870
969	885
969	918
969	919
969	920
969	924
970	22
970	75
970	79
970	152
970	166
970	292
970	296
970	350
970	372
970	406
970	411
970	423
970	433
970	489
970	493
970	503
970	504
970	613
970	620
970	637
970	679
970	681
970	784
970	788
970	790
970	808
970	820
970	834
970	859
970	867
970	872
970	876
970	883
970	898
970	917
970	924
970	932
970	943
970	944
970	958
970	968
970	977
970	981
971	18
971	85
971	107
971	197
971	224
971	262
971	291
971	325
971	382
971	395
971	401
971	413
971	415
971	475
971	486
971	500
971	511
971	523
971	528
971	598
971	654
971	710
971	749
971	750
971	769
971	772
971	792
971	796
971	832
971	834
971	836
971	843
971	850
971	853
971	897
971	944
971	953
971	955
971	962
971	967
971	990
971	992
971	999
972	185
972	187
972	236
972	323
972	425
972	450
972	466
972	489
972	571
972	580
972	601
972	611
972	623
972	630
972	639
972	644
972	668
972	671
972	690
972	697
972	700
972	720
972	727
972	740
972	764
972	779
972	814
972	821
972	824
972	838
972	847
972	849
972	874
972	875
972	886
972	887
972	898
972	935
972	953
972	980
972	996
972	998
972	1000
973	9
973	103
973	108
973	130
973	132
973	143
973	169
973	203
973	215
973	222
973	307
973	321
973	343
973	369
973	398
973	467
973	476
973	489
973	511
973	532
973	542
973	623
973	648
973	659
973	683
973	684
973	699
973	749
973	760
973	771
973	790
973	795
973	817
973	819
973	833
973	846
973	857
973	864
973	867
973	897
973	911
973	989
973	993
974	10
974	39
974	114
974	156
974	205
974	214
974	315
974	339
974	360
974	378
974	381
974	433
974	434
974	445
974	472
974	477
974	485
974	503
974	529
974	564
974	612
974	622
974	634
974	637
974	651
974	666
974	673
974	742
974	756
974	786
974	801
974	836
974	877
974	886
974	900
974	904
974	916
974	919
974	922
974	939
974	945
974	962
974	982
975	5
975	66
975	140
975	186
975	306
975	407
975	492
975	493
975	513
975	518
975	544
975	564
975	597
975	610
975	621
975	655
975	679
975	696
975	754
975	757
975	786
975	793
975	794
975	803
975	806
975	814
975	831
975	833
975	855
975	856
975	860
975	872
975	873
975	902
975	906
975	911
975	915
975	921
975	948
975	953
975	955
975	984
975	988
975	993
976	25
976	27
976	86
976	98
976	192
976	225
976	230
976	254
976	262
976	289
976	329
976	353
976	372
976	375
976	410
976	416
976	445
976	481
976	524
976	529
976	558
976	566
976	591
976	610
976	678
976	691
976	696
976	698
976	711
976	712
976	713
976	755
976	767
976	777
976	806
976	813
976	858
976	886
976	890
976	895
976	907
976	914
976	942
976	984
977	24
977	176
977	190
977	194
977	227
977	251
977	320
977	357
977	361
977	439
977	441
977	452
977	482
977	564
977	574
977	594
977	624
977	646
977	680
977	689
977	735
977	758
977	798
977	816
977	832
977	841
977	845
977	850
977	851
977	862
977	871
977	880
977	897
977	905
977	909
977	917
977	918
977	921
977	926
977	935
977	941
977	944
977	949
977	970
978	117
978	122
978	128
978	156
978	160
978	215
978	273
978	278
978	307
978	313
978	370
978	403
978	444
978	477
978	487
978	516
978	540
978	559
978	560
978	573
978	590
978	606
978	607
978	617
978	625
978	721
978	794
978	823
978	829
978	848
978	851
978	855
978	856
978	861
978	869
978	870
978	899
978	903
978	910
978	936
978	959
978	986
978	991
978	999
979	28
979	43
979	50
979	63
979	131
979	200
979	214
979	230
979	236
979	280
979	308
979	310
979	351
979	393
979	434
979	494
979	499
979	508
979	514
979	549
979	577
979	596
979	604
979	628
979	651
979	822
979	835
979	849
979	863
979	871
979	877
979	887
979	891
979	894
979	917
979	933
979	939
979	943
979	953
979	963
979	965
979	983
979	991
979	993
980	18
980	56
980	138
980	158
980	164
980	177
980	197
980	212
980	217
980	244
980	246
980	248
980	270
980	278
980	355
980	357
980	370
980	390
980	428
980	464
980	469
980	479
980	493
980	537
980	548
980	564
980	581
980	614
980	662
980	671
980	760
980	808
980	843
980	883
980	892
980	903
980	926
980	940
980	942
980	951
980	965
980	972
980	993
980	999
981	1
981	30
981	33
981	58
981	68
981	105
981	113
981	134
981	143
981	214
981	216
981	238
981	239
981	265
981	274
981	314
981	379
981	387
981	429
981	436
981	445
981	472
981	473
981	480
981	543
981	545
981	562
981	565
981	568
981	582
981	665
981	740
981	756
981	778
981	816
981	821
981	839
981	908
981	917
981	924
981	931
981	937
981	961
981	970
982	4
982	122
982	146
982	252
982	318
982	326
982	337
982	348
982	374
982	378
982	424
982	448
982	463
982	470
982	472
982	503
982	546
982	587
982	594
982	599
982	612
982	622
982	646
982	666
982	698
982	699
982	705
982	724
982	735
982	745
982	757
982	786
982	789
982	801
982	844
982	881
982	922
982	929
982	933
982	945
982	974
982	984
982	991
982	993
983	19
983	23
983	36
983	44
983	94
983	119
983	149
983	183
983	219
983	221
983	226
983	316
983	324
983	341
983	365
983	380
983	399
983	496
983	551
983	556
983	589
983	591
983	593
983	626
983	671
983	677
983	680
983	684
983	687
983	708
983	713
983	760
983	762
983	788
983	804
983	830
983	875
983	890
983	891
983	925
983	938
983	958
983	979
983	994
983	995
984	57
984	84
984	100
984	132
984	244
984	286
984	306
984	409
984	483
984	499
984	513
984	564
984	571
984	609
984	679
984	682
984	685
984	692
984	696
984	703
984	725
984	757
984	782
984	792
984	793
984	794
984	803
984	839
984	848
984	852
984	855
984	856
984	860
984	872
984	893
984	906
984	921
984	928
984	931
984	936
984	954
984	975
984	976
984	982
984	985
985	64
985	96
985	106
985	150
985	171
985	174
985	182
985	200
985	229
985	368
985	385
985	389
985	446
985	495
985	540
985	554
985	580
985	612
985	636
985	642
985	650
985	653
985	656
985	661
985	668
985	673
985	705
985	731
985	746
985	750
985	776
985	789
985	810
985	819
985	824
985	861
985	883
985	888
985	895
985	903
985	911
985	917
985	920
985	938
985	984
986	16
986	70
986	117
986	193
986	273
986	307
986	313
986	354
986	422
986	442
986	492
986	560
986	565
986	572
986	590
986	597
986	606
986	618
986	638
986	720
986	721
986	741
986	745
986	764
986	766
986	807
986	809
986	818
986	827
986	829
986	839
986	841
986	845
986	869
986	870
986	871
986	872
986	910
986	920
986	924
986	926
986	959
986	966
986	978
986	991
986	998
987	60
987	61
987	117
987	126
987	155
987	164
987	317
987	345
987	348
987	357
987	428
987	464
987	498
987	523
987	536
987	537
987	548
987	568
987	598
987	608
987	614
987	652
987	686
987	695
987	707
987	753
987	773
987	805
987	809
987	821
987	827
987	841
987	884
987	892
987	902
987	912
987	920
987	929
987	940
987	942
987	943
987	947
987	951
987	965
987	966
987	967
988	15
988	16
988	60
988	62
988	76
988	88
988	90
988	151
988	198
988	256
988	303
988	304
988	326
988	347
988	385
988	440
988	448
988	474
988	488
988	499
988	530
988	533
988	624
988	632
988	639
988	660
988	693
988	701
988	734
988	738
988	753
988	769
988	788
988	796
988	799
988	819
988	883
988	893
988	910
988	930
988	947
988	950
988	958
988	961
988	975
988	998
989	21
989	35
989	87
989	103
989	159
989	169
989	171
989	378
989	397
989	407
989	437
989	467
989	477
989	489
989	491
989	504
989	525
989	532
989	542
989	606
989	616
989	691
989	699
989	703
989	723
989	749
989	750
989	774
989	783
989	790
989	795
989	819
989	830
989	833
989	846
989	849
989	853
989	857
989	877
989	897
989	903
989	912
989	930
989	949
989	958
989	973
990	20
990	62
990	66
990	95
990	165
990	178
990	261
990	297
990	334
990	364
990	384
990	400
990	412
990	421
990	447
990	485
990	487
990	501
990	525
990	557
990	579
990	588
990	603
990	605
990	612
990	630
990	656
990	674
990	701
990	719
990	729
990	740
990	800
990	802
990	836
990	849
990	860
990	903
990	925
990	930
990	936
990	944
990	950
990	962
990	971
990	994
990	998
991	34
991	70
991	128
991	151
991	154
991	215
991	229
991	307
991	313
991	325
991	370
991	388
991	391
991	422
991	442
991	453
991	492
991	503
991	559
991	580
991	590
991	617
991	623
991	697
991	721
991	745
991	793
991	799
991	815
991	818
991	827
991	869
991	870
991	899
991	910
991	914
991	920
991	923
991	940
991	941
991	945
991	959
991	961
991	978
991	979
991	982
991	986
991	997
992	18
992	29
992	33
992	49
992	126
992	162
992	228
992	258
992	371
992	381
992	399
992	401
992	403
992	431
992	465
992	478
992	484
992	522
992	557
992	569
992	585
992	632
992	647
992	650
992	665
992	719
992	726
992	734
992	736
992	763
992	776
992	782
992	791
992	806
992	828
992	829
992	861
992	891
992	902
992	907
992	913
992	916
992	943
992	951
992	954
992	957
992	964
992	971
993	8
993	22
993	50
993	63
993	101
993	131
993	158
993	181
993	208
993	214
993	280
993	391
993	426
993	508
993	521
993	549
993	571
993	577
993	596
993	610
993	628
993	641
993	651
993	655
993	696
993	713
993	723
993	726
993	742
993	777
993	799
993	807
993	822
993	863
993	882
993	893
993	913
993	918
993	933
993	939
993	953
993	963
993	965
993	973
993	975
993	979
993	980
993	982
994	5
994	131
994	144
994	173
994	178
994	188
994	218
994	231
994	277
994	297
994	315
994	319
994	342
994	343
994	352
994	386
994	392
994	410
994	519
994	539
994	543
994	564
994	591
994	593
994	604
994	629
994	641
994	657
994	666
994	671
994	678
994	685
994	688
994	705
994	715
994	723
994	782
994	816
994	817
994	833
994	844
994	895
994	902
994	913
994	939
994	948
994	955
994	983
994	990
995	8
995	12
995	105
995	111
995	154
995	172
995	182
995	185
995	236
995	270
995	285
995	300
995	308
995	366
995	368
995	380
995	396
995	397
995	416
995	467
995	551
995	572
995	578
995	587
995	608
995	615
995	648
995	649
995	688
995	706
995	727
995	755
995	759
995	766
995	779
995	797
995	820
995	829
995	858
995	864
995	865
995	873
995	897
995	927
995	941
995	944
995	951
995	960
995	983
996	8
996	77
996	257
996	281
996	299
996	432
996	443
996	466
996	471
996	485
996	506
996	532
996	544
996	570
996	587
996	611
996	639
996	644
996	658
996	659
996	667
996	675
996	680
996	700
996	701
996	727
996	734
996	739
996	773
996	779
996	780
996	812
996	814
996	824
996	847
996	862
996	874
996	887
996	896
996	898
996	901
996	911
996	922
996	942
996	955
996	965
996	972
996	998
996	1000
997	40
997	54
997	65
997	69
997	120
997	147
997	149
997	153
997	184
997	189
997	200
997	208
997	237
997	245
997	256
997	275
997	379
997	432
997	464
997	508
997	526
997	576
997	591
997	617
997	633
997	642
997	659
997	664
997	674
997	682
997	687
997	703
997	710
997	728
997	737
997	742
997	756
997	770
997	782
997	787
997	859
997	878
997	882
997	934
997	938
997	951
997	956
997	957
997	991
998	19
998	23
998	187
998	223
998	306
998	312
998	367
998	425
998	432
998	448
998	464
998	524
998	543
998	554
998	580
998	595
998	611
998	616
998	623
998	639
998	648
998	657
998	680
998	700
998	741
998	746
998	750
998	764
998	770
998	807
998	824
998	838
998	847
998	858
998	861
998	862
998	898
998	901
998	914
998	918
998	935
998	946
998	955
998	972
998	986
998	988
998	990
998	996
998	1000
999	29
999	52
999	85
999	173
999	180
999	197
999	239
999	240
999	273
999	276
999	291
999	312
999	325
999	356
999	365
999	382
999	395
999	413
999	468
999	486
999	528
999	648
999	654
999	672
999	694
999	706
999	710
999	721
999	729
999	750
999	770
999	772
999	792
999	814
999	836
999	843
999	848
999	853
999	877
999	891
999	896
999	931
999	934
999	937
999	962
999	966
999	967
999	971
999	978
999	980
1000	19
1000	280
1000	354
1000	485
1000	539
1000	541
1000	563
1000	570
1000	580
1000	586
1000	623
1000	639
1000	660
1000	666
1000	680
1000	725
1000	727
1000	729
1000	760
1000	794
1000	805
1000	807
1000	814
1000	815
1000	817
1000	824
1000	842
1000	844
1000	847
1000	861
1000	864
1000	874
1000	875
1000	884
1000	889
1000	896
1000	898
1000	901
1000	906
1000	914
1000	916
1000	925
1000	942
1000	952
1000	955
1000	957
1000	968
1000	972
1000	996
1000	998
