1	723
1	939
1	1215
1	1329
1	1347
1	1363
1	1377
1	1399
1	1420
1	1438
2	11
2	347
2	401
2	993
2	1094
2	1243
2	1246
2	1428
2	1465
2	1472
3	80
3	430
3	680
3	720
3	810
3	844
3	1173
3	1199
3	1319
3	1447
4	51
4	607
4	1103
4	1308
4	1314
4	1321
4	1370
4	1410
4	1459
4	1489
5	148
5	328
5	481
5	494
5	754
5	801
5	999
5	1164
5	1190
5	1318
6	312
6	338
6	458
6	657
6	1052
6	1196
6	1277
6	1370
6	1459
6	1482
7	41
7	727
7	917
7	999
7	1113
7	1197
7	1287
7	1435
7	1481
7	1482
8	194
8	196
8	441
8	459
8	1010
8	1099
8	1292
8	1417
8	1419
8	1457
9	86
9	409
9	491
9	514
9	672
9	1238
9	1246
9	1345
9	1469
9	1495
10	330
10	433
10	760
10	796
10	1094
10	1221
10	1230
10	1350
10	1481
10	1483
11	2
11	407
11	887
11	1162
11	1186
11	1291
11	1343
11	1378
11	1428
11	1430
12	208
12	293
12	785
12	943
12	1300
12	1360
12	1370
12	1393
12	1483
12	1492
13	413
13	977
13	1046
13	1104
13	1151
13	1195
13	1319
13	1389
13	1427
13	1494
14	107
14	482
14	747
14	802
14	899
14	957
14	1060
14	1176
14	1220
14	1489
15	81
15	538
15	827
15	844
15	848
15	964
15	1235
15	1293
15	1403
15	1456
16	322
16	368
16	434
16	536
16	1074
16	1178
16	1200
16	1265
16	1393
16	1489
17	274
17	914
17	1052
17	1109
17	1138
17	1299
17	1337
17	1383
17	1437
17	1448
18	524
18	816
18	1015
18	1017
18	1210
18	1220
18	1271
18	1286
18	1449
18	1485
19	635
19	967
19	1056
19	1290
19	1324
19	1360
19	1400
19	1419
19	1461
19	1496
20	170
20	1006
20	1015
20	1144
20	1235
20	1285
20	1293
20	1389
20	1417
20	1450
21	422
21	779
21	855
21	1014
21	1158
21	1291
21	1404
21	1414
21	1445
21	1467
22	456
22	881
22	946
22	1017
22	1176
22	1215
22	1237
22	1263
22	1463
22	1495
23	134
23	499
23	610
23	649
23	695
23	1067
23	1148
23	1171
23	1353
23	1390
24	352
24	865
24	909
24	1023
24	1191
24	1228
24	1311
24	1451
24	1487
24	1497
25	178
25	196
25	472
25	544
25	785
25	1013
25	1209
25	1412
25	1473
25	1480
26	103
26	106
26	247
26	403
26	737
26	902
26	1134
26	1296
26	1302
26	1354
27	885
27	899
27	900
27	1138
27	1274
27	1338
27	1354
27	1390
27	1432
27	1458
28	673
28	1043
28	1161
28	1165
28	1228
28	1246
28	1427
28	1487
28	1493
28	1495
29	404
29	572
29	715
29	996
29	1118
29	1222
29	1271
29	1337
29	1398
29	1448
30	94
30	483
30	906
30	982
30	984
30	1020
30	1212
30	1323
30	1339
30	1473
31	458
31	1007
31	1012
31	1115
31	1249
31	1251
31	1355
31	1437
31	1466
31	1490
32	436
32	495
32	965
32	1193
32	1227
32	1356
32	1375
32	1388
32	1409
32	1411
33	609
33	834
33	1113
33	1238
33	1272
33	1348
33	1383
33	1433
33	1435
33	1469
34	440
34	497
34	632
34	754
34	783
34	1062
34	1186
34	1189
34	1289
34	1327
35	437
35	635
35	748
35	1164
35	1343
35	1346
35	1373
35	1444
35	1474
35	1491
36	467
36	792
36	872
36	999
36	1223
36	1400
36	1458
36	1464
36	1484
36	1496
37	175
37	488
37	683
37	926
37	1248
37	1311
37	1454
37	1489
37	1492
37	1497
38	108
38	296
38	448
38	1010
38	1120
38	1273
38	1326
38	1393
38	1455
38	1479
39	460
39	673
39	980
39	1046
39	1059
39	1094
39	1302
39	1353
39	1390
39	1427
40	418
40	518
40	530
40	837
40	856
40	980
40	1059
40	1134
40	1155
40	1495
41	7
41	492
41	526
41	541
41	584
41	1088
41	1102
41	1134
41	1269
41	1454
42	860
42	876
42	1314
42	1372
42	1414
42	1422
42	1424
42	1434
42	1468
42	1488
43	386
43	1183
43	1231
43	1275
43	1354
43	1357
43	1397
43	1407
43	1441
43	1475
44	103
44	273
44	503
44	602
44	605
44	775
44	1328
44	1365
44	1403
44	1482
45	238
45	512
45	1027
45	1124
45	1207
45	1253
45	1311
45	1373
45	1476
45	1491
46	548
46	573
46	770
46	910
46	1226
46	1267
46	1453
46	1461
46	1464
46	1489
47	238
47	310
47	1231
47	1253
47	1297
47	1315
47	1413
47	1441
47	1475
47	1486
48	314
48	679
48	1142
48	1276
48	1332
48	1430
48	1433
48	1484
48	1490
48	1493
49	297
49	476
49	778
49	792
49	1012
49	1042
49	1148
49	1171
49	1274
49	1471
50	284
50	437
50	645
50	1117
50	1323
50	1326
50	1345
50	1439
50	1455
50	1500
51	4
51	313
51	329
51	762
51	781
51	1090
51	1139
51	1406
51	1418
51	1455
52	399
52	1123
52	1181
52	1239
52	1243
52	1258
52	1299
52	1362
52	1448
52	1465
53	499
53	538
53	543
53	903
53	1085
53	1148
53	1180
53	1213
53	1291
53	1363
54	452
54	495
54	783
54	842
54	1014
54	1019
54	1156
54	1259
54	1327
54	1470
55	466
55	484
55	574
55	804
55	924
55	1212
55	1360
55	1364
55	1403
55	1452
56	449
56	894
56	1103
56	1133
56	1253
56	1347
56	1410
56	1459
56	1481
56	1485
57	194
57	252
57	616
57	722
57	756
57	870
57	1106
57	1302
57	1318
57	1319
58	287
58	948
58	1021
58	1132
58	1357
58	1412
58	1419
58	1440
58	1446
58	1464
59	374
59	528
59	828
59	870
59	1208
59	1286
59	1388
59	1409
59	1411
59	1460
60	633
60	971
60	1007
60	1024
60	1121
60	1169
60	1295
60	1359
60	1417
60	1437
61	268
61	1044
61	1065
61	1165
61	1295
61	1301
61	1404
61	1426
61	1434
61	1468
62	84
62	115
62	415
62	591
62	735
62	924
62	1032
62	1155
62	1159
62	1387
63	90
63	252
63	512
63	1102
63	1147
63	1157
63	1204
63	1225
63	1263
63	1459
64	318
64	857
64	924
64	986
64	1229
64	1345
64	1355
64	1390
64	1395
64	1426
65	277
65	427
65	528
65	720
65	1041
65	1131
65	1233
65	1277
65	1391
65	1447
66	140
66	579
66	1070
66	1098
66	1241
66	1307
66	1436
66	1479
66	1481
66	1498
67	1024
67	1087
67	1166
67	1284
67	1295
67	1310
67	1438
67	1445
67	1452
67	1480
68	499
68	649
68	688
68	1110
68	1265
68	1369
68	1423
68	1453
68	1460
68	1480
69	84
69	762
69	955
69	983
69	1029
69	1134
69	1208
69	1366
69	1404
69	1418
70	552
70	769
70	934
70	1085
70	1227
70	1309
70	1414
70	1419
70	1451
70	1468
71	719
71	762
71	1145
71	1161
71	1187
71	1326
71	1402
71	1439
71	1445
71	1455
72	364
72	477
72	583
72	781
72	1060
72	1084
72	1106
72	1220
72	1310
72	1342
73	107
73	291
73	1136
73	1173
73	1185
73	1283
73	1346
73	1402
73	1460
73	1490
74	533
74	667
74	692
74	741
74	820
74	935
74	976
74	1132
74	1408
74	1496
75	107
75	367
75	440
75	582
75	627
75	1161
75	1289
75	1427
75	1457
75	1462
76	522
76	797
76	947
76	1241
76	1242
76	1393
76	1421
76	1437
76	1439
76	1500
77	401
77	721
77	888
77	944
77	1055
77	1067
77	1297
77	1331
77	1387
77	1499
78	234
78	277
78	442
78	569
78	939
78	1060
78	1312
78	1412
78	1458
78	1473
79	135
79	447
79	489
79	743
79	1254
79	1283
79	1314
79	1406
79	1465
79	1488
80	3
80	292
80	505
80	528
80	659
80	1276
80	1432
80	1445
80	1483
80	1492
81	15
81	264
81	487
81	955
81	971
81	1144
81	1377
81	1436
81	1466
81	1476
82	141
82	204
82	403
82	489
82	641
82	655
82	800
82	1269
82	1404
82	1407
83	1055
83	1100
83	1125
83	1162
83	1292
83	1341
83	1363
83	1374
83	1422
83	1438
84	62
84	69
84	112
84	163
84	406
84	974
84	1167
84	1187
84	1431
84	1464
85	97
85	154
85	661
85	814
85	848
85	994
85	1156
85	1214
85	1423
85	1485
86	9
86	277
86	375
86	581
86	632
86	1047
86	1376
86	1454
86	1473
86	1486
87	146
87	379
87	565
87	1140
87	1238
87	1304
87	1327
87	1378
87	1428
87	1476
88	443
88	681
88	1070
88	1150
88	1173
88	1207
88	1377
88	1379
88	1478
88	1486
89	1122
89	1149
89	1339
89	1340
89	1344
89	1361
89	1431
89	1453
89	1467
89	1492
90	63
90	661
90	712
90	898
90	1051
90	1225
90	1419
90	1469
90	1474
90	1488
91	139
91	500
91	678
91	1026
91	1043
91	1118
91	1306
91	1367
91	1398
91	1448
92	537
92	872
92	895
92	913
92	1093
92	1110
92	1128
92	1376
92	1394
92	1432
93	204
93	504
93	669
93	805
93	1253
93	1259
93	1266
93	1308
93	1378
93	1428
94	30
94	529
94	532
94	912
94	915
94	1020
94	1099
94	1246
94	1270
94	1436
95	871
95	1111
95	1178
95	1268
95	1293
95	1377
95	1393
95	1417
95	1466
95	1484
96	551
96	731
96	775
96	1244
96	1253
96	1260
96	1277
96	1308
96	1459
96	1496
97	85
97	237
97	567
97	683
97	1107
97	1304
97	1320
97	1330
97	1474
97	1489
98	358
98	361
98	666
98	675
98	734
98	739
98	797
98	1060
98	1240
98	1415
99	438
99	508
99	941
99	968
99	982
99	1017
99	1099
99	1209
99	1339
99	1387
100	152
100	271
100	291
100	569
100	1016
100	1175
100	1337
100	1341
100	1390
100	1392
101	424
101	773
101	1137
101	1149
101	1205
101	1225
101	1279
101	1292
101	1350
101	1445
102	449
102	937
102	939
102	1054
102	1196
102	1222
102	1333
102	1353
102	1449
102	1450
103	26
103	44
103	311
103	593
103	648
103	1120
103	1145
103	1323
103	1455
103	1463
104	403
104	581
104	612
104	671
104	1043
104	1206
104	1260
104	1326
104	1439
104	1455
105	329
105	885
105	978
105	998
105	1068
105	1079
105	1298
105	1302
105	1427
105	1450
106	26
106	191
106	426
106	737
106	958
106	968
106	1079
106	1106
106	1371
106	1490
107	14
107	73
107	75
107	956
107	979
107	1048
107	1118
107	1198
107	1217
107	1415
108	38
108	211
108	265
108	293
108	778
108	1189
108	1224
108	1285
108	1445
108	1481
109	204
109	242
109	1112
109	1166
109	1169
109	1298
109	1366
109	1454
109	1486
109	1499
110	148
110	534
110	686
110	774
110	784
110	1030
110	1338
110	1401
110	1432
110	1457
111	386
111	652
111	712
111	976
111	1152
111	1374
111	1383
111	1446
111	1476
111	1496
112	84
112	271
112	780
112	905
112	944
112	1177
112	1313
112	1331
112	1446
112	1499
113	359
113	419
113	879
113	923
113	930
113	1247
113	1289
113	1377
113	1447
113	1455
114	602
114	739
114	1055
114	1086
114	1169
114	1297
114	1356
114	1399
114	1488
114	1499
115	62
115	489
115	642
115	646
115	916
115	923
115	1075
115	1114
115	1144
115	1342
116	174
116	400
116	533
116	727
116	823
116	975
116	1073
116	1237
116	1345
116	1495
117	132
117	242
117	466
117	535
117	685
117	957
117	1192
117	1400
117	1459
117	1461
118	499
118	722
118	799
118	852
118	885
118	995
118	1012
118	1158
118	1226
118	1395
119	214
119	384
119	752
119	802
119	1205
119	1394
119	1412
119	1421
119	1472
119	1495
120	389
120	730
120	828
120	997
120	1145
120	1204
120	1234
120	1422
120	1439
120	1441
121	123
121	582
121	771
121	1013
121	1015
121	1272
121	1296
121	1333
121	1383
121	1416
122	469
122	660
122	869
122	1018
122	1153
122	1358
122	1374
122	1418
122	1423
122	1490
123	121
123	545
123	700
123	1117
123	1124
123	1191
123	1208
123	1388
123	1405
123	1411
124	234
124	345
124	674
124	907
124	947
124	1013
124	1124
124	1412
124	1440
124	1458
125	157
125	294
125	586
125	646
125	664
125	1324
125	1343
125	1397
125	1405
125	1436
126	303
126	578
126	897
126	933
126	1072
126	1092
126	1202
126	1375
126	1408
126	1465
127	667
127	794
127	1026
127	1099
127	1224
127	1376
127	1445
127	1453
127	1481
127	1491
128	835
128	1012
128	1044
128	1108
128	1221
128	1258
128	1268
128	1300
128	1413
128	1475
129	219
129	607
129	621
129	980
129	1141
129	1269
129	1270
129	1384
129	1425
129	1427
130	356
130	383
130	506
130	839
130	928
130	929
130	1035
130	1291
130	1337
130	1404
131	331
131	509
131	549
131	1029
131	1159
131	1190
131	1322
131	1346
131	1418
131	1428
132	117
132	356
132	488
132	642
132	1133
132	1331
132	1400
132	1408
132	1464
132	1496
133	146
133	307
133	530
133	888
133	941
133	969
133	1276
133	1371
133	1444
133	1491
134	23
134	323
134	678
134	707
134	759
134	989
134	1233
134	1257
134	1307
134	1438
135	79
135	683
135	699
135	776
135	1255
135	1294
135	1336
135	1370
135	1371
135	1461
136	963
136	1173
136	1189
136	1190
136	1196
136	1281
136	1305
136	1423
136	1445
136	1453
137	459
137	643
137	815
137	1359
137	1431
137	1433
137	1442
137	1478
137	1484
137	1493
138	888
138	1166
138	1169
138	1217
138	1245
138	1297
138	1303
138	1393
138	1466
138	1499
139	91
139	308
139	403
139	492
139	1066
139	1166
139	1342
139	1425
139	1442
139	1471
140	66
140	1106
140	1163
140	1244
140	1299
140	1397
140	1401
140	1410
140	1465
140	1471
141	82
141	273
141	572
141	1219
141	1264
141	1266
141	1270
141	1353
141	1454
141	1467
142	241
142	595
142	747
142	1296
142	1349
142	1359
142	1429
142	1446
142	1479
142	1498
143	198
143	701
143	884
143	1166
143	1214
143	1222
143	1331
143	1356
143	1481
143	1499
144	620
144	809
144	824
144	853
144	956
144	1001
144	1143
144	1416
144	1419
144	1449
145	680
145	776
145	803
145	1157
145	1236
145	1373
145	1389
145	1421
145	1428
145	1469
146	87
146	133
146	154
146	621
146	840
146	865
146	1085
146	1314
146	1421
146	1488
147	541
147	655
147	889
147	1045
147	1171
147	1292
147	1360
147	1368
147	1392
147	1395
148	5
148	110
148	452
148	715
148	861
148	898
148	1213
148	1307
148	1371
148	1405
149	194
149	216
149	385
149	639
149	1010
149	1015
149	1298
149	1359
149	1433
149	1440
150	172
150	416
150	857
150	1144
150	1256
150	1327
150	1350
150	1384
150	1472
150	1495
151	318
151	499
151	793
151	1074
151	1227
151	1274
151	1359
151	1360
151	1388
151	1482
152	100
152	199
152	691
152	978
152	1020
152	1042
152	1172
152	1299
152	1387
152	1418
153	560
153	644
153	752
153	754
153	1054
153	1294
153	1304
153	1375
153	1384
153	1472
154	85
154	146
154	968
154	1143
154	1150
154	1317
154	1382
154	1401
154	1425
154	1485
155	378
155	710
155	1155
155	1187
155	1214
155	1313
155	1324
155	1385
155	1448
155	1496
156	222
156	230
156	612
156	666
156	1060
156	1099
156	1281
156	1363
156	1467
156	1478
157	125
157	226
157	323
157	765
157	1174
157	1183
157	1214
157	1385
157	1386
157	1476
158	252
158	1001
158	1037
158	1068
158	1113
158	1157
158	1304
158	1470
158	1474
158	1475
159	572
159	767
159	954
159	1149
159	1255
159	1292
159	1363
159	1399
159	1400
159	1441
160	229
160	926
160	1105
160	1267
160	1314
160	1380
160	1470
160	1480
160	1485
160	1490
161	273
161	650
161	737
161	838
161	985
161	1066
161	1300
161	1452
161	1454
161	1485
162	414
162	751
162	884
162	918
162	964
162	1087
162	1282
162	1337
162	1388
162	1452
163	84
163	324
163	597
163	983
163	1108
163	1135
163	1159
163	1294
163	1366
163	1387
164	397
164	435
164	659
164	695
164	731
164	754
164	933
164	978
164	1199
164	1447
165	175
165	728
165	753
165	894
165	1027
165	1040
165	1065
165	1297
165	1326
165	1439
166	183
166	522
166	810
166	894
166	1002
166	1179
166	1282
166	1293
166	1399
166	1418
167	484
167	1189
167	1239
167	1250
167	1330
167	1362
167	1369
167	1415
167	1448
167	1479
168	712
168	720
168	988
168	1088
168	1162
168	1269
168	1317
168	1396
168	1425
168	1444
169	355
169	518
169	676
169	929
169	1052
169	1246
169	1333
169	1334
169	1370
169	1451
170	20
170	441
170	522
170	537
170	742
170	808
170	937
170	1376
170	1401
170	1432
171	438
171	564
171	735
171	762
171	1014
171	1155
171	1320
171	1339
171	1364
171	1418
171	1481
172	150
172	219
172	590
172	677
172	728
172	977
172	1283
172	1342
172	1362
172	1406
172	1479
173	232
173	761
173	1072
173	1174
173	1183
173	1199
173	1287
173	1358
173	1385
173	1389
173	1444
174	116
174	304
174	615
174	660
174	992
174	1103
174	1253
174	1267
174	1410
174	1414
174	1459
175	37
175	165
175	930
175	1156
175	1301
175	1309
175	1382
175	1392
175	1416
175	1422
175	1434
176	335
176	407
176	851
176	908
176	973
176	976
176	1264
176	1291
176	1340
176	1370
176	1434
177	344
177	696
177	950
177	959
177	1165
177	1283
177	1309
177	1434
177	1451
177	1466
177	1487
178	25
178	442
178	490
178	718
178	969
178	1091
178	1191
178	1304
178	1453
178	1474
178	1488
179	849
179	934
179	1128
179	1180
179	1297
179	1343
179	1376
179	1383
179	1394
179	1432
179	1500
180	223
180	481
180	589
180	931
180	1003
180	1178
180	1256
180	1305
180	1457
180	1478
180	1486
181	341
181	396
181	885
181	1148
181	1293
181	1353
181	1372
181	1390
181	1395
181	1447
181	1494
182	213
182	529
182	704
182	1120
182	1127
182	1251
182	1374
182	1386
182	1460
182	1469
182	1490
183	166
183	511
183	608
183	746
183	876
183	1087
183	1265
183	1293
183	1351
183	1403
183	1456
184	361
184	425
184	442
184	622
184	690
184	878
184	1162
184	1391
184	1415
184	1417
184	1497
185	624
185	699
185	729
185	804
185	921
185	957
185	1032
185	1050
185	1100
185	1294
185	1320
186	243
186	558
186	789
186	935
186	1101
186	1325
186	1339
186	1396
186	1414
186	1424
186	1468
187	310
187	398
187	551
187	1028
187	1033
187	1144
187	1145
187	1160
187	1260
187	1439
187	1455
188	210
188	673
188	1095
188	1263
188	1265
188	1271
188	1311
188	1316
188	1451
188	1494
188	1497
189	423
189	650
189	657
189	860
189	979
189	1133
189	1143
189	1255
189	1257
189	1478
189	1497
190	198
190	228
190	717
190	837
190	904
190	1174
190	1197
190	1242
190	1345
190	1451
190	1500
191	106
191	245
191	381
191	508
191	689
191	748
191	832
191	1106
191	1164
191	1301
191	1435
192	993
192	1034
192	1178
192	1183
192	1282
192	1285
192	1295
192	1403
192	1411
192	1417
192	1452
193	250
193	509
193	602
193	799
193	978
193	1020
193	1068
193	1096
193	1279
193	1387
193	1418
194	8
194	57
194	149
194	316
194	342
194	830
194	1049
194	1221
194	1379
194	1419
194	1430
195	691
195	967
195	1126
195	1177
195	1232
195	1315
195	1357
195	1397
195	1413
195	1420
195	1475
196	8
196	25
196	377
196	397
196	472
196	616
196	726
196	947
196	1168
196	1440
196	1473
197	464
197	555
197	643
197	914
197	942
197	1081
197	1340
197	1415
197	1435
197	1469
197	1482
198	143
198	190
198	495
198	842
198	954
198	1038
198	1075
198	1165
198	1261
198	1345
198	1361
199	152
199	654
199	915
199	1020
199	1074
199	1099
199	1179
199	1227
199	1236
199	1339
199	1487
200	501
200	611
200	646
200	698
200	729
200	775
200	1011
200	1036
200	1056
200	1347
200	1435
201	708
201	744
201	779
201	1021
201	1132
201	1175
201	1226
201	1267
201	1383
201	1400
201	1459
202	220
202	477
202	494
202	766
202	810
202	1157
202	1373
202	1403
202	1474
202	1486
202	1491
203	798
203	953
203	1091
203	1158
203	1256
203	1301
203	1305
203	1380
203	1408
203	1422
203	1449
204	82
204	93
204	109
204	260
204	520
204	1057
204	1082
204	1177
204	1197
204	1473
204	1477
205	320
205	916
205	961
205	1104
205	1388
205	1389
205	1412
205	1443
205	1450
205	1457
205	1486
206	513
206	794
206	877
206	898
206	1129
206	1248
206	1285
206	1303
206	1332
206	1484
206	1493
207	261
207	525
207	705
207	859
207	910
207	1218
207	1344
207	1402
207	1453
207	1467
207	1481
208	12
208	436
208	758
208	759
208	939
208	952
208	1404
208	1422
208	1453
208	1481
208	1483
209	630
209	921
209	1155
209	1250
209	1256
209	1288
209	1331
209	1366
209	1398
209	1404
209	1448
210	188
210	452
210	801
210	1061
210	1201
210	1321
210	1408
210	1446
210	1453
210	1462
210	1464
211	108
211	725
211	903
211	954
211	971
211	984
211	1074
211	1103
211	1179
211	1340
211	1355
212	293
212	659
212	1059
212	1207
212	1248
212	1250
212	1302
212	1379
212	1464
212	1484
212	1494
213	182
213	370
213	633
213	1134
213	1147
213	1290
213	1291
213	1348
213	1467
213	1477
213	1483
214	119
214	234
214	295
214	375
214	876
214	911
214	1233
214	1240
214	1298
214	1440
214	1458
215	218
215	473
215	669
215	914
215	968
215	1220
215	1234
215	1260
215	1326
215	1439
215	1455
216	149
216	917
216	1125
216	1126
216	1149
216	1240
216	1292
216	1410
216	1416
216	1438
216	1495
217	445
217	548
217	837
217	909
217	923
217	1047
217	1251
217	1412
217	1419
217	1448
217	1458
218	215
218	632
218	877
218	881
218	950
218	1051
218	1139
218	1408
218	1446
218	1464
218	1490
219	129
219	172
219	833
219	836
219	923
219	1275
219	1387
219	1402
219	1413
219	1441
219	1475
220	202
220	328
220	585
220	840
220	956
220	971
220	1038
220	1328
220	1381
220	1477
220	1500
221	450
221	782
221	795
221	824
221	863
221	1194
221	1280
221	1297
221	1392
221	1416
221	1499
222	156
222	374
222	577
222	1079
222	1168
222	1188
222	1195
222	1235
222	1245
222	1351
222	1389
223	180
223	308
223	575
223	981
223	1006
223	1225
223	1319
223	1338
223	1350
223	1450
223	1494
224	321
224	385
224	742
224	782
224	1105
224	1128
224	1299
224	1401
224	1432
224	1467
224	1490
225	508
225	820
225	825
225	1003
225	1136
225	1186
225	1197
225	1203
225	1224
225	1426
225	1482
226	157
226	322
226	707
226	801
226	1088
226	1179
226	1183
226	1195
226	1375
226	1393
226	1442
227	497
227	509
227	676
227	686
227	813
227	1247
227	1261
227	1350
227	1362
227	1472
227	1478
228	190
228	372
228	871
228	1214
228	1250
228	1281
228	1296
228	1400
228	1479
228	1480
228	1498
229	160
229	380
229	416
229	474
229	510
229	833
229	1116
229	1196
229	1369
229	1374
229	1470
230	156
230	606
230	700
230	1034
230	1194
230	1276
230	1315
230	1344
230	1404
230	1483
230	1484
231	285
231	368
231	575
231	627
231	950
231	1217
231	1324
231	1437
231	1466
231	1491
231	1500
232	173
232	526
232	776
232	886
232	1297
232	1305
232	1351
232	1353
232	1379
232	1486
232	1493
233	315
233	574
233	634
233	1036
233	1282
233	1293
233	1295
233	1323
233	1370
233	1443
233	1459
234	78
234	124
234	214
234	283
234	445
234	557
234	1089
234	1220
234	1377
234	1450
234	1458
235	310
235	554
235	788
235	867
235	1175
235	1361
235	1391
235	1406
235	1415
235	1496
235	1497
236	451
236	910
236	1074
236	1092
236	1181
236	1284
236	1347
236	1417
236	1429
236	1466
236	1472
237	97
237	256
237	747
237	847
237	1141
237	1214
237	1260
237	1439
237	1467
237	1479
237	1487
238	45
238	47
238	894
238	1084
238	1145
238	1305
238	1323
238	1335
238	1439
238	1453
238	1455
239	346
239	832
239	856
239	1017
239	1018
239	1356
239	1390
239	1433
239	1451
239	1453
239	1487
240	245
240	377
240	949
240	1049
240	1067
240	1079
240	1114
240	1254
240	1283
240	1332
240	1410
241	142
241	335
241	755
241	850
241	962
241	978
241	1021
241	1043
241	1184
241	1318
241	1419
242	109
242	117
242	886
242	935
242	993
242	1079
242	1177
242	1331
242	1356
242	1498
242	1499
243	186
243	254
243	313
243	570
243	883
243	1147
243	1149
243	1240
243	1363
243	1416
243	1438
244	712
244	787
244	898
244	1019
244	1046
244	1080
244	1116
244	1163
244	1310
244	1350
244	1362
245	191
245	240
245	379
245	590
245	677
245	1031
245	1069
245	1162
245	1206
245	1306
245	1450
246	659
246	991
246	1000
246	1198
246	1247
246	1378
246	1404
246	1421
246	1472
246	1474
246	1496
247	26
247	856
247	874
247	997
247	1066
247	1277
247	1278
247	1407
247	1425
247	1454
247	1471
248	456
248	625
248	867
248	961
248	1068
248	1176
248	1257
248	1300
248	1334
248	1357
248	1415
249	286
249	454
249	624
249	896
249	1060
249	1085
249	1088
249	1415
249	1421
249	1488
249	1489
250	193
250	289
250	655
250	866
250	1040
250	1056
250	1248
250	1316
250	1441
250	1497
250	1500
251	600
251	726
251	774
251	789
251	843
251	1089
251	1264
251	1412
251	1415
251	1458
251	1499
252	57
252	63
252	158
252	496
252	499
252	1022
252	1053
252	1263
252	1373
252	1445
252	1489
253	534
253	550
253	693
253	905
253	968
253	1066
253	1209
253	1229
253	1407
253	1454
253	1485
254	243
254	534
254	642
254	720
254	1282
254	1285
254	1293
254	1295
254	1452
254	1456
254	1461
255	910
255	933
255	1076
255	1105
255	1174
255	1183
255	1231
255	1236
255	1369
255	1447
255	1498
256	237
256	259
256	297
256	385
256	470
256	579
256	1138
256	1327
256	1465
256	1466
256	1479
257	444
257	474
257	582
257	1318
257	1322
257	1374
257	1378
257	1384
257	1397
257	1421
257	1439
258	861
258	1077
258	1206
258	1234
258	1286
258	1323
258	1330
258	1380
258	1431
258	1439
258	1483
259	256
259	429
259	634
259	641
259	810
259	1034
259	1166
259	1285
259	1364
259	1376
259	1452
260	204
260	513
260	574
260	608
260	722
260	778
260	999
260	1058
260	1318
260	1349
260	1365
261	207
261	828
261	937
261	1119
261	1134
261	1138
261	1162
261	1241
261	1387
261	1411
261	1480
262	290
262	357
262	550
262	584
262	742
262	812
262	1180
262	1376
262	1394
262	1401
262	1432
263	371
263	481
263	616
263	727
263	878
263	1041
263	1081
263	1179
263	1186
263	1194
263	1444
264	81
264	831
264	874
264	1156
264	1258
264	1317
264	1328
264	1348
264	1395
264	1454
264	1498
265	108
265	618
265	1011
265	1113
265	1324
265	1332
265	1430
265	1431
265	1442
265	1479
265	1499
266	418
266	453
266	711
266	816
266	989
266	1267
266	1309
266	1404
266	1414
266	1424
266	1468
267	565
267	884
267	976
267	1107
267	1140
267	1152
267	1153
267	1318
267	1400
267	1444
267	1476
268	61
268	349
268	644
268	841
268	1143
268	1201
268	1227
268	1306
268	1309
268	1325
268	1434
269	833
269	887
269	1205
269	1259
269	1280
269	1289
269	1315
269	1350
269	1378
269	1405
269	1499
270	505
270	735
270	763
270	815
270	878
270	978
270	1055
270	1168
270	1351
270	1383
270	1387
271	100
271	112
271	391
271	476
271	597
271	1159
271	1192
271	1332
271	1353
271	1360
271	1395
272	319
272	484
272	856
272	950
272	1073
272	1136
272	1160
272	1237
272	1383
272	1463
272	1496
273	44
273	141
273	161
273	328
273	349
273	781
273	1317
273	1338
273	1404
273	1454
273	1488
274	17
274	312
274	531
274	576
274	619
274	1097
274	1306
274	1362
274	1398
274	1448
274	1498
275	301
275	320
275	565
275	713
275	755
275	1089
275	1287
275	1318
275	1321
275	1440
275	1458
276	363
276	470
276	775
276	890
276	1080
276	1201
276	1256
276	1286
276	1366
276	1471
276	1498
277	65
277	78
277	86
277	613
277	830
277	843
277	960
277	1412
277	1430
277	1451
277	1473
278	1041
278	1064
278	1105
278	1199
278	1319
278	1384
278	1385
278	1399
278	1410
278	1472
278	1486
279	594
279	1054
279	1133
279	1305
279	1311
279	1379
279	1414
279	1450
279	1457
279	1486
279	1500
280	407
280	412
280	677
280	977
280	1040
280	1049
280	1078
280	1194
280	1350
280	1406
280	1430
281	303
281	460
281	628
281	737
281	785
281	985
281	1076
281	1093
281	1203
281	1365
281	1478
282	732
282	912
282	999
282	1209
282	1219
282	1226
282	1307
282	1368
282	1405
282	1465
282	1477
283	234
283	894
283	1101
283	1141
283	1157
283	1313
283	1352
283	1381
283	1397
283	1421
283	1479
284	50
284	462
284	508
284	643
284	1099
284	1104
284	1154
284	1180
284	1318
284	1400
284	1431
285	231
285	988
285	1022
285	1182
285	1232
285	1354
285	1399
285	1423
285	1429
285	1460
285	1476
286	249
286	314
286	388
286	461
286	648
286	655
286	788
286	1316
286	1318
286	1481
286	1497
287	58
287	585
287	694
287	1040
287	1150
287	1162
287	1208
287	1326
287	1388
287	1409
287	1411
288	383
288	728
288	795
288	955
288	956
288	1150
288	1364
288	1377
288	1434
288	1437
288	1500
289	250
289	428
289	897
289	1143
289	1181
289	1272
289	1329
289	1333
289	1383
289	1416
289	1420
290	262
290	307
290	321
290	399
290	610
290	836
290	1049
290	1220
290	1258
290	1413
290	1454
291	73
291	100
291	385
291	545
291	640
291	750
291	1095
291	1176
291	1239
291	1255
291	1489
292	80
292	335
292	784
292	1082
292	1116
292	1133
292	1198
292	1313
292	1344
292	1470
292	1481
293	12
293	108
293	212
293	301
293	507
293	512
293	760
293	1204
293	1348
293	1398
293	1492
294	125
294	629
294	873
294	952
294	1016
294	1115
294	1209
294	1324
294	1405
294	1471
294	1483
295	214
295	467
295	875
295	1042
295	1262
295	1267
295	1383
295	1394
295	1431
295	1432
295	1449
296	38
296	662
296	670
296	774
296	841
296	1144
296	1353
296	1362
296	1463
296	1486
296	1494
297	49
297	256
297	542
297	560
297	583
297	701
297	716
297	756
297	972
297	1352
297	1498
298	379
298	642
298	751
298	1111
298	1253
298	1258
298	1283
298	1311
298	1406
298	1440
298	1491
299	824
299	841
299	853
299	1006
299	1212
299	1399
299	1416
299	1427
299	1439
299	1478
299	1486
300	423
300	509
300	622
300	1066
300	1232
300	1290
300	1322
300	1420
300	1431
300	1446
300	1462
301	275
301	293
301	578
301	664
301	883
301	1017
301	1083
301	1368
301	1433
301	1484
301	1493
302	309
302	542
302	590
302	1031
302	1111
302	1143
302	1254
302	1397
302	1406
302	1450
302	1472
303	126
303	281
303	989
303	1071
303	1092
303	1138
303	1210
303	1284
303	1322
303	1375
303	1385
304	174
304	444
304	561
304	787
304	974
304	1164
304	1385
304	1410
304	1448
304	1452
304	1459
305	691
305	871
305	1035
305	1036
305	1126
305	1170
305	1309
305	1402
305	1424
305	1441
305	1475
305	1494
306	376
306	596
306	843
306	846
306	892
306	994
306	1130
306	1170
306	1349
306	1362
306	1409
306	1411
307	133
307	290
307	707
307	738
307	745
307	1044
307	1100
307	1124
307	1238
307	1305
307	1330
307	1444
308	139
308	223
308	833
308	958
308	1263
308	1264
308	1270
308	1407
308	1410
308	1438
308	1441
308	1485
309	302
309	516
309	555
309	851
309	1016
309	1136
309	1279
309	1344
309	1423
309	1429
309	1443
309	1460
310	47
310	187
310	235
310	416
310	749
310	1157
310	1310
310	1330
310	1378
310	1469
310	1476
310	1488
311	103
311	428
311	466
311	573
311	604
311	822
311	914
311	915
311	1041
311	1057
311	1082
311	1154
312	6
312	274
312	395
312	853
312	1015
312	1277
312	1308
312	1347
312	1348
312	1370
312	1417
312	1459
313	51
313	243
313	536
313	591
313	630
313	1006
313	1029
313	1139
313	1190
313	1245
313	1258
313	1287
314	48
314	286
314	335
314	431
314	639
314	678
314	924
314	1196
314	1259
314	1343
314	1445
314	1483
315	233
315	342
315	570
315	918
315	961
315	1034
315	1181
315	1270
315	1293
315	1312
315	1403
315	1452
316	194
316	372
316	598
316	715
316	993
316	1201
316	1314
316	1443
316	1452
316	1470
316	1480
316	1490
317	867
317	1107
317	1150
317	1176
317	1203
317	1257
317	1265
317	1322
317	1348
317	1353
317	1391
317	1415
318	64
318	151
318	354
318	418
318	545
318	618
318	1184
318	1278
318	1280
318	1390
318	1395
318	1397
319	272
319	644
319	749
319	832
319	889
319	962
319	1017
319	1142
319	1236
319	1345
319	1487
319	1495
320	205
320	275
320	431
320	670
320	1298
320	1333
320	1358
320	1366
320	1440
320	1458
320	1467
320	1473
321	224
321	290
321	656
321	973
321	1027
321	1095
321	1106
321	1133
321	1361
321	1407
321	1425
321	1471
322	16
322	226
322	430
322	603
322	623
322	1034
322	1199
322	1271
322	1319
322	1322
322	1375
322	1447
323	134
323	157
323	569
323	879
323	947
323	1082
323	1170
323	1202
323	1357
323	1375
323	1385
323	1406
324	163
324	329
324	381
324	487
324	591
324	634
324	888
324	1029
324	1084
324	1330
324	1348
324	1387
325	366
325	492
325	599
325	1083
325	1156
325	1165
325	1243
325	1368
325	1431
325	1442
325	1463
325	1484
326	705
326	884
326	954
326	1115
326	1165
326	1228
326	1315
326	1345
326	1403
326	1463
326	1487
326	1497
327	635
327	839
327	920
327	936
327	1022
327	1085
327	1205
327	1270
327	1373
327	1444
327	1469
327	1476
328	5
328	220
328	273
328	498
328	607
328	635
328	778
328	934
328	1013
328	1146
328	1258
328	1317
329	51
329	105
329	324
329	507
329	543
329	710
329	847
329	912
329	946
329	1190
329	1387
329	1459
330	10
330	377
330	619
330	843
330	858
330	938
330	1140
330	1211
330	1298
330	1419
330	1451
330	1473
331	131
331	551
331	699
331	903
331	1097
331	1234
331	1273
331	1307
331	1323
331	1381
331	1439
331	1455
332	834
332	1148
332	1245
332	1291
332	1305
332	1334
332	1348
332	1373
332	1404
332	1445
332	1467
332	1482
333	582
333	725
333	1120
333	1145
333	1273
333	1323
333	1326
333	1397
333	1444
333	1450
333	1455
333	1491
334	622
334	715
334	796
334	923
334	1061
334	1308
334	1309
334	1345
334	1370
334	1410
334	1430
334	1459
335	176
335	241
335	292
335	314
335	375
335	606
335	761
335	1224
335	1256
335	1452
335	1462
335	1467
336	577
336	604
336	645
336	861
336	918
336	1101
336	1244
336	1324
336	1403
336	1458
336	1471
336	1479
337	985
337	1175
337	1223
337	1227
337	1229
337	1267
337	1311
337	1433
337	1436
337	1461
337	1462
337	1465
338	6
338	416
338	582
338	939
338	1021
338	1126
338	1343
338	1378
338	1384
338	1415
338	1421
338	1437
339	889
339	1071
339	1147
339	1215
339	1221
339	1329
339	1341
339	1363
339	1381
339	1438
339	1449
339	1487
340	1018
340	1022
340	1047
340	1134
340	1216
340	1220
340	1237
340	1369
340	1443
340	1459
340	1460
340	1490
341	181
341	458
341	583
341	679
341	1002
341	1003
341	1253
341	1291
341	1347
341	1395
341	1423
341	1459
342	194
342	315
342	801
342	857
342	923
342	953
342	1047
342	1078
342	1314
342	1419
342	1465
342	1473
343	389
343	672
343	682
343	838
343	1165
343	1175
343	1178
343	1218
343	1220
343	1248
343	1316
343	1489
344	177
344	503
344	555
344	749
344	777
344	818
344	929
344	950
344	1074
344	1228
344	1451
344	1463
345	124
345	439
345	501
345	683
345	786
345	945
345	986
345	1005
345	1011
345	1331
345	1398
345	1471
346	239
346	1025
346	1193
346	1299
346	1314
346	1346
346	1369
346	1423
346	1429
346	1443
346	1456
346	1497
347	2
347	358
347	498
347	567
347	607
347	882
347	905
347	1106
347	1264
347	1281
347	1382
347	1454
348	767
348	1008
348	1147
348	1169
348	1252
348	1275
348	1292
348	1352
348	1357
348	1363
348	1438
348	1445
349	268
349	273
349	552
349	1025
349	1158
349	1198
349	1223
349	1301
349	1338
349	1364
349	1386
349	1426
350	416
350	736
350	763
350	942
350	963
350	1039
350	1213
350	1247
350	1378
350	1384
350	1393
350	1428
351	527
351	575
351	1012
351	1117
351	1183
351	1200
351	1300
351	1336
351	1357
351	1393
351	1463
351	1466
352	24
352	548
352	660
352	713
352	1165
352	1244
352	1337
352	1386
352	1451
352	1463
352	1467
352	1495
353	559
353	886
353	894
353	987
353	1195
353	1224
353	1418
353	1427
353	1457
353	1468
353	1475
353	1494
354	318
354	385
354	399
354	538
354	640
354	899
354	976
354	986
354	1148
354	1380
354	1395
354	1422
355	169
355	657
355	706
355	952
355	1039
355	1075
355	1138
355	1165
355	1228
355	1395
355	1456
355	1487
356	130
356	132
356	612
356	1033
356	1043
356	1200
356	1247
356	1249
356	1340
356	1453
356	1467
356	1500
357	262
357	964
357	1024
357	1102
357	1212
357	1289
357	1364
357	1403
357	1450
357	1456
357	1476
357	1498
358	98
358	347
358	378
358	1309
358	1321
358	1325
358	1376
358	1382
358	1386
358	1396
358	1434
358	1468
359	113
359	376
359	601
359	758
359	802
359	901
359	1019
359	1035
359	1098
359	1384
359	1428
359	1462
360	629
360	870
360	958
360	1096
360	1136
360	1170
360	1234
360	1408
360	1423
360	1429
360	1480
360	1490
361	98
361	184
361	446
361	736
361	866
361	921
361	1265
361	1365
361	1394
361	1474
361	1489
361	1497
362	374
362	387
362	418
362	556
362	597
362	1037
362	1061
362	1170
362	1253
362	1436
362	1498
362	1500
363	276
363	452
363	1227
363	1340
363	1377
363	1396
363	1410
363	1414
363	1424
363	1426
363	1468
363	1483
364	72
364	545
364	673
364	1150
364	1220
364	1234
364	1336
364	1384
364	1391
364	1432
364	1438
364	1497
365	613
365	924
365	1024
365	1083
365	1102
365	1114
365	1220
365	1331
365	1364
365	1403
365	1449
365	1456
366	325
366	1108
366	1194
366	1221
366	1223
366	1256
366	1261
366	1358
366	1382
366	1402
366	1413
366	1451
367	75
367	382
367	449
367	839
367	1195
367	1329
367	1334
367	1385
367	1389
367	1478
367	1479
367	1494
368	16
368	231
368	384
368	834
368	840
368	984
368	1113
368	1259
368	1299
368	1336
368	1361
368	1444
369	658
369	781
369	810
369	860
369	862
369	1027
369	1120
369	1145
369	1326
369	1402
369	1439
369	1455
370	213
370	434
370	631
370	844
370	1079
370	1182
370	1308
370	1379
370	1400
370	1427
370	1450
370	1486
371	263
371	757
371	813
371	826
371	1039
371	1076
371	1186
371	1208
371	1365
371	1383
371	1388
371	1482
372	228
372	316
372	414
372	669
372	766
372	1205
372	1407
372	1420
372	1421
372	1428
372	1446
372	1472
373	657
373	723
373	804
373	926
373	1036
373	1129
373	1151
373	1220
373	1316
373	1443
373	1462
373	1489
374	59
374	222
374	362
374	405
374	557
374	606
374	929
374	1032
374	1146
374	1241
374	1467
374	1481
375	86
375	214
375	335
375	645
375	830
375	858
375	1089
375	1245
375	1304
375	1422
375	1473
375	1480
376	306
376	359
376	393
376	786
376	855
376	939
376	952
376	1045
376	1170
376	1360
376	1409
376	1437
377	196
377	240
377	330
377	977
377	1040
377	1049
377	1080
377	1181
377	1187
377	1254
377	1406
377	1421
378	155
378	358
378	604
378	659
378	809
378	929
378	1166
378	1168
378	1237
378	1333
378	1416
378	1449
379	87
379	245
379	298
379	431
379	521
379	642
379	779
379	836
379	1049
379	1059
379	1283
379	1333
380	229
380	633
380	690
380	1018
380	1136
380	1329
380	1334
380	1346
380	1362
380	1443
380	1465
380	1470
381	191
381	324
381	405
381	788
381	1039
381	1138
381	1193
381	1205
381	1365
381	1396
381	1435
381	1477
382	367
382	447
382	501
382	624
382	1011
382	1056
382	1111
382	1154
382	1196
382	1294
382	1444
382	1447
383	130
383	288
383	418
383	544
383	662
383	1097
383	1148
383	1182
383	1262
383	1303
383	1310
383	1332
384	119
384	368
384	428
384	506
384	664
384	850
384	1023
384	1057
384	1081
384	1082
384	1154
384	1435
385	149
385	224
385	256
385	291
385	354
385	534
385	1045
385	1093
385	1295
385	1376
385	1401
385	1432
386	43
386	111
386	552
386	1156
386	1282
386	1293
386	1295
386	1364
386	1423
386	1452
386	1456
386	1464
387	362
387	435
387	629
387	1286
387	1372
387	1381
387	1400
387	1456
387	1466
387	1474
387	1492
387	1500
388	286
388	922
388	1055
388	1140
388	1302
388	1331
388	1351
388	1353
388	1385
388	1457
388	1478
388	1486
389	120
389	343
389	1027
389	1077
389	1088
389	1179
389	1193
389	1260
389	1302
389	1439
389	1455
389	1473
390	537
390	697
390	741
390	1033
390	1211
390	1215
390	1271
390	1325
390	1351
390	1457
390	1486
390	1495
391	271
391	475
391	509
391	538
391	880
391	904
391	905
391	1171
391	1274
391	1380
391	1390
391	1449
392	522
392	545
392	709
392	829
392	1057
392	1125
392	1186
392	1318
392	1427
392	1450
392	1477
392	1482
393	376
393	608
393	660
393	774
393	914
393	1043
393	1064
393	1071
393	1119
393	1193
393	1388
393	1438
394	428
394	999
394	1039
394	1058
394	1151
394	1186
394	1209
394	1328
394	1377
394	1393
394	1484
394	1487
395	312
395	614
395	792
395	985
395	1135
395	1225
395	1252
395	1329
395	1341
395	1354
395	1465
395	1469
396	181
396	616
396	799
396	882
396	903
396	979
396	1018
396	1165
396	1171
396	1272
396	1392
396	1395
397	164
397	196
397	429
397	877
397	895
397	1181
397	1187
397	1211
397	1313
397	1366
397	1397
397	1480
398	187
398	724
398	922
398	940
398	1124
398	1234
398	1323
398	1326
398	1333
398	1439
398	1453
398	1455
399	52
399	290
399	354
399	600
399	656
399	703
399	846
399	848
399	968
399	983
399	1373
399	1461
400	116
400	409
400	676
400	805
400	972
400	1012
400	1196
400	1231
400	1239
400	1428
400	1451
400	1487
401	2
401	77
401	449
401	674
401	898
401	1082
401	1205
401	1227
401	1289
401	1343
401	1467
401	1472
402	418
402	639
402	808
402	931
402	932
402	1159
402	1376
402	1394
402	1401
402	1432
402	1437
402	1470
403	26
403	82
403	104
403	139
403	988
403	1248
403	1258
403	1262
403	1367
403	1407
403	1486
403	1490
404	29
404	746
404	812
404	1086
404	1140
404	1304
404	1373
404	1420
404	1470
404	1474
404	1476
404	1488
405	374
405	381
405	436
405	460
405	788
405	870
405	1057
405	1112
405	1328
405	1365
405	1453
405	1494
406	84
406	487
406	953
406	982
406	1108
406	1139
406	1190
406	1268
406	1296
406	1322
406	1375
406	1418
407	11
407	176
407	280
407	571
407	678
407	794
407	963
407	1440
407	1461
407	1465
407	1485
407	1492
408	466
408	626
408	674
408	871
408	1267
408	1311
408	1394
408	1412
408	1446
408	1462
408	1466
408	1485
409	9
409	400
409	514
409	622
409	701
409	820
409	901
409	1017
409	1246
409	1418
409	1434
409	1487
410	621
410	874
410	875
410	882
410	908
410	1007
410	1106
410	1142
410	1156
410	1181
410	1262
410	1449
410	1485
411	612
411	807
411	943
411	959
411	985
411	1073
411	1137
411	1219
411	1323
411	1429
411	1463
411	1486
411	1487
412	280
412	609
412	623
412	802
412	925
412	1031
412	1113
412	1191
412	1233
412	1254
412	1293
412	1342
412	1406
413	13
413	454
413	769
413	920
413	968
413	1148
413	1181
413	1239
413	1240
413	1250
413	1367
413	1398
413	1448
414	162
414	372
414	516
414	787
414	887
414	954
414	1018
414	1019
414	1119
414	1131
414	1205
414	1284
414	1327
415	62
415	575
415	749
415	764
415	925
415	966
415	1137
415	1232
415	1242
415	1347
415	1354
415	1460
415	1480
416	150
416	229
416	310
416	338
416	350
416	601
416	752
416	896
416	1343
416	1381
416	1389
416	1397
416	1428
417	536
417	810
417	823
417	844
417	879
417	924
417	1087
417	1192
417	1284
417	1328
417	1364
417	1444
417	1452
418	40
418	266
418	318
418	362
418	383
418	402
418	423
418	708
418	729
418	1289
418	1355
418	1377
418	1417
419	113
419	887
419	921
419	942
419	1027
419	1045
419	1203
419	1351
419	1378
419	1428
419	1472
419	1486
419	1496
420	705
420	797
420	988
420	1058
420	1076
420	1154
420	1164
420	1179
420	1186
420	1365
420	1368
420	1417
420	1494
421	664
421	798
421	869
421	936
421	1044
421	1213
421	1299
421	1310
421	1430
421	1431
421	1433
421	1442
421	1493
422	21
422	542
422	567
422	749
422	847
422	1085
422	1096
422	1158
422	1178
422	1184
422	1378
422	1488
422	1491
423	189
423	300
423	418
423	725
423	1088
423	1101
423	1206
423	1230
423	1336
423	1365
423	1417
423	1436
423	1466
424	101
424	431
424	545
424	566
424	750
424	780
424	866
424	1059
424	1266
424	1305
424	1328
424	1334
424	1497
425	184
425	1222
425	1243
425	1279
425	1301
425	1325
425	1355
425	1380
425	1382
425	1399
425	1424
425	1434
425	1470
426	106
426	868
426	912
426	957
426	967
426	1030
426	1175
426	1312
426	1333
426	1384
426	1450
426	1456
426	1464
427	65
427	535
427	596
427	820
427	904
427	980
427	1017
427	1073
427	1237
427	1287
427	1463
427	1473
427	1487
428	289
428	311
428	384
428	394
428	503
428	573
428	907
428	1318
428	1379
428	1420
428	1446
428	1477
428	1482
429	259
429	397
429	803
429	808
429	1145
429	1201
429	1213
429	1296
429	1299
429	1324
429	1342
429	1405
429	1471
430	3
430	322
430	558
430	630
430	774
430	845
430	933
430	1041
430	1114
430	1154
430	1278
430	1385
430	1434
431	314
431	320
431	379
431	424
431	651
431	886
431	1167
431	1189
431	1224
431	1230
431	1281
431	1483
431	1492
432	873
432	927
432	1073
432	1202
432	1228
432	1301
432	1374
432	1383
432	1435
432	1451
432	1463
432	1487
432	1495
433	10
433	830
433	929
433	993
433	1116
433	1139
433	1253
433	1401
433	1404
433	1453
433	1481
433	1483
433	1491
434	16
434	370
434	440
434	448
434	463
434	941
434	946
434	1029
434	1033
434	1104
434	1227
434	1305
434	1495
435	164
435	387
435	660
435	996
435	1023
435	1064
435	1105
435	1225
435	1240
435	1319
435	1375
435	1385
435	1424
436	32
436	208
436	405
436	855
436	966
436	1153
436	1213
436	1304
436	1326
436	1444
436	1451
436	1488
436	1491
437	35
437	50
437	716
437	753
437	815
437	830
437	1025
437	1185
437	1206
437	1273
437	1323
437	1417
437	1439
438	99
438	171
438	483
438	524
438	605
438	856
438	1050
438	1057
438	1159
438	1339
438	1393
438	1394
438	1457
439	345
439	594
439	699
439	775
439	804
439	979
439	1132
439	1163
439	1249
439	1294
439	1335
439	1377
439	1432
440	34
440	75
440	434
440	820
440	822
440	981
440	1059
440	1160
440	1212
440	1373
440	1414
440	1478
440	1494
441	8
441	170
441	466
441	544
441	721
441	741
441	891
441	1173
441	1257
441	1357
441	1371
441	1389
441	1478
442	78
442	178
442	184
442	455
442	864
442	1046
442	1085
442	1216
442	1321
442	1445
442	1469
442	1474
442	1491
443	88
443	550
443	663
443	981
443	1002
443	1017
443	1347
443	1370
443	1384
443	1389
443	1410
443	1459
443	1487
444	257
444	304
444	679
444	925
444	1002
444	1100
444	1103
444	1284
444	1370
444	1410
444	1449
444	1459
444	1488
445	217
445	234
445	578
445	652
445	726
445	916
445	1184
445	1248
445	1376
445	1419
445	1473
445	1481
445	1500
446	361
446	692
446	947
446	976
446	1132
446	1193
446	1227
446	1380
446	1406
446	1426
446	1428
446	1434
446	1468
447	79
447	382
447	483
447	734
447	775
447	779
447	983
447	1056
447	1155
447	1163
447	1202
447	1294
447	1301
448	38
448	434
448	753
448	783
448	994
448	1145
448	1206
448	1234
448	1310
448	1314
448	1316
448	1344
448	1455
449	56
449	102
449	367
449	401
449	566
449	589
449	710
449	741
449	759
449	1059
449	1189
449	1226
449	1430
450	221
450	653
450	883
450	988
450	995
450	1293
450	1297
450	1315
450	1331
450	1340
450	1397
450	1430
450	1499
451	236
451	740
451	743
451	891
451	947
451	1009
451	1252
451	1275
451	1361
451	1436
451	1437
451	1453
451	1466
452	54
452	148
452	210
452	363
452	603
452	881
452	1160
452	1322
452	1420
452	1462
452	1467
452	1492
452	1497
453	266
453	825
453	1051
453	1134
453	1203
453	1309
453	1356
453	1387
453	1396
453	1414
453	1417
453	1422
453	1434
454	249
454	413
454	563
454	585
454	716
454	859
454	1092
454	1151
454	1162
454	1391
454	1407
454	1442
454	1489
455	442
455	721
455	890
455	935
455	1091
455	1238
455	1281
455	1283
455	1325
455	1373
455	1446
455	1469
455	1474
456	22
456	248
456	1038
456	1073
456	1266
456	1279
456	1298
456	1447
456	1451
456	1457
456	1470
456	1487
456	1495
457	505
457	900
457	1010
457	1034
457	1065
457	1102
457	1191
457	1285
457	1364
457	1388
457	1403
457	1452
457	1456
458	6
458	31
458	341
458	553
458	687
458	772
458	1277
458	1340
458	1370
458	1400
458	1410
458	1462
458	1497
459	8
459	137
459	633
459	890
459	931
459	1021
459	1073
459	1178
459	1298
459	1358
459	1412
459	1446
459	1473
460	39
460	281
460	405
460	1027
460	1051
460	1076
460	1081
460	1131
460	1186
460	1203
460	1425
460	1475
460	1479
461	286
461	954
461	1054
461	1061
461	1185
461	1236
461	1314
461	1354
461	1420
461	1470
461	1480
461	1490
461	1492
462	284
462	573
462	1045
462	1197
462	1235
462	1292
462	1305
462	1318
462	1328
462	1379
462	1435
462	1477
462	1496
463	434
463	992
463	1096
463	1103
463	1253
463	1308
463	1347
463	1376
463	1392
463	1396
463	1408
463	1410
463	1459
464	197
464	644
464	795
464	823
464	1001
464	1035
464	1058
464	1444
464	1474
464	1476
464	1488
464	1491
464	1497
465	708
465	792
465	1283
465	1304
465	1317
465	1343
465	1361
465	1364
465	1381
465	1436
465	1437
465	1466
465	1500
466	55
466	117
466	311
466	408
466	441
466	547
466	648
466	964
466	1036
466	1125
466	1160
466	1446
466	1462
467	36
467	295
467	592
467	779
467	876
467	1226
467	1253
467	1355
467	1404
467	1420
467	1446
467	1462
467	1464
468	598
468	674
468	1014
468	1162
468	1251
468	1267
468	1312
468	1320
468	1388
468	1420
468	1461
468	1462
468	1474
469	122
469	910
469	1005
469	1037
469	1065
469	1098
469	1119
469	1370
469	1377
469	1392
469	1439
469	1464
469	1500
470	256
470	276
470	610
470	799
470	889
470	939
470	1219
470	1307
470	1313
470	1319
470	1339
470	1410
470	1498
471	554
471	607
471	621
471	955
471	956
471	973
471	1134
471	1192
471	1218
471	1269
471	1307
471	1338
471	1425
472	25
472	196
472	539
472	811
472	828
472	919
472	931
472	976
472	1013
472	1206
472	1449
472	1458
472	1473
473	215
473	944
473	995
473	1007
473	1131
473	1166
473	1169
473	1201
473	1223
473	1356
473	1375
473	1431
473	1499
474	229
474	257
474	594
474	669
474	723
474	754
474	842
474	1180
474	1205
474	1243
474	1378
474	1390
474	1485
475	391
475	605
475	613
475	719
475	799
475	800
475	899
475	962
475	1148
475	1227
475	1390
475	1395
475	1446
476	49
476	271
476	492
476	649
476	903
476	943
476	944
476	1202
476	1209
476	1360
476	1392
476	1421
476	1436
477	72
477	202
477	661
477	728
477	806
477	979
477	1037
477	1151
477	1217
477	1235
477	1415
477	1422
477	1489
478	575
478	596
478	847
478	856
478	949
478	1194
478	1209
478	1213
478	1307
478	1324
478	1360
478	1400
478	1405
479	707
479	853
479	1152
479	1159
479	1183
479	1199
479	1200
479	1210
479	1266
479	1278
479	1375
479	1385
479	1497
480	640
480	869
480	1034
480	1087
480	1284
480	1336
480	1364
480	1378
480	1382
480	1403
480	1452
480	1487
480	1488
481	5
481	180
481	263
481	616
481	628
481	748
481	794
481	818
481	1010
481	1076
481	1170
481	1365
481	1477
482	14
482	544
482	580
482	793
482	847
482	1051
482	1201
482	1245
482	1427
482	1444
482	1469
482	1476
482	1488
483	30
483	438
483	447
483	609
483	735
483	967
483	978
483	1179
483	1339
483	1387
483	1393
483	1407
483	1416
484	55
484	167
484	272
484	1239
484	1251
484	1288
484	1337
484	1362
484	1398
484	1404
484	1418
484	1448
484	1451
485	545
485	867
485	871
485	928
485	1213
485	1220
485	1248
485	1269
485	1273
485	1328
485	1489
485	1490
485	1497
486	547
486	638
486	658
486	726
486	838
486	868
486	1046
486	1152
486	1175
486	1223
486	1322
486	1438
486	1474
487	81
487	324
487	406
487	770
487	983
487	1112
487	1159
487	1179
487	1202
487	1332
487	1418
487	1422
487	1447
488	37
488	132
488	542
488	662
488	794
488	1053
488	1100
488	1157
488	1304
488	1373
488	1408
488	1484
488	1488
489	79
489	82
489	115
489	615
489	1031
489	1049
489	1111
489	1123
489	1337
489	1342
489	1406
489	1470
489	1498
490	178
490	517
490	706
490	927
490	980
490	1008
490	1178
490	1233
490	1353
490	1463
490	1471
490	1487
490	1495
491	9
491	1016
491	1025
491	1041
491	1198
491	1205
491	1235
491	1247
491	1303
491	1343
491	1356
491	1421
491	1472
492	41
492	139
492	325
492	476
492	564
492	661
492	882
492	1061
492	1338
492	1341
492	1407
492	1454
492	1461
493	884
493	1068
493	1075
493	1087
493	1207
493	1217
493	1282
493	1284
493	1285
493	1354
493	1403
493	1452
493	1456
494	5
494	202
494	870
494	909
494	916
494	1000
494	1009
494	1164
494	1197
494	1318
494	1336
494	1357
494	1482
495	32
495	54
495	198
495	853
495	921
495	988
495	1132
495	1382
495	1422
495	1424
495	1426
495	1458
495	1468
496	252
496	500
496	592
496	637
496	642
496	674
496	743
496	932
496	1040
496	1234
496	1283
496	1342
496	1421
497	34
497	227
497	515
497	783
497	859
497	865
497	1013
497	1092
497	1247
497	1289
497	1428
497	1435
497	1472
498	328
498	347
498	641
498	950
498	1200
498	1251
498	1296
498	1328
498	1407
498	1416
498	1454
498	1456
498	1485
499	23
499	53
499	68
499	118
499	151
499	252
499	736
499	738
499	799
499	1148
499	1164
499	1203
499	1395
500	91
500	496
500	541
500	1026
500	1031
500	1111
500	1114
500	1254
500	1280
500	1283
500	1495
500	1499
500	1500
501	200
501	345
501	382
501	624
501	656
501	687
501	1031
501	1155
501	1255
501	1377
501	1448
501	1465
501	1472
502	596
502	639
502	681
502	901
502	961
502	1128
502	1187
502	1266
502	1324
502	1352
502	1377
502	1397
502	1479
503	44
503	344
503	428
503	981
503	998
503	1082
503	1107
503	1270
503	1328
503	1365
503	1447
503	1482
503	1483
504	93
504	549
504	771
504	778
504	1046
504	1205
504	1211
504	1259
504	1274
504	1289
504	1340
504	1343
504	1485
505	80
505	270
505	457
505	510
505	912
505	1020
505	1119
505	1313
505	1339
505	1365
505	1405
505	1418
505	1440
506	130
506	384
506	672
506	698
506	798
506	836
506	867
506	963
506	1009
506	1344
506	1413
506	1462
506	1492
507	293
507	329
507	633
507	645
507	797
507	911
507	945
507	966
507	1014
507	1281
507	1348
507	1445
507	1481
508	99
508	191
508	225
508	284
508	631
508	681
508	739
508	998
508	1154
508	1270
508	1315
508	1322
508	1482
509	131
509	193
509	227
509	300
509	391
509	602
509	641
509	762
509	1004
509	1190
509	1252
509	1418
509	1466
510	229
510	505
510	548
510	740
510	915
510	974
510	983
510	1044
510	1108
510	1139
510	1179
510	1409
510	1418
511	183
511	634
511	661
511	1066
511	1162
511	1282
511	1284
511	1326
511	1363
511	1364
511	1409
511	1456
511	1486
512	45
512	63
512	293
512	546
512	611
512	789
512	967
512	1051
512	1297
512	1346
512	1359
512	1373
512	1474
513	206
513	260
513	601
513	736
513	742
513	819
513	944
513	978
513	1166
513	1177
513	1290
513	1356
513	1498
513	1499
514	9
514	409
514	919
514	944
514	973
514	1073
514	1228
514	1348
514	1401
514	1451
514	1463
514	1466
514	1487
514	1495
515	497
515	613
515	801
515	1042
515	1171
515	1242
515	1274
515	1280
515	1334
515	1335
515	1360
515	1390
515	1395
515	1428
516	309
516	414
516	520
516	714
516	800
516	1037
516	1062
516	1105
516	1131
516	1323
516	1441
516	1444
516	1469
516	1474
517	490
517	556
517	714
517	1038
517	1055
517	1086
517	1217
517	1228
517	1237
517	1320
517	1438
517	1451
517	1463
517	1495
518	40
518	169
518	658
518	757
518	832
518	943
518	1032
518	1110
518	1122
518	1232
518	1312
518	1487
518	1493
518	1495
519	905
519	1006
519	1080
519	1123
519	1142
519	1287
519	1411
519	1430
519	1442
519	1449
519	1469
519	1484
519	1489
519	1493
520	204
520	516
520	623
520	655
520	1122
520	1221
520	1231
520	1300
520	1315
520	1413
520	1441
520	1468
520	1475
520	1477
521	379
521	751
521	962
521	1069
521	1078
521	1114
521	1205
521	1254
521	1287
521	1301
521	1323
521	1342
521	1406
521	1466
522	76
522	166
522	170
522	392
522	565
522	836
522	1293
522	1295
522	1309
522	1316
522	1379
522	1403
522	1425
522	1456
523	534
523	562
523	577
523	795
523	889
523	982
523	1016
523	1171
523	1269
523	1288
523	1390
523	1392
523	1395
523	1455
524	18
524	438
524	800
524	1020
524	1099
524	1190
524	1267
524	1325
524	1339
524	1346
524	1367
524	1387
524	1398
524	1418
525	207
525	827
525	966
525	1019
525	1249
525	1287
525	1325
525	1374
525	1380
525	1414
525	1422
525	1424
525	1426
525	1468
526	41
526	232
526	585
526	682
526	757
526	786
526	961
526	1001
526	1043
526	1186
526	1217
526	1334
526	1391
526	1489
527	351
527	564
527	646
527	664
527	862
527	947
527	990
527	1082
527	1140
527	1372
527	1377
527	1436
527	1466
527	1496
528	59
528	65
528	80
528	535
528	659
528	1127
528	1183
528	1199
528	1278
528	1334
528	1375
528	1397
528	1477
528	1500
529	94
529	182
529	982
529	1074
529	1185
529	1259
529	1301
529	1342
529	1346
529	1386
529	1399
529	1460
529	1470
529	1490
530	40
530	133
530	671
530	676
530	868
530	936
530	990
530	1005
530	1226
530	1241
530	1322
530	1406
530	1421
530	1496
531	274
531	601
531	870
531	1019
531	1116
531	1125
531	1176
531	1327
531	1350
531	1378
531	1428
531	1430
531	1472
531	1499
532	94
532	680
532	1020
532	1155
532	1263
532	1289
532	1325
532	1380
532	1396
532	1422
532	1424
532	1426
532	1468
532	1489
533	74
533	116
533	537
533	617
533	647
533	812
533	912
533	985
533	999
533	1069
533	1186
533	1365
533	1377
533	1433
534	110
534	253
534	254
534	385
534	523
534	704
534	710
534	760
534	932
534	935
534	1376
534	1394
534	1432
534	1446
535	117
535	427
535	528
535	690
535	852
535	863
535	907
535	1112
535	1256
535	1356
535	1368
535	1404
535	1434
535	1499
536	16
536	313
536	417
536	756
536	772
536	868
536	912
536	941
536	978
536	1159
536	1179
536	1279
536	1339
536	1387
537	92
537	170
537	390
537	533
537	605
537	617
537	623
537	999
537	1058
537	1105
537	1167
537	1197
537	1381
537	1435
538	15
538	53
538	354
538	391
538	634
538	789
538	899
538	900
538	979
538	1274
538	1362
538	1390
538	1411
538	1494
539	472
539	1224
539	1251
539	1268
539	1286
539	1344
539	1354
539	1374
539	1386
539	1443
539	1470
539	1476
539	1480
539	1483
540	557
540	625
540	682
540	746
540	762
540	880
540	1043
540	1054
540	1181
540	1192
540	1281
540	1358
540	1419
540	1453
541	41
541	147
541	500
541	688
541	756
541	812
541	1065
541	1081
541	1083
541	1186
541	1210
541	1328
541	1435
541	1477
542	297
542	302
542	422
542	488
542	958
542	1001
542	1006
542	1090
542	1124
542	1263
542	1328
542	1403
542	1474
542	1492
543	53
543	329
543	675
543	700
543	763
543	793
543	986
543	1280
543	1302
543	1308
543	1360
543	1392
543	1395
543	1431
544	25
544	383
544	441
544	482
544	756
544	766
544	935
544	949
544	1153
544	1294
544	1330
544	1356
544	1488
544	1491
545	123
545	291
545	318
545	364
545	392
545	424
545	485
545	896
545	926
545	1090
545	1093
545	1095
545	1258
545	1305
546	512
546	574
546	764
546	998
546	1005
546	1036
546	1050
546	1126
546	1221
546	1300
546	1357
546	1402
546	1413
546	1464
547	466
547	486
547	565
547	802
547	811
547	855
547	866
547	878
547	881
547	1045
547	1223
547	1400
547	1420
547	1496
548	46
548	217
548	352
548	510
548	563
548	621
548	959
548	1075
548	1237
548	1328
548	1343
548	1451
548	1463
548	1487
549	131
549	504
549	636
549	650
549	817
549	989
549	1126
549	1194
549	1230
549	1340
549	1366
549	1402
549	1441
549	1475
550	253
550	262
550	443
550	679
550	938
550	974
550	1103
550	1117
550	1128
550	1308
550	1370
550	1372
550	1410
550	1459
551	96
551	187
551	331
551	751
551	753
551	756
551	809
551	1077
551	1323
551	1326
551	1338
551	1407
551	1424
551	1455
552	70
552	349
552	386
552	725
552	730
552	948
552	1063
552	1222
552	1227
552	1325
552	1372
552	1422
552	1443
552	1468
553	458
553	796
553	888
553	904
553	968
553	1138
553	1178
553	1247
553	1253
553	1277
553	1308
553	1347
553	1375
553	1459
554	235
554	471
554	609
554	791
554	845
554	1143
554	1166
554	1239
554	1253
554	1268
554	1272
554	1322
554	1335
554	1416
555	197
555	309
555	344
555	562
555	903
555	1050
555	1251
555	1355
555	1367
555	1369
555	1374
555	1423
555	1470
555	1480
556	362
556	517
556	622
556	710
556	947
556	984
556	1074
556	1263
556	1278
556	1361
556	1378
556	1381
556	1410
556	1437
557	234
557	374
557	540
557	829
557	836
557	1012
557	1189
557	1196
557	1340
557	1348
557	1407
557	1428
557	1453
557	1492
558	186
558	430
558	680
558	905
558	1041
558	1127
558	1233
558	1307
558	1338
558	1353
558	1375
558	1385
558	1392
558	1447
559	353
559	755
559	829
559	939
559	1163
559	1176
559	1188
559	1235
559	1258
559	1384
559	1427
559	1446
559	1455
559	1457
560	153
560	297
560	606
560	1129
560	1196
560	1273
560	1353
560	1362
560	1404
560	1467
560	1480
560	1481
560	1483
560	1492
561	304
561	663
561	934
561	1038
561	1094
561	1253
561	1308
561	1334
561	1365
561	1370
561	1410
561	1459
561	1479
561	1490
562	523
562	555
562	844
562	857
562	885
562	986
562	1012
562	1109
562	1390
562	1395
562	1446
562	1454
562	1464
562	1470
563	454
563	548
563	682
563	704
563	788
563	1069
563	1072
563	1117
563	1248
563	1265
563	1266
563	1295
563	1492
563	1496
564	171
564	492
564	527
564	911
564	1079
564	1116
564	1136
564	1251
564	1314
564	1346
564	1374
564	1377
564	1386
564	1490
565	87
565	267
565	275
565	522
565	547
565	810
565	889
565	1257
565	1259
565	1284
565	1285
565	1364
565	1452
565	1456
566	424
566	449
566	626
566	817
566	916
566	919
566	1072
566	1084
566	1142
566	1188
566	1389
566	1457
566	1478
566	1486
567	97
567	347
567	422
567	836
567	1107
567	1131
567	1198
567	1281
567	1291
567	1326
567	1381
567	1469
567	1474
567	1491
568	622
568	661
568	867
568	961
568	1003
568	1048
568	1075
568	1226
568	1248
568	1252
568	1270
568	1311
568	1481
568	1497
569	78
569	100
569	323
569	613
569	889
569	1038
569	1132
569	1189
569	1274
569	1360
569	1381
569	1385
569	1390
569	1395
570	243
570	315
570	797
570	1135
570	1137
570	1156
570	1215
570	1225
570	1240
570	1351
570	1374
570	1397
570	1409
570	1438
571	407
571	760
571	778
571	794
571	883
571	943
571	982
571	1020
571	1192
571	1207
571	1245
571	1394
571	1404
571	1431
572	29
572	141
572	159
572	779
572	920
572	1004
572	1019
572	1256
572	1337
572	1362
572	1367
572	1448
572	1456
572	1459
573	46
573	311
573	428
573	462
573	612
573	755
573	771
573	951
573	1082
573	1118
573	1328
573	1381
573	1435
573	1482
574	55
574	233
574	260
574	546
574	774
574	1012
574	1029
574	1102
574	1193
574	1282
574	1354
574	1364
574	1403
574	1456
575	223
575	231
575	351
575	415
575	478
575	728
575	847
575	882
575	955
575	1146
575	1178
575	1200
575	1434
575	1437
576	274
576	597
576	715
576	750
576	874
576	1118
576	1299
576	1337
576	1367
576	1381
576	1398
576	1448
576	1462
576	1472
577	222
577	336
577	523
577	1123
577	1215
577	1223
577	1229
577	1267
577	1316
577	1399
577	1400
577	1446
577	1462
577	1464
578	126
578	301
578	445
578	820
578	928
578	1097
578	1152
578	1201
578	1223
578	1232
578	1312
578	1420
578	1461
578	1481
579	66
579	256
579	686
579	934
579	1053
579	1202
579	1203
579	1209
579	1302
579	1307
579	1397
579	1420
579	1479
579	1498
580	482
580	668
580	737
580	791
580	1134
580	1146
580	1161
580	1199
580	1264
580	1338
580	1407
580	1468
580	1485
580	1499
581	86
581	104
581	630
581	718
581	850
581	875
581	912
581	931
581	938
581	946
581	972
581	1092
581	1208
581	1440
582	75
582	121
582	257
582	333
582	338
582	597
582	744
582	851
582	1343
582	1348
582	1378
582	1399
582	1428
582	1472
583	72
583	297
583	341
583	710
583	755
583	923
583	972
583	1215
583	1296
583	1343
583	1471
583	1477
583	1479
583	1498
584	41
584	262
584	628
584	672
584	761
584	823
584	1153
584	1359
584	1366
584	1371
584	1372
584	1405
584	1464
584	1471
585	220
585	287
585	454
585	526
585	786
585	937
585	957
585	961
585	1117
585	1266
585	1375
585	1391
585	1455
585	1497
586	125
586	628
586	1013
586	1118
586	1210
586	1322
586	1354
586	1375
586	1386
586	1423
586	1429
586	1460
586	1480
586	1490
587	624
587	687
587	757
587	906
587	911
587	945
587	974
587	1011
587	1033
587	1036
587	1142
587	1155
587	1294
587	1416
588	678
588	704
588	709
588	724
588	782
588	1030
588	1062
588	1295
588	1371
588	1376
588	1394
588	1401
588	1412
588	1432
589	180
589	449
589	686
589	852
589	864
589	888
589	905
589	997
589	1068
589	1177
589	1301
589	1356
589	1392
589	1499
590	172
590	245
590	302
590	611
590	707
590	712
590	788
590	955
590	977
590	1254
590	1283
590	1313
590	1342
590	1466
591	62
591	313
591	324
591	610
591	725
591	915
591	1099
591	1130
591	1179
591	1305
591	1418
591	1420
591	1431
591	1444
592	467
592	496
592	906
592	1244
592	1296
592	1329
592	1352
592	1359
592	1389
592	1395
592	1424
592	1465
592	1471
592	1498
593	103
593	663
593	720
593	854
593	1107
593	1154
593	1194
593	1261
593	1315
593	1357
593	1402
593	1441
593	1469
593	1475
594	279
594	439
594	474
594	623
594	687
594	729
594	734
594	802
594	869
594	917
594	1155
594	1294
594	1347
594	1423
594	1498
595	142
595	725
595	906
595	1056
595	1181
595	1239
595	1255
595	1288
595	1306
595	1330
595	1362
595	1367
595	1408
595	1435
595	1448
596	306
596	427
596	478
596	502
596	727
596	791
596	855
596	871
596	1090
596	1141
596	1213
596	1405
596	1465
596	1487
596	1498
597	163
597	271
597	362
597	576
597	582
597	771
597	787
597	1009
597	1046
597	1205
597	1247
597	1314
597	1343
597	1350
597	1475
598	316
598	468
598	771
598	887
598	929
598	954
598	996
598	1093
598	1235
598	1259
598	1268
598	1289
598	1350
598	1364
598	1421
599	325
599	688
599	696
599	861
599	925
599	1044
599	1052
599	1129
599	1222
599	1257
599	1303
599	1368
599	1369
599	1431
599	1433
600	251
600	399
600	610
600	693
600	705
600	745
600	1134
600	1156
600	1174
600	1317
600	1384
600	1425
600	1477
600	1485
600	1500
601	359
601	416
601	513
601	531
601	787
601	887
601	895
601	945
601	954
601	1048
601	1082
601	1122
601	1174
601	1259
601	1421
602	44
602	114
602	193
602	509
602	735
602	916
602	982
602	1029
602	1183
602	1185
602	1190
602	1361
602	1387
602	1418
602	1489
603	322
603	452
603	692
603	712
603	870
603	900
603	928
603	1207
603	1226
603	1312
603	1331
603	1414
603	1420
603	1479
603	1496
604	311
604	336
604	378
604	875
604	1113
604	1262
604	1272
604	1286
604	1391
604	1416
604	1430
604	1449
604	1455
604	1480
604	1496
605	44
605	438
605	475
605	537
605	986
605	1057
605	1164
605	1177
605	1197
605	1235
605	1435
605	1440
605	1474
605	1477
605	1494
606	230
606	335
606	374
606	560
606	924
606	989
606	1116
606	1173
606	1211
606	1320
606	1368
606	1423
606	1445
606	1481
606	1487
607	4
607	129
607	328
607	347
607	471
607	851
607	859
607	968
607	1106
607	1132
607	1161
607	1270
607	1386
607	1485
607	1488
608	183
608	260
608	393
608	686
608	891
608	1064
608	1073
608	1090
608	1174
608	1204
608	1208
608	1362
608	1388
608	1409
608	1411
609	33
609	412
609	483
609	554
609	696
609	890
609	1004
609	1037
609	1113
609	1122
609	1216
609	1286
609	1405
609	1416
609	1449
610	23
610	290
610	470
610	591
610	600
610	703
610	797
610	882
610	988
610	1143
610	1241
610	1338
610	1407
610	1425
610	1451
611	200
611	512
611	590
611	635
611	766
611	984
611	1018
611	1051
611	1100
611	1104
611	1263
611	1360
611	1475
611	1488
611	1491
612	104
612	156
612	356
612	411
612	573
612	632
612	676
612	778
612	939
612	1043
612	1340
612	1414
612	1467
612	1481
612	1492
613	277
613	365
613	475
613	515
613	569
613	649
613	864
613	1016
613	1081
613	1258
613	1360
613	1375
613	1392
613	1412
613	1434
614	395
614	791
614	841
614	879
614	1068
614	1105
614	1157
614	1202
614	1233
614	1243
614	1319
614	1385
614	1428
614	1447
614	1470
615	174
615	489
615	664
615	688
615	694
615	1023
615	1142
615	1226
615	1270
615	1291
615	1296
615	1433
615	1442
615	1471
615	1493
616	57
616	196
616	263
616	396
616	481
616	727
616	775
616	1017
616	1062
616	1076
616	1198
616	1460
616	1477
616	1478
616	1482
617	533
617	537
617	1026
617	1041
617	1061
617	1082
617	1096
617	1203
617	1241
617	1318
617	1365
617	1378
617	1434
617	1477
617	1482
618	265
618	318
618	688
618	1176
618	1227
618	1254
618	1287
618	1316
618	1335
618	1414
618	1430
618	1431
618	1480
618	1484
618	1493
619	274
619	330
619	860
619	967
619	1115
619	1152
619	1226
619	1250
619	1290
619	1349
619	1372
619	1387
619	1446
619	1461
619	1496
620	144
620	670
620	909
620	919
620	1031
620	1054
620	1132
620	1212
620	1302
620	1376
620	1386
620	1428
620	1457
620	1486
620	1494
621	129
621	146
621	410
621	471
621	548
621	848
621	917
621	920
621	973
621	1270
621	1291
621	1317
621	1350
621	1389
621	1485
622	184
622	300
622	334
622	409
622	556
622	568
622	758
622	972
622	1257
622	1334
622	1391
622	1415
622	1427
622	1446
622	1497
623	322
623	412
623	520
623	537
623	594
623	1031
623	1040
623	1069
623	1242
623	1269
623	1283
623	1285
623	1342
623	1406
623	1407
624	185
624	249
624	382
624	501
624	587
624	663
624	786
624	804
624	819
624	870
624	874
624	1036
624	1415
624	1426
624	1493
625	248
625	540
625	660
625	851
625	1032
625	1053
625	1083
625	1218
625	1256
625	1273
625	1281
625	1391
625	1453
625	1467
625	1492
626	408
626	566
626	751
626	839
626	940
626	1223
626	1229
626	1280
626	1377
626	1421
626	1446
626	1448
626	1464
626	1485
626	1496
627	75
627	231
627	633
627	704
627	746
627	767
627	806
627	1030
627	1093
627	1128
627	1180
627	1199
627	1201
627	1394
627	1401
628	281
628	481
628	584
628	586
628	777
628	861
628	1000
628	1098
628	1187
628	1263
628	1284
628	1303
628	1378
628	1397
628	1498
629	294
629	360
629	387
629	911
629	956
629	1065
629	1125
629	1152
629	1241
629	1377
629	1390
629	1393
629	1417
629	1445
629	1490
630	209
630	313
630	430
630	581
630	760
630	850
630	946
630	983
630	984
630	1047
630	1184
630	1312
630	1410
630	1412
630	1458
631	370
631	508
631	739
631	740
631	911
631	1092
631	1257
631	1265
631	1311
631	1334
631	1356
631	1404
631	1416
631	1486
631	1489
632	34
632	86
632	218
632	612
632	849
632	1049
632	1098
632	1160
632	1175
632	1176
632	1204
632	1312
632	1320
632	1461
632	1464
633	60
633	213
633	380
633	459
633	507
633	627
633	785
633	1043
633	1167
633	1196
633	1296
633	1394
633	1445
633	1460
633	1492
634	233
634	259
634	324
634	511
634	538
634	780
634	844
634	991
634	1098
634	1102
634	1128
634	1181
634	1382
634	1432
634	1452
635	19
635	35
635	327
635	328
635	611
635	699
635	718
635	935
635	1041
635	1057
635	1140
635	1336
635	1389
635	1477
635	1488
636	549
636	642
636	708
636	817
636	846
636	885
636	900
636	902
636	979
636	1194
636	1265
636	1360
636	1413
636	1441
636	1475
637	496
637	642
637	713
637	751
637	784
637	949
637	977
637	1003
637	1040
637	1046
637	1236
637	1283
637	1342
637	1406
637	1456
638	486
638	738
638	847
638	856
638	971
638	1034
638	1101
638	1314
638	1324
638	1358
638	1366
638	1405
638	1460
638	1471
638	1479
639	149
639	314
639	402
639	502
639	661
639	726
639	1021
639	1047
639	1259
639	1298
639	1385
639	1440
639	1458
639	1473
639	1474
640	291
640	354
640	480
640	656
640	785
640	858
640	991
640	993
640	1087
640	1212
640	1293
640	1295
640	1313
640	1452
640	1456
641	82
641	259
641	498
641	509
641	958
641	1066
641	1154
641	1204
641	1232
641	1269
641	1407
641	1411
641	1412
641	1440
641	1454
642	115
642	132
642	254
642	298
642	379
642	496
642	636
642	637
642	701
642	996
642	1254
642	1266
642	1406
642	1421
642	1466
643	137
643	197
643	284
643	711
643	722
643	753
643	766
643	894
643	914
643	994
643	1147
643	1232
643	1365
643	1435
643	1477
644	153
644	268
644	319
644	464
644	697
644	754
644	891
644	1006
644	1046
644	1125
644	1350
644	1421
644	1425
644	1428
644	1472
645	50
645	336
645	375
645	507
645	769
645	926
645	1025
645	1171
645	1250
645	1299
645	1306
645	1337
645	1367
645	1398
645	1448
646	115
646	125
646	200
646	527
646	1000
646	1180
646	1219
646	1252
646	1296
646	1339
646	1405
646	1435
646	1465
646	1471
646	1479
647	533
647	768
647	904
647	980
647	1150
647	1165
647	1237
647	1345
647	1380
647	1406
647	1437
647	1451
647	1459
647	1461
647	1495
648	103
648	286
648	466
648	860
648	1120
648	1131
648	1168
648	1173
648	1234
648	1248
648	1260
648	1263
648	1273
648	1439
648	1455
649	23
649	68
649	476
649	613
649	1012
649	1070
649	1137
649	1238
649	1280
649	1360
649	1390
649	1392
649	1415
649	1438
649	1486
650	161
650	189
650	549
650	797
650	926
650	975
650	1002
650	1171
650	1196
650	1248
650	1257
650	1266
650	1428
650	1489
650	1497
651	431
651	862
651	925
651	1138
651	1182
651	1191
651	1204
651	1251
651	1268
651	1279
651	1335
651	1428
651	1433
651	1484
651	1493
652	111
652	445
652	843
652	873
652	1018
652	1184
652	1265
652	1298
652	1329
652	1358
652	1400
652	1419
652	1440
652	1473
652	1479
653	450
653	656
653	690
653	702
653	888
653	907
653	912
653	1112
653	1146
653	1166
653	1185
653	1239
653	1356
653	1400
653	1499
654	199
654	695
654	772
654	963
654	1007
654	1013
654	1136
654	1184
654	1412
654	1419
654	1440
654	1458
654	1473
654	1489
654	1493
655	82
655	147
655	250
655	286
655	520
655	657
655	842
655	1095
655	1117
655	1176
655	1185
655	1375
655	1469
655	1496
655	1497
656	321
656	399
656	501
656	640
656	653
656	784
656	984
656	1063
656	1156
656	1258
656	1270
656	1406
656	1407
656	1454
656	1467
656	1474
657	6
657	189
657	355
657	373
657	655
657	673
657	979
657	1003
657	1206
657	1329
657	1334
657	1370
657	1436
657	1468
657	1489
657	1497
658	369
658	486
658	518
658	706
658	744
658	807
658	898
658	1099
658	1237
658	1285
658	1345
658	1399
658	1448
658	1451
658	1463
658	1495
659	80
659	164
659	212
659	246
659	378
659	528
659	703
659	1041
659	1044
659	1072
659	1165
659	1210
659	1266
659	1278
659	1304
659	1447
660	122
660	174
660	352
660	393
660	435
660	625
660	1096
660	1110
660	1163
660	1242
660	1369
660	1386
660	1414
660	1428
660	1429
660	1490
661	85
661	90
661	477
661	492
661	511
661	568
661	639
661	882
661	958
661	960
661	1146
661	1270
661	1293
661	1407
661	1485
661	1499
662	296
662	383
662	488
662	663
662	980
662	1008
662	1069
662	1182
662	1214
662	1310
662	1335
662	1380
662	1433
662	1479
662	1484
662	1493
663	443
663	561
663	593
663	624
663	662
663	747
663	766
663	934
663	992
663	1347
663	1370
663	1410
663	1413
663	1415
663	1459
663	1464
664	125
664	301
664	384
664	421
664	527
664	615
664	965
664	1182
664	1236
664	1385
664	1430
664	1433
664	1447
664	1484
664	1487
664	1493
665	705
665	799
665	853
665	888
665	1113
665	1168
665	1211
665	1216
665	1244
665	1262
665	1364
665	1369
665	1394
665	1416
665	1449
665	1472
666	98
666	156
666	760
666	783
666	946
666	1009
666	1040
666	1043
666	1196
666	1245
666	1270
666	1319
666	1345
666	1455
666	1467
666	1483
667	74
667	127
667	779
667	1041
667	1250
667	1312
667	1321
667	1322
667	1414
667	1426
667	1442
667	1446
667	1461
667	1463
667	1475
667	1496
668	580
668	772
668	910
668	948
668	1074
668	1092
668	1093
668	1098
668	1361
668	1374
668	1381
668	1436
668	1466
668	1474
668	1482
668	1500
669	93
669	215
669	372
669	474
669	898
669	923
669	1200
669	1219
669	1231
669	1259
669	1283
669	1327
669	1410
669	1472
669	1475
669	1484
670	296
670	320
670	620
670	744
670	768
670	940
670	941
670	943
670	990
670	1195
670	1351
670	1353
670	1360
670	1421
670	1460
670	1478
671	104
671	530
671	736
671	771
671	838
671	1207
671	1312
671	1320
671	1321
671	1384
671	1400
671	1418
671	1420
671	1462
671	1465
671	1499
672	9
672	343
672	506
672	584
672	776
672	1095
672	1117
672	1265
672	1266
672	1347
672	1355
672	1358
672	1375
672	1391
672	1489
672	1497
673	28
673	39
673	188
673	364
673	657
673	842
673	979
673	1081
673	1091
673	1095
673	1184
673	1217
673	1257
673	1311
673	1387
673	1395
674	124
674	401
674	408
674	468
674	496
674	834
674	1093
674	1127
674	1227
674	1290
674	1320
674	1349
674	1396
674	1408
674	1420
674	1496
675	98
675	543
675	735
675	910
675	1007
675	1028
675	1121
675	1213
675	1221
675	1226
675	1302
675	1372
675	1381
675	1417
675	1436
675	1452
676	169
676	227
676	400
676	530
676	612
676	736
676	856
676	980
676	1046
676	1115
676	1345
676	1358
676	1421
676	1451
676	1463
676	1486
677	172
677	245
677	280
677	883
677	1118
677	1137
677	1215
677	1219
677	1224
677	1225
677	1240
677	1300
677	1341
677	1363
677	1399
677	1438
678	91
678	134
678	314
678	407
678	588
678	908
678	1039
678	1095
678	1142
678	1167
678	1224
678	1291
678	1324
678	1429
678	1481
678	1483
679	48
679	341
679	444
679	550
679	687
679	734
679	900
679	1035
679	1253
679	1274
679	1277
679	1370
679	1410
679	1411
679	1459
679	1471
680	3
680	145
680	532
680	558
680	745
680	766
680	824
680	855
680	872
680	1153
680	1260
680	1330
680	1476
680	1488
680	1491
680	1500
681	88
681	502
681	508
681	705
681	727
681	733
681	904
681	944
681	1185
681	1186
681	1203
681	1236
681	1316
681	1365
681	1477
681	1482
682	343
682	526
682	540
682	563
682	684
682	866
682	884
682	972
682	1017
682	1095
682	1265
682	1311
682	1318
682	1389
682	1467
682	1489
683	37
683	97
683	135
683	345
683	699
683	823
683	869
683	896
683	921
683	945
683	1074
683	1255
683	1294
683	1391
683	1442
683	1472
684	682
684	740
684	967
684	1083
684	1097
684	1230
684	1238
684	1279
684	1366
684	1368
684	1401
684	1433
684	1437
684	1442
684	1484
684	1493
685	117
685	848
685	1054
685	1094
685	1161
685	1172
685	1191
685	1256
685	1341
685	1353
685	1356
685	1372
685	1379
685	1412
685	1457
685	1494
686	110
686	227
686	579
686	589
686	608
686	696
686	821
686	956
686	965
686	1130
686	1191
686	1193
686	1247
686	1346
686	1409
686	1411
687	458
687	501
687	587
687	594
687	679
687	727
687	775
687	794
687	967
687	1036
687	1056
687	1163
687	1243
687	1287
687	1294
687	1482
688	68
688	541
688	599
688	615
688	618
688	833
688	1065
688	1152
688	1182
688	1310
688	1374
688	1388
688	1431
688	1442
688	1472
688	1493
689	191
689	740
689	955
689	995
689	1037
689	1043
689	1151
689	1200
689	1233
689	1360
689	1364
689	1391
689	1417
689	1436
689	1437
689	1500
690	184
690	380
690	535
690	653
690	852
690	888
690	967
690	1050
690	1112
690	1166
690	1216
690	1331
690	1345
690	1372
690	1393
690	1499
691	152
691	195
691	305
691	969
691	1047
691	1194
691	1315
691	1357
691	1412
691	1413
691	1418
691	1440
691	1441
691	1454
691	1475
691	1491
692	74
692	446
692	603
692	886
692	912
692	1089
692	1091
692	1172
692	1212
692	1305
692	1353
692	1379
692	1425
692	1478
692	1485
692	1486
693	253
693	600
693	848
693	928
693	977
693	988
693	1088
693	1096
693	1146
693	1328
693	1366
693	1403
693	1425
693	1427
693	1484
693	1485
694	287
694	615
694	770
694	863
694	1026
694	1033
694	1267
694	1284
694	1293
694	1303
694	1310
694	1430
694	1431
694	1442
694	1493
694	1497
695	23
695	164
695	654
695	812
695	1031
695	1052
695	1267
695	1293
695	1312
695	1338
695	1408
695	1415
695	1420
695	1461
695	1462
695	1496
696	177
696	599
696	609
696	686
696	952
696	994
696	1092
696	1170
696	1191
696	1208
696	1397
696	1409
696	1411
696	1436
696	1459
696	1499
697	390
697	644
697	786
697	1054
697	1068
697	1147
697	1245
697	1303
697	1305
697	1418
697	1420
697	1450
697	1457
697	1478
697	1490
697	1494
698	200
698	506
698	794
698	912
698	1038
698	1132
698	1150
698	1230
698	1276
698	1277
698	1340
698	1374
698	1391
698	1445
698	1483
698	1492
699	135
699	185
699	331
699	439
699	635
699	683
699	734
699	871
699	1030
699	1144
699	1156
699	1163
699	1255
699	1293
699	1294
699	1383
700	123
700	230
700	543
700	761
700	774
700	965
700	1002
700	1064
700	1105
700	1130
700	1138
700	1204
700	1214
700	1384
700	1409
700	1411
701	143
701	297
701	409
701	642
701	719
701	743
701	806
701	932
701	987
701	1030
701	1096
701	1376
701	1394
701	1401
701	1432
701	1449
702	653
702	717
702	810
702	817
702	918
702	1216
702	1282
702	1284
702	1285
702	1295
702	1403
702	1410
702	1453
702	1456
702	1458
702	1478
703	399
703	610
703	659
703	739
703	952
703	1018
703	1134
703	1156
703	1192
703	1258
703	1338
703	1399
703	1442
703	1454
703	1485
703	1495
704	182
704	534
704	563
704	588
704	627
704	757
704	851
704	934
704	1376
704	1394
704	1399
704	1401
704	1431
704	1432
704	1462
704	1474
705	207
705	326
705	420
705	600
705	665
705	681
705	742
705	812
705	849
705	914
705	1318
705	1344
705	1365
705	1429
705	1477
705	1482
706	355
706	490
706	658
706	909
706	1115
706	1186
706	1217
706	1228
706	1238
706	1278
706	1357
706	1368
706	1432
706	1487
706	1491
706	1495
707	134
707	226
707	307
707	479
707	590
707	718
707	816
707	1044
707	1064
707	1071
707	1148
707	1202
707	1236
707	1271
707	1279
707	1365
708	201
708	418
708	465
708	636
708	855
708	955
708	1065
708	1163
708	1319
708	1336
708	1355
708	1381
708	1466
708	1475
708	1482
708	1495
709	392
709	588
709	914
709	998
709	1052
709	1081
709	1197
709	1212
709	1231
709	1328
709	1347
709	1363
709	1439
709	1450
709	1477
709	1482
710	155
710	329
710	449
710	534
710	556
710	583
710	989
710	1090
710	1098
710	1296
710	1352
710	1366
710	1371
710	1465
710	1469
710	1471
711	266
711	643
711	922
711	931
711	953
711	1021
711	1089
711	1111
711	1118
711	1120
711	1302
711	1358
711	1412
711	1419
711	1440
711	1471
712	90
712	111
712	168
712	244
712	590
712	603
712	751
712	849
712	957
712	1052
712	1164
712	1307
712	1408
712	1420
712	1462
712	1464
713	275
713	352
713	637
713	1091
713	1182
713	1236
713	1280
713	1309
713	1325
713	1382
713	1424
713	1426
713	1434
713	1438
713	1468
713	1471
714	516
714	517
714	803
714	877
714	933
714	1001
714	1083
714	1085
714	1157
714	1213
714	1333
714	1418
714	1427
714	1444
714	1469
714	1476
715	29
715	148
715	316
715	334
715	576
715	716
715	863
715	934
715	948
715	960
715	1277
715	1308
715	1347
715	1370
715	1459
715	1481
716	297
716	437
716	454
716	715
716	796
716	857
716	876
716	882
716	992
716	1253
716	1277
716	1347
716	1410
716	1418
716	1459
716	1475
717	190
717	702
717	722
717	739
717	864
717	878
717	890
717	980
717	1080
717	1140
717	1219
717	1231
717	1307
717	1371
717	1479
717	1498
718	178
718	581
718	635
718	707
718	849
718	1062
718	1107
718	1154
718	1336
718	1348
718	1395
718	1442
718	1469
718	1474
718	1488
718	1491
719	71
719	475
719	701
719	894
719	1027
719	1091
719	1260
719	1261
719	1273
719	1294
719	1326
719	1338
719	1402
719	1429
719	1439
719	1455
720	3
720	65
720	168
720	254
720	593
720	879
720	964
720	965
720	989
720	1169
720	1177
720	1202
720	1319
720	1385
720	1421
720	1447
721	77
721	441
721	455
721	763
721	896
721	908
721	939
721	1079
721	1235
721	1261
721	1370
721	1379
721	1447
721	1457
721	1478
721	1494
722	57
722	118
722	260
722	643
722	717
722	790
722	813
722	891
722	1148
722	1154
722	1186
722	1203
722	1312
722	1335
722	1477
722	1482
723	1
723	373
723	474
723	804
723	887
723	906
723	1180
723	1250
723	1267
723	1272
723	1288
723	1299
723	1337
723	1362
723	1367
723	1398
724	398
724	588
724	769
724	792
724	1005
724	1156
724	1215
724	1240
724	1252
724	1292
724	1306
724	1314
724	1363
724	1399
724	1438
724	1491
725	211
725	333
725	423
725	552
725	591
725	595
725	827
725	863
725	944
725	962
725	984
725	1007
725	1189
725	1249
725	1336
725	1500
726	196
726	251
726	445
726	486
726	639
726	739
726	1112
726	1120
726	1153
726	1184
726	1289
726	1326
726	1358
726	1409
726	1412
726	1473
727	7
727	116
727	263
727	596
727	616
727	681
727	687
727	767
727	852
727	855
727	1082
727	1148
727	1365
727	1426
727	1477
727	1482
728	165
728	172
728	288
728	477
728	575
728	928
728	971
728	1037
728	1098
728	1158
728	1168
728	1289
728	1324
728	1372
728	1436
728	1437
728	1500
729	185
729	200
729	418
729	594
729	741
729	786
729	823
729	1011
729	1036
729	1146
729	1153
729	1163
729	1243
729	1255
729	1294
729	1373
729	1404
730	120
730	552
730	765
730	881
730	1077
730	1098
730	1104
730	1120
730	1206
730	1260
730	1326
730	1334
730	1354
730	1400
730	1439
730	1450
730	1455
731	96
731	164
731	751
731	815
731	816
731	1050
731	1231
731	1253
731	1277
731	1308
731	1347
731	1370
731	1410
731	1411
731	1456
731	1459
731	1467
732	282
732	769
732	860
732	1009
732	1081
732	1165
732	1218
732	1228
732	1230
732	1242
732	1276
732	1340
732	1445
732	1453
732	1481
732	1483
732	1489
733	681
733	860
733	1033
733	1055
733	1076
733	1118
733	1181
733	1191
733	1244
733	1249
733	1256
733	1298
733	1299
733	1337
733	1362
733	1367
733	1482
734	98
734	447
734	594
734	679
734	699
734	804
734	921
734	1016
734	1155
734	1163
734	1255
734	1274
734	1282
734	1307
734	1358
734	1398
734	1469
735	62
735	171
735	270
735	483
735	602
735	675
735	902
735	967
735	983
735	1129
735	1139
735	1295
735	1387
735	1418
735	1424
735	1461
735	1466
736	350
736	361
736	499
736	513
736	671
736	676
736	879
736	905
736	1086
736	1112
736	1177
736	1215
736	1278
736	1297
736	1331
736	1356
736	1499
737	26
737	106
737	161
737	281
737	580
737	804
737	823
737	1088
737	1137
737	1258
737	1299
737	1317
737	1407
737	1417
737	1445
737	1468
737	1485
738	307
738	499
738	638
738	998
738	1116
738	1158
738	1271
738	1382
738	1396
738	1407
738	1414
738	1422
738	1424
738	1425
738	1426
738	1434
738	1468
739	98
739	114
739	508
739	631
739	703
739	717
739	726
739	788
739	790
739	896
739	1133
739	1167
739	1266
739	1269
739	1332
739	1453
739	1489
740	451
740	510
740	631
740	684
740	689
740	1063
740	1121
740	1189
740	1403
740	1417
740	1431
740	1436
740	1437
740	1445
740	1466
740	1483
740	1500
741	74
741	390
741	441
741	449
741	729
741	768
741	1006
741	1143
741	1155
741	1207
741	1285
741	1302
741	1346
741	1363
741	1414
741	1419
741	1450
742	170
742	224
742	262
742	513
742	705
742	767
742	782
742	808
742	987
742	1124
742	1243
742	1257
742	1327
742	1376
742	1394
742	1432
742	1455
743	79
743	451
743	496
743	701
743	815
743	868
743	885
743	1031
743	1049
743	1069
743	1076
743	1089
743	1114
743	1176
743	1281
743	1342
743	1406
744	201
744	582
744	658
744	670
744	807
744	1005
744	1094
744	1229
744	1291
744	1349
744	1359
744	1446
744	1451
744	1461
744	1462
744	1464
744	1477
745	307
745	600
745	680
745	893
745	1096
745	1185
745	1232
745	1242
745	1275
745	1322
745	1374
745	1381
745	1443
745	1460
745	1480
745	1490
745	1498
746	183
746	404
746	540
746	627
746	760
746	1032
746	1165
746	1245
746	1300
746	1340
746	1393
746	1404
746	1429
746	1453
746	1492
746	1497
746	1500
747	14
747	142
747	237
747	663
747	777
747	847
747	1017
747	1084
747	1214
747	1258
747	1294
747	1387
747	1388
747	1397
747	1412
747	1471
747	1498
748	35
748	191
748	481
748	782
748	846
748	906
748	985
748	1039
748	1184
748	1365
748	1392
748	1435
748	1452
748	1467
748	1473
748	1477
748	1482
749	310
749	319
749	344
749	415
749	422
749	865
749	886
749	969
749	1008
749	1094
749	1124
749	1216
749	1404
749	1460
749	1474
749	1476
749	1491
750	291
750	424
750	576
750	896
750	927
750	995
750	1092
750	1133
750	1237
750	1265
750	1311
750	1312
750	1331
750	1334
750	1350
750	1434
750	1497
751	162
751	298
751	521
751	551
751	626
751	637
751	712
751	731
751	831
751	895
751	1000
751	1049
751	1069
751	1111
751	1254
751	1283
751	1406
752	119
752	153
752	416
752	762
752	874
752	913
752	1198
752	1234
752	1259
752	1272
752	1327
752	1382
752	1421
752	1423
752	1428
752	1451
752	1488
753	165
753	437
753	448
753	551
753	643
753	1056
753	1085
753	1206
753	1212
753	1260
753	1273
753	1346
753	1387
753	1415
753	1430
753	1439
753	1459
754	5
754	34
754	153
754	164
754	474
754	644
754	861
754	942
754	993
754	1127
754	1330
754	1350
754	1381
754	1384
754	1414
754	1421
754	1494
755	241
755	275
755	559
755	573
755	583
755	767
755	811
755	835
755	1010
755	1089
755	1097
755	1298
755	1358
755	1438
755	1473
755	1483
755	1498
756	57
756	297
756	536
756	541
756	544
756	551
756	1039
756	1082
756	1110
756	1197
756	1312
756	1328
756	1433
756	1435
756	1482
756	1492
756	1497
757	371
757	518
757	526
757	587
757	704
757	917
757	932
757	959
757	1030
757	1123
757	1290
757	1376
757	1391
757	1394
757	1401
757	1432
757	1487
758	208
758	359
758	622
758	793
758	993
758	1001
758	1053
758	1140
758	1153
758	1233
758	1373
758	1438
758	1463
758	1474
758	1476
758	1484
758	1488
759	134
759	208
759	449
759	931
759	996
759	1105
759	1150
759	1194
759	1202
759	1218
759	1236
759	1281
759	1319
759	1354
759	1375
759	1424
759	1447
760	10
760	293
760	534
760	571
760	630
760	666
760	746
760	785
760	798
760	927
760	1167
760	1172
760	1216
760	1306
760	1342
760	1398
760	1475
761	173
761	335
761	584
761	700
761	775
761	1141
761	1214
761	1313
761	1349
761	1359
761	1371
761	1397
761	1449
761	1465
761	1471
761	1482
761	1499
762	51
762	69
762	71
762	171
762	509
762	540
762	752
762	763
762	966
762	974
762	1029
762	1099
762	1169
762	1343
762	1387
762	1430
762	1479
763	270
763	350
763	543
763	721
763	762
763	815
763	912
763	983
763	1099
763	1139
763	1165
763	1179
763	1339
763	1370
763	1491
763	1495
763	1500
764	415
764	546
764	890
764	975
764	991
764	1153
764	1190
764	1261
764	1275
764	1286
764	1300
764	1317
764	1357
764	1416
764	1426
764	1441
764	1475
765	157
765	730
765	802
765	1090
765	1132
765	1172
765	1309
765	1314
765	1339
765	1380
765	1382
765	1396
765	1414
765	1434
765	1463
765	1468
765	1496
766	202
766	372
766	544
766	611
766	643
766	663
766	680
766	830
766	839
766	1153
766	1254
766	1257
766	1304
766	1337
766	1469
766	1474
766	1491
767	159
767	348
767	627
767	727
767	742
767	755
767	841
767	949
767	1096
767	1124
767	1147
767	1149
767	1292
767	1341
767	1430
767	1438
767	1486
768	647
768	670
768	741
768	787
768	919
768	922
768	940
768	1112
768	1139
768	1144
768	1160
768	1172
768	1189
768	1427
768	1483
768	1486
768	1494
769	70
769	413
769	645
769	724
769	732
769	926
769	931
769	1048
769	1133
769	1185
769	1217
769	1248
769	1266
769	1391
769	1393
769	1412
769	1415
770	46
770	487
770	694
770	967
770	1052
770	1108
770	1223
770	1300
770	1321
770	1370
770	1420
770	1455
770	1461
770	1470
770	1483
770	1492
770	1496
771	121
771	504
771	573
771	597
771	598
771	671
771	842
771	993
771	1015
771	1028
771	1110
771	1157
771	1327
771	1343
771	1394
771	1428
771	1472
772	458
772	536
772	654
772	668
772	796
772	1103
772	1125
772	1176
772	1253
772	1308
772	1309
772	1347
772	1370
772	1377
772	1410
772	1459
772	1477
773	101
773	821
773	850
773	1007
773	1091
773	1094
773	1131
773	1137
773	1147
773	1180
773	1225
773	1252
773	1341
773	1399
773	1408
773	1438
773	1483
774	110
774	251
774	296
774	393
774	430
774	574
774	700
774	1061
774	1138
774	1162
774	1170
774	1193
774	1335
774	1388
774	1409
774	1411
774	1436
775	44
775	96
775	200
775	276
775	439
775	447
775	616
775	687
775	761
775	945
775	992
775	1063
775	1155
775	1163
775	1178
775	1255
775	1432
776	135
776	145
776	232
776	672
776	786
776	869
776	921
776	939
776	993
776	1036
776	1163
776	1210
776	1255
776	1294
776	1301
776	1395
776	1420
777	344
777	628
777	747
777	947
777	953
777	1097
777	1114
777	1213
777	1219
777	1269
777	1284
777	1360
777	1371
777	1434
777	1465
777	1479
777	1498
778	49
778	108
778	260
778	328
778	504
778	571
778	612
778	785
778	851
778	918
778	932
778	1348
778	1431
778	1453
778	1474
778	1483
778	1492
779	21
779	201
779	379
779	447
779	467
779	572
779	667
779	1160
779	1226
779	1247
779	1249
779	1257
779	1349
779	1383
779	1446
779	1448
779	1461
780	112
780	424
780	634
780	833
780	872
780	1022
780	1061
780	1162
780	1201
780	1295
780	1386
780	1454
780	1463
780	1470
780	1480
780	1488
780	1490
781	51
781	72
781	273
781	369
781	1060
781	1142
781	1151
781	1211
781	1248
781	1265
781	1316
781	1334
781	1337
781	1339
781	1390
781	1489
781	1497
782	221
782	224
782	588
782	742
782	748
782	864
782	932
782	998
782	1088
782	1180
782	1185
782	1225
782	1331
782	1376
782	1392
782	1394
782	1401
782	1432
783	34
783	54
783	448
783	497
783	666
783	923
783	993
783	1000
783	1068
783	1116
783	1149
783	1194
783	1268
783	1289
783	1343
783	1378
783	1389
783	1421
784	110
784	292
784	637
784	656
784	806
784	917
784	987
784	1093
784	1173
784	1180
784	1254
784	1255
784	1384
784	1394
784	1401
784	1423
784	1432
784	1448
785	12
785	25
785	281
785	633
785	640
785	760
785	778
785	1032
785	1163
785	1192
785	1222
785	1230
785	1234
785	1235
785	1298
785	1307
785	1404
785	1467
786	345
786	376
786	526
786	585
786	624
786	697
786	729
786	776
786	1011
786	1056
786	1131
786	1155
786	1161
786	1163
786	1255
786	1344
786	1448
786	1453
787	244
787	304
787	414
787	597
787	601
787	768
787	848
787	1000
787	1111
787	1206
787	1224
787	1299
787	1327
787	1343
787	1378
787	1384
787	1426
787	1472
788	235
788	286
788	381
788	405
788	563
788	590
788	739
788	896
788	930
788	1039
788	1151
788	1161
788	1266
788	1285
788	1334
788	1459
788	1478
788	1497
789	186
789	251
789	512
789	538
789	811
789	858
789	868
789	946
789	962
789	990
789	1013
789	1078
789	1127
789	1273
789	1275
789	1317
789	1358
789	1458
790	722
790	739
790	888
790	899
790	1092
790	1117
790	1175
790	1176
790	1213
790	1220
790	1265
790	1317
790	1360
790	1415
790	1459
790	1489
790	1493
790	1497
791	554
791	580
791	596
791	614
791	1143
791	1200
791	1211
791	1243
791	1262
791	1272
791	1289
791	1317
791	1330
791	1333
791	1383
791	1408
791	1449
791	1484
792	36
792	49
792	395
792	465
792	724
792	903
792	916
792	930
792	955
792	1035
792	1123
792	1215
792	1240
792	1292
792	1341
792	1363
792	1399
792	1492
793	151
793	482
793	543
793	758
793	870
793	900
793	1016
793	1274
793	1280
793	1282
793	1303
793	1312
793	1360
793	1392
793	1395
793	1461
793	1465
793	1482
794	127
794	206
794	407
794	481
794	488
794	571
794	687
794	698
794	817
794	925
794	1273
794	1276
794	1297
794	1348
794	1404
794	1467
794	1479
794	1481
795	221
795	288
795	464
795	523
795	863
795	884
795	944
795	1086
795	1169
795	1189
795	1243
795	1272
795	1282
795	1297
795	1331
795	1429
795	1464
795	1499
796	10
796	334
796	553
796	716
796	772
796	892
796	992
796	1181
796	1277
796	1308
796	1347
796	1355
796	1410
796	1432
796	1437
796	1456
796	1471
796	1487
797	76
797	98
797	420
797	507
797	570
797	610
797	650
797	884
797	891
797	926
797	961
797	1117
797	1214
797	1217
797	1415
797	1476
797	1489
797	1497
798	203
798	421
798	506
798	760
798	858
798	897
798	901
798	967
798	1032
798	1162
798	1167
798	1348
798	1415
798	1445
798	1467
798	1481
798	1489
798	1492
799	118
799	193
799	396
799	470
799	475
799	499
799	665
799	846
799	867
799	900
799	1016
799	1141
799	1232
799	1274
799	1358
799	1360
799	1390
799	1457
800	82
800	475
800	516
800	524
800	867
800	936
800	1053
800	1163
800	1166
800	1214
800	1238
800	1261
800	1444
800	1469
800	1474
800	1476
800	1488
800	1491
801	5
801	210
801	226
801	342
801	515
801	902
801	995
801	1071
801	1101
801	1105
801	1127
801	1202
801	1269
801	1278
801	1319
801	1375
801	1447
801	1467
802	14
802	119
802	359
802	412
802	547
802	594
802	765
802	1011
802	1053
802	1215
802	1289
802	1327
802	1350
802	1378
802	1384
802	1421
802	1428
802	1449
803	145
803	429
803	714
803	890
803	924
803	969
803	1032
803	1053
803	1062
803	1141
803	1209
803	1227
803	1245
803	1330
803	1362
803	1444
803	1469
803	1491
804	55
804	185
804	373
804	439
804	624
804	723
804	734
804	737
804	908
804	1011
804	1027
804	1155
804	1163
804	1255
804	1294
804	1319
804	1422
804	1497
805	93
805	400
805	832
805	856
805	950
805	959
805	971
805	973
805	1075
805	1076
805	1186
805	1319
805	1387
805	1422
805	1423
805	1451
805	1463
805	1487
806	477
806	627
806	701
806	784
806	995
806	1104
806	1128
806	1180
806	1255
806	1313
806	1376
806	1394
806	1395
806	1398
806	1401
806	1432
806	1460
806	1482
807	411
807	658
807	744
807	833
807	837
807	909
807	943
807	950
807	969
807	1066
807	1072
807	1103
807	1246
807	1357
807	1437
807	1451
807	1486
807	1495
808	170
808	402
808	429
808	742
808	965
808	987
808	1093
808	1128
808	1180
808	1182
808	1240
808	1289
808	1302
808	1310
808	1388
808	1401
808	1427
808	1432
809	144
809	378
809	551
809	853
809	897
809	901
809	1057
809	1168
809	1243
809	1286
809	1344
809	1409
809	1416
809	1423
809	1449
809	1452
809	1466
809	1480
810	3
810	166
810	202
810	259
810	369
810	417
810	565
810	702
810	987
810	991
810	992
810	1295
810	1343
810	1373
810	1403
810	1433
810	1456
810	1465
811	472
811	547
811	755
811	789
811	835
811	949
811	987
811	1013
811	1034
811	1215
811	1281
811	1343
811	1358
811	1419
811	1440
811	1454
811	1458
811	1480
812	262
812	404
812	533
812	541
812	695
812	705
812	922
812	998
812	1081
812	1133
812	1155
812	1240
812	1277
812	1328
812	1359
812	1435
812	1477
812	1482
813	227
813	371
813	722
813	842
813	894
813	900
813	942
813	946
813	1015
813	1017
813	1019
813	1085
813	1247
813	1318
813	1343
813	1350
813	1421
813	1472
814	85
814	956
814	971
814	1039
814	1065
814	1121
814	1144
814	1167
814	1187
814	1194
814	1197
814	1303
814	1355
814	1361
814	1372
814	1417
814	1435
814	1500
815	137
815	270
815	437
815	731
815	743
815	763
815	915
815	974
815	983
815	1029
815	1139
815	1140
815	1215
815	1339
815	1402
815	1412
815	1418
815	1468
816	18
816	266
816	707
816	731
816	843
816	853
816	1015
816	1032
816	1122
816	1262
816	1267
816	1268
816	1271
816	1379
816	1383
816	1395
816	1397
816	1449
817	549
817	566
817	636
817	702
817	794
817	975
817	1018
817	1072
817	1110
817	1221
817	1300
817	1366
817	1390
817	1402
817	1413
817	1434
817	1441
817	1475
818	344
818	481
818	830
818	927
818	950
818	979
818	1004
818	1038
818	1118
818	1203
818	1237
818	1345
818	1408
818	1429
818	1436
818	1463
818	1487
818	1495
819	513
819	624
819	824
819	856
819	862
819	995
819	1026
819	1056
819	1075
819	1129
819	1166
819	1169
819	1297
819	1331
819	1353
819	1356
819	1475
819	1499
820	74
820	225
820	409
820	427
820	440
820	578
820	964
820	967
820	976
820	1133
820	1160
820	1408
820	1446
820	1450
820	1452
820	1461
820	1496
820	1497
821	686
821	773
821	860
821	884
821	907
821	916
821	992
821	1027
821	1134
821	1206
821	1234
821	1246
821	1260
821	1273
821	1323
821	1439
821	1455
821	1478
822	311
822	440
822	840
822	947
822	968
822	1080
822	1168
822	1201
822	1302
822	1355
822	1361
822	1367
822	1377
822	1381
822	1437
822	1455
822	1466
822	1500
823	116
823	417
823	464
823	584
823	683
823	729
823	737
823	859
823	1147
823	1215
823	1240
823	1252
823	1292
823	1303
823	1341
823	1399
823	1413
823	1438
824	144
824	221
824	299
824	680
824	819
824	849
824	863
824	997
824	1086
824	1112
824	1166
824	1212
824	1263
824	1356
824	1384
824	1434
824	1494
824	1499
825	225
825	453
825	873
825	906
825	980
825	1073
825	1114
825	1256
825	1299
825	1306
825	1337
825	1362
825	1367
825	1388
825	1398
825	1409
825	1448
825	1488
826	371
826	850
826	881
826	995
826	1003
826	1142
826	1279
826	1287
826	1301
826	1305
826	1320
826	1335
826	1431
826	1433
826	1442
826	1459
826	1491
826	1493
827	15
827	525
827	725
827	868
827	897
827	910
827	993
827	1121
827	1241
827	1372
827	1373
827	1374
827	1393
827	1397
827	1425
827	1436
827	1463
827	1500
828	59
828	120
828	261
828	472
828	908
828	994
828	1150
828	1170
828	1171
828	1188
828	1204
828	1388
828	1409
828	1411
828	1444
828	1469
828	1481
828	1483
829	392
829	557
829	559
829	902
829	919
829	1077
829	1104
829	1144
829	1188
829	1194
829	1195
829	1259
829	1305
829	1310
829	1326
829	1353
829	1378
829	1464
830	194
830	277
830	375
830	433
830	437
830	766
830	818
830	911
830	948
830	953
830	1053
830	1184
830	1264
830	1296
830	1303
830	1388
830	1458
830	1473
831	264
831	751
831	874
831	988
831	1053
831	1085
831	1119
831	1146
831	1156
831	1269
831	1301
831	1317
831	1323
831	1398
831	1411
831	1435
831	1454
831	1485
832	191
832	239
832	319
832	518
832	805
832	849
832	1075
832	1164
832	1208
832	1226
832	1246
832	1290
832	1345
832	1409
832	1460
832	1487
832	1495
832	1499
833	219
833	229
833	269
833	308
833	688
833	780
833	807
833	924
833	998
833	1093
833	1201
833	1337
833	1346
833	1354
833	1369
833	1390
833	1443
833	1460
833	1470
834	33
834	332
834	368
834	674
834	853
834	867
834	970
834	990
834	1211
834	1243
834	1271
834	1308
834	1333
834	1364
834	1383
834	1386
834	1416
834	1449
834	1488
835	128
835	755
835	811
835	865
835	900
835	911
835	938
835	946
835	1078
835	1089
835	1122
835	1180
835	1245
835	1257
835	1321
835	1407
835	1419
835	1440
835	1454
836	219
836	290
836	379
836	506
836	522
836	557
836	567
836	964
836	1087
836	1102
836	1293
836	1295
836	1403
836	1411
836	1418
836	1428
836	1436
836	1452
836	1456
837	40
837	190
837	217
837	807
837	904
837	927
837	943
837	1126
837	1199
837	1228
837	1239
837	1289
837	1309
837	1365
837	1370
837	1458
837	1464
837	1487
837	1495
838	161
838	343
838	486
838	671
838	936
838	960
838	1043
838	1144
838	1175
838	1196
838	1267
838	1349
838	1400
838	1460
838	1462
838	1464
838	1469
838	1473
838	1496
839	130
839	327
839	367
839	626
839	766
839	892
839	1158
839	1215
839	1232
839	1242
839	1356
839	1369
839	1374
839	1386
839	1388
839	1429
839	1447
839	1470
839	1480
840	146
840	220
840	368
840	822
840	897
840	1121
840	1157
840	1161
840	1236
840	1317
840	1339
840	1342
840	1355
840	1377
840	1417
840	1436
840	1440
840	1489
840	1500
841	268
841	296
841	299
841	614
841	767
841	886
841	941
841	1019
841	1120
841	1167
841	1195
841	1212
841	1223
841	1302
841	1331
841	1382
841	1427
841	1457
841	1486
842	54
842	198
842	474
842	655
842	673
842	771
842	813
842	899
842	960
842	1137
842	1205
842	1232
842	1246
842	1259
842	1343
842	1384
842	1422
842	1472
842	1500
843	251
843	277
843	306
843	330
843	652
843	816
843	858
843	907
843	911
843	953
843	1041
843	1106
843	1184
843	1185
843	1295
843	1298
843	1414
843	1473
843	1476
844	3
844	15
844	370
844	417
844	562
844	634
844	904
844	964
844	1004
844	1061
844	1224
844	1282
844	1284
844	1293
844	1295
844	1319
844	1348
844	1452
844	1499
845	430
845	554
845	927
845	1015
845	1042
845	1108
845	1143
845	1187
845	1216
845	1253
845	1257
845	1268
845	1271
845	1280
845	1286
845	1333
845	1394
845	1449
845	1473
846	306
846	399
846	636
846	748
846	799
846	879
846	975
846	1004
846	1035
846	1067
846	1094
846	1126
846	1296
846	1315
846	1357
846	1404
846	1441
846	1443
846	1475
847	237
847	329
847	422
847	478
847	482
847	575
847	638
847	747
847	989
847	1083
847	1101
847	1213
847	1313
847	1366
847	1367
847	1444
847	1465
847	1467
847	1471
848	15
848	85
848	399
848	621
848	685
848	693
848	787
848	942
848	977
848	1063
848	1126
848	1233
848	1270
848	1278
848	1332
848	1407
848	1425
848	1485
848	1490
849	179
849	632
849	705
849	712
849	718
849	824
849	832
849	1019
849	1050
849	1158
849	1301
849	1307
849	1382
849	1422
849	1424
849	1426
849	1434
849	1468
849	1469
850	241
850	384
850	581
850	630
850	773
850	826
850	925
850	953
850	1021
850	1172
850	1184
850	1226
850	1302
850	1325
850	1419
850	1431
850	1440
850	1458
850	1486
851	176
851	309
851	582
851	607
851	625
851	704
851	778
851	899
851	1230
851	1245
851	1308
851	1340
851	1420
851	1445
851	1467
851	1468
851	1475
851	1483
851	1492
852	118
852	535
852	589
852	690
852	727
852	863
852	883
852	907
852	1033
852	1086
852	1273
852	1356
852	1362
852	1378
852	1443
852	1450
852	1480
852	1485
852	1499
853	144
853	299
853	312
853	479
853	495
853	665
853	809
853	816
853	834
853	940
853	1178
853	1206
853	1211
853	1216
853	1262
853	1383
853	1449
853	1471
853	1495
854	593
854	969
854	1035
854	1119
854	1130
854	1138
854	1150
854	1193
854	1204
854	1208
854	1340
854	1371
854	1377
854	1388
854	1409
854	1411
854	1424
854	1485
854	1494
855	21
855	376
855	436
855	547
855	596
855	680
855	708
855	727
855	935
855	1141
855	1179
855	1206
855	1238
855	1263
855	1275
855	1330
855	1444
855	1476
855	1491
856	40
856	239
856	247
856	272
856	438
856	478
856	638
856	676
856	805
856	819
856	1038
856	1042
856	1073
856	1090
856	1265
856	1351
856	1451
856	1487
856	1495
857	64
857	150
857	342
857	562
857	716
857	899
857	900
857	1148
857	1171
857	1191
857	1280
857	1298
857	1306
857	1349
857	1390
857	1392
857	1440
857	1447
857	1480
858	330
858	375
858	640
858	789
858	798
858	843
858	910
858	931
858	962
858	1078
858	1158
858	1315
858	1332
858	1358
858	1378
858	1394
858	1440
858	1458
858	1463
859	207
859	454
859	497
859	607
859	823
859	876
859	930
859	992
859	1135
859	1240
859	1292
859	1306
859	1308
859	1329
859	1350
859	1363
859	1399
859	1434
859	1440
860	42
860	189
860	369
860	619
860	648
860	732
860	733
860	821
860	1077
860	1120
860	1234
860	1243
860	1254
860	1260
860	1264
860	1273
860	1326
860	1439
860	1478
861	148
861	258
861	336
861	599
861	628
861	754
861	1101
861	1174
861	1180
861	1187
861	1213
861	1330
861	1338
861	1371
861	1382
861	1417
861	1471
861	1473
861	1498
862	369
862	527
862	651
862	819
862	1142
862	1176
862	1192
862	1259
862	1279
862	1310
862	1363
862	1368
862	1414
862	1427
862	1431
862	1433
862	1434
862	1484
862	1493
863	221
863	535
863	694
863	715
863	725
863	795
863	824
863	852
863	883
863	884
863	944
863	1014
863	1056
863	1297
863	1308
863	1340
863	1421
863	1484
863	1499
864	442
864	589
864	613
864	717
864	782
864	895
864	940
864	962
864	1054
864	1214
864	1219
864	1315
864	1352
864	1397
864	1405
864	1465
864	1473
864	1480
864	1498
865	24
865	146
865	497
865	749
865	835
865	969
865	1013
865	1062
865	1090
865	1280
865	1283
865	1304
865	1330
865	1381
865	1399
865	1444
865	1469
865	1474
865	1492
866	250
866	361
866	424
866	547
866	682
866	896
866	913
866	962
866	1106
866	1117
866	1217
866	1220
866	1252
866	1266
866	1275
866	1340
866	1371
866	1415
866	1474
867	235
867	248
867	317
867	485
867	506
867	568
867	799
867	800
867	834
867	985
867	1042
867	1095
867	1128
867	1176
867	1266
867	1339
867	1391
867	1430
867	1489
868	426
868	486
868	530
868	536
868	743
868	789
868	827
868	990
868	1029
868	1110
868	1152
868	1175
868	1349
868	1400
868	1425
868	1446
868	1462
868	1494
868	1496
869	122
869	421
869	480
869	594
869	683
869	776
869	878
869	945
869	1036
869	1056
869	1151
869	1155
869	1163
869	1255
869	1268
869	1358
869	1378
869	1407
869	1460
870	57
870	59
870	360
870	405
870	494
870	531
870	603
870	624
870	793
870	886
870	918
870	1164
870	1197
870	1203
870	1234
870	1328
870	1365
870	1414
870	1477
871	95
871	228
871	305
871	408
871	485
871	596
871	699
871	988
871	1000
871	1187
871	1244
871	1321
871	1366
871	1397
871	1399
871	1469
871	1479
871	1488
871	1498
872	36
872	92
872	680
872	780
872	1088
872	1215
872	1256
872	1283
872	1346
872	1354
872	1429
872	1431
872	1443
872	1460
872	1466
872	1470
872	1480
872	1484
872	1490
873	294
873	432
873	652
873	825
873	944
873	949
873	1060
873	1130
873	1137
873	1139
873	1147
873	1215
873	1225
873	1292
873	1329
873	1363
873	1399
873	1422
873	1438
874	247
874	264
874	410
874	576
874	624
874	752
874	831
874	958
874	1108
874	1134
874	1142
874	1197
874	1221
874	1238
874	1269
874	1270
874	1338
874	1405
874	1425
875	295
875	410
875	581
875	604
875	901
875	920
875	1032
875	1113
875	1168
875	1271
875	1274
875	1286
875	1314
875	1342
875	1348
875	1384
875	1402
875	1416
875	1442
876	42
876	183
876	214
876	467
876	716
876	859
876	930
876	957
876	1083
876	1137
876	1152
876	1225
876	1240
876	1241
876	1292
876	1329
876	1399
876	1438
876	1469
877	206
877	218
877	397
877	714
877	953
877	1051
877	1083
877	1142
877	1257
877	1279
877	1287
877	1308
877	1310
877	1361
877	1368
877	1397
877	1430
877	1484
877	1493
878	184
878	263
878	270
878	547
878	717
878	869
878	978
878	1008
878	1067
878	1123
878	1161
878	1303
878	1332
878	1335
878	1430
878	1440
878	1442
878	1484
878	1493
879	113
879	323
879	417
879	614
879	720
879	736
879	846
879	1084
879	1105
879	1149
879	1154
879	1199
879	1202
879	1233
879	1278
879	1298
879	1475
879	1491
879	1497
880	391
880	540
880	910
880	1053
880	1074
880	1145
880	1165
880	1200
880	1307
880	1336
880	1348
880	1355
880	1381
880	1397
880	1417
880	1436
880	1447
880	1466
880	1500
881	22
881	218
881	452
881	547
881	730
881	826
881	928
881	967
881	1005
881	1072
881	1075
881	1218
881	1322
881	1335
881	1344
881	1408
881	1414
881	1420
881	1425
881	1464
882	347
882	396
882	410
882	492
882	575
882	610
882	661
882	716
882	929
882	1169
882	1195
882	1264
882	1269
882	1303
882	1325
882	1329
882	1407
882	1454
882	1466
882	1485
883	243
883	301
883	450
883	571
883	677
883	852
883	863
883	905
883	939
883	1112
883	1166
883	1169
883	1177
883	1199
883	1205
883	1218
883	1297
883	1340
883	1346
883	1499
884	143
884	162
884	267
884	326
884	493
884	682
884	795
884	797
884	821
884	863
884	892
884	907
884	920
884	995
884	1177
884	1297
884	1331
884	1356
884	1389
884	1499
885	27
885	105
885	118
885	181
885	562
885	636
885	743
885	889
885	942
885	958
885	1105
885	1202
885	1218
885	1274
885	1280
885	1360
885	1375
885	1392
885	1395
885	1458
886	232
886	242
886	353
886	431
886	692
886	749
886	841
886	870
886	909
886	919
886	1002
886	1059
886	1084
886	1118
886	1305
886	1317
886	1408
886	1427
886	1450
886	1478
887	11
887	269
887	414
887	419
887	598
887	601
887	723
887	926
887	1080
887	1187
887	1198
887	1286
887	1299
887	1338
887	1384
887	1411
887	1424
887	1428
887	1471
887	1472
888	77
888	133
888	138
888	324
888	553
888	589
888	653
888	665
888	690
888	790
888	1112
888	1130
888	1166
888	1169
888	1177
888	1300
888	1430
888	1456
888	1463
888	1499
889	147
889	319
889	339
889	470
889	523
889	565
889	569
889	885
889	900
889	920
889	1016
889	1077
889	1195
889	1280
889	1354
889	1390
889	1392
889	1395
889	1473
889	1497
890	276
890	455
890	459
890	609
890	717
890	764
890	803
890	1024
890	1036
890	1080
890	1188
890	1219
890	1307
890	1312
890	1361
890	1371
890	1405
890	1465
890	1479
890	1498
891	441
891	451
891	608
891	644
891	722
891	797
891	915
891	981
891	1068
891	1094
891	1187
891	1235
891	1351
891	1389
891	1418
891	1434
891	1450
891	1457
891	1474
891	1486
892	306
892	796
892	839
892	884
892	952
892	1079
892	1230
892	1326
892	1346
892	1369
892	1386
892	1414
892	1423
892	1429
892	1443
892	1470
892	1480
892	1481
892	1489
892	1490
893	745
893	967
893	985
893	1152
893	1162
893	1163
893	1222
893	1241
893	1292
893	1301
893	1309
893	1377
893	1382
893	1396
893	1409
893	1422
893	1424
893	1426
893	1434
893	1468
894	56
894	165
894	166
894	238
894	283
894	353
894	643
894	719
894	813
894	1077
894	1120
894	1137
894	1206
894	1260
894	1276
894	1323
894	1326
894	1455
894	1493
894	1500
895	92
895	397
895	601
895	751
895	864
895	1141
895	1156
895	1198
895	1207
895	1313
895	1357
895	1366
895	1405
895	1409
895	1444
895	1465
895	1471
895	1479
895	1489
895	1498
896	249
896	416
896	545
896	683
896	721
896	739
896	750
896	788
896	866
896	958
896	1133
896	1202
896	1229
896	1265
896	1376
896	1391
896	1406
896	1444
896	1489
896	1495
897	126
897	289
897	798
897	809
897	827
897	840
897	955
897	990
897	1023
897	1178
897	1221
897	1258
897	1336
897	1354
897	1355
897	1406
897	1436
897	1437
897	1439
897	1466
898	90
898	148
898	206
898	244
898	401
898	658
898	669
898	923
898	941
898	954
898	960
898	966
898	1198
898	1262
898	1264
898	1321
898	1333
898	1421
898	1428
898	1472
899	14
899	27
899	354
899	475
899	538
899	790
899	842
899	851
899	857
899	934
899	1016
899	1171
899	1183
899	1280
899	1346
899	1360
899	1363
899	1392
899	1429
899	1431
900	27
900	457
900	538
900	603
900	636
900	679
900	793
900	799
900	813
900	835
900	857
900	889
900	1259
900	1280
900	1320
900	1360
900	1390
900	1391
900	1392
900	1435
901	359
901	409
901	502
901	798
901	809
901	875
901	1110
901	1112
901	1113
901	1122
901	1167
901	1216
901	1231
901	1262
901	1271
901	1286
901	1290
901	1383
901	1407
901	1449
902	26
902	636
902	735
902	801
902	829
902	1033
902	1094
902	1107
902	1152
902	1161
902	1195
902	1209
902	1210
902	1235
902	1353
902	1379
902	1416
902	1472
902	1478
902	1494
903	53
903	211
903	331
903	396
903	476
903	555
903	792
903	957
903	981
903	986
903	1012
903	1016
903	1044
903	1081
903	1148
903	1169
903	1255
903	1274
903	1280
903	1390
904	190
904	391
904	427
904	553
904	647
904	681
904	837
904	844
904	943
904	1012
904	1017
904	1031
904	1130
904	1237
904	1345
904	1436
904	1451
904	1460
904	1473
904	1487
905	112
905	253
905	347
905	391
905	519
905	558
905	589
905	736
905	883
905	907
905	997
905	1086
905	1223
905	1230
905	1307
905	1326
905	1331
905	1356
905	1384
905	1499
906	30
906	587
906	592
906	595
906	723
906	748
906	825
906	1004
906	1013
906	1098
906	1101
906	1118
906	1181
906	1238
906	1256
906	1321
906	1358
906	1362
906	1398
906	1448
907	124
907	428
907	535
907	653
907	821
907	843
907	852
907	884
907	905
907	995
907	1019
907	1112
907	1169
907	1221
907	1324
907	1351
907	1356
907	1383
907	1475
907	1499
908	176
908	410
908	678
908	721
908	804
908	828
908	1014
908	1233
908	1281
908	1296
908	1340
908	1347
908	1404
908	1414
908	1445
908	1453
908	1460
908	1478
908	1481
908	1492
909	24
909	217
909	494
909	620
909	706
909	807
909	886
909	1069
909	1075
909	1165
909	1230
909	1237
909	1246
909	1249
909	1313
909	1375
909	1411
909	1451
909	1463
909	1487
910	46
910	207
910	236
910	255
910	469
910	668
910	675
910	827
910	858
910	880
910	913
910	992
910	1028
910	1164
910	1172
910	1335
910	1372
910	1392
910	1393
910	1466
911	214
911	507
911	564
911	587
911	629
911	631
911	830
911	835
911	843
911	1058
911	1089
911	1120
911	1183
911	1298
911	1358
911	1365
911	1377
911	1412
911	1419
911	1473
912	94
912	282
912	329
912	426
912	505
912	533
912	536
912	581
912	653
912	692
912	698
912	763
912	978
912	982
912	1029
912	1179
912	1257
912	1275
912	1418
912	1430
913	92
913	752
913	866
913	910
913	942
913	952
913	954
913	960
913	1029
913	1046
913	1066
913	1197
913	1259
913	1289
913	1327
913	1384
913	1405
913	1410
913	1421
913	1489
914	17
914	197
914	215
914	311
914	393
914	643
914	705
914	709
914	1039
914	1058
914	1203
914	1274
914	1313
914	1328
914	1344
914	1392
914	1398
914	1407
914	1435
914	1474
915	94
915	199
915	311
915	510
915	591
915	815
915	891
915	982
915	1011
915	1099
915	1179
915	1228
915	1325
915	1331
915	1339
915	1360
915	1391
915	1418
915	1430
915	1451
916	115
916	205
916	445
916	494
916	566
916	602
916	792
916	821
916	977
916	1031
916	1040
916	1111
916	1114
916	1254
916	1274
916	1283
916	1342
916	1383
916	1406
916	1495
917	7
917	216
917	594
917	621
917	757
917	784
917	987
917	1030
917	1121
917	1128
917	1180
917	1376
917	1387
917	1394
917	1401
917	1405
917	1407
917	1432
917	1459
917	1487
918	162
918	315
918	336
918	702
918	778
918	870
918	991
918	1045
918	1068
918	1102
918	1194
918	1238
918	1270
918	1285
918	1364
918	1403
918	1438
918	1452
918	1456
918	1481
919	472
919	514
919	566
919	620
919	768
919	829
919	886
919	983
919	1101
919	1157
919	1161
919	1235
919	1263
919	1347
919	1373
919	1379
919	1380
919	1436
919	1450
919	1486
920	327
920	413
920	572
920	621
920	875
920	884
920	889
920	1053
920	1106
920	1143
920	1216
920	1243
920	1262
920	1268
920	1333
920	1339
920	1383
920	1416
920	1449
920	1462
921	185
921	209
921	361
921	419
921	495
921	683
921	734
921	776
921	945
921	1011
921	1021
921	1056
921	1155
921	1173
921	1184
921	1198
921	1236
921	1255
921	1294
921	1445
921	1499
922	388
922	398
922	711
922	768
922	812
922	928
922	935
922	1074
922	1077
922	1125
922	1175
922	1223
922	1226
922	1290
922	1349
922	1400
922	1408
922	1420
922	1461
922	1470
922	1496
923	113
923	115
923	217
923	219
923	334
923	342
923	583
923	669
923	783
923	898
923	962
923	1036
923	1159
923	1184
923	1247
923	1259
923	1378
923	1384
923	1413
923	1421
923	1428
924	55
924	62
924	64
924	314
924	365
924	417
924	606
924	803
924	833
924	964
924	1271
924	1282
924	1284
924	1285
924	1364
924	1436
924	1451
924	1452
924	1456
924	1472
924	1483
925	412
925	415
925	444
925	599
925	651
925	794
925	850
925	1083
925	1127
925	1171
925	1332
925	1335
925	1365
925	1368
925	1383
925	1430
925	1433
925	1439
925	1442
925	1462
925	1484
926	37
926	160
926	373
926	545
926	645
926	650
926	769
926	797
926	887
926	1047
926	1048
926	1060
926	1069
926	1227
926	1259
926	1310
926	1330
926	1334
926	1476
926	1489
926	1497
927	432
927	490
927	750
927	760
927	818
927	837
927	845
927	969
927	1075
927	1115
927	1139
927	1154
927	1184
927	1246
927	1285
927	1341
927	1451
927	1459
927	1463
927	1487
927	1495
928	130
928	485
928	578
928	603
928	693
928	728
928	881
928	922
928	1014
928	1177
928	1226
928	1229
928	1315
928	1322
928	1349
928	1350
928	1356
928	1403
928	1405
928	1462
928	1496
929	130
929	169
929	344
929	374
929	378
929	433
929	598
929	882
929	1009
929	1192
929	1198
929	1245
929	1266
929	1291
929	1297
929	1340
929	1351
929	1467
929	1472
929	1480
929	1492
930	113
930	175
930	788
930	792
930	859
930	876
930	938
930	1125
930	1134
930	1135
930	1149
930	1180
930	1207
930	1287
930	1329
930	1337
930	1341
930	1399
930	1415
930	1438
930	1485
931	180
931	402
931	459
931	472
931	581
931	711
931	759
931	769
931	858
931	1013
931	1039
931	1358
931	1403
931	1412
931	1419
931	1431
931	1440
931	1441
931	1446
931	1469
931	1473
932	402
932	496
932	534
932	701
932	757
932	778
932	782
932	978
932	1070
932	1150
932	1160
932	1180
932	1250
932	1370
932	1376
932	1393
932	1394
932	1401
932	1423
932	1432
932	1482
933	126
933	164
933	255
933	430
933	714
933	1011
933	1044
933	1072
933	1080
933	1104
933	1127
933	1174
933	1236
933	1278
933	1316
933	1320
933	1330
933	1346
933	1400
933	1447
933	1468
934	70
934	179
934	328
934	561
934	579
934	663
934	704
934	715
934	899
934	982
934	992
934	1002
934	1103
934	1200
934	1277
934	1286
934	1310
934	1370
934	1407
934	1410
934	1459
935	74
935	186
935	242
935	455
935	534
935	544
935	635
935	855
935	922
935	1045
935	1083
935	1100
935	1131
935	1141
935	1151
935	1263
935	1381
935	1433
935	1469
935	1488
935	1491
936	327
936	421
936	530
936	800
936	838
936	1046
936	1196
936	1267
936	1270
936	1285
936	1320
936	1321
936	1330
936	1349
936	1386
936	1395
936	1400
936	1446
936	1464
936	1488
936	1496
937	102
937	170
937	261
937	585
937	965
937	994
937	1119
937	1150
937	1191
937	1201
937	1208
937	1237
937	1378
937	1388
937	1409
937	1411
937	1444
937	1448
937	1477
937	1486
937	1497
938	330
938	550
938	581
938	835
938	930
938	948
938	973
938	1047
938	1078
938	1094
938	1304
938	1352
938	1359
938	1398
938	1412
938	1419
938	1423
938	1440
938	1458
938	1466
938	1473
939	1
939	78
939	102
939	208
939	338
939	376
939	470
939	559
939	612
939	721
939	776
939	883
939	1013
939	1079
939	1161
939	1303
939	1305
939	1351
939	1379
939	1427
939	1486
940	398
940	626
940	670
940	768
940	853
940	864
940	1005
940	1052
940	1210
940	1229
940	1237
940	1296
940	1312
940	1320
940	1341
940	1402
940	1408
940	1439
940	1446
940	1462
940	1464
941	99
941	133
941	434
941	536
941	670
941	841
941	898
941	1049
941	1173
941	1179
941	1195
941	1212
941	1228
941	1242
941	1285
941	1302
941	1305
941	1349
941	1351
941	1486
941	1494
942	197
942	350
942	419
942	754
942	813
942	848
942	885
942	913
942	1019
942	1021
942	1025
942	1139
942	1168
942	1198
942	1289
942	1325
942	1342
942	1350
942	1384
942	1453
942	1467
943	12
943	411
943	476
943	518
943	571
943	670
943	807
943	837
943	904
943	959
943	990
943	1017
943	1075
943	1109
943	1115
943	1135
943	1303
943	1345
943	1386
943	1460
943	1461
944	77
944	112
944	473
944	476
944	513
944	514
944	681
944	725
944	795
944	863
944	873
944	997
944	1072
944	1093
944	1177
944	1297
944	1342
944	1430
944	1472
944	1495
944	1499
945	345
945	507
945	587
945	601
945	683
945	775
945	869
945	921
945	1036
945	1056
945	1059
945	1129
945	1163
945	1266
945	1294
945	1312
945	1325
945	1428
945	1470
945	1485
945	1486
946	22
946	329
946	434
946	581
946	630
946	666
946	789
946	813
946	835
946	948
946	1010
946	1083
946	1298
946	1399
946	1423
946	1440
946	1450
946	1458
946	1473
946	1486
946	1491
947	76
947	124
947	196
947	323
947	446
947	451
947	527
947	556
947	777
947	822
947	1152
947	1178
947	1241
947	1249
947	1254
947	1277
947	1372
947	1399
947	1436
947	1492
947	1500
948	58
948	552
948	668
948	715
948	830
948	938
948	946
948	988
948	1021
948	1157
948	1182
948	1184
948	1220
948	1298
948	1358
948	1361
948	1412
948	1413
948	1440
948	1473
948	1489
949	240
949	478
949	544
949	637
949	767
949	811
949	873
949	1087
949	1137
949	1225
949	1240
949	1252
949	1300
949	1317
949	1329
949	1341
949	1363
949	1399
949	1438
949	1458
949	1489
950	177
950	218
950	231
950	272
950	344
950	498
950	805
950	807
950	818
950	980
950	1038
950	1053
950	1115
950	1143
950	1156
950	1197
950	1246
950	1292
950	1390
950	1397
950	1495
951	573
951	970
951	1008
951	1063
951	1070
951	1130
951	1131
951	1194
951	1231
951	1232
951	1238
951	1261
951	1275
951	1281
951	1315
951	1357
951	1412
951	1413
951	1433
951	1468
951	1475
952	208
952	294
952	355
952	376
952	696
952	703
952	892
952	913
952	965
952	994
952	1119
952	1138
952	1193
952	1204
952	1322
952	1332
952	1365
952	1373
952	1388
952	1409
952	1459
953	203
953	342
953	406
953	711
953	777
953	830
953	843
953	850
953	877
953	962
953	1010
953	1078
953	1121
953	1182
953	1238
953	1281
953	1412
953	1458
953	1462
953	1493
953	1498
954	159
954	198
954	211
954	326
954	414
954	461
954	598
954	601
954	898
954	913
954	960
954	962
954	1019
954	1083
954	1164
954	1198
954	1350
954	1363
954	1384
954	1409
954	1456
955	69
955	81
955	288
955	471
955	575
955	590
955	689
955	708
955	792
955	897
955	990
955	1086
955	1105
955	1211
955	1372
955	1381
955	1388
955	1393
955	1481
955	1493
955	1500
956	107
956	144
956	220
956	288
956	471
956	629
956	686
956	814
956	995
956	1007
956	1121
956	1185
956	1195
956	1281
956	1372
956	1390
956	1436
956	1437
956	1466
956	1474
956	1480
957	14
957	117
957	185
957	426
957	585
957	712
957	876
957	903
957	1052
957	1135
957	1290
957	1300
957	1320
957	1365
957	1401
957	1415
957	1455
957	1461
957	1462
957	1464
957	1496
958	106
958	308
958	360
958	542
958	641
958	661
958	874
958	885
958	896
958	1195
958	1229
958	1258
958	1264
958	1269
958	1276
958	1304
958	1338
958	1409
958	1425
958	1460
958	1485
959	177
959	411
959	548
959	757
959	805
959	943
959	1038
959	1073
959	1077
959	1165
959	1246
959	1262
959	1276
959	1281
959	1284
959	1288
959	1291
959	1383
959	1463
959	1486
959	1495
960	277
960	661
960	715
960	838
960	842
960	898
960	913
960	954
960	1075
960	1088
960	1124
960	1198
960	1205
960	1259
960	1327
960	1344
960	1417
960	1421
960	1472
960	1476
960	1482
961	205
961	248
961	315
961	502
961	526
961	568
961	585
961	797
961	965
961	1048
961	1060
961	1217
961	1231
961	1233
961	1239
961	1248
961	1310
961	1334
961	1341
961	1348
961	1447
961	1497
962	241
962	319
962	475
962	521
962	725
962	789
962	858
962	864
962	866
962	923
962	953
962	954
962	1013
962	1047
962	1245
962	1358
962	1365
962	1397
962	1412
962	1419
962	1440
962	1473
963	136
963	350
963	407
963	506
963	654
963	997
963	1024
963	1161
963	1167
963	1196
963	1213
963	1224
963	1291
963	1344
963	1401
963	1403
963	1404
963	1416
963	1440
963	1445
963	1453
963	1463
964	15
964	162
964	357
964	466
964	720
964	820
964	836
964	844
964	924
964	982
964	991
964	1024
964	1223
964	1253
964	1284
964	1317
964	1373
964	1442
964	1452
964	1456
964	1468
964	1479
965	32
965	664
965	686
965	700
965	720
965	808
965	937
965	952
965	961
965	1021
965	1162
965	1175
965	1191
965	1204
965	1388
965	1409
965	1411
965	1423
965	1463
965	1468
965	1476
965	1500
966	415
966	436
966	507
966	525
966	762
966	898
966	1061
966	1082
966	1136
966	1196
966	1211
966	1223
966	1242
966	1386
966	1423
966	1429
966	1444
966	1460
966	1470
966	1474
966	1480
966	1490
967	19
967	195
967	426
967	483
967	512
967	619
967	684
967	687
967	690
967	735
967	770
967	798
967	820
967	881
967	893
967	1290
967	1312
967	1320
967	1321
967	1356
967	1434
967	1496
968	99
968	106
968	154
968	215
968	253
968	399
968	413
968	553
968	607
968	822
968	988
968	1087
968	1089
968	1148
968	1235
968	1256
968	1269
968	1270
968	1338
968	1425
968	1454
968	1492
969	133
969	178
969	691
969	749
969	803
969	807
969	854
969	865
969	927
969	1066
969	1070
969	1107
969	1131
969	1148
969	1185
969	1238
969	1254
969	1373
969	1454
969	1474
969	1476
969	1477
970	834
970	951
970	1020
970	1070
970	1126
970	1154
970	1170
970	1221
970	1261
970	1275
970	1316
970	1344
970	1357
970	1402
970	1413
970	1441
970	1443
970	1450
970	1452
970	1460
970	1475
970	1483
971	60
971	81
971	211
971	220
971	638
971	728
971	805
971	814
971	973
971	1225
971	1277
971	1289
971	1336
971	1360
971	1377
971	1436
971	1437
971	1445
971	1487
971	1492
971	1495
971	1500
972	297
972	400
972	581
972	583
972	622
972	682
972	1000
972	1021
972	1080
972	1109
972	1141
972	1149
972	1219
972	1307
972	1321
972	1324
972	1352
972	1434
972	1446
972	1465
972	1471
972	1486
973	176
973	321
973	471
973	514
973	621
973	805
973	938
973	971
973	1110
973	1134
973	1188
973	1227
973	1258
973	1264
973	1302
973	1317
973	1338
973	1340
973	1388
973	1407
973	1425
973	1485
974	84
974	304
974	510
974	550
974	587
974	762
974	815
974	982
974	1056
974	1099
974	1122
974	1139
974	1159
974	1190
974	1307
974	1334
974	1338
974	1339
974	1418
974	1485
974	1488
974	1500
975	116
975	650
975	764
975	817
975	846
975	990
975	1021
975	1070
975	1071
975	1096
975	1194
975	1261
975	1275
975	1300
975	1349
975	1376
975	1402
975	1436
975	1441
975	1445
975	1475
975	1482
976	74
976	111
976	176
976	267
976	354
976	446
976	472
976	820
976	1174
976	1197
976	1229
976	1251
976	1321
976	1349
976	1420
976	1439
976	1446
976	1451
976	1461
976	1464
976	1490
976	1496
977	13
977	172
977	280
977	377
977	590
977	637
977	693
977	848
977	916
977	1041
977	1069
977	1213
977	1254
977	1283
977	1288
977	1327
977	1342
977	1356
977	1406
977	1449
977	1478
977	1487
978	105
978	152
978	164
978	193
978	241
978	270
978	483
978	513
978	536
978	878
978	912
978	932
978	1029
978	1065
978	1104
978	1159
978	1172
978	1190
978	1319
978	1339
978	1344
978	1387
979	107
979	189
979	396
979	439
979	477
979	538
979	636
979	657
979	673
979	818
979	1058
979	1064
979	1218
979	1220
979	1265
979	1275
979	1311
979	1317
979	1342
979	1391
979	1415
979	1489
980	39
980	40
980	129
980	427
980	490
980	647
980	662
980	676
980	717
980	825
980	950
980	1115
980	1165
980	1185
980	1250
980	1275
980	1326
980	1398
980	1451
980	1463
980	1495
980	1498
981	223
981	440
981	443
981	503
981	891
981	903
981	1006
981	1032
981	1127
981	1137
981	1157
981	1172
981	1189
981	1207
981	1220
981	1260
981	1362
981	1402
981	1450
981	1478
981	1486
981	1494
982	30
982	99
982	406
982	523
982	529
982	571
982	602
982	912
982	915
982	934
982	964
982	974
982	1020
982	1139
982	1159
982	1217
982	1348
982	1351
982	1370
982	1387
982	1424
982	1471
983	69
983	163
983	399
983	447
983	487
983	510
983	630
983	735
983	763
983	815
983	919
983	1058
983	1159
983	1179
983	1190
983	1200
983	1258
983	1280
983	1317
983	1343
983	1379
983	1418
984	30
984	211
984	368
984	556
984	611
984	630
984	656
984	725
984	1055
984	1142
984	1207
984	1222
984	1241
984	1249
984	1272
984	1336
984	1342
984	1381
984	1393
984	1415
984	1417
984	1500
985	161
985	281
985	337
985	395
985	411
985	533
985	748
985	867
985	893
985	998
985	999
985	1076
985	1081
985	1125
985	1203
985	1226
985	1274
985	1309
985	1318
985	1397
985	1435
985	1482
986	64
986	345
986	354
986	543
986	562
986	605
986	903
986	1012
986	1148
986	1154
986	1173
986	1280
986	1345
986	1360
986	1392
986	1395
986	1401
986	1425
986	1432
986	1433
986	1452
986	1498
987	353
987	701
987	742
987	784
987	808
987	810
987	811
987	917
987	1065
987	1093
987	1180
987	1186
987	1266
987	1282
987	1310
987	1343
987	1376
987	1394
987	1401
987	1416
987	1432
987	1474
988	168
988	285
988	403
988	420
988	450
988	495
988	610
988	693
988	831
988	871
988	948
988	968
988	1106
988	1134
988	1163
988	1229
988	1317
988	1360
988	1414
988	1425
988	1454
988	1480
989	134
989	266
989	303
989	549
989	606
989	710
989	720
989	847
989	1041
989	1044
989	1084
989	1174
989	1210
989	1233
989	1235
989	1278
989	1287
989	1319
989	1422
989	1456
989	1490
989	1497
990	527
990	530
990	670
990	789
990	834
990	868
990	897
990	943
990	955
990	975
990	1065
990	1098
990	1200
990	1231
990	1241
990	1249
990	1325
990	1372
990	1393
990	1454
990	1481
990	1500
991	246
991	634
991	640
991	764
991	810
991	918
991	964
991	1011
991	1034
991	1109
991	1271
991	1285
991	1293
991	1352
991	1355
991	1358
991	1395
991	1403
991	1452
991	1456
991	1482
991	1485
992	174
992	463
992	663
992	716
992	775
992	796
992	810
992	821
992	859
992	910
992	934
992	1002
992	1038
992	1166
992	1332
992	1347
992	1370
992	1375
992	1380
992	1410
992	1411
992	1459
993	2
993	192
993	242
993	316
993	433
993	640
993	754
993	758
993	771
993	776
993	783
993	827
993	1289
993	1290
993	1320
993	1327
993	1350
993	1378
993	1421
993	1428
993	1466
993	1472
994	85
994	306
994	448
994	643
994	696
994	828
994	937
994	952
994	1004
994	1072
994	1093
994	1114
994	1138
994	1150
994	1170
994	1191
994	1193
994	1204
994	1291
994	1382
994	1412
994	1443
995	118
995	450
995	473
995	689
995	750
995	801
995	806
995	819
995	826
995	884
995	907
995	956
995	997
995	1086
995	1166
995	1169
995	1220
995	1228
995	1271
995	1331
995	1423
995	1499
996	29
996	435
996	598
996	642
996	759
996	999
996	1034
996	1041
996	1044
996	1079
996	1113
996	1127
996	1202
996	1233
996	1262
996	1278
996	1375
996	1385
996	1447
996	1463
996	1479
996	1498
997	120
997	247
997	589
997	824
997	905
997	944
997	963
997	995
997	1103
997	1112
997	1177
997	1297
997	1300
997	1320
997	1323
997	1331
997	1347
997	1356
997	1358
997	1428
997	1470
997	1499
998	105
998	503
998	508
998	546
998	709
998	738
998	782
998	812
998	833
998	985
998	1058
998	1089
998	1154
998	1197
998	1328
998	1365
998	1369
998	1465
998	1471
998	1475
998	1477
998	1489
999	5
999	7
999	36
999	260
999	282
999	394
999	533
999	537
999	985
999	996
999	1125
999	1154
999	1197
999	1215
999	1223
999	1227
999	1269
999	1318
999	1328
999	1408
999	1425
999	1468
999	1483
1000	246
1000	494
1000	628
1000	646
1000	751
1000	783
1000	787
1000	871
1000	972
1000	1100
1000	1101
1000	1247
1000	1286
1000	1313
1000	1352
1000	1355
1000	1359
1000	1376
1000	1432
1000	1465
1000	1471
1000	1479
1000	1498
1001	144
1001	158
1001	464
1001	526
1001	542
1001	714
1001	758
1001	1003
1001	1124
1001	1157
1001	1196
1001	1223
1001	1234
1001	1263
1001	1301
1001	1369
1001	1372
1001	1406
1001	1444
1001	1473
1001	1488
1001	1491
1001	1492
1002	166
1002	341
1002	443
1002	444
1002	650
1002	700
1002	886
1002	934
1002	992
1002	1042
1002	1095
1002	1203
1002	1253
1002	1291
1002	1308
1002	1347
1002	1370
1002	1372
1002	1410
1002	1455
1002	1459
1002	1465
1002	1495
1003	180
1003	225
1003	341
1003	568
1003	637
1003	657
1003	826
1003	1001
1003	1097
1003	1106
1003	1287
1003	1303
1003	1310
1003	1328
1003	1329
1003	1332
1003	1368
1003	1430
1003	1442
1003	1456
1003	1479
1003	1484
1003	1493
1004	509
1004	572
1004	609
1004	818
1004	844
1004	846
1004	906
1004	994
1004	1123
1004	1136
1004	1239
1004	1250
1004	1256
1004	1290
1004	1299
1004	1306
1004	1362
1004	1367
1004	1398
1004	1425
1004	1426
1004	1441
1004	1448
1005	345
1005	469
1005	530
1005	546
1005	724
1005	744
1005	881
1005	940
1005	1179
1005	1197
1005	1241
1005	1290
1005	1303
1005	1321
1005	1322
1005	1400
1005	1408
1005	1424
1005	1447
1005	1461
1005	1462
1005	1464
1005	1484
1006	20
1006	223
1006	299
1006	313
1006	519
1006	542
1006	644
1006	741
1006	981
1006	1173
1006	1196
1006	1282
1006	1296
1006	1298
1006	1351
1006	1379
1006	1422
1006	1427
1006	1450
1006	1454
1006	1467
1006	1491
1006	1494
1007	31
1007	60
1007	410
1007	473
1007	654
1007	675
1007	725
1007	773
1007	956
1007	1028
1007	1086
1007	1170
1007	1200
1007	1324
1007	1337
1007	1361
1007	1377
1007	1381
1007	1448
1007	1457
1007	1466
1007	1477
1007	1494
1008	348
1008	490
1008	662
1008	749
1008	878
1008	951
1008	1023
1008	1026
1008	1099
1008	1139
1008	1182
1008	1200
1008	1261
1008	1277
1008	1279
1008	1287
1008	1303
1008	1335
1008	1394
1008	1430
1008	1432
1008	1451
1008	1493
1009	451
1009	494
1009	506
1009	597
1009	666
1009	732
1009	929
1009	1060
1009	1136
1009	1139
1009	1178
1009	1218
1009	1281
1009	1291
1009	1321
1009	1323
1009	1340
1009	1359
1009	1404
1009	1429
1009	1483
1009	1485
1009	1492
1010	8
1010	38
1010	149
1010	457
1010	481
1010	755
1010	946
1010	953
1010	1047
1010	1054
1010	1108
1010	1219
1010	1222
1010	1298
1010	1316
1010	1354
1010	1358
1010	1370
1010	1386
1010	1419
1010	1458
1010	1466
1010	1473
1011	200
1011	265
1011	345
1011	382
1011	587
1011	729
1011	786
1011	802
1011	804
1011	915
1011	921
1011	933
1011	991
1011	1056
1011	1155
1011	1163
1011	1205
1011	1243
1011	1255
1011	1273
1011	1396
1011	1427
1011	1492
1012	31
1012	49
1012	118
1012	128
1012	351
1012	400
1012	557
1012	562
1012	574
1012	649
1012	903
1012	904
1012	986
1012	1105
1012	1148
1012	1171
1012	1280
1012	1390
1012	1392
1012	1431
1012	1461
1012	1462
1012	1470
1013	25
1013	121
1013	124
1013	328
1013	472
1013	497
1013	586
1013	654
1013	789
1013	811
1013	865
1013	906
1013	931
1013	939
1013	962
1013	1073
1013	1078
1013	1212
1013	1374
1013	1412
1013	1419
1013	1440
1013	1453
1014	21
1014	54
1014	171
1014	468
1014	507
1014	863
1014	908
1014	928
1014	1031
1014	1032
1014	1074
1014	1118
1014	1224
1014	1230
1014	1245
1014	1267
1014	1340
1014	1353
1014	1404
1014	1445
1014	1453
1014	1487
1014	1492
1015	18
1015	20
1015	121
1015	149
1015	312
1015	771
1015	813
1015	816
1015	845
1015	1042
1015	1122
1015	1125
1015	1182
1015	1211
1015	1262
1015	1263
1015	1318
1015	1333
1015	1366
1015	1383
1015	1416
1015	1449
1015	1475
1016	100
1016	294
1016	309
1016	491
1016	523
1016	613
1016	734
1016	793
1016	799
1016	889
1016	899
1016	903
1016	1095
1016	1126
1016	1224
1016	1232
1016	1264
1016	1274
1016	1392
1016	1395
1016	1396
1016	1435
1016	1440
1017	18
1017	22
1017	99
1017	239
1017	301
1017	319
1017	409
1017	427
1017	443
1017	616
1017	682
1017	747
1017	813
1017	904
1017	943
1017	1059
1017	1075
1017	1117
1017	1147
1017	1228
1017	1345
1017	1463
1017	1495
1018	122
1018	239
1018	340
1018	380
1018	396
1018	414
1018	611
1018	652
1018	703
1018	817
1018	1185
1018	1204
1018	1217
1018	1232
1018	1314
1018	1345
1018	1346
1018	1374
1018	1386
1018	1390
1018	1460
1018	1470
1018	1490
1019	54
1019	244
1019	359
1019	414
1019	525
1019	531
1019	572
1019	813
1019	841
1019	849
1019	907
1019	942
1019	954
1019	1252
1019	1259
1019	1262
1019	1292
1019	1339
1019	1350
1019	1351
1019	1421
1019	1428
1019	1453
1020	30
1020	94
1020	152
1020	193
1020	199
1020	505
1020	524
1020	532
1020	571
1020	970
1020	982
1020	1111
1020	1139
1020	1171
1020	1197
1020	1255
1020	1336
1020	1337
1020	1339
1020	1387
1020	1389
1020	1441
1020	1452
1021	58
1021	201
1021	241
1021	338
1021	459
1021	639
1021	711
1021	850
1021	921
1021	942
1021	948
1021	965
1021	972
1021	975
1021	1089
1021	1298
1021	1419
1021	1425
1021	1445
1021	1458
1021	1473
1021	1488
1021	1491
1022	252
1022	285
1022	327
1022	340
1022	780
1022	1048
1022	1078
1022	1110
1022	1278
1022	1303
1022	1319
1022	1328
1022	1350
1022	1374
1022	1386
1022	1417
1022	1429
1022	1443
1022	1460
1022	1470
1022	1471
1022	1480
1022	1490
1023	24
1023	384
1023	435
1023	615
1023	897
1023	1008
1023	1049
1023	1083
1023	1221
1023	1231
1023	1279
1023	1302
1023	1332
1023	1345
1023	1358
1023	1430
1023	1431
1023	1433
1023	1440
1023	1442
1023	1484
1023	1488
1023	1493
1024	60
1024	67
1024	357
1024	365
1024	890
1024	963
1024	964
1024	1087
1024	1102
1024	1158
1024	1160
1024	1166
1024	1282
1024	1284
1024	1293
1024	1295
1024	1364
1024	1369
1024	1376
1024	1406
1024	1436
1024	1454
1024	1456
1025	346
1025	349
1025	437
1025	491
1025	645
1025	942
1025	1050
1025	1091
1025	1100
1025	1227
1025	1244
1025	1297
1025	1301
1025	1380
1025	1396
1025	1417
1025	1424
1025	1426
1025	1434
1025	1458
1025	1467
1025	1468
1025	1488
1026	91
1026	127
1026	500
1026	617
1026	694
1026	819
1026	1008
1026	1063
1026	1097
1026	1130
1026	1142
1026	1210
1026	1287
1026	1303
1026	1368
1026	1372
1026	1431
1026	1433
1026	1442
1026	1447
1026	1453
1026	1484
1026	1493
1027	45
1027	165
1027	321
1027	369
1027	389
1027	419
1027	460
1027	719
1027	804
1027	821
1027	1145
1027	1168
1027	1195
1027	1234
1027	1260
1027	1273
1027	1323
1027	1352
1027	1385
1027	1394
1027	1408
1027	1439
1027	1455
1028	187
1028	675
1028	771
1028	910
1028	1007
1028	1042
1028	1065
1028	1098
1028	1106
1028	1200
1028	1208
1028	1227
1028	1249
1028	1308
1028	1361
1028	1375
1028	1377
1028	1388
1028	1417
1028	1436
1028	1437
1028	1441
1028	1460
1029	69
1029	131
1029	313
1029	324
1029	434
1029	574
1029	602
1029	762
1029	815
1029	868
1029	912
1029	913
1029	978
1029	1159
1029	1168
1029	1179
1029	1245
1029	1263
1029	1339
1029	1406
1029	1442
1029	1487
1029	1498
1030	110
1030	426
1030	588
1030	627
1030	699
1030	701
1030	757
1030	917
1030	1093
1030	1095
1030	1128
1030	1196
1030	1246
1030	1315
1030	1348
1030	1376
1030	1380
1030	1394
1030	1401
1030	1415
1030	1432
1030	1461
1030	1492
1031	245
1031	302
1031	412
1031	489
1031	500
1031	501
1031	620
1031	623
1031	695
1031	743
1031	904
1031	916
1031	1014
1031	1069
1031	1111
1031	1170
1031	1238
1031	1329
1031	1342
1031	1367
1031	1368
1031	1373
1031	1406
1032	62
1032	185
1032	374
1032	518
1032	625
1032	746
1032	785
1032	798
1032	803
1032	816
1032	875
1032	981
1032	1014
1032	1090
1032	1210
1032	1233
1032	1281
1032	1305
1032	1344
1032	1404
1032	1408
1032	1453
1032	1492
1033	187
1033	356
1033	390
1033	434
1033	587
1033	694
1033	733
1033	852
1033	902
1033	1047
1033	1079
1033	1159
1033	1188
1033	1189
1033	1221
1033	1316
1033	1353
1033	1401
1033	1427
1033	1450
1033	1457
1033	1478
1033	1497
1034	192
1034	230
1034	259
1034	315
1034	322
1034	457
1034	480
1034	638
1034	811
1034	991
1034	996
1034	1155
1034	1285
1034	1293
1034	1295
1034	1364
1034	1390
1034	1409
1034	1423
1034	1452
1034	1456
1034	1488
1034	1495
1035	130
1035	305
1035	359
1035	464
1035	679
1035	792
1035	846
1035	854
1035	1100
1035	1108
1035	1194
1035	1206
1035	1210
1035	1221
1035	1231
1035	1261
1035	1264
1035	1275
1035	1385
1035	1402
1035	1413
1035	1441
1035	1464
1035	1475
1036	200
1036	233
1036	305
1036	373
1036	466
1036	546
1036	587
1036	624
1036	687
1036	729
1036	776
1036	869
1036	890
1036	923
1036	945
1036	1039
1036	1056
1036	1064
1036	1097
1036	1127
1036	1163
1036	1255
1036	1294
1036	1492
1037	158
1037	362
1037	469
1037	477
1037	516
1037	609
1037	689
1037	728
1037	1104
1037	1209
1037	1230
1037	1241
1037	1249
1037	1265
1037	1310
1037	1336
1037	1355
1037	1357
1037	1393
1037	1412
1037	1417
1037	1449
1037	1466
1037	1500
1038	198
1038	220
1038	456
1038	517
1038	561
1038	569
1038	698
1038	818
1038	856
1038	950
1038	959
1038	992
1038	1042
1038	1115
1038	1137
1038	1291
1038	1351
1038	1387
1038	1395
1038	1451
1038	1463
1038	1469
1038	1487
1038	1495
1039	350
1039	355
1039	371
1039	381
1039	394
1039	678
1039	748
1039	756
1039	788
1039	814
1039	914
1039	931
1039	1036
1039	1082
1039	1132
1039	1164
1039	1175
1039	1203
1039	1238
1039	1298
1039	1338
1039	1435
1039	1477
1039	1482
1040	165
1040	250
1040	280
1040	287
1040	377
1040	496
1040	623
1040	637
1040	666
1040	916
1040	1049
1040	1069
1040	1114
1040	1222
1040	1283
1040	1342
1040	1346
1040	1349
1040	1363
1040	1406
1040	1407
1040	1419
1040	1481
1040	1493
1041	65
1041	263
1041	278
1041	311
1041	430
1041	491
1041	558
1041	617
1041	635
1041	659
1041	667
1041	843
1041	977
1041	989
1041	996
1041	1072
1041	1077
1041	1087
1041	1127
1041	1199
1041	1206
1041	1319
1041	1430
1041	1447
1042	49
1042	152
1042	295
1042	515
1042	845
1042	856
1042	867
1042	1002
1042	1015
1042	1028
1042	1038
1042	1072
1042	1122
1042	1168
1042	1171
1042	1216
1042	1262
1042	1268
1042	1271
1042	1286
1042	1383
1042	1449
1042	1480
1042	1492
1043	28
1043	91
1043	104
1043	241
1043	356
1043	393
1043	526
1043	540
1043	612
1043	633
1043	666
1043	689
1043	838
1043	1081
1043	1163
1043	1192
1043	1234
1043	1277
1043	1281
1043	1445
1043	1453
1043	1467
1043	1481
1043	1483
1044	61
1044	128
1044	307
1044	421
1044	510
1044	599
1044	659
1044	707
1044	903
1044	933
1044	989
1044	996
1044	1071
1044	1084
1044	1183
1044	1198
1044	1278
1044	1308
1044	1375
1044	1385
1044	1395
1044	1422
1044	1447
1044	1460
1045	147
1045	376
1045	385
1045	419
1045	462
1045	547
1045	918
1045	935
1045	1130
1045	1138
1045	1141
1045	1150
1045	1162
1045	1170
1045	1191
1045	1193
1045	1204
1045	1208
1045	1372
1045	1388
1045	1411
1045	1430
1045	1475
1045	1477
1046	13
1046	39
1046	244
1046	442
1046	486
1046	504
1046	597
1046	637
1046	644
1046	676
1046	913
1046	936
1046	1049
1046	1069
1046	1103
1046	1198
1046	1205
1046	1247
1046	1289
1046	1327
1046	1337
1046	1358
1046	1421
1046	1472
1047	86
1047	217
1047	340
1047	342
1047	630
1047	639
1047	691
1047	926
1047	938
1047	962
1047	1010
1047	1033
1047	1048
1047	1082
1047	1089
1047	1169
1047	1184
1047	1358
1047	1410
1047	1412
1047	1421
1047	1442
1047	1449
1047	1471
1048	107
1048	568
1048	601
1048	769
1048	926
1048	961
1048	1022
1048	1047
1048	1075
1048	1096
1048	1117
1048	1151
1048	1192
1048	1217
1048	1305
1048	1311
1048	1316
1048	1361
1048	1415
1048	1459
1048	1475
1048	1477
1048	1491
1048	1497
1049	194
1049	240
1049	280
1049	290
1049	377
1049	379
1049	489
1049	632
1049	743
1049	751
1049	941
1049	1023
1049	1040
1049	1046
1049	1111
1049	1114
1049	1137
1049	1236
1049	1266
1049	1310
1049	1342
1049	1347
1049	1349
1049	1406
1050	185
1050	438
1050	546
1050	555
1050	690
1050	731
1050	849
1050	1025
1050	1113
1050	1195
1050	1227
1050	1253
1050	1296
1050	1358
1050	1367
1050	1380
1050	1382
1050	1396
1050	1414
1050	1422
1050	1424
1050	1426
1050	1434
1050	1468
1051	90
1051	218
1051	453
1051	460
1051	482
1051	512
1051	611
1051	877
1051	1066
1051	1100
1051	1131
1051	1174
1051	1212
1051	1263
1051	1276
1051	1283
1051	1290
1051	1373
1051	1444
1051	1469
1051	1476
1051	1481
1051	1491
1051	1494
1052	6
1052	17
1052	169
1052	599
1052	695
1052	709
1052	712
1052	770
1052	940
1052	957
1052	1160
1052	1303
1052	1320
1052	1322
1052	1353
1052	1366
1052	1408
1052	1414
1052	1420
1052	1457
1052	1460
1052	1464
1052	1471
1052	1496
1053	252
1053	488
1053	579
1053	625
1053	758
1053	800
1053	802
1053	803
1053	830
1053	831
1053	880
1053	920
1053	950
1053	1079
1053	1090
1053	1140
1053	1153
1053	1239
1053	1249
1053	1427
1053	1469
1053	1476
1053	1488
1053	1491
1054	102
1054	153
1054	279
1054	461
1054	540
1054	620
1054	685
1054	697
1054	864
1054	1010
1054	1068
1054	1087
1054	1153
1054	1261
1054	1293
1054	1308
1054	1379
1054	1427
1054	1436
1054	1441
1054	1457
1054	1478
1054	1486
1054	1494
1055	77
1055	83
1055	114
1055	270
1055	388
1055	517
1055	733
1055	984
1055	1109
1055	1118
1055	1177
1055	1181
1055	1239
1055	1250
1055	1255
1055	1288
1055	1299
1055	1306
1055	1367
1055	1384
1055	1398
1055	1401
1055	1448
1055	1469
1056	19
1056	200
1056	250
1056	382
1056	447
1056	595
1056	687
1056	753
1056	786
1056	819
1056	863
1056	869
1056	921
1056	945
1056	974
1056	1011
1056	1036
1056	1120
1056	1155
1056	1294
1056	1447
1056	1478
1056	1480
1056	1494
1057	204
1057	311
1057	384
1057	392
1057	405
1057	438
1057	605
1057	635
1057	809
1057	1067
1057	1150
1057	1203
1057	1301
1057	1307
1057	1328
1057	1342
1057	1365
1057	1405
1057	1435
1057	1460
1057	1477
1057	1482
1057	1498
1057	1500
1058	260
1058	394
1058	420
1058	464
1058	537
1058	911
1058	914
1058	979
1058	983
1058	998
1058	1062
1058	1143
1058	1164
1058	1190
1058	1213
1058	1265
1058	1318
1058	1328
1058	1435
1058	1444
1058	1477
1058	1481
1058	1482
1058	1486
1059	39
1059	40
1059	212
1059	379
1059	424
1059	440
1059	449
1059	886
1059	945
1059	1017
1059	1068
1059	1094
1059	1098
1059	1144
1059	1209
1059	1254
1059	1340
1059	1369
1059	1383
1059	1389
1059	1450
1059	1476
1059	1478
1059	1494
1060	14
1060	72
1060	78
1060	98
1060	156
1060	249
1060	781
1060	873
1060	926
1060	961
1060	1009
1060	1102
1060	1161
1060	1257
1060	1260
1060	1288
1060	1298
1060	1316
1060	1324
1060	1334
1060	1406
1060	1415
1060	1467
1060	1489
1061	210
1061	334
1061	362
1061	461
1061	492
1061	617
1061	774
1061	780
1061	844
1061	966
1061	1066
1061	1136
1061	1201
1061	1234
1061	1314
1061	1382
1061	1386
1061	1409
1061	1416
1061	1423
1061	1429
1061	1443
1061	1480
1061	1490
1062	34
1062	516
1062	588
1062	616
1062	718
1062	803
1062	865
1062	1058
1062	1100
1062	1107
1062	1130
1062	1133
1062	1140
1062	1153
1062	1199
1062	1277
1062	1304
1062	1349
1062	1452
1062	1464
1062	1474
1062	1476
1062	1491
1062	1495
1063	552
1063	656
1063	740
1063	775
1063	848
1063	951
1063	1026
1063	1088
1063	1134
1063	1144
1063	1258
1063	1264
1063	1269
1063	1270
1063	1272
1063	1279
1063	1317
1063	1338
1063	1355
1063	1374
1063	1425
1063	1433
1063	1485
1063	1495
1064	278
1064	393
1064	435
1064	608
1064	700
1064	707
1064	979
1064	1036
1064	1105
1064	1183
1064	1202
1064	1206
1064	1210
1064	1218
1064	1233
1064	1319
1064	1375
1064	1376
1064	1385
1064	1432
1064	1447
1064	1459
1064	1472
1064	1479
1065	61
1065	165
1065	457
1065	469
1065	541
1065	629
1065	688
1065	708
1065	814
1065	978
1065	987
1065	990
1065	1028
1065	1136
1065	1150
1065	1171
1065	1178
1065	1275
1065	1336
1065	1350
1065	1361
1065	1377
1065	1381
1065	1437
1066	139
1066	161
1066	247
1066	253
1066	300
1066	511
1066	641
1066	807
1066	913
1066	969
1066	1051
1066	1061
1066	1093
1066	1146
1066	1156
1066	1302
1066	1317
1066	1338
1066	1379
1066	1402
1066	1425
1066	1454
1066	1485
1066	1493
1067	23
1067	77
1067	240
1067	846
1067	878
1067	1057
1067	1094
1067	1194
1067	1208
1067	1221
1067	1261
1067	1262
1067	1275
1067	1288
1067	1300
1067	1305
1067	1315
1067	1357
1067	1402
1067	1403
1067	1413
1067	1441
1067	1475
1067	1485
1068	105
1068	158
1068	193
1068	248
1068	493
1068	589
1068	614
1068	697
1068	783
1068	891
1068	918
1068	1054
1068	1059
1068	1079
1068	1082
1068	1207
1068	1235
1068	1332
1068	1457
1068	1478
1068	1486
1068	1490
1068	1494
1068	1496
1069	245
1069	521
1069	533
1069	563
1069	623
1069	662
1069	743
1069	751
1069	909
1069	926
1069	977
1069	1031
1069	1040
1069	1046
1069	1114
1069	1177
1069	1261
1069	1283
1069	1342
1069	1381
1069	1406
1069	1422
1069	1452
1069	1464
1069	1478
1070	66
1070	88
1070	649
1070	932
1070	951
1070	969
1070	970
1070	975
1070	1141
1070	1183
1070	1239
1070	1251
1070	1261
1070	1275
1070	1300
1070	1315
1070	1323
1070	1357
1070	1402
1070	1413
1070	1427
1070	1429
1070	1441
1070	1475
1070	1494
1071	303
1071	339
1071	393
1071	707
1071	801
1071	975
1071	1044
1071	1072
1071	1164
1071	1174
1071	1210
1071	1235
1071	1242
1071	1278
1071	1286
1071	1291
1071	1319
1071	1375
1071	1385
1071	1432
1071	1442
1071	1447
1071	1455
1071	1472
1071	1479
1072	126
1072	173
1072	563
1072	566
1072	659
1072	807
1072	817
1072	881
1072	933
1072	944
1072	994
1072	1041
1072	1042
1072	1071
1072	1096
1072	1127
1072	1145
1072	1202
1072	1224
1072	1236
1072	1302
1072	1319
1072	1385
1072	1388
1072	1447
1073	116
1073	272
1073	411
1073	427
1073	432
1073	456
1073	459
1073	514
1073	608
1073	825
1073	856
1073	959
1073	1013
1073	1081
1073	1129
1073	1209
1073	1267
1073	1313
1073	1420
1073	1429
1073	1443
1073	1462
1073	1463
1073	1487
1073	1495
1074	16
1074	151
1074	199
1074	211
1074	236
1074	344
1074	529
1074	556
1074	668
1074	683
1074	880
1074	922
1074	1014
1074	1120
1074	1241
1074	1244
1074	1331
1074	1361
1074	1372
1074	1377
1074	1436
1074	1437
1074	1454
1074	1470
1074	1500
1075	115
1075	198
1075	355
1075	493
1075	548
1075	568
1075	805
1075	819
1075	832
1075	881
1075	909
1075	927
1075	943
1075	960
1075	1017
1075	1048
1075	1168
1075	1194
1075	1228
1075	1237
1075	1318
1075	1345
1075	1433
1075	1443
1075	1487
1076	255
1076	281
1076	371
1076	420
1076	460
1076	481
1076	616
1076	733
1076	743
1076	805
1076	985
1076	1135
1076	1154
1076	1221
1076	1232
1076	1316
1076	1318
1076	1378
1076	1420
1076	1435
1076	1450
1076	1477
1076	1482
1076	1490
1076	1493
1077	258
1077	389
1077	551
1077	730
1077	829
1077	860
1077	889
1077	894
1077	922
1077	959
1077	1041
1077	1145
1077	1206
1077	1234
1077	1260
1077	1294
1077	1304
1077	1326
1077	1401
1077	1413
1077	1428
1077	1439
1077	1455
1077	1489
1077	1493
1078	280
1078	342
1078	521
1078	789
1078	835
1078	858
1078	938
1078	953
1078	1013
1078	1022
1078	1117
1078	1193
1078	1199
1078	1229
1078	1298
1078	1346
1078	1358
1078	1395
1078	1412
1078	1440
1078	1458
1078	1459
1078	1473
1078	1477
1078	1496
1079	105
1079	106
1079	222
1079	240
1079	242
1079	370
1079	564
1079	721
1079	892
1079	939
1079	996
1079	1033
1079	1053
1079	1068
1079	1158
1079	1207
1079	1308
1079	1351
1079	1371
1079	1373
1079	1389
1079	1399
1079	1401
1079	1427
1079	1494
1080	244
1080	276
1080	377
1080	519
1080	717
1080	822
1080	887
1080	890
1080	933
1080	972
1080	1219
1080	1295
1080	1313
1080	1359
1080	1362
1080	1366
1080	1371
1080	1397
1080	1442
1080	1465
1080	1471
1080	1492
1080	1496
1080	1497
1080	1498
1081	197
1081	263
1081	384
1081	460
1081	541
1081	613
1081	673
1081	709
1081	732
1081	812
1081	903
1081	985
1081	1043
1081	1073
1081	1082
1081	1164
1081	1268
1081	1285
1081	1342
1081	1348
1081	1373
1081	1435
1081	1460
1081	1477
1081	1485
1082	204
1082	292
1082	311
1082	323
1082	384
1082	401
1082	503
1082	527
1082	573
1082	601
1082	617
1082	727
1082	756
1082	966
1082	1039
1082	1047
1082	1068
1082	1081
1082	1237
1082	1289
1082	1319
1082	1360
1082	1411
1082	1435
1082	1477
1083	301
1083	325
1083	365
1083	541
1083	625
1083	684
1083	714
1083	847
1083	876
1083	877
1083	925
1083	935
1083	946
1083	954
1083	1023
1083	1133
1083	1151
1083	1279
1083	1332
1083	1338
1083	1368
1083	1430
1083	1431
1083	1493
1083	1497
1084	72
1084	238
1084	324
1084	566
1084	747
1084	879
1084	886
1084	989
1084	1044
1084	1127
1084	1172
1084	1183
1084	1199
1084	1233
1084	1236
1084	1248
1084	1269
1084	1315
1084	1319
1084	1338
1084	1370
1084	1375
1084	1385
1084	1442
1084	1447
1085	53
1085	70
1085	146
1085	249
1085	327
1085	422
1085	442
1085	714
1085	753
1085	813
1085	831
1085	1088
1085	1131
1085	1263
1085	1287
1085	1292
1085	1405
1085	1441
1085	1444
1085	1464
1085	1469
1085	1474
1085	1476
1085	1488
1085	1491
1086	114
1086	404
1086	517
1086	736
1086	795
1086	824
1086	852
1086	905
1086	955
1086	995
1086	1007
1086	1088
1086	1091
1086	1169
1086	1190
1086	1282
1086	1297
1086	1331
1086	1356
1086	1413
1086	1478
1086	1484
1086	1486
1086	1490
1086	1499
1087	67
1087	162
1087	183
1087	417
1087	480
1087	493
1087	640
1087	836
1087	949
1087	968
1087	1024
1087	1041
1087	1054
1087	1162
1087	1187
1087	1284
1087	1356
1087	1369
1087	1378
1087	1403
1087	1452
1087	1456
1087	1463
1087	1476
1087	1490
1088	41
1088	168
1088	226
1088	249
1088	389
1088	423
1088	693
1088	737
1088	782
1088	872
1088	960
1088	1063
1088	1085
1088	1086
1088	1106
1088	1134
1088	1183
1088	1199
1088	1258
1088	1264
1088	1292
1088	1338
1088	1363
1088	1454
1088	1485
1089	234
1089	251
1089	275
1089	375
1089	692
1089	711
1089	743
1089	755
1089	835
1089	911
1089	968
1089	998
1089	1021
1089	1047
1089	1140
1089	1237
1089	1281
1089	1351
1089	1358
1089	1361
1089	1376
1089	1458
1089	1462
1089	1483
1089	1484
1090	51
1090	542
1090	545
1090	596
1090	608
1090	710
1090	765
1090	856
1090	865
1090	1032
1090	1053
1090	1124
1090	1140
1090	1238
1090	1263
1090	1291
1090	1326
1090	1330
1090	1373
1090	1444
1090	1456
1090	1457
1090	1476
1090	1488
1090	1491
1091	178
1091	203
1091	455
1091	673
1091	692
1091	713
1091	719
1091	773
1091	1025
1091	1086
1091	1158
1091	1309
1091	1325
1091	1355
1091	1382
1091	1396
1091	1414
1091	1422
1091	1426
1091	1434
1091	1460
1091	1461
1091	1468
1091	1474
1091	1497
1092	126
1092	236
1092	303
1092	454
1092	497
1092	581
1092	631
1092	668
1092	696
1092	750
1092	790
1092	1133
1092	1151
1092	1153
1092	1176
1092	1248
1092	1257
1092	1259
1092	1311
1092	1316
1092	1319
1092	1330
1092	1385
1092	1391
1092	1497
1093	92
1093	281
1093	385
1093	545
1093	598
1093	627
1093	668
1093	674
1093	784
1093	808
1093	833
1093	944
1093	987
1093	994
1093	1030
1093	1066
1093	1119
1093	1128
1093	1145
1093	1180
1093	1317
1093	1376
1093	1390
1093	1394
1093	1401
1093	1432
1094	2
1094	10
1094	39
1094	561
1094	685
1094	744
1094	749
1094	773
1094	846
1094	891
1094	902
1094	938
1094	1059
1094	1067
1094	1144
1094	1188
1094	1195
1094	1212
1094	1287
1094	1334
1094	1351
1094	1379
1094	1450
1094	1478
1094	1489
1094	1490
1095	188
1095	291
1095	321
1095	545
1095	655
1095	672
1095	673
1095	678
1095	682
1095	867
1095	1002
1095	1016
1095	1030
1095	1138
1095	1172
1095	1237
1095	1248
1095	1311
1095	1334
1095	1372
1095	1410
1095	1415
1095	1419
1095	1469
1095	1489
1095	1493
1096	193
1096	360
1096	422
1096	463
1096	617
1096	660
1096	693
1096	701
1096	745
1096	767
1096	975
1096	1048
1096	1072
1096	1232
1096	1314
1096	1321
1096	1329
1096	1346
1096	1354
1096	1369
1096	1374
1096	1401
1096	1429
1096	1443
1096	1460
1096	1470
1097	274
1097	331
1097	383
1097	578
1097	684
1097	755
1097	777
1097	1003
1097	1026
1097	1036
1097	1146
1097	1279
1097	1291
1097	1303
1097	1320
1097	1328
1097	1333
1097	1367
1097	1368
1097	1430
1097	1431
1097	1433
1097	1439
1097	1442
1097	1484
1097	1493
1098	66
1098	359
1098	469
1098	628
1098	632
1098	634
1098	668
1098	710
1098	728
1098	730
1098	906
1098	990
1098	1028
1098	1059
1098	1178
1098	1197
1098	1216
1098	1249
1098	1256
1098	1361
1098	1417
1098	1436
1098	1437
1098	1439
1098	1466
1098	1500
1099	8
1099	94
1099	99
1099	127
1099	156
1099	199
1099	284
1099	524
1099	591
1099	658
1099	762
1099	763
1099	915
1099	974
1099	1008
1099	1139
1099	1190
1099	1215
1099	1224
1099	1259
1099	1387
1099	1415
1099	1418
1099	1431
1099	1448
1099	1472
1100	83
1100	185
1100	307
1100	444
1100	488
1100	611
1100	935
1100	1000
1100	1025
1100	1035
1100	1051
1100	1062
1100	1153
1100	1232
1100	1252
1100	1282
1100	1330
1100	1373
1100	1404
1100	1413
1100	1444
1100	1466
1100	1469
1100	1472
1100	1476
1100	1491
1101	186
1101	283
1101	336
1101	423
1101	638
1101	801
1101	847
1101	861
1101	906
1101	919
1101	1000
1101	1141
1101	1208
1101	1242
1101	1244
1101	1306
1101	1324
1101	1346
1101	1372
1101	1438
1101	1447
1101	1464
1101	1465
1101	1471
1101	1479
1101	1498
1102	41
1102	63
1102	357
1102	365
1102	457
1102	574
1102	634
1102	836
1102	918
1102	1024
1102	1060
1102	1284
1102	1285
1102	1301
1102	1304
1102	1316
1102	1339
1102	1403
1102	1423
1102	1427
1102	1452
1102	1456
1102	1457
1102	1463
1102	1466
1102	1491
1103	4
1103	56
1103	174
1103	211
1103	444
1103	463
1103	550
1103	772
1103	807
1103	934
1103	997
1103	1046
1103	1149
1103	1205
1103	1230
1103	1277
1103	1308
1103	1347
1103	1392
1103	1405
1103	1410
1103	1413
1103	1444
1103	1459
1103	1466
1103	1494
1104	13
1104	205
1104	284
1104	434
1104	611
1104	730
1104	806
1104	829
1104	933
1104	978
1104	1037
1104	1109
1104	1173
1104	1195
1104	1288
1104	1300
1104	1332
1104	1353
1104	1389
1104	1427
1104	1450
1104	1457
1104	1468
1104	1476
1104	1486
1104	1494
1105	160
1105	224
1105	255
1105	278
1105	435
1105	516
1105	537
1105	614
1105	700
1105	759
1105	801
1105	879
1105	885
1105	955
1105	1012
1105	1064
1105	1183
1105	1210
1105	1233
1105	1292
1105	1353
1105	1385
1105	1416
1105	1442
1105	1447
1105	1474
1106	57
1106	72
1106	106
1106	140
1106	191
1106	321
1106	347
1106	410
1106	607
1106	843
1106	866
1106	920
1106	988
1106	1003
1106	1028
1106	1088
1106	1121
1106	1264
1106	1290
1106	1317
1106	1338
1106	1407
1106	1446
1106	1454
1106	1485
1106	1492
1107	97
1107	267
1107	317
1107	503
1107	567
1107	593
1107	718
1107	902
1107	969
1107	1062
1107	1131
1107	1137
1107	1175
1107	1293
1107	1318
1107	1330
1107	1339
1107	1358
1107	1366
1107	1373
1107	1439
1107	1465
1107	1474
1107	1476
1107	1488
1107	1491
1108	128
1108	163
1108	366
1108	406
1108	510
1108	770
1108	845
1108	874
1108	1010
1108	1035
1108	1126
1108	1135
1108	1231
1108	1261
1108	1263
1108	1268
1108	1292
1108	1300
1108	1315
1108	1321
1108	1357
1108	1402
1108	1413
1108	1441
1108	1475
1108	1487
1109	17
1109	562
1109	943
1109	972
1109	991
1109	1055
1109	1104
1109	1110
1109	1149
1109	1181
1109	1239
1109	1256
1109	1288
1109	1299
1109	1306
1109	1336
1109	1337
1109	1362
1109	1367
1109	1398
1109	1402
1109	1439
1109	1448
1109	1456
1109	1458
1109	1476
1110	68
1110	92
1110	518
1110	660
1110	756
1110	771
1110	817
1110	868
1110	901
1110	973
1110	1022
1110	1109
1110	1211
1110	1232
1110	1254
1110	1314
1110	1338
1110	1354
1110	1369
1110	1423
1110	1427
1110	1429
1110	1443
1110	1460
1110	1470
1110	1480
1111	95
1111	298
1111	302
1111	382
1111	489
1111	500
1111	711
1111	751
1111	787
1111	916
1111	1020
1111	1031
1111	1049
1111	1114
1111	1124
1111	1217
1111	1254
1111	1259
1111	1267
1111	1275
1111	1283
1111	1342
1111	1363
1111	1406
1111	1467
1111	1499
1112	109
1112	405
1112	487
1112	535
1112	653
1112	690
1112	726
1112	736
1112	768
1112	824
1112	883
1112	888
1112	901
1112	907
1112	997
1112	1177
1112	1231
1112	1258
1112	1273
1112	1331
1112	1335
1112	1404
1112	1435
1112	1453
1112	1496
1112	1499
1113	7
1113	33
1113	158
1113	265
1113	368
1113	412
1113	604
1113	609
1113	665
1113	875
1113	901
1113	996
1113	1050
1113	1142
1113	1143
1113	1211
1113	1212
1113	1243
1113	1254
1113	1286
1113	1312
1113	1333
1113	1416
1113	1417
1113	1427
1113	1449
1114	115
1114	240
1114	365
1114	430
1114	500
1114	521
1114	743
1114	777
1114	825
1114	916
1114	994
1114	1040
1114	1049
1114	1069
1114	1111
1114	1123
1114	1143
1114	1191
1114	1246
1114	1254
1114	1279
1114	1298
1114	1342
1114	1406
1114	1421
1114	1456
1115	31
1115	294
1115	326
1115	619
1115	676
1115	706
1115	927
1115	943
1115	950
1115	980
1115	1038
1115	1129
1115	1146
1115	1161
1115	1225
1115	1228
1115	1233
1115	1285
1115	1291
1115	1359
1115	1447
1115	1451
1115	1463
1115	1473
1115	1487
1115	1495
1116	229
1116	244
1116	292
1116	433
1116	531
1116	564
1116	606
1116	738
1116	783
1116	1157
1116	1160
1116	1167
1116	1196
1116	1216
1116	1224
1116	1230
1116	1243
1116	1245
1116	1276
1116	1321
1116	1344
1116	1348
1116	1419
1116	1483
1116	1492
1116	1499
1117	50
1117	123
1117	351
1117	550
1117	563
1117	585
1117	655
1117	672
1117	790
1117	797
1117	866
1117	1017
1117	1048
1117	1078
1117	1133
1117	1137
1117	1151
1117	1182
1117	1257
1117	1277
1117	1404
1117	1415
1117	1442
1117	1483
1117	1489
1117	1495
1117	1496
1118	29
1118	91
1118	107
1118	573
1118	576
1118	586
1118	677
1118	711
1118	733
1118	818
1118	886
1118	906
1118	1014
1118	1055
1118	1124
1118	1217
1118	1250
1118	1256
1118	1288
1118	1299
1118	1362
1118	1367
1118	1398
1118	1410
1118	1422
1118	1448
1118	1478
1119	261
1119	393
1119	414
1119	469
1119	505
1119	831
1119	854
1119	937
1119	952
1119	1093
1119	1130
1119	1138
1119	1162
1119	1191
1119	1204
1119	1208
1119	1277
1119	1361
1119	1387
1119	1388
1119	1402
1119	1405
1119	1409
1119	1411
1119	1456
1119	1474
1119	1480
1120	38
1120	103
1120	182
1120	333
1120	369
1120	648
1120	711
1120	726
1120	730
1120	841
1120	860
1120	894
1120	911
1120	1056
1120	1074
1120	1198
1120	1206
1120	1229
1120	1260
1120	1273
1120	1323
1120	1343
1120	1434
1120	1455
1120	1458
1120	1467
1120	1480
1121	60
1121	675
1121	740
1121	814
1121	827
1121	840
1121	917
1121	953
1121	956
1121	1106
1121	1177
1121	1241
1121	1249
1121	1275
1121	1310
1121	1327
1121	1355
1121	1358
1121	1363
1121	1377
1121	1406
1121	1417
1121	1436
1121	1437
1121	1453
1121	1492
1121	1499
1122	89
1122	518
1122	520
1122	601
1122	609
1122	816
1122	835
1122	901
1122	974
1122	1015
1122	1042
1122	1149
1122	1211
1122	1216
1122	1268
1122	1271
1122	1272
1122	1286
1122	1288
1122	1333
1122	1383
1122	1416
1122	1432
1122	1441
1122	1454
1122	1468
1122	1469
1123	52
1123	489
1123	519
1123	577
1123	757
1123	792
1123	878
1123	1004
1123	1114
1123	1129
1123	1182
1123	1219
1123	1228
1123	1289
1123	1310
1123	1312
1123	1335
1123	1368
1123	1391
1123	1411
1123	1430
1123	1431
1123	1433
1123	1442
1123	1483
1123	1484
1123	1493
1124	45
1124	123
1124	124
1124	307
1124	398
1124	542
1124	742
1124	749
1124	767
1124	960
1124	1001
1124	1090
1124	1111
1124	1118
1124	1131
1124	1149
1124	1153
1124	1157
1124	1274
1124	1304
1124	1333
1124	1383
1124	1408
1124	1418
1124	1444
1124	1488
1124	1491
1125	83
1125	216
1125	392
1125	466
1125	531
1125	629
1125	644
1125	772
1125	922
1125	930
1125	985
1125	999
1125	1015
1125	1135
1125	1147
1125	1166
1125	1215
1125	1225
1125	1237
1125	1240
1125	1252
1125	1329
1125	1341
1125	1393
1125	1399
1125	1438
1125	1486
1126	195
1126	216
1126	305
1126	338
1126	546
1126	549
1126	837
1126	846
1126	848
1126	970
1126	1016
1126	1108
1126	1154
1126	1174
1126	1199
1126	1231
1126	1247
1126	1261
1126	1300
1126	1315
1126	1324
1126	1338
1126	1350
1126	1402
1126	1408
1126	1413
1126	1475
1127	182
1127	528
1127	558
1127	674
1127	754
1127	789
1127	801
1127	925
1127	933
1127	981
1127	996
1127	1036
1127	1041
1127	1072
1127	1084
1127	1184
1127	1202
1127	1210
1127	1236
1127	1250
1127	1319
1127	1345
1127	1375
1127	1447
1127	1464
1127	1479
1127	1497
1128	92
1128	179
1128	224
1128	502
1128	550
1128	627
1128	634
1128	806
1128	808
1128	867
1128	917
1128	1030
1128	1093
1128	1196
1128	1326
1128	1339
1128	1376
1128	1394
1128	1396
1128	1401
1128	1409
1128	1412
1128	1414
1128	1432
1128	1436
1128	1440
1128	1450
1129	206
1129	373
1129	560
1129	599
1129	735
1129	819
1129	945
1129	1073
1129	1115
1129	1123
1129	1182
1129	1186
1129	1282
1129	1287
1129	1310
1129	1316
1129	1332
1129	1335
1129	1383
1129	1416
1129	1430
1129	1431
1129	1433
1129	1436
1129	1442
1129	1484
1129	1493
1130	306
1130	591
1130	686
1130	700
1130	854
1130	873
1130	888
1130	904
1130	951
1130	1026
1130	1045
1130	1062
1130	1119
1130	1138
1130	1150
1130	1152
1130	1191
1130	1204
1130	1208
1130	1276
1130	1366
1130	1388
1130	1409
1130	1452
1130	1458
1130	1477
1130	1490
1131	65
1131	414
1131	460
1131	473
1131	516
1131	567
1131	648
1131	773
1131	786
1131	935
1131	951
1131	969
1131	1051
1131	1085
1131	1107
1131	1124
1131	1263
1131	1304
1131	1338
1131	1396
1131	1404
1131	1444
1131	1469
1131	1474
1131	1476
1131	1498
1131	1500
1132	58
1132	74
1132	201
1132	439
1132	446
1132	495
1132	569
1132	607
1132	620
1132	698
1132	765
1132	1039
1132	1222
1132	1249
1132	1301
1132	1309
1132	1321
1132	1325
1132	1380
1132	1382
1132	1386
1132	1396
1132	1414
1132	1422
1132	1434
1132	1468
1132	1500
1133	56
1133	132
1133	189
1133	279
1133	292
1133	321
1133	739
1133	750
1133	769
1133	812
1133	820
1133	896
1133	1062
1133	1083
1133	1092
1133	1117
1133	1176
1133	1178
1133	1217
1133	1257
1133	1295
1133	1334
1133	1346
1133	1391
1133	1446
1133	1464
1133	1497
1134	26
1134	40
1134	41
1134	69
1134	213
1134	261
1134	340
1134	453
1134	471
1134	580
1134	600
1134	703
1134	821
1134	874
1134	930
1134	973
1134	988
1134	1063
1134	1088
1134	1423
1134	1425
1134	1431
1134	1437
1134	1445
1134	1454
1134	1485
1134	1491
1135	163
1135	395
1135	570
1135	859
1135	930
1135	943
1135	957
1135	1076
1135	1108
1135	1125
1135	1144
1135	1215
1135	1225
1135	1229
1135	1240
1135	1252
1135	1292
1135	1317
1135	1329
1135	1341
1135	1399
1135	1409
1135	1428
1135	1438
1135	1439
1135	1443
1135	1471
1136	73
1136	225
1136	272
1136	309
1136	360
1136	380
1136	564
1136	654
1136	966
1136	1004
1136	1009
1136	1061
1136	1065
1136	1159
1136	1314
1136	1354
1136	1387
1136	1394
1136	1397
1136	1423
1136	1425
1136	1429
1136	1443
1136	1464
1136	1476
1136	1480
1136	1490
1137	101
1137	411
1137	415
1137	570
1137	649
1137	677
1137	737
1137	773
1137	842
1137	873
1137	876
1137	894
1137	949
1137	981
1137	1038
1137	1049
1137	1107
1137	1117
1137	1140
1137	1215
1137	1225
1137	1329
1137	1341
1137	1363
1137	1399
1137	1422
1137	1438
1138	17
1138	27
1138	256
1138	261
1138	303
1138	355
1138	381
1138	553
1138	651
1138	700
1138	774
1138	854
1138	952
1138	994
1138	1045
1138	1095
1138	1119
1138	1130
1138	1150
1138	1162
1138	1191
1138	1257
1138	1330
1138	1361
1138	1409
1138	1411
1138	1432
1138	1475
1139	51
1139	218
1139	313
1139	406
1139	433
1139	510
1139	735
1139	763
1139	768
1139	815
1139	873
1139	927
1139	942
1139	974
1139	982
1139	1008
1139	1009
1139	1020
1139	1099
1139	1146
1139	1154
1139	1191
1139	1211
1139	1339
1139	1381
1139	1387
1139	1418
1139	1490
1140	87
1140	267
1140	330
1140	388
1140	404
1140	527
1140	635
1140	717
1140	758
1140	815
1140	1053
1140	1062
1140	1089
1140	1090
1140	1137
1140	1153
1140	1302
1140	1304
1140	1306
1140	1335
1140	1443
1140	1444
1140	1447
1140	1469
1140	1475
1140	1476
1140	1491
1140	1493
1141	129
1141	237
1141	283
1141	596
1141	761
1141	799
1141	803
1141	855
1141	895
1141	935
1141	972
1141	1045
1141	1070
1141	1101
1141	1307
1141	1311
1141	1312
1141	1313
1141	1327
1141	1359
1141	1366
1141	1391
1141	1401
1141	1402
1141	1405
1141	1465
1141	1489
1141	1498
1142	48
1142	319
1142	410
1142	519
1142	566
1142	587
1142	615
1142	678
1142	781
1142	826
1142	862
1142	874
1142	877
1142	984
1142	1026
1142	1113
1142	1294
1142	1300
1142	1303
1142	1304
1142	1332
1142	1335
1142	1418
1142	1430
1142	1442
1142	1484
1142	1490
1142	1493
1143	144
1143	154
1143	189
1143	268
1143	289
1143	302
1143	554
1143	610
1143	741
1143	791
1143	845
1143	920
1143	950
1143	1058
1143	1113
1143	1114
1143	1168
1143	1243
1143	1262
1143	1268
1143	1271
1143	1272
1143	1352
1143	1359
1143	1383
1143	1442
1143	1458
1143	1479
1144	20
1144	81
1144	115
1144	150
1144	187
1144	296
1144	699
1144	768
1144	814
1144	829
1144	838
1144	1059
1144	1063
1144	1094
1144	1135
1144	1172
1144	1183
1144	1200
1144	1269
1144	1305
1144	1314
1144	1351
1144	1379
1144	1382
1144	1389
1144	1427
1144	1450
1144	1494
1145	71
1145	103
1145	120
1145	187
1145	238
1145	333
1145	369
1145	429
1145	448
1145	880
1145	1027
1145	1072
1145	1077
1145	1093
1145	1260
1145	1263
1145	1264
1145	1273
1145	1323
1145	1360
1145	1367
1145	1390
1145	1433
1145	1441
1145	1455
1145	1489
1145	1490
1145	1494
1146	328
1146	374
1146	575
1146	580
1146	653
1146	661
1146	693
1146	729
1146	831
1146	1066
1146	1097
1146	1115
1146	1139
1146	1187
1146	1210
1146	1258
1146	1264
1146	1269
1146	1270
1146	1305
1146	1317
1146	1371
1146	1388
1146	1407
1146	1425
1146	1429
1146	1481
1146	1485
1147	63
1147	213
1147	243
1147	339
1147	348
1147	643
1147	697
1147	767
1147	773
1147	823
1147	873
1147	1017
1147	1125
1147	1149
1147	1197
1147	1225
1147	1252
1147	1298
1147	1310
1147	1329
1147	1341
1147	1361
1147	1382
1147	1386
1147	1399
1147	1469
1147	1471
1147	1481
1148	23
1148	49
1148	53
1148	181
1148	332
1148	354
1148	383
1148	413
1148	475
1148	499
1148	707
1148	722
1148	727
1148	857
1148	903
1148	968
1148	969
1148	986
1148	1012
1148	1238
1148	1274
1148	1351
1148	1360
1148	1392
1148	1410
1148	1424
1148	1482
1148	1493
1149	89
1149	101
1149	159
1149	216
1149	243
1149	767
1149	783
1149	879
1149	930
1149	972
1149	1103
1149	1109
1149	1122
1149	1124
1149	1147
1149	1165
1149	1225
1149	1252
1149	1292
1149	1333
1149	1341
1149	1363
1149	1389
1149	1399
1149	1403
1149	1438
1149	1459
1149	1463
1150	88
1150	154
1150	287
1150	288
1150	317
1150	364
1150	647
1150	698
1150	759
1150	828
1150	854
1150	932
1150	937
1150	994
1150	1045
1150	1057
1150	1065
1150	1130
1150	1138
1150	1162
1150	1191
1150	1193
1150	1195
1150	1204
1150	1247
1150	1388
1150	1409
1150	1441
1151	13
1151	373
1151	394
1151	454
1151	477
1151	689
1151	781
1151	788
1151	869
1151	935
1151	1048
1151	1083
1151	1092
1151	1117
1151	1162
1151	1177
1151	1220
1151	1248
1151	1253
1151	1265
1151	1288
1151	1311
1151	1334
1151	1341
1151	1406
1151	1415
1151	1419
1151	1449
1152	111
1152	267
1152	479
1152	486
1152	578
1152	619
1152	629
1152	688
1152	868
1152	876
1152	893
1152	902
1152	947
1152	1130
1152	1267
1152	1320
1152	1321
1152	1349
1152	1350
1152	1381
1152	1400
1152	1408
1152	1420
1152	1446
1152	1450
1152	1455
1152	1487
1152	1496
1153	122
1153	267
1153	436
1153	544
1153	584
1153	680
1153	726
1153	729
1153	758
1153	764
1153	766
1153	1053
1153	1054
1153	1062
1153	1092
1153	1100
1153	1124
1153	1140
1153	1225
1153	1238
1153	1294
1153	1304
1153	1341
1153	1352
1153	1452
1153	1471
1153	1488
1153	1493
1154	284
1154	311
1154	382
1154	384
1154	420
1154	430
1154	508
1154	593
1154	641
1154	718
1154	722
1154	879
1154	927
1154	970
1154	986
1154	998
1154	999
1154	1076
1154	1126
1154	1139
1154	1164
1154	1197
1154	1231
1154	1420
1154	1435
1154	1477
1154	1481
1154	1482
1155	40
1155	62
1155	155
1155	171
1155	209
1155	447
1155	501
1155	532
1155	587
1155	594
1155	734
1155	741
1155	775
1155	786
1155	804
1155	812
1155	869
1155	921
1155	1011
1155	1034
1155	1056
1155	1179
1155	1180
1155	1255
1155	1294
1155	1351
1155	1413
1155	1496
1156	54
1156	85
1156	175
1156	264
1156	325
1156	386
1156	410
1156	570
1156	600
1156	656
1156	699
1156	703
1156	724
1156	831
1156	895
1156	950
1156	1066
1156	1172
1156	1247
1156	1258
1156	1317
1156	1338
1156	1344
1156	1367
1156	1425
1156	1454
1156	1462
1156	1485
1157	63
1157	145
1157	158
1157	202
1157	283
1157	310
1157	488
1157	614
1157	714
1157	771
1157	840
1157	919
1157	948
1157	981
1157	1001
1157	1116
1157	1124
1157	1164
1157	1238
1157	1262
1157	1279
1157	1330
1157	1360
1157	1393
1157	1444
1157	1469
1157	1474
1157	1500
1158	21
1158	118
1158	203
1158	349
1158	422
1158	728
1158	738
1158	839
1158	849
1158	858
1158	1024
1158	1079
1158	1091
1158	1170
1158	1210
1158	1222
1158	1227
1158	1268
1158	1301
1158	1380
1158	1382
1158	1414
1158	1422
1158	1426
1158	1457
1158	1468
1158	1473
1158	1481
1159	62
1159	131
1159	163
1159	271
1159	402
1159	438
1159	479
1159	487
1159	536
1159	923
1159	974
1159	978
1159	982
1159	983
1159	1029
1159	1033
1159	1136
1159	1179
1159	1347
1159	1354
1159	1361
1159	1371
1159	1373
1159	1387
1159	1399
1159	1418
1159	1424
1159	1471
1160	187
1160	272
1160	440
1160	452
1160	466
1160	632
1160	768
1160	779
1160	820
1160	932
1160	1024
1160	1052
1160	1116
1160	1195
1160	1223
1160	1267
1160	1290
1160	1321
1160	1322
1160	1329
1160	1349
1160	1364
1160	1381
1160	1400
1160	1408
1160	1423
1160	1438
1160	1446
1160	1451
1161	28
1161	71
1161	75
1161	580
1161	607
1161	685
1161	786
1161	788
1161	840
1161	878
1161	902
1161	919
1161	939
1161	963
1161	1060
1161	1115
1161	1172
1161	1173
1161	1207
1161	1302
1161	1353
1161	1379
1161	1389
1161	1426
1161	1457
1161	1460
1161	1478
1161	1494
1161	1497
1162	11
1162	83
1162	168
1162	184
1162	245
1162	261
1162	287
1162	454
1162	468
1162	511
1162	774
1162	780
1162	798
1162	893
1162	965
1162	1045
1162	1087
1162	1119
1162	1138
1162	1150
1162	1151
1162	1193
1162	1204
1162	1208
1162	1312
1162	1388
1162	1393
1162	1409
1162	1411
1163	140
1163	244
1163	439
1163	447
1163	559
1163	660
1163	687
1163	699
1163	708
1163	729
1163	734
1163	775
1163	776
1163	785
1163	786
1163	800
1163	804
1163	869
1163	893
1163	945
1163	988
1163	1011
1163	1036
1163	1043
1163	1183
1163	1238
1163	1255
1163	1371
1163	1461
1164	5
1164	35
1164	191
1164	304
1164	420
1164	494
1164	499
1164	605
1164	712
1164	832
1164	870
1164	910
1164	954
1164	1039
1164	1058
1164	1071
1164	1081
1164	1154
1164	1157
1164	1186
1164	1255
1164	1281
1164	1328
1164	1430
1164	1435
1164	1465
1164	1478
1164	1482
1164	1491
1165	28
1165	61
1165	177
1165	198
1165	325
1165	326
1165	343
1165	352
1165	355
1165	396
1165	647
1165	659
1165	732
1165	746
1165	763
1165	880
1165	909
1165	959
1165	980
1165	1149
1165	1219
1165	1237
1165	1247
1165	1345
1165	1381
1165	1451
1165	1463
1165	1475
1165	1495
1166	67
1166	109
1166	138
1166	139
1166	143
1166	259
1166	378
1166	473
1166	513
1166	554
1166	653
1166	690
1166	800
1166	819
1166	824
1166	883
1166	888
1166	992
1166	995
1166	1024
1166	1125
1166	1290
1166	1297
1166	1301
1166	1331
1166	1362
1166	1394
1166	1470
1166	1499
1167	84
1167	431
1167	537
1167	633
1167	678
1167	739
1167	760
1167	798
1167	814
1167	841
1167	901
1167	963
1167	1116
1167	1185
1167	1188
1167	1192
1167	1224
1167	1276
1167	1333
1167	1340
1167	1343
1167	1348
1167	1367
1167	1377
1167	1402
1167	1452
1167	1453
1167	1483
1167	1492
1168	196
1168	222
1168	270
1168	378
1168	648
1168	665
1168	728
1168	809
1168	822
1168	875
1168	942
1168	1027
1168	1029
1168	1042
1168	1075
1168	1143
1168	1216
1168	1268
1168	1271
1168	1272
1168	1286
1168	1292
1168	1333
1168	1334
1168	1383
1168	1396
1168	1416
1168	1449
1168	1475
1169	60
1169	109
1169	114
1169	138
1169	348
1169	473
1169	720
1169	762
1169	795
1169	819
1169	882
1169	883
1169	888
1169	903
1169	907
1169	995
1169	1047
1169	1086
1169	1177
1169	1295
1169	1297
1169	1356
1169	1367
1169	1413
1169	1440
1169	1445
1169	1468
1169	1497
1169	1499
1170	305
1170	306
1170	323
1170	360
1170	362
1170	376
1170	481
1170	696
1170	774
1170	828
1170	970
1170	994
1170	1007
1170	1031
1170	1045
1170	1158
1170	1191
1170	1193
1170	1204
1170	1208
1170	1274
1170	1388
1170	1393
1170	1409
1170	1411
1170	1447
1170	1457
1170	1489
1170	1495
1171	23
1171	49
1171	147
1171	391
1171	396
1171	515
1171	523
1171	645
1171	650
1171	828
1171	857
1171	899
1171	925
1171	1012
1171	1020
1171	1042
1171	1065
1171	1195
1171	1235
1171	1259
1171	1274
1171	1280
1171	1303
1171	1327
1171	1339
1171	1360
1171	1391
1171	1392
1171	1428
1172	152
1172	685
1172	692
1172	760
1172	765
1172	768
1172	850
1172	910
1172	978
1172	981
1172	1084
1172	1095
1172	1144
1172	1156
1172	1161
1172	1189
1172	1268
1172	1302
1172	1305
1172	1351
1172	1353
1172	1360
1172	1427
1172	1454
1172	1472
1172	1473
1172	1478
1172	1486
1172	1494
1173	3
1173	73
1173	88
1173	136
1173	441
1173	606
1173	648
1173	784
1173	921
1173	941
1173	986
1173	1006
1173	1104
1173	1161
1173	1188
1173	1189
1173	1208
1173	1245
1173	1248
1173	1298
1173	1351
1173	1353
1173	1389
1173	1395
1173	1459
1173	1478
1173	1480
1173	1486
1173	1494
1174	157
1174	173
1174	190
1174	255
1174	600
1174	601
1174	608
1174	861
1174	933
1174	976
1174	989
1174	1051
1174	1071
1174	1126
1174	1199
1174	1210
1174	1233
1174	1236
1174	1278
1174	1297
1174	1312
1174	1319
1174	1327
1174	1347
1174	1369
1174	1375
1174	1379
1174	1447
1174	1452
1175	100
1175	201
1175	235
1175	337
1175	343
1175	426
1175	486
1175	632
1175	790
1175	838
1175	868
1175	922
1175	965
1175	1039
1175	1107
1175	1209
1175	1223
1175	1290
1175	1291
1175	1300
1175	1323
1175	1408
1175	1421
1175	1426
1175	1441
1175	1446
1175	1461
1175	1462
1175	1495
1176	14
1176	22
1176	248
1176	291
1176	317
1176	531
1176	559
1176	618
1176	632
1176	655
1176	743
1176	772
1176	790
1176	862
1176	867
1176	1092
1176	1133
1176	1257
1176	1263
1176	1311
1176	1316
1176	1323
1176	1391
1176	1394
1176	1439
1176	1468
1176	1471
1176	1489
1176	1497
1177	112
1177	195
1177	204
1177	242
1177	513
1177	589
1177	605
1177	720
1177	736
1177	883
1177	884
1177	888
1177	928
1177	944
1177	997
1177	1055
1177	1069
1177	1112
1177	1121
1177	1151
1177	1169
1177	1234
1177	1236
1177	1293
1177	1331
1177	1356
1177	1405
1177	1432
1177	1485
1177	1499
1178	16
1178	95
1178	180
1178	192
1178	343
1178	422
1178	459
1178	490
1178	553
1178	575
1178	775
1178	853
1178	897
1178	947
1178	1009
1178	1065
1178	1098
1178	1133
1178	1191
1178	1214
1178	1241
1178	1249
1178	1372
1178	1381
1178	1393
1178	1406
1178	1436
1178	1451
1178	1466
1178	1500
1179	166
1179	199
1179	211
1179	226
1179	263
1179	389
1179	420
1179	483
1179	487
1179	510
1179	536
1179	591
1179	763
1179	855
1179	912
1179	915
1179	941
1179	983
1179	1005
1179	1029
1179	1155
1179	1159
1179	1190
1179	1204
1179	1281
1179	1339
1179	1372
1179	1386
1179	1387
1179	1484
1180	53
1180	179
1180	262
1180	284
1180	474
1180	627
1180	646
1180	723
1180	773
1180	782
1180	784
1180	806
1180	808
1180	835
1180	861
1180	917
1180	930
1180	932
1180	987
1180	1093
1180	1155
1180	1188
1180	1287
1180	1362
1180	1376
1180	1394
1180	1401
1180	1432
1180	1448
1180	1455
1181	52
1181	236
1181	289
1181	315
1181	377
1181	397
1181	410
1181	413
1181	540
1181	595
1181	634
1181	733
1181	796
1181	906
1181	1055
1181	1109
1181	1256
1181	1288
1181	1299
1181	1306
1181	1322
1181	1337
1181	1362
1181	1365
1181	1389
1181	1398
1181	1438
1181	1448
1181	1491
1181	1492
1182	285
1182	370
1182	383
1182	651
1182	662
1182	664
1182	688
1182	713
1182	808
1182	948
1182	953
1182	1008
1182	1015
1182	1117
1182	1123
1182	1129
1182	1231
1182	1275
1182	1287
1182	1290
1182	1303
1182	1310
1182	1332
1182	1340
1182	1361
1182	1374
1182	1431
1182	1442
1182	1446
1182	1484
1183	43
1183	157
1183	173
1183	192
1183	226
1183	255
1183	351
1183	479
1183	528
1183	602
1183	899
1183	911
1183	1044
1183	1064
1183	1070
1183	1084
1183	1088
1183	1105
1183	1144
1183	1163
1183	1192
1183	1199
1183	1210
1183	1233
1183	1239
1183	1375
1183	1426
1183	1434
1183	1437
1183	1447
1184	241
1184	318
1184	422
1184	445
1184	630
1184	652
1184	654
1184	673
1184	726
1184	748
1184	830
1184	843
1184	850
1184	921
1184	923
1184	927
1184	948
1184	1047
1184	1127
1184	1214
1184	1328
1184	1358
1184	1394
1184	1405
1184	1406
1184	1412
1184	1454
1184	1458
1184	1473
1184	1497
1185	73
1185	437
1185	461
1185	529
1185	602
1185	653
1185	655
1185	681
1185	745
1185	769
1185	782
1185	843
1185	956
1185	969
1185	980
1185	1018
1185	1167
1185	1201
1185	1242
1185	1288
1185	1314
1185	1335
1185	1338
1185	1369
1185	1374
1185	1386
1185	1429
1185	1443
1185	1460
1185	1480
1186	11
1186	34
1186	225
1186	263
1186	371
1186	392
1186	394
1186	420
1186	460
1186	526
1186	533
1186	541
1186	681
1186	706
1186	722
1186	805
1186	987
1186	1129
1186	1164
1186	1203
1186	1222
1186	1244
1186	1387
1186	1399
1186	1407
1186	1435
1186	1448
1186	1456
1186	1457
1186	1482
1187	71
1187	84
1187	155
1187	377
1187	397
1187	502
1187	628
1187	814
1187	845
1187	861
1187	871
1187	887
1187	891
1187	1087
1187	1146
1187	1209
1187	1244
1187	1302
1187	1307
1187	1313
1187	1344
1187	1352
1187	1359
1187	1449
1187	1451
1187	1465
1187	1471
1187	1475
1187	1482
1187	1498
1188	222
1188	559
1188	566
1188	828
1188	829
1188	890
1188	973
1188	1033
1188	1094
1188	1167
1188	1173
1188	1180
1188	1189
1188	1244
1188	1266
1188	1302
1188	1328
1188	1366
1188	1379
1188	1389
1188	1424
1188	1437
1188	1448
1188	1457
1188	1468
1188	1469
1188	1478
1188	1485
1188	1486
1188	1494
1189	34
1189	108
1189	136
1189	167
1189	431
1189	449
1189	557
1189	569
1189	725
1189	740
1189	768
1189	795
1189	981
1189	1033
1189	1172
1189	1173
1189	1188
1189	1207
1189	1248
1189	1302
1189	1347
1189	1351
1189	1379
1189	1405
1189	1450
1189	1457
1189	1467
1189	1473
1189	1478
1189	1494
1190	5
1190	131
1190	136
1190	313
1190	329
1190	406
1190	509
1190	524
1190	602
1190	764
1190	974
1190	978
1190	983
1190	1058
1190	1086
1190	1099
1190	1179
1190	1318
1190	1331
1190	1339
1190	1363
1190	1367
1190	1369
1190	1387
1190	1390
1190	1398
1190	1418
1190	1432
1190	1451
1190	1492
1191	24
1191	123
1191	178
1191	412
1191	457
1191	651
1191	685
1191	686
1191	696
1191	733
1191	857
1191	937
1191	965
1191	994
1191	1045
1191	1114
1191	1119
1191	1130
1191	1138
1191	1139
1191	1150
1191	1170
1191	1178
1191	1388
1191	1409
1191	1411
1191	1473
1191	1476
1191	1480
1191	1491
1192	117
1192	271
1192	417
1192	471
1192	540
1192	571
1192	703
1192	785
1192	862
1192	929
1192	1043
1192	1048
1192	1167
1192	1183
1192	1218
1192	1245
1192	1293
1192	1327
1192	1340
1192	1348
1192	1363
1192	1404
1192	1416
1192	1440
1192	1442
1192	1445
1192	1453
1192	1466
1192	1467
1192	1483
1193	32
1193	346
1193	381
1193	389
1193	393
1193	446
1193	574
1193	686
1193	774
1193	854
1193	952
1193	994
1193	1045
1193	1078
1193	1150
1193	1162
1193	1170
1193	1208
1193	1306
1193	1308
1193	1328
1193	1332
1193	1373
1193	1383
1193	1388
1193	1409
1193	1411
1193	1465
1193	1475
1193	1499
1194	221
1194	230
1194	263
1194	280
1194	366
1194	478
1194	549
1194	593
1194	636
1194	691
1194	759
1194	783
1194	814
1194	829
1194	918
1194	951
1194	975
1194	1035
1194	1067
1194	1075
1194	1197
1194	1231
1194	1252
1194	1300
1194	1315
1194	1402
1194	1413
1194	1441
1194	1453
1194	1464
1194	1475
1195	13
1195	222
1195	226
1195	353
1195	367
1195	670
1195	829
1195	841
1195	882
1195	889
1195	902
1195	941
1195	956
1195	958
1195	1027
1195	1050
1195	1094
1195	1104
1195	1150
1195	1160
1195	1171
1195	1230
1195	1246
1195	1305
1195	1327
1195	1333
1195	1344
1195	1379
1195	1427
1195	1450
1195	1494
1196	6
1196	102
1196	136
1196	229
1196	314
1196	382
1196	400
1196	557
1196	560
1196	633
1196	650
1196	666
1196	838
1196	936
1196	963
1196	966
1196	1001
1196	1006
1196	1030
1196	1116
1196	1128
1196	1230
1196	1319
1196	1331
1196	1348
1196	1445
1196	1453
1196	1481
1196	1483
1196	1486
1196	1492
1197	7
1197	190
1197	204
1197	225
1197	462
1197	494
1197	537
1197	605
1197	709
1197	756
1197	814
1197	870
1197	874
1197	913
1197	950
1197	976
1197	998
1197	999
1197	1005
1197	1020
1197	1098
1197	1147
1197	1154
1197	1194
1197	1202
1197	1314
1197	1412
1197	1435
1197	1463
1197	1477
1197	1500
1198	107
1198	246
1198	292
1198	349
1198	491
1198	567
1198	616
1198	752
1198	887
1198	895
1198	898
1198	921
1198	929
1198	942
1198	954
1198	960
1198	1044
1198	1046
1198	1120
1198	1205
1198	1289
1198	1319
1198	1343
1198	1350
1198	1368
1198	1374
1198	1384
1198	1421
1198	1453
1198	1462
1198	1472
1199	3
1199	164
1199	173
1199	278
1199	322
1199	479
1199	528
1199	580
1199	627
1199	837
1199	879
1199	883
1199	1041
1199	1062
1199	1078
1199	1084
1199	1088
1199	1126
1199	1174
1199	1183
1199	1236
1199	1249
1199	1319
1199	1357
1199	1375
1199	1380
1199	1385
1199	1389
1199	1435
1199	1478
1199	1491
1200	16
1200	351
1200	356
1200	479
1200	498
1200	575
1200	669
1200	689
1200	791
1200	880
1200	934
1200	983
1200	990
1200	1007
1200	1008
1200	1028
1200	1144
1200	1241
1200	1252
1200	1327
1200	1351
1200	1361
1200	1372
1200	1378
1200	1381
1200	1393
1200	1427
1200	1450
1200	1466
1200	1497
1200	1500
1201	210
1201	268
1201	276
1201	316
1201	429
1201	473
1201	482
1201	578
1201	627
1201	780
1201	822
1201	833
1201	937
1201	1061
1201	1185
1201	1240
1201	1242
1201	1251
1201	1314
1201	1329
1201	1343
1201	1348
1201	1354
1201	1369
1201	1374
1201	1423
1201	1443
1201	1460
1201	1470
1201	1484
1201	1490
1202	126
1202	323
1202	432
1202	447
1202	476
1202	487
1202	579
1202	614
1202	707
1202	720
1202	759
1202	801
1202	879
1202	885
1202	896
1202	996
1202	1064
1202	1072
1202	1127
1202	1197
1202	1203
1202	1208
1202	1236
1202	1237
1202	1265
1202	1278
1202	1360
1202	1389
1202	1447
1202	1450
1202	1464
1203	225
1203	281
1203	317
1203	419
1203	453
1203	460
1203	499
1203	579
1203	617
1203	681
1203	722
1203	818
1203	870
1203	914
1203	985
1203	1002
1203	1039
1203	1057
1203	1186
1203	1202
1203	1246
1203	1259
1203	1309
1203	1318
1203	1365
1203	1372
1203	1393
1203	1425
1203	1431
1203	1463
1203	1482
1204	63
1204	120
1204	293
1204	608
1204	632
1204	641
1204	651
1204	700
1204	828
1204	854
1204	952
1204	965
1204	994
1204	1018
1204	1045
1204	1119
1204	1130
1204	1150
1204	1162
1204	1170
1204	1179
1204	1274
1204	1282
1204	1363
1204	1387
1204	1388
1204	1411
1204	1445
1204	1452
1204	1482
1204	1500
1205	101
1205	119
1205	269
1205	327
1205	372
1205	381
1205	401
1205	414
1205	474
1205	491
1205	504
1205	521
1205	597
1205	842
1205	883
1205	960
1205	1011
1205	1046
1205	1103
1205	1198
1205	1219
1205	1248
1205	1289
1205	1302
1205	1316
1205	1343
1205	1425
1205	1426
1205	1472
1205	1487
1205	1498
1206	104
1206	245
1206	258
1206	423
1206	437
1206	448
1206	472
1206	657
1206	730
1206	753
1206	787
1206	821
1206	853
1206	855
1206	894
1206	1035
1206	1041
1206	1064
1206	1077
1206	1120
1206	1234
1206	1249
1206	1273
1206	1289
1206	1323
1206	1326
1206	1367
1206	1396
1206	1439
1206	1465
1206	1479
1207	45
1207	88
1207	212
1207	493
1207	571
1207	603
1207	671
1207	741
1207	895
1207	930
1207	981
1207	984
1207	1068
1207	1079
1207	1161
1207	1189
1207	1235
1207	1254
1207	1269
1207	1272
1207	1302
1207	1342
1207	1366
1207	1368
1207	1379
1207	1386
1207	1435
1207	1457
1207	1478
1207	1486
1207	1494
1208	59
1208	69
1208	123
1208	287
1208	371
1208	581
1208	608
1208	696
1208	832
1208	854
1208	937
1208	1028
1208	1045
1208	1067
1208	1101
1208	1119
1208	1130
1208	1162
1208	1170
1208	1173
1208	1193
1208	1202
1208	1317
1208	1341
1208	1388
1208	1409
1208	1411
1208	1425
1208	1436
1208	1470
1208	1482
1209	25
1209	99
1209	253
1209	282
1209	294
1209	394
1209	476
1209	478
1209	579
1209	803
1209	902
1209	1037
1209	1059
1209	1073
1209	1175
1209	1187
1209	1244
1209	1251
1209	1252
1209	1296
1209	1313
1209	1323
1209	1324
1209	1352
1209	1359
1209	1371
1209	1397
1209	1465
1209	1471
1209	1472
1209	1498
1210	18
1210	303
1210	479
1210	541
1210	586
1210	659
1210	776
1210	902
1210	940
1210	989
1210	1026
1210	1032
1210	1035
1210	1064
1210	1071
1210	1105
1210	1127
1210	1146
1210	1158
1210	1174
1210	1183
1210	1220
1210	1233
1210	1236
1210	1297
1210	1375
1210	1385
1210	1447
1210	1459
1210	1478
1210	1482
1211	330
1211	390
1211	397
1211	504
1211	606
1211	665
1211	781
1211	791
1211	834
1211	853
1211	955
1211	966
1211	1015
1211	1110
1211	1113
1211	1122
1211	1139
1211	1216
1211	1243
1211	1268
1211	1271
1211	1272
1211	1294
1211	1308
1211	1333
1211	1345
1211	1383
1211	1415
1211	1416
1211	1421
1211	1449
1211	1456
1212	30
1212	55
1212	299
1212	357
1212	440
1212	620
1212	640
1212	692
1212	709
1212	753
1212	824
1212	841
1212	941
1212	1013
1212	1051
1212	1094
1212	1113
1212	1214
1212	1221
1212	1302
1212	1329
1212	1351
1212	1353
1212	1379
1212	1403
1212	1413
1212	1425
1212	1427
1212	1450
1212	1457
1212	1478
1212	1486
1213	53
1213	148
1213	350
1213	421
1213	429
1213	436
1213	478
1213	485
1213	596
1213	675
1213	714
1213	777
1213	790
1213	847
1213	861
1213	963
1213	977
1213	1058
1213	1219
1213	1298
1213	1324
1213	1325
1213	1352
1213	1359
1213	1366
1213	1391
1213	1397
1213	1400
1213	1405
1213	1479
1213	1487
1213	1498
1214	85
1214	143
1214	155
1214	157
1214	228
1214	237
1214	662
1214	700
1214	747
1214	761
1214	797
1214	800
1214	864
1214	1178
1214	1184
1214	1212
1214	1223
1214	1234
1214	1244
1214	1324
1214	1352
1214	1359
1214	1366
1214	1379
1214	1390
1214	1397
1214	1425
1214	1465
1214	1471
1214	1479
1214	1493
1214	1498
1215	1
1215	22
1215	339
1215	390
1215	570
1215	577
1215	583
1215	677
1215	724
1215	736
1215	792
1215	802
1215	811
1215	815
1215	823
1215	839
1215	872
1215	873
1215	999
1215	1099
1215	1125
1215	1135
1215	1137
1215	1329
1215	1341
1215	1363
1215	1399
1215	1428
1215	1429
1215	1438
1215	1478
1215	1499
1216	340
1216	442
1216	609
1216	665
1216	690
1216	702
1216	749
1216	760
1216	845
1216	853
1216	901
1216	920
1216	1042
1216	1098
1216	1116
1216	1122
1216	1168
1216	1211
1216	1255
1216	1258
1216	1262
1216	1271
1216	1286
1216	1309
1216	1342
1216	1383
1216	1394
1216	1416
1216	1428
1216	1443
1216	1445
1216	1449
1217	107
1217	138
1217	231
1217	477
1217	493
1217	517
1217	526
1217	673
1217	706
1217	769
1217	797
1217	866
1217	961
1217	982
1217	1018
1217	1048
1217	1111
1217	1118
1217	1133
1217	1224
1217	1311
1217	1316
1217	1334
1217	1352
1217	1388
1217	1391
1217	1404
1217	1439
1217	1440
1217	1489
1217	1490
1217	1497
1218	207
1218	343
1218	471
1218	625
1218	732
1218	759
1218	881
1218	883
1218	885
1218	979
1218	1009
1218	1064
1218	1192
1218	1250
1218	1256
1218	1276
1218	1291
1218	1342
1218	1344
1218	1348
1218	1370
1218	1389
1218	1404
1218	1412
1218	1420
1218	1445
1218	1453
1218	1467
1218	1481
1218	1483
1218	1492
1218	1494
1219	141
1219	282
1219	411
1219	470
1219	646
1219	669
1219	677
1219	717
1219	777
1219	864
1219	890
1219	972
1219	1010
1219	1080
1219	1123
1219	1165
1219	1205
1219	1213
1219	1228
1219	1230
1219	1244
1219	1253
1219	1296
1219	1305
1219	1309
1219	1354
1219	1359
1219	1366
1219	1371
1219	1397
1219	1403
1219	1456
1220	14
1220	18
1220	72
1220	215
1220	234
1220	290
1220	340
1220	343
1220	364
1220	365
1220	373
1220	485
1220	790
1220	866
1220	948
1220	979
1220	981
1220	995
1220	1151
1220	1210
1220	1234
1220	1265
1220	1266
1220	1276
1220	1316
1220	1334
1220	1359
1220	1391
1220	1393
1220	1419
1220	1449
1220	1489
1221	10
1221	128
1221	194
1221	339
1221	366
1221	520
1221	546
1221	675
1221	817
1221	874
1221	897
1221	907
1221	970
1221	1023
1221	1033
1221	1035
1221	1067
1221	1076
1221	1212
1221	1252
1221	1275
1221	1300
1221	1315
1221	1357
1221	1388
1221	1391
1221	1402
1221	1406
1221	1413
1221	1414
1221	1441
1221	1475
1222	29
1222	102
1222	143
1222	425
1222	552
1222	599
1222	785
1222	893
1222	984
1222	1010
1222	1040
1222	1132
1222	1158
1222	1186
1222	1224
1222	1230
1222	1301
1222	1309
1222	1319
1222	1379
1222	1380
1222	1382
1222	1396
1222	1402
1222	1414
1222	1422
1222	1424
1222	1426
1222	1434
1222	1446
1222	1468
1222	1495
1223	36
1223	337
1223	349
1223	366
1223	473
1223	486
1223	547
1223	577
1223	578
1223	626
1223	770
1223	841
1223	905
1223	922
1223	964
1223	966
1223	999
1223	1001
1223	1160
1223	1175
1223	1214
1223	1341
1223	1368
1223	1373
1223	1400
1223	1408
1223	1420
1223	1441
1223	1446
1223	1459
1223	1462
1223	1490
1224	108
1224	127
1224	225
1224	335
1224	353
1224	431
1224	539
1224	677
1224	678
1224	787
1224	844
1224	963
1224	1014
1224	1016
1224	1072
1224	1099
1224	1116
1224	1167
1224	1217
1224	1222
1224	1281
1224	1304
1224	1340
1224	1344
1224	1348
1224	1368
1224	1392
1224	1445
1224	1453
1224	1481
1224	1484
1224	1496
1225	63
1225	90
1225	101
1225	223
1225	395
1225	435
1225	570
1225	677
1225	773
1225	782
1225	873
1225	876
1225	949
1225	971
1225	1115
1225	1125
1225	1135
1225	1137
1225	1147
1225	1149
1225	1153
1225	1269
1225	1279
1225	1325
1225	1341
1225	1346
1225	1350
1225	1363
1225	1438
1225	1454
1225	1475
1225	1495
1226	46
1226	118
1226	201
1226	282
1226	449
1226	467
1226	530
1226	568
1226	603
1226	615
1226	619
1226	675
1226	779
1226	832
1226	850
1226	922
1226	928
1226	985
1226	1271
1226	1290
1226	1311
1226	1312
1226	1319
1226	1320
1226	1322
1226	1357
1226	1362
1226	1383
1226	1437
1226	1446
1226	1464
1226	1496
1227	32
1227	70
1227	151
1227	199
1227	268
1227	337
1227	363
1227	401
1227	434
1227	446
1227	475
1227	552
1227	618
1227	674
1227	803
1227	926
1227	973
1227	999
1227	1025
1227	1028
1227	1050
1227	1158
1227	1294
1227	1325
1227	1380
1227	1382
1227	1396
1227	1414
1227	1422
1227	1424
1227	1426
1227	1444
1228	24
1228	28
1228	326
1228	344
1228	355
1228	432
1228	514
1228	517
1228	706
1228	732
1228	837
1228	915
1228	941
1228	995
1228	1017
1228	1075
1228	1115
1228	1123
1228	1219
1228	1246
1228	1285
1228	1331
1228	1388
1228	1412
1228	1415
1228	1436
1228	1443
1228	1463
1228	1473
1228	1482
1228	1495
1228	1498
1229	64
1229	253
1229	337
1229	577
1229	626
1229	744
1229	896
1229	928
1229	940
1229	958
1229	976
1229	988
1229	1078
1229	1120
1229	1135
1229	1273
1229	1290
1229	1312
1229	1320
1229	1322
1229	1349
1229	1378
1229	1381
1229	1400
1229	1405
1229	1408
1229	1413
1229	1433
1229	1442
1229	1461
1229	1486
1229	1496
1230	10
1230	423
1230	431
1230	549
1230	684
1230	698
1230	732
1230	785
1230	851
1230	892
1230	905
1230	909
1230	1014
1230	1037
1230	1103
1230	1116
1230	1195
1230	1196
1230	1219
1230	1222
1230	1245
1230	1257
1230	1281
1230	1343
1230	1344
1230	1347
1230	1404
1230	1429
1230	1435
1230	1453
1230	1467
1230	1481
1231	43
1231	47
1231	255
1231	400
1231	520
1231	669
1231	709
1231	717
1231	731
1231	901
1231	951
1231	961
1231	990
1231	1023
1231	1035
1231	1108
1231	1112
1231	1126
1231	1154
1231	1182
1231	1194
1231	1261
1231	1275
1231	1300
1231	1315
1231	1357
1231	1374
1231	1375
1231	1413
1231	1441
1231	1475
1231	1487
1232	195
1232	285
1232	300
1232	415
1232	518
1232	578
1232	641
1232	643
1232	745
1232	799
1232	839
1232	842
1232	951
1232	1016
1232	1018
1232	1076
1232	1096
1232	1100
1232	1110
1232	1236
1232	1242
1232	1315
1232	1320
1232	1346
1232	1356
1232	1373
1232	1386
1232	1423
1232	1429
1232	1443
1232	1470
1232	1480
1232	1490
1233	65
1233	134
1233	214
1233	412
1233	490
1233	558
1233	614
1233	689
1233	758
1233	848
1233	879
1233	908
1233	961
1233	989
1233	996
1233	1032
1233	1064
1233	1084
1233	1105
1233	1115
1233	1174
1233	1183
1233	1210
1233	1236
1233	1274
1233	1278
1233	1332
1233	1340
1233	1371
1233	1418
1233	1447
1233	1454
1233	1455
1234	120
1234	215
1234	258
1234	331
1234	360
1234	364
1234	398
1234	448
1234	496
1234	648
1234	752
1234	785
1234	821
1234	860
1234	870
1234	1001
1234	1027
1234	1043
1234	1061
1234	1077
1234	1177
1234	1206
1234	1214
1234	1220
1234	1260
1234	1273
1234	1323
1234	1372
1234	1398
1234	1402
1234	1439
1234	1455
1234	1490
1235	15
1235	20
1235	222
1235	462
1235	477
1235	491
1235	559
1235	598
1235	605
1235	721
1235	785
1235	891
1235	902
1235	919
1235	968
1235	989
1235	1068
1235	1071
1235	1171
1235	1207
1235	1251
1235	1295
1235	1302
1235	1305
1235	1389
1235	1414
1235	1426
1235	1427
1235	1442
1235	1450
1235	1457
1235	1471
1235	1478
1236	145
1236	199
1236	255
1236	319
1236	461
1236	637
1236	664
1236	681
1236	707
1236	713
1236	759
1236	840
1236	921
1236	933
1236	1049
1236	1072
1236	1084
1236	1127
1236	1174
1236	1177
1236	1199
1236	1202
1236	1210
1236	1232
1236	1233
1236	1278
1236	1319
1236	1351
1236	1352
1236	1371
1236	1385
1236	1447
1236	1472
1237	22
1237	116
1237	272
1237	340
1237	378
1237	427
1237	517
1237	548
1237	647
1237	658
1237	750
1237	818
1237	904
1237	909
1237	937
1237	940
1237	1075
1237	1082
1237	1089
1237	1095
1237	1125
1237	1165
1237	1202
1237	1246
1237	1318
1237	1432
1237	1437
1237	1441
1237	1447
1237	1463
1237	1482
1237	1487
1237	1495
1238	9
1238	33
1238	87
1238	307
1238	455
1238	649
1238	684
1238	706
1238	800
1238	855
1238	874
1238	906
1238	918
1238	951
1238	953
1238	969
1238	1031
1238	1039
1238	1090
1238	1148
1238	1153
1238	1157
1238	1163
1238	1330
1238	1373
1238	1405
1238	1437
1238	1444
1238	1469
1238	1474
1238	1476
1238	1488
1238	1491
1239	52
1239	167
1239	291
1239	400
1239	413
1239	484
1239	554
1239	595
1239	653
1239	837
1239	961
1239	1004
1239	1053
1239	1055
1239	1070
1239	1109
1239	1183
1239	1242
1239	1250
1239	1255
1239	1256
1239	1275
1239	1288
1239	1299
1239	1306
1239	1309
1239	1332
1239	1337
1239	1367
1239	1398
1239	1429
1239	1448
1239	1479
1240	98
1240	214
1240	216
1240	243
1240	413
1240	435
1240	570
1240	677
1240	724
1240	792
1240	808
1240	812
1240	823
1240	859
1240	876
1240	949
1240	1125
1240	1135
1240	1201
1240	1252
1240	1253
1240	1254
1240	1280
1240	1312
1240	1329
1240	1344
1240	1357
1240	1363
1240	1399
1240	1438
1240	1465
1240	1493
1240	1499
1241	66
1241	76
1241	261
1241	374
1241	530
1241	610
1241	617
1241	629
1241	827
1241	876
1241	893
1241	947
1241	984
1241	990
1241	1005
1241	1037
1241	1074
1241	1121
1241	1178
1241	1200
1241	1290
1241	1334
1241	1336
1241	1355
1241	1361
1241	1380
1241	1393
1241	1406
1241	1416
1241	1417
1241	1431
1241	1466
1241	1467
1242	76
1242	190
1242	415
1242	515
1242	623
1242	660
1242	732
1242	745
1242	839
1242	941
1242	966
1242	1071
1242	1101
1242	1185
1242	1201
1242	1232
1242	1239
1242	1246
1242	1255
1242	1324
1242	1354
1242	1374
1242	1390
1242	1398
1242	1423
1242	1424
1242	1429
1242	1443
1242	1444
1242	1460
1242	1470
1242	1480
1242	1490
1243	2
1243	52
1243	325
1243	425
1243	474
1243	614
1243	687
1243	729
1243	742
1243	791
1243	795
1243	809
1243	834
1243	860
1243	920
1243	1011
1243	1113
1243	1116
1243	1143
1243	1211
1243	1262
1243	1268
1243	1271
1243	1272
1243	1286
1243	1297
1243	1311
1243	1333
1243	1383
1243	1386
1243	1416
1243	1449
1243	1452
1244	96
1244	140
1244	336
1244	352
1244	592
1244	665
1244	733
1244	871
1244	1025
1244	1074
1244	1101
1244	1186
1244	1187
1244	1188
1244	1209
1244	1214
1244	1219
1244	1256
1244	1296
1244	1304
1244	1307
1244	1315
1244	1335
1244	1359
1244	1366
1244	1371
1244	1376
1244	1385
1244	1397
1244	1453
1244	1465
1244	1482
1244	1493
1245	138
1245	222
1245	313
1245	332
1245	375
1245	482
1245	571
1245	666
1245	697
1245	746
1245	803
1245	835
1245	851
1245	929
1245	962
1245	1014
1245	1029
1245	1116
1245	1173
1245	1192
1245	1230
1245	1276
1245	1344
1245	1353
1245	1360
1245	1398
1245	1404
1245	1411
1245	1445
1245	1467
1245	1475
1245	1483
1245	1492
1246	2
1246	9
1246	28
1246	94
1246	169
1246	409
1246	807
1246	821
1246	832
1246	842
1246	909
1246	927
1246	950
1246	959
1246	1030
1246	1114
1246	1195
1246	1203
1246	1228
1246	1237
1246	1242
1246	1271
1246	1304
1246	1345
1246	1369
1246	1370
1246	1371
1246	1414
1246	1418
1246	1463
1246	1479
1246	1487
1246	1495
1247	113
1247	227
1247	246
1247	350
1247	356
1247	491
1247	497
1247	553
1247	597
1247	686
1247	779
1247	813
1247	923
1247	1000
1247	1046
1247	1126
1247	1150
1247	1156
1247	1165
1247	1259
1247	1321
1247	1350
1247	1352
1247	1353
1247	1355
1247	1378
1247	1384
1247	1402
1247	1408
1247	1421
1247	1428
1247	1452
1247	1483
1248	37
1248	206
1248	212
1248	250
1248	343
1248	403
1248	445
1248	485
1248	563
1248	568
1248	648
1248	650
1248	769
1248	781
1248	961
1248	1084
1248	1092
1248	1095
1248	1151
1248	1173
1248	1189
1248	1205
1248	1251
1248	1259
1248	1266
1248	1316
1248	1318
1248	1365
1248	1391
1248	1396
1248	1407
1248	1415
1248	1430
1248	1471
1249	31
1249	356
1249	439
1249	525
1249	725
1249	733
1249	779
1249	909
1249	947
1249	984
1249	990
1249	1028
1249	1037
1249	1053
1249	1098
1249	1121
1249	1132
1249	1178
1249	1199
1249	1206
1249	1336
1249	1343
1249	1355
1249	1361
1249	1413
1249	1417
1249	1436
1249	1459
1249	1466
1249	1469
1249	1473
1249	1483
1249	1496
1249	1500
1250	167
1250	209
1250	212
1250	228
1250	413
1250	619
1250	645
1250	667
1250	723
1250	932
1250	980
1250	1004
1250	1055
1250	1118
1250	1127
1250	1218
1250	1239
1250	1256
1250	1288
1250	1299
1250	1306
1250	1312
1250	1325
1250	1337
1250	1362
1250	1367
1250	1392
1250	1398
1250	1419
1250	1426
1250	1436
1250	1448
1250	1469
1250	1483
1251	31
1251	182
1251	217
1251	468
1251	484
1251	498
1251	539
1251	555
1251	564
1251	651
1251	976
1251	1070
1251	1201
1251	1209
1251	1235
1251	1248
1251	1265
1251	1267
1251	1314
1251	1333
1251	1341
1251	1346
1251	1354
1251	1369
1251	1386
1251	1410
1251	1423
1251	1429
1251	1443
1251	1460
1251	1470
1251	1480
1251	1490
1251	1496
1252	348
1252	395
1252	451
1252	509
1252	568
1252	646
1252	724
1252	773
1252	823
1252	866
1252	949
1252	1019
1252	1100
1252	1125
1252	1135
1252	1147
1252	1149
1252	1194
1252	1200
1252	1209
1252	1221
1252	1240
1252	1257
1252	1292
1252	1329
1252	1341
1252	1363
1252	1380
1252	1399
1252	1418
1252	1438
1252	1476
1252	1485
1252	1499
1253	45
1253	47
1253	56
1253	93
1253	96
1253	174
1253	298
1253	341
1253	362
1253	433
1253	463
1253	467
1253	553
1253	554
1253	561
1253	679
1253	716
1253	731
1253	772
1253	845
1253	964
1253	1002
1253	1050
1253	1151
1253	1219
1253	1240
1253	1277
1253	1308
1253	1315
1253	1326
1253	1347
1253	1370
1253	1459
1253	1474
1254	79
1254	240
1254	302
1254	377
1254	412
1254	500
1254	521
1254	590
1254	618
1254	642
1254	751
1254	766
1254	784
1254	860
1254	916
1254	947
1254	969
1254	977
1254	1059
1254	1110
1254	1111
1254	1113
1254	1114
1254	1207
1254	1240
1254	1283
1254	1284
1254	1309
1254	1342
1254	1382
1254	1384
1254	1394
1254	1406
1254	1470
1255	135
1255	159
1255	189
1255	291
1255	501
1255	595
1255	683
1255	699
1255	729
1255	734
1255	775
1255	776
1255	784
1255	786
1255	804
1255	806
1255	869
1255	903
1255	921
1255	1011
1255	1020
1255	1036
1255	1055
1255	1155
1255	1163
1255	1164
1255	1216
1255	1239
1255	1242
1255	1272
1255	1294
1255	1352
1255	1387
1255	1455
1256	150
1256	180
1256	203
1256	209
1256	276
1256	335
1256	366
1256	535
1256	572
1256	625
1256	685
1256	733
1256	825
1256	872
1256	906
1256	968
1256	1004
1256	1098
1256	1109
1256	1118
1256	1181
1256	1218
1256	1239
1256	1244
1256	1250
1256	1279
1256	1288
1256	1306
1256	1337
1256	1362
1256	1367
1256	1398
1256	1434
1256	1448
1256	1497
1257	134
1257	189
1257	248
1257	317
1257	441
1257	565
1257	599
1257	622
1257	631
1257	650
1257	673
1257	742
1257	766
1257	779
1257	835
1257	845
1257	877
1257	912
1257	1060
1257	1092
1257	1117
1257	1133
1257	1138
1257	1176
1257	1230
1257	1252
1257	1269
1257	1288
1257	1311
1257	1316
1257	1367
1257	1391
1257	1415
1257	1489
1257	1497
1258	52
1258	128
1258	264
1258	290
1258	298
1258	313
1258	328
1258	403
1258	545
1258	559
1258	613
1258	656
1258	703
1258	737
1258	747
1258	897
1258	958
1258	973
1258	983
1258	1063
1258	1088
1258	1112
1258	1146
1258	1156
1258	1216
1258	1264
1258	1269
1258	1342
1258	1425
1258	1428
1258	1454
1258	1472
1258	1476
1258	1485
1258	1491
1259	54
1259	93
1259	269
1259	314
1259	368
1259	504
1259	529
1259	565
1259	598
1259	601
1259	639
1259	669
1259	752
1259	829
1259	842
1259	862
1259	900
1259	913
1259	923
1259	926
1259	960
1259	1019
1259	1092
1259	1099
1259	1111
1259	1171
1259	1203
1259	1247
1259	1248
1259	1327
1259	1378
1259	1384
1259	1419
1259	1428
1259	1492
1260	96
1260	104
1260	187
1260	215
1260	237
1260	389
1260	648
1260	680
1260	719
1260	730
1260	753
1260	821
1260	860
1260	894
1260	981
1260	1027
1260	1060
1260	1077
1260	1120
1260	1145
1260	1234
1260	1264
1260	1292
1260	1294
1260	1361
1260	1373
1260	1417
1260	1421
1260	1439
1260	1442
1260	1445
1260	1449
1260	1455
1260	1462
1260	1485
1261	198
1261	227
1261	366
1261	593
1261	719
1261	721
1261	764
1261	800
1261	951
1261	970
1261	975
1261	1008
1261	1035
1261	1054
1261	1067
1261	1069
1261	1070
1261	1108
1261	1126
1261	1231
1261	1266
1261	1300
1261	1357
1261	1374
1261	1396
1261	1402
1261	1407
1261	1413
1261	1441
1261	1443
1261	1450
1261	1475
1261	1483
1261	1487
1261	1500
1262	295
1262	383
1262	403
1262	410
1262	604
1262	665
1262	791
1262	816
1262	853
1262	898
1262	901
1262	920
1262	959
1262	996
1262	1015
1262	1019
1262	1042
1262	1067
1262	1143
1262	1157
1262	1216
1262	1243
1262	1268
1262	1271
1262	1282
1262	1312
1262	1333
1262	1384
1262	1388
1262	1410
1262	1416
1262	1438
1262	1449
1262	1457
1262	1476
1263	22
1263	63
1263	188
1263	252
1263	308
1263	532
1263	542
1263	556
1263	611
1263	628
1263	648
1263	824
1263	855
1263	919
1263	935
1263	1001
1263	1015
1263	1029
1263	1051
1263	1085
1263	1090
1263	1108
1263	1131
1263	1145
1263	1176
1263	1293
1263	1330
1263	1373
1263	1390
1263	1457
1263	1469
1263	1476
1263	1488
1263	1491
1263	1496
1264	141
1264	176
1264	251
1264	308
1264	347
1264	580
1264	830
1264	860
1264	882
1264	898
1264	958
1264	973
1264	1016
1264	1035
1264	1063
1264	1088
1264	1106
1264	1145
1264	1146
1264	1258
1264	1260
1264	1269
1264	1283
1264	1338
1264	1359
1264	1365
1264	1379
1264	1382
1264	1400
1264	1406
1264	1407
1264	1414
1264	1425
1264	1437
1264	1485
1265	16
1265	68
1265	183
1265	188
1265	317
1265	361
1265	563
1265	631
1265	636
1265	652
1265	672
1265	682
1265	750
1265	781
1265	790
1265	856
1265	896
1265	979
1265	1037
1265	1058
1265	1151
1265	1202
1265	1220
1265	1251
1265	1266
1265	1290
1265	1292
1265	1330
1265	1413
1265	1422
1265	1444
1265	1462
1265	1467
1265	1489
1265	1497
1266	93
1266	141
1266	424
1266	456
1266	479
1266	502
1266	563
1266	585
1266	642
1266	650
1266	659
1266	672
1266	739
1266	769
1266	788
1266	866
1266	867
1266	929
1266	945
1266	987
1266	1049
1266	1188
1266	1220
1266	1248
1266	1261
1266	1265
1266	1297
1266	1316
1266	1376
1266	1391
1266	1399
1266	1447
1266	1470
1266	1489
1266	1497
1267	46
1267	160
1267	174
1267	201
1267	266
1267	295
1267	337
1267	408
1267	468
1267	524
1267	577
1267	694
1267	695
1267	723
1267	816
1267	838
1267	936
1267	1014
1267	1073
1267	1111
1267	1152
1267	1160
1267	1251
1267	1274
1267	1310
1267	1320
1267	1321
1267	1322
1267	1396
1267	1400
1267	1420
1267	1458
1267	1461
1267	1464
1267	1476
1268	95
1268	128
1268	406
1268	539
1268	554
1268	598
1268	651
1268	783
1268	816
1268	845
1268	869
1268	920
1268	1042
1268	1081
1268	1108
1268	1122
1268	1143
1268	1158
1268	1168
1268	1172
1268	1211
1268	1243
1268	1262
1268	1272
1268	1274
1268	1286
1268	1306
1268	1333
1268	1383
1268	1391
1268	1392
1268	1400
1268	1416
1268	1420
1268	1449
1269	41
1269	82
1269	129
1269	168
1269	471
1269	485
1269	523
1269	623
1269	641
1269	739
1269	777
1269	801
1269	831
1269	874
1269	882
1269	958
1269	968
1269	999
1269	1063
1269	1084
1269	1144
1269	1146
1269	1207
1269	1225
1269	1257
1269	1258
1269	1264
1269	1270
1269	1289
1269	1368
1269	1392
1269	1396
1269	1407
1269	1440
1269	1485
1269	1499
1270	94
1270	129
1270	141
1270	308
1270	315
1270	327
1270	503
1270	508
1270	568
1270	607
1270	615
1270	621
1270	656
1270	661
1270	666
1270	848
1270	874
1270	918
1270	936
1270	968
1270	1063
1270	1146
1270	1269
1270	1338
1270	1355
1270	1363
1270	1380
1270	1407
1270	1422
1270	1425
1270	1433
1270	1449
1270	1451
1270	1454
1270	1476
1270	1485
1271	18
1271	29
1271	188
1271	322
1271	390
1271	707
1271	738
1271	816
1271	834
1271	845
1271	875
1271	901
1271	924
1271	991
1271	995
1271	1042
1271	1122
1271	1143
1271	1168
1271	1211
1271	1216
1271	1226
1271	1243
1271	1246
1271	1262
1271	1272
1271	1286
1271	1306
1271	1320
1271	1332
1271	1416
1271	1448
1271	1449
1271	1458
1271	1461
1271	1472
1272	33
1272	121
1272	289
1272	396
1272	554
1272	604
1272	723
1272	752
1272	791
1272	795
1272	984
1272	1063
1272	1122
1272	1143
1272	1168
1272	1207
1272	1211
1272	1243
1272	1255
1272	1268
1272	1271
1272	1286
1272	1295
1272	1318
1272	1333
1272	1344
1272	1379
1272	1383
1272	1398
1272	1416
1272	1430
1272	1443
1272	1449
1272	1451
1272	1462
1272	1494
1273	38
1273	331
1273	333
1273	437
1273	485
1273	560
1273	625
1273	648
1273	719
1273	753
1273	789
1273	794
1273	821
1273	852
1273	860
1273	1011
1273	1027
1273	1112
1273	1120
1273	1145
1273	1206
1273	1229
1273	1234
1273	1276
1273	1323
1273	1326
1273	1352
1273	1359
1273	1374
1273	1389
1273	1437
1273	1439
1273	1440
1273	1455
1273	1457
1273	1468
1274	27
1274	49
1274	151
1274	391
1274	504
1274	515
1274	538
1274	569
1274	679
1274	734
1274	793
1274	799
1274	875
1274	885
1274	903
1274	914
1274	916
1274	985
1274	1016
1274	1124
1274	1148
1274	1170
1274	1171
1274	1204
1274	1233
1274	1267
1274	1268
1274	1280
1274	1295
1274	1296
1274	1360
1274	1362
1274	1367
1274	1392
1274	1395
1274	1411
1275	43
1275	219
1275	348
1275	451
1275	745
1275	764
1275	789
1275	855
1275	866
1275	912
1275	951
1275	970
1275	975
1275	979
1275	980
1275	1035
1275	1065
1275	1067
1275	1070
1275	1111
1275	1121
1275	1182
1275	1221
1275	1231
1275	1239
1275	1300
1275	1315
1275	1357
1275	1402
1275	1413
1275	1425
1275	1434
1275	1435
1275	1441
1275	1475
1275	1477
1276	48
1276	80
1276	133
1276	230
1276	698
1276	732
1276	794
1276	894
1276	958
1276	959
1276	1051
1276	1116
1276	1130
1276	1167
1276	1218
1276	1220
1276	1245
1276	1273
1276	1281
1276	1286
1276	1291
1276	1301
1276	1309
1276	1344
1276	1385
1276	1386
1276	1391
1276	1404
1276	1417
1276	1453
1276	1466
1276	1467
1276	1481
1276	1483
1276	1491
1276	1492
1277	6
1277	65
1277	96
1277	247
1277	312
1277	458
1277	553
1277	679
1277	698
1277	715
1277	716
1277	731
1277	796
1277	812
1277	934
1277	947
1277	971
1277	1008
1277	1043
1277	1062
1277	1103
1277	1117
1277	1119
1277	1253
1277	1278
1277	1308
1277	1331
1277	1347
1277	1361
1277	1370
1277	1395
1277	1410
1277	1420
1277	1439
1277	1459
1277	1472
1278	247
1278	318
1278	430
1278	479
1278	528
1278	556
1278	659
1278	706
1278	736
1278	801
1278	848
1278	879
1278	933
1278	989
1278	996
1278	1022
1278	1044
1278	1071
1278	1174
1278	1202
1278	1233
1278	1236
1278	1277
1278	1284
1278	1319
1278	1354
1278	1375
1278	1382
1278	1385
1278	1386
1278	1403
1278	1429
1278	1435
1278	1482
1278	1498
1278	1499
1279	101
1279	193
1279	309
1279	425
1279	456
1279	536
1279	651
1279	684
1279	707
1279	826
1279	862
1279	877
1279	1008
1279	1023
1279	1063
1279	1083
1279	1097
1279	1114
1279	1157
1279	1225
1279	1256
1279	1287
1279	1303
1279	1335
1279	1368
1279	1423
1279	1424
1279	1429
1279	1430
1279	1433
1279	1438
1279	1442
1279	1451
1279	1458
1279	1476
1279	1484
1279	1493
1280	221
1280	269
1280	318
1280	500
1280	515
1280	543
1280	626
1280	649
1280	713
1280	793
1280	845
1280	857
1280	865
1280	885
1280	889
1280	899
1280	900
1280	903
1280	983
1280	986
1280	1012
1280	1171
1280	1240
1280	1274
1280	1327
1280	1330
1280	1360
1280	1390
1280	1392
1280	1444
1280	1445
1280	1449
1280	1455
1280	1468
1280	1477
1280	1484
1280	1493
1281	136
1281	156
1281	228
1281	347
1281	431
1281	455
1281	507
1281	540
1281	567
1281	625
1281	743
1281	759
1281	811
1281	908
1281	951
1281	953
1281	956
1281	959
1281	1009
1281	1032
1281	1043
1281	1089
1281	1164
1281	1179
1281	1224
1281	1230
1281	1276
1281	1291
1281	1318
1281	1344
1281	1348
1281	1371
1281	1391
1281	1451
1281	1481
1281	1483
1281	1492
1282	162
1282	166
1282	192
1282	233
1282	254
1282	386
1282	493
1282	511
1282	574
1282	702
1282	734
1282	793
1282	795
1282	844
1282	924
1282	987
1282	1006
1282	1024
1282	1086
1282	1100
1282	1129
1282	1204
1282	1262
1282	1285
1282	1295
1282	1313
1282	1357
1282	1364
1282	1369
1282	1375
1282	1391
1282	1403
1282	1427
1282	1452
1282	1456
1282	1460
1282	1492
1283	73
1283	79
1283	172
1283	177
1283	240
1283	298
1283	379
1283	455
1283	465
1283	496
1283	500
1283	590
1283	623
1283	637
1283	669
1283	751
1283	865
1283	872
1283	916
1283	977
1283	1040
1283	1051
1283	1069
1283	1111
1283	1254
1283	1264
1283	1342
1283	1363
1283	1385
1283	1392
1283	1406
1283	1431
1283	1432
1283	1446
1283	1464
1283	1485
1283	1490
1284	67
1284	236
1284	303
1284	414
1284	417
1284	444
1284	480
1284	493
1284	511
1284	565
1284	628
1284	694
1284	702
1284	777
1284	844
1284	924
1284	959
1284	964
1284	1024
1284	1087
1284	1102
1284	1254
1284	1278
1284	1285
1284	1293
1284	1295
1284	1296
1284	1307
1284	1364
1284	1368
1284	1403
1284	1412
1284	1449
1284	1452
1284	1460
1284	1486
1284	1498
1285	20
1285	108
1285	192
1285	206
1285	254
1285	259
1285	457
1285	493
1285	565
1285	623
1285	658
1285	702
1285	741
1285	788
1285	918
1285	924
1285	927
1285	936
1285	941
1285	991
1285	1034
1285	1081
1285	1102
1285	1115
1285	1228
1285	1282
1285	1284
1285	1290
1285	1295
1285	1297
1285	1337
1285	1349
1285	1364
1285	1403
1285	1452
1285	1456
1285	1497
1286	18
1286	59
1286	258
1286	276
1286	387
1286	539
1286	604
1286	609
1286	764
1286	809
1286	845
1286	875
1286	887
1286	901
1286	934
1286	1000
1286	1042
1286	1071
1286	1113
1286	1122
1286	1168
1286	1216
1286	1243
1286	1268
1286	1271
1286	1272
1286	1276
1286	1327
1286	1329
1286	1333
1286	1383
1286	1410
1286	1418
1286	1430
1286	1449
1286	1462
1286	1470
1287	7
1287	173
1287	275
1287	313
1287	427
1287	519
1287	521
1287	525
1287	618
1287	687
1287	826
1287	877
1287	930
1287	989
1287	1003
1287	1008
1287	1026
1287	1085
1287	1094
1287	1129
1287	1180
1287	1182
1287	1279
1287	1303
1287	1329
1287	1332
1287	1335
1287	1368
1287	1430
1287	1431
1287	1433
1287	1474
1287	1476
1287	1478
1287	1484
1287	1493
1287	1500
1288	209
1288	484
1288	523
1288	595
1288	723
1288	959
1288	977
1288	1055
1288	1060
1288	1067
1288	1104
1288	1109
1288	1118
1288	1122
1288	1151
1288	1181
1288	1185
1288	1239
1288	1250
1288	1256
1288	1257
1288	1299
1288	1306
1288	1325
1288	1337
1288	1338
1288	1362
1288	1367
1288	1370
1288	1376
1288	1398
1288	1401
1288	1445
1288	1448
1288	1474
1288	1494
1288	1499
1289	34
1289	75
1289	113
1289	269
1289	357
1289	401
1289	418
1289	497
1289	504
1289	532
1289	598
1289	726
1289	728
1289	783
1289	791
1289	802
1289	808
1289	837
1289	913
1289	942
1289	971
1289	993
1289	1046
1289	1082
1289	1123
1289	1198
1289	1205
1289	1206
1289	1269
1289	1327
1289	1384
1289	1386
1289	1407
1289	1428
1289	1466
1289	1472
1289	1482
1289	1495
1290	19
1290	213
1290	300
1290	513
1290	619
1290	674
1290	757
1290	832
1290	901
1290	922
1290	957
1290	967
1290	993
1290	1004
1290	1005
1290	1051
1290	1106
1290	1160
1290	1166
1290	1175
1290	1182
1290	1226
1290	1229
1290	1241
1290	1265
1290	1285
1290	1301
1290	1312
1290	1321
1290	1383
1290	1408
1290	1440
1290	1446
1290	1461
1290	1462
1290	1466
1290	1482
1290	1496
1291	11
1291	21
1291	53
1291	130
1291	176
1291	213
1291	332
1291	341
1291	567
1291	615
1291	621
1291	678
1291	744
1291	929
1291	959
1291	963
1291	994
1291	1002
1291	1009
1291	1038
1291	1071
1291	1090
1291	1097
1291	1115
1291	1175
1291	1218
1291	1276
1291	1281
1291	1311
1291	1348
1291	1445
1291	1451
1291	1453
1291	1467
1291	1481
1291	1483
1291	1492
1291	1500
1292	8
1292	83
1292	101
1292	147
1292	159
1292	216
1292	348
1292	462
1292	724
1292	767
1292	792
1292	823
1292	859
1292	873
1292	876
1292	893
1292	950
1292	1019
1292	1085
1292	1088
1292	1105
1292	1108
1292	1135
1292	1149
1292	1168
1292	1252
1292	1260
1292	1265
1292	1297
1292	1306
1292	1329
1292	1363
1292	1392
1292	1399
1292	1403
1292	1406
1292	1434
1292	1438
1293	15
1293	20
1293	95
1293	166
1293	181
1293	183
1293	233
1293	254
1293	315
1293	386
1293	412
1293	450
1293	522
1293	640
1293	661
1293	694
1293	695
1293	699
1293	836
1293	844
1293	991
1293	1024
1293	1034
1293	1054
1293	1107
1293	1177
1293	1192
1293	1263
1293	1284
1293	1295
1293	1322
1293	1364
1293	1412
1293	1417
1293	1452
1293	1456
1293	1470
1293	1492
1294	135
1294	153
1294	163
1294	185
1294	382
1294	439
1294	447
1294	544
1294	587
1294	594
1294	683
1294	687
1294	699
1294	719
1294	729
1294	747
1294	776
1294	804
1294	921
1294	945
1294	1036
1294	1056
1294	1077
1294	1142
1294	1153
1294	1155
1294	1211
1294	1227
1294	1255
1294	1260
1294	1336
1294	1344
1294	1378
1294	1450
1294	1463
1294	1473
1294	1485
1294	1489
1295	60
1295	61
1295	67
1295	192
1295	233
1295	254
1295	385
1295	386
1295	522
1295	563
1295	588
1295	640
1295	702
1295	735
1295	780
1295	810
1295	836
1295	843
1295	844
1295	1024
1295	1034
1295	1080
1295	1133
1295	1169
1295	1235
1295	1272
1295	1274
1295	1282
1295	1284
1295	1285
1295	1293
1295	1297
1295	1308
1295	1364
1295	1368
1295	1403
1295	1437
1295	1474
1296	26
1296	121
1296	142
1296	228
1296	406
1296	429
1296	498
1296	583
1296	592
1296	615
1296	633
1296	646
1296	710
1296	830
1296	846
1296	908
1296	940
1296	1006
1296	1050
1296	1209
1296	1219
1296	1244
1296	1274
1296	1284
1296	1313
1296	1321
1296	1324
1296	1338
1296	1359
1296	1371
1296	1372
1296	1397
1296	1405
1296	1435
1296	1465
1296	1479
1296	1481
1296	1498
1297	47
1297	77
1297	114
1297	138
1297	165
1297	179
1297	221
1297	232
1297	450
1297	512
1297	736
1297	794
1297	795
1297	819
1297	863
1297	883
1297	884
1297	929
1297	944
1297	997
1297	1025
1297	1086
1297	1166
1297	1169
1297	1174
1297	1210
1297	1243
1297	1266
1297	1285
1297	1292
1297	1295
1297	1331
1297	1356
1297	1379
1297	1390
1297	1401
1297	1464
1297	1497
1297	1499
1298	105
1298	109
1298	149
1298	214
1298	320
1298	330
1298	456
1298	459
1298	639
1298	652
1298	733
1298	755
1298	785
1298	843
1298	857
1298	879
1298	911
1298	946
1298	948
1298	1006
1298	1010
1298	1021
1298	1039
1298	1060
1298	1078
1298	1114
1298	1147
1298	1173
1298	1213
1298	1397
1298	1412
1298	1419
1298	1420
1298	1421
1298	1429
1298	1440
1298	1445
1298	1458
1298	1493
1299	17
1299	52
1299	140
1299	152
1299	224
1299	346
1299	368
1299	421
1299	429
1299	576
1299	645
1299	723
1299	733
1299	737
1299	787
1299	825
1299	887
1299	1004
1299	1055
1299	1109
1299	1118
1299	1181
1299	1239
1299	1250
1299	1288
1299	1306
1299	1333
1299	1337
1299	1339
1299	1361
1299	1367
1299	1375
1299	1395
1299	1398
1299	1423
1299	1441
1299	1448
1299	1473
1299	1489
1300	12
1300	128
1300	161
1300	248
1300	351
1300	520
1300	546
1300	677
1300	746
1300	764
1300	770
1300	817
1300	888
1300	949
1300	957
1300	975
1300	997
1300	1067
1300	1070
1300	1104
1300	1108
1300	1126
1300	1142
1300	1175
1300	1194
1300	1221
1300	1231
1300	1261
1300	1275
1300	1307
1300	1315
1300	1335
1300	1357
1300	1402
1300	1422
1300	1441
1300	1458
1300	1475
1300	1477
1301	61
1301	175
1301	191
1301	203
1301	349
1301	425
1301	432
1301	447
1301	521
1301	529
1301	589
1301	776
1301	826
1301	831
1301	849
1301	893
1301	1001
1301	1025
1301	1057
1301	1102
1301	1132
1301	1158
1301	1166
1301	1222
1301	1276
1301	1290
1301	1309
1301	1325
1301	1354
1301	1380
1301	1382
1301	1392
1301	1396
1301	1414
1301	1424
1301	1434
1301	1455
1301	1465
1301	1468
1302	26
1302	39
1302	57
1302	105
1302	212
1302	388
1302	389
1302	543
1302	579
1302	620
1302	675
1302	711
1302	741
1302	808
1302	822
1302	841
1302	850
1302	941
1302	973
1302	1023
1302	1066
1302	1072
1302	1140
1302	1161
1302	1172
1302	1187
1302	1188
1302	1189
1302	1205
1302	1207
1302	1212
1302	1235
1302	1304
1302	1351
1302	1353
1302	1387
1302	1389
1302	1459
1302	1486
1303	138
1303	206
1303	383
1303	491
1303	599
1303	628
1303	694
1303	697
1303	793
1303	814
1303	823
1303	830
1303	878
1303	882
1303	939
1303	943
1303	1003
1303	1005
1303	1008
1303	1022
1303	1026
1303	1052
1303	1097
1303	1142
1303	1171
1303	1182
1303	1279
1303	1287
1303	1310
1303	1368
1303	1382
1303	1413
1303	1418
1303	1430
1303	1431
1303	1433
1303	1442
1303	1472
1303	1484
1304	87
1304	97
1304	153
1304	158
1304	178
1304	375
1304	404
1304	436
1304	465
1304	488
1304	659
1304	766
1304	865
1304	938
1304	958
1304	1062
1304	1077
1304	1102
1304	1124
1304	1131
1304	1140
1304	1142
1304	1153
1304	1224
1304	1244
1304	1246
1304	1302
1304	1330
1304	1408
1304	1432
1304	1463
1304	1469
1304	1470
1304	1474
1304	1476
1304	1478
1304	1483
1304	1488
1304	1491
1305	136
1305	180
1305	203
1305	232
1305	238
1305	279
1305	307
1305	332
1305	424
1305	434
1305	462
1305	545
1305	591
1305	692
1305	697
1305	826
1305	829
1305	886
1305	939
1305	941
1305	1032
1305	1048
1305	1067
1305	1144
1305	1146
1305	1172
1305	1195
1305	1219
1305	1235
1305	1345
1305	1379
1305	1389
1305	1395
1305	1416
1305	1457
1305	1478
1305	1481
1305	1482
1305	1494
1306	91
1306	245
1306	268
1306	274
1306	595
1306	645
1306	724
1306	760
1306	825
1306	857
1306	859
1306	1004
1306	1055
1306	1101
1306	1109
1306	1140
1306	1181
1306	1193
1306	1239
1306	1250
1306	1256
1306	1268
1306	1271
1306	1288
1306	1292
1306	1299
1306	1309
1306	1337
1306	1348
1306	1362
1306	1367
1306	1398
1306	1418
1306	1444
1306	1448
1306	1450
1306	1467
1306	1494
1306	1497
1307	66
1307	134
1307	148
1307	282
1307	331
1307	470
1307	471
1307	478
1307	558
1307	579
1307	712
1307	717
1307	734
1307	785
1307	849
1307	880
1307	890
1307	905
1307	972
1307	974
1307	1057
1307	1141
1307	1187
1307	1244
1307	1284
1307	1300
1307	1313
1307	1324
1307	1352
1307	1371
1307	1397
1307	1400
1307	1405
1307	1444
1307	1452
1307	1473
1307	1475
1307	1479
1307	1498
1308	4
1308	93
1308	96
1308	312
1308	334
1308	370
1308	463
1308	543
1308	550
1308	553
1308	561
1308	715
1308	731
1308	772
1308	796
1308	834
1308	851
1308	859
1308	863
1308	877
1308	1002
1308	1028
1308	1044
1308	1054
1308	1079
1308	1103
1308	1193
1308	1211
1308	1253
1308	1277
1308	1295
1308	1347
1308	1370
1308	1410
1308	1434
1308	1441
1308	1449
1308	1459
1308	1479
1309	70
1309	175
1309	177
1309	266
1309	268
1309	305
1309	334
1309	358
1309	453
1309	522
1309	713
1309	765
1309	772
1309	837
1309	893
1309	985
1309	1091
1309	1132
1309	1203
1309	1216
1309	1219
1309	1222
1309	1239
1309	1254
1309	1276
1309	1301
1309	1306
1309	1325
1309	1380
1309	1396
1309	1414
1309	1422
1309	1424
1309	1426
1309	1437
1309	1461
1309	1471
1309	1489
1309	1493
1310	67
1310	72
1310	244
1310	310
1310	383
1310	421
1310	448
1310	662
1310	688
1310	694
1310	808
1310	829
1310	862
1310	877
1310	926
1310	934
1310	961
1310	987
1310	1003
1310	1037
1310	1049
1310	1121
1310	1123
1310	1129
1310	1147
1310	1182
1310	1267
1310	1303
1310	1332
1310	1335
1310	1368
1310	1399
1310	1431
1310	1433
1310	1442
1310	1455
1310	1484
1310	1493
1310	1497
1311	24
1311	37
1311	45
1311	188
1311	279
1311	298
1311	337
1311	408
1311	568
1311	631
1311	673
1311	682
1311	750
1311	979
1311	1048
1311	1092
1311	1095
1311	1141
1311	1151
1311	1176
1311	1217
1311	1226
1311	1243
1311	1257
1311	1291
1311	1316
1311	1334
1311	1337
1311	1383
1311	1384
1311	1415
1311	1426
1311	1447
1311	1463
1311	1465
1311	1480
1311	1483
1311	1488
1311	1489
1311	1497
1312	78
1312	315
1312	426
1312	468
1312	518
1312	578
1312	603
1312	630
1312	632
1312	667
1312	671
1312	695
1312	722
1312	750
1312	756
1312	793
1312	890
1312	940
1312	945
1312	967
1312	1113
1312	1123
1312	1141
1312	1162
1312	1174
1312	1226
1312	1229
1312	1240
1312	1250
1312	1262
1312	1290
1312	1314
1312	1320
1312	1322
1312	1350
1312	1400
1312	1461
1312	1462
1312	1464
1312	1496
1313	112
1313	155
1313	283
1313	292
1313	397
1313	470
1313	505
1313	590
1313	640
1313	761
1313	806
1313	847
1313	895
1313	909
1313	914
1313	1000
1313	1073
1313	1080
1313	1141
1313	1187
1313	1209
1313	1282
1313	1296
1313	1307
1313	1320
1313	1339
1313	1352
1313	1359
1313	1366
1313	1368
1313	1390
1313	1417
1313	1418
1313	1436
1313	1447
1313	1465
1313	1471
1313	1479
1313	1485
1313	1495
1314	4
1314	42
1314	79
1314	146
1314	160
1314	316
1314	342
1314	346
1314	448
1314	461
1314	564
1314	597
1314	638
1314	724
1314	765
1314	875
1314	1018
1314	1061
1314	1096
1314	1110
1314	1136
1314	1144
1314	1185
1314	1197
1314	1201
1314	1251
1314	1312
1314	1320
1314	1336
1314	1346
1314	1374
1314	1375
1314	1443
1314	1460
1314	1468
1314	1470
1314	1480
1314	1487
1314	1490
1314	1499
1315	47
1315	195
1315	230
1315	269
1315	326
1315	450
1315	508
1315	520
1315	593
1315	691
1315	846
1315	858
1315	864
1315	928
1315	951
1315	1030
1315	1067
1315	1070
1315	1084
1315	1108
1315	1126
1315	1194
1315	1221
1315	1231
1315	1232
1315	1244
1315	1253
1315	1275
1315	1300
1315	1352
1315	1353
1315	1357
1315	1364
1315	1402
1315	1441
1315	1474
1315	1475
1315	1478
1315	1490
1315	1496
1316	188
1316	250
1316	286
1316	343
1316	373
1316	448
1316	522
1316	577
1316	618
1316	681
1316	781
1316	933
1316	970
1316	1010
1316	1033
1316	1048
1316	1060
1316	1076
1316	1092
1316	1102
1316	1129
1316	1176
1316	1205
1316	1217
1316	1220
1316	1248
1316	1257
1316	1266
1316	1311
1316	1334
1316	1347
1316	1391
1316	1394
1316	1400
1316	1405
1316	1415
1316	1458
1316	1470
1316	1476
1316	1497
1317	154
1317	168
1317	264
1317	273
1317	328
1317	465
1317	600
1317	621
1317	737
1317	764
1317	789
1317	790
1317	791
1317	831
1317	840
1317	886
1317	949
1317	964
1317	973
1317	979
1317	983
1317	988
1317	1063
1317	1066
1317	1093
1317	1106
1317	1135
1317	1146
1317	1156
1317	1208
1317	1328
1317	1338
1317	1367
1317	1407
1317	1436
1317	1454
1317	1457
1317	1460
1317	1485
1317	1493
1318	5
1318	57
1318	241
1318	257
1318	260
1318	267
1318	275
1318	284
1318	286
1318	392
1318	428
1318	462
1318	494
1318	617
1318	682
1318	705
1318	813
1318	985
1318	999
1318	1015
1318	1058
1318	1075
1318	1076
1318	1107
1318	1190
1318	1203
1318	1237
1318	1248
1318	1272
1318	1281
1318	1328
1318	1365
1318	1435
1318	1442
1318	1454
1318	1462
1318	1477
1318	1482
1318	1491
1318	1500
1319	3
1319	13
1319	57
1319	223
1319	278
1319	322
1319	435
1319	470
1319	614
1319	666
1319	708
1319	720
1319	759
1319	801
1319	804
1319	805
1319	844
1319	978
1319	989
1319	1022
1319	1041
1319	1064
1319	1071
1319	1072
1319	1082
1319	1084
1319	1092
1319	1127
1319	1174
1319	1196
1319	1198
1319	1199
1319	1222
1319	1226
1319	1236
1319	1278
1319	1365
1319	1425
1319	1447
1319	1477
1320	97
1320	171
1320	185
1320	468
1320	517
1320	606
1320	632
1320	671
1320	674
1320	826
1320	900
1320	933
1320	936
1320	940
1320	957
1320	967
1320	993
1320	997
1320	1052
1320	1097
1320	1152
1320	1226
1320	1229
1320	1232
1320	1267
1320	1271
1320	1312
1320	1313
1320	1314
1320	1321
1320	1322
1320	1413
1320	1430
1320	1453
1320	1461
1320	1462
1320	1464
1320	1473
1320	1487
1320	1496
1321	4
1321	210
1321	275
1321	358
1321	442
1321	667
1321	671
1321	770
1321	835
1321	871
1321	898
1321	906
1321	936
1321	967
1321	972
1321	976
1321	1005
1321	1009
1321	1096
1321	1108
1321	1116
1321	1132
1321	1152
1321	1160
1321	1247
1321	1267
1321	1290
1321	1296
1321	1320
1321	1349
1321	1378
1321	1400
1321	1420
1321	1429
1321	1446
1321	1461
1321	1464
1321	1475
1321	1496
1321	1499
1322	131
1322	257
1322	300
1322	303
1322	317
1322	322
1322	406
1322	452
1322	486
1322	508
1322	530
1322	554
1322	586
1322	667
1322	745
1322	881
1322	928
1322	952
1322	1005
1322	1052
1322	1160
1322	1181
1322	1226
1322	1229
1322	1267
1322	1293
1322	1312
1322	1320
1322	1333
1322	1348
1322	1349
1322	1400
1322	1407
1322	1408
1322	1419
1322	1446
1322	1481
1322	1492
1322	1496
1322	1498
1323	30
1323	50
1323	103
1323	233
1323	238
1323	258
1323	331
1323	333
1323	398
1323	411
1323	437
1323	516
1323	521
1323	551
1323	821
1323	831
1323	894
1323	997
1323	1009
1323	1027
1323	1070
1323	1120
1323	1145
1323	1175
1323	1176
1323	1206
1323	1209
1323	1234
1323	1273
1323	1326
1323	1352
1323	1356
1323	1413
1323	1415
1323	1435
1323	1436
1323	1439
1323	1454
1323	1455
1323	1463
1324	19
1324	125
1324	155
1324	231
1324	265
1324	294
1324	336
1324	429
1324	478
1324	502
1324	638
1324	678
1324	728
1324	907
1324	972
1324	1007
1324	1060
1324	1101
1324	1126
1324	1209
1324	1213
1324	1214
1324	1242
1324	1296
1324	1307
1324	1351
1324	1364
1324	1365
1324	1371
1324	1403
1324	1404
1324	1405
1324	1412
1324	1420
1324	1424
1324	1425
1324	1427
1324	1465
1324	1471
1324	1479
1324	1498
1325	186
1325	268
1325	358
1325	390
1325	425
1325	455
1325	524
1325	525
1325	532
1325	552
1325	713
1325	850
1325	882
1325	915
1325	942
1325	945
1325	990
1325	1091
1325	1132
1325	1213
1325	1225
1325	1227
1325	1250
1325	1288
1325	1301
1325	1309
1325	1352
1325	1369
1325	1380
1325	1396
1325	1414
1325	1422
1325	1424
1325	1426
1325	1434
1325	1439
1325	1468
1325	1473
1325	1480
1325	1481
1325	1483
1326	38
1326	50
1326	71
1326	104
1326	165
1326	215
1326	287
1326	333
1326	369
1326	398
1326	436
1326	511
1326	551
1326	567
1326	719
1326	726
1326	730
1326	829
1326	860
1326	892
1326	894
1326	905
1326	980
1326	1077
1326	1090
1326	1128
1326	1206
1326	1253
1326	1273
1326	1323
1326	1375
1326	1385
1326	1395
1326	1406
1326	1410
1326	1427
1326	1431
1326	1438
1326	1439
1326	1455
1326	1487
1327	34
1327	54
1327	87
1327	150
1327	256
1327	414
1327	531
1327	669
1327	742
1327	752
1327	771
1327	787
1327	802
1327	913
1327	960
1327	977
1327	993
1327	1046
1327	1121
1327	1141
1327	1171
1327	1174
1327	1192
1327	1195
1327	1200
1327	1259
1327	1280
1327	1286
1327	1289
1327	1343
1327	1368
1327	1372
1327	1378
1327	1383
1327	1384
1327	1412
1327	1423
1327	1428
1327	1430
1327	1472
1327	1496
1328	44
1328	220
1328	264
1328	394
1328	405
1328	417
1328	424
1328	462
1328	485
1328	498
1328	503
1328	541
1328	542
1328	548
1328	573
1328	693
1328	709
1328	756
1328	812
1328	870
1328	914
1328	998
1328	999
1328	1003
1328	1022
1328	1057
1328	1058
1328	1097
1328	1164
1328	1184
1328	1188
1328	1193
1328	1317
1328	1318
1328	1336
1328	1379
1328	1441
1328	1463
1328	1465
1328	1477
1328	1482
1329	1
1329	289
1329	339
1329	367
1329	380
1329	395
1329	592
1329	652
1329	657
1329	859
1329	873
1329	876
1329	882
1329	930
1329	949
1329	1003
1329	1031
1329	1096
1329	1125
1329	1135
1329	1137
1329	1147
1329	1160
1329	1201
1329	1212
1329	1215
1329	1240
1329	1252
1329	1286
1329	1287
1329	1292
1329	1335
1329	1363
1329	1378
1329	1399
1329	1423
1329	1438
1329	1450
1329	1451
1329	1461
1329	1464
1330	97
1330	167
1330	258
1330	307
1330	310
1330	324
1330	544
1330	595
1330	680
1330	754
1330	791
1330	803
1330	855
1330	861
1330	865
1330	926
1330	933
1330	936
1330	1090
1330	1092
1330	1100
1330	1107
1330	1138
1330	1157
1330	1238
1330	1263
1330	1265
1330	1280
1330	1304
1330	1370
1330	1373
1330	1418
1330	1439
1330	1443
1330	1444
1330	1469
1330	1475
1330	1488
1330	1491
1330	1493
1330	1499
1331	77
1331	112
1331	132
1331	143
1331	209
1331	242
1331	345
1331	365
1331	388
1331	450
1331	603
1331	690
1331	736
1331	750
1331	782
1331	795
1331	819
1331	841
1331	884
1331	905
1331	915
1331	995
1331	997
1331	1074
1331	1086
1331	1112
1331	1166
1331	1177
1331	1190
1331	1196
1331	1228
1331	1277
1331	1297
1331	1349
1331	1356
1331	1373
1331	1454
1331	1462
1331	1466
1331	1488
1331	1499
1332	48
1332	206
1332	240
1332	265
1332	271
1332	383
1332	487
1332	739
1332	848
1332	858
1332	878
1332	925
1332	952
1332	992
1332	1003
1332	1023
1332	1068
1332	1083
1332	1104
1332	1129
1332	1142
1332	1182
1332	1193
1332	1233
1332	1239
1332	1271
1332	1287
1332	1310
1332	1335
1332	1355
1332	1364
1332	1368
1332	1382
1332	1430
1332	1431
1332	1440
1332	1442
1332	1452
1332	1466
1332	1484
1332	1493
1333	102
1333	121
1333	169
1333	289
1333	320
1333	378
1333	379
1333	398
1333	426
1333	714
1333	791
1333	834
1333	845
1333	898
1333	920
1333	1015
1333	1097
1333	1113
1333	1122
1333	1124
1333	1149
1333	1167
1333	1168
1333	1195
1333	1211
1333	1243
1333	1251
1333	1262
1333	1268
1333	1272
1333	1286
1333	1299
1333	1322
1333	1350
1333	1383
1333	1402
1333	1416
1333	1445
1333	1449
1333	1480
1333	1494
1334	169
1334	248
1334	332
1334	367
1334	380
1334	424
1334	515
1334	526
1334	528
1334	561
1334	622
1334	631
1334	657
1334	730
1334	750
1334	781
1334	788
1334	926
1334	961
1334	974
1334	1060
1334	1094
1334	1095
1334	1133
1334	1151
1334	1168
1334	1217
1334	1220
1334	1241
1334	1311
1334	1316
1334	1344
1334	1349
1334	1353
1334	1359
1334	1375
1334	1440
1334	1458
1334	1461
1334	1485
1334	1489
1335	238
1335	439
1335	515
1335	554
1335	618
1335	651
1335	662
1335	722
1335	774
1335	826
1335	878
1335	881
1335	910
1335	925
1335	1008
1335	1112
1335	1123
1335	1129
1335	1140
1335	1142
1335	1185
1335	1244
1335	1279
1335	1287
1335	1300
1335	1310
1335	1329
1335	1332
1335	1343
1335	1347
1335	1349
1335	1368
1335	1415
1335	1430
1335	1431
1335	1432
1335	1442
1335	1458
1335	1474
1335	1484
1335	1493
1336	135
1336	351
1336	364
1336	368
1336	423
1336	480
1336	494
1336	635
1336	708
1336	718
1336	725
1336	880
1336	897
1336	971
1336	984
1336	1020
1336	1037
1336	1065
1336	1109
1336	1241
1336	1249
1336	1294
1336	1314
1336	1328
1336	1351
1336	1355
1336	1369
1336	1376
1336	1377
1336	1381
1336	1393
1336	1409
1336	1411
1336	1413
1336	1416
1336	1417
1336	1437
1336	1443
1336	1444
1336	1466
1336	1488
1336	1500
1337	17
1337	29
1337	100
1337	130
1337	162
1337	352
1337	484
1337	489
1337	572
1337	576
1337	645
1337	723
1337	733
1337	766
1337	781
1337	825
1337	833
1337	930
1337	1007
1337	1020
1337	1046
1337	1109
1337	1181
1337	1239
1337	1250
1337	1256
1337	1285
1337	1288
1337	1299
1337	1306
1337	1311
1337	1352
1337	1362
1337	1367
1337	1381
1337	1398
1337	1410
1337	1417
1337	1448
1337	1461
1337	1473
1337	1491
1338	27
1338	110
1338	223
1338	273
1338	349
1338	471
1338	492
1338	551
1338	558
1338	580
1338	610
1338	695
1338	703
1338	719
1338	861
1338	874
1338	887
1338	958
1338	968
1338	973
1338	974
1338	1039
1338	1063
1338	1066
1338	1083
1338	1084
1338	1088
1338	1106
1338	1110
1338	1126
1338	1131
1338	1156
1338	1185
1338	1264
1338	1270
1338	1288
1338	1296
1338	1317
1338	1364
1338	1407
1338	1425
1338	1454
1339	30
1339	89
1339	99
1339	171
1339	186
1339	199
1339	438
1339	470
1339	483
1339	505
1339	524
1339	536
1339	646
1339	763
1339	765
1339	781
1339	815
1339	840
1339	867
1339	915
1339	920
1339	974
1339	978
1339	1019
1339	1020
1339	1029
1339	1102
1339	1107
1339	1128
1339	1139
1339	1171
1339	1179
1339	1190
1339	1299
1339	1313
1339	1365
1339	1387
1339	1393
1339	1418
1339	1419
1339	1437
1339	1492
1340	89
1340	176
1340	197
1340	211
1340	356
1340	363
1340	450
1340	458
1340	504
1340	549
1340	557
1340	612
1340	698
1340	732
1340	746
1340	851
1340	854
1340	863
1340	866
1340	883
1340	908
1340	929
1340	973
1340	1009
1340	1014
1340	1059
1340	1167
1340	1182
1340	1192
1340	1224
1340	1233
1340	1405
1340	1426
1340	1445
1340	1448
1340	1467
1340	1470
1340	1481
1340	1483
1340	1492
1340	1497
1340	1499
1341	83
1341	100
1341	339
1341	395
1341	492
1341	677
1341	685
1341	767
1341	773
1341	792
1341	823
1341	927
1341	930
1341	940
1341	949
1341	961
1341	1125
1341	1135
1341	1137
1341	1147
1341	1149
1341	1151
1341	1153
1341	1208
1341	1215
1341	1223
1341	1225
1341	1251
1341	1252
1341	1349
1341	1353
1341	1363
1341	1387
1341	1395
1341	1397
1341	1399
1341	1411
1341	1419
1341	1424
1341	1434
1341	1438
1341	1467
1342	72
1342	115
1342	139
1342	172
1342	412
1342	429
1342	489
1342	496
1342	521
1342	529
1342	590
1342	623
1342	637
1342	743
1342	760
1342	840
1342	875
1342	916
1342	942
1342	944
1342	977
1342	979
1342	984
1342	1031
1342	1040
1342	1049
1342	1057
1342	1069
1342	1081
1342	1111
1342	1114
1342	1207
1342	1216
1342	1218
1342	1254
1342	1258
1342	1283
1342	1363
1342	1406
1342	1424
1342	1458
1342	1496
1343	11
1343	35
1343	125
1343	179
1343	314
1343	338
1343	401
1343	416
1343	465
1343	491
1343	504
1343	548
1343	582
1343	583
1343	597
1343	762
1343	771
1343	783
1343	787
1343	810
1343	811
1343	813
1343	842
1343	983
1343	987
1343	1120
1343	1167
1343	1198
1343	1201
1343	1205
1343	1230
1343	1249
1343	1327
1343	1335
1343	1350
1343	1375
1343	1378
1343	1384
1343	1428
1343	1439
1343	1462
1343	1472
1343	1489
1344	89
1344	207
1344	230
1344	292
1344	309
1344	448
1344	506
1344	539
1344	705
1344	786
1344	809
1344	881
1344	914
1344	960
1344	963
1344	970
1344	978
1344	1032
1344	1116
1344	1156
1344	1187
1344	1195
1344	1218
1344	1224
1344	1230
1344	1240
1344	1245
1344	1272
1344	1276
1344	1281
1344	1294
1344	1334
1344	1348
1344	1388
1344	1404
1344	1420
1344	1445
1344	1451
1344	1453
1344	1467
1344	1481
1344	1483
1344	1492
1345	9
1345	50
1345	64
1345	116
1345	190
1345	198
1345	319
1345	326
1345	334
1345	647
1345	658
1345	666
1345	676
1345	690
1345	818
1345	832
1345	904
1345	943
1345	986
1345	1017
1345	1018
1345	1023
1345	1075
1345	1127
1345	1165
1345	1211
1345	1246
1345	1305
1345	1350
1345	1353
1345	1355
1345	1366
1345	1370
1345	1396
1345	1401
1345	1420
1345	1428
1345	1450
1345	1451
1345	1463
1345	1487
1345	1489
1345	1495
1346	35
1346	73
1346	131
1346	346
1346	380
1346	512
1346	524
1346	529
1346	564
1346	686
1346	741
1346	753
1346	833
1346	872
1346	883
1346	892
1346	899
1346	933
1346	1018
1346	1040
1346	1078
1346	1096
1346	1101
1346	1133
1346	1225
1346	1232
1346	1251
1346	1314
1346	1366
1346	1369
1346	1374
1346	1386
1346	1423
1346	1429
1346	1434
1346	1443
1346	1445
1346	1460
1346	1466
1346	1478
1346	1480
1346	1486
1346	1490
1347	1
1347	56
1347	200
1347	236
1347	312
1347	341
1347	415
1347	443
1347	463
1347	553
1347	594
1347	663
1347	672
1347	709
1347	715
1347	716
1347	731
1347	772
1347	796
1347	908
1347	919
1347	992
1347	997
1347	1002
1347	1049
1347	1103
1347	1159
1347	1174
1347	1189
1347	1230
1347	1253
1347	1277
1347	1308
1347	1316
1347	1335
1347	1360
1347	1370
1347	1371
1347	1377
1347	1382
1347	1410
1347	1419
1347	1459
1348	33
1348	213
1348	264
1348	293
1348	312
1348	317
1348	324
1348	332
1348	507
1348	514
1348	557
1348	582
1348	718
1348	778
1348	794
1348	798
1348	844
1348	875
1348	880
1348	961
1348	982
1348	1030
1348	1081
1348	1116
1348	1167
1348	1192
1348	1196
1348	1201
1348	1218
1348	1224
1348	1281
1348	1291
1348	1306
1348	1322
1348	1344
1348	1388
1348	1401
1348	1404
1348	1481
1348	1483
1348	1487
1348	1491
1348	1492
1349	142
1349	260
1349	306
1349	619
1349	674
1349	744
1349	761
1349	779
1349	838
1349	857
1349	868
1349	922
1349	928
1349	936
1349	941
1349	975
1349	976
1349	1040
1349	1049
1349	1062
1349	1152
1349	1160
1349	1229
1349	1285
1349	1321
1349	1322
1349	1331
1349	1334
1349	1335
1349	1341
1349	1381
1349	1403
1349	1408
1349	1409
1349	1420
1349	1427
1349	1445
1349	1446
1349	1461
1349	1462
1349	1464
1349	1472
1349	1496
1350	10
1350	101
1350	150
1350	223
1350	227
1350	244
1350	269
1350	280
1350	531
1350	597
1350	598
1350	621
1350	644
1350	750
1350	754
1350	802
1350	813
1350	859
1350	928
1350	942
1350	954
1350	993
1350	1019
1350	1022
1350	1065
1350	1126
1350	1152
1350	1198
1350	1225
1350	1247
1350	1312
1350	1333
1350	1343
1350	1345
1350	1377
1350	1378
1350	1384
1350	1393
1350	1428
1350	1433
1350	1445
1350	1449
1350	1496
1351	183
1351	222
1351	232
1351	270
1351	388
1351	390
1351	419
1351	570
1351	670
1351	856
1351	891
1351	907
1351	929
1351	939
1351	941
1351	982
1351	1006
1351	1019
1351	1038
1351	1079
1351	1089
1351	1094
1351	1144
1351	1148
1351	1155
1351	1172
1351	1173
1351	1189
1351	1200
1351	1212
1351	1236
1351	1302
1351	1324
1351	1336
1351	1374
1351	1380
1351	1389
1351	1415
1351	1427
1351	1450
1351	1478
1351	1486
1351	1500
1352	283
1352	297
1352	348
1352	502
1352	592
1352	710
1352	864
1352	938
1352	972
1352	991
1352	1000
1352	1027
1352	1143
1352	1153
1352	1187
1352	1209
1352	1213
1352	1214
1352	1217
1352	1236
1352	1247
1352	1255
1352	1273
1352	1307
1352	1313
1352	1315
1352	1323
1352	1325
1352	1337
1352	1358
1352	1359
1352	1366
1352	1371
1352	1405
1352	1421
1352	1426
1352	1431
1352	1465
1352	1471
1352	1479
1352	1489
1352	1493
1352	1498
1353	23
1353	39
1353	102
1353	141
1353	181
1353	232
1353	271
1353	296
1353	317
1353	388
1353	490
1353	558
1353	560
1353	670
1353	685
1353	692
1353	819
1353	829
1353	902
1353	1014
1353	1033
1353	1052
1353	1104
1353	1105
1353	1161
1353	1172
1353	1173
1353	1212
1353	1245
1353	1247
1353	1302
1353	1315
1353	1334
1353	1341
1353	1345
1353	1389
1353	1410
1353	1427
1353	1447
1353	1457
1353	1470
1353	1479
1353	1486
1353	1494
1354	26
1354	27
1354	43
1354	285
1354	395
1354	415
1354	461
1354	493
1354	539
1354	574
1354	586
1354	730
1354	759
1354	833
1354	872
1354	889
1354	897
1354	1010
1354	1096
1354	1110
1354	1136
1354	1159
1354	1201
1354	1219
1354	1242
1354	1251
1354	1278
1354	1301
1354	1358
1354	1369
1354	1374
1354	1379
1354	1386
1354	1389
1354	1413
1354	1423
1354	1429
1354	1442
1354	1443
1354	1455
1354	1460
1354	1470
1354	1488
1354	1490
1355	31
1355	64
1355	211
1355	418
1355	425
1355	467
1355	555
1355	672
1355	708
1355	796
1355	814
1355	822
1355	840
1355	880
1355	897
1355	991
1355	1000
1355	1037
1355	1063
1355	1091
1355	1121
1355	1241
1355	1247
1355	1249
1355	1270
1355	1332
1355	1336
1355	1345
1355	1361
1355	1365
1355	1372
1355	1377
1355	1379
1355	1381
1355	1391
1355	1393
1355	1430
1355	1437
1355	1444
1355	1448
1355	1460
1355	1466
1355	1468
1355	1500
1356	32
1356	114
1356	143
1356	239
1356	242
1356	453
1356	473
1356	491
1356	513
1356	535
1356	544
1356	589
1356	631
1356	653
1356	685
1356	736
1356	819
1356	824
1356	839
1356	852
1356	884
1356	905
1356	907
1356	928
1356	967
1356	977
1356	997
1356	1086
1356	1087
1356	1169
1356	1177
1356	1232
1356	1297
1356	1323
1356	1331
1356	1385
1356	1387
1356	1392
1356	1402
1356	1482
1356	1484
1356	1494
1356	1495
1356	1499
1357	43
1357	58
1357	195
1357	248
1357	323
1357	348
1357	351
1357	441
1357	494
1357	546
1357	593
1357	691
1357	706
1357	764
1357	807
1357	846
1357	895
1357	951
1357	970
1357	1037
1357	1067
1357	1070
1357	1108
1357	1199
1357	1221
1357	1226
1357	1231
1357	1240
1357	1261
1357	1275
1357	1282
1357	1300
1357	1315
1357	1371
1357	1382
1357	1384
1357	1401
1357	1402
1357	1413
1357	1441
1357	1446
1357	1461
1357	1475
1357	1493
1358	122
1358	173
1358	320
1358	366
1358	459
1358	540
1358	638
1358	652
1358	672
1358	676
1358	711
1358	726
1358	734
1358	755
1358	789
1358	799
1358	811
1358	858
1358	869
1358	906
1358	911
1358	931
1358	948
1358	962
1358	991
1358	997
1358	1010
1358	1023
1358	1046
1358	1047
1358	1050
1358	1078
1358	1089
1358	1107
1358	1121
1358	1184
1358	1352
1358	1354
1358	1413
1358	1419
1358	1440
1358	1455
1358	1458
1358	1473
1359	60
1359	137
1359	142
1359	149
1359	151
1359	512
1359	584
1359	592
1359	744
1359	761
1359	812
1359	938
1359	1000
1359	1009
1359	1080
1359	1115
1359	1141
1359	1143
1359	1187
1359	1209
1359	1213
1359	1214
1359	1219
1359	1220
1359	1244
1359	1264
1359	1273
1359	1296
1359	1313
1359	1334
1359	1352
1359	1364
1359	1366
1359	1397
1359	1405
1359	1428
1359	1438
1359	1444
1359	1457
1359	1465
1359	1471
1359	1484
1359	1493
1359	1498
1360	12
1360	19
1360	55
1360	147
1360	151
1360	271
1360	376
1360	476
1360	478
1360	515
1360	543
1360	569
1360	611
1360	613
1360	636
1360	649
1360	670
1360	689
1360	777
1360	790
1360	793
1360	799
1360	885
1360	899
1360	900
1360	915
1360	971
1360	986
1360	988
1360	1082
1360	1145
1360	1148
1360	1157
1360	1171
1360	1172
1360	1202
1360	1245
1360	1274
1360	1280
1360	1347
1360	1390
1360	1392
1360	1395
1360	1461
1360	1465
1361	89
1361	198
1361	235
1361	321
1361	368
1361	451
1361	465
1361	556
1361	602
1361	668
1361	814
1361	822
1361	877
1361	890
1361	948
1361	1007
1361	1028
1361	1048
1361	1065
1361	1074
1361	1089
1361	1098
1361	1119
1361	1138
1361	1147
1361	1159
1361	1182
1361	1200
1361	1241
1361	1249
1361	1260
1361	1277
1361	1299
1361	1355
1361	1372
1361	1381
1361	1393
1361	1416
1361	1417
1361	1437
1361	1453
1361	1474
1361	1477
1361	1487
1361	1500
1362	52
1362	167
1362	172
1362	227
1362	244
1362	274
1362	296
1362	306
1362	380
1362	484
1362	538
1362	560
1362	572
1362	595
1362	608
1362	723
1362	733
1362	803
1362	825
1362	852
1362	906
1362	981
1362	1004
1362	1080
1362	1109
1362	1118
1362	1166
1362	1180
1362	1181
1362	1226
1362	1250
1362	1256
1362	1274
1362	1288
1362	1306
1362	1337
1362	1367
1362	1372
1362	1398
1362	1415
1362	1418
1362	1419
1362	1448
1362	1478
1362	1485
1363	1
1363	53
1363	83
1363	156
1363	159
1363	243
1363	339
1363	348
1363	511
1363	677
1363	709
1363	724
1363	741
1363	792
1363	859
1363	862
1363	873
1363	899
1363	949
1363	954
1363	1040
1363	1088
1363	1111
1363	1121
1363	1137
1363	1149
1363	1190
1363	1192
1363	1204
1363	1215
1363	1225
1363	1240
1363	1252
1363	1270
1363	1283
1363	1292
1363	1329
1363	1341
1363	1342
1363	1393
1363	1399
1363	1438
1363	1449
1363	1457
1363	1498
1364	55
1364	171
1364	259
1364	288
1364	349
1364	357
1364	365
1364	386
1364	417
1364	457
1364	465
1364	480
1364	511
1364	565
1364	574
1364	598
1364	665
1364	689
1364	834
1364	918
1364	924
1364	1024
1364	1034
1364	1160
1364	1282
1364	1284
1364	1285
1364	1293
1364	1295
1364	1315
1364	1324
1364	1332
1364	1338
1364	1359
1364	1403
1364	1405
1364	1424
1364	1438
1364	1443
1364	1448
1364	1452
1364	1456
1364	1479
1364	1488
1364	1496
1365	44
1365	260
1365	281
1365	361
1365	371
1365	381
1365	405
1365	420
1365	423
1365	481
1365	503
1365	505
1365	533
1365	561
1365	617
1365	643
1365	681
1365	705
1365	707
1365	727
1365	748
1365	837
1365	870
1365	911
1365	925
1365	952
1365	957
1365	962
1365	998
1365	1057
1365	1181
1365	1203
1365	1248
1365	1264
1365	1318
1365	1319
1365	1324
1365	1339
1365	1355
1365	1377
1365	1389
1365	1460
1365	1477
1365	1482
1365	1485
1366	69
1366	109
1366	163
1366	209
1366	276
1366	320
1366	397
1366	549
1366	584
1366	638
1366	684
1366	693
1366	710
1366	817
1366	847
1366	871
1366	895
1366	1015
1366	1052
1366	1080
1366	1107
1366	1130
1366	1141
1366	1188
1366	1207
1366	1213
1366	1214
1366	1219
1366	1244
1366	1313
1366	1345
1366	1346
1366	1352
1366	1359
1366	1371
1366	1379
1366	1397
1366	1412
1366	1462
1366	1465
1366	1469
1366	1471
1366	1479
1366	1492
1366	1498
1367	91
1367	403
1367	413
1367	524
1367	555
1367	572
1367	576
1367	595
1367	645
1367	723
1367	733
1367	822
1367	825
1367	847
1367	1004
1367	1031
1367	1050
1367	1055
1367	1097
1367	1109
1367	1118
1367	1145
1367	1156
1367	1167
1367	1169
1367	1190
1367	1206
1367	1239
1367	1250
1367	1256
1367	1257
1367	1274
1367	1288
1367	1299
1367	1306
1367	1317
1367	1337
1367	1362
1367	1368
1367	1398
1367	1407
1367	1418
1367	1448
1367	1469
1367	1473
1367	1487
1368	147
1368	282
1368	301
1368	325
1368	420
1368	535
1368	599
1368	606
1368	684
1368	706
1368	862
1368	877
1368	925
1368	1003
1368	1026
1368	1031
1368	1083
1368	1097
1368	1123
1368	1198
1368	1207
1368	1223
1368	1224
1368	1269
1368	1279
1368	1284
1368	1287
1368	1295
1368	1303
1368	1310
1368	1313
1368	1327
1368	1332
1368	1335
1368	1367
1368	1388
1368	1410
1368	1431
1368	1433
1368	1438
1368	1442
1368	1453
1368	1476
1368	1482
1368	1484
1368	1493
1369	68
1369	167
1369	229
1369	255
1369	340
1369	346
1369	555
1369	599
1369	660
1369	665
1369	833
1369	839
1369	892
1369	998
1369	1001
1369	1024
1369	1059
1369	1087
1369	1096
1369	1110
1369	1174
1369	1185
1369	1190
1369	1201
1369	1246
1369	1251
1369	1282
1369	1325
1369	1336
1369	1346
1369	1354
1369	1386
1369	1394
1369	1409
1369	1417
1369	1423
1369	1431
1369	1443
1369	1447
1369	1460
1369	1470
1369	1472
1369	1480
1369	1481
1369	1482
1369	1490
1370	4
1370	6
1370	12
1370	135
1370	169
1370	176
1370	233
1370	312
1370	334
1370	443
1370	444
1370	458
1370	469
1370	550
1370	561
1370	657
1370	663
1370	679
1370	715
1370	721
1370	731
1370	763
1370	770
1370	772
1370	837
1370	932
1370	934
1370	982
1370	992
1370	1002
1370	1010
1370	1084
1370	1218
1370	1246
1370	1253
1370	1277
1370	1288
1370	1308
1370	1330
1370	1345
1370	1347
1370	1410
1370	1448
1370	1459
1370	1463
1370	1496
1371	106
1371	133
1371	135
1371	148
1371	441
1371	584
1371	588
1371	710
1371	717
1371	761
1371	777
1371	854
1371	861
1371	866
1371	890
1371	1079
1371	1080
1371	1146
1371	1159
1371	1163
1371	1209
1371	1219
1371	1233
1371	1236
1371	1244
1371	1246
1371	1281
1371	1296
1371	1307
1371	1324
1371	1347
1371	1352
1371	1357
1371	1366
1371	1393
1371	1397
1371	1405
1371	1435
1371	1456
1371	1465
1371	1471
1371	1479
1371	1482
1371	1487
1371	1497
1371	1498
1372	42
1372	181
1372	387
1372	527
1372	550
1372	552
1372	584
1372	619
1372	675
1372	685
1372	690
1372	728
1372	814
1372	827
1372	910
1372	947
1372	955
1372	956
1372	990
1372	1001
1372	1002
1372	1026
1372	1045
1372	1074
1372	1095
1372	1101
1372	1178
1372	1179
1372	1200
1372	1203
1372	1234
1372	1296
1372	1327
1372	1355
1372	1361
1372	1362
1372	1377
1372	1381
1372	1393
1372	1417
1372	1436
1372	1457
1372	1466
1372	1474
1372	1491
1372	1500
1373	35
1373	45
1373	145
1373	202
1373	252
1373	327
1373	332
1373	399
1373	404
1373	440
1373	455
1373	488
1373	512
1373	729
1373	758
1373	810
1373	827
1373	919
1373	952
1373	964
1373	969
1373	1031
1373	1051
1373	1079
1373	1081
1373	1090
1373	1100
1373	1107
1373	1159
1373	1193
1373	1223
1373	1232
1373	1238
1373	1260
1373	1263
1373	1330
1373	1331
1373	1377
1373	1401
1373	1415
1373	1435
1373	1444
1373	1474
1373	1476
1373	1482
1373	1488
1373	1500
1374	83
1374	111
1374	122
1374	182
1374	229
1374	257
1374	432
1374	525
1374	539
1374	555
1374	564
1374	570
1374	668
1374	688
1374	698
1374	745
1374	827
1374	839
1374	1013
1374	1018
1374	1022
1374	1063
1374	1096
1374	1182
1374	1185
1374	1198
1374	1201
1374	1231
1374	1242
1374	1261
1374	1273
1374	1314
1374	1346
1374	1351
1374	1354
1374	1398
1374	1423
1374	1429
1374	1435
1374	1438
1374	1440
1374	1443
1374	1444
1374	1470
1374	1477
1374	1480
1374	1490
1375	32
1375	126
1375	153
1375	226
1375	303
1375	322
1375	323
1375	406
1375	435
1375	473
1375	479
1375	528
1375	553
1375	558
1375	585
1375	586
1375	613
1375	655
1375	672
1375	759
1375	801
1375	885
1375	909
1375	992
1375	996
1375	1028
1375	1044
1375	1064
1375	1071
1375	1084
1375	1127
1375	1174
1375	1183
1375	1199
1375	1210
1375	1231
1375	1278
1375	1282
1375	1299
1375	1314
1375	1326
1375	1334
1375	1343
1375	1385
1375	1403
1375	1417
1375	1463
1376	86
1376	92
1376	127
1376	170
1376	179
1376	259
1376	262
1376	358
1376	385
1376	402
1376	445
1376	463
1376	534
1376	588
1376	620
1376	701
1376	704
1376	742
1376	757
1376	782
1376	806
1376	896
1376	917
1376	932
1376	975
1376	987
1376	1000
1376	1024
1376	1030
1376	1064
1376	1089
1376	1093
1376	1128
1376	1180
1376	1244
1376	1266
1376	1288
1376	1336
1376	1394
1376	1401
1376	1410
1376	1432
1376	1452
1376	1461
1376	1473
1376	1478
1376	1483
1377	1
1377	81
1377	88
1377	95
1377	113
1377	234
1377	288
1377	363
1377	394
1377	418
1377	439
1377	469
1377	501
1377	502
1377	527
1377	533
1377	564
1377	626
1377	629
1377	772
1377	822
1377	840
1377	854
1377	893
1377	911
1377	971
1377	1007
1377	1028
1377	1065
1377	1074
1377	1121
1377	1167
1377	1336
1377	1347
1377	1350
1377	1355
1377	1365
1377	1372
1377	1373
1377	1381
1377	1393
1377	1397
1377	1429
1377	1436
1377	1437
1377	1461
1377	1500
1378	11
1378	87
1378	93
1378	246
1378	257
1378	269
1378	310
1378	338
1378	350
1378	419
1378	422
1378	474
1378	480
1378	531
1378	556
1378	582
1378	617
1378	628
1378	783
1378	787
1378	802
1378	829
1378	852
1378	858
1378	869
1378	923
1378	937
1378	993
1378	1076
1378	1087
1378	1200
1378	1229
1378	1247
1378	1259
1378	1294
1378	1321
1378	1327
1378	1329
1378	1343
1378	1350
1378	1397
1378	1398
1378	1403
1378	1421
1378	1457
1378	1472
1378	1476
1379	88
1379	194
1379	212
1379	232
1379	279
1379	370
1379	428
1379	462
1379	522
1379	685
1379	692
1379	721
1379	816
1379	902
1379	919
1379	939
1379	983
1379	1006
1379	1054
1379	1066
1379	1094
1379	1144
1379	1161
1379	1174
1379	1188
1379	1189
1379	1195
1379	1207
1379	1212
1379	1214
1379	1222
1379	1264
1379	1272
1379	1297
1379	1305
1379	1328
1379	1354
1379	1355
1379	1366
1379	1395
1379	1427
1379	1435
1379	1440
1379	1450
1379	1477
1379	1490
1379	1498
1380	160
1380	203
1380	258
1380	354
1380	391
1380	425
1380	446
1380	525
1380	532
1380	647
1380	662
1380	765
1380	919
1380	992
1380	1025
1380	1030
1380	1050
1380	1132
1380	1158
1380	1199
1380	1222
1380	1227
1380	1241
1380	1252
1380	1270
1380	1301
1380	1309
1380	1325
1380	1351
1380	1382
1380	1396
1380	1414
1380	1416
1380	1422
1380	1424
1380	1426
1380	1427
1380	1433
1380	1434
1380	1435
1380	1448
1380	1451
1380	1458
1380	1463
1380	1468
1380	1469
1380	1498
1381	220
1381	283
1381	331
1381	339
1381	387
1381	416
1381	465
1381	537
1381	556
1381	567
1381	569
1381	573
1381	576
1381	668
1381	675
1381	708
1381	745
1381	754
1381	822
1381	865
1381	880
1381	935
1381	955
1381	984
1381	1007
1381	1065
1381	1069
1381	1139
1381	1152
1381	1160
1381	1165
1381	1178
1381	1200
1381	1229
1381	1336
1381	1337
1381	1349
1381	1355
1381	1361
1381	1372
1381	1377
1381	1393
1381	1397
1381	1417
1381	1433
1381	1437
1381	1500
1382	154
1382	175
1382	347
1382	358
1382	366
1382	425
1382	480
1382	495
1382	634
1382	713
1382	738
1382	752
1382	765
1382	841
1382	849
1382	861
1382	893
1382	994
1382	1050
1382	1061
1382	1091
1382	1132
1382	1144
1382	1147
1382	1158
1382	1222
1382	1227
1382	1254
1382	1264
1382	1278
1382	1301
1382	1303
1382	1332
1382	1347
1382	1357
1382	1380
1382	1392
1382	1396
1382	1414
1382	1419
1382	1422
1382	1424
1382	1426
1382	1434
1382	1448
1382	1468
1382	1484
1382	1499
1383	17
1383	33
1383	111
1383	121
1383	179
1383	201
1383	270
1383	272
1383	289
1383	295
1383	371
1383	432
1383	699
1383	779
1383	791
1383	816
1383	834
1383	853
1383	901
1383	907
1383	916
1383	920
1383	925
1383	959
1383	1015
1383	1042
1383	1059
1383	1122
1383	1124
1383	1129
1383	1143
1383	1168
1383	1193
1383	1211
1383	1216
1383	1226
1383	1243
1383	1268
1383	1272
1383	1286
1383	1290
1383	1311
1383	1327
1383	1333
1383	1416
1383	1449
1383	1477
1383	1491
1384	129
1384	150
1384	153
1384	257
1384	278
1384	338
1384	350
1384	359
1384	364
1384	426
1384	443
1384	559
1384	600
1384	671
1384	700
1384	754
1384	784
1384	787
1384	802
1384	824
1384	842
1384	875
1384	887
1384	905
1384	913
1384	923
1384	942
1384	954
1384	1055
1384	1198
1384	1247
1384	1254
1384	1259
1384	1262
1384	1289
1384	1311
1384	1327
1384	1343
1384	1350
1384	1357
1384	1396
1384	1409
1384	1421
1384	1431
1384	1448
1384	1469
1384	1472
1384	1487
1385	155
1385	157
1385	173
1385	278
1385	303
1385	304
1385	323
1385	367
1385	388
1385	430
1385	435
1385	479
1385	558
1385	569
1385	614
1385	639
1385	664
1385	720
1385	996
1385	1027
1385	1035
1385	1044
1385	1064
1385	1071
1385	1072
1385	1084
1385	1092
1385	1105
1385	1199
1385	1210
1385	1236
1385	1244
1385	1276
1385	1278
1385	1283
1385	1326
1385	1356
1385	1375
1385	1424
1385	1443
1385	1447
1385	1454
1385	1456
1385	1459
1385	1465
1385	1493
1385	1494
1385	1500
1386	157
1386	182
1386	349
1386	352
1386	358
1386	529
1386	539
1386	564
1386	586
1386	607
1386	620
1386	660
1386	780
1386	834
1386	839
1386	892
1386	936
1386	943
1386	966
1386	1010
1386	1018
1386	1022
1386	1061
1386	1132
1386	1147
1386	1179
1386	1185
1386	1207
1386	1232
1386	1243
1386	1251
1386	1276
1386	1278
1386	1289
1386	1346
1386	1354
1386	1369
1386	1391
1386	1398
1386	1403
1386	1419
1386	1423
1386	1429
1386	1460
1386	1467
1386	1470
1386	1480
1386	1498
1387	62
1387	77
1387	99
1387	152
1387	163
1387	193
1387	219
1387	261
1387	270
1387	324
1387	329
1387	453
1387	483
1387	524
1387	536
1387	602
1387	619
1387	673
1387	735
1387	747
1387	753
1387	762
1387	805
1387	917
1387	978
1387	982
1387	1020
1387	1038
1387	1099
1387	1119
1387	1136
1387	1139
1387	1159
1387	1179
1387	1186
1387	1190
1387	1204
1387	1255
1387	1302
1387	1339
1387	1341
1387	1356
1387	1390
1387	1418
1387	1419
1387	1465
1387	1479
1387	1486
1387	1496
1388	32
1388	59
1388	123
1388	151
1388	162
1388	205
1388	287
1388	371
1388	393
1388	457
1388	468
1388	608
1388	688
1388	747
1388	774
1388	808
1388	825
1388	828
1388	830
1388	839
1388	854
1388	937
1388	952
1388	955
1388	965
1388	973
1388	1028
1388	1045
1388	1072
1388	1119
1388	1130
1388	1146
1388	1150
1388	1162
1388	1170
1388	1191
1388	1193
1388	1204
1388	1208
1388	1217
1388	1221
1388	1228
1388	1262
1388	1344
1388	1348
1388	1368
1388	1409
1388	1411
1388	1488
1389	13
1389	20
1389	145
1389	173
1389	205
1389	222
1389	367
1389	416
1389	441
1389	443
1389	566
1389	592
1389	621
1389	635
1389	682
1389	783
1389	884
1389	891
1389	1020
1389	1059
1389	1079
1389	1104
1389	1144
1389	1149
1389	1161
1389	1173
1389	1181
1389	1188
1389	1199
1389	1202
1389	1218
1389	1235
1389	1273
1389	1302
1389	1305
1389	1351
1389	1353
1389	1354
1389	1365
1389	1447
1389	1449
1389	1450
1389	1457
1389	1460
1389	1478
1389	1481
1389	1486
1389	1494
1389	1495
1390	23
1390	27
1390	39
1390	64
1390	100
1390	181
1390	239
1390	318
1390	391
1390	474
1390	475
1390	515
1390	523
1390	538
1390	562
1390	569
1390	629
1390	649
1390	781
1390	799
1390	817
1390	833
1390	857
1390	889
1390	900
1390	903
1390	950
1390	956
1390	1012
1390	1018
1390	1034
1390	1093
1390	1145
1390	1190
1390	1214
1390	1242
1390	1263
1390	1280
1390	1297
1390	1313
1390	1360
1390	1387
1390	1392
1390	1395
1390	1437
1390	1452
1390	1467
1390	1489
1390	1494
1391	65
1391	184
1391	235
1391	317
1391	364
1391	454
1391	526
1391	585
1391	604
1391	622
1391	625
1391	672
1391	683
1391	689
1391	698
1391	757
1391	769
1391	867
1391	896
1391	900
1391	915
1391	979
1391	1092
1391	1123
1391	1133
1391	1141
1391	1171
1391	1176
1391	1213
1391	1217
1391	1220
1391	1221
1391	1248
1391	1257
1391	1266
1391	1268
1391	1276
1391	1281
1391	1282
1391	1316
1391	1355
1391	1386
1391	1415
1391	1464
1391	1480
1391	1496
1391	1497
1391	1499
1391	1500
1392	100
1392	147
1392	175
1392	221
1392	396
1392	463
1392	469
1392	476
1392	523
1392	543
1392	558
1392	589
1392	613
1392	649
1392	748
1392	782
1392	793
1392	857
1392	885
1392	889
1392	899
1392	900
1392	910
1392	914
1392	986
1392	1012
1392	1016
1392	1103
1392	1148
1392	1171
1392	1224
1392	1250
1392	1268
1392	1269
1392	1274
1392	1280
1392	1283
1392	1292
1392	1301
1392	1356
1392	1360
1392	1382
1392	1390
1392	1395
1392	1407
1392	1426
1392	1462
1392	1471
1392	1486
1393	12
1393	16
1393	38
1393	76
1393	95
1393	138
1393	226
1393	350
1393	351
1393	394
1393	438
1393	483
1393	629
1393	690
1393	746
1393	769
1393	827
1393	910
1393	932
1393	955
1393	984
1393	990
1393	1037
1393	1125
1393	1157
1393	1162
1393	1170
1393	1178
1393	1200
1393	1203
1393	1220
1393	1241
1393	1336
1393	1339
1393	1350
1393	1355
1393	1361
1393	1363
1393	1371
1393	1372
1393	1377
1393	1381
1393	1395
1393	1406
1393	1436
1393	1437
1393	1438
1393	1466
1393	1500
1394	92
1394	119
1394	179
1394	262
1394	295
1394	361
1394	402
1394	408
1394	438
1394	534
1394	571
1394	588
1394	627
1394	633
1394	665
1394	701
1394	704
1394	742
1394	757
1394	771
1394	782
1394	784
1394	806
1394	845
1394	858
1394	917
1394	932
1394	987
1394	1008
1394	1027
1394	1030
1394	1093
1394	1128
1394	1136
1394	1166
1394	1176
1394	1180
1394	1184
1394	1216
1394	1254
1394	1316
1394	1369
1394	1376
1394	1401
1394	1404
1394	1432
1394	1448
1394	1477
1394	1498
1395	64
1395	118
1395	147
1395	181
1395	264
1395	271
1395	318
1395	341
1395	354
1395	355
1395	396
1395	475
1395	499
1395	515
1395	523
1395	543
1395	562
1395	569
1395	592
1395	673
1395	718
1395	776
1395	793
1395	806
1395	816
1395	885
1395	889
1395	936
1395	986
1395	991
1395	1016
1395	1038
1395	1044
1395	1078
1395	1173
1395	1274
1395	1277
1395	1299
1395	1305
1395	1326
1395	1341
1395	1360
1395	1379
1395	1390
1395	1392
1395	1393
1395	1412
1395	1433
1395	1453
1396	168
1396	186
1396	358
1396	363
1396	381
1396	453
1396	463
1396	532
1396	674
1396	738
1396	765
1396	893
1396	1011
1396	1016
1396	1025
1396	1050
1396	1091
1396	1128
1396	1131
1396	1132
1396	1168
1396	1206
1396	1222
1396	1227
1396	1248
1396	1261
1396	1267
1396	1269
1396	1301
1396	1309
1396	1325
1396	1345
1396	1380
1396	1382
1396	1384
1396	1400
1396	1414
1396	1422
1396	1424
1396	1426
1396	1434
1396	1435
1396	1439
1396	1444
1396	1463
1396	1468
1396	1472
1396	1484
1396	1489
1396	1491
1397	43
1397	125
1397	140
1397	195
1397	257
1397	283
1397	302
1397	318
1397	333
1397	397
1397	416
1397	450
1397	502
1397	528
1397	570
1397	579
1397	628
1397	696
1397	747
1397	761
1397	816
1397	827
1397	864
1397	871
1397	877
1397	880
1397	950
1397	962
1397	985
1397	1080
1397	1136
1397	1209
1397	1213
1397	1214
1397	1219
1397	1244
1397	1296
1397	1298
1397	1307
1397	1341
1397	1359
1397	1366
1397	1371
1397	1377
1397	1378
1397	1381
1397	1405
1397	1450
1397	1479
1397	1498
1398	29
1398	91
1398	209
1398	274
1398	293
1398	345
1398	413
1398	484
1398	524
1398	576
1398	645
1398	723
1398	734
1398	760
1398	806
1398	825
1398	831
1398	906
1398	914
1398	938
1398	980
1398	1004
1398	1055
1398	1109
1398	1118
1398	1181
1398	1190
1398	1234
1398	1239
1398	1242
1398	1245
1398	1250
1398	1256
1398	1272
1398	1288
1398	1299
1398	1306
1398	1337
1398	1362
1398	1367
1398	1374
1398	1378
1398	1386
1398	1408
1398	1437
1398	1453
1398	1481
1398	1483
1398	1494
1398	1498
1399	1
1399	114
1399	159
1399	166
1399	278
1399	285
1399	299
1399	425
1399	529
1399	577
1399	582
1399	658
1399	677
1399	703
1399	704
1399	724
1399	773
1399	792
1399	823
1399	859
1399	865
1399	871
1399	873
1399	876
1399	930
1399	946
1399	947
1399	949
1399	1079
1399	1125
1399	1135
1399	1137
1399	1147
1399	1149
1399	1159
1399	1186
1399	1215
1399	1240
1399	1252
1399	1266
1399	1292
1399	1310
1399	1329
1399	1341
1399	1363
1399	1438
1399	1442
1399	1454
1399	1456
1399	1468
1400	19
1400	36
1400	117
1400	132
1400	159
1400	201
1400	228
1400	267
1400	284
1400	370
1400	387
1400	458
1400	478
1400	547
1400	577
1400	652
1400	653
1400	671
1400	730
1400	838
1400	868
1400	922
1400	933
1400	936
1400	1005
1400	1152
1400	1160
1400	1213
1400	1223
1400	1229
1400	1264
1400	1267
1400	1268
1400	1307
1400	1312
1400	1316
1400	1321
1400	1322
1400	1396
1400	1407
1400	1444
1400	1459
1400	1461
1400	1462
1400	1464
1400	1466
1400	1474
1400	1476
1400	1478
1400	1496
1401	110
1401	140
1401	154
1401	170
1401	224
1401	262
1401	385
1401	402
1401	433
1401	514
1401	588
1401	627
1401	684
1401	701
1401	704
1401	757
1401	782
1401	784
1401	806
1401	808
1401	917
1401	932
1401	957
1401	963
1401	986
1401	987
1401	1030
1401	1033
1401	1055
1401	1077
1401	1079
1401	1093
1401	1096
1401	1128
1401	1141
1401	1180
1401	1288
1401	1297
1401	1345
1401	1348
1401	1357
1401	1373
1401	1376
1401	1394
1401	1404
1401	1410
1401	1419
1401	1432
1401	1470
1401	1484
1402	71
1402	73
1402	207
1402	219
1402	305
1402	366
1402	369
1402	546
1402	549
1402	593
1402	719
1402	815
1402	817
1402	875
1402	940
1402	970
1402	975
1402	981
1402	1035
1402	1066
1402	1067
1402	1070
1402	1108
1402	1109
1402	1119
1402	1126
1402	1141
1402	1167
1402	1194
1402	1221
1402	1222
1402	1234
1402	1247
1402	1261
1402	1275
1402	1300
1402	1315
1402	1333
1402	1356
1402	1357
1402	1413
1402	1417
1402	1441
1402	1451
1402	1457
1402	1467
1402	1471
1402	1475
1402	1493
1402	1496
1403	15
1403	44
1403	55
1403	183
1403	192
1403	202
1403	315
1403	326
1403	336
1403	357
1403	365
1403	457
1403	480
1403	493
1403	522
1403	542
1403	574
1403	693
1403	702
1403	740
1403	810
1403	836
1403	918
1403	928
1403	931
1403	963
1403	991
1403	1067
1403	1087
1403	1102
1403	1149
1403	1212
1403	1219
1403	1278
1403	1282
1403	1284
1403	1285
1403	1292
1403	1295
1403	1324
1403	1349
1403	1364
1403	1375
1403	1378
1403	1386
1403	1424
1403	1429
1403	1456
1403	1482
1403	1496
1404	21
1404	61
1404	69
1404	82
1404	130
1404	208
1404	209
1404	230
1404	246
1404	266
1404	273
1404	332
1404	433
1404	467
1404	484
1404	535
1404	560
1404	571
1404	631
1404	729
1404	746
1404	749
1404	785
1404	794
1404	846
1404	908
1404	963
1404	1009
1404	1014
1404	1032
1404	1100
1404	1112
1404	1117
1404	1131
1404	1192
1404	1217
1404	1218
1404	1230
1404	1245
1404	1276
1404	1324
1404	1344
1404	1348
1404	1394
1404	1401
1404	1413
1404	1416
1404	1467
1404	1472
1404	1481
1404	1489
1405	123
1405	125
1405	148
1405	269
1405	282
1405	294
1405	429
1405	478
1405	505
1405	584
1405	596
1405	609
1405	638
1405	646
1405	864
1405	874
1405	890
1405	895
1405	913
1405	917
1405	928
1405	1057
1405	1085
1405	1103
1405	1119
1405	1141
1405	1177
1405	1184
1405	1189
1405	1213
1405	1229
1405	1238
1405	1296
1405	1307
1405	1316
1405	1324
1405	1340
1405	1352
1405	1359
1405	1364
1405	1371
1405	1397
1405	1433
1405	1445
1405	1464
1405	1465
1405	1471
1405	1476
1405	1479
1405	1494
1405	1497
1406	51
1406	79
1406	172
1406	235
1406	280
1406	298
1406	302
1406	323
1406	377
1406	412
1406	446
1406	489
1406	521
1406	530
1406	623
1406	637
1406	642
1406	647
1406	656
1406	743
1406	751
1406	896
1406	897
1406	916
1406	977
1406	1001
1406	1024
1406	1029
1406	1031
1406	1040
1406	1049
1406	1060
1406	1069
1406	1111
1406	1114
1406	1121
1406	1151
1406	1178
1406	1184
1406	1221
1406	1241
1406	1254
1406	1264
1406	1283
1406	1292
1406	1326
1406	1342
1406	1393
1406	1426
1406	1432
1406	1463
1407	43
1407	82
1407	247
1407	253
1407	308
1407	321
1407	372
1407	403
1407	454
1407	483
1407	492
1407	498
1407	551
1407	557
1407	580
1407	610
1407	623
1407	641
1407	656
1407	661
1407	737
1407	738
1407	835
1407	848
1407	869
1407	882
1407	901
1407	914
1407	917
1407	934
1407	973
1407	1040
1407	1106
1407	1146
1407	1186
1407	1248
1407	1261
1407	1264
1407	1269
1407	1270
1407	1289
1407	1317
1407	1322
1407	1338
1407	1367
1407	1392
1407	1400
1407	1438
1407	1454
1407	1485
1407	1496
1408	74
1408	126
1408	132
1408	203
1408	210
1408	218
1408	360
1408	463
1408	488
1408	595
1408	674
1408	695
1408	712
1408	773
1408	791
1408	818
1408	820
1408	881
1408	886
1408	922
1408	940
1408	999
1408	1005
1408	1027
1408	1032
1408	1052
1408	1124
1408	1126
1408	1152
1408	1160
1408	1175
1408	1223
1408	1229
1408	1247
1408	1290
1408	1304
1408	1322
1408	1349
1408	1398
1408	1420
1408	1422
1408	1441
1408	1442
1408	1461
1408	1462
1408	1464
1408	1479
1408	1481
1408	1486
1408	1492
1408	1498
1409	32
1409	59
1409	287
1409	306
1409	376
1409	510
1409	511
1409	570
1409	608
1409	686
1409	696
1409	700
1409	726
1409	774
1409	809
1409	825
1409	828
1409	832
1409	854
1409	893
1409	895
1409	937
1409	952
1409	954
1409	958
1409	965
1409	1034
1409	1061
1409	1119
1409	1128
1409	1130
1409	1135
1409	1138
1409	1150
1409	1162
1409	1170
1409	1191
1409	1193
1409	1208
1409	1336
1409	1349
1409	1369
1409	1384
1409	1388
1409	1411
1409	1425
1409	1441
1409	1458
1409	1477
1409	1479
1409	1483
1409	1500
1410	4
1410	56
1410	140
1410	174
1410	216
1410	240
1410	278
1410	304
1410	308
1410	334
1410	363
1410	443
1410	444
1410	458
1410	463
1410	470
1410	550
1410	556
1410	561
1410	630
1410	663
1410	669
1410	679
1410	702
1410	716
1410	731
1410	772
1410	796
1410	913
1410	934
1410	992
1410	1002
1410	1047
1410	1095
1410	1103
1410	1118
1410	1148
1410	1251
1410	1262
1410	1277
1410	1286
1410	1308
1410	1326
1410	1337
1410	1347
1410	1353
1410	1368
1410	1370
1410	1376
1410	1401
1410	1459
1410	1499
1411	32
1411	59
1411	123
1411	192
1411	261
1411	287
1411	306
1411	519
1411	538
1411	608
1411	641
1411	679
1411	686
1411	696
1411	700
1411	731
1411	774
1411	828
1411	831
1411	836
1411	854
1411	887
1411	909
1411	937
1411	965
1411	992
1411	1045
1411	1082
1411	1119
1411	1123
1411	1138
1411	1162
1411	1170
1411	1191
1411	1193
1411	1204
1411	1208
1411	1245
1411	1274
1411	1336
1411	1341
1411	1388
1411	1409
1411	1420
1411	1423
1411	1426
1411	1439
1411	1445
1411	1476
1411	1482
1411	1485
1411	1494
1412	25
1412	58
1412	78
1412	119
1412	124
1412	205
1412	217
1412	251
1412	277
1412	408
1412	459
1412	588
1412	613
1412	630
1412	641
1412	654
1412	685
1412	691
1412	711
1412	726
1412	747
1412	769
1412	815
1412	911
1412	931
1412	938
1412	948
1412	951
1412	953
1412	962
1412	994
1412	1013
1412	1037
1412	1047
1412	1078
1412	1128
1412	1184
1412	1197
1412	1218
1412	1228
1412	1284
1412	1293
1412	1298
1412	1324
1412	1327
1412	1366
1412	1395
1412	1419
1412	1440
1412	1443
1412	1458
1412	1490
1413	47
1413	128
1413	195
1413	219
1413	290
1413	366
1413	506
1413	520
1413	546
1413	636
1413	663
1413	691
1413	817
1413	823
1413	923
1413	948
1413	951
1413	970
1413	1035
1413	1067
1413	1070
1413	1077
1413	1086
1413	1100
1413	1103
1413	1108
1413	1126
1413	1155
1413	1169
1413	1194
1413	1212
1413	1221
1413	1229
1413	1231
1413	1249
1413	1261
1413	1265
1413	1275
1413	1303
1413	1320
1413	1323
1413	1336
1413	1354
1413	1357
1413	1358
1413	1402
1413	1404
1413	1433
1413	1441
1413	1453
1413	1475
1413	1489
1414	21
1414	42
1414	70
1414	174
1414	186
1414	266
1414	279
1414	363
1414	440
1414	453
1414	525
1414	603
1414	612
1414	618
1414	660
1414	667
1414	738
1414	741
1414	754
1414	765
1414	843
1414	862
1414	870
1414	881
1414	892
1414	908
1414	988
1414	1050
1414	1052
1414	1091
1414	1128
1414	1132
1414	1158
1414	1221
1414	1222
1414	1227
1414	1235
1414	1246
1414	1264
1414	1301
1414	1309
1414	1325
1414	1380
1414	1382
1414	1396
1414	1422
1414	1424
1414	1426
1414	1429
1414	1434
1414	1468
1414	1494
1415	98
1415	107
1415	167
1415	184
1415	197
1415	235
1415	248
1415	249
1415	251
1415	317
1415	338
1415	477
1415	622
1415	624
1415	649
1415	663
1415	695
1415	753
1415	769
1415	790
1415	797
1415	798
1415	866
1415	930
1415	957
1415	979
1415	984
1415	1030
1415	1048
1415	1060
1415	1095
1415	1099
1415	1117
1415	1151
1415	1211
1415	1228
1415	1248
1415	1257
1415	1311
1415	1316
1415	1323
1415	1335
1415	1351
1415	1362
1415	1373
1415	1391
1415	1441
1415	1453
1415	1457
1415	1468
1415	1489
1415	1497
1416	121
1416	144
1416	175
1416	216
1416	221
1416	243
1416	289
1416	299
1416	378
1416	483
1416	498
1416	554
1416	587
1416	604
1416	609
1416	631
1416	665
1416	764
1416	809
1416	834
1416	875
1416	902
1416	920
1416	963
1416	987
1416	1015
1416	1061
1416	1105
1416	1113
1416	1122
1416	1129
1416	1168
1416	1192
1416	1211
1416	1216
1416	1241
1416	1243
1416	1262
1416	1268
1416	1271
1416	1272
1416	1305
1416	1333
1416	1336
1416	1361
1416	1380
1416	1383
1416	1404
1416	1449
1416	1467
1416	1479
1416	1480
1417	8
1417	20
1417	60
1417	95
1417	184
1417	192
1417	236
1417	312
1417	418
1417	420
1417	423
1417	437
1417	453
1417	629
1417	675
1417	689
1417	737
1417	740
1417	814
1417	840
1417	861
1417	880
1417	960
1417	984
1417	1022
1417	1025
1417	1028
1417	1037
1417	1098
1417	1113
1417	1121
1417	1241
1417	1249
1417	1260
1417	1276
1417	1293
1417	1313
1417	1336
1417	1337
1417	1361
1417	1369
1417	1372
1417	1375
1417	1381
1417	1402
1417	1423
1417	1436
1417	1446
1417	1456
1417	1460
1417	1466
1417	1477
1417	1500
1418	51
1418	69
1418	122
1418	131
1418	152
1418	166
1418	171
1418	193
1418	353
1418	406
1418	409
1418	484
1418	487
1418	505
1418	509
1418	510
1418	524
1418	591
1418	602
1418	671
1418	691
1418	697
1418	714
1418	716
1418	735
1418	815
1418	836
1418	891
1418	912
1418	915
1418	974
1418	983
1418	1099
1418	1124
1418	1139
1418	1142
1418	1159
1418	1190
1418	1233
1418	1246
1418	1252
1418	1286
1418	1303
1418	1306
1418	1313
1418	1330
1418	1339
1418	1362
1418	1367
1418	1387
1418	1419
1418	1468
1418	1494
1419	8
1419	19
1419	58
1419	70
1419	90
1419	144
1419	194
1419	217
1419	241
1419	330
1419	342
1419	445
1419	540
1419	652
1419	654
1419	711
1419	741
1419	811
1419	835
1419	850
1419	911
1419	931
1419	938
1419	962
1419	1010
1419	1013
1419	1021
1419	1040
1419	1095
1419	1116
1419	1151
1419	1220
1419	1250
1419	1259
1419	1298
1419	1322
1419	1339
1419	1341
1419	1347
1419	1358
1419	1362
1419	1382
1419	1386
1419	1387
1419	1401
1419	1412
1419	1418
1419	1440
1419	1450
1419	1458
1419	1473
1419	1488
1419	1495
1420	1
1420	195
1420	289
1420	300
1420	372
1420	404
1420	428
1420	452
1420	461
1420	467
1420	468
1420	547
1420	578
1420	579
1420	591
1420	603
1420	671
1420	674
1420	695
1420	697
1420	712
1420	770
1420	776
1420	851
1420	881
1420	922
1420	976
1420	1052
1420	1073
1420	1076
1420	1152
1420	1154
1420	1218
1420	1223
1420	1267
1420	1268
1420	1277
1420	1298
1420	1321
1420	1324
1420	1344
1420	1345
1420	1349
1420	1408
1420	1411
1420	1440
1420	1446
1420	1454
1420	1457
1420	1460
1420	1461
1420	1462
1420	1464
1420	1496
1421	76
1421	119
1421	145
1421	146
1421	246
1421	249
1421	257
1421	283
1421	338
1421	372
1421	377
1421	476
1421	491
1421	496
1421	530
1421	598
1421	601
1421	626
1421	642
1421	644
1421	670
1421	676
1421	720
1421	752
1421	754
1421	783
1421	802
1421	813
1421	863
1421	898
1421	913
1421	923
1421	960
1421	993
1421	1019
1421	1046
1421	1047
1421	1114
1421	1175
1421	1198
1421	1211
1421	1247
1421	1260
1421	1298
1421	1352
1421	1378
1421	1384
1421	1426
1421	1428
1421	1437
1421	1462
1421	1472
1421	1481
1421	1494
1422	42
1422	83
1422	120
1422	175
1422	203
1422	208
1422	354
1422	375
1422	453
1422	477
1422	487
1422	495
1422	525
1422	532
1422	552
1422	738
1422	804
1422	805
1422	842
1422	849
1422	873
1422	893
1422	989
1422	1006
1422	1044
1422	1050
1422	1069
1422	1091
1422	1118
1422	1132
1422	1137
1422	1158
1422	1222
1422	1227
1422	1265
1422	1270
1422	1300
1422	1309
1422	1325
1422	1380
1422	1382
1422	1396
1422	1408
1422	1414
1422	1424
1422	1426
1422	1431
1422	1434
1422	1440
1422	1462
1422	1468
1422	1472
1422	1488
1422	1495
1423	68
1423	85
1423	122
1423	136
1423	285
1423	309
1423	341
1423	346
1423	360
1423	386
1423	555
1423	586
1423	594
1423	606
1423	752
1423	784
1423	805
1423	809
1423	892
1423	932
1423	938
1423	946
1423	965
1423	966
1423	995
1423	1034
1423	1061
1423	1102
1423	1110
1423	1134
1423	1136
1423	1160
1423	1201
1423	1232
1423	1242
1423	1251
1423	1279
1423	1299
1423	1327
1423	1329
1423	1346
1423	1354
1423	1369
1423	1374
1423	1386
1423	1411
1423	1417
1423	1429
1423	1460
1423	1470
1423	1480
1423	1490
1423	1495
1423	1496
1424	42
1424	186
1424	266
1424	305
1424	363
1424	425
1424	435
1424	495
1424	525
1424	532
1424	551
1424	592
1424	713
1424	735
1424	738
1424	759
1424	849
1424	854
1424	887
1424	893
1424	982
1424	1005
1424	1025
1424	1050
1424	1148
1424	1159
1424	1188
1424	1222
1424	1227
1424	1242
1424	1279
1424	1301
1424	1309
1424	1324
1424	1325
1424	1341
1424	1342
1424	1364
1424	1380
1424	1382
1424	1385
1424	1396
1424	1403
1424	1414
1424	1422
1424	1426
1424	1432
1424	1433
1424	1434
1424	1444
1424	1468
1424	1484
1424	1492
1424	1493
1425	129
1425	139
1425	154
1425	168
1425	247
1425	321
1425	460
1425	471
1425	522
1425	600
1425	610
1425	644
1425	692
1425	693
1425	738
1425	827
1425	848
1425	868
1425	874
1425	881
1425	958
1425	968
1425	973
1425	986
1425	988
1425	999
1425	1004
1425	1021
1425	1063
1425	1066
1425	1134
1425	1136
1425	1146
1425	1156
1425	1203
1425	1205
1425	1208
1425	1212
1425	1214
1425	1258
1425	1264
1425	1270
1425	1275
1425	1319
1425	1324
1425	1338
1425	1409
1425	1446
1425	1454
1425	1455
1425	1456
1425	1476
1425	1485
1425	1494
1425	1500
1426	61
1426	64
1426	225
1426	349
1426	363
1426	446
1426	495
1426	525
1426	532
1426	624
1426	667
1426	713
1426	727
1426	738
1426	764
1426	787
1426	849
1426	893
1426	1004
1426	1025
1426	1050
1426	1091
1426	1158
1426	1161
1426	1175
1426	1183
1426	1205
1426	1222
1426	1227
1426	1235
1426	1250
1426	1309
1426	1311
1426	1325
1426	1340
1426	1352
1426	1380
1426	1382
1426	1392
1426	1396
1426	1406
1426	1411
1426	1414
1426	1421
1426	1422
1426	1424
1426	1434
1426	1437
1426	1454
1426	1456
1426	1468
1426	1486
1426	1487
1426	1499
1426	1500
1427	13
1427	28
1427	39
1427	75
1427	105
1427	129
1427	299
1427	353
1427	370
1427	392
1427	482
1427	559
1427	622
1427	693
1427	714
1427	768
1427	808
1427	841
1427	862
1427	886
1427	939
1427	1006
1427	1011
1427	1033
1427	1053
1427	1054
1427	1070
1427	1079
1427	1102
1427	1104
1427	1110
1427	1113
1427	1144
1427	1172
1427	1195
1427	1200
1427	1212
1427	1235
1427	1282
1427	1324
1427	1326
1427	1349
1427	1351
1427	1353
1427	1379
1427	1380
1427	1428
1427	1441
1427	1450
1427	1451
1427	1466
1427	1471
1427	1484
1427	1486
1427	1494
1428	2
1428	11
1428	87
1428	93
1428	131
1428	145
1428	350
1428	359
1428	372
1428	400
1428	416
1428	419
1428	446
1428	497
1428	515
1428	531
1428	557
1428	582
1428	614
1428	620
1428	644
1428	650
1428	651
1428	660
1428	752
1428	771
1428	802
1428	836
1428	887
1428	898
1428	923
1428	945
1428	993
1428	997
1428	1019
1428	1077
1428	1135
1428	1171
1428	1215
1428	1216
1428	1247
1428	1258
1428	1259
1428	1289
1428	1327
1428	1343
1428	1345
1428	1350
1428	1359
1428	1421
1428	1427
1428	1472
1428	1485
1428	1490
1428	1493
1429	142
1429	236
1429	285
1429	309
1429	346
1429	360
1429	411
1429	586
1429	660
1429	678
1429	705
1429	719
1429	746
1429	795
1429	818
1429	839
1429	872
1429	892
1429	899
1429	966
1429	1009
1429	1022
1429	1061
1429	1070
1429	1073
1429	1096
1429	1110
1429	1136
1429	1146
1429	1185
1429	1215
1429	1230
1429	1232
1429	1239
1429	1242
1429	1251
1429	1278
1429	1279
1429	1298
1429	1321
1429	1346
1429	1354
1429	1374
1429	1377
1429	1386
1429	1403
1429	1414
1429	1423
1429	1443
1429	1446
1429	1455
1429	1456
1429	1470
1429	1480
1429	1490
1429	1494
1430	11
1430	48
1430	194
1430	265
1430	277
1430	280
1430	334
1430	421
1430	449
1430	450
1430	519
1430	531
1430	604
1430	618
1430	664
1430	694
1430	753
1430	762
1430	767
1430	867
1430	877
1430	878
1430	888
1430	912
1430	915
1430	925
1430	944
1430	1003
1430	1008
1430	1023
1430	1041
1430	1045
1430	1083
1430	1097
1430	1123
1430	1129
1430	1142
1430	1164
1430	1248
1430	1272
1430	1279
1430	1286
1430	1287
1430	1303
1430	1320
1430	1327
1430	1332
1430	1335
1430	1355
1430	1431
1430	1433
1430	1442
1430	1456
1430	1484
1430	1493
1430	1494
1431	84
1431	89
1431	137
1431	258
1431	265
1431	284
1431	295
1431	300
1431	325
1431	421
1431	473
1431	543
1431	571
1431	591
1431	599
1431	618
1431	688
1431	694
1431	704
1431	740
1431	778
1431	826
1431	850
1431	862
1431	872
1431	899
1431	931
1431	1012
1431	1023
1431	1026
1431	1083
1431	1097
1431	1099
1431	1123
1431	1129
1431	1134
1431	1182
1431	1203
1431	1241
1431	1283
1431	1287
1431	1303
1431	1310
1431	1326
1431	1332
1431	1335
1431	1352
1431	1368
1431	1369
1431	1384
1431	1422
1431	1430
1431	1433
1431	1442
1431	1484
1431	1493
1432	27
1432	80
1432	92
1432	110
1432	170
1432	179
1432	224
1432	262
1432	295
1432	364
1432	385
1432	402
1432	439
1432	534
1432	588
1432	634
1432	701
1432	704
1432	706
1432	742
1432	757
1432	775
1432	782
1432	784
1432	796
1432	806
1432	808
1432	917
1432	932
1432	986
1432	987
1432	1000
1432	1008
1432	1030
1432	1064
1432	1071
1432	1093
1432	1122
1432	1128
1432	1138
1432	1177
1432	1180
1432	1190
1432	1237
1432	1283
1432	1304
1432	1335
1432	1376
1432	1394
1432	1401
1432	1406
1432	1424
1432	1452
1432	1473
1432	1483
1432	1495
1433	33
1433	48
1433	137
1433	149
1433	239
1433	301
1433	337
1433	421
1433	533
1433	599
1433	615
1433	651
1433	662
1433	664
1433	684
1433	756
1433	810
1433	826
1433	862
1433	925
1433	935
1433	951
1433	986
1433	1023
1433	1026
1433	1063
1433	1075
1433	1097
1433	1123
1433	1129
1433	1145
1433	1229
1433	1270
1433	1279
1433	1287
1433	1303
1433	1310
1433	1350
1433	1368
1433	1380
1433	1381
1433	1395
1433	1405
1433	1413
1433	1424
1433	1430
1433	1431
1433	1442
1433	1448
1433	1457
1433	1463
1433	1465
1433	1470
1433	1482
1433	1484
1433	1493
1434	42
1434	61
1434	175
1434	176
1434	177
1434	268
1434	288
1434	358
1434	409
1434	425
1434	430
1434	446
1434	453
1434	535
1434	575
1434	613
1434	617
1434	713
1434	738
1434	750
1434	765
1434	777
1434	817
1434	824
1434	849
1434	859
1434	862
1434	891
1434	893
1434	967
1434	972
1434	1025
1434	1050
1434	1091
1434	1120
1434	1132
1434	1183
1434	1222
1434	1256
1434	1275
1434	1292
1434	1301
1434	1308
1434	1325
1434	1341
1434	1346
1434	1380
1434	1382
1434	1396
1434	1414
1434	1422
1434	1424
1434	1426
1434	1457
1434	1468
1434	1475
1434	1500
1435	7
1435	33
1435	191
1435	197
1435	200
1435	381
1435	384
1435	432
1435	462
1435	497
1435	537
1435	541
1435	573
1435	595
1435	605
1435	643
1435	646
1435	748
1435	756
1435	812
1435	814
1435	831
1435	900
1435	914
1435	985
1435	1016
1435	1039
1435	1057
1435	1058
1435	1076
1435	1081
1435	1082
1435	1112
1435	1154
1435	1164
1435	1186
1435	1197
1435	1199
1435	1207
1435	1230
1435	1275
1435	1278
1435	1296
1435	1318
1435	1323
1435	1371
1435	1373
1435	1374
1435	1379
1435	1380
1435	1396
1435	1449
1435	1450
1435	1473
1435	1477
1435	1479
1435	1482
1436	66
1436	81
1436	94
1436	125
1436	337
1436	362
1436	423
1436	451
1436	465
1436	476
1436	527
1436	657
1436	668
1436	675
1436	689
1436	696
1436	728
1436	740
1436	774
1436	818
1436	827
1436	836
1436	840
1436	880
1436	897
1436	904
1436	919
1436	924
1436	947
1436	956
1436	971
1436	975
1436	1024
1436	1028
1436	1054
1436	1074
1436	1098
1436	1121
1436	1128
1436	1129
1436	1178
1436	1208
1436	1228
1436	1249
1436	1250
1436	1313
1436	1317
1436	1323
1436	1372
1436	1377
1436	1393
1436	1417
1436	1464
1436	1466
1436	1467
1436	1468
1436	1491
1437	17
1437	31
1437	60
1437	76
1437	231
1437	288
1437	338
1437	376
1437	402
1437	451
1437	465
1437	556
1437	575
1437	647
1437	684
1437	689
1437	728
1437	740
1437	796
1437	807
1437	822
1437	897
1437	956
1437	971
1437	1028
1437	1065
1437	1074
1437	1098
1437	1121
1437	1134
1437	1183
1437	1188
1437	1226
1437	1237
1437	1238
1437	1264
1437	1273
1437	1295
1437	1309
1437	1336
1437	1339
1437	1355
1437	1361
1437	1377
1437	1381
1437	1390
1437	1393
1437	1398
1437	1421
1437	1426
1437	1440
1437	1441
1437	1464
1437	1466
1437	1496
1437	1499
1437	1500
1438	1
1438	67
1438	83
1438	134
1438	216
1438	243
1438	308
1438	339
1438	348
1438	364
1438	393
1438	486
1438	517
1438	570
1438	649
1438	677
1438	713
1438	724
1438	755
1438	758
1438	767
1438	773
1438	823
1438	873
1438	876
1438	918
1438	930
1438	949
1438	1101
1438	1125
1438	1135
1438	1137
1438	1149
1438	1160
1438	1181
1438	1215
1438	1225
1438	1240
1438	1252
1438	1262
1438	1279
1438	1292
1438	1326
1438	1329
1438	1341
1438	1359
1438	1363
1438	1364
1438	1368
1438	1374
1438	1393
1438	1399
1438	1407
1438	1439
1438	1454
1438	1468
1438	1496
1438	1499
1439	50
1439	71
1439	76
1439	104
1439	120
1439	165
1439	187
1439	215
1439	237
1439	238
1439	257
1439	258
1439	299
1439	331
1439	369
1439	389
1439	398
1439	437
1439	469
1439	648
1439	709
1439	719
1439	730
1439	753
1439	821
1439	860
1439	897
1439	925
1439	940
1439	976
1439	1027
1439	1077
1439	1097
1439	1098
1439	1107
1439	1109
1439	1135
1439	1176
1439	1206
1439	1217
1439	1234
1439	1260
1439	1273
1439	1277
1439	1323
1439	1325
1439	1326
1439	1330
1439	1343
1439	1396
1439	1411
1439	1438
1439	1455
1439	1472
1439	1476
1439	1478
1439	1492
1439	1493
1439	1497
1440	58
1440	124
1440	149
1440	196
1440	214
1440	275
1440	298
1440	320
1440	407
1440	505
1440	581
1440	605
1440	639
1440	641
1440	652
1440	654
1440	691
1440	711
1440	811
1440	835
1440	840
1440	850
1440	857
1440	858
1440	859
1440	878
1440	931
1440	938
1440	946
1440	948
1440	962
1440	963
1440	1013
1440	1016
1440	1023
1440	1078
1440	1128
1440	1169
1440	1192
1440	1217
1440	1269
1440	1273
1440	1290
1440	1298
1440	1332
1440	1334
1440	1358
1440	1374
1440	1379
1440	1412
1440	1419
1440	1420
1440	1422
1440	1437
1440	1458
1440	1469
1440	1470
1440	1473
1440	1484
1441	43
1441	47
1441	120
1441	159
1441	219
1441	250
1441	305
1441	308
1441	516
1441	520
1441	549
1441	593
1441	636
1441	691
1441	764
1441	817
1441	846
1441	931
1441	970
1441	975
1441	1004
1441	1020
1441	1028
1441	1035
1441	1054
1441	1067
1441	1070
1441	1085
1441	1108
1441	1122
1441	1145
1441	1150
1441	1175
1441	1194
1441	1221
1441	1223
1441	1231
1441	1237
1441	1261
1441	1275
1441	1299
1441	1300
1441	1308
1441	1315
1441	1328
1441	1357
1441	1402
1441	1408
1441	1409
1441	1413
1441	1415
1441	1427
1441	1437
1441	1455
1441	1475
1441	1484
1441	1485
1441	1488
1441	1489
1442	137
1442	139
1442	226
1442	265
1442	325
1442	421
1442	454
1442	519
1442	615
1442	667
1442	683
1442	684
1442	688
1442	694
1442	703
1442	718
1442	826
1442	875
1442	878
1442	925
1442	964
1442	1003
1442	1023
1442	1026
1442	1029
1442	1047
1442	1071
1442	1080
1442	1084
1442	1097
1442	1105
1442	1117
1442	1123
1442	1129
1442	1142
1442	1143
1442	1182
1442	1192
1442	1229
1442	1235
1442	1260
1442	1279
1442	1303
1442	1310
1442	1318
1442	1332
1442	1335
1442	1354
1442	1368
1442	1399
1442	1408
1442	1430
1442	1431
1442	1433
1442	1464
1442	1472
1442	1478
1442	1484
1442	1491
1443	205
1443	233
1443	309
1443	316
1443	340
1443	346
1443	373
1443	380
1443	539
1443	552
1443	745
1443	833
1443	846
1443	852
1443	872
1443	892
1443	970
1443	994
1443	1022
1443	1061
1443	1073
1443	1075
1443	1096
1443	1110
1443	1135
1443	1136
1443	1140
1443	1185
1443	1201
1443	1216
1443	1228
1443	1232
1443	1242
1443	1251
1443	1261
1443	1272
1443	1314
1443	1330
1443	1336
1443	1346
1443	1354
1443	1364
1443	1369
1443	1374
1443	1385
1443	1412
1443	1429
1443	1445
1443	1459
1443	1460
1443	1463
1443	1468
1443	1470
1443	1480
1443	1481
1443	1485
1443	1490
1443	1495
1443	1499
1444	35
1444	133
1444	168
1444	173
1444	263
1444	267
1444	307
1444	327
1444	333
1444	368
1444	382
1444	417
1444	436
1444	464
1444	482
1444	516
1444	591
1444	714
1444	800
1444	803
1444	828
1444	847
1444	855
1444	865
1444	895
1444	896
1444	937
1444	966
1444	1001
1444	1051
1444	1058
1444	1085
1444	1090
1444	1100
1444	1103
1444	1124
1444	1131
1444	1140
1444	1157
1444	1227
1444	1238
1444	1242
1444	1265
1444	1280
1444	1306
1444	1307
1444	1330
1444	1336
1444	1355
1444	1359
1444	1373
1444	1374
1444	1396
1444	1400
1444	1424
1444	1469
1444	1474
1444	1476
1444	1488
1445	21
1445	67
1445	71
1445	80
1445	101
1445	108
1445	127
1445	136
1445	252
1445	314
1445	332
1445	348
1445	442
1445	507
1445	606
1445	629
1445	633
1445	698
1445	732
1445	737
1445	740
1445	798
1445	851
1445	908
1445	921
1445	963
1445	971
1445	975
1445	1014
1445	1021
1445	1043
1445	1134
1445	1169
1445	1192
1445	1196
1445	1204
1445	1216
1445	1218
1445	1224
1445	1245
1445	1260
1445	1280
1445	1288
1445	1291
1445	1298
1445	1333
1445	1340
1445	1344
1445	1346
1445	1349
1445	1350
1445	1405
1445	1411
1445	1443
1445	1472
1445	1481
1445	1483
1445	1492
1445	1500
1446	58
1446	111
1446	112
1446	142
1446	210
1446	218
1446	300
1446	372
1446	408
1446	428
1446	455
1446	459
1446	466
1446	467
1446	475
1446	534
1446	559
1446	562
1446	577
1446	619
1446	622
1446	626
1446	667
1446	744
1446	779
1446	820
1446	868
1446	931
1446	936
1446	940
1446	972
1446	976
1446	1106
1446	1133
1446	1152
1446	1160
1446	1175
1446	1182
1446	1222
1446	1223
1446	1226
1446	1283
1446	1290
1446	1321
1446	1322
1446	1349
1446	1357
1446	1417
1446	1420
1446	1425
1446	1429
1446	1450
1446	1452
1446	1461
1446	1462
1446	1467
1446	1474
1446	1483
1446	1495
1447	3
1447	65
1447	113
1447	164
1447	181
1447	255
1447	322
1447	382
1447	456
1447	487
1447	503
1447	558
1447	614
1447	659
1447	664
1447	720
1447	721
1447	759
1447	801
1447	839
1447	857
1447	880
1447	933
1447	961
1447	996
1447	1005
1447	1026
1447	1041
1447	1044
1447	1056
1447	1064
1447	1071
1447	1072
1447	1084
1447	1101
1447	1105
1447	1115
1447	1127
1447	1140
1447	1170
1447	1174
1447	1183
1447	1202
1447	1210
1447	1233
1447	1236
1447	1237
1447	1266
1447	1311
1447	1313
1447	1319
1447	1353
1447	1369
1447	1385
1447	1389
1447	1459
1447	1460
1447	1465
1447	1468
1448	17
1448	29
1448	52
1448	91
1448	155
1448	167
1448	209
1448	217
1448	274
1448	304
1448	413
1448	484
1448	501
1448	572
1448	576
1448	595
1448	626
1448	645
1448	658
1448	779
1448	784
1448	786
1448	825
1448	906
1448	937
1448	1004
1448	1007
1448	1055
1448	1099
1448	1109
1448	1118
1448	1180
1448	1181
1448	1186
1448	1188
1448	1239
1448	1250
1448	1256
1448	1271
1448	1288
1448	1299
1448	1306
1448	1337
1448	1340
1448	1355
1448	1362
1448	1364
1448	1367
1448	1370
1448	1380
1448	1382
1448	1384
1448	1394
1448	1433
1448	1454
1448	1456
1448	1475
1448	1477
1448	1480
1449	18
1449	102
1449	144
1449	203
1449	295
1449	339
1449	365
1449	378
1449	391
1449	410
1449	444
1449	472
1449	519
1449	604
1449	609
1449	665
1449	701
1449	761
1449	791
1449	802
1449	809
1449	816
1449	834
1449	845
1449	853
1449	901
1449	920
1449	977
1449	1015
1449	1037
1449	1042
1449	1047
1449	1113
1449	1151
1449	1168
1449	1187
1449	1211
1449	1216
1449	1220
1449	1243
1449	1260
1449	1262
1449	1268
1449	1270
1449	1271
1449	1272
1449	1280
1449	1284
1449	1286
1449	1308
1449	1333
1449	1350
1449	1363
1449	1383
1449	1389
1449	1416
1449	1435
1449	1483
1449	1484
1449	1498
1450	20
1450	102
1450	105
1450	205
1450	223
1450	234
1450	245
1450	279
1450	302
1450	333
1450	357
1450	370
1450	392
1450	426
1450	697
1450	709
1450	730
1450	741
1450	820
1450	852
1450	886
1450	891
1450	919
1450	946
1450	970
1450	981
1450	1006
1450	1033
1450	1059
1450	1076
1450	1094
1450	1104
1450	1128
1450	1144
1450	1152
1450	1189
1450	1195
1450	1200
1450	1202
1450	1212
1450	1235
1450	1261
1450	1294
1450	1306
1450	1329
1450	1345
1450	1351
1450	1379
1450	1389
1450	1397
1450	1419
1450	1427
1450	1435
1450	1446
1450	1452
1450	1457
1450	1483
1450	1485
1450	1486
1450	1494
1451	24
1451	70
1451	169
1451	177
1451	188
1451	190
1451	239
1451	277
1451	330
1451	344
1451	352
1451	366
1451	400
1451	432
1451	436
1451	456
1451	484
1451	514
1451	517
1451	548
1451	610
1451	647
1451	658
1451	676
1451	744
1451	752
1451	805
1451	807
1451	856
1451	904
1451	909
1451	915
1451	924
1451	927
1451	976
1451	980
1451	1008
1451	1038
1451	1115
1451	1160
1451	1165
1451	1178
1451	1187
1451	1190
1451	1270
1451	1272
1451	1279
1451	1281
1451	1291
1451	1329
1451	1344
1451	1345
1451	1380
1451	1402
1451	1427
1451	1457
1451	1463
1451	1475
1451	1487
1451	1495
1452	55
1452	67
1452	161
1452	162
1452	192
1452	254
1452	259
1452	304
1452	315
1452	316
1452	335
1452	386
1452	417
1452	457
1452	480
1452	493
1452	565
1452	634
1452	640
1452	675
1452	748
1452	809
1452	820
1452	836
1452	844
1452	918
1452	924
1452	964
1452	970
1452	986
1452	991
1452	1020
1452	1034
1452	1062
1452	1069
1452	1087
1452	1102
1452	1130
1452	1153
1452	1167
1452	1174
1452	1204
1452	1243
1452	1247
1452	1282
1452	1284
1452	1285
1452	1293
1452	1307
1452	1332
1452	1364
1452	1376
1452	1390
1452	1432
1452	1446
1452	1450
1452	1456
1452	1461
1452	1464
1452	1492
1453	46
1453	68
1453	89
1453	127
1453	136
1453	178
1453	207
1453	208
1453	210
1453	238
1453	239
1453	356
1453	398
1453	405
1453	433
1453	451
1453	540
1453	557
1453	625
1453	702
1453	732
1453	739
1453	746
1453	778
1453	786
1453	908
1453	942
1453	963
1453	1013
1453	1014
1453	1019
1453	1026
1453	1032
1453	1043
1453	1112
1453	1121
1453	1167
1453	1192
1453	1194
1453	1196
1453	1198
1453	1218
1453	1224
1453	1230
1453	1244
1453	1276
1453	1291
1453	1320
1453	1344
1453	1361
1453	1368
1453	1395
1453	1398
1453	1413
1453	1415
1453	1467
1453	1481
1453	1482
1453	1483
1453	1491
1454	37
1454	41
1454	86
1454	109
1454	141
1454	161
1454	247
1454	253
1454	264
1454	273
1454	290
1454	347
1454	492
1454	498
1454	562
1454	641
1454	656
1454	691
1454	703
1454	780
1454	811
1454	831
1454	835
1454	882
1454	968
1454	969
1454	988
1454	990
1454	1006
1454	1024
1454	1066
1454	1074
1454	1088
1454	1106
1454	1122
1454	1134
1454	1156
1454	1172
1454	1184
1454	1225
1454	1233
1454	1258
1454	1270
1454	1317
1454	1318
1454	1323
1454	1331
1454	1338
1454	1385
1454	1399
1454	1407
1454	1420
1454	1425
1454	1426
1454	1438
1454	1448
1454	1458
1454	1475
1454	1485
1454	1488
1455	38
1455	50
1455	51
1455	71
1455	103
1455	104
1455	113
1455	187
1455	215
1455	238
1455	331
1455	333
1455	369
1455	389
1455	398
1455	448
1455	523
1455	551
1455	559
1455	585
1455	604
1455	648
1455	666
1455	719
1455	730
1455	742
1455	770
1455	821
1455	822
1455	894
1455	957
1455	1002
1455	1027
1455	1071
1455	1077
1455	1120
1455	1145
1455	1152
1455	1180
1455	1233
1455	1234
1455	1255
1455	1260
1455	1273
1455	1280
1455	1301
1455	1310
1455	1323
1455	1326
1455	1354
1455	1358
1455	1425
1455	1429
1455	1439
1455	1441
1455	1461
1455	1462
1455	1470
1455	1474
1455	1483
1455	1491
1456	15
1456	183
1456	254
1456	346
1456	355
1456	357
1456	365
1456	386
1456	387
1456	426
1456	457
1456	493
1456	498
1456	511
1456	522
1456	565
1456	572
1456	574
1456	637
1456	640
1456	702
1456	731
1456	796
1456	810
1456	836
1456	888
1456	918
1456	924
1456	954
1456	964
1456	989
1456	991
1456	1003
1456	1024
1456	1034
1456	1087
1456	1090
1456	1102
1456	1109
1456	1114
1456	1119
1456	1186
1456	1211
1456	1219
1456	1282
1456	1285
1456	1293
1456	1364
1456	1371
1456	1385
1456	1399
1456	1403
1456	1417
1456	1425
1456	1426
1456	1429
1456	1430
1456	1448
1456	1452
1456	1481
1456	1484
1457	8
1457	75
1457	110
1457	180
1457	205
1457	279
1457	353
1457	388
1457	390
1457	438
1457	456
1457	559
1457	566
1457	620
1457	685
1457	697
1457	721
1457	799
1457	841
1457	891
1457	1007
1457	1033
1457	1052
1457	1054
1457	1068
1457	1090
1457	1102
1457	1104
1457	1158
1457	1161
1457	1170
1457	1186
1457	1188
1457	1189
1457	1207
1457	1212
1457	1235
1457	1262
1457	1263
1457	1273
1457	1305
1457	1317
1457	1353
1457	1359
1457	1363
1457	1372
1457	1378
1457	1389
1457	1402
1457	1415
1457	1420
1457	1433
1457	1434
1457	1450
1457	1451
1457	1468
1457	1473
1457	1478
1457	1488
1457	1494
1457	1497
1458	27
1458	36
1458	78
1458	124
1458	214
1458	217
1458	234
1458	251
1458	275
1458	320
1458	336
1458	472
1458	495
1458	630
1458	639
1458	654
1458	702
1458	789
1458	811
1458	830
1458	837
1458	850
1458	858
1458	885
1458	938
1458	946
1458	949
1458	953
1458	1010
1458	1021
1458	1025
1458	1078
1458	1089
1458	1109
1458	1120
1458	1130
1458	1143
1458	1184
1458	1267
1458	1271
1458	1279
1458	1298
1458	1300
1458	1316
1458	1334
1458	1335
1458	1342
1458	1358
1458	1380
1458	1409
1458	1412
1458	1419
1458	1440
1458	1454
1458	1461
1458	1467
1458	1473
1458	1488
1458	1490
1458	1493
1458	1495
1459	4
1459	6
1459	56
1459	63
1459	96
1459	117
1459	174
1459	201
1459	233
1459	304
1459	312
1459	329
1459	334
1459	340
1459	341
1459	443
1459	444
1459	463
1459	550
1459	553
1459	561
1459	572
1459	647
1459	663
1459	679
1459	696
1459	715
1459	716
1459	731
1459	753
1459	772
1459	788
1459	790
1459	826
1459	917
1459	927
1459	934
1459	952
1459	992
1459	1002
1459	1048
1459	1064
1459	1078
1459	1103
1459	1149
1459	1173
1459	1210
1459	1223
1459	1249
1459	1253
1459	1277
1459	1302
1459	1308
1459	1347
1459	1370
1459	1385
1459	1400
1459	1410
1459	1443
1459	1447
1459	1477
1459	1491
1460	59
1460	68
1460	73
1460	182
1460	285
1460	309
1460	340
1460	415
1460	529
1460	586
1460	616
1460	633
1460	638
1460	670
1460	745
1460	749
1460	806
1460	832
1460	833
1460	838
1460	869
1460	872
1460	904
1460	908
1460	943
1460	958
1460	966
1460	970
1460	1018
1460	1022
1460	1028
1460	1044
1460	1052
1460	1057
1460	1081
1460	1091
1460	1096
1460	1110
1460	1161
1460	1185
1460	1201
1460	1242
1460	1251
1460	1282
1460	1284
1460	1314
1460	1317
1460	1346
1460	1354
1460	1355
1460	1365
1460	1369
1460	1386
1460	1389
1460	1417
1460	1420
1460	1423
1460	1443
1460	1447
1460	1465
1460	1470
1460	1480
1460	1490
1461	19
1461	46
1461	117
1461	135
1461	254
1461	337
1461	399
1461	407
1461	468
1461	492
1461	578
1461	619
1461	632
1461	647
1461	667
1461	695
1461	735
1461	744
1461	770
1461	779
1461	793
1461	820
1461	922
1461	943
1461	957
1461	976
1461	1005
1461	1012
1461	1030
1461	1091
1461	1163
1461	1175
1461	1229
1461	1267
1461	1271
1461	1290
1461	1309
1461	1312
1461	1320
1461	1321
1461	1329
1461	1334
1461	1337
1461	1349
1461	1357
1461	1360
1461	1376
1461	1377
1461	1400
1461	1408
1461	1420
1461	1446
1461	1452
1461	1455
1461	1458
1461	1462
1461	1464
1461	1469
1461	1472
1461	1478
1461	1480
1461	1486
1461	1498
1462	75
1462	210
1462	300
1462	335
1462	337
1462	359
1462	373
1462	408
1462	452
1462	458
1462	466
1462	467
1462	468
1462	506
1462	576
1462	577
1462	671
1462	695
1462	704
1462	712
1462	744
1462	838
1462	868
1462	920
1462	925
1462	928
1462	940
1462	953
1462	957
1462	1005
1462	1012
1462	1073
1462	1089
1462	1156
1462	1175
1462	1198
1462	1223
1462	1260
1462	1265
1462	1272
1462	1286
1462	1290
1462	1312
1462	1318
1462	1320
1462	1331
1462	1343
1462	1349
1462	1366
1462	1392
1462	1400
1462	1408
1462	1420
1462	1421
1462	1422
1462	1446
1462	1455
1462	1461
1462	1464
1462	1476
1462	1488
1462	1496
1462	1498
1462	1499
1463	22
1463	103
1463	272
1463	296
1463	325
1463	326
1463	344
1463	351
1463	352
1463	411
1463	427
1463	432
1463	490
1463	514
1463	517
1463	548
1463	658
1463	667
1463	676
1463	758
1463	765
1463	780
1463	805
1463	818
1463	827
1463	858
1463	888
1463	909
1463	927
1463	959
1463	963
1463	965
1463	980
1463	996
1463	1017
1463	1038
1463	1073
1463	1087
1463	1102
1463	1115
1463	1149
1463	1165
1463	1197
1463	1203
1463	1228
1463	1237
1463	1246
1463	1294
1463	1304
1463	1311
1463	1323
1463	1328
1463	1345
1463	1370
1463	1375
1463	1380
1463	1396
1463	1406
1463	1433
1463	1443
1463	1451
1463	1487
1463	1489
1463	1495
1464	36
1464	46
1464	58
1464	84
1464	132
1464	210
1464	212
1464	218
1464	386
1464	426
1464	467
1464	469
1464	546
1464	562
1464	577
1464	584
1464	626
1464	632
1464	663
1464	712
1464	744
1464	795
1464	829
1464	837
1464	838
1464	881
1464	936
1464	940
1464	957
1464	976
1464	1005
1464	1035
1464	1052
1464	1062
1464	1069
1464	1085
1464	1101
1464	1127
1464	1133
1464	1136
1464	1194
1464	1202
1464	1226
1464	1267
1464	1283
1464	1297
1464	1312
1464	1320
1464	1321
1464	1329
1464	1349
1464	1391
1464	1400
1464	1405
1464	1408
1464	1420
1464	1436
1464	1437
1464	1442
1464	1452
1464	1461
1464	1462
1464	1487
1464	1496
1465	2
1465	52
1465	79
1465	126
1465	140
1465	256
1465	282
1465	337
1465	342
1465	380
1465	395
1465	407
1465	501
1465	592
1465	596
1465	646
1465	671
1465	710
1465	761
1465	777
1465	793
1465	810
1465	847
1465	864
1465	890
1465	895
1465	972
1465	998
1465	1000
1465	1002
1465	1080
1465	1101
1465	1107
1465	1141
1465	1164
1465	1187
1465	1193
1465	1206
1465	1209
1465	1214
1465	1240
1465	1244
1465	1296
1465	1301
1465	1311
1465	1313
1465	1324
1465	1328
1465	1352
1465	1359
1465	1360
1465	1366
1465	1371
1465	1385
1465	1387
1465	1405
1465	1433
1465	1447
1465	1460
1465	1466
1465	1467
1465	1471
1465	1475
1465	1479
1466	31
1466	81
1466	95
1466	138
1466	177
1466	231
1466	236
1466	256
1466	351
1466	387
1466	408
1466	423
1466	451
1466	465
1466	509
1466	514
1466	521
1466	527
1466	590
1466	642
1466	668
1466	708
1466	735
1466	740
1466	809
1466	822
1466	872
1466	880
1466	882
1466	897
1466	910
1466	938
1466	956
1466	993
1466	1007
1466	1010
1466	1037
1466	1098
1466	1100
1466	1102
1466	1103
1466	1178
1466	1192
1466	1200
1466	1241
1466	1249
1466	1276
1466	1289
1466	1290
1466	1331
1466	1332
1466	1336
1466	1346
1466	1355
1466	1372
1466	1393
1466	1400
1466	1417
1466	1427
1466	1436
1466	1437
1466	1465
1466	1477
1466	1484
1466	1492
1467	21
1467	89
1467	141
1467	156
1467	207
1467	213
1467	224
1467	237
1467	320
1467	332
1467	335
1467	352
1467	356
1467	374
1467	401
1467	452
1467	560
1467	612
1467	625
1467	656
1467	666
1467	682
1467	731
1467	748
1467	785
1467	794
1467	798
1467	801
1467	847
1467	851
1467	929
1467	942
1467	1006
1467	1025
1467	1043
1467	1060
1467	1111
1467	1120
1467	1189
1467	1192
1467	1218
1467	1230
1467	1241
1467	1245
1467	1265
1467	1276
1467	1291
1467	1306
1467	1340
1467	1341
1467	1344
1467	1386
1467	1390
1467	1402
1467	1404
1467	1416
1467	1436
1467	1446
1467	1453
1467	1458
1467	1465
1467	1471
1467	1481
1467	1483
1467	1492
1468	42
1468	61
1468	70
1468	186
1468	266
1468	353
1468	358
1468	363
1468	446
1468	495
1468	520
1468	525
1468	532
1468	552
1468	580
1468	657
1468	713
1468	737
1468	738
1468	765
1468	815
1468	849
1468	851
1468	893
1468	933
1468	951
1468	964
1468	965
1468	999
1468	1025
1468	1050
1468	1091
1468	1104
1468	1122
1468	1132
1468	1158
1468	1169
1468	1176
1468	1188
1468	1222
1468	1273
1468	1280
1468	1301
1468	1314
1468	1325
1468	1355
1468	1380
1468	1382
1468	1396
1468	1399
1468	1414
1468	1415
1468	1418
1468	1422
1468	1424
1468	1426
1468	1434
1468	1436
1468	1438
1468	1443
1468	1447
1468	1457
1468	1477
1468	1486
1468	1492
1469	9
1469	33
1469	90
1469	145
1469	182
1469	197
1469	310
1469	327
1469	395
1469	442
1469	455
1469	482
1469	516
1469	519
1469	567
1469	593
1469	655
1469	710
1469	714
1469	718
1469	734
1469	766
1469	800
1469	803
1469	828
1469	838
1469	849
1469	865
1469	871
1469	876
1469	931
1469	935
1469	1038
1469	1051
1469	1053
1469	1055
1469	1085
1469	1095
1469	1100
1469	1122
1469	1131
1469	1140
1469	1147
1469	1157
1469	1188
1469	1238
1469	1249
1469	1250
1469	1263
1469	1304
1469	1330
1469	1366
1469	1367
1469	1380
1469	1384
1469	1440
1469	1444
1469	1461
1469	1470
1469	1474
1469	1476
1469	1483
1469	1484
1469	1488
1469	1491
1470	54
1470	158
1470	160
1470	229
1470	292
1470	316
1470	380
1470	402
1470	404
1470	425
1470	456
1470	461
1470	489
1470	529
1470	539
1470	555
1470	562
1470	614
1470	770
1470	780
1470	833
1470	839
1470	872
1470	892
1470	922
1470	945
1470	966
1470	997
1470	1012
1470	1018
1470	1022
1470	1074
1470	1096
1470	1110
1470	1166
1470	1201
1470	1208
1470	1232
1470	1242
1470	1251
1470	1254
1470	1266
1470	1286
1470	1293
1470	1304
1470	1314
1470	1316
1470	1340
1470	1353
1470	1354
1470	1369
1470	1374
1470	1386
1470	1401
1470	1423
1470	1429
1470	1433
1470	1440
1470	1443
1470	1455
1470	1460
1470	1469
1470	1479
1470	1480
1470	1490
1470	1498
1471	49
1471	139
1471	140
1471	247
1471	276
1471	294
1471	321
1471	336
1471	345
1471	429
1471	490
1471	583
1471	584
1471	592
1471	615
1471	638
1471	646
1471	679
1471	710
1471	711
1471	713
1471	747
1471	761
1471	796
1471	847
1471	853
1471	861
1471	887
1471	895
1471	972
1471	982
1471	998
1471	1000
1471	1022
1471	1047
1471	1052
1471	1080
1471	1101
1471	1135
1471	1147
1471	1153
1471	1159
1471	1176
1471	1187
1471	1209
1471	1214
1471	1235
1471	1248
1471	1309
1471	1313
1471	1324
1471	1352
1471	1359
1471	1366
1471	1371
1471	1392
1471	1402
1471	1405
1471	1427
1471	1465
1471	1467
1471	1479
1471	1484
1471	1491
1471	1495
1471	1498
1472	2
1472	119
1472	150
1472	153
1472	227
1472	236
1472	246
1472	278
1472	302
1472	372
1472	401
1472	419
1472	491
1472	497
1472	501
1472	531
1472	576
1472	582
1472	644
1472	665
1472	669
1472	683
1472	688
1472	771
1472	787
1472	813
1472	842
1472	887
1472	898
1472	902
1472	924
1472	929
1472	944
1472	960
1472	993
1472	1046
1472	1064
1472	1071
1472	1099
1472	1100
1472	1172
1472	1198
1472	1205
1472	1209
1472	1236
1472	1258
1472	1271
1472	1277
1472	1289
1472	1303
1472	1327
1472	1343
1472	1349
1472	1369
1472	1378
1472	1384
1472	1396
1472	1404
1472	1421
1472	1422
1472	1428
1472	1439
1472	1442
1472	1445
1472	1461
1472	1488
1473	25
1473	30
1473	78
1473	86
1473	196
1473	204
1473	277
1473	320
1473	330
1473	342
1473	375
1473	389
1473	427
1473	445
1473	459
1473	472
1473	639
1473	652
1473	654
1473	726
1473	748
1473	755
1473	830
1473	838
1473	843
1473	845
1473	861
1473	864
1473	889
1473	904
1473	911
1473	931
1473	938
1473	946
1473	948
1473	962
1473	1001
1473	1010
1473	1021
1473	1078
1473	1115
1473	1158
1473	1172
1473	1184
1473	1189
1473	1191
1473	1228
1473	1249
1473	1294
1473	1299
1473	1307
1473	1320
1473	1325
1473	1337
1473	1358
1473	1367
1473	1376
1473	1419
1473	1432
1473	1435
1473	1440
1473	1457
1473	1458
1473	1478
1473	1483
1473	1487
1474	35
1474	90
1474	97
1474	158
1474	178
1474	202
1474	246
1474	361
1474	387
1474	404
1474	442
1474	455
1474	464
1474	468
1474	486
1474	512
1474	516
1474	542
1474	567
1474	605
1474	639
1474	656
1474	668
1474	704
1474	718
1474	749
1474	758
1474	766
1474	778
1474	800
1474	865
1474	866
1474	891
1474	914
1474	956
1474	966
1474	969
1474	987
1474	1062
1474	1085
1474	1091
1474	1105
1474	1107
1474	1119
1474	1131
1474	1157
1474	1238
1474	1253
1474	1287
1474	1288
1474	1295
1474	1304
1474	1315
1474	1335
1474	1361
1474	1372
1474	1373
1474	1400
1474	1444
1474	1446
1474	1455
1474	1469
1474	1476
1474	1477
1474	1488
1474	1497
1475	43
1475	47
1475	128
1475	158
1475	195
1475	219
1475	305
1475	353
1475	460
1475	520
1475	549
1475	593
1475	597
1475	611
1475	636
1475	667
1475	669
1475	691
1475	708
1475	716
1475	760
1475	764
1475	817
1475	819
1475	846
1475	851
1475	879
1475	907
1475	951
1475	970
1475	975
1475	998
1475	1015
1475	1035
1475	1045
1475	1048
1475	1067
1475	1070
1475	1108
1475	1126
1475	1138
1475	1140
1475	1165
1475	1168
1475	1187
1475	1193
1475	1194
1475	1221
1475	1225
1475	1231
1475	1245
1475	1261
1475	1275
1475	1300
1475	1307
1475	1315
1475	1321
1475	1330
1475	1357
1475	1402
1475	1413
1475	1434
1475	1441
1475	1448
1475	1451
1475	1454
1475	1465
1476	45
1476	81
1476	87
1476	111
1476	157
1476	267
1476	285
1476	310
1476	327
1476	357
1476	404
1476	464
1476	482
1476	539
1476	680
1476	714
1476	749
1476	758
1476	797
1476	800
1476	843
1476	855
1476	926
1476	960
1476	965
1476	969
1476	1051
1476	1053
1476	1059
1476	1062
1476	1085
1476	1087
1476	1090
1476	1100
1476	1104
1476	1107
1476	1109
1476	1131
1476	1136
1476	1140
1476	1191
1476	1238
1476	1252
1476	1258
1476	1262
1476	1263
1476	1267
1476	1270
1476	1279
1476	1287
1476	1304
1476	1316
1476	1368
1476	1373
1476	1378
1476	1400
1476	1405
1476	1411
1476	1425
1476	1439
1476	1444
1476	1462
1476	1469
1476	1474
1476	1488
1476	1491
1476	1495
1477	204
1477	213
1477	220
1477	282
1477	381
1477	392
1477	428
1477	462
1477	481
1477	520
1477	528
1477	541
1477	583
1477	600
1477	605
1477	616
1477	617
1477	635
1477	643
1477	681
1477	705
1477	709
1477	722
1477	727
1477	744
1477	748
1477	772
1477	812
1477	870
1477	937
1477	969
1477	998
1477	1007
1477	1039
1477	1045
1477	1048
1477	1057
1477	1058
1477	1076
1477	1078
1477	1081
1477	1082
1477	1130
1477	1154
1477	1197
1477	1275
1477	1280
1477	1300
1477	1318
1477	1319
1477	1328
1477	1361
1477	1365
1477	1374
1477	1379
1477	1383
1477	1394
1477	1409
1477	1417
1477	1435
1477	1448
1477	1459
1477	1466
1477	1468
1477	1474
1477	1482
1477	1490
1478	88
1478	137
1478	156
1478	180
1478	189
1478	227
1478	281
1478	299
1478	367
1478	388
1478	440
1478	441
1478	566
1478	616
1478	670
1478	692
1478	697
1478	702
1478	721
1478	788
1478	821
1478	860
1478	886
1478	902
1478	908
1478	977
1478	981
1478	1033
1478	1054
1478	1056
1478	1059
1478	1068
1478	1069
1478	1086
1478	1094
1478	1118
1478	1161
1478	1164
1478	1172
1478	1173
1478	1188
1478	1189
1478	1199
1478	1207
1478	1210
1478	1212
1478	1215
1478	1235
1478	1287
1478	1304
1478	1305
1478	1315
1478	1346
1478	1351
1478	1362
1478	1376
1478	1389
1478	1400
1478	1439
1478	1442
1478	1457
1478	1461
1478	1473
1478	1486
1478	1487
1478	1490
1478	1494
1479	38
1479	66
1479	142
1479	167
1479	172
1479	228
1479	237
1479	256
1479	265
1479	283
1479	336
1479	367
1479	460
1479	502
1479	561
1479	579
1479	583
1479	603
1479	638
1479	646
1479	652
1479	662
1479	717
1479	762
1479	777
1479	794
1479	871
1479	890
1479	895
1479	964
1479	996
1479	1000
1479	1003
1479	1064
1479	1071
1479	1101
1479	1127
1479	1143
1479	1206
1479	1213
1479	1214
1479	1239
1479	1246
1479	1296
1479	1307
1479	1308
1479	1313
1479	1324
1479	1352
1479	1353
1479	1364
1479	1366
1479	1371
1479	1387
1479	1397
1479	1405
1479	1408
1479	1409
1479	1416
1479	1435
1479	1465
1479	1470
1479	1471
1479	1480
1479	1486
1479	1498
1479	1499
1480	25
1480	67
1480	68
1480	160
1480	228
1480	261
1480	316
1480	360
1480	375
1480	397
1480	415
1480	461
1480	539
1480	555
1480	560
1480	586
1480	604
1480	618
1480	745
1480	780
1480	809
1480	811
1480	839
1480	852
1480	857
1480	864
1480	872
1480	892
1480	929
1480	956
1480	966
1480	988
1480	1022
1480	1042
1480	1056
1480	1061
1480	1110
1480	1119
1480	1120
1480	1136
1480	1173
1480	1185
1480	1191
1480	1232
1480	1242
1480	1251
1480	1311
1480	1314
1480	1325
1480	1333
1480	1346
1480	1369
1480	1374
1480	1386
1480	1391
1480	1416
1480	1423
1480	1429
1480	1443
1480	1448
1480	1460
1480	1461
1480	1470
1480	1479
1480	1484
1480	1490
1480	1494
1480	1497
1481	7
1481	10
1481	56
1481	66
1481	108
1481	127
1481	143
1481	171
1481	207
1481	208
1481	286
1481	292
1481	374
1481	433
1481	445
1481	507
1481	560
1481	568
1481	578
1481	606
1481	612
1481	678
1481	715
1481	732
1481	794
1481	798
1481	828
1481	892
1481	908
1481	918
1481	955
1481	990
1481	1040
1481	1043
1481	1051
1481	1058
1481	1146
1481	1147
1481	1154
1481	1158
1481	1196
1481	1218
1481	1224
1481	1230
1481	1276
1481	1281
1481	1291
1481	1296
1481	1305
1481	1322
1481	1325
1481	1340
1481	1344
1481	1348
1481	1369
1481	1389
1481	1398
1481	1404
1481	1408
1481	1421
1481	1443
1481	1445
1481	1453
1481	1456
1481	1467
1481	1483
1481	1488
1481	1492
1482	6
1482	7
1482	44
1482	151
1482	197
1482	225
1482	332
1482	371
1482	392
1482	428
1482	494
1482	503
1482	508
1482	573
1482	616
1482	617
1482	668
1482	681
1482	687
1482	705
1482	708
1482	709
1482	722
1482	727
1482	733
1482	748
1482	756
1482	761
1482	793
1482	806
1482	812
1482	932
1482	960
1482	975
1482	985
1482	991
1482	1039
1482	1057
1482	1058
1482	1076
1482	1148
1482	1154
1482	1164
1482	1186
1482	1187
1482	1203
1482	1204
1482	1208
1482	1210
1482	1228
1482	1237
1482	1244
1482	1278
1482	1289
1482	1290
1482	1305
1482	1318
1482	1328
1482	1356
1482	1365
1482	1368
1482	1369
1482	1371
1482	1373
1482	1403
1482	1411
1482	1433
1482	1435
1482	1453
1482	1477
1483	10
1483	12
1483	80
1483	208
1483	213
1483	230
1483	258
1483	294
1483	314
1483	363
1483	431
1483	433
1483	503
1483	539
1483	560
1483	666
1483	678
1483	698
1483	732
1483	740
1483	755
1483	768
1483	770
1483	773
1483	778
1483	828
1483	851
1483	924
1483	970
1483	999
1483	1009
1483	1043
1483	1089
1483	1116
1483	1117
1483	1123
1483	1167
1483	1192
1483	1196
1483	1218
1483	1245
1483	1247
1483	1249
1483	1250
1483	1261
1483	1276
1483	1281
1483	1291
1483	1304
1483	1311
1483	1325
1483	1340
1483	1344
1483	1348
1483	1376
1483	1398
1483	1409
1483	1432
1483	1445
1483	1446
1483	1449
1483	1450
1483	1453
1483	1455
1483	1467
1483	1469
1483	1473
1483	1481
1483	1492
1483	1498
1484	36
1484	48
1484	95
1484	137
1484	206
1484	212
1484	230
1484	301
1484	325
1484	394
1484	488
1484	519
1484	618
1484	651
1484	662
1484	664
1484	669
1484	684
1484	693
1484	758
1484	791
1484	862
1484	863
1484	872
1484	877
1484	878
1484	925
1484	1003
1484	1005
1484	1023
1484	1026
1484	1086
1484	1089
1484	1097
1484	1123
1484	1129
1484	1142
1484	1179
1484	1182
1484	1201
1484	1224
1484	1279
1484	1280
1484	1287
1484	1303
1484	1310
1484	1332
1484	1335
1484	1356
1484	1359
1484	1368
1484	1382
1484	1396
1484	1401
1484	1424
1484	1427
1484	1430
1484	1431
1484	1433
1484	1440
1484	1441
1484	1442
1484	1449
1484	1456
1484	1466
1484	1469
1484	1471
1484	1480
1484	1493
1484	1494
1485	18
1485	56
1485	85
1485	154
1485	160
1485	161
1485	253
1485	308
1485	407
1485	408
1485	410
1485	474
1485	498
1485	504
1485	580
1485	600
1485	607
1485	621
1485	626
1485	661
1485	692
1485	693
1485	703
1485	737
1485	831
1485	848
1485	852
1485	854
1485	882
1485	930
1485	945
1485	958
1485	973
1485	974
1485	991
1485	1009
1485	1063
1485	1066
1485	1067
1485	1081
1485	1088
1485	1106
1485	1134
1485	1146
1485	1156
1485	1177
1485	1188
1485	1252
1485	1258
1485	1260
1485	1264
1485	1269
1485	1270
1485	1283
1485	1294
1485	1313
1485	1317
1485	1334
1485	1362
1485	1365
1485	1407
1485	1411
1485	1425
1485	1428
1485	1441
1485	1443
1485	1450
1485	1454
1485	1486
1485	1489
1486	47
1486	86
1486	88
1486	109
1486	180
1486	202
1486	205
1486	232
1486	278
1486	279
1486	296
1486	299
1486	370
1486	388
1486	390
1486	403
1486	411
1486	419
1486	511
1486	566
1486	620
1486	631
1486	649
1486	676
1486	692
1486	767
1486	768
1486	807
1486	841
1486	850
1486	891
1486	919
1486	937
1486	939
1486	941
1486	945
1486	946
1486	959
1486	972
1486	981
1486	1054
1486	1058
1486	1068
1486	1086
1486	1104
1486	1125
1486	1172
1486	1173
1486	1188
1486	1196
1486	1207
1486	1212
1486	1229
1486	1284
1486	1302
1486	1346
1486	1351
1486	1353
1486	1387
1486	1389
1486	1392
1486	1408
1486	1426
1486	1427
1486	1450
1486	1461
1486	1468
1486	1478
1486	1479
1486	1485
1486	1494
1487	24
1487	28
1487	177
1487	199
1487	237
1487	239
1487	319
1487	326
1487	339
1487	355
1487	394
1487	400
1487	409
1487	411
1487	427
1487	432
1487	443
1487	456
1487	480
1487	490
1487	514
1487	518
1487	548
1487	596
1487	606
1487	664
1487	706
1487	757
1487	796
1487	805
1487	818
1487	832
1487	837
1487	856
1487	904
1487	909
1487	917
1487	927
1487	971
1487	977
1487	1014
1487	1029
1487	1038
1487	1073
1487	1075
1487	1108
1487	1115
1487	1152
1487	1205
1487	1213
1487	1231
1487	1237
1487	1246
1487	1261
1487	1314
1487	1320
1487	1326
1487	1345
1487	1348
1487	1361
1487	1367
1487	1371
1487	1384
1487	1426
1487	1451
1487	1463
1487	1464
1487	1473
1487	1478
1487	1488
1487	1495
1488	42
1488	79
1488	90
1488	114
1488	146
1488	178
1488	249
1488	273
1488	310
1488	404
1488	422
1488	436
1488	444
1488	464
1488	480
1488	482
1488	488
1488	544
1488	607
1488	611
1488	635
1488	680
1488	718
1488	752
1488	758
1488	780
1488	800
1488	825
1488	834
1488	871
1488	935
1488	936
1488	974
1488	1001
1488	1021
1488	1023
1488	1025
1488	1034
1488	1053
1488	1085
1488	1090
1488	1107
1488	1124
1488	1153
1488	1238
1488	1263
1488	1304
1488	1311
1488	1330
1488	1331
1488	1336
1488	1354
1488	1364
1488	1373
1488	1388
1488	1419
1488	1422
1488	1441
1488	1444
1488	1454
1488	1457
1488	1458
1488	1462
1488	1469
1488	1472
1488	1474
1488	1476
1488	1481
1488	1487
1488	1490
1488	1491
1489	4
1489	14
1489	16
1489	37
1489	46
1489	97
1489	249
1489	252
1489	291
1489	343
1489	361
1489	373
1489	454
1489	477
1489	485
1489	519
1489	526
1489	532
1489	602
1489	631
1489	650
1489	654
1489	657
1489	672
1489	682
1489	732
1489	739
1489	781
1489	790
1489	797
1489	798
1489	840
1489	867
1489	892
1489	895
1489	896
1489	913
1489	926
1489	948
1489	949
1489	979
1489	998
1489	1060
1489	1077
1489	1094
1489	1095
1489	1117
1489	1141
1489	1145
1489	1170
1489	1176
1489	1217
1489	1220
1489	1257
1489	1265
1489	1266
1489	1294
1489	1299
1489	1309
1489	1311
1489	1334
1489	1343
1489	1345
1489	1352
1489	1390
1489	1396
1489	1404
1489	1413
1489	1415
1489	1441
1489	1463
1489	1485
1490	31
1490	48
1490	73
1490	106
1490	122
1490	160
1490	182
1490	218
1490	224
1490	316
1490	340
1490	360
1490	403
1490	461
1490	485
1490	529
1490	561
1490	564
1490	586
1490	629
1490	660
1490	697
1490	745
1490	780
1490	848
1490	872
1490	892
1490	966
1490	976
1490	989
1490	1018
1490	1022
1490	1061
1490	1068
1490	1076
1490	1086
1490	1087
1490	1094
1490	1130
1490	1136
1490	1139
1490	1142
1490	1145
1490	1201
1490	1217
1490	1223
1490	1232
1490	1234
1490	1242
1490	1251
1490	1283
1490	1314
1490	1315
1490	1346
1490	1354
1490	1369
1490	1374
1490	1379
1490	1412
1490	1423
1490	1428
1490	1429
1490	1443
1490	1458
1490	1460
1490	1470
1490	1477
1490	1478
1490	1480
1490	1488
1490	1491
1490	1499
1491	35
1491	45
1491	127
1491	133
1491	202
1491	231
1491	298
1491	333
1491	422
1491	433
1491	436
1491	442
1491	464
1491	544
1491	567
1491	611
1491	680
1491	691
1491	706
1491	718
1491	724
1491	749
1491	763
1491	766
1491	800
1491	803
1491	826
1491	855
1491	879
1491	935
1491	946
1491	1001
1491	1006
1491	1021
1491	1048
1491	1051
1491	1053
1491	1062
1491	1085
1491	1090
1491	1100
1491	1102
1491	1107
1491	1124
1491	1134
1491	1140
1491	1164
1491	1181
1491	1191
1491	1199
1491	1238
1491	1258
1491	1263
1491	1276
1491	1304
1491	1318
1491	1330
1491	1337
1491	1348
1491	1372
1491	1383
1491	1396
1491	1436
1491	1442
1491	1453
1491	1455
1491	1459
1491	1469
1491	1471
1491	1476
1491	1488
1491	1490
1491	1498
1492	12
1492	37
1492	80
1492	89
1492	293
1492	387
1492	407
1492	431
1492	452
1492	461
1492	506
1492	542
1492	557
1492	560
1492	563
1492	612
1492	625
1492	633
1492	698
1492	746
1492	756
1492	770
1492	778
1492	792
1492	798
1492	851
1492	865
1492	908
1492	929
1492	947
1492	968
1492	971
1492	1001
1492	1009
1492	1011
1492	1014
1492	1030
1492	1032
1492	1036
1492	1042
1492	1080
1492	1106
1492	1116
1492	1121
1492	1167
1492	1181
1492	1190
1492	1196
1492	1218
1492	1245
1492	1259
1492	1276
1492	1281
1492	1282
1492	1291
1492	1293
1492	1322
1492	1339
1492	1340
1492	1344
1492	1348
1492	1366
1492	1408
1492	1424
1492	1439
1492	1445
1492	1452
1492	1466
1492	1467
1492	1468
1492	1481
1492	1483
1492	1493
1493	28
1493	48
1493	137
1493	206
1493	232
1493	301
1493	421
1493	518
1493	519
1493	615
1493	618
1493	624
1493	651
1493	654
1493	662
1493	664
1493	684
1493	688
1493	694
1493	790
1493	826
1493	862
1493	877
1493	878
1493	894
1493	953
1493	955
1493	1003
1493	1008
1493	1023
1493	1026
1493	1040
1493	1066
1493	1076
1493	1077
1493	1083
1493	1095
1493	1097
1493	1123
1493	1129
1493	1140
1493	1142
1493	1148
1493	1153
1493	1214
1493	1240
1493	1244
1493	1279
1493	1280
1493	1287
1493	1298
1493	1309
1493	1310
1493	1317
1493	1330
1493	1332
1493	1335
1493	1352
1493	1357
1493	1359
1493	1368
1493	1385
1493	1402
1493	1424
1493	1428
1493	1430
1493	1431
1493	1433
1493	1439
1493	1458
1493	1484
1493	1492
1493	1496
1494	13
1494	181
1494	188
1494	212
1494	223
1494	296
1494	305
1494	353
1494	367
1494	405
1494	420
1494	440
1494	538
1494	605
1494	620
1494	685
1494	697
1494	721
1494	754
1494	768
1494	824
1494	854
1494	868
1494	902
1494	941
1494	981
1494	1006
1494	1007
1494	1051
1494	1054
1494	1056
1494	1059
1494	1068
1494	1070
1494	1079
1494	1103
1494	1104
1494	1144
1494	1145
1494	1161
1494	1172
1494	1173
1494	1188
1494	1189
1494	1195
1494	1207
1494	1218
1494	1272
1494	1288
1494	1305
1494	1306
1494	1333
1494	1353
1494	1356
1494	1385
1494	1389
1494	1390
1494	1398
1494	1405
1494	1411
1494	1414
1494	1418
1494	1421
1494	1425
1494	1427
1494	1429
1494	1430
1494	1450
1494	1457
1494	1478
1494	1480
1494	1484
1494	1486
1494	1500
1495	9
1495	22
1495	28
1495	40
1495	116
1495	119
1495	150
1495	216
1495	319
1495	352
1495	390
1495	432
1495	434
1495	456
1495	490
1495	500
1495	514
1495	517
1495	518
1495	647
1495	658
1495	703
1495	706
1495	708
1495	763
1495	807
1495	818
1495	832
1495	837
1495	853
1495	856
1495	896
1495	916
1495	927
1495	944
1495	950
1495	959
1495	971
1495	980
1495	1002
1495	1017
1495	1034
1495	1038
1495	1062
1495	1063
1495	1073
1495	1115
1495	1117
1495	1165
1495	1170
1495	1175
1495	1222
1495	1225
1495	1228
1495	1237
1495	1246
1495	1289
1495	1313
1495	1345
1495	1356
1495	1389
1495	1419
1495	1422
1495	1423
1495	1432
1495	1443
1495	1446
1495	1451
1495	1458
1495	1463
1495	1471
1495	1476
1495	1487
1495	1498
1496	19
1496	36
1496	74
1496	96
1496	111
1496	132
1496	155
1496	235
1496	246
1496	272
1496	419
1496	462
1496	527
1496	530
1496	547
1496	563
1496	603
1496	604
1496	619
1496	626
1496	655
1496	667
1496	674
1496	695
1496	765
1496	770
1496	820
1496	838
1496	868
1496	922
1496	928
1496	936
1496	957
1496	967
1496	976
1496	1052
1496	1068
1496	1078
1496	1080
1496	1112
1496	1117
1496	1152
1496	1155
1496	1224
1496	1226
1496	1229
1496	1249
1496	1251
1496	1263
1496	1290
1496	1312
1496	1315
1496	1320
1496	1321
1496	1322
1496	1327
1496	1342
1496	1349
1496	1350
1496	1364
1496	1370
1496	1387
1496	1391
1496	1400
1496	1402
1496	1403
1496	1407
1496	1420
1496	1423
1496	1437
1496	1438
1496	1462
1496	1464
1496	1493
1497	24
1497	37
1497	184
1497	188
1497	189
1497	235
1497	250
1497	286
1497	326
1497	346
1497	361
1497	364
1497	424
1497	452
1497	458
1497	464
1497	479
1497	485
1497	568
1497	585
1497	622
1497	650
1497	655
1497	657
1497	672
1497	694
1497	746
1497	750
1497	756
1497	781
1497	788
1497	790
1497	797
1497	804
1497	820
1497	879
1497	889
1497	926
1497	937
1497	961
1497	989
1497	1033
1497	1048
1497	1080
1497	1083
1497	1091
1497	1092
1497	1127
1497	1133
1497	1161
1497	1169
1497	1176
1497	1184
1497	1200
1497	1217
1497	1256
1497	1257
1497	1265
1497	1266
1497	1285
1497	1297
1497	1306
1497	1310
1497	1311
1497	1316
1497	1340
1497	1371
1497	1391
1497	1405
1497	1415
1497	1439
1497	1457
1497	1474
1497	1480
1498	66
1498	142
1498	228
1498	242
1498	255
1498	264
1498	274
1498	276
1498	297
1498	357
1498	362
1498	470
1498	489
1498	513
1498	579
1498	583
1498	592
1498	594
1498	596
1498	628
1498	717
1498	745
1498	747
1498	755
1498	777
1498	861
1498	864
1498	871
1498	890
1498	895
1498	953
1498	980
1498	986
1498	996
1498	1000
1498	1029
1498	1057
1498	1080
1498	1101
1498	1131
1498	1141
1498	1187
1498	1205
1498	1209
1498	1213
1498	1214
1498	1228
1498	1278
1498	1284
1498	1296
1498	1307
1498	1322
1498	1324
1498	1352
1498	1359
1498	1363
1498	1366
1498	1371
1498	1379
1498	1380
1498	1386
1498	1394
1498	1397
1498	1398
1498	1408
1498	1449
1498	1461
1498	1462
1498	1470
1498	1471
1498	1479
1498	1483
1498	1491
1498	1495
1499	77
1499	109
1499	112
1499	114
1499	138
1499	143
1499	221
1499	242
1499	251
1499	265
1499	269
1499	450
1499	473
1499	500
1499	513
1499	531
1499	535
1499	580
1499	589
1499	653
1499	661
1499	671
1499	690
1499	696
1499	736
1499	761
1499	795
1499	819
1499	824
1499	832
1499	844
1499	852
1499	863
1499	883
1499	884
1499	888
1499	905
1499	907
1499	921
1499	944
1499	995
1499	997
1499	1086
1499	1111
1499	1112
1499	1116
1499	1121
1499	1166
1499	1169
1499	1177
1499	1193
1499	1215
1499	1240
1499	1252
1499	1269
1499	1278
1499	1288
1499	1297
1499	1314
1499	1321
1499	1330
1499	1331
1499	1340
1499	1356
1499	1382
1499	1391
1499	1410
1499	1426
1499	1437
1499	1438
1499	1443
1499	1462
1499	1479
1499	1490
1500	50
1500	76
1500	179
1500	190
1500	220
1500	231
1500	250
1500	279
1500	288
1500	356
1500	362
1500	387
1500	445
1500	465
1500	469
1500	500
1500	528
1500	600
1500	668
1500	680
1500	689
1500	725
1500	728
1500	740
1500	746
1500	763
1500	814
1500	822
1500	827
1500	840
1500	842
1500	880
1500	894
1500	947
1500	955
1500	965
1500	971
1500	974
1500	984
1500	990
1500	1037
1500	1057
1500	1074
1500	1098
1500	1131
1500	1132
1500	1157
1500	1178
1500	1197
1500	1200
1500	1204
1500	1249
1500	1261
1500	1287
1500	1291
1500	1318
1500	1336
1500	1351
1500	1355
1500	1361
1500	1372
1500	1373
1500	1377
1500	1381
1500	1385
1500	1391
1500	1393
1500	1409
1500	1417
1500	1425
1500	1426
1500	1434
1500	1437
1500	1445
1500	1494
