1	136
1	667
1	884
1	964
1	1184
1	1342
1	1346
1	1385
1	1464
1	1489
2	373
2	541
2	662
2	932
2	1224
2	1285
2	1335
2	1432
2	1443
2	1492
3	475
3	498
3	656
3	689
3	1087
3	1271
3	1291
3	1323
3	1397
3	1403
4	751
4	833
4	861
4	912
4	917
4	1150
4	1248
4	1349
4	1415
4	1446
5	440
5	1209
5	1244
5	1286
5	1314
5	1340
5	1438
5	1459
5	1462
5	1467
6	599
6	627
6	715
6	1113
6	1123
6	1139
6	1337
6	1358
6	1400
6	1409
7	23
7	402
7	881
7	1104
7	1215
7	1265
7	1334
7	1420
7	1436
7	1452
8	945
8	1000
8	1011
8	1183
8	1216
8	1238
8	1270
8	1307
8	1383
8	1418
9	471
9	551
9	1118
9	1300
9	1369
9	1426
9	1444
9	1460
9	1479
9	1486
10	26
10	90
10	697
10	1042
10	1167
10	1275
10	1286
10	1384
10	1398
10	1435
11	996
11	1234
11	1245
11	1296
11	1306
11	1311
11	1330
11	1353
11	1423
11	1499
12	61
12	87
12	644
12	789
12	1067
12	1101
12	1199
12	1260
12	1327
12	1354
13	593
13	1262
13	1290
13	1329
13	1351
13	1356
13	1360
13	1366
13	1371
13	1395
14	355
14	1011
14	1245
14	1295
14	1306
14	1311
14	1330
14	1353
14	1459
14	1482
15	231
15	459
15	856
15	908
15	1002
15	1005
15	1015
15	1033
15	1252
15	1376
16	662
16	665
16	1115
16	1116
16	1221
16	1301
16	1316
16	1422
16	1432
16	1469
17	616
17	1204
17	1276
17	1362
17	1441
17	1450
17	1453
17	1480
17	1492
17	1497
18	30
18	620
18	838
18	983
18	1124
18	1388
18	1406
18	1411
18	1429
18	1451
19	121
19	931
19	1024
19	1159
19	1239
19	1260
19	1327
19	1328
19	1350
19	1354
20	187
20	613
20	1071
20	1123
20	1240
20	1358
20	1369
20	1409
20	1445
20	1474
21	156
21	314
21	841
21	1104
21	1334
21	1363
21	1420
21	1436
21	1452
21	1493
22	671
22	969
22	1370
22	1471
22	1472
22	1485
22	1493
22	1495
22	1498
22	1500
23	7
23	935
23	1091
23	1170
23	1191
23	1216
23	1347
23	1352
23	1367
23	1489
24	116
24	432
24	485
24	640
24	986
24	1041
24	1145
24	1156
24	1333
24	1424
25	323
25	1048
25	1088
25	1093
25	1094
25	1252
25	1308
25	1313
25	1321
25	1376
26	10
26	683
26	835
26	843
26	972
26	1169
26	1224
26	1332
26	1432
26	1448
27	67
27	467
27	856
27	927
27	1142
27	1253
27	1276
27	1437
27	1455
27	1469
28	515
28	866
28	1221
28	1319
28	1336
28	1399
28	1475
28	1476
28	1478
28	1492
29	1111
29	1165
29	1210
29	1212
29	1219
29	1255
29	1343
29	1348
29	1377
29	1451
30	18
30	383
30	1253
30	1277
30	1388
30	1399
30	1406
30	1411
30	1429
30	1480
31	609
31	984
31	1239
31	1290
31	1324
31	1356
31	1360
31	1366
31	1368
31	1395
32	1009
32	1047
32	1127
32	1217
32	1253
32	1258
32	1262
32	1406
32	1411
32	1428
33	171
33	209
33	216
33	462
33	512
33	1044
33	1100
33	1119
33	1327
33	1500
34	167
34	670
34	946
34	969
34	1301
34	1323
34	1472
34	1485
34	1493
34	1500
35	246
35	621
35	915
35	1098
35	1222
35	1240
35	1318
35	1337
35	1358
35	1420
36	823
36	1018
36	1048
36	1162
36	1345
36	1430
36	1433
36	1468
36	1487
36	1498
37	186
37	377
37	837
37	908
37	1078
37	1094
37	1208
37	1252
37	1321
37	1376
38	645
38	732
38	1202
38	1232
38	1302
38	1344
38	1378
38	1465
38	1481
38	1482
39	736
39	765
39	899
39	1001
39	1081
39	1305
39	1326
39	1343
39	1344
39	1491
40	289
40	702
40	1032
40	1171
40	1269
40	1335
40	1375
40	1382
40	1423
40	1425
41	721
41	829
41	1131
41	1302
41	1405
41	1415
41	1453
41	1469
41	1474
41	1480
42	114
42	222
42	1290
42	1324
42	1335
42	1356
42	1360
42	1368
42	1371
42	1395
43	666
43	793
43	830
43	1026
43	1148
43	1424
43	1444
43	1453
43	1480
43	1492
44	521
44	598
44	849
44	1231
44	1342
44	1384
44	1461
44	1463
44	1489
44	1497
45	93
45	233
45	737
45	781
45	805
45	1156
45	1178
45	1261
45	1269
45	1379
46	367
46	562
46	858
46	894
46	958
46	1094
46	1252
46	1308
46	1313
46	1321
47	319
47	930
47	1233
47	1242
47	1255
47	1293
47	1325
47	1348
47	1371
47	1381
48	525
48	1077
48	1134
48	1144
48	1194
48	1242
48	1413
48	1418
48	1457
48	1466
49	105
49	616
49	1037
49	1096
49	1198
49	1215
49	1363
49	1436
49	1445
49	1452
50	328
50	999
50	1025
50	1355
50	1374
50	1410
50	1433
50	1445
50	1471
50	1488
51	324
51	892
51	898
51	1231
51	1357
51	1428
51	1463
51	1483
51	1489
51	1499
52	137
52	409
52	442
52	1312
52	1396
52	1430
52	1468
52	1470
52	1487
52	1490
53	477
53	1157
53	1228
53	1249
53	1274
53	1277
53	1297
53	1315
53	1392
53	1484
54	717
54	1175
54	1232
54	1245
54	1247
54	1306
54	1311
54	1330
54	1353
54	1371
55	363
55	605
55	621
55	871
55	932
55	944
55	1167
55	1251
55	1331
55	1435
56	114
56	210
56	496
56	629
56	860
56	891
56	1074
56	1088
56	1261
56	1269
57	154
57	578
57	753
57	836
57	987
57	1246
57	1318
57	1337
57	1358
57	1409
58	744
58	756
58	760
58	841
58	1198
58	1215
58	1363
58	1420
58	1452
58	1475
59	94
59	522
59	665
59	843
59	909
59	1116
59	1134
59	1285
59	1448
59	1456
60	378
60	567
60	727
60	755
60	989
60	1230
60	1284
60	1446
60	1471
60	1488
61	12
61	323
61	960
61	1024
61	1119
61	1221
61	1260
61	1328
61	1354
61	1498
62	333
62	816
62	832
62	942
62	1023
62	1360
62	1387
62	1417
62	1445
62	1449
63	142
63	544
63	924
63	1123
63	1215
63	1246
63	1337
63	1358
63	1409
63	1410
64	568
64	883
64	995
64	1168
64	1305
64	1427
64	1453
64	1465
64	1481
64	1491
65	195
65	306
65	348
65	737
65	902
65	940
65	1156
65	1178
65	1269
65	1337
66	1114
66	1134
66	1200
66	1214
66	1268
66	1272
66	1373
66	1418
66	1442
66	1488
67	27
67	305
67	669
67	680
67	1093
67	1405
67	1437
67	1450
67	1480
67	1484
68	401
68	1152
68	1194
68	1326
68	1336
68	1386
68	1391
68	1404
68	1435
68	1466
69	723
69	781
69	927
69	1021
69	1129
69	1250
69	1326
69	1427
69	1491
69	1494
70	309
70	473
70	489
70	667
70	802
70	927
70	1131
70	1148
70	1469
70	1480
71	233
71	1018
71	1161
71	1200
71	1242
71	1322
71	1404
71	1418
71	1426
71	1458
72	464
72	706
72	713
72	767
72	1089
72	1096
72	1215
72	1334
72	1423
72	1452
73	147
73	198
73	839
73	906
73	1000
73	1106
73	1216
73	1307
73	1352
73	1383
74	517
74	699
74	745
74	1281
74	1296
74	1312
74	1342
74	1464
74	1497
74	1499
75	454
75	479
75	1191
75	1300
75	1307
75	1347
75	1352
75	1367
75	1383
75	1485
76	228
76	514
76	904
76	1106
76	1329
76	1356
76	1368
76	1371
76	1395
76	1473
77	318
77	546
77	919
77	1310
77	1392
77	1455
77	1472
77	1493
77	1495
77	1500
78	221
78	766
78	831
78	984
78	1187
78	1451
78	1460
78	1479
78	1486
78	1496
79	273
79	742
79	1075
79	1193
79	1206
79	1220
79	1254
79	1302
79	1320
79	1349
80	880
80	1166
80	1234
80	1290
80	1329
80	1360
80	1368
80	1370
80	1371
80	1495
81	288
81	872
81	1196
81	1207
81	1289
81	1401
81	1415
81	1440
81	1446
81	1499
82	531
82	896
82	1159
82	1211
82	1284
82	1359
82	1380
82	1417
82	1434
82	1473
83	314
83	323
83	336
83	679
83	1006
83	1050
83	1108
83	1193
83	1302
83	1430
84	159
84	160
84	648
84	912
84	1164
84	1207
84	1259
84	1401
84	1440
84	1446
85	108
85	355
85	602
85	868
85	982
85	985
85	1135
85	1211
85	1232
85	1414
86	87
86	324
86	1243
86	1255
86	1289
86	1355
86	1380
86	1417
86	1434
86	1449
87	12
87	86
87	141
87	414
87	955
87	1024
87	1133
87	1327
87	1328
87	1354
88	252
88	496
88	629
88	814
88	959
88	1145
88	1156
88	1178
88	1261
88	1269
89	350
89	573
89	750
89	891
89	1093
89	1228
89	1249
89	1274
89	1277
89	1297
90	10
90	734
90	876
90	898
90	1241
90	1321
90	1331
90	1398
90	1434
90	1495
91	348
91	490
91	883
91	986
91	1156
91	1178
91	1261
91	1269
91	1450
91	1467
92	844
92	931
92	1160
92	1214
92	1265
92	1285
92	1373
92	1386
92	1394
92	1448
93	45
93	114
93	155
93	812
93	833
93	1100
93	1145
93	1178
93	1269
93	1440
94	59
94	547
94	822
94	853
94	982
94	1115
94	1316
94	1379
94	1448
94	1456
95	556
95	978
95	1095
95	1108
95	1245
95	1247
95	1295
95	1296
95	1311
95	1399
96	297
96	692
96	832
96	1097
96	1273
96	1284
96	1291
96	1461
96	1464
96	1499
97	373
97	711
97	1096
97	1104
97	1198
97	1204
97	1420
97	1436
97	1452
97	1490
98	742
98	1050
98	1074
98	1193
98	1206
98	1283
98	1302
98	1320
98	1383
98	1386
99	245
99	618
99	1083
99	1385
99	1433
99	1439
99	1461
99	1463
99	1464
99	1483
100	290
100	765
100	1245
100	1247
100	1296
100	1306
100	1311
100	1330
100	1353
100	1357
101	861
101	990
101	1107
101	1136
101	1289
101	1307
101	1386
101	1457
101	1458
101	1466
102	1011
102	1092
102	1234
102	1245
102	1296
102	1311
102	1330
102	1346
102	1353
102	1461
103	283
103	361
103	828
103	970
103	1030
103	1329
103	1356
103	1366
103	1368
103	1395
104	306
104	583
104	702
104	966
104	1056
104	1131
104	1171
104	1203
104	1423
104	1425
105	49
105	220
105	755
105	1089
105	1289
105	1334
105	1363
105	1420
105	1436
105	1452
106	774
106	824
106	867
106	1087
106	1166
106	1212
106	1235
106	1397
106	1403
106	1478
107	1222
107	1278
107	1299
107	1312
107	1345
107	1359
107	1430
107	1470
107	1473
107	1490
108	85
108	181
108	907
108	1325
108	1389
108	1447
108	1470
108	1477
108	1484
108	1498
109	796
109	1054
109	1220
109	1232
109	1240
109	1300
109	1361
109	1376
109	1414
109	1437
110	590
110	760
110	887
110	1069
110	1302
110	1305
110	1427
110	1465
110	1490
110	1494
111	891
111	968
111	1255
111	1396
111	1413
111	1430
111	1477
111	1484
111	1487
111	1490
112	910
112	1028
112	1243
112	1359
112	1380
112	1437
112	1449
112	1454
112	1471
112	1473
113	902
113	904
113	1138
113	1243
113	1294
113	1334
113	1363
113	1420
113	1436
113	1452
114	42
114	56
114	93
114	604
114	677
114	795
114	827
114	1156
114	1269
114	1313
115	371
115	783
115	1130
115	1161
115	1245
115	1271
115	1323
115	1397
115	1403
115	1433
116	24
116	348
116	805
116	812
116	938
116	941
116	986
116	1178
116	1214
116	1261
117	179
117	804
117	832
117	835
117	1257
117	1289
117	1340
117	1351
117	1423
117	1462
118	333
118	614
118	880
118	1135
118	1290
118	1324
118	1360
118	1366
118	1368
118	1395
119	134
119	252
119	872
119	971
119	1202
119	1207
119	1248
119	1415
119	1440
119	1446
120	204
120	618
120	915
120	952
120	1056
120	1203
120	1375
120	1393
120	1423
120	1425
121	19
121	667
121	934
121	941
121	970
121	1106
121	1329
121	1356
121	1360
121	1395
122	265
122	841
122	1117
122	1138
122	1289
122	1334
122	1363
122	1436
122	1439
122	1452
123	172
123	1002
123	1094
123	1179
123	1208
123	1313
123	1320
123	1321
123	1376
123	1379
124	345
124	739
124	843
124	1004
124	1010
124	1292
124	1301
124	1400
124	1422
124	1448
125	356
125	565
125	1082
125	1224
125	1319
125	1413
125	1454
125	1475
125	1476
125	1478
126	462
126	551
126	983
126	1147
126	1247
126	1262
126	1388
126	1399
126	1407
126	1429
127	1128
127	1176
127	1195
127	1304
127	1348
127	1382
127	1400
127	1409
127	1431
127	1478
128	244
128	440
128	453
128	723
128	846
128	1137
128	1144
128	1397
128	1482
128	1491
129	158
129	655
129	1209
129	1222
129	1245
129	1273
129	1281
129	1367
129	1489
129	1497
130	597
130	916
130	1012
130	1299
130	1379
130	1396
130	1470
130	1471
130	1487
130	1498
131	210
131	1153
131	1195
131	1226
131	1249
131	1252
131	1338
131	1382
131	1400
131	1431
132	756
132	874
132	966
132	1056
132	1080
132	1187
132	1220
132	1335
132	1423
132	1425
133	669
133	839
133	1108
133	1207
133	1264
133	1276
133	1405
133	1424
133	1450
133	1455
134	119
134	485
134	496
134	629
134	891
134	932
134	968
134	1145
134	1261
134	1378
135	872
135	908
135	1266
135	1345
135	1365
135	1412
135	1468
135	1487
135	1490
135	1498
136	1
136	731
136	1148
136	1170
136	1181
136	1441
136	1450
136	1456
136	1467
136	1469
137	52
137	167
137	344
137	352
137	907
137	1022
137	1341
137	1485
137	1493
137	1495
138	291
138	696
138	702
138	711
138	893
138	960
138	1401
138	1415
138	1440
138	1446
139	397
139	464
139	496
139	501
139	564
139	798
139	857
139	865
139	1275
139	1333
140	409
140	868
140	1181
140	1184
140	1392
140	1428
140	1439
140	1464
140	1489
140	1497
141	87
141	315
141	774
141	880
141	1157
141	1249
141	1274
141	1277
141	1297
141	1331
142	63
142	322
142	736
142	803
142	1008
142	1212
142	1271
142	1291
142	1323
142	1397
142	1403
143	962
143	1324
143	1332
143	1356
143	1360
143	1366
143	1368
143	1371
143	1395
143	1432
143	1500
144	191
144	493
144	751
144	893
144	1036
144	1079
144	1288
144	1401
144	1415
144	1440
144	1446
145	762
145	895
145	1044
145	1067
145	1133
145	1188
145	1260
145	1327
145	1328
145	1354
145	1458
146	716
146	937
146	1092
146	1121
146	1303
146	1319
146	1336
146	1454
146	1475
146	1476
146	1478
147	73
147	579
147	825
147	862
147	1054
147	1126
147	1220
147	1232
147	1266
147	1414
147	1493
148	541
148	757
148	873
148	952
148	1037
148	1075
148	1171
148	1375
148	1423
148	1425
148	1494
149	998
149	1024
149	1101
149	1273
149	1421
149	1442
149	1451
149	1460
149	1479
149	1496
149	1497
150	240
150	295
150	360
150	615
150	988
150	1027
150	1124
150	1158
150	1182
150	1188
150	1493
151	299
151	442
151	697
151	939
151	944
151	1045
151	1052
151	1331
151	1346
151	1384
151	1435
152	230
152	357
152	438
152	765
152	802
152	803
152	1170
152	1212
152	1397
152	1403
152	1414
153	329
153	1031
153	1253
153	1258
153	1262
153	1275
153	1339
153	1388
153	1399
153	1406
153	1416
154	57
154	225
154	315
154	726
154	936
154	1113
154	1287
154	1318
154	1337
154	1357
154	1409
155	93
155	183
155	490
155	629
155	827
155	968
155	1261
155	1269
155	1386
155	1413
155	1450
156	21
156	498
156	806
156	1163
156	1315
156	1421
156	1422
156	1444
156	1460
156	1486
156	1496
157	441
157	732
157	819
157	1165
157	1317
157	1385
157	1428
157	1439
157	1463
157	1483
157	1499
158	129
158	658
158	659
158	714
158	768
158	854
158	1199
158	1390
158	1463
158	1483
158	1499
159	84
159	648
159	1122
159	1196
159	1207
159	1248
159	1374
159	1401
159	1415
159	1440
159	1490
160	84
160	578
160	655
160	854
160	1241
160	1267
160	1385
160	1428
160	1464
160	1489
160	1499
161	464
161	768
161	862
161	1117
161	1126
161	1232
161	1361
161	1371
161	1374
161	1414
161	1442
162	309
162	405
162	1122
162	1201
162	1253
162	1266
162	1387
162	1440
162	1449
162	1471
162	1488
163	815
163	833
163	1150
163	1188
163	1248
163	1286
163	1401
163	1412
163	1415
163	1440
163	1446
164	916
164	958
164	1082
164	1333
164	1336
164	1381
164	1402
164	1454
164	1475
164	1476
164	1478
165	554
165	608
165	860
165	957
165	1234
165	1295
165	1296
165	1306
165	1311
165	1330
165	1353
166	411
166	656
166	1023
166	1197
166	1280
166	1359
166	1417
166	1434
166	1449
166	1471
166	1487
167	34
167	137
167	739
167	974
167	1237
167	1258
167	1370
167	1410
167	1472
167	1474
167	1485
168	504
168	538
168	886
168	1080
168	1164
168	1170
168	1240
168	1270
168	1427
168	1453
168	1469
169	820
169	1090
169	1195
169	1288
169	1301
169	1304
169	1338
169	1364
169	1382
169	1400
169	1431
170	244
170	653
170	940
170	953
170	1200
170	1282
170	1283
170	1391
170	1457
170	1466
170	1490
171	33
171	660
171	1007
171	1067
171	1100
171	1244
171	1327
171	1328
171	1359
171	1365
171	1397
172	123
172	925
172	1159
172	1208
172	1252
172	1308
172	1313
172	1321
172	1376
172	1399
172	1499
173	949
173	1086
173	1176
173	1195
173	1226
173	1302
173	1338
173	1364
173	1370
173	1382
173	1431
174	492
174	850
174	858
174	911
174	1068
174	1159
174	1199
174	1221
174	1327
174	1328
174	1492
175	247
175	707
175	1189
175	1268
175	1278
175	1380
175	1387
175	1433
175	1445
175	1449
175	1488
176	395
176	773
176	1099
176	1201
176	1287
176	1331
176	1338
176	1364
176	1382
176	1400
176	1431
177	197
177	349
177	535
177	709
177	920
177	926
177	1027
177	1064
177	1086
177	1182
177	1451
178	856
178	918
178	1080
178	1148
178	1151
178	1231
178	1354
178	1437
178	1474
178	1492
178	1496
179	117
179	1039
179	1062
179	1093
179	1169
179	1292
179	1422
179	1432
179	1443
179	1448
179	1458
180	229
180	352
180	823
180	1389
180	1412
180	1467
180	1468
180	1477
180	1484
180	1487
180	1498
181	108
181	917
181	1008
181	1029
181	1365
181	1396
181	1447
181	1468
181	1470
181	1484
181	1498
182	281
182	299
182	468
182	777
182	976
182	1151
182	1270
182	1450
182	1456
182	1469
182	1474
183	155
183	657
183	917
183	1111
183	1213
183	1222
183	1325
183	1348
183	1377
183	1381
183	1489
184	290
184	433
184	926
184	1264
184	1304
184	1331
184	1346
184	1384
184	1398
184	1435
184	1454
185	489
185	538
185	709
185	831
185	1104
185	1148
185	1303
185	1437
185	1441
185	1450
185	1455
186	37
186	753
186	1208
186	1225
186	1286
186	1289
186	1314
186	1339
186	1459
186	1462
186	1469
187	20
187	831
187	1082
187	1123
187	1240
187	1251
187	1318
187	1337
187	1358
187	1409
187	1473
188	830
188	851
188	934
188	1001
188	1080
188	1143
188	1216
188	1220
188	1437
188	1455
188	1480
189	209
189	767
189	920
189	962
189	1007
189	1119
189	1133
189	1251
189	1260
189	1266
189	1328
190	214
190	234
190	802
190	992
190	1047
190	1161
190	1291
190	1323
190	1332
190	1397
190	1403
191	144
191	379
191	632
191	1114
191	1214
191	1282
191	1311
191	1373
191	1404
191	1457
191	1466
192	702
192	756
192	803
192	905
192	967
192	1171
192	1279
192	1335
192	1375
192	1423
192	1425
193	492
193	691
193	850
193	955
193	1024
193	1034
193	1056
193	1067
193	1221
193	1354
193	1469
194	485
194	545
194	700
194	868
194	1117
194	1126
194	1220
194	1300
194	1306
194	1311
194	1465
195	65
195	278
195	304
195	677
195	795
195	812
195	986
195	994
195	1178
195	1214
195	1306
196	701
196	964
196	1107
196	1390
196	1408
196	1428
196	1439
196	1461
196	1489
196	1497
196	1499
197	177
197	344
197	494
197	730
197	1238
197	1307
197	1309
197	1352
197	1367
197	1383
197	1403
198	73
198	326
198	534
198	632
198	945
198	1000
198	1134
198	1309
198	1347
198	1383
198	1446
199	295
199	769
199	914
199	1225
199	1244
199	1339
199	1351
199	1402
199	1438
199	1459
199	1462
200	701
200	773
200	886
200	1092
200	1319
200	1362
200	1402
200	1408
200	1475
200	1476
200	1478
201	788
201	1039
201	1147
201	1176
201	1195
201	1287
201	1304
201	1338
201	1364
201	1431
201	1484
202	320
202	656
202	1008
202	1020
202	1022
202	1373
202	1442
202	1451
202	1467
202	1479
202	1496
203	732
203	1149
203	1282
203	1324
203	1329
203	1360
203	1366
203	1368
203	1371
203	1395
203	1457
204	120
204	705
204	879
204	1015
204	1055
204	1193
204	1254
204	1302
204	1320
204	1434
204	1452
205	897
205	1211
205	1219
205	1303
205	1356
205	1372
205	1426
205	1451
205	1467
205	1486
205	1496
206	711
206	938
206	1186
206	1282
206	1373
206	1386
206	1391
206	1394
206	1411
206	1415
206	1466
207	483
207	879
207	957
207	1175
207	1234
207	1245
207	1295
207	1296
207	1306
207	1353
207	1445
208	747
208	1006
208	1231
208	1267
208	1291
208	1317
208	1385
208	1409
208	1461
208	1483
208	1497
209	33
209	189
209	658
209	913
209	1044
209	1095
209	1100
209	1221
209	1260
209	1328
209	1342
210	56
210	131
210	226
210	348
210	710
210	827
210	968
210	986
210	1002
210	1261
210	1269
211	258
211	887
211	1045
211	1241
211	1251
211	1323
211	1331
211	1332
211	1346
211	1384
211	1398
212	1001
212	1088
212	1148
212	1264
212	1344
212	1441
212	1455
212	1469
212	1472
212	1474
212	1492
213	524
213	546
213	949
213	1037
213	1124
213	1279
213	1352
213	1375
213	1423
213	1425
213	1438
214	190
214	431
214	689
214	867
214	1087
214	1291
214	1323
214	1396
214	1397
214	1403
214	1446
215	298
215	300
215	461
215	914
215	943
215	951
215	1052
215	1286
215	1438
215	1459
215	1462
216	33
216	310
216	836
216	1071
216	1113
216	1222
216	1272
216	1318
216	1337
216	1393
216	1409
217	465
217	664
217	913
217	1192
217	1229
217	1234
217	1265
217	1370
217	1462
217	1472
217	1495
218	694
218	732
218	783
218	846
218	1021
218	1134
218	1140
218	1349
218	1395
218	1465
218	1491
219	746
219	793
219	902
219	993
219	1036
219	1096
219	1215
219	1288
219	1420
219	1436
219	1452
220	105
220	565
220	602
220	862
220	982
220	1016
220	1053
220	1205
220	1232
220	1414
220	1479
221	78
221	474
221	752
221	840
221	1378
221	1433
221	1442
221	1451
221	1479
221	1486
221	1496
222	42
222	498
222	721
222	851
222	1057
222	1115
222	1191
222	1316
222	1332
222	1448
222	1456
223	450
223	1048
223	1069
223	1144
223	1202
223	1292
223	1457
223	1481
223	1482
223	1491
223	1494
224	343
224	377
224	481
224	941
224	1035
224	1105
224	1304
224	1364
224	1382
224	1400
224	1431
225	154
225	267
225	506
225	544
225	1240
225	1246
225	1318
225	1337
225	1407
225	1409
225	1478
226	210
226	397
226	603
226	1000
226	1141
226	1183
226	1216
226	1309
226	1367
226	1383
226	1461
227	847
227	1127
227	1218
227	1266
227	1341
227	1369
227	1370
227	1419
227	1485
227	1493
227	1500
228	76
228	1170
228	1276
228	1324
228	1405
228	1437
228	1441
228	1453
228	1469
228	1470
228	1492
229	180
229	369
229	954
229	1282
229	1322
229	1385
229	1386
229	1394
229	1457
229	1458
229	1466
230	152
230	722
230	915
230	949
230	1172
230	1187
230	1273
230	1279
230	1335
230	1423
230	1425
231	15
231	717
231	772
231	1078
231	1252
231	1308
231	1313
231	1367
231	1376
231	1415
231	1443
232	641
232	799
232	908
232	1033
232	1078
232	1208
232	1264
232	1308
232	1321
232	1367
232	1376
233	45
233	71
233	527
233	844
233	845
233	1322
233	1385
233	1391
233	1416
233	1418
233	1458
234	190
234	393
234	477
234	549
234	774
234	821
234	1161
234	1249
234	1274
234	1277
234	1297
235	374
235	471
235	732
235	837
235	914
235	1251
235	1289
235	1339
235	1438
235	1459
235	1462
236	780
236	989
236	1023
236	1344
236	1359
236	1374
236	1418
236	1434
236	1471
236	1473
236	1488
237	956
237	984
237	1134
237	1290
237	1396
237	1424
237	1437
237	1450
237	1455
237	1474
237	1480
238	423
238	501
238	564
238	602
238	734
238	1026
238	1053
238	1126
238	1135
238	1232
238	1300
239	272
239	758
239	781
239	788
239	1039
239	1145
239	1379
239	1422
239	1432
239	1443
239	1456
240	150
240	782
240	860
240	925
240	1033
240	1078
240	1208
240	1308
240	1313
240	1376
240	1471
241	332
241	448
241	822
241	991
241	1109
241	1225
241	1228
241	1274
241	1277
241	1297
241	1456
242	777
242	1097
242	1263
242	1389
242	1395
242	1447
242	1468
242	1477
242	1479
242	1484
242	1487
243	379
243	1154
243	1185
243	1194
243	1204
243	1214
243	1368
243	1418
243	1458
243	1465
243	1466
244	128
244	170
244	836
244	931
244	1107
244	1142
244	1152
244	1214
244	1322
244	1418
244	1457
245	99
245	313
245	674
245	978
245	1175
245	1247
245	1295
245	1306
245	1330
245	1353
245	1401
246	35
246	311
246	780
246	1071
246	1113
246	1246
246	1337
246	1384
246	1409
246	1475
246	1482
247	175
247	595
247	655
247	1209
247	1230
247	1280
247	1281
247	1317
247	1428
247	1463
247	1489
248	706
248	788
248	993
248	1036
248	1198
248	1338
248	1347
248	1363
248	1420
248	1436
248	1452
249	521
249	559
249	581
249	920
249	988
249	994
249	1064
249	1158
249	1188
249	1272
249	1426
250	390
250	545
250	602
250	622
250	982
250	1080
250	1155
250	1361
250	1405
250	1414
250	1470
251	483
251	604
251	783
251	1190
251	1230
251	1374
251	1417
251	1425
251	1471
251	1488
251	1491
252	88
252	119
252	1151
252	1181
252	1213
252	1424
252	1437
252	1441
252	1450
252	1469
252	1492
253	589
253	928
253	1046
253	1105
253	1151
253	1294
253	1364
253	1370
253	1382
253	1400
253	1483
254	953
254	1372
254	1426
254	1442
254	1444
254	1451
254	1452
254	1460
254	1465
254	1467
254	1486
255	512
255	976
255	1009
255	1132
255	1139
255	1270
255	1310
255	1472
255	1493
255	1495
255	1500
256	502
256	724
256	767
256	1067
256	1239
256	1260
256	1327
256	1328
256	1354
256	1382
256	1415
257	480
257	556
257	1266
257	1365
257	1374
257	1417
257	1433
257	1434
257	1460
257	1473
257	1488
258	211
258	602
258	734
258	785
258	915
258	1063
258	1110
258	1187
258	1384
258	1398
258	1435
259	490
259	855
259	872
259	961
259	968
259	1019
259	1127
259	1248
259	1415
259	1440
259	1446
260	438
260	688
260	909
260	1234
260	1247
260	1295
260	1296
260	1311
260	1330
260	1353
260	1465
261	304
261	341
261	652
261	900
261	1241
261	1251
261	1298
261	1330
261	1331
261	1398
261	1435
262	293
262	755
262	792
262	1059
262	1285
262	1288
262	1304
262	1339
262	1364
262	1382
262	1431
263	509
263	520
263	1121
263	1168
263	1326
263	1339
263	1340
263	1481
263	1482
263	1491
263	1494
264	333
264	1104
264	1215
264	1334
264	1363
264	1382
264	1420
264	1436
264	1452
264	1488
264	1493
265	122
265	428
265	572
265	1138
265	1169
265	1312
265	1363
265	1420
265	1436
265	1452
265	1460
266	570
266	1225
266	1237
266	1298
266	1410
266	1423
266	1442
266	1493
266	1495
266	1496
266	1500
267	225
267	305
267	447
267	662
267	981
267	1123
267	1240
267	1246
267	1318
267	1337
267	1409
268	528
268	691
268	791
268	1203
268	1275
268	1350
268	1392
268	1404
268	1421
268	1479
268	1496
269	324
269	385
269	807
269	1020
269	1178
269	1280
269	1328
269	1380
269	1417
269	1471
269	1473
270	510
270	881
270	905
270	1104
270	1138
270	1334
270	1420
270	1436
270	1452
270	1453
270	1477
271	444
271	600
271	644
271	920
271	1079
271	1127
271	1207
271	1415
271	1440
271	1446
271	1477
272	239
272	770
272	972
272	1333
272	1362
272	1396
272	1438
272	1454
272	1475
272	1476
272	1478
273	79
273	285
273	952
273	1006
273	1108
273	1193
273	1206
273	1254
273	1283
273	1302
273	1320
273	1479
274	587
274	642
274	777
274	963
274	966
274	1059
274	1345
274	1389
274	1413
274	1468
274	1477
274	1490
275	591
275	894
275	1212
275	1280
275	1359
275	1364
275	1374
275	1380
275	1387
275	1417
275	1471
275	1482
276	610
276	826
276	1180
276	1226
276	1287
276	1302
276	1338
276	1364
276	1382
276	1400
276	1413
276	1431
277	569
277	888
277	987
277	1002
277	1005
277	1161
277	1208
277	1226
277	1308
277	1313
277	1376
277	1415
278	195
278	496
278	640
278	737
278	795
278	885
278	1145
278	1156
278	1173
278	1201
278	1261
278	1269
279	886
279	1148
279	1170
279	1244
279	1372
279	1424
279	1437
279	1444
279	1445
279	1455
279	1480
279	1492
280	841
280	1085
280	1312
280	1333
280	1345
280	1373
280	1396
280	1447
280	1468
280	1477
280	1490
280	1498
281	182
281	511
281	731
281	785
281	1136
281	1270
281	1276
281	1363
281	1432
281	1437
281	1453
281	1469
282	719
282	873
282	884
282	1057
282	1209
282	1231
282	1277
282	1317
282	1461
282	1463
282	1497
282	1499
283	103
283	574
283	830
283	868
283	1125
283	1405
283	1453
283	1455
283	1457
283	1474
283	1480
283	1492
284	484
284	717
284	729
284	903
284	975
284	1077
284	1214
284	1282
284	1284
284	1394
284	1404
284	1457
285	273
285	334
285	1244
285	1280
285	1304
285	1336
285	1362
285	1402
285	1454
285	1475
285	1476
285	1478
286	911
286	1127
286	1174
286	1176
286	1192
286	1298
286	1369
286	1375
286	1392
286	1410
286	1472
286	1495
287	1017
287	1262
287	1333
287	1336
287	1361
287	1385
287	1402
287	1408
287	1454
287	1475
287	1476
287	1478
288	81
288	775
288	839
288	1023
288	1027
288	1191
288	1307
288	1309
288	1347
288	1352
288	1367
288	1383
289	40
289	867
289	980
289	1278
289	1312
289	1396
289	1443
289	1477
289	1484
289	1487
289	1490
289	1498
290	100
290	184
290	707
290	898
290	1241
290	1251
290	1287
290	1331
290	1346
290	1354
290	1398
290	1435
291	138
291	784
291	929
291	1111
291	1210
291	1293
291	1325
291	1348
291	1377
291	1381
291	1407
291	1491
292	717
292	1124
292	1179
292	1217
292	1236
292	1262
292	1275
292	1388
292	1411
292	1416
292	1420
292	1429
293	262
293	1025
293	1059
293	1103
293	1195
293	1304
293	1338
293	1364
293	1382
293	1400
293	1431
293	1497
294	553
294	587
294	698
294	771
294	1327
294	1396
294	1411
294	1444
294	1470
294	1484
294	1490
294	1498
295	150
295	199
295	355
295	565
295	700
295	826
295	1073
295	1117
295	1155
295	1287
295	1341
295	1414
296	678
296	781
296	1010
296	1169
296	1177
296	1285
296	1311
296	1316
296	1379
296	1428
296	1443
296	1456
297	96
297	327
297	459
297	512
297	619
297	875
297	964
297	1209
297	1390
297	1463
297	1497
297	1499
298	215
298	416
298	1129
298	1139
298	1299
298	1345
298	1407
298	1463
298	1470
298	1487
298	1490
298	1498
299	151
299	182
299	538
299	1248
299	1270
299	1276
299	1280
299	1437
299	1441
299	1450
299	1474
299	1480
300	215
300	371
300	388
300	651
300	992
300	1083
300	1087
300	1235
300	1291
300	1323
300	1403
300	1474
301	526
301	1126
301	1300
301	1312
301	1328
301	1365
301	1396
301	1413
301	1433
301	1468
301	1470
301	1477
302	877
302	914
302	1013
302	1286
302	1289
302	1314
302	1340
302	1351
302	1438
302	1444
302	1447
302	1459
303	520
303	539
303	870
303	1118
303	1163
303	1350
303	1421
303	1444
303	1467
303	1479
303	1486
303	1496
304	195
304	261
304	605
304	640
304	734
304	926
304	1018
304	1331
304	1346
304	1384
304	1398
304	1435
305	67
305	267
305	918
305	924
305	936
305	1070
305	1240
305	1287
305	1318
305	1337
305	1358
305	1409
306	65
306	104
306	496
306	891
306	968
306	1156
306	1178
306	1259
306	1261
306	1269
306	1280
306	1485
307	321
307	748
307	931
307	1152
307	1172
307	1378
307	1389
307	1391
307	1404
307	1452
307	1457
307	1466
308	456
308	568
308	668
308	917
308	1157
308	1189
308	1228
308	1249
308	1274
308	1277
308	1297
308	1376
309	70
309	162
309	825
309	1227
309	1243
309	1337
309	1387
309	1434
309	1445
309	1469
309	1473
309	1488
310	216
310	886
310	1015
310	1143
310	1151
310	1441
310	1450
310	1453
310	1466
310	1474
310	1491
310	1492
311	246
311	386
311	544
311	626
311	1141
311	1148
311	1222
311	1240
311	1358
311	1391
311	1409
311	1481
312	640
312	812
312	827
312	1145
312	1156
312	1178
312	1182
312	1261
312	1269
312	1317
312	1378
312	1478
313	245
313	560
313	719
313	772
313	831
313	836
313	924
313	936
313	1222
313	1337
313	1358
313	1409
314	21
314	83
314	520
314	620
314	705
314	890
314	959
314	1006
314	1080
314	1254
314	1283
314	1302
315	141
315	154
315	991
315	1109
315	1157
315	1228
315	1249
315	1274
315	1277
315	1297
315	1317
315	1427
316	635
316	703
316	834
316	1006
316	1055
316	1066
316	1193
316	1206
316	1254
316	1283
316	1320
316	1497
317	813
317	875
317	884
317	999
317	1357
317	1385
317	1390
317	1419
317	1428
317	1448
317	1464
317	1497
318	77
318	356
318	844
318	1138
318	1333
318	1336
318	1362
318	1379
318	1408
318	1454
318	1476
318	1478
319	47
319	758
319	933
319	1116
319	1303
319	1426
319	1442
319	1444
319	1467
319	1479
319	1486
319	1496
320	202
320	371
320	543
320	592
320	685
320	1059
320	1212
320	1235
320	1271
320	1281
320	1323
320	1403
321	307
321	367
321	603
321	877
321	1141
321	1191
321	1216
321	1307
321	1347
321	1367
321	1383
321	1435
322	142
322	553
322	689
322	802
322	867
322	1130
322	1233
322	1271
322	1291
322	1338
322	1397
322	1398
323	25
323	61
323	83
323	674
323	799
323	939
323	1015
323	1055
323	1206
323	1254
323	1283
323	1320
324	51
324	86
324	269
324	604
324	667
324	816
324	1243
324	1387
324	1435
324	1445
324	1454
324	1488
325	420
325	743
325	808
325	966
325	1344
325	1355
325	1358
325	1427
325	1465
325	1481
325	1482
325	1492
326	198
326	608
326	877
326	926
326	1091
326	1148
326	1309
326	1342
326	1347
326	1352
326	1383
326	1433
327	297
327	898
327	1045
327	1110
327	1241
327	1251
327	1331
327	1384
327	1398
327	1435
327	1450
327	1456
328	50
328	393
328	548
328	787
328	1096
328	1280
328	1359
328	1374
328	1380
328	1445
328	1471
328	1477
329	153
329	849
329	1010
329	1077
329	1223
329	1396
329	1447
329	1470
329	1484
329	1487
329	1490
329	1498
330	447
330	586
330	702
330	1197
330	1218
330	1250
330	1310
330	1369
330	1370
330	1392
330	1463
330	1500
331	891
331	1085
331	1092
331	1319
331	1333
331	1371
331	1431
331	1454
331	1475
331	1476
331	1478
331	1500
332	241
332	523
332	1029
332	1034
332	1183
332	1191
332	1238
332	1307
332	1309
332	1347
332	1352
332	1367
333	62
333	118
333	264
333	1152
333	1197
333	1280
333	1294
333	1359
333	1449
333	1473
333	1488
333	1492
334	285
334	672
334	680
334	832
334	990
334	1319
334	1333
334	1454
334	1475
334	1476
334	1478
334	1480
335	588
335	1146
335	1163
335	1303
335	1372
335	1421
335	1439
335	1442
335	1444
335	1479
335	1496
335	1497
336	83
336	421
336	882
336	963
336	1093
336	1256
336	1301
336	1316
336	1422
336	1432
336	1443
336	1456
337	748
337	1033
337	1172
337	1293
337	1322
337	1386
337	1394
337	1404
337	1414
337	1440
337	1457
337	1458
338	761
338	931
338	1237
338	1310
338	1369
338	1392
338	1410
338	1454
338	1463
338	1472
338	1493
338	1500
339	819
339	848
339	883
339	975
339	1114
339	1152
339	1172
339	1219
339	1297
339	1391
339	1404
339	1458
340	513
340	1131
340	1170
340	1264
340	1441
340	1443
340	1453
340	1464
340	1474
340	1480
340	1485
340	1492
341	261
341	552
341	803
341	820
341	867
341	869
341	992
341	1072
341	1207
341	1235
341	1397
341	1422
342	625
342	678
342	826
342	973
342	1290
342	1329
342	1353
342	1356
342	1360
342	1366
342	1368
342	1439
343	224
343	914
343	1041
343	1108
343	1250
343	1286
343	1339
343	1340
343	1407
343	1438
343	1459
343	1462
344	137
344	197
344	794
344	864
344	1192
344	1258
344	1259
344	1298
344	1313
344	1419
344	1485
344	1493
345	124
345	373
345	502
345	736
345	1089
345	1250
345	1393
345	1481
345	1482
345	1491
345	1494
345	1495
346	552
346	1080
346	1151
346	1299
346	1344
346	1424
346	1441
346	1453
346	1460
346	1474
346	1480
346	1492
347	613
347	672
347	1184
347	1235
347	1256
347	1267
347	1273
347	1463
347	1483
347	1489
347	1497
347	1499
348	65
348	91
348	116
348	210
348	485
348	740
348	891
348	968
348	1145
348	1269
348	1436
348	1472
349	177
349	581
349	619
349	650
349	659
349	709
349	831
349	1064
349	1154
349	1182
349	1234
349	1267
350	89
350	527
350	563
350	575
350	666
350	1109
350	1154
350	1228
350	1274
350	1277
350	1297
350	1369
351	948
351	1021
351	1155
351	1229
351	1265
351	1298
351	1410
351	1416
351	1472
351	1485
351	1489
351	1493
352	137
352	180
352	957
352	1095
352	1175
352	1295
352	1296
352	1306
352	1311
352	1330
352	1353
352	1405
353	683
353	866
353	932
353	970
353	1103
353	1224
353	1256
353	1379
353	1397
353	1443
353	1448
353	1456
354	727
354	730
354	811
354	895
354	1244
354	1286
354	1326
354	1351
354	1415
354	1438
354	1459
354	1462
355	14
355	85
355	295
355	501
355	531
355	788
355	982
355	1205
355	1232
355	1284
355	1361
355	1414
356	125
356	318
356	776
356	1333
356	1344
356	1396
356	1408
356	1411
356	1454
356	1475
356	1476
356	1478
357	152
357	814
357	867
357	1130
357	1210
357	1212
357	1323
357	1329
357	1378
357	1397
357	1403
357	1424
358	628
358	653
358	779
358	1008
358	1041
358	1241
358	1258
358	1289
358	1314
358	1340
358	1459
358	1462
359	751
359	796
359	798
359	825
359	868
359	901
359	1053
359	1232
359	1356
359	1361
359	1414
359	1467
360	150
360	632
360	752
360	897
360	1076
360	1086
360	1119
360	1158
360	1182
360	1188
360	1287
360	1471
361	103
361	420
361	1013
361	1172
361	1186
361	1194
361	1242
361	1272
361	1308
361	1391
361	1458
361	1466
362	471
362	993
362	1257
362	1289
362	1307
362	1339
362	1340
362	1351
362	1391
362	1438
362	1459
362	1462
363	55
363	442
363	469
363	505
363	551
363	1167
363	1205
363	1331
363	1384
363	1398
363	1424
363	1435
364	412
364	547
364	664
364	1107
364	1185
364	1298
364	1341
364	1472
364	1485
364	1493
364	1495
364	1500
365	411
365	678
365	731
365	1011
365	1052
365	1286
365	1289
365	1340
365	1384
365	1438
365	1459
365	1462
366	515
366	855
366	1103
366	1127
366	1248
366	1254
366	1401
366	1415
366	1430
366	1440
366	1441
366	1446
367	46
367	321
367	908
367	1078
367	1085
367	1113
367	1208
367	1252
367	1308
367	1313
367	1321
367	1376
368	703
368	855
368	1001
368	1163
368	1236
368	1303
368	1315
368	1442
368	1444
368	1458
368	1467
368	1479
369	229
369	394
369	528
369	629
369	709
369	988
369	994
369	1086
369	1158
369	1182
369	1187
369	1492
370	743
370	757
370	937
370	1174
370	1192
370	1258
370	1298
370	1434
370	1472
370	1493
370	1495
370	1500
371	115
371	300
371	320
371	543
371	765
371	918
371	1039
371	1212
371	1244
371	1291
371	1323
371	1433
372	545
372	586
372	714
372	734
372	911
372	1132
372	1162
372	1410
372	1434
372	1472
372	1495
372	1500
373	2
373	97
373	345
373	456
373	964
373	1278
373	1407
373	1412
373	1413
373	1470
373	1484
373	1490
374	235
374	701
374	714
374	965
374	976
374	1412
374	1439
374	1441
374	1461
374	1483
374	1489
374	1497
375	424
375	455
375	499
375	683
375	744
375	1036
375	1096
375	1138
375	1334
375	1420
375	1436
375	1452
376	804
376	961
376	1111
376	1219
376	1233
376	1293
376	1343
376	1348
376	1377
376	1381
376	1492
376	1495
377	37
377	224
377	461
377	745
377	1113
377	1231
377	1287
377	1288
377	1364
377	1382
377	1400
377	1431
378	60
378	410
378	728
378	771
378	1185
378	1210
378	1255
378	1325
378	1348
378	1377
378	1381
378	1437
379	191
379	243
379	748
379	819
379	931
379	945
379	1077
379	1150
379	1179
379	1373
379	1386
379	1466
380	810
380	1034
380	1067
380	1068
380	1100
380	1133
380	1199
380	1239
380	1303
380	1354
380	1375
380	1492
381	413
381	852
381	934
381	1152
381	1177
381	1217
381	1275
381	1382
381	1406
381	1416
381	1429
381	1457
382	431
382	870
382	1097
382	1186
382	1281
382	1349
382	1377
382	1428
382	1461
382	1464
382	1489
382	1497
383	30
383	523
383	887
383	896
383	999
383	1122
383	1207
383	1355
383	1433
383	1434
383	1445
383	1449
384	442
384	693
384	764
384	926
384	981
384	1045
384	1331
384	1346
384	1398
384	1406
384	1435
384	1500
385	269
385	782
385	847
385	1099
385	1122
385	1265
385	1355
385	1371
385	1434
385	1471
385	1478
385	1488
386	311
386	621
386	813
386	836
386	1070
386	1073
386	1123
386	1240
386	1287
386	1318
386	1358
386	1409
387	615
387	663
387	833
387	869
387	1299
387	1362
387	1402
387	1408
387	1454
387	1475
387	1476
387	1478
388	300
388	416
388	1278
388	1310
388	1312
388	1396
388	1430
388	1457
388	1470
388	1477
388	1487
388	1498
389	447
389	579
389	833
389	1127
389	1248
389	1355
389	1382
389	1401
389	1415
389	1440
389	1446
389	1471
390	250
390	564
390	581
390	857
390	1050
390	1059
390	1073
390	1135
390	1155
390	1300
390	1361
390	1412
391	614
391	736
391	843
391	1140
391	1326
391	1349
391	1393
391	1419
391	1427
391	1444
391	1465
391	1484
392	635
392	699
392	786
392	960
392	965
392	992
392	1120
392	1196
392	1207
392	1415
392	1440
392	1446
393	234
393	328
393	448
393	774
393	780
393	1109
393	1131
393	1157
393	1249
393	1274
393	1277
393	1440
394	369
394	458
394	709
394	901
394	920
394	1027
394	1076
394	1086
394	1182
394	1188
394	1261
394	1417
395	176
395	528
395	535
395	559
395	650
395	659
395	994
395	1064
395	1158
395	1188
395	1248
395	1280
396	574
396	587
396	1053
396	1132
396	1299
396	1308
396	1365
396	1412
396	1447
396	1468
396	1490
396	1498
397	139
397	226
397	622
397	762
397	901
397	982
397	1117
397	1135
397	1205
397	1214
397	1241
397	1414
398	798
398	865
398	937
398	968
398	1036
398	1054
398	1126
398	1135
398	1155
398	1232
398	1300
398	1305
398	1361
399	518
399	599
399	620
399	781
399	979
399	1115
399	1246
399	1292
399	1316
399	1331
399	1354
399	1432
399	1448
400	737
400	867
400	1004
400	1050
400	1120
400	1372
400	1426
400	1442
400	1444
400	1451
400	1460
400	1467
400	1496
401	68
401	601
401	997
401	1032
401	1077
401	1200
401	1204
401	1242
401	1259
401	1281
401	1373
401	1457
401	1458
402	7
402	760
402	872
402	887
402	971
402	1150
402	1196
402	1207
402	1401
402	1415
402	1440
402	1441
402	1446
403	571
403	936
403	1085
403	1129
403	1187
403	1320
403	1362
403	1402
403	1408
403	1454
403	1475
403	1476
403	1478
404	842
404	873
404	1032
404	1037
404	1086
404	1171
404	1279
404	1287
404	1335
404	1375
404	1423
404	1425
404	1474
405	162
405	701
405	809
405	821
405	1155
405	1178
405	1230
405	1284
405	1387
405	1417
405	1433
405	1445
405	1449
406	558
406	965
406	1033
406	1072
406	1205
406	1342
406	1400
406	1428
406	1439
406	1461
406	1463
406	1483
406	1495
407	617
407	914
407	1273
407	1317
407	1342
407	1357
407	1390
407	1428
407	1483
407	1484
407	1489
407	1499
407	1500
408	508
408	874
408	895
408	918
408	1031
408	1047
408	1311
408	1367
408	1406
408	1411
408	1416
408	1429
408	1447
409	52
409	140
409	699
409	747
409	973
409	1012
409	1231
409	1273
409	1461
409	1463
409	1476
409	1497
409	1499
410	378
410	1050
410	1142
410	1213
410	1255
410	1293
410	1309
410	1325
410	1343
410	1348
410	1377
410	1381
410	1500
411	166
411	365
411	758
411	832
411	1041
411	1188
411	1314
411	1340
411	1351
411	1364
411	1438
411	1459
411	1462
412	364
412	570
412	577
412	708
412	910
412	948
412	1259
412	1265
412	1285
412	1392
412	1435
412	1485
412	1495
413	381
413	470
413	619
413	1296
413	1299
413	1312
413	1389
413	1412
413	1470
413	1477
413	1487
413	1490
413	1491
414	87
414	480
414	726
414	858
414	860
414	987
414	1005
414	1094
414	1287
414	1308
414	1376
414	1474
414	1498
415	963
415	991
415	1012
415	1104
415	1125
415	1312
415	1398
415	1407
415	1447
415	1484
415	1486
415	1487
415	1490
416	298
416	388
416	456
416	1060
416	1299
416	1312
416	1344
416	1349
416	1413
416	1447
416	1449
416	1484
416	1487
417	858
417	859
417	1066
417	1111
417	1219
417	1233
417	1293
417	1303
417	1348
417	1377
417	1381
417	1436
417	1438
418	583
418	952
418	1032
418	1037
418	1279
418	1293
418	1333
418	1335
418	1350
418	1375
418	1423
418	1425
418	1488
419	462
419	591
419	983
419	1089
419	1253
419	1290
419	1388
419	1399
419	1401
419	1406
419	1416
419	1429
419	1435
420	325
420	361
420	590
420	786
420	815
420	1079
420	1150
420	1248
420	1303
420	1401
420	1407
420	1440
420	1446
421	336
421	846
421	1088
421	1175
421	1234
421	1247
421	1295
421	1296
421	1306
421	1311
421	1330
421	1353
421	1473
422	620
422	761
422	921
422	956
422	1173
422	1181
422	1276
422	1437
422	1453
422	1469
422	1474
422	1480
422	1492
423	238
423	704
423	744
423	972
423	1142
423	1319
423	1351
423	1394
423	1402
423	1408
423	1475
423	1476
423	1478
424	375
424	489
424	644
424	786
424	893
424	1207
424	1209
424	1248
424	1401
424	1415
424	1440
424	1446
424	1485
425	443
425	507
425	518
425	742
425	756
425	763
425	800
425	934
425	971
425	1275
425	1399
425	1411
425	1416
426	476
426	888
426	1040
426	1213
426	1219
426	1220
426	1255
426	1325
426	1343
426	1348
426	1377
426	1381
426	1463
427	958
427	998
427	1118
427	1163
427	1235
427	1303
427	1362
427	1421
427	1425
427	1426
427	1460
427	1479
427	1486
428	265
428	694
428	741
428	744
428	841
428	1036
428	1363
428	1420
428	1436
428	1451
428	1452
428	1492
428	1494
429	770
429	818
429	909
429	1234
429	1247
429	1261
429	1295
429	1306
429	1311
429	1330
429	1353
429	1429
429	1499
430	675
430	877
430	900
430	939
430	1029
430	1141
430	1216
430	1307
430	1347
430	1367
430	1383
430	1392
430	1443
431	214
431	382
431	557
431	660
431	955
431	1044
431	1065
431	1067
431	1239
431	1260
431	1327
431	1354
431	1472
432	24
432	942
432	1020
432	1259
432	1303
432	1346
432	1397
432	1442
432	1444
432	1460
432	1467
432	1479
432	1496
433	184
433	559
433	584
433	866
433	1075
433	1319
433	1333
433	1362
433	1388
433	1454
433	1475
433	1476
433	1478
434	689
434	1102
434	1136
434	1160
434	1214
434	1272
434	1322
434	1354
434	1394
434	1404
434	1418
434	1466
434	1499
435	503
435	584
435	610
435	835
435	899
435	1013
435	1393
435	1414
435	1465
435	1481
435	1482
435	1491
435	1494
436	682
436	719
436	937
436	1106
436	1127
436	1254
436	1290
436	1329
436	1356
436	1360
436	1366
436	1371
436	1395
437	859
437	896
437	939
437	1017
437	1066
437	1210
437	1219
437	1255
437	1293
437	1343
437	1377
437	1381
437	1387
438	152
438	260
438	571
438	689
438	869
438	992
438	1130
438	1200
438	1291
438	1397
438	1403
438	1455
438	1480
439	443
439	1030
439	1177
439	1179
439	1217
439	1223
439	1262
439	1304
439	1399
439	1406
439	1411
439	1416
439	1492
440	5
440	128
440	524
440	740
440	756
440	984
440	1171
440	1187
440	1228
440	1335
440	1375
440	1423
440	1425
441	157
441	866
441	946
441	962
441	997
441	1056
441	1060
441	1112
441	1224
441	1256
441	1301
441	1379
441	1465
442	52
442	151
442	363
442	384
442	517
442	858
442	972
442	1042
442	1110
442	1251
442	1331
442	1384
442	1435
443	425
443	439
443	758
443	880
443	934
443	1047
443	1217
443	1306
443	1399
443	1406
443	1411
443	1416
443	1490
444	271
444	705
444	759
444	1108
444	1206
444	1254
444	1283
444	1302
444	1320
444	1323
444	1373
444	1443
444	1470
445	472
445	827
445	1132
445	1151
445	1154
445	1258
445	1369
445	1370
445	1392
445	1483
445	1493
445	1495
445	1500
446	606
446	809
446	850
446	970
446	1007
446	1065
446	1068
446	1119
446	1199
446	1221
446	1239
446	1363
446	1424
447	267
447	330
447	389
447	910
447	969
447	1291
447	1298
447	1369
447	1392
447	1410
447	1424
447	1493
447	1495
448	241
448	393
448	482
448	575
448	817
448	822
448	1109
448	1157
448	1228
448	1274
448	1277
448	1297
448	1381
449	525
449	605
449	657
449	785
449	1021
449	1042
449	1111
449	1310
449	1331
449	1335
449	1384
449	1398
449	1435
450	223
450	625
450	835
450	861
450	1042
450	1349
450	1427
450	1437
450	1465
450	1482
450	1487
450	1491
450	1494
451	638
451	783
451	896
451	1130
451	1197
451	1305
451	1355
451	1380
451	1387
451	1430
451	1471
451	1473
451	1488
452	569
452	699
452	1028
452	1281
452	1357
452	1428
452	1435
452	1437
452	1463
452	1464
452	1489
452	1497
452	1499
453	128
453	601
453	1132
453	1144
453	1296
453	1326
453	1427
453	1465
453	1475
453	1482
453	1491
453	1492
453	1494
454	75
454	649
454	1091
454	1141
454	1191
454	1238
454	1240
454	1255
454	1309
454	1347
454	1367
454	1376
454	1383
455	375
455	509
455	537
455	756
455	855
455	873
455	1069
455	1116
455	1378
455	1465
455	1481
455	1482
455	1491
456	308
456	373
456	416
456	658
456	916
456	1048
456	1260
456	1278
456	1468
456	1470
456	1477
456	1484
456	1490
457	790
457	1165
457	1278
457	1386
457	1396
457	1407
457	1447
457	1451
457	1470
457	1484
457	1487
457	1490
457	1496
458	394
458	480
458	519
458	649
458	707
458	840
458	1174
458	1303
458	1426
458	1444
458	1451
458	1467
458	1486
459	15
459	297
459	1342
459	1357
459	1368
459	1385
459	1434
459	1458
459	1461
459	1463
459	1483
459	1489
459	1499
460	701
460	942
460	964
460	1147
460	1267
460	1360
460	1385
460	1390
460	1424
460	1461
460	1464
460	1483
460	1499
461	215
461	377
461	642
461	851
461	1049
461	1218
461	1256
461	1285
461	1292
461	1301
461	1379
461	1432
461	1443
462	33
462	126
462	419
462	1014
462	1021
462	1022
462	1047
462	1074
462	1388
462	1399
462	1406
462	1416
462	1429
463	574
463	904
463	1164
463	1170
463	1239
463	1283
463	1316
463	1424
463	1437
463	1441
463	1453
463	1455
463	1497
464	72
464	139
464	161
464	564
464	803
464	857
464	865
464	901
464	1025
464	1232
464	1361
464	1388
464	1414
465	217
465	484
465	1026
465	1085
465	1160
465	1259
465	1333
465	1362
465	1402
465	1408
465	1475
465	1476
465	1478
466	733
466	863
466	1239
466	1303
466	1338
466	1372
466	1398
466	1442
466	1444
466	1451
466	1460
466	1467
466	1479
467	27
467	884
467	1041
467	1048
467	1231
467	1267
467	1281
467	1357
467	1390
467	1428
467	1439
467	1489
467	1497
468	182
468	956
468	1035
468	1131
468	1154
468	1170
468	1181
468	1270
468	1367
468	1415
468	1453
468	1480
468	1492
469	363
469	505
469	652
469	835
469	919
469	926
469	1110
469	1231
469	1241
469	1344
469	1346
469	1384
469	1435
470	413
470	613
470	630
470	995
470	1196
470	1201
470	1345
470	1351
470	1389
470	1430
470	1470
470	1487
470	1498
471	9
471	235
471	362
471	668
471	1211
471	1421
471	1426
471	1451
471	1460
471	1467
471	1486
471	1496
471	1498
472	445
472	622
472	1078
472	1229
472	1258
472	1265
472	1341
472	1398
472	1419
472	1445
472	1472
472	1493
472	1495
473	70
473	760
473	829
473	1071
473	1264
473	1276
473	1372
473	1450
473	1455
473	1461
473	1474
473	1480
473	1492
474	221
474	1017
474	1066
474	1149
474	1213
474	1219
474	1255
474	1343
474	1348
474	1377
474	1381
474	1399
474	1484
475	3
475	542
475	706
475	713
475	905
475	1098
475	1160
475	1215
475	1334
475	1373
475	1420
475	1436
475	1452
476	426
476	741
476	800
476	1036
476	1089
476	1177
476	1215
476	1334
476	1363
476	1420
476	1436
476	1452
476	1468
477	53
477	234
477	549
477	923
477	1090
477	1109
477	1157
477	1228
477	1239
477	1249
477	1274
477	1297
477	1363
478	722
478	909
478	915
478	952
478	1056
478	1163
478	1187
478	1282
478	1335
478	1370
478	1375
478	1423
478	1425
479	75
479	712
479	736
479	1055
479	1143
479	1168
479	1344
479	1378
479	1393
479	1481
479	1482
479	1491
479	1494
480	257
480	414
480	458
480	945
480	1005
480	1033
480	1078
480	1208
480	1308
480	1313
480	1321
480	1345
480	1376
481	224
481	696
481	779
481	872
481	1079
481	1127
481	1196
481	1207
481	1211
481	1296
481	1401
481	1440
481	1446
482	448
482	536
482	950
482	999
482	1260
482	1267
482	1281
482	1342
482	1362
482	1390
482	1464
482	1489
482	1497
483	207
483	251
483	553
483	1150
483	1389
483	1407
483	1413
483	1430
483	1431
483	1477
483	1484
483	1490
483	1498
484	284
484	465
484	1045
484	1129
484	1176
484	1333
484	1336
484	1402
484	1408
484	1409
484	1454
484	1476
484	1478
485	24
485	134
485	194
485	348
485	629
485	795
485	906
485	1156
485	1178
485	1256
485	1261
485	1269
485	1352
486	538
486	1043
486	1138
486	1153
486	1176
486	1226
486	1287
486	1338
486	1357
486	1382
486	1400
486	1431
486	1495
487	872
487	879
487	882
487	890
487	1006
487	1016
487	1055
487	1068
487	1108
487	1206
487	1283
487	1302
487	1320
488	708
488	999
488	1098
488	1146
488	1171
488	1174
488	1265
488	1403
488	1431
488	1472
488	1485
488	1493
488	1500
489	70
489	185
489	424
489	669
489	925
489	956
489	1102
489	1324
489	1396
489	1405
489	1424
489	1441
489	1453
489	1480
490	91
490	155
490	259
490	677
490	696
490	737
490	795
490	812
490	968
490	1145
490	1261
490	1269
490	1346
490	1493
491	970
491	1106
491	1170
491	1232
491	1290
491	1324
491	1356
491	1360
491	1366
491	1368
491	1371
491	1395
491	1397
491	1425
492	174
492	193
492	529
492	767
492	1022
492	1065
492	1100
492	1174
492	1221
492	1239
492	1260
492	1327
492	1354
492	1384
493	144
493	618
493	661
493	956
493	1016
493	1050
493	1108
493	1193
493	1206
493	1254
493	1283
493	1302
493	1320
493	1457
494	197
494	792
494	905
494	945
494	1092
494	1141
494	1216
494	1238
494	1307
494	1313
494	1352
494	1367
494	1383
494	1479
495	668
495	758
495	894
495	906
495	1059
495	1081
495	1116
495	1140
495	1240
495	1349
495	1408
495	1481
495	1482
495	1494
496	56
496	88
496	134
496	139
496	278
496	306
496	677
496	705
496	805
496	827
496	978
496	986
496	1145
496	1482
497	593
497	617
497	756
497	789
497	1032
497	1037
497	1062
497	1171
497	1335
497	1380
497	1410
497	1423
497	1425
497	1482
498	3
498	156
498	222
498	852
498	860
498	1009
498	1124
498	1177
498	1217
498	1388
498	1399
498	1411
498	1416
498	1429
499	375
499	1030
499	1166
499	1290
499	1324
499	1325
499	1329
499	1349
499	1356
499	1360
499	1366
499	1395
499	1405
499	1487
500	642
500	888
500	1043
500	1147
500	1176
500	1195
500	1260
500	1287
500	1288
500	1328
500	1364
500	1382
500	1388
500	1431
501	139
501	238
501	355
501	523
501	548
501	638
501	796
501	857
501	865
501	1029
501	1189
501	1220
501	1242
501	1414
502	256
502	345
502	835
502	1081
502	1130
502	1202
502	1248
502	1344
502	1393
502	1419
502	1465
502	1481
502	1482
502	1491
503	435
503	547
503	688
503	1004
503	1031
503	1177
503	1179
503	1223
503	1253
503	1275
503	1388
503	1399
503	1406
503	1429
504	168
504	622
504	754
504	985
504	998
504	1101
504	1126
504	1203
504	1270
504	1315
504	1372
504	1460
504	1467
504	1486
505	363
505	469
505	652
505	697
505	905
505	944
505	1042
505	1246
505	1247
505	1346
505	1365
505	1384
505	1398
505	1435
506	225
506	591
506	683
506	687
506	891
506	1090
506	1285
506	1316
506	1422
506	1432
506	1443
506	1448
506	1456
506	1486
507	425
507	812
507	861
507	963
507	983
507	1179
507	1217
507	1253
507	1262
507	1399
507	1406
507	1411
507	1429
507	1476
508	408
508	862
508	934
508	1014
508	1124
508	1177
508	1275
508	1296
508	1379
508	1399
508	1406
508	1416
508	1429
508	1492
509	263
509	455
509	810
509	883
509	967
509	1137
509	1288
509	1311
509	1344
509	1349
509	1378
509	1465
509	1482
509	1486
510	270
510	585
510	727
510	1041
510	1167
510	1191
510	1257
510	1289
510	1314
510	1340
510	1394
510	1438
510	1459
510	1462
511	281
511	543
511	731
511	1091
511	1098
511	1264
511	1270
511	1381
511	1405
511	1424
511	1453
511	1469
511	1474
511	1492
512	33
512	255
512	297
512	762
512	810
512	1065
512	1159
512	1199
512	1221
512	1239
512	1260
512	1316
512	1328
512	1455
513	340
513	871
513	1001
513	1080
513	1102
513	1223
513	1354
513	1418
513	1437
513	1453
513	1455
513	1471
513	1480
513	1492
514	76
514	965
514	1019
514	1149
514	1166
514	1252
514	1324
514	1329
514	1366
514	1368
514	1371
514	1395
514	1407
514	1459
515	28
515	366
515	579
515	602
515	815
515	833
515	893
515	955
515	971
515	1111
515	1150
515	1196
515	1440
515	1446
516	724
516	747
516	1022
516	1039
516	1103
516	1120
516	1211
516	1268
516	1444
516	1451
516	1467
516	1479
516	1495
516	1496
517	74
517	442
517	572
517	854
517	1118
517	1209
517	1281
517	1317
517	1439
517	1445
517	1461
517	1463
517	1483
517	1499
518	399
518	425
518	599
518	620
518	683
518	828
518	1256
518	1280
518	1285
518	1379
518	1432
518	1443
518	1448
518	1473
519	458
519	562
519	721
519	752
519	942
519	1120
519	1159
519	1203
519	1268
519	1308
519	1421
519	1460
519	1486
519	1496
520	263
520	303
520	314
520	1223
520	1389
520	1407
520	1430
520	1447
520	1454
520	1468
520	1470
520	1484
520	1487
520	1490
521	44
521	249
521	913
521	1146
521	1229
521	1237
521	1308
521	1419
521	1452
521	1472
521	1485
521	1493
521	1495
521	1500
522	59
522	562
522	853
522	992
522	1169
522	1206
522	1224
522	1256
522	1292
522	1379
522	1443
522	1448
522	1459
522	1475
523	332
523	383
523	501
523	783
523	902
523	1023
523	1294
523	1356
523	1380
523	1417
523	1434
523	1449
523	1471
523	1488
524	213
524	440
524	828
524	865
524	915
524	1174
524	1187
524	1189
524	1279
524	1335
524	1375
524	1423
524	1425
524	1476
525	48
525	449
525	697
525	876
525	886
525	900
525	944
525	1035
525	1167
525	1331
525	1346
525	1384
525	1387
525	1435
526	301
526	837
526	1022
526	1073
526	1365
526	1430
526	1437
526	1441
526	1447
526	1468
526	1470
526	1477
526	1484
526	1490
527	233
527	350
527	594
527	669
527	1102
527	1151
527	1181
527	1310
527	1405
527	1441
527	1455
527	1469
527	1474
527	1480
528	268
528	369
528	395
528	535
528	646
528	731
528	817
528	988
528	994
528	1064
528	1086
528	1156
528	1188
528	1428
529	492
529	746
529	764
529	1150
529	1164
529	1424
529	1437
529	1441
529	1453
529	1455
529	1469
529	1474
529	1480
529	1492
530	706
530	848
530	996
530	1139
530	1149
530	1202
530	1232
530	1290
530	1315
530	1356
530	1366
530	1368
530	1371
530	1395
531	82
531	355
531	796
531	825
531	914
531	1053
531	1171
531	1205
531	1220
531	1246
531	1300
531	1302
531	1361
531	1414
532	563
532	575
532	704
532	774
532	797
532	991
532	1157
532	1228
532	1249
532	1250
532	1274
532	1277
532	1297
532	1479
533	540
533	899
533	989
533	1105
533	1405
533	1424
533	1437
533	1441
533	1450
533	1455
533	1469
533	1474
533	1480
533	1492
534	198
534	877
534	935
534	1091
534	1183
534	1190
534	1191
534	1200
534	1216
534	1301
534	1307
534	1352
534	1367
534	1401
535	177
535	395
535	528
535	650
535	659
535	709
535	791
535	920
535	1008
535	1076
535	1182
535	1188
535	1196
535	1360
536	482
536	573
536	668
536	679
536	822
536	1109
536	1157
536	1178
536	1228
536	1249
536	1274
536	1277
536	1297
536	1432
537	455
537	724
537	727
537	760
537	838
537	967
537	1066
537	1069
537	1326
537	1394
537	1427
537	1465
537	1481
537	1494
538	168
538	185
538	299
538	486
538	747
538	871
538	1143
538	1151
538	1264
538	1270
538	1371
538	1410
538	1424
538	1469
539	303
539	687
539	788
539	979
539	1010
539	1078
539	1222
539	1254
539	1256
539	1301
539	1316
539	1332
539	1379
539	1422
540	533
540	1003
540	1129
540	1142
540	1333
540	1362
540	1408
540	1438
540	1443
540	1454
540	1475
540	1476
540	1478
540	1490
541	2
541	148
541	997
541	1034
541	1057
541	1060
541	1203
541	1224
541	1379
541	1432
541	1433
541	1443
541	1448
541	1456
542	475
542	706
542	713
542	922
542	1198
542	1215
542	1216
542	1251
542	1363
542	1420
542	1436
542	1440
542	1452
542	1497
543	320
543	371
543	511
543	689
543	1087
543	1212
543	1229
543	1235
543	1271
543	1289
543	1323
543	1397
543	1403
543	1421
544	63
544	225
544	311
544	627
544	978
544	1070
544	1123
544	1141
544	1175
544	1222
544	1337
544	1358
544	1373
544	1409
545	194
545	250
545	372
545	638
545	700
545	848
545	901
545	1073
545	1117
545	1126
545	1203
545	1205
545	1361
545	1487
546	77
546	213
546	593
546	915
546	952
546	1056
546	1060
546	1099
546	1335
546	1375
546	1386
546	1423
546	1425
546	1443
547	94
547	364
547	503
547	842
547	895
547	1217
547	1275
547	1330
547	1399
547	1406
547	1411
547	1413
547	1416
547	1429
548	328
548	501
548	789
548	941
548	1038
548	1082
548	1142
548	1319
548	1336
548	1408
548	1454
548	1475
548	1476
548	1478
549	234
549	477
549	611
549	668
549	991
549	1006
549	1095
549	1157
549	1228
549	1249
549	1277
549	1297
549	1453
549	1462
550	919
550	978
550	984
550	1165
550	1234
550	1236
550	1245
550	1282
550	1295
550	1296
550	1306
550	1311
550	1330
550	1353
551	9
551	126
551	363
551	718
551	1014
551	1074
551	1217
551	1262
551	1360
551	1388
551	1406
551	1411
551	1416
551	1429
552	341
552	346
552	623
552	816
552	869
552	892
552	1161
552	1212
552	1291
552	1323
552	1327
552	1358
552	1397
552	1403
553	294
553	322
553	483
553	688
553	945
553	1106
553	1263
553	1345
553	1357
553	1468
553	1470
553	1487
553	1493
553	1498
554	165
554	755
554	783
554	823
554	894
554	959
554	1193
554	1367
554	1387
554	1445
554	1449
554	1471
554	1473
554	1488
555	590
555	635
555	657
555	856
555	893
555	953
555	960
555	1150
555	1207
555	1401
555	1415
555	1440
555	1446
555	1483
556	95
556	257
556	674
556	847
556	904
556	977
556	1284
556	1294
556	1374
556	1380
556	1394
556	1445
556	1471
556	1473
557	431
557	863
557	1064
557	1140
557	1234
557	1247
557	1295
557	1296
557	1306
557	1311
557	1330
557	1353
557	1408
557	1495
558	406
558	585
558	1047
558	1176
558	1342
558	1428
558	1435
558	1439
558	1461
558	1463
558	1464
558	1483
558	1489
558	1497
559	249
559	395
559	433
559	575
559	619
559	709
559	994
559	1039
559	1064
559	1086
559	1182
559	1188
559	1355
559	1365
560	313
560	602
560	715
560	842
560	936
560	1222
560	1240
560	1246
560	1318
560	1337
560	1358
560	1409
560	1476
560	1497
561	766
561	929
561	930
561	1041
561	1120
561	1210
561	1213
561	1233
561	1325
561	1343
561	1348
561	1377
561	1381
561	1396
562	46
562	519
562	522
562	665
562	687
562	843
562	899
562	1112
562	1256
562	1406
562	1422
562	1443
562	1448
562	1456
563	350
563	532
563	568
563	606
563	991
563	1046
563	1120
563	1157
563	1228
563	1249
563	1274
563	1277
563	1297
563	1452
564	139
564	238
564	390
564	464
564	848
564	868
564	929
564	1117
564	1135
564	1220
564	1231
564	1300
564	1365
564	1414
565	125
565	220
565	295
565	602
565	638
565	857
565	1117
565	1126
565	1220
565	1275
565	1300
565	1339
565	1414
565	1487
566	685
566	707
566	1211
566	1227
566	1244
566	1290
566	1315
566	1334
566	1372
566	1426
566	1444
566	1451
566	1460
566	1479
567	60
567	808
567	847
567	989
567	1243
567	1280
567	1316
567	1375
567	1380
567	1434
567	1449
567	1456
567	1471
567	1473
568	64
568	308
568	563
568	774
568	991
568	1109
568	1157
568	1249
568	1274
568	1277
568	1297
568	1345
568	1485
568	1497
569	277
569	452
569	778
569	860
569	908
569	987
569	1088
569	1117
569	1192
569	1208
569	1308
569	1321
569	1326
569	1376
570	266
570	412
570	794
570	1006
570	1162
570	1174
570	1301
570	1310
570	1335
570	1339
570	1392
570	1405
570	1419
570	1500
571	403
571	438
571	683
571	812
571	892
571	918
571	987
571	1161
571	1235
571	1271
571	1291
571	1397
571	1403
571	1466
572	265
572	517
572	741
572	786
572	993
572	1096
572	1104
572	1138
572	1267
572	1363
572	1420
572	1436
572	1452
572	1477
573	89
573	536
573	774
573	898
573	991
573	1228
573	1249
573	1274
573	1277
573	1297
573	1309
573	1402
573	1441
573	1472
574	283
574	396
574	463
574	940
574	1102
574	1140
574	1269
574	1424
574	1441
574	1447
574	1453
574	1469
574	1474
574	1480
574	1492
575	350
575	448
575	532
575	559
575	666
575	944
575	1014
575	1109
575	1157
575	1228
575	1249
575	1274
575	1277
575	1297
575	1426
576	633
576	704
576	949
576	1092
576	1121
576	1317
576	1377
576	1402
576	1408
576	1412
576	1454
576	1475
576	1476
576	1478
576	1488
577	412
577	620
577	781
577	788
577	883
577	903
577	952
577	1010
577	1039
577	1103
577	1156
577	1285
577	1443
577	1448
577	1456
578	57
578	160
578	652
578	657
578	876
578	926
578	929
578	981
578	1110
578	1167
578	1241
578	1384
578	1398
578	1435
578	1485
579	147
579	389
579	515
579	649
579	752
579	815
579	855
579	1079
579	1150
579	1212
579	1248
579	1401
579	1415
579	1440
579	1446
580	862
580	878
580	1010
580	1230
580	1284
580	1355
580	1374
580	1387
580	1434
580	1445
580	1463
580	1471
580	1473
580	1484
580	1488
581	249
581	349
581	390
581	610
581	646
581	650
581	784
581	817
581	897
581	920
581	1027
581	1158
581	1188
581	1404
581	1458
582	719
582	950
582	952
582	1118
582	1163
582	1236
582	1403
582	1421
582	1426
582	1442
582	1451
582	1467
582	1486
582	1488
582	1496
583	104
583	418
583	618
583	757
583	789
583	795
583	873
583	1173
583	1209
583	1279
583	1285
583	1335
583	1423
583	1425
583	1468
584	433
584	435
584	601
584	758
584	1018
584	1029
584	1122
584	1137
584	1144
584	1202
584	1326
584	1465
584	1482
584	1490
584	1491
585	510
585	558
585	743
585	958
585	967
585	1138
585	1140
585	1168
585	1250
585	1305
585	1349
585	1427
585	1482
585	1491
585	1494
586	330
586	372
586	762
586	911
586	986
586	1265
586	1284
586	1410
586	1451
586	1463
586	1472
586	1485
586	1493
586	1495
586	1500
587	274
587	294
587	396
587	1059
587	1201
587	1223
587	1237
587	1263
587	1345
587	1365
587	1407
587	1423
587	1433
587	1468
587	1484
588	335
588	973
588	1236
588	1243
588	1350
588	1381
588	1421
588	1426
588	1439
588	1444
588	1451
588	1460
588	1467
588	1479
588	1496
589	253
589	688
589	1006
589	1059
589	1128
589	1180
589	1226
589	1240
589	1287
589	1288
589	1338
589	1382
589	1414
589	1431
589	1449
590	110
590	420
590	555
590	743
590	751
590	855
590	921
590	1150
590	1196
590	1320
590	1401
590	1415
590	1438
590	1440
590	1446
591	275
591	419
591	506
591	764
591	926
591	1009
591	1031
591	1124
591	1253
591	1388
591	1399
591	1406
591	1411
591	1429
591	1457
592	320
592	735
592	744
592	803
592	867
592	918
592	989
592	992
592	1087
592	1130
592	1271
592	1291
592	1386
592	1397
592	1403
593	13
593	497
593	546
593	756
593	966
593	1035
593	1171
593	1279
593	1286
593	1335
593	1375
593	1387
593	1410
593	1423
593	1425
594	527
594	685
594	1083
594	1089
594	1203
594	1350
594	1421
594	1442
594	1451
594	1460
594	1467
594	1469
594	1477
594	1486
594	1496
595	247
595	968
595	977
595	1066
595	1072
595	1326
595	1342
595	1352
595	1383
595	1385
595	1428
595	1464
595	1483
595	1497
595	1499
596	608
596	827
596	1029
596	1037
596	1087
596	1141
596	1238
596	1307
596	1309
596	1325
596	1347
596	1352
596	1367
596	1383
596	1437
597	130
597	783
597	897
597	917
597	924
597	1061
597	1210
597	1233
597	1293
597	1325
597	1343
597	1348
597	1377
597	1381
597	1470
598	44
598	663
598	941
598	1042
598	1121
598	1129
598	1142
598	1208
598	1362
598	1408
598	1449
598	1454
598	1475
598	1476
598	1478
599	6
599	399
599	518
599	843
599	1103
599	1112
599	1115
599	1136
599	1268
599	1292
599	1316
599	1331
599	1332
599	1379
599	1460
600	271
600	644
600	751
600	797
600	971
600	1079
600	1088
600	1127
600	1164
600	1195
600	1196
600	1248
600	1415
600	1440
600	1446
601	401
601	453
601	584
601	670
601	887
601	1073
601	1188
601	1223
601	1349
601	1393
601	1427
601	1437
601	1481
601	1491
601	1494
602	85
602	220
602	238
602	250
602	258
602	515
602	560
602	565
602	825
602	1054
602	1059
602	1126
602	1155
602	1300
602	1414
603	226
603	321
603	675
603	839
603	925
603	939
603	1135
603	1233
603	1307
603	1309
603	1347
603	1352
603	1367
603	1383
603	1454
604	114
604	251
604	324
604	793
604	797
604	995
604	1035
604	1099
604	1122
604	1216
604	1355
604	1359
604	1387
604	1433
604	1488
605	55
605	304
605	449
605	698
605	900
605	926
605	1110
605	1251
605	1346
605	1384
605	1398
605	1412
605	1435
605	1479
605	1481
606	446
606	563
606	690
606	724
606	811
606	850
606	902
606	1024
606	1044
606	1065
606	1067
606	1068
606	1199
606	1450
606	1479
607	614
607	777
607	808
607	1031
607	1081
607	1116
607	1168
607	1235
607	1349
607	1378
607	1428
607	1481
607	1482
607	1491
607	1494
608	165
608	326
608	596
608	910
608	1029
608	1141
608	1174
608	1183
608	1307
608	1309
608	1352
608	1367
608	1383
608	1392
608	1432
609	31
609	953
609	1152
609	1172
609	1186
609	1204
609	1256
609	1282
609	1294
609	1386
609	1394
609	1457
609	1465
609	1466
609	1476
610	276
610	435
610	581
610	632
610	659
610	817
610	897
610	920
610	974
610	988
610	1055
610	1076
610	1158
610	1182
610	1454
611	549
611	785
611	809
611	828
611	1079
611	1173
611	1299
611	1365
611	1396
611	1402
611	1412
611	1413
611	1447
611	1487
611	1498
612	655
612	1075
612	1092
612	1293
612	1319
612	1336
612	1362
612	1367
612	1386
612	1402
612	1427
612	1454
612	1475
612	1476
612	1478
613	20
613	347
613	470
613	626
613	627
613	695
613	715
613	780
613	1237
613	1246
613	1337
613	1358
613	1409
613	1440
613	1446
614	118
614	391
614	607
614	743
614	967
614	996
614	1068
614	1069
614	1139
614	1326
614	1367
614	1427
614	1481
614	1482
614	1494
615	150
615	387
615	632
615	751
615	817
615	920
615	1027
615	1064
615	1076
615	1086
615	1115
615	1158
615	1188
615	1349
615	1423
616	17
616	49
616	796
616	829
616	1014
616	1143
616	1181
616	1201
616	1264
616	1437
616	1441
616	1450
616	1453
616	1455
616	1474
617	407
617	497
617	1035
617	1105
617	1123
617	1128
617	1153
617	1195
617	1288
617	1304
617	1338
617	1340
617	1374
617	1400
617	1431
618	99
618	120
618	493
618	583
618	661
618	740
618	799
618	915
618	952
618	1032
618	1279
618	1375
618	1423
618	1425
618	1485
619	297
619	349
619	413
619	559
619	646
619	650
619	659
619	847
619	948
619	1064
619	1076
619	1086
619	1182
619	1188
619	1191
620	18
620	314
620	399
620	422
620	518
620	577
620	721
620	1074
620	1103
620	1224
620	1314
620	1379
620	1408
620	1443
620	1456
621	35
621	55
621	386
621	779
621	831
621	924
621	936
621	1113
621	1147
621	1240
621	1246
621	1318
621	1347
621	1358
621	1409
622	250
622	397
622	472
622	504
622	826
622	1054
622	1155
622	1186
622	1205
622	1220
622	1300
622	1361
622	1414
622	1443
622	1484
623	552
623	841
623	892
623	992
623	1130
623	1218
623	1235
623	1247
623	1271
623	1291
623	1323
623	1397
623	1403
623	1429
623	1494
624	741
624	839
624	840
624	935
624	945
624	1000
624	1153
624	1183
624	1309
624	1329
624	1347
624	1352
624	1367
624	1373
624	1383
625	342
625	450
625	660
625	743
625	906
625	974
625	1250
625	1326
625	1349
625	1393
625	1427
625	1465
625	1481
625	1487
625	1491
626	311
626	613
626	831
626	836
626	893
626	907
626	924
626	1222
626	1246
626	1309
626	1318
626	1337
626	1358
626	1409
626	1418
627	6
627	544
627	613
627	975
627	1070
627	1071
627	1222
627	1231
627	1240
627	1246
627	1318
627	1358
627	1409
627	1422
627	1438
628	358
628	837
628	914
628	943
628	985
628	1206
628	1225
628	1289
628	1314
628	1339
628	1355
628	1378
628	1430
628	1459
628	1462
629	56
629	88
629	134
629	155
629	369
629	485
629	677
629	741
629	795
629	812
629	1133
629	1156
629	1165
629	1261
629	1429
630	470
630	749
630	781
630	1016
630	1085
630	1278
630	1342
630	1365
630	1389
630	1407
630	1412
630	1413
630	1477
630	1484
630	1498
631	690
631	965
631	1016
631	1051
631	1062
631	1241
631	1318
631	1396
631	1412
631	1430
631	1470
631	1477
631	1484
631	1490
631	1498
632	191
632	198
632	360
632	610
632	615
632	817
632	988
632	994
632	1027
632	1076
632	1086
632	1154
632	1158
632	1188
632	1198
633	576
633	930
633	994
633	1003
633	1076
633	1082
633	1094
633	1142
633	1336
633	1402
633	1408
633	1454
633	1475
633	1476
633	1478
634	921
634	1098
634	1143
634	1192
634	1231
634	1237
634	1310
634	1314
634	1341
634	1369
634	1392
634	1402
634	1493
634	1495
634	1500
635	316
635	392
635	555
635	708
635	786
635	912
635	960
635	1196
635	1232
635	1247
635	1401
635	1415
635	1440
635	1446
635	1464
636	685
636	1010
636	1021
636	1045
636	1107
636	1114
636	1154
636	1204
636	1242
636	1373
636	1391
636	1404
636	1457
636	1458
636	1466
637	730
637	753
637	793
637	828
637	837
637	1068
637	1117
637	1257
637	1314
637	1339
637	1340
637	1410
637	1438
637	1459
637	1462
638	451
638	501
638	545
638	565
638	700
638	768
638	826
638	882
638	982
638	1029
638	1054
638	1134
638	1205
638	1281
638	1361
639	920
639	922
639	983
639	1112
639	1128
639	1147
639	1153
639	1226
639	1287
639	1288
639	1338
639	1364
639	1396
639	1400
639	1431
640	24
640	278
640	304
640	312
640	737
640	805
640	812
640	830
640	891
640	904
640	968
640	986
640	1178
640	1261
640	1322
641	232
641	858
641	987
641	1002
641	1078
641	1088
641	1094
641	1252
641	1313
641	1321
641	1347
641	1353
641	1376
641	1394
641	1462
642	274
642	461
642	500
642	1095
642	1101
642	1120
642	1207
642	1236
642	1315
642	1372
642	1421
642	1460
642	1467
642	1479
642	1486
643	649
643	768
643	811
643	877
643	898
643	935
643	999
643	1183
643	1238
643	1307
643	1309
643	1347
643	1352
643	1367
643	1391
644	12
644	271
644	424
644	600
644	751
644	771
644	833
644	893
644	957
644	1127
644	1150
644	1207
644	1401
644	1446
644	1497
645	38
645	737
645	1069
645	1144
645	1250
645	1292
645	1305
645	1326
645	1334
645	1336
645	1344
645	1393
645	1482
645	1490
645	1494
646	528
646	581
646	619
646	650
646	659
646	665
646	817
646	897
646	920
646	994
646	1076
646	1158
646	1182
646	1221
646	1420
647	720
647	744
647	841
647	902
647	1047
647	1096
647	1104
647	1136
647	1180
647	1198
647	1215
647	1363
647	1420
647	1436
647	1452
648	84
648	159
648	910
648	960
648	971
648	1071
648	1196
648	1248
648	1348
648	1360
648	1401
648	1415
648	1440
648	1446
648	1472
649	454
649	458
649	579
649	643
649	675
649	877
649	1000
649	1029
649	1183
649	1191
649	1309
649	1321
649	1328
649	1367
649	1434
650	349
650	395
650	535
650	581
650	619
650	646
650	897
650	988
650	1072
650	1105
650	1158
650	1182
650	1188
650	1298
650	1402
651	300
651	803
651	820
651	824
651	892
651	895
651	918
651	992
651	1183
651	1235
651	1323
651	1381
651	1397
651	1403
651	1479
651	1486
652	261
652	469
652	505
652	578
652	1110
652	1238
652	1241
652	1251
652	1329
652	1331
652	1346
652	1359
652	1398
652	1435
652	1463
652	1476
653	170
653	358
653	684
653	726
653	772
653	817
653	860
653	987
653	1078
653	1094
653	1252
653	1308
653	1313
653	1376
653	1444
653	1482
654	719
654	723
654	875
654	952
654	998
654	1022
654	1211
654	1303
654	1306
654	1309
654	1372
654	1442
654	1444
654	1460
654	1479
654	1496
655	129
655	160
655	247
655	612
655	747
655	965
655	995
655	1109
655	1115
655	1137
655	1317
655	1385
655	1390
655	1428
655	1439
655	1489
656	3
656	166
656	202
656	659
656	880
656	1022
656	1303
656	1315
656	1372
656	1442
656	1444
656	1449
656	1460
656	1467
656	1479
656	1486
657	183
657	449
657	555
657	578
657	769
657	898
657	944
657	1023
657	1045
657	1251
657	1322
657	1331
657	1384
657	1385
657	1398
657	1435
658	158
658	209
658	456
658	692
658	849
658	1267
658	1317
658	1341
658	1428
658	1456
658	1461
658	1463
658	1464
658	1483
658	1489
658	1493
659	158
659	349
659	395
659	535
659	610
659	619
659	646
659	656
659	849
659	897
659	920
659	963
659	1027
659	1182
659	1188
659	1383
660	171
660	431
660	625
660	724
660	762
660	810
660	900
660	1034
660	1119
660	1199
660	1221
660	1239
660	1256
660	1290
660	1327
660	1405
661	493
661	618
661	726
661	816
661	879
661	959
661	1015
661	1075
661	1108
661	1136
661	1193
661	1206
661	1254
661	1283
661	1302
661	1320
662	2
662	16
662	267
662	788
662	843
662	882
662	962
662	1010
662	1074
662	1109
662	1115
662	1293
662	1332
662	1396
662	1432
662	1474
663	387
663	598
663	800
663	893
663	987
663	1082
663	1129
663	1333
663	1362
663	1402
663	1408
663	1410
663	1454
663	1475
663	1476
663	1478
664	217
664	364
664	693
664	766
664	937
664	976
664	1098
664	1265
664	1310
664	1352
664	1370
664	1377
664	1419
664	1437
664	1496
664	1500
665	16
665	59
665	562
665	646
665	932
665	962
665	979
665	1111
665	1188
665	1316
665	1332
665	1345
665	1422
665	1443
665	1448
665	1456
666	43
666	350
666	575
666	822
666	971
666	991
666	1109
666	1117
666	1157
666	1192
666	1228
666	1249
666	1274
666	1277
666	1297
666	1469
667	1
667	70
667	121
667	324
667	682
667	880
667	972
667	973
667	1324
667	1329
667	1356
667	1360
667	1366
667	1368
667	1371
667	1395
668	308
668	471
668	495
668	536
668	549
668	774
668	791
668	822
668	1041
668	1109
668	1211
668	1228
668	1249
668	1274
668	1277
668	1297
669	67
669	133
669	489
669	527
669	1077
669	1102
669	1270
669	1400
669	1405
669	1421
669	1423
669	1450
669	1461
669	1474
669	1480
669	1492
670	34
670	601
670	697
670	806
670	861
670	899
670	1021
670	1081
670	1086
670	1140
670	1305
670	1349
670	1378
670	1427
670	1481
670	1491
671	22
671	684
671	979
671	1030
671	1106
671	1166
671	1290
671	1324
671	1329
671	1356
671	1360
671	1366
671	1371
671	1393
671	1395
671	1404
672	334
672	347
672	938
672	1092
672	1319
672	1333
672	1336
672	1362
672	1402
672	1408
672	1454
672	1475
672	1476
672	1477
672	1478
672	1500
673	714
673	907
673	1137
673	1138
673	1162
673	1177
673	1229
673	1258
673	1310
673	1341
673	1366
673	1370
673	1410
673	1472
673	1485
673	1495
674	245
674	323
674	556
674	700
674	847
674	896
674	1126
674	1227
674	1284
674	1302
674	1355
674	1374
674	1434
674	1445
674	1471
674	1488
675	430
675	603
675	649
675	769
675	775
675	852
675	890
675	939
675	1186
675	1191
675	1216
675	1238
675	1307
675	1311
675	1347
675	1352
676	687
676	776
676	863
676	1004
676	1049
676	1103
676	1145
676	1190
676	1194
676	1201
676	1301
676	1379
676	1422
676	1443
676	1448
676	1456
677	114
677	195
677	490
677	496
677	629
677	737
677	805
677	967
677	1057
677	1156
677	1178
677	1204
677	1218
677	1261
677	1269
677	1442
678	296
678	342
678	365
678	859
678	973
678	996
678	1019
678	1030
678	1166
678	1324
678	1360
678	1366
678	1371
678	1395
678	1445
678	1456
679	83
679	536
679	727
679	823
679	869
679	1310
679	1389
679	1407
679	1413
679	1430
679	1468
679	1470
679	1477
679	1484
679	1487
679	1490
680	67
680	334
680	871
680	923
680	927
680	936
680	1237
680	1276
680	1295
680	1322
680	1405
680	1424
680	1441
680	1453
680	1455
680	1492
681	771
681	960
681	987
681	1200
681	1345
681	1365
681	1407
681	1412
681	1413
681	1447
681	1468
681	1473
681	1477
681	1483
681	1484
681	1487
682	436
682	667
682	820
682	998
682	1019
682	1050
682	1055
682	1149
682	1166
682	1247
682	1290
682	1356
682	1366
682	1368
682	1371
682	1395
683	26
683	353
683	375
683	506
683	518
683	571
683	788
683	843
683	870
683	964
683	1112
683	1386
683	1422
683	1443
683	1448
683	1456
684	653
684	671
684	711
684	724
684	772
684	908
684	943
684	1005
684	1033
684	1088
684	1208
684	1252
684	1308
684	1313
684	1321
684	1376
685	320
685	566
685	594
685	636
685	811
685	849
685	1022
685	1163
685	1268
685	1421
685	1444
685	1451
685	1467
685	1479
685	1481
685	1496
686	754
686	889
686	1145
686	1190
686	1280
686	1355
686	1374
686	1387
686	1417
686	1428
686	1433
686	1434
686	1471
686	1473
686	1476
686	1488
687	506
687	539
687	562
687	676
687	1039
687	1085
687	1093
687	1211
687	1279
687	1292
687	1332
687	1381
687	1422
687	1432
687	1448
687	1496
688	260
688	503
688	553
688	589
688	790
688	1190
688	1219
688	1312
688	1345
688	1407
688	1412
688	1430
688	1468
688	1484
688	1490
688	1498
689	3
689	214
689	322
689	434
689	438
689	543
689	1005
689	1161
689	1162
689	1199
689	1235
689	1271
689	1291
689	1337
689	1397
689	1403
690	606
690	631
690	809
690	818
690	850
690	1034
690	1065
690	1106
690	1119
690	1159
690	1221
690	1253
690	1260
690	1328
690	1354
690	1401
691	193
691	268
691	719
691	784
691	944
691	1101
691	1358
691	1372
691	1416
691	1426
691	1442
691	1460
691	1467
691	1479
691	1486
691	1496
692	96
692	658
692	699
692	805
692	918
692	923
692	1246
692	1311
692	1317
692	1390
692	1439
692	1461
692	1463
692	1464
692	1497
692	1499
693	384
693	664
693	921
693	1038
693	1139
693	1146
693	1233
693	1310
693	1341
693	1369
693	1392
693	1410
693	1419
693	1442
693	1485
693	1500
694	218
694	428
694	846
694	883
694	1140
694	1168
694	1211
694	1238
694	1242
694	1326
694	1393
694	1404
694	1465
694	1481
694	1491
694	1494
695	613
695	715
695	780
695	836
695	941
695	1070
695	1071
695	1077
695	1084
695	1113
695	1194
695	1246
695	1295
695	1318
695	1337
695	1409
696	138
696	481
696	490
696	912
696	971
696	1150
696	1193
696	1196
696	1248
696	1269
696	1299
696	1401
696	1415
696	1425
696	1440
696	1446
697	10
697	151
697	505
697	525
697	670
697	749
697	900
697	1045
697	1048
697	1110
697	1241
697	1251
697	1313
697	1331
697	1398
697	1478
698	294
698	605
698	864
698	1048
698	1051
698	1067
698	1243
698	1365
698	1412
698	1413
698	1430
698	1447
698	1468
698	1477
698	1484
698	1487
699	74
699	392
699	409
699	452
699	692
699	741
699	939
699	1165
699	1390
699	1442
699	1461
699	1463
699	1483
699	1489
699	1497
699	1499
700	194
700	295
700	545
700	638
700	674
700	825
700	1090
700	1117
700	1135
700	1214
700	1220
700	1256
700	1300
700	1361
700	1414
700	1476
701	196
701	200
701	374
701	405
701	460
701	875
701	951
701	977
701	1098
701	1184
701	1267
701	1390
701	1464
701	1492
701	1497
701	1499
702	40
702	104
702	138
702	192
702	330
702	730
702	740
702	915
702	952
702	966
702	1171
702	1335
702	1375
702	1423
702	1425
702	1475
703	316
703	368
703	953
703	1015
703	1016
703	1050
703	1055
703	1108
703	1137
703	1193
703	1206
703	1254
703	1283
703	1302
703	1320
703	1492
704	423
704	532
704	576
704	1110
704	1121
704	1129
704	1319
704	1362
704	1402
704	1408
704	1422
704	1427
704	1475
704	1476
704	1478
704	1480
705	204
705	314
705	444
705	496
705	799
705	879
705	951
705	959
705	1015
705	1016
705	1050
705	1081
705	1283
705	1320
705	1326
705	1339
706	72
706	248
706	475
706	530
706	542
706	711
706	905
706	990
706	1176
706	1195
706	1198
706	1297
706	1334
706	1420
706	1436
706	1452
707	175
707	290
707	458
707	566
707	754
707	1070
707	1101
707	1268
707	1290
707	1350
707	1421
707	1426
707	1451
707	1467
707	1479
707	1486
708	412
708	488
708	635
708	736
708	921
708	1132
708	1146
708	1369
708	1370
708	1419
708	1456
708	1467
708	1469
708	1485
708	1495
708	1500
709	177
709	185
709	349
709	369
709	394
709	535
709	559
709	790
709	817
709	988
709	1000
709	1076
709	1081
709	1086
709	1188
709	1326
710	210
710	777
710	973
710	1149
710	1169
710	1290
710	1324
710	1329
710	1356
710	1360
710	1366
710	1368
710	1371
710	1395
710	1402
710	1451
711	97
711	138
711	206
711	684
711	706
711	993
711	1036
711	1089
711	1198
711	1252
711	1334
711	1363
711	1420
711	1436
711	1452
711	1454
712	479
712	900
712	1042
712	1063
712	1110
712	1167
712	1241
712	1251
712	1331
712	1346
712	1384
712	1396
712	1398
712	1410
712	1435
712	1469
713	72
713	475
713	542
713	741
713	774
713	905
713	947
713	993
713	1334
713	1348
713	1363
713	1380
713	1418
713	1420
713	1436
713	1452
714	158
714	372
714	374
714	673
714	982
714	1069
714	1097
714	1357
714	1368
714	1385
714	1439
714	1461
714	1463
714	1464
714	1483
714	1489
714	1499
715	6
715	560
715	613
715	695
715	1011
715	1070
715	1092
715	1123
715	1153
715	1222
715	1239
715	1240
715	1246
715	1318
715	1358
715	1409
715	1430
716	146
716	897
716	990
716	997
716	1107
716	1134
716	1259
716	1272
716	1282
716	1391
716	1404
716	1418
716	1436
716	1457
716	1458
716	1466
716	1470
717	54
717	231
717	284
717	292
717	838
717	1016
717	1250
717	1272
717	1344
717	1349
717	1378
717	1393
717	1465
717	1481
717	1482
717	1491
717	1494
718	551
718	800
718	935
718	957
718	998
718	1124
718	1177
718	1179
718	1217
718	1253
718	1264
718	1275
718	1388
718	1406
718	1411
718	1416
718	1419
719	282
719	313
719	436
719	582
719	654
719	691
719	1004
719	1020
719	1236
719	1303
719	1350
719	1373
719	1421
719	1444
719	1467
719	1486
719	1496
720	647
720	800
720	808
720	895
720	1124
720	1177
720	1179
720	1253
720	1262
720	1399
720	1406
720	1411
720	1416
720	1429
720	1431
720	1459
720	1461
721	41
721	222
721	519
721	620
721	757
721	806
721	843
721	946
721	979
721	1112
721	1225
721	1285
721	1301
721	1332
721	1422
721	1448
721	1456
722	230
722	478
722	756
722	757
722	785
722	884
722	1056
722	1171
722	1187
722	1256
722	1279
722	1335
722	1375
722	1423
722	1425
722	1439
722	1461
723	69
723	128
723	654
723	883
723	1140
723	1144
723	1250
723	1293
723	1313
723	1353
723	1427
723	1447
723	1481
723	1482
723	1485
723	1491
723	1494
724	256
724	516
724	537
724	606
724	660
724	684
724	809
724	1007
724	1024
724	1034
724	1119
724	1133
724	1144
724	1159
724	1199
724	1354
724	1484
725	729
725	829
725	954
725	1136
725	1160
725	1194
725	1204
725	1242
725	1259
725	1270
725	1272
725	1297
725	1372
725	1386
725	1394
725	1418
725	1466
726	154
726	414
726	653
726	661
726	858
726	860
726	925
726	1033
726	1078
726	1088
726	1202
726	1208
726	1215
726	1305
726	1321
726	1376
726	1387
727	60
727	354
727	510
727	537
727	679
727	943
727	951
727	1052
727	1289
727	1314
727	1339
727	1340
727	1351
727	1385
727	1438
727	1462
727	1496
728	378
728	729
728	780
728	1007
728	1070
728	1071
728	1113
728	1123
728	1129
728	1222
728	1240
728	1246
728	1318
728	1337
728	1358
728	1409
728	1412
729	284
729	725
729	728
729	957
729	1095
729	1175
729	1234
729	1245
729	1247
729	1285
729	1295
729	1296
729	1306
729	1311
729	1330
729	1353
729	1460
730	197
730	354
730	637
730	702
730	779
730	797
730	943
730	958
730	1027
730	1033
730	1038
730	1163
730	1244
730	1339
730	1438
730	1459
730	1462
731	136
731	281
731	365
731	511
731	528
731	801
731	829
731	992
731	1080
731	1181
731	1276
731	1339
731	1376
731	1424
731	1437
731	1469
731	1480
732	38
732	157
732	203
732	218
732	235
732	985
732	1225
732	1257
732	1286
732	1289
732	1339
732	1340
732	1351
732	1438
732	1444
732	1459
732	1462
733	466
733	754
733	760
733	798
733	840
733	1118
733	1268
733	1319
733	1350
733	1421
733	1426
733	1442
733	1444
733	1451
733	1454
733	1469
733	1496
734	90
734	238
734	258
734	304
734	372
734	843
734	876
734	900
734	926
734	981
734	1193
734	1241
734	1346
734	1384
734	1388
734	1398
734	1435
735	592
735	746
735	874
735	1023
735	1077
735	1160
735	1172
735	1204
735	1214
735	1259
735	1282
735	1322
735	1373
735	1428
735	1458
735	1466
735	1483
736	39
736	142
736	345
736	391
736	479
736	708
736	883
736	887
736	1192
736	1224
736	1305
736	1326
736	1427
736	1463
736	1465
736	1491
736	1494
737	45
737	65
737	278
737	400
737	490
737	640
737	645
737	677
737	795
737	827
737	943
737	986
737	1145
737	1261
737	1269
737	1386
737	1389
738	774
738	794
738	979
738	1036
738	1162
738	1218
738	1223
738	1278
738	1310
738	1341
738	1370
738	1390
738	1392
738	1472
738	1485
738	1495
738	1500
739	124
739	167
739	902
739	922
739	944
739	1017
739	1036
739	1096
739	1104
739	1121
739	1138
739	1198
739	1334
739	1363
739	1420
739	1436
739	1452
740	348
740	440
740	618
740	702
740	754
740	799
740	873
740	966
740	1037
740	1056
740	1187
740	1279
740	1375
740	1405
740	1423
740	1425
740	1460
741	428
741	476
741	572
741	624
741	629
741	699
741	713
741	881
741	971
741	993
741	1089
741	1215
741	1310
741	1334
741	1420
741	1436
741	1452
742	79
742	98
742	425
742	959
742	970
742	1015
742	1016
742	1050
742	1054
742	1193
742	1206
742	1254
742	1283
742	1302
742	1320
742	1337
742	1413
743	325
743	370
743	585
743	590
743	614
743	625
743	892
743	897
743	1082
743	1264
743	1305
743	1344
743	1378
743	1393
743	1465
743	1481
743	1482
744	58
744	375
744	423
744	428
744	592
744	647
744	922
744	925
744	993
744	1089
744	1198
744	1215
744	1353
744	1363
744	1432
744	1436
744	1452
745	74
745	377
745	792
745	888
745	903
745	919
745	1040
745	1043
745	1147
745	1226
745	1287
745	1288
745	1304
745	1363
745	1382
745	1400
745	1431
746	219
746	529
746	735
746	864
746	938
746	975
746	1204
746	1259
746	1299
746	1322
746	1386
746	1394
746	1430
746	1457
746	1458
746	1466
746	1500
747	208
747	409
747	516
747	538
747	655
747	834
747	1125
747	1149
747	1267
747	1281
747	1301
747	1385
747	1428
747	1439
747	1464
747	1483
747	1499
748	307
748	337
748	379
748	845
748	923
748	1056
748	1114
748	1134
748	1136
748	1243
748	1259
748	1373
748	1391
748	1394
748	1430
748	1458
748	1484
749	630
749	697
749	784
749	929
749	1185
749	1210
749	1213
749	1219
749	1293
749	1325
749	1343
749	1348
749	1377
749	1381
749	1401
749	1413
749	1470
750	89
750	889
750	997
750	1189
750	1190
750	1197
750	1280
750	1331
750	1359
750	1374
750	1424
750	1434
750	1445
750	1447
750	1449
750	1471
750	1488
751	4
751	144
751	359
751	590
751	600
751	615
751	644
751	912
751	1079
751	1127
751	1239
751	1248
751	1338
751	1415
751	1433
751	1440
751	1446
752	221
752	360
752	519
752	579
752	998
752	1163
752	1232
752	1268
752	1372
752	1385
752	1426
752	1442
752	1451
752	1460
752	1467
752	1479
752	1496
753	57
753	186
753	637
753	793
753	832
753	1038
753	1041
753	1170
753	1244
753	1257
753	1265
753	1312
753	1340
753	1351
753	1411
753	1459
753	1462
754	504
754	686
754	707
754	733
754	740
754	823
754	933
754	942
754	1221
754	1303
754	1329
754	1350
754	1362
754	1372
754	1426
754	1467
754	1486
755	60
755	105
755	262
755	554
755	889
755	989
755	1154
755	1166
755	1243
755	1266
755	1280
755	1284
755	1433
755	1449
755	1452
755	1471
755	1473
756	58
756	132
756	192
756	425
756	440
756	455
756	497
756	593
756	722
756	757
756	1272
756	1277
756	1279
756	1335
756	1375
756	1423
756	1425
757	148
757	370
757	583
757	721
757	722
757	756
757	886
757	949
757	1154
757	1171
757	1187
757	1250
757	1279
757	1335
757	1375
757	1423
757	1425
758	239
758	319
758	411
758	443
758	495
758	584
758	838
758	880
758	1069
758	1168
758	1318
758	1344
758	1393
758	1465
758	1481
758	1491
758	1494
759	444
759	778
759	790
759	799
759	890
759	959
759	1050
759	1055
759	1108
759	1189
759	1193
759	1254
759	1276
759	1283
759	1302
759	1320
759	1411
760	58
760	110
760	402
760	473
760	537
760	733
760	1069
760	1305
760	1329
760	1344
760	1349
760	1420
760	1427
760	1465
760	1482
760	1491
760	1494
761	338
761	422
761	1174
761	1229
761	1237
761	1298
761	1370
761	1379
761	1419
761	1443
761	1462
761	1472
761	1483
761	1485
761	1491
761	1495
761	1500
762	145
762	397
762	512
762	586
762	660
762	811
762	945
762	1024
762	1034
762	1100
762	1199
762	1221
762	1260
762	1327
762	1354
762	1367
762	1453
763	425
763	842
763	969
763	974
763	983
763	1031
763	1072
763	1179
763	1217
763	1312
763	1388
763	1406
763	1411
763	1416
763	1429
763	1460
763	1489
764	384
764	529
764	591
764	769
764	785
764	805
764	981
764	1042
764	1045
764	1167
764	1286
764	1331
764	1346
764	1384
764	1398
764	1435
764	1451
765	39
765	100
765	152
765	371
765	814
765	820
765	907
765	1161
765	1212
765	1235
765	1271
765	1291
765	1323
765	1397
765	1403
765	1404
765	1471
766	78
766	561
766	664
766	791
766	1024
766	1028
766	1203
766	1268
766	1313
766	1350
766	1372
766	1426
766	1440
766	1442
766	1479
766	1486
766	1496
767	72
767	189
767	256
767	492
767	810
767	955
767	1068
767	1100
767	1159
767	1211
767	1239
767	1327
767	1328
767	1354
767	1366
767	1465
767	1491
768	158
768	161
768	638
768	643
768	796
768	825
768	982
768	1126
768	1155
768	1175
768	1205
768	1232
768	1300
768	1361
768	1414
768	1447
768	1476
769	199
769	657
769	675
769	764
769	926
769	944
769	981
769	1077
769	1110
769	1167
769	1219
769	1241
769	1314
769	1331
769	1346
769	1384
769	1435
770	272
770	429
770	1003
770	1082
770	1118
770	1142
770	1249
770	1319
770	1333
770	1362
770	1368
770	1402
770	1408
770	1454
770	1475
770	1478
770	1493
771	294
771	378
771	644
771	681
771	816
771	841
771	1173
771	1299
771	1365
771	1407
771	1430
771	1447
771	1470
771	1477
771	1484
771	1486
771	1498
772	231
772	313
772	653
772	684
772	790
772	858
772	925
772	987
772	1033
772	1094
772	1252
772	1308
772	1313
772	1321
772	1354
772	1376
772	1414
772	1451
773	176
773	200
773	1043
773	1128
773	1153
773	1180
773	1195
773	1209
773	1248
773	1287
773	1288
773	1304
773	1337
773	1338
773	1364
773	1400
773	1404
773	1431
774	106
774	141
774	234
774	393
774	532
774	568
774	573
774	668
774	713
774	738
774	991
774	997
774	1245
774	1249
774	1274
774	1277
774	1297
774	1431
775	288
775	675
775	839
775	935
775	939
775	1051
775	1168
775	1183
775	1216
775	1238
775	1309
775	1322
775	1347
775	1352
775	1360
775	1367
775	1383
775	1491
776	356
776	676
776	932
776	1004
776	1039
776	1093
776	1115
776	1169
776	1256
776	1285
776	1316
776	1373
776	1420
776	1432
776	1442
776	1443
776	1448
776	1487
777	182
777	242
777	274
777	607
777	710
777	823
777	916
777	1045
777	1201
777	1312
777	1345
777	1365
777	1382
777	1447
777	1470
777	1477
777	1484
777	1498
778	569
778	759
778	858
778	925
778	987
778	1002
778	1078
778	1088
778	1131
778	1133
778	1208
778	1252
778	1308
778	1313
778	1321
778	1358
778	1376
778	1393
779	358
779	481
779	621
779	730
779	794
779	832
779	1038
779	1088
779	1198
779	1244
779	1257
779	1314
779	1339
779	1351
779	1438
779	1446
779	1459
779	1462
780	236
780	246
780	393
780	613
780	695
780	728
780	992
780	1061
780	1070
780	1071
780	1113
780	1222
780	1240
780	1246
780	1337
780	1374
780	1378
780	1409
781	45
781	69
781	239
781	296
781	399
781	577
781	630
781	1039
781	1090
781	1115
781	1169
781	1247
781	1285
781	1301
781	1373
781	1379
781	1422
781	1456
782	240
782	385
782	883
782	985
782	1052
782	1105
782	1125
782	1225
782	1244
782	1286
782	1314
782	1339
782	1340
782	1351
782	1438
782	1459
782	1462
782	1479
783	115
783	218
783	251
783	451
783	523
783	554
783	597
783	989
783	1028
783	1084
783	1127
783	1189
783	1294
783	1433
783	1449
783	1471
783	1473
783	1492
784	291
784	581
784	691
784	749
784	930
784	1017
784	1040
784	1122
784	1233
784	1255
784	1289
784	1293
784	1325
784	1334
784	1343
784	1371
784	1377
784	1381
785	258
785	281
785	449
785	611
785	722
785	764
785	876
785	898
785	900
785	944
785	1251
785	1331
785	1346
785	1384
785	1398
785	1435
785	1452
785	1454
786	392
786	420
786	424
786	572
786	635
786	855
786	870
786	872
786	912
786	960
786	1257
786	1299
786	1352
786	1401
786	1415
786	1435
786	1440
786	1446
787	328
787	793
787	921
787	1142
787	1175
787	1190
787	1227
787	1230
787	1254
787	1280
787	1284
787	1374
787	1380
787	1387
787	1433
787	1445
787	1473
787	1488
788	201
788	239
788	248
788	355
788	539
788	577
788	662
788	683
788	853
788	1010
788	1074
788	1098
788	1150
788	1224
788	1285
788	1292
788	1434
788	1456
789	12
789	497
789	548
789	583
789	949
789	966
789	1032
789	1137
789	1171
789	1187
789	1279
789	1283
789	1335
789	1342
789	1375
789	1423
789	1425
789	1436
790	457
790	688
790	709
790	759
790	772
790	878
790	1032
790	1125
790	1184
790	1201
790	1278
790	1299
790	1365
790	1389
790	1396
790	1413
790	1447
790	1490
791	268
791	535
791	668
791	766
791	933
791	1120
791	1268
791	1303
791	1315
791	1353
791	1413
791	1426
791	1444
791	1467
791	1486
791	1489
791	1491
791	1496
792	262
792	494
792	745
792	868
792	885
792	928
792	1046
792	1128
792	1226
792	1285
792	1288
792	1304
792	1338
792	1364
792	1400
792	1424
792	1431
792	1487
793	43
793	219
793	604
793	637
793	753
793	787
793	957
793	985
793	1003
793	1008
793	1225
793	1286
793	1339
793	1340
793	1351
793	1438
793	1459
793	1462
794	344
794	570
794	738
794	779
794	919
794	976
794	1055
794	1074
794	1226
794	1298
794	1341
794	1391
794	1410
794	1419
794	1453
794	1472
794	1495
794	1500
795	114
795	195
795	278
795	485
795	490
795	583
795	629
795	737
795	805
795	928
795	963
795	1115
795	1122
795	1145
795	1156
795	1178
795	1261
795	1267
796	109
796	359
796	501
796	531
796	616
796	768
796	830
796	857
796	982
796	1009
796	1155
796	1232
796	1293
796	1300
796	1361
796	1414
796	1426
796	1438
797	532
797	600
797	604
797	730
797	921
797	943
797	951
797	1041
797	1052
797	1244
797	1286
797	1304
797	1339
797	1340
797	1351
797	1438
797	1459
797	1462
798	139
798	359
798	398
798	733
798	865
798	878
798	901
798	1117
798	1126
798	1135
798	1155
798	1205
798	1300
798	1337
798	1361
798	1414
798	1437
798	1472
799	232
799	323
799	618
799	705
799	740
799	759
799	879
799	916
799	1015
799	1050
799	1055
799	1193
799	1247
799	1254
799	1283
799	1302
799	1320
799	1326
800	425
800	476
800	663
800	718
800	720
800	1014
800	1031
800	1047
800	1064
800	1253
800	1262
800	1388
800	1399
800	1411
800	1416
800	1429
800	1469
800	1473
801	731
801	847
801	923
801	1071
801	1131
801	1143
801	1164
801	1181
801	1276
801	1321
801	1347
801	1399
801	1405
801	1437
801	1455
801	1469
801	1480
801	1492
802	70
802	152
802	190
802	322
802	814
802	820
802	829
802	849
802	911
802	918
802	1087
802	1141
802	1148
802	1161
802	1291
802	1323
802	1397
802	1403
803	142
803	152
803	192
803	341
803	464
803	592
803	651
803	892
803	918
803	1087
803	1235
803	1271
803	1288
803	1291
803	1323
803	1397
803	1427
803	1457
804	117
804	376
804	1008
804	1090
804	1118
804	1225
804	1244
804	1257
804	1289
804	1314
804	1340
804	1342
804	1351
804	1402
804	1438
804	1459
804	1461
804	1462
805	45
805	116
805	496
805	640
805	677
805	692
805	764
805	795
805	968
805	986
805	1145
805	1156
805	1162
805	1187
805	1261
805	1269
805	1499
805	1500
806	156
806	670
806	721
806	933
806	955
806	1020
806	1203
806	1211
806	1350
806	1402
806	1444
806	1447
806	1451
806	1461
806	1467
806	1479
806	1486
806	1496
807	269
807	1020
807	1032
807	1084
807	1099
807	1190
807	1266
807	1299
807	1355
807	1374
807	1391
807	1417
807	1433
807	1434
807	1444
807	1445
807	1449
807	1473
808	325
808	567
808	607
808	720
808	838
808	967
808	1081
808	1140
808	1211
808	1275
808	1305
808	1393
808	1414
808	1417
808	1427
808	1481
808	1482
808	1494
809	405
809	446
809	611
809	690
809	724
809	811
809	1034
809	1068
809	1092
809	1100
809	1119
809	1239
809	1260
809	1327
809	1328
809	1354
809	1358
809	1422
810	380
810	509
810	512
810	660
810	767
810	850
810	1044
810	1119
810	1190
810	1221
810	1239
810	1260
810	1263
810	1327
810	1328
810	1354
810	1408
810	1426
811	354
811	606
811	643
811	685
811	762
811	809
811	868
811	1100
811	1119
811	1133
811	1199
811	1221
811	1239
811	1249
811	1260
811	1328
811	1354
811	1383
812	93
812	116
812	195
812	312
812	490
812	507
812	571
812	629
812	640
812	891
812	898
812	968
812	1145
812	1178
812	1201
812	1261
812	1269
812	1300
813	317
813	386
813	1242
813	1278
813	1299
813	1345
813	1375
813	1389
813	1401
813	1407
813	1413
813	1430
813	1468
813	1470
813	1477
813	1487
813	1490
813	1498
814	88
814	357
814	765
814	802
814	867
814	892
814	1127
814	1130
814	1161
814	1235
814	1271
814	1284
814	1291
814	1323
814	1383
814	1397
814	1403
814	1411
815	163
815	420
815	515
815	579
815	833
815	874
815	912
815	1052
815	1157
815	1196
815	1207
815	1248
815	1309
815	1401
815	1415
815	1440
815	1446
815	1498
816	62
816	324
816	552
816	661
816	771
816	847
816	894
816	1099
816	1164
816	1197
816	1266
816	1273
816	1374
816	1417
816	1433
816	1449
816	1471
816	1473
817	448
817	528
817	581
817	610
817	615
817	632
817	646
817	653
817	709
817	985
817	988
817	1027
817	1064
817	1076
817	1158
817	1182
817	1261
817	1315
818	429
818	690
818	821
818	978
818	1051
818	1085
818	1175
818	1234
818	1245
818	1247
818	1295
818	1296
818	1306
818	1311
818	1330
818	1353
818	1361
818	1389
819	157
819	339
819	379
819	1134
819	1198
819	1242
819	1259
819	1272
819	1322
819	1377
819	1391
819	1394
819	1395
819	1404
819	1418
819	1456
819	1458
819	1466
820	169
820	341
820	651
820	682
820	765
820	802
820	869
820	1087
820	1130
820	1161
820	1212
820	1235
820	1256
820	1271
820	1323
820	1336
820	1403
820	1496
821	234
821	405
821	818
821	1058
821	1081
821	1199
821	1349
821	1355
821	1359
821	1380
821	1417
821	1433
821	1434
821	1445
821	1449
821	1471
821	1473
821	1488
822	94
822	241
822	448
822	536
822	666
822	668
822	991
822	1092
822	1109
822	1194
822	1228
822	1249
822	1274
822	1277
822	1297
822	1340
822	1374
822	1400
823	36
823	180
823	554
823	679
823	754
823	777
823	865
823	962
823	1013
823	1130
823	1263
823	1389
823	1412
823	1413
823	1430
823	1470
823	1484
823	1487
823	1498
824	106
824	651
824	869
824	918
824	992
824	1087
824	1136
824	1161
824	1212
824	1235
824	1251
824	1271
824	1272
824	1323
824	1373
824	1397
824	1403
824	1406
824	1413
825	147
825	309
825	359
825	531
825	602
825	700
825	768
825	826
825	865
825	901
825	982
825	1220
825	1232
825	1257
825	1307
825	1361
825	1414
825	1421
825	1458
826	276
826	295
826	342
826	622
826	638
826	825
826	868
826	901
826	1053
826	1054
826	1150
826	1205
826	1220
826	1232
826	1300
826	1361
826	1409
826	1464
826	1489
827	114
827	155
827	210
827	312
827	445
827	496
827	596
827	737
827	891
827	968
827	1061
827	1145
827	1156
827	1166
827	1178
827	1225
827	1261
827	1269
827	1318
828	103
828	518
828	524
828	611
828	637
828	1062
828	1194
828	1200
828	1263
828	1389
828	1412
828	1430
828	1468
828	1470
828	1477
828	1484
828	1487
828	1490
828	1498
829	41
829	473
829	616
829	725
829	731
829	802
829	1164
829	1270
829	1342
829	1405
829	1424
829	1437
829	1450
829	1453
829	1455
829	1468
829	1477
829	1480
829	1492
830	43
830	188
830	283
830	640
830	796
830	1026
830	1095
830	1164
830	1252
830	1264
830	1273
830	1441
830	1450
830	1455
830	1464
830	1469
830	1474
830	1480
830	1492
831	78
831	185
831	187
831	313
831	349
831	621
831	626
831	1071
831	1113
831	1123
831	1222
831	1240
831	1246
831	1295
831	1318
831	1337
831	1358
831	1374
831	1409
832	62
832	96
832	117
832	334
832	411
832	753
832	779
832	961
832	1007
832	1052
832	1244
832	1286
832	1289
832	1306
832	1339
832	1351
832	1438
832	1459
832	1462
833	4
833	93
833	163
833	387
833	389
833	515
833	644
833	815
833	960
833	1079
833	1127
833	1150
833	1268
833	1364
833	1398
833	1401
833	1415
833	1440
833	1446
834	316
834	747
834	950
834	965
834	1154
834	1165
834	1267
834	1273
834	1375
834	1393
834	1439
834	1458
834	1461
834	1463
834	1464
834	1488
834	1489
834	1497
834	1499
835	26
835	117
835	435
835	450
835	469
835	502
835	1018
835	1021
835	1116
835	1206
835	1250
835	1280
835	1305
835	1326
835	1378
835	1393
835	1465
835	1481
835	1494
836	57
836	216
836	244
836	313
836	386
836	626
836	695
836	1070
836	1113
836	1123
836	1242
836	1246
836	1318
836	1330
836	1358
836	1385
836	1409
836	1448
836	1468
837	37
837	235
837	526
837	628
837	637
837	985
837	1038
837	1052
837	1126
837	1225
837	1236
837	1257
837	1289
837	1302
837	1314
837	1340
837	1438
837	1459
837	1462
838	18
838	537
838	717
838	758
838	808
838	906
838	1018
838	1247
838	1250
838	1252
838	1277
838	1305
838	1349
838	1372
838	1378
838	1393
838	1481
838	1482
838	1489
839	73
839	133
839	288
839	603
839	624
839	775
839	945
839	1070
839	1091
839	1141
839	1172
839	1238
839	1244
839	1309
839	1316
839	1347
839	1367
839	1383
839	1409
840	221
840	458
840	624
840	733
840	933
840	1022
840	1035
840	1120
840	1225
840	1236
840	1303
840	1315
840	1397
840	1423
840	1433
840	1451
840	1460
840	1467
840	1479
841	21
841	58
841	122
841	280
841	428
841	623
841	647
841	771
841	922
841	958
841	993
841	1096
841	1126
841	1184
841	1198
841	1334
841	1363
841	1436
841	1452
842	404
842	547
842	560
842	763
842	1009
842	1021
842	1124
842	1179
842	1197
842	1253
842	1262
842	1275
842	1388
842	1398
842	1399
842	1411
842	1416
842	1429
842	1493
843	26
843	59
843	124
843	391
843	562
843	599
843	662
843	683
843	721
843	734
843	844
843	932
843	1057
843	1090
843	1115
843	1236
843	1301
843	1332
843	1354
844	92
844	233
844	318
844	843
844	940
844	1134
844	1156
844	1186
844	1194
844	1200
844	1218
844	1305
844	1386
844	1391
844	1392
844	1394
844	1404
844	1418
844	1466
845	233
845	748
845	903
845	990
845	1000
845	1013
845	1136
845	1160
845	1182
845	1194
845	1220
845	1272
845	1296
845	1322
845	1373
845	1387
845	1392
845	1457
845	1458
846	128
846	218
846	421
846	694
846	887
846	899
846	967
846	1043
846	1049
846	1092
846	1144
846	1175
846	1360
846	1378
846	1393
846	1427
846	1481
846	1491
846	1494
847	227
847	385
847	556
847	567
847	619
847	674
847	801
847	816
847	894
847	1122
847	1227
847	1305
847	1336
847	1355
847	1395
847	1433
847	1434
847	1445
847	1471
848	339
848	530
848	545
848	564
848	943
848	1019
848	1149
848	1166
848	1228
848	1237
848	1290
848	1324
848	1329
848	1356
848	1360
848	1366
848	1368
848	1371
848	1395
849	44
849	329
849	658
849	659
849	685
849	802
849	884
849	1145
849	1267
849	1273
849	1317
849	1342
849	1428
849	1439
849	1463
849	1464
849	1483
849	1486
849	1499
850	174
850	193
850	446
850	606
850	690
850	810
850	1010
850	1034
850	1042
850	1065
850	1100
850	1119
850	1125
850	1133
850	1221
850	1269
850	1327
850	1354
850	1461
851	188
851	222
851	461
851	882
851	997
851	1003
851	1004
851	1049
851	1083
851	1090
851	1112
851	1145
851	1224
851	1273
851	1285
851	1422
851	1432
851	1443
851	1456
852	381
852	498
852	675
852	974
852	983
852	1009
852	1018
852	1065
852	1106
852	1177
852	1179
852	1228
852	1275
852	1388
852	1399
852	1406
852	1416
852	1429
852	1453
853	94
853	522
853	788
853	882
853	935
853	1010
853	1057
853	1097
853	1103
853	1169
853	1299
853	1301
853	1306
853	1332
853	1419
853	1422
853	1432
853	1443
853	1448
854	158
854	160
854	517
854	1032
854	1165
854	1209
854	1238
854	1267
854	1273
854	1300
854	1322
854	1356
854	1379
854	1390
854	1428
854	1439
854	1461
854	1483
854	1499
855	259
855	366
855	368
855	455
855	579
855	590
855	786
855	1079
855	1150
855	1196
855	1207
855	1357
855	1401
855	1415
855	1433
855	1440
855	1446
855	1478
855	1498
856	15
856	27
856	178
856	555
856	923
856	1001
856	1050
856	1264
856	1387
856	1405
856	1424
856	1437
856	1441
856	1443
856	1450
856	1453
856	1469
856	1474
856	1480
857	139
857	390
857	464
857	501
857	565
857	796
857	862
857	1073
857	1087
857	1104
857	1135
857	1151
857	1205
857	1232
857	1278
857	1300
857	1360
857	1361
857	1435
858	46
858	174
858	414
858	417
858	442
858	641
858	726
858	772
858	778
858	997
858	1005
858	1024
858	1033
858	1208
858	1293
858	1308
858	1313
858	1321
858	1376
859	417
859	437
859	678
859	917
859	974
859	1026
859	1030
859	1040
859	1061
859	1210
859	1213
859	1219
859	1293
859	1325
859	1343
859	1348
859	1377
859	1381
859	1485
860	56
860	165
860	240
860	414
860	498
860	569
860	653
860	726
860	1002
860	1033
860	1078
860	1088
860	1094
860	1152
860	1252
860	1304
860	1308
860	1313
860	1376
861	4
861	101
861	450
861	507
861	670
861	944
861	1081
861	1116
861	1134
861	1140
861	1344
861	1349
861	1378
861	1427
861	1465
861	1473
861	1481
861	1482
861	1494
862	147
862	161
862	220
862	508
862	580
862	857
862	901
862	1053
862	1073
862	1135
862	1160
862	1220
862	1232
862	1300
862	1359
862	1361
862	1411
862	1414
862	1448
863	466
863	557
863	676
863	1011
863	1095
863	1175
863	1234
863	1239
863	1245
863	1247
863	1295
863	1296
863	1306
863	1311
863	1330
863	1353
863	1404
863	1408
863	1490
864	344
864	698
864	746
864	903
864	909
864	938
864	953
864	1172
864	1194
864	1204
864	1226
864	1242
864	1272
864	1391
864	1394
864	1404
864	1416
864	1439
864	1458
865	139
865	398
865	464
865	501
865	524
865	798
865	823
865	825
865	868
865	916
865	949
865	1054
865	1073
865	1205
865	1226
865	1232
865	1300
865	1414
865	1486
866	28
866	353
866	433
866	441
866	875
866	947
866	972
866	1085
866	1099
866	1319
866	1336
866	1362
866	1378
866	1402
866	1408
866	1454
866	1475
866	1476
866	1478
867	106
867	214
867	289
867	322
867	341
867	357
867	400
867	592
867	814
867	892
867	1161
867	1190
867	1212
867	1235
867	1282
867	1291
867	1362
867	1397
867	1472
868	85
868	140
868	194
868	283
868	359
868	564
868	792
868	811
868	826
868	865
868	1053
868	1054
868	1135
868	1205
868	1220
868	1300
868	1361
868	1414
868	1473
869	341
869	387
869	438
869	552
869	679
869	820
869	824
869	1087
869	1130
869	1177
869	1212
869	1215
869	1235
869	1238
869	1271
869	1323
869	1397
869	1403
869	1488
870	303
870	382
870	683
870	786
870	875
870	977
870	984
870	1054
870	1072
870	1149
870	1209
870	1273
870	1354
870	1357
870	1390
870	1428
870	1439
870	1463
870	1483
870	1497
871	55
871	513
871	538
871	680
871	923
871	956
871	1148
871	1156
871	1169
871	1170
871	1230
871	1276
871	1350
871	1429
871	1441
871	1450
871	1453
871	1469
871	1474
871	1492
872	81
872	119
872	135
872	259
872	402
872	481
872	487
872	786
872	893
872	960
872	1127
872	1150
872	1196
872	1235
872	1384
872	1401
872	1417
872	1440
872	1446
872	1489
873	148
873	282
873	404
873	455
873	583
873	740
873	949
873	966
873	1014
873	1032
873	1056
873	1072
873	1187
873	1245
873	1279
873	1335
873	1375
873	1403
873	1423
873	1425
874	132
874	408
874	735
874	815
874	974
874	1009
874	1014
874	1124
874	1179
874	1262
874	1275
874	1323
874	1388
874	1393
874	1399
874	1406
874	1411
874	1416
874	1429
874	1464
875	297
875	317
875	654
875	701
875	866
875	870
875	987
875	998
875	1231
875	1267
875	1281
875	1342
875	1385
875	1419
875	1428
875	1463
875	1464
875	1466
875	1483
875	1489
876	90
876	525
876	578
876	734
876	785
876	926
876	981
876	1110
876	1175
876	1241
876	1251
876	1331
876	1332
876	1346
876	1380
876	1384
876	1404
876	1413
876	1428
876	1435
877	302
877	321
877	326
877	430
877	534
877	643
877	649
877	940
877	1029
877	1141
877	1191
877	1221
877	1238
877	1307
877	1309
877	1344
877	1347
877	1383
877	1418
877	1425
878	580
878	790
878	798
878	889
878	1061
878	1122
878	1123
878	1181
878	1190
878	1227
878	1266
878	1276
878	1284
878	1374
878	1417
878	1433
878	1434
878	1445
878	1449
878	1488
879	204
879	207
879	487
879	661
879	705
879	799
879	890
879	1015
879	1040
879	1055
879	1108
879	1141
879	1193
879	1254
879	1283
879	1292
879	1302
879	1320
879	1391
879	1481
880	80
880	118
880	141
880	443
880	656
880	667
880	758
880	996
880	1019
880	1149
880	1166
880	1258
880	1277
880	1324
880	1329
880	1356
880	1360
880	1366
880	1368
880	1371
881	7
881	270
881	741
881	905
881	922
881	982
881	993
881	1089
881	1104
881	1119
881	1198
881	1215
881	1280
881	1363
881	1420
881	1429
881	1436
881	1446
881	1452
881	1455
882	336
882	487
882	638
882	662
882	851
882	853
882	1009
882	1010
882	1057
882	1060
882	1224
882	1285
882	1292
882	1301
882	1428
882	1431
882	1443
882	1448
882	1449
882	1456
883	64
883	91
883	339
883	509
883	577
883	694
883	723
883	736
883	782
883	992
883	1116
883	1202
883	1344
883	1349
883	1375
883	1378
883	1465
883	1482
883	1491
883	1494
884	1
884	282
884	317
884	467
884	722
884	849
884	946
884	989
884	1165
884	1234
884	1281
884	1357
884	1390
884	1420
884	1464
884	1483
884	1489
884	1494
884	1497
884	1499
885	278
885	792
885	889
885	892
885	924
885	928
885	969
885	1059
885	1147
885	1176
885	1195
885	1226
885	1287
885	1288
885	1304
885	1338
885	1348
885	1382
885	1400
885	1431
886	168
886	200
886	279
886	310
886	525
886	757
886	956
886	1143
886	1151
886	1270
886	1358
886	1376
886	1405
886	1424
886	1450
886	1453
886	1469
886	1473
886	1480
886	1492
887	110
887	211
887	383
887	402
887	601
887	736
887	846
887	1116
887	1129
887	1225
887	1250
887	1305
887	1344
887	1349
887	1465
887	1481
887	1482
887	1487
887	1491
887	1494
888	277
888	426
888	500
888	745
888	928
888	1046
888	1049
888	1147
888	1153
888	1180
888	1187
888	1194
888	1226
888	1287
888	1304
888	1364
888	1382
888	1400
888	1431
888	1435
889	686
889	750
889	755
889	878
889	885
889	962
889	1099
889	1280
889	1284
889	1294
889	1302
889	1304
889	1338
889	1387
889	1433
889	1434
889	1445
889	1459
889	1471
889	1488
890	314
890	487
890	675
890	759
890	879
890	959
890	1006
890	1016
890	1034
890	1050
890	1055
890	1206
890	1215
890	1222
890	1254
890	1265
890	1283
890	1302
890	1320
890	1382
891	56
891	89
891	111
891	134
891	306
891	331
891	348
891	506
891	640
891	812
891	827
891	968
891	986
891	1145
891	1156
891	1178
891	1261
891	1269
891	1307
891	1391
892	51
892	552
892	571
892	623
892	651
892	743
892	803
892	814
892	867
892	885
892	899
892	981
892	1130
892	1161
892	1235
892	1271
892	1323
892	1397
892	1403
892	1462
893	138
893	144
893	424
893	515
893	555
893	626
893	644
893	663
893	872
893	971
893	1079
893	1196
893	1248
893	1368
893	1392
893	1401
893	1440
893	1446
893	1467
893	1497
894	46
894	275
894	495
894	554
894	816
894	847
894	996
894	1040
894	1227
894	1230
894	1355
894	1359
894	1417
894	1433
894	1434
894	1439
894	1449
894	1454
894	1471
894	1488
895	145
895	354
895	408
895	547
895	651
895	720
895	974
895	980
895	1009
895	1047
895	1177
895	1203
895	1275
895	1388
895	1393
895	1399
895	1406
895	1411
895	1416
895	1429
896	82
896	383
896	437
896	451
896	674
896	964
896	993
896	1023
896	1028
896	1099
896	1243
896	1294
896	1355
896	1374
896	1380
896	1433
896	1466
896	1473
896	1494
896	1497
897	205
897	360
897	581
897	597
897	610
897	646
897	650
897	659
897	716
897	743
897	920
897	988
897	994
897	1027
897	1064
897	1076
897	1158
897	1182
897	1256
897	1493
898	51
898	90
898	290
898	327
898	573
898	643
898	657
898	785
898	812
898	944
898	1045
898	1049
898	1143
898	1167
898	1241
898	1251
898	1346
898	1384
898	1398
898	1435
899	39
899	435
899	533
899	562
899	670
899	846
899	892
899	1018
899	1144
899	1202
899	1250
899	1305
899	1344
899	1356
899	1425
899	1427
899	1475
899	1482
899	1491
899	1494
900	261
900	430
900	525
900	605
900	660
900	697
900	712
900	734
900	785
900	1110
900	1167
900	1196
900	1251
900	1346
900	1363
900	1384
900	1392
900	1398
900	1435
900	1465
901	359
901	394
901	397
901	464
901	545
901	798
901	825
901	826
901	862
901	950
901	982
901	1054
901	1135
901	1155
901	1205
901	1220
901	1369
901	1388
901	1394
901	1466
902	65
902	113
902	219
902	523
902	606
902	647
902	739
902	905
902	909
902	922
902	1104
902	1198
902	1215
902	1334
902	1354
902	1363
902	1375
902	1420
902	1436
902	1452
903	284
903	577
903	745
903	845
903	864
903	1081
903	1107
903	1149
903	1186
903	1194
903	1200
903	1244
903	1282
903	1373
903	1386
903	1391
903	1394
903	1457
903	1458
903	1481
904	76
904	113
904	463
904	556
904	640
904	1026
904	1102
904	1131
904	1143
904	1148
904	1270
904	1360
904	1405
904	1424
904	1427
904	1437
904	1450
904	1453
904	1455
904	1469
905	192
905	270
905	475
905	494
905	505
905	706
905	713
905	881
905	902
905	1045
905	1104
905	1138
905	1215
905	1273
905	1334
905	1363
905	1417
905	1420
905	1436
905	1452
906	73
906	485
906	495
906	625
906	838
906	1018
906	1021
906	1096
906	1140
906	1202
906	1233
906	1270
906	1326
906	1349
906	1371
906	1393
906	1427
906	1465
906	1482
906	1494
907	108
907	137
907	626
907	673
907	765
907	913
907	1126
907	1139
907	1174
907	1237
907	1324
907	1341
907	1387
907	1392
907	1419
907	1472
907	1485
907	1493
907	1495
907	1500
908	15
908	37
908	135
908	232
908	367
908	569
908	684
908	987
908	1002
908	1208
908	1227
908	1252
908	1258
908	1308
908	1313
908	1321
908	1376
908	1441
908	1489
908	1491
909	59
909	260
909	429
909	478
909	864
909	902
909	957
909	1011
909	1095
909	1234
909	1245
909	1247
909	1295
909	1296
909	1306
909	1311
909	1330
909	1353
909	1490
909	1498
910	112
910	412
910	447
910	608
910	648
910	927
910	948
910	1025
910	1058
910	1098
910	1146
910	1162
910	1298
910	1310
910	1346
910	1410
910	1472
910	1485
910	1491
910	1500
911	174
911	286
911	372
911	586
911	802
911	976
911	1098
911	1111
911	1123
911	1162
911	1322
911	1347
911	1369
911	1370
911	1392
911	1410
911	1472
911	1485
911	1493
911	1495
912	4
912	84
912	635
912	696
912	751
912	786
912	815
912	913
912	1127
912	1150
912	1205
912	1207
912	1318
912	1397
912	1401
912	1415
912	1422
912	1439
912	1440
912	1446
913	209
913	217
913	521
913	907
913	912
913	1110
913	1123
913	1139
913	1146
913	1218
913	1229
913	1237
913	1310
913	1353
913	1370
913	1392
913	1419
913	1473
913	1485
913	1493
914	199
914	215
914	235
914	302
914	343
914	407
914	531
914	628
914	935
914	1038
914	1065
914	1137
914	1225
914	1257
914	1314
914	1339
914	1350
914	1405
914	1438
914	1459
914	1462
915	35
915	120
915	230
915	258
915	478
915	524
915	546
915	618
915	702
915	1037
915	1135
915	1187
915	1228
915	1264
915	1279
915	1335
915	1375
915	1392
915	1423
915	1425
915	1499
916	130
916	164
916	456
916	777
916	799
916	865
916	968
916	1125
916	1263
916	1278
916	1312
916	1336
916	1342
916	1389
916	1413
916	1447
916	1468
916	1484
916	1487
916	1490
916	1498
917	4
917	181
917	183
917	308
917	597
917	859
917	928
917	1017
917	1040
917	1107
917	1185
917	1210
917	1213
917	1233
917	1293
917	1325
917	1343
917	1347
917	1348
917	1377
917	1381
918	178
918	305
918	371
918	408
918	571
918	592
918	651
918	692
918	802
918	803
918	824
918	956
918	992
918	1087
918	1161
918	1212
918	1291
918	1380
918	1397
918	1403
918	1480
919	77
919	469
919	550
919	745
919	794
919	937
919	1139
919	1174
919	1218
919	1229
919	1237
919	1298
919	1369
919	1375
919	1419
919	1439
919	1442
919	1485
919	1493
919	1495
919	1500
920	177
920	189
920	249
920	271
920	394
920	535
920	581
920	610
920	615
920	639
920	646
920	659
920	897
920	946
920	988
920	1027
920	1076
920	1086
920	1182
920	1359
920	1497
921	422
921	590
921	634
921	693
921	708
921	787
921	797
921	948
921	1058
921	1098
921	1173
921	1341
921	1364
921	1369
921	1370
921	1392
921	1410
921	1485
921	1493
921	1495
921	1500
922	542
922	639
922	739
922	744
922	841
922	881
922	902
922	993
922	1036
922	1089
922	1096
922	1138
922	1334
922	1361
922	1398
922	1414
922	1420
922	1434
922	1436
922	1439
922	1452
923	477
923	680
923	692
923	748
923	801
923	856
923	871
923	959
923	1001
923	1002
923	1170
923	1264
923	1270
923	1394
923	1424
923	1450
923	1455
923	1469
923	1474
923	1480
923	1492
924	63
924	305
924	313
924	597
924	621
924	626
924	885
924	936
924	1070
924	1071
924	1113
924	1141
924	1222
924	1279
924	1318
924	1336
924	1337
924	1350
924	1358
924	1394
924	1409
925	172
925	240
925	489
925	603
925	726
925	744
925	772
925	778
925	957
925	1005
925	1033
925	1088
925	1094
925	1208
925	1220
925	1252
925	1308
925	1313
925	1321
925	1375
925	1376
926	177
926	184
926	304
926	326
926	384
926	469
926	578
926	591
926	605
926	734
926	769
926	876
926	944
926	1042
926	1274
926	1346
926	1384
926	1398
926	1435
926	1437
926	1470
927	27
927	69
927	70
927	680
927	910
927	1026
927	1071
927	1102
927	1276
927	1364
927	1398
927	1405
927	1424
927	1441
927	1450
927	1453
927	1455
927	1469
927	1470
927	1474
927	1492
928	253
928	792
928	795
928	885
928	888
928	917
928	1010
928	1043
928	1046
928	1059
928	1105
928	1176
928	1203
928	1225
928	1229
928	1288
928	1338
928	1364
928	1382
928	1400
928	1431
929	291
929	561
929	564
929	578
929	749
929	930
929	976
929	1040
929	1111
929	1127
929	1185
929	1210
929	1213
929	1233
929	1255
929	1322
929	1325
929	1343
929	1348
929	1356
929	1381
930	47
930	561
930	633
930	784
930	929
930	972
930	1185
930	1210
930	1213
930	1219
930	1233
930	1255
930	1293
930	1322
930	1325
930	1343
930	1377
930	1381
930	1390
930	1439
930	1485
931	19
931	92
931	244
931	307
931	338
931	379
931	975
931	1013
931	1154
931	1160
931	1186
931	1221
931	1238
931	1342
931	1373
931	1404
931	1418
931	1457
931	1458
931	1466
931	1487
932	2
932	55
932	134
932	353
932	665
932	776
932	843
932	979
932	1039
932	1090
932	1103
932	1119
932	1143
932	1270
932	1292
932	1301
932	1379
932	1443
932	1448
932	1456
932	1499
933	319
933	754
933	791
933	806
933	840
933	979
933	1101
933	1117
933	1211
933	1315
933	1357
933	1395
933	1421
933	1426
933	1442
933	1444
933	1460
933	1465
933	1486
933	1493
933	1496
934	121
934	188
934	381
934	425
934	443
934	508
934	956
934	983
934	992
934	1047
934	1217
934	1250
934	1262
934	1275
934	1319
934	1388
934	1399
934	1406
934	1411
934	1416
934	1429
935	23
935	534
935	624
935	643
935	718
935	775
935	853
935	914
935	1091
935	1142
935	1183
935	1216
935	1238
935	1307
935	1309
935	1334
935	1347
935	1352
935	1367
935	1383
935	1475
936	154
936	305
936	313
936	403
936	560
936	621
936	680
936	924
936	972
936	1065
936	1113
936	1123
936	1176
936	1193
936	1222
936	1240
936	1246
936	1318
936	1337
936	1358
936	1409
937	146
937	370
937	398
937	436
937	664
937	919
937	1098
937	1147
937	1162
937	1183
937	1192
937	1218
937	1298
937	1310
937	1320
937	1341
937	1410
937	1472
937	1485
937	1493
937	1495
937	1500
938	116
938	206
938	672
938	746
938	864
938	953
938	954
938	975
938	1036
938	1052
938	1134
938	1152
938	1160
938	1200
938	1242
938	1259
938	1404
938	1425
938	1436
938	1458
938	1461
938	1466
939	151
939	323
939	430
939	437
939	603
939	675
939	699
939	775
939	945
939	979
939	1000
939	1091
939	1141
939	1191
939	1238
939	1307
939	1309
939	1347
939	1352
939	1354
939	1374
939	1383
940	65
940	170
940	574
940	844
940	877
940	1172
940	1186
940	1194
940	1200
940	1204
940	1214
940	1225
940	1272
940	1275
940	1282
940	1322
940	1391
940	1404
940	1406
940	1418
940	1466
940	1471
941	116
941	121
941	224
941	548
941	598
941	695
941	947
941	972
941	1003
941	1092
941	1121
941	1333
941	1336
941	1343
941	1362
941	1406
941	1408
941	1444
941	1454
941	1475
941	1476
941	1478
942	62
942	432
942	460
942	519
942	754
942	998
942	1095
942	1203
942	1236
942	1303
942	1350
942	1351
942	1372
942	1421
942	1426
942	1444
942	1451
942	1467
942	1471
942	1486
942	1496
942	1498
943	215
943	628
943	684
943	727
943	730
943	737
943	797
943	848
943	958
943	985
943	1038
943	1136
943	1140
943	1225
943	1257
943	1289
943	1314
943	1351
943	1438
943	1459
943	1460
943	1462
944	55
944	151
944	505
944	525
944	575
944	657
944	691
944	739
944	769
944	785
944	861
944	898
944	926
944	1167
944	1251
944	1331
944	1346
944	1398
944	1422
944	1435
944	1442
944	1458
945	8
945	198
945	379
945	480
945	494
945	553
945	624
945	762
945	839
945	939
945	1091
945	1141
945	1183
945	1216
945	1238
945	1309
945	1347
945	1352
945	1367
945	1383
945	1392
945	1489
946	34
946	441
946	721
946	884
946	920
946	981
946	990
946	1057
946	1060
946	1061
946	1074
946	1112
946	1224
946	1256
946	1285
946	1307
946	1332
946	1422
946	1432
946	1443
946	1448
946	1456
947	713
947	866
947	941
947	1003
947	1121
947	1129
947	1142
947	1255
947	1285
947	1319
947	1336
947	1350
947	1362
947	1388
947	1402
947	1408
947	1454
947	1456
947	1475
947	1476
947	1478
947	1483
948	351
948	412
948	619
948	910
948	921
948	976
948	1065
948	1098
948	1132
948	1140
948	1258
948	1265
948	1310
948	1353
948	1392
948	1419
948	1434
948	1452
948	1485
948	1493
948	1495
948	1500
949	173
949	213
949	230
949	576
949	757
949	789
949	865
949	873
949	1032
949	1037
949	1056
949	1171
949	1187
949	1279
949	1335
949	1375
949	1423
949	1425
949	1453
949	1462
949	1478
949	1481
950	482
950	582
950	834
950	901
950	1083
950	1089
950	1165
950	1184
950	1257
950	1301
950	1317
950	1342
950	1357
950	1384
950	1385
950	1390
950	1397
950	1439
950	1461
950	1483
950	1489
950	1499
951	215
951	701
951	705
951	727
951	797
951	985
951	1037
951	1041
951	1052
951	1213
951	1225
951	1259
951	1286
951	1289
951	1339
951	1340
951	1351
951	1430
951	1438
951	1447
951	1459
951	1462
952	120
952	148
952	273
952	418
952	478
952	546
952	577
952	582
952	618
952	654
952	702
952	955
952	966
952	1171
952	1187
952	1279
952	1297
952	1335
952	1375
952	1423
952	1425
952	1471
953	170
953	254
953	555
953	609
953	703
953	864
953	938
953	975
953	1077
953	1172
953	1216
953	1242
953	1258
953	1272
953	1322
953	1325
953	1373
953	1394
953	1418
953	1457
953	1458
953	1480
954	229
954	725
954	938
954	1136
954	1152
954	1154
954	1160
954	1200
954	1205
954	1282
954	1334
954	1373
954	1394
954	1404
954	1418
954	1449
954	1450
954	1457
954	1458
954	1464
954	1466
954	1471
955	87
955	193
955	431
955	515
955	767
955	806
955	952
955	1007
955	1017
955	1024
955	1034
955	1044
955	1065
955	1133
955	1159
955	1199
955	1221
955	1239
955	1260
955	1327
955	1474
955	1495
956	237
956	422
956	468
956	489
956	493
956	871
956	886
956	918
956	934
956	1082
956	1131
956	1181
956	1240
956	1302
956	1424
956	1437
956	1441
956	1453
956	1455
956	1474
956	1480
956	1492
957	165
957	207
957	352
957	644
957	718
957	729
957	793
957	909
957	925
957	978
957	1095
957	1124
957	1175
957	1245
957	1247
957	1295
957	1296
957	1306
957	1311
957	1330
957	1338
957	1353
958	46
958	164
958	427
958	585
958	730
958	841
958	943
958	985
958	1008
958	1038
958	1041
958	1113
958	1244
958	1257
958	1258
958	1286
958	1339
958	1340
958	1351
958	1438
958	1459
958	1462
959	88
959	314
959	554
959	661
959	705
959	742
959	759
959	890
959	923
959	1006
959	1016
959	1050
959	1108
959	1145
959	1187
959	1206
959	1254
959	1283
959	1302
959	1320
959	1335
959	1434
960	61
960	138
960	392
960	555
960	635
960	648
960	681
960	786
960	833
960	872
960	1079
960	1115
960	1196
960	1199
960	1207
960	1245
960	1248
960	1274
960	1401
960	1415
960	1440
960	1446
961	259
961	376
961	832
961	1017
961	1061
961	1185
961	1187
961	1210
961	1213
961	1219
961	1233
961	1255
961	1293
961	1325
961	1343
961	1347
961	1348
961	1377
961	1381
961	1389
961	1448
961	1476
962	143
962	189
962	441
962	662
962	665
962	823
962	889
962	979
962	997
962	1004
962	1090
962	1103
962	1112
962	1169
962	1256
962	1292
962	1379
962	1405
962	1422
962	1432
962	1456
962	1488
963	274
963	336
963	415
963	507
963	659
963	795
963	982
963	1062
963	1101
963	1125
963	1173
963	1201
963	1218
963	1223
963	1278
963	1299
963	1412
963	1413
963	1468
963	1487
963	1490
963	1498
964	1
964	196
964	297
964	373
964	460
964	683
964	896
964	999
964	1184
964	1196
964	1209
964	1281
964	1317
964	1342
964	1428
964	1461
964	1463
964	1477
964	1485
964	1489
964	1497
964	1499
965	374
965	392
965	406
965	514
965	631
965	655
965	834
965	984
965	1165
965	1209
965	1320
965	1342
965	1350
965	1357
965	1371
965	1390
965	1439
965	1461
965	1464
965	1482
965	1483
965	1497
966	104
966	132
966	274
966	325
966	593
966	702
966	740
966	789
966	873
966	952
966	997
966	1037
966	1171
966	1187
966	1238
966	1273
966	1279
966	1335
966	1375
966	1390
966	1423
966	1425
967	192
967	509
967	537
967	585
967	614
967	677
967	808
967	846
967	1021
967	1106
967	1202
967	1305
967	1341
967	1357
967	1378
967	1393
967	1427
967	1465
967	1466
967	1481
967	1491
967	1494
968	111
968	134
968	155
968	210
968	259
968	306
968	348
968	398
968	490
968	595
968	640
968	805
968	812
968	827
968	891
968	916
968	986
968	1145
968	1178
968	1261
968	1460
968	1500
969	22
969	34
969	447
969	763
969	885
969	1025
969	1058
969	1162
969	1237
969	1258
969	1265
969	1370
969	1403
969	1419
969	1440
969	1441
969	1472
969	1475
969	1485
969	1493
969	1495
969	1500
970	103
970	121
970	353
970	446
970	491
970	742
970	996
970	1019
970	1030
970	1062
970	1106
970	1149
970	1183
970	1290
970	1324
970	1329
970	1356
970	1360
970	1368
970	1371
970	1383
970	1395
971	119
971	402
971	425
971	515
971	600
971	648
971	666
971	696
971	741
971	893
971	1040
971	1127
971	1150
971	1196
971	1207
971	1248
971	1319
971	1361
971	1401
971	1415
971	1440
971	1446
972	26
972	272
972	423
972	442
972	667
972	866
972	930
972	936
972	941
972	973
972	1003
972	1085
972	1092
972	1310
972	1319
972	1336
972	1402
972	1408
972	1454
972	1475
972	1476
972	1478
973	342
973	409
973	588
973	667
973	678
973	710
973	972
973	1019
973	1106
973	1166
973	1248
973	1275
973	1290
973	1324
973	1329
973	1356
973	1360
973	1366
973	1368
973	1371
973	1395
973	1472
973	1500
974	167
974	610
974	625
974	763
974	852
974	859
974	874
974	895
974	1025
974	1031
974	1177
974	1179
974	1216
974	1217
974	1253
974	1262
974	1275
974	1388
974	1399
974	1405
974	1406
974	1411
974	1429
975	284
975	339
975	627
975	746
975	931
975	938
975	953
975	1124
975	1269
975	1272
975	1282
975	1301
975	1322
975	1345
975	1365
975	1386
975	1391
975	1392
975	1394
975	1404
975	1457
975	1458
975	1466
976	182
976	255
976	374
976	664
976	794
976	911
976	929
976	948
976	1000
976	1132
976	1174
976	1218
976	1229
976	1265
976	1364
976	1369
976	1410
976	1419
976	1422
976	1449
976	1485
976	1493
976	1500
977	556
977	595
977	701
977	870
977	1097
977	1182
977	1231
977	1281
977	1317
977	1342
977	1348
977	1357
977	1364
977	1390
977	1416
977	1439
977	1457
977	1461
977	1464
977	1468
977	1483
977	1489
977	1499
978	95
978	245
978	496
978	544
978	550
978	818
978	957
978	994
978	1011
978	1087
978	1095
978	1175
978	1234
978	1245
978	1247
978	1295
978	1296
978	1298
978	1306
978	1311
978	1330
978	1353
978	1455
979	399
979	539
979	665
979	671
979	721
979	738
979	932
979	933
979	939
979	962
979	997
979	1057
979	1074
979	1103
979	1224
979	1285
979	1292
979	1372
979	1379
979	1422
979	1432
979	1455
979	1479
980	289
980	895
980	1006
980	1012
980	1051
980	1103
980	1173
980	1194
980	1201
980	1223
980	1253
980	1389
980	1391
980	1396
980	1412
980	1413
980	1428
980	1430
980	1468
980	1477
980	1487
980	1490
980	1498
981	267
981	384
981	578
981	734
981	764
981	769
981	876
981	892
981	946
981	1042
981	1045
981	1049
981	1138
981	1167
981	1241
981	1251
981	1331
981	1346
981	1384
981	1398
981	1413
981	1435
981	1466
982	85
982	94
982	220
982	250
982	355
982	397
982	638
982	714
982	768
982	796
982	825
982	881
982	901
982	963
982	1012
982	1053
982	1054
982	1073
982	1135
982	1204
982	1238
982	1361
982	1414
983	18
983	126
983	419
983	507
983	639
983	763
983	852
983	934
983	1047
983	1179
983	1193
983	1217
983	1262
983	1275
983	1282
983	1308
983	1388
983	1399
983	1411
983	1418
983	1429
983	1449
983	1487
984	31
984	78
984	237
984	440
984	550
984	870
984	965
984	1083
984	1172
984	1209
984	1317
984	1342
984	1357
984	1385
984	1390
984	1439
984	1450
984	1461
984	1463
984	1464
984	1483
984	1497
984	1499
985	85
985	504
985	628
985	732
985	782
985	793
985	817
985	837
985	943
985	951
985	958
985	1143
985	1225
985	1244
985	1314
985	1339
985	1351
985	1381
985	1409
985	1438
985	1459
985	1462
985	1468
986	24
986	91
986	116
986	195
986	210
986	496
986	586
986	640
986	737
986	805
986	891
986	968
986	1082
986	1145
986	1156
986	1178
986	1261
986	1269
986	1349
986	1399
986	1437
986	1456
986	1499
987	57
987	277
987	414
987	569
987	571
987	641
987	653
987	663
987	681
987	772
987	778
987	875
987	908
987	1005
987	1033
987	1078
987	1252
987	1308
987	1313
987	1321
987	1376
987	1381
987	1496
988	150
988	249
988	369
988	528
988	610
988	632
988	650
988	709
988	817
988	897
988	920
988	994
988	1026
988	1064
988	1076
988	1092
988	1158
988	1188
988	1316
988	1432
988	1475
988	1483
988	1488
989	60
989	236
989	533
989	567
989	592
989	755
989	783
989	884
989	1084
989	1086
989	1189
989	1190
989	1197
989	1294
989	1374
989	1387
989	1417
989	1421
989	1436
989	1445
989	1453
989	1473
989	1488
990	101
990	334
990	706
990	716
990	845
990	946
990	1077
990	1157
990	1172
990	1186
990	1214
990	1259
990	1312
990	1322
990	1373
990	1386
990	1394
990	1404
990	1406
990	1457
990	1458
990	1466
990	1499
991	241
991	315
991	415
991	532
991	549
991	563
991	568
991	573
991	666
991	774
991	822
991	1109
991	1157
991	1228
991	1274
991	1277
991	1289
991	1297
991	1352
991	1377
991	1426
991	1429
991	1494
992	190
992	300
992	341
992	392
992	438
992	522
992	592
992	623
992	651
992	731
992	780
992	824
992	883
992	918
992	934
992	1101
992	1130
992	1212
992	1271
992	1291
992	1323
992	1397
992	1403
993	219
993	248
993	362
993	572
993	711
993	713
993	741
993	744
993	841
993	881
993	896
993	922
993	1138
993	1158
993	1191
993	1198
993	1291
993	1334
993	1372
993	1420
993	1436
993	1452
993	1485
994	195
994	249
994	369
994	395
994	528
994	559
994	632
994	633
994	646
994	897
994	978
994	988
994	1027
994	1064
994	1076
994	1086
994	1119
994	1145
994	1158
994	1172
994	1182
994	1188
994	1352
995	64
995	470
995	604
995	655
995	1063
995	1122
995	1190
995	1197
995	1216
995	1227
995	1230
995	1243
995	1294
995	1387
995	1417
995	1433
995	1445
995	1449
995	1471
995	1473
995	1488
995	1492
995	1498
996	11
996	530
996	614
996	678
996	880
996	894
996	970
996	1019
996	1106
996	1149
996	1151
996	1166
996	1313
996	1324
996	1329
996	1356
996	1360
996	1366
996	1368
996	1370
996	1371
996	1379
996	1395
997	401
997	441
997	541
997	716
997	750
997	774
997	851
997	858
997	962
997	966
997	979
997	1010
997	1093
997	1224
997	1256
997	1285
997	1292
997	1316
997	1318
997	1332
997	1422
997	1443
997	1456
998	149
998	427
998	504
998	654
998	682
998	718
998	752
998	875
998	942
998	1005
998	1020
998	1139
998	1268
998	1337
998	1350
998	1426
998	1442
998	1451
998	1460
998	1472
998	1479
998	1486
998	1496
999	50
999	317
999	383
999	482
999	488
999	643
999	964
999	1063
999	1072
999	1209
999	1225
999	1231
999	1267
999	1273
999	1357
999	1428
999	1447
999	1461
999	1463
999	1464
999	1483
999	1489
999	1497
1000	8
1000	73
1000	198
1000	226
1000	624
1000	649
1000	709
1000	845
1000	939
1000	976
1000	1029
1000	1091
1000	1108
1000	1146
1000	1191
1000	1228
1000	1307
1000	1309
1000	1347
1000	1349
1000	1352
1000	1367
1000	1383
1001	39
1001	188
1001	212
1001	368
1001	513
1001	856
1001	923
1001	1024
1001	1026
1001	1143
1001	1151
1001	1170
1001	1264
1001	1359
1001	1405
1001	1424
1001	1439
1001	1453
1001	1455
1001	1462
1001	1474
1001	1478
1001	1492
1002	15
1002	123
1002	210
1002	277
1002	641
1002	778
1002	860
1002	908
1002	923
1002	1005
1002	1033
1002	1088
1002	1094
1002	1121
1002	1132
1002	1208
1002	1252
1002	1253
1002	1262
1002	1308
1002	1313
1002	1321
1002	1390
1003	540
1003	633
1003	770
1003	793
1003	851
1003	941
1003	947
1003	972
1003	1075
1003	1142
1003	1292
1003	1309
1003	1333
1003	1336
1003	1374
1003	1379
1003	1402
1003	1408
1003	1454
1003	1470
1003	1475
1003	1476
1003	1478
1004	124
1004	400
1004	503
1004	676
1004	719
1004	776
1004	851
1004	962
1004	1093
1004	1112
1004	1169
1004	1256
1004	1284
1004	1285
1004	1301
1004	1330
1004	1379
1004	1393
1004	1422
1004	1431
1004	1432
1004	1443
1004	1456
1005	15
1005	277
1005	414
1005	480
1005	684
1005	689
1005	858
1005	925
1005	987
1005	998
1005	1002
1005	1088
1005	1111
1005	1190
1005	1208
1005	1222
1005	1252
1005	1276
1005	1308
1005	1313
1005	1321
1005	1368
1005	1376
1006	83
1006	208
1006	273
1006	314
1006	316
1006	487
1006	549
1006	570
1006	589
1006	890
1006	959
1006	980
1006	1015
1006	1016
1006	1055
1006	1108
1006	1149
1006	1206
1006	1254
1006	1283
1006	1302
1006	1320
1006	1462
1007	171
1007	189
1007	446
1007	724
1007	728
1007	832
1007	955
1007	1034
1007	1044
1007	1065
1007	1068
1007	1100
1007	1119
1007	1159
1007	1199
1007	1235
1007	1239
1007	1260
1007	1288
1007	1344
1007	1354
1007	1374
1007	1474
1007	1486
1008	142
1008	181
1008	202
1008	358
1008	535
1008	793
1008	804
1008	958
1008	1038
1008	1217
1008	1225
1008	1244
1008	1257
1008	1286
1008	1289
1008	1314
1008	1339
1008	1340
1008	1345
1008	1351
1008	1386
1008	1438
1008	1459
1008	1462
1009	32
1009	255
1009	498
1009	591
1009	796
1009	842
1009	852
1009	874
1009	882
1009	895
1009	1060
1009	1173
1009	1177
1009	1179
1009	1217
1009	1275
1009	1370
1009	1388
1009	1399
1009	1404
1009	1406
1009	1411
1009	1416
1009	1429
1010	124
1010	296
1010	329
1010	539
1010	577
1010	580
1010	636
1010	662
1010	788
1010	850
1010	853
1010	882
1010	928
1010	997
1010	1090
1010	1292
1010	1301
1010	1316
1010	1332
1010	1353
1010	1432
1010	1448
1010	1456
1010	1483
1011	8
1011	14
1011	102
1011	365
1011	715
1011	863
1011	909
1011	978
1011	1095
1011	1175
1011	1234
1011	1245
1011	1247
1011	1264
1011	1295
1011	1296
1011	1297
1011	1306
1011	1311
1011	1330
1011	1338
1011	1353
1011	1467
1011	1472
1012	130
1012	409
1012	415
1012	980
1012	982
1012	1048
1012	1051
1012	1278
1012	1279
1012	1299
1012	1303
1012	1312
1012	1330
1012	1377
1012	1407
1012	1430
1012	1457
1012	1468
1012	1470
1012	1477
1012	1484
1012	1487
1012	1490
1012	1498
1013	302
1013	361
1013	435
1013	823
1013	845
1013	931
1013	1107
1013	1114
1013	1136
1013	1214
1013	1229
1013	1242
1013	1259
1013	1272
1013	1319
1013	1366
1013	1386
1013	1394
1013	1404
1013	1418
1013	1422
1013	1457
1013	1458
1013	1466
1014	462
1014	508
1014	551
1014	575
1014	616
1014	800
1014	873
1014	874
1014	1031
1014	1047
1014	1124
1014	1132
1014	1179
1014	1206
1014	1223
1014	1253
1014	1275
1014	1292
1014	1388
1014	1399
1014	1406
1014	1411
1014	1416
1014	1429
1015	15
1015	204
1015	310
1015	323
1015	661
1015	703
1015	705
1015	742
1015	799
1015	879
1015	1006
1015	1016
1015	1108
1015	1180
1015	1193
1015	1206
1015	1283
1015	1284
1015	1302
1015	1320
1015	1360
1015	1417
1015	1455
1015	1473
1016	220
1016	487
1016	493
1016	630
1016	631
1016	703
1016	705
1016	717
1016	742
1016	890
1016	959
1016	1006
1016	1015
1016	1050
1016	1108
1016	1193
1016	1205
1016	1206
1016	1237
1016	1254
1016	1283
1016	1302
1016	1320
1016	1466
1017	287
1017	437
1017	474
1017	739
1017	784
1017	917
1017	955
1017	961
1017	1040
1017	1061
1017	1066
1017	1103
1017	1111
1017	1185
1017	1219
1017	1233
1017	1255
1017	1325
1017	1343
1017	1377
1017	1381
1017	1402
1017	1424
1017	1485
1018	36
1018	71
1018	304
1018	584
1018	835
1018	838
1018	852
1018	899
1018	906
1018	1142
1018	1144
1018	1202
1018	1250
1018	1326
1018	1344
1018	1349
1018	1373
1018	1378
1018	1393
1018	1427
1018	1465
1018	1478
1018	1481
1018	1482
1019	259
1019	514
1019	678
1019	682
1019	848
1019	880
1019	970
1019	973
1019	996
1019	1106
1019	1190
1019	1290
1019	1324
1019	1329
1019	1333
1019	1356
1019	1360
1019	1368
1019	1371
1019	1372
1019	1395
1019	1399
1019	1435
1019	1460
1020	202
1020	269
1020	432
1020	719
1020	806
1020	807
1020	998
1020	1051
1020	1138
1020	1171
1020	1203
1020	1283
1020	1350
1020	1372
1020	1426
1020	1442
1020	1444
1020	1451
1020	1460
1020	1467
1020	1479
1020	1486
1020	1492
1020	1496
1021	69
1021	218
1021	351
1021	449
1021	462
1021	636
1021	670
1021	835
1021	842
1021	906
1021	967
1021	1069
1021	1081
1021	1168
1021	1250
1021	1344
1021	1349
1021	1378
1021	1388
1021	1393
1021	1481
1021	1482
1021	1494
1021	1500
1022	137
1022	202
1022	462
1022	492
1022	516
1022	526
1022	654
1022	656
1022	685
1022	840
1022	1069
1022	1203
1022	1211
1022	1268
1022	1350
1022	1351
1022	1421
1022	1438
1022	1442
1022	1444
1022	1451
1022	1460
1022	1479
1022	1486
1023	62
1023	166
1023	236
1023	288
1023	523
1023	657
1023	735
1023	896
1023	1058
1023	1230
1023	1243
1023	1284
1023	1292
1023	1359
1023	1380
1023	1387
1023	1393
1023	1417
1023	1434
1023	1445
1023	1471
1023	1473
1023	1488
1023	1489
1024	19
1024	61
1024	87
1024	149
1024	193
1024	606
1024	724
1024	762
1024	766
1024	858
1024	955
1024	1001
1024	1044
1024	1119
1024	1133
1024	1159
1024	1199
1024	1239
1024	1260
1024	1327
1024	1328
1024	1425
1024	1431
1024	1469
1025	50
1025	293
1025	464
1025	910
1025	969
1025	974
1025	1026
1025	1048
1025	1058
1025	1218
1025	1258
1025	1298
1025	1310
1025	1369
1025	1370
1025	1387
1025	1392
1025	1410
1025	1419
1025	1472
1025	1485
1025	1493
1025	1495
1025	1500
1026	43
1026	238
1026	465
1026	830
1026	859
1026	904
1026	927
1026	988
1026	1001
1026	1025
1026	1131
1026	1264
1026	1276
1026	1333
1026	1367
1026	1390
1026	1405
1026	1424
1026	1437
1026	1441
1026	1469
1026	1474
1026	1480
1026	1492
1027	150
1027	177
1027	288
1027	394
1027	581
1027	615
1027	632
1027	659
1027	730
1027	817
1027	897
1027	920
1027	994
1027	1064
1027	1076
1027	1086
1027	1158
1027	1182
1027	1186
1027	1188
1027	1209
1027	1325
1027	1432
1027	1461
1028	112
1028	452
1028	766
1028	783
1028	896
1028	1041
1028	1083
1028	1084
1028	1197
1028	1243
1028	1269
1028	1284
1028	1294
1028	1359
1028	1361
1028	1380
1028	1387
1028	1417
1028	1433
1028	1434
1028	1442
1028	1445
1028	1473
1028	1488
1029	181
1029	332
1029	430
1029	501
1029	584
1029	596
1029	608
1029	638
1029	649
1029	877
1029	1000
1029	1058
1029	1091
1029	1141
1029	1183
1029	1216
1029	1238
1029	1307
1029	1309
1029	1335
1029	1340
1029	1352
1029	1383
1029	1418
1030	103
1030	439
1030	499
1030	671
1030	678
1030	859
1030	970
1030	1106
1030	1124
1030	1149
1030	1166
1030	1290
1030	1324
1030	1329
1030	1356
1030	1360
1030	1366
1030	1368
1030	1371
1030	1395
1030	1449
1030	1458
1030	1495
1030	1499
1031	153
1031	408
1031	503
1031	591
1031	607
1031	763
1031	800
1031	974
1031	1014
1031	1047
1031	1064
1031	1122
1031	1160
1031	1177
1031	1217
1031	1253
1031	1262
1031	1325
1031	1399
1031	1411
1031	1416
1031	1429
1031	1445
1031	1472
1032	40
1032	401
1032	404
1032	418
1032	497
1032	618
1032	789
1032	790
1032	807
1032	854
1032	873
1032	949
1032	1037
1032	1056
1032	1171
1032	1187
1032	1279
1032	1335
1032	1375
1032	1417
1032	1421
1032	1423
1032	1425
1032	1467
1033	15
1033	232
1033	240
1033	337
1033	406
1033	480
1033	684
1033	726
1033	730
1033	772
1033	858
1033	860
1033	925
1033	987
1033	1002
1033	1094
1033	1096
1033	1169
1033	1208
1033	1265
1033	1313
1033	1321
1033	1376
1033	1473
1034	193
1034	332
1034	380
1034	541
1034	660
1034	690
1034	724
1034	762
1034	809
1034	850
1034	890
1034	955
1034	1007
1034	1119
1034	1133
1034	1159
1034	1179
1034	1199
1034	1221
1034	1327
1034	1335
1034	1354
1034	1435
1034	1494
1035	224
1035	468
1035	525
1035	593
1035	604
1035	617
1035	840
1035	1046
1035	1059
1035	1128
1035	1147
1035	1153
1035	1176
1035	1180
1035	1235
1035	1287
1035	1288
1035	1304
1035	1338
1035	1364
1035	1382
1035	1398
1035	1400
1035	1431
1036	144
1036	219
1036	248
1036	375
1036	398
1036	428
1036	476
1036	711
1036	738
1036	739
1036	922
1036	938
1036	1089
1036	1096
1036	1100
1036	1104
1036	1138
1036	1224
1036	1228
1036	1334
1036	1420
1036	1428
1036	1436
1036	1452
1037	49
1037	148
1037	213
1037	404
1037	418
1037	497
1037	596
1037	740
1037	915
1037	949
1037	951
1037	966
1037	1032
1037	1187
1037	1227
1037	1279
1037	1292
1037	1335
1037	1336
1037	1375
1037	1414
1037	1415
1037	1423
1037	1425
1038	548
1038	693
1038	730
1038	753
1038	779
1038	837
1038	914
1038	943
1038	958
1038	1008
1038	1041
1038	1078
1038	1240
1038	1244
1038	1257
1038	1289
1038	1314
1038	1340
1038	1358
1038	1423
1038	1438
1038	1459
1038	1462
1038	1486
1039	179
1039	201
1039	239
1039	371
1039	516
1039	559
1039	577
1039	687
1039	776
1039	781
1039	932
1039	1060
1039	1090
1039	1093
1039	1169
1039	1195
1039	1209
1039	1256
1039	1316
1039	1332
1039	1351
1039	1422
1039	1439
1039	1443
1040	426
1040	745
1040	784
1040	859
1040	879
1040	894
1040	917
1040	929
1040	971
1040	1017
1040	1061
1040	1066
1040	1098
1040	1184
1040	1185
1040	1233
1040	1255
1040	1293
1040	1325
1040	1343
1040	1348
1040	1377
1040	1381
1040	1476
1041	24
1041	343
1041	358
1041	411
1041	467
1041	510
1041	561
1041	668
1041	753
1041	797
1041	951
1041	958
1041	1028
1041	1038
1041	1244
1041	1286
1041	1314
1041	1339
1041	1351
1041	1397
1041	1438
1041	1457
1041	1459
1041	1462
1042	10
1042	442
1042	449
1042	450
1042	505
1042	598
1042	712
1042	764
1042	850
1042	926
1042	981
1042	1045
1042	1099
1042	1110
1042	1114
1042	1167
1042	1234
1042	1241
1042	1251
1042	1294
1042	1331
1042	1346
1042	1391
1042	1398
1042	1435
1043	486
1043	500
1043	745
1043	773
1043	846
1043	928
1043	1059
1043	1128
1043	1147
1043	1149
1043	1153
1043	1180
1043	1263
1043	1287
1043	1288
1043	1304
1043	1337
1043	1338
1043	1361
1043	1382
1043	1400
1043	1406
1043	1431
1043	1432
1043	1472
1044	33
1044	145
1044	209
1044	431
1044	606
1044	810
1044	955
1044	1007
1044	1024
1044	1065
1044	1068
1044	1084
1044	1100
1044	1152
1044	1159
1044	1199
1044	1221
1044	1257
1044	1316
1044	1327
1044	1328
1044	1354
1044	1398
1044	1428
1044	1482
1045	151
1045	211
1045	327
1045	384
1045	484
1045	636
1045	657
1045	697
1045	764
1045	777
1045	898
1045	905
1045	981
1045	1042
1045	1110
1045	1167
1045	1241
1045	1251
1045	1346
1045	1384
1045	1398
1045	1435
1045	1441
1045	1479
1045	1498
1046	253
1046	563
1046	792
1046	888
1046	928
1046	1035
1046	1105
1046	1129
1046	1147
1046	1153
1046	1176
1046	1180
1046	1226
1046	1287
1046	1288
1046	1295
1046	1317
1046	1338
1046	1364
1046	1382
1046	1400
1046	1431
1046	1432
1046	1459
1046	1463
1047	32
1047	190
1047	408
1047	443
1047	462
1047	558
1047	647
1047	800
1047	895
1047	934
1047	983
1047	1014
1047	1031
1047	1078
1047	1094
1047	1177
1047	1253
1047	1262
1047	1275
1047	1345
1047	1399
1047	1406
1047	1416
1047	1429
1047	1449
1048	25
1048	36
1048	223
1048	456
1048	467
1048	697
1048	698
1048	1012
1048	1025
1048	1057
1048	1263
1048	1278
1048	1312
1048	1330
1048	1345
1048	1389
1048	1396
1048	1407
1048	1430
1048	1447
1048	1468
1048	1470
1048	1477
1048	1484
1048	1490
1049	461
1049	676
1049	846
1049	851
1049	888
1049	898
1049	981
1049	1060
1049	1089
1049	1093
1049	1103
1049	1112
1049	1115
1049	1119
1049	1162
1049	1169
1049	1224
1049	1256
1049	1301
1049	1332
1049	1378
1049	1432
1049	1443
1049	1448
1049	1456
1050	83
1050	98
1050	390
1050	400
1050	410
1050	493
1050	682
1050	703
1050	705
1050	742
1050	759
1050	799
1050	856
1050	890
1050	959
1050	1016
1050	1055
1050	1096
1050	1206
1050	1254
1050	1277
1050	1283
1050	1302
1050	1320
1050	1348
1051	631
1051	698
1051	775
1051	818
1051	980
1051	1012
1051	1020
1051	1167
1051	1173
1051	1201
1051	1312
1051	1389
1051	1396
1051	1407
1051	1409
1051	1411
1051	1412
1051	1430
1051	1438
1051	1470
1051	1477
1051	1484
1051	1487
1051	1490
1051	1498
1052	151
1052	215
1052	365
1052	727
1052	782
1052	797
1052	815
1052	832
1052	837
1052	938
1052	951
1052	1244
1052	1257
1052	1269
1052	1286
1052	1314
1052	1339
1052	1340
1052	1348
1052	1351
1052	1430
1052	1438
1052	1459
1052	1462
1052	1467
1053	220
1053	238
1053	359
1053	396
1053	531
1053	826
1053	862
1053	868
1053	982
1053	1054
1053	1073
1053	1089
1053	1117
1053	1135
1053	1168
1053	1199
1053	1205
1053	1217
1053	1220
1053	1265
1053	1300
1053	1342
1053	1361
1053	1362
1053	1414
1054	109
1054	147
1054	398
1054	602
1054	622
1054	638
1054	742
1054	826
1054	865
1054	868
1054	870
1054	901
1054	982
1054	1053
1054	1073
1054	1117
1054	1126
1054	1155
1054	1200
1054	1295
1054	1300
1054	1361
1054	1427
1054	1432
1054	1496
1055	204
1055	316
1055	323
1055	479
1055	487
1055	610
1055	682
1055	703
1055	759
1055	794
1055	799
1055	879
1055	890
1055	1006
1055	1050
1055	1076
1055	1108
1055	1193
1055	1206
1055	1254
1055	1283
1055	1286
1055	1302
1055	1314
1055	1320
1056	104
1056	120
1056	132
1056	193
1056	441
1056	478
1056	546
1056	722
1056	740
1056	748
1056	873
1056	949
1056	1032
1056	1187
1056	1197
1056	1253
1056	1279
1056	1335
1056	1363
1056	1375
1056	1396
1056	1423
1056	1425
1056	1430
1056	1451
1057	222
1057	282
1057	541
1057	677
1057	843
1057	853
1057	882
1057	946
1057	979
1057	1048
1057	1060
1057	1064
1057	1078
1057	1090
1057	1169
1057	1179
1057	1224
1057	1316
1057	1379
1057	1396
1057	1422
1057	1432
1057	1443
1057	1448
1057	1456
1058	821
1058	910
1058	921
1058	969
1058	1023
1058	1025
1058	1029
1058	1084
1058	1162
1058	1192
1058	1218
1058	1258
1058	1265
1058	1331
1058	1350
1058	1369
1058	1370
1058	1392
1058	1394
1058	1399
1058	1419
1058	1472
1058	1485
1058	1493
1058	1495
1059	262
1059	274
1059	293
1059	320
1059	390
1059	495
1059	587
1059	589
1059	602
1059	885
1059	928
1059	1035
1059	1043
1059	1147
1059	1153
1059	1176
1059	1195
1059	1226
1059	1287
1059	1288
1059	1364
1059	1382
1059	1400
1059	1431
1059	1468
1060	416
1060	441
1060	541
1060	546
1060	882
1060	946
1060	1009
1060	1039
1060	1049
1060	1057
1060	1074
1060	1093
1060	1224
1060	1226
1060	1256
1060	1301
1060	1332
1060	1379
1060	1380
1060	1432
1060	1443
1060	1448
1060	1456
1060	1463
1060	1494
1061	597
1061	780
1061	827
1061	859
1061	878
1061	946
1061	961
1061	1017
1061	1040
1061	1066
1061	1116
1061	1185
1061	1210
1061	1213
1061	1219
1061	1233
1061	1255
1061	1293
1061	1325
1061	1327
1061	1343
1061	1348
1061	1366
1061	1377
1061	1381
1062	179
1062	497
1062	631
1062	828
1062	963
1062	970
1062	1183
1062	1201
1062	1263
1062	1264
1062	1312
1062	1389
1062	1396
1062	1397
1062	1409
1062	1413
1062	1430
1062	1441
1062	1447
1062	1468
1062	1470
1062	1477
1062	1487
1062	1490
1062	1498
1063	258
1063	712
1063	995
1063	999
1063	1072
1063	1095
1063	1097
1063	1165
1063	1184
1063	1230
1063	1231
1063	1317
1063	1342
1063	1378
1063	1385
1063	1390
1063	1412
1063	1439
1063	1461
1063	1463
1063	1464
1063	1483
1063	1489
1063	1497
1063	1499
1064	177
1064	249
1064	349
1064	395
1064	528
1064	557
1064	559
1064	615
1064	619
1064	800
1064	817
1064	897
1064	988
1064	994
1064	1027
1064	1031
1064	1057
1064	1076
1064	1086
1064	1101
1064	1158
1064	1182
1064	1281
1064	1377
1064	1398
1065	431
1065	446
1065	492
1065	512
1065	606
1065	690
1065	850
1065	852
1065	914
1065	936
1065	948
1065	955
1065	1007
1065	1044
1065	1067
1065	1068
1065	1119
1065	1199
1065	1201
1065	1221
1065	1233
1065	1260
1065	1314
1065	1328
1065	1339
1066	316
1066	417
1066	437
1066	474
1066	537
1066	595
1066	1017
1066	1040
1066	1061
1066	1070
1066	1079
1066	1111
1066	1185
1066	1210
1066	1213
1066	1219
1066	1255
1066	1293
1066	1325
1066	1326
1066	1343
1066	1348
1066	1377
1066	1381
1066	1424
1067	12
1067	145
1067	171
1067	193
1067	256
1067	380
1067	431
1067	606
1067	698
1067	1065
1067	1068
1067	1133
1067	1136
1067	1145
1067	1159
1067	1199
1067	1239
1067	1260
1067	1262
1067	1277
1067	1327
1067	1328
1067	1341
1067	1354
1067	1422
1068	174
1068	380
1068	446
1068	487
1068	606
1068	614
1068	637
1068	767
1068	809
1068	1007
1068	1044
1068	1065
1068	1067
1068	1100
1068	1133
1068	1151
1068	1159
1068	1218
1068	1239
1068	1260
1068	1271
1068	1315
1068	1328
1068	1354
1068	1441
1069	110
1069	223
1069	455
1069	537
1069	614
1069	645
1069	714
1069	758
1069	760
1069	1021
1069	1022
1069	1081
1069	1116
1069	1137
1069	1250
1069	1259
1069	1333
1069	1378
1069	1427
1069	1442
1069	1465
1069	1468
1069	1479
1069	1494
1069	1495
1070	305
1070	386
1070	544
1070	627
1070	695
1070	707
1070	715
1070	728
1070	780
1070	836
1070	839
1070	924
1070	1066
1070	1071
1070	1131
1070	1240
1070	1246
1070	1279
1070	1310
1070	1318
1070	1337
1070	1358
1070	1409
1070	1419
1070	1420
1071	20
1071	216
1071	246
1071	473
1071	627
1071	648
1071	695
1071	728
1071	780
1071	801
1071	831
1071	924
1071	927
1071	1070
1071	1222
1071	1240
1071	1246
1071	1291
1071	1299
1071	1318
1071	1337
1071	1358
1071	1409
1071	1415
1071	1446
1072	341
1072	406
1072	595
1072	650
1072	763
1072	870
1072	873
1072	999
1072	1063
1072	1083
1072	1184
1072	1185
1072	1273
1072	1280
1072	1281
1072	1294
1072	1317
1072	1385
1072	1461
1072	1463
1072	1464
1072	1483
1072	1489
1072	1497
1072	1499
1073	295
1073	386
1073	390
1073	526
1073	545
1073	601
1073	857
1073	862
1073	865
1073	982
1073	1053
1073	1054
1073	1100
1073	1117
1073	1126
1073	1155
1073	1205
1073	1220
1073	1232
1073	1245
1073	1300
1073	1360
1073	1361
1073	1370
1073	1414
1073	1443
1074	56
1074	98
1074	462
1074	551
1074	620
1074	662
1074	788
1074	794
1074	946
1074	979
1074	1060
1074	1090
1074	1103
1074	1115
1074	1192
1074	1224
1074	1301
1074	1316
1074	1332
1074	1379
1074	1419
1074	1422
1074	1432
1074	1435
1074	1443
1074	1456
1075	79
1075	148
1075	433
1075	612
1075	661
1075	1003
1075	1085
1075	1092
1075	1121
1075	1129
1075	1142
1075	1159
1075	1319
1075	1320
1075	1333
1075	1336
1075	1359
1075	1362
1075	1402
1075	1408
1075	1419
1075	1436
1075	1454
1075	1475
1075	1476
1075	1478
1076	360
1076	394
1076	535
1076	610
1076	615
1076	619
1076	632
1076	633
1076	646
1076	709
1076	817
1076	897
1076	920
1076	988
1076	994
1076	1027
1076	1055
1076	1064
1076	1081
1076	1086
1076	1123
1076	1158
1076	1188
1076	1213
1076	1215
1076	1419
1077	48
1077	284
1077	329
1077	379
1077	401
1077	669
1077	695
1077	735
1077	769
1077	953
1077	990
1077	1118
1077	1152
1077	1154
1077	1157
1077	1186
1077	1204
1077	1272
1077	1307
1077	1373
1077	1386
1077	1391
1077	1404
1077	1457
1077	1466
1077	1471
1078	37
1078	231
1078	232
1078	240
1078	367
1078	472
1078	480
1078	539
1078	641
1078	653
1078	726
1078	778
1078	860
1078	987
1078	1038
1078	1047
1078	1057
1078	1088
1078	1116
1078	1159
1078	1237
1078	1252
1078	1308
1078	1313
1078	1321
1078	1376
1079	144
1079	271
1079	420
1079	481
1079	579
1079	600
1079	611
1079	751
1079	833
1079	855
1079	893
1079	960
1079	1066
1079	1127
1079	1133
1079	1150
1079	1165
1079	1207
1079	1246
1079	1248
1079	1286
1079	1394
1079	1401
1079	1440
1079	1444
1079	1446
1080	132
1080	168
1080	178
1080	188
1080	250
1080	314
1080	346
1080	513
1080	731
1080	1092
1080	1143
1080	1148
1080	1170
1080	1248
1080	1289
1080	1304
1080	1328
1080	1405
1080	1441
1080	1450
1080	1453
1080	1455
1080	1469
1080	1474
1080	1480
1080	1492
1081	39
1081	495
1081	502
1081	607
1081	670
1081	705
1081	709
1081	808
1081	821
1081	861
1081	903
1081	1021
1081	1069
1081	1076
1081	1137
1081	1144
1081	1344
1081	1345
1081	1349
1081	1362
1081	1427
1081	1432
1081	1481
1081	1482
1081	1491
1081	1494
1082	125
1082	164
1082	187
1082	548
1082	633
1082	663
1082	743
1082	770
1082	956
1082	986
1082	1121
1082	1142
1082	1143
1082	1149
1082	1192
1082	1319
1082	1333
1082	1336
1082	1362
1082	1374
1082	1402
1082	1408
1082	1454
1082	1475
1082	1476
1082	1478
1083	99
1083	300
1083	594
1083	851
1083	950
1083	984
1083	1028
1083	1072
1083	1109
1083	1184
1083	1209
1083	1234
1083	1273
1083	1281
1083	1299
1083	1342
1083	1390
1083	1428
1083	1439
1083	1461
1083	1463
1083	1464
1083	1483
1083	1489
1083	1497
1083	1499
1084	695
1084	783
1084	807
1084	989
1084	1028
1084	1044
1084	1058
1084	1091
1084	1101
1084	1119
1084	1189
1084	1243
1084	1266
1084	1280
1084	1284
1084	1355
1084	1359
1084	1382
1084	1387
1084	1433
1084	1434
1084	1445
1084	1449
1084	1473
1084	1488
1084	1496
1085	280
1085	331
1085	367
1085	403
1085	465
1085	630
1085	687
1085	818
1085	866
1085	972
1085	1075
1085	1092
1085	1121
1085	1129
1085	1142
1085	1214
1085	1333
1085	1336
1085	1362
1085	1402
1085	1408
1085	1454
1085	1474
1085	1475
1085	1476
1085	1478
1086	173
1086	177
1086	360
1086	369
1086	394
1086	404
1086	528
1086	559
1086	615
1086	619
1086	632
1086	670
1086	709
1086	920
1086	989
1086	994
1086	1027
1086	1064
1086	1076
1086	1102
1086	1158
1086	1182
1086	1188
1086	1312
1086	1388
1086	1482
1087	3
1087	106
1087	214
1087	300
1087	543
1087	592
1087	596
1087	802
1087	803
1087	820
1087	824
1087	857
1087	869
1087	918
1087	978
1087	1130
1087	1161
1087	1255
1087	1271
1087	1291
1087	1317
1087	1338
1087	1384
1087	1397
1087	1403
1087	1444
1088	25
1088	56
1088	212
1088	421
1088	569
1088	600
1088	641
1088	684
1088	726
1088	778
1088	779
1088	860
1088	925
1088	1002
1088	1005
1088	1078
1088	1094
1088	1196
1088	1208
1088	1252
1088	1308
1088	1313
1088	1321
1088	1376
1088	1400
1088	1471
1089	72
1089	105
1089	345
1089	419
1089	476
1089	594
1089	711
1089	741
1089	744
1089	881
1089	922
1089	950
1089	1036
1089	1049
1089	1053
1089	1096
1089	1104
1089	1138
1089	1198
1089	1260
1089	1334
1089	1363
1089	1420
1089	1436
1089	1452
1089	1462
1090	169
1090	477
1090	506
1090	700
1090	781
1090	804
1090	843
1090	851
1090	932
1090	962
1090	1010
1090	1039
1090	1057
1090	1074
1090	1169
1090	1212
1090	1291
1090	1292
1090	1301
1090	1316
1090	1332
1090	1422
1090	1431
1090	1443
1090	1448
1090	1456
1090	1482
1091	23
1091	326
1091	454
1091	511
1091	534
1091	839
1091	935
1091	939
1091	945
1091	1000
1091	1029
1091	1084
1091	1141
1091	1157
1091	1182
1091	1191
1091	1216
1091	1236
1091	1238
1091	1252
1091	1265
1091	1309
1091	1347
1091	1367
1091	1383
1091	1445
1091	1491
1092	102
1092	146
1092	200
1092	331
1092	494
1092	576
1092	612
1092	672
1092	715
1092	809
1092	822
1092	846
1092	941
1092	972
1092	988
1092	1075
1092	1080
1092	1085
1092	1181
1092	1319
1092	1333
1092	1402
1092	1408
1092	1454
1092	1475
1092	1476
1092	1478
1093	25
1093	67
1093	89
1093	179
1093	336
1093	687
1093	776
1093	997
1093	1004
1093	1039
1093	1049
1093	1060
1093	1112
1093	1169
1093	1188
1093	1256
1093	1263
1093	1297
1093	1312
1093	1316
1093	1332
1093	1379
1093	1422
1093	1432
1093	1443
1093	1453
1093	1456
1094	25
1094	37
1094	46
1094	123
1094	414
1094	633
1094	641
1094	653
1094	772
1094	860
1094	925
1094	1002
1094	1033
1094	1047
1094	1088
1094	1120
1094	1208
1094	1252
1094	1308
1094	1313
1094	1321
1094	1343
1094	1376
1094	1420
1094	1429
1094	1490
1094	1500
1095	95
1095	209
1095	352
1095	549
1095	642
1095	729
1095	830
1095	863
1095	909
1095	942
1095	957
1095	978
1095	1011
1095	1063
1095	1175
1095	1234
1095	1245
1095	1247
1095	1262
1095	1295
1095	1296
1095	1306
1095	1311
1095	1330
1095	1353
1095	1362
1095	1496
1096	49
1096	72
1096	97
1096	219
1096	328
1096	375
1096	572
1096	647
1096	739
1096	841
1096	906
1096	922
1096	1033
1096	1036
1096	1050
1096	1089
1096	1138
1096	1198
1096	1215
1096	1240
1096	1291
1096	1301
1096	1334
1096	1363
1096	1412
1096	1436
1096	1452
1097	96
1097	242
1097	382
1097	714
1097	853
1097	977
1097	1063
1097	1108
1097	1154
1097	1184
1097	1209
1097	1233
1097	1249
1097	1267
1097	1273
1097	1281
1097	1357
1097	1428
1097	1439
1097	1446
1097	1461
1097	1463
1097	1464
1097	1465
1097	1489
1097	1497
1097	1499
1098	35
1098	475
1098	488
1098	511
1098	634
1098	664
1098	701
1098	788
1098	910
1098	911
1098	921
1098	937
1098	948
1098	1040
1098	1132
1098	1162
1098	1204
1098	1218
1098	1234
1098	1298
1098	1392
1098	1410
1098	1419
1098	1485
1098	1493
1098	1495
1098	1500
1099	176
1099	385
1099	546
1099	604
1099	807
1099	816
1099	866
1099	889
1099	896
1099	1042
1099	1122
1099	1190
1099	1197
1099	1263
1099	1266
1099	1284
1099	1294
1099	1300
1099	1380
1099	1387
1099	1417
1099	1449
1099	1466
1099	1471
1099	1473
1099	1488
1099	1496
1100	33
1100	93
1100	171
1100	209
1100	380
1100	492
1100	762
1100	767
1100	809
1100	811
1100	850
1100	1007
1100	1036
1100	1044
1100	1068
1100	1073
1100	1119
1100	1133
1100	1159
1100	1239
1100	1272
1100	1311
1100	1327
1100	1328
1100	1404
1100	1406
1100	1464
1101	12
1101	149
1101	504
1101	642
1101	691
1101	707
1101	933
1101	963
1101	992
1101	1064
1101	1084
1101	1155
1101	1251
1101	1303
1101	1315
1101	1323
1101	1350
1101	1372
1101	1426
1101	1442
1101	1444
1101	1451
1101	1460
1101	1467
1101	1479
1101	1486
1101	1496
1102	434
1102	489
1102	513
1102	527
1102	574
1102	669
1102	904
1102	927
1102	1086
1102	1114
1102	1143
1102	1148
1102	1151
1102	1161
1102	1184
1102	1185
1102	1189
1102	1276
1102	1405
1102	1413
1102	1424
1102	1450
1102	1455
1102	1469
1102	1474
1102	1480
1102	1492
1103	293
1103	353
1103	366
1103	516
1103	577
1103	599
1103	620
1103	676
1103	853
1103	932
1103	962
1103	979
1103	980
1103	1017
1103	1049
1103	1074
1103	1112
1103	1235
1103	1256
1103	1292
1103	1298
1103	1301
1103	1302
1103	1316
1103	1432
1103	1448
1103	1456
1104	7
1104	21
1104	97
1104	185
1104	264
1104	270
1104	415
1104	572
1104	647
1104	739
1104	857
1104	881
1104	902
1104	905
1104	1036
1104	1089
1104	1198
1104	1215
1104	1252
1104	1334
1104	1363
1104	1369
1104	1381
1104	1420
1104	1442
1104	1450
1104	1452
1105	224
1105	253
1105	533
1105	617
1105	650
1105	782
1105	928
1105	1046
1105	1128
1105	1147
1105	1153
1105	1176
1105	1180
1105	1195
1105	1200
1105	1226
1105	1287
1105	1304
1105	1323
1105	1338
1105	1363
1105	1364
1105	1371
1105	1382
1105	1400
1105	1431
1105	1442
1106	73
1106	76
1106	121
1106	436
1106	491
1106	553
1106	671
1106	690
1106	852
1106	967
1106	970
1106	973
1106	996
1106	1019
1106	1030
1106	1290
1106	1324
1106	1329
1106	1347
1106	1356
1106	1360
1106	1366
1106	1368
1106	1371
1106	1390
1106	1395
1106	1459
1107	101
1107	196
1107	244
1107	364
1107	636
1107	716
1107	903
1107	917
1107	1013
1107	1154
1107	1160
1107	1167
1107	1186
1107	1188
1107	1200
1107	1242
1107	1259
1107	1318
1107	1342
1107	1373
1107	1386
1107	1391
1107	1394
1107	1418
1107	1451
1107	1457
1107	1458
1108	83
1108	95
1108	133
1108	273
1108	343
1108	444
1108	487
1108	493
1108	661
1108	703
1108	759
1108	879
1108	959
1108	1000
1108	1006
1108	1015
1108	1016
1108	1055
1108	1097
1108	1133
1108	1193
1108	1216
1108	1254
1108	1283
1108	1302
1108	1320
1108	1427
1109	241
1109	315
1109	350
1109	393
1109	448
1109	477
1109	536
1109	568
1109	575
1109	655
1109	662
1109	666
1109	668
1109	822
1109	991
1109	1083
1109	1157
1109	1184
1109	1228
1109	1249
1109	1273
1109	1274
1109	1277
1109	1297
1109	1389
1109	1418
1109	1493
1110	258
1110	327
1110	442
1110	469
1110	578
1110	605
1110	652
1110	697
1110	704
1110	712
1110	769
1110	876
1110	900
1110	913
1110	1042
1110	1045
1110	1131
1110	1167
1110	1250
1110	1346
1110	1384
1110	1398
1110	1406
1110	1435
1110	1440
1110	1459
1110	1484
1111	29
1111	183
1111	291
1111	376
1111	417
1111	449
1111	515
1111	665
1111	911
1111	929
1111	1005
1111	1017
1111	1066
1111	1185
1111	1210
1111	1219
1111	1233
1111	1255
1111	1273
1111	1293
1111	1325
1111	1343
1111	1348
1111	1371
1111	1377
1111	1381
1111	1449
1112	441
1112	562
1112	599
1112	639
1112	683
1112	721
1112	851
1112	946
1112	962
1112	1004
1112	1049
1112	1093
1112	1103
1112	1169
1112	1256
1112	1270
1112	1285
1112	1292
1112	1299
1112	1301
1112	1316
1112	1331
1112	1379
1112	1417
1112	1423
1112	1432
1112	1440
1112	1457
1113	6
1113	154
1113	216
1113	246
1113	367
1113	377
1113	621
1113	695
1113	728
1113	780
1113	831
1113	836
1113	924
1113	936
1113	958
1113	1123
1113	1171
1113	1222
1113	1240
1113	1305
1113	1318
1113	1336
1113	1337
1113	1358
1113	1393
1113	1409
1113	1431
1113	1466
1114	66
1114	191
1114	339
1114	636
1114	748
1114	1013
1114	1042
1114	1102
1114	1134
1114	1160
1114	1172
1114	1197
1114	1204
1114	1242
1114	1244
1114	1282
1114	1286
1114	1373
1114	1386
1114	1391
1114	1396
1114	1404
1114	1418
1114	1448
1114	1452
1114	1457
1114	1458
1114	1466
1115	16
1115	94
1115	222
1115	399
1115	599
1115	615
1115	655
1115	662
1115	776
1115	781
1115	795
1115	843
1115	960
1115	1049
1115	1074
1115	1141
1115	1285
1115	1301
1115	1316
1115	1332
1115	1352
1115	1375
1115	1422
1115	1432
1115	1443
1115	1448
1115	1456
1115	1482
1116	16
1116	59
1116	319
1116	455
1116	495
1116	607
1116	835
1116	861
1116	883
1116	887
1116	1061
1116	1069
1116	1078
1116	1144
1116	1168
1116	1202
1116	1250
1116	1326
1116	1338
1116	1349
1116	1378
1116	1411
1116	1427
1116	1448
1116	1465
1116	1482
1116	1491
1116	1494
1117	122
1117	161
1117	194
1117	295
1117	397
1117	545
1117	564
1117	565
1117	569
1117	637
1117	666
1117	700
1117	798
1117	933
1117	1053
1117	1054
1117	1073
1117	1135
1117	1155
1117	1205
1117	1220
1117	1248
1117	1279
1117	1300
1117	1361
1117	1406
1117	1414
1117	1467
1118	9
1118	303
1118	427
1118	517
1118	582
1118	733
1118	770
1118	804
1118	1077
1118	1163
1118	1236
1118	1268
1118	1303
1118	1315
1118	1334
1118	1350
1118	1362
1118	1372
1118	1386
1118	1421
1118	1444
1118	1451
1118	1460
1118	1467
1118	1475
1118	1479
1118	1486
1118	1496
1119	33
1119	61
1119	189
1119	360
1119	446
1119	660
1119	690
1119	724
1119	809
1119	810
1119	811
1119	850
1119	881
1119	932
1119	994
1119	1007
1119	1024
1119	1034
1119	1049
1119	1065
1119	1084
1119	1100
1119	1159
1119	1199
1119	1328
1119	1354
1119	1385
1119	1441
1120	392
1120	400
1120	516
1120	519
1120	561
1120	563
1120	642
1120	791
1120	840
1120	1094
1120	1145
1120	1158
1120	1203
1120	1268
1120	1315
1120	1327
1120	1350
1120	1421
1120	1426
1120	1442
1120	1444
1120	1451
1120	1460
1120	1467
1120	1479
1120	1486
1120	1488
1120	1496
1121	146
1121	263
1121	576
1121	598
1121	704
1121	739
1121	941
1121	947
1121	1002
1121	1075
1121	1082
1121	1085
1121	1129
1121	1181
1121	1319
1121	1333
1121	1336
1121	1362
1121	1402
1121	1408
1121	1413
1121	1421
1121	1450
1121	1454
1121	1475
1121	1476
1121	1478
1121	1499
1122	159
1122	162
1122	383
1122	385
1122	584
1122	604
1122	784
1122	795
1122	847
1122	878
1122	995
1122	1031
1122	1099
1122	1163
1122	1230
1122	1243
1122	1294
1122	1366
1122	1374
1122	1380
1122	1431
1122	1433
1122	1434
1122	1445
1122	1449
1122	1471
1122	1473
1122	1488
1123	6
1123	20
1123	63
1123	187
1123	267
1123	386
1123	544
1123	617
1123	715
1123	728
1123	831
1123	836
1123	878
1123	911
1123	913
1123	936
1123	1076
1123	1113
1123	1160
1123	1222
1123	1240
1123	1246
1123	1337
1123	1358
1123	1371
1123	1409
1123	1426
1123	1478
1124	18
1124	150
1124	213
1124	292
1124	498
1124	508
1124	591
1124	718
1124	720
1124	842
1124	874
1124	957
1124	975
1124	1014
1124	1030
1124	1177
1124	1195
1124	1217
1124	1253
1124	1262
1124	1274
1124	1275
1124	1372
1124	1388
1124	1406
1124	1411
1124	1416
1124	1429
1125	283
1125	415
1125	747
1125	782
1125	790
1125	850
1125	916
1125	963
1125	1223
1125	1263
1125	1312
1125	1323
1125	1345
1125	1365
1125	1389
1125	1403
1125	1412
1125	1413
1125	1447
1125	1455
1125	1468
1125	1470
1125	1477
1125	1484
1125	1487
1125	1490
1125	1497
1125	1498
1126	147
1126	161
1126	194
1126	238
1126	301
1126	398
1126	504
1126	545
1126	565
1126	602
1126	674
1126	768
1126	798
1126	837
1126	841
1126	907
1126	1054
1126	1073
1126	1135
1126	1155
1126	1186
1126	1220
1126	1232
1126	1300
1126	1361
1126	1414
1126	1447
1126	1480
1127	32
1127	227
1127	259
1127	271
1127	286
1127	366
1127	389
1127	436
1127	481
1127	600
1127	644
1127	751
1127	783
1127	814
1127	833
1127	872
1127	912
1127	929
1127	971
1127	1079
1127	1150
1127	1207
1127	1248
1127	1285
1127	1401
1127	1415
1127	1440
1127	1446
1128	127
1128	589
1128	617
1128	639
1128	773
1128	792
1128	1035
1128	1043
1128	1105
1128	1132
1128	1153
1128	1176
1128	1177
1128	1180
1128	1208
1128	1226
1128	1231
1128	1288
1128	1304
1128	1338
1128	1349
1128	1358
1128	1364
1128	1382
1128	1400
1128	1431
1128	1494
1128	1498
1129	69
1129	298
1129	403
1129	484
1129	540
1129	598
1129	663
1129	704
1129	728
1129	887
1129	947
1129	1046
1129	1075
1129	1085
1129	1121
1129	1142
1129	1224
1129	1286
1129	1319
1129	1333
1129	1336
1129	1362
1129	1395
1129	1402
1129	1454
1129	1475
1129	1476
1129	1478
1130	115
1130	322
1130	357
1130	438
1130	451
1130	502
1130	592
1130	623
1130	814
1130	820
1130	823
1130	869
1130	892
1130	992
1130	1087
1130	1132
1130	1156
1130	1161
1130	1209
1130	1212
1130	1235
1130	1271
1130	1291
1130	1298
1130	1323
1130	1358
1130	1402
1130	1403
1131	41
1131	70
1131	104
1131	340
1131	393
1131	468
1131	778
1131	801
1131	904
1131	956
1131	1026
1131	1070
1131	1110
1131	1151
1131	1181
1131	1265
1131	1270
1131	1345
1131	1396
1131	1405
1131	1424
1131	1437
1131	1441
1131	1450
1131	1455
1131	1469
1131	1480
1131	1492
1132	255
1132	372
1132	396
1132	445
1132	453
1132	708
1132	948
1132	976
1132	1002
1132	1014
1132	1098
1132	1128
1132	1130
1132	1157
1132	1218
1132	1237
1132	1290
1132	1310
1132	1341
1132	1369
1132	1392
1132	1410
1132	1435
1132	1472
1132	1485
1132	1493
1132	1495
1132	1500
1133	87
1133	145
1133	189
1133	380
1133	629
1133	724
1133	778
1133	811
1133	850
1133	955
1133	1024
1133	1034
1133	1067
1133	1068
1133	1079
1133	1100
1133	1108
1133	1159
1133	1173
1133	1199
1133	1221
1133	1239
1133	1271
1133	1293
1133	1327
1133	1328
1133	1354
1133	1372
1134	48
1134	59
1134	66
1134	198
1134	218
1134	237
1134	638
1134	716
1134	748
1134	819
1134	844
1134	861
1134	938
1134	1114
1134	1172
1134	1204
1134	1242
1134	1259
1134	1272
1134	1322
1134	1373
1134	1391
1134	1404
1134	1432
1134	1437
1134	1457
1134	1458
1134	1466
1135	85
1135	118
1135	238
1135	390
1135	397
1135	398
1135	564
1135	603
1135	700
1135	798
1135	857
1135	862
1135	868
1135	901
1135	915
1135	982
1135	1053
1135	1117
1135	1126
1135	1155
1135	1205
1135	1207
1135	1283
1135	1335
1135	1361
1135	1379
1135	1414
1135	1466
1136	101
1136	281
1136	434
1136	599
1136	647
1136	661
1136	725
1136	748
1136	824
1136	845
1136	943
1136	954
1136	1013
1136	1067
1136	1154
1136	1160
1136	1194
1136	1204
1136	1259
1136	1272
1136	1286
1136	1322
1136	1373
1136	1394
1136	1400
1136	1418
1136	1457
1136	1458
1136	1466
1137	128
1137	509
1137	584
1137	655
1137	673
1137	703
1137	789
1137	914
1137	1069
1137	1081
1137	1140
1137	1144
1137	1167
1137	1194
1137	1250
1137	1283
1137	1305
1137	1326
1137	1344
1137	1349
1137	1378
1137	1393
1137	1427
1137	1465
1137	1481
1137	1482
1137	1491
1137	1494
1137	1500
1138	113
1138	122
1138	265
1138	270
1138	318
1138	375
1138	486
1138	572
1138	585
1138	673
1138	739
1138	905
1138	922
1138	981
1138	993
1138	1020
1138	1036
1138	1089
1138	1096
1138	1192
1138	1198
1138	1215
1138	1334
1138	1363
1138	1420
1138	1436
1138	1452
1138	1463
1138	1475
1139	6
1139	255
1139	298
1139	530
1139	614
1139	693
1139	907
1139	913
1139	919
1139	998
1139	1162
1139	1174
1139	1215
1139	1230
1139	1253
1139	1258
1139	1298
1139	1310
1139	1328
1139	1341
1139	1369
1139	1370
1139	1392
1139	1410
1139	1419
1139	1485
1139	1493
1139	1495
1139	1500
1140	218
1140	391
1140	495
1140	557
1140	574
1140	585
1140	670
1140	694
1140	723
1140	808
1140	861
1140	906
1140	943
1140	948
1140	1137
1140	1168
1140	1295
1140	1305
1140	1324
1140	1326
1140	1378
1140	1389
1140	1393
1140	1427
1140	1481
1140	1482
1140	1491
1140	1494
1140	1495
1141	226
1141	311
1141	321
1141	430
1141	454
1141	494
1141	544
1141	596
1141	608
1141	802
1141	839
1141	877
1141	879
1141	924
1141	939
1141	945
1141	1029
1141	1091
1141	1115
1141	1183
1141	1215
1141	1216
1141	1309
1141	1327
1141	1347
1141	1352
1141	1367
1141	1383
1141	1494
1142	27
1142	244
1142	410
1142	423
1142	540
1142	548
1142	598
1142	633
1142	770
1142	787
1142	935
1142	947
1142	1003
1142	1018
1142	1075
1142	1082
1142	1085
1142	1129
1142	1275
1142	1309
1142	1319
1142	1336
1142	1402
1142	1408
1142	1429
1142	1454
1142	1475
1142	1476
1142	1478
1143	188
1143	310
1143	479
1143	538
1143	616
1143	634
1143	801
1143	886
1143	898
1143	904
1143	932
1143	985
1143	1001
1143	1080
1143	1082
1143	1102
1143	1164
1143	1264
1143	1362
1143	1405
1143	1424
1143	1431
1143	1441
1143	1450
1143	1453
1143	1469
1143	1474
1143	1477
1143	1492
1144	48
1144	128
1144	223
1144	453
1144	584
1144	645
1144	723
1144	724
1144	846
1144	899
1144	1018
1144	1081
1144	1116
1144	1137
1144	1168
1144	1196
1144	1250
1144	1278
1144	1344
1144	1378
1144	1390
1144	1417
1144	1435
1144	1441
1144	1465
1144	1481
1144	1482
1144	1491
1144	1494
1145	24
1145	88
1145	93
1145	134
1145	239
1145	278
1145	312
1145	348
1145	490
1145	496
1145	676
1145	686
1145	737
1145	795
1145	805
1145	812
1145	827
1145	849
1145	851
1145	891
1145	959
1145	968
1145	986
1145	994
1145	1067
1145	1120
1145	1156
1145	1178
1145	1269
1146	335
1146	488
1146	521
1146	693
1146	708
1146	910
1146	913
1146	1000
1146	1162
1146	1174
1146	1192
1146	1218
1146	1257
1146	1258
1146	1341
1146	1355
1146	1361
1146	1369
1146	1392
1146	1410
1146	1419
1146	1448
1146	1457
1146	1461
1146	1472
1146	1485
1146	1488
1146	1493
1146	1500
1147	126
1147	201
1147	460
1147	500
1147	621
1147	639
1147	745
1147	885
1147	888
1147	937
1147	1035
1147	1043
1147	1046
1147	1059
1147	1105
1147	1160
1147	1176
1147	1180
1147	1226
1147	1230
1147	1248
1147	1287
1147	1288
1147	1304
1147	1346
1147	1382
1147	1400
1147	1430
1147	1431
1148	43
1148	70
1148	136
1148	178
1148	185
1148	212
1148	279
1148	311
1148	326
1148	802
1148	871
1148	904
1148	1080
1148	1102
1148	1164
1148	1230
1148	1260
1148	1264
1148	1369
1148	1391
1148	1424
1148	1441
1148	1450
1148	1455
1148	1469
1148	1474
1148	1480
1148	1492
1148	1497
1149	203
1149	474
1149	514
1149	530
1149	682
1149	710
1149	747
1149	848
1149	870
1149	880
1149	903
1149	970
1149	996
1149	1006
1149	1030
1149	1043
1149	1082
1149	1166
1149	1290
1149	1324
1149	1329
1149	1348
1149	1356
1149	1360
1149	1366
1149	1368
1149	1371
1149	1395
1149	1498
1150	4
1150	163
1150	379
1150	402
1150	420
1150	483
1150	515
1150	529
1150	555
1150	579
1150	590
1150	644
1150	696
1150	788
1150	826
1150	833
1150	855
1150	872
1150	912
1150	971
1150	1079
1150	1127
1150	1391
1150	1401
1150	1415
1150	1425
1150	1440
1150	1446
1150	1449
1151	178
1151	182
1151	252
1151	253
1151	310
1151	346
1151	445
1151	527
1151	538
1151	857
1151	886
1151	996
1151	1001
1151	1068
1151	1102
1151	1131
1151	1152
1151	1164
1151	1170
1151	1181
1151	1373
1151	1405
1151	1437
1151	1441
1151	1453
1151	1455
1151	1474
1151	1480
1151	1499
1152	68
1152	244
1152	307
1152	333
1152	339
1152	381
1152	609
1152	860
1152	938
1152	954
1152	1044
1152	1077
1152	1151
1152	1160
1152	1172
1152	1204
1152	1213
1152	1214
1152	1259
1152	1272
1152	1282
1152	1290
1152	1322
1152	1386
1152	1394
1152	1404
1152	1418
1152	1420
1152	1457
1153	131
1153	486
1153	617
1153	624
1153	639
1153	715
1153	773
1153	888
1153	1035
1153	1043
1153	1046
1153	1059
1153	1105
1153	1128
1153	1180
1153	1195
1153	1232
1153	1287
1153	1288
1153	1304
1153	1338
1153	1340
1153	1364
1153	1400
1153	1427
1153	1431
1153	1450
1153	1486
1153	1488
1154	243
1154	349
1154	350
1154	445
1154	468
1154	632
1154	636
1154	755
1154	757
1154	834
1154	931
1154	954
1154	1077
1154	1097
1154	1107
1154	1136
1154	1160
1154	1172
1154	1186
1154	1200
1154	1272
1154	1322
1154	1386
1154	1391
1154	1404
1154	1418
1154	1457
1154	1458
1154	1466
1155	250
1155	295
1155	351
1155	390
1155	398
1155	405
1155	602
1155	622
1155	768
1155	796
1155	798
1155	901
1155	1054
1155	1073
1155	1101
1155	1117
1155	1126
1155	1135
1155	1205
1155	1220
1155	1232
1155	1279
1155	1300
1155	1310
1155	1361
1155	1388
1155	1414
1155	1442
1155	1482
1156	24
1156	45
1156	65
1156	88
1156	91
1156	114
1156	278
1156	306
1156	312
1156	485
1156	528
1156	577
1156	629
1156	677
1156	795
1156	805
1156	827
1156	844
1156	871
1156	891
1156	986
1156	1130
1156	1145
1156	1178
1156	1269
1156	1395
1156	1400
1156	1487
1156	1494
1157	53
1157	141
1157	308
1157	315
1157	393
1157	448
1157	477
1157	532
1157	536
1157	549
1157	563
1157	568
1157	575
1157	666
1157	815
1157	990
1157	991
1157	1077
1157	1091
1157	1109
1157	1132
1157	1168
1157	1228
1157	1249
1157	1274
1157	1277
1157	1297
1157	1447
1157	1493
1158	150
1158	249
1158	360
1158	369
1158	395
1158	581
1158	610
1158	615
1158	632
1158	646
1158	650
1158	817
1158	897
1158	988
1158	993
1158	994
1158	1027
1158	1064
1158	1076
1158	1086
1158	1120
1158	1182
1158	1188
1158	1229
1158	1260
1158	1261
1158	1266
1158	1288
1158	1347
1158	1451
1159	19
1159	82
1159	172
1159	174
1159	512
1159	519
1159	690
1159	724
1159	767
1159	955
1159	1007
1159	1024
1159	1034
1159	1044
1159	1067
1159	1068
1159	1075
1159	1078
1159	1100
1159	1119
1159	1133
1159	1164
1159	1199
1159	1221
1159	1278
1159	1327
1159	1328
1159	1354
1159	1410
1159	1442
1160	92
1160	434
1160	465
1160	475
1160	725
1160	735
1160	845
1160	862
1160	931
1160	938
1160	954
1160	1031
1160	1107
1160	1114
1160	1123
1160	1136
1160	1147
1160	1152
1160	1154
1160	1172
1160	1214
1160	1282
1160	1294
1160	1373
1160	1386
1160	1394
1160	1418
1160	1457
1160	1477
1160	1478
1161	71
1161	115
1161	190
1161	234
1161	277
1161	552
1161	571
1161	689
1161	765
1161	802
1161	814
1161	820
1161	824
1161	867
1161	892
1161	918
1161	1087
1161	1102
1161	1130
1161	1212
1161	1229
1161	1235
1161	1239
1161	1271
1161	1301
1161	1323
1161	1397
1161	1403
1161	1421
1161	1484
1162	36
1162	372
1162	570
1162	673
1162	689
1162	738
1162	805
1162	910
1162	911
1162	937
1162	969
1162	1049
1162	1058
1162	1098
1162	1139
1162	1146
1162	1192
1162	1229
1162	1309
1162	1310
1162	1369
1162	1370
1162	1392
1162	1442
1162	1466
1162	1471
1162	1472
1162	1488
1162	1493
1162	1495
1163	156
1163	303
1163	335
1163	368
1163	427
1163	478
1163	582
1163	685
1163	730
1163	752
1163	1118
1163	1122
1163	1166
1163	1186
1163	1211
1163	1236
1163	1303
1163	1315
1163	1388
1163	1421
1163	1425
1163	1426
1163	1442
1163	1451
1163	1467
1163	1479
1163	1485
1163	1486
1163	1488
1163	1496
1164	84
1164	168
1164	463
1164	529
1164	600
1164	801
1164	816
1164	829
1164	830
1164	1143
1164	1148
1164	1151
1164	1159
1164	1181
1164	1197
1164	1257
1164	1264
1164	1266
1164	1270
1164	1276
1164	1395
1164	1405
1164	1441
1164	1450
1164	1455
1164	1469
1164	1474
1164	1480
1164	1481
1164	1492
1165	29
1165	157
1165	457
1165	550
1165	629
1165	699
1165	834
1165	854
1165	884
1165	950
1165	965
1165	1063
1165	1079
1165	1262
1165	1267
1165	1268
1165	1273
1165	1317
1165	1357
1165	1385
1165	1390
1165	1439
1165	1461
1165	1463
1165	1464
1165	1465
1165	1474
1165	1483
1165	1489
1165	1499
1166	80
1166	106
1166	499
1166	514
1166	671
1166	678
1166	682
1166	755
1166	827
1166	848
1166	880
1166	973
1166	996
1166	1030
1166	1149
1166	1163
1166	1215
1166	1290
1166	1312
1166	1324
1166	1329
1166	1356
1166	1360
1166	1366
1166	1368
1166	1371
1166	1395
1166	1416
1166	1467
1166	1495
1167	10
1167	55
1167	363
1167	510
1167	525
1167	578
1167	712
1167	764
1167	769
1167	898
1167	900
1167	944
1167	981
1167	1042
1167	1045
1167	1051
1167	1107
1167	1110
1167	1137
1167	1241
1167	1251
1167	1339
1167	1346
1167	1373
1167	1384
1167	1389
1167	1398
1167	1421
1167	1435
1167	1488
1168	64
1168	263
1168	479
1168	585
1168	607
1168	694
1168	758
1168	775
1168	1021
1168	1053
1168	1116
1168	1140
1168	1144
1168	1157
1168	1202
1168	1207
1168	1210
1168	1250
1168	1305
1168	1344
1168	1377
1168	1378
1168	1393
1168	1412
1168	1423
1168	1455
1168	1465
1168	1481
1168	1491
1168	1494
1169	26
1169	179
1169	265
1169	296
1169	522
1169	710
1169	776
1169	781
1169	853
1169	871
1169	962
1169	1004
1169	1033
1169	1039
1169	1049
1169	1057
1169	1090
1169	1093
1169	1112
1169	1183
1169	1217
1169	1227
1169	1260
1169	1285
1169	1292
1169	1316
1169	1422
1169	1432
1169	1448
1169	1491
1170	23
1170	136
1170	152
1170	168
1170	228
1170	279
1170	340
1170	463
1170	468
1170	491
1170	753
1170	871
1170	923
1170	1001
1170	1080
1170	1151
1170	1264
1170	1336
1170	1405
1170	1437
1170	1441
1170	1450
1170	1455
1170	1463
1170	1469
1170	1474
1170	1480
1170	1484
1170	1485
1170	1494
1171	40
1171	104
1171	148
1171	192
1171	404
1171	440
1171	488
1171	497
1171	531
1171	593
1171	702
1171	722
1171	757
1171	789
1171	949
1171	952
1171	966
1171	1020
1171	1032
1171	1113
1171	1186
1171	1233
1171	1279
1171	1323
1171	1335
1171	1375
1171	1423
1171	1425
1171	1446
1171	1465
1172	230
1172	307
1172	337
1172	339
1172	361
1172	609
1172	735
1172	839
1172	864
1172	940
1172	953
1172	984
1172	990
1172	994
1172	1114
1172	1134
1172	1152
1172	1154
1172	1160
1172	1186
1172	1191
1172	1195
1172	1204
1172	1311
1172	1331
1172	1394
1172	1404
1172	1418
1172	1439
1172	1458
1173	278
1173	422
1173	583
1173	611
1173	771
1173	921
1173	963
1173	980
1173	1009
1173	1051
1173	1133
1173	1201
1173	1223
1173	1227
1173	1263
1173	1299
1173	1345
1173	1386
1173	1396
1173	1412
1173	1413
1173	1430
1173	1447
1173	1452
1173	1468
1173	1470
1173	1484
1173	1487
1173	1490
1173	1498
1174	286
1174	370
1174	458
1174	488
1174	492
1174	524
1174	570
1174	608
1174	761
1174	907
1174	919
1174	976
1174	1139
1174	1146
1174	1237
1174	1263
1174	1265
1174	1310
1174	1341
1174	1377
1174	1392
1174	1407
1174	1410
1174	1419
1174	1449
1174	1465
1174	1472
1174	1485
1174	1493
1174	1495
1174	1500
1175	54
1175	207
1175	245
1175	352
1175	421
1175	544
1175	729
1175	768
1175	787
1175	818
1175	846
1175	863
1175	876
1175	957
1175	978
1175	1011
1175	1095
1175	1207
1175	1220
1175	1234
1175	1245
1175	1247
1175	1295
1175	1296
1175	1306
1175	1311
1175	1330
1175	1353
1175	1368
1175	1412
1175	1473
1176	127
1176	173
1176	201
1176	286
1176	484
1176	486
1176	500
1176	558
1176	706
1176	885
1176	928
1176	936
1176	1035
1176	1046
1176	1059
1176	1105
1176	1128
1176	1147
1176	1195
1176	1222
1176	1226
1176	1287
1176	1288
1176	1302
1176	1304
1176	1364
1176	1382
1176	1387
1176	1400
1176	1431
1176	1491
1177	296
1177	381
1177	439
1177	476
1177	498
1177	503
1177	508
1177	673
1177	718
1177	720
1177	852
1177	869
1177	895
1177	974
1177	1009
1177	1031
1177	1047
1177	1124
1177	1128
1177	1179
1177	1217
1177	1253
1177	1317
1177	1388
1177	1399
1177	1411
1177	1416
1177	1429
1177	1432
1177	1438
1177	1482
1178	45
1178	65
1178	88
1178	91
1178	93
1178	116
1178	195
1178	269
1178	306
1178	312
1178	405
1178	485
1178	536
1178	640
1178	677
1178	795
1178	812
1178	827
1178	891
1178	968
1178	986
1178	1145
1178	1156
1178	1246
1178	1261
1178	1269
1178	1366
1178	1386
1178	1389
1178	1465
1178	1474
1179	123
1179	292
1179	379
1179	439
1179	503
1179	507
1179	718
1179	720
1179	763
1179	842
1179	852
1179	874
1179	974
1179	983
1179	1009
1179	1014
1179	1034
1179	1057
1179	1177
1179	1253
1179	1262
1179	1318
1179	1340
1179	1388
1179	1406
1179	1411
1179	1416
1179	1417
1179	1429
1179	1448
1179	1478
1180	276
1180	589
1180	647
1180	773
1180	888
1180	1015
1180	1035
1180	1043
1180	1046
1180	1105
1180	1128
1180	1147
1180	1153
1180	1189
1180	1195
1180	1226
1180	1230
1180	1259
1180	1282
1180	1287
1180	1288
1180	1304
1180	1338
1180	1364
1180	1382
1180	1390
1180	1393
1180	1400
1180	1415
1180	1431
1180	1489
1181	136
1181	140
1181	252
1181	422
1181	468
1181	527
1181	616
1181	731
1181	801
1181	878
1181	956
1181	1092
1181	1121
1181	1131
1181	1151
1181	1164
1181	1264
1181	1270
1181	1276
1181	1357
1181	1358
1181	1396
1181	1437
1181	1441
1181	1450
1181	1452
1181	1455
1181	1469
1181	1474
1181	1492
1181	1497
1182	150
1182	177
1182	312
1182	349
1182	360
1182	369
1182	394
1182	535
1182	559
1182	610
1182	619
1182	646
1182	650
1182	659
1182	817
1182	845
1182	897
1182	920
1182	977
1182	994
1182	1027
1182	1064
1182	1086
1182	1091
1182	1158
1182	1188
1182	1304
1182	1376
1182	1380
1182	1494
1182	1499
1183	8
1183	226
1183	332
1183	534
1183	608
1183	624
1183	643
1183	649
1183	651
1183	775
1183	935
1183	937
1183	945
1183	970
1183	1029
1183	1062
1183	1141
1183	1169
1183	1191
1183	1216
1183	1238
1183	1294
1183	1296
1183	1307
1183	1309
1183	1328
1183	1347
1183	1352
1183	1367
1183	1383
1183	1468
1184	1
1184	140
1184	347
1184	701
1184	790
1184	841
1184	950
1184	964
1184	1040
1184	1063
1184	1072
1184	1083
1184	1097
1184	1102
1184	1109
1184	1209
1184	1267
1184	1281
1184	1307
1184	1317
1184	1342
1184	1385
1184	1390
1184	1439
1184	1449
1184	1458
1184	1475
1184	1483
1184	1489
1184	1497
1184	1499
1185	243
1185	364
1185	378
1185	749
1185	917
1185	929
1185	930
1185	961
1185	1017
1185	1040
1185	1061
1185	1066
1185	1072
1185	1102
1185	1111
1185	1210
1185	1212
1185	1213
1185	1219
1185	1233
1185	1255
1185	1293
1185	1325
1185	1329
1185	1343
1185	1348
1185	1377
1185	1381
1185	1393
1185	1460
1185	1491
1186	206
1186	361
1186	382
1186	609
1186	622
1186	675
1186	844
1186	903
1186	931
1186	940
1186	990
1186	1027
1186	1077
1186	1107
1186	1126
1186	1154
1186	1163
1186	1171
1186	1172
1186	1200
1186	1214
1186	1222
1186	1259
1186	1282
1186	1363
1186	1391
1186	1394
1186	1418
1186	1457
1186	1458
1186	1466
1187	78
1187	132
1187	230
1187	258
1187	369
1187	403
1187	440
1187	478
1187	524
1187	722
1187	740
1187	757
1187	789
1187	805
1187	873
1187	888
1187	915
1187	949
1187	952
1187	959
1187	961
1187	966
1187	1032
1187	1037
1187	1056
1187	1279
1187	1335
1187	1354
1187	1375
1187	1423
1187	1425
1188	145
1188	150
1188	163
1188	249
1188	360
1188	394
1188	395
1188	411
1188	528
1188	535
1188	559
1188	581
1188	601
1188	615
1188	619
1188	632
1188	650
1188	659
1188	665
1188	709
1188	988
1188	994
1188	1027
1188	1076
1188	1086
1188	1093
1188	1107
1188	1158
1188	1182
1188	1210
1188	1476
1189	175
1189	308
1189	501
1189	524
1189	750
1189	759
1189	783
1189	989
1189	1084
1189	1102
1189	1180
1189	1190
1189	1197
1189	1227
1189	1266
1189	1280
1189	1284
1189	1294
1189	1355
1189	1359
1189	1372
1189	1374
1189	1386
1189	1387
1189	1405
1189	1433
1189	1434
1189	1449
1189	1473
1189	1488
1189	1498
1190	251
1190	534
1190	676
1190	686
1190	688
1190	750
1190	787
1190	807
1190	810
1190	867
1190	878
1190	989
1190	995
1190	1005
1190	1019
1190	1099
1190	1189
1190	1227
1190	1242
1190	1266
1190	1280
1190	1358
1190	1359
1190	1374
1190	1385
1190	1387
1190	1433
1190	1445
1190	1449
1190	1473
1190	1488
1191	23
1191	75
1191	222
1191	288
1191	321
1191	332
1191	454
1191	510
1191	534
1191	619
1191	649
1191	675
1191	877
1191	939
1191	993
1191	1000
1191	1091
1191	1172
1191	1183
1191	1216
1191	1238
1191	1281
1191	1307
1191	1309
1191	1347
1191	1352
1191	1367
1191	1383
1191	1419
1191	1443
1191	1485
1191	1494
1192	217
1192	286
1192	344
1192	370
1192	569
1192	634
1192	666
1192	736
1192	937
1192	1058
1192	1074
1192	1082
1192	1138
1192	1146
1192	1162
1192	1211
1192	1217
1192	1258
1192	1265
1192	1298
1192	1310
1192	1320
1192	1324
1192	1341
1192	1369
1192	1370
1192	1410
1192	1419
1192	1472
1192	1493
1192	1495
1192	1500
1193	79
1193	83
1193	98
1193	204
1193	273
1193	316
1193	493
1193	554
1193	661
1193	696
1193	703
1193	734
1193	742
1193	759
1193	799
1193	879
1193	936
1193	983
1193	1015
1193	1016
1193	1055
1193	1108
1193	1206
1193	1242
1193	1254
1193	1283
1193	1292
1193	1301
1193	1302
1193	1320
1193	1403
1193	1420
1194	48
1194	68
1194	243
1194	361
1194	676
1194	695
1194	725
1194	822
1194	828
1194	844
1194	845
1194	864
1194	888
1194	903
1194	940
1194	980
1194	1136
1194	1137
1194	1242
1194	1263
1194	1268
1194	1272
1194	1282
1194	1315
1194	1322
1194	1373
1194	1386
1194	1391
1194	1394
1194	1457
1194	1458
1194	1466
1195	127
1195	131
1195	169
1195	173
1195	201
1195	293
1195	500
1195	600
1195	617
1195	706
1195	773
1195	885
1195	1039
1195	1059
1195	1105
1195	1124
1195	1153
1195	1172
1195	1176
1195	1180
1195	1204
1195	1260
1195	1287
1195	1288
1195	1304
1195	1338
1195	1364
1195	1378
1195	1393
1195	1400
1195	1431
1195	1455
1196	81
1196	159
1196	392
1196	402
1196	470
1196	481
1196	515
1196	535
1196	590
1196	600
1196	635
1196	648
1196	696
1196	815
1196	855
1196	872
1196	893
1196	900
1196	960
1196	964
1196	971
1196	1088
1196	1144
1196	1207
1196	1248
1196	1267
1196	1276
1196	1384
1196	1415
1196	1440
1196	1446
1196	1467
1197	166
1197	330
1197	333
1197	451
1197	750
1197	816
1197	842
1197	989
1197	995
1197	1028
1197	1056
1197	1099
1197	1114
1197	1164
1197	1189
1197	1227
1197	1243
1197	1294
1197	1313
1197	1318
1197	1355
1197	1359
1197	1369
1197	1387
1197	1434
1197	1445
1197	1449
1197	1471
1197	1473
1197	1481
1197	1488
1197	1499
1198	49
1198	58
1198	97
1198	248
1198	542
1198	632
1198	647
1198	706
1198	711
1198	739
1198	744
1198	779
1198	819
1198	841
1198	881
1198	902
1198	993
1198	1089
1198	1096
1198	1104
1198	1138
1198	1206
1198	1224
1198	1274
1198	1324
1198	1344
1198	1363
1198	1369
1198	1420
1198	1436
1198	1452
1198	1463
1199	12
1199	158
1199	174
1199	380
1199	446
1199	512
1199	606
1199	660
1199	689
1199	724
1199	762
1199	811
1199	821
1199	955
1199	960
1199	1007
1199	1024
1199	1034
1199	1044
1199	1053
1199	1065
1199	1067
1199	1119
1199	1133
1199	1159
1199	1254
1199	1327
1199	1328
1199	1354
1199	1383
1199	1477
1199	1481
1200	66
1200	71
1200	170
1200	401
1200	438
1200	534
1200	681
1200	828
1200	844
1200	903
1200	938
1200	940
1200	954
1200	1054
1200	1105
1200	1107
1200	1154
1200	1186
1200	1204
1200	1272
1200	1282
1200	1322
1200	1329
1200	1332
1200	1379
1200	1386
1200	1391
1200	1404
1200	1418
1200	1457
1200	1466
1200	1489
1201	162
1201	176
1201	278
1201	470
1201	587
1201	616
1201	676
1201	777
1201	790
1201	812
1201	963
1201	980
1201	1051
1201	1062
1201	1065
1201	1173
1201	1233
1201	1263
1201	1278
1201	1299
1201	1345
1201	1365
1201	1401
1201	1407
1201	1412
1201	1413
1201	1430
1201	1447
1201	1464
1201	1468
1201	1477
1201	1487
1202	38
1202	119
1202	223
1202	502
1202	530
1202	584
1202	726
1202	883
1202	899
1202	906
1202	967
1202	1018
1202	1116
1202	1168
1202	1224
1202	1250
1202	1256
1202	1296
1202	1305
1202	1326
1202	1339
1202	1349
1202	1378
1202	1393
1202	1421
1202	1427
1202	1448
1202	1465
1202	1467
1202	1481
1202	1491
1202	1494
1203	104
1203	120
1203	268
1203	504
1203	519
1203	541
1203	545
1203	594
1203	766
1203	806
1203	895
1203	928
1203	942
1203	1020
1203	1022
1203	1120
1203	1224
1203	1236
1203	1268
1203	1285
1203	1303
1203	1315
1203	1372
1203	1420
1203	1421
1203	1438
1203	1442
1203	1451
1203	1460
1203	1467
1203	1479
1203	1486
1203	1496
1204	17
1204	97
1204	243
1204	401
1204	609
1204	636
1204	677
1204	725
1204	735
1204	746
1204	864
1204	940
1204	982
1204	1077
1204	1098
1204	1114
1204	1134
1204	1136
1204	1152
1204	1172
1204	1195
1204	1200
1204	1230
1204	1263
1204	1282
1204	1288
1204	1322
1204	1386
1204	1404
1204	1418
1204	1420
1204	1457
1204	1466
1205	220
1205	355
1205	363
1205	397
1205	406
1205	531
1205	545
1205	622
1205	638
1205	768
1205	798
1205	826
1205	857
1205	865
1205	868
1205	901
1205	912
1205	954
1205	1016
1205	1053
1205	1073
1205	1117
1205	1135
1205	1155
1205	1220
1205	1232
1205	1243
1205	1264
1205	1300
1205	1359
1205	1414
1205	1464
1205	1498
1206	79
1206	98
1206	273
1206	316
1206	323
1206	444
1206	487
1206	493
1206	522
1206	628
1206	661
1206	703
1206	742
1206	835
1206	890
1206	959
1206	1006
1206	1014
1206	1015
1206	1016
1206	1050
1206	1055
1206	1193
1206	1198
1206	1228
1206	1254
1206	1267
1206	1283
1206	1302
1206	1320
1206	1322
1206	1384
1206	1424
1207	81
1207	84
1207	119
1207	133
1207	159
1207	271
1207	341
1207	383
1207	392
1207	402
1207	424
1207	481
1207	555
1207	642
1207	644
1207	815
1207	855
1207	912
1207	960
1207	971
1207	1079
1207	1127
1207	1135
1207	1168
1207	1175
1207	1196
1207	1364
1207	1401
1207	1415
1207	1432
1207	1440
1207	1445
1207	1446
1208	37
1208	123
1208	172
1208	186
1208	232
1208	240
1208	277
1208	367
1208	480
1208	569
1208	598
1208	684
1208	726
1208	778
1208	858
1208	908
1208	925
1208	1002
1208	1005
1208	1033
1208	1088
1208	1094
1208	1128
1208	1252
1208	1313
1208	1321
1208	1376
1208	1390
1208	1391
1208	1448
1208	1468
1208	1483
1208	1486
1209	5
1209	129
1209	247
1209	282
1209	297
1209	424
1209	517
1209	583
1209	773
1209	854
1209	870
1209	964
1209	965
1209	984
1209	999
1209	1027
1209	1039
1209	1083
1209	1097
1209	1130
1209	1184
1209	1342
1209	1346
1209	1349
1209	1353
1209	1385
1209	1428
1209	1439
1209	1463
1209	1464
1209	1489
1209	1497
1209	1499
1210	29
1210	291
1210	357
1210	378
1210	437
1210	561
1210	597
1210	749
1210	859
1210	917
1210	929
1210	930
1210	961
1210	1061
1210	1066
1210	1111
1210	1168
1210	1185
1210	1188
1210	1219
1210	1233
1210	1282
1210	1293
1210	1300
1210	1316
1210	1325
1210	1343
1210	1359
1210	1377
1210	1381
1210	1385
1210	1429
1210	1450
1211	82
1211	85
1211	205
1211	471
1211	481
1211	516
1211	566
1211	654
1211	668
1211	687
1211	694
1211	767
1211	806
1211	808
1211	933
1211	1022
1211	1163
1211	1192
1211	1236
1211	1268
1211	1277
1211	1315
1211	1350
1211	1421
1211	1426
1211	1442
1211	1444
1211	1451
1211	1460
1211	1467
1211	1479
1211	1486
1211	1496
1212	29
1212	106
1212	142
1212	152
1212	275
1212	320
1212	357
1212	371
1212	543
1212	552
1212	579
1212	765
1212	820
1212	824
1212	867
1212	869
1212	918
1212	992
1212	1090
1212	1130
1212	1161
1212	1185
1212	1235
1212	1271
1212	1291
1212	1323
1212	1397
1212	1403
1212	1460
1212	1466
1212	1471
1212	1481
1212	1487
1213	183
1213	252
1213	410
1213	426
1213	474
1213	561
1213	749
1213	859
1213	917
1213	929
1213	930
1213	951
1213	961
1213	1061
1213	1066
1213	1076
1213	1152
1213	1185
1213	1219
1213	1233
1213	1255
1213	1293
1213	1325
1213	1343
1213	1348
1213	1377
1213	1381
1213	1386
1213	1423
1213	1436
1213	1457
1213	1476
1213	1488
1214	66
1214	92
1214	116
1214	191
1214	195
1214	243
1214	244
1214	284
1214	397
1214	434
1214	700
1214	735
1214	940
1214	990
1214	1013
1214	1085
1214	1152
1214	1160
1214	1186
1214	1242
1214	1259
1214	1282
1214	1317
1214	1318
1214	1352
1214	1373
1214	1378
1214	1386
1214	1418
1214	1457
1214	1458
1214	1466
1214	1482
1215	7
1215	49
1215	58
1215	63
1215	72
1215	219
1215	264
1215	475
1215	476
1215	542
1215	647
1215	726
1215	741
1215	744
1215	869
1215	881
1215	890
1215	902
1215	905
1215	1076
1215	1096
1215	1104
1215	1138
1215	1139
1215	1141
1215	1166
1215	1334
1215	1363
1215	1378
1215	1420
1215	1436
1215	1452
1215	1469
1216	8
1216	23
1216	73
1216	188
1216	226
1216	321
1216	430
1216	494
1216	534
1216	542
1216	604
1216	675
1216	775
1216	935
1216	945
1216	953
1216	974
1216	995
1216	1029
1216	1091
1216	1108
1216	1141
1216	1183
1216	1191
1216	1238
1216	1267
1216	1307
1216	1310
1216	1347
1216	1352
1216	1367
1216	1383
1216	1412
1217	32
1217	292
1217	381
1217	439
1217	443
1217	498
1217	507
1217	547
1217	551
1217	718
1217	763
1217	934
1217	974
1217	983
1217	1008
1217	1009
1217	1031
1217	1053
1217	1124
1217	1169
1217	1177
1217	1192
1217	1232
1217	1253
1217	1262
1217	1275
1217	1288
1217	1366
1217	1388
1217	1399
1217	1400
1217	1429
1217	1431
1217	1486
1218	227
1218	330
1218	461
1218	623
1218	677
1218	738
1218	844
1218	913
1218	919
1218	937
1218	963
1218	976
1218	1025
1218	1058
1218	1068
1218	1098
1218	1132
1218	1146
1218	1229
1218	1237
1218	1263
1218	1265
1218	1294
1218	1310
1218	1341
1218	1369
1218	1370
1218	1410
1218	1419
1218	1478
1218	1485
1218	1486
1218	1495
1218	1500
1219	29
1219	205
1219	339
1219	376
1219	417
1219	426
1219	437
1219	474
1219	688
1219	749
1219	769
1219	859
1219	930
1219	961
1219	1017
1219	1061
1219	1066
1219	1111
1219	1185
1219	1210
1219	1213
1219	1220
1219	1233
1219	1237
1219	1241
1219	1255
1219	1293
1219	1325
1219	1343
1219	1348
1219	1365
1219	1377
1219	1390
1219	1443
1220	79
1220	109
1220	132
1220	147
1220	188
1220	194
1220	426
1220	501
1220	531
1220	564
1220	565
1220	622
1220	700
1220	825
1220	826
1220	845
1220	862
1220	868
1220	901
1220	925
1220	1053
1220	1073
1220	1117
1220	1126
1220	1155
1220	1175
1220	1205
1220	1219
1220	1232
1220	1300
1220	1361
1220	1414
1220	1461
1220	1470
1221	16
1221	28
1221	61
1221	174
1221	193
1221	209
1221	446
1221	492
1221	512
1221	646
1221	660
1221	690
1221	754
1221	762
1221	810
1221	811
1221	850
1221	877
1221	931
1221	955
1221	1034
1221	1044
1221	1065
1221	1133
1221	1159
1221	1239
1221	1260
1221	1322
1221	1327
1221	1328
1221	1354
1221	1415
1221	1456
1221	1479
1222	35
1222	107
1222	129
1222	183
1222	216
1222	311
1222	313
1222	539
1222	544
1222	560
1222	626
1222	627
1222	715
1222	728
1222	780
1222	831
1222	890
1222	924
1222	936
1222	1005
1222	1071
1222	1113
1222	1123
1222	1176
1222	1186
1222	1240
1222	1246
1222	1281
1222	1318
1222	1337
1222	1358
1222	1409
1222	1470
1222	1483
1223	329
1223	439
1223	503
1223	513
1223	520
1223	587
1223	601
1223	738
1223	963
1223	980
1223	1014
1223	1125
1223	1173
1223	1251
1223	1271
1223	1278
1223	1299
1223	1312
1223	1345
1223	1350
1223	1365
1223	1389
1223	1396
1223	1407
1223	1412
1223	1413
1223	1430
1223	1447
1223	1456
1223	1470
1223	1477
1223	1484
1223	1487
1223	1498
1224	2
1224	26
1224	125
1224	353
1224	441
1224	522
1224	541
1224	620
1224	736
1224	788
1224	851
1224	882
1224	946
1224	979
1224	997
1224	1036
1224	1049
1224	1057
1224	1060
1224	1074
1224	1129
1224	1198
1224	1202
1224	1203
1224	1285
1224	1292
1224	1299
1224	1301
1224	1314
1224	1379
1224	1410
1224	1422
1224	1432
1224	1448
1225	186
1225	199
1225	241
1225	266
1225	628
1225	721
1225	732
1225	782
1225	793
1225	804
1225	827
1225	837
1225	840
1225	887
1225	914
1225	928
1225	940
1225	943
1225	951
1225	985
1225	999
1225	1008
1225	1244
1225	1256
1225	1257
1225	1286
1225	1289
1225	1314
1225	1339
1225	1351
1225	1438
1225	1459
1225	1462
1225	1499
1226	131
1226	173
1226	276
1226	277
1226	486
1226	589
1226	639
1226	745
1226	792
1226	794
1226	864
1226	865
1226	885
1226	888
1226	1046
1226	1059
1226	1060
1226	1105
1226	1128
1226	1147
1226	1176
1226	1180
1226	1243
1226	1284
1226	1288
1226	1300
1226	1304
1226	1338
1226	1364
1226	1382
1226	1400
1226	1431
1226	1452
1226	1475
1227	309
1227	566
1227	674
1227	787
1227	847
1227	878
1227	894
1227	908
1227	995
1227	1037
1227	1169
1227	1173
1227	1189
1227	1190
1227	1197
1227	1230
1227	1243
1227	1276
1227	1284
1227	1294
1227	1299
1227	1314
1227	1343
1227	1355
1227	1359
1227	1374
1227	1387
1227	1417
1227	1433
1227	1434
1227	1469
1227	1471
1227	1473
1227	1488
1228	53
1228	89
1228	241
1228	308
1228	315
1228	350
1228	440
1228	448
1228	477
1228	532
1228	536
1228	549
1228	563
1228	573
1228	575
1228	666
1228	668
1228	822
1228	848
1228	852
1228	915
1228	991
1228	1000
1228	1036
1228	1109
1228	1157
1228	1206
1228	1249
1228	1274
1228	1277
1228	1297
1228	1298
1228	1303
1228	1405
1229	217
1229	351
1229	472
1229	521
1229	543
1229	673
1229	761
1229	913
1229	919
1229	928
1229	976
1229	1013
1229	1158
1229	1161
1229	1162
1229	1218
1229	1237
1229	1258
1229	1265
1229	1290
1229	1298
1229	1310
1229	1313
1229	1321
1229	1360
1229	1370
1229	1376
1229	1392
1229	1410
1229	1419
1229	1472
1229	1485
1229	1493
1229	1500
1230	60
1230	247
1230	251
1230	405
1230	580
1230	787
1230	871
1230	894
1230	995
1230	1023
1230	1063
1230	1122
1230	1139
1230	1147
1230	1148
1230	1180
1230	1204
1230	1227
1230	1239
1230	1266
1230	1280
1230	1294
1230	1373
1230	1374
1230	1380
1230	1417
1230	1433
1230	1434
1230	1445
1230	1447
1230	1449
1230	1471
1230	1473
1230	1488
1231	44
1231	51
1231	178
1231	208
1231	282
1231	377
1231	409
1231	467
1231	469
1231	564
1231	627
1231	634
1231	875
1231	977
1231	999
1231	1063
1231	1128
1231	1261
1231	1267
1231	1276
1231	1317
1231	1332
1231	1342
1231	1357
1231	1385
1231	1439
1231	1444
1231	1461
1231	1463
1231	1464
1231	1483
1231	1489
1231	1497
1231	1499
1232	38
1232	54
1232	85
1232	109
1232	147
1232	161
1232	220
1232	238
1232	355
1232	359
1232	398
1232	464
1232	491
1232	530
1232	635
1232	752
1232	768
1232	796
1232	825
1232	826
1232	857
1232	862
1232	865
1232	1073
1232	1126
1232	1153
1232	1155
1232	1205
1232	1217
1232	1220
1232	1300
1232	1352
1232	1361
1232	1414
1232	1428
1233	47
1233	322
1233	376
1233	417
1233	561
1233	597
1233	603
1233	693
1233	784
1233	906
1233	917
1233	929
1233	930
1233	961
1233	1017
1233	1040
1233	1061
1233	1065
1233	1097
1233	1111
1233	1171
1233	1185
1233	1201
1233	1210
1233	1213
1233	1219
1233	1255
1233	1267
1233	1293
1233	1325
1233	1327
1233	1343
1233	1348
1233	1377
1233	1381
1234	11
1234	80
1234	102
1234	165
1234	207
1234	217
1234	260
1234	349
1234	421
1234	429
1234	550
1234	557
1234	729
1234	818
1234	863
1234	884
1234	909
1234	978
1234	1011
1234	1042
1234	1083
1234	1095
1234	1098
1234	1175
1234	1245
1234	1247
1234	1295
1234	1296
1234	1306
1234	1311
1234	1330
1234	1340
1234	1353
1234	1365
1234	1464
1235	106
1235	300
1235	320
1235	341
1235	347
1235	427
1235	543
1235	571
1235	607
1235	623
1235	651
1235	689
1235	765
1235	803
1235	814
1235	820
1235	824
1235	867
1235	869
1235	872
1235	892
1235	1007
1235	1035
1235	1103
1235	1130
1235	1161
1235	1212
1235	1271
1235	1291
1235	1323
1235	1327
1235	1397
1235	1403
1235	1424
1235	1470
1236	292
1236	368
1236	550
1236	582
1236	588
1236	642
1236	719
1236	837
1236	840
1236	843
1236	942
1236	1091
1236	1118
1236	1163
1236	1203
1236	1211
1236	1243
1236	1254
1236	1268
1236	1315
1236	1332
1236	1350
1236	1372
1236	1421
1236	1426
1236	1434
1236	1442
1236	1444
1236	1450
1236	1451
1236	1460
1236	1467
1236	1479
1236	1486
1236	1497
1237	167
1237	266
1237	338
1237	521
1237	587
1237	613
1237	634
1237	680
1237	761
1237	848
1237	907
1237	913
1237	919
1237	969
1237	1016
1237	1078
1237	1132
1237	1174
1237	1218
1237	1219
1237	1229
1237	1258
1237	1262
1237	1265
1237	1369
1237	1392
1237	1410
1237	1419
1237	1421
1237	1456
1237	1472
1237	1485
1237	1493
1237	1495
1237	1500
1238	8
1238	197
1238	332
1238	454
1238	494
1238	596
1238	643
1238	652
1238	675
1238	694
1238	775
1238	839
1238	854
1238	869
1238	877
1238	931
1238	935
1238	939
1238	945
1238	966
1238	982
1238	1029
1238	1091
1238	1183
1238	1191
1238	1216
1238	1248
1238	1295
1238	1307
1238	1309
1238	1352
1238	1367
1238	1383
1238	1392
1238	1493
1239	19
1239	31
1239	256
1239	380
1239	431
1239	446
1239	463
1239	466
1239	477
1239	492
1239	512
1239	660
1239	715
1239	751
1239	767
1239	809
1239	810
1239	811
1239	863
1239	955
1239	1007
1239	1024
1239	1067
1239	1068
1239	1100
1239	1133
1239	1161
1239	1221
1239	1230
1239	1260
1239	1321
1239	1327
1239	1328
1239	1354
1239	1480
1240	20
1240	35
1240	109
1240	168
1240	187
1240	225
1240	267
1240	305
1240	311
1240	386
1240	454
1240	495
1240	560
1240	589
1240	621
1240	627
1240	715
1240	728
1240	780
1240	831
1240	936
1240	956
1240	1038
1240	1070
1240	1071
1240	1096
1240	1113
1240	1123
1240	1222
1240	1318
1240	1320
1240	1337
1240	1358
1240	1389
1240	1423
1241	90
1241	160
1241	211
1241	261
1241	290
1241	327
1241	358
1241	397
1241	469
1241	578
1241	631
1241	652
1241	697
1241	712
1241	734
1241	769
1241	876
1241	898
1241	981
1241	1042
1241	1045
1241	1167
1241	1219
1241	1251
1241	1271
1241	1274
1241	1331
1241	1333
1241	1346
1241	1361
1241	1384
1241	1398
1241	1404
1241	1435
1241	1500
1242	47
1242	48
1242	71
1242	361
1242	401
1242	501
1242	636
1242	694
1242	725
1242	813
1242	819
1242	836
1242	864
1242	938
1242	953
1242	1013
1242	1107
1242	1114
1242	1134
1242	1190
1242	1193
1242	1194
1242	1214
1242	1259
1242	1282
1242	1297
1242	1322
1242	1363
1242	1373
1242	1386
1242	1394
1242	1404
1242	1457
1242	1458
1242	1469
1242	1486
1243	86
1243	112
1243	113
1243	309
1243	324
1243	567
1243	588
1243	698
1243	748
1243	755
1243	896
1243	995
1243	1023
1243	1028
1243	1084
1243	1122
1243	1197
1243	1205
1243	1226
1243	1227
1243	1236
1243	1266
1243	1280
1243	1284
1243	1285
1243	1294
1243	1380
1243	1403
1243	1417
1243	1427
1243	1445
1243	1449
1243	1465
1243	1471
1243	1473
1243	1488
1244	5
1244	171
1244	199
1244	279
1244	285
1244	354
1244	371
1244	566
1244	730
1244	753
1244	779
1244	782
1244	797
1244	804
1244	832
1244	839
1244	903
1244	958
1244	985
1244	1008
1244	1038
1244	1041
1244	1052
1244	1114
1244	1225
1244	1257
1244	1286
1244	1289
1244	1314
1244	1340
1244	1351
1244	1377
1244	1383
1244	1438
1244	1440
1244	1459
1245	11
1245	14
1245	54
1245	95
1245	100
1245	102
1245	115
1245	129
1245	207
1245	550
1245	729
1245	774
1245	818
1245	863
1245	873
1245	909
1245	957
1245	960
1245	978
1245	1011
1245	1073
1245	1095
1245	1175
1245	1234
1245	1247
1245	1295
1245	1296
1245	1306
1245	1311
1245	1326
1245	1330
1245	1353
1245	1392
1245	1445
1245	1478
1245	1490
1246	57
1246	63
1246	225
1246	246
1246	267
1246	399
1246	505
1246	531
1246	560
1246	613
1246	621
1246	626
1246	627
1246	692
1246	695
1246	715
1246	728
1246	780
1246	831
1246	836
1246	936
1246	1070
1246	1071
1246	1079
1246	1123
1246	1178
1246	1222
1246	1318
1246	1337
1246	1341
1246	1358
1246	1370
1246	1382
1246	1409
1246	1434
1246	1439
1247	54
1247	95
1247	100
1247	126
1247	245
1247	260
1247	421
1247	429
1247	505
1247	557
1247	623
1247	635
1247	682
1247	729
1247	781
1247	799
1247	818
1247	838
1247	863
1247	909
1247	957
1247	978
1247	1011
1247	1095
1247	1175
1247	1234
1247	1245
1247	1295
1247	1296
1247	1306
1247	1311
1247	1330
1247	1353
1247	1381
1247	1388
1247	1474
1248	4
1248	119
1248	159
1248	163
1248	259
1248	299
1248	366
1248	389
1248	395
1248	420
1248	424
1248	502
1248	579
1248	600
1248	648
1248	696
1248	751
1248	773
1248	815
1248	893
1248	960
1248	971
1248	973
1248	1079
1248	1080
1248	1117
1248	1127
1248	1147
1248	1196
1248	1238
1248	1401
1248	1415
1248	1440
1248	1446
1248	1461
1248	1462
1249	53
1249	89
1249	131
1249	141
1249	234
1249	308
1249	315
1249	393
1249	477
1249	532
1249	536
1249	549
1249	563
1249	568
1249	573
1249	575
1249	666
1249	668
1249	770
1249	774
1249	811
1249	822
1249	1097
1249	1109
1249	1157
1249	1228
1249	1274
1249	1277
1249	1294
1249	1297
1249	1329
1249	1366
1249	1415
1249	1418
1249	1420
1249	1459
1250	69
1250	330
1250	343
1250	345
1250	532
1250	585
1250	625
1250	645
1250	717
1250	723
1250	757
1250	835
1250	838
1250	887
1250	899
1250	934
1250	1018
1250	1021
1250	1069
1250	1110
1250	1116
1250	1137
1250	1144
1250	1168
1250	1202
1250	1325
1250	1344
1250	1349
1250	1359
1250	1393
1250	1427
1250	1452
1250	1465
1250	1468
1250	1482
1250	1488
1250	1491
1251	55
1251	187
1251	189
1251	211
1251	235
1251	261
1251	290
1251	327
1251	442
1251	542
1251	605
1251	652
1251	657
1251	697
1251	712
1251	785
1251	824
1251	876
1251	898
1251	900
1251	944
1251	981
1251	1042
1251	1045
1251	1101
1251	1167
1251	1223
1251	1241
1251	1254
1251	1283
1251	1331
1251	1346
1251	1384
1251	1398
1251	1403
1251	1421
1251	1435
1252	15
1252	25
1252	37
1252	46
1252	131
1252	172
1252	231
1252	367
1252	514
1252	641
1252	653
1252	684
1252	711
1252	772
1252	778
1252	830
1252	838
1252	860
1252	908
1252	925
1252	987
1252	1002
1252	1005
1252	1078
1252	1088
1252	1091
1252	1094
1252	1104
1252	1208
1252	1290
1252	1308
1252	1313
1252	1321
1252	1376
1252	1464
1252	1482
1252	1490
1253	27
1253	30
1253	32
1253	153
1253	162
1253	419
1253	503
1253	507
1253	591
1253	690
1253	718
1253	720
1253	800
1253	842
1253	974
1253	980
1253	1002
1253	1014
1253	1031
1253	1047
1253	1056
1253	1124
1253	1139
1253	1177
1253	1179
1253	1217
1253	1275
1253	1281
1253	1388
1253	1399
1253	1406
1253	1408
1253	1411
1253	1416
1253	1421
1253	1429
1253	1444
1254	79
1254	204
1254	273
1254	314
1254	316
1254	323
1254	366
1254	436
1254	444
1254	493
1254	539
1254	661
1254	703
1254	742
1254	759
1254	787
1254	799
1254	879
1254	890
1254	959
1254	1006
1254	1016
1254	1050
1254	1055
1254	1108
1254	1193
1254	1199
1254	1206
1254	1236
1254	1251
1254	1283
1254	1302
1254	1320
1254	1337
1254	1391
1254	1399
1254	1468
1255	29
1255	47
1255	86
1255	111
1255	378
1255	410
1255	426
1255	437
1255	454
1255	474
1255	784
1255	929
1255	930
1255	947
1255	961
1255	1017
1255	1040
1255	1061
1255	1066
1255	1087
1255	1111
1255	1185
1255	1213
1255	1219
1255	1233
1255	1271
1255	1293
1255	1325
1255	1343
1255	1348
1255	1367
1255	1377
1255	1381
1255	1455
1255	1457
1255	1486
1255	1490
1256	336
1256	347
1256	353
1256	441
1256	461
1256	485
1256	518
1256	522
1256	539
1256	562
1256	609
1256	660
1256	700
1256	722
1256	776
1256	820
1256	897
1256	946
1256	962
1256	997
1256	1004
1256	1039
1256	1049
1256	1060
1256	1093
1256	1103
1256	1112
1256	1202
1256	1225
1256	1301
1256	1316
1256	1379
1256	1431
1256	1432
1256	1443
1256	1448
1256	1468
1257	117
1257	362
1257	510
1257	637
1257	732
1257	753
1257	779
1257	786
1257	804
1257	825
1257	837
1257	914
1257	943
1257	950
1257	958
1257	1008
1257	1038
1257	1044
1257	1052
1257	1146
1257	1164
1257	1225
1257	1244
1257	1286
1257	1289
1257	1305
1257	1334
1257	1339
1257	1340
1257	1351
1257	1356
1257	1366
1257	1438
1257	1459
1257	1462
1257	1472
1257	1486
1258	32
1258	153
1258	167
1258	344
1258	358
1258	370
1258	445
1258	472
1258	673
1258	880
1258	908
1258	948
1258	953
1258	958
1258	969
1258	1025
1258	1058
1258	1139
1258	1146
1258	1192
1258	1229
1258	1237
1258	1265
1258	1298
1258	1328
1258	1335
1258	1370
1258	1392
1258	1410
1258	1419
1258	1426
1258	1472
1258	1485
1258	1489
1258	1493
1258	1495
1258	1500
1259	84
1259	306
1259	344
1259	401
1259	412
1259	432
1259	465
1259	716
1259	725
1259	735
1259	746
1259	748
1259	819
1259	938
1259	951
1259	990
1259	1013
1259	1069
1259	1107
1259	1134
1259	1136
1259	1152
1259	1180
1259	1186
1259	1214
1259	1242
1259	1272
1259	1282
1259	1322
1259	1391
1259	1394
1259	1404
1259	1418
1259	1457
1259	1464
1259	1466
1259	1468
1260	12
1260	19
1260	61
1260	145
1260	189
1260	209
1260	256
1260	431
1260	456
1260	482
1260	492
1260	500
1260	512
1260	690
1260	762
1260	809
1260	810
1260	811
1260	955
1260	1007
1260	1024
1260	1065
1260	1067
1260	1068
1260	1089
1260	1148
1260	1158
1260	1169
1260	1195
1260	1221
1260	1239
1260	1270
1260	1291
1260	1327
1260	1328
1260	1354
1260	1389
1261	45
1261	56
1261	88
1261	91
1261	116
1261	134
1261	155
1261	210
1261	278
1261	306
1261	312
1261	394
1261	429
1261	485
1261	490
1261	629
1261	640
1261	677
1261	737
1261	795
1261	805
1261	812
1261	817
1261	827
1261	891
1261	968
1261	986
1261	1158
1261	1178
1261	1231
1261	1269
1261	1345
1261	1436
1261	1447
1261	1451
1261	1460
1261	1464
1262	13
1262	32
1262	126
1262	153
1262	287
1262	292
1262	439
1262	507
1262	551
1262	720
1262	800
1262	842
1262	874
1262	934
1262	974
1262	983
1262	1002
1262	1031
1262	1047
1262	1067
1262	1095
1262	1124
1262	1165
1262	1179
1262	1217
1262	1237
1262	1275
1262	1293
1262	1388
1262	1393
1262	1399
1262	1406
1262	1411
1262	1416
1262	1422
1262	1429
1262	1491
1263	242
1263	553
1263	587
1263	810
1263	823
1263	828
1263	916
1263	1043
1263	1048
1263	1062
1263	1093
1263	1099
1263	1125
1263	1173
1263	1174
1263	1194
1263	1201
1263	1204
1263	1218
1263	1282
1263	1299
1263	1345
1263	1365
1263	1368
1263	1389
1263	1396
1263	1407
1263	1412
1263	1413
1263	1430
1263	1447
1263	1470
1263	1477
1263	1478
1263	1487
1263	1490
1263	1498
1264	133
1264	184
1264	212
1264	232
1264	340
1264	473
1264	511
1264	538
1264	616
1264	718
1264	743
1264	830
1264	856
1264	915
1264	923
1264	1001
1264	1011
1264	1026
1264	1062
1264	1143
1264	1148
1264	1164
1264	1170
1264	1181
1264	1205
1264	1270
1264	1276
1264	1279
1264	1304
1264	1399
1264	1424
1264	1437
1264	1441
1264	1450
1264	1453
1264	1455
1264	1474
1264	1480
1265	7
1265	92
1265	217
1265	351
1265	385
1265	412
1265	472
1265	488
1265	586
1265	664
1265	753
1265	890
1265	948
1265	969
1265	976
1265	1033
1265	1053
1265	1058
1265	1091
1265	1131
1265	1174
1265	1192
1265	1218
1265	1229
1265	1237
1265	1258
1265	1282
1265	1339
1265	1341
1265	1369
1265	1370
1265	1410
1265	1419
1265	1472
1265	1485
1265	1493
1265	1495
1265	1500
1266	135
1266	147
1266	162
1266	189
1266	227
1266	257
1266	755
1266	807
1266	816
1266	878
1266	1084
1266	1099
1266	1158
1266	1164
1266	1189
1266	1190
1266	1230
1266	1243
1266	1280
1266	1284
1266	1294
1266	1307
1266	1355
1266	1374
1266	1380
1266	1416
1266	1417
1266	1433
1266	1434
1266	1438
1266	1443
1266	1444
1266	1445
1266	1449
1266	1471
1266	1473
1266	1488
1266	1493
1267	160
1267	208
1267	347
1267	349
1267	460
1267	467
1267	482
1267	572
1267	658
1267	701
1267	747
1267	795
1267	834
1267	849
1267	854
1267	875
1267	999
1267	1097
1267	1165
1267	1184
1267	1196
1267	1206
1267	1216
1267	1231
1267	1233
1267	1273
1267	1305
1267	1317
1267	1385
1267	1402
1267	1428
1267	1463
1267	1483
1267	1487
1267	1489
1267	1497
1267	1498
1267	1499
1268	66
1268	175
1268	516
1268	519
1268	599
1268	685
1268	707
1268	733
1268	752
1268	766
1268	791
1268	833
1268	998
1268	1022
1268	1118
1268	1120
1268	1165
1268	1194
1268	1203
1268	1211
1268	1236
1268	1303
1268	1315
1268	1350
1268	1362
1268	1372
1268	1401
1268	1421
1268	1426
1268	1430
1268	1442
1268	1444
1268	1460
1268	1462
1268	1470
1268	1479
1268	1486
1268	1496
1269	40
1269	45
1269	56
1269	65
1269	88
1269	91
1269	93
1269	114
1269	155
1269	210
1269	278
1269	306
1269	312
1269	348
1269	485
1269	490
1269	574
1269	677
1269	696
1269	737
1269	805
1269	812
1269	827
1269	850
1269	891
1269	975
1269	986
1269	1028
1269	1052
1269	1145
1269	1156
1269	1178
1269	1261
1269	1329
1269	1350
1269	1459
1269	1477
1269	1481
1270	8
1270	168
1270	182
1270	255
1270	281
1270	299
1270	468
1270	504
1270	511
1270	538
1270	669
1270	725
1270	829
1270	886
1270	904
1270	906
1270	923
1270	932
1270	1112
1270	1131
1270	1164
1270	1181
1270	1260
1270	1264
1270	1276
1270	1307
1270	1405
1270	1424
1270	1429
1270	1437
1270	1441
1270	1450
1270	1453
1270	1455
1270	1469
1270	1474
1270	1480
1270	1484
1270	1492
1271	3
1271	115
1271	142
1271	320
1271	322
1271	543
1271	571
1271	592
1271	623
1271	689
1271	765
1271	803
1271	814
1271	820
1271	824
1271	869
1271	892
1271	992
1271	1068
1271	1087
1271	1130
1271	1133
1271	1161
1271	1212
1271	1223
1271	1235
1271	1241
1271	1255
1271	1291
1271	1320
1271	1323
1271	1337
1271	1382
1271	1397
1271	1403
1271	1412
1271	1424
1271	1460
1271	1493
1272	66
1272	216
1272	249
1272	361
1272	434
1272	716
1272	717
1272	725
1272	756
1272	819
1272	824
1272	845
1272	864
1272	940
1272	953
1272	975
1272	1013
1272	1077
1272	1100
1272	1134
1272	1136
1272	1152
1272	1154
1272	1194
1272	1200
1272	1259
1272	1282
1272	1301
1272	1306
1272	1324
1272	1338
1272	1386
1272	1404
1272	1418
1272	1448
1272	1457
1272	1458
1272	1466
1272	1487
1273	96
1273	129
1273	149
1273	230
1273	347
1273	407
1273	409
1273	816
1273	830
1273	834
1273	849
1273	851
1273	854
1273	870
1273	905
1273	966
1273	999
1273	1072
1273	1083
1273	1097
1273	1109
1273	1111
1273	1165
1273	1267
1273	1281
1273	1317
1273	1342
1273	1357
1273	1385
1273	1424
1273	1430
1273	1439
1273	1463
1273	1464
1273	1478
1273	1483
1273	1489
1273	1497
1273	1499
1274	53
1274	89
1274	141
1274	234
1274	241
1274	308
1274	315
1274	350
1274	393
1274	448
1274	477
1274	532
1274	536
1274	563
1274	568
1274	573
1274	575
1274	666
1274	668
1274	774
1274	822
1274	926
1274	960
1274	991
1274	1109
1274	1124
1274	1157
1274	1198
1274	1228
1274	1241
1274	1249
1274	1277
1274	1297
1274	1341
1274	1364
1274	1380
1274	1429
1274	1455
1274	1476
1275	10
1275	139
1275	153
1275	268
1275	292
1275	381
1275	425
1275	503
1275	508
1275	547
1275	565
1275	718
1275	808
1275	842
1275	852
1275	874
1275	895
1275	934
1275	940
1275	973
1275	974
1275	983
1275	1009
1275	1014
1275	1047
1275	1124
1275	1142
1275	1217
1275	1253
1275	1262
1275	1388
1275	1399
1275	1406
1275	1408
1275	1411
1275	1416
1275	1418
1275	1461
1275	1500
1276	17
1276	27
1276	133
1276	228
1276	281
1276	299
1276	422
1276	473
1276	680
1276	731
1276	759
1276	801
1276	871
1276	878
1276	927
1276	1005
1276	1026
1276	1102
1276	1164
1276	1181
1276	1196
1276	1227
1276	1231
1276	1264
1276	1270
1276	1314
1276	1317
1276	1324
1276	1345
1276	1357
1276	1405
1276	1424
1276	1437
1276	1450
1276	1453
1276	1455
1276	1474
1276	1490
1276	1492
1277	30
1277	53
1277	89
1277	141
1277	234
1277	241
1277	282
1277	308
1277	315
1277	350
1277	393
1277	448
1277	532
1277	536
1277	549
1277	563
1277	568
1277	573
1277	575
1277	666
1277	668
1277	756
1277	774
1277	822
1277	838
1277	880
1277	991
1277	1050
1277	1067
1277	1109
1277	1157
1277	1211
1277	1228
1277	1249
1277	1274
1277	1297
1277	1447
1277	1470
1277	1494
1278	107
1278	175
1278	289
1278	373
1278	388
1278	456
1278	457
1278	630
1278	738
1278	790
1278	813
1278	857
1278	916
1278	963
1278	1012
1278	1048
1278	1144
1278	1159
1278	1201
1278	1223
1278	1312
1278	1346
1278	1365
1278	1377
1278	1396
1278	1398
1278	1400
1278	1407
1278	1412
1278	1413
1278	1430
1278	1436
1278	1447
1278	1468
1278	1470
1278	1472
1278	1477
1278	1487
1278	1498
1279	192
1279	213
1279	230
1279	404
1279	418
1279	524
1279	583
1279	593
1279	618
1279	687
1279	722
1279	740
1279	756
1279	757
1279	789
1279	873
1279	915
1279	924
1279	949
1279	952
1279	966
1279	1012
1279	1032
1279	1037
1279	1056
1279	1070
1279	1117
1279	1155
1279	1171
1279	1187
1279	1264
1279	1294
1279	1354
1279	1364
1279	1375
1279	1423
1279	1425
1279	1488
1279	1500
1280	166
1280	247
1280	269
1280	275
1280	285
1280	299
1280	306
1280	328
1280	333
1280	395
1280	518
1280	567
1280	686
1280	750
1280	755
1280	787
1280	835
1280	881
1280	889
1280	1072
1280	1084
1280	1189
1280	1190
1280	1230
1280	1243
1280	1266
1280	1296
1280	1355
1280	1359
1280	1385
1280	1387
1280	1417
1280	1433
1280	1434
1280	1445
1280	1449
1280	1452
1280	1471
1280	1488
1281	74
1281	129
1281	247
1281	320
1281	382
1281	401
1281	452
1281	467
1281	482
1281	517
1281	638
1281	747
1281	875
1281	884
1281	964
1281	977
1281	1064
1281	1072
1281	1083
1281	1097
1281	1184
1281	1191
1281	1222
1281	1253
1281	1273
1281	1317
1281	1322
1281	1332
1281	1342
1281	1357
1281	1390
1281	1421
1281	1428
1281	1439
1281	1464
1281	1489
1281	1491
1281	1496
1281	1497
1281	1499
1282	170
1282	191
1282	203
1282	206
1282	229
1282	284
1282	478
1282	550
1282	609
1282	716
1282	735
1282	867
1282	903
1282	940
1282	954
1282	975
1282	983
1282	1114
1282	1152
1282	1160
1282	1180
1282	1186
1282	1194
1282	1200
1282	1204
1282	1210
1282	1214
1282	1242
1282	1259
1282	1263
1282	1265
1282	1272
1282	1334
1282	1373
1282	1386
1282	1391
1282	1429
1282	1457
1282	1466
1282	1482
1283	98
1283	170
1283	273
1283	314
1283	316
1283	323
1283	444
1283	463
1283	487
1283	493
1283	661
1283	703
1283	705
1283	742
1283	759
1283	789
1283	799
1283	879
1283	890
1283	959
1283	1006
1283	1015
1283	1016
1283	1020
1283	1050
1283	1055
1283	1108
1283	1135
1283	1137
1283	1193
1283	1206
1283	1251
1283	1254
1283	1294
1283	1295
1283	1302
1283	1320
1283	1379
1283	1401
1283	1437
1284	60
1284	82
1284	96
1284	284
1284	355
1284	405
1284	556
1284	580
1284	586
1284	674
1284	755
1284	787
1284	814
1284	878
1284	889
1284	1004
1284	1015
1284	1023
1284	1028
1284	1084
1284	1099
1284	1189
1284	1226
1284	1227
1284	1243
1284	1266
1284	1330
1284	1355
1284	1359
1284	1374
1284	1380
1284	1387
1284	1399
1284	1417
1284	1428
1284	1430
1284	1445
1284	1449
1284	1473
1284	1488
1285	2
1285	59
1285	92
1285	262
1285	296
1285	412
1285	461
1285	506
1285	518
1285	577
1285	583
1285	721
1285	729
1285	776
1285	781
1285	788
1285	792
1285	851
1285	882
1285	946
1285	947
1285	979
1285	997
1285	1004
1285	1112
1285	1115
1285	1127
1285	1169
1285	1203
1285	1224
1285	1243
1285	1292
1285	1316
1285	1332
1285	1379
1285	1401
1285	1404
1285	1443
1285	1448
1285	1456
1286	5
1286	10
1286	163
1286	186
1286	215
1286	302
1286	343
1286	354
1286	365
1286	593
1286	732
1286	764
1286	782
1286	793
1286	797
1286	832
1286	951
1286	958
1286	1008
1286	1041
1286	1052
1286	1055
1286	1079
1286	1114
1286	1129
1286	1136
1286	1225
1286	1244
1286	1257
1286	1289
1286	1314
1286	1339
1286	1340
1286	1351
1286	1380
1286	1438
1286	1459
1286	1462
1286	1470
1286	1476
1287	154
1287	176
1287	201
1287	276
1287	290
1287	295
1287	305
1287	360
1287	377
1287	386
1287	404
1287	414
1287	486
1287	500
1287	589
1287	639
1287	745
1287	773
1287	885
1287	888
1287	1035
1287	1043
1287	1046
1287	1059
1287	1105
1287	1147
1287	1153
1287	1176
1287	1180
1287	1195
1287	1291
1287	1304
1287	1338
1287	1351
1287	1364
1287	1382
1287	1400
1287	1431
1287	1471
1287	1479
1288	144
1288	169
1288	219
1288	262
1288	377
1288	500
1288	509
1288	589
1288	617
1288	639
1288	745
1288	773
1288	792
1288	803
1288	885
1288	928
1288	1007
1288	1035
1288	1043
1288	1046
1288	1059
1288	1128
1288	1147
1288	1153
1288	1158
1288	1176
1288	1180
1288	1195
1288	1204
1288	1217
1288	1226
1288	1304
1288	1314
1288	1326
1288	1338
1288	1343
1288	1382
1288	1400
1288	1431
1288	1496
1289	81
1289	86
1289	101
1289	105
1289	117
1289	122
1289	186
1289	235
1289	302
1289	358
1289	362
1289	365
1289	510
1289	543
1289	628
1289	727
1289	732
1289	784
1289	804
1289	832
1289	837
1289	943
1289	951
1289	991
1289	1008
1289	1038
1289	1080
1289	1225
1289	1244
1289	1257
1289	1286
1289	1314
1289	1339
1289	1351
1289	1376
1289	1384
1289	1438
1289	1459
1289	1462
1289	1490
1290	13
1290	31
1290	42
1290	80
1290	118
1290	237
1290	342
1290	419
1290	436
1290	491
1290	499
1290	530
1290	566
1290	660
1290	671
1290	682
1290	707
1290	710
1290	848
1290	970
1290	973
1290	1019
1290	1030
1290	1106
1290	1132
1290	1149
1290	1152
1290	1166
1290	1229
1290	1252
1290	1319
1290	1324
1290	1329
1290	1356
1290	1360
1290	1361
1290	1366
1290	1368
1290	1374
1290	1395
1291	3
1291	96
1291	142
1291	190
1291	208
1291	214
1291	300
1291	322
1291	371
1291	438
1291	447
1291	552
1291	571
1291	592
1291	623
1291	689
1291	765
1291	802
1291	803
1291	814
1291	867
1291	918
1291	992
1291	993
1291	1071
1291	1087
1291	1090
1291	1096
1291	1130
1291	1212
1291	1235
1291	1260
1291	1271
1291	1287
1291	1315
1291	1323
1291	1397
1291	1403
1291	1462
1291	1488
1292	124
1292	179
1292	223
1292	399
1292	461
1292	522
1292	599
1292	645
1292	687
1292	788
1292	879
1292	882
1292	932
1292	962
1292	979
1292	997
1292	1003
1292	1010
1292	1014
1292	1023
1292	1037
1292	1090
1292	1103
1292	1112
1292	1169
1292	1193
1292	1224
1292	1285
1292	1316
1292	1332
1292	1334
1292	1379
1292	1414
1292	1422
1292	1432
1292	1443
1292	1448
1292	1451
1292	1456
1292	1484
1293	47
1293	291
1293	337
1293	376
1293	410
1293	417
1293	418
1293	437
1293	597
1293	612
1293	662
1293	723
1293	749
1293	784
1293	796
1293	858
1293	859
1293	917
1293	930
1293	961
1293	1040
1293	1061
1293	1066
1293	1111
1293	1133
1293	1185
1293	1210
1293	1213
1293	1219
1293	1233
1293	1255
1293	1262
1293	1325
1293	1343
1293	1348
1293	1377
1293	1381
1293	1454
1293	1457
1293	1500
1294	113
1294	253
1294	333
1294	523
1294	556
1294	609
1294	783
1294	889
1294	896
1294	989
1294	995
1294	1028
1294	1042
1294	1072
1294	1099
1294	1122
1294	1160
1294	1183
1294	1189
1294	1197
1294	1218
1294	1227
1294	1230
1294	1243
1294	1249
1294	1266
1294	1279
1294	1283
1294	1323
1294	1355
1294	1359
1294	1374
1294	1380
1294	1387
1294	1417
1294	1433
1294	1434
1294	1449
1294	1473
1294	1488
1295	14
1295	95
1295	165
1295	207
1295	245
1295	260
1295	352
1295	421
1295	429
1295	550
1295	557
1295	680
1295	695
1295	729
1295	818
1295	831
1295	863
1295	909
1295	957
1295	978
1295	1011
1295	1046
1295	1054
1295	1095
1295	1140
1295	1175
1295	1234
1295	1238
1295	1245
1295	1247
1295	1283
1295	1296
1295	1306
1295	1311
1295	1330
1295	1353
1295	1373
1295	1446
1295	1450
1295	1490
1296	11
1296	74
1296	95
1296	100
1296	102
1296	165
1296	207
1296	260
1296	352
1296	413
1296	421
1296	453
1296	481
1296	508
1296	550
1296	557
1296	729
1296	818
1296	845
1296	863
1296	909
1296	957
1296	978
1296	1011
1296	1095
1296	1175
1296	1183
1296	1202
1296	1234
1296	1245
1296	1247
1296	1280
1296	1295
1296	1306
1296	1311
1296	1327
1296	1330
1296	1353
1296	1437
1296	1438
1297	53
1297	89
1297	141
1297	234
1297	241
1297	308
1297	315
1297	339
1297	350
1297	448
1297	477
1297	532
1297	536
1297	549
1297	563
1297	568
1297	573
1297	575
1297	666
1297	668
1297	706
1297	725
1297	774
1297	822
1297	952
1297	991
1297	1011
1297	1093
1297	1109
1297	1157
1297	1228
1297	1242
1297	1249
1297	1274
1297	1277
1297	1370
1297	1406
1297	1426
1297	1459
1297	1499
1298	261
1298	266
1298	286
1298	344
1298	351
1298	364
1298	370
1298	447
1298	650
1298	761
1298	794
1298	910
1298	919
1298	937
1298	978
1298	1025
1298	1098
1298	1103
1298	1130
1298	1139
1298	1192
1298	1228
1298	1229
1298	1258
1298	1303
1298	1341
1298	1347
1298	1356
1298	1369
1298	1392
1298	1410
1298	1419
1298	1432
1298	1459
1298	1461
1298	1472
1298	1485
1298	1493
1298	1495
1298	1500
1299	107
1299	130
1299	298
1299	346
1299	387
1299	396
1299	413
1299	416
1299	611
1299	696
1299	746
1299	771
1299	786
1299	790
1299	807
1299	813
1299	853
1299	963
1299	1012
1299	1071
1299	1083
1299	1112
1299	1173
1299	1201
1299	1223
1299	1224
1299	1227
1299	1263
1299	1365
1299	1389
1299	1396
1299	1407
1299	1412
1299	1413
1299	1430
1299	1447
1299	1450
1299	1468
1299	1477
1299	1487
1299	1498
1300	9
1300	75
1300	109
1300	194
1300	238
1300	301
1300	390
1300	398
1300	531
1300	564
1300	565
1300	602
1300	622
1300	700
1300	768
1300	796
1300	798
1300	812
1300	826
1300	854
1300	857
1300	862
1300	865
1300	868
1300	1053
1300	1054
1300	1073
1300	1099
1300	1117
1300	1126
1300	1155
1300	1205
1300	1210
1300	1220
1300	1226
1300	1232
1300	1306
1300	1321
1300	1370
1300	1414
1300	1445
1301	16
1301	34
1301	124
1301	169
1301	336
1301	441
1301	461
1301	534
1301	539
1301	570
1301	676
1301	721
1301	747
1301	781
1301	843
1301	853
1301	882
1301	932
1301	950
1301	975
1301	1004
1301	1010
1301	1049
1301	1060
1301	1074
1301	1090
1301	1096
1301	1103
1301	1112
1301	1115
1301	1161
1301	1193
1301	1224
1301	1256
1301	1272
1301	1332
1301	1422
1301	1432
1301	1448
1301	1456
1301	1475
1302	38
1302	41
1302	79
1302	83
1302	98
1302	110
1302	173
1302	204
1302	273
1302	276
1302	314
1302	444
1302	487
1302	493
1302	531
1302	661
1302	674
1302	703
1302	742
1302	759
1302	799
1302	837
1302	879
1302	889
1302	890
1302	956
1302	959
1302	1006
1302	1015
1302	1016
1302	1050
1302	1055
1302	1103
1302	1108
1302	1176
1302	1193
1302	1206
1302	1254
1302	1283
1302	1320
1302	1467
1303	146
1303	185
1303	205
1303	319
1303	335
1303	368
1303	380
1303	417
1303	420
1303	427
1303	432
1303	458
1303	466
1303	654
1303	656
1303	719
1303	754
1303	791
1303	840
1303	942
1303	1012
1303	1101
1303	1118
1303	1163
1303	1203
1303	1228
1303	1268
1303	1298
1303	1315
1303	1321
1303	1350
1303	1366
1303	1387
1303	1416
1303	1421
1303	1426
1303	1442
1303	1451
1303	1460
1303	1489
1303	1496
1304	127
1304	169
1304	184
1304	201
1304	224
1304	262
1304	285
1304	293
1304	439
1304	617
1304	745
1304	773
1304	792
1304	797
1304	860
1304	885
1304	888
1304	889
1304	1035
1304	1043
1304	1080
1304	1105
1304	1128
1304	1147
1304	1153
1304	1176
1304	1180
1304	1182
1304	1195
1304	1226
1304	1264
1304	1287
1304	1288
1304	1338
1304	1364
1304	1382
1304	1400
1304	1421
1304	1431
1304	1459
1304	1466
1305	39
1305	64
1305	110
1305	398
1305	451
1305	585
1305	645
1305	670
1305	726
1305	736
1305	743
1305	760
1305	808
1305	835
1305	838
1305	844
1305	847
1305	887
1305	899
1305	967
1305	1113
1305	1137
1305	1140
1305	1168
1305	1202
1305	1257
1305	1267
1305	1326
1305	1339
1305	1344
1305	1347
1305	1378
1305	1393
1305	1416
1305	1427
1305	1465
1305	1481
1305	1482
1305	1491
1305	1492
1305	1494
1306	11
1306	14
1306	54
1306	100
1306	165
1306	194
1306	195
1306	207
1306	245
1306	352
1306	421
1306	429
1306	443
1306	550
1306	557
1306	654
1306	729
1306	818
1306	832
1306	853
1306	863
1306	909
1306	957
1306	978
1306	1011
1306	1095
1306	1175
1306	1234
1306	1245
1306	1247
1306	1272
1306	1295
1306	1296
1306	1300
1306	1311
1306	1318
1306	1330
1306	1338
1306	1352
1306	1353
1306	1490
1307	8
1307	73
1307	75
1307	101
1307	197
1307	288
1307	321
1307	332
1307	362
1307	430
1307	494
1307	534
1307	596
1307	603
1307	608
1307	643
1307	675
1307	825
1307	877
1307	891
1307	935
1307	939
1307	946
1307	1000
1307	1029
1307	1077
1307	1183
1307	1184
1307	1191
1307	1216
1307	1238
1307	1266
1307	1270
1307	1309
1307	1334
1307	1347
1307	1352
1307	1367
1307	1378
1307	1383
1307	1429
1308	25
1308	46
1308	172
1308	231
1308	232
1308	240
1308	277
1308	361
1308	367
1308	396
1308	414
1308	480
1308	519
1308	521
1308	569
1308	653
1308	684
1308	772
1308	778
1308	858
1308	860
1308	908
1308	925
1308	983
1308	987
1308	1002
1308	1005
1308	1078
1308	1088
1308	1094
1308	1252
1308	1313
1308	1321
1308	1330
1308	1363
1308	1376
1308	1385
1308	1409
1308	1475
1308	1487
1308	1497
1309	197
1309	198
1309	226
1309	288
1309	326
1309	332
1309	410
1309	454
1309	573
1309	596
1309	603
1309	608
1309	624
1309	626
1309	643
1309	649
1309	654
1309	775
1309	815
1309	839
1309	877
1309	935
1309	939
1309	945
1309	1000
1309	1003
1309	1029
1309	1091
1309	1141
1309	1142
1309	1162
1309	1183
1309	1191
1309	1238
1309	1307
1309	1347
1309	1352
1309	1367
1309	1372
1309	1474
1309	1480
1309	1488
1310	77
1310	255
1310	330
1310	338
1310	388
1310	449
1310	527
1310	570
1310	634
1310	664
1310	673
1310	679
1310	693
1310	738
1310	741
1310	910
1310	913
1310	937
1310	948
1310	972
1310	1025
1310	1070
1310	1132
1310	1139
1310	1155
1310	1162
1310	1174
1310	1192
1310	1216
1310	1218
1310	1229
1310	1315
1310	1341
1310	1369
1310	1419
1310	1432
1310	1463
1310	1471
1310	1485
1310	1493
1310	1495
1310	1500
1311	11
1311	14
1311	54
1311	95
1311	100
1311	102
1311	165
1311	191
1311	194
1311	260
1311	296
1311	352
1311	408
1311	421
1311	429
1311	509
1311	550
1311	557
1311	675
1311	692
1311	729
1311	818
1311	863
1311	909
1311	957
1311	978
1311	1011
1311	1095
1311	1100
1311	1172
1311	1175
1311	1234
1311	1245
1311	1247
1311	1295
1311	1296
1311	1306
1311	1330
1311	1353
1311	1452
1311	1480
1311	1495
1312	52
1312	74
1312	107
1312	265
1312	280
1312	289
1312	301
1312	388
1312	413
1312	415
1312	416
1312	688
1312	753
1312	763
1312	777
1312	916
1312	990
1312	1012
1312	1048
1312	1051
1312	1062
1312	1086
1312	1093
1312	1125
1312	1166
1312	1223
1312	1278
1312	1365
1312	1389
1312	1396
1312	1401
1312	1407
1312	1412
1312	1423
1312	1430
1312	1447
1312	1468
1312	1484
1312	1485
1312	1490
1312	1497
1312	1498
1313	25
1313	46
1313	114
1313	123
1313	172
1313	231
1313	240
1313	277
1313	344
1313	367
1313	480
1313	494
1313	641
1313	653
1313	684
1313	697
1313	723
1313	766
1313	772
1313	778
1313	858
1313	860
1313	908
1313	925
1313	987
1313	996
1313	1002
1313	1005
1313	1033
1313	1078
1313	1088
1313	1094
1313	1197
1313	1208
1313	1229
1313	1252
1313	1308
1313	1321
1313	1329
1313	1359
1313	1381
1313	1455
1314	5
1314	186
1314	302
1314	358
1314	411
1314	510
1314	620
1314	628
1314	634
1314	637
1314	727
1314	769
1314	779
1314	782
1314	804
1314	837
1314	914
1314	943
1314	985
1314	1008
1314	1038
1314	1041
1314	1052
1314	1055
1314	1065
1314	1224
1314	1225
1314	1227
1314	1244
1314	1276
1314	1286
1314	1288
1314	1289
1314	1339
1314	1340
1314	1351
1314	1384
1314	1419
1314	1438
1314	1459
1314	1462
1314	1464
1315	53
1315	156
1315	368
1315	504
1315	530
1315	566
1315	642
1315	656
1315	791
1315	817
1315	840
1315	933
1315	1068
1315	1101
1315	1118
1315	1120
1315	1163
1315	1194
1315	1203
1315	1211
1315	1236
1315	1268
1315	1291
1315	1303
1315	1310
1315	1333
1315	1350
1315	1372
1315	1426
1315	1430
1315	1434
1315	1442
1315	1443
1315	1444
1315	1451
1315	1460
1315	1467
1315	1469
1315	1477
1315	1479
1315	1486
1315	1496
1316	16
1316	94
1316	222
1316	296
1316	336
1316	399
1316	463
1316	506
1316	512
1316	539
1316	567
1316	599
1316	665
1316	776
1316	839
1316	988
1316	997
1316	1010
1316	1039
1316	1044
1316	1057
1316	1074
1316	1090
1316	1093
1316	1103
1316	1112
1316	1115
1316	1169
1316	1210
1316	1256
1316	1285
1316	1292
1316	1332
1316	1342
1316	1403
1316	1421
1316	1422
1316	1432
1316	1447
1316	1448
1316	1455
1316	1456
1317	157
1317	208
1317	247
1317	282
1317	312
1317	315
1317	407
1317	517
1317	576
1317	655
1317	658
1317	692
1317	849
1317	950
1317	964
1317	977
1317	984
1317	1046
1317	1063
1317	1072
1317	1087
1317	1165
1317	1177
1317	1184
1317	1214
1317	1231
1317	1267
1317	1273
1317	1276
1317	1281
1317	1328
1317	1329
1317	1357
1317	1366
1317	1385
1317	1428
1317	1439
1317	1461
1317	1464
1317	1483
1317	1490
1317	1497
1318	35
1318	57
1318	154
1318	187
1318	216
1318	225
1318	267
1318	305
1318	386
1318	560
1318	621
1318	626
1318	627
1318	631
1318	695
1318	715
1318	728
1318	758
1318	827
1318	831
1318	836
1318	912
1318	924
1318	936
1318	997
1318	1070
1318	1071
1318	1107
1318	1113
1318	1179
1318	1197
1318	1214
1318	1222
1318	1240
1318	1246
1318	1306
1318	1337
1318	1358
1318	1409
1318	1436
1318	1442
1318	1449
1319	28
1319	125
1319	146
1319	200
1319	331
1319	334
1319	423
1319	433
1319	548
1319	612
1319	672
1319	704
1319	733
1319	770
1319	866
1319	934
1319	947
1319	971
1319	972
1319	1013
1319	1075
1319	1082
1319	1092
1319	1121
1319	1129
1319	1142
1319	1290
1319	1323
1319	1333
1319	1336
1319	1341
1319	1362
1319	1382
1319	1386
1319	1402
1319	1454
1319	1456
1319	1473
1319	1474
1319	1475
1319	1476
1319	1478
1320	79
1320	98
1320	123
1320	204
1320	273
1320	316
1320	323
1320	403
1320	444
1320	487
1320	493
1320	590
1320	661
1320	703
1320	705
1320	742
1320	759
1320	799
1320	879
1320	890
1320	937
1320	959
1320	965
1320	1006
1320	1015
1320	1016
1320	1050
1320	1055
1320	1075
1320	1108
1320	1192
1320	1193
1320	1206
1320	1240
1320	1254
1320	1271
1320	1283
1320	1302
1320	1362
1320	1395
1320	1449
1320	1463
1321	25
1321	37
1321	46
1321	90
1321	123
1321	172
1321	232
1321	367
1321	480
1321	569
1321	641
1321	649
1321	684
1321	726
1321	772
1321	778
1321	801
1321	858
1321	908
1321	925
1321	987
1321	1002
1321	1005
1321	1033
1321	1078
1321	1088
1321	1094
1321	1208
1321	1229
1321	1239
1321	1252
1321	1300
1321	1303
1321	1308
1321	1313
1321	1351
1321	1376
1321	1390
1321	1398
1321	1445
1321	1476
1321	1489
1322	71
1322	229
1322	233
1322	244
1322	337
1322	434
1322	640
1322	657
1322	680
1322	735
1322	746
1322	775
1322	819
1322	845
1322	854
1322	911
1322	929
1322	930
1322	940
1322	953
1322	975
1322	990
1322	1134
1322	1136
1322	1152
1322	1154
1322	1194
1322	1200
1322	1204
1322	1206
1322	1221
1322	1242
1322	1259
1322	1281
1322	1373
1322	1386
1322	1391
1322	1394
1322	1418
1322	1447
1322	1450
1322	1458
1322	1466
1323	3
1323	34
1323	115
1323	142
1323	190
1323	211
1323	214
1323	300
1323	320
1323	357
1323	371
1323	444
1323	543
1323	552
1323	623
1323	651
1323	765
1323	802
1323	803
1323	814
1323	820
1323	824
1323	869
1323	874
1323	892
1323	992
1323	1101
1323	1105
1323	1125
1323	1130
1323	1161
1323	1171
1323	1212
1323	1235
1323	1271
1323	1291
1323	1294
1323	1319
1323	1348
1323	1376
1323	1395
1323	1397
1323	1403
1324	31
1324	42
1324	118
1324	143
1324	203
1324	228
1324	489
1324	491
1324	499
1324	514
1324	667
1324	671
1324	678
1324	710
1324	848
1324	880
1324	907
1324	970
1324	973
1324	996
1324	1019
1324	1030
1324	1106
1324	1140
1324	1149
1324	1166
1324	1192
1324	1198
1324	1272
1324	1276
1324	1290
1324	1329
1324	1349
1324	1356
1324	1360
1324	1366
1324	1368
1324	1371
1324	1395
1324	1414
1324	1417
1324	1472
1324	1480
1325	47
1325	108
1325	183
1325	291
1325	378
1325	410
1325	426
1325	499
1325	561
1325	596
1325	597
1325	749
1325	784
1325	859
1325	917
1325	929
1325	930
1325	953
1325	961
1325	1017
1325	1027
1325	1031
1325	1040
1325	1061
1325	1066
1325	1111
1325	1185
1325	1210
1325	1213
1325	1219
1325	1233
1325	1250
1325	1255
1325	1293
1325	1343
1325	1348
1325	1368
1325	1377
1325	1380
1325	1381
1325	1414
1325	1454
1325	1492
1326	39
1326	68
1326	69
1326	263
1326	354
1326	391
1326	453
1326	537
1326	569
1326	584
1326	595
1326	614
1326	625
1326	645
1326	694
1326	705
1326	709
1326	736
1326	799
1326	835
1326	906
1326	1018
1326	1066
1326	1116
1326	1137
1326	1140
1326	1202
1326	1245
1326	1288
1326	1305
1326	1344
1326	1349
1326	1378
1326	1393
1326	1416
1326	1427
1326	1440
1326	1465
1326	1478
1326	1481
1326	1482
1326	1491
1326	1494
1327	12
1327	19
1327	33
1327	87
1327	145
1327	171
1327	174
1327	256
1327	294
1327	431
1327	492
1327	552
1327	660
1327	762
1327	767
1327	809
1327	810
1327	850
1327	955
1327	1024
1327	1034
1327	1044
1327	1061
1327	1067
1327	1100
1327	1120
1327	1133
1327	1141
1327	1159
1327	1199
1327	1221
1327	1233
1327	1235
1327	1239
1327	1260
1327	1296
1327	1328
1327	1330
1327	1338
1327	1354
1327	1365
1327	1400
1327	1409
1328	19
1328	61
1328	87
1328	145
1328	171
1328	174
1328	189
1328	209
1328	256
1328	269
1328	301
1328	500
1328	512
1328	649
1328	690
1328	767
1328	809
1328	810
1328	811
1328	1024
1328	1044
1328	1065
1328	1067
1328	1068
1328	1080
1328	1100
1328	1119
1328	1133
1328	1139
1328	1159
1328	1183
1328	1199
1328	1221
1328	1239
1328	1258
1328	1260
1328	1317
1328	1327
1328	1354
1328	1360
1328	1394
1328	1438
1328	1499
1329	13
1329	76
1329	80
1329	103
1329	121
1329	203
1329	342
1329	357
1329	436
1329	499
1329	514
1329	624
1329	652
1329	667
1329	671
1329	710
1329	754
1329	760
1329	848
1329	880
1329	970
1329	973
1329	996
1329	1019
1329	1030
1329	1106
1329	1149
1329	1166
1329	1185
1329	1200
1329	1249
1329	1269
1329	1290
1329	1313
1329	1317
1329	1324
1329	1355
1329	1356
1329	1360
1329	1366
1329	1368
1329	1371
1329	1395
1329	1494
1330	11
1330	14
1330	54
1330	100
1330	102
1330	165
1330	245
1330	260
1330	261
1330	352
1330	421
1330	429
1330	547
1330	550
1330	557
1330	729
1330	818
1330	836
1330	863
1330	909
1330	957
1330	978
1330	1004
1330	1011
1330	1012
1330	1048
1330	1095
1330	1175
1330	1234
1330	1245
1330	1247
1330	1284
1330	1295
1330	1296
1330	1306
1330	1308
1330	1311
1330	1327
1330	1343
1330	1350
1330	1353
1330	1417
1330	1469
1330	1498
1331	55
1331	90
1331	141
1331	151
1331	176
1331	184
1331	211
1331	261
1331	290
1331	304
1331	327
1331	363
1331	384
1331	399
1331	442
1331	449
1331	525
1331	599
1331	652
1331	657
1331	697
1331	712
1331	750
1331	764
1331	769
1331	785
1331	876
1331	944
1331	981
1331	1042
1331	1058
1331	1112
1331	1172
1331	1241
1331	1251
1331	1339
1331	1346
1331	1356
1331	1384
1331	1398
1331	1409
1331	1435
1331	1446
1331	1458
1332	26
1332	143
1332	190
1332	211
1332	222
1332	539
1332	599
1332	662
1332	665
1332	687
1332	721
1332	843
1332	853
1332	876
1332	946
1332	997
1332	1010
1332	1039
1332	1049
1332	1060
1332	1074
1332	1090
1332	1093
1332	1115
1332	1200
1332	1231
1332	1236
1332	1281
1332	1285
1332	1292
1332	1301
1332	1316
1332	1335
1332	1343
1332	1379
1332	1387
1332	1407
1332	1422
1332	1432
1332	1443
1332	1444
1332	1448
1332	1456
1332	1498
1333	24
1333	139
1333	164
1333	272
1333	280
1333	287
1333	318
1333	331
1333	334
1333	356
1333	418
1333	433
1333	465
1333	484
1333	540
1333	663
1333	672
1333	770
1333	941
1333	1003
1333	1019
1333	1026
1333	1069
1333	1075
1333	1082
1333	1085
1333	1092
1333	1121
1333	1129
1333	1241
1333	1315
1333	1319
1333	1336
1333	1340
1333	1362
1333	1368
1333	1378
1333	1402
1333	1408
1333	1454
1333	1475
1333	1476
1333	1478
1333	1496
1334	7
1334	21
1334	72
1334	105
1334	113
1334	122
1334	264
1334	270
1334	375
1334	475
1334	476
1334	566
1334	645
1334	706
1334	711
1334	713
1334	739
1334	741
1334	784
1334	841
1334	902
1334	905
1334	922
1334	935
1334	954
1334	993
1334	1036
1334	1089
1334	1096
1334	1104
1334	1118
1334	1138
1334	1215
1334	1257
1334	1282
1334	1292
1334	1307
1334	1363
1334	1420
1334	1436
1334	1452
1334	1465
1334	1484
1334	1495
1335	2
1335	40
1335	42
1335	132
1335	192
1335	230
1335	404
1335	418
1335	440
1335	449
1335	478
1335	497
1335	524
1335	546
1335	570
1335	583
1335	593
1335	702
1335	722
1335	756
1335	757
1335	789
1335	873
1335	915
1335	949
1335	952
1335	959
1335	966
1335	1029
1335	1032
1335	1034
1335	1037
1335	1056
1335	1135
1335	1171
1335	1187
1335	1258
1335	1332
1335	1375
1335	1423
1335	1425
1335	1459
1335	1473
1335	1497
1336	28
1336	68
1336	146
1336	164
1336	285
1336	287
1336	318
1336	484
1336	548
1336	612
1336	633
1336	645
1336	672
1336	820
1336	847
1336	866
1336	916
1336	924
1336	941
1336	947
1336	972
1336	1003
1336	1037
1336	1075
1336	1082
1336	1085
1336	1113
1336	1121
1336	1129
1336	1142
1336	1170
1336	1319
1336	1333
1336	1362
1336	1369
1336	1402
1336	1407
1336	1408
1336	1433
1336	1445
1336	1454
1336	1475
1336	1476
1336	1478
1337	6
1337	35
1337	57
1337	63
1337	65
1337	154
1337	187
1337	216
1337	225
1337	246
1337	267
1337	305
1337	309
1337	313
1337	544
1337	560
1337	613
1337	626
1337	689
1337	695
1337	728
1337	742
1337	773
1337	780
1337	798
1337	831
1337	924
1337	936
1337	998
1337	1043
1337	1070
1337	1071
1337	1113
1337	1123
1337	1222
1337	1240
1337	1246
1337	1254
1337	1271
1337	1318
1337	1358
1337	1403
1337	1409
1337	1427
1337	1474
1338	131
1338	169
1338	173
1338	176
1338	201
1338	248
1338	276
1338	293
1338	322
1338	466
1338	486
1338	589
1338	617
1338	639
1338	751
1338	773
1338	792
1338	885
1338	889
1338	928
1338	957
1338	1011
1338	1035
1338	1043
1338	1046
1338	1087
1338	1105
1338	1116
1338	1128
1338	1153
1338	1180
1338	1195
1338	1226
1338	1272
1338	1287
1338	1288
1338	1304
1338	1306
1338	1327
1338	1343
1338	1364
1338	1382
1338	1392
1338	1400
1338	1431
1339	153
1339	186
1339	199
1339	235
1339	262
1339	263
1339	343
1339	362
1339	565
1339	570
1339	628
1339	637
1339	705
1339	727
1339	730
1339	731
1339	732
1339	779
1339	782
1339	793
1339	797
1339	832
1339	914
1339	951
1339	958
1339	985
1339	1008
1339	1041
1339	1052
1339	1065
1339	1167
1339	1202
1339	1225
1339	1257
1339	1265
1339	1286
1339	1289
1339	1305
1339	1314
1339	1331
1339	1340
1339	1381
1339	1438
1339	1459
1339	1462
1340	5
1340	117
1340	263
1340	302
1340	343
1340	358
1340	362
1340	365
1340	411
1340	510
1340	617
1340	637
1340	727
1340	732
1340	753
1340	782
1340	793
1340	797
1340	804
1340	822
1340	837
1340	951
1340	958
1340	1008
1340	1029
1340	1038
1340	1052
1340	1153
1340	1179
1340	1234
1340	1244
1340	1257
1340	1286
1340	1314
1340	1333
1340	1339
1340	1345
1340	1346
1340	1351
1340	1385
1340	1400
1340	1438
1340	1459
1340	1462
1340	1464
1341	137
1341	227
1341	295
1341	364
1341	472
1341	634
1341	658
1341	673
1341	693
1341	738
1341	794
1341	907
1341	921
1341	937
1341	967
1341	1067
1341	1132
1341	1139
1341	1146
1341	1174
1341	1192
1341	1218
1341	1246
1341	1265
1341	1274
1341	1298
1341	1310
1341	1319
1341	1352
1341	1355
1341	1369
1341	1370
1341	1392
1341	1398
1341	1403
1341	1409
1341	1410
1341	1415
1341	1419
1341	1459
1341	1472
1341	1485
1341	1493
1341	1495
1341	1500
1342	1
1342	44
1342	74
1342	209
1342	326
1342	406
1342	407
1342	459
1342	482
1342	558
1342	595
1342	630
1342	789
1342	804
1342	829
1342	849
1342	875
1342	916
1342	931
1342	950
1342	964
1342	965
1342	977
1342	984
1342	1053
1342	1063
1342	1083
1342	1107
1342	1184
1342	1209
1342	1231
1342	1273
1342	1281
1342	1316
1342	1344
1342	1357
1342	1385
1342	1422
1342	1428
1342	1461
1342	1463
1342	1464
1342	1483
1342	1497
1342	1499
1343	29
1343	39
1343	376
1343	410
1343	426
1343	437
1343	474
1343	561
1343	597
1343	749
1343	784
1343	859
1343	917
1343	929
1343	930
1343	941
1343	961
1343	1017
1343	1040
1343	1061
1343	1066
1343	1094
1343	1111
1343	1185
1343	1210
1343	1213
1343	1219
1343	1227
1343	1233
1343	1255
1343	1288
1343	1293
1343	1325
1343	1330
1343	1332
1343	1338
1343	1348
1343	1377
1343	1381
1343	1402
1343	1405
1343	1425
1343	1441
1343	1486
1343	1496
1344	38
1344	39
1344	212
1344	236
1344	325
1344	346
1344	356
1344	416
1344	469
1344	479
1344	502
1344	509
1344	645
1344	717
1344	743
1344	758
1344	760
1344	861
1344	877
1344	883
1344	887
1344	899
1344	1007
1344	1018
1344	1021
1344	1081
1344	1137
1344	1144
1344	1168
1344	1198
1344	1250
1344	1305
1344	1326
1344	1342
1344	1349
1344	1378
1344	1393
1344	1405
1344	1419
1344	1460
1344	1465
1344	1481
1344	1482
1344	1491
1344	1494
1345	36
1345	107
1345	135
1345	274
1345	280
1345	298
1345	470
1345	480
1345	553
1345	568
1345	587
1345	665
1345	681
1345	688
1345	777
1345	813
1345	975
1345	1008
1345	1047
1345	1048
1345	1081
1345	1125
1345	1131
1345	1173
1345	1201
1345	1223
1345	1261
1345	1263
1345	1276
1345	1340
1345	1357
1345	1365
1345	1389
1345	1396
1345	1407
1345	1412
1345	1413
1345	1425
1345	1430
1345	1447
1345	1468
1345	1470
1345	1477
1345	1484
1345	1490
1346	1
1346	102
1346	151
1346	184
1346	211
1346	290
1346	304
1346	384
1346	432
1346	469
1346	490
1346	505
1346	525
1346	605
1346	652
1346	712
1346	734
1346	764
1346	769
1346	785
1346	876
1346	898
1346	900
1346	910
1346	926
1346	944
1346	981
1346	1042
1346	1045
1346	1110
1346	1147
1346	1167
1346	1209
1346	1241
1346	1251
1346	1278
1346	1331
1346	1340
1346	1383
1346	1384
1346	1394
1346	1398
1346	1431
1346	1435
1346	1474
1347	23
1347	75
1347	198
1347	248
1347	288
1347	321
1347	326
1347	332
1347	430
1347	454
1347	596
1347	603
1347	621
1347	624
1347	641
1347	643
1347	675
1347	775
1347	801
1347	839
1347	877
1347	911
1347	917
1347	935
1347	939
1347	945
1347	961
1347	1000
1347	1091
1347	1106
1347	1141
1347	1158
1347	1183
1347	1191
1347	1216
1347	1298
1347	1305
1347	1307
1347	1309
1347	1352
1347	1355
1347	1367
1347	1383
1347	1394
1347	1407
1348	29
1348	47
1348	127
1348	183
1348	291
1348	376
1348	378
1348	410
1348	417
1348	426
1348	474
1348	561
1348	597
1348	648
1348	713
1348	749
1348	859
1348	885
1348	917
1348	929
1348	961
1348	977
1348	1040
1348	1050
1348	1052
1348	1061
1348	1066
1348	1111
1348	1149
1348	1185
1348	1213
1348	1219
1348	1233
1348	1255
1348	1293
1348	1323
1348	1325
1348	1343
1348	1364
1348	1377
1348	1381
1348	1384
1348	1470
1348	1473
1348	1481
1349	4
1349	79
1349	218
1349	382
1349	391
1349	416
1349	450
1349	495
1349	499
1349	509
1349	585
1349	601
1349	607
1349	615
1349	625
1349	670
1349	717
1349	760
1349	821
1349	838
1349	861
1349	883
1349	887
1349	906
1349	986
1349	1000
1349	1018
1349	1021
1349	1081
1349	1116
1349	1128
1349	1137
1349	1202
1349	1209
1349	1250
1349	1324
1349	1326
1349	1344
1349	1393
1349	1426
1349	1427
1349	1465
1349	1481
1349	1482
1349	1491
1350	19
1350	268
1350	303
1350	418
1350	588
1350	594
1350	707
1350	719
1350	733
1350	754
1350	766
1350	806
1350	871
1350	914
1350	924
1350	942
1350	947
1350	965
1350	998
1350	1020
1350	1022
1350	1058
1350	1101
1350	1118
1350	1120
1350	1211
1350	1223
1350	1236
1350	1268
1350	1269
1350	1303
1350	1315
1350	1330
1350	1372
1350	1421
1350	1426
1350	1434
1350	1436
1350	1442
1350	1444
1350	1451
1350	1460
1350	1479
1350	1486
1350	1496
1351	13
1351	117
1351	199
1351	302
1351	354
1351	362
1351	411
1351	423
1351	470
1351	727
1351	732
1351	753
1351	779
1351	782
1351	793
1351	797
1351	804
1351	832
1351	942
1351	943
1351	951
1351	958
1351	985
1351	1008
1351	1022
1351	1039
1351	1041
1351	1052
1351	1225
1351	1244
1351	1257
1351	1286
1351	1287
1351	1289
1351	1314
1351	1321
1351	1340
1351	1370
1351	1403
1351	1434
1351	1438
1351	1446
1351	1459
1351	1462
1351	1474
1352	23
1352	73
1352	75
1352	197
1352	213
1352	288
1352	326
1352	332
1352	485
1352	494
1352	534
1352	595
1352	596
1352	603
1352	608
1352	624
1352	643
1352	664
1352	675
1352	775
1352	786
1352	935
1352	939
1352	945
1352	991
1352	994
1352	1000
1352	1029
1352	1115
1352	1141
1352	1183
1352	1191
1352	1214
1352	1216
1352	1232
1352	1238
1352	1306
1352	1307
1352	1309
1352	1341
1352	1347
1352	1367
1352	1383
1352	1443
1352	1448
1353	11
1353	14
1353	54
1353	100
1353	102
1353	165
1353	207
1353	245
1353	260
1353	342
1353	352
1353	421
1353	429
1353	550
1353	557
1353	641
1353	723
1353	729
1353	744
1353	791
1353	818
1353	863
1353	909
1353	913
1353	948
1353	957
1353	978
1353	1010
1353	1011
1353	1095
1353	1175
1353	1209
1353	1234
1353	1245
1353	1247
1353	1295
1353	1296
1353	1306
1353	1311
1353	1330
1353	1366
1353	1401
1353	1459
1353	1470
1353	1474
1354	12
1354	19
1354	61
1354	87
1354	145
1354	178
1354	193
1354	256
1354	290
1354	380
1354	399
1354	431
1354	434
1354	492
1354	513
1354	690
1354	724
1354	762
1354	767
1354	772
1354	809
1354	810
1354	811
1354	843
1354	850
1354	870
1354	902
1354	939
1354	1007
1354	1034
1354	1044
1354	1067
1354	1068
1354	1119
1354	1133
1354	1159
1354	1187
1354	1199
1354	1221
1354	1239
1354	1260
1354	1279
1354	1327
1354	1328
1354	1414
1354	1495
1355	50
1355	86
1355	325
1355	383
1355	385
1355	389
1355	451
1355	559
1355	580
1355	604
1355	628
1355	674
1355	686
1355	807
1355	821
1355	847
1355	894
1355	896
1355	1084
1355	1146
1355	1189
1355	1197
1355	1227
1355	1266
1355	1280
1355	1284
1355	1294
1355	1329
1355	1341
1355	1347
1355	1358
1355	1380
1355	1382
1355	1387
1355	1396
1355	1406
1355	1417
1355	1433
1355	1434
1355	1436
1355	1445
1355	1449
1355	1456
1355	1471
1355	1473
1355	1488
1356	13
1356	31
1356	42
1356	76
1356	103
1356	121
1356	143
1356	205
1356	342
1356	359
1356	436
1356	491
1356	499
1356	523
1356	530
1356	667
1356	671
1356	682
1356	710
1356	848
1356	854
1356	880
1356	899
1356	929
1356	970
1356	973
1356	996
1356	1019
1356	1030
1356	1106
1356	1149
1356	1166
1356	1257
1356	1290
1356	1298
1356	1324
1356	1329
1356	1331
1356	1366
1356	1368
1356	1369
1356	1371
1356	1395
1356	1404
1356	1456
1356	1470
1357	51
1357	100
1357	154
1357	317
1357	407
1357	452
1357	459
1357	467
1357	486
1357	553
1357	714
1357	855
1357	870
1357	884
1357	933
1357	950
1357	965
1357	967
1357	977
1357	984
1357	999
1357	1097
1357	1165
1357	1181
1357	1231
1357	1273
1357	1276
1357	1281
1357	1317
1357	1342
1357	1345
1357	1374
1357	1385
1357	1390
1357	1401
1357	1428
1357	1439
1357	1461
1357	1463
1357	1464
1357	1475
1357	1477
1357	1483
1357	1489
1357	1497
1357	1499
1358	6
1358	20
1358	35
1358	57
1358	63
1358	187
1358	305
1358	311
1358	313
1358	325
1358	386
1358	544
1358	552
1358	560
1358	613
1358	621
1358	626
1358	627
1358	691
1358	715
1358	728
1358	778
1358	809
1358	831
1358	836
1358	886
1358	924
1358	936
1358	1038
1358	1070
1358	1071
1358	1113
1358	1123
1358	1128
1358	1130
1358	1181
1358	1190
1358	1222
1358	1240
1358	1246
1358	1318
1358	1337
1358	1355
1358	1409
1358	1439
1358	1457
1359	82
1359	107
1359	112
1359	166
1359	171
1359	236
1359	275
1359	328
1359	333
1359	604
1359	652
1359	750
1359	821
1359	862
1359	894
1359	920
1359	1001
1359	1023
1359	1028
1359	1075
1359	1084
1359	1189
1359	1190
1359	1197
1359	1205
1359	1210
1359	1227
1359	1250
1359	1280
1359	1284
1359	1294
1359	1313
1359	1374
1359	1380
1359	1387
1359	1417
1359	1428
1359	1433
1359	1434
1359	1445
1359	1448
1359	1449
1359	1471
1359	1473
1359	1488
1359	1489
1360	13
1360	31
1360	42
1360	62
1360	80
1360	118
1360	121
1360	143
1360	203
1360	342
1360	436
1360	460
1360	491
1360	499
1360	535
1360	551
1360	648
1360	667
1360	671
1360	678
1360	710
1360	775
1360	846
1360	848
1360	857
1360	880
1360	904
1360	970
1360	973
1360	996
1360	1015
1360	1019
1360	1030
1360	1073
1360	1106
1360	1149
1360	1166
1360	1229
1360	1290
1360	1324
1360	1328
1360	1329
1360	1366
1360	1368
1360	1371
1360	1395
1361	109
1361	161
1361	250
1361	287
1361	355
1361	359
1361	390
1361	398
1361	464
1361	531
1361	545
1361	622
1361	638
1361	700
1361	768
1361	796
1361	798
1361	818
1361	825
1361	826
1361	857
1361	862
1361	868
1361	922
1361	971
1361	982
1361	1028
1361	1043
1361	1053
1361	1054
1361	1073
1361	1117
1361	1126
1361	1135
1361	1146
1361	1155
1361	1220
1361	1232
1361	1241
1361	1290
1361	1394
1361	1414
1361	1471
1361	1484
1361	1493
1361	1499
1362	17
1362	200
1362	272
1362	285
1362	318
1362	387
1362	403
1362	427
1362	433
1362	465
1362	482
1362	540
1362	598
1362	612
1362	663
1362	672
1362	704
1362	754
1362	770
1362	866
1362	867
1362	941
1362	947
1362	1053
1362	1075
1362	1081
1362	1082
1362	1085
1362	1095
1362	1118
1362	1121
1362	1129
1362	1143
1362	1268
1362	1319
1362	1320
1362	1333
1362	1336
1362	1402
1362	1408
1362	1416
1362	1418
1362	1454
1362	1475
1362	1476
1362	1478
1363	21
1363	49
1363	58
1363	105
1363	113
1363	122
1363	248
1363	264
1363	265
1363	281
1363	428
1363	446
1363	476
1363	477
1363	542
1363	572
1363	647
1363	711
1363	713
1363	739
1363	744
1363	745
1363	841
1363	881
1363	900
1363	902
1363	905
1363	1056
1363	1089
1363	1096
1363	1104
1363	1105
1363	1138
1363	1186
1363	1198
1363	1215
1363	1242
1363	1308
1363	1334
1363	1414
1363	1420
1363	1436
1363	1446
1363	1452
1363	1477
1363	1489
1364	169
1364	173
1364	176
1364	201
1364	224
1364	253
1364	262
1364	275
1364	276
1364	293
1364	377
1364	411
1364	500
1364	639
1364	773
1364	792
1364	833
1364	888
1364	921
1364	927
1364	928
1364	976
1364	977
1364	1035
1364	1046
1364	1059
1364	1105
1364	1128
1364	1153
1364	1176
1364	1180
1364	1195
1364	1207
1364	1226
1364	1274
1364	1279
1364	1287
1364	1304
1364	1338
1364	1348
1364	1370
1364	1382
1364	1400
1364	1431
1364	1468
1364	1498
1365	135
1365	171
1365	181
1365	257
1365	301
1365	396
1365	505
1365	526
1365	559
1365	564
1365	587
1365	611
1365	630
1365	681
1365	698
1365	771
1365	777
1365	790
1365	975
1365	1125
1365	1201
1365	1219
1365	1223
1365	1234
1365	1263
1365	1278
1365	1299
1365	1312
1365	1327
1365	1345
1365	1372
1365	1396
1365	1404
1365	1407
1365	1412
1365	1413
1365	1419
1365	1429
1365	1430
1365	1447
1365	1468
1365	1477
1365	1480
1365	1484
1365	1487
1365	1498
1366	13
1366	31
1366	103
1366	118
1366	143
1366	203
1366	342
1366	436
1366	491
1366	499
1366	514
1366	530
1366	667
1366	671
1366	673
1366	678
1366	682
1366	710
1366	767
1366	848
1366	880
1366	973
1366	996
1366	1013
1366	1030
1366	1061
1366	1106
1366	1122
1366	1149
1366	1166
1366	1178
1366	1217
1366	1249
1366	1257
1366	1290
1366	1303
1366	1317
1366	1324
1366	1329
1366	1353
1366	1356
1366	1360
1366	1368
1366	1371
1366	1375
1366	1395
1366	1453
1367	23
1367	75
1367	129
1367	197
1367	226
1367	231
1367	232
1367	288
1367	321
1367	332
1367	408
1367	430
1367	454
1367	468
1367	494
1367	534
1367	554
1367	596
1367	603
1367	608
1367	612
1367	614
1367	624
1367	643
1367	649
1367	762
1367	775
1367	839
1367	935
1367	945
1367	1000
1367	1026
1367	1091
1367	1141
1367	1183
1367	1191
1367	1216
1367	1238
1367	1255
1367	1307
1367	1309
1367	1347
1367	1352
1367	1383
1367	1445
1367	1454
1367	1455
1368	31
1368	42
1368	76
1368	80
1368	103
1368	118
1368	143
1368	203
1368	243
1368	342
1368	459
1368	491
1368	514
1368	530
1368	667
1368	682
1368	710
1368	714
1368	770
1368	848
1368	880
1368	893
1368	970
1368	973
1368	996
1368	1005
1368	1019
1368	1030
1368	1106
1368	1149
1368	1166
1368	1175
1368	1263
1368	1290
1368	1324
1368	1325
1368	1329
1368	1333
1368	1356
1368	1360
1368	1366
1368	1371
1368	1395
1368	1403
1368	1436
1368	1458
1368	1462
1369	9
1369	20
1369	227
1369	286
1369	330
1369	338
1369	350
1369	445
1369	447
1369	634
1369	693
1369	708
1369	901
1369	911
1369	919
1369	921
1369	976
1369	1025
1369	1058
1369	1104
1369	1132
1369	1139
1369	1146
1369	1148
1369	1162
1369	1192
1369	1197
1369	1198
1369	1218
1369	1237
1369	1265
1369	1298
1369	1310
1369	1336
1369	1341
1369	1356
1369	1370
1369	1410
1369	1419
1369	1439
1369	1440
1369	1462
1369	1472
1369	1480
1369	1485
1369	1493
1369	1495
1370	22
1370	80
1370	167
1370	173
1370	217
1370	227
1370	253
1370	330
1370	445
1370	478
1370	664
1370	673
1370	708
1370	738
1370	761
1370	911
1370	913
1370	921
1370	969
1370	996
1370	1009
1370	1025
1370	1058
1370	1073
1370	1139
1370	1162
1370	1192
1370	1218
1370	1229
1370	1246
1370	1258
1370	1265
1370	1297
1370	1300
1370	1341
1370	1351
1370	1364
1370	1369
1370	1374
1370	1392
1370	1410
1370	1419
1370	1426
1370	1472
1370	1485
1370	1493
1370	1500
1371	13
1371	42
1371	47
1371	54
1371	76
1371	80
1371	143
1371	161
1371	203
1371	331
1371	385
1371	436
1371	491
1371	514
1371	530
1371	538
1371	667
1371	671
1371	678
1371	682
1371	710
1371	784
1371	848
1371	880
1371	906
1371	965
1371	970
1371	973
1371	996
1371	1019
1371	1030
1371	1105
1371	1106
1371	1111
1371	1123
1371	1149
1371	1166
1371	1324
1371	1329
1371	1356
1371	1360
1371	1366
1371	1368
1371	1395
1371	1411
1371	1450
1371	1489
1372	205
1372	254
1372	279
1372	335
1372	400
1372	466
1372	473
1372	504
1372	566
1372	642
1372	654
1372	656
1372	691
1372	725
1372	752
1372	754
1372	766
1372	838
1372	942
1372	979
1372	993
1372	1019
1372	1020
1372	1101
1372	1118
1372	1124
1372	1133
1372	1189
1372	1203
1372	1236
1372	1268
1372	1309
1372	1315
1372	1350
1372	1365
1372	1421
1372	1426
1372	1438
1372	1442
1372	1444
1372	1451
1372	1460
1372	1467
1372	1471
1372	1479
1372	1486
1372	1496
1373	66
1373	92
1373	191
1373	202
1373	206
1373	280
1373	379
1373	401
1373	444
1373	475
1373	544
1373	624
1373	636
1373	719
1373	735
1373	748
1373	776
1373	781
1373	824
1373	845
1373	903
1373	931
1373	953
1373	954
1373	990
1373	1018
1373	1077
1373	1107
1373	1114
1373	1134
1373	1136
1373	1151
1373	1160
1373	1167
1373	1194
1373	1214
1373	1230
1373	1242
1373	1282
1373	1295
1373	1322
1373	1386
1373	1391
1373	1394
1373	1418
1373	1457
1373	1458
1373	1466
1374	50
1374	159
1374	161
1374	236
1374	251
1374	257
1374	275
1374	328
1374	556
1374	580
1374	617
1374	674
1374	686
1374	750
1374	780
1374	787
1374	807
1374	816
1374	822
1374	831
1374	878
1374	896
1374	939
1374	989
1374	1003
1374	1007
1374	1082
1374	1122
1374	1189
1374	1190
1374	1227
1374	1230
1374	1266
1374	1284
1374	1290
1374	1294
1374	1357
1374	1359
1374	1370
1374	1380
1374	1417
1374	1433
1374	1445
1374	1449
1374	1471
1374	1473
1374	1479
1374	1488
1375	40
1375	120
1375	148
1375	192
1375	213
1375	286
1375	380
1375	404
1375	418
1375	440
1375	478
1375	524
1375	546
1375	567
1375	593
1375	618
1375	702
1375	722
1375	740
1375	756
1375	757
1375	789
1375	813
1375	834
1375	873
1375	883
1375	902
1375	915
1375	919
1375	925
1375	949
1375	952
1375	966
1375	1032
1375	1037
1375	1056
1375	1115
1375	1171
1375	1187
1375	1279
1375	1335
1375	1366
1375	1411
1375	1423
1375	1425
1375	1438
1375	1454
1375	1490
1376	15
1376	25
1376	37
1376	109
1376	123
1376	172
1376	231
1376	232
1376	240
1376	277
1376	308
1376	367
1376	414
1376	454
1376	480
1376	569
1376	641
1376	653
1376	684
1376	726
1376	731
1376	772
1376	778
1376	858
1376	860
1376	886
1376	908
1376	925
1376	987
1376	1005
1376	1033
1376	1078
1376	1088
1376	1094
1376	1182
1376	1208
1376	1229
1376	1252
1376	1289
1376	1308
1376	1321
1376	1323
1376	1391
1376	1418
1376	1479
1376	1483
1376	1491
1376	1494
1377	29
1377	183
1377	291
1377	376
1377	378
1377	382
1377	410
1377	417
1377	426
1377	437
1377	474
1377	561
1377	576
1377	597
1377	664
1377	749
1377	784
1377	819
1377	859
1377	917
1377	930
1377	961
1377	991
1377	1012
1377	1017
1377	1040
1377	1061
1377	1064
1377	1066
1377	1111
1377	1168
1377	1174
1377	1185
1377	1210
1377	1213
1377	1219
1377	1233
1377	1244
1377	1255
1377	1278
1377	1293
1377	1325
1377	1343
1377	1348
1377	1381
1377	1422
1377	1426
1377	1462
1378	38
1378	134
1378	221
1378	307
1378	312
1378	357
1378	455
1378	479
1378	509
1378	607
1378	628
1378	670
1378	717
1378	743
1378	780
1378	835
1378	838
1378	846
1378	861
1378	866
1378	883
1378	967
1378	1018
1378	1021
1378	1049
1378	1063
1378	1069
1378	1116
1378	1137
1378	1140
1378	1144
1378	1168
1378	1195
1378	1202
1378	1214
1378	1215
1378	1305
1378	1307
1378	1326
1378	1333
1378	1344
1378	1393
1378	1427
1378	1465
1378	1481
1378	1482
1378	1491
1378	1494
1379	45
1379	94
1379	123
1379	130
1379	239
1379	296
1379	318
1379	353
1379	441
1379	461
1379	508
1379	518
1379	522
1379	539
1379	541
1379	599
1379	620
1379	676
1379	761
1379	781
1379	854
1379	932
1379	962
1379	979
1379	996
1379	1003
1379	1004
1379	1057
1379	1060
1379	1074
1379	1093
1379	1112
1379	1135
1379	1200
1379	1224
1379	1256
1379	1283
1379	1285
1379	1292
1379	1332
1379	1387
1379	1408
1379	1422
1379	1432
1379	1443
1379	1448
1379	1456
1379	1488
1380	82
1380	86
1380	112
1380	175
1380	269
1380	275
1380	328
1380	451
1380	497
1380	523
1380	556
1380	567
1380	713
1380	787
1380	821
1380	876
1380	896
1380	918
1380	1023
1380	1028
1380	1060
1380	1099
1380	1122
1380	1182
1380	1230
1380	1243
1380	1266
1380	1274
1380	1284
1380	1286
1380	1294
1380	1325
1380	1355
1380	1359
1380	1374
1380	1387
1380	1411
1380	1417
1380	1433
1380	1434
1380	1445
1380	1449
1380	1463
1380	1469
1380	1471
1380	1479
1380	1480
1380	1488
1380	1497
1381	47
1381	164
1381	183
1381	291
1381	376
1381	378
1381	410
1381	417
1381	426
1381	437
1381	448
1381	474
1381	511
1381	561
1381	588
1381	597
1381	651
1381	687
1381	749
1381	784
1381	859
1381	917
1381	929
1381	930
1381	961
1381	985
1381	987
1381	1017
1381	1040
1381	1061
1381	1066
1381	1104
1381	1111
1381	1185
1381	1210
1381	1213
1381	1233
1381	1247
1381	1255
1381	1293
1381	1313
1381	1325
1381	1339
1381	1343
1381	1348
1381	1377
1381	1413
1381	1417
1381	1440
1382	40
1382	127
1382	131
1382	169
1382	173
1382	176
1382	224
1382	253
1382	256
1382	262
1382	264
1382	276
1382	293
1382	377
1382	381
1382	389
1382	486
1382	500
1382	589
1382	745
1382	777
1382	885
1382	888
1382	890
1382	928
1382	1035
1382	1043
1382	1046
1382	1059
1382	1084
1382	1105
1382	1128
1382	1147
1382	1176
1382	1180
1382	1226
1382	1246
1382	1271
1382	1287
1382	1288
1382	1304
1382	1319
1382	1338
1382	1355
1382	1364
1382	1388
1382	1400
1382	1431
1382	1483
1383	8
1383	73
1383	75
1383	98
1383	197
1383	198
1383	226
1383	288
1383	321
1383	326
1383	430
1383	454
1383	494
1383	595
1383	596
1383	603
1383	608
1383	624
1383	659
1383	775
1383	811
1383	814
1383	839
1383	877
1383	935
1383	939
1383	945
1383	970
1383	1000
1383	1029
1383	1091
1383	1141
1383	1183
1383	1191
1383	1199
1383	1216
1383	1238
1383	1244
1383	1307
1383	1346
1383	1347
1383	1352
1383	1367
1383	1400
1383	1409
1383	1436
1383	1451
1383	1460
1383	1481
1384	10
1384	44
1384	151
1384	184
1384	211
1384	246
1384	258
1384	304
1384	327
1384	363
1384	365
1384	442
1384	449
1384	469
1384	492
1384	505
1384	525
1384	578
1384	605
1384	657
1384	712
1384	734
1384	764
1384	769
1384	785
1384	872
1384	876
1384	898
1384	900
1384	926
1384	950
1384	981
1384	1045
1384	1087
1384	1110
1384	1167
1384	1196
1384	1206
1384	1241
1384	1251
1384	1289
1384	1314
1384	1331
1384	1346
1384	1348
1384	1398
1384	1435
1384	1465
1384	1486
1384	1500
1385	1
1385	99
1385	157
1385	160
1385	208
1385	229
1385	233
1385	287
1385	317
1385	459
1385	460
1385	595
1385	655
1385	657
1385	714
1385	727
1385	747
1385	752
1385	836
1385	875
1385	950
1385	984
1385	1063
1385	1072
1385	1119
1385	1165
1385	1184
1385	1190
1385	1209
1385	1210
1385	1231
1385	1267
1385	1273
1385	1280
1385	1308
1385	1317
1385	1340
1385	1342
1385	1357
1385	1388
1385	1390
1385	1414
1385	1428
1385	1439
1385	1461
1385	1463
1385	1483
1385	1489
1385	1497
1385	1499
1386	68
1386	92
1386	98
1386	101
1386	155
1386	206
1386	229
1386	337
1386	379
1386	457
1386	546
1386	592
1386	609
1386	612
1386	683
1386	725
1386	737
1386	746
1386	844
1386	903
1386	975
1386	990
1386	1008
1386	1013
1386	1077
1386	1107
1386	1114
1386	1118
1386	1152
1386	1154
1386	1160
1386	1173
1386	1178
1386	1189
1386	1194
1386	1200
1386	1204
1386	1213
1386	1214
1386	1242
1386	1272
1386	1282
1386	1319
1386	1322
1386	1373
1386	1391
1386	1394
1386	1418
1386	1457
1386	1458
1387	62
1387	162
1387	175
1387	275
1387	309
1387	324
1387	405
1387	437
1387	451
1387	525
1387	554
1387	580
1387	593
1387	604
1387	686
1387	726
1387	787
1387	845
1387	856
1387	889
1387	907
1387	989
1387	995
1387	1023
1387	1025
1387	1028
1387	1084
1387	1099
1387	1176
1387	1189
1387	1190
1387	1197
1387	1227
1387	1280
1387	1284
1387	1294
1387	1303
1387	1332
1387	1355
1387	1359
1387	1379
1387	1380
1387	1388
1387	1399
1387	1417
1387	1424
1387	1433
1387	1445
1387	1449
1387	1473
1388	18
1388	30
1388	126
1388	153
1388	292
1388	419
1388	433
1388	462
1388	464
1388	498
1388	500
1388	503
1388	551
1388	591
1388	718
1388	734
1388	763
1388	800
1388	842
1388	852
1388	874
1388	895
1388	901
1388	934
1388	947
1388	974
1388	983
1388	1009
1388	1014
1388	1021
1388	1086
1388	1124
1388	1155
1388	1163
1388	1177
1388	1179
1388	1217
1388	1247
1388	1253
1388	1262
1388	1275
1388	1382
1388	1385
1388	1387
1388	1399
1388	1406
1388	1411
1388	1416
1388	1429
1388	1466
1389	108
1389	180
1389	242
1389	274
1389	307
1389	413
1389	470
1389	483
1389	520
1389	630
1389	679
1389	737
1389	790
1389	813
1389	818
1389	823
1389	828
1389	916
1389	961
1389	980
1389	1048
1389	1051
1389	1062
1389	1109
1389	1125
1389	1140
1389	1167
1389	1178
1389	1223
1389	1240
1389	1260
1389	1263
1389	1299
1389	1312
1389	1345
1389	1407
1389	1408
1389	1412
1389	1413
1389	1440
1389	1446
1389	1447
1389	1458
1389	1470
1389	1477
1389	1480
1389	1484
1389	1487
1389	1490
1389	1498
1390	158
1390	196
1390	297
1390	317
1390	407
1390	460
1390	467
1390	482
1390	655
1390	692
1390	699
1390	701
1390	738
1390	854
1390	870
1390	884
1390	930
1390	950
1390	965
1390	966
1390	977
1390	984
1390	1002
1390	1026
1390	1063
1390	1083
1390	1106
1390	1144
1390	1165
1390	1180
1390	1184
1390	1208
1390	1219
1390	1281
1390	1321
1390	1357
1390	1385
1390	1411
1390	1420
1390	1428
1390	1439
1390	1461
1390	1463
1390	1464
1390	1470
1390	1483
1390	1489
1390	1491
1390	1497
1390	1499
1391	68
1391	170
1391	206
1391	233
1391	307
1391	311
1391	339
1391	361
1391	362
1391	636
1391	643
1391	716
1391	748
1391	794
1391	807
1391	819
1391	844
1391	864
1391	879
1391	891
1391	903
1391	940
1391	975
1391	980
1391	1042
1391	1077
1391	1107
1391	1114
1391	1134
1391	1148
1391	1150
1391	1154
1391	1186
1391	1194
1391	1200
1391	1208
1391	1254
1391	1259
1391	1282
1391	1322
1391	1373
1391	1376
1391	1386
1391	1394
1391	1404
1391	1410
1391	1418
1391	1442
1391	1457
1391	1458
1391	1466
1392	53
1392	77
1392	140
1392	268
1392	286
1392	330
1392	338
1392	412
1392	430
1392	445
1392	447
1392	570
1392	608
1392	634
1392	693
1392	738
1392	844
1392	845
1392	893
1392	900
1392	907
1392	911
1392	913
1392	915
1392	921
1392	945
1392	948
1392	975
1392	1025
1392	1058
1392	1098
1392	1132
1392	1139
1392	1146
1392	1162
1392	1174
1392	1229
1392	1237
1392	1238
1392	1245
1392	1258
1392	1298
1392	1338
1392	1341
1392	1370
1392	1410
1392	1419
1392	1472
1392	1481
1392	1485
1392	1500
1393	120
1393	216
1393	345
1393	391
1393	435
1393	479
1393	502
1393	601
1393	625
1393	645
1393	671
1393	694
1393	717
1393	743
1393	758
1393	778
1393	808
1393	834
1393	835
1393	838
1393	846
1393	874
1393	895
1393	906
1393	967
1393	1004
1393	1018
1393	1021
1393	1023
1393	1113
1393	1137
1393	1140
1393	1168
1393	1180
1393	1185
1393	1195
1393	1202
1393	1250
1393	1262
1393	1305
1393	1326
1393	1344
1393	1349
1393	1378
1393	1423
1393	1427
1393	1465
1393	1481
1393	1482
1393	1491
1393	1494
1394	92
1394	206
1394	229
1394	284
1394	337
1394	423
1394	434
1394	510
1394	537
1394	556
1394	609
1394	641
1394	725
1394	746
1394	748
1394	819
1394	844
1394	864
1394	901
1394	903
1394	923
1394	924
1394	953
1394	954
1394	975
1394	990
1394	1013
1394	1058
1394	1079
1394	1107
1394	1136
1394	1152
1394	1160
1394	1172
1394	1186
1394	1194
1394	1242
1394	1259
1394	1322
1394	1328
1394	1346
1394	1347
1394	1361
1394	1373
1394	1386
1394	1391
1394	1404
1394	1418
1394	1435
1394	1458
1394	1466
1395	13
1395	31
1395	42
1395	76
1395	103
1395	118
1395	121
1395	143
1395	203
1395	218
1395	242
1395	436
1395	491
1395	499
1395	514
1395	530
1395	667
1395	671
1395	678
1395	682
1395	710
1395	819
1395	847
1395	848
1395	933
1395	970
1395	973
1395	996
1395	1019
1395	1030
1395	1106
1395	1129
1395	1149
1395	1156
1395	1164
1395	1166
1395	1290
1395	1320
1395	1323
1395	1324
1395	1329
1395	1356
1395	1360
1395	1366
1395	1368
1395	1371
1395	1400
1395	1429
1395	1447
1395	1458
1395	1490
1396	52
1396	111
1396	130
1396	181
1396	214
1396	237
1396	272
1396	280
1396	289
1396	294
1396	301
1396	329
1396	356
1396	388
1396	457
1396	489
1396	561
1396	611
1396	631
1396	639
1396	662
1396	712
1396	790
1396	980
1396	1048
1396	1051
1396	1056
1396	1057
1396	1062
1396	1114
1396	1131
1396	1173
1396	1181
1396	1223
1396	1263
1396	1278
1396	1299
1396	1312
1396	1345
1396	1355
1396	1365
1396	1407
1396	1427
1396	1447
1396	1468
1396	1470
1396	1477
1396	1484
1396	1487
1396	1490
1396	1498
1397	3
1397	106
1397	115
1397	128
1397	142
1397	152
1397	171
1397	190
1397	214
1397	322
1397	341
1397	353
1397	357
1397	432
1397	438
1397	491
1397	543
1397	552
1397	571
1397	592
1397	623
1397	651
1397	689
1397	765
1397	802
1397	803
1397	814
1397	824
1397	840
1397	867
1397	869
1397	892
1397	912
1397	918
1397	950
1397	992
1397	1041
1397	1062
1397	1087
1397	1161
1397	1212
1397	1235
1397	1271
1397	1291
1397	1323
1397	1403
1397	1407
1397	1425
1397	1437
1397	1477
1397	1483
1397	1494
1398	10
1398	90
1398	184
1398	211
1398	258
1398	261
1398	290
1398	304
1398	322
1398	327
1398	363
1398	384
1398	415
1398	449
1398	466
1398	472
1398	505
1398	578
1398	605
1398	652
1398	657
1398	697
1398	712
1398	734
1398	764
1398	785
1398	833
1398	842
1398	898
1398	900
1398	922
1398	926
1398	927
1398	944
1398	981
1398	1035
1398	1042
1398	1044
1398	1045
1398	1064
1398	1110
1398	1167
1398	1241
1398	1251
1398	1278
1398	1321
1398	1331
1398	1341
1398	1346
1398	1384
1398	1435
1398	1471
1399	28
1399	30
1399	95
1399	126
1399	153
1399	172
1399	419
1399	425
1399	439
1399	443
1399	462
1399	474
1399	498
1399	503
1399	507
1399	508
1399	547
1399	591
1399	720
1399	800
1399	801
1399	842
1399	852
1399	874
1399	895
1399	934
1399	974
1399	983
1399	986
1399	1009
1399	1014
1399	1019
1399	1031
1399	1047
1399	1058
1399	1177
1399	1217
1399	1253
1399	1254
1399	1262
1399	1264
1399	1275
1399	1284
1399	1387
1399	1388
1399	1402
1399	1406
1399	1411
1399	1416
1399	1425
1399	1429
1399	1438
1400	6
1400	124
1400	127
1400	131
1400	169
1400	176
1400	224
1400	253
1400	276
1400	293
1400	377
1400	406
1400	486
1400	617
1400	639
1400	669
1400	745
1400	773
1400	792
1400	822
1400	885
1400	888
1400	928
1400	1035
1400	1043
1400	1046
1400	1059
1400	1088
1400	1105
1400	1128
1400	1136
1400	1147
1400	1153
1400	1156
1400	1176
1400	1180
1400	1195
1400	1217
1400	1226
1400	1278
1400	1287
1400	1288
1400	1304
1400	1327
1400	1338
1400	1340
1400	1364
1400	1382
1400	1383
1400	1395
1400	1422
1400	1431
1401	81
1401	84
1401	138
1401	144
1401	159
1401	163
1401	245
1401	366
1401	389
1401	402
1401	419
1401	420
1401	424
1401	481
1401	534
1401	555
1401	579
1401	590
1401	635
1401	644
1401	648
1401	690
1401	696
1401	749
1401	786
1401	813
1401	815
1401	833
1401	855
1401	872
1401	893
1401	912
1401	960
1401	971
1401	1079
1401	1127
1401	1150
1401	1201
1401	1207
1401	1248
1401	1268
1401	1283
1401	1285
1401	1312
1401	1353
1401	1357
1401	1410
1401	1415
1401	1440
1401	1446
1401	1454
1401	1481
1402	164
1402	199
1402	200
1402	285
1402	287
1402	387
1402	403
1402	423
1402	465
1402	484
1402	573
1402	576
1402	611
1402	612
1402	633
1402	634
1402	650
1402	663
1402	672
1402	704
1402	710
1402	770
1402	804
1402	806
1402	866
1402	947
1402	972
1402	1003
1402	1017
1402	1075
1402	1082
1402	1085
1402	1092
1402	1121
1402	1129
1402	1130
1402	1142
1402	1267
1402	1319
1402	1333
1402	1336
1402	1343
1402	1362
1402	1399
1402	1408
1402	1453
1402	1454
1402	1470
1402	1472
1402	1475
1402	1476
1402	1478
1403	3
1403	106
1403	115
1403	142
1403	152
1403	190
1403	197
1403	214
1403	300
1403	320
1403	357
1403	438
1403	488
1403	543
1403	552
1403	571
1403	582
1403	592
1403	623
1403	651
1403	689
1403	765
1403	802
1403	814
1403	820
1403	824
1403	869
1403	873
1403	892
1403	918
1403	969
1403	992
1403	1087
1403	1125
1403	1130
1403	1161
1403	1193
1403	1212
1403	1235
1403	1243
1403	1251
1403	1271
1403	1291
1403	1316
1403	1323
1403	1337
1403	1341
1403	1351
1403	1368
1403	1397
1403	1408
1403	1458
1404	68
1404	71
1404	191
1404	268
1404	284
1404	307
1404	337
1404	339
1404	434
1404	581
1404	636
1404	671
1404	694
1404	716
1404	765
1404	773
1404	819
1404	844
1404	863
1404	864
1404	876
1404	931
1404	938
1404	940
1404	954
1404	975
1404	990
1404	1009
1404	1013
1404	1077
1404	1100
1404	1114
1404	1134
1404	1152
1404	1154
1404	1172
1404	1200
1404	1204
1404	1241
1404	1242
1404	1259
1404	1272
1404	1285
1404	1356
1404	1365
1404	1391
1404	1394
1404	1418
1404	1445
1404	1446
1404	1458
1404	1466
1405	41
1405	67
1405	133
1405	228
1405	250
1405	283
1405	352
1405	489
1405	499
1405	511
1405	527
1405	533
1405	570
1405	660
1405	669
1405	680
1405	740
1405	801
1405	829
1405	856
1405	886
1405	904
1405	914
1405	927
1405	962
1405	974
1405	1001
1405	1026
1405	1080
1405	1102
1405	1131
1405	1143
1405	1151
1405	1164
1405	1170
1405	1189
1405	1228
1405	1270
1405	1276
1405	1343
1405	1344
1405	1424
1405	1437
1405	1450
1405	1453
1405	1455
1405	1462
1405	1469
1405	1472
1405	1474
1405	1480
1405	1483
1405	1492
1406	18
1406	30
1406	32
1406	153
1406	381
1406	384
1406	408
1406	419
1406	439
1406	443
1406	462
1406	503
1406	507
1406	508
1406	547
1406	551
1406	562
1406	591
1406	718
1406	720
1406	763
1406	824
1406	852
1406	874
1406	895
1406	934
1406	940
1406	941
1406	974
1406	990
1406	1009
1406	1014
1406	1043
1406	1047
1406	1100
1406	1110
1406	1117
1406	1124
1406	1179
1406	1253
1406	1262
1406	1275
1406	1297
1406	1355
1406	1388
1406	1399
1406	1411
1406	1416
1406	1427
1406	1429
1406	1472
1406	1483
1406	1486
1407	126
1407	225
1407	291
1407	298
1407	343
1407	373
1407	415
1407	420
1407	457
1407	483
1407	514
1407	520
1407	587
1407	630
1407	679
1407	681
1407	688
1407	771
1407	813
1407	1012
1407	1048
1407	1051
1407	1174
1407	1201
1407	1223
1407	1263
1407	1278
1407	1299
1407	1312
1407	1332
1407	1336
1407	1345
1407	1347
1407	1365
1407	1389
1407	1396
1407	1397
1407	1409
1407	1412
1407	1413
1407	1430
1407	1443
1407	1447
1407	1448
1407	1451
1407	1468
1407	1470
1407	1477
1407	1480
1407	1484
1407	1487
1407	1490
1407	1498
1408	196
1408	200
1408	287
1408	318
1408	356
1408	387
1408	403
1408	423
1408	465
1408	484
1408	495
1408	540
1408	548
1408	557
1408	576
1408	598
1408	620
1408	633
1408	663
1408	672
1408	704
1408	770
1408	810
1408	863
1408	866
1408	941
1408	947
1408	972
1408	1003
1408	1075
1408	1082
1408	1085
1408	1092
1408	1121
1408	1142
1408	1253
1408	1275
1408	1333
1408	1336
1408	1362
1408	1379
1408	1389
1408	1402
1408	1403
1408	1417
1408	1454
1408	1467
1408	1475
1408	1476
1408	1478
1408	1491
1408	1498
1408	1500
1409	6
1409	20
1409	57
1409	63
1409	127
1409	154
1409	187
1409	208
1409	216
1409	225
1409	246
1409	267
1409	305
1409	311
1409	313
1409	386
1409	484
1409	544
1409	560
1409	613
1409	621
1409	626
1409	627
1409	695
1409	715
1409	728
1409	780
1409	826
1409	831
1409	836
1409	839
1409	924
1409	936
1409	985
1409	1051
1409	1062
1409	1070
1409	1071
1409	1113
1409	1123
1409	1222
1409	1246
1409	1308
1409	1318
1409	1327
1409	1331
1409	1337
1409	1341
1409	1358
1409	1383
1409	1407
1409	1415
1409	1447
1410	50
1410	63
1410	167
1410	266
1410	286
1410	338
1410	351
1410	372
1410	447
1410	497
1410	538
1410	586
1410	593
1410	637
1410	663
1410	673
1410	693
1410	712
1410	794
1410	910
1410	911
1410	921
1410	937
1410	976
1410	1025
1410	1098
1410	1132
1410	1139
1410	1146
1410	1159
1410	1174
1410	1192
1410	1218
1410	1224
1410	1229
1410	1237
1410	1258
1410	1265
1410	1298
1410	1341
1410	1369
1410	1370
1410	1391
1410	1392
1410	1401
1410	1418
1410	1419
1410	1444
1410	1450
1410	1472
1410	1493
1410	1495
1410	1500
1411	18
1411	30
1411	32
1411	206
1411	292
1411	294
1411	356
1411	408
1411	425
1411	439
1411	443
1411	498
1411	507
1411	547
1411	551
1411	591
1411	718
1411	720
1411	753
1411	759
1411	763
1411	800
1411	814
1411	842
1411	862
1411	874
1411	895
1411	934
1411	974
1411	983
1411	1009
1411	1014
1411	1031
1411	1051
1411	1116
1411	1124
1411	1177
1411	1179
1411	1253
1411	1262
1411	1275
1411	1371
1411	1375
1411	1380
1411	1388
1411	1390
1411	1399
1411	1406
1411	1416
1411	1429
1411	1446
1411	1468
1411	1472
1412	135
1412	163
1412	180
1412	373
1412	374
1412	390
1412	396
1412	413
1412	576
1412	605
1412	611
1412	630
1412	631
1412	681
1412	688
1412	698
1412	728
1412	823
1412	828
1412	963
1412	980
1412	1051
1412	1063
1412	1096
1412	1125
1412	1168
1412	1173
1412	1175
1412	1201
1412	1216
1412	1223
1412	1263
1412	1271
1412	1278
1412	1299
1412	1312
1412	1345
1412	1365
1412	1389
1412	1407
1412	1430
1412	1447
1412	1448
1412	1453
1412	1468
1412	1470
1412	1477
1412	1479
1412	1484
1412	1487
1412	1490
1412	1491
1412	1498
1413	48
1413	111
1413	125
1413	155
1413	274
1413	276
1413	301
1413	373
1413	416
1413	483
1413	547
1413	611
1413	630
1413	679
1413	681
1413	698
1413	742
1413	749
1413	790
1413	791
1413	813
1413	823
1413	824
1413	876
1413	916
1413	963
1413	980
1413	981
1413	1062
1413	1102
1413	1121
1413	1125
1413	1173
1413	1201
1413	1223
1413	1263
1413	1278
1413	1299
1413	1345
1413	1365
1413	1381
1413	1389
1413	1407
1413	1430
1413	1447
1413	1459
1413	1460
1413	1468
1413	1477
1413	1484
1413	1487
1413	1490
1413	1498
1414	85
1414	109
1414	147
1414	152
1414	161
1414	220
1414	250
1414	295
1414	337
1414	355
1414	359
1414	397
1414	435
1414	464
1414	501
1414	531
1414	564
1414	565
1414	589
1414	602
1414	622
1414	700
1414	768
1414	772
1414	796
1414	798
1414	808
1414	825
1414	862
1414	865
1414	868
1414	922
1414	982
1414	1037
1414	1053
1414	1073
1414	1117
1414	1126
1414	1135
1414	1155
1414	1205
1414	1220
1414	1232
1414	1292
1414	1300
1414	1324
1414	1325
1414	1354
1414	1361
1414	1363
1414	1385
1414	1418
1414	1453
1415	4
1415	41
1415	81
1415	119
1415	138
1415	144
1415	159
1415	163
1415	206
1415	231
1415	256
1415	259
1415	271
1415	277
1415	354
1415	366
1415	389
1415	392
1415	402
1415	424
1415	468
1415	555
1415	579
1415	590
1415	600
1415	635
1415	648
1415	696
1415	751
1415	786
1415	815
1415	833
1415	855
1415	912
1415	960
1415	971
1415	1037
1415	1071
1415	1127
1415	1150
1415	1180
1415	1196
1415	1207
1415	1221
1415	1248
1415	1249
1415	1341
1415	1401
1415	1409
1415	1427
1415	1440
1415	1446
1415	1484
1416	153
1416	233
1416	292
1416	351
1416	381
1416	408
1416	419
1416	425
1416	439
1416	443
1416	462
1416	498
1416	508
1416	547
1416	551
1416	691
1416	718
1416	720
1416	763
1416	800
1416	842
1416	852
1416	864
1416	874
1416	895
1416	934
1416	977
1416	1009
1416	1014
1416	1031
1416	1047
1416	1124
1416	1166
1416	1177
1416	1179
1416	1253
1416	1262
1416	1266
1416	1275
1416	1303
1416	1305
1416	1326
1416	1362
1416	1388
1416	1399
1416	1406
1416	1411
1416	1425
1416	1429
1416	1454
1416	1460
1416	1464
1416	1466
1417	62
1417	82
1417	86
1417	166
1417	251
1417	257
1417	269
1417	275
1417	394
1417	405
1417	523
1417	686
1417	807
1417	808
1417	816
1417	821
1417	872
1417	878
1417	894
1417	905
1417	989
1417	995
1417	1015
1417	1023
1417	1028
1417	1032
1417	1099
1417	1112
1417	1144
1417	1179
1417	1227
1417	1230
1417	1243
1417	1266
1417	1280
1417	1284
1417	1294
1417	1324
1417	1330
1417	1355
1417	1359
1417	1374
1417	1380
1417	1381
1417	1387
1417	1408
1417	1421
1417	1433
1417	1434
1417	1445
1417	1449
1417	1464
1417	1465
1417	1473
1418	8
1418	48
1418	66
1418	71
1418	233
1418	236
1418	243
1418	244
1418	434
1418	513
1418	626
1418	713
1418	716
1418	725
1418	819
1418	844
1418	877
1418	931
1418	940
1418	953
1418	954
1418	983
1418	1013
1418	1029
1418	1107
1418	1109
1418	1114
1418	1136
1418	1152
1418	1154
1418	1160
1418	1172
1418	1186
1418	1200
1418	1204
1418	1214
1418	1249
1418	1259
1418	1272
1418	1275
1418	1322
1418	1362
1418	1373
1418	1376
1418	1386
1418	1391
1418	1394
1418	1404
1418	1410
1418	1414
1418	1457
1418	1458
1418	1466
1418	1468
1419	227
1419	317
1419	344
1419	391
1419	472
1419	502
1419	521
1419	570
1419	664
1419	693
1419	708
1419	718
1419	761
1419	794
1419	853
1419	875
1419	907
1419	913
1419	919
1419	948
1419	969
1419	976
1419	1025
1419	1058
1419	1070
1419	1074
1419	1075
1419	1076
1419	1098
1419	1139
1419	1146
1419	1174
1419	1191
1419	1192
1419	1218
1419	1229
1419	1237
1419	1258
1419	1265
1419	1298
1419	1310
1419	1314
1419	1341
1419	1344
1419	1365
1419	1369
1419	1370
1419	1392
1419	1410
1419	1446
1419	1472
1419	1485
1419	1495
1419	1496
1420	7
1420	21
1420	35
1420	58
1420	97
1420	105
1420	113
1420	219
1420	248
1420	264
1420	265
1420	270
1420	292
1420	375
1420	428
1420	475
1420	476
1420	542
1420	572
1420	646
1420	647
1420	706
1420	711
1420	713
1420	739
1420	741
1420	760
1420	776
1420	881
1420	884
1420	902
1420	905
1420	922
1420	993
1420	1036
1420	1070
1420	1089
1420	1094
1420	1104
1420	1138
1420	1152
1420	1193
1420	1198
1420	1203
1420	1204
1420	1215
1420	1249
1420	1334
1420	1363
1420	1390
1420	1433
1420	1436
1420	1452
1420	1455
1421	149
1421	156
1421	268
1421	303
1421	335
1421	427
1421	471
1421	519
1421	543
1421	582
1421	588
1421	594
1421	642
1421	669
1421	685
1421	707
1421	719
1421	733
1421	825
1421	933
1421	942
1421	989
1421	1022
1421	1032
1421	1118
1421	1120
1421	1121
1421	1161
1421	1163
1421	1167
1421	1202
1421	1203
1421	1211
1421	1236
1421	1237
1421	1251
1421	1253
1421	1268
1421	1281
1421	1303
1421	1304
1421	1316
1421	1350
1421	1372
1421	1417
1421	1426
1421	1442
1421	1444
1421	1451
1421	1467
1421	1469
1421	1479
1421	1486
1421	1496
1422	16
1422	124
1422	156
1422	179
1422	239
1422	336
1422	341
1422	506
1422	539
1422	562
1422	627
1422	665
1422	676
1422	683
1422	687
1422	704
1422	721
1422	781
1422	809
1422	851
1422	853
1422	912
1422	944
1422	946
1422	962
1422	976
1422	979
1422	997
1422	1004
1422	1013
1422	1039
1422	1057
1422	1067
1422	1074
1422	1090
1422	1093
1422	1115
1422	1169
1422	1224
1422	1262
1422	1292
1422	1301
1422	1316
1422	1332
1422	1342
1422	1377
1422	1379
1422	1400
1422	1432
1422	1435
1422	1443
1422	1448
1422	1453
1422	1456
1423	11
1423	40
1423	72
1423	104
1423	117
1423	120
1423	132
1423	148
1423	192
1423	213
1423	230
1423	266
1423	404
1423	418
1423	440
1423	478
1423	497
1423	524
1423	546
1423	583
1423	587
1423	593
1423	615
1423	618
1423	669
1423	702
1423	722
1423	740
1423	756
1423	757
1423	789
1423	840
1423	873
1423	915
1423	949
1423	952
1423	966
1423	1032
1423	1037
1423	1038
1423	1056
1423	1112
1423	1168
1423	1171
1423	1187
1423	1213
1423	1240
1423	1279
1423	1312
1423	1335
1423	1375
1423	1393
1423	1425
1423	1434
1423	1476
1424	24
1424	43
1424	133
1424	237
1424	252
1424	279
1424	346
1424	357
1424	363
1424	446
1424	447
1424	460
1424	463
1424	489
1424	511
1424	529
1424	533
1424	538
1424	574
1424	680
1424	731
1424	750
1424	792
1424	829
1424	856
1424	886
1424	904
1424	923
1424	927
1424	956
1424	1001
1424	1017
1424	1026
1424	1066
1424	1102
1424	1131
1424	1143
1424	1148
1424	1206
1424	1235
1424	1264
1424	1270
1424	1271
1424	1273
1424	1276
1424	1387
1424	1405
1424	1436
1424	1437
1424	1441
1424	1450
1424	1453
1424	1469
1424	1480
1424	1492
1425	40
1425	104
1425	120
1425	132
1425	148
1425	192
1425	213
1425	230
1425	251
1425	404
1425	418
1425	427
1425	440
1425	478
1425	491
1425	497
1425	524
1425	546
1425	583
1425	593
1425	618
1425	696
1425	702
1425	722
1425	740
1425	756
1425	757
1425	789
1425	873
1425	877
1425	899
1425	915
1425	938
1425	949
1425	952
1425	966
1425	1024
1425	1032
1425	1037
1425	1056
1425	1150
1425	1163
1425	1171
1425	1187
1425	1279
1425	1335
1425	1343
1425	1345
1425	1375
1425	1397
1425	1399
1425	1416
1425	1423
1425	1477
1425	1487
1426	9
1426	71
1426	205
1426	249
1426	254
1426	319
1426	400
1426	427
1426	458
1426	471
1426	566
1426	575
1426	582
1426	588
1426	691
1426	707
1426	733
1426	752
1426	754
1426	766
1426	791
1426	796
1426	810
1426	933
1426	942
1426	991
1426	998
1426	1020
1426	1101
1426	1120
1426	1123
1426	1163
1426	1211
1426	1236
1426	1258
1426	1268
1426	1297
1426	1303
1426	1315
1426	1349
1426	1350
1426	1370
1426	1372
1426	1377
1426	1421
1426	1429
1426	1436
1426	1441
1426	1442
1426	1444
1426	1460
1426	1463
1426	1467
1426	1479
1426	1486
1426	1496
1427	64
1427	69
1427	110
1427	168
1427	315
1427	325
1427	391
1427	450
1427	453
1427	537
1427	585
1427	601
1427	612
1427	614
1427	625
1427	670
1427	704
1427	723
1427	736
1427	760
1427	803
1427	808
1427	846
1427	861
1427	899
1427	904
1427	906
1427	967
1427	1018
1427	1054
1427	1069
1427	1081
1427	1108
1427	1116
1427	1137
1427	1140
1427	1153
1427	1202
1427	1243
1427	1250
1427	1305
1427	1326
1427	1337
1427	1349
1427	1378
1427	1393
1427	1396
1427	1406
1427	1415
1427	1464
1427	1465
1427	1481
1427	1482
1427	1487
1427	1491
1427	1494
1428	32
1428	51
1428	140
1428	157
1428	160
1428	196
1428	247
1428	296
1428	317
1428	382
1428	406
1428	407
1428	452
1428	467
1428	528
1428	558
1428	595
1428	607
1428	655
1428	658
1428	686
1428	735
1428	747
1428	849
1428	854
1428	870
1428	875
1428	876
1428	882
1428	964
1428	980
1428	999
1428	1036
1428	1044
1428	1083
1428	1097
1428	1209
1428	1232
1428	1267
1428	1281
1428	1284
1428	1317
1428	1342
1428	1357
1428	1359
1428	1385
1428	1390
1428	1431
1428	1439
1428	1461
1428	1464
1428	1468
1428	1483
1428	1485
1428	1489
1428	1497
1428	1499
1429	18
1429	30
1429	126
1429	292
1429	381
1429	408
1429	419
1429	429
1429	462
1429	498
1429	503
1429	507
1429	508
1429	547
1429	551
1429	591
1429	623
1429	629
1429	720
1429	763
1429	800
1429	842
1429	852
1429	871
1429	874
1429	881
1429	895
1429	934
1429	974
1429	983
1429	991
1429	1009
1429	1014
1429	1031
1429	1047
1429	1094
1429	1124
1429	1142
1429	1177
1429	1179
1429	1210
1429	1217
1429	1253
1429	1262
1429	1270
1429	1274
1429	1282
1429	1307
1429	1365
1429	1388
1429	1395
1429	1399
1429	1406
1429	1411
1429	1416
1429	1426
1429	1453
1430	36
1430	52
1430	83
1430	107
1430	111
1430	366
1430	388
1430	451
1430	470
1430	483
1430	520
1430	526
1430	628
1430	631
1430	679
1430	688
1430	698
1430	715
1430	746
1430	748
1430	771
1430	813
1430	823
1430	828
1430	951
1430	980
1430	1012
1430	1048
1430	1051
1430	1052
1430	1056
1430	1062
1430	1147
1430	1173
1430	1201
1430	1223
1430	1263
1430	1268
1430	1273
1430	1278
1430	1284
1430	1299
1430	1312
1430	1315
1430	1345
1430	1365
1430	1407
1430	1412
1430	1413
1430	1447
1430	1461
1430	1462
1430	1468
1430	1470
1430	1477
1430	1484
1430	1487
1430	1498
1431	127
1431	131
1431	169
1431	173
1431	176
1431	201
1431	224
1431	262
1431	276
1431	293
1431	331
1431	377
1431	483
1431	486
1431	488
1431	500
1431	589
1431	617
1431	639
1431	720
1431	745
1431	773
1431	774
1431	792
1431	882
1431	885
1431	888
1431	928
1431	1004
1431	1024
1431	1035
1431	1043
1431	1046
1431	1059
1431	1090
1431	1105
1431	1113
1431	1122
1431	1128
1431	1143
1431	1147
1431	1153
1431	1176
1431	1180
1431	1195
1431	1217
1431	1226
1431	1256
1431	1287
1431	1288
1431	1304
1431	1338
1431	1346
1431	1364
1431	1382
1431	1400
1431	1428
1431	1484
1432	2
1432	16
1432	26
1432	143
1432	179
1432	239
1432	281
1432	336
1432	399
1432	461
1432	506
1432	518
1432	536
1432	541
1432	608
1432	662
1432	687
1432	744
1432	776
1432	851
1432	853
1432	946
1432	962
1432	979
1432	988
1432	1004
1432	1010
1432	1027
1432	1043
1432	1046
1432	1049
1432	1054
1432	1057
1432	1060
1432	1074
1432	1081
1432	1093
1432	1103
1432	1112
1432	1115
1432	1134
1432	1169
1432	1177
1432	1207
1432	1224
1432	1256
1432	1292
1432	1298
1432	1301
1432	1310
1432	1316
1432	1332
1432	1379
1432	1422
1432	1443
1432	1448
1432	1456
1432	1493
1433	36
1433	50
1433	99
1433	115
1433	175
1433	221
1433	257
1433	301
1433	326
1433	371
1433	383
1433	405
1433	541
1433	587
1433	604
1433	686
1433	751
1433	755
1433	783
1433	787
1433	807
1433	816
1433	821
1433	840
1433	847
1433	855
1433	878
1433	889
1433	894
1433	896
1433	995
1433	1028
1433	1084
1433	1122
1433	1189
1433	1190
1433	1227
1433	1230
1433	1266
1433	1280
1433	1294
1433	1336
1433	1355
1433	1359
1433	1374
1433	1380
1433	1387
1433	1417
1433	1420
1433	1434
1433	1445
1433	1449
1433	1456
1433	1471
1433	1473
1433	1488
1433	1492
1433	1496
1434	82
1434	86
1434	90
1434	166
1434	204
1434	236
1434	257
1434	309
1434	370
1434	372
1434	383
1434	385
1434	459
1434	523
1434	567
1434	580
1434	649
1434	674
1434	686
1434	750
1434	788
1434	807
1434	821
1434	847
1434	878
1434	889
1434	894
1434	922
1434	948
1434	959
1434	1023
1434	1028
1434	1084
1434	1122
1434	1189
1434	1197
1434	1227
1434	1230
1434	1236
1434	1246
1434	1266
1434	1280
1434	1294
1434	1315
1434	1350
1434	1351
1434	1355
1434	1359
1434	1380
1434	1417
1434	1423
1434	1433
1434	1445
1434	1449
1434	1471
1434	1473
1434	1481
1434	1488
1435	10
1435	55
1435	68
1435	151
1435	184
1435	258
1435	261
1435	290
1435	304
1435	321
1435	324
1435	327
1435	363
1435	384
1435	412
1435	419
1435	442
1435	449
1435	452
1435	469
1435	505
1435	525
1435	558
1435	578
1435	605
1435	652
1435	657
1435	712
1435	734
1435	764
1435	769
1435	785
1435	786
1435	857
1435	876
1435	888
1435	898
1435	900
1435	926
1435	944
1435	981
1435	1019
1435	1034
1435	1042
1435	1045
1435	1074
1435	1110
1435	1132
1435	1144
1435	1167
1435	1241
1435	1251
1435	1331
1435	1346
1435	1384
1435	1394
1435	1398
1435	1422
1435	1481
1436	7
1436	21
1436	49
1436	97
1436	105
1436	113
1436	122
1436	219
1436	248
1436	264
1436	265
1436	270
1436	348
1436	375
1436	417
1436	428
1436	475
1436	476
1436	542
1436	572
1436	647
1436	706
1436	711
1436	713
1436	716
1436	739
1436	741
1436	744
1436	789
1436	841
1436	881
1436	902
1436	905
1436	922
1436	938
1436	989
1436	993
1436	1036
1436	1075
1436	1089
1436	1096
1436	1138
1436	1198
1436	1213
1436	1215
1436	1261
1436	1278
1436	1318
1436	1334
1436	1350
1436	1355
1436	1363
1436	1368
1436	1383
1436	1420
1436	1424
1436	1426
1436	1452
1436	1481
1437	27
1437	67
1437	109
1437	112
1437	178
1437	185
1437	188
1437	228
1437	237
1437	252
1437	279
1437	281
1437	299
1437	378
1437	422
1437	450
1437	452
1437	463
1437	513
1437	526
1437	529
1437	533
1437	596
1437	601
1437	616
1437	664
1437	731
1437	798
1437	801
1437	829
1437	856
1437	904
1437	926
1437	956
1437	986
1437	1026
1437	1131
1437	1134
1437	1151
1437	1170
1437	1181
1437	1264
1437	1270
1437	1276
1437	1283
1437	1296
1437	1397
1437	1405
1437	1424
1437	1441
1437	1450
1437	1453
1437	1455
1437	1458
1437	1469
1437	1474
1437	1476
1437	1480
1437	1492
1438	5
1438	199
1438	213
1438	215
1438	235
1438	272
1438	302
1438	343
1438	354
1438	362
1438	365
1438	411
1438	417
1438	510
1438	540
1438	590
1438	627
1438	637
1438	727
1438	730
1438	732
1438	779
1438	782
1438	793
1438	796
1438	797
1438	804
1438	832
1438	837
1438	914
1438	943
1438	951
1438	958
1438	985
1438	1008
1438	1022
1438	1038
1438	1041
1438	1051
1438	1052
1438	1177
1438	1203
1438	1225
1438	1244
1438	1257
1438	1266
1438	1286
1438	1289
1438	1296
1438	1314
1438	1328
1438	1339
1438	1340
1438	1351
1438	1372
1438	1375
1438	1399
1438	1459
1438	1462
1438	1477
1439	99
1439	122
1439	140
1439	157
1439	196
1439	335
1439	342
1439	374
1439	406
1439	467
1439	517
1439	558
1439	588
1439	655
1439	692
1439	714
1439	722
1439	747
1439	834
1439	849
1439	854
1439	864
1439	870
1439	894
1439	912
1439	919
1439	922
1439	930
1439	950
1439	965
1439	977
1439	984
1439	1001
1439	1039
1439	1063
1439	1083
1439	1097
1439	1165
1439	1172
1439	1184
1439	1209
1439	1231
1439	1246
1439	1273
1439	1281
1439	1317
1439	1357
1439	1358
1439	1369
1439	1385
1439	1390
1439	1428
1439	1461
1439	1463
1439	1464
1439	1467
1439	1483
1439	1489
1439	1497
1439	1499
1440	81
1440	84
1440	93
1440	119
1440	138
1440	144
1440	159
1440	162
1440	163
1440	259
1440	271
1440	337
1440	366
1440	389
1440	392
1440	393
1440	402
1440	420
1440	424
1440	481
1440	515
1440	542
1440	555
1440	579
1440	590
1440	600
1440	613
1440	635
1440	648
1440	696
1440	751
1440	766
1440	786
1440	815
1440	833
1440	855
1440	872
1440	893
1440	912
1440	960
1440	969
1440	971
1440	1079
1440	1110
1440	1112
1440	1127
1440	1150
1440	1196
1440	1207
1440	1244
1440	1248
1440	1326
1440	1369
1440	1381
1440	1389
1440	1401
1440	1415
1440	1453
1440	1476
1440	1487
1441	17
1441	136
1441	185
1441	212
1441	228
1441	252
1441	299
1441	310
1441	340
1441	346
1441	366
1441	374
1441	402
1441	463
1441	489
1441	526
1441	527
1441	529
1441	533
1441	573
1441	574
1441	616
1441	680
1441	830
1441	856
1441	871
1441	908
1441	927
1441	956
1441	969
1441	1026
1441	1045
1441	1062
1441	1068
1441	1080
1441	1119
1441	1131
1441	1143
1441	1144
1441	1148
1441	1151
1441	1164
1441	1170
1441	1181
1441	1264
1441	1270
1441	1343
1441	1424
1441	1426
1441	1437
1441	1450
1441	1453
1441	1455
1441	1469
1441	1470
1441	1474
1441	1475
1441	1492
1441	1493
1441	1496
1442	66
1442	149
1442	161
1442	202
1442	221
1442	254
1442	266
1442	319
1442	335
1442	368
1442	400
1442	432
1442	466
1442	582
1442	594
1442	654
1442	656
1442	677
1442	691
1442	693
1442	699
1442	733
1442	752
1442	766
1442	776
1442	919
1442	933
1442	944
1442	998
1442	1020
1442	1022
1442	1028
1442	1069
1442	1101
1442	1104
1442	1105
1442	1120
1442	1155
1442	1159
1442	1162
1442	1163
1442	1203
1442	1211
1442	1236
1442	1268
1442	1303
1442	1315
1442	1318
1442	1350
1442	1372
1442	1391
1442	1421
1442	1426
1442	1444
1442	1451
1442	1460
1442	1467
1442	1479
1442	1486
1442	1496
1443	2
1443	179
1443	231
1443	239
1443	289
1443	296
1443	336
1443	340
1443	353
1443	430
1443	444
1443	461
1443	506
1443	518
1443	522
1443	540
1443	541
1443	546
1443	562
1443	577
1443	620
1443	622
1443	665
1443	676
1443	683
1443	761
1443	776
1443	851
1443	853
1443	856
1443	882
1443	932
1443	946
1443	997
1443	1004
1443	1039
1443	1049
1443	1057
1443	1060
1443	1073
1443	1074
1443	1090
1443	1093
1443	1115
1443	1191
1443	1219
1443	1256
1443	1266
1443	1285
1443	1292
1443	1315
1443	1332
1443	1352
1443	1379
1443	1407
1443	1422
1443	1432
1443	1448
1443	1456
1443	1475
1444	9
1444	43
1444	156
1444	254
1444	279
1444	294
1444	302
1444	303
1444	319
1444	335
1444	368
1444	391
1444	400
1444	432
1444	458
1444	466
1444	516
1444	566
1444	588
1444	653
1444	654
1444	656
1444	685
1444	719
1444	732
1444	733
1444	791
1444	806
1444	807
1444	933
1444	941
1444	942
1444	1020
1444	1022
1444	1079
1444	1087
1444	1101
1444	1118
1444	1120
1444	1211
1444	1231
1444	1236
1444	1253
1444	1266
1444	1268
1444	1315
1444	1332
1444	1350
1444	1372
1444	1410
1444	1421
1444	1426
1444	1442
1444	1450
1444	1451
1444	1460
1444	1465
1444	1467
1444	1479
1444	1486
1444	1496
1445	20
1445	49
1445	50
1445	62
1445	175
1445	207
1445	279
1445	309
1445	324
1445	328
1445	383
1445	405
1445	472
1445	517
1445	554
1445	556
1445	580
1445	674
1445	678
1445	750
1445	787
1445	807
1445	821
1445	847
1445	878
1445	889
1445	989
1445	995
1445	1023
1445	1028
1445	1031
1445	1084
1445	1091
1445	1122
1445	1190
1445	1197
1445	1207
1445	1230
1445	1243
1445	1245
1445	1266
1445	1280
1445	1284
1445	1300
1445	1321
1445	1336
1445	1355
1445	1359
1445	1367
1445	1374
1445	1380
1445	1387
1445	1404
1445	1417
1445	1433
1445	1434
1445	1471
1445	1473
1445	1479
1445	1487
1445	1488
1446	4
1446	60
1446	81
1446	84
1446	119
1446	138
1446	144
1446	163
1446	198
1446	214
1446	259
1446	271
1446	366
1446	389
1446	392
1446	402
1446	420
1446	424
1446	481
1446	515
1446	555
1446	579
1446	590
1446	600
1446	613
1446	635
1446	644
1446	648
1446	696
1446	751
1446	779
1446	786
1446	815
1446	833
1446	855
1446	872
1446	881
1446	893
1446	912
1446	960
1446	971
1446	1071
1446	1079
1446	1097
1446	1127
1446	1150
1446	1171
1446	1196
1446	1207
1446	1248
1446	1295
1446	1331
1446	1351
1446	1363
1446	1389
1446	1401
1446	1404
1446	1411
1446	1415
1446	1419
1446	1483
1447	108
1447	181
1447	242
1447	280
1447	302
1447	329
1447	396
1447	408
1447	415
1447	416
1447	457
1447	520
1447	526
1447	574
1447	611
1447	681
1447	698
1447	723
1447	750
1447	768
1447	771
1447	777
1447	790
1447	806
1447	916
1447	951
1447	999
1447	1048
1447	1062
1447	1125
1447	1126
1447	1157
1447	1173
1447	1201
1447	1223
1447	1230
1447	1261
1447	1263
1447	1277
1447	1278
1447	1299
1447	1312
1447	1316
1447	1322
1447	1345
1447	1365
1447	1389
1447	1395
1447	1396
1447	1407
1447	1409
1447	1412
1447	1413
1447	1430
1447	1468
1447	1470
1447	1477
1447	1481
1447	1484
1447	1487
1447	1490
1447	1498
1448	26
1448	59
1448	92
1448	94
1448	124
1448	179
1448	222
1448	317
1448	353
1448	399
1448	506
1448	518
1448	522
1448	541
1448	562
1448	577
1448	665
1448	676
1448	683
1448	687
1448	721
1448	776
1448	836
1448	853
1448	862
1448	882
1448	932
1448	946
1448	961
1448	1010
1448	1049
1448	1057
1448	1060
1448	1090
1448	1103
1448	1114
1448	1115
1448	1116
1448	1146
1448	1169
1448	1179
1448	1202
1448	1208
1448	1224
1448	1256
1448	1272
1448	1285
1448	1292
1448	1301
1448	1316
1448	1332
1448	1352
1448	1359
1448	1379
1448	1407
1448	1412
1448	1422
1448	1432
1448	1443
1448	1456
1448	1491
1448	1499
1449	62
1449	86
1449	112
1449	162
1449	166
1449	175
1449	333
1449	383
1449	405
1449	416
1449	523
1449	554
1449	567
1449	589
1449	598
1449	656
1449	750
1449	755
1449	783
1449	807
1449	816
1449	821
1449	878
1449	882
1449	894
1449	954
1449	976
1449	983
1449	995
1449	1030
1449	1047
1449	1084
1449	1099
1449	1111
1449	1122
1449	1150
1449	1174
1449	1184
1449	1189
1449	1190
1449	1197
1449	1230
1449	1243
1449	1266
1449	1280
1449	1284
1449	1294
1449	1318
1449	1320
1449	1355
1449	1359
1449	1374
1449	1380
1449	1387
1449	1417
1449	1433
1449	1434
1449	1451
1449	1471
1449	1473
1449	1476
1449	1495
1450	17
1450	67
1450	91
1450	133
1450	136
1450	155
1450	182
1450	185
1450	237
1450	252
1450	299
1450	310
1450	327
1450	473
1450	533
1450	606
1450	616
1450	669
1450	829
1450	830
1450	856
1450	871
1450	886
1450	904
1450	923
1450	927
1450	954
1450	984
1450	1080
1450	1102
1450	1104
1450	1121
1450	1131
1450	1143
1450	1148
1450	1153
1450	1164
1450	1170
1450	1181
1450	1210
1450	1236
1450	1264
1450	1270
1450	1276
1450	1295
1450	1299
1450	1322
1450	1371
1450	1405
1450	1410
1450	1424
1450	1437
1450	1441
1450	1444
1450	1453
1450	1455
1450	1469
1450	1474
1450	1480
1450	1484
1450	1485
1450	1492
1451	18
1451	29
1451	78
1451	149
1451	177
1451	202
1451	205
1451	221
1451	254
1451	400
1451	428
1451	457
1451	458
1451	466
1451	471
1451	516
1451	566
1451	582
1451	586
1451	588
1451	594
1451	685
1451	707
1451	710
1451	733
1451	752
1451	764
1451	772
1451	806
1451	840
1451	942
1451	998
1451	1020
1451	1022
1451	1056
1451	1101
1451	1107
1451	1118
1451	1120
1451	1158
1451	1163
1451	1203
1451	1211
1451	1236
1451	1261
1451	1292
1451	1303
1451	1315
1451	1350
1451	1372
1451	1383
1451	1407
1451	1421
1451	1442
1451	1444
1451	1449
1451	1460
1451	1467
1451	1473
1451	1479
1451	1486
1451	1496
1452	7
1452	21
1452	49
1452	58
1452	72
1452	97
1452	105
1452	113
1452	122
1452	204
1452	219
1452	248
1452	254
1452	264
1452	265
1452	270
1452	307
1452	375
1452	428
1452	475
1452	476
1452	521
1452	542
1452	563
1452	572
1452	647
1452	706
1452	711
1452	713
1452	739
1452	741
1452	744
1452	755
1452	785
1452	841
1452	881
1452	902
1452	905
1452	922
1452	948
1452	993
1452	1036
1452	1089
1452	1096
1452	1104
1452	1114
1452	1138
1452	1173
1452	1181
1452	1198
1452	1215
1452	1226
1452	1250
1452	1280
1452	1311
1452	1334
1452	1363
1452	1420
1452	1436
1452	1461
1452	1469
1452	1483
1452	1500
1453	17
1453	41
1453	43
1453	64
1453	168
1453	228
1453	270
1453	281
1453	283
1453	310
1453	340
1453	346
1453	422
1453	463
1453	468
1453	489
1453	511
1453	513
1453	529
1453	549
1453	574
1453	616
1453	680
1453	762
1453	794
1453	829
1453	852
1453	856
1453	871
1453	886
1453	904
1453	927
1453	949
1453	956
1453	989
1453	1001
1453	1080
1453	1093
1453	1143
1453	1151
1453	1264
1453	1270
1453	1276
1453	1366
1453	1402
1453	1405
1453	1412
1453	1414
1453	1422
1453	1424
1453	1429
1453	1437
1453	1440
1453	1441
1453	1450
1453	1455
1453	1464
1453	1469
1453	1474
1453	1480
1453	1492
1453	1498
1453	1499
1454	112
1454	125
1454	146
1454	164
1454	184
1454	272
1454	285
1454	287
1454	318
1454	324
1454	331
1454	334
1454	338
1454	356
1454	387
1454	403
1454	433
1454	484
1454	520
1454	540
1454	548
1454	576
1454	598
1454	603
1454	610
1454	612
1454	633
1454	663
1454	672
1454	711
1454	733
1454	770
1454	785
1454	866
1454	894
1454	941
1454	947
1454	972
1454	1003
1454	1075
1454	1082
1454	1085
1454	1092
1454	1121
1454	1129
1454	1142
1454	1293
1454	1319
1454	1325
1454	1333
1454	1336
1454	1362
1454	1367
1454	1375
1454	1401
1454	1402
1454	1408
1454	1416
1454	1475
1454	1476
1454	1478
1454	1479
1454	1484
1455	27
1455	77
1455	133
1455	185
1455	188
1455	212
1455	237
1455	279
1455	283
1455	438
1455	463
1455	473
1455	512
1455	513
1455	527
1455	529
1455	533
1455	616
1455	680
1455	801
1455	829
1455	830
1455	881
1455	904
1455	923
1455	927
1455	956
1455	978
1455	979
1455	1001
1455	1015
1455	1080
1455	1102
1455	1125
1455	1131
1455	1148
1455	1151
1455	1164
1455	1168
1455	1170
1455	1181
1455	1195
1455	1255
1455	1264
1455	1270
1455	1274
1455	1276
1455	1313
1455	1316
1455	1367
1455	1405
1455	1420
1455	1437
1455	1441
1455	1450
1455	1453
1455	1457
1455	1469
1455	1474
1455	1480
1455	1481
1455	1492
1455	1497
1456	59
1456	94
1456	136
1456	182
1456	222
1456	239
1456	241
1456	296
1456	327
1456	336
1456	353
1456	506
1456	541
1456	562
1456	567
1456	577
1456	620
1456	658
1456	665
1456	676
1456	678
1456	683
1456	708
1456	721
1456	781
1456	788
1456	819
1456	851
1456	882
1456	932
1456	946
1456	947
1456	962
1456	986
1456	997
1456	1004
1456	1010
1456	1049
1456	1057
1456	1060
1456	1074
1456	1090
1456	1093
1456	1103
1456	1115
1456	1221
1456	1223
1456	1237
1456	1285
1456	1292
1456	1301
1456	1316
1456	1319
1456	1332
1456	1355
1456	1356
1456	1379
1456	1422
1456	1432
1456	1433
1456	1443
1456	1448
1456	1458
1456	1496
1457	48
1457	101
1457	170
1457	191
1457	203
1457	223
1457	229
1457	244
1457	283
1457	284
1457	307
1457	337
1457	381
1457	388
1457	401
1457	493
1457	591
1457	609
1457	636
1457	716
1457	746
1457	803
1457	845
1457	903
1457	931
1457	953
1457	954
1457	975
1457	977
1457	990
1457	1012
1457	1013
1457	1041
1457	1077
1457	1107
1457	1112
1457	1114
1457	1134
1457	1136
1457	1146
1457	1152
1457	1154
1457	1160
1457	1186
1457	1194
1457	1200
1457	1204
1457	1213
1457	1214
1457	1242
1457	1255
1457	1259
1457	1272
1457	1282
1457	1293
1457	1358
1457	1373
1457	1386
1457	1391
1457	1418
1457	1455
1457	1458
1457	1466
1457	1486
1458	71
1458	101
1458	145
1458	179
1458	229
1458	233
1458	243
1458	337
1458	339
1458	361
1458	368
1458	401
1458	459
1458	581
1458	636
1458	716
1458	735
1458	746
1458	748
1458	819
1458	825
1458	834
1458	845
1458	864
1458	903
1458	931
1458	938
1458	944
1458	953
1458	954
1458	975
1458	990
1458	1013
1458	1030
1458	1107
1458	1114
1458	1134
1458	1136
1458	1154
1458	1172
1458	1184
1458	1186
1458	1194
1458	1214
1458	1242
1458	1272
1458	1322
1458	1331
1458	1368
1458	1373
1458	1386
1458	1389
1458	1391
1458	1394
1458	1395
1458	1403
1458	1404
1458	1418
1458	1437
1458	1456
1458	1457
1458	1466
1458	1489
1458	1494
1459	5
1459	14
1459	186
1459	199
1459	215
1459	235
1459	302
1459	343
1459	354
1459	358
1459	362
1459	365
1459	411
1459	510
1459	514
1459	522
1459	628
1459	637
1459	720
1459	730
1459	732
1459	753
1459	779
1459	782
1459	793
1459	797
1459	804
1459	832
1459	837
1459	889
1459	914
1459	943
1459	951
1459	958
1459	985
1459	1008
1459	1038
1459	1041
1459	1046
1459	1052
1459	1106
1459	1110
1459	1225
1459	1244
1459	1249
1459	1257
1459	1269
1459	1286
1459	1289
1459	1297
1459	1298
1459	1304
1459	1314
1459	1335
1459	1339
1459	1340
1459	1341
1459	1351
1459	1353
1459	1413
1459	1438
1459	1462
1459	1474
1459	1483
1460	9
1460	78
1460	149
1460	156
1460	254
1460	257
1460	265
1460	346
1460	400
1460	427
1460	432
1460	466
1460	471
1460	504
1460	519
1460	566
1460	588
1460	594
1460	599
1460	642
1460	654
1460	656
1460	691
1460	729
1460	740
1460	752
1460	763
1460	840
1460	933
1460	943
1460	968
1460	998
1460	1019
1460	1020
1460	1022
1460	1101
1460	1118
1460	1120
1460	1185
1460	1203
1460	1211
1460	1212
1460	1236
1460	1261
1460	1268
1460	1271
1460	1303
1460	1315
1460	1344
1460	1350
1460	1372
1460	1383
1460	1413
1460	1416
1460	1426
1460	1442
1460	1444
1460	1451
1460	1466
1460	1467
1460	1479
1460	1483
1460	1486
1460	1496
1461	44
1461	96
1461	99
1461	102
1461	196
1461	208
1461	226
1461	282
1461	374
1461	382
1461	406
1461	409
1461	459
1461	460
1461	473
1461	517
1461	558
1461	658
1461	669
1461	692
1461	699
1461	714
1461	720
1461	722
1461	804
1461	806
1461	834
1461	850
1461	854
1461	938
1461	950
1461	964
1461	965
1461	977
1461	984
1461	999
1461	1027
1461	1063
1461	1072
1461	1083
1461	1097
1461	1146
1461	1165
1461	1220
1461	1231
1461	1248
1461	1275
1461	1298
1461	1317
1461	1342
1461	1357
1461	1385
1461	1390
1461	1428
1461	1430
1461	1439
1461	1452
1461	1463
1461	1464
1461	1468
1461	1483
1461	1489
1461	1497
1461	1499
1462	5
1462	117
1462	186
1462	199
1462	215
1462	217
1462	235
1462	343
1462	354
1462	358
1462	362
1462	365
1462	411
1462	510
1462	549
1462	628
1462	637
1462	641
1462	727
1462	730
1462	732
1462	753
1462	761
1462	779
1462	782
1462	793
1462	797
1462	804
1462	832
1462	837
1462	892
1462	914
1462	943
1462	949
1462	951
1462	958
1462	985
1462	1001
1462	1006
1462	1008
1462	1038
1462	1041
1462	1052
1462	1089
1462	1225
1462	1248
1462	1257
1462	1268
1462	1286
1462	1289
1462	1291
1462	1314
1462	1339
1462	1340
1462	1351
1462	1368
1462	1369
1462	1377
1462	1405
1462	1430
1462	1438
1462	1459
1462	1466
1462	1480
1462	1492
1463	44
1463	51
1463	99
1463	157
1463	158
1463	247
1463	282
1463	297
1463	298
1463	330
1463	338
1463	347
1463	406
1463	409
1463	426
1463	452
1463	459
1463	517
1463	558
1463	580
1463	586
1463	652
1463	658
1463	692
1463	699
1463	714
1463	736
1463	834
1463	849
1463	870
1463	875
1463	964
1463	984
1463	999
1463	1046
1463	1060
1463	1063
1463	1072
1463	1083
1463	1097
1463	1138
1463	1165
1463	1170
1463	1198
1463	1209
1463	1231
1463	1267
1463	1273
1463	1310
1463	1320
1463	1342
1463	1357
1463	1380
1463	1385
1463	1390
1463	1426
1463	1439
1463	1461
1463	1464
1463	1468
1463	1477
1463	1483
1463	1489
1463	1497
1463	1499
1464	1
1464	74
1464	96
1464	99
1464	140
1464	160
1464	317
1464	340
1464	382
1464	452
1464	460
1464	482
1464	558
1464	595
1464	635
1464	658
1464	692
1464	701
1464	714
1464	747
1464	826
1464	830
1464	834
1464	849
1464	874
1464	875
1464	884
1464	954
1464	965
1464	977
1464	984
1464	999
1464	1063
1464	1072
1464	1083
1464	1097
1464	1100
1464	1165
1464	1201
1464	1205
1464	1209
1464	1231
1464	1234
1464	1252
1464	1259
1464	1261
1464	1273
1464	1281
1464	1314
1464	1317
1464	1340
1464	1342
1464	1357
1464	1390
1464	1416
1464	1417
1464	1427
1464	1428
1464	1439
1464	1453
1464	1461
1464	1463
1464	1489
1464	1493
1464	1497
1465	38
1465	64
1465	110
1465	194
1465	218
1465	243
1465	254
1465	260
1465	325
1465	391
1465	435
1465	441
1465	450
1465	453
1465	455
1465	502
1465	509
1465	537
1465	584
1465	609
1465	625
1465	694
1465	717
1465	736
1465	743
1465	758
1465	760
1465	767
1465	835
1465	861
1465	883
1465	887
1465	900
1465	906
1465	933
1465	967
1465	1018
1465	1069
1465	1097
1465	1116
1465	1137
1465	1144
1465	1165
1465	1168
1465	1171
1465	1174
1465	1178
1465	1202
1465	1243
1465	1250
1465	1305
1465	1326
1465	1334
1465	1344
1465	1349
1465	1378
1465	1384
1465	1393
1465	1417
1465	1427
1465	1444
1465	1481
1465	1482
1465	1491
1465	1494
1466	48
1466	68
1466	101
1466	170
1466	191
1466	206
1466	229
1466	243
1466	307
1466	310
1466	361
1466	379
1466	434
1466	571
1466	609
1466	636
1466	716
1466	725
1466	735
1466	746
1466	819
1466	844
1466	875
1466	896
1466	901
1466	931
1466	938
1466	940
1466	954
1466	967
1466	975
1466	981
1466	990
1466	1013
1466	1016
1466	1077
1466	1099
1466	1113
1466	1114
1466	1134
1466	1135
1466	1136
1466	1154
1466	1162
1466	1186
1466	1194
1466	1200
1466	1204
1466	1212
1466	1214
1466	1259
1466	1272
1466	1282
1466	1304
1466	1322
1466	1373
1466	1388
1466	1391
1466	1394
1466	1404
1466	1416
1466	1418
1466	1457
1466	1458
1466	1460
1466	1462
1467	5
1467	91
1467	136
1467	180
1467	202
1467	205
1467	254
1467	303
1467	319
1467	359
1467	368
1467	400
1467	432
1467	458
1467	466
1467	471
1467	504
1467	516
1467	582
1467	588
1467	594
1467	642
1467	656
1467	685
1467	691
1467	707
1467	708
1467	719
1467	752
1467	754
1467	791
1467	806
1467	840
1467	893
1467	942
1467	1011
1467	1020
1467	1032
1467	1052
1467	1101
1467	1117
1467	1118
1467	1120
1467	1163
1467	1166
1467	1196
1467	1202
1467	1203
1467	1211
1467	1236
1467	1302
1467	1315
1467	1372
1467	1408
1467	1421
1467	1426
1467	1439
1467	1442
1467	1444
1467	1451
1467	1460
1467	1478
1467	1480
1467	1482
1467	1486
1467	1496
1468	36
1468	52
1468	135
1468	180
1468	181
1468	242
1468	274
1468	280
1468	301
1468	396
1468	456
1468	476
1468	520
1468	526
1468	553
1468	583
1468	587
1468	679
1468	681
1468	688
1468	698
1468	813
1468	828
1468	829
1468	836
1468	916
1468	963
1468	977
1468	980
1468	985
1468	1012
1468	1048
1468	1059
1468	1062
1468	1069
1468	1125
1468	1173
1468	1183
1468	1201
1468	1208
1468	1250
1468	1254
1468	1256
1468	1259
1468	1278
1468	1299
1468	1312
1468	1345
1468	1364
1468	1365
1468	1396
1468	1407
1468	1411
1468	1412
1468	1413
1468	1418
1468	1428
1468	1430
1468	1447
1468	1461
1468	1463
1468	1470
1468	1477
1468	1484
1468	1490
1468	1498
1469	16
1469	27
1469	41
1469	70
1469	136
1469	168
1469	182
1469	186
1469	193
1469	212
1469	228
1469	252
1469	281
1469	309
1469	422
1469	511
1469	527
1469	529
1469	533
1469	538
1469	574
1469	594
1469	666
1469	708
1469	712
1469	731
1469	733
1469	800
1469	801
1469	830
1469	856
1469	871
1469	886
1469	904
1469	923
1469	927
1469	1024
1469	1026
1469	1080
1469	1102
1469	1131
1469	1143
1469	1148
1469	1164
1469	1170
1469	1181
1469	1215
1469	1227
1469	1242
1469	1270
1469	1315
1469	1330
1469	1380
1469	1405
1469	1421
1469	1424
1469	1437
1469	1441
1469	1450
1469	1452
1469	1453
1469	1455
1469	1474
1469	1480
1469	1482
1469	1492
1470	52
1470	107
1470	108
1470	130
1470	181
1470	228
1470	250
1470	294
1470	298
1470	301
1470	329
1470	373
1470	388
1470	413
1470	444
1470	456
1470	457
1470	470
1470	520
1470	526
1470	553
1470	597
1470	631
1470	679
1470	716
1470	749
1470	771
1470	777
1470	813
1470	823
1470	828
1470	926
1470	927
1470	1003
1470	1012
1470	1048
1470	1051
1470	1062
1470	1125
1470	1173
1470	1220
1470	1222
1470	1223
1470	1235
1470	1263
1470	1268
1470	1277
1470	1278
1470	1286
1470	1345
1470	1348
1470	1353
1470	1356
1470	1389
1470	1390
1470	1396
1470	1402
1470	1407
1470	1412
1470	1430
1470	1441
1470	1447
1470	1468
1470	1477
1470	1484
1470	1490
1470	1498
1471	22
1471	50
1471	60
1471	112
1471	130
1471	162
1471	166
1471	236
1471	240
1471	251
1471	269
1471	275
1471	328
1471	360
1471	385
1471	389
1471	451
1471	513
1471	523
1471	554
1471	556
1471	567
1471	580
1471	674
1471	686
1471	750
1471	755
1471	765
1471	783
1471	816
1471	821
1471	847
1471	889
1471	894
1471	940
1471	942
1471	952
1471	954
1471	995
1471	1023
1471	1077
1471	1088
1471	1099
1471	1122
1471	1162
1471	1197
1471	1212
1471	1227
1471	1230
1471	1243
1471	1266
1471	1280
1471	1287
1471	1310
1471	1355
1471	1359
1471	1361
1471	1372
1471	1374
1471	1380
1471	1398
1471	1433
1471	1434
1471	1445
1471	1449
1471	1473
1471	1488
1472	22
1472	34
1472	77
1472	167
1472	212
1472	217
1472	255
1472	286
1472	338
1472	348
1472	351
1472	364
1472	370
1472	372
1472	431
1472	472
1472	488
1472	521
1472	573
1472	586
1472	648
1472	673
1472	738
1472	761
1472	794
1472	798
1472	867
1472	907
1472	910
1472	911
1472	937
1472	969
1472	973
1472	998
1472	1011
1472	1025
1472	1031
1472	1043
1472	1058
1472	1132
1472	1146
1472	1162
1472	1174
1472	1192
1472	1229
1472	1237
1472	1257
1472	1258
1472	1265
1472	1278
1472	1298
1472	1324
1472	1341
1472	1369
1472	1370
1472	1392
1472	1402
1472	1405
1472	1406
1472	1410
1472	1411
1472	1419
1472	1485
1472	1493
1472	1495
1472	1496
1472	1500
1473	76
1473	82
1473	107
1473	112
1473	187
1473	236
1473	257
1473	269
1473	309
1473	333
1473	421
1473	451
1473	518
1473	554
1473	556
1473	567
1473	580
1473	681
1473	686
1473	755
1473	783
1473	787
1473	800
1473	807
1473	816
1473	821
1473	861
1473	868
1473	886
1473	896
1473	913
1473	989
1473	995
1473	1015
1473	1023
1473	1028
1473	1033
1473	1084
1473	1099
1473	1122
1473	1175
1473	1189
1473	1190
1473	1197
1473	1227
1473	1230
1473	1243
1473	1266
1473	1284
1473	1294
1473	1319
1473	1335
1473	1348
1473	1355
1473	1359
1473	1374
1473	1387
1473	1417
1473	1433
1473	1434
1473	1445
1473	1449
1473	1451
1473	1471
1473	1475
1473	1488
1473	1495
1474	20
1474	41
1474	167
1474	178
1474	182
1474	212
1474	237
1474	283
1474	299
1474	300
1474	310
1474	340
1474	346
1474	404
1474	414
1474	422
1474	473
1474	511
1474	527
1474	529
1474	533
1474	574
1474	616
1474	662
1474	669
1474	830
1474	856
1474	871
1474	923
1474	927
1474	955
1474	956
1474	1001
1474	1007
1474	1026
1474	1080
1474	1085
1474	1102
1474	1143
1474	1148
1474	1151
1474	1164
1474	1165
1474	1170
1474	1178
1474	1181
1474	1247
1474	1264
1474	1270
1474	1276
1474	1309
1474	1319
1474	1337
1474	1346
1474	1351
1474	1353
1474	1405
1474	1437
1474	1441
1474	1450
1474	1453
1474	1455
1474	1459
1474	1469
1474	1480
1474	1486
1474	1492
1475	28
1475	58
1475	125
1475	146
1475	164
1475	200
1475	246
1475	272
1475	285
1475	287
1475	331
1475	334
1475	356
1475	387
1475	403
1475	423
1475	433
1475	453
1475	465
1475	522
1475	540
1475	548
1475	576
1475	598
1475	612
1475	633
1475	663
1475	672
1475	702
1475	704
1475	770
1475	866
1475	899
1475	935
1475	941
1475	947
1475	969
1475	972
1475	988
1475	1003
1475	1075
1475	1082
1475	1085
1475	1092
1475	1118
1475	1121
1475	1129
1475	1138
1475	1142
1475	1184
1475	1226
1475	1301
1475	1308
1475	1319
1475	1333
1475	1336
1475	1357
1475	1362
1475	1402
1475	1408
1475	1441
1475	1443
1475	1454
1475	1473
1475	1476
1475	1478
1475	1480
1476	28
1476	125
1476	146
1476	164
1476	200
1476	272
1476	285
1476	287
1476	318
1476	331
1476	334
1476	356
1476	387
1476	403
1476	409
1476	423
1476	433
1476	465
1476	484
1476	507
1476	524
1476	540
1476	548
1476	560
1476	576
1476	598
1476	609
1476	612
1476	633
1476	652
1476	663
1476	672
1476	686
1476	700
1476	704
1476	768
1476	866
1476	941
1476	947
1476	961
1476	972
1476	1003
1476	1040
1476	1075
1476	1082
1476	1085
1476	1092
1476	1121
1476	1129
1476	1142
1476	1188
1476	1213
1476	1274
1476	1286
1476	1319
1476	1321
1476	1333
1476	1336
1476	1362
1476	1402
1476	1408
1476	1423
1476	1437
1476	1440
1476	1449
1476	1454
1476	1475
1476	1478
1477	108
1477	111
1477	180
1477	242
1477	270
1477	271
1477	274
1477	280
1477	289
1477	301
1477	328
1477	388
1477	413
1477	456
1477	483
1477	526
1477	572
1477	594
1477	630
1477	631
1477	672
1477	679
1477	681
1477	698
1477	771
1477	777
1477	813
1477	828
1477	829
1477	964
1477	980
1477	1012
1477	1048
1477	1051
1477	1062
1477	1125
1477	1143
1477	1160
1477	1199
1477	1201
1477	1223
1477	1263
1477	1269
1477	1278
1477	1299
1477	1315
1477	1345
1477	1357
1477	1363
1477	1365
1477	1389
1477	1396
1477	1397
1477	1407
1477	1412
1477	1413
1477	1425
1477	1430
1477	1438
1477	1447
1477	1463
1477	1468
1477	1470
1477	1484
1477	1487
1477	1490
1477	1496
1477	1498
1478	28
1478	106
1478	125
1478	127
1478	146
1478	164
1478	200
1478	225
1478	272
1478	285
1478	287
1478	312
1478	318
1478	331
1478	334
1478	356
1478	385
1478	387
1478	403
1478	423
1478	433
1478	465
1478	484
1478	540
1478	548
1478	576
1478	598
1478	612
1478	633
1478	663
1478	672
1478	697
1478	704
1478	770
1478	855
1478	866
1478	941
1478	947
1478	949
1478	972
1478	1001
1478	1003
1478	1018
1478	1075
1478	1082
1478	1085
1478	1092
1478	1121
1478	1123
1478	1129
1478	1142
1478	1160
1478	1179
1478	1218
1478	1245
1478	1263
1478	1273
1478	1319
1478	1326
1478	1333
1478	1336
1478	1362
1478	1402
1478	1408
1478	1454
1478	1467
1478	1475
1478	1476
1478	1499
1479	9
1479	78
1479	149
1479	202
1479	220
1479	221
1479	242
1479	268
1479	273
1479	303
1479	319
1479	335
1479	368
1479	427
1479	432
1479	466
1479	494
1479	516
1479	532
1479	566
1479	588
1479	605
1479	606
1479	642
1479	651
1479	654
1479	656
1479	685
1479	691
1479	707
1479	752
1479	766
1479	782
1479	806
1479	840
1479	979
1479	998
1479	1020
1479	1022
1479	1045
1479	1069
1479	1101
1479	1118
1479	1120
1479	1163
1479	1203
1479	1211
1479	1221
1479	1236
1479	1268
1479	1287
1479	1315
1479	1350
1479	1372
1479	1374
1479	1376
1479	1380
1479	1412
1479	1421
1479	1426
1479	1442
1479	1444
1479	1445
1479	1451
1479	1454
1479	1460
1479	1481
1479	1486
1479	1496
1480	17
1480	30
1480	41
1480	43
1480	67
1480	70
1480	188
1480	237
1480	279
1480	283
1480	299
1480	334
1480	340
1480	346
1480	422
1480	438
1480	468
1480	473
1480	489
1480	513
1480	527
1480	529
1480	533
1480	574
1480	669
1480	704
1480	731
1480	801
1480	829
1480	830
1480	856
1480	886
1480	918
1480	923
1480	953
1480	956
1480	1026
1480	1080
1480	1102
1480	1126
1480	1131
1480	1148
1480	1151
1480	1164
1480	1170
1480	1239
1480	1264
1480	1270
1480	1309
1480	1311
1480	1324
1480	1365
1480	1369
1480	1380
1480	1389
1480	1405
1480	1407
1480	1424
1480	1437
1480	1450
1480	1453
1480	1455
1480	1462
1480	1467
1480	1469
1480	1474
1480	1475
1480	1482
1480	1492
1481	38
1481	64
1481	223
1481	263
1481	311
1481	325
1481	345
1481	435
1481	455
1481	479
1481	495
1481	502
1481	537
1481	601
1481	605
1481	607
1481	614
1481	625
1481	670
1481	685
1481	694
1481	717
1481	723
1481	743
1481	758
1481	808
1481	835
1481	838
1481	846
1481	861
1481	879
1481	887
1481	903
1481	949
1481	967
1481	1018
1481	1021
1481	1081
1481	1137
1481	1140
1481	1144
1481	1164
1481	1168
1481	1197
1481	1199
1481	1202
1481	1212
1481	1269
1481	1305
1481	1326
1481	1344
1481	1348
1481	1349
1481	1378
1481	1383
1481	1392
1481	1393
1481	1401
1481	1427
1481	1434
1481	1435
1481	1436
1481	1447
1481	1455
1481	1465
1481	1479
1481	1482
1481	1491
1481	1494
1482	14
1482	38
1482	128
1482	223
1482	246
1482	263
1482	275
1482	325
1482	345
1482	435
1482	450
1482	453
1482	455
1482	479
1482	495
1482	496
1482	497
1482	502
1482	509
1482	584
1482	585
1482	607
1482	614
1482	645
1482	653
1482	717
1482	723
1482	743
1482	760
1482	808
1482	838
1482	861
1482	883
1482	887
1482	899
1482	906
1482	965
1482	1018
1482	1021
1482	1044
1482	1081
1482	1086
1482	1090
1482	1115
1482	1116
1482	1137
1482	1140
1482	1144
1482	1155
1482	1177
1482	1214
1482	1250
1482	1252
1482	1282
1482	1305
1482	1326
1482	1344
1482	1349
1482	1378
1482	1393
1482	1427
1482	1465
1482	1467
1482	1469
1482	1480
1482	1481
1482	1491
1482	1494
1482	1495
1483	51
1483	99
1483	157
1483	158
1483	208
1483	253
1483	347
1483	374
1483	406
1483	407
1483	445
1483	459
1483	460
1483	517
1483	555
1483	558
1483	595
1483	658
1483	681
1483	699
1483	714
1483	735
1483	747
1483	761
1483	849
1483	854
1483	870
1483	875
1483	884
1483	947
1483	950
1483	965
1483	977
1483	984
1483	988
1483	999
1483	1010
1483	1063
1483	1072
1483	1083
1483	1165
1483	1184
1483	1208
1483	1222
1483	1231
1483	1267
1483	1273
1483	1317
1483	1342
1483	1357
1483	1376
1483	1382
1483	1385
1483	1390
1483	1397
1483	1405
1483	1406
1483	1428
1483	1439
1483	1446
1483	1452
1483	1459
1483	1460
1483	1461
1483	1463
1483	1489
1483	1494
1483	1497
1483	1499
1484	53
1484	67
1484	108
1484	111
1484	180
1484	181
1484	201
1484	242
1484	289
1484	294
1484	329
1484	373
1484	391
1484	407
1484	415
1484	416
1484	456
1484	457
1484	474
1484	483
1484	520
1484	526
1484	580
1484	587
1484	622
1484	630
1484	631
1484	679
1484	681
1484	688
1484	698
1484	724
1484	748
1484	771
1484	777
1484	823
1484	828
1484	916
1484	1012
1484	1048
1484	1051
1484	1110
1484	1125
1484	1161
1484	1170
1484	1173
1484	1223
1484	1270
1484	1292
1484	1312
1484	1334
1484	1345
1484	1361
1484	1365
1484	1389
1484	1396
1484	1407
1484	1412
1484	1413
1484	1415
1484	1430
1484	1431
1484	1447
1484	1450
1484	1454
1484	1468
1484	1470
1484	1477
1484	1487
1484	1490
1484	1498
1485	22
1485	34
1485	75
1485	137
1485	167
1485	227
1485	306
1485	340
1485	344
1485	351
1485	364
1485	412
1485	424
1485	488
1485	521
1485	568
1485	578
1485	586
1485	618
1485	673
1485	693
1485	708
1485	723
1485	738
1485	761
1485	859
1485	907
1485	910
1485	911
1485	913
1485	919
1485	921
1485	930
1485	937
1485	948
1485	964
1485	969
1485	976
1485	993
1485	1017
1485	1025
1485	1058
1485	1098
1485	1132
1485	1139
1485	1146
1485	1163
1485	1170
1485	1174
1485	1191
1485	1218
1485	1229
1485	1237
1485	1258
1485	1265
1485	1298
1485	1310
1485	1312
1485	1341
1485	1369
1485	1370
1485	1392
1485	1419
1485	1428
1485	1450
1485	1472
1485	1487
1485	1493
1485	1495
1485	1498
1485	1500
1486	9
1486	78
1486	156
1486	205
1486	221
1486	254
1486	303
1486	319
1486	415
1486	427
1486	458
1486	471
1486	504
1486	506
1486	509
1486	519
1486	582
1486	594
1486	642
1486	651
1486	656
1486	691
1486	707
1486	719
1486	754
1486	766
1486	771
1486	791
1486	806
1486	849
1486	865
1486	933
1486	942
1486	998
1486	1007
1486	1020
1486	1022
1486	1038
1486	1101
1486	1118
1486	1120
1486	1153
1486	1163
1486	1203
1486	1208
1486	1211
1486	1217
1486	1218
1486	1236
1486	1242
1486	1255
1486	1257
1486	1268
1486	1315
1486	1343
1486	1350
1486	1372
1486	1384
1486	1406
1486	1421
1486	1426
1486	1442
1486	1444
1486	1451
1486	1457
1486	1460
1486	1467
1486	1474
1486	1479
1486	1495
1486	1496
1487	36
1487	52
1487	111
1487	130
1487	135
1487	166
1487	180
1487	242
1487	289
1487	298
1487	329
1487	388
1487	413
1487	415
1487	416
1487	450
1487	457
1487	470
1487	499
1487	520
1487	545
1487	553
1487	565
1487	611
1487	625
1487	679
1487	681
1487	698
1487	776
1487	792
1487	813
1487	823
1487	828
1487	887
1487	916
1487	931
1487	963
1487	980
1487	983
1487	1012
1487	1051
1487	1062
1487	1125
1487	1156
1487	1173
1487	1201
1487	1212
1487	1223
1487	1263
1487	1267
1487	1272
1487	1278
1487	1299
1487	1308
1487	1365
1487	1389
1487	1396
1487	1407
1487	1412
1487	1413
1487	1425
1487	1427
1487	1430
1487	1440
1487	1445
1487	1447
1487	1477
1487	1484
1487	1485
1487	1490
1487	1498
1488	50
1488	60
1488	66
1488	162
1488	175
1488	236
1488	251
1488	257
1488	264
1488	309
1488	324
1488	333
1488	385
1488	418
1488	451
1488	523
1488	554
1488	576
1488	580
1488	582
1488	604
1488	674
1488	686
1488	750
1488	787
1488	821
1488	834
1488	869
1488	878
1488	889
1488	894
1488	962
1488	988
1488	989
1488	995
1488	1023
1488	1028
1488	1084
1488	1099
1488	1120
1488	1122
1488	1146
1488	1153
1488	1162
1488	1163
1488	1167
1488	1189
1488	1190
1488	1197
1488	1213
1488	1227
1488	1230
1488	1243
1488	1250
1488	1266
1488	1279
1488	1280
1488	1284
1488	1291
1488	1294
1488	1309
1488	1355
1488	1359
1488	1374
1488	1379
1488	1380
1488	1433
1488	1434
1488	1445
1488	1471
1488	1473
1489	1
1489	23
1489	44
1489	51
1489	129
1489	140
1489	160
1489	183
1489	196
1489	247
1489	347
1489	351
1489	374
1489	382
1489	407
1489	452
1489	459
1489	467
1489	482
1489	558
1489	655
1489	658
1489	699
1489	714
1489	763
1489	791
1489	826
1489	834
1489	838
1489	872
1489	875
1489	884
1489	908
1489	945
1489	950
1489	964
1489	977
1489	999
1489	1023
1489	1063
1489	1072
1489	1083
1489	1097
1489	1165
1489	1180
1489	1184
1489	1200
1489	1209
1489	1231
1489	1258
1489	1267
1489	1273
1489	1281
1489	1303
1489	1321
1489	1357
1489	1359
1489	1363
1489	1371
1489	1385
1489	1390
1489	1428
1489	1439
1489	1458
1489	1461
1489	1463
1489	1464
1489	1483
1489	1494
1489	1497
1489	1499
1490	52
1490	97
1490	107
1490	110
1490	111
1490	135
1490	159
1490	170
1490	274
1490	280
1490	289
1490	294
1490	298
1490	329
1490	373
1490	396
1490	413
1490	415
1490	443
1490	456
1490	457
1490	483
1490	520
1490	526
1490	540
1490	584
1490	631
1490	645
1490	679
1490	688
1490	790
1490	813
1490	828
1490	863
1490	909
1490	916
1490	963
1490	980
1490	1012
1490	1048
1490	1051
1490	1062
1490	1094
1490	1125
1490	1173
1490	1245
1490	1252
1490	1255
1490	1263
1490	1276
1490	1289
1490	1295
1490	1306
1490	1312
1490	1317
1490	1345
1490	1375
1490	1389
1490	1395
1490	1396
1490	1407
1490	1412
1490	1413
1490	1447
1490	1468
1490	1470
1490	1477
1490	1484
1490	1487
1490	1498
1490	1499
1491	39
1491	64
1491	69
1491	128
1491	218
1491	223
1491	251
1491	263
1491	291
1491	310
1491	345
1491	413
1491	435
1491	450
1491	453
1491	455
1491	479
1491	502
1491	584
1491	585
1491	601
1491	607
1491	625
1491	670
1491	694
1491	717
1491	723
1491	736
1491	758
1491	760
1491	761
1491	767
1491	775
1491	791
1491	846
1491	883
1491	887
1491	899
1491	908
1491	910
1491	967
1491	1081
1491	1091
1491	1116
1491	1137
1491	1140
1491	1144
1491	1168
1491	1169
1491	1176
1491	1185
1491	1202
1491	1250
1491	1262
1491	1281
1491	1305
1491	1326
1491	1344
1491	1349
1491	1376
1491	1378
1491	1390
1491	1393
1491	1408
1491	1412
1491	1427
1491	1448
1491	1465
1491	1481
1491	1482
1491	1493
1491	1494
1492	2
1492	17
1492	28
1492	43
1492	174
1492	178
1492	212
1492	228
1492	252
1492	279
1492	283
1492	310
1492	325
1492	333
1492	340
1492	346
1492	369
1492	376
1492	380
1492	422
1492	428
1492	439
1492	453
1492	468
1492	473
1492	508
1492	511
1492	513
1492	529
1492	533
1492	574
1492	669
1492	680
1492	701
1492	703
1492	783
1492	801
1492	829
1492	830
1492	871
1492	886
1492	923
1492	927
1492	956
1492	995
1492	1001
1492	1020
1492	1026
1492	1080
1492	1102
1492	1131
1492	1143
1492	1148
1492	1164
1492	1181
1492	1270
1492	1276
1492	1305
1492	1325
1492	1405
1492	1424
1492	1433
1492	1437
1492	1441
1492	1450
1492	1453
1492	1455
1492	1462
1492	1469
1492	1474
1492	1480
1492	1495
1493	21
1493	22
1493	34
1493	77
1493	137
1493	147
1493	150
1493	227
1493	255
1493	264
1493	266
1493	338
1493	344
1493	351
1493	364
1493	370
1493	445
1493	447
1493	472
1493	488
1493	490
1493	521
1493	553
1493	586
1493	634
1493	658
1493	770
1493	842
1493	897
1493	907
1493	911
1493	913
1493	919
1493	921
1493	933
1493	937
1493	948
1493	969
1493	976
1493	1025
1493	1058
1493	1098
1493	1109
1493	1132
1493	1139
1493	1146
1493	1157
1493	1162
1493	1174
1493	1192
1493	1229
1493	1237
1493	1238
1493	1258
1493	1265
1493	1266
1493	1271
1493	1298
1493	1310
1493	1341
1493	1361
1493	1369
1493	1370
1493	1410
1493	1432
1493	1441
1493	1464
1493	1472
1493	1485
1493	1491
1493	1495
1493	1500
1494	69
1494	110
1494	148
1494	223
1494	263
1494	345
1494	428
1494	435
1494	450
1494	453
1494	479
1494	495
1494	537
1494	585
1494	601
1494	607
1494	614
1494	623
1494	645
1494	694
1494	717
1494	723
1494	736
1494	758
1494	760
1494	808
1494	835
1494	846
1494	861
1494	883
1494	884
1494	887
1494	896
1494	899
1494	906
1494	967
1494	991
1494	1021
1494	1034
1494	1060
1494	1069
1494	1081
1494	1116
1494	1128
1494	1137
1494	1140
1494	1141
1494	1144
1494	1156
1494	1168
1494	1170
1494	1182
1494	1191
1494	1202
1494	1277
1494	1305
1494	1326
1494	1329
1494	1344
1494	1376
1494	1378
1494	1393
1494	1397
1494	1427
1494	1458
1494	1465
1494	1481
1494	1482
1494	1483
1494	1489
1494	1491
1494	1500
1495	22
1495	77
1495	80
1495	90
1495	137
1495	217
1495	255
1495	266
1495	286
1495	345
1495	364
1495	370
1495	372
1495	376
1495	406
1495	412
1495	445
1495	447
1495	472
1495	486
1495	516
1495	521
1495	557
1495	586
1495	634
1495	673
1495	708
1495	738
1495	761
1495	794
1495	907
1495	911
1495	919
1495	921
1495	937
1495	948
1495	955
1495	969
1495	1025
1495	1030
1495	1058
1495	1069
1495	1098
1495	1132
1495	1139
1495	1140
1495	1162
1495	1166
1495	1174
1495	1192
1495	1218
1495	1237
1495	1258
1495	1265
1495	1298
1495	1310
1495	1311
1495	1334
1495	1341
1495	1354
1495	1369
1495	1410
1495	1419
1495	1449
1495	1472
1495	1473
1495	1482
1495	1485
1495	1486
1495	1492
1495	1493
1495	1498
1495	1500
1496	78
1496	149
1496	156
1496	178
1496	202
1496	205
1496	221
1496	266
1496	268
1496	303
1496	319
1496	335
1496	400
1496	432
1496	457
1496	471
1496	516
1496	519
1496	582
1496	588
1496	594
1496	654
1496	664
1496	685
1496	687
1496	691
1496	719
1496	727
1496	733
1496	752
1496	766
1496	791
1496	806
1496	820
1496	933
1496	942
1496	987
1496	998
1496	1020
1496	1054
1496	1084
1496	1095
1496	1099
1496	1101
1496	1118
1496	1120
1496	1163
1496	1203
1496	1211
1496	1268
1496	1281
1496	1288
1496	1303
1496	1315
1496	1333
1496	1343
1496	1350
1496	1372
1496	1419
1496	1421
1496	1426
1496	1433
1496	1441
1496	1442
1496	1444
1496	1451
1496	1456
1496	1460
1496	1467
1496	1472
1496	1477
1496	1479
1496	1486
1497	17
1497	44
1497	74
1497	129
1497	140
1497	149
1497	196
1497	208
1497	282
1497	293
1497	297
1497	316
1497	317
1497	335
1497	347
1497	374
1497	382
1497	409
1497	452
1497	463
1497	467
1497	482
1497	542
1497	558
1497	560
1497	568
1497	595
1497	644
1497	692
1497	699
1497	701
1497	834
1497	870
1497	884
1497	893
1497	896
1497	920
1497	964
1497	965
1497	984
1497	999
1497	1063
1497	1072
1497	1083
1497	1097
1497	1125
1497	1148
1497	1181
1497	1184
1497	1209
1497	1231
1497	1236
1497	1267
1497	1273
1497	1281
1497	1308
1497	1312
1497	1317
1497	1335
1497	1342
1497	1357
1497	1380
1497	1385
1497	1390
1497	1428
1497	1439
1497	1455
1497	1461
1497	1463
1497	1464
1497	1483
1497	1489
1497	1499
1498	22
1498	36
1498	61
1498	108
1498	130
1498	135
1498	180
1498	181
1498	280
1498	289
1498	294
1498	298
1498	329
1498	388
1498	396
1498	414
1498	470
1498	471
1498	483
1498	553
1498	611
1498	630
1498	631
1498	688
1498	771
1498	777
1498	813
1498	815
1498	823
1498	828
1498	855
1498	909
1498	916
1498	942
1498	963
1498	980
1498	995
1498	1012
1498	1045
1498	1051
1498	1062
1498	1125
1498	1128
1498	1149
1498	1173
1498	1189
1498	1205
1498	1223
1498	1263
1498	1267
1498	1278
1498	1299
1498	1312
1498	1330
1498	1332
1498	1364
1498	1365
1498	1389
1498	1396
1498	1407
1498	1408
1498	1412
1498	1413
1498	1430
1498	1447
1498	1453
1498	1468
1498	1470
1498	1477
1498	1484
1498	1485
1498	1487
1498	1490
1498	1495
1499	11
1499	51
1499	74
1499	81
1499	96
1499	157
1499	158
1499	160
1499	172
1499	196
1499	282
1499	297
1499	347
1499	407
1499	409
1499	429
1499	434
1499	452
1499	459
1499	460
1499	517
1499	595
1499	692
1499	699
1499	701
1499	714
1499	747
1499	805
1499	834
1499	849
1499	854
1499	884
1499	915
1499	932
1499	950
1499	964
1499	977
1499	984
1499	986
1499	990
1499	1030
1499	1063
1499	1072
1499	1083
1499	1097
1499	1121
1499	1151
1499	1165
1499	1182
1499	1184
1499	1197
1499	1209
1499	1225
1499	1231
1499	1267
1499	1273
1499	1281
1499	1297
1499	1328
1499	1342
1499	1357
1499	1361
1499	1385
1499	1390
1499	1428
1499	1439
1499	1448
1499	1453
1499	1461
1499	1463
1499	1478
1499	1483
1499	1489
1499	1490
1499	1497
1500	22
1500	33
1500	34
1500	77
1500	143
1500	227
1500	255
1500	266
1500	330
1500	331
1500	338
1500	364
1500	370
1500	372
1500	384
1500	407
1500	410
1500	445
1500	488
1500	521
1500	570
1500	586
1500	634
1500	664
1500	672
1500	693
1500	708
1500	738
1500	746
1500	761
1500	794
1500	805
1500	907
1500	910
1500	919
1500	921
1500	937
1500	948
1500	968
1500	969
1500	973
1500	976
1500	1021
1500	1025
1500	1094
1500	1098
1500	1132
1500	1137
1500	1139
1500	1146
1500	1174
1500	1192
1500	1218
1500	1229
1500	1237
1500	1241
1500	1258
1500	1265
1500	1275
1500	1279
1500	1293
1500	1298
1500	1310
1500	1341
1500	1370
1500	1384
1500	1392
1500	1408
1500	1410
1500	1452
1500	1472
1500	1485
1500	1493
1500	1494
1500	1495
