1	783
1	965
1	1074
1	1153
1	1204
1	1250
1	1308
1	1361
1	1374
1	1387
2	120
2	1048
2	1207
2	1217
2	1357
2	1386
2	1456
2	1457
2	1475
2	1497
3	31
3	273
3	1219
3	1351
3	1398
3	1412
3	1418
3	1428
3	1432
3	1492
4	166
4	638
4	1230
4	1347
4	1383
4	1452
4	1469
4	1476
4	1495
4	1498
5	519
5	1356
5	1367
5	1385
5	1440
5	1456
5	1457
5	1475
5	1491
5	1494
6	137
6	836
6	1139
6	1153
6	1310
6	1329
6	1346
6	1411
6	1428
6	1483
7	46
7	872
7	1057
7	1244
7	1365
7	1394
7	1426
7	1427
7	1455
7	1458
8	60
8	589
8	970
8	1273
8	1380
8	1434
8	1480
8	1484
8	1487
8	1492
9	212
9	560
9	707
9	1100
9	1147
9	1267
9	1300
9	1310
9	1466
9	1483
10	225
10	871
10	991
10	1162
10	1208
10	1394
10	1406
10	1426
10	1440
10	1479
11	369
11	506
11	888
11	1063
11	1196
11	1315
11	1443
11	1451
11	1460
11	1500
12	1029
12	1086
12	1157
12	1183
12	1254
12	1430
12	1445
12	1472
12	1473
12	1485
13	323
13	1356
13	1369
13	1385
13	1386
13	1436
13	1437
13	1456
13	1475
13	1497
14	203
14	783
14	1017
14	1182
14	1185
14	1193
14	1311
14	1333
14	1403
14	1415
15	36
15	869
15	1033
15	1215
15	1332
15	1401
15	1412
15	1413
15	1425
15	1496
16	763
16	970
16	1208
16	1343
16	1394
16	1416
16	1427
16	1455
16	1458
16	1479
17	548
17	776
17	820
17	831
17	1082
17	1093
17	1229
17	1261
17	1328
17	1365
18	900
18	1137
18	1159
18	1372
18	1393
18	1431
18	1449
18	1452
18	1491
18	1499
19	517
19	747
19	894
19	1015
19	1227
19	1285
19	1299
19	1330
19	1376
19	1422
20	586
20	592
20	879
20	958
20	1226
20	1301
20	1373
20	1453
20	1462
20	1478
21	232
21	675
21	784
21	1244
21	1299
21	1330
21	1376
21	1383
21	1422
21	1461
22	692
22	918
22	974
22	1093
22	1317
22	1323
22	1344
22	1383
22	1486
22	1498
23	581
23	708
23	896
23	1216
23	1305
23	1380
23	1393
23	1420
23	1471
23	1472
24	975
24	1247
24	1274
24	1286
24	1340
24	1434
24	1464
24	1484
24	1485
24	1492
25	454
25	864
25	928
25	1037
25	1096
25	1248
25	1428
25	1439
25	1451
25	1483
26	780
26	936
26	1121
26	1274
26	1393
26	1442
26	1446
26	1461
26	1477
26	1482
27	510
27	737
27	935
27	1135
27	1161
27	1235
27	1315
27	1441
27	1443
27	1471
28	241
28	515
28	553
28	622
28	749
28	860
28	1081
28	1232
28	1322
28	1381
29	1029
29	1304
29	1333
29	1349
29	1438
29	1443
29	1446
29	1459
29	1476
29	1493
30	537
30	917
30	919
30	959
30	1280
30	1290
30	1294
30	1362
30	1363
30	1375
31	3
31	132
31	878
31	1002
31	1034
31	1107
31	1166
31	1172
31	1260
31	1421
32	681
32	1106
32	1115
32	1148
32	1171
32	1178
32	1180
32	1197
32	1371
32	1392
33	46
33	425
33	923
33	1112
33	1262
33	1266
33	1335
33	1460
33	1486
33	1495
34	264
34	290
34	794
34	813
34	832
34	984
34	1141
34	1252
34	1319
34	1489
35	691
35	692
35	1095
35	1143
35	1301
35	1350
35	1365
35	1368
35	1388
35	1419
36	15
36	754
36	894
36	1247
36	1286
36	1381
36	1464
36	1484
36	1488
36	1492
37	637
37	743
37	745
37	1073
37	1234
37	1245
37	1271
37	1302
37	1353
37	1390
38	465
38	666
38	749
38	1003
38	1022
38	1303
38	1318
38	1322
38	1327
38	1381
39	436
39	469
39	889
39	1078
39	1110
39	1284
39	1313
39	1320
39	1444
39	1491
40	820
40	880
40	920
40	1094
40	1139
40	1250
40	1347
40	1374
40	1387
40	1475
41	561
41	1027
41	1064
41	1136
41	1195
41	1472
41	1480
41	1485
41	1487
41	1492
42	527
42	584
42	1078
42	1284
42	1313
42	1320
42	1326
42	1456
42	1488
42	1495
43	514
43	744
43	1080
43	1119
43	1129
43	1162
43	1229
43	1277
43	1298
43	1328
44	391
44	497
44	538
44	628
44	713
44	736
44	807
44	967
44	1462
44	1489
45	741
45	937
45	1110
45	1251
45	1284
45	1313
45	1320
45	1326
45	1424
45	1484
46	7
46	33
46	1049
46	1148
46	1171
46	1180
46	1197
46	1227
46	1260
46	1316
47	224
47	487
47	592
47	766
47	1177
47	1268
47	1321
47	1453
47	1462
47	1478
48	635
48	1304
48	1332
48	1357
48	1386
48	1456
48	1457
48	1475
48	1494
48	1497
49	454
49	819
49	1070
49	1243
49	1252
49	1257
49	1290
49	1339
49	1405
49	1417
50	216
50	629
50	866
50	869
50	948
50	964
50	1139
50	1141
50	1308
50	1489
51	372
51	485
51	846
51	918
51	1040
51	1079
51	1148
51	1227
51	1316
51	1492
52	728
52	914
52	1156
52	1195
52	1238
52	1249
52	1294
52	1362
52	1363
52	1375
53	548
53	756
53	1052
53	1101
53	1129
53	1162
53	1277
53	1309
53	1328
53	1408
54	62
54	774
54	1142
54	1143
54	1196
54	1219
54	1418
54	1430
54	1432
54	1496
55	579
55	614
55	620
55	685
55	1061
55	1232
55	1279
55	1439
55	1451
55	1466
56	57
56	159
56	609
56	762
56	1176
56	1325
56	1352
56	1358
56	1402
56	1446
57	56
57	508
57	937
57	1039
57	1300
57	1325
57	1358
57	1359
57	1402
57	1435
58	605
58	610
58	1005
58	1042
58	1116
58	1196
58	1256
58	1382
58	1443
58	1460
59	728
59	1051
59	1258
59	1284
59	1299
59	1321
59	1433
59	1447
59	1450
59	1474
60	8
60	391
60	523
60	663
60	935
60	970
60	1464
60	1480
60	1485
60	1495
61	590
61	788
61	938
61	1092
61	1223
61	1243
61	1291
61	1366
61	1417
61	1443
62	54
62	730
62	1202
62	1389
62	1397
62	1398
62	1406
62	1425
62	1430
62	1432
63	383
63	648
63	758
63	957
63	1089
63	1100
63	1114
63	1282
63	1442
63	1477
64	116
64	675
64	760
64	835
64	933
64	945
64	1244
64	1299
64	1335
64	1422
65	573
65	808
65	931
65	1087
65	1236
65	1278
65	1416
65	1467
65	1468
65	1474
66	195
66	321
66	932
66	975
66	1012
66	1262
66	1293
66	1306
66	1331
66	1496
67	1156
67	1163
67	1321
67	1379
67	1423
67	1446
67	1477
67	1481
67	1482
67	1495
68	276
68	967
68	1053
68	1155
68	1275
68	1285
68	1324
68	1335
68	1444
68	1490
69	820
69	854
69	1053
69	1141
69	1169
69	1199
69	1225
69	1319
69	1444
69	1489
70	129
70	664
70	885
70	945
70	1067
70	1244
70	1330
70	1422
70	1437
70	1447
71	800
71	1015
71	1062
71	1181
71	1244
71	1299
71	1330
71	1370
71	1376
71	1422
72	964
72	1151
72	1238
72	1245
72	1280
72	1294
72	1362
72	1363
72	1375
72	1452
73	330
73	641
73	867
73	915
73	1252
73	1378
73	1395
73	1429
73	1436
73	1463
74	201
74	294
74	614
74	1216
74	1258
74	1303
74	1318
74	1322
74	1376
74	1381
75	799
75	1144
75	1169
75	1229
75	1242
75	1332
75	1406
75	1426
75	1427
75	1458
76	653
76	947
76	956
76	1039
76	1042
76	1172
76	1184
76	1315
76	1441
76	1460
77	150
77	556
77	1204
77	1246
77	1250
77	1300
77	1308
77	1361
77	1374
77	1387
78	254
78	750
78	860
78	876
78	1203
78	1233
78	1280
78	1306
78	1489
78	1490
79	823
79	1006
79	1218
79	1314
79	1351
79	1438
79	1459
79	1470
79	1476
79	1493
80	989
80	1152
80	1271
80	1366
80	1377
80	1380
80	1441
80	1445
80	1471
80	1473
81	155
81	794
81	813
81	854
81	1272
81	1432
81	1438
81	1444
81	1489
81	1490
82	419
82	617
82	719
82	1323
82	1336
82	1364
82	1437
82	1456
82	1494
82	1497
83	159
83	863
83	914
83	1058
83	1148
83	1154
83	1358
83	1359
83	1402
83	1435
84	195
84	465
84	1165
84	1204
84	1308
84	1361
84	1374
84	1376
84	1387
84	1417
85	274
85	500
85	1060
85	1278
85	1390
85	1411
85	1449
85	1457
85	1491
85	1499
86	157
86	1151
86	1249
86	1265
86	1269
86	1294
86	1362
86	1363
86	1375
86	1385
87	625
87	1008
87	1009
87	1024
87	1158
87	1165
87	1426
87	1480
87	1485
87	1492
88	425
88	701
88	974
88	1112
88	1206
88	1265
88	1344
88	1456
88	1495
88	1498
89	662
89	681
89	908
89	1098
89	1126
89	1182
89	1193
89	1292
89	1311
89	1312
90	811
90	896
90	986
90	1087
90	1095
90	1198
90	1396
90	1448
90	1468
90	1474
91	997
91	1065
91	1080
91	1200
91	1225
91	1423
91	1442
91	1481
91	1482
91	1491
92	220
92	291
92	821
92	1034
92	1144
92	1149
92	1166
92	1305
92	1405
92	1421
93	941
93	1246
93	1323
93	1383
93	1413
93	1426
93	1469
93	1486
93	1491
93	1498
94	896
94	1062
94	1089
94	1128
94	1260
94	1300
94	1347
94	1436
94	1437
94	1486
95	751
95	948
95	1136
95	1209
95	1287
95	1289
95	1459
95	1470
95	1476
95	1493
96	285
96	331
96	857
96	973
96	1179
96	1182
96	1311
96	1391
96	1406
96	1415
97	109
97	671
97	984
97	995
97	1188
97	1318
97	1416
97	1448
97	1467
97	1474
98	486
98	715
98	930
98	1024
98	1057
98	1182
98	1382
98	1441
98	1454
98	1500
99	120
99	328
99	731
99	975
99	1237
99	1244
99	1288
99	1293
99	1306
99	1331
100	253
100	670
100	797
100	853
100	937
100	1020
100	1228
100	1243
100	1290
100	1486
101	744
101	759
101	814
101	877
101	1153
101	1292
101	1439
101	1466
101	1474
101	1483
102	270
102	760
102	854
102	1045
102	1177
102	1194
102	1259
102	1341
102	1453
102	1462
103	380
103	454
103	938
103	1228
103	1257
103	1290
103	1291
103	1408
103	1417
103	1459
104	285
104	484
104	1119
104	1170
104	1214
104	1368
104	1388
104	1396
104	1419
104	1478
105	210
105	1141
105	1203
105	1285
105	1306
105	1319
105	1321
105	1454
105	1489
105	1490
106	520
106	848
106	1108
106	1227
106	1253
106	1305
106	1366
106	1414
106	1472
106	1473
107	765
107	1046
107	1249
107	1265
107	1280
107	1294
107	1362
107	1363
107	1375
107	1393
108	195
108	288
108	1113
108	1215
108	1226
108	1255
108	1392
108	1397
108	1410
108	1418
109	97
109	267
109	524
109	651
109	687
109	965
109	1448
109	1467
109	1468
109	1474
110	748
110	764
110	1003
110	1010
110	1238
110	1241
110	1303
110	1318
110	1381
110	1389
111	513
111	745
111	1079
111	1187
111	1190
111	1215
111	1234
111	1353
111	1390
111	1433
112	134
112	685
112	705
112	768
112	802
112	1138
112	1232
112	1310
112	1451
112	1489
113	708
113	782
113	1063
113	1108
113	1250
113	1254
113	1393
113	1445
113	1472
113	1473
114	444
114	947
114	1042
114	1298
114	1300
114	1382
114	1443
114	1454
114	1476
114	1500
115	513
115	761
115	1006
115	1119
115	1350
115	1368
115	1388
115	1396
115	1419
115	1458
116	64
116	345
116	543
116	641
116	800
116	1299
116	1376
116	1421
116	1422
116	1458
117	522
117	551
117	579
117	938
117	1243
117	1252
117	1339
117	1353
117	1390
117	1417
118	555
118	849
118	910
118	1038
118	1070
118	1110
118	1190
118	1271
118	1353
118	1390
119	944
119	1023
119	1098
119	1143
119	1179
119	1186
119	1312
119	1391
119	1415
119	1493
120	2
120	99
120	554
120	637
120	846
120	956
120	1099
120	1234
120	1245
120	1390
121	473
121	632
121	1034
121	1215
121	1226
121	1351
121	1425
121	1432
121	1465
121	1496
122	462
122	610
122	967
122	1187
122	1190
122	1234
122	1271
122	1353
122	1390
122	1438
123	367
123	548
123	919
123	1041
123	1049
123	1317
123	1327
123	1359
123	1402
123	1435
124	475
124	1026
124	1083
124	1270
124	1286
124	1388
124	1434
124	1485
124	1487
124	1488
125	170
125	369
125	1056
125	1235
125	1244
125	1251
125	1403
125	1411
125	1441
125	1500
126	1045
126	1208
126	1225
126	1352
126	1365
126	1373
126	1395
126	1440
126	1455
126	1479
127	585
127	803
127	992
127	1003
127	1081
127	1130
127	1303
127	1318
127	1322
127	1381
128	249
128	463
128	569
128	738
128	1244
128	1416
128	1448
128	1467
128	1468
128	1474
129	70
129	377
129	508
129	901
129	1179
129	1181
129	1292
129	1312
129	1391
129	1415
130	446
130	1013
130	1119
130	1170
130	1214
130	1388
130	1396
130	1419
130	1421
130	1458
131	329
131	885
131	970
131	990
131	1067
131	1299
131	1330
131	1376
131	1422
131	1466
132	31
132	612
132	949
132	1103
132	1149
132	1309
132	1405
132	1421
132	1433
132	1441
133	176
133	681
133	695
133	828
133	1209
133	1228
133	1229
133	1239
133	1261
133	1298
134	112
134	264
134	526
134	1130
134	1199
134	1233
134	1275
134	1321
134	1444
134	1490
135	756
135	792
135	835
135	1011
135	1052
135	1162
135	1248
135	1277
135	1298
135	1328
136	531
136	724
136	826
136	1046
136	1112
136	1230
136	1297
136	1383
136	1486
136	1498
137	6
137	633
137	768
137	822
137	916
137	1153
137	1308
137	1346
137	1451
137	1483
138	145
138	1008
138	1237
138	1276
138	1288
138	1293
138	1306
138	1331
138	1370
138	1490
139	309
139	350
139	576
139	865
139	1068
139	1087
139	1448
139	1467
139	1468
139	1474
140	1086
140	1096
140	1108
140	1185
140	1353
140	1414
140	1445
140	1460
140	1472
140	1473
141	679
141	901
141	1042
141	1164
141	1196
141	1270
141	1385
141	1443
141	1454
141	1500
142	210
142	510
142	895
142	1278
142	1409
142	1411
142	1426
142	1431
142	1491
142	1499
143	418
143	739
143	959
143	1022
143	1216
143	1318
143	1322
143	1381
143	1466
143	1476
144	972
144	1147
144	1370
144	1378
144	1379
144	1389
144	1408
144	1429
144	1436
144	1463
145	138
145	1008
145	1012
145	1028
145	1288
145	1293
145	1331
145	1357
145	1404
145	1489
146	324
146	376
146	511
146	554
146	637
146	801
146	910
146	1271
146	1353
146	1390
147	823
147	950
147	1113
147	1132
147	1304
147	1348
147	1392
147	1397
147	1424
147	1496
148	705
148	912
148	1202
148	1400
148	1420
148	1424
148	1433
148	1447
148	1450
148	1498
149	533
149	600
149	918
149	1039
149	1223
149	1317
149	1358
149	1359
149	1402
149	1435
150	77
150	894
150	927
150	1255
150	1321
150	1369
150	1424
150	1433
150	1447
150	1450
151	196
151	308
151	548
151	756
151	797
151	1082
151	1129
151	1229
151	1315
151	1338
152	898
152	986
152	1091
152	1146
152	1300
152	1323
152	1354
152	1469
152	1486
152	1495
153	537
153	1084
153	1249
153	1280
153	1316
153	1362
153	1363
153	1375
153	1412
153	1484
154	940
154	1129
154	1162
154	1209
154	1261
154	1277
154	1298
154	1355
154	1433
154	1456
155	81
155	218
155	561
155	641
155	655
155	760
155	979
155	1330
155	1376
155	1422
156	659
156	834
156	1058
156	1117
156	1213
156	1284
156	1357
156	1368
156	1388
156	1419
157	86
157	502
157	695
157	835
157	1209
157	1229
157	1277
157	1298
157	1328
157	1340
158	505
158	661
158	743
158	836
158	1039
158	1317
158	1346
158	1358
158	1359
158	1402
158	1435
159	56
159	83
159	904
159	1145
159	1327
159	1329
159	1352
159	1358
159	1391
159	1402
159	1435
160	1177
160	1197
160	1208
160	1365
160	1394
160	1395
160	1398
160	1427
160	1440
160	1455
160	1479
161	832
161	1107
161	1198
161	1264
161	1377
161	1416
161	1448
161	1467
161	1468
161	1474
161	1483
162	648
162	1009
162	1076
162	1085
162	1101
162	1225
162	1464
162	1468
162	1475
162	1485
162	1488
163	455
163	747
163	772
163	796
163	845
163	1044
163	1148
163	1197
163	1227
163	1316
163	1462
164	276
164	411
164	757
164	764
164	993
164	1235
164	1251
164	1256
164	1382
164	1403
164	1500
165	1039
165	1154
165	1317
165	1327
165	1345
165	1352
165	1358
165	1359
165	1419
165	1435
165	1459
166	4
166	203
166	753
166	754
166	1137
166	1323
166	1347
166	1469
166	1486
166	1495
166	1498
167	285
167	876
167	921
167	1000
167	1017
167	1062
167	1184
167	1292
167	1312
167	1391
167	1415
168	244
168	621
168	844
168	1301
168	1341
168	1386
168	1399
168	1424
168	1453
168	1462
168	1478
169	221
169	252
169	696
169	998
169	1101
169	1154
169	1317
169	1325
169	1359
169	1402
169	1435
170	125
170	893
170	983
170	1126
170	1151
170	1156
170	1164
170	1235
170	1265
170	1280
170	1375
171	1084
171	1151
171	1156
171	1215
171	1265
171	1280
171	1289
171	1360
171	1362
171	1363
171	1375
172	447
172	963
172	1205
172	1239
172	1257
172	1384
172	1388
172	1404
172	1407
172	1419
172	1480
173	885
173	1036
173	1134
173	1175
173	1360
173	1371
173	1408
173	1419
173	1427
173	1429
173	1436
174	577
174	633
174	768
174	1002
174	1166
174	1295
174	1309
174	1366
174	1405
174	1421
174	1493
175	614
175	1060
175	1183
175	1366
175	1377
175	1380
175	1393
175	1414
175	1450
175	1471
175	1473
176	133
176	320
176	797
176	870
176	963
176	1207
176	1231
176	1239
176	1404
176	1407
176	1479
177	564
177	986
177	1120
177	1186
177	1341
177	1410
177	1416
177	1448
177	1467
177	1468
177	1474
178	279
178	687
178	892
178	1020
178	1056
178	1092
178	1181
178	1228
178	1243
178	1290
178	1417
179	377
179	662
179	1021
179	1023
179	1132
179	1210
179	1311
179	1312
179	1391
179	1415
179	1486
180	650
180	750
180	785
180	833
180	854
180	1053
180	1187
180	1272
180	1275
180	1285
180	1490
181	373
181	913
181	1338
181	1367
181	1396
181	1456
181	1457
181	1475
181	1487
181	1494
181	1497
182	338
182	517
182	591
182	732
182	940
182	1082
182	1217
182	1229
182	1277
182	1298
182	1328
183	492
183	560
183	1259
183	1276
183	1308
183	1336
183	1385
183	1457
183	1475
183	1494
183	1497
184	234
184	389
184	667
184	685
184	988
184	1138
184	1147
184	1248
184	1342
184	1397
184	1466
185	235
185	455
185	530
185	1092
185	1136
185	1148
185	1178
185	1180
185	1260
185	1313
185	1316
186	981
186	1119
186	1143
186	1156
186	1170
186	1213
186	1350
186	1368
186	1396
186	1419
186	1482
187	552
187	782
187	952
187	987
187	1012
187	1262
187	1345
187	1350
187	1371
187	1429
187	1463
188	190
188	824
188	1019
188	1253
188	1366
188	1392
188	1397
188	1401
188	1410
188	1413
188	1496
189	452
189	858
189	917
189	1164
189	1238
189	1294
189	1326
189	1348
189	1358
189	1363
189	1375
190	188
190	306
190	456
190	1111
190	1215
190	1398
190	1413
190	1425
190	1430
190	1469
190	1496
191	319
191	353
191	909
191	930
191	1157
191	1377
191	1380
191	1393
191	1414
191	1471
191	1473
192	378
192	482
192	641
192	885
192	1015
192	1260
192	1299
192	1330
192	1376
192	1422
192	1444
193	407
193	1203
193	1283
193	1351
193	1390
193	1397
193	1398
193	1418
193	1432
193	1465
193	1496
194	275
194	527
194	584
194	729
194	739
194	741
194	750
194	889
194	1313
194	1320
194	1326
195	66
195	84
195	108
195	632
195	787
195	920
195	964
195	1308
195	1361
195	1374
195	1387
196	151
196	308
196	604
196	1052
196	1082
196	1261
196	1277
196	1298
196	1328
196	1387
196	1497
197	949
197	1038
197	1144
197	1187
197	1234
197	1245
197	1271
197	1310
197	1353
197	1390
197	1410
198	246
198	289
198	509
198	736
198	813
198	1010
198	1260
198	1275
198	1444
198	1489
198	1490
199	432
199	504
199	824
199	1215
199	1401
199	1412
199	1425
199	1432
199	1439
199	1454
199	1499
200	529
200	543
200	600
200	605
200	622
200	669
200	1145
200	1325
200	1359
200	1384
200	1435
201	74
201	319
201	418
201	656
201	880
201	1010
201	1303
201	1318
201	1322
201	1381
201	1453
202	212
202	473
202	707
202	934
202	983
202	1109
202	1138
202	1375
202	1428
202	1451
202	1483
203	14
203	166
203	825
203	1125
203	1241
203	1442
203	1446
203	1461
203	1477
203	1481
203	1482
204	233
204	503
204	563
204	591
204	1124
204	1205
204	1257
204	1404
204	1407
204	1447
204	1470
205	216
205	509
205	664
205	747
205	906
205	945
205	1067
205	1197
205	1376
205	1422
205	1450
206	311
206	704
206	833
206	967
206	1043
206	1112
206	1140
206	1141
206	1285
206	1489
206	1490
207	298
207	536
207	676
207	709
207	774
207	963
207	1133
207	1205
207	1207
207	1231
207	1404
208	437
208	508
208	645
208	1018
208	1213
208	1290
208	1350
208	1368
208	1388
208	1396
208	1419
209	458
209	697
209	911
209	1047
209	1053
209	1140
209	1272
209	1285
209	1441
209	1489
209	1490
210	105
210	142
210	677
210	911
210	984
210	1054
210	1077
210	1233
210	1271
210	1444
210	1489
211	1003
211	1010
211	1081
211	1198
211	1216
211	1225
211	1297
211	1303
211	1318
211	1322
211	1381
212	9
212	202
212	361
212	744
212	1107
212	1248
212	1342
212	1428
212	1466
212	1470
212	1472
213	349
213	501
213	816
213	862
213	1023
213	1193
213	1311
213	1391
213	1415
213	1475
213	1494
214	1112
214	1118
214	1202
214	1412
214	1464
214	1480
214	1484
214	1485
214	1487
214	1488
214	1492
215	232
215	641
215	675
215	1069
215	1244
215	1330
215	1376
215	1382
215	1422
215	1438
215	1478
216	50
216	205
216	659
216	885
216	906
216	908
216	990
216	1214
216	1244
216	1376
216	1422
217	479
217	1100
217	1166
217	1173
217	1362
217	1379
217	1385
217	1392
217	1442
217	1461
217	1482
218	155
218	482
218	908
218	1067
218	1113
218	1211
218	1299
218	1330
218	1376
218	1419
218	1422
219	704
219	981
219	1014
219	1155
219	1272
219	1343
219	1365
219	1372
219	1394
219	1467
219	1479
220	92
220	811
220	983
220	1068
220	1107
220	1153
220	1201
220	1448
220	1467
220	1468
220	1474
221	169
221	282
221	395
221	447
221	668
221	914
221	1039
221	1327
221	1352
221	1358
221	1435
222	717
222	789
222	862
222	1037
222	1266
222	1279
222	1346
222	1365
222	1439
222	1466
222	1483
223	657
223	875
223	1249
223	1307
223	1338
223	1394
223	1426
223	1427
223	1455
223	1458
223	1479
224	47
224	963
224	1124
224	1133
224	1231
224	1239
224	1336
224	1384
224	1404
224	1407
224	1417
225	10
225	297
225	676
225	954
225	1356
225	1386
225	1437
225	1457
225	1475
225	1494
225	1497
226	655
226	820
226	920
226	1049
226	1204
226	1250
226	1361
226	1374
226	1387
226	1462
226	1472
227	495
227	642
227	838
227	884
227	896
227	1021
227	1091
227	1128
227	1210
227	1486
227	1495
228	661
228	682
228	761
228	777
228	950
228	1121
228	1205
228	1257
228	1404
228	1407
228	1479
229	318
229	1075
229	1226
229	1390
229	1401
229	1410
229	1412
229	1413
229	1418
229	1430
229	1496
230	376
230	629
230	828
230	975
230	1008
230	1012
230	1288
230	1293
230	1306
230	1331
230	1364
231	488
231	529
231	856
231	891
231	1105
231	1268
231	1297
231	1449
231	1452
231	1491
231	1499
232	21
232	215
232	760
232	809
232	854
232	908
232	990
232	1180
232	1299
232	1376
232	1422
233	204
233	473
233	1195
233	1299
233	1364
233	1421
233	1434
233	1464
233	1484
233	1487
233	1488
234	184
234	1282
234	1293
234	1379
234	1384
234	1398
234	1442
234	1461
234	1477
234	1481
234	1482
235	185
235	785
235	1023
235	1079
235	1115
235	1180
235	1197
235	1227
235	1260
235	1316
235	1499
236	315
236	521
236	1070
236	1095
236	1187
236	1350
236	1368
236	1388
236	1396
236	1419
236	1455
237	587
237	767
237	952
237	1126
237	1151
237	1221
237	1238
237	1265
237	1362
237	1375
237	1443
238	363
238	513
238	889
238	992
238	1057
238	1139
238	1265
238	1313
238	1320
238	1326
238	1496
239	267
239	656
239	1239
239	1309
239	1314
239	1437
239	1438
239	1459
239	1470
239	1476
239	1493
240	385
240	451
240	994
240	1177
240	1188
240	1292
240	1373
240	1452
240	1453
240	1462
240	1478
241	28
241	616
241	764
241	959
241	1010
241	1154
241	1249
241	1303
241	1318
241	1322
241	1381
242	329
242	1007
242	1150
242	1222
242	1226
242	1335
242	1404
242	1412
242	1430
242	1456
242	1465
243	602
243	889
243	1032
243	1039
243	1057
243	1110
243	1142
243	1284
243	1320
243	1326
243	1496
244	168
244	660
244	766
244	1024
244	1200
244	1259
244	1337
244	1399
244	1453
244	1462
244	1478
245	1085
245	1173
245	1198
245	1241
245	1379
245	1382
245	1423
245	1442
245	1446
245	1477
245	1481
246	198
246	1012
246	1067
246	1130
246	1233
246	1257
246	1275
246	1324
246	1480
246	1489
246	1490
247	520
247	577
247	746
247	841
247	922
247	965
247	1034
247	1109
247	1405
247	1421
247	1488
248	250
248	479
248	719
248	723
248	1134
248	1336
248	1338
248	1437
248	1457
248	1494
248	1497
249	128
249	906
249	908
249	990
249	1067
249	1299
249	1310
249	1314
249	1330
249	1422
249	1499
250	248
250	636
250	821
250	878
250	1090
250	1119
250	1149
250	1294
250	1309
250	1405
250	1421
251	343
251	455
251	861
251	882
251	1083
251	1091
251	1181
251	1247
251	1485
251	1488
251	1492
252	169
252	806
252	815
252	1409
252	1434
252	1464
252	1480
252	1484
252	1485
252	1487
252	1492
253	100
253	631
253	963
253	1000
253	1121
253	1205
253	1231
253	1320
253	1384
253	1404
253	1407
254	78
254	447
254	767
254	807
254	953
254	1130
254	1275
254	1285
254	1319
254	1324
254	1490
255	303
255	403
255	897
255	1038
255	1117
255	1234
255	1245
255	1271
255	1278
255	1353
255	1390
256	409
256	827
256	1115
256	1268
256	1434
256	1480
256	1484
256	1485
256	1487
256	1488
256	1492
257	675
257	885
257	1172
257	1173
257	1244
257	1268
257	1299
257	1330
257	1343
257	1376
257	1422
258	976
258	1021
258	1113
258	1139
258	1222
258	1331
258	1351
258	1413
258	1418
258	1425
258	1496
259	858
259	870
259	1073
259	1121
259	1124
259	1169
259	1189
259	1205
259	1239
259	1404
259	1407
260	496
260	718
260	770
260	955
260	1152
260	1306
260	1380
260	1393
260	1414
260	1472
260	1473
261	640
261	706
261	1014
261	1107
261	1296
261	1399
261	1416
261	1448
261	1467
261	1468
261	1474
262	584
262	721
262	741
262	805
262	919
262	966
262	1032
262	1057
262	1284
262	1326
262	1449
263	285
263	735
263	989
263	1023
263	1185
263	1292
263	1311
263	1357
263	1391
263	1415
263	1481
264	34
264	134
264	289
264	489
264	813
264	1046
264	1130
264	1324
264	1376
264	1489
264	1490
265	479
265	630
265	1289
265	1301
265	1333
265	1354
265	1418
265	1438
265	1470
265	1476
265	1493
266	308
266	359
266	741
266	1055
266	1177
266	1252
266	1271
266	1284
266	1313
266	1320
266	1326
267	109
267	239
267	279
267	1016
267	1031
267	1102
267	1218
267	1333
267	1438
267	1470
267	1493
268	491
268	495
268	929
268	1122
268	1206
268	1381
268	1465
268	1469
268	1486
268	1495
268	1498
269	759
269	1109
269	1160
269	1272
269	1346
269	1410
269	1428
269	1439
269	1451
269	1461
269	1483
270	102
270	870
270	925
270	1000
270	1027
270	1205
270	1239
270	1363
270	1384
270	1404
270	1407
271	465
271	682
271	866
271	880
271	964
271	1139
271	1204
271	1308
271	1369
271	1376
271	1387
272	276
272	486
272	1075
272	1097
272	1221
272	1344
272	1454
272	1460
272	1473
272	1491
272	1500
273	3
273	423
273	505
273	855
273	1113
273	1226
273	1281
273	1416
273	1432
273	1465
273	1496
274	85
274	385
274	1125
274	1137
274	1297
274	1370
274	1411
274	1449
274	1467
274	1491
274	1499
275	194
275	416
275	586
275	1301
275	1322
275	1341
275	1390
275	1399
275	1453
275	1462
275	1474
276	68
276	164
276	272
276	661
276	679
276	888
276	1056
276	1396
276	1441
276	1443
276	1500
277	511
277	1010
277	1022
277	1044
277	1216
277	1296
277	1300
277	1303
277	1318
277	1322
277	1381
278	650
278	654
278	948
278	968
278	1255
278	1302
278	1305
278	1420
278	1424
278	1447
278	1450
279	178
279	267
279	946
279	1119
279	1143
279	1170
279	1214
279	1356
279	1368
279	1388
279	1419
280	792
280	945
280	1053
280	1141
280	1233
280	1272
280	1335
280	1444
280	1489
280	1490
280	1496
281	351
281	438
281	969
281	1270
281	1307
281	1406
281	1440
281	1455
281	1458
281	1479
281	1490
282	221
282	407
282	483
282	839
282	911
282	1090
282	1149
282	1295
282	1378
282	1405
282	1421
283	473
283	601
283	905
283	1076
283	1085
283	1118
283	1158
283	1350
283	1443
283	1464
283	1485
284	849
284	879
284	1021
284	1116
284	1187
284	1234
284	1245
284	1271
284	1353
284	1390
284	1480
285	96
285	104
285	167
285	263
285	783
285	958
285	1185
285	1292
285	1311
285	1312
285	1413
286	443
286	711
286	852
286	920
286	1134
286	1152
286	1370
286	1371
286	1389
286	1436
286	1463
287	1174
287	1336
287	1338
287	1367
287	1399
287	1400
287	1456
287	1457
287	1475
287	1485
287	1494
287	1497
288	108
288	426
288	568
288	749
288	816
288	1003
288	1081
288	1216
288	1322
288	1381
288	1412
288	1463
289	198
289	264
289	351
289	839
289	1047
289	1084
289	1088
289	1167
289	1203
289	1233
289	1272
289	1444
290	34
290	386
290	672
290	787
290	880
290	1081
290	1139
290	1204
290	1308
290	1361
290	1387
290	1458
291	92
291	520
291	612
291	1034
291	1166
291	1172
291	1231
291	1301
291	1351
291	1405
291	1421
291	1451
292	436
292	602
292	626
292	678
292	992
292	1055
292	1110
292	1242
292	1284
292	1296
292	1326
292	1358
293	411
293	529
293	817
293	888
293	907
293	1094
293	1191
293	1251
293	1315
293	1382
293	1435
293	1460
294	74
294	1058
294	1164
294	1300
294	1392
294	1397
294	1398
294	1401
294	1412
294	1430
294	1465
294	1496
295	344
295	415
295	577
295	746
295	841
295	878
295	922
295	1090
295	1102
295	1149
295	1405
295	1421
296	388
296	542
296	1087
296	1125
296	1183
296	1359
296	1380
296	1393
296	1445
296	1471
296	1472
296	1473
297	225
297	304
297	347
297	612
297	619
297	746
297	922
297	1103
297	1258
297	1295
297	1405
297	1421
298	207
298	712
298	1001
298	1242
298	1307
298	1343
298	1416
298	1426
298	1427
298	1440
298	1458
298	1479
299	378
299	970
299	1071
299	1101
299	1118
299	1170
299	1185
299	1446
299	1464
299	1480
299	1486
299	1487
300	378
300	793
300	1012
300	1027
300	1124
300	1161
300	1207
300	1257
300	1384
300	1404
300	1407
300	1483
301	517
301	577
301	651
301	884
301	980
301	1278
301	1355
301	1411
301	1449
301	1452
301	1491
301	1499
302	610
302	883
302	1094
302	1108
302	1157
302	1273
302	1339
302	1366
302	1414
302	1471
302	1472
302	1473
303	255
303	396
303	490
303	986
303	1068
303	1198
303	1315
303	1398
303	1416
303	1467
303	1468
303	1474
304	297
304	1224
304	1248
304	1255
304	1302
304	1369
304	1400
304	1420
304	1433
304	1447
304	1450
304	1498
305	580
305	964
305	1031
305	1289
305	1333
305	1393
305	1403
305	1438
305	1459
305	1470
305	1476
305	1493
306	190
306	527
306	615
306	889
306	992
306	1032
306	1055
306	1057
306	1078
306	1320
306	1326
306	1442
307	803
307	858
307	1045
307	1069
307	1335
307	1337
307	1373
307	1380
307	1431
307	1462
307	1464
307	1478
308	151
308	196
308	266
308	588
308	940
308	1033
308	1052
308	1229
308	1261
308	1277
308	1298
308	1328
309	139
309	761
309	1105
309	1137
309	1144
309	1297
309	1409
309	1431
309	1449
309	1452
309	1491
309	1499
310	437
310	550
310	1073
310	1084
310	1156
310	1238
310	1249
310	1280
310	1289
310	1362
310	1363
310	1375
311	206
311	577
311	869
311	1071
311	1074
311	1204
311	1250
311	1308
311	1329
311	1361
311	1374
311	1387
312	890
312	893
312	1104
312	1159
312	1203
312	1278
312	1297
312	1342
312	1355
312	1452
312	1491
312	1499
313	743
313	828
313	868
313	961
313	1028
313	1040
313	1237
313	1293
313	1306
313	1311
313	1331
313	1419
314	444
314	604
314	810
314	888
314	947
314	1097
314	1367
314	1443
314	1454
314	1460
314	1492
314	1500
315	236
315	865
315	931
315	939
315	994
315	1145
315	1186
315	1416
315	1448
315	1467
315	1468
315	1474
316	462
316	1010
316	1270
316	1343
316	1372
316	1395
316	1427
316	1440
316	1455
316	1458
316	1479
316	1480
317	1081
317	1236
317	1314
317	1339
317	1340
317	1385
317	1395
317	1438
317	1459
317	1470
317	1476
317	1493
318	229
318	366
318	383
318	709
318	921
318	1017
318	1072
318	1179
318	1311
318	1391
318	1405
318	1415
319	191
319	201
319	511
319	614
319	1003
319	1216
319	1302
319	1303
319	1318
319	1369
319	1381
319	1473
320	176
320	563
320	887
320	1124
320	1205
320	1231
320	1233
320	1239
320	1257
320	1384
320	1407
320	1477
321	66
321	625
321	770
321	778
321	781
321	828
321	975
321	1103
321	1288
321	1293
321	1299
321	1306
322	729
322	1154
322	1212
322	1240
322	1336
322	1338
322	1367
322	1386
322	1465
322	1475
322	1494
322	1497
323	13
323	1002
323	1034
323	1103
323	1107
323	1172
323	1295
323	1309
323	1337
323	1405
323	1421
323	1475
324	146
324	365
324	830
324	1229
324	1236
324	1263
324	1340
324	1450
324	1459
324	1470
324	1476
324	1493
325	327
325	519
325	797
325	1035
325	1252
325	1290
325	1291
325	1395
325	1417
325	1457
325	1472
325	1499
326	836
326	1026
326	1158
326	1181
326	1286
326	1357
326	1439
326	1480
326	1484
326	1485
326	1488
326	1492
327	325
327	376
327	579
327	654
327	687
327	784
327	1074
327	1191
327	1243
327	1339
327	1417
327	1497
328	99
328	829
328	1045
328	1100
328	1163
328	1177
328	1194
328	1341
328	1373
328	1374
328	1399
328	1478
329	131
329	242
329	1147
329	1242
329	1270
329	1394
329	1395
329	1426
329	1440
329	1455
329	1479
329	1485
330	73
330	808
330	867
330	1125
330	1179
330	1238
330	1360
330	1371
330	1389
330	1408
330	1463
330	1464
331	96
331	1169
331	1191
331	1205
331	1268
331	1367
331	1409
331	1431
331	1449
331	1452
331	1491
331	1499
332	790
332	1112
332	1134
332	1298
332	1323
332	1344
332	1435
332	1469
332	1477
332	1486
332	1495
332	1498
333	492
333	1064
333	1065
333	1076
333	1085
333	1098
333	1118
333	1485
333	1487
333	1488
333	1492
333	1499
334	819
334	892
334	907
334	920
334	1033
334	1035
334	1290
334	1339
334	1347
334	1417
334	1476
334	1489
335	787
335	822
335	934
335	942
335	969
335	996
335	1109
335	1160
335	1232
335	1439
335	1451
335	1481
336	789
336	817
336	898
336	1062
336	1126
336	1230
336	1264
336	1344
336	1360
336	1469
336	1495
336	1498
337	373
337	902
337	936
337	1061
337	1192
337	1272
337	1378
337	1408
337	1414
337	1429
337	1436
337	1463
338	182
338	548
338	619
338	831
338	984
338	1129
338	1162
338	1229
338	1261
338	1328
338	1362
338	1482
339	369
339	542
339	558
339	814
339	1067
339	1273
339	1366
339	1393
339	1445
339	1471
339	1472
339	1473
340	1049
340	1145
340	1154
340	1258
340	1314
340	1327
340	1352
340	1358
340	1359
340	1402
340	1435
340	1473
341	472
341	742
341	1029
341	1236
341	1289
341	1340
341	1360
341	1438
341	1459
341	1470
341	1476
341	1493
342	810
342	1143
342	1274
342	1379
342	1417
342	1442
342	1446
342	1461
342	1477
342	1478
342	1481
342	1482
343	251
343	629
343	994
343	1045
343	1238
343	1335
343	1341
343	1373
343	1394
343	1399
343	1462
343	1478
344	295
344	670
344	868
344	961
344	1028
344	1237
344	1288
344	1293
344	1306
344	1331
344	1349
344	1375
345	116
345	533
345	579
345	654
345	771
345	851
345	916
345	1020
345	1022
345	1228
345	1339
345	1417
346	371
346	862
346	1094
346	1101
346	1168
346	1196
346	1224
346	1246
346	1256
346	1443
346	1454
346	1500
347	297
347	422
347	1169
347	1189
347	1220
347	1355
347	1395
347	1409
347	1431
347	1452
347	1464
347	1491
348	655
348	840
348	963
348	1189
348	1268
348	1278
348	1409
348	1431
348	1449
348	1461
348	1491
348	1499
349	213
349	865
349	1023
349	1182
349	1193
349	1225
349	1292
349	1311
349	1312
349	1314
349	1391
349	1415
350	139
350	370
350	407
350	542
350	636
350	841
350	1090
350	1172
350	1192
350	1295
350	1405
350	1421
351	281
351	289
351	971
351	1014
351	1123
351	1172
351	1186
351	1416
351	1448
351	1467
351	1468
351	1474
352	439
352	1102
352	1128
352	1343
352	1365
352	1395
352	1406
352	1424
352	1427
352	1440
352	1458
352	1479
353	191
353	797
353	927
353	1191
353	1210
353	1218
353	1305
353	1366
353	1377
353	1471
353	1472
353	1473
354	1069
354	1287
354	1289
354	1349
354	1354
354	1414
354	1438
354	1440
354	1459
354	1470
354	1476
354	1493
355	462
355	1042
355	1075
355	1161
355	1269
355	1327
355	1330
355	1382
355	1403
355	1441
355	1446
355	1500
356	609
356	1150
356	1225
356	1283
356	1348
356	1398
356	1418
356	1425
356	1429
356	1430
356	1465
356	1495
357	464
357	1027
357	1186
357	1198
357	1200
357	1281
357	1337
357	1416
357	1448
357	1467
357	1468
357	1474
358	377
358	392
358	739
358	889
358	937
358	966
358	1110
358	1284
358	1313
358	1320
358	1326
358	1494
359	266
359	626
359	660
359	1032
359	1055
359	1078
359	1117
359	1273
359	1302
359	1313
359	1320
359	1326
360	715
360	905
360	1221
360	1226
360	1304
360	1392
360	1397
360	1413
360	1418
360	1432
360	1454
360	1496
361	212
361	514
361	707
361	787
361	942
361	1102
361	1267
361	1342
361	1428
361	1451
361	1480
361	1483
362	850
362	1270
362	1372
362	1391
362	1394
362	1406
362	1426
362	1427
362	1429
362	1440
362	1455
362	1479
363	238
363	937
363	949
363	964
363	992
363	997
363	1055
363	1078
363	1284
363	1313
363	1320
363	1326
364	513
364	696
364	784
364	1226
364	1254
364	1334
364	1377
364	1393
364	1414
364	1445
364	1471
364	1472
365	324
365	608
365	919
365	1004
365	1266
365	1317
365	1325
365	1352
365	1358
365	1402
365	1435
365	1461
366	318
366	575
366	598
366	989
366	1021
366	1193
366	1194
366	1228
366	1272
366	1311
366	1312
366	1415
367	123
367	622
367	861
367	1024
367	1076
367	1085
367	1136
367	1247
367	1480
367	1485
367	1490
367	1492
368	429
368	788
368	1096
368	1225
368	1369
368	1370
368	1400
368	1420
368	1424
368	1433
368	1447
368	1450
369	11
369	125
369	339
369	817
369	1042
369	1221
369	1378
369	1382
369	1419
369	1443
369	1482
369	1500
370	350
370	407
370	821
370	945
370	1034
370	1090
370	1295
370	1299
370	1309
370	1405
370	1421
370	1430
371	346
371	444
371	462
371	474
371	1034
371	1135
371	1272
371	1331
371	1382
371	1403
371	1454
371	1486
372	51
372	760
372	960
372	1046
372	1106
372	1178
372	1180
372	1197
372	1260
372	1316
372	1440
372	1472
373	181
373	337
373	575
373	986
373	1035
373	1276
373	1338
373	1364
373	1437
373	1457
373	1494
373	1497
374	409
374	1021
374	1098
374	1182
374	1185
374	1193
374	1272
374	1292
374	1311
374	1391
374	1415
374	1422
375	510
375	627
375	1056
375	1078
375	1235
375	1256
375	1443
375	1454
375	1460
375	1467
375	1486
375	1500
376	146
376	230
376	327
376	771
376	797
376	853
376	916
376	1177
376	1252
376	1339
376	1403
376	1417
377	129
377	179
377	358
377	399
377	698
377	857
377	881
377	921
377	1021
377	1312
377	1391
377	1415
378	192
378	299
378	300
378	634
378	894
378	1017
378	1195
378	1249
378	1480
378	1485
378	1487
378	1492
379	809
379	1207
379	1222
379	1302
379	1324
379	1369
379	1400
379	1420
379	1424
379	1433
379	1447
379	1450
380	103
380	670
380	698
380	755
380	851
380	907
380	938
380	1033
380	1291
380	1339
380	1361
380	1417
381	874
381	878
381	1024
381	1034
381	1149
381	1172
381	1266
381	1295
381	1309
381	1374
381	1405
381	1421
382	770
382	817
382	1168
382	1184
382	1293
382	1315
382	1393
382	1421
382	1441
382	1443
382	1454
382	1460
383	63
383	318
383	485
383	783
383	1021
383	1179
383	1292
383	1312
383	1329
383	1353
383	1391
383	1415
384	960
384	973
384	999
384	1008
384	1028
384	1088
384	1237
384	1288
384	1293
384	1331
384	1340
384	1416
385	240
385	274
385	520
385	878
385	1034
385	1090
385	1172
385	1185
385	1295
385	1309
385	1405
385	1421
386	290
386	866
386	1023
386	1074
386	1139
386	1220
386	1250
386	1301
386	1308
386	1361
386	1374
386	1387
387	718
387	842
387	941
387	974
387	1043
387	1069
387	1259
387	1337
387	1373
387	1437
387	1453
387	1478
388	296
388	420
388	491
388	642
388	836
388	904
388	1039
388	1123
388	1317
388	1352
388	1402
388	1435
389	184
389	873
389	934
389	1220
389	1248
389	1329
389	1346
389	1361
389	1439
389	1451
389	1466
389	1483
390	442
390	549
390	613
390	736
390	1044
390	1127
390	1159
390	1211
390	1220
390	1431
390	1491
390	1495
391	44
391	60
391	601
391	1047
391	1053
391	1199
391	1226
391	1272
391	1319
391	1444
391	1489
391	1490
392	358
392	576
392	760
392	967
392	1167
392	1203
392	1233
392	1272
392	1324
392	1444
392	1488
392	1490
393	425
393	588
393	683
393	1104
393	1105
393	1211
393	1355
393	1409
393	1411
393	1415
393	1431
393	1499
394	454
394	519
394	549
394	605
394	816
394	907
394	1035
394	1051
394	1187
394	1290
394	1339
394	1417
395	221
395	608
395	631
395	779
395	1145
395	1168
395	1259
395	1317
395	1344
395	1352
395	1358
395	1402
395	1435
396	303
396	594
396	1162
396	1186
396	1198
396	1200
396	1331
396	1377
396	1416
396	1448
396	1467
396	1468
396	1474
397	610
397	801
397	910
397	949
397	1038
397	1190
397	1234
397	1243
397	1353
397	1390
397	1428
397	1446
397	1499
398	464
398	495
398	946
398	1188
398	1301
398	1328
398	1335
398	1341
398	1373
398	1399
398	1453
398	1462
398	1478
399	377
399	783
399	868
399	1017
399	1098
399	1161
399	1193
399	1239
399	1311
399	1312
399	1391
399	1415
399	1494
400	542
400	1191
400	1220
400	1273
400	1305
400	1316
400	1366
400	1393
400	1412
400	1414
400	1471
400	1472
400	1473
401	644
401	1207
401	1224
401	1288
401	1309
401	1369
401	1370
401	1400
401	1420
401	1424
401	1433
401	1447
401	1450
402	499
402	624
402	696
402	708
402	1096
402	1108
402	1254
402	1371
402	1414
402	1432
402	1445
402	1472
402	1473
403	255
403	541
403	554
403	870
403	949
403	1038
403	1187
403	1234
403	1245
403	1271
403	1353
403	1390
403	1490
404	446
404	496
404	689
404	770
404	1207
404	1334
404	1372
404	1395
404	1426
404	1427
404	1455
404	1458
404	1479
405	827
405	1083
405	1124
405	1146
405	1195
405	1245
405	1480
405	1484
405	1485
405	1486
405	1487
405	1488
405	1492
406	611
406	647
406	649
406	849
406	949
406	1187
406	1190
406	1245
406	1353
406	1371
406	1390
406	1427
406	1494
407	193
407	282
407	350
407	370
407	582
407	1034
407	1103
407	1166
407	1240
407	1309
407	1405
407	1421
407	1462
408	694
408	763
408	787
408	861
408	948
408	1032
408	1074
408	1166
408	1204
408	1250
408	1308
408	1374
408	1387
409	256
409	374
409	452
409	1099
409	1173
409	1267
409	1274
409	1282
409	1379
409	1423
409	1446
409	1461
409	1481
410	423
410	1086
410	1108
410	1181
410	1183
410	1254
410	1346
410	1366
410	1377
410	1380
410	1402
410	1471
410	1473
411	164
411	293
411	500
411	658
411	766
411	832
411	947
411	1075
411	1168
411	1184
411	1301
411	1403
411	1443
412	689
412	813
412	829
412	1208
412	1219
412	1222
412	1226
412	1348
412	1392
412	1412
412	1425
412	1465
412	1496
413	415
413	623
413	985
413	1126
413	1313
413	1405
413	1410
413	1413
413	1425
413	1430
413	1432
413	1465
413	1496
414	446
414	1005
414	1096
414	1134
414	1183
414	1191
414	1273
414	1377
414	1380
414	1414
414	1445
414	1471
414	1473
415	295
415	413
415	637
415	798
415	1332
415	1351
415	1398
415	1410
415	1413
415	1418
415	1430
415	1432
415	1465
416	275
416	532
416	718
416	844
416	856
416	1173
416	1293
416	1373
416	1442
416	1453
416	1454
416	1462
416	1478
417	542
417	581
417	890
417	1086
417	1114
417	1189
417	1254
417	1273
417	1349
417	1366
417	1445
417	1471
417	1472
418	143
418	201
418	426
418	532
418	1010
418	1081
418	1209
418	1263
418	1303
418	1318
418	1322
418	1376
418	1381
419	82
419	929
419	941
419	1002
419	1138
419	1206
419	1210
419	1246
419	1469
419	1481
419	1486
419	1495
419	1498
420	388
420	707
420	855
420	914
420	1005
420	1025
420	1049
420	1145
420	1317
420	1327
420	1358
420	1402
420	1455
421	725
421	939
421	1132
421	1225
421	1307
421	1343
421	1406
421	1426
421	1440
421	1455
421	1458
421	1464
421	1479
422	347
422	686
422	968
422	1093
422	1200
422	1264
422	1323
422	1347
422	1358
422	1383
422	1469
422	1495
422	1498
423	273
423	410
423	431
423	1080
423	1123
423	1176
423	1201
423	1245
423	1423
423	1461
423	1477
423	1481
423	1482
424	1151
424	1258
424	1287
424	1328
424	1369
424	1370
424	1400
424	1420
424	1424
424	1433
424	1443
424	1447
424	1450
425	33
425	88
425	393
425	571
425	1089
425	1112
425	1210
425	1344
425	1359
425	1486
425	1493
425	1495
425	1498
426	288
426	418
426	524
426	574
426	716
426	749
426	821
426	959
426	1037
426	1303
426	1318
426	1322
426	1381
427	663
427	825
427	915
427	1136
427	1247
427	1408
427	1434
427	1464
427	1477
427	1480
427	1485
427	1488
427	1492
428	681
428	1112
428	1126
428	1223
428	1246
428	1262
428	1344
428	1347
428	1399
428	1431
428	1486
428	1495
428	1498
429	368
429	536
429	581
429	870
429	963
429	1073
429	1121
429	1146
429	1231
429	1257
429	1384
429	1404
429	1407
430	483
430	1084
430	1164
430	1238
430	1247
430	1249
430	1265
430	1294
430	1319
430	1362
430	1363
430	1375
430	1500
431	423
431	681
431	776
431	1005
431	1052
431	1129
431	1209
431	1229
431	1244
431	1271
431	1277
431	1298
431	1328
432	199
432	554
432	753
432	758
432	816
432	1133
432	1306
432	1332
432	1401
432	1410
432	1412
432	1430
432	1465
433	818
433	889
433	1083
433	1236
433	1340
433	1349
433	1354
433	1406
433	1438
433	1459
433	1470
433	1476
433	1493
434	1044
434	1059
434	1189
434	1248
434	1261
434	1268
434	1297
434	1342
434	1409
434	1411
434	1449
434	1491
434	1499
435	579
435	851
435	892
435	938
435	1033
435	1082
435	1160
435	1228
435	1243
435	1339
435	1373
435	1417
435	1440
436	39
436	292
436	741
436	937
436	1055
436	1057
436	1107
436	1110
436	1313
436	1326
436	1359
436	1413
436	1415
437	208
437	310
437	621
437	978
437	1164
437	1165
437	1249
437	1265
437	1280
437	1294
437	1362
437	1363
437	1375
438	281
438	755
438	1006
438	1058
438	1066
438	1102
438	1117
438	1170
438	1243
438	1388
438	1396
438	1419
438	1485
439	352
439	719
439	864
439	955
439	1338
439	1356
439	1430
439	1437
439	1456
439	1457
439	1475
439	1494
439	1497
440	772
440	873
440	918
440	1005
440	1046
440	1115
440	1148
440	1171
440	1178
440	1260
440	1316
440	1383
440	1482
441	588
441	597
441	838
441	884
441	960
441	1060
441	1169
441	1268
441	1355
441	1411
441	1431
441	1452
441	1471
442	390
442	546
442	626
442	1046
442	1137
442	1159
442	1318
442	1411
442	1431
442	1433
442	1449
442	1491
442	1499
443	286
443	513
443	664
443	902
443	1054
443	1143
443	1345
443	1371
443	1389
443	1408
443	1429
443	1463
443	1471
444	114
444	314
444	371
444	500
444	786
444	790
444	1038
444	1133
444	1235
444	1251
444	1382
444	1454
444	1460
445	465
445	1041
445	1157
445	1366
445	1380
445	1392
445	1393
445	1414
445	1419
445	1421
445	1445
445	1472
445	1473
446	130
446	404
446	414
446	712
446	1049
446	1145
446	1200
446	1325
446	1327
446	1352
446	1358
446	1402
446	1435
447	172
447	221
447	254
447	774
447	777
447	1121
447	1133
447	1207
447	1281
447	1384
447	1404
447	1407
447	1437
448	546
448	960
448	1234
448	1268
448	1355
448	1409
448	1431
448	1449
448	1452
448	1467
448	1473
448	1480
448	1499
449	1065
449	1077
449	1131
449	1219
449	1224
449	1239
449	1412
449	1413
449	1418
449	1425
449	1432
449	1465
449	1496
450	561
450	891
450	946
450	1070
450	1119
450	1143
450	1226
450	1256
450	1308
450	1350
450	1368
450	1396
450	1419
451	240
451	1122
451	1188
451	1194
451	1272
451	1335
451	1341
451	1349
451	1373
451	1453
451	1462
451	1478
451	1487
452	189
452	409
452	744
452	979
452	983
452	1164
452	1238
452	1265
452	1294
452	1362
452	1363
452	1375
452	1386
453	526
453	662
453	750
453	767
453	798
453	1047
453	1199
453	1275
453	1319
453	1417
453	1444
453	1489
453	1490
454	25
454	49
454	103
454	394
454	605
454	695
454	797
454	1243
454	1290
454	1291
454	1417
454	1432
454	1450
455	163
455	185
455	251
455	582
455	617
455	888
455	1115
455	1148
455	1171
455	1227
455	1260
455	1316
455	1373
456	190
456	602
456	660
456	889
456	937
456	966
456	1078
456	1191
456	1284
456	1313
456	1326
456	1399
456	1448
457	516
457	679
457	751
457	811
457	899
457	1048
457	1218
457	1289
457	1403
457	1438
457	1470
457	1476
457	1493
458	209
458	461
458	694
458	789
458	818
458	822
458	964
458	1250
458	1308
458	1350
458	1361
458	1374
458	1387
459	692
459	702
459	742
459	982
459	1095
459	1102
459	1214
459	1354
459	1368
459	1388
459	1396
459	1419
459	1438
460	907
460	922
460	945
460	1002
460	1149
460	1166
460	1172
460	1237
460	1295
460	1309
460	1331
460	1405
460	1421
461	458
461	627
461	896
461	1074
461	1139
461	1204
461	1297
461	1308
461	1320
461	1361
461	1364
461	1374
461	1387
462	122
462	316
462	355
462	371
462	1056
462	1161
462	1196
462	1223
462	1280
462	1382
462	1441
462	1443
462	1500
463	128
463	570
463	651
463	939
463	1065
463	1068
463	1109
463	1393
463	1402
463	1416
463	1448
463	1467
463	1474
464	357
464	398
464	651
464	738
464	811
464	1014
464	1172
464	1254
464	1448
464	1454
464	1467
464	1468
464	1474
465	38
465	84
465	271
465	445
465	787
465	818
465	1074
465	1096
465	1137
465	1204
465	1361
465	1374
465	1387
466	471
466	501
466	783
466	944
466	1162
466	1179
466	1182
466	1279
466	1289
466	1292
466	1312
466	1391
466	1415
467	655
467	666
467	1180
467	1287
467	1289
467	1333
467	1349
467	1354
467	1438
467	1459
467	1476
467	1486
467	1493
468	751
468	768
468	877
468	942
468	971
468	1248
468	1267
468	1328
468	1342
468	1346
468	1451
468	1466
468	1483
469	39
469	590
469	641
469	800
469	906
469	908
469	1067
469	1244
469	1330
469	1359
469	1376
469	1396
469	1422
470	796
470	798
470	933
470	1006
470	1040
470	1052
470	1079
470	1115
470	1171
470	1178
470	1227
470	1260
470	1316
471	466
471	619
471	1217
471	1305
471	1334
471	1356
471	1357
471	1364
471	1409
471	1437
471	1457
471	1494
471	1497
472	341
472	697
472	715
472	1184
472	1257
472	1269
472	1274
472	1315
472	1329
472	1382
472	1403
472	1454
472	1500
473	121
473	202
473	233
473	283
473	519
473	827
473	1071
473	1133
473	1480
473	1484
473	1485
473	1488
473	1492
474	371
474	961
474	1042
474	1085
474	1168
474	1221
474	1235
474	1256
474	1441
474	1455
474	1460
474	1464
474	1500
475	124
475	1004
475	1041
475	1042
475	1135
475	1184
475	1196
475	1221
475	1274
475	1441
475	1454
475	1460
475	1500
476	1011
476	1071
476	1165
476	1195
476	1341
476	1389
476	1392
476	1434
476	1464
476	1484
476	1485
476	1492
476	1498
477	515
477	533
477	568
477	614
477	1081
477	1204
477	1216
477	1303
477	1318
477	1322
477	1381
477	1432
477	1442
478	673
478	799
478	858
478	1043
478	1188
478	1259
478	1317
478	1335
478	1337
478	1373
478	1442
478	1453
478	1478
479	217
479	248
479	265
479	758
479	1056
479	1088
479	1114
479	1163
479	1332
479	1423
479	1446
479	1461
479	1481
480	731
480	743
480	778
480	999
480	1084
480	1237
480	1288
480	1293
480	1306
480	1322
480	1331
480	1408
480	1453
481	530
481	866
481	927
481	960
481	976
481	1176
481	1354
481	1423
481	1442
481	1461
481	1477
481	1481
481	1482
482	192
482	218
482	543
482	606
482	800
482	854
482	906
482	1067
482	1244
482	1256
482	1299
482	1376
482	1422
483	282
483	430
483	778
483	828
483	868
483	961
483	973
483	1012
483	1288
483	1306
483	1331
483	1404
483	1484
484	104
484	519
484	551
484	901
484	947
484	1256
484	1315
484	1403
484	1441
484	1443
484	1454
484	1460
484	1500
485	51
485	383
485	599
485	653
485	998
485	1161
485	1168
485	1184
485	1251
485	1350
485	1441
485	1443
485	1460
486	98
486	272
486	546
486	583
486	990
486	1020
486	1097
486	1116
486	1184
486	1403
486	1443
486	1454
486	1460
487	47
487	549
487	691
487	829
487	1045
487	1212
487	1301
487	1337
487	1341
487	1453
487	1462
487	1469
487	1478
488	231
488	729
488	1060
488	1105
488	1189
488	1228
488	1327
488	1409
488	1411
488	1415
488	1449
488	1452
488	1491
488	1499
489	264
489	554
489	592
489	593
489	784
489	1044
489	1305
489	1377
489	1393
489	1414
489	1445
489	1471
489	1472
489	1473
490	303
490	624
490	725
490	738
490	995
490	1062
490	1200
490	1416
490	1448
490	1467
490	1468
490	1473
490	1474
490	1481
491	268
491	388
491	589
491	914
491	919
491	1039
491	1317
491	1327
491	1352
491	1359
491	1363
491	1402
491	1459
491	1500
492	183
492	333
492	538
492	727
492	940
492	1052
492	1082
492	1129
492	1209
492	1261
492	1277
492	1298
492	1328
492	1468
493	517
493	543
493	550
493	747
493	800
493	945
493	990
493	1018
493	1056
493	1299
493	1330
493	1376
493	1422
493	1429
494	987
494	1007
494	1113
494	1215
494	1234
494	1332
494	1369
494	1397
494	1401
494	1418
494	1425
494	1430
494	1435
494	1465
495	227
495	268
495	398
495	790
495	874
495	1089
495	1323
495	1344
495	1383
495	1463
495	1479
495	1486
495	1495
495	1498
496	260
496	404
496	540
496	598
496	901
496	1365
496	1372
496	1394
496	1426
496	1427
496	1440
496	1455
496	1458
496	1479
497	44
497	879
497	965
497	1066
497	1130
497	1140
497	1275
497	1353
497	1386
497	1444
497	1457
497	1468
497	1489
497	1490
498	803
498	804
498	833
498	905
498	965
498	984
498	1140
498	1203
498	1272
498	1319
498	1328
498	1444
498	1490
498	1491
499	402
499	680
499	777
499	895
499	960
499	1285
499	1297
499	1355
499	1409
499	1419
499	1449
499	1452
499	1491
499	1499
500	85
500	411
500	444
500	525
500	817
500	1111
500	1161
500	1213
500	1251
500	1403
500	1441
500	1443
500	1484
500	1500
501	213
501	466
501	862
501	944
501	1017
501	1021
501	1179
501	1193
501	1231
501	1292
501	1311
501	1336
501	1359
501	1415
502	157
502	545
502	998
502	1030
502	1042
502	1056
502	1161
502	1382
502	1403
502	1441
502	1443
502	1460
502	1476
502	1500
503	204
503	572
503	754
503	896
503	947
503	1061
503	1210
503	1264
503	1266
503	1347
503	1389
503	1469
503	1495
503	1498
504	199
504	743
504	905
504	1142
504	1150
504	1254
504	1278
504	1283
504	1332
504	1398
504	1412
504	1413
504	1425
504	1456
505	158
505	273
505	946
505	1059
505	1137
505	1220
505	1268
505	1355
505	1409
505	1411
505	1431
505	1449
505	1491
505	1499
506	11
506	902
506	1223
506	1246
506	1262
506	1283
506	1300
506	1347
506	1383
506	1404
506	1447
506	1469
506	1486
506	1498
507	1242
507	1307
507	1343
507	1374
507	1394
507	1406
507	1424
507	1426
507	1427
507	1440
507	1458
507	1479
507	1482
507	1484
508	57
508	129
508	208
508	857
508	944
508	1090
508	1098
508	1185
508	1232
508	1256
508	1292
508	1311
508	1391
508	1415
509	198
509	205
509	892
509	1034
509	1174
509	1225
509	1296
509	1334
509	1357
509	1385
509	1437
509	1456
509	1475
509	1494
510	27
510	142
510	375
510	668
510	989
510	1029
510	1075
510	1097
510	1251
510	1315
510	1382
510	1443
510	1454
510	1500
511	146
511	277
511	319
511	748
511	1010
511	1081
511	1216
511	1303
511	1318
511	1322
511	1377
511	1407
511	1421
511	1471
512	1108
512	1114
512	1152
512	1157
512	1273
512	1372
512	1377
512	1380
512	1403
512	1414
512	1431
512	1445
512	1471
512	1473
513	111
513	115
513	238
513	364
513	443
513	831
513	846
513	1187
513	1190
513	1234
513	1245
513	1271
513	1353
513	1390
514	43
514	361
514	766
514	776
514	835
514	968
514	975
514	1082
514	1162
514	1209
514	1261
514	1277
514	1298
514	1328
515	28
515	477
515	643
515	759
515	959
515	1003
515	1022
515	1081
515	1216
515	1303
515	1381
515	1401
515	1477
515	1479
516	457
516	672
516	919
516	998
516	1007
516	1236
516	1333
516	1340
516	1354
516	1438
516	1470
516	1476
516	1493
516	1498
517	19
517	182
517	301
517	493
517	543
517	561
517	908
517	990
517	1040
517	1054
517	1244
517	1299
517	1376
517	1422
518	621
518	831
518	835
518	940
518	1088
518	1129
518	1209
518	1229
518	1261
518	1277
518	1298
518	1302
518	1328
518	1458
519	5
519	325
519	394
519	473
519	484
519	621
519	702
519	1020
519	1033
519	1035
519	1228
519	1291
519	1409
519	1417
520	106
520	247
520	291
520	385
520	746
520	841
520	922
520	1217
520	1251
520	1295
520	1309
520	1405
520	1421
520	1446
521	236
521	713
521	915
521	1006
521	1117
521	1119
521	1143
521	1324
521	1347
521	1350
521	1368
521	1388
521	1396
521	1419
522	117
522	621
522	851
522	877
522	1020
522	1033
522	1035
522	1055
522	1059
522	1092
522	1206
522	1290
522	1417
522	1494
523	60
523	881
523	1037
523	1209
523	1272
523	1276
523	1296
523	1334
523	1338
523	1456
523	1457
523	1475
523	1494
523	1497
524	109
524	426
524	651
524	931
524	995
524	1075
524	1087
524	1200
524	1255
524	1448
524	1467
524	1468
524	1474
524	1486
525	500
525	528
525	578
525	643
525	998
525	1168
525	1196
525	1221
525	1235
525	1381
525	1382
525	1443
525	1454
525	1500
526	134
526	453
526	732
526	756
526	1034
526	1052
526	1082
526	1162
526	1209
526	1261
526	1277
526	1328
526	1416
526	1474
527	42
527	194
527	306
527	678
527	865
527	889
527	1055
527	1057
527	1062
527	1078
527	1205
527	1284
527	1313
527	1414
528	525
528	622
528	712
528	713
528	819
528	836
528	855
528	899
528	1049
528	1325
528	1358
528	1359
528	1402
528	1435
529	200
529	231
529	293
529	622
529	855
529	914
529	980
529	1029
529	1145
529	1154
529	1325
529	1352
529	1359
529	1435
530	185
530	481
530	794
530	796
530	1046
530	1079
530	1106
530	1180
530	1197
530	1227
530	1260
530	1295
530	1316
530	1427
531	136
531	579
531	648
531	727
531	898
531	1089
531	1262
531	1266
531	1383
531	1469
531	1484
531	1486
531	1495
531	1498
532	416
532	418
532	571
532	603
532	994
532	1084
532	1269
532	1301
532	1373
532	1399
532	1414
532	1453
532	1462
532	1478
533	149
533	345
533	477
533	740
533	843
533	957
533	1004
533	1132
533	1379
533	1404
533	1442
533	1446
533	1477
533	1481
534	827
534	969
534	1041
534	1120
534	1202
534	1258
534	1302
534	1337
534	1370
534	1400
534	1424
534	1433
534	1447
534	1450
535	618
535	791
535	884
535	976
535	1048
535	1088
535	1093
535	1173
535	1201
535	1442
535	1446
535	1461
535	1477
535	1481
536	207
536	429
536	682
536	1000
536	1050
536	1110
536	1121
536	1124
536	1257
536	1384
536	1404
536	1407
536	1422
536	1444
537	30
537	153
537	592
537	1069
537	1148
537	1156
537	1164
537	1238
537	1249
537	1294
537	1353
537	1362
537	1363
537	1375
538	44
538	492
538	558
538	618
538	828
538	938
538	1127
538	1211
538	1220
538	1268
538	1278
538	1431
538	1491
538	1499
539	846
539	849
539	910
539	949
539	1190
539	1234
539	1245
539	1265
539	1271
539	1310
539	1345
539	1353
539	1390
539	1487
540	496
540	723
540	780
540	810
540	897
540	1217
540	1296
540	1423
540	1425
540	1442
540	1461
540	1477
540	1481
540	1482
541	403
541	731
541	746
541	778
541	961
541	1008
541	1012
541	1028
541	1237
541	1264
541	1288
541	1293
541	1306
541	1331
542	296
542	339
542	350
542	400
542	417
542	1096
542	1108
542	1357
542	1366
542	1393
542	1434
542	1471
542	1473
542	1481
543	116
543	200
543	482
543	493
543	517
543	664
543	747
543	936
543	965
543	1236
543	1330
543	1376
543	1422
543	1429
544	864
544	960
544	1137
544	1159
544	1220
544	1297
544	1320
544	1355
544	1379
544	1409
544	1438
544	1449
544	1452
544	1499
545	502
545	628
545	691
545	757
545	822
545	886
545	956
545	989
545	1147
545	1267
545	1439
545	1451
545	1466
545	1483
546	442
546	448
546	486
546	591
546	890
546	1268
546	1278
546	1283
546	1326
546	1431
546	1449
546	1452
546	1491
546	1499
547	845
547	1046
547	1079
547	1106
547	1115
547	1148
547	1178
547	1180
547	1200
547	1260
547	1278
547	1316
547	1351
547	1473
548	17
548	53
548	123
548	151
548	338
548	695
548	886
548	940
548	977
548	1129
548	1209
548	1277
548	1298
548	1382
549	390
549	394
549	487
549	703
549	853
549	892
549	916
549	1026
549	1035
549	1228
549	1243
549	1290
549	1291
549	1417
550	310
550	493
550	693
550	839
550	1152
550	1191
550	1273
550	1366
550	1377
550	1414
550	1445
550	1471
550	1472
550	1473
551	117
551	484
551	927
551	1088
551	1099
551	1122
551	1132
551	1227
551	1379
551	1446
551	1461
551	1477
551	1481
551	1482
552	187
552	800
552	972
552	982
552	988
552	1044
552	1063
552	1100
552	1345
552	1378
552	1408
552	1429
552	1436
552	1463
553	28
553	567
553	574
553	644
553	650
553	1003
553	1022
553	1042
553	1081
553	1216
553	1303
553	1322
553	1381
553	1486
554	120
554	146
554	403
554	432
554	489
554	1038
554	1187
554	1190
554	1245
554	1263
554	1271
554	1340
554	1353
554	1390
555	118
555	562
555	644
555	737
555	765
555	942
555	1000
555	1233
555	1248
555	1267
555	1310
555	1356
555	1451
555	1466
556	77
556	606
556	616
556	636
556	786
556	792
556	866
556	1139
556	1195
556	1250
556	1308
556	1361
556	1374
556	1387
557	822
557	943
557	953
557	955
557	1050
557	1109
557	1138
557	1145
557	1147
557	1291
557	1329
557	1359
557	1451
557	1466
558	339
558	538
558	1144
558	1270
558	1349
558	1365
558	1372
558	1395
558	1401
558	1426
558	1427
558	1440
558	1458
558	1479
559	754
559	1117
559	1242
559	1288
559	1343
559	1394
559	1395
559	1406
559	1416
559	1426
559	1440
559	1455
559	1458
559	1479
560	9
560	183
560	753
560	774
560	1282
560	1296
560	1357
560	1364
560	1437
560	1456
560	1457
560	1475
560	1494
560	1497
561	41
561	155
561	450
561	517
561	641
561	675
561	760
561	1015
561	1067
561	1299
561	1304
561	1334
561	1376
561	1422
562	555
562	886
562	1061
562	1125
562	1147
562	1171
562	1192
562	1345
562	1356
562	1389
562	1408
562	1429
562	1436
562	1463
563	204
563	320
563	837
563	1056
563	1073
563	1133
563	1205
563	1207
563	1239
563	1257
563	1282
563	1404
563	1407
563	1412
564	177
564	630
564	671
564	864
564	1014
564	1198
564	1378
564	1416
564	1448
564	1457
564	1467
564	1468
564	1474
564	1479
565	570
565	658
565	1036
565	1054
565	1266
565	1345
565	1360
565	1371
565	1378
565	1389
565	1408
565	1422
565	1436
565	1467
566	877
566	979
566	1157
566	1197
566	1276
566	1296
566	1297
566	1334
566	1336
566	1364
566	1385
566	1475
566	1494
566	1497
567	553
567	793
567	1073
567	1083
567	1121
567	1133
567	1231
567	1257
567	1329
567	1384
567	1404
567	1407
567	1440
567	1472
568	288
568	477
568	595
568	732
568	803
568	1010
568	1022
568	1081
568	1216
568	1318
568	1367
568	1381
568	1448
568	1449
569	128
569	944
569	1163
569	1169
569	1189
569	1212
569	1220
569	1278
569	1409
569	1411
569	1431
569	1449
569	1491
569	1499
570	463
570	565
570	640
570	838
570	931
570	937
570	939
570	1186
570	1198
570	1200
570	1258
570	1467
570	1468
570	1474
571	425
571	532
571	991
571	1177
571	1194
571	1213
571	1255
571	1259
571	1335
571	1341
571	1399
571	1429
571	1453
571	1478
572	503
572	686
572	848
572	925
572	1067
572	1262
572	1264
572	1287
572	1323
572	1347
572	1383
572	1486
572	1495
572	1498
573	65
573	671
573	811
573	931
573	1087
573	1282
573	1416
573	1430
573	1448
573	1449
573	1467
573	1468
573	1474
573	1478
574	426
574	553
574	650
574	749
574	764
574	803
574	847
574	1022
574	1129
574	1203
574	1279
574	1318
574	1322
574	1381
575	366
575	373
575	729
575	820
575	1244
575	1248
575	1356
575	1385
575	1386
575	1456
575	1475
575	1492
575	1494
575	1497
576	139
576	392
576	762
576	858
576	1188
576	1301
576	1324
576	1335
576	1341
576	1356
576	1399
576	1453
576	1462
576	1478
577	174
577	247
577	295
577	301
577	311
577	810
577	922
577	1090
577	1166
577	1172
577	1263
577	1295
577	1309
577	1359
577	1421
578	525
578	610
578	657
578	910
578	1038
578	1187
578	1190
578	1234
578	1245
578	1271
578	1353
578	1368
578	1390
578	1392
578	1425
579	55
579	117
579	327
579	345
579	435
579	531
579	793
579	1020
579	1033
579	1092
579	1243
579	1291
579	1307
579	1339
579	1492
580	305
580	666
580	929
580	1041
580	1152
580	1165
580	1183
580	1233
580	1254
580	1260
580	1393
580	1414
580	1471
580	1472
580	1473
581	23
581	417
581	429
581	688
581	710
581	1086
581	1108
581	1121
581	1377
581	1380
581	1393
581	1414
581	1428
581	1471
581	1473
582	407
582	455
582	635
582	845
582	1106
582	1115
582	1171
582	1178
582	1197
582	1227
582	1255
582	1260
582	1316
582	1377
582	1446
583	486
583	758
583	1019
583	1065
583	1066
583	1100
583	1173
583	1201
583	1203
583	1274
583	1442
583	1446
583	1477
583	1481
583	1496
584	42
584	194
584	262
584	627
584	721
584	739
584	741
584	873
584	1014
584	1032
584	1078
584	1313
584	1320
584	1321
584	1326
585	127
585	598
585	1043
585	1087
585	1177
585	1194
585	1259
585	1292
585	1301
585	1333
585	1337
585	1373
585	1453
585	1462
585	1478
586	20
586	275
586	648
586	1010
586	1188
586	1214
586	1291
586	1301
586	1335
586	1337
586	1341
586	1373
586	1453
586	1462
586	1478
587	237
587	884
587	1044
587	1105
587	1135
587	1137
587	1211
587	1349
587	1355
587	1396
587	1449
587	1452
587	1472
587	1491
587	1499
588	308
588	393
588	441
588	786
588	890
588	895
588	1090
588	1127
588	1169
588	1284
588	1409
588	1431
588	1438
588	1491
588	1499
589	8
589	491
589	692
589	997
589	1051
589	1102
589	1117
589	1119
589	1213
589	1276
589	1350
589	1368
589	1388
589	1396
589	1419
590	61
590	469
590	845
590	916
590	938
590	1028
590	1092
590	1101
590	1206
590	1228
590	1252
590	1290
590	1291
590	1339
590	1417
591	182
591	204
591	546
591	597
591	859
591	948
591	1027
591	1045
591	1121
591	1133
591	1205
591	1231
591	1384
591	1404
591	1407
592	20
592	47
592	489
592	537
592	768
592	772
592	844
592	1109
592	1177
592	1194
592	1301
592	1337
592	1399
592	1462
592	1478
593	489
593	852
593	1086
593	1096
593	1145
593	1152
593	1273
593	1292
593	1305
593	1341
593	1366
593	1471
593	1472
593	1473
593	1490
594	396
594	730
594	786
594	874
594	1219
594	1281
594	1304
594	1308
594	1397
594	1410
594	1412
594	1425
594	1465
594	1483
594	1496
595	568
595	692
595	707
595	737
595	795
595	822
595	934
595	1168
595	1192
595	1279
595	1310
595	1439
595	1451
595	1466
595	1483
596	620
596	913
596	926
596	957
596	1114
596	1176
596	1208
596	1241
596	1282
596	1360
596	1423
596	1442
596	1477
596	1481
596	1482
597	441
597	591
597	1027
597	1073
597	1085
597	1133
597	1184
597	1205
597	1207
597	1231
597	1239
597	1384
597	1404
597	1407
597	1433
598	366
598	496
598	585
598	815
598	921
598	989
598	1023
598	1119
598	1179
598	1182
598	1292
598	1311
598	1312
598	1391
598	1415
599	485
599	615
599	1072
599	1166
599	1181
599	1242
599	1365
599	1367
599	1395
599	1406
599	1426
599	1427
599	1455
599	1458
599	1479
600	149
600	200
600	604
600	855
600	1229
600	1317
600	1325
600	1327
600	1352
600	1353
600	1359
600	1373
600	1423
600	1427
600	1435
601	283
601	391
601	659
601	686
601	728
601	1158
601	1165
601	1178
601	1195
601	1434
601	1480
601	1484
601	1487
601	1488
601	1492
602	243
602	292
602	456
602	721
602	966
602	1020
602	1032
602	1110
602	1284
602	1298
602	1313
602	1320
602	1326
602	1339
602	1340
603	532
603	951
603	1043
603	1090
603	1188
603	1194
603	1212
603	1301
603	1337
603	1341
603	1399
603	1420
603	1447
603	1462
603	1478
604	196
604	314
604	600
604	887
604	919
604	1049
604	1072
604	1297
604	1317
604	1327
604	1352
604	1358
604	1359
604	1402
604	1435
605	58
605	200
605	394
605	454
605	783
605	788
605	853
605	1018
605	1033
605	1228
605	1243
605	1252
605	1291
605	1339
605	1465
606	482
606	556
606	1048
606	1075
606	1111
606	1155
606	1207
606	1263
606	1287
606	1354
606	1438
606	1459
606	1470
606	1476
606	1493
607	649
607	986
607	995
607	1087
607	1107
607	1115
607	1198
607	1200
607	1270
607	1373
607	1416
607	1448
607	1467
607	1468
607	1474
608	365
608	395
608	702
608	753
608	891
608	1317
608	1325
608	1327
608	1352
608	1358
608	1359
608	1402
608	1413
608	1435
608	1489
609	56
609	356
609	678
609	779
609	1049
609	1087
609	1154
609	1317
609	1327
609	1352
609	1358
609	1359
609	1369
609	1402
609	1435
610	58
610	122
610	302
610	397
610	578
610	611
610	910
610	949
610	996
610	1038
610	1197
610	1234
610	1245
610	1353
610	1390
611	406
611	610
611	657
611	801
611	846
611	849
611	893
611	1038
611	1043
611	1096
611	1170
611	1245
611	1307
611	1353
611	1390
612	132
612	291
612	297
612	746
612	848
612	1034
612	1122
612	1149
612	1170
612	1172
612	1295
612	1309
612	1405
612	1421
612	1432
613	390
613	643
613	674
613	1060
613	1108
613	1127
613	1159
613	1210
613	1211
613	1252
613	1297
613	1431
613	1452
613	1491
613	1499
614	55
614	74
614	175
614	319
614	477
614	803
614	959
614	1022
614	1081
614	1216
614	1303
614	1318
614	1381
614	1424
614	1446
615	306
615	599
615	769
615	790
615	928
615	1091
615	1223
615	1234
615	1262
615	1264
615	1347
615	1383
615	1469
615	1486
615	1495
616	241
616	556
616	627
616	880
616	920
616	964
616	1139
616	1250
616	1294
616	1308
616	1325
616	1349
616	1361
616	1387
616	1487
617	82
617	455
617	708
617	902
617	915
617	1046
617	1061
617	1175
617	1360
617	1371
617	1378
617	1408
617	1429
617	1436
617	1463
618	535
618	538
618	678
618	958
618	1060
618	1104
618	1218
618	1226
618	1278
618	1411
618	1431
618	1449
618	1452
618	1491
618	1499
619	297
619	338
619	471
619	878
619	978
619	1002
619	1103
619	1149
619	1166
619	1172
619	1295
619	1309
619	1405
619	1421
619	1441
620	55
620	596
620	744
620	763
620	934
620	953
620	1147
620	1213
620	1267
620	1310
620	1327
620	1346
620	1411
620	1439
620	1478
621	168
621	437
621	518
621	519
621	522
621	788
621	916
621	938
621	1228
621	1243
621	1252
621	1339
621	1417
621	1460
621	1468
622	28
622	200
622	367
622	528
622	529
622	702
622	1039
622	1061
622	1145
622	1313
622	1327
622	1352
622	1359
622	1402
622	1435
623	413
623	816
623	826
623	898
623	1041
623	1206
623	1266
623	1323
623	1344
623	1347
623	1383
623	1420
623	1469
623	1495
623	1498
624	402
624	490
624	701
624	954
624	968
624	1273
624	1305
624	1366
624	1377
624	1380
624	1393
624	1445
624	1471
624	1472
624	1473
625	87
625	321
625	868
625	932
625	961
625	973
625	975
625	1080
625	1164
625	1237
625	1288
625	1293
625	1306
625	1331
625	1460
626	292
626	359
626	442
626	678
626	716
626	747
626	937
626	992
626	1032
626	1078
626	1110
626	1277
626	1284
626	1313
626	1320
627	375
627	461
627	584
627	616
627	629
627	663
627	792
627	1074
627	1086
627	1204
627	1246
627	1250
627	1308
627	1374
627	1387
628	44
628	545
628	910
628	1038
628	1113
628	1178
628	1219
628	1332
628	1351
628	1398
628	1401
628	1410
628	1412
628	1465
628	1496
629	50
629	230
629	343
629	627
629	818
629	866
629	869
629	982
629	1204
629	1250
629	1307
629	1361
629	1374
629	1387
629	1401
630	265
630	564
630	651
630	811
630	971
630	1120
630	1139
630	1186
630	1335
630	1416
630	1422
630	1448
630	1467
630	1468
630	1474
631	253
631	395
631	716
631	1029
631	1087
631	1240
631	1247
631	1287
631	1289
631	1333
631	1438
631	1459
631	1470
631	1476
631	1493
632	121
632	195
632	711
632	988
632	1001
632	1198
632	1327
632	1360
632	1371
632	1378
632	1408
632	1429
632	1436
632	1457
632	1463
633	137
633	174
633	690
633	738
633	839
633	1002
633	1034
633	1103
633	1166
633	1207
633	1295
633	1309
633	1405
633	1413
633	1421
634	378
634	1024
634	1026
634	1083
634	1149
634	1158
634	1181
634	1247
634	1390
634	1404
634	1464
634	1484
634	1485
634	1486
634	1488
635	48
635	582
635	873
635	985
635	1046
635	1079
635	1085
635	1106
635	1171
635	1197
635	1227
635	1260
635	1316
635	1430
635	1465
636	250
636	350
636	556
636	733
636	922
636	1090
636	1141
636	1166
636	1172
636	1179
636	1295
636	1309
636	1330
636	1405
636	1421
637	37
637	120
637	146
637	415
637	703
637	745
637	801
637	849
637	1127
637	1153
637	1187
637	1190
637	1271
637	1390
637	1445
638	4
638	713
638	885
638	967
638	1053
638	1104
638	1199
638	1272
638	1285
638	1324
638	1444
638	1468
638	1489
638	1490
638	1497
639	848
639	887
639	1202
639	1255
639	1302
639	1321
639	1348
639	1369
639	1370
639	1420
639	1424
639	1433
639	1447
639	1450
639	1461
640	261
640	570
640	865
640	1014
640	1107
640	1198
640	1200
640	1259
640	1293
640	1396
640	1416
640	1443
640	1467
640	1468
640	1474
641	73
641	116
641	155
641	192
641	215
641	469
641	561
641	885
641	943
641	993
641	1015
641	1155
641	1244
641	1330
641	1422
642	227
642	388
642	679
642	978
642	1270
642	1365
642	1372
642	1394
642	1395
642	1406
642	1427
642	1440
642	1458
642	1479
642	1493
643	515
643	525
643	613
643	683
643	1084
643	1126
643	1232
643	1238
643	1249
643	1265
643	1280
643	1294
643	1362
643	1363
643	1375
644	401
644	553
644	555
644	701
644	862
644	1109
644	1118
644	1147
644	1310
644	1346
644	1427
644	1439
644	1451
644	1466
644	1483
645	208
645	1013
645	1095
645	1102
645	1117
645	1213
645	1350
645	1368
645	1388
645	1396
645	1419
645	1425
645	1489
645	1498
645	1500
646	658
646	677
646	736
646	860
646	925
646	946
646	965
646	1176
646	1199
646	1275
646	1319
646	1324
646	1346
646	1489
646	1490
647	406
647	684
647	766
647	786
647	844
647	856
647	858
647	951
647	1177
647	1237
647	1399
647	1453
647	1462
647	1464
647	1478
648	63
648	162
648	531
648	586
648	733
648	766
648	1071
648	1085
648	1118
648	1286
648	1434
648	1464
648	1480
648	1484
648	1492
649	406
649	607
649	677
649	745
649	949
649	1187
649	1190
649	1234
649	1245
649	1271
649	1275
649	1345
649	1353
649	1390
649	1421
650	180
650	278
650	553
650	574
650	748
650	959
650	971
650	1003
650	1010
650	1216
650	1303
650	1318
650	1322
650	1381
650	1428
651	109
651	301
651	463
651	464
651	524
651	630
651	684
651	1087
651	1400
651	1416
651	1448
651	1454
651	1467
651	1468
651	1474
652	778
652	799
652	828
652	921
652	932
652	999
652	1012
652	1028
652	1206
652	1237
652	1288
652	1293
652	1306
652	1307
652	1331
652	1475
653	76
653	485
653	714
653	1022
653	1075
653	1129
653	1168
653	1235
653	1256
653	1269
653	1432
653	1441
653	1454
653	1459
653	1460
653	1500
654	278
654	327
654	345
654	771
654	916
654	1020
654	1033
654	1092
654	1114
654	1252
654	1290
654	1339
654	1348
654	1417
654	1438
654	1497
655	155
655	226
655	348
655	467
655	694
655	818
655	842
655	869
655	880
655	948
655	964
655	1139
655	1250
655	1361
655	1374
655	1387
656	201
656	239
656	676
656	1070
656	1080
656	1155
656	1236
656	1314
656	1354
656	1431
656	1438
656	1459
656	1470
656	1476
656	1490
656	1493
657	223
657	578
657	611
657	846
657	910
657	960
657	1038
657	1187
657	1190
657	1211
657	1234
657	1245
657	1271
657	1390
657	1425
657	1442
658	411
658	565
658	646
658	710
658	902
658	987
658	1005
658	1061
658	1125
658	1192
658	1292
658	1298
658	1371
658	1408
658	1459
658	1463
659	156
659	216
659	601
659	825
659	891
659	1013
659	1058
659	1070
659	1117
659	1143
659	1168
659	1176
659	1350
659	1368
659	1396
659	1419
660	244
660	359
660	456
660	665
660	734
660	949
660	966
660	1032
660	1055
660	1057
660	1110
660	1119
660	1284
660	1313
660	1320
660	1326
661	158
661	228
661	276
661	730
661	855
661	914
661	1154
661	1215
661	1295
661	1325
661	1327
661	1352
661	1358
661	1359
661	1402
661	1435
662	89
662	179
662	453
662	665
662	727
662	857
662	882
662	944
662	1098
662	1185
662	1292
662	1311
662	1312
662	1391
662	1415
662	1465
663	60
663	427
663	627
663	833
663	850
663	1030
663	1165
663	1181
663	1247
663	1282
663	1431
663	1434
663	1480
663	1487
663	1488
663	1492
664	70
664	205
664	443
664	543
664	800
664	1015
664	1067
664	1210
664	1244
664	1278
664	1299
664	1307
664	1330
664	1376
664	1422
664	1442
665	660
665	662
665	667
665	709
665	737
665	765
665	848
665	864
665	1037
665	1153
665	1310
665	1329
665	1346
665	1474
665	1483
665	1489
666	38
666	467
666	580
666	708
666	902
666	1170
666	1183
666	1191
666	1254
666	1305
666	1326
666	1377
666	1445
666	1471
666	1472
666	1473
667	184
667	665
667	696
667	1037
667	1107
667	1127
667	1147
667	1160
667	1185
667	1279
667	1319
667	1329
667	1391
667	1428
667	1451
667	1483
668	221
668	510
668	953
668	993
668	1050
668	1098
668	1147
668	1160
668	1232
668	1267
668	1279
668	1346
668	1409
668	1428
668	1466
668	1483
669	200
669	920
669	935
669	1011
669	1076
669	1234
669	1247
669	1403
669	1410
669	1434
669	1464
669	1480
669	1484
669	1487
669	1488
669	1492
670	100
670	344
670	380
670	788
670	790
670	907
670	938
670	1092
670	1228
670	1290
670	1291
670	1339
670	1416
670	1417
670	1450
670	1472
671	97
671	564
671	573
671	934
671	986
671	1049
671	1087
671	1186
671	1355
671	1358
671	1376
671	1416
671	1448
671	1467
671	1468
671	1474
672	290
672	516
672	708
672	1041
672	1152
672	1191
672	1254
672	1305
672	1393
672	1425
672	1445
672	1449
672	1472
672	1473
672	1475
672	1479
673	478
673	809
673	920
673	1032
673	1217
673	1295
673	1296
673	1310
673	1364
673	1386
673	1437
673	1456
673	1457
673	1475
673	1494
673	1497
674	613
674	904
674	1046
674	1080
674	1146
674	1224
674	1253
674	1255
674	1287
674	1370
674	1400
674	1420
674	1424
674	1433
674	1447
674	1450
675	21
675	64
675	215
675	257
675	561
675	698
675	945
675	1101
675	1244
675	1275
675	1299
675	1330
675	1370
675	1376
675	1422
675	1447
676	207
676	225
676	656
676	814
676	954
676	1065
676	1211
676	1333
676	1340
676	1354
676	1435
676	1438
676	1459
676	1470
676	1476
676	1493
677	210
677	646
677	649
677	833
677	903
677	911
677	925
677	1233
677	1263
677	1272
677	1275
677	1285
677	1287
677	1462
677	1489
677	1490
678	292
678	527
678	609
678	618
678	626
678	739
678	921
678	966
678	992
678	1032
678	1057
678	1168
678	1278
678	1284
678	1320
678	1326
679	141
679	276
679	457
679	642
679	848
679	930
679	998
679	1116
679	1126
679	1135
679	1161
679	1168
679	1269
679	1424
679	1454
679	1500
680	499
680	970
680	1137
680	1189
680	1220
680	1318
680	1324
680	1355
680	1384
680	1408
680	1411
680	1431
680	1449
680	1452
680	1491
680	1499
681	32
681	89
681	133
681	428
681	431
681	776
681	831
681	1082
681	1129
681	1140
681	1214
681	1229
681	1261
681	1277
681	1298
681	1328
682	228
682	271
682	536
682	830
682	1027
682	1069
682	1121
682	1124
682	1133
682	1205
682	1207
682	1231
682	1239
682	1262
682	1384
682	1470
683	393
683	643
683	700
683	931
683	995
683	1017
683	1084
683	1126
683	1151
683	1238
683	1249
683	1265
683	1280
683	1294
683	1363
683	1375
684	647
684	651
684	775
684	842
684	844
684	846
684	984
684	1043
684	1069
684	1194
684	1321
684	1335
684	1337
684	1341
684	1453
684	1478
685	55
685	112
685	184
685	691
685	707
685	759
685	912
685	942
685	1138
685	1159
685	1177
685	1346
685	1347
685	1439
685	1451
685	1473
686	422
686	572
686	601
686	974
686	1128
686	1137
686	1210
686	1264
686	1300
686	1347
686	1356
686	1374
686	1447
686	1469
686	1486
686	1498
687	109
687	178
687	327
687	771
687	876
687	916
687	1020
687	1033
687	1092
687	1243
687	1252
687	1276
687	1290
687	1291
687	1330
687	1397
688	581
688	1088
688	1108
688	1152
688	1191
688	1212
688	1263
688	1305
688	1366
688	1377
688	1380
688	1386
688	1393
688	1445
688	1471
688	1476
689	404
689	412
689	728
689	747
689	1164
689	1270
689	1307
689	1337
689	1365
689	1395
689	1426
689	1427
689	1440
689	1455
689	1458
689	1479
690	633
690	708
690	784
690	845
690	873
690	918
690	950
690	1040
690	1079
690	1106
690	1178
690	1180
690	1197
690	1227
690	1260
690	1380
691	35
691	487
691	545
691	685
691	696
691	759
691	765
691	943
691	1047
691	1109
691	1160
691	1235
691	1267
691	1310
691	1371
691	1428
692	22
692	35
692	459
692	589
692	595
692	1031
692	1095
692	1102
692	1214
692	1315
692	1350
692	1368
692	1388
692	1396
692	1419
692	1469
693	550
693	805
693	812
693	838
693	896
693	928
693	929
693	1089
693	1091
693	1264
693	1274
693	1445
693	1450
693	1469
693	1486
693	1495
694	408
694	458
694	655
694	775
694	787
694	818
694	820
694	948
694	964
694	1250
694	1304
694	1308
694	1361
694	1374
694	1408
694	1459
695	133
695	157
695	454
695	548
695	764
695	776
695	831
695	1052
695	1162
695	1209
695	1229
695	1261
695	1298
695	1314
695	1330
695	1495
696	169
696	364
696	402
696	667
696	691
696	701
696	768
696	795
696	864
696	943
696	956
696	1202
696	1329
696	1346
696	1428
696	1483
697	209
697	472
697	714
697	817
697	947
697	998
697	1042
697	1056
697	1251
697	1315
697	1379
697	1394
697	1441
697	1443
697	1460
697	1486
698	377
698	380
698	675
698	749
698	1230
698	1276
698	1357
698	1364
698	1367
698	1385
698	1437
698	1456
698	1457
698	1475
698	1494
698	1497
699	926
699	1017
699	1078
699	1196
699	1239
699	1334
699	1356
699	1357
699	1364
699	1367
699	1385
699	1386
699	1456
699	1475
699	1494
699	1497
700	683
700	767
700	925
700	960
700	964
700	1008
700	1126
700	1238
700	1249
700	1265
700	1280
700	1294
700	1362
700	1363
700	1375
700	1398
701	88
701	624
701	644
701	696
701	789
701	881
701	956
701	1045
701	1147
701	1248
701	1346
701	1422
701	1428
701	1451
701	1466
701	1483
702	459
702	519
702	608
702	622
702	836
702	855
702	967
702	1145
702	1325
702	1327
702	1352
702	1358
702	1402
702	1413
702	1435
702	1464
703	549
703	637
703	812
703	919
703	926
703	954
703	1072
703	1240
703	1280
703	1314
703	1349
703	1354
703	1459
703	1470
703	1476
703	1493
704	206
704	219
704	1094
704	1201
704	1242
704	1307
704	1343
704	1394
704	1395
704	1406
704	1409
704	1427
704	1449
704	1455
704	1458
704	1479
705	112
705	148
705	834
705	1021
705	1225
705	1233
705	1343
705	1366
705	1372
705	1394
705	1406
705	1427
705	1440
705	1455
705	1458
705	1479
706	261
706	769
706	904
706	1108
706	1224
706	1255
706	1302
706	1370
706	1400
706	1420
706	1424
706	1433
706	1436
706	1447
706	1450
706	1474
707	9
707	202
707	361
707	420
707	595
707	685
707	774
707	789
707	847
707	864
707	933
707	1153
707	1248
707	1345
707	1346
707	1447
707	1483
708	23
708	113
708	402
708	617
708	666
708	672
708	690
708	995
708	1041
708	1086
708	1194
708	1380
708	1393
708	1414
708	1422
708	1445
708	1473
709	207
709	318
709	665
709	789
709	822
709	847
709	953
709	1050
709	1072
709	1232
709	1267
709	1303
709	1342
709	1420
709	1428
709	1466
709	1483
710	581
710	658
710	886
710	926
710	936
710	1033
710	1134
710	1335
710	1345
710	1360
710	1378
710	1389
710	1408
710	1422
710	1429
710	1436
710	1463
711	286
711	632
711	902
711	932
711	972
711	1061
711	1134
711	1230
711	1307
711	1315
711	1360
711	1369
711	1371
711	1378
711	1408
711	1436
711	1463
712	298
712	446
712	528
712	855
712	872
712	919
712	1104
712	1154
712	1160
712	1164
712	1317
712	1325
712	1327
712	1352
712	1358
712	1359
712	1435
713	44
713	521
713	528
713	638
713	794
713	801
713	804
713	860
713	965
713	1029
713	1275
713	1285
713	1319
713	1324
713	1417
713	1444
713	1489
714	653
714	697
714	767
714	801
714	819
714	1126
714	1151
714	1156
714	1164
714	1238
714	1249
714	1280
714	1362
714	1363
714	1375
714	1430
714	1460
715	98
715	360
715	472
715	789
715	901
715	918
715	1097
715	1196
715	1221
715	1235
715	1256
715	1315
715	1360
715	1377
715	1443
715	1454
715	1460
716	426
716	626
716	631
716	737
716	954
716	1019
716	1042
716	1155
716	1289
716	1333
716	1340
716	1349
716	1438
716	1459
716	1470
716	1476
716	1493
717	222
717	826
717	886
717	982
717	1001
717	1005
717	1192
717	1283
717	1290
717	1345
717	1360
717	1389
717	1408
717	1429
717	1436
717	1463
717	1475
718	260
718	387
718	416
718	829
718	890
718	1259
718	1301
718	1335
718	1337
718	1373
718	1388
718	1399
718	1430
718	1453
718	1462
718	1477
718	1478
719	82
719	248
719	439
719	766
719	808
719	875
719	959
719	1232
719	1276
719	1356
719	1361
719	1367
719	1385
719	1386
719	1437
719	1457
719	1494
720	823
720	996
720	1077
720	1085
720	1178
720	1227
720	1232
720	1235
720	1247
720	1323
720	1464
720	1480
720	1484
720	1485
720	1487
720	1488
720	1492
721	262
721	584
721	602
721	739
721	889
721	1032
721	1055
721	1110
721	1283
721	1284
721	1313
721	1320
721	1326
721	1367
721	1404
721	1453
721	1494
722	730
722	835
722	855
722	1069
722	1172
722	1283
722	1348
722	1351
722	1401
722	1412
722	1418
722	1425
722	1430
722	1432
722	1447
722	1465
722	1496
723	248
723	540
723	773
723	777
723	870
723	997
723	1057
723	1099
723	1114
723	1132
723	1176
723	1201
723	1282
723	1379
723	1423
723	1461
723	1482
724	136
724	791
724	857
724	1120
724	1131
724	1253
724	1255
724	1321
724	1369
724	1370
724	1400
724	1420
724	1424
724	1433
724	1447
724	1450
724	1489
725	421
725	490
725	924
725	1088
725	1296
725	1334
725	1353
725	1364
725	1367
725	1386
725	1392
725	1437
725	1456
725	1457
725	1475
725	1494
725	1497
726	744
726	765
726	802
726	1037
726	1269
726	1279
726	1304
726	1310
726	1329
726	1376
726	1384
726	1428
726	1439
726	1443
726	1451
726	1466
726	1483
727	492
727	531
727	662
727	872
727	925
727	1140
727	1225
727	1270
727	1307
727	1372
727	1395
727	1406
727	1427
727	1440
727	1455
727	1458
727	1479
728	52
728	59
728	601
728	689
728	893
728	948
728	1051
728	1253
728	1369
728	1370
728	1400
728	1420
728	1424
728	1433
728	1443
728	1447
728	1450
729	194
729	322
729	488
729	575
729	968
729	979
729	1296
729	1334
729	1336
729	1357
729	1386
729	1456
729	1459
729	1475
729	1481
729	1494
729	1497
730	62
730	594
730	661
730	722
730	1215
730	1283
730	1303
730	1351
730	1392
730	1398
730	1401
730	1410
730	1418
730	1421
730	1432
730	1443
730	1452
731	99
731	480
731	541
731	755
731	852
731	868
731	932
731	999
731	1024
731	1028
731	1232
731	1237
731	1288
731	1293
731	1306
731	1331
731	1498
732	182
732	526
732	568
732	831
732	835
732	1016
732	1082
732	1162
732	1209
732	1229
732	1256
732	1261
732	1277
732	1298
732	1328
732	1387
732	1455
733	636
733	648
733	955
733	1053
733	1096
733	1152
733	1191
733	1247
733	1254
733	1273
733	1366
733	1380
733	1393
733	1402
733	1445
733	1471
733	1472
734	660
734	820
734	878
734	941
734	1026
734	1030
734	1085
734	1286
734	1307
734	1432
734	1434
734	1464
734	1484
734	1485
734	1487
734	1488
734	1492
735	263
735	756
735	861
735	994
735	996
735	1064
735	1071
735	1077
735	1175
735	1195
735	1434
735	1464
735	1480
735	1485
735	1488
735	1492
735	1500
736	44
736	198
736	390
736	646
736	769
736	798
736	862
736	892
736	967
736	980
736	1167
736	1171
736	1186
736	1324
736	1444
736	1489
736	1490
737	27
737	555
737	595
737	665
737	716
737	763
737	1037
737	1173
737	1232
737	1279
737	1310
737	1329
737	1342
737	1352
737	1373
737	1439
737	1483
738	128
738	464
738	490
738	633
738	811
738	971
738	1038
738	1056
738	1093
738	1198
738	1200
738	1294
738	1416
738	1448
738	1467
738	1468
738	1474
739	143
739	194
739	358
739	584
739	678
739	721
739	853
739	937
739	977
739	992
739	1078
739	1202
739	1284
739	1313
739	1320
739	1326
739	1356
740	533
740	810
740	896
740	976
740	1019
740	1065
740	1088
740	1098
740	1100
740	1123
740	1322
740	1379
740	1446
740	1477
740	1481
740	1487
740	1496
741	45
741	194
741	262
741	266
741	436
741	584
741	799
741	884
741	937
741	966
741	990
741	1058
741	1078
741	1110
741	1313
741	1320
741	1378
742	341
742	459
742	755
742	840
742	845
742	977
742	984
742	1018
742	1095
742	1102
742	1170
742	1204
742	1213
742	1214
742	1275
742	1388
742	1419
743	37
743	158
743	313
743	480
743	504
743	868
743	932
743	973
743	1012
743	1028
743	1157
743	1175
743	1237
743	1288
743	1306
743	1331
743	1427
744	43
744	101
744	212
744	452
744	620
744	726
744	794
744	862
744	1039
744	1109
744	1160
744	1267
744	1279
744	1310
744	1324
744	1329
744	1466
745	37
745	111
745	637
745	649
745	849
745	964
745	967
745	1043
745	1187
745	1190
745	1234
745	1245
745	1257
745	1271
745	1353
745	1390
745	1418
746	247
746	295
746	297
746	520
746	541
746	612
746	762
746	821
746	1002
746	1103
746	1172
746	1200
746	1295
746	1325
746	1336
746	1405
746	1421
747	19
747	163
747	205
747	493
747	543
747	626
747	689
747	760
747	885
747	1067
747	1125
747	1244
747	1262
747	1299
747	1330
747	1376
747	1422
748	110
748	511
748	650
748	764
748	782
748	803
748	1003
748	1081
748	1097
748	1216
748	1257
748	1303
748	1318
748	1322
748	1339
748	1363
748	1381
749	28
749	38
749	288
749	426
749	574
749	698
749	764
749	803
749	912
749	959
749	1022
749	1216
749	1311
749	1318
749	1381
749	1395
749	1497
750	78
750	180
750	194
750	453
750	804
750	807
750	813
750	844
750	879
750	882
750	1011
750	1029
750	1140
750	1233
750	1275
750	1489
750	1490
751	95
751	457
751	468
751	1016
751	1031
751	1155
751	1230
751	1235
751	1236
751	1263
751	1305
751	1314
751	1349
751	1459
751	1470
751	1476
751	1493
752	841
752	926
752	1060
752	1066
752	1076
752	1122
752	1202
752	1258
752	1321
752	1369
752	1370
752	1400
752	1420
752	1424
752	1433
752	1447
752	1450
753	166
753	432
753	560
753	608
753	944
753	1142
753	1150
753	1281
753	1325
753	1348
753	1397
753	1398
753	1413
753	1425
753	1432
753	1465
753	1496
754	36
754	166
754	503
754	559
754	840
754	928
754	938
754	991
754	1062
754	1112
754	1223
754	1266
754	1300
754	1383
754	1469
754	1486
754	1498
755	380
755	438
755	731
755	742
755	1070
755	1095
755	1117
755	1143
755	1170
755	1237
755	1350
755	1368
755	1388
755	1396
755	1419
755	1437
755	1490
756	53
756	135
756	151
756	526
756	735
756	831
756	940
756	1129
756	1162
756	1173
756	1261
756	1265
756	1277
756	1288
756	1298
756	1328
756	1447
757	164
757	545
757	795
757	822
757	927
757	1037
757	1135
757	1153
757	1175
757	1232
757	1248
757	1254
757	1267
757	1428
757	1466
757	1482
757	1483
758	63
758	432
758	479
758	583
758	1088
758	1139
758	1201
758	1237
758	1241
758	1274
758	1322
758	1434
758	1446
758	1461
758	1477
758	1481
758	1482
759	101
759	269
759	515
759	685
759	691
759	875
759	956
759	1060
759	1109
759	1117
759	1202
759	1279
759	1346
759	1428
759	1439
759	1451
759	1466
760	64
760	102
760	155
760	232
760	372
760	392
760	561
760	747
760	908
760	945
760	1015
760	1051
760	1244
760	1279
760	1330
760	1376
760	1422
761	115
761	228
761	309
761	774
761	777
761	1027
761	1073
761	1133
761	1207
761	1231
761	1239
761	1262
761	1316
761	1330
761	1384
761	1404
761	1407
762	56
762	576
762	746
762	811
762	842
762	994
762	1138
762	1188
762	1226
762	1259
762	1301
762	1335
762	1337
762	1341
762	1453
762	1462
762	1478
763	16
763	408
763	620
763	737
763	822
763	1032
763	1050
763	1091
763	1279
763	1299
763	1310
763	1342
763	1346
763	1428
763	1439
763	1451
763	1466
764	110
764	164
764	241
764	574
764	695
764	748
764	749
764	1010
764	1022
764	1081
764	1149
764	1263
764	1303
764	1321
764	1322
764	1381
764	1422
765	107
765	555
765	665
765	691
765	726
765	943
765	1052
765	1131
765	1147
765	1160
765	1212
765	1267
765	1329
765	1342
765	1428
765	1439
765	1474
765	1483
766	47
766	244
766	411
766	514
766	647
766	648
766	719
766	991
766	1177
766	1259
766	1276
766	1335
766	1337
766	1373
766	1399
766	1453
766	1462
766	1478
767	237
767	254
767	453
767	700
767	714
767	1151
767	1156
767	1164
767	1219
767	1238
767	1265
767	1274
767	1280
767	1294
767	1332
767	1362
767	1363
767	1375
768	112
768	137
768	174
768	468
768	592
768	696
768	789
768	842
768	943
768	1050
768	1109
768	1147
768	1225
768	1232
768	1282
768	1325
768	1329
768	1439
769	615
769	706
769	736
769	780
769	798
769	984
769	1053
769	1141
769	1167
769	1180
769	1203
769	1272
769	1289
769	1324
769	1444
769	1451
769	1489
769	1490
770	260
770	321
770	382
770	404
770	1086
770	1152
770	1191
770	1241
770	1273
770	1341
770	1366
770	1377
770	1393
770	1445
770	1471
770	1472
770	1473
770	1481
771	345
771	376
771	654
771	687
771	794
771	797
771	819
771	892
771	1005
771	1040
771	1228
771	1252
771	1266
771	1290
771	1291
771	1311
771	1339
771	1417
772	163
772	440
772	592
772	796
772	918
772	1079
772	1084
772	1106
772	1148
772	1170
772	1171
772	1178
772	1180
772	1197
772	1251
772	1316
772	1446
772	1486
773	723
773	863
773	933
773	1112
773	1146
773	1253
773	1258
773	1272
773	1321
773	1369
773	1397
773	1400
773	1405
773	1420
773	1424
773	1433
773	1447
773	1450
774	54
774	207
774	447
774	560
774	707
774	761
774	883
774	958
774	963
774	1000
774	1053
774	1133
774	1207
774	1257
774	1384
774	1404
774	1407
774	1461
775	684
775	694
775	875
775	1276
775	1334
775	1336
775	1338
775	1367
775	1385
775	1386
775	1397
775	1442
775	1456
775	1457
775	1459
775	1490
775	1494
775	1497
776	17
776	431
776	514
776	681
776	695
776	926
776	938
776	940
776	1052
776	1082
776	1162
776	1178
776	1209
776	1229
776	1298
776	1328
776	1419
776	1482
777	228
777	447
777	499
777	723
777	761
777	883
777	1027
777	1060
777	1121
777	1133
777	1169
777	1207
777	1231
777	1239
777	1384
777	1404
777	1407
777	1448
778	321
778	480
778	483
778	541
778	652
778	828
778	868
778	1008
778	1095
778	1236
778	1237
778	1288
778	1293
778	1306
778	1331
778	1334
778	1444
778	1467
779	395
779	609
779	1039
779	1049
779	1145
779	1168
779	1245
779	1317
779	1325
779	1327
779	1352
779	1358
779	1359
779	1365
779	1402
779	1423
779	1435
779	1483
780	26
780	540
780	769
780	1065
780	1080
780	1173
780	1176
780	1282
780	1296
780	1344
780	1423
780	1439
780	1442
780	1446
780	1469
780	1477
780	1481
780	1482
781	321
781	868
781	961
781	973
781	975
781	999
781	1008
781	1012
781	1067
781	1100
781	1237
781	1288
781	1293
781	1306
781	1317
781	1331
781	1345
781	1464
782	113
782	187
782	748
782	914
782	952
782	982
782	987
782	1001
782	1125
782	1175
782	1188
782	1192
782	1345
782	1360
782	1372
782	1389
782	1429
782	1463
783	1
783	14
783	285
783	383
783	399
783	466
783	605
783	839
783	1182
783	1185
783	1193
783	1292
783	1311
783	1312
783	1321
783	1391
783	1415
783	1474
784	21
784	327
784	364
784	489
784	690
784	1041
784	1096
784	1157
784	1183
784	1189
784	1366
784	1397
784	1414
784	1445
784	1461
784	1471
784	1472
784	1473
785	180
785	235
785	917
785	983
785	1084
785	1111
785	1126
785	1156
785	1164
785	1193
785	1249
785	1260
785	1265
785	1280
785	1294
785	1362
785	1363
785	1456
786	444
786	556
786	588
786	594
786	647
786	955
786	1041
786	1157
786	1191
786	1207
786	1273
786	1305
786	1377
786	1380
786	1445
786	1471
786	1472
786	1473
787	195
787	290
787	335
787	361
787	408
787	465
787	694
787	792
787	948
787	964
787	1072
787	1201
787	1240
787	1308
787	1361
787	1374
787	1387
787	1495
788	61
788	368
788	605
788	621
788	670
788	907
788	916
788	1035
788	1175
788	1198
788	1228
788	1290
788	1291
788	1339
788	1417
788	1437
788	1484
788	1495
789	222
789	336
789	458
789	701
789	707
789	709
789	715
789	768
789	862
789	877
789	942
789	965
789	1050
789	1329
789	1394
789	1397
789	1428
789	1439
790	332
790	444
790	495
790	615
790	670
790	896
790	1062
790	1112
790	1186
790	1206
790	1210
790	1344
790	1391
790	1469
790	1474
790	1482
790	1495
790	1498
791	535
791	724
791	890
791	1019
791	1060
791	1065
791	1078
791	1123
791	1132
791	1174
791	1176
791	1379
791	1442
791	1446
791	1461
791	1477
791	1481
791	1482
792	135
792	280
792	556
792	627
792	787
792	866
792	920
792	964
792	970
792	1062
792	1139
792	1204
792	1250
792	1290
792	1308
792	1361
792	1374
792	1387
793	300
793	567
793	579
793	834
793	844
793	1027
793	1073
793	1089
793	1121
793	1205
793	1207
793	1231
793	1239
793	1257
793	1384
793	1404
793	1407
793	1488
794	34
794	81
794	530
794	713
794	744
794	771
794	804
794	1099
794	1141
794	1185
794	1199
794	1203
794	1275
794	1285
794	1324
794	1439
794	1489
794	1490
795	595
795	696
795	757
795	802
795	1050
795	1138
795	1147
795	1153
795	1256
795	1265
795	1267
795	1329
795	1395
795	1425
795	1428
795	1451
795	1483
795	1487
796	163
796	470
796	530
796	772
796	873
796	1040
796	1046
796	1068
796	1148
796	1171
796	1178
796	1180
796	1206
796	1219
796	1260
796	1316
796	1460
796	1483
797	100
797	151
797	176
797	325
797	353
797	376
797	454
797	771
797	851
797	1033
797	1092
797	1170
797	1238
797	1243
797	1252
797	1288
797	1290
797	1417
798	415
798	453
798	470
798	736
798	769
798	807
798	854
798	869
798	925
798	1047
798	1053
798	1130
798	1167
798	1324
798	1329
798	1435
798	1444
798	1489
799	75
799	478
799	652
799	741
799	981
799	1072
799	1078
799	1307
799	1343
799	1372
799	1390
799	1406
799	1426
799	1427
799	1455
799	1458
799	1472
799	1479
800	71
800	116
800	469
800	482
800	493
800	552
800	664
800	895
800	908
800	1067
800	1099
800	1116
800	1160
800	1299
800	1330
800	1363
800	1376
800	1422
801	146
801	397
801	611
801	637
801	713
801	714
801	846
801	910
801	949
801	1182
801	1187
801	1190
801	1245
801	1271
801	1275
801	1310
801	1353
801	1390
802	112
802	726
802	795
802	864
802	888
802	956
802	1078
802	1147
802	1248
802	1263
802	1267
802	1273
802	1406
802	1428
802	1439
802	1451
802	1466
802	1483
803	127
803	307
803	498
803	568
803	574
803	614
803	748
803	749
803	959
803	1010
803	1030
803	1216
803	1303
803	1315
803	1318
803	1322
803	1381
803	1410
804	498
804	713
804	750
804	794
804	813
804	967
804	1018
804	1130
804	1141
804	1167
804	1171
804	1246
804	1275
804	1319
804	1476
804	1482
804	1489
804	1490
805	262
805	693
805	923
805	1091
805	1122
805	1128
805	1129
805	1167
805	1246
805	1264
805	1301
805	1323
805	1344
805	1469
805	1470
805	1486
805	1495
805	1498
806	252
806	936
806	952
806	972
806	1053
806	1083
806	1125
806	1134
806	1345
806	1360
806	1371
806	1372
806	1378
806	1408
806	1429
806	1436
806	1463
806	1485
807	44
807	254
807	750
807	798
807	904
807	925
807	984
807	1199
807	1233
807	1275
807	1285
807	1324
807	1342
807	1407
807	1432
807	1459
807	1489
807	1490
808	65
808	330
808	719
808	886
808	938
808	1054
808	1130
808	1175
808	1192
808	1345
808	1360
808	1366
808	1371
808	1389
808	1429
808	1436
808	1441
808	1463
809	232
809	379
809	673
809	1217
809	1274
809	1334
809	1356
809	1357
809	1361
809	1367
809	1385
809	1437
809	1456
809	1457
809	1475
809	1480
809	1494
809	1497
810	314
810	342
810	540
810	577
810	740
810	897
810	1019
810	1080
810	1110
810	1163
810	1288
810	1379
810	1423
810	1425
810	1442
810	1446
810	1461
810	1477
811	90
811	220
811	457
811	464
811	573
811	630
811	738
811	762
811	961
811	971
811	1068
811	1200
811	1414
811	1416
811	1418
811	1448
811	1467
811	1468
811	1474
812	693
812	703
812	910
812	1029
812	1111
812	1128
812	1263
812	1287
812	1289
812	1314
812	1340
812	1349
812	1354
812	1358
812	1441
812	1454
812	1459
812	1476
812	1493
813	34
813	81
813	198
813	264
813	412
813	750
813	804
813	854
813	1128
813	1130
813	1152
813	1163
813	1199
813	1285
813	1311
813	1319
813	1427
813	1489
813	1490
814	101
814	339
814	676
814	825
814	926
814	1240
814	1259
814	1263
814	1287
814	1289
814	1314
814	1349
814	1423
814	1438
814	1456
814	1459
814	1470
814	1476
814	1493
815	252
815	598
815	823
815	935
815	1083
815	1158
815	1160
815	1165
815	1195
815	1247
815	1328
815	1379
815	1418
815	1434
815	1464
815	1484
815	1485
815	1487
815	1488
816	213
816	288
816	394
816	432
816	623
816	950
816	1221
816	1226
816	1332
816	1348
816	1351
816	1397
816	1398
816	1410
816	1413
816	1418
816	1430
816	1450
816	1465
817	293
817	336
817	369
817	382
817	500
817	697
817	1031
817	1104
817	1196
817	1218
817	1256
817	1269
817	1304
817	1315
817	1376
817	1382
817	1403
817	1460
817	1500
818	433
818	458
818	465
818	629
818	655
818	694
818	869
818	1041
818	1074
818	1092
818	1139
818	1250
818	1288
818	1308
818	1334
818	1361
818	1374
818	1387
818	1451
819	49
819	334
819	528
819	714
819	771
819	853
819	1035
819	1092
819	1228
819	1243
819	1249
819	1252
819	1290
819	1291
819	1299
819	1339
819	1378
819	1395
819	1417
820	17
820	40
820	69
820	226
820	575
820	694
820	734
820	869
820	880
820	906
820	948
820	964
820	1074
820	1204
820	1308
820	1361
820	1374
820	1387
820	1471
821	92
821	250
821	370
821	426
821	746
821	841
821	925
821	1034
821	1103
821	1149
821	1166
821	1172
821	1211
821	1297
821	1309
821	1397
821	1405
821	1421
821	1468
822	137
822	335
822	458
822	545
822	557
822	595
822	709
822	757
822	763
822	1037
822	1138
822	1218
822	1279
822	1310
822	1311
822	1328
822	1428
822	1466
822	1479
823	79
823	147
823	720
823	815
823	882
823	1000
823	1011
823	1027
823	1101
823	1158
823	1181
823	1286
823	1464
823	1467
823	1480
823	1484
823	1485
823	1487
823	1488
824	188
824	199
824	888
824	1025
824	1180
824	1222
824	1258
824	1306
824	1348
824	1401
824	1410
824	1412
824	1418
824	1425
824	1430
824	1465
824	1466
824	1493
824	1496
825	203
825	427
825	659
825	814
825	876
825	900
825	1019
825	1114
825	1163
825	1173
825	1176
825	1379
825	1415
825	1446
825	1461
825	1467
825	1477
825	1481
825	1482
826	136
826	623
826	717
826	898
826	941
826	1093
826	1122
826	1135
826	1223
826	1233
826	1252
826	1300
826	1323
826	1375
826	1383
826	1385
826	1469
826	1495
826	1498
827	256
827	405
827	473
827	534
827	850
827	891
827	910
827	929
827	935
827	996
827	1077
827	1181
827	1286
827	1419
827	1480
827	1484
827	1485
827	1488
827	1492
828	133
828	230
828	313
828	321
828	483
828	538
828	652
828	778
828	961
828	973
828	1008
828	1012
828	1108
828	1237
828	1288
828	1306
828	1373
828	1423
828	1500
829	328
829	412
829	487
829	718
829	894
829	932
829	991
829	1151
829	1188
829	1259
829	1301
829	1324
829	1337
829	1341
829	1356
829	1399
829	1453
829	1462
829	1478
830	324
830	682
830	926
830	1031
830	1155
830	1176
830	1224
830	1236
830	1240
830	1263
830	1275
830	1289
830	1349
830	1354
830	1371
830	1438
830	1459
830	1470
830	1493
831	17
831	338
831	513
831	518
831	681
831	695
831	732
831	756
831	835
831	1082
831	1209
831	1229
831	1261
831	1274
831	1318
831	1328
831	1368
831	1422
831	1439
832	34
832	161
832	411
832	971
832	986
832	995
832	1014
832	1068
832	1087
832	1131
832	1186
832	1198
832	1298
832	1448
832	1449
832	1466
832	1467
832	1468
832	1474
833	180
833	206
833	498
833	663
833	677
833	984
833	1053
833	1096
833	1140
833	1167
833	1275
833	1324
833	1326
833	1444
833	1445
833	1472
833	1478
833	1489
833	1490
834	156
834	705
834	793
834	887
834	1248
834	1270
834	1307
834	1343
834	1365
834	1372
834	1395
834	1406
834	1424
834	1426
834	1433
834	1440
834	1455
834	1458
834	1479
835	64
835	135
835	157
835	514
835	518
835	722
835	732
835	831
835	886
835	1129
835	1162
835	1209
835	1261
835	1277
835	1297
835	1298
835	1315
835	1328
835	1402
836	6
836	158
836	326
836	388
836	528
836	702
836	891
836	914
836	919
836	951
836	963
836	1036
836	1145
836	1325
836	1327
836	1352
836	1359
836	1402
836	1435
837	563
837	867
837	924
837	1128
837	1169
837	1276
837	1336
837	1338
837	1357
837	1364
837	1367
837	1385
837	1386
837	1437
837	1456
837	1470
837	1475
837	1494
837	1497
838	227
838	441
838	570
838	693
838	928
838	955
838	974
838	1052
838	1091
838	1093
838	1206
838	1230
838	1261
838	1264
838	1300
838	1344
838	1469
838	1486
838	1495
839	282
839	289
839	550
839	633
839	783
839	878
839	1002
839	1013
839	1090
839	1103
839	1149
839	1166
839	1172
839	1295
839	1309
839	1316
839	1405
839	1421
839	1477
840	348
840	742
840	754
840	897
840	977
840	1013
840	1018
840	1047
840	1070
840	1117
840	1119
840	1213
840	1214
840	1261
840	1350
840	1368
840	1388
840	1396
840	1483
841	247
841	295
841	350
841	520
841	752
841	821
841	922
841	943
841	1090
841	1103
841	1149
841	1166
841	1240
841	1295
841	1344
841	1405
841	1421
841	1431
841	1448
842	387
842	655
842	684
842	762
842	768
842	844
842	856
842	951
842	994
842	1043
842	1174
842	1335
842	1373
842	1399
842	1457
842	1462
842	1478
842	1488
842	1490
843	533
843	878
843	913
843	1019
843	1065
843	1099
843	1127
843	1201
843	1241
843	1274
843	1289
843	1377
843	1379
843	1423
843	1446
843	1452
843	1461
843	1481
843	1482
844	168
844	416
844	592
844	647
844	684
844	750
844	793
844	842
844	1043
844	1069
844	1118
844	1177
844	1301
844	1316
844	1373
844	1399
844	1462
844	1478
844	1496
845	163
845	547
845	582
845	590
845	690
845	742
845	1040
845	1049
845	1079
845	1115
845	1148
845	1174
845	1178
845	1197
845	1227
845	1260
845	1316
845	1368
845	1413
846	51
846	120
846	513
846	539
846	611
846	657
846	684
846	801
846	849
846	910
846	1187
846	1234
846	1245
846	1271
846	1312
846	1353
846	1361
846	1390
846	1399
847	574
847	707
847	709
847	862
847	943
847	953
847	1027
847	1160
847	1195
847	1267
847	1310
847	1329
847	1342
847	1346
847	1361
847	1439
847	1466
847	1483
847	1498
848	106
848	572
848	612
848	639
848	665
848	679
848	955
848	1157
848	1183
848	1191
848	1254
848	1305
848	1366
848	1377
848	1378
848	1414
848	1471
848	1472
848	1473
849	118
849	284
849	406
849	539
849	611
849	637
849	745
849	846
849	1038
849	1067
849	1190
849	1234
849	1271
849	1332
849	1353
849	1357
849	1390
849	1397
849	1463
850	362
850	663
850	827
850	1011
850	1021
850	1118
850	1136
850	1159
850	1223
850	1247
850	1434
850	1464
850	1480
850	1484
850	1486
850	1487
850	1488
850	1491
850	1492
851	345
851	380
851	435
851	522
851	797
851	892
851	938
851	1022
851	1033
851	1092
851	1143
851	1243
851	1252
851	1282
851	1315
851	1339
851	1410
851	1411
851	1417
852	286
852	593
852	731
852	897
852	915
852	982
852	1061
852	1134
852	1156
852	1345
852	1348
852	1360
852	1371
852	1378
852	1389
852	1408
852	1429
852	1436
852	1463
853	100
853	376
853	549
853	605
853	739
853	819
853	938
853	950
853	1020
853	1035
853	1150
853	1199
853	1228
853	1243
853	1252
853	1291
853	1304
853	1339
853	1417
854	69
854	81
854	102
854	180
854	232
854	482
854	798
854	813
854	860
854	1045
854	1167
854	1203
854	1246
854	1285
854	1319
854	1383
854	1444
854	1489
854	1490
855	273
855	420
855	528
855	529
855	600
855	661
855	702
855	712
855	722
855	863
855	1018
855	1073
855	1154
855	1317
855	1325
855	1358
855	1359
855	1435
855	1483
856	231
856	416
856	647
856	842
856	991
856	994
856	1069
856	1177
856	1184
856	1188
856	1335
856	1337
856	1362
856	1367
856	1399
856	1453
856	1462
856	1465
856	1469
856	1478
857	96
857	377
857	508
857	662
857	724
857	944
857	989
857	1021
857	1023
857	1098
857	1179
857	1182
857	1185
857	1351
857	1391
857	1415
857	1424
857	1460
857	1468
857	1498
858	189
858	259
858	307
858	478
858	576
858	647
858	945
858	951
858	1194
858	1208
858	1259
858	1335
858	1341
858	1373
858	1399
858	1453
858	1462
858	1478
858	1491
858	1498
859	591
859	958
859	1048
859	1140
859	1236
859	1237
859	1240
859	1242
859	1287
859	1333
859	1340
859	1349
859	1354
859	1362
859	1373
859	1438
859	1459
859	1470
859	1476
859	1493
860	28
860	78
860	646
860	713
860	854
860	879
860	1130
860	1140
860	1233
860	1254
860	1272
860	1319
860	1324
860	1371
860	1427
860	1444
860	1465
860	1489
860	1490
860	1495
861	251
861	367
861	408
861	735
861	867
861	1023
861	1076
861	1077
861	1083
861	1101
861	1125
861	1165
861	1286
861	1434
861	1459
861	1477
861	1480
861	1484
861	1487
861	1492
862	213
862	222
862	346
862	501
862	644
862	736
862	744
862	789
862	847
862	877
862	1109
862	1147
862	1153
862	1232
862	1279
862	1388
862	1428
862	1439
862	1442
862	1466
863	83
863	773
863	855
863	900
863	1035
863	1059
863	1120
863	1202
863	1253
863	1302
863	1303
863	1321
863	1370
863	1394
863	1400
863	1420
863	1424
863	1433
863	1447
863	1450
864	25
864	439
864	544
864	564
864	665
864	696
864	707
864	802
864	943
864	1109
864	1160
864	1291
864	1310
864	1329
864	1338
864	1342
864	1346
864	1441
864	1451
864	1466
865	139
865	315
865	349
865	527
865	640
865	895
865	939
865	986
865	995
865	1068
865	1107
865	1200
865	1224
865	1416
865	1448
865	1467
865	1468
865	1471
865	1474
865	1476
866	50
866	271
866	386
866	481
866	556
866	629
866	792
866	959
866	964
866	1039
866	1074
866	1137
866	1204
866	1250
866	1279
866	1308
866	1334
866	1361
866	1374
866	1387
867	73
867	330
867	837
867	861
867	901
867	936
867	1001
867	1134
867	1192
867	1331
867	1345
867	1360
867	1371
867	1378
867	1389
867	1423
867	1429
867	1436
867	1463
867	1493
868	313
868	344
868	399
868	483
868	625
868	731
868	743
868	778
868	781
868	877
868	975
868	999
868	1006
868	1028
868	1184
868	1288
868	1293
868	1331
868	1389
868	1482
869	15
869	50
869	311
869	629
869	655
869	798
869	818
869	820
869	880
869	882
869	1074
869	1139
869	1185
869	1221
869	1250
869	1308
869	1361
869	1374
869	1387
869	1466
870	176
870	259
870	270
870	403
870	429
870	723
870	1027
870	1073
870	1094
870	1133
870	1152
870	1205
870	1231
870	1239
870	1257
870	1347
870	1384
870	1404
870	1407
870	1471
871	10
871	969
871	1068
871	1077
871	1132
871	1144
871	1225
871	1270
871	1274
871	1307
871	1336
871	1343
871	1395
871	1406
871	1426
871	1427
871	1440
871	1455
871	1458
871	1480
872	7
872	712
872	727
872	940
872	969
872	1091
872	1208
872	1225
872	1307
872	1372
872	1377
872	1395
872	1401
872	1406
872	1426
872	1440
872	1455
872	1458
872	1472
872	1479
873	389
873	440
873	584
873	635
873	690
873	796
873	1020
873	1046
873	1079
873	1115
873	1148
873	1149
873	1155
873	1171
873	1178
873	1180
873	1197
873	1227
873	1316
873	1432
874	381
874	495
874	594
874	895
874	976
874	1104
874	1105
874	1127
874	1189
874	1211
874	1268
874	1297
874	1341
874	1411
874	1431
874	1449
874	1452
874	1491
874	1497
874	1499
875	223
875	719
875	759
875	775
875	936
875	1174
875	1238
875	1338
875	1342
875	1356
875	1357
875	1385
875	1386
875	1395
875	1437
875	1456
875	1457
875	1475
875	1494
875	1497
876	78
876	167
876	687
876	825
876	944
876	989
876	1017
876	1023
876	1098
876	1182
876	1185
876	1193
876	1196
876	1292
876	1311
876	1312
876	1391
876	1402
876	1415
876	1416
877	101
877	468
877	522
877	566
877	789
877	862
877	868
877	934
877	943
877	1160
877	1232
877	1248
877	1329
877	1342
877	1389
877	1432
877	1451
877	1466
877	1483
877	1496
878	31
878	250
878	295
878	381
878	385
878	619
878	734
878	839
878	843
878	1090
878	1103
878	1149
878	1205
878	1295
878	1309
878	1322
878	1378
878	1388
878	1405
878	1421
879	20
879	284
879	497
879	750
879	860
879	965
879	984
879	1047
879	1130
879	1179
879	1199
879	1203
879	1208
879	1233
879	1267
879	1319
879	1444
879	1480
879	1489
879	1490
880	40
880	201
880	271
880	290
880	616
880	655
880	820
880	869
880	920
880	948
880	1139
880	1250
880	1297
880	1312
880	1361
880	1374
880	1387
880	1391
880	1423
880	1450
881	377
881	523
881	701
881	924
881	1212
881	1296
881	1336
881	1356
881	1364
881	1367
881	1382
881	1390
881	1400
881	1424
881	1437
881	1456
881	1457
881	1475
881	1494
881	1497
882	251
882	662
882	750
882	823
882	869
882	894
882	1077
882	1083
882	1136
882	1250
882	1298
882	1434
882	1464
882	1480
882	1484
882	1485
882	1487
882	1488
882	1492
882	1500
883	302
883	774
883	777
883	946
883	963
883	1000
883	1021
883	1027
883	1073
883	1121
883	1124
883	1209
883	1228
883	1231
883	1239
883	1257
883	1384
883	1404
883	1407
883	1447
884	227
884	301
884	441
884	535
884	587
884	741
884	898
884	942
884	1038
884	1104
884	1137
884	1159
884	1169
884	1278
884	1297
884	1355
884	1411
884	1431
884	1491
884	1499
885	70
885	131
885	173
885	192
885	216
885	257
885	638
885	641
885	747
885	945
885	990
885	1015
885	1047
885	1299
885	1330
885	1376
885	1416
885	1422
885	1480
885	1495
886	545
886	548
886	562
886	710
886	717
886	808
886	835
886	952
886	987
886	988
886	1005
886	1036
886	1125
886	1267
886	1320
886	1389
886	1408
886	1436
886	1460
886	1463
887	320
887	604
887	639
887	834
887	943
887	1225
887	1232
887	1242
887	1307
887	1326
887	1365
887	1372
887	1394
887	1395
887	1406
887	1427
887	1440
887	1455
887	1458
887	1479
888	11
888	276
888	293
888	314
888	455
888	802
888	824
888	953
888	1075
888	1094
888	1135
888	1184
888	1186
888	1235
888	1251
888	1269
888	1342
888	1403
888	1441
888	1500
889	39
889	194
889	238
889	243
889	306
889	358
889	433
889	456
889	527
889	721
889	1057
889	1078
889	1110
889	1284
889	1320
889	1361
889	1368
889	1436
889	1439
889	1489
890	312
890	417
890	546
890	588
890	718
890	791
890	1104
890	1123
890	1169
890	1205
890	1268
890	1297
890	1311
890	1355
890	1409
890	1431
890	1449
890	1452
890	1491
890	1499
891	231
891	450
891	608
891	659
891	827
891	836
891	977
891	1006
891	1013
891	1018
891	1064
891	1095
891	1143
891	1214
891	1286
891	1350
891	1368
891	1388
891	1396
891	1419
892	178
892	334
892	435
892	509
892	549
892	736
892	771
892	851
892	907
892	932
892	954
892	1020
892	1028
892	1035
892	1228
892	1252
892	1291
892	1339
892	1417
892	1490
893	170
893	312
893	611
893	728
893	904
893	933
893	1066
893	1138
893	1179
893	1255
893	1302
893	1314
893	1321
893	1370
893	1400
893	1420
893	1424
893	1433
893	1447
893	1450
894	19
894	36
894	150
894	378
894	829
894	882
894	944
894	1136
894	1146
894	1158
894	1181
894	1254
894	1286
894	1434
894	1464
894	1480
894	1484
894	1485
894	1487
894	1492
895	142
895	499
895	588
895	800
895	865
895	874
895	1084
895	1100
895	1137
895	1159
895	1268
895	1278
895	1385
895	1409
895	1411
895	1426
895	1449
895	1452
895	1491
895	1499
896	23
896	90
896	94
896	227
896	461
896	503
896	693
896	740
896	790
896	910
896	1062
896	1089
896	1091
896	1093
896	1230
896	1383
896	1427
896	1469
896	1486
896	1495
897	255
897	540
897	810
897	840
897	852
897	927
897	1080
897	1088
897	1099
897	1132
897	1163
897	1204
897	1265
897	1318
897	1423
897	1442
897	1461
897	1477
897	1481
897	1482
897	1485
898	152
898	336
898	531
898	623
898	826
898	884
898	923
898	927
898	1030
898	1089
898	1137
898	1246
898	1262
898	1285
898	1300
898	1344
898	1383
898	1447
898	1469
898	1495
898	1498
899	457
899	528
899	983
899	1174
899	1212
899	1336
899	1356
899	1357
899	1367
899	1385
899	1386
899	1437
899	1441
899	1451
899	1456
899	1457
899	1475
899	1480
899	1485
899	1494
899	1497
900	18
900	825
900	863
900	903
900	957
900	976
900	993
900	1147
900	1201
900	1210
900	1241
900	1379
900	1380
900	1423
900	1442
900	1446
900	1461
900	1472
900	1477
900	1481
900	1482
901	129
901	141
901	484
901	496
901	715
901	867
901	962
901	1009
901	1075
901	1097
901	1184
901	1228
901	1251
901	1256
901	1269
901	1382
901	1403
901	1454
901	1460
901	1498
901	1500
902	337
902	443
902	506
902	617
902	658
902	666
902	711
902	908
902	972
902	1125
902	1192
902	1195
902	1263
902	1360
902	1378
902	1379
902	1389
902	1410
902	1429
902	1436
902	1463
903	677
903	900
903	1043
903	1065
903	1123
903	1132
903	1176
903	1201
903	1219
903	1270
903	1282
903	1379
903	1423
903	1442
903	1443
903	1446
903	1461
903	1477
903	1481
903	1482
903	1489
904	159
904	388
904	674
904	706
904	807
904	893
904	920
904	1004
904	1146
904	1253
904	1302
904	1369
904	1370
904	1400
904	1403
904	1420
904	1424
904	1433
904	1447
904	1450
904	1476
905	283
905	360
905	498
905	504
905	997
905	1131
905	1215
905	1222
905	1226
905	1236
905	1281
905	1322
905	1348
905	1392
905	1410
905	1413
905	1418
905	1465
905	1490
905	1496
905	1499
906	205
906	216
906	249
906	469
906	482
906	820
906	908
906	945
906	990
906	1015
906	1067
906	1244
906	1278
906	1299
906	1330
906	1341
906	1376
906	1385
906	1416
906	1422
906	1463
907	293
907	334
907	380
907	394
907	460
907	670
907	788
907	892
907	1020
907	1028
907	1035
907	1044
907	1071
907	1228
907	1243
907	1252
907	1290
907	1291
907	1298
907	1339
907	1417
908	89
908	216
908	218
908	232
908	249
908	469
908	517
908	760
908	800
908	902
908	906
908	986
908	990
908	1167
908	1244
908	1330
908	1376
908	1383
908	1420
908	1422
908	1489
909	191
909	916
909	931
909	1130
909	1215
909	1281
909	1283
909	1332
909	1337
909	1348
909	1351
909	1364
909	1397
909	1401
909	1412
909	1418
909	1425
909	1430
909	1465
909	1477
909	1496
910	118
910	146
910	397
910	539
910	578
910	610
910	628
910	657
910	801
910	812
910	827
910	846
910	896
910	949
910	1175
910	1187
910	1190
910	1245
910	1279
910	1353
910	1390
911	209
911	210
911	282
911	677
911	925
911	1053
911	1130
911	1140
911	1141
911	1167
911	1272
911	1275
911	1277
911	1281
911	1285
911	1319
911	1345
911	1405
911	1444
911	1457
911	1490
912	148
912	685
912	749
912	1073
912	1212
912	1265
912	1276
912	1296
912	1324
912	1334
912	1336
912	1338
912	1356
912	1364
912	1385
912	1386
912	1437
912	1457
912	1475
912	1494
912	1497
913	181
913	596
913	843
913	927
913	1088
913	1099
913	1155
913	1175
913	1201
913	1241
913	1251
913	1274
913	1303
913	1379
913	1382
913	1423
913	1442
913	1446
913	1461
913	1481
913	1482
914	52
914	83
914	221
914	420
914	491
914	529
914	661
914	782
914	836
914	945
914	1012
914	1039
914	1145
914	1325
914	1327
914	1336
914	1358
914	1359
914	1402
914	1435
914	1482
915	73
915	427
915	521
915	617
915	852
915	952
915	982
915	1054
915	1061
915	1227
915	1253
915	1345
915	1347
915	1360
915	1371
915	1389
915	1408
915	1429
915	1436
915	1463
915	1478
916	137
916	345
916	376
916	549
916	590
916	621
916	654
916	687
916	788
916	909
916	1033
916	1092
916	1122
916	1228
916	1243
916	1252
916	1290
916	1401
916	1413
916	1454
916	1482
917	30
917	189
917	785
917	940
917	983
917	989
917	1084
917	1126
917	1151
917	1156
917	1164
917	1203
917	1249
917	1265
917	1294
917	1320
917	1362
917	1363
917	1375
917	1378
917	1462
918	22
918	51
918	149
918	440
918	690
918	715
918	772
918	1040
918	1046
918	1083
918	1106
918	1171
918	1178
918	1180
918	1197
918	1227
918	1260
918	1311
918	1316
918	1375
918	1458
919	30
919	123
919	262
919	365
919	491
919	516
919	604
919	703
919	712
919	836
919	1049
919	1137
919	1154
919	1317
919	1325
919	1327
919	1340
919	1352
919	1359
919	1402
919	1435
920	40
920	195
920	226
920	286
920	334
920	616
920	669
920	673
920	792
920	880
920	904
920	948
920	964
920	992
920	1074
920	1139
920	1250
920	1361
920	1374
920	1383
920	1387
921	167
921	318
921	377
921	598
921	652
921	678
921	944
921	989
921	1017
921	1021
921	1098
921	1179
921	1182
921	1292
921	1312
921	1325
921	1351
921	1391
921	1402
921	1415
921	1444
922	247
922	295
922	297
922	460
922	520
922	577
922	636
922	841
922	1034
922	1090
922	1093
922	1103
922	1134
922	1172
922	1181
922	1182
922	1205
922	1295
922	1309
922	1405
922	1421
923	33
923	805
923	898
923	928
923	1062
923	1070
923	1122
923	1128
923	1199
923	1206
923	1262
923	1264
923	1300
923	1303
923	1323
923	1344
923	1351
923	1426
923	1483
923	1486
923	1498
924	725
924	837
924	881
924	942
924	1096
924	1217
924	1223
924	1276
924	1293
924	1296
924	1356
924	1357
924	1364
924	1386
924	1405
924	1437
924	1457
924	1475
924	1491
924	1494
924	1497
925	270
925	572
925	646
925	677
925	700
925	727
925	798
925	807
925	821
925	911
925	965
925	1140
925	1141
925	1233
925	1273
925	1285
925	1319
925	1444
925	1450
925	1489
925	1490
926	596
926	699
926	703
926	710
926	752
926	776
926	814
926	830
926	1016
926	1048
926	1111
926	1118
926	1155
926	1218
926	1240
926	1314
926	1340
926	1459
926	1470
926	1476
926	1493
927	150
927	353
927	481
927	551
927	757
927	897
927	898
927	913
927	1065
927	1080
927	1088
927	1123
927	1133
927	1173
927	1201
927	1408
927	1423
927	1442
927	1446
927	1471
927	1482
928	25
928	615
928	693
928	754
928	838
928	923
928	941
928	1128
928	1211
928	1246
928	1266
928	1344
928	1346
928	1347
928	1439
928	1467
928	1469
928	1475
928	1486
928	1495
928	1498
929	268
929	419
929	580
929	693
929	827
929	974
929	1141
929	1206
929	1223
929	1230
929	1246
929	1266
929	1267
929	1300
929	1316
929	1323
929	1327
929	1347
929	1383
929	1486
929	1498
930	98
930	191
930	679
930	1027
930	1094
930	1097
930	1116
930	1135
930	1251
930	1269
930	1315
930	1327
930	1403
930	1427
930	1441
930	1443
930	1454
930	1460
930	1470
930	1471
930	1500
931	65
931	315
931	524
931	570
931	573
931	683
931	909
931	939
931	971
931	986
931	1010
931	1087
931	1107
931	1159
931	1198
931	1314
931	1378
931	1416
931	1467
931	1468
931	1474
932	66
932	625
932	652
932	711
932	731
932	743
932	829
932	892
932	961
932	973
932	975
932	999
932	1003
932	1008
932	1029
932	1237
932	1288
932	1293
932	1306
932	1331
932	1377
933	64
933	470
933	707
933	773
933	893
933	985
933	1066
933	1074
933	1176
933	1202
933	1255
933	1321
933	1323
933	1369
933	1370
933	1400
933	1420
933	1424
933	1433
933	1447
933	1450
934	202
934	335
934	389
934	595
934	620
934	671
934	877
934	1072
934	1133
934	1153
934	1218
934	1232
934	1267
934	1289
934	1342
934	1346
934	1366
934	1439
934	1451
934	1466
934	1483
935	27
935	60
935	669
935	815
935	827
935	1024
935	1026
935	1071
935	1077
935	1117
935	1181
935	1245
935	1286
935	1301
935	1338
935	1406
935	1464
935	1484
935	1485
935	1487
935	1488
936	26
936	337
936	543
936	710
936	806
936	867
936	875
936	982
936	988
936	1054
936	1175
936	1190
936	1276
936	1360
936	1371
936	1378
936	1389
936	1429
936	1436
936	1463
936	1496
937	45
937	57
937	100
937	358
937	363
937	436
937	456
937	570
937	626
937	739
937	741
937	966
937	992
937	1032
937	1057
937	1078
937	1260
937	1313
937	1326
937	1446
937	1475
938	61
938	103
938	117
938	380
938	435
938	538
938	590
938	621
938	670
938	754
938	776
938	808
938	851
938	853
938	1243
938	1252
938	1291
938	1339
938	1366
938	1417
938	1492
939	315
939	421
939	463
939	570
939	865
939	931
939	966
939	986
939	990
939	994
939	1107
939	1186
939	1200
939	1362
939	1372
939	1416
939	1448
939	1467
939	1468
939	1474
939	1497
940	154
940	182
940	308
940	492
940	518
940	548
940	756
940	776
940	872
940	917
940	1162
940	1209
940	1229
940	1261
940	1277
940	1298
940	1328
940	1348
940	1390
940	1442
940	1445
941	93
941	387
941	419
941	734
941	826
941	928
941	1058
941	1128
941	1160
941	1206
941	1210
941	1246
941	1262
941	1266
941	1300
941	1436
941	1445
941	1469
941	1475
941	1486
941	1495
941	1498
942	335
942	361
942	468
942	555
942	685
942	789
942	884
942	924
942	953
942	956
942	1037
942	1145
942	1147
942	1193
942	1232
942	1279
942	1317
942	1346
942	1439
942	1465
942	1466
942	1483
943	557
943	641
943	691
943	696
943	765
943	768
943	841
943	847
943	864
943	877
943	887
943	973
943	1138
943	1232
943	1267
943	1329
943	1342
943	1428
943	1439
943	1453
943	1471
943	1483
944	119
944	466
944	501
944	508
944	569
944	662
944	753
944	857
944	876
944	894
944	921
944	1021
944	1098
944	1182
944	1292
944	1311
944	1312
944	1321
944	1355
944	1391
944	1409
944	1415
945	64
945	70
945	205
945	280
945	370
945	460
945	493
945	675
945	760
945	858
945	885
945	906
945	914
945	990
945	1015
945	1038
945	1244
945	1299
945	1330
945	1376
945	1408
945	1422
946	279
946	398
946	450
946	505
946	646
946	883
946	1006
946	1058
946	1070
946	1095
946	1102
946	1119
946	1143
946	1170
946	1213
946	1234
946	1350
946	1368
946	1388
946	1396
946	1419
946	1467
947	76
947	114
947	314
947	411
947	484
947	503
947	697
947	1006
947	1045
947	1061
947	1075
947	1161
947	1184
947	1221
947	1245
947	1248
947	1269
947	1382
947	1403
947	1441
947	1460
947	1500
948	50
948	95
948	278
948	408
948	591
948	655
948	694
948	728
948	787
948	820
948	880
948	920
948	1003
948	1031
948	1074
948	1204
948	1250
948	1253
948	1308
948	1361
948	1374
948	1387
949	132
949	197
949	363
949	397
949	403
949	406
949	539
949	610
949	649
949	660
949	801
949	910
949	1187
949	1190
949	1234
949	1245
949	1271
949	1328
949	1346
949	1353
949	1390
949	1479
950	147
950	228
950	690
950	816
950	853
950	1131
950	1142
950	1193
950	1215
950	1222
950	1284
950	1304
950	1332
950	1336
950	1348
950	1392
950	1398
950	1412
950	1418
950	1430
950	1432
950	1434
951	603
951	647
951	836
951	842
951	858
951	961
951	1025
951	1069
951	1127
951	1177
951	1188
951	1301
951	1335
951	1337
951	1341
951	1373
951	1393
951	1399
951	1453
951	1462
951	1469
951	1478
952	187
952	237
952	782
952	806
952	886
952	915
952	982
952	1001
952	1005
952	1054
952	1064
952	1134
952	1192
952	1367
952	1378
952	1389
952	1398
952	1408
952	1429
952	1444
952	1463
952	1475
953	254
953	557
953	620
953	668
953	709
953	847
953	888
953	942
953	956
953	1023
953	1037
953	1147
953	1243
953	1248
953	1310
953	1342
953	1396
953	1439
953	1466
953	1483
953	1488
953	1500
954	225
954	624
954	676
954	703
954	716
954	892
954	1218
954	1240
954	1263
954	1289
954	1314
954	1333
954	1340
954	1349
954	1438
954	1459
954	1460
954	1461
954	1470
954	1475
954	1476
954	1493
955	260
955	439
955	557
955	733
955	786
955	838
955	848
955	1098
955	1108
955	1171
955	1183
955	1273
955	1305
955	1309
955	1366
955	1377
955	1380
955	1393
955	1414
955	1445
955	1471
955	1472
956	76
956	120
956	545
956	696
956	701
956	759
956	802
956	942
956	953
956	1070
956	1267
956	1279
956	1296
956	1342
956	1346
956	1368
956	1439
956	1451
956	1454
956	1466
956	1472
956	1483
957	63
957	533
957	596
957	900
957	1065
957	1123
957	1132
957	1144
957	1176
957	1245
957	1249
957	1274
957	1282
957	1286
957	1326
957	1429
957	1442
957	1461
957	1465
957	1477
957	1481
957	1482
958	20
958	285
958	618
958	774
958	859
958	1048
958	1066
958	1218
958	1236
958	1240
958	1263
958	1287
958	1289
958	1314
958	1349
958	1354
958	1438
958	1457
958	1459
958	1470
958	1476
958	1493
959	30
959	143
959	241
959	426
959	515
959	614
959	650
959	719
959	749
959	803
959	866
959	968
959	1003
959	1065
959	1081
959	1216
959	1303
959	1318
959	1322
959	1348
959	1375
959	1381
960	372
960	384
960	441
960	448
960	481
960	499
960	544
960	657
960	700
960	1060
960	1105
960	1189
960	1268
960	1355
960	1397
960	1409
960	1411
960	1431
960	1449
960	1482
960	1491
960	1499
961	313
961	344
961	474
961	483
961	541
961	625
961	781
961	811
961	828
961	932
961	951
961	973
961	1010
961	1012
961	1231
961	1237
961	1288
961	1293
961	1306
961	1313
961	1331
961	1448
962	901
962	1056
962	1093
962	1116
962	1161
962	1168
962	1184
962	1216
962	1221
962	1256
962	1269
962	1286
962	1294
962	1298
962	1310
962	1315
962	1382
962	1417
962	1443
962	1454
962	1460
962	1500
963	172
963	176
963	207
963	224
963	253
963	348
963	429
963	774
963	836
963	883
963	1124
963	1133
963	1201
963	1207
963	1257
963	1370
963	1384
963	1404
963	1407
963	1455
963	1470
963	1478
964	50
964	72
964	195
964	271
964	305
964	363
964	458
964	616
964	655
964	694
964	700
964	745
964	787
964	792
964	820
964	866
964	920
964	1013
964	1295
964	1361
964	1374
964	1387
965	1
965	109
965	247
965	497
965	498
965	543
965	646
965	713
965	789
965	879
965	925
965	1141
965	1199
965	1203
965	1233
965	1285
965	1324
965	1385
965	1444
965	1479
965	1489
965	1490
966	262
966	358
966	456
966	602
966	660
966	678
966	741
966	937
966	939
966	1055
966	1057
966	1094
966	1110
966	1174
966	1284
966	1313
966	1320
966	1326
966	1372
966	1388
966	1459
966	1493
967	44
967	68
967	122
967	206
967	392
967	638
967	702
967	736
967	745
967	804
967	1140
967	1199
967	1203
967	1233
967	1272
967	1319
967	1349
967	1395
967	1421
967	1444
967	1489
967	1490
968	278
968	422
968	514
968	624
968	729
968	959
968	1004
968	1011
968	1059
968	1120
968	1224
968	1253
968	1258
968	1302
968	1321
968	1363
968	1369
968	1370
968	1420
968	1433
968	1447
968	1450
969	281
969	335
969	534
969	871
969	872
969	1066
969	1144
969	1225
969	1307
969	1343
969	1365
969	1372
969	1376
969	1394
969	1395
969	1426
969	1427
969	1429
969	1455
969	1458
969	1479
969	1492
970	8
970	16
970	60
970	131
970	299
970	680
970	792
970	1025
970	1076
970	1077
970	1136
970	1165
970	1181
970	1344
970	1434
970	1464
970	1480
970	1485
970	1487
970	1488
970	1492
970	1498
971	351
971	468
971	630
971	650
971	738
971	811
971	832
971	931
971	1055
971	1068
971	1107
971	1125
971	1134
971	1186
971	1198
971	1200
971	1299
971	1416
971	1448
971	1467
971	1468
971	1474
972	144
972	552
972	711
972	806
972	902
972	987
972	1138
972	1345
972	1360
972	1371
972	1378
972	1389
972	1408
972	1414
972	1420
972	1429
972	1436
972	1445
972	1458
972	1463
972	1496
972	1497
973	96
973	384
973	483
973	625
973	743
973	781
973	828
973	932
973	943
973	961
973	990
973	999
973	1008
973	1012
973	1097
973	1237
973	1288
973	1306
973	1331
973	1334
973	1384
973	1464
974	22
974	88
974	387
974	686
974	838
974	929
974	1044
974	1095
974	1112
974	1210
974	1219
974	1230
974	1262
974	1323
974	1344
974	1362
974	1383
974	1386
974	1442
974	1486
974	1495
974	1498
975	24
975	66
975	99
975	230
975	321
975	514
975	625
975	781
975	868
975	932
975	999
975	1008
975	1028
975	1279
975	1288
975	1290
975	1293
975	1306
975	1314
975	1331
975	1352
975	1485
976	258
976	481
976	535
976	740
976	874
976	900
976	1001
976	1020
976	1065
976	1100
976	1114
976	1163
976	1274
976	1282
976	1374
976	1380
976	1423
976	1442
976	1446
976	1477
976	1481
976	1482
977	548
977	739
977	742
977	840
977	891
977	1006
977	1024
977	1070
977	1095
977	1102
977	1117
977	1119
977	1143
977	1214
977	1232
977	1239
977	1350
977	1368
977	1388
977	1396
977	1419
977	1461
978	437
978	619
978	642
978	1208
978	1225
978	1242
978	1270
978	1283
978	1351
978	1365
978	1372
978	1394
978	1395
978	1426
978	1427
978	1440
978	1455
978	1458
978	1478
978	1479
978	1485
978	1497
979	155
979	452
979	566
979	729
979	1174
979	1262
979	1296
979	1333
979	1334
979	1336
979	1338
979	1357
979	1364
979	1407
979	1437
979	1448
979	1456
979	1457
979	1475
979	1485
979	1494
979	1497
980	301
980	529
980	736
980	994
980	1044
980	1159
980	1169
980	1181
980	1189
980	1211
980	1236
980	1268
980	1297
980	1355
980	1409
980	1411
980	1415
980	1431
980	1449
980	1452
980	1491
980	1499
981	186
981	219
981	799
981	1059
981	1072
981	1078
981	1089
981	1135
981	1225
981	1236
981	1242
981	1252
981	1343
981	1365
981	1372
981	1406
981	1426
981	1427
981	1440
981	1455
981	1458
981	1479
982	459
982	552
982	629
982	717
982	782
982	852
982	915
982	936
982	952
982	1001
982	1036
982	1061
982	1211
982	1293
982	1334
982	1345
982	1371
982	1378
982	1389
982	1394
982	1408
982	1463
983	170
983	202
983	220
983	452
983	785
983	899
983	917
983	1084
983	1092
983	1103
983	1115
983	1126
983	1151
983	1156
983	1238
983	1265
983	1269
983	1280
983	1294
983	1362
983	1363
983	1375
984	34
984	97
984	210
984	338
984	498
984	684
984	742
984	769
984	807
984	833
984	879
984	988
984	1167
984	1203
984	1272
984	1275
984	1285
984	1324
984	1444
984	1451
984	1489
984	1490
984	1491
985	413
985	635
985	933
985	1024
985	1025
985	1108
985	1113
985	1131
985	1142
985	1251
985	1351
985	1379
985	1392
985	1397
985	1398
985	1410
985	1411
985	1413
985	1418
985	1425
985	1432
985	1465
985	1496
986	90
986	152
986	177
986	303
986	373
986	607
986	671
986	832
986	865
986	908
986	931
986	939
986	995
986	1014
986	1107
986	1183
986	1186
986	1271
986	1292
986	1416
986	1448
986	1468
986	1474
987	187
987	494
987	658
987	782
987	886
987	972
987	1001
987	1005
987	1036
987	1148
987	1175
987	1345
987	1368
987	1371
987	1389
987	1408
987	1420
987	1429
987	1436
987	1452
987	1462
987	1463
987	1481
988	184
988	552
988	632
988	886
988	936
988	984
988	1001
988	1030
988	1036
988	1054
988	1061
988	1125
988	1180
988	1225
988	1345
988	1371
988	1378
988	1408
988	1420
988	1429
988	1436
988	1455
988	1463
989	80
989	263
989	366
989	510
989	545
989	598
989	857
989	876
989	917
989	921
989	1017
989	1039
989	1098
989	1179
989	1182
989	1185
989	1193
989	1292
989	1312
989	1391
989	1415
989	1437
989	1496
990	131
990	216
990	232
990	249
990	486
990	493
990	517
990	741
990	885
990	906
990	908
990	939
990	945
990	973
990	995
990	1015
990	1067
990	1144
990	1200
990	1244
990	1299
990	1330
990	1422
991	10
991	571
991	754
991	766
991	829
991	856
991	1045
991	1069
991	1177
991	1188
991	1192
991	1194
991	1201
991	1259
991	1281
991	1335
991	1341
991	1359
991	1373
991	1399
991	1423
991	1453
991	1478
992	127
992	238
992	292
992	306
992	363
992	626
992	678
992	739
992	920
992	937
992	1016
992	1032
992	1055
992	1057
992	1092
992	1110
992	1277
992	1284
992	1313
992	1320
992	1326
992	1407
992	1494
993	164
993	641
993	668
993	900
993	1084
993	1131
993	1142
993	1170
993	1219
993	1281
993	1304
993	1310
993	1351
993	1392
993	1397
993	1398
993	1410
993	1412
993	1425
993	1430
993	1432
993	1465
993	1496
994	240
994	315
994	343
994	532
994	735
994	762
994	842
994	856
994	939
994	980
994	1069
994	1142
994	1188
994	1194
994	1261
994	1301
994	1337
994	1341
994	1399
994	1453
994	1462
994	1478
994	1499
995	97
995	490
995	524
995	607
995	683
995	708
995	832
995	865
995	986
995	990
995	1014
995	1186
995	1198
995	1200
995	1203
995	1374
995	1378
995	1416
995	1448
995	1454
995	1467
995	1468
995	1474
996	335
996	610
996	720
996	735
996	827
996	997
996	1011
996	1026
996	1064
996	1101
996	1136
996	1261
996	1286
996	1317
996	1434
996	1464
996	1480
996	1484
996	1485
996	1487
996	1488
996	1492
996	1497
997	91
997	363
997	589
997	723
997	905
997	996
997	1080
997	1099
997	1114
997	1132
997	1163
997	1176
997	1274
997	1282
997	1343
997	1399
997	1423
997	1433
997	1446
997	1461
997	1477
997	1481
997	1482
998	169
998	485
998	502
998	516
998	525
998	679
998	697
998	1052
998	1094
998	1196
998	1256
998	1269
998	1315
998	1357
998	1382
998	1403
998	1404
998	1430
998	1443
998	1446
998	1454
998	1460
998	1500
999	384
999	480
999	652
999	731
999	781
999	868
999	932
999	973
999	975
999	1012
999	1028
999	1064
999	1113
999	1195
999	1237
999	1264
999	1288
999	1293
999	1306
999	1331
999	1406
999	1444
999	1456
1000	167
1000	253
1000	270
1000	536
1000	555
1000	774
1000	823
1000	883
1000	1027
1000	1073
1000	1076
1000	1115
1000	1121
1000	1124
1000	1133
1000	1182
1000	1205
1000	1231
1000	1239
1000	1294
1000	1384
1000	1404
1000	1407
1001	298
1001	632
1001	717
1001	782
1001	867
1001	952
1001	976
1001	982
1001	987
1001	988
1001	1098
1001	1125
1001	1175
1001	1250
1001	1378
1001	1389
1001	1408
1001	1429
1001	1436
1001	1438
1001	1445
1001	1463
1001	1465
1002	31
1002	174
1002	323
1002	419
1002	460
1002	619
1002	633
1002	746
1002	839
1002	1083
1002	1090
1002	1103
1002	1149
1002	1159
1002	1166
1002	1172
1002	1265
1002	1295
1002	1309
1002	1312
1002	1328
1002	1405
1002	1421
1002	1470
1003	38
1003	110
1003	127
1003	211
1003	288
1003	319
1003	515
1003	553
1003	650
1003	748
1003	932
1003	948
1003	959
1003	1010
1003	1049
1003	1216
1003	1290
1003	1303
1003	1318
1003	1322
1003	1381
1003	1466
1003	1470
1003	1471
1004	365
1004	475
1004	533
1004	904
1004	968
1004	1047
1004	1059
1004	1146
1004	1224
1004	1253
1004	1258
1004	1279
1004	1302
1004	1321
1004	1333
1004	1369
1004	1370
1004	1406
1004	1420
1004	1421
1004	1424
1004	1433
1004	1447
1004	1450
1005	58
1005	414
1005	420
1005	431
1005	440
1005	658
1005	717
1005	771
1005	886
1005	952
1005	987
1005	1054
1005	1175
1005	1192
1005	1194
1005	1322
1005	1345
1005	1360
1005	1371
1005	1378
1005	1389
1005	1429
1005	1436
1005	1463
1006	79
1006	115
1006	438
1006	470
1006	521
1006	868
1006	891
1006	946
1006	947
1006	977
1006	1057
1006	1058
1006	1070
1006	1095
1006	1117
1006	1136
1006	1143
1006	1213
1006	1350
1006	1368
1006	1388
1006	1396
1006	1419
1006	1431
1007	242
1007	494
1007	516
1007	1014
1007	1024
1007	1085
1007	1131
1007	1179
1007	1193
1007	1215
1007	1226
1007	1304
1007	1348
1007	1351
1007	1365
1007	1397
1007	1401
1007	1410
1007	1412
1007	1413
1007	1418
1007	1465
1007	1471
1007	1496
1008	87
1008	138
1008	145
1008	230
1008	384
1008	541
1008	700
1008	778
1008	781
1008	828
1008	932
1008	973
1008	975
1008	1012
1008	1028
1008	1136
1008	1200
1008	1218
1008	1237
1008	1292
1008	1293
1008	1306
1008	1312
1008	1331
1009	87
1009	162
1009	901
1009	1024
1009	1076
1009	1085
1009	1118
1009	1165
1009	1181
1009	1195
1009	1286
1009	1300
1009	1353
1009	1369
1009	1383
1009	1394
1009	1453
1009	1464
1009	1480
1009	1484
1009	1487
1009	1488
1009	1489
1009	1492
1010	110
1010	198
1010	201
1010	211
1010	241
1010	277
1010	316
1010	418
1010	511
1010	568
1010	586
1010	650
1010	764
1010	803
1010	931
1010	961
1010	1003
1010	1022
1010	1286
1010	1303
1010	1318
1010	1322
1010	1381
1010	1420
1011	135
1011	476
1011	669
1011	750
1011	823
1011	850
1011	968
1011	996
1011	1077
1011	1101
1011	1104
1011	1121
1011	1146
1011	1165
1011	1181
1011	1195
1011	1247
1011	1286
1011	1349
1011	1434
1011	1484
1011	1485
1011	1487
1011	1488
1012	66
1012	145
1012	187
1012	230
1012	246
1012	300
1012	483
1012	541
1012	652
1012	743
1012	781
1012	828
1012	914
1012	961
1012	973
1012	999
1012	1008
1012	1119
1012	1237
1012	1293
1012	1306
1012	1331
1012	1395
1012	1470
1013	130
1013	645
1013	659
1013	839
1013	840
1013	891
1013	964
1013	1058
1013	1102
1013	1117
1013	1119
1013	1126
1013	1143
1013	1170
1013	1213
1013	1214
1013	1288
1013	1295
1013	1336
1013	1388
1013	1396
1013	1419
1013	1452
1013	1488
1014	219
1014	261
1014	351
1014	464
1014	564
1014	584
1014	640
1014	832
1014	986
1014	995
1014	1007
1014	1087
1014	1154
1014	1159
1014	1186
1014	1200
1014	1305
1014	1383
1014	1416
1014	1448
1014	1462
1014	1467
1014	1468
1014	1474
1015	19
1015	71
1015	192
1015	561
1015	641
1015	664
1015	760
1015	885
1015	906
1015	945
1015	990
1015	1033
1015	1067
1015	1174
1015	1189
1015	1226
1015	1244
1015	1299
1015	1330
1015	1376
1015	1394
1015	1422
1015	1442
1015	1475
1016	267
1016	732
1016	751
1016	926
1016	992
1016	1111
1016	1155
1016	1215
1016	1218
1016	1236
1016	1287
1016	1314
1016	1333
1016	1340
1016	1349
1016	1354
1016	1404
1016	1411
1016	1451
1016	1459
1016	1470
1016	1476
1016	1478
1016	1493
1017	14
1017	167
1017	318
1017	378
1017	399
1017	501
1017	683
1017	699
1017	876
1017	921
1017	989
1017	1021
1017	1023
1017	1098
1017	1137
1017	1185
1017	1193
1017	1292
1017	1299
1017	1311
1017	1391
1017	1393
1017	1415
1017	1455
1018	208
1018	493
1018	605
1018	742
1018	804
1018	840
1018	855
1018	891
1018	1058
1018	1070
1018	1095
1018	1122
1018	1143
1018	1156
1018	1170
1018	1213
1018	1214
1018	1268
1018	1290
1018	1350
1018	1368
1018	1388
1018	1396
1018	1419
1019	188
1019	583
1019	716
1019	740
1019	791
1019	810
1019	825
1019	843
1019	1058
1019	1099
1019	1114
1019	1163
1019	1173
1019	1176
1019	1204
1019	1241
1019	1274
1019	1308
1019	1329
1019	1396
1019	1442
1019	1446
1019	1477
1019	1482
1020	100
1020	178
1020	345
1020	486
1020	519
1020	522
1020	579
1020	602
1020	654
1020	687
1020	853
1020	873
1020	892
1020	907
1020	976
1020	1033
1020	1147
1020	1228
1020	1230
1020	1252
1020	1291
1020	1339
1020	1408
1020	1499
1021	179
1021	227
1021	258
1021	284
1021	366
1021	374
1021	377
1021	383
1021	501
1021	705
1021	850
1021	857
1021	883
1021	921
1021	944
1021	1017
1021	1093
1021	1179
1021	1182
1021	1185
1021	1193
1021	1230
1021	1391
1021	1415
1022	38
1022	143
1022	277
1022	345
1022	515
1022	553
1022	568
1022	574
1022	614
1022	653
1022	749
1022	764
1022	851
1022	1010
1022	1053
1022	1216
1022	1276
1022	1303
1022	1318
1022	1322
1022	1354
1022	1381
1022	1422
1022	1437
1023	119
1023	179
1023	213
1023	235
1023	263
1023	349
1023	386
1023	598
1023	857
1023	861
1023	876
1023	953
1023	1017
1023	1179
1023	1182
1023	1185
1023	1193
1023	1305
1023	1311
1023	1312
1023	1391
1023	1407
1023	1415
1023	1496
1024	87
1024	98
1024	244
1024	367
1024	381
1024	634
1024	731
1024	935
1024	977
1024	985
1024	1007
1024	1009
1024	1064
1024	1071
1024	1136
1024	1158
1024	1181
1024	1195
1024	1434
1024	1484
1024	1485
1024	1487
1024	1488
1024	1492
1025	420
1025	824
1025	951
1025	970
1025	985
1025	1077
1025	1131
1025	1142
1025	1281
1025	1348
1025	1363
1025	1397
1025	1398
1025	1401
1025	1410
1025	1412
1025	1413
1025	1418
1025	1425
1025	1430
1025	1450
1025	1463
1025	1465
1025	1496
1026	124
1026	326
1026	549
1026	634
1026	734
1026	935
1026	996
1026	1034
1026	1064
1026	1071
1026	1077
1026	1085
1026	1101
1026	1125
1026	1286
1026	1324
1026	1330
1026	1387
1026	1464
1026	1480
1026	1487
1026	1488
1026	1492
1026	1498
1027	41
1027	270
1027	300
1027	357
1027	591
1027	597
1027	682
1027	761
1027	777
1027	793
1027	823
1027	847
1027	870
1027	883
1027	930
1027	1000
1027	1081
1027	1121
1027	1207
1027	1216
1027	1257
1027	1384
1027	1404
1027	1407
1028	145
1028	313
1028	344
1028	384
1028	541
1028	590
1028	652
1028	731
1028	743
1028	868
1028	892
1028	907
1028	975
1028	999
1028	1008
1028	1151
1028	1159
1028	1237
1028	1288
1028	1293
1028	1306
1028	1326
1028	1331
1028	1463
1029	12
1029	29
1029	341
1029	510
1029	529
1029	631
1029	713
1029	750
1029	812
1029	932
1029	1048
1029	1111
1029	1223
1029	1228
1029	1263
1029	1287
1029	1314
1029	1333
1029	1340
1029	1349
1029	1438
1029	1459
1029	1470
1029	1476
1029	1493
1030	502
1030	663
1030	734
1030	803
1030	898
1030	988
1030	1064
1030	1071
1030	1085
1030	1101
1030	1136
1030	1155
1030	1158
1030	1267
1030	1286
1030	1341
1030	1434
1030	1464
1030	1480
1030	1484
1030	1485
1030	1487
1030	1488
1030	1492
1030	1493
1031	267
1031	305
1031	692
1031	751
1031	817
1031	830
1031	948
1031	1048
1031	1056
1031	1190
1031	1218
1031	1240
1031	1263
1031	1265
1031	1277
1031	1287
1031	1333
1031	1340
1031	1349
1031	1354
1031	1438
1031	1459
1031	1470
1031	1476
1031	1493
1032	243
1032	262
1032	306
1032	359
1032	408
1032	584
1032	602
1032	626
1032	660
1032	673
1032	678
1032	721
1032	763
1032	937
1032	992
1032	1057
1032	1073
1032	1214
1032	1284
1032	1313
1032	1320
1032	1326
1032	1368
1032	1443
1032	1495
1033	15
1033	308
1033	334
1033	380
1033	435
1033	519
1033	522
1033	579
1033	605
1033	654
1033	687
1033	710
1033	797
1033	851
1033	916
1033	1015
1033	1020
1033	1035
1033	1076
1033	1092
1033	1285
1033	1290
1033	1291
1033	1417
1033	1466
1034	31
1034	92
1034	121
1034	247
1034	291
1034	323
1034	370
1034	371
1034	381
1034	385
1034	407
1034	509
1034	526
1034	612
1034	633
1034	821
1034	922
1034	1026
1034	1166
1034	1293
1034	1309
1034	1380
1034	1405
1034	1421
1034	1431
1035	325
1035	334
1035	373
1035	394
1035	519
1035	522
1035	549
1035	788
1035	819
1035	853
1035	863
1035	892
1035	907
1035	1033
1035	1037
1035	1092
1035	1153
1035	1228
1035	1243
1035	1252
1035	1304
1035	1345
1035	1414
1035	1417
1035	1443
1036	173
1036	565
1036	836
1036	886
1036	982
1036	987
1036	988
1036	1134
1036	1175
1036	1192
1036	1249
1036	1255
1036	1278
1036	1345
1036	1360
1036	1375
1036	1378
1036	1389
1036	1408
1036	1421
1036	1429
1036	1436
1036	1459
1036	1463
1036	1490
1037	25
1037	222
1037	426
1037	523
1037	665
1037	667
1037	726
1037	737
1037	757
1037	822
1037	942
1037	953
1037	1035
1037	1050
1037	1200
1037	1204
1037	1232
1037	1305
1037	1329
1037	1396
1037	1415
1037	1428
1037	1451
1037	1466
1037	1483
1038	118
1038	197
1038	255
1038	397
1038	403
1038	444
1038	554
1038	578
1038	610
1038	611
1038	628
1038	657
1038	738
1038	849
1038	884
1038	945
1038	1074
1038	1187
1038	1190
1038	1234
1038	1245
1038	1271
1038	1353
1038	1358
1038	1390
1039	57
1039	76
1039	149
1039	158
1039	165
1039	221
1039	243
1039	388
1039	491
1039	622
1039	744
1039	779
1039	866
1039	914
1039	989
1039	1145
1039	1152
1039	1154
1039	1238
1039	1317
1039	1325
1039	1358
1039	1402
1039	1435
1039	1454
1040	51
1040	313
1040	470
1040	517
1040	690
1040	771
1040	796
1040	845
1040	918
1040	1046
1040	1079
1040	1093
1040	1106
1040	1115
1040	1148
1040	1165
1040	1171
1040	1178
1040	1180
1040	1227
1040	1260
1040	1273
1040	1316
1040	1418
1040	1427
1041	123
1041	445
1041	475
1041	534
1041	580
1041	623
1041	672
1041	708
1041	784
1041	786
1041	818
1041	1071
1041	1157
1041	1183
1041	1254
1041	1273
1041	1322
1041	1377
1041	1380
1041	1393
1041	1445
1041	1471
1041	1472
1041	1473
1041	1475
1042	58
1042	76
1042	114
1042	141
1042	355
1042	369
1042	474
1042	475
1042	502
1042	553
1042	697
1042	716
1042	1075
1042	1097
1042	1242
1042	1244
1042	1266
1042	1269
1042	1350
1042	1382
1042	1443
1042	1454
1042	1460
1042	1492
1042	1500
1043	206
1043	387
1043	478
1043	585
1043	603
1043	611
1043	684
1043	745
1043	842
1043	844
1043	903
1043	1045
1043	1129
1043	1177
1043	1188
1043	1259
1043	1301
1043	1335
1043	1337
1043	1341
1043	1382
1043	1399
1043	1402
1043	1462
1043	1478
1044	163
1044	277
1044	390
1044	434
1044	489
1044	552
1044	587
1044	907
1044	974
1044	980
1044	1105
1044	1127
1044	1169
1044	1189
1044	1268
1044	1278
1044	1297
1044	1368
1044	1409
1044	1411
1044	1431
1044	1449
1044	1452
1044	1491
1044	1499
1045	102
1045	126
1045	307
1045	328
1045	343
1045	487
1045	591
1045	701
1045	854
1045	947
1045	991
1045	1043
1045	1069
1045	1188
1045	1194
1045	1259
1045	1275
1045	1335
1045	1337
1045	1373
1045	1399
1045	1448
1045	1453
1045	1462
1045	1478
1046	107
1046	136
1046	264
1046	372
1046	440
1046	442
1046	530
1046	547
1046	617
1046	635
1046	674
1046	796
1046	873
1046	918
1046	1040
1046	1106
1046	1115
1046	1148
1046	1171
1046	1180
1046	1227
1046	1260
1046	1262
1046	1299
1046	1316
1047	209
1047	289
1047	391
1047	453
1047	691
1047	798
1047	840
1047	879
1047	885
1047	1004
1047	1130
1047	1140
1047	1203
1047	1233
1047	1272
1047	1275
1047	1285
1047	1309
1047	1317
1047	1324
1047	1374
1047	1441
1047	1444
1047	1489
1047	1490
1048	2
1048	457
1048	535
1048	606
1048	859
1048	926
1048	958
1048	1029
1048	1031
1048	1130
1048	1218
1048	1236
1048	1287
1048	1333
1048	1334
1048	1349
1048	1354
1048	1355
1048	1366
1048	1435
1048	1456
1048	1459
1048	1470
1048	1476
1048	1493
1049	46
1049	123
1049	226
1049	340
1049	420
1049	446
1049	528
1049	604
1049	609
1049	671
1049	779
1049	845
1049	919
1049	1003
1049	1145
1049	1150
1049	1154
1049	1281
1049	1317
1049	1325
1049	1327
1049	1358
1049	1359
1049	1435
1049	1439
1050	536
1050	557
1050	668
1050	709
1050	763
1050	768
1050	789
1050	795
1050	1037
1050	1074
1050	1138
1050	1153
1050	1248
1050	1279
1050	1329
1050	1330
1050	1346
1050	1361
1050	1430
1050	1439
1050	1451
1050	1454
1050	1466
1050	1483
1050	1492
1051	59
1051	394
1051	589
1051	728
1051	760
1051	1065
1051	1066
1051	1120
1051	1135
1051	1146
1051	1152
1051	1224
1051	1253
1051	1255
1051	1258
1051	1302
1051	1369
1051	1370
1051	1400
1051	1420
1051	1424
1051	1433
1051	1447
1051	1450
1051	1476
1052	53
1052	135
1052	196
1052	308
1052	431
1052	470
1052	492
1052	526
1052	695
1052	765
1052	776
1052	838
1052	998
1052	1082
1052	1106
1052	1129
1052	1157
1052	1162
1052	1192
1052	1229
1052	1261
1052	1277
1052	1298
1052	1309
1052	1328
1053	68
1053	69
1053	180
1053	209
1053	280
1053	391
1053	638
1053	733
1053	769
1053	774
1053	798
1053	806
1053	833
1053	911
1053	1022
1053	1167
1053	1199
1053	1272
1053	1317
1053	1324
1053	1395
1053	1444
1053	1479
1053	1489
1053	1496
1054	210
1054	443
1054	517
1054	565
1054	808
1054	915
1054	936
1054	952
1054	988
1054	1005
1054	1055
1054	1117
1054	1125
1054	1192
1054	1196
1054	1241
1054	1345
1054	1371
1054	1378
1054	1389
1054	1408
1054	1413
1054	1436
1054	1463
1054	1478
1055	266
1055	292
1055	306
1055	359
1055	363
1055	436
1055	522
1055	527
1055	660
1055	721
1055	966
1055	971
1055	992
1055	1054
1055	1057
1055	1078
1055	1231
1055	1251
1055	1259
1055	1271
1055	1284
1055	1313
1055	1320
1055	1326
1055	1477
1056	125
1056	178
1056	276
1056	375
1056	462
1056	479
1056	493
1056	502
1056	563
1056	697
1056	738
1056	962
1056	1031
1056	1072
1056	1075
1056	1097
1056	1116
1056	1221
1056	1251
1056	1254
1056	1269
1056	1403
1056	1441
1056	1454
1056	1460
1056	1500
1057	7
1057	98
1057	238
1057	243
1057	262
1057	306
1057	436
1057	527
1057	660
1057	678
1057	723
1057	889
1057	937
1057	966
1057	992
1057	1006
1057	1032
1057	1055
1057	1062
1057	1071
1057	1284
1057	1312
1057	1313
1057	1320
1057	1326
1057	1367
1058	83
1058	156
1058	294
1058	438
1058	659
1058	741
1058	941
1058	946
1058	1006
1058	1013
1058	1018
1058	1019
1058	1070
1058	1102
1058	1119
1058	1131
1058	1143
1058	1170
1058	1187
1058	1214
1058	1236
1058	1350
1058	1368
1058	1388
1058	1396
1058	1419
1059	434
1059	505
1059	522
1059	863
1059	968
1059	981
1059	1004
1059	1120
1059	1124
1059	1146
1059	1202
1059	1224
1059	1258
1059	1268
1059	1302
1059	1321
1059	1364
1059	1369
1059	1370
1059	1400
1059	1420
1059	1424
1059	1428
1059	1433
1059	1447
1059	1450
1060	85
1060	175
1060	441
1060	488
1060	613
1060	618
1060	752
1060	759
1060	777
1060	791
1060	960
1060	1127
1060	1220
1060	1267
1060	1268
1060	1293
1060	1297
1060	1355
1060	1368
1060	1409
1060	1411
1060	1431
1060	1449
1060	1452
1060	1491
1060	1499
1061	55
1061	337
1061	503
1061	562
1061	617
1061	622
1061	658
1061	711
1061	852
1061	915
1061	947
1061	982
1061	988
1061	1175
1061	1257
1061	1345
1061	1360
1061	1373
1061	1378
1061	1387
1061	1389
1061	1408
1061	1429
1061	1436
1061	1437
1061	1463
1062	71
1062	94
1062	167
1062	336
1062	490
1062	527
1062	754
1062	790
1062	792
1062	896
1062	923
1062	1057
1062	1122
1062	1159
1062	1206
1062	1211
1062	1223
1062	1230
1062	1264
1062	1266
1062	1300
1062	1347
1062	1383
1062	1486
1062	1495
1062	1498
1063	11
1063	113
1063	552
1063	1135
1063	1174
1063	1178
1063	1212
1063	1217
1063	1220
1063	1222
1063	1276
1063	1334
1063	1336
1063	1356
1063	1357
1063	1364
1063	1367
1063	1385
1063	1386
1063	1426
1063	1437
1063	1456
1063	1457
1063	1475
1063	1494
1063	1497
1064	41
1064	333
1064	735
1064	891
1064	952
1064	996
1064	999
1064	1024
1064	1026
1064	1030
1064	1071
1064	1076
1064	1158
1064	1181
1064	1184
1064	1195
1064	1276
1064	1351
1064	1434
1064	1436
1064	1464
1064	1480
1064	1484
1064	1487
1064	1488
1064	1492
1065	91
1065	333
1065	449
1065	463
1065	583
1065	676
1065	740
1065	780
1065	791
1065	843
1065	903
1065	927
1065	957
1065	959
1065	976
1065	1051
1065	1099
1065	1123
1065	1176
1065	1201
1065	1379
1065	1399
1065	1423
1065	1446
1065	1477
1065	1482
1066	438
1066	497
1066	583
1066	752
1066	893
1066	933
1066	958
1066	969
1066	1051
1066	1120
1066	1146
1066	1186
1066	1224
1066	1253
1066	1302
1066	1321
1066	1335
1066	1369
1066	1370
1066	1400
1066	1414
1066	1420
1066	1424
1066	1433
1066	1447
1066	1450
1067	70
1067	131
1067	205
1067	218
1067	246
1067	249
1067	339
1067	469
1067	482
1067	561
1067	572
1067	664
1067	747
1067	781
1067	800
1067	849
1067	906
1067	990
1067	1015
1067	1244
1067	1257
1067	1295
1067	1299
1067	1330
1067	1409
1067	1422
1068	139
1068	220
1068	303
1068	463
1068	796
1068	811
1068	832
1068	865
1068	871
1068	971
1068	1087
1068	1107
1068	1143
1068	1186
1068	1198
1068	1199
1068	1200
1068	1283
1068	1346
1068	1416
1068	1448
1068	1449
1068	1460
1068	1467
1068	1468
1068	1474
1069	215
1069	307
1069	354
1069	387
1069	537
1069	682
1069	684
1069	722
1069	844
1069	856
1069	951
1069	991
1069	994
1069	1045
1069	1194
1069	1204
1069	1259
1069	1335
1069	1341
1069	1373
1069	1399
1069	1445
1069	1453
1069	1462
1069	1478
1069	1500
1070	49
1070	118
1070	236
1070	450
1070	656
1070	659
1070	755
1070	840
1070	923
1070	946
1070	956
1070	977
1070	1006
1070	1018
1070	1058
1070	1095
1070	1102
1070	1110
1070	1213
1070	1214
1070	1277
1070	1349
1070	1350
1070	1388
1070	1396
1070	1419
1071	299
1071	311
1071	473
1071	476
1071	648
1071	735
1071	907
1071	935
1071	1024
1071	1026
1071	1030
1071	1041
1071	1057
1071	1064
1071	1077
1071	1118
1071	1247
1071	1249
1071	1310
1071	1466
1071	1480
1071	1484
1071	1485
1071	1487
1071	1488
1071	1497
1072	318
1072	599
1072	604
1072	703
1072	709
1072	787
1072	799
1072	934
1072	981
1072	1056
1072	1144
1072	1208
1072	1225
1072	1242
1072	1270
1072	1307
1072	1343
1072	1365
1072	1394
1072	1395
1072	1406
1072	1426
1072	1427
1072	1440
1072	1455
1072	1479
1073	37
1073	259
1073	310
1073	429
1073	563
1073	567
1073	597
1073	761
1073	793
1073	855
1073	870
1073	883
1073	912
1073	1000
1073	1032
1073	1084
1073	1124
1073	1187
1073	1207
1073	1231
1073	1239
1073	1257
1073	1384
1073	1404
1073	1407
1073	1483
1074	1
1074	311
1074	327
1074	386
1074	408
1074	461
1074	465
1074	627
1074	818
1074	820
1074	866
1074	869
1074	920
1074	933
1074	948
1074	1038
1074	1050
1074	1139
1074	1204
1074	1305
1074	1308
1074	1361
1074	1374
1074	1421
1074	1488
1074	1489
1075	229
1075	272
1075	355
1075	411
1075	510
1075	524
1075	606
1075	653
1075	888
1075	901
1075	947
1075	1042
1075	1056
1075	1094
1075	1116
1075	1155
1075	1196
1075	1199
1075	1221
1075	1235
1075	1256
1075	1403
1075	1441
1075	1444
1075	1447
1075	1499
1075	1500
1076	162
1076	283
1076	333
1076	367
1076	669
1076	752
1076	861
1076	970
1076	1000
1076	1009
1076	1033
1076	1064
1076	1077
1076	1195
1076	1200
1076	1224
1076	1263
1076	1270
1076	1286
1076	1426
1076	1434
1076	1464
1076	1480
1076	1484
1076	1485
1076	1487
1076	1488
1077	210
1077	449
1077	720
1077	735
1077	827
1077	861
1077	871
1077	882
1077	935
1077	970
1077	1011
1077	1025
1077	1026
1077	1071
1077	1076
1077	1101
1077	1158
1077	1194
1077	1221
1077	1247
1077	1427
1077	1434
1077	1463
1077	1464
1077	1484
1077	1485
1077	1492
1078	39
1078	42
1078	306
1078	359
1078	363
1078	375
1078	456
1078	527
1078	584
1078	626
1078	699
1078	739
1078	741
1078	791
1078	799
1078	802
1078	889
1078	937
1078	981
1078	1055
1078	1110
1078	1254
1078	1284
1078	1313
1078	1320
1078	1326
1078	1449
1079	51
1079	111
1079	235
1079	470
1079	530
1079	547
1079	635
1079	690
1079	772
1079	845
1079	873
1079	1040
1079	1106
1079	1115
1079	1169
1079	1178
1079	1180
1079	1197
1079	1227
1079	1237
1079	1260
1079	1316
1079	1335
1079	1426
1079	1460
1079	1471
1079	1494
1080	43
1080	91
1080	423
1080	625
1080	656
1080	674
1080	780
1080	810
1080	897
1080	927
1080	997
1080	1100
1080	1114
1080	1123
1080	1132
1080	1211
1080	1241
1080	1282
1080	1387
1080	1409
1080	1423
1080	1446
1080	1461
1080	1477
1080	1481
1080	1482
1080	1491
1081	28
1081	127
1081	211
1081	288
1081	290
1081	317
1081	418
1081	477
1081	511
1081	515
1081	553
1081	568
1081	614
1081	748
1081	764
1081	959
1081	1027
1081	1183
1081	1216
1081	1247
1081	1290
1081	1303
1081	1318
1081	1322
1081	1381
1081	1419
1081	1498
1082	17
1082	151
1082	182
1082	196
1082	435
1082	492
1082	514
1082	526
1082	681
1082	732
1082	776
1082	831
1082	1052
1082	1129
1082	1162
1082	1209
1082	1229
1082	1261
1082	1264
1082	1298
1082	1328
1082	1348
1082	1352
1082	1363
1082	1380
1082	1403
1082	1426
1083	124
1083	251
1083	405
1083	433
1083	567
1083	634
1083	806
1083	815
1083	861
1083	882
1083	918
1083	1002
1083	1085
1083	1101
1083	1118
1083	1286
1083	1339
1083	1375
1083	1407
1083	1434
1083	1464
1083	1480
1083	1484
1083	1485
1083	1487
1083	1488
1083	1492
1084	153
1084	171
1084	289
1084	310
1084	430
1084	480
1084	532
1084	643
1084	683
1084	772
1084	785
1084	895
1084	917
1084	983
1084	993
1084	1073
1084	1126
1084	1156
1084	1164
1084	1238
1084	1249
1084	1265
1084	1280
1084	1294
1084	1362
1084	1375
1084	1443
1085	162
1085	245
1085	283
1085	333
1085	367
1085	474
1085	597
1085	635
1085	648
1085	720
1085	734
1085	1007
1085	1009
1085	1026
1085	1030
1085	1083
1085	1118
1085	1165
1085	1195
1085	1243
1085	1247
1085	1286
1085	1300
1085	1391
1085	1480
1085	1484
1085	1487
1086	12
1086	140
1086	410
1086	417
1086	581
1086	593
1086	627
1086	708
1086	770
1086	1134
1086	1152
1086	1212
1086	1273
1086	1285
1086	1305
1086	1343
1086	1360
1086	1377
1086	1380
1086	1393
1086	1400
1086	1414
1086	1434
1086	1445
1086	1471
1086	1472
1086	1473
1087	65
1087	90
1087	139
1087	296
1087	524
1087	573
1087	585
1087	607
1087	609
1087	631
1087	651
1087	671
1087	832
1087	931
1087	1014
1087	1068
1087	1107
1087	1198
1087	1287
1087	1350
1087	1400
1087	1416
1087	1448
1087	1453
1087	1467
1087	1468
1087	1474
1088	289
1088	384
1088	479
1088	518
1088	535
1088	551
1088	688
1088	725
1088	740
1088	758
1088	897
1088	913
1088	927
1088	1157
1088	1163
1088	1173
1088	1236
1088	1282
1088	1368
1088	1379
1088	1423
1088	1442
1088	1446
1088	1461
1088	1477
1088	1481
1088	1482
1089	63
1089	94
1089	425
1089	495
1089	531
1089	693
1089	793
1089	896
1089	898
1089	981
1089	1112
1089	1152
1089	1206
1089	1230
1089	1246
1089	1262
1089	1266
1089	1282
1089	1322
1089	1343
1089	1344
1089	1383
1089	1469
1089	1486
1089	1495
1089	1498
1089	1499
1090	250
1090	282
1090	295
1090	350
1090	370
1090	385
1090	508
1090	577
1090	588
1090	603
1090	636
1090	839
1090	841
1090	878
1090	922
1090	1002
1090	1103
1090	1166
1090	1190
1090	1295
1090	1309
1090	1405
1090	1421
1090	1436
1090	1471
1090	1481
1090	1483
1091	152
1091	227
1091	251
1091	615
1091	693
1091	763
1091	805
1091	838
1091	872
1091	896
1091	1167
1091	1182
1091	1206
1091	1210
1091	1223
1091	1230
1091	1264
1091	1266
1091	1323
1091	1347
1091	1421
1091	1469
1091	1483
1091	1484
1091	1486
1091	1495
1091	1498
1092	61
1092	178
1092	185
1092	522
1092	579
1092	590
1092	654
1092	670
1092	687
1092	797
1092	818
1092	819
1092	851
1092	916
1092	983
1092	992
1092	1033
1092	1035
1092	1173
1092	1181
1092	1252
1092	1290
1092	1291
1092	1339
1092	1355
1092	1417
1092	1450
1093	17
1093	22
1093	422
1093	535
1093	738
1093	826
1093	838
1093	896
1093	922
1093	962
1093	1021
1093	1040
1093	1099
1093	1112
1093	1128
1093	1210
1093	1230
1093	1246
1093	1262
1093	1264
1093	1266
1093	1347
1093	1383
1093	1469
1093	1486
1093	1495
1093	1498
1094	40
1094	293
1094	302
1094	346
1094	704
1094	870
1094	888
1094	930
1094	966
1094	998
1094	1075
1094	1116
1094	1161
1094	1184
1094	1196
1094	1235
1094	1256
1094	1269
1094	1315
1094	1331
1094	1346
1094	1382
1094	1400
1094	1403
1094	1441
1094	1443
1094	1454
1095	35
1095	90
1095	236
1095	459
1095	645
1095	692
1095	742
1095	755
1095	778
1095	891
1095	946
1095	974
1095	977
1095	1006
1095	1018
1095	1070
1095	1121
1095	1185
1095	1213
1095	1214
1095	1293
1095	1350
1095	1368
1095	1396
1095	1419
1095	1428
1095	1493
1096	25
1096	140
1096	368
1096	402
1096	414
1096	465
1096	542
1096	593
1096	611
1096	733
1096	784
1096	833
1096	924
1096	1152
1096	1157
1096	1183
1096	1254
1096	1303
1096	1305
1096	1319
1096	1366
1096	1377
1096	1380
1096	1414
1096	1445
1096	1471
1096	1472
1096	1473
1097	272
1097	314
1097	486
1097	510
1097	715
1097	748
1097	901
1097	930
1097	973
1097	1042
1097	1056
1097	1161
1097	1196
1097	1221
1097	1235
1097	1251
1097	1259
1097	1282
1097	1302
1097	1315
1097	1367
1097	1382
1097	1441
1097	1443
1097	1449
1097	1460
1097	1485
1097	1500
1098	89
1098	119
1098	333
1098	374
1098	399
1098	508
1098	662
1098	668
1098	740
1098	857
1098	876
1098	921
1098	944
1098	955
1098	989
1098	1001
1098	1017
1098	1179
1098	1182
1098	1185
1098	1193
1098	1266
1098	1284
1098	1292
1098	1391
1098	1415
1098	1440
1098	1485
1099	120
1099	409
1099	551
1099	723
1099	794
1099	800
1099	843
1099	897
1099	913
1099	997
1099	1019
1099	1065
1099	1093
1099	1100
1099	1163
1099	1173
1099	1240
1099	1274
1099	1282
1099	1294
1099	1332
1099	1404
1099	1423
1099	1442
1099	1461
1099	1477
1099	1481
1099	1482
1100	9
1100	63
1100	217
1100	328
1100	552
1100	583
1100	740
1100	781
1100	895
1100	976
1100	1080
1100	1099
1100	1114
1100	1123
1100	1131
1100	1164
1100	1176
1100	1241
1100	1274
1100	1282
1100	1334
1100	1379
1100	1401
1100	1423
1100	1442
1100	1461
1100	1481
1100	1482
1101	53
1101	162
1101	169
1101	299
1101	346
1101	590
1101	675
1101	823
1101	861
1101	996
1101	1011
1101	1026
1101	1030
1101	1077
1101	1083
1101	1158
1101	1181
1101	1198
1101	1264
1101	1400
1101	1434
1101	1464
1101	1480
1101	1484
1101	1485
1101	1487
1101	1488
1101	1492
1102	267
1102	295
1102	352
1102	361
1102	438
1102	459
1102	589
1102	645
1102	692
1102	742
1102	946
1102	977
1102	1013
1102	1058
1102	1070
1102	1119
1102	1170
1102	1213
1102	1214
1102	1296
1102	1350
1102	1388
1102	1396
1102	1419
1102	1453
1102	1475
1102	1492
1102	1493
1103	132
1103	297
1103	321
1103	323
1103	407
1103	619
1103	633
1103	746
1103	821
1103	839
1103	841
1103	878
1103	922
1103	983
1103	1002
1103	1090
1103	1149
1103	1162
1103	1166
1103	1172
1103	1262
1103	1309
1103	1326
1103	1332
1103	1350
1103	1405
1103	1419
1103	1421
1104	312
1104	393
1104	618
1104	638
1104	712
1104	817
1104	874
1104	884
1104	890
1104	1011
1104	1137
1104	1149
1104	1189
1104	1211
1104	1220
1104	1278
1104	1297
1104	1323
1104	1333
1104	1355
1104	1409
1104	1411
1104	1418
1104	1431
1104	1452
1104	1473
1104	1491
1104	1499
1105	231
1105	309
1105	393
1105	488
1105	587
1105	874
1105	960
1105	1044
1105	1127
1105	1159
1105	1267
1105	1297
1105	1323
1105	1338
1105	1344
1105	1355
1105	1398
1105	1409
1105	1411
1105	1412
1105	1418
1105	1426
1105	1431
1105	1449
1105	1452
1105	1468
1105	1491
1105	1499
1106	32
1106	372
1106	530
1106	547
1106	582
1106	635
1106	690
1106	772
1106	918
1106	1040
1106	1046
1106	1052
1106	1079
1106	1115
1106	1171
1106	1178
1106	1180
1106	1196
1106	1197
1106	1227
1106	1260
1106	1276
1106	1291
1106	1316
1106	1331
1106	1394
1106	1418
1106	1493
1107	31
1107	161
1107	212
1107	220
1107	261
1107	323
1107	436
1107	607
1107	640
1107	667
1107	865
1107	931
1107	939
1107	971
1107	986
1107	1068
1107	1087
1107	1184
1107	1186
1107	1200
1107	1255
1107	1356
1107	1416
1107	1448
1107	1467
1107	1468
1107	1474
1107	1499
1108	106
1108	113
1108	140
1108	302
1108	402
1108	410
1108	512
1108	542
1108	581
1108	613
1108	688
1108	706
1108	828
1108	955
1108	985
1108	1183
1108	1305
1108	1337
1108	1348
1108	1364
1108	1380
1108	1388
1108	1393
1108	1414
1108	1445
1108	1471
1108	1472
1108	1478
1109	202
1109	247
1109	269
1109	335
1109	463
1109	557
1109	592
1109	644
1109	691
1109	744
1109	759
1109	768
1109	862
1109	864
1109	1122
1109	1163
1109	1220
1109	1248
1109	1266
1109	1310
1109	1329
1109	1342
1109	1346
1109	1407
1109	1436
1109	1439
1109	1466
1109	1483
1110	39
1110	45
1110	118
1110	243
1110	292
1110	358
1110	436
1110	536
1110	602
1110	626
1110	660
1110	721
1110	741
1110	810
1110	889
1110	966
1110	992
1110	1070
1110	1078
1110	1186
1110	1284
1110	1313
1110	1320
1110	1326
1110	1349
1110	1470
1110	1484
1110	1489
1111	190
1111	500
1111	606
1111	785
1111	812
1111	926
1111	1016
1111	1029
1111	1155
1111	1218
1111	1240
1111	1287
1111	1289
1111	1314
1111	1327
1111	1333
1111	1340
1111	1349
1111	1354
1111	1400
1111	1428
1111	1437
1111	1438
1111	1459
1111	1463
1111	1470
1111	1476
1111	1493
1112	33
1112	88
1112	136
1112	206
1112	214
1112	332
1112	425
1112	428
1112	754
1112	773
1112	790
1112	974
1112	1089
1112	1093
1112	1122
1112	1300
1112	1310
1112	1323
1112	1344
1112	1383
1112	1429
1112	1464
1112	1469
1112	1471
1112	1486
1112	1495
1112	1498
1112	1500
1113	108
1113	147
1113	218
1113	258
1113	273
1113	494
1113	628
1113	985
1113	999
1113	1147
1113	1197
1113	1223
1113	1273
1113	1304
1113	1332
1113	1348
1113	1351
1113	1392
1113	1401
1113	1410
1113	1412
1113	1413
1113	1418
1113	1425
1113	1432
1113	1434
1113	1453
1113	1496
1114	63
1114	417
1114	479
1114	512
1114	596
1114	654
1114	723
1114	825
1114	976
1114	997
1114	1019
1114	1080
1114	1100
1114	1123
1114	1201
1114	1241
1114	1269
1114	1274
1114	1348
1114	1360
1114	1423
1114	1431
1114	1446
1114	1461
1114	1477
1114	1481
1114	1482
1114	1487
1115	32
1115	235
1115	256
1115	440
1115	455
1115	470
1115	547
1115	582
1115	607
1115	845
1115	873
1115	983
1115	1000
1115	1040
1115	1046
1115	1079
1115	1106
1115	1148
1115	1172
1115	1178
1115	1180
1115	1197
1115	1227
1115	1260
1115	1264
1115	1274
1115	1316
1115	1333
1116	58
1116	284
1116	486
1116	679
1116	800
1116	930
1116	962
1116	1056
1116	1075
1116	1094
1116	1130
1116	1135
1116	1221
1116	1222
1116	1235
1116	1251
1116	1256
1116	1315
1116	1353
1116	1382
1116	1387
1116	1402
1116	1403
1116	1416
1116	1441
1116	1443
1116	1454
1116	1460
1116	1500
1117	156
1117	255
1117	359
1117	438
1117	521
1117	559
1117	589
1117	645
1117	659
1117	755
1117	759
1117	840
1117	935
1117	977
1117	1006
1117	1013
1117	1054
1117	1143
1117	1170
1117	1193
1117	1213
1117	1214
1117	1300
1117	1350
1117	1368
1117	1388
1117	1396
1117	1419
1117	1495
1118	214
1118	283
1118	299
1118	333
1118	644
1118	648
1118	844
1118	850
1118	926
1118	1009
1118	1071
1118	1083
1118	1085
1118	1136
1118	1158
1118	1165
1118	1206
1118	1241
1118	1247
1118	1302
1118	1393
1118	1412
1118	1441
1118	1464
1118	1480
1118	1485
1118	1487
1118	1488
1118	1492
1119	43
1119	104
1119	115
1119	130
1119	186
1119	250
1119	279
1119	450
1119	521
1119	589
1119	598
1119	660
1119	840
1119	946
1119	977
1119	1012
1119	1013
1119	1058
1119	1102
1119	1124
1119	1170
1119	1205
1119	1214
1119	1350
1119	1352
1119	1368
1119	1377
1119	1388
1119	1419
1120	177
1120	534
1120	630
1120	724
1120	863
1120	968
1120	1051
1120	1059
1120	1066
1120	1202
1120	1231
1120	1253
1120	1255
1120	1258
1120	1302
1120	1308
1120	1321
1120	1369
1120	1400
1120	1418
1120	1420
1120	1424
1120	1433
1120	1439
1120	1447
1120	1450
1120	1466
1120	1477
1120	1483
1121	26
1121	228
1121	253
1121	259
1121	429
1121	447
1121	536
1121	567
1121	581
1121	591
1121	682
1121	777
1121	793
1121	883
1121	1000
1121	1011
1121	1027
1121	1095
1121	1124
1121	1239
1121	1257
1121	1273
1121	1384
1121	1404
1121	1407
1121	1447
1121	1458
1121	1494
1121	1500
1122	268
1122	451
1122	551
1122	612
1122	752
1122	805
1122	826
1122	916
1122	923
1122	1018
1122	1062
1122	1109
1122	1112
1122	1128
1122	1206
1122	1210
1122	1223
1122	1246
1122	1264
1122	1300
1122	1323
1122	1340
1122	1347
1122	1383
1122	1453
1122	1469
1122	1486
1122	1495
1122	1498
1123	351
1123	388
1123	423
1123	740
1123	791
1123	890
1123	903
1123	927
1123	957
1123	1065
1123	1080
1123	1100
1123	1114
1123	1132
1123	1163
1123	1199
1123	1282
1123	1355
1123	1379
1123	1391
1123	1423
1123	1437
1123	1442
1123	1446
1123	1461
1123	1477
1123	1481
1123	1482
1123	1498
1124	204
1124	224
1124	259
1124	300
1124	320
1124	405
1124	536
1124	682
1124	883
1124	963
1124	1000
1124	1059
1124	1073
1124	1119
1124	1121
1124	1205
1124	1207
1124	1231
1124	1239
1124	1248
1124	1256
1124	1257
1124	1354
1124	1384
1124	1389
1124	1404
1124	1407
1124	1428
1124	1484
1125	203
1125	274
1125	296
1125	330
1125	562
1125	658
1125	747
1125	782
1125	806
1125	861
1125	886
1125	902
1125	971
1125	988
1125	1001
1125	1026
1125	1054
1125	1134
1125	1175
1125	1345
1125	1360
1125	1371
1125	1389
1125	1408
1125	1429
1125	1436
1125	1451
1125	1463
1125	1497
1126	89
1126	170
1126	237
1126	336
1126	413
1126	428
1126	643
1126	679
1126	683
1126	700
1126	714
1126	785
1126	917
1126	983
1126	1013
1126	1084
1126	1151
1126	1156
1126	1164
1126	1177
1126	1217
1126	1238
1126	1249
1126	1265
1126	1280
1126	1362
1126	1363
1126	1375
1126	1459
1127	390
1127	538
1127	588
1127	613
1127	637
1127	667
1127	843
1127	874
1127	951
1127	1044
1127	1060
1127	1105
1127	1128
1127	1148
1127	1158
1127	1159
1127	1211
1127	1220
1127	1278
1127	1297
1127	1335
1127	1355
1127	1409
1127	1411
1127	1431
1127	1452
1127	1475
1127	1491
1127	1499
1128	94
1128	227
1128	352
1128	686
1128	805
1128	812
1128	813
1128	837
1128	923
1128	928
1128	941
1128	1093
1128	1122
1128	1127
1128	1206
1128	1223
1128	1262
1128	1266
1128	1300
1128	1338
1128	1344
1128	1349
1128	1383
1128	1410
1128	1469
1128	1486
1128	1495
1128	1498
1128	1499
1129	43
1129	53
1129	151
1129	154
1129	338
1129	431
1129	492
1129	518
1129	548
1129	574
1129	653
1129	681
1129	756
1129	805
1129	835
1129	1043
1129	1052
1129	1082
1129	1162
1129	1209
1129	1229
1129	1250
1129	1261
1129	1277
1129	1298
1129	1328
1129	1406
1129	1459
1129	1469
1130	127
1130	134
1130	246
1130	254
1130	264
1130	497
1130	798
1130	804
1130	808
1130	813
1130	860
1130	879
1130	909
1130	911
1130	1047
1130	1048
1130	1116
1130	1140
1130	1194
1130	1203
1130	1233
1130	1272
1130	1285
1130	1324
1130	1341
1130	1380
1130	1444
1130	1450
1130	1489
1131	449
1131	724
1131	765
1131	832
1131	905
1131	950
1131	985
1131	993
1131	1007
1131	1025
1131	1058
1131	1100
1131	1226
1131	1283
1131	1304
1131	1386
1131	1389
1131	1392
1131	1397
1131	1398
1131	1410
1131	1412
1131	1413
1131	1425
1131	1432
1131	1448
1131	1465
1131	1493
1131	1496
1132	147
1132	179
1132	421
1132	533
1132	551
1132	723
1132	791
1132	871
1132	897
1132	903
1132	957
1132	997
1132	1080
1132	1123
1132	1201
1132	1241
1132	1274
1132	1282
1132	1318
1132	1350
1132	1366
1132	1379
1132	1384
1132	1442
1132	1461
1132	1470
1132	1477
1132	1481
1132	1482
1133	207
1133	224
1133	432
1133	444
1133	447
1133	473
1133	563
1133	567
1133	591
1133	597
1133	682
1133	761
1133	774
1133	777
1133	870
1133	927
1133	934
1133	963
1133	1000
1133	1175
1133	1207
1133	1231
1133	1239
1133	1257
1133	1309
1133	1384
1133	1404
1133	1407
1133	1485
1134	173
1134	248
1134	286
1134	332
1134	414
1134	710
1134	711
1134	806
1134	852
1134	867
1134	922
1134	952
1134	971
1134	1036
1134	1086
1134	1125
1134	1175
1134	1192
1134	1345
1134	1360
1134	1371
1134	1378
1134	1389
1134	1408
1134	1429
1134	1436
1134	1437
1134	1463
1134	1479
1135	27
1135	371
1135	475
1135	587
1135	679
1135	757
1135	826
1135	888
1135	930
1135	981
1135	1051
1135	1063
1135	1116
1135	1161
1135	1168
1135	1189
1135	1196
1135	1221
1135	1235
1135	1256
1135	1269
1135	1315
1135	1364
1135	1382
1135	1403
1135	1441
1135	1454
1135	1460
1135	1500
1136	41
1136	95
1136	185
1136	367
1136	427
1136	850
1136	882
1136	894
1136	970
1136	996
1136	1006
1136	1008
1136	1024
1136	1030
1136	1118
1136	1165
1136	1181
1136	1195
1136	1247
1136	1267
1136	1365
1136	1368
1136	1373
1136	1434
1136	1458
1136	1464
1136	1480
1136	1484
1136	1487
1136	1488
1137	18
1137	166
1137	274
1137	309
1137	442
1137	465
1137	505
1137	544
1137	587
1137	680
1137	686
1137	866
1137	884
1137	895
1137	898
1137	919
1137	1017
1137	1104
1137	1167
1137	1189
1137	1211
1137	1220
1137	1264
1137	1268
1137	1409
1137	1411
1137	1449
1137	1452
1137	1491
1137	1499
1138	112
1138	184
1138	202
1138	419
1138	557
1138	685
1138	762
1138	795
1138	822
1138	893
1138	943
1138	972
1138	1050
1138	1142
1138	1153
1138	1160
1138	1167
1138	1248
1138	1279
1138	1310
1138	1329
1138	1341
1138	1342
1138	1346
1138	1418
1138	1428
1138	1435
1138	1439
1138	1451
1138	1483
1139	6
1139	40
1139	50
1139	238
1139	258
1139	271
1139	290
1139	386
1139	461
1139	556
1139	616
1139	630
1139	655
1139	758
1139	792
1139	818
1139	869
1139	880
1139	920
1139	1074
1139	1204
1139	1250
1139	1308
1139	1352
1139	1361
1139	1374
1139	1387
1139	1451
1139	1476
1139	1498
1140	206
1140	209
1140	497
1140	498
1140	681
1140	727
1140	750
1140	833
1140	859
1140	860
1140	911
1140	925
1140	967
1140	1047
1140	1130
1140	1141
1140	1147
1140	1199
1140	1203
1140	1233
1140	1267
1140	1285
1140	1295
1140	1319
1140	1397
1140	1444
1140	1453
1140	1468
1140	1489
1140	1490
1141	34
1141	50
1141	69
1141	105
1141	206
1141	280
1141	636
1141	769
1141	794
1141	804
1141	911
1141	925
1141	929
1141	965
1141	1140
1141	1199
1141	1233
1141	1272
1141	1275
1141	1285
1141	1319
1141	1366
1141	1406
1141	1423
1141	1444
1141	1477
1141	1483
1141	1489
1141	1490
1141	1500
1142	54
1142	243
1142	504
1142	753
1142	950
1142	985
1142	993
1142	994
1142	1025
1142	1138
1142	1183
1142	1219
1142	1222
1142	1283
1142	1304
1142	1332
1142	1348
1142	1351
1142	1392
1142	1398
1142	1401
1142	1408
1142	1413
1142	1415
1142	1421
1142	1430
1142	1432
1142	1455
1142	1474
1142	1496
1143	35
1143	54
1143	119
1143	186
1143	279
1143	342
1143	443
1143	450
1143	521
1143	659
1143	755
1143	851
1143	891
1143	946
1143	977
1143	1006
1143	1013
1143	1018
1143	1058
1143	1068
1143	1117
1143	1170
1143	1213
1143	1214
1143	1234
1143	1330
1143	1337
1143	1350
1143	1396
1143	1419
1144	75
1144	92
1144	197
1144	309
1144	558
1144	871
1144	957
1144	969
1144	990
1144	1072
1144	1208
1144	1225
1144	1242
1144	1300
1144	1307
1144	1315
1144	1343
1144	1365
1144	1372
1144	1394
1144	1395
1144	1406
1144	1425
1144	1426
1144	1427
1144	1436
1144	1440
1144	1455
1144	1458
1144	1479
1145	159
1145	200
1145	315
1145	340
1145	395
1145	420
1145	446
1145	529
1145	557
1145	593
1145	622
1145	702
1145	779
1145	836
1145	914
1145	942
1145	1039
1145	1049
1145	1152
1145	1154
1145	1228
1145	1312
1145	1317
1145	1325
1145	1327
1145	1352
1145	1391
1145	1402
1145	1435
1145	1484
1146	152
1146	405
1146	429
1146	674
1146	773
1146	894
1146	904
1146	1004
1146	1011
1146	1051
1146	1059
1146	1066
1146	1161
1146	1202
1146	1224
1146	1234
1146	1255
1146	1258
1146	1302
1146	1315
1146	1321
1146	1369
1146	1370
1146	1382
1146	1400
1146	1420
1146	1424
1146	1433
1146	1447
1146	1450
1147	9
1147	144
1147	184
1147	329
1147	545
1147	557
1147	562
1147	620
1147	644
1147	667
1147	668
1147	701
1147	765
1147	768
1147	795
1147	802
1147	862
1147	900
1147	942
1147	953
1147	1020
1147	1113
1147	1140
1147	1310
1147	1316
1147	1342
1147	1346
1147	1428
1147	1483
1147	1485
1148	32
1148	46
1148	51
1148	83
1148	163
1148	185
1148	440
1148	455
1148	537
1148	547
1148	772
1148	796
1148	845
1148	873
1148	987
1148	1040
1148	1046
1148	1115
1148	1127
1148	1151
1148	1171
1148	1178
1148	1180
1148	1197
1148	1227
1148	1256
1148	1305
1148	1316
1148	1342
1148	1442
1149	92
1149	132
1149	250
1149	282
1149	295
1149	381
1149	460
1149	612
1149	619
1149	634
1149	764
1149	821
1149	839
1149	841
1149	873
1149	878
1149	1002
1149	1103
1149	1104
1149	1158
1149	1166
1149	1172
1149	1240
1149	1295
1149	1296
1149	1309
1149	1324
1149	1343
1149	1405
1149	1421
1150	242
1150	356
1150	504
1150	753
1150	853
1150	1049
1150	1160
1150	1215
1150	1222
1150	1229
1150	1281
1150	1283
1150	1304
1150	1330
1150	1332
1150	1348
1150	1392
1150	1397
1150	1401
1150	1412
1150	1413
1150	1418
1150	1430
1150	1432
1150	1464
1150	1465
1150	1470
1150	1494
1150	1495
1150	1496
1151	72
1151	86
1151	170
1151	171
1151	237
1151	424
1151	683
1151	714
1151	767
1151	829
1151	917
1151	983
1151	1028
1151	1126
1151	1148
1151	1156
1151	1164
1151	1177
1151	1206
1151	1238
1151	1249
1151	1265
1151	1269
1151	1280
1151	1294
1151	1362
1151	1363
1151	1375
1151	1434
1151	1483
1152	80
1152	260
1152	286
1152	512
1152	550
1152	580
1152	593
1152	672
1152	688
1152	733
1152	770
1152	813
1152	870
1152	1039
1152	1051
1152	1086
1152	1089
1152	1096
1152	1145
1152	1157
1152	1234
1152	1254
1152	1377
1152	1380
1152	1414
1152	1445
1152	1455
1152	1471
1152	1472
1152	1473
1153	1
1153	6
1153	101
1153	137
1153	220
1153	637
1153	665
1153	707
1153	757
1153	795
1153	862
1153	934
1153	1035
1153	1050
1153	1138
1153	1160
1153	1167
1153	1232
1153	1267
1153	1279
1153	1298
1153	1310
1153	1342
1153	1346
1153	1405
1153	1428
1153	1451
1153	1455
1153	1466
1153	1482
1154	83
1154	165
1154	169
1154	241
1154	322
1154	340
1154	529
1154	609
1154	661
1154	712
1154	855
1154	919
1154	1014
1154	1039
1154	1049
1154	1145
1154	1224
1154	1268
1154	1295
1154	1317
1154	1325
1154	1327
1154	1352
1154	1358
1154	1359
1154	1402
1154	1435
1154	1468
1154	1469
1154	1476
1155	68
1155	219
1155	606
1155	641
1155	656
1155	716
1155	751
1155	830
1155	873
1155	913
1155	926
1155	1016
1155	1030
1155	1075
1155	1111
1155	1201
1155	1218
1155	1236
1155	1240
1155	1263
1155	1333
1155	1340
1155	1349
1155	1354
1155	1434
1155	1438
1155	1459
1155	1470
1155	1476
1155	1493
1156	52
1156	67
1156	170
1156	171
1156	186
1156	310
1156	537
1156	714
1156	767
1156	785
1156	852
1156	917
1156	983
1156	1018
1156	1084
1156	1126
1156	1151
1156	1164
1156	1213
1156	1226
1156	1238
1156	1249
1156	1265
1156	1280
1156	1286
1156	1294
1156	1362
1156	1363
1156	1372
1156	1375
1156	1431
1157	12
1157	191
1157	302
1157	445
1157	512
1157	566
1157	743
1157	784
1157	786
1157	848
1157	1041
1157	1052
1157	1088
1157	1096
1157	1152
1157	1191
1157	1208
1157	1251
1157	1273
1157	1305
1157	1313
1157	1366
1157	1393
1157	1414
1157	1438
1157	1445
1157	1461
1157	1471
1157	1472
1157	1473
1157	1483
1158	87
1158	283
1158	326
1158	601
1158	634
1158	815
1158	823
1158	894
1158	1024
1158	1030
1158	1064
1158	1077
1158	1101
1158	1118
1158	1127
1158	1149
1158	1179
1158	1247
1158	1286
1158	1307
1158	1390
1158	1403
1158	1426
1158	1434
1158	1473
1158	1480
1158	1484
1158	1486
1158	1487
1158	1488
1158	1492
1159	18
1159	312
1159	390
1159	442
1159	544
1159	613
1159	685
1159	850
1159	884
1159	895
1159	931
1159	980
1159	1002
1159	1014
1159	1028
1159	1062
1159	1105
1159	1127
1159	1169
1159	1204
1159	1220
1159	1249
1159	1268
1159	1278
1159	1355
1159	1411
1159	1425
1159	1431
1159	1452
1159	1491
1159	1499
1160	269
1160	335
1160	435
1160	667
1160	668
1160	691
1160	712
1160	744
1160	765
1160	800
1160	815
1160	847
1160	864
1160	877
1160	941
1160	1138
1160	1150
1160	1153
1160	1232
1160	1248
1160	1269
1160	1310
1160	1332
1160	1342
1160	1346
1160	1428
1160	1431
1160	1439
1160	1451
1160	1466
1160	1483
1161	27
1161	300
1161	355
1161	399
1161	462
1161	485
1161	500
1161	502
1161	679
1161	947
1161	962
1161	1094
1161	1097
1161	1135
1161	1146
1161	1184
1161	1190
1161	1235
1161	1269
1161	1291
1161	1311
1161	1340
1161	1377
1161	1382
1161	1399
1161	1403
1161	1409
1161	1441
1161	1454
1161	1460
1161	1500
1162	10
1162	43
1162	53
1162	135
1162	154
1162	338
1162	396
1162	466
1162	514
1162	526
1162	695
1162	732
1162	756
1162	776
1162	835
1162	940
1162	1052
1162	1082
1162	1103
1162	1129
1162	1209
1162	1229
1162	1261
1162	1277
1162	1298
1162	1328
1162	1339
1162	1392
1162	1394
1162	1403
1162	1492
1163	67
1163	328
1163	479
1163	569
1163	810
1163	813
1163	825
1163	897
1163	976
1163	997
1163	1019
1163	1088
1163	1099
1163	1109
1163	1123
1163	1173
1163	1241
1163	1247
1163	1252
1163	1379
1163	1423
1163	1432
1163	1435
1163	1442
1163	1446
1163	1461
1163	1475
1163	1477
1163	1481
1163	1482
1163	1491
1164	141
1164	170
1164	189
1164	294
1164	430
1164	437
1164	452
1164	537
1164	625
1164	689
1164	712
1164	714
1164	767
1164	785
1164	917
1164	1084
1164	1100
1164	1126
1164	1151
1164	1156
1164	1223
1164	1238
1164	1249
1164	1265
1164	1280
1164	1294
1164	1362
1164	1363
1164	1370
1164	1375
1164	1454
1165	84
1165	87
1165	437
1165	476
1165	580
1165	601
1165	663
1165	815
1165	861
1165	970
1165	1009
1165	1011
1165	1040
1165	1085
1165	1118
1165	1136
1165	1195
1165	1247
1165	1277
1165	1368
1165	1369
1165	1398
1165	1434
1165	1464
1165	1480
1165	1484
1165	1485
1165	1487
1165	1488
1165	1492
1165	1495
1166	31
1166	92
1166	174
1166	217
1166	291
1166	407
1166	408
1166	460
1166	577
1166	599
1166	619
1166	633
1166	636
1166	821
1166	839
1166	841
1166	1002
1166	1034
1166	1090
1166	1103
1166	1149
1166	1202
1166	1295
1166	1309
1166	1344
1166	1376
1166	1397
1166	1405
1166	1421
1166	1452
1166	1466
1167	289
1167	392
1167	736
1167	769
1167	798
1167	804
1167	805
1167	833
1167	854
1167	908
1167	911
1167	984
1167	1053
1167	1091
1167	1137
1167	1138
1167	1153
1167	1199
1167	1203
1167	1233
1167	1272
1167	1275
1167	1285
1167	1319
1167	1324
1167	1381
1167	1444
1167	1445
1167	1452
1167	1489
1167	1490
1168	346
1168	382
1168	395
1168	411
1168	474
1168	485
1168	525
1168	595
1168	653
1168	659
1168	678
1168	679
1168	779
1168	962
1168	1135
1168	1221
1168	1232
1168	1235
1168	1251
1168	1256
1168	1269
1168	1305
1168	1315
1168	1398
1168	1403
1168	1430
1168	1441
1168	1443
1168	1454
1168	1460
1168	1500
1169	69
1169	75
1169	259
1169	331
1169	347
1169	441
1169	569
1169	588
1169	777
1169	837
1169	884
1169	890
1169	980
1169	1044
1169	1079
1169	1159
1169	1198
1169	1211
1169	1220
1169	1268
1169	1278
1169	1297
1169	1384
1169	1409
1169	1411
1169	1431
1169	1449
1169	1452
1169	1476
1169	1491
1169	1499
1170	104
1170	130
1170	186
1170	279
1170	299
1170	438
1170	611
1170	612
1170	666
1170	742
1170	755
1170	772
1170	797
1170	946
1170	993
1170	1013
1170	1018
1170	1058
1170	1102
1170	1117
1170	1119
1170	1143
1170	1213
1170	1303
1170	1334
1170	1350
1170	1368
1170	1388
1170	1396
1170	1419
1170	1463
1171	32
1171	46
1171	440
1171	455
1171	470
1171	562
1171	582
1171	635
1171	736
1171	772
1171	796
1171	804
1171	873
1171	918
1171	955
1171	1040
1171	1046
1171	1106
1171	1148
1171	1178
1171	1180
1171	1197
1171	1227
1171	1260
1171	1283
1171	1299
1171	1316
1171	1401
1171	1460
1171	1467
1171	1484
1172	31
1172	76
1172	257
1172	291
1172	323
1172	350
1172	351
1172	381
1172	385
1172	460
1172	464
1172	577
1172	612
1172	619
1172	636
1172	722
1172	746
1172	821
1172	839
1172	922
1172	1002
1172	1103
1172	1115
1172	1149
1172	1196
1172	1295
1172	1309
1172	1405
1172	1421
1172	1430
1172	1486
1173	217
1173	245
1173	257
1173	409
1173	416
1173	535
1173	583
1173	737
1173	756
1173	780
1173	825
1173	927
1173	1019
1173	1088
1173	1092
1173	1099
1173	1163
1173	1201
1173	1241
1173	1282
1173	1398
1173	1423
1173	1428
1173	1436
1173	1442
1173	1444
1173	1461
1173	1477
1173	1481
1173	1482
1173	1494
1174	287
1174	509
1174	791
1174	842
1174	845
1174	875
1174	899
1174	966
1174	979
1174	1015
1174	1063
1174	1183
1174	1212
1174	1217
1174	1296
1174	1334
1174	1336
1174	1338
1174	1345
1174	1353
1174	1358
1174	1364
1174	1367
1174	1385
1174	1386
1174	1437
1174	1456
1174	1457
1174	1475
1174	1494
1174	1497
1175	173
1175	617
1175	735
1175	743
1175	757
1175	782
1175	788
1175	808
1175	910
1175	913
1175	936
1175	987
1175	1001
1175	1005
1175	1036
1175	1061
1175	1125
1175	1133
1175	1134
1175	1192
1175	1197
1175	1217
1175	1286
1175	1345
1175	1360
1175	1378
1175	1389
1175	1408
1175	1429
1175	1436
1175	1463
1176	56
1176	423
1176	481
1176	596
1176	646
1176	659
1176	723
1176	780
1176	791
1176	825
1176	830
1176	903
1176	933
1176	957
1176	997
1176	1019
1176	1065
1176	1100
1176	1241
1176	1274
1176	1282
1176	1306
1176	1379
1176	1423
1176	1442
1176	1446
1176	1461
1176	1463
1176	1477
1176	1482
1176	1484
1176	1497
1177	47
1177	102
1177	160
1177	240
1177	266
1177	328
1177	376
1177	571
1177	585
1177	592
1177	647
1177	685
1177	766
1177	844
1177	856
1177	951
1177	991
1177	1043
1177	1126
1177	1151
1177	1194
1177	1259
1177	1291
1177	1335
1177	1337
1177	1373
1177	1399
1177	1400
1177	1452
1177	1453
1177	1462
1177	1478
1178	32
1178	185
1178	372
1178	440
1178	470
1178	547
1178	582
1178	601
1178	628
1178	690
1178	720
1178	772
1178	776
1178	796
1178	845
1178	873
1178	918
1178	1040
1178	1063
1178	1079
1178	1106
1178	1115
1178	1148
1178	1171
1178	1197
1178	1210
1178	1228
1178	1260
1178	1316
1178	1325
1178	1343
1178	1344
1179	96
1179	119
1179	129
1179	318
1179	330
1179	383
1179	466
1179	501
1179	598
1179	636
1179	857
1179	879
1179	893
1179	921
1179	989
1179	1007
1179	1021
1179	1023
1179	1098
1179	1158
1179	1182
1179	1185
1179	1193
1179	1292
1179	1304
1179	1311
1179	1312
1179	1391
1179	1415
1179	1446
1179	1470
1179	1486
1180	32
1180	46
1180	185
1180	232
1180	235
1180	372
1180	467
1180	530
1180	547
1180	690
1180	769
1180	772
1180	796
1180	824
1180	873
1180	918
1180	988
1180	1040
1180	1046
1180	1079
1180	1106
1180	1115
1180	1148
1180	1171
1180	1197
1180	1227
1180	1247
1180	1260
1180	1264
1180	1306
1180	1353
1180	1442
1181	71
1181	129
1181	178
1181	251
1181	326
1181	410
1181	599
1181	634
1181	663
1181	823
1181	827
1181	894
1181	922
1181	935
1181	970
1181	980
1181	1009
1181	1011
1181	1024
1181	1064
1181	1092
1181	1101
1181	1136
1181	1195
1181	1247
1181	1258
1181	1425
1181	1434
1181	1464
1181	1480
1181	1484
1181	1487
1182	14
1182	89
1182	96
1182	98
1182	349
1182	374
1182	466
1182	598
1182	783
1182	801
1182	857
1182	876
1182	921
1182	922
1182	944
1182	989
1182	1000
1182	1021
1182	1023
1182	1091
1182	1098
1182	1179
1182	1185
1182	1193
1182	1226
1182	1292
1182	1311
1182	1312
1182	1359
1182	1391
1182	1397
1182	1429
1183	12
1183	175
1183	296
1183	410
1183	414
1183	580
1183	666
1183	784
1183	848
1183	955
1183	986
1183	1041
1183	1081
1183	1096
1183	1108
1183	1142
1183	1174
1183	1191
1183	1254
1183	1273
1183	1283
1183	1305
1183	1329
1183	1335
1183	1366
1183	1381
1183	1393
1183	1398
1183	1414
1183	1445
1183	1472
1183	1473
1184	76
1184	167
1184	382
1184	411
1184	472
1184	475
1184	485
1184	486
1184	597
1184	856
1184	868
1184	888
1184	901
1184	947
1184	962
1184	1064
1184	1094
1184	1107
1184	1161
1184	1196
1184	1235
1184	1256
1184	1274
1184	1315
1184	1329
1184	1362
1184	1403
1184	1441
1184	1443
1184	1454
1184	1460
1184	1500
1185	14
1185	140
1185	263
1185	285
1185	299
1185	374
1185	385
1185	508
1185	662
1185	667
1185	783
1185	794
1185	857
1185	869
1185	876
1185	989
1185	1017
1185	1021
1185	1023
1185	1095
1185	1098
1185	1179
1185	1182
1185	1193
1185	1285
1185	1292
1185	1311
1185	1312
1185	1313
1185	1391
1185	1415
1185	1500
1186	119
1186	177
1186	315
1186	351
1186	357
1186	396
1186	570
1186	630
1186	671
1186	736
1186	790
1186	832
1186	888
1186	939
1186	971
1186	986
1186	995
1186	1014
1186	1066
1186	1068
1186	1107
1186	1110
1186	1198
1186	1200
1186	1222
1186	1228
1186	1311
1186	1416
1186	1448
1186	1467
1186	1468
1186	1474
1187	111
1187	122
1187	180
1187	197
1187	236
1187	284
1187	394
1187	403
1187	406
1187	513
1187	554
1187	578
1187	637
1187	649
1187	657
1187	745
1187	801
1187	846
1187	910
1187	949
1187	1038
1187	1058
1187	1073
1187	1234
1187	1245
1187	1271
1187	1339
1187	1353
1187	1360
1187	1390
1187	1395
1187	1445
1188	97
1188	240
1188	398
1188	451
1188	478
1188	576
1188	586
1188	603
1188	762
1188	782
1188	829
1188	856
1188	951
1188	991
1188	994
1188	1043
1188	1045
1188	1259
1188	1261
1188	1276
1188	1301
1188	1321
1188	1324
1188	1335
1188	1337
1188	1373
1188	1402
1188	1424
1188	1429
1188	1453
1188	1462
1188	1478
1189	259
1189	347
1189	348
1189	417
1189	434
1189	488
1189	569
1189	680
1189	784
1189	874
1189	960
1189	980
1189	1015
1189	1044
1189	1104
1189	1135
1189	1137
1189	1211
1189	1216
1189	1220
1189	1278
1189	1297
1189	1336
1189	1355
1189	1409
1189	1411
1189	1449
1189	1452
1189	1465
1189	1491
1189	1497
1189	1499
1190	111
1190	118
1190	122
1190	397
1190	406
1190	513
1190	539
1190	554
1190	578
1190	637
1190	649
1190	657
1190	745
1190	801
1190	849
1190	910
1190	936
1190	949
1190	1031
1190	1038
1190	1090
1190	1161
1190	1234
1190	1245
1190	1246
1190	1271
1190	1353
1190	1358
1190	1380
1190	1390
1190	1439
1190	1440
1191	293
1191	327
1191	331
1191	353
1191	400
1191	414
1191	456
1191	550
1191	666
1191	672
1191	688
1191	733
1191	770
1191	786
1191	848
1191	1157
1191	1183
1191	1250
1191	1254
1191	1305
1191	1366
1191	1377
1191	1380
1191	1393
1191	1414
1191	1428
1191	1445
1191	1451
1191	1465
1191	1471
1191	1472
1191	1498
1192	337
1192	350
1192	562
1192	595
1192	658
1192	717
1192	782
1192	808
1192	867
1192	902
1192	952
1192	991
1192	1005
1192	1036
1192	1052
1192	1054
1192	1134
1192	1175
1192	1345
1192	1356
1192	1360
1192	1371
1192	1378
1192	1404
1192	1408
1192	1417
1192	1429
1192	1436
1192	1449
1192	1463
1192	1469
1192	1483
1193	14
1193	89
1193	213
1193	349
1193	366
1193	374
1193	399
1193	501
1193	783
1193	785
1193	876
1193	942
1193	950
1193	989
1193	1007
1193	1017
1193	1021
1193	1023
1193	1098
1193	1117
1193	1179
1193	1182
1193	1185
1193	1280
1193	1292
1193	1311
1193	1312
1193	1318
1193	1387
1193	1391
1193	1415
1193	1427
1194	102
1194	328
1194	366
1194	451
1194	571
1194	585
1194	592
1194	603
1194	684
1194	708
1194	858
1194	991
1194	994
1194	1005
1194	1045
1194	1069
1194	1077
1194	1130
1194	1177
1194	1259
1194	1301
1194	1335
1194	1337
1194	1338
1194	1341
1194	1373
1194	1453
1194	1455
1194	1462
1194	1474
1194	1478
1194	1480
1195	41
1195	52
1195	233
1195	378
1195	405
1195	476
1195	556
1195	601
1195	735
1195	815
1195	847
1195	902
1195	999
1195	1009
1195	1011
1195	1024
1195	1064
1195	1076
1195	1085
1195	1136
1195	1165
1195	1181
1195	1212
1195	1241
1195	1286
1195	1434
1195	1463
1195	1464
1195	1485
1195	1487
1195	1492
1195	1494
1196	11
1196	54
1196	58
1196	141
1196	346
1196	462
1196	475
1196	525
1196	699
1196	715
1196	817
1196	876
1196	998
1196	1054
1196	1075
1196	1094
1196	1097
1196	1106
1196	1135
1196	1172
1196	1184
1196	1251
1196	1256
1196	1345
1196	1403
1196	1430
1196	1441
1196	1454
1196	1460
1196	1464
1196	1497
1196	1500
1197	32
1197	46
1197	160
1197	163
1197	205
1197	235
1197	372
1197	530
1197	566
1197	582
1197	610
1197	635
1197	690
1197	772
1197	845
1197	873
1197	918
1197	1079
1197	1106
1197	1113
1197	1115
1197	1148
1197	1171
1197	1175
1197	1178
1197	1180
1197	1198
1197	1227
1197	1260
1197	1316
1197	1360
1197	1365
1197	1391
1198	90
1198	161
1198	211
1198	245
1198	303
1198	357
1198	396
1198	564
1198	570
1198	607
1198	632
1198	640
1198	738
1198	788
1198	832
1198	931
1198	971
1198	995
1198	1068
1198	1087
1198	1101
1198	1169
1198	1186
1198	1197
1198	1200
1198	1216
1198	1385
1198	1416
1198	1448
1198	1467
1198	1468
1198	1474
1198	1497
1199	69
1199	134
1199	391
1199	453
1199	638
1199	646
1199	794
1199	807
1199	813
1199	853
1199	879
1199	923
1199	965
1199	967
1199	1053
1199	1068
1199	1075
1199	1123
1199	1140
1199	1141
1199	1167
1199	1203
1199	1272
1199	1275
1199	1282
1199	1285
1199	1311
1199	1319
1199	1362
1199	1418
1199	1444
1199	1489
1199	1490
1200	91
1200	244
1200	357
1200	396
1200	422
1200	446
1200	490
1200	524
1200	547
1200	570
1200	607
1200	640
1200	738
1200	746
1200	811
1200	865
1200	939
1200	971
1200	990
1200	995
1200	1008
1200	1014
1200	1037
1200	1068
1200	1076
1200	1107
1200	1186
1200	1198
1200	1416
1200	1448
1200	1467
1200	1468
1200	1474
1201	220
1201	423
1201	535
1201	583
1201	704
1201	723
1201	758
1201	787
1201	843
1201	900
1201	903
1201	913
1201	927
1201	963
1201	991
1201	1065
1201	1114
1201	1132
1201	1155
1201	1173
1201	1215
1201	1241
1201	1274
1201	1282
1201	1288
1201	1300
1201	1440
1201	1442
1201	1446
1201	1461
1201	1477
1201	1481
1201	1482
1202	62
1202	148
1202	214
1202	534
1202	639
1202	696
1202	739
1202	752
1202	759
1202	863
1202	933
1202	1059
1202	1120
1202	1146
1202	1166
1202	1224
1202	1253
1202	1255
1202	1258
1202	1268
1202	1302
1202	1321
1202	1369
1202	1370
1202	1400
1202	1420
1202	1424
1202	1433
1202	1447
1202	1450
1202	1456
1202	1484
1202	1485
1203	78
1203	105
1203	193
1203	289
1203	312
1203	392
1203	498
1203	574
1203	583
1203	769
1203	794
1203	854
1203	879
1203	917
1203	965
1203	967
1203	984
1203	995
1203	1047
1203	1130
1203	1140
1203	1167
1203	1199
1203	1275
1203	1285
1203	1319
1203	1381
1203	1417
1203	1444
1203	1456
1203	1489
1203	1490
1203	1492
1204	1
1204	77
1204	84
1204	226
1204	271
1204	290
1204	311
1204	408
1204	461
1204	465
1204	477
1204	627
1204	629
1204	742
1204	792
1204	820
1204	866
1204	897
1204	948
1204	1019
1204	1037
1204	1069
1204	1074
1204	1139
1204	1159
1204	1250
1204	1286
1204	1308
1204	1337
1204	1361
1204	1374
1204	1387
1204	1467
1205	172
1205	204
1205	207
1205	228
1205	253
1205	259
1205	270
1205	320
1205	331
1205	527
1205	563
1205	591
1205	597
1205	682
1205	793
1205	870
1205	878
1205	890
1205	922
1205	1000
1205	1119
1205	1124
1205	1207
1205	1231
1205	1239
1205	1249
1205	1257
1205	1383
1205	1384
1205	1404
1205	1407
1205	1417
1205	1435
1206	88
1206	268
1206	419
1206	522
1206	590
1206	623
1206	652
1206	790
1206	796
1206	838
1206	923
1206	929
1206	941
1206	1062
1206	1089
1206	1091
1206	1118
1206	1122
1206	1128
1206	1151
1206	1223
1206	1237
1206	1266
1206	1284
1206	1300
1206	1323
1206	1333
1206	1344
1206	1347
1206	1383
1206	1469
1206	1498
1206	1500
1207	2
1207	176
1207	207
1207	300
1207	379
1207	401
1207	404
1207	447
1207	563
1207	597
1207	606
1207	633
1207	682
1207	761
1207	774
1207	777
1207	786
1207	793
1207	963
1207	1027
1207	1073
1207	1124
1207	1133
1207	1205
1207	1231
1207	1239
1207	1257
1207	1384
1207	1396
1207	1404
1207	1407
1207	1465
1207	1498
1208	10
1208	16
1208	126
1208	160
1208	412
1208	596
1208	858
1208	872
1208	879
1208	978
1208	1072
1208	1144
1208	1157
1208	1225
1208	1242
1208	1289
1208	1307
1208	1343
1208	1365
1208	1370
1208	1372
1208	1374
1208	1394
1208	1395
1208	1406
1208	1421
1208	1426
1208	1427
1208	1434
1208	1440
1208	1455
1208	1458
1208	1479
1209	95
1209	133
1209	154
1209	157
1209	418
1209	431
1209	492
1209	514
1209	518
1209	523
1209	526
1209	548
1209	695
1209	732
1209	776
1209	831
1209	835
1209	883
1209	940
1209	1082
1209	1129
1209	1162
1209	1229
1209	1255
1209	1261
1209	1277
1209	1298
1209	1328
1209	1423
1209	1426
1209	1468
1209	1494
1209	1499
1210	179
1210	227
1210	353
1210	419
1210	425
1210	503
1210	613
1210	664
1210	686
1210	790
1210	900
1210	941
1210	974
1210	1091
1210	1093
1210	1122
1210	1178
1210	1223
1210	1230
1210	1246
1210	1266
1210	1279
1210	1300
1210	1323
1210	1329
1210	1347
1210	1354
1210	1383
1210	1461
1210	1469
1210	1486
1210	1495
1210	1498
1211	218
1211	390
1211	393
1211	538
1211	587
1211	613
1211	657
1211	676
1211	821
1211	874
1211	928
1211	980
1211	982
1211	1062
1211	1080
1211	1104
1211	1127
1211	1137
1211	1169
1211	1189
1211	1220
1211	1268
1211	1278
1211	1297
1211	1355
1211	1357
1211	1409
1211	1411
1211	1430
1211	1431
1211	1449
1211	1452
1211	1455
1211	1499
1212	322
1212	487
1212	569
1212	603
1212	688
1212	765
1212	881
1212	899
1212	912
1212	1063
1212	1086
1212	1174
1212	1195
1212	1217
1212	1276
1212	1296
1212	1313
1212	1334
1212	1338
1212	1344
1212	1356
1212	1357
1212	1361
1212	1364
1212	1367
1212	1385
1212	1386
1212	1423
1212	1437
1212	1456
1212	1457
1212	1475
1212	1494
1212	1497
1213	156
1213	186
1213	208
1213	500
1213	571
1213	589
1213	620
1213	645
1213	742
1213	840
1213	946
1213	1006
1213	1013
1213	1018
1213	1070
1213	1095
1213	1102
1213	1117
1213	1143
1213	1156
1213	1170
1213	1214
1213	1246
1213	1319
1213	1344
1213	1350
1213	1358
1213	1368
1213	1388
1213	1396
1213	1401
1213	1417
1213	1419
1213	1454
1214	104
1214	130
1214	216
1214	279
1214	459
1214	586
1214	681
1214	692
1214	742
1214	840
1214	891
1214	977
1214	1013
1214	1018
1214	1032
1214	1058
1214	1070
1214	1095
1214	1102
1214	1117
1214	1119
1214	1143
1214	1213
1214	1221
1214	1237
1214	1241
1214	1350
1214	1355
1214	1368
1214	1388
1214	1396
1214	1405
1214	1419
1214	1446
1215	15
1215	108
1215	111
1215	121
1215	171
1215	190
1215	199
1215	494
1215	661
1215	730
1215	905
1215	909
1215	950
1215	1007
1215	1016
1215	1150
1215	1201
1215	1242
1215	1281
1215	1304
1215	1310
1215	1332
1215	1351
1215	1392
1215	1397
1215	1410
1215	1413
1215	1430
1215	1432
1215	1465
1215	1480
1215	1487
1215	1488
1215	1496
1216	23
1216	74
1216	143
1216	211
1216	277
1216	288
1216	319
1216	477
1216	511
1216	515
1216	553
1216	568
1216	614
1216	650
1216	748
1216	749
1216	803
1216	959
1216	962
1216	1003
1216	1022
1216	1027
1216	1081
1216	1189
1216	1198
1216	1261
1216	1291
1216	1303
1216	1318
1216	1322
1216	1329
1216	1339
1216	1352
1216	1381
1217	2
1217	182
1217	471
1217	520
1217	540
1217	673
1217	809
1217	924
1217	1063
1217	1126
1217	1174
1217	1175
1217	1212
1217	1273
1217	1276
1217	1278
1217	1296
1217	1334
1217	1336
1217	1338
1217	1356
1217	1357
1217	1364
1217	1367
1217	1385
1217	1435
1217	1437
1217	1447
1217	1456
1217	1457
1217	1469
1217	1475
1217	1494
1217	1497
1218	79
1218	267
1218	353
1218	457
1218	618
1218	817
1218	822
1218	926
1218	934
1218	954
1218	958
1218	1008
1218	1016
1218	1031
1218	1048
1218	1111
1218	1155
1218	1240
1218	1263
1218	1287
1218	1289
1218	1314
1218	1333
1218	1340
1218	1342
1218	1354
1218	1392
1218	1395
1218	1438
1218	1466
1218	1470
1218	1476
1218	1478
1218	1493
1219	3
1219	54
1219	412
1219	449
1219	594
1219	628
1219	767
1219	796
1219	903
1219	974
1219	993
1219	1142
1219	1222
1219	1223
1219	1281
1219	1283
1219	1304
1219	1309
1219	1325
1219	1332
1219	1336
1219	1351
1219	1359
1219	1392
1219	1397
1219	1401
1219	1410
1219	1412
1219	1425
1219	1430
1219	1432
1219	1462
1219	1465
1219	1496
1220	347
1220	386
1220	389
1220	390
1220	400
1220	505
1220	538
1220	544
1220	569
1220	680
1220	1060
1220	1063
1220	1104
1220	1109
1220	1127
1220	1137
1220	1159
1220	1169
1220	1189
1220	1211
1220	1230
1220	1268
1220	1278
1220	1355
1220	1375
1220	1403
1220	1409
1220	1411
1220	1420
1220	1431
1220	1449
1220	1452
1220	1494
1220	1499
1221	237
1221	272
1221	360
1221	369
1221	474
1221	475
1221	525
1221	715
1221	816
1221	869
1221	947
1221	962
1221	1056
1221	1075
1221	1077
1221	1097
1221	1116
1221	1135
1221	1168
1221	1214
1221	1235
1221	1251
1221	1256
1221	1313
1221	1315
1221	1399
1221	1403
1221	1435
1221	1441
1221	1443
1221	1454
1221	1460
1221	1480
1221	1500
1222	242
1222	258
1222	379
1222	412
1222	824
1222	905
1222	950
1222	1063
1222	1116
1222	1142
1222	1150
1222	1186
1222	1219
1222	1251
1222	1253
1222	1281
1222	1283
1222	1332
1222	1348
1222	1352
1222	1373
1222	1392
1222	1397
1222	1398
1222	1410
1222	1412
1222	1418
1222	1425
1222	1430
1222	1432
1222	1452
1222	1465
1222	1473
1222	1496
1223	61
1223	149
1223	428
1223	462
1223	506
1223	615
1223	754
1223	826
1223	850
1223	924
1223	929
1223	1029
1223	1062
1223	1091
1223	1113
1223	1122
1223	1128
1223	1164
1223	1206
1223	1210
1223	1219
1223	1230
1223	1233
1223	1246
1223	1262
1223	1266
1223	1323
1223	1344
1223	1347
1223	1383
1223	1469
1223	1486
1223	1488
1223	1495
1223	1498
1224	304
1224	346
1224	401
1224	449
1224	674
1224	706
1224	830
1224	865
1224	968
1224	1004
1224	1051
1224	1059
1224	1066
1224	1076
1224	1146
1224	1154
1224	1202
1224	1242
1224	1253
1224	1255
1224	1258
1224	1280
1224	1302
1224	1321
1224	1369
1224	1370
1224	1400
1224	1414
1224	1420
1224	1424
1224	1433
1224	1447
1224	1450
1224	1465
1224	1488
1225	69
1225	91
1225	126
1225	162
1225	211
1225	349
1225	356
1225	368
1225	421
1225	509
1225	705
1225	727
1225	768
1225	871
1225	872
1225	887
1225	969
1225	978
1225	981
1225	988
1225	1072
1225	1144
1225	1208
1225	1270
1225	1365
1225	1372
1225	1394
1225	1395
1225	1406
1225	1415
1225	1426
1225	1440
1225	1455
1225	1458
1225	1479
1226	20
1226	108
1226	121
1226	229
1226	242
1226	273
1226	360
1226	364
1226	391
1226	412
1226	450
1226	618
1226	762
1226	816
1226	905
1226	1007
1226	1015
1226	1131
1226	1156
1226	1182
1226	1281
1226	1283
1226	1301
1226	1386
1226	1392
1226	1397
1226	1398
1226	1401
1226	1410
1226	1413
1226	1418
1226	1430
1226	1432
1226	1465
1226	1496
1227	19
1227	46
1227	51
1227	106
1227	163
1227	235
1227	455
1227	470
1227	530
1227	551
1227	582
1227	635
1227	690
1227	720
1227	845
1227	873
1227	915
1227	918
1227	1040
1227	1046
1227	1079
1227	1106
1227	1115
1227	1148
1227	1171
1227	1180
1227	1197
1227	1235
1227	1260
1227	1316
1227	1337
1227	1353
1227	1380
1227	1478
1227	1484
1228	100
1228	103
1228	133
1228	178
1228	345
1228	366
1228	435
1228	488
1228	519
1228	549
1228	590
1228	605
1228	621
1228	670
1228	771
1228	788
1228	819
1228	853
1228	883
1228	892
1228	901
1228	907
1228	916
1228	1020
1228	1029
1228	1035
1228	1145
1228	1178
1228	1186
1228	1252
1228	1290
1228	1291
1228	1339
1228	1417
1228	1443
1229	17
1229	43
1229	75
1229	133
1229	151
1229	157
1229	182
1229	308
1229	324
1229	338
1229	431
1229	518
1229	600
1229	681
1229	695
1229	732
1229	776
1229	831
1229	940
1229	1052
1229	1082
1229	1129
1229	1150
1229	1162
1229	1209
1229	1247
1229	1261
1229	1275
1229	1277
1229	1298
1229	1303
1229	1328
1229	1354
1229	1420
1229	1447
1230	4
1230	136
1230	336
1230	698
1230	711
1230	751
1230	838
1230	896
1230	929
1230	974
1230	1020
1230	1021
1230	1062
1230	1089
1230	1091
1230	1093
1230	1210
1230	1220
1230	1223
1230	1246
1230	1252
1230	1262
1230	1264
1230	1266
1230	1300
1230	1323
1230	1344
1230	1347
1230	1411
1230	1432
1230	1469
1230	1478
1230	1486
1230	1495
1230	1498
1231	176
1231	207
1231	224
1231	253
1231	291
1231	320
1231	429
1231	501
1231	567
1231	591
1231	597
1231	682
1231	761
1231	777
1231	793
1231	870
1231	883
1231	961
1231	1000
1231	1055
1231	1073
1231	1120
1231	1124
1231	1133
1231	1205
1231	1207
1231	1257
1231	1315
1231	1362
1231	1365
1231	1384
1231	1393
1231	1404
1231	1405
1231	1407
1231	1495
1232	28
1232	55
1232	112
1232	335
1232	508
1232	643
1232	668
1232	709
1232	719
1232	720
1232	731
1232	737
1232	757
1232	768
1232	862
1232	877
1232	887
1232	934
1232	942
1232	943
1232	977
1232	1037
1232	1153
1232	1160
1232	1168
1232	1246
1232	1248
1232	1279
1232	1310
1232	1329
1232	1342
1232	1374
1232	1428
1232	1439
1232	1451
1232	1466
1233	78
1233	134
1233	210
1233	246
1233	280
1233	289
1233	320
1233	392
1233	555
1233	580
1233	677
1233	705
1233	750
1233	807
1233	826
1233	860
1233	879
1233	925
1233	965
1233	967
1233	1047
1233	1130
1233	1140
1233	1141
1233	1167
1233	1223
1233	1272
1233	1285
1233	1294
1233	1319
1233	1324
1233	1358
1233	1441
1233	1444
1233	1455
1233	1490
1234	37
1234	111
1234	120
1234	122
1234	197
1234	255
1234	284
1234	397
1234	403
1234	448
1234	494
1234	513
1234	539
1234	578
1234	610
1234	615
1234	649
1234	657
1234	669
1234	745
1234	846
1234	849
1234	946
1234	949
1234	1038
1234	1143
1234	1146
1234	1152
1234	1187
1234	1190
1234	1239
1234	1271
1234	1284
1234	1353
1234	1390
1234	1477
1235	27
1235	125
1235	164
1235	170
1235	375
1235	444
1235	474
1235	525
1235	653
1235	691
1235	715
1235	720
1235	751
1235	888
1235	1075
1235	1094
1235	1097
1235	1116
1235	1135
1235	1161
1235	1168
1235	1184
1235	1221
1235	1227
1235	1251
1235	1269
1235	1302
1235	1382
1235	1407
1235	1434
1235	1441
1235	1443
1235	1460
1235	1477
1235	1492
1235	1500
1236	65
1236	317
1236	324
1236	341
1236	433
1236	516
1236	543
1236	656
1236	751
1236	778
1236	830
1236	859
1236	905
1236	958
1236	980
1236	981
1236	1016
1236	1048
1236	1058
1236	1088
1236	1155
1236	1240
1236	1257
1236	1263
1236	1289
1236	1314
1236	1333
1236	1339
1236	1340
1236	1349
1236	1438
1236	1459
1236	1466
1236	1470
1236	1476
1236	1493
1237	99
1237	138
1237	313
1237	344
1237	384
1237	460
1237	480
1237	541
1237	625
1237	647
1237	652
1237	731
1237	743
1237	755
1237	758
1237	778
1237	781
1237	828
1237	859
1237	932
1237	961
1237	973
1237	999
1237	1008
1237	1012
1237	1028
1237	1079
1237	1206
1237	1214
1237	1288
1237	1293
1237	1306
1237	1319
1237	1331
1237	1406
1237	1425
1238	52
1238	72
1238	110
1238	189
1238	237
1238	310
1238	330
1238	343
1238	430
1238	452
1238	537
1238	643
1238	683
1238	700
1238	714
1238	767
1238	797
1238	875
1238	983
1238	1039
1238	1084
1238	1126
1238	1151
1238	1156
1238	1164
1238	1249
1238	1265
1238	1280
1238	1294
1238	1324
1238	1362
1238	1363
1238	1365
1238	1375
1238	1433
1238	1448
1239	133
1239	172
1239	176
1239	224
1239	239
1239	259
1239	270
1239	320
1239	399
1239	449
1239	563
1239	597
1239	682
1239	699
1239	761
1239	777
1239	793
1239	870
1239	883
1239	977
1239	1000
1239	1073
1239	1121
1239	1124
1239	1133
1239	1205
1239	1207
1239	1234
1239	1257
1239	1283
1239	1351
1239	1382
1239	1384
1239	1404
1239	1407
1239	1486
1240	322
1240	407
1240	631
1240	703
1240	787
1240	814
1240	830
1240	841
1240	859
1240	926
1240	954
1240	958
1240	1031
1240	1099
1240	1111
1240	1149
1240	1155
1240	1218
1240	1236
1240	1263
1240	1287
1240	1289
1240	1297
1240	1314
1240	1340
1240	1349
1240	1354
1240	1380
1240	1420
1240	1438
1240	1455
1240	1459
1240	1470
1240	1476
1240	1479
1240	1493
1241	110
1241	203
1241	245
1241	596
1241	758
1241	770
1241	843
1241	900
1241	913
1241	1019
1241	1054
1241	1080
1241	1100
1241	1114
1241	1118
1241	1132
1241	1163
1241	1173
1241	1176
1241	1195
1241	1201
1241	1214
1241	1274
1241	1282
1241	1292
1241	1306
1241	1308
1241	1379
1241	1403
1241	1423
1241	1442
1241	1446
1241	1477
1241	1481
1241	1482
1241	1490
1242	75
1242	292
1242	298
1242	329
1242	507
1242	559
1242	599
1242	704
1242	859
1242	887
1242	978
1242	981
1242	1042
1242	1072
1242	1144
1242	1208
1242	1215
1242	1224
1242	1266
1242	1270
1242	1317
1242	1365
1242	1372
1242	1394
1242	1395
1242	1401
1242	1406
1242	1418
1242	1426
1242	1427
1242	1438
1242	1440
1242	1455
1242	1458
1242	1479
1242	1482
1243	49
1243	61
1243	100
1243	117
1243	178
1243	327
1243	397
1243	435
1243	438
1243	454
1243	549
1243	579
1243	605
1243	621
1243	687
1243	797
1243	819
1243	851
1243	853
1243	907
1243	916
1243	938
1243	953
1243	1035
1243	1085
1243	1253
1243	1290
1243	1291
1243	1303
1243	1328
1243	1339
1243	1372
1243	1406
1243	1417
1243	1454
1243	1489
1244	7
1244	21
1244	64
1244	70
1244	71
1244	99
1244	125
1244	128
1244	215
1244	216
1244	257
1244	431
1244	469
1244	482
1244	517
1244	575
1244	641
1244	664
1244	675
1244	747
1244	760
1244	906
1244	908
1244	945
1244	990
1244	1015
1244	1042
1244	1067
1244	1299
1244	1330
1244	1376
1244	1406
1244	1422
1244	1430
1244	1432
1244	1491
1245	37
1245	72
1245	120
1245	197
1245	255
1245	284
1245	403
1245	405
1245	406
1245	423
1245	513
1245	539
1245	554
1245	578
1245	610
1245	611
1245	649
1245	657
1245	745
1245	779
1245	801
1245	846
1245	910
1245	935
1245	947
1245	949
1245	957
1245	1038
1245	1187
1245	1190
1245	1271
1245	1353
1245	1390
1245	1395
1245	1437
1245	1500
1246	77
1246	93
1246	346
1246	419
1246	428
1246	506
1246	627
1246	804
1246	805
1246	854
1246	898
1246	928
1246	929
1246	941
1246	1089
1246	1093
1246	1122
1246	1190
1246	1210
1246	1213
1246	1223
1246	1230
1246	1232
1246	1262
1246	1264
1246	1300
1246	1323
1246	1344
1246	1347
1246	1374
1246	1425
1246	1462
1246	1469
1246	1486
1246	1495
1246	1498
1247	24
1247	36
1247	251
1247	367
1247	427
1247	430
1247	631
1247	634
1247	663
1247	669
1247	720
1247	733
1247	815
1247	850
1247	1011
1247	1071
1247	1077
1247	1081
1247	1085
1247	1118
1247	1136
1247	1158
1247	1163
1247	1165
1247	1180
1247	1181
1247	1229
1247	1274
1247	1434
1247	1468
1247	1474
1247	1480
1247	1482
1247	1484
1247	1488
1247	1492
1248	25
1248	135
1248	184
1248	212
1248	304
1248	389
1248	434
1248	468
1248	555
1248	575
1248	701
1248	707
1248	757
1248	802
1248	834
1248	877
1248	947
1248	953
1248	1050
1248	1109
1248	1124
1248	1138
1248	1160
1248	1232
1248	1256
1248	1259
1248	1267
1248	1279
1248	1329
1248	1342
1248	1428
1248	1439
1248	1451
1248	1454
1248	1458
1248	1466
1249	52
1249	86
1249	107
1249	153
1249	223
1249	241
1249	310
1249	378
1249	430
1249	437
1249	537
1249	643
1249	683
1249	700
1249	714
1249	785
1249	819
1249	917
1249	957
1249	1036
1249	1071
1249	1084
1249	1126
1249	1151
1249	1156
1249	1159
1249	1164
1249	1205
1249	1238
1249	1265
1249	1280
1249	1294
1249	1347
1249	1362
1249	1363
1249	1375
1249	1494
1250	1
1250	40
1250	77
1250	113
1250	226
1250	311
1250	386
1250	408
1250	458
1250	556
1250	616
1250	627
1250	629
1250	655
1250	694
1250	792
1250	818
1250	866
1250	869
1250	880
1250	882
1250	920
1250	948
1250	1001
1250	1129
1250	1139
1250	1191
1250	1204
1250	1290
1250	1343
1250	1361
1250	1368
1250	1374
1250	1387
1250	1412
1250	1462
1250	1496
1251	45
1251	125
1251	164
1251	293
1251	444
1251	485
1251	500
1251	510
1251	520
1251	697
1251	772
1251	888
1251	901
1251	913
1251	930
1251	985
1251	1055
1251	1056
1251	1097
1251	1116
1251	1157
1251	1168
1251	1196
1251	1221
1251	1222
1251	1235
1251	1269
1251	1348
1251	1364
1251	1375
1251	1382
1251	1403
1251	1441
1251	1443
1251	1454
1251	1460
1251	1500
1252	34
1252	49
1252	73
1252	117
1252	266
1252	325
1252	376
1252	590
1252	605
1252	613
1252	621
1252	654
1252	687
1252	771
1252	797
1252	819
1252	826
1252	851
1252	853
1252	892
1252	907
1252	916
1252	938
1252	981
1252	1020
1252	1035
1252	1092
1252	1163
1252	1228
1252	1230
1252	1285
1252	1290
1252	1291
1252	1339
1252	1411
1252	1417
1252	1485
1253	106
1253	188
1253	674
1253	724
1253	728
1253	773
1253	863
1253	904
1253	915
1253	948
1253	968
1253	1004
1253	1051
1253	1066
1253	1120
1253	1202
1253	1222
1253	1224
1253	1243
1253	1255
1253	1258
1253	1302
1253	1315
1253	1321
1253	1367
1253	1369
1253	1370
1253	1371
1253	1399
1253	1400
1253	1420
1253	1424
1253	1433
1253	1447
1253	1450
1253	1461
1253	1463
1254	12
1254	113
1254	364
1254	402
1254	410
1254	417
1254	464
1254	504
1254	580
1254	666
1254	672
1254	733
1254	757
1254	848
1254	860
1254	894
1254	1041
1254	1056
1254	1078
1254	1096
1254	1152
1254	1183
1254	1191
1254	1273
1254	1289
1254	1297
1254	1305
1254	1321
1254	1366
1254	1377
1254	1380
1254	1401
1254	1414
1254	1445
1254	1471
1254	1472
1254	1473
1255	108
1255	150
1255	278
1255	304
1255	524
1255	571
1255	582
1255	639
1255	674
1255	706
1255	724
1255	893
1255	933
1255	1036
1255	1051
1255	1107
1255	1120
1255	1146
1255	1202
1255	1209
1255	1224
1255	1253
1255	1258
1255	1260
1255	1280
1255	1302
1255	1321
1255	1369
1255	1370
1255	1400
1255	1420
1255	1424
1255	1433
1255	1447
1255	1450
1255	1476
1255	1495
1256	58
1256	164
1256	346
1256	375
1256	450
1256	474
1256	482
1256	484
1256	508
1256	653
1256	715
1256	732
1256	795
1256	817
1256	901
1256	962
1256	998
1256	1075
1256	1094
1256	1116
1256	1124
1256	1135
1256	1148
1256	1168
1256	1184
1256	1196
1256	1221
1256	1248
1256	1269
1256	1277
1256	1315
1256	1387
1256	1403
1256	1441
1256	1454
1256	1471
1256	1500
1257	49
1257	103
1257	172
1257	204
1257	228
1257	246
1257	300
1257	320
1257	429
1257	472
1257	536
1257	563
1257	567
1257	745
1257	748
1257	774
1257	793
1257	870
1257	883
1257	963
1257	1027
1257	1061
1257	1067
1257	1073
1257	1121
1257	1124
1257	1133
1257	1205
1257	1207
1257	1231
1257	1236
1257	1239
1257	1312
1257	1384
1257	1386
1257	1404
1257	1407
1258	59
1258	74
1258	297
1258	340
1258	424
1258	534
1258	570
1258	752
1258	773
1258	824
1258	968
1258	1004
1258	1051
1258	1059
1258	1120
1258	1146
1258	1181
1258	1202
1258	1224
1258	1253
1258	1255
1258	1302
1258	1316
1258	1321
1258	1345
1258	1346
1258	1367
1258	1369
1258	1370
1258	1381
1258	1386
1258	1400
1258	1420
1258	1424
1258	1433
1258	1447
1258	1450
1259	102
1259	183
1259	244
1259	387
1259	395
1259	478
1259	571
1259	585
1259	640
1259	718
1259	762
1259	766
1259	814
1259	829
1259	858
1259	991
1259	1043
1259	1045
1259	1055
1259	1069
1259	1097
1259	1177
1259	1188
1259	1194
1259	1248
1259	1271
1259	1301
1259	1309
1259	1327
1259	1337
1259	1341
1259	1366
1259	1373
1259	1399
1259	1453
1259	1462
1259	1478
1260	31
1260	46
1260	94
1260	185
1260	192
1260	198
1260	235
1260	372
1260	440
1260	455
1260	470
1260	530
1260	547
1260	580
1260	582
1260	635
1260	690
1260	785
1260	796
1260	845
1260	918
1260	937
1260	1040
1260	1046
1260	1079
1260	1106
1260	1115
1260	1171
1260	1178
1260	1180
1260	1197
1260	1227
1260	1255
1260	1316
1260	1322
1260	1446
1260	1449
1261	17
1261	133
1261	154
1261	196
1261	308
1261	338
1261	434
1261	492
1261	514
1261	518
1261	526
1261	681
1261	695
1261	732
1261	756
1261	831
1261	835
1261	838
1261	840
1261	940
1261	994
1261	996
1261	1052
1261	1082
1261	1129
1261	1162
1261	1188
1261	1209
1261	1216
1261	1229
1261	1277
1261	1288
1261	1298
1261	1301
1261	1328
1261	1417
1261	1424
1261	1439
1262	33
1262	66
1262	187
1262	428
1262	506
1262	531
1262	572
1262	615
1262	682
1262	747
1262	761
1262	898
1262	923
1262	941
1262	974
1262	979
1262	1046
1262	1089
1262	1093
1262	1103
1262	1128
1262	1223
1262	1230
1262	1246
1262	1263
1262	1264
1262	1266
1262	1300
1262	1347
1262	1355
1262	1383
1262	1421
1262	1448
1262	1469
1262	1476
1262	1486
1262	1495
1262	1498
1263	324
1263	418
1263	554
1263	577
1263	606
1263	677
1263	688
1263	751
1263	764
1263	802
1263	812
1263	814
1263	830
1263	902
1263	954
1263	958
1263	1029
1263	1031
1263	1076
1263	1155
1263	1218
1263	1236
1263	1240
1263	1262
1263	1270
1263	1287
1263	1289
1263	1314
1263	1333
1263	1340
1263	1349
1263	1354
1263	1375
1263	1438
1263	1459
1263	1470
1263	1476
1263	1493
1264	161
1264	336
1264	422
1264	503
1264	541
1264	572
1264	615
1264	686
1264	693
1264	805
1264	838
1264	923
1264	999
1264	1062
1264	1082
1264	1091
1264	1093
1264	1101
1264	1115
1264	1122
1264	1137
1264	1180
1264	1230
1264	1246
1264	1262
1264	1266
1264	1288
1264	1300
1264	1323
1264	1344
1264	1383
1264	1385
1264	1417
1264	1460
1264	1469
1264	1486
1264	1495
1264	1498
1265	86
1265	88
1265	107
1265	170
1265	171
1265	237
1265	238
1265	430
1265	437
1265	452
1265	539
1265	643
1265	683
1265	700
1265	756
1265	767
1265	785
1265	795
1265	897
1265	912
1265	917
1265	983
1265	1002
1265	1031
1265	1084
1265	1126
1265	1151
1265	1156
1265	1164
1265	1238
1265	1249
1265	1280
1265	1294
1265	1352
1265	1362
1265	1363
1265	1375
1265	1434
1266	33
1266	222
1266	365
1266	381
1266	503
1266	531
1266	565
1266	623
1266	754
1266	771
1266	928
1266	929
1266	941
1266	1042
1266	1062
1266	1089
1266	1091
1266	1093
1266	1098
1266	1109
1266	1128
1266	1206
1266	1210
1266	1223
1266	1230
1266	1242
1266	1262
1266	1264
1266	1300
1266	1323
1266	1344
1266	1347
1266	1371
1266	1444
1266	1469
1266	1486
1266	1495
1266	1498
1267	9
1267	361
1267	409
1267	468
1267	545
1267	555
1267	620
1267	668
1267	691
1267	709
1267	744
1267	757
1267	765
1267	795
1267	802
1267	847
1267	879
1267	886
1267	929
1267	934
1267	943
1267	956
1267	1030
1267	1060
1267	1105
1267	1136
1267	1140
1267	1153
1267	1248
1267	1279
1267	1310
1267	1315
1267	1329
1267	1342
1267	1428
1267	1439
1267	1451
1267	1464
1268	47
1268	231
1268	256
1268	257
1268	331
1268	348
1268	434
1268	441
1268	448
1268	505
1268	538
1268	546
1268	874
1268	890
1268	895
1268	960
1268	980
1268	1018
1268	1044
1268	1059
1268	1060
1268	1137
1268	1154
1268	1159
1268	1169
1268	1202
1268	1211
1268	1220
1268	1297
1268	1344
1268	1379
1268	1388
1268	1409
1268	1431
1268	1441
1268	1449
1268	1452
1268	1491
1269	86
1269	355
1269	472
1269	532
1269	653
1269	679
1269	726
1269	817
1269	888
1269	901
1269	930
1269	947
1269	962
1269	983
1269	998
1269	1042
1269	1056
1269	1094
1269	1114
1269	1135
1269	1151
1269	1160
1269	1161
1269	1168
1269	1235
1269	1251
1269	1256
1269	1315
1269	1329
1269	1367
1269	1382
1269	1403
1269	1441
1269	1443
1269	1454
1269	1460
1269	1473
1269	1476
1270	124
1270	141
1270	281
1270	316
1270	329
1270	362
1270	558
1270	607
1270	642
1270	689
1270	727
1270	834
1270	871
1270	903
1270	978
1270	1072
1270	1076
1270	1225
1270	1242
1270	1263
1270	1307
1270	1335
1270	1343
1270	1365
1270	1372
1270	1394
1270	1395
1270	1406
1270	1426
1270	1427
1270	1440
1270	1450
1270	1455
1270	1456
1270	1458
1270	1462
1270	1465
1270	1479
1271	37
1271	80
1271	118
1271	122
1271	146
1271	197
1271	210
1271	255
1271	266
1271	284
1271	403
1271	431
1271	513
1271	539
1271	554
1271	578
1271	637
1271	649
1271	657
1271	745
1271	801
1271	846
1271	849
1271	949
1271	986
1271	1038
1271	1055
1271	1187
1271	1190
1271	1234
1271	1245
1271	1259
1271	1353
1271	1367
1271	1390
1271	1437
1271	1445
1271	1479
1272	81
1272	180
1272	209
1272	219
1272	269
1272	280
1272	289
1272	337
1272	366
1272	371
1272	374
1272	391
1272	392
1272	451
1272	498
1272	523
1272	638
1272	677
1272	769
1272	773
1272	860
1272	911
1272	967
1272	984
1272	1047
1272	1053
1272	1130
1272	1141
1272	1167
1272	1199
1272	1233
1272	1275
1272	1324
1272	1412
1272	1413
1272	1444
1272	1489
1272	1490
1273	8
1273	302
1273	339
1273	359
1273	400
1273	414
1273	417
1273	512
1273	550
1273	593
1273	624
1273	733
1273	770
1273	786
1273	802
1273	925
1273	955
1273	1040
1273	1041
1273	1086
1273	1113
1273	1121
1273	1157
1273	1183
1273	1217
1273	1254
1273	1305
1273	1343
1273	1366
1273	1380
1273	1393
1273	1404
1273	1414
1273	1445
1273	1470
1273	1471
1273	1472
1273	1473
1274	24
1274	26
1274	342
1274	409
1274	472
1274	475
1274	583
1274	693
1274	758
1274	767
1274	809
1274	831
1274	843
1274	871
1274	913
1274	957
1274	976
1274	997
1274	1019
1274	1099
1274	1100
1274	1114
1274	1115
1274	1132
1274	1176
1274	1184
1274	1201
1274	1241
1274	1247
1274	1282
1274	1346
1274	1379
1274	1423
1274	1442
1274	1446
1274	1461
1274	1477
1274	1481
1274	1482
1275	68
1275	134
1275	180
1275	198
1275	246
1275	254
1275	453
1275	497
1275	646
1275	649
1275	675
1275	677
1275	713
1275	742
1275	750
1275	794
1275	801
1275	804
1275	807
1275	830
1275	833
1275	911
1275	984
1275	1045
1275	1047
1275	1141
1275	1167
1275	1199
1275	1203
1275	1229
1275	1272
1275	1287
1275	1319
1275	1324
1275	1383
1275	1444
1275	1479
1275	1490
1275	1499
1276	138
1276	183
1276	373
1276	523
1276	566
1276	589
1276	687
1276	698
1276	719
1276	766
1276	775
1276	837
1276	912
1276	924
1276	936
1276	1022
1276	1063
1276	1064
1276	1106
1276	1188
1276	1212
1276	1217
1276	1280
1276	1296
1276	1334
1276	1336
1276	1338
1276	1356
1276	1357
1276	1364
1276	1385
1276	1386
1276	1401
1276	1437
1276	1456
1276	1457
1276	1475
1276	1494
1276	1497
1277	43
1277	53
1277	135
1277	154
1277	157
1277	182
1277	196
1277	308
1277	431
1277	492
1277	514
1277	518
1277	526
1277	548
1277	626
1277	681
1277	732
1277	756
1277	835
1277	911
1277	940
1277	992
1277	1031
1277	1052
1277	1070
1277	1129
1277	1162
1277	1165
1277	1209
1277	1229
1277	1256
1277	1261
1277	1298
1277	1305
1277	1328
1277	1351
1277	1383
1277	1439
1277	1448
1278	65
1278	85
1278	142
1278	255
1278	301
1278	312
1278	348
1278	504
1278	538
1278	546
1278	547
1278	569
1278	618
1278	664
1278	678
1278	884
1278	895
1278	906
1278	1036
1278	1044
1278	1104
1278	1127
1278	1159
1278	1169
1278	1189
1278	1211
1278	1217
1278	1220
1278	1355
1278	1360
1278	1400
1278	1409
1278	1411
1278	1431
1278	1434
1278	1449
1278	1452
1278	1491
1278	1499
1279	55
1279	222
1279	466
1279	574
1279	595
1279	667
1279	668
1279	726
1279	737
1279	744
1279	759
1279	760
1279	763
1279	822
1279	862
1279	866
1279	910
1279	942
1279	956
1279	975
1279	1004
1279	1050
1279	1138
1279	1153
1279	1210
1279	1232
1279	1248
1279	1267
1279	1310
1279	1313
1279	1342
1279	1346
1279	1428
1279	1439
1279	1451
1279	1466
1279	1476
1279	1483
1279	1487
1280	30
1280	72
1280	78
1280	107
1280	153
1280	170
1280	171
1280	310
1280	437
1280	462
1280	643
1280	683
1280	700
1280	703
1280	714
1280	767
1280	785
1280	983
1280	1084
1280	1126
1280	1151
1280	1156
1280	1164
1280	1193
1280	1224
1280	1238
1280	1249
1280	1255
1280	1265
1280	1276
1280	1294
1280	1300
1280	1325
1280	1362
1280	1363
1280	1375
1280	1389
1280	1396
1280	1479
1281	273
1281	357
1281	447
1281	594
1281	753
1281	905
1281	909
1281	911
1281	991
1281	993
1281	1025
1281	1049
1281	1150
1281	1215
1281	1219
1281	1222
1281	1226
1281	1283
1281	1304
1281	1332
1281	1356
1281	1364
1281	1387
1281	1392
1281	1398
1281	1401
1281	1410
1281	1412
1281	1413
1281	1418
1281	1423
1281	1425
1281	1430
1281	1432
1281	1453
1281	1465
1281	1478
1281	1496
1281	1500
1282	63
1282	234
1282	409
1282	560
1282	563
1282	573
1282	596
1282	663
1282	723
1282	768
1282	780
1282	851
1282	903
1282	957
1282	976
1282	997
1282	1080
1282	1088
1282	1089
1282	1097
1282	1099
1282	1100
1282	1123
1282	1132
1282	1173
1282	1176
1282	1199
1282	1201
1282	1241
1282	1274
1282	1287
1282	1379
1282	1410
1282	1423
1282	1441
1282	1461
1282	1477
1282	1481
1282	1482
1283	193
1283	356
1283	504
1283	506
1283	546
1283	717
1283	721
1283	722
1283	730
1283	909
1283	978
1283	1068
1283	1131
1283	1142
1283	1150
1283	1171
1283	1183
1283	1219
1283	1222
1283	1226
1283	1239
1283	1281
1283	1304
1283	1312
1283	1332
1283	1348
1283	1392
1283	1397
1283	1398
1283	1401
1283	1410
1283	1412
1283	1418
1283	1420
1283	1425
1283	1430
1283	1459
1283	1465
1283	1496
1284	39
1284	42
1284	45
1284	59
1284	156
1284	243
1284	262
1284	266
1284	292
1284	358
1284	363
1284	456
1284	527
1284	588
1284	602
1284	626
1284	660
1284	678
1284	721
1284	739
1284	889
1284	950
1284	966
1284	992
1284	1032
1284	1055
1284	1057
1284	1078
1284	1098
1284	1110
1284	1206
1284	1234
1284	1297
1284	1313
1284	1320
1284	1326
1284	1434
1284	1442
1284	1488
1285	19
1285	68
1285	105
1285	180
1285	206
1285	209
1285	254
1285	499
1285	638
1285	677
1285	713
1285	794
1285	807
1285	813
1285	854
1285	898
1285	911
1285	925
1285	965
1285	984
1285	1033
1285	1047
1285	1086
1285	1130
1285	1140
1285	1141
1285	1167
1285	1185
1285	1199
1285	1203
1285	1233
1285	1252
1285	1319
1285	1324
1285	1341
1285	1355
1285	1440
1285	1489
1285	1494
1286	24
1286	36
1286	124
1286	326
1286	648
1286	734
1286	823
1286	827
1286	861
1286	891
1286	894
1286	935
1286	957
1286	962
1286	996
1286	1009
1286	1010
1286	1011
1286	1026
1286	1030
1286	1076
1286	1083
1286	1085
1286	1156
1286	1158
1286	1175
1286	1195
1286	1204
1286	1290
1286	1303
1286	1412
1286	1426
1286	1434
1286	1464
1286	1484
1286	1485
1286	1487
1286	1488
1286	1489
1287	95
1287	354
1287	424
1287	467
1287	572
1287	606
1287	631
1287	674
1287	677
1287	812
1287	814
1287	859
1287	958
1287	1016
1287	1029
1287	1031
1287	1048
1287	1087
1287	1111
1287	1218
1287	1240
1287	1263
1287	1275
1287	1282
1287	1289
1287	1314
1287	1333
1287	1340
1287	1349
1287	1354
1287	1384
1287	1390
1287	1415
1287	1436
1287	1438
1287	1450
1287	1459
1287	1470
1287	1476
1287	1493
1288	99
1288	138
1288	145
1288	230
1288	321
1288	344
1288	384
1288	401
1288	480
1288	483
1288	541
1288	559
1288	625
1288	652
1288	731
1288	743
1288	756
1288	778
1288	781
1288	797
1288	810
1288	818
1288	828
1288	868
1288	932
1288	961
1288	973
1288	975
1288	999
1288	1013
1288	1028
1288	1201
1288	1237
1288	1261
1288	1264
1288	1293
1288	1306
1288	1331
1288	1360
1288	1480
1289	95
1289	171
1289	265
1289	305
1289	310
1289	341
1289	354
1289	457
1289	466
1289	467
1289	631
1289	716
1289	769
1289	812
1289	814
1289	830
1289	843
1289	934
1289	954
1289	958
1289	1111
1289	1208
1289	1218
1289	1236
1289	1240
1289	1254
1289	1263
1289	1287
1289	1314
1289	1340
1289	1349
1289	1354
1289	1398
1289	1426
1289	1438
1289	1447
1289	1470
1289	1476
1289	1488
1289	1493
1290	30
1290	49
1290	100
1290	103
1290	178
1290	208
1290	325
1290	334
1290	394
1290	454
1290	522
1290	549
1290	590
1290	654
1290	670
1290	687
1290	717
1290	771
1290	788
1290	792
1290	797
1290	819
1290	907
1290	916
1290	975
1290	1003
1290	1018
1290	1033
1290	1081
1290	1092
1290	1228
1290	1243
1290	1250
1290	1252
1290	1286
1290	1291
1290	1339
1290	1369
1290	1417
1290	1436
1291	61
1291	103
1291	325
1291	380
1291	454
1291	519
1291	549
1291	557
1291	579
1291	586
1291	590
1291	605
1291	670
1291	687
1291	771
1291	788
1291	819
1291	853
1291	864
1291	892
1291	907
1291	938
1291	1020
1291	1033
1291	1092
1291	1106
1291	1161
1291	1177
1291	1216
1291	1228
1291	1243
1291	1252
1291	1290
1291	1339
1291	1369
1291	1417
1291	1419
1291	1433
1291	1487
1291	1493
1292	89
1292	101
1292	129
1292	167
1292	240
1292	263
1292	285
1292	349
1292	374
1292	383
1292	466
1292	501
1292	508
1292	585
1292	593
1292	598
1292	658
1292	662
1292	783
1292	876
1292	921
1292	944
1292	986
1292	989
1292	1008
1292	1017
1292	1098
1292	1179
1292	1182
1292	1185
1292	1193
1292	1241
1292	1311
1292	1312
1292	1338
1292	1391
1292	1415
1292	1452
1292	1493
1292	1500
1293	66
1293	99
1293	138
1293	145
1293	230
1293	234
1293	313
1293	321
1293	344
1293	382
1293	384
1293	416
1293	480
1293	541
1293	625
1293	640
1293	652
1293	731
1293	778
1293	781
1293	868
1293	924
1293	932
1293	961
1293	975
1293	982
1293	999
1293	1008
1293	1012
1293	1028
1293	1034
1293	1060
1293	1095
1293	1237
1293	1288
1293	1306
1293	1331
1293	1439
1293	1473
1293	1476
1294	30
1294	52
1294	72
1294	86
1294	107
1294	189
1294	250
1294	430
1294	437
1294	452
1294	537
1294	616
1294	643
1294	683
1294	700
1294	738
1294	767
1294	785
1294	917
1294	962
1294	983
1294	1000
1294	1084
1294	1099
1294	1151
1294	1156
1294	1164
1294	1233
1294	1238
1294	1249
1294	1265
1294	1280
1294	1339
1294	1362
1294	1363
1294	1375
1294	1436
1294	1438
1294	1466
1294	1482
1295	174
1295	282
1295	297
1295	323
1295	350
1295	370
1295	381
1295	385
1295	460
1295	520
1295	530
1295	577
1295	612
1295	619
1295	633
1295	636
1295	661
1295	673
1295	746
1295	839
1295	841
1295	878
1295	922
1295	964
1295	1002
1295	1013
1295	1067
1295	1090
1295	1140
1295	1149
1295	1154
1295	1166
1295	1172
1295	1309
1295	1340
1295	1359
1295	1384
1295	1405
1295	1421
1295	1457
1296	261
1296	277
1296	292
1296	509
1296	523
1296	540
1296	560
1296	566
1296	673
1296	725
1296	729
1296	780
1296	881
1296	912
1296	924
1296	956
1296	979
1296	1102
1296	1149
1296	1174
1296	1212
1296	1217
1296	1276
1296	1315
1296	1334
1296	1336
1296	1338
1296	1344
1296	1356
1296	1357
1296	1364
1296	1367
1296	1386
1296	1415
1296	1426
1296	1437
1296	1456
1296	1457
1296	1475
1296	1494
1296	1497
1297	136
1297	211
1297	231
1297	274
1297	309
1297	312
1297	434
1297	461
1297	499
1297	544
1297	566
1297	604
1297	613
1297	821
1297	835
1297	874
1297	880
1297	884
1297	890
1297	980
1297	1044
1297	1060
1297	1104
1297	1105
1297	1127
1297	1169
1297	1189
1297	1211
1297	1240
1297	1254
1297	1268
1297	1284
1297	1355
1297	1409
1297	1411
1297	1449
1297	1452
1297	1469
1297	1485
1297	1491
1297	1499
1298	43
1298	114
1298	133
1298	135
1298	154
1298	157
1298	182
1298	196
1298	308
1298	332
1298	431
1298	492
1298	514
1298	518
1298	548
1298	602
1298	658
1298	681
1298	695
1298	732
1298	756
1298	776
1298	832
1298	835
1298	882
1298	907
1298	940
1298	962
1298	1052
1298	1082
1298	1129
1298	1153
1298	1162
1298	1209
1298	1229
1298	1261
1298	1277
1298	1328
1298	1340
1298	1384
1298	1473
1299	19
1299	21
1299	59
1299	64
1299	71
1299	116
1299	131
1299	192
1299	218
1299	232
1299	233
1299	249
1299	257
1299	321
1299	370
1299	482
1299	493
1299	517
1299	561
1299	664
1299	675
1299	747
1299	763
1299	800
1299	819
1299	885
1299	906
1299	945
1299	971
1299	990
1299	1015
1299	1017
1299	1046
1299	1067
1299	1171
1299	1244
1299	1306
1299	1330
1299	1376
1299	1407
1299	1422
1300	9
1300	57
1300	77
1300	94
1300	114
1300	152
1300	277
1300	294
1300	506
1300	686
1300	754
1300	826
1300	838
1300	898
1300	923
1300	929
1300	941
1300	1009
1300	1062
1300	1085
1300	1112
1300	1117
1300	1122
1300	1128
1300	1144
1300	1201
1300	1206
1300	1210
1300	1230
1300	1246
1300	1262
1300	1264
1300	1266
1300	1280
1300	1311
1300	1344
1300	1347
1300	1383
1300	1469
1300	1486
1300	1495
1301	20
1301	35
1301	168
1301	265
1301	275
1301	291
1301	386
1301	398
1301	411
1301	487
1301	532
1301	576
1301	585
1301	586
1301	592
1301	603
1301	718
1301	762
1301	805
1301	829
1301	844
1301	935
1301	951
1301	994
1301	1043
1301	1188
1301	1194
1301	1226
1301	1259
1301	1261
1301	1326
1301	1335
1301	1337
1301	1341
1301	1373
1301	1377
1301	1383
1301	1399
1301	1453
1301	1462
1301	1478
1302	37
1302	278
1302	304
1302	319
1302	359
1302	379
1302	518
1302	534
1302	639
1302	706
1302	863
1302	893
1302	904
1302	968
1302	1004
1302	1051
1302	1059
1302	1066
1302	1097
1302	1118
1302	1120
1302	1146
1302	1202
1302	1224
1302	1235
1302	1253
1302	1255
1302	1258
1302	1321
1302	1326
1302	1337
1302	1369
1302	1370
1302	1408
1302	1413
1302	1420
1302	1424
1302	1433
1302	1447
1302	1450
1302	1470
1303	38
1303	74
1303	110
1303	127
1303	201
1303	211
1303	241
1303	277
1303	319
1303	418
1303	426
1303	477
1303	511
1303	515
1303	553
1303	614
1303	650
1303	709
1303	730
1303	748
1303	764
1303	803
1303	863
1303	913
1303	923
1303	959
1303	1003
1303	1010
1303	1022
1303	1081
1303	1096
1303	1170
1303	1216
1303	1229
1303	1243
1303	1286
1303	1312
1303	1318
1303	1322
1303	1381
1303	1392
1304	29
1304	48
1304	147
1304	360
1304	561
1304	594
1304	694
1304	726
1304	817
1304	853
1304	950
1304	993
1304	1007
1304	1035
1304	1113
1304	1131
1304	1142
1304	1150
1304	1179
1304	1215
1304	1219
1304	1281
1304	1283
1304	1332
1304	1348
1304	1351
1304	1392
1304	1397
1304	1398
1304	1401
1304	1410
1304	1412
1304	1413
1304	1425
1304	1430
1304	1432
1304	1450
1304	1465
1304	1468
1304	1496
1304	1498
1305	23
1305	92
1305	106
1305	278
1305	353
1305	400
1305	471
1305	489
1305	593
1305	624
1305	666
1305	672
1305	688
1305	751
1305	786
1305	848
1305	955
1305	1014
1305	1023
1305	1037
1305	1074
1305	1086
1305	1096
1305	1108
1305	1148
1305	1157
1305	1168
1305	1183
1305	1191
1305	1254
1305	1273
1305	1277
1305	1342
1305	1366
1305	1377
1305	1380
1305	1393
1305	1414
1305	1445
1305	1472
1305	1473
1306	66
1306	78
1306	99
1306	105
1306	138
1306	230
1306	260
1306	313
1306	321
1306	344
1306	432
1306	480
1306	483
1306	541
1306	625
1306	652
1306	731
1306	743
1306	778
1306	781
1306	824
1306	828
1306	932
1306	961
1306	973
1306	975
1306	999
1306	1008
1306	1012
1306	1028
1306	1176
1306	1180
1306	1237
1306	1241
1306	1288
1306	1293
1306	1299
1306	1312
1306	1331
1306	1435
1306	1462
1307	223
1307	281
1307	298
1307	421
1307	507
1307	579
1307	611
1307	629
1307	652
1307	664
1307	689
1307	704
1307	711
1307	727
1307	734
1307	799
1307	834
1307	871
1307	872
1307	887
1307	969
1307	1072
1307	1144
1307	1158
1307	1208
1307	1270
1307	1310
1307	1343
1307	1365
1307	1372
1307	1384
1307	1394
1307	1395
1307	1406
1307	1426
1307	1440
1307	1448
1307	1455
1307	1458
1307	1474
1307	1479
1308	1
1308	50
1308	77
1308	84
1308	137
1308	183
1308	195
1308	271
1308	290
1308	311
1308	386
1308	408
1308	450
1308	458
1308	461
1308	556
1308	594
1308	616
1308	627
1308	694
1308	787
1308	792
1308	818
1308	820
1308	866
1308	869
1308	948
1308	1019
1308	1074
1308	1120
1308	1139
1308	1204
1308	1241
1308	1361
1308	1387
1308	1421
1308	1451
1308	1464
1308	1476
1308	1477
1308	1485
1309	53
1309	132
1309	174
1309	239
1309	250
1309	323
1309	370
1309	381
1309	385
1309	401
1309	407
1309	460
1309	520
1309	577
1309	612
1309	619
1309	633
1309	636
1309	821
1309	839
1309	878
1309	922
1309	955
1309	1002
1309	1034
1309	1047
1309	1052
1309	1090
1309	1103
1309	1133
1309	1149
1309	1166
1309	1172
1309	1219
1309	1259
1309	1295
1309	1391
1309	1404
1309	1405
1309	1421
1309	1481
1310	6
1310	9
1310	112
1310	197
1310	249
1310	539
1310	555
1310	595
1310	620
1310	644
1310	665
1310	673
1310	691
1310	726
1310	737
1310	744
1310	763
1310	801
1310	822
1310	847
1310	864
1310	953
1310	962
1310	993
1310	1071
1310	1109
1310	1112
1310	1138
1310	1147
1310	1153
1310	1160
1310	1215
1310	1232
1310	1267
1310	1279
1310	1307
1310	1312
1310	1342
1310	1428
1310	1466
1310	1483
1311	14
1311	89
1311	96
1311	179
1311	213
1311	263
1311	285
1311	313
1311	318
1311	349
1311	366
1311	374
1311	399
1311	501
1311	508
1311	598
1311	662
1311	749
1311	771
1311	783
1311	813
1311	822
1311	876
1311	890
1311	918
1311	944
1311	1017
1311	1023
1311	1161
1311	1179
1311	1182
1311	1185
1311	1186
1311	1193
1311	1199
1311	1292
1311	1300
1311	1312
1311	1391
1311	1415
1311	1496
1312	89
1312	119
1312	129
1312	167
1312	179
1312	285
1312	349
1312	366
1312	377
1312	383
1312	399
1312	466
1312	598
1312	662
1312	783
1312	846
1312	876
1312	880
1312	921
1312	944
1312	989
1312	1002
1312	1008
1312	1023
1312	1057
1312	1145
1312	1179
1312	1182
1312	1185
1312	1193
1312	1257
1312	1283
1312	1292
1312	1303
1312	1306
1312	1310
1312	1311
1312	1346
1312	1391
1312	1403
1312	1415
1313	39
1313	42
1313	45
1313	185
1313	194
1313	238
1313	266
1313	358
1313	359
1313	363
1313	413
1313	436
1313	456
1313	527
1313	584
1313	602
1313	622
1313	626
1313	660
1313	721
1313	739
1313	741
1313	937
1313	961
1313	966
1313	992
1313	1032
1313	1055
1313	1057
1313	1078
1313	1110
1313	1157
1313	1185
1313	1212
1313	1221
1313	1279
1313	1284
1313	1320
1313	1326
1313	1390
1313	1464
1313	1496
1314	79
1314	239
1314	249
1314	317
1314	340
1314	349
1314	656
1314	695
1314	703
1314	751
1314	812
1314	814
1314	893
1314	926
1314	931
1314	954
1314	958
1314	975
1314	1016
1314	1029
1314	1111
1314	1218
1314	1236
1314	1240
1314	1263
1314	1287
1314	1289
1314	1333
1314	1338
1314	1340
1314	1349
1314	1354
1314	1375
1314	1389
1314	1412
1314	1438
1314	1459
1314	1470
1314	1476
1314	1481
1314	1485
1314	1493
1315	11
1315	27
1315	76
1315	151
1315	293
1315	303
1315	382
1315	472
1315	484
1315	510
1315	692
1315	697
1315	711
1315	715
1315	803
1315	817
1315	835
1315	851
1315	930
1315	962
1315	998
1315	1094
1315	1097
1315	1116
1315	1135
1315	1144
1315	1146
1315	1168
1315	1184
1315	1221
1315	1231
1315	1253
1315	1256
1315	1267
1315	1269
1315	1296
1315	1403
1315	1441
1315	1443
1315	1454
1315	1460
1315	1500
1316	46
1316	51
1316	153
1316	163
1316	185
1316	235
1316	372
1316	400
1316	440
1316	455
1316	470
1316	530
1316	547
1316	582
1316	635
1316	761
1316	772
1316	796
1316	839
1316	844
1316	845
1316	873
1316	918
1316	929
1316	1040
1316	1046
1316	1079
1316	1106
1316	1115
1316	1147
1316	1148
1316	1171
1316	1178
1316	1197
1316	1227
1316	1258
1316	1260
1316	1366
1316	1416
1316	1440
1316	1458
1316	1496
1317	22
1317	123
1317	149
1317	158
1317	165
1317	169
1317	365
1317	388
1317	395
1317	420
1317	478
1317	491
1317	600
1317	604
1317	608
1317	609
1317	712
1317	779
1317	781
1317	855
1317	919
1317	942
1317	996
1317	1039
1317	1047
1317	1049
1317	1053
1317	1145
1317	1154
1317	1242
1317	1325
1317	1327
1317	1342
1317	1352
1317	1358
1317	1359
1317	1365
1317	1402
1317	1435
1317	1436
1317	1442
1317	1462
1318	38
1318	74
1318	97
1318	110
1318	127
1318	143
1318	201
1318	211
1318	241
1318	277
1318	319
1318	418
1318	426
1318	442
1318	477
1318	511
1318	568
1318	574
1318	614
1318	650
1318	680
1318	748
1318	749
1318	803
1318	831
1318	897
1318	959
1318	1003
1318	1010
1318	1022
1318	1081
1318	1132
1318	1193
1318	1216
1318	1303
1318	1322
1318	1378
1318	1381
1318	1413
1318	1415
1318	1428
1318	1452
1319	34
1319	69
1319	105
1319	254
1319	391
1319	430
1319	453
1319	498
1319	646
1319	667
1319	713
1319	804
1319	813
1319	854
1319	860
1319	879
1319	911
1319	925
1319	967
1319	1096
1319	1140
1319	1141
1319	1167
1319	1199
1319	1203
1319	1213
1319	1233
1319	1237
1319	1275
1319	1285
1319	1324
1319	1325
1319	1332
1319	1346
1319	1364
1319	1365
1319	1408
1319	1444
1319	1489
1319	1490
1319	1493
1319	1497
1320	39
1320	42
1320	45
1320	194
1320	238
1320	243
1320	253
1320	266
1320	306
1320	358
1320	359
1320	363
1320	461
1320	544
1320	584
1320	602
1320	626
1320	660
1320	678
1320	721
1320	739
1320	741
1320	886
1320	889
1320	917
1320	966
1320	992
1320	1032
1320	1055
1320	1057
1320	1078
1320	1110
1320	1284
1320	1313
1320	1326
1320	1329
1320	1371
1320	1372
1320	1398
1320	1456
1320	1466
1320	1484
1321	47
1321	59
1321	67
1321	105
1321	134
1321	150
1321	584
1321	639
1321	684
1321	724
1321	752
1321	764
1321	773
1321	783
1321	863
1321	893
1321	933
1321	944
1321	968
1321	1004
1321	1059
1321	1066
1321	1120
1321	1146
1321	1188
1321	1202
1321	1224
1321	1253
1321	1254
1321	1255
1321	1258
1321	1302
1321	1369
1321	1370
1321	1400
1321	1419
1321	1420
1321	1424
1321	1433
1321	1447
1321	1449
1321	1450
1322	28
1322	38
1322	74
1322	127
1322	143
1322	201
1322	211
1322	241
1322	275
1322	277
1322	288
1322	418
1322	426
1322	477
1322	480
1322	511
1322	553
1322	574
1322	650
1322	740
1322	748
1322	758
1322	764
1322	803
1322	878
1322	905
1322	959
1322	1003
1322	1005
1322	1010
1322	1022
1322	1041
1322	1081
1322	1089
1322	1216
1322	1260
1322	1303
1322	1318
1322	1353
1322	1381
1322	1445
1322	1492
1323	22
1323	82
1323	93
1323	152
1323	166
1323	332
1323	422
1323	495
1323	572
1323	623
1323	720
1323	805
1323	826
1323	923
1323	929
1323	933
1323	974
1323	1091
1323	1104
1323	1105
1323	1112
1323	1122
1323	1206
1323	1210
1323	1223
1323	1230
1323	1246
1323	1264
1323	1266
1323	1337
1323	1344
1323	1347
1323	1363
1323	1386
1323	1467
1323	1469
1323	1473
1323	1474
1323	1481
1323	1486
1323	1495
1323	1498
1324	68
1324	246
1324	254
1324	264
1324	379
1324	392
1324	521
1324	576
1324	638
1324	646
1324	680
1324	713
1324	736
1324	744
1324	769
1324	794
1324	798
1324	807
1324	829
1324	833
1324	860
1324	912
1324	965
1324	984
1324	1026
1324	1047
1324	1053
1324	1130
1324	1149
1324	1167
1324	1188
1324	1233
1324	1238
1324	1272
1324	1275
1324	1285
1324	1319
1324	1405
1324	1444
1324	1458
1324	1489
1324	1490
1325	56
1325	57
1325	169
1325	200
1325	365
1325	446
1325	528
1325	529
1325	600
1325	608
1325	616
1325	661
1325	702
1325	712
1325	746
1325	753
1325	768
1325	779
1325	836
1325	855
1325	914
1325	919
1325	921
1325	1039
1325	1049
1325	1145
1325	1154
1325	1178
1325	1219
1325	1280
1325	1317
1325	1319
1325	1327
1325	1352
1325	1358
1325	1359
1325	1394
1325	1402
1325	1423
1325	1435
1325	1471
1325	1490
1326	42
1326	45
1326	189
1326	194
1326	238
1326	243
1326	262
1326	266
1326	292
1326	306
1326	358
1326	359
1326	363
1326	436
1326	456
1326	546
1326	584
1326	602
1326	660
1326	666
1326	678
1326	721
1326	739
1326	833
1326	887
1326	937
1326	957
1326	966
1326	992
1326	1028
1326	1032
1326	1055
1326	1057
1326	1078
1326	1103
1326	1110
1326	1284
1326	1301
1326	1302
1326	1313
1326	1320
1326	1352
1326	1446
1327	38
1327	123
1327	159
1327	165
1327	221
1327	340
1327	355
1327	420
1327	446
1327	488
1327	491
1327	600
1327	604
1327	608
1327	609
1327	620
1327	622
1327	632
1327	661
1327	702
1327	712
1327	779
1327	836
1327	914
1327	919
1327	929
1327	930
1327	1049
1327	1111
1327	1145
1327	1154
1327	1259
1327	1317
1327	1325
1327	1348
1327	1352
1327	1354
1327	1358
1327	1359
1327	1379
1327	1402
1327	1409
1327	1435
1328	17
1328	43
1328	53
1328	135
1328	157
1328	182
1328	196
1328	308
1328	338
1328	398
1328	424
1328	431
1328	468
1328	492
1328	498
1328	514
1328	518
1328	526
1328	681
1328	732
1328	756
1328	776
1328	815
1328	822
1328	831
1328	835
1328	940
1328	949
1328	1002
1328	1052
1328	1082
1328	1129
1328	1162
1328	1209
1328	1229
1328	1243
1328	1261
1328	1277
1328	1298
1328	1384
1328	1451
1328	1460
1328	1481
1329	6
1329	159
1329	311
1329	383
1329	389
1329	472
1329	557
1329	567
1329	665
1329	667
1329	696
1329	726
1329	737
1329	744
1329	765
1329	768
1329	789
1329	795
1329	798
1329	847
1329	864
1329	877
1329	943
1329	1019
1329	1037
1329	1050
1329	1109
1329	1138
1329	1183
1329	1184
1329	1210
1329	1216
1329	1232
1329	1248
1329	1267
1329	1269
1329	1320
1329	1342
1329	1428
1329	1439
1329	1451
1329	1466
1329	1483
1330	19
1330	21
1330	70
1330	71
1330	131
1330	155
1330	192
1330	215
1330	218
1330	249
1330	257
1330	355
1330	469
1330	493
1330	543
1330	636
1330	641
1330	664
1330	675
1330	687
1330	695
1330	747
1330	760
1330	761
1330	800
1330	885
1330	906
1330	908
1330	945
1330	990
1330	1015
1330	1026
1330	1050
1330	1067
1330	1143
1330	1150
1330	1244
1330	1299
1330	1336
1330	1376
1330	1422
1330	1473
1330	1483
1331	66
1331	99
1331	138
1331	145
1331	230
1331	258
1331	313
1331	344
1331	371
1331	384
1331	396
1331	460
1331	480
1331	483
1331	541
1331	625
1331	652
1331	731
1331	743
1331	778
1331	781
1331	867
1331	868
1331	932
1331	961
1331	973
1331	975
1331	999
1331	1008
1331	1012
1331	1028
1331	1094
1331	1106
1331	1237
1331	1288
1331	1293
1331	1306
1331	1342
1331	1407
1331	1417
1331	1443
1331	1447
1331	1484
1332	15
1332	48
1332	75
1332	415
1332	432
1332	479
1332	494
1332	504
1332	628
1332	767
1332	816
1332	849
1332	909
1332	950
1332	1099
1332	1103
1332	1113
1332	1142
1332	1150
1332	1160
1332	1215
1332	1219
1332	1222
1332	1281
1332	1283
1332	1304
1332	1319
1332	1336
1332	1346
1332	1348
1332	1351
1332	1392
1332	1398
1332	1401
1332	1412
1332	1413
1332	1417
1332	1425
1332	1430
1332	1432
1332	1465
1332	1486
1332	1496
1333	14
1333	29
1333	265
1333	267
1333	305
1333	467
1333	516
1333	585
1333	631
1333	676
1333	716
1333	859
1333	954
1333	979
1333	1004
1333	1016
1333	1029
1333	1031
1333	1048
1333	1104
1333	1111
1333	1115
1333	1155
1333	1206
1333	1218
1333	1236
1333	1263
1333	1287
1333	1314
1333	1340
1333	1349
1333	1354
1333	1382
1333	1406
1333	1438
1333	1448
1333	1449
1333	1459
1333	1461
1333	1470
1333	1476
1333	1481
1333	1493
1334	364
1334	404
1334	471
1334	509
1334	523
1334	561
1334	566
1334	699
1334	725
1334	729
1334	775
1334	778
1334	809
1334	818
1334	866
1334	912
1334	973
1334	979
1334	982
1334	1048
1334	1063
1334	1100
1334	1170
1334	1174
1334	1212
1334	1217
1334	1276
1334	1296
1334	1336
1334	1338
1334	1356
1334	1357
1334	1364
1334	1367
1334	1385
1334	1391
1334	1437
1334	1456
1334	1457
1334	1473
1334	1475
1334	1494
1334	1497
1335	33
1335	64
1335	68
1335	242
1335	280
1335	307
1335	343
1335	398
1335	451
1335	478
1335	571
1335	576
1335	586
1335	630
1335	684
1335	710
1335	718
1335	762
1335	766
1335	842
1335	856
1335	858
1335	951
1335	991
1335	1043
1335	1045
1335	1066
1335	1069
1335	1079
1335	1127
1335	1177
1335	1183
1335	1188
1335	1194
1335	1270
1335	1301
1335	1337
1335	1341
1335	1373
1335	1399
1335	1453
1335	1462
1335	1476
1335	1478
1336	82
1336	183
1336	224
1336	248
1336	287
1336	322
1336	501
1336	566
1336	729
1336	746
1336	775
1336	837
1336	871
1336	881
1336	899
1336	912
1336	914
1336	950
1336	979
1336	1013
1336	1063
1336	1174
1336	1189
1336	1217
1336	1219
1336	1276
1336	1296
1336	1330
1336	1332
1336	1334
1336	1343
1336	1356
1336	1357
1336	1367
1336	1385
1336	1386
1336	1422
1336	1437
1336	1456
1336	1457
1336	1465
1336	1475
1336	1494
1336	1497
1337	244
1337	307
1337	323
1337	357
1337	387
1337	478
1337	487
1337	534
1337	585
1337	586
1337	592
1337	603
1337	684
1337	689
1337	718
1337	762
1337	766
1337	829
1337	856
1337	909
1337	951
1337	994
1337	1043
1337	1045
1337	1108
1337	1143
1337	1177
1337	1188
1337	1194
1337	1204
1337	1227
1337	1259
1337	1301
1337	1302
1337	1323
1337	1335
1337	1341
1337	1373
1337	1397
1337	1399
1337	1449
1337	1453
1337	1462
1337	1478
1338	151
1338	181
1338	223
1338	248
1338	287
1338	322
1338	373
1338	439
1338	523
1338	775
1338	837
1338	864
1338	875
1338	912
1338	935
1338	979
1338	1105
1338	1128
1338	1174
1338	1194
1338	1212
1338	1217
1338	1276
1338	1292
1338	1296
1338	1314
1338	1334
1338	1356
1338	1357
1338	1361
1338	1364
1338	1367
1338	1385
1338	1386
1338	1388
1338	1396
1338	1415
1338	1437
1338	1456
1338	1457
1338	1462
1338	1475
1338	1494
1338	1497
1339	49
1339	117
1339	302
1339	317
1339	327
1339	334
1339	345
1339	376
1339	380
1339	394
1339	435
1339	579
1339	590
1339	602
1339	605
1339	621
1339	654
1339	670
1339	748
1339	771
1339	788
1339	819
1339	851
1339	853
1339	892
1339	907
1339	938
1339	1020
1339	1083
1339	1092
1339	1162
1339	1187
1339	1216
1339	1228
1339	1236
1339	1243
1339	1252
1339	1290
1339	1291
1339	1294
1339	1343
1339	1371
1339	1417
1339	1450
1340	24
1340	157
1340	317
1340	324
1340	341
1340	384
1340	433
1340	516
1340	554
1340	602
1340	676
1340	716
1340	812
1340	859
1340	919
1340	926
1340	954
1340	1016
1340	1029
1340	1031
1340	1111
1340	1122
1340	1155
1340	1161
1340	1218
1340	1236
1340	1240
1340	1263
1340	1287
1340	1289
1340	1295
1340	1298
1340	1314
1340	1333
1340	1347
1340	1349
1340	1354
1340	1391
1340	1402
1340	1438
1340	1459
1340	1470
1340	1476
1340	1493
1341	102
1341	168
1341	177
1341	275
1341	328
1341	343
1341	398
1341	451
1341	476
1341	487
1341	571
1341	576
1341	586
1341	593
1341	603
1341	684
1341	762
1341	770
1341	829
1341	858
1341	874
1341	906
1341	951
1341	991
1341	994
1341	1030
1341	1043
1341	1069
1341	1130
1341	1138
1341	1194
1341	1259
1341	1285
1341	1301
1341	1335
1341	1337
1341	1373
1341	1386
1341	1396
1341	1399
1341	1419
1341	1453
1341	1462
1341	1478
1342	184
1342	212
1342	312
1342	361
1342	434
1342	468
1342	709
1342	737
1342	763
1342	765
1342	807
1342	847
1342	864
1342	875
1342	877
1342	888
1342	934
1342	943
1342	953
1342	956
1342	1109
1342	1138
1342	1147
1342	1148
1342	1153
1342	1160
1342	1218
1342	1232
1342	1248
1342	1267
1342	1279
1342	1305
1342	1310
1342	1317
1342	1329
1342	1331
1342	1411
1342	1422
1342	1428
1342	1439
1342	1451
1342	1466
1342	1483
1342	1488
1343	16
1343	219
1343	257
1343	298
1343	316
1343	352
1343	421
1343	507
1343	559
1343	704
1343	705
1343	799
1343	834
1343	871
1343	969
1343	981
1343	997
1343	1072
1343	1086
1343	1089
1343	1144
1343	1149
1343	1178
1343	1208
1343	1250
1343	1270
1343	1273
1343	1307
1343	1336
1343	1339
1343	1365
1343	1370
1343	1372
1343	1394
1343	1395
1343	1406
1343	1426
1343	1427
1343	1429
1343	1440
1343	1455
1343	1458
1343	1474
1343	1479
1343	1485
1344	22
1344	88
1344	272
1344	332
1344	336
1344	395
1344	425
1344	428
1344	495
1344	623
1344	780
1344	790
1344	805
1344	838
1344	841
1344	898
1344	923
1344	928
1344	970
1344	974
1344	1089
1344	1105
1344	1112
1344	1128
1344	1166
1344	1178
1344	1206
1344	1212
1344	1213
1344	1223
1344	1230
1344	1246
1344	1264
1344	1266
1344	1268
1344	1296
1344	1300
1344	1323
1344	1347
1344	1383
1344	1384
1344	1449
1344	1486
1344	1495
1344	1498
1345	165
1345	187
1345	443
1345	539
1345	552
1345	562
1345	565
1345	649
1345	707
1345	710
1345	717
1345	781
1345	782
1345	806
1345	808
1345	852
1345	867
1345	911
1345	915
1345	972
1345	982
1345	987
1345	988
1345	1005
1345	1035
1345	1036
1345	1054
1345	1061
1345	1125
1345	1134
1345	1174
1345	1175
1345	1192
1345	1196
1345	1258
1345	1360
1345	1371
1345	1378
1345	1389
1345	1408
1345	1429
1345	1431
1345	1436
1345	1452
1345	1470
1346	6
1346	137
1346	158
1346	222
1346	269
1346	389
1346	410
1346	468
1346	620
1346	644
1346	646
1346	665
1346	668
1346	685
1346	696
1346	701
1346	707
1346	759
1346	763
1346	847
1346	864
1346	928
1346	934
1346	942
1346	949
1346	956
1346	1050
1346	1068
1346	1094
1346	1109
1346	1138
1346	1147
1346	1153
1346	1160
1346	1258
1346	1274
1346	1279
1346	1312
1346	1319
1346	1332
1346	1357
1346	1392
1346	1428
1346	1451
1346	1483
1347	4
1347	40
1347	94
1347	166
1347	334
1347	422
1347	428
1347	503
1347	506
1347	521
1347	572
1347	615
1347	623
1347	685
1347	686
1347	870
1347	915
1347	928
1347	929
1347	1062
1347	1091
1347	1093
1347	1122
1347	1206
1347	1210
1347	1223
1347	1230
1347	1246
1347	1249
1347	1262
1347	1266
1347	1300
1347	1323
1347	1340
1347	1344
1347	1381
1347	1383
1347	1430
1347	1443
1347	1469
1347	1486
1347	1493
1347	1494
1347	1495
1347	1498
1348	147
1348	189
1348	356
1348	412
1348	639
1348	654
1348	722
1348	753
1348	816
1348	824
1348	852
1348	905
1348	909
1348	940
1348	950
1348	959
1348	1007
1348	1025
1348	1082
1348	1108
1348	1113
1348	1114
1348	1142
1348	1150
1348	1222
1348	1251
1348	1283
1348	1304
1348	1327
1348	1332
1348	1351
1348	1354
1348	1392
1348	1397
1348	1398
1348	1401
1348	1410
1348	1413
1348	1418
1348	1425
1348	1430
1348	1432
1348	1453
1348	1462
1348	1496
1349	29
1349	344
1349	354
1349	417
1349	433
1349	451
1349	467
1349	558
1349	587
1349	616
1349	703
1349	716
1349	751
1349	812
1349	814
1349	830
1349	859
1349	954
1349	958
1349	967
1349	1011
1349	1016
1349	1029
1349	1031
1349	1048
1349	1070
1349	1110
1349	1111
1349	1128
1349	1155
1349	1236
1349	1240
1349	1263
1349	1287
1349	1289
1349	1314
1349	1333
1349	1340
1349	1354
1349	1358
1349	1454
1349	1459
1349	1470
1349	1476
1349	1493
1350	35
1350	115
1350	186
1350	187
1350	208
1350	236
1350	283
1350	450
1350	458
1350	485
1350	521
1350	589
1350	645
1350	659
1350	692
1350	755
1350	840
1350	891
1350	946
1350	977
1350	1006
1350	1018
1350	1042
1350	1058
1350	1070
1350	1087
1350	1095
1350	1102
1350	1103
1350	1117
1350	1119
1350	1132
1350	1143
1350	1170
1350	1213
1350	1214
1350	1362
1350	1368
1350	1388
1350	1393
1350	1396
1350	1419
1350	1420
1350	1435
1350	1468
1351	3
1351	79
1351	121
1351	193
1351	258
1351	291
1351	415
1351	547
1351	628
1351	722
1351	730
1351	816
1351	857
1351	909
1351	921
1351	923
1351	978
1351	985
1351	993
1351	1007
1351	1064
1351	1113
1351	1142
1351	1215
1351	1219
1351	1239
1351	1277
1351	1304
1351	1332
1351	1348
1351	1354
1351	1372
1351	1382
1351	1392
1351	1397
1351	1398
1351	1401
1351	1410
1351	1412
1351	1413
1351	1418
1351	1425
1351	1432
1351	1460
1351	1496
1352	56
1352	126
1352	159
1352	165
1352	221
1352	340
1352	365
1352	388
1352	395
1352	446
1352	491
1352	529
1352	600
1352	604
1352	608
1352	609
1352	622
1352	661
1352	702
1352	712
1352	737
1352	779
1352	836
1352	919
1352	975
1352	1082
1352	1119
1352	1139
1352	1145
1352	1154
1352	1216
1352	1222
1352	1265
1352	1317
1352	1325
1352	1326
1352	1327
1352	1358
1352	1359
1352	1385
1352	1402
1352	1411
1352	1435
1352	1467
1352	1483
1353	37
1353	111
1353	117
1353	118
1353	122
1353	140
1353	146
1353	197
1353	255
1353	284
1353	383
1353	397
1353	403
1353	406
1353	497
1353	513
1353	537
1353	539
1353	554
1353	578
1353	600
1353	610
1353	611
1353	649
1353	725
1353	745
1353	801
1353	846
1353	849
1353	910
1353	949
1353	1009
1353	1038
1353	1116
1353	1174
1353	1180
1353	1187
1353	1190
1353	1227
1353	1234
1353	1245
1353	1271
1353	1322
1353	1369
1353	1390
1354	152
1354	265
1354	354
1354	433
1354	459
1354	467
1354	481
1354	516
1354	606
1354	656
1354	676
1354	703
1354	812
1354	830
1354	859
1354	958
1354	1016
1354	1022
1354	1031
1354	1048
1354	1111
1354	1124
1354	1155
1354	1210
1354	1218
1354	1229
1354	1240
1354	1263
1354	1287
1354	1289
1354	1314
1354	1327
1354	1333
1354	1340
1354	1348
1354	1349
1354	1351
1354	1373
1354	1394
1354	1422
1354	1438
1354	1459
1354	1470
1354	1476
1354	1493
1355	154
1355	301
1355	312
1355	347
1355	393
1355	441
1355	448
1355	499
1355	505
1355	544
1355	587
1355	671
1355	680
1355	884
1355	890
1355	944
1355	960
1355	980
1355	1048
1355	1060
1355	1092
1355	1104
1355	1105
1355	1123
1355	1127
1355	1159
1355	1189
1355	1211
1355	1214
1355	1220
1355	1262
1355	1278
1355	1285
1355	1297
1355	1378
1355	1409
1355	1411
1355	1431
1355	1435
1355	1449
1355	1452
1355	1470
1355	1472
1355	1487
1355	1491
1355	1499
1356	5
1356	13
1356	225
1356	279
1356	439
1356	471
1356	555
1356	562
1356	575
1356	576
1356	686
1356	699
1356	719
1356	739
1356	809
1356	829
1356	875
1356	881
1356	899
1356	912
1356	924
1356	1063
1356	1107
1356	1192
1356	1212
1356	1217
1356	1276
1356	1281
1356	1296
1356	1334
1356	1336
1356	1338
1356	1357
1356	1364
1356	1367
1356	1385
1356	1393
1356	1432
1356	1437
1356	1446
1356	1456
1356	1457
1356	1475
1356	1493
1356	1494
1356	1497
1357	2
1357	48
1357	145
1357	156
1357	263
1357	326
1357	471
1357	509
1357	542
1357	560
1357	698
1357	699
1357	729
1357	809
1357	837
1357	849
1357	875
1357	899
1357	924
1357	979
1357	998
1357	1063
1357	1211
1357	1212
1357	1217
1357	1276
1357	1296
1357	1334
1357	1336
1357	1338
1357	1346
1357	1356
1357	1358
1357	1364
1357	1367
1357	1385
1357	1386
1357	1411
1357	1437
1357	1456
1357	1457
1357	1467
1357	1475
1357	1494
1357	1495
1357	1497
1358	56
1358	57
1358	83
1358	149
1358	158
1358	159
1358	165
1358	189
1358	221
1358	292
1358	340
1358	365
1358	395
1358	420
1358	422
1358	446
1358	528
1358	604
1358	608
1358	609
1358	661
1358	671
1358	702
1358	712
1358	779
1358	812
1358	855
1358	914
1358	1038
1358	1039
1358	1049
1358	1154
1358	1174
1358	1190
1358	1213
1358	1233
1358	1317
1358	1325
1358	1327
1358	1349
1358	1352
1358	1357
1358	1371
1358	1402
1358	1435
1358	1481
1359	57
1359	83
1359	123
1359	149
1359	158
1359	165
1359	169
1359	200
1359	296
1359	340
1359	425
1359	436
1359	469
1359	491
1359	501
1359	528
1359	529
1359	557
1359	577
1359	600
1359	604
1359	608
1359	609
1359	622
1359	661
1359	712
1359	779
1359	836
1359	855
1359	914
1359	919
1359	991
1359	1049
1359	1154
1359	1182
1359	1219
1359	1295
1359	1317
1359	1325
1359	1327
1359	1352
1359	1374
1359	1402
1359	1414
1359	1435
1359	1487
1360	171
1360	173
1360	330
1360	336
1360	341
1360	565
1360	596
1360	617
1360	632
1360	710
1360	711
1360	715
1360	717
1360	782
1360	806
1360	808
1360	852
1360	867
1360	902
1360	915
1360	936
1360	972
1360	1005
1360	1036
1360	1061
1360	1086
1360	1114
1360	1125
1360	1134
1360	1175
1360	1187
1360	1192
1360	1197
1360	1278
1360	1288
1360	1345
1360	1371
1360	1378
1360	1389
1360	1398
1360	1408
1360	1429
1360	1436
1360	1458
1360	1463
1360	1492
1361	1
1361	77
1361	84
1361	195
1361	226
1361	290
1361	311
1361	380
1361	386
1361	389
1361	458
1361	461
1361	465
1361	556
1361	616
1361	629
1361	655
1361	694
1361	719
1361	787
1361	792
1361	809
1361	818
1361	820
1361	846
1361	847
1361	866
1361	869
1361	880
1361	889
1361	920
1361	948
1361	964
1361	1050
1361	1074
1361	1139
1361	1204
1361	1212
1361	1250
1361	1308
1361	1338
1361	1374
1361	1387
1361	1399
1361	1414
1361	1488
1362	30
1362	52
1362	72
1362	86
1362	107
1362	153
1362	171
1362	217
1362	237
1362	310
1362	338
1362	430
1362	437
1362	452
1362	537
1362	643
1362	700
1362	714
1362	767
1362	785
1362	856
1362	859
1362	917
1362	939
1362	974
1362	983
1362	1084
1362	1126
1362	1151
1362	1156
1362	1164
1362	1184
1362	1199
1362	1231
1362	1238
1362	1249
1362	1265
1362	1280
1362	1294
1362	1350
1362	1363
1362	1375
1362	1381
1362	1440
1362	1455
1362	1483
1363	30
1363	52
1363	72
1363	86
1363	107
1363	153
1363	171
1363	189
1363	270
1363	310
1363	430
1363	437
1363	452
1363	491
1363	537
1363	643
1363	683
1363	700
1363	714
1363	748
1363	767
1363	785
1363	800
1363	917
1363	968
1363	983
1363	1025
1363	1082
1363	1126
1363	1151
1363	1156
1363	1164
1363	1238
1363	1249
1363	1265
1363	1280
1363	1294
1363	1323
1363	1362
1363	1375
1363	1383
1363	1394
1363	1407
1363	1433
1363	1458
1363	1472
1364	82
1364	230
1364	233
1364	373
1364	461
1364	471
1364	560
1364	566
1364	673
1364	698
1364	699
1364	725
1364	837
1364	881
1364	909
1364	912
1364	924
1364	979
1364	1059
1364	1063
1364	1108
1364	1135
1364	1174
1364	1212
1364	1217
1364	1251
1364	1276
1364	1281
1364	1296
1364	1319
1364	1334
1364	1338
1364	1356
1364	1357
1364	1367
1364	1385
1364	1386
1364	1390
1364	1402
1364	1437
1364	1440
1364	1456
1364	1457
1364	1475
1364	1481
1364	1494
1364	1497
1365	7
1365	17
1365	35
1365	126
1365	160
1365	219
1365	222
1365	352
1365	496
1365	558
1365	599
1365	642
1365	689
1365	779
1365	834
1365	887
1365	969
1365	978
1365	981
1365	1007
1365	1072
1365	1136
1365	1144
1365	1197
1365	1208
1365	1225
1365	1231
1365	1238
1365	1242
1365	1270
1365	1307
1365	1317
1365	1319
1365	1343
1365	1371
1365	1372
1365	1394
1365	1406
1365	1422
1365	1426
1365	1427
1365	1440
1365	1451
1365	1455
1365	1458
1365	1468
1365	1479
1366	61
1366	80
1366	106
1366	174
1366	175
1366	188
1366	302
1366	339
1366	353
1366	400
1366	410
1366	417
1366	445
1366	542
1366	550
1366	593
1366	624
1366	688
1366	705
1366	733
1366	770
1366	784
1366	808
1366	848
1366	934
1366	938
1366	955
1366	1048
1366	1096
1366	1132
1366	1141
1366	1157
1366	1183
1366	1191
1366	1254
1366	1259
1366	1273
1366	1305
1366	1316
1366	1377
1366	1379
1366	1380
1366	1414
1366	1471
1366	1472
1366	1473
1366	1484
1367	5
1367	181
1367	287
1367	314
1367	322
1367	331
1367	568
1367	599
1367	698
1367	699
1367	719
1367	721
1367	725
1367	775
1367	809
1367	837
1367	856
1367	881
1367	899
1367	952
1367	1057
1367	1063
1367	1097
1367	1174
1367	1212
1367	1217
1367	1253
1367	1258
1367	1269
1367	1271
1367	1296
1367	1334
1367	1336
1367	1338
1367	1356
1367	1357
1367	1364
1367	1385
1367	1386
1367	1437
1367	1456
1367	1457
1367	1460
1367	1469
1367	1475
1367	1494
1367	1497
1368	35
1368	104
1368	115
1368	156
1368	186
1368	208
1368	236
1368	279
1368	450
1368	459
1368	521
1368	578
1368	589
1368	645
1368	659
1368	692
1368	755
1368	831
1368	840
1368	845
1368	889
1368	891
1368	946
1368	956
1368	977
1368	987
1368	1006
1368	1018
1368	1032
1368	1044
1368	1058
1368	1060
1368	1088
1368	1095
1368	1117
1368	1119
1368	1136
1368	1165
1368	1170
1368	1213
1368	1214
1368	1250
1368	1350
1368	1388
1368	1396
1368	1419
1368	1447
1369	13
1369	150
1369	271
1369	304
1369	319
1369	368
1369	379
1369	401
1369	424
1369	494
1369	609
1369	639
1369	711
1369	724
1369	728
1369	752
1369	773
1369	904
1369	933
1369	968
1369	1004
1369	1009
1369	1051
1369	1059
1369	1066
1369	1120
1369	1146
1369	1165
1369	1202
1369	1224
1369	1253
1369	1255
1369	1258
1369	1290
1369	1291
1369	1302
1369	1321
1369	1353
1369	1387
1369	1400
1369	1413
1369	1420
1369	1424
1369	1433
1369	1447
1369	1450
1369	1457
1370	71
1370	138
1370	144
1370	274
1370	286
1370	368
1370	401
1370	424
1370	534
1370	639
1370	674
1370	675
1370	706
1370	724
1370	728
1370	752
1370	863
1370	893
1370	904
1370	933
1370	963
1370	968
1370	1004
1370	1051
1370	1059
1370	1066
1370	1146
1370	1164
1370	1202
1370	1208
1370	1224
1370	1253
1370	1255
1370	1258
1370	1302
1370	1321
1370	1343
1370	1392
1370	1399
1370	1400
1370	1420
1370	1424
1370	1429
1370	1433
1370	1447
1370	1450
1370	1467
1371	32
1371	173
1371	187
1371	286
1371	330
1371	402
1371	406
1371	443
1371	565
1371	617
1371	632
1371	658
1371	691
1371	711
1371	806
1371	808
1371	830
1371	852
1371	860
1371	867
1371	915
1371	936
1371	972
1371	982
1371	987
1371	988
1371	1005
1371	1054
1371	1125
1371	1134
1371	1192
1371	1253
1371	1266
1371	1320
1371	1339
1371	1345
1371	1358
1371	1360
1371	1365
1371	1375
1371	1378
1371	1389
1371	1408
1371	1429
1371	1436
1371	1450
1371	1463
1372	18
1372	219
1372	316
1372	362
1372	404
1372	496
1372	512
1372	558
1372	642
1372	705
1372	727
1372	782
1372	799
1372	806
1372	834
1372	872
1372	887
1372	939
1372	966
1372	969
1372	978
1372	981
1372	1144
1372	1156
1372	1208
1372	1225
1372	1242
1372	1243
1372	1270
1372	1307
1372	1320
1372	1343
1372	1351
1372	1365
1372	1394
1372	1395
1372	1406
1372	1412
1372	1426
1372	1427
1372	1440
1372	1446
1372	1455
1372	1458
1372	1471
1372	1479
1372	1499
1373	20
1373	126
1373	240
1373	307
1373	328
1373	343
1373	387
1373	398
1373	416
1373	435
1373	451
1373	455
1373	478
1373	532
1373	585
1373	586
1373	600
1373	607
1373	718
1373	737
1373	766
1373	828
1373	842
1373	844
1373	858
1373	859
1373	951
1373	991
1373	1045
1373	1061
1373	1069
1373	1136
1373	1177
1373	1188
1373	1194
1373	1222
1373	1259
1373	1301
1373	1335
1373	1337
1373	1341
1373	1354
1373	1399
1373	1452
1373	1453
1373	1466
1373	1478
1374	1
1374	40
1374	77
1374	84
1374	195
1374	226
1374	311
1374	328
1374	381
1374	386
1374	408
1374	458
1374	461
1374	465
1374	507
1374	556
1374	627
1374	629
1374	655
1374	686
1374	694
1374	787
1374	792
1374	818
1374	820
1374	866
1374	869
1374	880
1374	920
1374	948
1374	964
1374	976
1374	995
1374	1047
1374	1074
1374	1139
1374	1204
1374	1208
1374	1232
1374	1246
1374	1250
1374	1359
1374	1361
1374	1387
1374	1400
1374	1452
1374	1458
1375	30
1375	52
1375	72
1375	86
1375	107
1375	153
1375	170
1375	171
1375	189
1375	202
1375	237
1375	310
1375	344
1375	430
1375	437
1375	452
1375	537
1375	643
1375	683
1375	700
1375	714
1375	767
1375	826
1375	917
1375	918
1375	959
1375	983
1375	1036
1375	1083
1375	1084
1375	1126
1375	1151
1375	1156
1375	1164
1375	1220
1375	1238
1375	1249
1375	1251
1375	1263
1375	1265
1375	1280
1375	1294
1375	1314
1375	1362
1375	1363
1375	1371
1375	1399
1375	1494
1376	19
1376	21
1376	71
1376	74
1376	84
1376	116
1376	131
1376	155
1376	192
1376	205
1376	215
1376	216
1376	218
1376	232
1376	257
1376	264
1376	271
1376	418
1376	469
1376	482
1376	493
1376	517
1376	543
1376	561
1376	664
1376	671
1376	675
1376	726
1376	747
1376	760
1376	800
1376	817
1376	885
1376	906
1376	908
1376	945
1376	969
1376	1015
1376	1166
1376	1244
1376	1299
1376	1330
1376	1422
1376	1436
1376	1438
1376	1480
1376	1481
1376	1491
1377	80
1377	161
1377	175
1377	191
1377	353
1377	364
1377	396
1377	410
1377	414
1377	489
1377	511
1377	512
1377	550
1377	581
1377	582
1377	624
1377	666
1377	688
1377	715
1377	770
1377	786
1377	843
1377	848
1377	872
1377	932
1377	955
1377	1041
1377	1086
1377	1096
1377	1119
1377	1152
1377	1161
1377	1191
1377	1254
1377	1301
1377	1305
1377	1366
1377	1380
1377	1393
1377	1414
1377	1415
1377	1445
1377	1451
1377	1471
1377	1472
1377	1473
1377	1480
1377	1488
1378	73
1378	144
1378	282
1378	337
1378	369
1378	552
1378	564
1378	565
1378	617
1378	632
1378	710
1378	711
1378	741
1378	806
1378	819
1378	848
1378	852
1378	867
1378	878
1378	902
1378	917
1378	931
1378	936
1378	952
1378	972
1378	982
1378	988
1378	995
1378	1001
1378	1005
1378	1036
1378	1054
1378	1061
1378	1134
1378	1175
1378	1192
1378	1318
1378	1345
1378	1355
1378	1360
1378	1371
1378	1386
1378	1389
1378	1408
1378	1429
1378	1436
1378	1457
1378	1463
1379	67
1379	144
1379	217
1379	234
1379	245
1379	342
1379	409
1379	533
1379	544
1379	551
1379	697
1379	723
1379	740
1379	791
1379	810
1379	815
1379	825
1379	843
1379	900
1379	902
1379	903
1379	913
1379	985
1379	1065
1379	1088
1379	1100
1379	1123
1379	1132
1379	1163
1379	1176
1379	1241
1379	1268
1379	1274
1379	1282
1379	1327
1379	1366
1379	1420
1379	1423
1379	1440
1379	1442
1379	1446
1379	1451
1379	1452
1379	1461
1379	1466
1379	1477
1379	1481
1379	1482
1380	8
1380	23
1380	80
1380	175
1380	191
1380	260
1380	296
1380	307
1380	410
1380	414
1380	445
1380	512
1380	581
1380	624
1380	688
1380	690
1380	708
1380	733
1380	786
1380	900
1380	955
1380	976
1380	1034
1380	1041
1380	1082
1380	1086
1380	1096
1380	1108
1380	1130
1380	1152
1380	1190
1380	1191
1380	1227
1380	1240
1380	1254
1380	1273
1380	1305
1380	1366
1380	1377
1380	1393
1380	1412
1380	1414
1380	1437
1380	1445
1380	1456
1380	1471
1380	1472
1380	1473
1381	28
1381	36
1381	38
1381	74
1381	110
1381	127
1381	143
1381	201
1381	211
1381	241
1381	268
1381	277
1381	288
1381	319
1381	418
1381	426
1381	477
1381	515
1381	525
1381	553
1381	568
1381	574
1381	614
1381	650
1381	748
1381	749
1381	764
1381	803
1381	959
1381	1003
1381	1010
1381	1022
1381	1081
1381	1167
1381	1183
1381	1203
1381	1216
1381	1258
1381	1303
1381	1318
1381	1322
1381	1347
1381	1362
1381	1410
1381	1423
1381	1464
1381	1480
1381	1496
1382	58
1382	98
1382	114
1382	164
1382	215
1382	245
1382	293
1382	355
1382	369
1382	371
1382	444
1382	462
1382	472
1382	502
1382	510
1382	525
1382	548
1382	817
1382	881
1382	901
1382	913
1382	947
1382	962
1382	998
1382	1042
1382	1043
1382	1094
1382	1097
1382	1116
1382	1135
1382	1146
1382	1161
1382	1235
1382	1239
1382	1251
1382	1269
1382	1333
1382	1351
1382	1403
1382	1436
1382	1441
1382	1443
1382	1448
1382	1454
1382	1460
1382	1464
1382	1465
1382	1500
1383	4
1383	21
1383	22
1383	93
1383	136
1383	422
1383	440
1383	495
1383	506
1383	531
1383	572
1383	615
1383	623
1383	754
1383	826
1383	854
1383	896
1383	898
1383	908
1383	920
1383	929
1383	974
1383	1009
1383	1014
1383	1062
1383	1089
1383	1093
1383	1112
1383	1122
1383	1128
1383	1205
1383	1206
1383	1210
1383	1223
1383	1262
1383	1264
1383	1275
1383	1277
1383	1300
1383	1301
1383	1344
1383	1347
1383	1363
1383	1401
1383	1418
1383	1469
1383	1495
1383	1498
1384	172
1384	200
1384	224
1384	234
1384	253
1384	270
1384	300
1384	320
1384	429
1384	447
1384	536
1384	567
1384	591
1384	597
1384	680
1384	682
1384	726
1384	761
1384	774
1384	777
1384	793
1384	870
1384	883
1384	963
1384	973
1384	1000
1384	1027
1384	1073
1384	1121
1384	1124
1384	1132
1384	1133
1384	1169
1384	1205
1384	1207
1384	1231
1384	1239
1384	1257
1384	1287
1384	1295
1384	1298
1384	1307
1384	1328
1384	1344
1384	1402
1384	1404
1384	1407
1384	1499
1385	5
1385	13
1385	86
1385	141
1385	183
1385	217
1385	317
1385	509
1385	566
1385	575
1385	698
1385	699
1385	719
1385	775
1385	809
1385	826
1385	837
1385	875
1385	895
1385	899
1385	906
1385	912
1385	965
1385	1063
1385	1174
1385	1198
1385	1212
1385	1217
1385	1264
1385	1276
1385	1334
1385	1336
1385	1338
1385	1352
1385	1356
1385	1357
1385	1364
1385	1367
1385	1386
1385	1437
1385	1439
1385	1454
1385	1456
1385	1457
1385	1458
1385	1461
1385	1475
1385	1494
1385	1497
1386	2
1386	13
1386	48
1386	168
1386	225
1386	322
1386	452
1386	497
1386	575
1386	673
1386	688
1386	699
1386	719
1386	725
1386	729
1386	775
1386	837
1386	875
1386	899
1386	912
1386	924
1386	974
1386	1063
1386	1131
1386	1174
1386	1212
1386	1226
1386	1257
1386	1258
1386	1276
1386	1296
1386	1323
1386	1336
1386	1338
1386	1341
1386	1357
1386	1364
1386	1367
1386	1378
1386	1385
1386	1437
1386	1444
1386	1456
1386	1457
1386	1475
1386	1476
1386	1494
1386	1495
1386	1497
1387	1
1387	40
1387	77
1387	84
1387	195
1387	196
1387	226
1387	271
1387	290
1387	311
1387	386
1387	408
1387	458
1387	461
1387	465
1387	556
1387	616
1387	627
1387	629
1387	655
1387	732
1387	787
1387	792
1387	818
1387	820
1387	866
1387	869
1387	880
1387	920
1387	948
1387	964
1387	1026
1387	1061
1387	1080
1387	1116
1387	1139
1387	1193
1387	1204
1387	1250
1387	1256
1387	1281
1387	1308
1387	1361
1387	1369
1387	1374
1387	1410
1387	1411
1387	1441
1387	1466
1388	35
1388	104
1388	115
1388	124
1388	130
1388	156
1388	172
1388	208
1388	236
1388	279
1388	438
1388	459
1388	521
1388	589
1388	645
1388	692
1388	718
1388	742
1388	755
1388	840
1388	862
1388	878
1388	891
1388	946
1388	966
1388	977
1388	1006
1388	1013
1388	1018
1388	1058
1388	1070
1388	1102
1388	1108
1388	1117
1388	1119
1388	1170
1388	1213
1388	1214
1388	1268
1388	1338
1388	1350
1388	1368
1388	1396
1388	1402
1388	1403
1388	1419
1388	1424
1388	1456
1388	1474
1389	62
1389	110
1389	144
1389	286
1389	330
1389	443
1389	476
1389	503
1389	562
1389	565
1389	710
1389	717
1389	782
1389	808
1389	852
1389	867
1389	868
1389	877
1389	886
1389	902
1389	915
1389	936
1389	952
1389	972
1389	982
1389	987
1389	1001
1389	1005
1389	1036
1389	1054
1389	1061
1389	1124
1389	1125
1389	1131
1389	1134
1389	1175
1389	1280
1389	1314
1389	1345
1389	1360
1389	1371
1389	1378
1389	1405
1389	1429
1389	1431
1389	1433
1389	1435
1389	1436
1389	1463
1390	37
1390	85
1390	111
1390	117
1390	118
1390	120
1390	122
1390	146
1390	193
1390	197
1390	229
1390	255
1390	275
1390	284
1390	397
1390	403
1390	406
1390	513
1390	539
1390	554
1390	578
1390	610
1390	611
1390	634
1390	637
1390	649
1390	657
1390	745
1390	799
1390	801
1390	846
1390	849
1390	881
1390	910
1390	940
1390	949
1390	1038
1390	1158
1390	1187
1390	1190
1390	1234
1390	1245
1390	1271
1390	1287
1390	1313
1390	1353
1390	1364
1390	1463
1390	1497
1391	96
1391	119
1391	129
1391	159
1391	167
1391	179
1391	213
1391	263
1391	318
1391	349
1391	362
1391	374
1391	377
1391	383
1391	399
1391	466
1391	508
1391	598
1391	662
1391	667
1391	783
1391	790
1391	857
1391	876
1391	880
1391	921
1391	944
1391	989
1391	1017
1391	1021
1391	1023
1391	1085
1391	1098
1391	1123
1391	1145
1391	1179
1391	1182
1391	1185
1391	1193
1391	1197
1391	1292
1391	1309
1391	1311
1391	1312
1391	1334
1391	1340
1391	1415
1391	1463
1391	1475
1392	32
1392	108
1392	147
1392	188
1392	217
1392	294
1392	360
1392	412
1392	445
1392	476
1392	578
1392	725
1392	730
1392	905
1392	950
1392	985
1392	993
1392	1113
1392	1131
1392	1142
1392	1150
1392	1162
1392	1215
1392	1218
1392	1219
1392	1222
1392	1226
1392	1281
1392	1283
1392	1303
1392	1304
1392	1332
1392	1346
1392	1348
1392	1351
1392	1370
1392	1398
1392	1410
1392	1412
1392	1413
1392	1418
1392	1425
1392	1430
1392	1432
1392	1434
1392	1448
1392	1453
1392	1465
1392	1487
1392	1496
1393	18
1393	23
1393	26
1393	107
1393	113
1393	175
1393	191
1393	260
1393	296
1393	305
1393	339
1393	364
1393	382
1393	400
1393	445
1393	463
1393	489
1393	542
1393	580
1393	581
1393	624
1393	672
1393	688
1393	708
1393	733
1393	770
1393	951
1393	955
1393	1017
1393	1041
1393	1086
1393	1108
1393	1118
1393	1157
1393	1183
1393	1191
1393	1231
1393	1273
1393	1305
1393	1350
1393	1356
1393	1377
1393	1380
1393	1414
1393	1444
1393	1445
1393	1469
1393	1471
1393	1472
1393	1479
1394	7
1394	10
1394	16
1394	160
1394	219
1394	223
1394	329
1394	343
1394	362
1394	496
1394	507
1394	559
1394	642
1394	697
1394	704
1394	705
1394	789
1394	863
1394	887
1394	969
1394	978
1394	982
1394	1009
1394	1015
1394	1072
1394	1106
1394	1144
1394	1162
1394	1208
1394	1225
1394	1242
1394	1270
1394	1307
1394	1325
1394	1343
1394	1354
1394	1363
1394	1365
1394	1372
1394	1395
1394	1406
1394	1416
1394	1426
1394	1427
1394	1440
1394	1455
1394	1458
1394	1479
1394	1487
1394	1499
1395	73
1395	126
1395	160
1395	316
1395	317
1395	325
1395	329
1395	347
1395	352
1395	404
1395	558
1395	559
1395	599
1395	642
1395	689
1395	704
1395	727
1395	749
1395	795
1395	819
1395	834
1395	871
1395	872
1395	875
1395	887
1395	967
1395	969
1395	978
1395	1012
1395	1053
1395	1072
1395	1144
1395	1187
1395	1208
1395	1218
1395	1225
1395	1242
1395	1245
1395	1270
1395	1307
1395	1343
1395	1372
1395	1394
1395	1406
1395	1413
1395	1426
1395	1427
1395	1440
1395	1455
1395	1479
1396	90
1396	104
1396	115
1396	130
1396	181
1396	186
1396	208
1396	236
1396	276
1396	438
1396	450
1396	459
1396	469
1396	521
1396	587
1396	589
1396	640
1396	645
1396	659
1396	692
1396	755
1396	840
1396	891
1396	946
1396	953
1396	977
1396	1006
1396	1013
1396	1018
1396	1019
1396	1037
1396	1058
1396	1070
1396	1095
1396	1102
1396	1117
1396	1143
1396	1170
1396	1207
1396	1213
1396	1214
1396	1280
1396	1338
1396	1341
1396	1350
1396	1368
1396	1388
1396	1419
1396	1432
1396	1482
1397	62
1397	108
1397	147
1397	184
1397	188
1397	193
1397	294
1397	360
1397	494
1397	594
1397	687
1397	753
1397	773
1397	775
1397	784
1397	789
1397	816
1397	821
1397	849
1397	909
1397	960
1397	985
1397	993
1397	1007
1397	1025
1397	1131
1397	1140
1397	1150
1397	1166
1397	1182
1397	1215
1397	1219
1397	1222
1397	1226
1397	1283
1397	1304
1397	1337
1397	1348
1397	1351
1397	1398
1397	1401
1397	1410
1397	1413
1397	1418
1397	1425
1397	1430
1397	1432
1397	1436
1397	1465
1397	1479
1398	3
1398	62
1398	160
1398	190
1398	193
1398	234
1398	294
1398	303
1398	356
1398	415
1398	504
1398	628
1398	700
1398	730
1398	753
1398	816
1398	950
1398	952
1398	985
1398	993
1398	1025
1398	1105
1398	1131
1398	1142
1398	1165
1398	1168
1398	1173
1398	1183
1398	1222
1398	1226
1398	1281
1398	1283
1398	1289
1398	1304
1398	1320
1398	1332
1398	1348
1398	1351
1398	1360
1398	1392
1398	1397
1398	1401
1398	1410
1398	1412
1398	1415
1398	1418
1398	1430
1398	1432
1398	1446
1398	1465
1398	1496
1399	168
1399	244
1399	261
1399	275
1399	287
1399	328
1399	343
1399	398
1399	428
1399	456
1399	532
1399	571
1399	576
1399	592
1399	603
1399	647
1399	718
1399	766
1399	829
1399	842
1399	844
1399	846
1399	856
1399	858
1399	951
1399	991
1399	994
1399	997
1399	1043
1399	1045
1399	1065
1399	1069
1399	1161
1399	1177
1399	1221
1399	1253
1399	1259
1399	1301
1399	1335
1399	1337
1399	1341
1399	1361
1399	1370
1399	1373
1399	1375
1399	1402
1399	1427
1399	1453
1399	1462
1399	1478
1399	1493
1400	148
1400	287
1400	304
1400	368
1400	379
1400	401
1400	424
1400	534
1400	651
1400	674
1400	706
1400	724
1400	728
1400	752
1400	773
1400	863
1400	881
1400	893
1400	904
1400	933
1400	1051
1400	1059
1400	1066
1400	1086
1400	1087
1400	1094
1400	1101
1400	1111
1400	1120
1400	1146
1400	1177
1400	1202
1400	1224
1400	1253
1400	1255
1400	1258
1400	1278
1400	1321
1400	1369
1400	1370
1400	1374
1400	1409
1400	1414
1400	1420
1400	1424
1400	1433
1400	1447
1400	1450
1400	1479
1400	1481
1400	1497
1401	15
1401	188
1401	199
1401	229
1401	294
1401	432
1401	494
1401	515
1401	558
1401	628
1401	629
1401	722
1401	730
1401	824
1401	872
1401	909
1401	916
1401	1007
1401	1025
1401	1100
1401	1113
1401	1142
1401	1150
1401	1171
1401	1213
1401	1219
1401	1226
1401	1242
1401	1254
1401	1276
1401	1281
1401	1283
1401	1304
1401	1332
1401	1348
1401	1351
1401	1383
1401	1397
1401	1398
1401	1412
1401	1413
1401	1418
1401	1423
1401	1425
1401	1428
1401	1430
1401	1432
1401	1465
1401	1467
1401	1491
1401	1496
1402	56
1402	57
1402	83
1402	123
1402	149
1402	158
1402	159
1402	169
1402	340
1402	365
1402	388
1402	395
1402	410
1402	420
1402	446
1402	463
1402	491
1402	528
1402	604
1402	608
1402	609
1402	622
1402	661
1402	702
1402	733
1402	779
1402	835
1402	836
1402	876
1402	914
1402	919
1402	921
1402	1039
1402	1043
1402	1116
1402	1145
1402	1154
1402	1188
1402	1317
1402	1325
1402	1327
1402	1340
1402	1352
1402	1358
1402	1359
1402	1364
1402	1384
1402	1388
1402	1399
1402	1413
1402	1435
1402	1444
1403	14
1403	125
1403	164
1403	305
1403	355
1403	371
1403	376
1403	411
1403	457
1403	472
1403	484
1403	486
1403	500
1403	502
1403	512
1403	669
1403	817
1403	888
1403	901
1403	904
1403	930
1403	947
1403	998
1403	1056
1403	1075
1403	1082
1403	1094
1403	1116
1403	1135
1403	1158
1403	1161
1403	1162
1403	1168
1403	1184
1403	1196
1403	1220
1403	1221
1403	1241
1403	1251
1403	1256
1403	1269
1403	1312
1403	1315
1403	1382
1403	1388
1403	1441
1403	1443
1403	1454
1403	1458
1403	1460
1403	1467
1403	1500
1404	145
1404	172
1404	176
1404	204
1404	207
1404	224
1404	228
1404	242
1404	253
1404	259
1404	270
1404	300
1404	429
1404	447
1404	483
1404	506
1404	533
1404	536
1404	563
1404	567
1404	591
1404	597
1404	634
1404	721
1404	761
1404	774
1404	777
1404	793
1404	870
1404	883
1404	963
1404	998
1404	1000
1404	1016
1404	1027
1404	1073
1404	1099
1404	1121
1404	1124
1404	1133
1404	1192
1404	1205
1404	1207
1404	1231
1404	1239
1404	1257
1404	1273
1404	1309
1404	1384
1404	1407
1404	1450
1404	1474
1405	49
1405	92
1405	132
1405	174
1405	247
1405	250
1405	282
1405	291
1405	295
1405	297
1405	318
1405	323
1405	350
1405	370
1405	381
1405	385
1405	407
1405	413
1405	460
1405	520
1405	612
1405	619
1405	633
1405	636
1405	746
1405	773
1405	821
1405	839
1405	841
1405	878
1405	911
1405	922
1405	924
1405	1002
1405	1034
1405	1090
1405	1103
1405	1149
1405	1153
1405	1166
1405	1172
1405	1214
1405	1231
1405	1295
1405	1309
1405	1324
1405	1389
1405	1421
1405	1424
1405	1441
1405	1449
1405	1460
1405	1463
1406	10
1406	62
1406	75
1406	96
1406	281
1406	352
1406	362
1406	421
1406	433
1406	507
1406	559
1406	599
1406	642
1406	704
1406	705
1406	727
1406	799
1406	802
1406	834
1406	871
1406	872
1406	887
1406	935
1406	981
1406	999
1406	1004
1406	1072
1406	1129
1406	1141
1406	1144
1406	1208
1406	1225
1406	1237
1406	1242
1406	1243
1406	1244
1406	1270
1406	1307
1406	1333
1406	1343
1406	1365
1406	1372
1406	1394
1406	1395
1406	1426
1406	1427
1406	1440
1406	1442
1406	1455
1406	1458
1406	1477
1406	1479
1406	1491
1407	172
1407	176
1407	204
1407	224
1407	228
1407	253
1407	259
1407	270
1407	300
1407	320
1407	429
1407	447
1407	511
1407	536
1407	563
1407	567
1407	591
1407	597
1407	761
1407	774
1407	777
1407	793
1407	807
1407	870
1407	883
1407	963
1407	979
1407	992
1407	1000
1407	1023
1407	1027
1407	1073
1407	1083
1407	1109
1407	1121
1407	1124
1407	1133
1407	1205
1407	1207
1407	1231
1407	1235
1407	1239
1407	1257
1407	1299
1407	1331
1407	1363
1407	1384
1407	1404
1407	1409
1407	1430
1407	1443
1407	1497
1407	1498
1408	53
1408	103
1408	144
1408	173
1408	330
1408	337
1408	427
1408	443
1408	480
1408	552
1408	562
1408	565
1408	617
1408	632
1408	658
1408	680
1408	694
1408	710
1408	711
1408	717
1408	806
1408	852
1408	886
1408	915
1408	927
1408	945
1408	952
1408	972
1408	982
1408	987
1408	988
1408	1001
1408	1020
1408	1036
1408	1054
1408	1061
1408	1125
1408	1134
1408	1142
1408	1175
1408	1192
1408	1302
1408	1319
1408	1345
1408	1360
1408	1371
1408	1378
1408	1436
1408	1453
1408	1454
1408	1457
1408	1463
1408	1498
1409	142
1409	252
1409	309
1409	331
1409	347
1409	348
1409	393
1409	434
1409	448
1409	471
1409	488
1409	499
1409	505
1409	519
1409	544
1409	569
1409	588
1409	668
1409	704
1409	890
1409	895
1409	944
1409	960
1409	980
1409	1044
1409	1060
1409	1067
1409	1080
1409	1104
1409	1105
1409	1127
1409	1137
1409	1161
1409	1169
1409	1189
1409	1211
1409	1220
1409	1268
1409	1278
1409	1297
1409	1327
1409	1355
1409	1400
1409	1407
1409	1411
1409	1449
1409	1452
1409	1477
1409	1484
1409	1488
1409	1491
1409	1495
1409	1499
1410	108
1410	177
1410	188
1410	197
1410	229
1410	269
1410	413
1410	415
1410	432
1410	594
1410	628
1410	669
1410	730
1410	803
1410	816
1410	824
1410	851
1410	902
1410	905
1410	985
1410	993
1410	1007
1410	1025
1410	1113
1410	1128
1410	1131
1410	1215
1410	1219
1410	1222
1410	1226
1410	1281
1410	1282
1410	1283
1410	1304
1410	1348
1410	1351
1410	1381
1410	1387
1410	1392
1410	1397
1410	1398
1410	1413
1410	1416
1410	1418
1410	1425
1410	1430
1410	1432
1410	1461
1410	1465
1410	1479
1410	1480
1410	1496
1410	1499
1411	6
1411	85
1411	125
1411	142
1411	274
1411	301
1411	393
1411	434
1411	441
1411	442
1411	488
1411	505
1411	569
1411	618
1411	620
1411	680
1411	851
1411	874
1411	884
1411	895
1411	960
1411	980
1411	985
1411	1016
1411	1044
1411	1060
1411	1104
1411	1105
1411	1127
1411	1137
1411	1159
1411	1169
1411	1189
1411	1211
1411	1220
1411	1230
1411	1252
1411	1278
1411	1297
1411	1342
1411	1352
1411	1355
1411	1357
1411	1387
1411	1409
1411	1431
1411	1437
1411	1449
1411	1452
1411	1478
1411	1480
1411	1490
1411	1491
1411	1499
1412	3
1412	15
1412	153
1412	199
1412	214
1412	229
1412	242
1412	288
1412	294
1412	400
1412	412
1412	432
1412	449
1412	504
1412	563
1412	594
1412	628
1412	722
1412	824
1412	909
1412	950
1412	993
1412	1007
1412	1025
1412	1105
1412	1113
1412	1118
1412	1131
1412	1150
1412	1219
1412	1222
1412	1250
1412	1272
1412	1281
1412	1283
1412	1286
1412	1304
1412	1314
1412	1332
1412	1351
1412	1372
1412	1380
1412	1392
1412	1398
1412	1401
1412	1413
1412	1418
1412	1430
1412	1441
1412	1450
1412	1463
1412	1465
1412	1482
1412	1496
1413	15
1413	93
1413	188
1413	190
1413	229
1413	258
1413	285
1413	360
1413	413
1413	415
1413	436
1413	449
1413	504
1413	608
1413	633
1413	702
1413	753
1413	816
1413	845
1413	905
1413	916
1413	985
1413	1007
1413	1025
1413	1054
1413	1113
1413	1131
1413	1142
1413	1150
1413	1215
1413	1226
1413	1272
1413	1281
1413	1302
1413	1304
1413	1318
1413	1332
1413	1348
1413	1351
1413	1369
1413	1392
1413	1395
1413	1397
1413	1401
1413	1402
1413	1410
1413	1412
1413	1418
1413	1425
1413	1430
1413	1432
1413	1463
1413	1465
1413	1496
1414	106
1414	140
1414	175
1414	191
1414	260
1414	302
1414	337
1414	354
1414	364
1414	400
1414	402
1414	414
1414	445
1414	489
1414	512
1414	527
1414	532
1414	550
1414	580
1414	581
1414	708
1414	784
1414	811
1414	848
1414	955
1414	972
1414	1035
1414	1066
1414	1086
1414	1096
1414	1108
1414	1152
1414	1157
1414	1183
1414	1191
1414	1224
1414	1254
1414	1273
1414	1305
1414	1359
1414	1361
1414	1366
1414	1377
1414	1380
1414	1393
1414	1400
1414	1428
1414	1430
1414	1445
1414	1451
1414	1456
1414	1471
1414	1472
1414	1473
1415	14
1415	96
1415	119
1415	129
1415	167
1415	179
1415	213
1415	263
1415	318
1415	349
1415	366
1415	374
1415	377
1415	383
1415	393
1415	399
1415	436
1415	466
1415	488
1415	501
1415	508
1415	598
1415	662
1415	783
1415	825
1415	857
1415	876
1415	921
1415	944
1415	980
1415	989
1415	1017
1415	1021
1415	1023
1415	1037
1415	1098
1415	1142
1415	1179
1415	1185
1415	1193
1415	1225
1415	1287
1415	1292
1415	1296
1415	1311
1415	1312
1415	1318
1415	1338
1415	1377
1415	1391
1415	1398
1415	1448
1415	1493
1415	1497
1416	16
1416	65
1416	97
1416	128
1416	161
1416	177
1416	261
1416	273
1416	298
1416	303
1416	315
1416	351
1416	357
1416	384
1416	396
1416	463
1416	490
1416	526
1416	559
1416	564
1416	573
1416	607
1416	630
1416	640
1416	651
1416	670
1416	671
1416	738
1416	811
1416	865
1416	876
1416	885
1416	906
1416	931
1416	939
1416	971
1416	986
1416	995
1416	1014
1416	1068
1416	1087
1416	1107
1416	1116
1416	1186
1416	1198
1416	1200
1416	1316
1416	1394
1416	1410
1416	1431
1416	1448
1416	1467
1416	1468
1416	1472
1416	1474
1417	49
1417	61
1417	84
1417	103
1417	117
1417	178
1417	224
1417	325
1417	327
1417	334
1417	342
1417	345
1417	376
1417	380
1417	394
1417	435
1417	453
1417	454
1417	519
1417	522
1417	549
1417	590
1417	621
1417	654
1417	670
1417	713
1417	771
1417	788
1417	797
1417	819
1417	851
1417	853
1417	892
1417	907
1417	938
1417	962
1417	1033
1417	1035
1417	1092
1417	1192
1417	1203
1417	1205
1417	1213
1417	1228
1417	1243
1417	1252
1417	1261
1417	1264
1417	1290
1417	1291
1417	1331
1417	1332
1417	1339
1417	1487
1417	1495
1418	3
1418	54
1418	108
1418	193
1418	229
1418	258
1418	265
1418	356
1418	360
1418	415
1418	449
1418	494
1418	722
1418	730
1418	745
1418	811
1418	815
1418	816
1418	824
1418	905
1418	909
1418	950
1418	985
1418	1007
1418	1025
1418	1040
1418	1104
1418	1105
1418	1106
1418	1113
1418	1120
1418	1138
1418	1150
1418	1199
1418	1222
1418	1226
1418	1242
1418	1281
1418	1283
1418	1348
1418	1351
1418	1383
1418	1392
1418	1397
1418	1398
1418	1401
1418	1410
1418	1412
1418	1413
1418	1425
1418	1432
1418	1438
1418	1462
1418	1489
1418	1496
1419	35
1419	104
1419	115
1419	130
1419	156
1419	165
1419	172
1419	173
1419	186
1419	208
1419	218
1419	236
1419	279
1419	313
1419	369
1419	438
1419	445
1419	450
1419	459
1419	499
1419	521
1419	589
1419	645
1419	659
1419	692
1419	742
1419	755
1419	776
1419	827
1419	891
1419	946
1419	977
1419	1006
1419	1013
1419	1018
1419	1058
1419	1070
1419	1081
1419	1095
1419	1102
1419	1103
1419	1117
1419	1119
1419	1143
1419	1170
1419	1213
1419	1214
1419	1291
1419	1321
1419	1341
1419	1350
1419	1368
1419	1388
1419	1396
1419	1459
1419	1487
1420	23
1420	148
1420	278
1420	304
1420	368
1420	379
1420	401
1420	424
1420	603
1420	623
1420	639
1420	674
1420	706
1420	709
1420	724
1420	728
1420	752
1420	773
1420	863
1420	893
1420	904
1420	908
1420	933
1420	968
1420	972
1420	987
1420	988
1420	1004
1420	1010
1420	1051
1420	1059
1420	1066
1420	1120
1420	1146
1420	1202
1420	1220
1420	1224
1420	1229
1420	1240
1420	1253
1420	1255
1420	1258
1420	1283
1420	1302
1420	1321
1420	1350
1420	1369
1420	1370
1420	1379
1420	1400
1420	1424
1420	1433
1420	1440
1420	1447
1420	1450
1420	1494
1421	31
1421	92
1421	116
1421	130
1421	132
1421	174
1421	233
1421	247
1421	250
1421	282
1421	291
1421	295
1421	297
1421	323
1421	350
1421	370
1421	381
1421	382
1421	385
1421	407
1421	445
1421	460
1421	511
1421	520
1421	577
1421	612
1421	619
1421	633
1421	636
1421	649
1421	730
1421	746
1421	821
1421	839
1421	841
1421	878
1421	922
1421	967
1421	1002
1421	1004
1421	1034
1421	1036
1421	1074
1421	1090
1421	1091
1421	1103
1421	1142
1421	1149
1421	1166
1421	1172
1421	1208
1421	1262
1421	1295
1421	1308
1421	1309
1421	1405
1422	19
1422	21
1422	64
1422	70
1422	71
1422	116
1422	131
1422	155
1422	192
1422	205
1422	215
1422	216
1422	218
1422	232
1422	249
1422	257
1422	374
1422	469
1422	482
1422	493
1422	517
1422	536
1422	543
1422	561
1422	565
1422	630
1422	641
1422	664
1422	675
1422	701
1422	708
1422	710
1422	747
1422	760
1422	764
1422	800
1422	831
1422	885
1422	906
1422	908
1422	945
1422	990
1422	1015
1422	1022
1422	1067
1422	1244
1422	1299
1422	1330
1422	1336
1422	1342
1422	1354
1422	1365
1422	1376
1422	1433
1422	1469
1422	1500
1423	67
1423	91
1423	245
1423	409
1423	423
1423	479
1423	481
1423	540
1423	596
1423	600
1423	723
1423	779
1423	780
1423	810
1423	814
1423	828
1423	843
1423	867
1423	880
1423	897
1423	900
1423	903
1423	913
1423	927
1423	976
1423	991
1423	997
1423	1065
1423	1080
1423	1088
1423	1099
1423	1100
1423	1114
1423	1123
1423	1141
1423	1163
1423	1173
1423	1176
1423	1209
1423	1212
1423	1241
1423	1274
1423	1281
1423	1282
1423	1325
1423	1379
1423	1381
1423	1401
1423	1442
1423	1445
1423	1446
1423	1461
1423	1477
1423	1481
1423	1482
1423	1483
1424	45
1424	147
1424	148
1424	150
1424	168
1424	278
1424	352
1424	368
1424	379
1424	401
1424	424
1424	507
1424	534
1424	614
1424	639
1424	674
1424	679
1424	706
1424	724
1424	728
1424	752
1424	773
1424	834
1424	857
1424	863
1424	881
1424	893
1424	904
1424	933
1424	1004
1424	1051
1424	1059
1424	1066
1424	1120
1424	1146
1424	1188
1424	1202
1424	1224
1424	1253
1424	1255
1424	1258
1424	1261
1424	1302
1424	1321
1424	1369
1424	1370
1424	1388
1424	1400
1424	1405
1424	1420
1424	1432
1424	1433
1424	1447
1424	1450
1424	1484
1424	1490
1425	15
1425	62
1425	121
1425	190
1425	199
1425	258
1425	356
1425	412
1425	413
1425	449
1425	494
1425	504
1425	540
1425	578
1425	594
1425	645
1425	657
1425	672
1425	722
1425	753
1425	795
1425	810
1425	824
1425	909
1425	985
1425	993
1425	1025
1425	1113
1425	1131
1425	1144
1425	1159
1425	1181
1425	1219
1425	1222
1425	1237
1425	1246
1425	1281
1425	1283
1425	1304
1425	1332
1425	1348
1425	1351
1425	1392
1425	1397
1425	1401
1425	1410
1425	1413
1425	1418
1425	1427
1425	1429
1425	1430
1425	1445
1425	1465
1425	1477
1425	1489
1425	1496
1426	7
1426	10
1426	75
1426	87
1426	93
1426	142
1426	223
1426	298
1426	329
1426	362
1426	404
1426	421
1426	496
1426	507
1426	558
1426	559
1426	599
1426	689
1426	799
1426	834
1426	871
1426	872
1426	895
1426	923
1426	969
1426	978
1426	981
1426	1063
1426	1072
1426	1076
1426	1079
1426	1082
1426	1105
1426	1144
1426	1158
1426	1208
1426	1209
1426	1225
1426	1242
1426	1270
1426	1286
1426	1289
1426	1296
1426	1307
1426	1343
1426	1365
1426	1372
1426	1394
1426	1395
1426	1406
1426	1427
1426	1431
1426	1440
1426	1455
1426	1458
1426	1479
1426	1488
1427	7
1427	16
1427	75
1427	160
1427	173
1427	223
1427	298
1427	316
1427	352
1427	362
1427	404
1427	406
1427	496
1427	507
1427	530
1427	558
1427	599
1427	600
1427	642
1427	644
1427	689
1427	704
1427	705
1427	727
1427	743
1427	799
1427	813
1427	860
1427	871
1427	887
1427	896
1427	930
1427	969
1427	978
1427	981
1427	1040
1427	1072
1427	1077
1427	1144
1427	1193
1427	1208
1427	1242
1427	1270
1427	1343
1427	1365
1427	1372
1427	1394
1427	1395
1427	1399
1427	1406
1427	1425
1427	1426
1427	1440
1427	1444
1427	1455
1427	1458
1427	1479
1428	3
1428	6
1428	25
1428	202
1428	212
1428	269
1428	361
1428	397
1428	581
1428	650
1428	667
1428	668
1428	691
1428	696
1428	701
1428	709
1428	726
1428	757
1428	759
1428	763
1428	765
1428	789
1428	795
1428	802
1428	822
1428	862
1428	943
1428	1037
1428	1059
1428	1095
1428	1111
1428	1124
1428	1138
1428	1147
1428	1153
1428	1160
1428	1173
1428	1191
1428	1232
1428	1248
1428	1267
1428	1279
1428	1310
1428	1318
1428	1329
1428	1342
1428	1346
1428	1401
1428	1414
1428	1439
1428	1451
1428	1463
1428	1466
1428	1483
1428	1493
1428	1497
1428	1500
1429	73
1429	144
1429	173
1429	187
1429	337
1429	356
1429	362
1429	443
1429	493
1429	543
1429	552
1429	562
1429	571
1429	617
1429	632
1429	710
1429	717
1429	782
1429	806
1429	808
1429	852
1429	867
1429	902
1429	915
1429	936
1429	952
1429	957
1429	969
1429	972
1429	987
1429	988
1429	1001
1429	1005
1429	1036
1429	1061
1429	1112
1429	1125
1429	1134
1429	1175
1429	1182
1429	1188
1429	1192
1429	1343
1429	1345
1429	1360
1429	1370
1429	1371
1429	1378
1429	1389
1429	1425
1429	1436
1429	1452
1429	1459
1429	1463
1429	1472
1429	1473
1429	1477
1430	12
1430	54
1430	62
1430	190
1430	229
1430	242
1430	294
1430	356
1430	370
1430	413
1430	415
1430	432
1430	439
1430	494
1430	573
1430	635
1430	714
1430	718
1430	722
1430	816
1430	824
1430	909
1430	950
1430	993
1430	998
1430	1025
1430	1050
1430	1142
1430	1150
1430	1168
1430	1172
1430	1196
1430	1211
1430	1215
1430	1219
1430	1222
1430	1226
1430	1244
1430	1281
1430	1283
1430	1304
1430	1332
1430	1347
1430	1348
1430	1392
1430	1397
1430	1398
1430	1401
1430	1407
1430	1410
1430	1412
1430	1413
1430	1414
1430	1425
1430	1432
1430	1465
1430	1496
1431	18
1431	142
1431	307
1431	309
1431	331
1431	347
1431	348
1431	390
1431	393
1431	428
1431	441
1431	442
1431	448
1431	505
1431	512
1431	538
1431	546
1431	569
1431	588
1431	613
1431	618
1431	656
1431	663
1431	680
1431	841
1431	874
1431	884
1431	890
1431	960
1431	980
1431	1006
1431	1034
1431	1044
1431	1060
1431	1104
1431	1105
1431	1114
1431	1127
1431	1156
1431	1159
1431	1160
1431	1169
1431	1211
1431	1220
1431	1268
1431	1278
1431	1345
1431	1355
1431	1389
1431	1411
1431	1416
1431	1426
1431	1449
1431	1452
1431	1457
1431	1472
1431	1491
1431	1499
1432	3
1432	54
1432	62
1432	81
1432	121
1432	193
1432	199
1432	273
1432	360
1432	402
1432	413
1432	415
1432	449
1432	454
1432	477
1432	612
1432	653
1432	722
1432	730
1432	734
1432	753
1432	807
1432	873
1432	877
1432	950
1432	985
1432	993
1432	1113
1432	1131
1432	1142
1432	1150
1432	1163
1432	1215
1432	1219
1432	1222
1432	1226
1432	1230
1432	1244
1432	1281
1432	1304
1432	1332
1432	1348
1432	1351
1432	1356
1432	1392
1432	1396
1432	1397
1432	1398
1432	1401
1432	1410
1432	1413
1432	1418
1432	1424
1432	1430
1432	1457
1432	1465
1432	1478
1432	1496
1433	59
1433	111
1433	132
1433	148
1433	150
1433	154
1433	304
1433	368
1433	379
1433	401
1433	424
1433	442
1433	534
1433	597
1433	639
1433	674
1433	706
1433	724
1433	728
1433	752
1433	773
1433	834
1433	863
1433	893
1433	904
1433	933
1433	968
1433	997
1433	1004
1433	1051
1433	1059
1433	1066
1433	1120
1433	1146
1433	1202
1433	1224
1433	1238
1433	1253
1433	1255
1433	1258
1433	1291
1433	1302
1433	1321
1433	1363
1433	1369
1433	1370
1433	1389
1433	1400
1433	1420
1433	1422
1433	1424
1433	1434
1433	1444
1433	1447
1433	1450
1433	1455
1433	1487
1433	1496
1434	8
1434	24
1434	124
1434	233
1434	252
1434	256
1434	427
1434	476
1434	542
1434	601
1434	648
1434	663
1434	669
1434	734
1434	735
1434	758
1434	815
1434	850
1434	861
1434	882
1434	894
1434	950
1434	970
1434	996
1434	1011
1434	1024
1434	1030
1434	1064
1434	1076
1434	1077
1434	1083
1434	1086
1434	1101
1434	1113
1434	1136
1434	1151
1434	1155
1434	1158
1434	1165
1434	1181
1434	1195
1434	1208
1434	1235
1434	1247
1434	1265
1434	1278
1434	1284
1434	1286
1434	1392
1434	1433
1434	1462
1434	1464
1434	1477
1434	1480
1434	1484
1434	1485
1434	1487
1434	1488
1434	1491
1435	57
1435	83
1435	123
1435	149
1435	158
1435	159
1435	165
1435	169
1435	200
1435	221
1435	293
1435	332
1435	340
1435	365
1435	388
1435	395
1435	446
1435	494
1435	528
1435	529
1435	600
1435	604
1435	608
1435	609
1435	622
1435	661
1435	676
1435	702
1435	712
1435	779
1435	798
1435	836
1435	855
1435	914
1435	919
1435	1039
1435	1048
1435	1049
1435	1138
1435	1145
1435	1154
1435	1163
1435	1205
1435	1217
1435	1221
1435	1306
1435	1317
1435	1325
1435	1327
1435	1350
1435	1352
1435	1355
1435	1358
1435	1359
1435	1389
1435	1402
1435	1441
1435	1461
1435	1463
1436	13
1436	73
1436	94
1436	144
1436	173
1436	286
1436	337
1436	552
1436	562
1436	565
1436	617
1436	632
1436	706
1436	710
1436	711
1436	717
1436	806
1436	808
1436	852
1436	867
1436	886
1436	889
1436	902
1436	915
1436	936
1436	941
1436	972
1436	987
1436	988
1436	1001
1436	1005
1436	1036
1436	1054
1436	1061
1436	1064
1436	1090
1436	1109
1436	1125
1436	1134
1436	1144
1436	1173
1436	1175
1436	1192
1436	1287
1436	1290
1436	1294
1436	1317
1436	1345
1436	1360
1436	1371
1436	1376
1436	1378
1436	1382
1436	1389
1436	1397
1436	1408
1436	1429
1436	1457
1436	1463
1437	13
1437	70
1437	82
1437	94
1437	225
1437	239
1437	248
1437	373
1437	387
1437	439
1437	447
1437	471
1437	509
1437	560
1437	673
1437	698
1437	719
1437	725
1437	755
1437	788
1437	809
1437	837
1437	875
1437	881
1437	899
1437	912
1437	924
1437	979
1437	989
1437	1022
1437	1061
1437	1063
1437	1111
1437	1123
1437	1134
1437	1174
1437	1212
1437	1217
1437	1245
1437	1271
1437	1276
1437	1296
1437	1334
1437	1336
1437	1338
1437	1356
1437	1357
1437	1364
1437	1367
1437	1380
1437	1385
1437	1386
1437	1411
1437	1439
1437	1456
1437	1457
1437	1475
1437	1494
1437	1497
1438	29
1438	79
1438	81
1438	122
1438	215
1438	239
1438	265
1438	267
1438	305
1438	317
1438	341
1438	354
1438	433
1438	457
1438	459
1438	467
1438	516
1438	544
1438	588
1438	606
1438	631
1438	654
1438	656
1438	676
1438	716
1438	814
1438	830
1438	859
1438	954
1438	958
1438	1001
1438	1029
1438	1031
1438	1111
1438	1155
1438	1157
1438	1218
1438	1236
1438	1240
1438	1242
1438	1263
1438	1287
1438	1289
1438	1294
1438	1314
1438	1333
1438	1340
1438	1354
1438	1376
1438	1418
1438	1444
1438	1459
1438	1468
1438	1470
1438	1472
1438	1476
1438	1489
1438	1491
1438	1493
1439	25
1439	55
1439	101
1439	199
1439	222
1439	269
1439	326
1439	335
1439	389
1439	545
1439	595
1439	620
1439	644
1439	685
1439	726
1439	737
1439	759
1439	763
1439	765
1439	768
1439	780
1439	789
1439	794
1439	802
1439	831
1439	847
1439	862
1439	889
1439	928
1439	934
1439	942
1439	943
1439	953
1439	956
1439	1049
1439	1050
1439	1109
1439	1120
1439	1138
1439	1160
1439	1190
1439	1232
1439	1248
1439	1261
1439	1267
1439	1277
1439	1279
1439	1293
1439	1329
1439	1342
1439	1385
1439	1428
1439	1437
1439	1441
1439	1451
1439	1466
1439	1483
1439	1488
1439	1496
1440	5
1440	10
1440	126
1440	160
1440	281
1440	298
1440	316
1440	329
1440	352
1440	354
1440	362
1440	372
1440	421
1440	435
1440	496
1440	507
1440	558
1440	559
1440	567
1440	642
1440	689
1440	705
1440	727
1440	834
1440	871
1440	872
1440	887
1440	978
1440	981
1440	1072
1440	1098
1440	1144
1440	1190
1440	1201
1440	1208
1440	1225
1440	1242
1440	1270
1440	1285
1440	1307
1440	1316
1440	1343
1440	1362
1440	1364
1440	1365
1440	1372
1440	1379
1440	1394
1440	1395
1440	1406
1440	1420
1440	1426
1440	1427
1440	1448
1440	1455
1440	1458
1440	1473
1440	1479
1440	1481
1441	27
1441	76
1441	80
1441	98
1441	125
1441	132
1441	209
1441	276
1441	355
1441	382
1441	462
1441	474
1441	475
1441	484
1441	485
1441	500
1441	502
1441	619
1441	653
1441	697
1441	808
1441	812
1441	864
1441	888
1441	899
1441	930
1441	947
1441	1047
1441	1056
1441	1075
1441	1094
1441	1097
1441	1116
1441	1118
1441	1135
1441	1161
1441	1168
1441	1184
1441	1196
1441	1221
1441	1233
1441	1235
1441	1251
1441	1256
1441	1268
1441	1269
1441	1282
1441	1315
1441	1382
1441	1387
1441	1403
1441	1405
1441	1412
1441	1435
1441	1439
1441	1443
1441	1454
1441	1460
1441	1500
1442	26
1442	63
1442	91
1442	203
1442	217
1442	234
1442	245
1442	306
1442	342
1442	416
1442	477
1442	478
1442	481
1442	533
1442	535
1442	540
1442	583
1442	596
1442	657
1442	664
1442	775
1442	780
1442	791
1442	810
1442	862
1442	897
1442	900
1442	903
1442	913
1442	927
1442	940
1442	957
1442	974
1442	976
1442	1015
1442	1019
1442	1088
1442	1099
1442	1100
1442	1123
1442	1132
1442	1148
1442	1163
1442	1173
1442	1176
1442	1180
1442	1201
1442	1241
1442	1274
1442	1284
1442	1317
1442	1379
1442	1406
1442	1423
1442	1446
1442	1453
1442	1461
1442	1481
1442	1482
1442	1484
1443	11
1443	27
1443	29
1443	58
1443	61
1443	114
1443	141
1443	237
1443	276
1443	283
1443	314
1443	346
1443	369
1443	375
1443	382
1443	411
1443	424
1443	462
1443	484
1443	485
1443	486
1443	500
1443	502
1443	510
1443	525
1443	640
1443	697
1443	715
1443	726
1443	728
1443	730
1443	903
1443	930
1443	962
1443	998
1443	1032
1443	1035
1443	1042
1443	1084
1443	1094
1443	1097
1443	1116
1443	1168
1443	1184
1443	1221
1443	1228
1443	1235
1443	1251
1443	1269
1443	1315
1443	1331
1443	1347
1443	1382
1443	1403
1443	1407
1443	1441
1443	1454
1443	1460
1443	1499
1443	1500
1444	39
1444	68
1444	69
1444	81
1444	134
1444	192
1444	198
1444	210
1444	280
1444	289
1444	391
1444	392
1444	453
1444	497
1444	498
1444	536
1444	638
1444	713
1444	736
1444	769
1444	778
1444	798
1444	833
1444	854
1444	860
1444	879
1444	911
1444	921
1444	925
1444	952
1444	965
1444	967
1444	984
1444	999
1444	1047
1444	1053
1444	1075
1444	1130
1444	1140
1444	1141
1444	1167
1444	1173
1444	1199
1444	1203
1444	1233
1444	1266
1444	1272
1444	1275
1444	1319
1444	1324
1444	1386
1444	1393
1444	1402
1444	1427
1444	1433
1444	1438
1444	1480
1444	1489
1444	1490
1444	1500
1445	12
1445	80
1445	113
1445	140
1445	296
1445	339
1445	364
1445	402
1445	414
1445	417
1445	445
1445	489
1445	512
1445	550
1445	624
1445	637
1445	666
1445	672
1445	688
1445	693
1445	708
1445	733
1445	770
1445	784
1445	786
1445	833
1445	940
1445	941
1445	955
1445	972
1445	1001
1445	1041
1445	1069
1445	1086
1445	1096
1445	1108
1445	1152
1445	1157
1445	1167
1445	1183
1445	1187
1445	1191
1445	1254
1445	1271
1445	1273
1445	1305
1445	1322
1445	1377
1445	1380
1445	1393
1445	1414
1445	1423
1445	1425
1445	1458
1445	1464
1445	1471
1445	1472
1445	1473
1445	1486
1445	1496
1446	26
1446	29
1446	56
1446	67
1446	203
1446	245
1446	299
1446	342
1446	355
1446	397
1446	409
1446	479
1446	520
1446	533
1446	535
1446	551
1446	582
1446	583
1446	614
1446	740
1446	758
1446	772
1446	780
1446	791
1446	810
1446	825
1446	843
1446	900
1446	903
1446	913
1446	927
1446	937
1446	976
1446	997
1446	998
1446	1019
1446	1065
1446	1080
1446	1088
1446	1114
1446	1123
1446	1163
1446	1176
1446	1179
1446	1201
1446	1214
1446	1241
1446	1260
1446	1274
1446	1326
1446	1356
1446	1372
1446	1379
1446	1398
1446	1423
1446	1442
1446	1461
1446	1477
1446	1481
1446	1482
1447	59
1447	70
1447	148
1447	150
1447	204
1447	278
1447	304
1447	368
1447	379
1447	401
1447	424
1447	506
1447	534
1447	603
1447	639
1447	674
1447	675
1447	686
1447	706
1447	707
1447	722
1447	724
1447	728
1447	752
1447	756
1447	773
1447	863
1447	883
1447	893
1447	898
1447	904
1447	933
1447	968
1447	1004
1447	1051
1447	1059
1447	1066
1447	1075
1447	1120
1447	1121
1447	1146
1447	1202
1447	1217
1447	1224
1447	1229
1447	1253
1447	1255
1447	1258
1447	1289
1447	1302
1447	1321
1447	1331
1447	1368
1447	1369
1447	1370
1447	1400
1447	1420
1447	1424
1447	1433
1447	1450
1448	90
1448	97
1448	109
1448	128
1448	139
1448	161
1448	177
1448	220
1448	261
1448	315
1448	351
1448	357
1448	396
1448	456
1448	463
1448	464
1448	490
1448	524
1448	564
1448	568
1448	573
1448	607
1448	630
1448	651
1448	671
1448	738
1448	777
1448	811
1448	832
1448	841
1448	865
1448	939
1448	961
1448	971
1448	979
1448	986
1448	995
1448	1014
1448	1045
1448	1068
1448	1087
1448	1107
1448	1131
1448	1186
1448	1198
1448	1200
1448	1238
1448	1262
1448	1277
1448	1307
1448	1333
1448	1382
1448	1392
1448	1415
1448	1416
1448	1440
1448	1461
1448	1467
1448	1468
1448	1474
1448	1475
1449	18
1449	85
1449	231
1449	262
1449	274
1449	301
1449	309
1449	331
1449	348
1449	434
1449	442
1449	448
1449	488
1449	499
1449	505
1449	544
1449	546
1449	568
1449	569
1449	573
1449	587
1449	618
1449	672
1449	680
1449	704
1449	832
1449	874
1449	890
1449	895
1449	960
1449	980
1449	1044
1449	1060
1449	1068
1449	1078
1449	1097
1449	1105
1449	1137
1449	1169
1449	1189
1449	1192
1449	1211
1449	1220
1449	1260
1449	1268
1449	1278
1449	1297
1449	1321
1449	1333
1449	1337
1449	1344
1449	1355
1449	1405
1449	1409
1449	1411
1449	1431
1449	1452
1449	1491
1449	1492
1449	1494
1449	1499
1450	59
1450	148
1450	150
1450	175
1450	205
1450	278
1450	304
1450	324
1450	368
1450	379
1450	401
1450	424
1450	454
1450	534
1450	639
1450	670
1450	674
1450	693
1450	706
1450	724
1450	728
1450	752
1450	773
1450	816
1450	863
1450	880
1450	893
1450	904
1450	925
1450	933
1450	968
1450	1004
1450	1025
1450	1051
1450	1059
1450	1066
1450	1092
1450	1120
1450	1130
1450	1146
1450	1202
1450	1224
1450	1253
1450	1255
1450	1258
1450	1270
1450	1287
1450	1302
1450	1304
1450	1321
1450	1339
1450	1369
1450	1370
1450	1371
1450	1400
1450	1404
1450	1412
1450	1420
1450	1424
1450	1433
1450	1447
1451	11
1451	25
1451	55
1451	112
1451	137
1451	202
1451	269
1451	291
1451	335
1451	361
1451	389
1451	468
1451	545
1451	555
1451	557
1451	595
1451	644
1451	667
1451	685
1451	701
1451	726
1451	759
1451	763
1451	769
1451	795
1451	802
1451	818
1451	864
1451	877
1451	899
1451	934
1451	956
1451	984
1451	1016
1451	1037
1451	1050
1451	1125
1451	1138
1451	1139
1451	1153
1451	1160
1451	1191
1451	1232
1451	1248
1451	1267
1451	1279
1451	1308
1451	1328
1451	1329
1451	1342
1451	1346
1451	1365
1451	1377
1451	1379
1451	1414
1451	1428
1451	1439
1451	1466
1451	1475
1451	1483
1451	1490
1452	4
1452	18
1452	72
1452	231
1452	240
1452	301
1452	309
1452	312
1452	331
1452	347
1452	441
1452	448
1452	488
1452	499
1452	544
1452	546
1452	587
1452	613
1452	618
1452	680
1452	730
1452	843
1452	874
1452	890
1452	895
1452	980
1452	987
1452	1013
1452	1044
1452	1060
1452	1104
1452	1105
1452	1127
1452	1137
1452	1159
1452	1166
1452	1167
1452	1169
1452	1177
1452	1189
1452	1211
1452	1220
1452	1222
1452	1268
1452	1278
1452	1292
1452	1297
1452	1318
1452	1345
1452	1355
1452	1373
1452	1374
1452	1379
1452	1409
1452	1411
1452	1429
1452	1431
1452	1449
1452	1464
1452	1491
1452	1499
1453	20
1453	47
1453	102
1453	168
1453	201
1453	240
1453	244
1453	275
1453	387
1453	398
1453	416
1453	451
1453	478
1453	480
1453	487
1453	532
1453	571
1453	576
1453	585
1453	586
1453	647
1453	684
1453	718
1453	721
1453	762
1453	766
1453	829
1453	856
1453	858
1453	943
1453	951
1453	991
1453	994
1453	1009
1453	1045
1453	1069
1453	1087
1453	1102
1453	1113
1453	1122
1453	1140
1453	1177
1453	1188
1453	1194
1453	1259
1453	1281
1453	1301
1453	1335
1453	1337
1453	1341
1453	1348
1453	1373
1453	1392
1453	1399
1453	1408
1453	1442
1453	1461
1453	1462
1453	1467
1453	1478
1453	1479
1454	98
1454	105
1454	114
1454	141
1454	199
1454	272
1454	314
1454	346
1454	360
1454	371
1454	375
1454	382
1454	416
1454	444
1454	464
1454	472
1454	475
1454	484
1454	486
1454	510
1454	525
1454	651
1454	653
1454	679
1454	715
1454	812
1454	901
1454	916
1454	930
1454	956
1454	962
1454	995
1454	998
1454	1039
1454	1042
1454	1050
1454	1056
1454	1094
1454	1116
1454	1135
1454	1161
1454	1164
1454	1168
1454	1184
1454	1196
1454	1213
1454	1221
1454	1243
1454	1248
1454	1251
1454	1256
1454	1269
1454	1315
1454	1349
1454	1382
1454	1385
1454	1403
1454	1408
1454	1441
1454	1443
1454	1460
1454	1500
1455	7
1455	16
1455	126
1455	160
1455	223
1455	236
1455	281
1455	316
1455	329
1455	362
1455	404
1455	420
1455	421
1455	474
1455	496
1455	559
1455	599
1455	689
1455	704
1455	705
1455	727
1455	732
1455	799
1455	834
1455	871
1455	872
1455	887
1455	963
1455	969
1455	978
1455	981
1455	988
1455	1017
1455	1072
1455	1142
1455	1144
1455	1152
1455	1153
1455	1194
1455	1208
1455	1211
1455	1225
1455	1233
1455	1240
1455	1242
1455	1270
1455	1307
1455	1343
1455	1362
1455	1365
1455	1372
1455	1394
1455	1395
1455	1406
1455	1426
1455	1427
1455	1433
1455	1440
1455	1458
1455	1469
1455	1479
1455	1490
1456	2
1456	5
1456	13
1456	42
1456	48
1456	82
1456	88
1456	154
1456	181
1456	242
1456	287
1456	439
1456	504
1456	509
1456	523
1456	560
1456	575
1456	673
1456	698
1456	699
1456	725
1456	729
1456	775
1456	785
1456	809
1456	814
1456	837
1456	875
1456	881
1456	899
1456	979
1456	999
1456	1048
1456	1063
1456	1174
1456	1202
1456	1203
1456	1212
1456	1217
1456	1270
1456	1276
1456	1296
1456	1320
1456	1334
1456	1336
1456	1338
1456	1356
1456	1357
1456	1364
1456	1367
1456	1380
1456	1385
1456	1386
1456	1388
1456	1414
1456	1437
1456	1457
1456	1462
1456	1475
1456	1494
1456	1497
1456	1498
1457	2
1457	5
1457	48
1457	85
1457	181
1457	183
1457	225
1457	248
1457	287
1457	325
1457	373
1457	439
1457	471
1457	497
1457	523
1457	560
1457	564
1457	632
1457	673
1457	698
1457	719
1457	725
1457	775
1457	809
1457	842
1457	875
1457	881
1457	899
1457	911
1457	912
1457	924
1457	958
1457	979
1457	1063
1457	1174
1457	1212
1457	1217
1457	1276
1457	1295
1457	1296
1457	1334
1457	1336
1457	1338
1457	1356
1457	1357
1457	1364
1457	1367
1457	1369
1457	1378
1457	1385
1457	1386
1457	1408
1457	1431
1457	1432
1457	1436
1457	1437
1457	1456
1457	1472
1457	1473
1457	1475
1457	1492
1457	1494
1457	1497
1458	7
1458	16
1458	75
1458	115
1458	116
1458	130
1458	223
1458	281
1458	290
1458	298
1458	316
1458	352
1458	404
1458	421
1458	496
1458	507
1458	518
1458	558
1458	559
1458	599
1458	642
1458	689
1458	704
1458	705
1458	727
1458	799
1458	834
1458	871
1458	872
1458	887
1458	918
1458	969
1458	972
1458	978
1458	981
1458	1121
1458	1136
1458	1144
1458	1208
1458	1225
1458	1242
1458	1248
1458	1270
1458	1307
1458	1316
1458	1324
1458	1343
1458	1360
1458	1363
1458	1365
1458	1372
1458	1374
1458	1385
1458	1394
1458	1403
1458	1406
1458	1426
1458	1427
1458	1440
1458	1445
1458	1455
1458	1471
1458	1479
1459	29
1459	79
1459	95
1459	103
1459	165
1459	239
1459	305
1459	317
1459	324
1459	341
1459	354
1459	433
1459	467
1459	491
1459	606
1459	631
1459	653
1459	656
1459	658
1459	676
1459	694
1459	703
1459	716
1459	729
1459	751
1459	775
1459	807
1459	812
1459	814
1459	830
1459	859
1459	861
1459	926
1459	954
1459	958
1459	966
1459	1016
1459	1029
1459	1031
1459	1036
1459	1048
1459	1111
1459	1126
1459	1129
1459	1155
1459	1236
1459	1240
1459	1263
1459	1283
1459	1287
1459	1314
1459	1333
1459	1340
1459	1349
1459	1354
1459	1419
1459	1429
1459	1438
1459	1470
1459	1476
1459	1487
1459	1493
1459	1500
1460	11
1460	33
1460	58
1460	76
1460	140
1460	272
1460	293
1460	314
1460	375
1460	382
1460	444
1460	474
1460	475
1460	484
1460	485
1460	486
1460	502
1460	621
1460	625
1460	653
1460	697
1460	714
1460	715
1460	796
1460	817
1460	857
1460	886
1460	901
1460	930
1460	947
1460	954
1460	962
1460	998
1460	1042
1460	1056
1460	1068
1460	1079
1460	1097
1460	1116
1460	1135
1460	1161
1460	1168
1460	1171
1460	1184
1460	1196
1460	1221
1460	1235
1460	1251
1460	1264
1460	1269
1460	1315
1460	1328
1460	1351
1460	1367
1460	1382
1460	1403
1460	1405
1460	1441
1460	1443
1460	1454
1460	1468
1460	1482
1460	1500
1461	21
1461	26
1461	203
1461	217
1461	234
1461	269
1461	342
1461	348
1461	365
1461	409
1461	423
1461	479
1461	481
1461	535
1461	540
1461	551
1461	639
1461	723
1461	758
1461	774
1461	784
1461	791
1461	810
1461	825
1461	843
1461	897
1461	900
1461	903
1461	913
1461	954
1461	957
1461	977
1461	997
1461	1080
1461	1088
1461	1099
1461	1100
1461	1114
1461	1123
1461	1132
1461	1157
1461	1163
1461	1173
1461	1176
1461	1201
1461	1210
1461	1253
1461	1274
1461	1282
1461	1333
1461	1379
1461	1385
1461	1410
1461	1423
1461	1435
1461	1442
1461	1446
1461	1448
1461	1453
1461	1477
1461	1481
1461	1482
1461	1492
1462	20
1462	44
1462	47
1462	102
1462	163
1462	168
1462	226
1462	240
1462	244
1462	275
1462	307
1462	343
1462	398
1462	407
1462	416
1462	451
1462	487
1462	532
1462	576
1462	585
1462	586
1462	592
1462	603
1462	647
1462	677
1462	718
1462	762
1462	766
1462	829
1462	842
1462	844
1462	856
1462	858
1462	917
1462	951
1462	987
1462	994
1462	1014
1462	1043
1462	1045
1462	1069
1462	1177
1462	1188
1462	1194
1462	1219
1462	1246
1462	1250
1462	1259
1462	1270
1462	1301
1462	1306
1462	1317
1462	1335
1462	1337
1462	1338
1462	1341
1462	1348
1462	1399
1462	1418
1462	1434
1462	1453
1462	1456
1462	1478
1463	73
1463	144
1463	187
1463	286
1463	288
1463	330
1463	337
1463	443
1463	495
1463	552
1463	562
1463	617
1463	632
1463	658
1463	710
1463	711
1463	717
1463	782
1463	806
1463	808
1463	849
1463	852
1463	867
1463	886
1463	902
1463	906
1463	915
1463	936
1463	952
1463	972
1463	982
1463	987
1463	988
1463	1001
1463	1005
1463	1025
1463	1028
1463	1036
1463	1054
1463	1061
1463	1077
1463	1111
1463	1125
1463	1134
1463	1170
1463	1175
1463	1176
1463	1192
1463	1195
1463	1253
1463	1360
1463	1371
1463	1378
1463	1389
1463	1390
1463	1391
1463	1405
1463	1408
1463	1412
1463	1413
1463	1428
1463	1429
1463	1435
1463	1436
1464	24
1464	36
1464	60
1464	162
1464	214
1464	233
1464	252
1464	283
1464	299
1464	307
1464	330
1464	347
1464	421
1464	427
1464	474
1464	476
1464	634
1464	647
1464	648
1464	669
1464	702
1464	720
1464	734
1464	735
1464	781
1464	815
1464	823
1464	850
1464	882
1464	894
1464	935
1464	970
1464	973
1464	996
1464	1009
1464	1026
1464	1030
1464	1064
1464	1076
1464	1077
1464	1083
1464	1101
1464	1112
1464	1118
1464	1136
1464	1150
1464	1165
1464	1181
1464	1195
1464	1196
1464	1267
1464	1286
1464	1308
1464	1313
1464	1381
1464	1382
1464	1434
1464	1445
1464	1452
1464	1484
1464	1485
1464	1487
1464	1488
1464	1492
1465	121
1465	193
1465	242
1465	268
1465	273
1465	294
1465	322
1465	356
1465	412
1465	413
1465	415
1465	432
1465	449
1465	494
1465	594
1465	605
1465	628
1465	635
1465	662
1465	722
1465	753
1465	816
1465	824
1465	856
1465	860
1465	905
1465	909
1465	942
1465	957
1465	985
1465	993
1465	1001
1465	1007
1465	1025
1465	1131
1465	1150
1465	1189
1465	1191
1465	1207
1465	1215
1465	1219
1465	1222
1465	1224
1465	1226
1465	1270
1465	1281
1465	1283
1465	1304
1465	1332
1465	1336
1465	1382
1465	1392
1465	1397
1465	1398
1465	1401
1465	1410
1465	1412
1465	1413
1465	1425
1465	1430
1465	1432
1465	1470
1465	1496
1465	1500
1466	9
1466	55
1466	101
1466	131
1466	143
1466	184
1466	212
1466	222
1466	389
1466	468
1466	545
1466	555
1466	557
1466	595
1466	644
1466	668
1466	701
1466	709
1466	726
1466	744
1466	757
1466	759
1466	763
1466	802
1466	822
1466	824
1466	832
1466	847
1466	862
1466	864
1466	869
1466	877
1466	934
1466	942
1466	953
1466	956
1466	1003
1466	1033
1466	1037
1466	1050
1466	1071
1466	1109
1466	1120
1466	1153
1466	1160
1466	1166
1466	1218
1466	1232
1466	1236
1466	1248
1466	1279
1466	1294
1466	1310
1466	1320
1466	1329
1466	1342
1466	1373
1466	1379
1466	1387
1466	1428
1466	1439
1466	1451
1466	1482
1466	1483
1466	1488
1467	65
1467	97
1467	109
1467	128
1467	139
1467	161
1467	177
1467	219
1467	220
1467	261
1467	274
1467	303
1467	315
1467	351
1467	357
1467	375
1467	396
1467	448
1467	463
1467	464
1467	490
1467	524
1467	564
1467	565
1467	570
1467	573
1467	607
1467	630
1467	640
1467	651
1467	671
1467	738
1467	778
1467	811
1467	823
1467	825
1467	832
1467	865
1467	928
1467	931
1467	939
1467	946
1467	971
1467	995
1467	1014
1467	1068
1467	1087
1467	1107
1467	1171
1467	1186
1467	1198
1467	1200
1467	1204
1467	1323
1467	1352
1467	1357
1467	1370
1467	1401
1467	1403
1467	1416
1467	1448
1467	1453
1467	1468
1467	1474
1467	1498
1468	65
1468	90
1468	109
1468	128
1468	139
1468	161
1468	162
1468	177
1468	220
1468	261
1468	303
1468	315
1468	351
1468	357
1468	396
1468	464
1468	490
1468	492
1468	497
1468	524
1468	564
1468	570
1468	573
1468	607
1468	621
1468	630
1468	638
1468	640
1468	651
1468	671
1468	738
1468	811
1468	821
1468	832
1468	857
1468	865
1468	931
1468	939
1468	971
1468	986
1468	995
1468	1014
1468	1068
1468	1087
1468	1105
1468	1107
1468	1140
1468	1154
1468	1186
1468	1198
1468	1200
1468	1209
1468	1247
1468	1304
1468	1350
1468	1365
1468	1416
1468	1438
1468	1448
1468	1460
1468	1467
1468	1469
1468	1474
1468	1490
1468	1495
1469	4
1469	93
1469	152
1469	166
1469	190
1469	268
1469	332
1469	336
1469	419
1469	422
1469	487
1469	503
1469	506
1469	531
1469	615
1469	623
1469	686
1469	692
1469	693
1469	754
1469	780
1469	790
1469	805
1469	826
1469	838
1469	856
1469	896
1469	898
1469	928
1469	941
1469	951
1469	1089
1469	1091
1469	1093
1469	1112
1469	1122
1469	1128
1469	1129
1469	1154
1469	1192
1469	1206
1469	1210
1469	1217
1469	1223
1469	1230
1469	1246
1469	1262
1469	1264
1469	1266
1469	1297
1469	1300
1469	1323
1469	1347
1469	1367
1469	1383
1469	1393
1469	1422
1469	1455
1469	1468
1469	1471
1469	1474
1469	1478
1469	1481
1469	1486
1469	1487
1469	1495
1469	1498
1470	79
1470	95
1470	204
1470	212
1470	239
1470	265
1470	267
1470	305
1470	317
1470	324
1470	341
1470	354
1470	433
1470	457
1470	516
1470	606
1470	631
1470	656
1470	676
1470	682
1470	703
1470	716
1470	751
1470	805
1470	814
1470	830
1470	837
1470	859
1470	926
1470	930
1470	954
1470	958
1470	963
1470	1002
1470	1003
1470	1012
1470	1016
1470	1029
1470	1031
1470	1048
1470	1110
1470	1111
1470	1132
1470	1150
1470	1155
1470	1179
1470	1218
1470	1236
1470	1240
1470	1263
1470	1273
1470	1287
1470	1289
1470	1302
1470	1314
1470	1333
1470	1340
1470	1345
1470	1349
1470	1354
1470	1355
1470	1438
1470	1459
1470	1465
1470	1476
1470	1486
1470	1493
1471	23
1471	27
1471	80
1471	175
1471	191
1471	296
1471	302
1471	339
1471	353
1471	364
1471	400
1471	410
1471	414
1471	417
1471	441
1471	443
1471	489
1471	511
1471	512
1471	542
1471	550
1471	580
1471	581
1471	593
1471	624
1471	666
1471	688
1471	733
1471	770
1471	784
1471	786
1471	820
1471	848
1471	865
1471	870
1471	927
1471	930
1471	943
1471	955
1471	1003
1471	1007
1471	1041
1471	1079
1471	1086
1471	1090
1471	1096
1471	1108
1471	1112
1471	1152
1471	1157
1471	1191
1471	1254
1471	1256
1471	1273
1471	1325
1471	1366
1471	1372
1471	1377
1471	1380
1471	1393
1471	1414
1471	1445
1471	1458
1471	1469
1471	1472
1471	1473
1471	1491
1472	12
1472	23
1472	41
1472	106
1472	113
1472	140
1472	212
1472	226
1472	260
1472	296
1472	302
1472	325
1472	339
1472	353
1472	364
1472	372
1472	400
1472	402
1472	417
1472	445
1472	489
1472	550
1472	567
1472	580
1472	587
1472	593
1472	624
1472	666
1472	670
1472	672
1472	733
1472	770
1472	784
1472	786
1472	799
1472	833
1472	848
1472	872
1472	900
1472	955
1472	956
1472	1041
1472	1086
1472	1096
1472	1108
1472	1152
1472	1157
1472	1183
1472	1191
1472	1254
1472	1273
1472	1305
1472	1355
1472	1363
1472	1366
1472	1377
1472	1380
1472	1393
1472	1414
1472	1416
1472	1429
1472	1431
1472	1438
1472	1445
1472	1457
1472	1471
1472	1473
1473	12
1473	80
1473	106
1473	113
1473	140
1473	175
1473	191
1473	260
1473	272
1473	296
1473	302
1473	319
1473	339
1473	340
1473	353
1473	400
1473	402
1473	410
1473	414
1473	445
1473	448
1473	489
1473	490
1473	512
1473	542
1473	547
1473	550
1473	580
1473	581
1473	593
1473	624
1473	666
1473	672
1473	685
1473	708
1473	770
1473	784
1473	786
1473	848
1473	1041
1473	1086
1473	1096
1473	1104
1473	1152
1473	1157
1473	1158
1473	1183
1473	1222
1473	1254
1473	1269
1473	1273
1473	1293
1473	1298
1473	1305
1473	1323
1473	1330
1473	1334
1473	1366
1473	1377
1473	1380
1473	1414
1473	1429
1473	1440
1473	1445
1473	1457
1473	1471
1473	1472
1473	1489
1474	59
1474	65
1474	90
1474	97
1474	101
1474	109
1474	128
1474	139
1474	161
1474	177
1474	220
1474	261
1474	275
1474	303
1474	315
1474	351
1474	357
1474	396
1474	463
1474	464
1474	490
1474	524
1474	526
1474	564
1474	570
1474	573
1474	607
1474	630
1474	640
1474	651
1474	665
1474	671
1474	706
1474	738
1474	765
1474	783
1474	790
1474	811
1474	832
1474	865
1474	931
1474	939
1474	971
1474	986
1474	995
1474	1014
1474	1068
1474	1087
1474	1107
1474	1142
1474	1186
1474	1194
1474	1198
1474	1200
1474	1247
1474	1307
1474	1323
1474	1343
1474	1388
1474	1404
1474	1416
1474	1448
1474	1467
1474	1468
1474	1469
1474	1477
1474	1478
1474	1490
1475	2
1475	5
1475	13
1475	40
1475	48
1475	162
1475	181
1475	183
1475	213
1475	225
1475	287
1475	322
1475	323
1475	439
1475	509
1475	523
1475	560
1475	566
1475	575
1475	652
1475	672
1475	673
1475	698
1475	699
1475	717
1475	725
1475	729
1475	809
1475	837
1475	875
1475	881
1475	899
1475	912
1475	924
1475	928
1475	937
1475	941
1475	952
1475	954
1475	979
1475	1015
1475	1041
1475	1063
1475	1102
1475	1127
1475	1163
1475	1174
1475	1212
1475	1217
1475	1276
1475	1296
1475	1334
1475	1336
1475	1338
1475	1356
1475	1357
1475	1364
1475	1367
1475	1385
1475	1386
1475	1391
1475	1437
1475	1448
1475	1451
1475	1456
1475	1457
1475	1487
1475	1494
1475	1497
1476	4
1476	29
1476	79
1476	95
1476	114
1476	143
1476	239
1476	265
1476	305
1476	317
1476	324
1476	334
1476	341
1476	354
1476	433
1476	457
1476	467
1476	502
1476	516
1476	606
1476	631
1476	656
1476	676
1476	688
1476	703
1476	716
1476	751
1476	804
1476	812
1476	814
1476	859
1476	865
1476	904
1476	926
1476	954
1476	958
1476	1016
1476	1029
1476	1031
1476	1048
1476	1051
1476	1111
1476	1139
1476	1154
1476	1155
1476	1169
1476	1218
1476	1236
1476	1240
1476	1255
1476	1262
1476	1263
1476	1269
1476	1279
1476	1287
1476	1289
1476	1293
1476	1308
1476	1314
1476	1333
1476	1335
1476	1340
1476	1349
1476	1354
1476	1386
1476	1438
1476	1459
1476	1470
1476	1493
1477	26
1477	63
1477	67
1477	203
1477	234
1477	245
1477	320
1477	332
1477	342
1477	423
1477	427
1477	481
1477	515
1477	533
1477	535
1477	540
1477	551
1477	583
1477	596
1477	718
1477	740
1477	758
1477	780
1477	791
1477	810
1477	825
1477	839
1477	861
1477	897
1477	900
1477	903
1477	909
1477	957
1477	976
1477	997
1477	1019
1477	1055
1477	1065
1477	1080
1477	1088
1477	1099
1477	1114
1477	1120
1477	1123
1477	1132
1477	1141
1477	1163
1477	1173
1477	1176
1477	1201
1477	1234
1477	1235
1477	1241
1477	1274
1477	1282
1477	1308
1477	1379
1477	1406
1477	1409
1477	1423
1477	1425
1477	1429
1477	1434
1477	1446
1477	1461
1477	1474
1477	1481
1477	1482
1477	1493
1478	20
1478	47
1478	104
1478	168
1478	215
1478	240
1478	244
1478	307
1478	328
1478	342
1478	343
1478	387
1478	398
1478	416
1478	451
1478	478
1478	487
1478	532
1478	571
1478	573
1478	576
1478	585
1478	586
1478	592
1478	603
1478	620
1478	647
1478	684
1478	718
1478	762
1478	766
1478	829
1478	833
1478	842
1478	844
1478	856
1478	858
1478	915
1478	951
1478	963
1478	978
1478	991
1478	994
1478	1016
1478	1043
1478	1045
1478	1054
1478	1069
1478	1108
1478	1177
1478	1188
1478	1194
1478	1218
1478	1227
1478	1230
1478	1259
1478	1281
1478	1301
1478	1335
1478	1337
1478	1341
1478	1373
1478	1399
1478	1411
1478	1432
1478	1453
1478	1462
1478	1469
1478	1474
1478	1487
1479	10
1479	16
1479	126
1479	160
1479	176
1479	219
1479	223
1479	228
1479	281
1479	298
1479	316
1479	329
1479	352
1479	362
1479	404
1479	421
1479	495
1479	496
1479	507
1479	515
1479	558
1479	559
1479	564
1479	599
1479	642
1479	672
1479	689
1479	704
1479	705
1479	727
1479	799
1479	822
1479	834
1479	872
1479	887
1479	949
1479	965
1479	969
1479	978
1479	981
1479	1053
1479	1072
1479	1134
1479	1144
1479	1208
1479	1225
1479	1240
1479	1242
1479	1270
1479	1271
1479	1275
1479	1280
1479	1307
1479	1343
1479	1365
1479	1372
1479	1393
1479	1394
1479	1395
1479	1397
1479	1400
1479	1406
1479	1410
1479	1426
1479	1427
1479	1440
1479	1453
1479	1455
1479	1458
1479	1499
1480	8
1480	41
1480	60
1480	87
1480	172
1480	214
1480	246
1480	252
1480	256
1480	284
1480	299
1480	316
1480	326
1480	361
1480	367
1480	378
1480	405
1480	427
1480	448
1480	473
1480	601
1480	648
1480	663
1480	669
1480	720
1480	735
1480	809
1480	823
1480	827
1480	850
1480	861
1480	871
1480	879
1480	882
1480	885
1480	894
1480	899
1480	970
1480	996
1480	1009
1480	1026
1480	1030
1480	1064
1480	1071
1480	1076
1480	1083
1480	1085
1480	1101
1480	1118
1480	1136
1480	1158
1480	1165
1480	1181
1480	1194
1480	1215
1480	1221
1480	1247
1480	1288
1480	1376
1480	1377
1480	1381
1480	1410
1480	1411
1480	1434
1480	1444
1480	1484
1480	1485
1480	1487
1480	1488
1480	1492
1481	67
1481	91
1481	203
1481	234
1481	245
1481	263
1481	335
1481	342
1481	409
1481	419
1481	423
1481	479
1481	481
1481	490
1481	533
1481	535
1481	540
1481	542
1481	551
1481	583
1481	596
1481	729
1481	740
1481	758
1481	770
1481	780
1481	791
1481	825
1481	843
1481	897
1481	900
1481	903
1481	913
1481	957
1481	976
1481	987
1481	997
1481	1080
1481	1088
1481	1090
1481	1099
1481	1100
1481	1114
1481	1123
1481	1132
1481	1163
1481	1173
1481	1201
1481	1241
1481	1274
1481	1282
1481	1309
1481	1314
1481	1323
1481	1328
1481	1333
1481	1358
1481	1364
1481	1376
1481	1379
1481	1400
1481	1423
1481	1440
1481	1442
1481	1446
1481	1461
1481	1469
1481	1477
1481	1482
1481	1486
1482	26
1482	67
1482	91
1482	186
1482	203
1482	217
1482	234
1482	338
1482	342
1482	369
1482	423
1482	440
1482	481
1482	507
1482	540
1482	551
1482	596
1482	723
1482	757
1482	758
1482	776
1482	780
1482	790
1482	791
1482	804
1482	825
1482	843
1482	868
1482	897
1482	900
1482	903
1482	913
1482	914
1482	916
1482	927
1482	957
1482	960
1482	976
1482	997
1482	1019
1482	1065
1482	1080
1482	1088
1482	1099
1482	1100
1482	1114
1482	1123
1482	1132
1482	1153
1482	1163
1482	1173
1482	1176
1482	1201
1482	1241
1482	1242
1482	1247
1482	1274
1482	1282
1482	1294
1482	1379
1482	1396
1482	1412
1482	1423
1482	1442
1482	1446
1482	1460
1482	1461
1482	1466
1482	1477
1482	1481
1483	6
1483	9
1483	25
1483	101
1483	137
1483	161
1483	202
1483	222
1483	269
1483	300
1483	361
1483	389
1483	468
1483	545
1483	594
1483	595
1483	644
1483	665
1483	667
1483	668
1483	696
1483	701
1483	707
1483	709
1483	726
1483	737
1483	757
1483	765
1483	779
1483	795
1483	796
1483	802
1483	840
1483	847
1483	855
1483	877
1483	923
1483	934
1483	942
1483	943
1483	953
1483	956
1483	1037
1483	1050
1483	1073
1483	1090
1483	1091
1483	1109
1483	1120
1483	1138
1483	1141
1483	1147
1483	1151
1483	1157
1483	1160
1483	1192
1483	1279
1483	1310
1483	1329
1483	1330
1483	1342
1483	1346
1483	1352
1483	1362
1483	1423
1483	1428
1483	1439
1483	1451
1483	1466
1483	1492
1484	8
1484	24
1484	36
1484	45
1484	153
1484	214
1484	233
1484	252
1484	256
1484	326
1484	405
1484	473
1484	476
1484	483
1484	500
1484	507
1484	531
1484	601
1484	634
1484	648
1484	669
1484	720
1484	734
1484	788
1484	815
1484	823
1484	827
1484	850
1484	861
1484	882
1484	894
1484	935
1484	996
1484	1009
1484	1011
1484	1024
1484	1030
1484	1064
1484	1071
1484	1076
1484	1077
1484	1083
1484	1085
1484	1091
1484	1101
1484	1110
1484	1124
1484	1136
1484	1145
1484	1158
1484	1165
1484	1171
1484	1176
1484	1181
1484	1202
1484	1227
1484	1247
1484	1286
1484	1320
1484	1331
1484	1366
1484	1409
1484	1424
1484	1434
1484	1442
1484	1464
1484	1480
1484	1485
1484	1487
1484	1488
1484	1492
1485	12
1485	24
1485	41
1485	60
1485	87
1485	124
1485	162
1485	214
1485	251
1485	252
1485	256
1485	283
1485	287
1485	326
1485	329
1485	333
1485	367
1485	378
1485	405
1485	427
1485	438
1485	473
1485	476
1485	634
1485	720
1485	734
1485	735
1485	806
1485	815
1485	823
1485	827
1485	882
1485	894
1485	897
1485	899
1485	935
1485	970
1485	975
1485	978
1485	979
1485	996
1485	1011
1485	1024
1485	1030
1485	1071
1485	1076
1485	1077
1485	1083
1485	1097
1485	1098
1485	1101
1485	1118
1485	1133
1485	1147
1485	1165
1485	1195
1485	1202
1485	1252
1485	1286
1485	1297
1485	1308
1485	1314
1485	1343
1485	1434
1485	1464
1485	1480
1485	1484
1485	1487
1485	1488
1485	1490
1485	1492
1486	22
1486	33
1486	93
1486	94
1486	100
1486	136
1486	152
1486	166
1486	179
1486	227
1486	268
1486	299
1486	332
1486	371
1486	375
1486	405
1486	419
1486	425
1486	428
1486	467
1486	495
1486	506
1486	524
1486	531
1486	553
1486	572
1486	615
1486	634
1486	686
1486	693
1486	697
1486	754
1486	772
1486	805
1486	838
1486	850
1486	896
1486	923
1486	928
1486	929
1486	941
1486	974
1486	1062
1486	1089
1486	1091
1486	1093
1486	1112
1486	1122
1486	1128
1486	1158
1486	1172
1486	1179
1486	1210
1486	1223
1486	1230
1486	1239
1486	1246
1486	1262
1486	1264
1486	1266
1486	1300
1486	1323
1486	1332
1486	1344
1486	1347
1486	1445
1486	1469
1486	1470
1486	1481
1486	1495
1486	1498
1487	8
1487	41
1487	124
1487	181
1487	214
1487	233
1487	252
1487	256
1487	299
1487	333
1487	378
1487	405
1487	451
1487	539
1487	601
1487	616
1487	663
1487	669
1487	720
1487	734
1487	740
1487	795
1487	815
1487	823
1487	850
1487	861
1487	882
1487	894
1487	935
1487	970
1487	996
1487	1009
1487	1011
1487	1024
1487	1026
1487	1030
1487	1064
1487	1071
1487	1076
1487	1083
1487	1085
1487	1101
1487	1114
1487	1118
1487	1136
1487	1158
1487	1165
1487	1181
1487	1195
1487	1215
1487	1279
1487	1286
1487	1291
1487	1355
1487	1359
1487	1392
1487	1394
1487	1417
1487	1419
1487	1433
1487	1434
1487	1459
1487	1464
1487	1469
1487	1475
1487	1478
1487	1480
1487	1484
1487	1485
1487	1488
1487	1492
1488	36
1488	42
1488	124
1488	162
1488	214
1488	233
1488	247
1488	251
1488	256
1488	326
1488	333
1488	392
1488	405
1488	427
1488	473
1488	601
1488	634
1488	663
1488	669
1488	720
1488	734
1488	735
1488	793
1488	815
1488	823
1488	827
1488	842
1488	850
1488	882
1488	935
1488	953
1488	970
1488	996
1488	1009
1488	1011
1488	1013
1488	1024
1488	1026
1488	1030
1488	1064
1488	1071
1488	1074
1488	1076
1488	1083
1488	1101
1488	1118
1488	1136
1488	1158
1488	1165
1488	1215
1488	1223
1488	1224
1488	1247
1488	1284
1488	1286
1488	1289
1488	1342
1488	1361
1488	1377
1488	1409
1488	1426
1488	1434
1488	1439
1488	1464
1488	1466
1488	1480
1488	1484
1488	1485
1488	1487
1488	1492
1488	1500
1489	34
1489	44
1489	50
1489	69
1489	78
1489	81
1489	105
1489	112
1489	145
1489	198
1489	206
1489	209
1489	210
1489	246
1489	264
1489	280
1489	334
1489	391
1489	453
1489	497
1489	608
1489	638
1489	645
1489	646
1489	665
1489	677
1489	713
1489	724
1489	736
1489	750
1489	769
1489	794
1489	798
1489	804
1489	807
1489	813
1489	833
1489	854
1489	860
1489	879
1489	889
1489	903
1489	908
1489	925
1489	965
1489	967
1489	984
1489	1009
1489	1047
1489	1053
1489	1074
1489	1110
1489	1130
1489	1140
1489	1141
1489	1167
1489	1199
1489	1203
1489	1243
1489	1272
1489	1285
1489	1286
1489	1319
1489	1324
1489	1418
1489	1425
1489	1438
1489	1444
1489	1473
1489	1490
1489	1491
1490	68
1490	78
1490	81
1490	105
1490	134
1490	138
1490	180
1490	198
1490	206
1490	209
1490	246
1490	254
1490	264
1490	280
1490	281
1490	367
1490	391
1490	392
1490	403
1490	453
1490	497
1490	498
1490	593
1490	638
1490	646
1490	656
1490	677
1490	736
1490	750
1490	755
1490	769
1490	775
1490	794
1490	804
1490	807
1490	813
1490	833
1490	842
1490	854
1490	860
1490	879
1490	892
1490	905
1490	911
1490	925
1490	965
1490	967
1490	984
1490	1036
1490	1047
1490	1140
1490	1141
1490	1167
1490	1199
1490	1203
1490	1233
1490	1241
1490	1272
1490	1275
1490	1319
1490	1324
1490	1325
1490	1411
1490	1424
1490	1444
1490	1451
1490	1455
1490	1468
1490	1474
1490	1485
1490	1489
1491	5
1491	18
1491	39
1491	85
1491	91
1491	93
1491	142
1491	231
1491	272
1491	274
1491	301
1491	309
1491	312
1491	331
1491	347
1491	348
1491	390
1491	434
1491	442
1491	488
1491	498
1491	499
1491	505
1491	538
1491	546
1491	569
1491	587
1491	588
1491	613
1491	618
1491	680
1491	850
1491	858
1491	874
1491	884
1491	890
1491	895
1491	924
1491	960
1491	980
1491	984
1491	1044
1491	1060
1491	1080
1491	1104
1491	1105
1491	1127
1491	1137
1491	1159
1491	1163
1491	1169
1491	1189
1491	1244
1491	1268
1491	1278
1491	1297
1491	1355
1491	1376
1491	1401
1491	1406
1491	1409
1491	1411
1491	1431
1491	1434
1491	1438
1491	1449
1491	1452
1491	1471
1491	1489
1491	1492
1491	1499
1492	3
1492	8
1492	24
1492	36
1492	41
1492	51
1492	87
1492	214
1492	251
1492	252
1492	256
1492	314
1492	326
1492	333
1492	367
1492	378
1492	405
1492	427
1492	473
1492	476
1492	575
1492	579
1492	601
1492	648
1492	663
1492	669
1492	720
1492	734
1492	735
1492	827
1492	850
1492	861
1492	882
1492	894
1492	938
1492	969
1492	970
1492	996
1492	1009
1492	1024
1492	1026
1492	1030
1492	1042
1492	1050
1492	1064
1492	1077
1492	1083
1492	1101
1492	1102
1492	1118
1492	1158
1492	1162
1492	1165
1492	1195
1492	1203
1492	1235
1492	1247
1492	1322
1492	1360
1492	1449
1492	1457
1492	1461
1492	1464
1492	1480
1492	1483
1492	1484
1492	1485
1492	1487
1492	1488
1492	1491
1492	1494
1493	29
1493	79
1493	95
1493	119
1493	174
1493	239
1493	265
1493	267
1493	305
1493	317
1493	324
1493	341
1493	354
1493	425
1493	433
1493	457
1493	467
1493	516
1493	606
1493	631
1493	642
1493	656
1493	676
1493	703
1493	716
1493	751
1493	812
1493	814
1493	824
1493	830
1493	859
1493	867
1493	926
1493	954
1493	958
1493	966
1493	1016
1493	1029
1493	1030
1493	1031
1493	1048
1493	1095
1493	1102
1493	1106
1493	1111
1493	1131
1493	1155
1493	1218
1493	1236
1493	1240
1493	1263
1493	1287
1493	1289
1493	1291
1493	1292
1493	1314
1493	1319
1493	1333
1493	1340
1493	1347
1493	1349
1493	1354
1493	1356
1493	1399
1493	1415
1493	1428
1493	1438
1493	1459
1493	1470
1493	1476
1493	1477
1493	1499
1494	5
1494	48
1494	82
1494	181
1494	183
1494	213
1494	225
1494	248
1494	287
1494	322
1494	358
1494	373
1494	399
1494	406
1494	439
1494	471
1494	509
1494	522
1494	523
1494	560
1494	566
1494	575
1494	673
1494	698
1494	699
1494	719
1494	721
1494	725
1494	729
1494	775
1494	809
1494	837
1494	875
1494	881
1494	899
1494	912
1494	924
1494	979
1494	992
1494	1063
1494	1079
1494	1121
1494	1150
1494	1173
1494	1174
1494	1195
1494	1209
1494	1212
1494	1217
1494	1220
1494	1249
1494	1276
1494	1285
1494	1296
1494	1334
1494	1336
1494	1338
1494	1347
1494	1356
1494	1357
1494	1364
1494	1367
1494	1375
1494	1385
1494	1386
1494	1420
1494	1437
1494	1449
1494	1456
1494	1457
1494	1475
1494	1492
1494	1497
1495	4
1495	33
1495	42
1495	60
1495	67
1495	88
1495	152
1495	166
1495	227
1495	268
1495	332
1495	336
1495	356
1495	390
1495	419
1495	422
1495	425
1495	428
1495	495
1495	503
1495	531
1495	572
1495	615
1495	623
1495	693
1495	695
1495	787
1495	788
1495	790
1495	805
1495	826
1495	838
1495	860
1495	885
1495	896
1495	898
1495	928
1495	941
1495	974
1495	1032
1495	1062
1495	1089
1495	1091
1495	1093
1495	1112
1495	1117
1495	1122
1495	1128
1495	1150
1495	1165
1495	1210
1495	1223
1495	1230
1495	1231
1495	1246
1495	1255
1495	1262
1495	1264
1495	1266
1495	1300
1495	1323
1495	1344
1495	1347
1495	1357
1495	1383
1495	1386
1495	1409
1495	1417
1495	1468
1495	1469
1495	1486
1495	1496
1495	1498
1496	15
1496	54
1496	66
1496	121
1496	147
1496	188
1496	190
1496	193
1496	229
1496	238
1496	243
1496	258
1496	273
1496	280
1496	294
1496	360
1496	412
1496	413
1496	449
1496	583
1496	594
1496	628
1496	722
1496	740
1496	753
1496	824
1496	844
1496	877
1496	905
1496	909
1496	936
1496	972
1496	985
1496	989
1496	993
1496	1007
1496	1023
1496	1025
1496	1053
1496	1113
1496	1131
1496	1142
1496	1150
1496	1215
1496	1219
1496	1222
1496	1226
1496	1250
1496	1281
1496	1283
1496	1304
1496	1311
1496	1313
1496	1316
1496	1332
1496	1348
1496	1351
1496	1381
1496	1392
1496	1398
1496	1401
1496	1410
1496	1412
1496	1413
1496	1418
1496	1425
1496	1430
1496	1432
1496	1433
1496	1439
1496	1445
1496	1465
1496	1495
1497	2
1497	13
1497	48
1497	82
1497	181
1497	183
1497	196
1497	225
1497	248
1497	287
1497	322
1497	327
1497	373
1497	439
1497	471
1497	523
1497	560
1497	566
1497	575
1497	638
1497	654
1497	673
1497	698
1497	699
1497	725
1497	729
1497	749
1497	775
1497	809
1497	837
1497	874
1497	875
1497	881
1497	899
1497	912
1497	924
1497	939
1497	972
1497	978
1497	979
1497	996
1497	1063
1497	1071
1497	1125
1497	1174
1497	1176
1497	1189
1497	1196
1497	1198
1497	1212
1497	1217
1497	1276
1497	1296
1497	1319
1497	1334
1497	1336
1497	1338
1497	1356
1497	1357
1497	1364
1497	1367
1497	1385
1497	1386
1497	1390
1497	1400
1497	1407
1497	1415
1497	1428
1497	1437
1497	1456
1497	1457
1497	1475
1497	1494
1498	4
1498	22
1498	88
1498	93
1498	136
1498	148
1498	166
1498	268
1498	304
1498	332
1498	336
1498	419
1498	422
1498	425
1498	428
1498	476
1498	495
1498	503
1498	506
1498	516
1498	531
1498	572
1498	623
1498	645
1498	686
1498	731
1498	754
1498	790
1498	805
1498	826
1498	847
1498	857
1498	858
1498	898
1498	901
1498	923
1498	928
1498	929
1498	941
1498	970
1498	974
1498	1026
1498	1062
1498	1081
1498	1089
1498	1091
1498	1093
1498	1112
1498	1122
1498	1123
1498	1128
1498	1139
1498	1191
1498	1206
1498	1207
1498	1210
1498	1223
1498	1230
1498	1246
1498	1262
1498	1264
1498	1266
1498	1304
1498	1323
1498	1344
1498	1347
1498	1383
1498	1407
1498	1408
1498	1456
1498	1467
1498	1469
1498	1486
1498	1495
1499	18
1499	85
1499	142
1499	199
1499	231
1499	235
1499	249
1499	274
1499	301
1499	309
1499	312
1499	325
1499	331
1499	333
1499	348
1499	393
1499	397
1499	434
1499	442
1499	448
1499	488
1499	499
1499	505
1499	538
1499	544
1499	546
1499	569
1499	587
1499	588
1499	613
1499	618
1499	680
1499	874
1499	884
1499	890
1499	895
1499	905
1499	960
1499	980
1499	994
1499	1020
1499	1044
1499	1060
1499	1075
1499	1089
1499	1104
1499	1105
1499	1107
1499	1127
1499	1128
1499	1137
1499	1159
1499	1169
1499	1189
1499	1209
1499	1211
1499	1220
1499	1275
1499	1278
1499	1297
1499	1355
1499	1372
1499	1384
1499	1394
1499	1409
1499	1410
1499	1411
1499	1431
1499	1443
1499	1449
1499	1452
1499	1479
1499	1491
1499	1493
1500	11
1500	98
1500	114
1500	125
1500	141
1500	164
1500	272
1500	276
1500	314
1500	346
1500	355
1500	369
1500	375
1500	430
1500	462
1500	472
1500	474
1500	475
1500	484
1500	491
1500	500
1500	502
1500	510
1500	525
1500	645
1500	653
1500	679
1500	735
1500	817
1500	828
1500	882
1500	888
1500	901
1500	930
1500	947
1500	953
1500	962
1500	998
1500	1042
1500	1056
1500	1069
1500	1075
1500	1097
1500	1112
1500	1116
1500	1121
1500	1135
1500	1141
1500	1161
1500	1168
1500	1184
1500	1185
1500	1196
1500	1206
1500	1221
1500	1235
1500	1245
1500	1251
1500	1256
1500	1281
1500	1292
1500	1315
1500	1382
1500	1403
1500	1422
1500	1428
1500	1441
1500	1443
1500	1444
1500	1454
1500	1459
1500	1460
1500	1465
1500	1488
