0 1435
0 1741
0 1826
0 1859
0 1919
1435 310
1435 378
1435 611
1435 904
1435 1250
1435 1504
1435 1519
1435 1667
1435 1753
1435 1952
1435 1958
1435 1960
1435 1978
1741 18
1741 48
1741 308
1741 426
1741 508
1741 624
1741 757
1741 988
1741 1009
1741 1052
1741 1271
1741 1274
1741 1348
1741 1391
1741 1504
1741 1545
1741 1566
1741 1625
1741 1715
1741 1793
1741 1794
1741 1817
1741 1859
1741 1915
1741 1952
1741 1960
1741 1993
1826 48
1826 55
1826 449
1826 578
1826 737
1826 757
1826 802
1826 848
1826 968
1826 1174
1826 1244
1826 1391
1826 1412
1826 1420
1826 1424
1826 1504
1826 1560
1826 1566
1826 1578
1826 1597
1826 1603
1826 1605
1826 1625
1826 1646
1826 1665
1826 1667
1826 1715
1826 1729
1826 1793
1826 1859
1826 1915
1826 1952
1826 1960
1826 1981
1826 1991
1859 84
1859 87
1859 271
1859 300
1859 426
1859 682
1859 757
1859 802
1859 860
1859 968
1859 1117
1859 1201
1859 1286
1859 1291
1859 1333
1859 1336
1859 1374
1859 1420
1859 1427
1859 1566
1859 1578
1859 1590
1859 1605
1859 1625
1859 1638
1859 1667
1859 1715
1859 1729
1859 1753
1859 1778
1859 1793
1859 1813
1859 1861
1859 1883
1859 1915
1859 1916
1859 1952
1859 1960
1859 1976
1859 1981
1859 1982
1919 137
1919 227
1919 236
1919 304
1919 364
1919 404
1919 409
1919 411
1919 467
1919 500
1919 505
1919 525
1919 588
1919 679
1919 725
1919 786
1919 916
1919 1019
1919 1116
1919 1124
1919 1131
1919 1160
1919 1380
1919 1381
1919 1394
1919 1408
1919 1428
1919 1436
1919 1438
1919 1442
1919 1465
1919 1498
1919 1502
1919 1534
1919 1569
1919 1576
1919 1577
1919 1673
1919 1700
1919 1723
1919 1729
1919 1737
1919 1768
1919 1771
1919 1800
1919 1820
1919 1839
1919 1846
1919 1847
1919 1886
1919 1903
1919 1936
1919 1941
1919 1943
1919 1962
1919 1973
1919 1982
1 336
1 1604
1 1885
1 1900
1 1917
336 1523
336 1904
336 1917
336 1974
1604 96
1604 652
1604 994
1604 1114
1604 1229
1604 1273
1604 1440
1604 1597
1604 1627
1604 1682
1604 1705
1604 1770
1604 1797
1604 1832
1604 1856
1604 1857
1604 1885
1604 1900
1885 6
1885 96
1885 123
1885 283
1885 312
1885 331
1885 420
1885 592
1885 652
1885 779
1885 786
1885 795
1885 806
1885 883
1885 898
1885 903
1885 920
1885 974
1885 994
1885 1068
1885 1085
1885 1114
1885 1174
1885 1229
1885 1318
1885 1376
1885 1404
1885 1440
1885 1509
1885 1551
1885 1588
1885 1597
1885 1627
1885 1650
1885 1660
1885 1665
1885 1682
1885 1705
1885 1734
1885 1749
1885 1816
1885 1828
1885 1891
1885 1900
1885 1932
1885 1979
1885 1981
1900 6
1900 96
1900 123
1900 164
1900 221
1900 312
1900 331
1900 420
1900 592
1900 652
1900 779
1900 795
1900 806
1900 903
1900 920
1900 974
1900 994
1900 1045
1900 1068
1900 1084
1900 1085
1900 1114
1900 1174
1900 1193
1900 1229
1900 1273
1900 1318
1900 1367
1900 1376
1900 1440
1900 1488
1900 1526
1900 1551
1900 1597
1900 1614
1900 1627
1900 1650
1900 1660
1900 1665
1900 1682
1900 1705
1900 1717
1900 1753
1900 1805
1900 1839
1900 1860
1900 1907
1900 1951
1900 1967
1900 1999
1917 237
1917 284
1917 325
1917 374
1917 384
1917 391
1917 421
1917 444
1917 548
1917 552
1917 755
1917 874
1917 955
1917 1027
1917 1064
1917 1130
1917 1187
1917 1246
1917 1249
1917 1327
1917 1411
1917 1413
1917 1415
1917 1510
1917 1584
1917 1610
1917 1638
1917 1644
1917 1653
1917 1661
1917 1707
1917 1720
1917 1732
1917 1750
1917 1776
1917 1781
1917 1805
1917 1828
1917 1833
1917 1860
1917 1883
1917 1920
1917 1926
1917 1928
1917 1929
1917 1946
1917 1947
1917 1953
1917 1956
1917 1964
1917 1981
1917 1982
1917 1986
1917 1990
1917 1997
2 1463
2 1865
2 1880
2 1928
2 1984
1463 354
1463 565
1463 1202
1463 1345
1463 1419
1463 1425
1463 1476
1463 1544
1463 1574
1463 1710
1463 1792
1463 1860
1463 1866
1463 1956
1865 52
1865 124
1865 128
1865 355
1865 587
1865 599
1865 678
1865 714
1865 809
1865 819
1865 1060
1865 1066
1865 1088
1865 1109
1865 1121
1865 1181
1865 1280
1865 1302
1865 1316
1865 1360
1865 1436
1865 1439
1865 1443
1865 1529
1865 1555
1865 1572
1865 1594
1865 1598
1865 1619
1865 1716
1865 1748
1865 1821
1865 1825
1865 1843
1865 1869
1865 1891
1865 1893
1865 1901
1865 1912
1865 1930
1865 1932
1865 1934
1865 1942
1865 1998
1880 34
1880 196
1880 342
1880 626
1880 728
1880 870
1880 970
1880 1078
1880 1120
1880 1142
1880 1168
1880 1184
1880 1205
1880 1231
1880 1312
1880 1330
1880 1358
1880 1432
1880 1518
1880 1557
1880 1641
1880 1643
1880 1645
1880 1662
1880 1667
1880 1709
1880 1746
1880 1783
1880 1829
1880 1844
1880 1853
1880 1854
1880 1856
1880 1877
1880 1921
1880 1927
1880 1928
1880 1944
1880 1945
1880 1961
1880 1962
1880 1963
1880 1976
1880 1980
1880 1984
1880 1991
1928 73
1928 86
1928 101
1928 215
1928 229
1928 248
1928 493
1928 553
1928 666
1928 670
1928 704
1928 728
1928 745
1928 816
1928 865
1928 924
1928 998
1928 1067
1928 1231
1928 1248
1928 1312
1928 1320
1928 1337
1928 1432
1928 1445
1928 1447
1928 1474
1928 1506
1928 1513
1928 1518
1928 1531
1928 1557
1928 1590
1928 1592
1928 1617
1928 1643
1928 1662
1928 1680
1928 1709
1928 1711
1928 1746
1928 1815
1928 1844
1928 1847
1928 1853
1928 1854
1928 1856
1928 1874
1928 1877
1928 1916
1928 1929
1928 1957
1928 1958
1928 1963
1928 1980
1928 1984
1928 1991
1984 34
1984 43
1984 125
1984 172
1984 229
1984 230
1984 299
1984 342
1984 369
1984 406
1984 414
1984 493
1984 511
1984 553
1984 626
1984 671
1984 704
1984 728
1984 745
1984 776
1984 836
1984 859
1984 865
1984 870
1984 892
1984 894
1984 898
1984 931
1984 938
1984 941
1984 997
1984 998
1984 1067
1984 1078
1984 1128
1984 1137
1984 1142
1984 1166
1984 1168
1984 1184
1984 1308
1984 1312
1984 1314
1984 1320
1984 1329
1984 1330
1984 1447
1984 1474
1984 1506
1984 1518
1984 1531
1984 1557
1984 1578
1984 1588
1984 1592
1984 1610
1984 1617
1984 1630
1984 1643
1984 1662
1984 1673
1984 1731
1984 1746
1984 1815
1984 1816
1984 1827
1984 1831
1984 1844
1984 1853
1984 1854
1984 1856
1984 1877
1984 1892
1984 1897
1984 1904
1984 1927
1984 1951
1984 1963
1984 1969
1984 1980
1984 1991
1984 1994
3 97
3 660
3 723
3 1553
3 1667
97 503
97 697
97 940
97 1034
660 401
660 723
660 1034
660 1553
660 1638
660 1676
723 192
723 862
723 1655
723 1666
723 1964
1553 155
1553 360
1553 568
1553 697
1553 799
1553 827
1553 834
1553 1104
1553 1361
1553 1465
1553 1554
1553 1666
1553 1866
1553 1992
1553 1994
1667 163
1667 449
1667 667
1667 693
1667 955
1667 1286
1667 1519
1667 1664
1667 1715
1667 1753
1667 1793
1667 1811
1667 1817
1667 1888
1667 1915
1667 1952
1667 1960
4 1132
4 1256
4 1415
4 1675
4 1992
1132 42
1132 332
1132 1157
1132 1234
1132 1749
1132 1769
1132 1908
1132 1946
1132 1992
1256 279
1256 884
1256 1175
1256 1185
1256 1671
1256 1691
1256 1769
1256 1892
1256 1946
1256 1957
1415 362
1415 863
1415 1253
1415 1583
1415 1671
1415 1691
1415 1698
1415 1736
1415 1769
1415 1908
1415 1930
1415 1992
1675 167
1675 221
1675 261
1675 448
1675 643
1675 673
1675 1056
1675 1075
1675 1097
1675 1199
1675 1396
1675 1438
1675 1493
1675 1543
1675 1570
1675 1599
1675 1652
1675 1806
1675 1851
1675 1860
1675 1867
1675 1970
1992 7
1992 18
1992 79
1992 99
1992 111
1992 176
1992 188
1992 235
1992 284
1992 311
1992 319
1992 328
1992 362
1992 366
1992 371
1992 452
1992 504
1992 560
1992 569
1992 576
1992 627
1992 633
1992 651
1992 664
1992 671
1992 676
1992 692
1992 699
1992 773
1992 796
1992 871
1992 946
1992 1000
1992 1002
1992 1020
1992 1076
1992 1079
1992 1099
1992 1122
1992 1157
1992 1185
1992 1223
1992 1270
1992 1279
1992 1300
1992 1317
1992 1321
1992 1359
1992 1396
1992 1440
1992 1445
1992 1486
1992 1535
1992 1539
1992 1593
1992 1612
1992 1621
1992 1637
1992 1641
1992 1653
1992 1671
1992 1691
1992 1698
1992 1699
1992 1725
1992 1730
1992 1736
1992 1737
1992 1744
1992 1749
1992 1769
1992 1821
1992 1892
1992 1908
1992 1920
1992 1922
1992 1933
1992 1943
1992 1946
1992 1959
1992 1962
1992 1965
1992 1983
1992 1995
1992 1997
5 249
5 1490
5 1654
5 1696
5 1852
249 405
249 1768
249 1808
249 1838
1490 136
1490 1130
1490 1233
1490 1378
1490 1484
1490 1696
1490 1733
1490 1738
1490 1742
1490 1772
1490 1779
1490 1850
1490 1852
1490 1950
1654 58
1654 93
1654 481
1654 491
1654 629
1654 685
1654 730
1654 800
1654 851
1654 869
1654 1036
1654 1162
1654 1241
1654 1441
1654 1470
1654 1522
1654 1676
1654 1737
1654 1922
1654 1942
1696 86
1696 781
1696 890
1696 919
1696 930
1696 1062
1696 1088
1696 1133
1696 1210
1696 1220
1696 1311
1696 1378
1696 1484
1696 1678
1696 1738
1696 1742
1696 1779
1696 1850
1696 1852
1696 1939
1696 1942
1696 1985
1696 1988
1852 86
1852 136
1852 159
1852 232
1852 260
1852 350
1852 414
1852 513
1852 603
1852 680
1852 709
1852 719
1852 781
1852 819
1852 890
1852 919
1852 930
1852 1062
1852 1210
1852 1220
1852 1313
1852 1324
1852 1353
1852 1378
1852 1383
1852 1484
1852 1506
1852 1591
1852 1713
1852 1738
1852 1742
1852 1749
1852 1771
1852 1779
1852 1811
1852 1850
1852 1889
1852 1926
1852 1944
6 1356
6 1665
6 1814
1356 338
1356 603
1356 712
1356 843
1356 1409
1356 1904
1356 1945
1356 1948
1356 1950
1356 1974
1356 1989
1665 652
1665 795
1665 974
1665 1126
1665 1229
1665 1273
1665 1318
1665 1551
1665 1614
1665 1627
1665 1650
1665 1682
1665 1690
1665 1705
1665 1819
1665 1893
1665 1915
1665 1934
1814 275
1814 309
1814 324
1814 346
1814 541
1814 702
1814 815
1814 873
1814 1010
1814 1118
1814 1194
1814 1247
1814 1259
1814 1355
1814 1467
1814 1531
1814 1537
1814 1540
1814 1581
1814 1583
1814 1598
1814 1618
1814 1619
1814 1670
1814 1672
1814 1704
1814 1731
1814 1787
1814 1799
1814 1896
1814 1914
1814 1943
1814 1993
7 871
7 953
7 1612
7 1946
871 1584
871 1593
871 1736
871 1769
871 1943
871 1946
953 1864
953 1916
953 1921
953 1938
953 1978
953 1979
953 1995
1612 13
1612 355
1612 576
1612 651
1612 852
1612 884
1612 1050
1612 1539
1612 1637
1612 1671
1612 1744
1612 1749
1612 1892
1612 1908
1612 1946
1612 1959
1612 1974
1946 26
1946 111
1946 137
1946 176
1946 187
1946 188
1946 240
1946 366
1946 368
1946 389
1946 428
1946 486
1946 556
1946 560
1946 639
1946 664
1946 671
1946 699
1946 946
1946 1002
1946 1020
1946 1079
1946 1157
1946 1161
1946 1185
1946 1196
1946 1270
1946 1279
1946 1300
1946 1321
1946 1337
1946 1345
1946 1445
1946 1456
1946 1533
1946 1562
1946 1593
1946 1594
1946 1621
1946 1637
1946 1641
1946 1671
1946 1691
1946 1698
1946 1699
1946 1736
1946 1737
1946 1749
1946 1808
1946 1813
1946 1892
1946 1908
1946 1921
1946 1929
1946 1971
1946 1990
1946 1999
8 209
8 1911
8 1955
8 1993
8 1996
209 1154
209 1832
209 1907
209 1922
1911 293
1911 318
1911 330
1911 343
1911 352
1911 440
1911 464
1911 547
1911 805
1911 908
1911 911
1911 928
1911 965
1911 987
1911 1041
1911 1145
1911 1169
1911 1196
1911 1219
1911 1238
1911 1244
1911 1269
1911 1271
1911 1429
1911 1450
1911 1452
1911 1499
1911 1597
1911 1601
1911 1628
1911 1635
1911 1656
1911 1668
1911 1728
1911 1730
1911 1743
1911 1756
1911 1764
1911 1798
1911 1830
1911 1857
1911 1869
1911 1870
1911 1894
1911 1897
1911 1909
1911 1941
1911 1949
1911 1955
1911 1959
1911 1963
1911 1970
1911 1972
1911 1993
1911 1996
1955 42
1955 117
1955 156
1955 166
1955 372
1955 456
1955 579
1955 686
1955 694
1955 805
1955 818
1955 831
1955 839
1955 928
1955 965
1955 999
1955 1041
1955 1080
1955 1145
1955 1196
1955 1245
1955 1269
1955 1271
1955 1285
1955 1379
1955 1401
1955 1418
1955 1429
1955 1444
1955 1450
1955 1464
1955 1471
1955 1482
1955 1499
1955 1557
1955 1601
1955 1602
1955 1608
1955 1629
1955 1639
1955 1683
1955 1697
1955 1728
1955 1737
1955 1743
1955 1764
1955 1791
1955 1798
1955 1823
1955 1844
1955 1857
1955 1869
1955 1876
1955 1890
1955 1894
1955 1897
1955 1909
1955 1931
1955 1938
1955 1959
1955 1973
1955 1981
1955 1982
1955 1991
1955 1993
1955 1996
1993 45
1993 101
1993 117
1993 182
1993 223
1993 394
1993 442
1993 464
1993 547
1993 596
1993 601
1993 686
1993 694
1993 720
1993 722
1993 805
1993 814
1993 839
1993 885
1993 911
1993 914
1993 928
1993 943
1993 1041
1993 1080
1993 1141
1993 1169
1993 1171
1993 1174
1993 1196
1993 1214
1993 1244
1993 1245
1993 1269
1993 1271
1993 1346
1993 1379
1993 1401
1993 1411
1993 1429
1993 1444
1993 1450
1993 1452
1993 1464
1993 1466
1993 1499
1993 1529
1993 1558
1993 1578
1993 1581
1993 1601
1993 1606
1993 1629
1993 1635
1993 1639
1993 1653
1993 1656
1993 1685
1993 1686
1993 1728
1993 1730
1993 1743
1993 1764
1993 1798
1993 1823
1993 1848
1993 1857
1993 1869
1993 1882
1993 1890
1993 1892
1993 1894
1993 1897
1993 1909
1993 1932
1993 1956
1993 1959
1993 1962
1993 1966
1993 1972
1993 1975
1993 1981
1993 1994
1993 1995
1993 1996
1996 45
1996 101
1996 117
1996 156
1996 182
1996 201
1996 223
1996 247
1996 318
1996 341
1996 343
1996 379
1996 389
1996 394
1996 464
1996 465
1996 547
1996 579
1996 601
1996 686
1996 691
1996 694
1996 720
1996 722
1996 746
1996 814
1996 818
1996 839
1996 863
1996 885
1996 913
1996 965
1996 994
1996 996
1996 999
1996 1075
1996 1080
1996 1086
1996 1102
1996 1137
1996 1145
1996 1171
1996 1196
1996 1214
1996 1244
1996 1245
1996 1271
1996 1285
1996 1339
1996 1346
1996 1361
1996 1379
1996 1401
1996 1429
1996 1450
1996 1451
1996 1452
1996 1464
1996 1482
1996 1541
1996 1578
1996 1601
1996 1614
1996 1629
1996 1639
1996 1656
1996 1685
1996 1694
1996 1708
1996 1728
1996 1730
1996 1743
1996 1784
1996 1798
1996 1804
1996 1806
1996 1823
1996 1857
1996 1866
1996 1869
1996 1886
1996 1890
1996 1894
1996 1897
1996 1904
1996 1909
1996 1931
1996 1957
1996 1959
1996 1964
1996 1966
1996 1969
1996 1979
1996 1983
9 1478
9 1820
9 1875
9 1943
9 1982
1478 283
1478 459
1478 1288
1478 1468
1478 1563
1478 1605
1478 1876
1478 1904
1478 1924
1478 1950
1478 1958
1478 1972
1478 1974
1478 1989
1820 242
1820 302
1820 345
1820 407
1820 691
1820 725
1820 956
1820 1206
1820 1219
1820 1394
1820 1428
1820 1502
1820 1534
1820 1589
1820 1648
1820 1671
1820 1700
1820 1723
1820 1771
1820 1800
1820 1846
1820 1887
1820 1903
1820 1918
1820 1921
1820 1926
1820 1936
1820 1941
1820 1943
1820 1945
1820 1962
1820 1968
1820 1982
1875 36
1875 102
1875 118
1875 122
1875 131
1875 216
1875 403
1875 458
1875 484
1875 530
1875 622
1875 626
1875 679
1875 680
1875 985
1875 1159
1875 1197
1875 1212
1875 1243
1875 1289
1875 1295
1875 1329
1875 1358
1875 1363
1875 1480
1875 1497
1875 1543
1875 1564
1875 1586
1875 1611
1875 1623
1875 1626
1875 1668
1875 1669
1875 1676
1875 1775
1875 1811
1875 1840
1875 1851
1875 1863
1875 1874
1875 1931
1875 1932
1875 1944
1875 1986
1943 110
1943 203
1943 250
1943 384
1943 400
1943 442
1943 500
1943 513
1943 525
1943 542
1943 574
1943 588
1943 615
1943 940
1943 1019
1943 1081
1943 1082
1943 1124
1943 1131
1943 1160
1943 1167
1943 1240
1943 1243
1943 1281
1943 1303
1943 1380
1943 1381
1943 1394
1943 1408
1943 1428
1943 1441
1943 1472
1943 1482
1943 1485
1943 1498
1943 1528
1943 1534
1943 1569
1943 1576
1943 1589
1943 1590
1943 1700
1943 1723
1943 1771
1943 1839
1943 1846
1943 1860
1943 1886
1943 1903
1943 1918
1943 1923
1943 1933
1943 1936
1943 1941
1943 1942
1943 1962
1943 1979
1943 1982
1982 41
1982 203
1982 250
1982 297
1982 304
1982 357
1982 358
1982 364
1982 442
1982 467
1982 496
1982 500
1982 515
1982 542
1982 554
1982 615
1982 691
1982 717
1982 746
1982 792
1982 833
1982 916
1982 935
1982 942
1982 1019
1982 1049
1982 1082
1982 1106
1982 1116
1982 1124
1982 1125
1982 1160
1982 1167
1982 1206
1982 1219
1982 1238
1982 1303
1982 1330
1982 1370
1982 1380
1982 1381
1982 1387
1982 1394
1982 1402
1982 1408
1982 1428
1982 1436
1982 1442
1982 1472
1982 1485
1982 1502
1982 1505
1982 1530
1982 1534
1982 1569
1982 1576
1982 1589
1982 1590
1982 1700
1982 1723
1982 1771
1982 1774
1982 1803
1982 1839
1982 1846
1982 1849
1982 1881
1982 1886
1982 1897
1982 1903
1982 1914
1982 1918
1982 1936
1982 1941
1982 1954
1982 1962
1982 1967
1982 1972
10 1251
10 1325
10 1640
10 1907
10 1923
1251 460
1251 631
1251 924
1251 1070
1251 1125
1251 1366
1251 1536
1251 1561
1251 1577
1251 1991
1325 579
1325 776
1325 1533
1325 1766
1325 1803
1325 1882
1325 1906
1325 1927
1325 1981
1325 1985
1325 1994
1640 37
1640 177
1640 416
1640 577
1640 793
1640 1150
1640 1217
1640 1268
1640 1315
1640 1367
1640 1386
1640 1580
1640 1658
1640 1789
1640 1832
1640 1843
1640 1922
1640 1923
1640 1961
1907 42
1907 120
1907 191
1907 216
1907 218
1907 265
1907 304
1907 393
1907 421
1907 468
1907 485
1907 506
1907 514
1907 598
1907 649
1907 737
1907 788
1907 790
1907 932
1907 959
1907 960
1907 1036
1907 1050
1907 1076
1907 1090
1907 1173
1907 1178
1907 1185
1907 1217
1907 1255
1907 1268
1907 1307
1907 1365
1907 1367
1907 1386
1907 1462
1907 1571
1907 1593
1907 1657
1907 1658
1907 1677
1907 1683
1907 1692
1907 1735
1907 1746
1907 1779
1907 1832
1907 1843
1907 1851
1907 1922
1907 1923
1907 1961
1923 42
1923 100
1923 127
1923 140
1923 185
1923 189
1923 213
1923 216
1923 218
1923 251
1923 495
1923 506
1923 514
1923 577
1923 598
1923 630
1923 733
1923 769
1923 790
1923 798
1923 905
1923 932
1923 960
1923 1010
1923 1036
1923 1050
1923 1103
1923 1127
1923 1142
1923 1178
1923 1217
1923 1307
1923 1365
1923 1367
1923 1386
1923 1412
1923 1462
1923 1476
1923 1571
1923 1580
1923 1608
1923 1620
1923 1658
1923 1683
1923 1764
1923 1832
1923 1837
1923 1866
1923 1878
1923 1909
1923 1922
1923 1961
1923 1971
1923 1979
11 1105
11 1779
11 1948
11 1958
11 1974
1105 712
1105 1288
1105 1508
1105 1632
1105 1924
1105 1958
1105 1972
1105 1989
1779 86
1779 157
1779 260
1779 414
1779 415
1779 513
1779 680
1779 709
1779 719
1779 790
1779 819
1779 930
1779 1062
1779 1172
1779 1210
1779 1220
1779 1246
1779 1316
1779 1324
1779 1378
1779 1383
1779 1484
1779 1738
1779 1848
1779 1850
1779 1861
1948 40
1948 69
1948 98
1948 161
1948 317
1948 370
1948 437
1948 446
1948 459
1948 475
1948 501
1948 588
1948 621
1948 636
1948 673
1948 706
1948 732
1948 733
1948 746
1948 747
1948 771
1948 869
1948 876
1948 970
1948 1044
1948 1084
1948 1139
1948 1172
1948 1208
1948 1224
1948 1233
1948 1253
1948 1275
1948 1314
1948 1369
1948 1377
1948 1523
1948 1572
1948 1577
1948 1595
1948 1608
1948 1610
1948 1616
1948 1657
1948 1661
1948 1699
1948 1706
1948 1799
1948 1816
1948 1847
1948 1871
1948 1872
1948 1878
1948 1901
1948 1904
1948 1909
1948 1921
1948 1924
1948 1941
1948 1958
1948 1972
1948 1974
1948 1989
1958 40
1958 69
1958 152
1958 194
1958 207
1958 246
1958 296
1958 338
1958 370
1958 398
1958 602
1958 637
1958 643
1958 665
1958 726
1958 733
1958 826
1958 892
1958 1001
1958 1030
1958 1084
1958 1133
1958 1139
1958 1150
1958 1152
1958 1228
1958 1253
1958 1288
1958 1295
1958 1310
1958 1314
1958 1338
1958 1377
1958 1409
1958 1456
1958 1469
1958 1523
1958 1544
1958 1546
1958 1549
1958 1552
1958 1577
1958 1595
1958 1616
1958 1661
1958 1684
1958 1686
1958 1693
1958 1799
1958 1816
1958 1847
1958 1872
1958 1876
1958 1878
1958 1882
1958 1886
1958 1902
1958 1904
1958 1950
1958 1972
1958 1973
1958 1974
1958 1989
1974 62
1974 121
1974 152
1974 177
1974 279
1974 283
1974 296
1974 317
1974 334
1974 475
1974 483
1974 501
1974 561
1974 603
1974 654
1974 726
1974 732
1974 733
1974 771
1974 796
1974 826
1974 835
1974 862
1974 949
1974 962
1974 970
1974 977
1974 1112
1974 1139
1974 1160
1974 1172
1974 1176
1974 1200
1974 1203
1974 1233
1974 1253
1974 1314
1974 1341
1974 1377
1974 1394
1974 1409
1974 1425
1974 1456
1974 1501
1974 1523
1974 1546
1974 1577
1974 1596
1974 1632
1974 1646
1974 1657
1974 1661
1974 1684
1974 1693
1974 1706
1974 1799
1974 1812
1974 1816
1974 1817
1974 1847
1974 1858
1974 1862
1974 1863
1974 1878
1974 1904
1974 1914
1974 1915
1974 1924
1974 1950
1974 1970
1974 1972
1974 1973
1974 1989
12 1839
12 1938
12 1978
12 1979
12 1995
1839 244
1839 314
1839 409
1839 488
1839 520
1839 833
1839 916
1839 917
1839 1004
1839 1116
1839 1131
1839 1206
1839 1219
1839 1241
1839 1303
1839 1394
1839 1472
1839 1498
1839 1502
1839 1569
1839 1589
1839 1723
1839 1771
1839 1846
1839 1856
1839 1860
1839 1886
1839 1903
1839 1918
1839 1936
1839 1941
1839 1962
1839 1995
1938 119
1938 126
1938 258
1938 349
1938 351
1938 382
1938 453
1938 517
1938 567
1938 768
1938 791
1938 831
1938 876
1938 900
1938 1074
1938 1170
1938 1186
1938 1247
1938 1274
1938 1276
1938 1278
1938 1287
1938 1313
1938 1322
1938 1362
1938 1418
1938 1448
1938 1542
1938 1608
1938 1622
1938 1624
1938 1636
1938 1642
1938 1653
1938 1670
1938 1678
1938 1762
1938 1773
1938 1777
1938 1800
1938 1829
1938 1841
1938 1848
1938 1868
1938 1869
1938 1871
1938 1874
1938 1879
1938 1881
1938 1890
1938 1916
1938 1921
1938 1930
1938 1940
1938 1976
1938 1978
1938 1979
1938 1983
1938 1995
1978 21
1978 29
1978 64
1978 65
1978 67
1978 85
1978 190
1978 208
1978 258
1978 349
1978 517
1978 528
1978 534
1978 609
1978 706
1978 710
1978 715
1978 768
1978 791
1978 804
1978 814
1978 831
1978 843
1978 859
1978 900
1978 1006
1978 1040
1978 1049
1978 1074
1978 1186
1978 1216
1978 1236
1978 1249
1978 1257
1978 1274
1978 1278
1978 1287
1978 1313
1978 1340
1978 1362
1978 1388
1978 1418
1978 1448
1978 1542
1978 1622
1978 1636
1978 1642
1978 1643
1978 1655
1978 1670
1978 1678
1978 1687
1978 1740
1978 1762
1978 1774
1978 1777
1978 1800
1978 1806
1978 1810
1978 1829
1978 1841
1978 1842
1978 1848
1978 1871
1978 1879
1978 1881
1978 1916
1978 1921
1978 1930
1978 1935
1978 1940
1978 1944
1978 1953
1978 1956
1978 1959
1978 1979
1978 1985
1978 1995
1978 1998
1979 21
1979 29
1979 76
1979 85
1979 190
1979 258
1979 349
1979 517
1979 528
1979 659
1979 706
1979 715
1979 766
1979 768
1979 791
1979 831
1979 838
1979 859
1979 868
1979 934
1979 1006
1979 1040
1979 1041
1979 1074
1979 1108
1979 1142
1979 1170
1979 1181
1979 1186
1979 1216
1979 1235
1979 1274
1979 1278
1979 1287
1979 1297
1979 1313
1979 1340
1979 1343
1979 1362
1979 1418
1979 1442
1979 1448
1979 1464
1979 1542
1979 1584
1979 1622
1979 1636
1979 1642
1979 1670
1979 1678
1979 1708
1979 1762
1979 1777
1979 1800
1979 1825
1979 1829
1979 1841
1979 1848
1979 1866
1979 1871
1979 1877
1979 1879
1979 1881
1979 1884
1979 1902
1979 1915
1979 1916
1979 1921
1979 1922
1979 1930
1979 1940
1979 1941
1979 1995
1979 1997
1979 1999
1995 29
1995 64
1995 76
1995 81
1995 85
1995 126
1995 190
1995 208
1995 349
1995 351
1995 417
1995 517
1995 528
1995 534
1995 609
1995 653
1995 679
1995 706
1995 710
1995 715
1995 766
1995 768
1995 791
1995 831
1995 838
1995 868
1995 900
1995 934
1995 1006
1995 1040
1995 1170
1995 1186
1995 1216
1995 1236
1995 1274
1995 1278
1995 1284
1995 1287
1995 1340
1995 1362
1995 1418
1995 1422
1995 1448
1995 1527
1995 1542
1995 1622
1995 1636
1995 1641
1995 1642
1995 1668
1995 1670
1995 1678
1995 1679
1995 1684
1995 1729
1995 1736
1995 1762
1995 1763
1995 1777
1995 1793
1995 1797
1995 1800
1995 1829
1995 1841
1995 1848
1995 1870
1995 1871
1995 1876
1995 1879
1995 1881
1995 1893
1995 1903
1995 1916
1995 1921
1995 1930
1995 1940
1995 1949
1995 1954
1995 1964
1995 1975
1995 1977
1995 1981
1995 1999
13 827
13 1724
13 1970
13 1988
827 1126
827 1361
827 1554
827 1666
827 1694
1724 458
1724 496
1724 831
1724 1242
1724 1252
1724 1315
1724 1343
1724 1519
1724 1549
1724 1570
1724 1594
1724 1615
1724 1668
1724 1686
1724 1708
1724 1752
1724 1761
1724 1802
1724 1815
1724 1893
1724 1913
1724 1957
1724 1969
1724 1970
1724 1983
1724 1988
1970 37
1970 80
1970 83
1970 129
1970 135
1970 169
1970 177
1970 312
1970 315
1970 375
1970 422
1970 439
1970 535
1970 661
1970 761
1970 762
1970 845
1970 854
1970 923
1970 940
1970 980
1970 984
1970 1001
1970 1005
1970 1015
1970 1016
1970 1058
1970 1073
1970 1096
1970 1192
1970 1234
1970 1242
1970 1243
1970 1252
1970 1315
1970 1395
1970 1406
1970 1453
1970 1477
1970 1511
1970 1513
1970 1515
1970 1520
1970 1549
1970 1594
1970 1600
1970 1615
1970 1626
1970 1673
1970 1686
1970 1691
1970 1707
1970 1708
1970 1713
1970 1727
1970 1752
1970 1754
1970 1767
1970 1802
1970 1815
1970 1843
1970 1853
1970 1858
1970 1881
1970 1902
1970 1930
1970 1957
1970 1969
1970 1981
1970 1983
1970 1988
1970 1989
1988 37
1988 60
1988 80
1988 83
1988 110
1988 135
1988 143
1988 145
1988 270
1988 315
1988 354
1988 375
1988 424
1988 471
1988 631
1988 644
1988 655
1988 761
1988 765
1988 841
1988 845
1988 855
1988 886
1988 923
1988 940
1988 962
1988 980
1988 984
1988 1005
1988 1016
1988 1052
1988 1058
1988 1073
1988 1096
1988 1123
1988 1167
1988 1234
1988 1237
1988 1242
1988 1243
1988 1247
1988 1268
1988 1294
1988 1303
1988 1315
1988 1343
1988 1395
1988 1406
1988 1477
1988 1513
1988 1520
1988 1549
1988 1566
1988 1594
1988 1600
1988 1615
1988 1622
1988 1626
1988 1658
1988 1673
1988 1686
1988 1705
1988 1708
1988 1713
1988 1727
1988 1736
1988 1752
1988 1767
1988 1802
1988 1815
1988 1816
1988 1837
1988 1842
1988 1854
1988 1856
1988 1868
1988 1909
1988 1952
1988 1957
1988 1969
1988 1972
1988 1983
1988 1986
14 640
14 1508
14 1540
14 1731
14 1787
640 687
640 1537
640 1704
640 1731
640 1787
1508 655
1508 1029
1508 1122
1508 1266
1508 1337
1508 1489
1508 1500
1508 1505
1508 1532
1508 1740
1508 1789
1508 1807
1508 1837
1508 1899
1540 541
1540 613
1540 942
1540 1231
1540 1259
1540 1467
1540 1537
1540 1583
1540 1598
1540 1618
1540 1704
1540 1731
1540 1754
1540 1769
1540 1787
1731 221
1731 309
1731 324
1731 541
1731 854
1731 873
1731 975
1731 1118
1731 1259
1731 1355
1731 1467
1731 1513
1731 1537
1731 1583
1731 1598
1731 1618
1731 1704
1731 1752
1731 1787
1731 1815
1731 1894
1731 1954
1731 1994
1787 126
1787 203
1787 275
1787 383
1787 702
1787 815
1787 975
1787 1010
1787 1118
1787 1194
1787 1247
1787 1355
1787 1467
1787 1537
1787 1561
1787 1581
1787 1583
1787 1598
1787 1602
1787 1618
1787 1666
1787 1668
1787 1704
1787 1812
1787 1846
1787 1954
1787 1963
15 1100
15 1716
15 1778
15 1929
15 1934
1100 726
1100 1190
1100 1480
1100 1663
1100 1821
1100 1825
1100 1893
1100 1912
1716 132
1716 289
1716 333
1716 408
1716 494
1716 877
1716 951
1716 987
1716 996
1716 1088
1716 1102
1716 1202
1716 1480
1716 1495
1716 1555
1716 1609
1716 1664
1716 1778
1716 1821
1716 1879
1716 1893
1716 1912
1716 1930
1716 1934
1716 1942
1778 447
1778 489
1778 1088
1778 1278
1778 1280
1778 1308
1778 1428
1778 1439
1778 1509
1778 1529
1778 1555
1778 1559
1778 1572
1778 1663
1778 1664
1778 1674
1778 1748
1778 1757
1778 1773
1778 1795
1778 1825
1778 1868
1778 1893
1778 1912
1778 1934
1778 1942
1778 1947
1778 1971
1929 49
1929 179
1929 267
1929 374
1929 391
1929 408
1929 499
1929 559
1929 708
1929 748
1929 775
1929 783
1929 915
1929 1042
1929 1120
1929 1156
1929 1166
1929 1168
1929 1187
1929 1227
1929 1246
1929 1257
1929 1311
1929 1382
1929 1411
1929 1413
1929 1431
1929 1487
1929 1510
1929 1516
1929 1575
1929 1584
1929 1620
1929 1638
1929 1653
1929 1707
1929 1750
1929 1763
1929 1776
1929 1784
1929 1794
1929 1805
1929 1828
1929 1833
1929 1871
1929 1884
1929 1889
1929 1906
1929 1918
1929 1920
1929 1947
1929 1953
1929 1956
1929 1964
1929 1986
1929 1997
1934 16
1934 52
1934 128
1934 132
1934 204
1934 291
1934 397
1934 463
1934 509
1934 516
1934 522
1934 551
1934 634
1934 677
1934 688
1934 744
1934 756
1934 809
1934 875
1934 951
1934 1060
1934 1102
1934 1108
1934 1109
1934 1144
1934 1205
1934 1207
1934 1267
1934 1280
1934 1316
1934 1439
1934 1457
1934 1475
1934 1480
1934 1529
1934 1555
1934 1559
1934 1572
1934 1580
1934 1674
1934 1695
1934 1722
1934 1745
1934 1757
1934 1785
1934 1795
1934 1821
1934 1847
1934 1851
1934 1857
1934 1893
1934 1912
1934 1942
1934 1952
1934 1967
1934 1968
1934 1977
16 1155
16 1572
16 1643
16 1773
1155 1410
1155 1426
1155 1501
1155 1666
1155 1754
1155 1763
1155 1797
1155 1807
1155 1969
1572 132
1572 1181
1572 1529
1572 1559
1572 1588
1572 1674
1572 1757
1572 1795
1572 1821
1572 1828
1572 1893
1572 1963
1572 1994
1643 610
1643 777
1643 997
1643 1495
1643 1518
1643 1531
1643 1551
1643 1662
1643 1827
1643 1845
1643 1853
1643 1854
1643 1856
1643 1963
1643 1980
1643 1991
1773 132
1773 134
1773 677
1773 678
1773 688
1773 756
1773 909
1773 1109
1773 1182
1773 1302
1773 1316
1773 1480
1773 1529
1773 1559
1773 1609
1773 1681
1773 1682
1773 1748
1773 1795
1773 1825
1773 1873
1773 1884
1773 1893
1773 1912
1773 1942
1773 1964
1773 1967
1773 1985
17 943
17 1026
17 1527
17 1694
17 1702
943 1326
943 1845
943 1869
943 1894
943 1909
943 1959
1026 709
1026 721
1026 788
1026 1473
1026 1810
1026 1874
1026 1876
1026 1973
1527 23
1527 1225
1527 1434
1527 1468
1527 1568
1527 1585
1527 1711
1527 1786
1527 1835
1527 1858
1527 1872
1527 1874
1527 1876
1527 1909
1694 441
1694 445
1694 830
1694 954
1694 1043
1694 1225
1694 1282
1694 1283
1694 1440
1694 1585
1694 1702
1694 1786
1694 1790
1694 1810
1694 1822
1694 1835
1694 1874
1694 1876
1694 1924
1694 1939
1694 1963
1694 1973
1702 148
1702 180
1702 441
1702 521
1702 909
1702 954
1702 1022
1702 1083
1702 1090
1702 1222
1702 1248
1702 1277
1702 1322
1702 1398
1702 1416
1702 1434
1702 1446
1702 1690
1702 1812
1702 1821
1702 1824
1702 1835
1702 1874
1702 1973
18 504
18 1317
18 1625
504 1698
504 1777
504 1799
504 1892
1317 168
1317 576
1317 694
1317 931
1317 1002
1317 1161
1317 1321
1317 1695
1317 1698
1317 1749
1625 61
1625 921
1625 1374
1625 1420
1625 1424
1625 1444
1625 1545
1625 1546
1625 1566
1625 1729
1625 1753
1625 1915
1625 1939
1625 1952
1625 1960
1625 1965
19 907
19 942
19 1275
19 1548
19 1845
907 1298
907 1445
907 1705
907 1920
907 1953
907 1964
907 1997
942 1502
942 1593
942 1771
942 1886
942 1962
1275 851
1275 1353
1275 1548
1275 1677
1275 1697
1275 1733
1275 1845
1275 1873
1275 1896
1548 72
1548 270
1548 494
1548 638
1548 1128
1548 1180
1548 1284
1548 1459
1548 1494
1548 1571
1548 1703
1548 1873
1548 1910
1548 1987
1548 1998
1845 94
1845 466
1845 560
1845 607
1845 670
1845 738
1845 760
1845 763
1845 1099
1845 1188
1845 1230
1845 1261
1845 1284
1845 1323
1845 1450
1845 1459
1845 1494
1845 1495
1845 1528
1845 1598
1845 1677
1845 1695
1845 1703
1845 1726
1845 1733
1845 1751
1845 1769
1845 1790
1845 1801
1845 1836
1845 1855
1845 1873
1845 1896
1845 1910
1845 1977
1845 1987
20 1529
20 1719
20 1775
20 1808
20 1838
1529 52
1529 469
1529 1076
1529 1121
1529 1302
1529 1609
1529 1619
1529 1825
1529 1912
1529 1977
1719 46
1719 153
1719 276
1719 436
1719 566
1719 573
1719 613
1719 655
1719 657
1719 740
1719 852
1719 872
1719 1071
1719 1091
1719 1344
1719 1390
1719 1433
1719 1511
1719 1528
1719 1542
1719 1746
1719 1768
1719 1793
1719 1808
1719 1838
1719 1866
1775 104
1775 431
1775 437
1775 622
1775 661
1775 840
1775 922
1775 967
1775 1159
1775 1212
1775 1289
1775 1358
1775 1524
1775 1564
1775 1611
1775 1652
1775 1668
1775 1669
1775 1766
1775 1811
1775 1825
1775 1840
1775 1841
1775 1851
1775 1863
1775 1914
1775 1931
1775 1944
1775 1968
1808 46
1808 285
1808 444
1808 537
1808 573
1808 585
1808 613
1808 655
1808 740
1808 825
1808 852
1808 872
1808 934
1808 1001
1808 1091
1808 1323
1808 1344
1808 1390
1808 1393
1808 1433
1808 1468
1808 1511
1808 1528
1808 1687
1808 1768
1808 1803
1808 1810
1808 1838
1808 1969
1838 44
1838 46
1838 75
1838 153
1838 285
1838 436
1838 444
1838 537
1838 573
1838 585
1838 613
1838 655
1838 740
1838 825
1838 852
1838 872
1838 1091
1838 1133
1838 1290
1838 1344
1838 1390
1838 1433
1838 1484
1838 1495
1838 1511
1838 1528
1838 1567
1838 1609
1838 1616
1838 1626
1838 1668
1838 1747
1838 1768
1838 1989
21 1518
21 1921
21 1940
1518 666
1518 1271
1518 1341
1518 1658
1518 1662
1518 1844
1518 1877
1518 1936
1518 1963
1518 1980
1518 1991
1921 126
1921 258
1921 331
1921 351
1921 519
1921 534
1921 575
1921 609
1921 706
1921 710
1921 739
1921 859
1921 904
1921 1002
1921 1006
1921 1031
1921 1108
1921 1170
1921 1216
1921 1236
1921 1287
1921 1313
1921 1362
1921 1418
1921 1542
1921 1622
1921 1636
1921 1642
1921 1670
1921 1678
1921 1749
1921 1762
1921 1777
1921 1800
1921 1809
1921 1829
1921 1841
1921 1848
1921 1871
1921 1879
1921 1881
1921 1916
1921 1930
1921 1937
1921 1940
1921 1963
1921 1971
1921 1986
1940 76
1940 81
1940 351
1940 589
1940 648
1940 653
1940 710
1940 766
1940 768
1940 831
1940 859
1940 868
1940 934
1940 947
1940 968
1940 1040
1940 1082
1940 1104
1940 1170
1940 1216
1940 1236
1940 1274
1940 1278
1940 1287
1940 1313
1940 1340
1940 1448
1940 1510
1940 1542
1940 1622
1940 1636
1940 1642
1940 1670
1940 1678
1940 1708
1940 1721
1940 1722
1940 1762
1940 1777
1940 1790
1940 1800
1940 1825
1940 1829
1940 1841
1940 1848
1940 1850
1940 1866
1940 1871
1940 1872
1940 1879
1940 1881
1940 1892
1940 1901
1940 1916
1940 1930
1940 1954
1940 1985
22 981
22 1623
22 1937
22 1971
22 1990
981 429
981 931
981 1213
981 1221
981 1755
981 1837
981 1899
1623 536
1623 586
1623 922
1623 1212
1623 1497
1623 1514
1623 1524
1623 1564
1623 1569
1623 1650
1623 1840
1623 1851
1623 1863
1623 1931
1623 1932
1623 1944
1623 1997
1937 93
1937 259
1937 304
1937 313
1937 373
1937 463
1937 524
1937 545
1937 580
1937 597
1937 700
1937 708
1937 711
1937 761
1937 826
1937 887
1937 1072
1937 1092
1937 1095
1937 1097
1937 1141
1937 1143
1937 1163
1937 1165
1937 1235
1937 1249
1937 1289
1937 1326
1937 1339
1937 1404
1937 1405
1937 1417
1937 1466
1937 1503
1937 1535
1937 1538
1937 1600
1937 1633
1937 1687
1937 1697
1937 1722
1937 1755
1937 1770
1937 1842
1937 1849
1937 1861
1937 1864
1937 1897
1937 1905
1937 1916
1937 1939
1937 1941
1937 1951
1937 1968
1937 1971
1937 1976
1937 1977
1937 1990
1937 1997
1937 1998
1971 89
1971 218
1971 220
1971 263
1971 313
1971 339
1971 434
1971 453
1971 462
1971 497
1971 524
1971 532
1971 589
1971 592
1971 612
1971 701
1971 711
1971 737
1971 804
1971 830
1971 887
1971 979
1971 1033
1971 1063
1971 1072
1971 1074
1971 1087
1971 1092
1971 1141
1971 1165
1971 1235
1971 1236
1971 1304
1971 1326
1971 1389
1971 1404
1971 1405
1971 1417
1971 1450
1971 1466
1971 1503
1971 1535
1971 1537
1971 1538
1971 1633
1971 1670
1971 1687
1971 1697
1971 1722
1971 1750
1971 1769
1971 1770
1971 1780
1971 1825
1971 1842
1971 1849
1971 1861
1971 1864
1971 1871
1971 1877
1971 1881
1971 1905
1971 1925
1971 1939
1971 1942
1971 1951
1971 1968
1971 1976
1971 1987
1971 1990
1971 1998
1990 52
1990 66
1990 188
1990 254
1990 259
1990 263
1990 278
1990 292
1990 306
1990 359
1990 373
1990 434
1990 462
1990 524
1990 545
1990 557
1990 580
1990 589
1990 596
1990 597
1990 612
1990 711
1990 736
1990 737
1990 804
1990 830
1990 834
1990 853
1990 887
1990 979
1990 1014
1990 1033
1990 1063
1990 1072
1990 1087
1990 1095
1990 1119
1990 1141
1990 1163
1990 1165
1990 1228
1990 1235
1990 1326
1990 1358
1990 1404
1990 1405
1990 1417
1990 1466
1990 1503
1990 1504
1990 1535
1990 1538
1990 1559
1990 1594
1990 1633
1990 1652
1990 1673
1990 1682
1990 1687
1990 1697
1990 1722
1990 1735
1990 1739
1990 1770
1990 1789
1990 1842
1990 1849
1990 1851
1990 1861
1990 1863
1990 1864
1990 1874
1990 1905
1990 1927
1990 1939
1990 1950
1990 1951
1990 1959
1990 1963
1990 1968
1990 1976
1990 1981
1990 1998
23 759
23 1347
23 1352
23 1607
759 63
759 1198
759 1712
759 1834
759 1898
759 1945
1347 699
1347 971
1347 1022
1347 1071
1347 1297
1347 1446
1347 1591
1347 1771
1347 1810
1347 1913
1347 1973
1352 441
1352 786
1352 1117
1352 1148
1352 1491
1352 1552
1352 1591
1352 1753
1352 1790
1352 1801
1352 1876
1607 647
1607 752
1607 855
1607 1039
1607 1224
1607 1301
1607 1319
1607 1401
1607 1414
1607 1488
1607 1492
1607 1649
1607 1679
1607 1721
1607 1756
1607 1872
1607 1925
1607 1935
24 528
24 1483
24 1780
24 1913
24 1954
528 1474
528 1848
1483 1086
1483 1602
1483 1699
1483 1747
1483 1761
1483 1780
1483 1785
1483 1791
1483 1812
1483 1894
1483 1902
1483 1913
1483 1916
1483 1954
1780 419
1780 512
1780 604
1780 815
1780 883
1780 948
1780 961
1780 1028
1780 1128
1780 1175
1780 1290
1780 1296
1780 1339
1780 1346
1780 1436
1780 1491
1780 1624
1780 1631
1780 1747
1780 1754
1780 1761
1780 1764
1780 1785
1780 1790
1780 1791
1780 1812
1780 1902
1780 1913
1780 1954
1913 38
1913 57
1913 205
1913 379
1913 495
1913 556
1913 602
1913 604
1913 724
1913 832
1913 846
1913 899
1913 918
1913 937
1913 958
1913 964
1913 986
1913 988
1913 1011
1913 1017
1913 1028
1913 1075
1913 1086
1913 1127
1913 1175
1913 1290
1913 1296
1913 1323
1913 1327
1913 1339
1913 1349
1913 1384
1913 1491
1913 1569
1913 1577
1913 1599
1913 1624
1913 1631
1913 1709
1913 1735
1913 1747
1913 1751
1913 1761
1913 1774
1913 1785
1913 1791
1913 1812
1913 1902
1913 1954
1913 1961
1913 1985
1954 38
1954 57
1954 114
1954 205
1954 274
1954 379
1954 419
1954 420
1954 480
1954 495
1954 523
1954 556
1954 604
1954 724
1954 832
1954 842
1954 846
1954 883
1954 903
1954 918
1954 937
1954 948
1954 958
1954 964
1954 986
1954 988
1954 1011
1954 1017
1954 1023
1954 1028
1954 1086
1954 1175
1954 1184
1954 1202
1954 1272
1954 1290
1954 1296
1954 1323
1954 1339
1954 1429
1954 1491
1954 1505
1954 1552
1954 1563
1954 1580
1954 1611
1954 1624
1954 1631
1954 1747
1954 1761
1954 1774
1954 1785
1954 1791
1954 1812
1954 1834
1954 1841
1954 1902
1954 1957
1954 1972
25 990
25 1486
25 1597
25 1725
25 1973
990 1001
990 1071
990 1119
990 1364
990 1711
990 1896
990 1973
1486 758
1486 891
1486 1047
1486 1416
1486 1555
1486 1758
1486 1786
1486 1790
1486 1810
1486 1860
1486 1874
1486 1876
1486 1973
1597 583
1597 652
1597 903
1597 920
1597 1031
1597 1114
1597 1229
1597 1551
1597 1614
1597 1650
1597 1682
1597 1705
1597 1957
1725 381
1725 583
1725 661
1725 913
1725 1000
1725 1134
1725 1189
1725 1240
1725 1341
1725 1342
1725 1393
1725 1458
1725 1567
1725 1628
1725 1679
1725 1691
1725 1692
1725 1712
1725 1718
1725 1720
1725 1732
1725 1858
1725 1898
1725 1945
1725 1998
1973 30
1973 168
1973 288
1973 369
1973 380
1973 527
1973 563
1973 648
1973 650
1973 735
1973 758
1973 774
1973 787
1973 794
1973 858
1973 878
1973 882
1973 902
1973 963
1973 971
1973 1022
1973 1035
1973 1045
1973 1047
1973 1053
1973 1071
1973 1090
1973 1093
1973 1148
1973 1283
1973 1297
1973 1307
1973 1322
1973 1328
1973 1375
1973 1392
1973 1398
1973 1403
1973 1405
1973 1416
1973 1430
1973 1446
1973 1468
1973 1473
1973 1493
1973 1509
1973 1531
1973 1558
1973 1560
1973 1569
1973 1659
1973 1700
1973 1730
1973 1790
1973 1803
1973 1810
1973 1813
1973 1822
1973 1824
1973 1825
1973 1835
1973 1868
1973 1874
1973 1887
1973 1926
1973 1968
1973 1981
1973 1998
26 979
26 1580
26 1637
26 1908
979 710
979 1905
979 1951
979 1976
979 1998
1580 189
1580 506
1580 566
1580 1268
1580 1278
1580 1307
1580 1549
1580 1571
1580 1683
1580 1832
1580 1843
1580 1922
1580 1961
1637 182
1637 966
1637 1157
1637 1507
1637 1671
1637 1691
1637 1698
1637 1699
1637 1705
1637 1737
1637 1749
1637 1769
1637 1886
1637 1892
1637 1908
1637 1976
1908 46
1908 88
1908 111
1908 176
1908 188
1908 240
1908 328
1908 371
1908 486
1908 576
1908 621
1908 639
1908 671
1908 676
1908 762
1908 884
1908 977
1908 1002
1908 1020
1908 1079
1908 1161
1908 1185
1908 1192
1908 1242
1908 1253
1908 1270
1908 1348
1908 1355
1908 1441
1908 1445
1908 1539
1908 1593
1908 1621
1908 1641
1908 1671
1908 1691
1908 1698
1908 1736
1908 1737
1908 1744
1908 1749
1908 1869
1908 1883
1908 1892
1908 1898
1908 1910
1908 1989
1908 1999
27 412
27 1481
27 1848
27 1964
27 1997
412 1706
412 1892
412 1964
412 1986
412 1997
1481 703
1481 1410
1481 1426
1481 1431
1481 1454
1481 1501
1481 1592
1481 1659
1481 1752
1481 1754
1481 1763
1481 1797
1481 1807
1481 1893
1848 134
1848 653
1848 859
1848 868
1848 1134
1848 1542
1848 1575
1848 1620
1848 1622
1848 1633
1848 1636
1848 1642
1848 1670
1848 1678
1848 1762
1848 1777
1848 1800
1848 1801
1848 1829
1848 1841
1848 1871
1848 1876
1848 1879
1848 1881
1848 1896
1848 1916
1848 1925
1848 1930
1964 184
1964 334
1964 337
1964 435
1964 590
1964 641
1964 698
1964 783
1964 888
1964 973
1964 976
1964 1016
1964 1081
1964 1098
1964 1130
1964 1156
1964 1183
1964 1184
1964 1195
1964 1210
1964 1249
1964 1281
1964 1311
1964 1365
1964 1399
1964 1411
1964 1413
1964 1443
1964 1460
1964 1487
1964 1510
1964 1528
1964 1532
1964 1575
1964 1584
1964 1610
1964 1638
1964 1653
1964 1676
1964 1707
1964 1732
1964 1750
1964 1776
1964 1784
1964 1788
1964 1794
1964 1805
1964 1828
1964 1830
1964 1833
1964 1866
1964 1895
1964 1898
1964 1916
1964 1920
1964 1926
1964 1939
1964 1947
1964 1953
1964 1956
1964 1980
1964 1986
1964 1997
1997 50
1997 70
1997 179
1997 237
1997 255
1997 274
1997 335
1997 391
1997 392
1997 413
1997 417
1997 421
1997 435
1997 478
1997 496
1997 548
1997 559
1997 590
1997 684
1997 698
1997 708
1997 775
1997 783
1997 874
1997 881
1997 915
1997 944
1997 955
1997 964
1997 973
1997 985
1997 1027
1997 1039
1997 1068
1997 1081
1997 1098
1997 1130
1997 1182
1997 1195
1997 1227
1997 1246
1997 1249
1997 1298
1997 1311
1997 1327
1997 1382
1997 1399
1997 1408
1997 1411
1997 1460
1997 1487
1997 1496
1997 1510
1997 1532
1997 1539
1997 1558
1997 1575
1997 1620
1997 1638
1997 1653
1997 1707
1997 1750
1997 1754
1997 1776
1997 1781
1997 1792
1997 1794
1997 1805
1997 1810
1997 1825
1997 1828
1997 1833
1997 1876
1997 1877
1997 1895
1997 1920
1997 1926
1997 1927
1997 1930
1997 1947
1997 1950
1997 1952
1997 1953
1997 1956
1997 1960
1997 1961
1997 1965
1997 1981
1997 1986
28 1353
28 1628
28 1681
28 1684
28 1986
1353 301
1353 554
1353 925
1353 1069
1353 1144
1353 1461
1353 1588
1353 1628
1353 1769
1628 31
1628 74
1628 121
1628 432
1628 554
1628 653
1628 659
1628 991
1628 1144
1628 1146
1628 1190
1628 1226
1628 1461
1628 1681
1628 1706
1628 1922
1681 31
1681 74
1681 432
1681 498
1681 554
1681 633
1681 659
1681 925
1681 991
1681 1069
1681 1085
1681 1144
1681 1146
1681 1190
1681 1226
1681 1266
1681 1290
1681 1461
1681 1588
1681 1936
1684 706
1684 1208
1684 1228
1684 1310
1684 1314
1684 1338
1684 1456
1684 1602
1684 1632
1684 1647
1684 1698
1684 1706
1684 1799
1684 1847
1684 1904
1684 1924
1684 1947
1684 1950
1684 1972
1684 1989
1986 49
1986 255
1986 284
1986 363
1986 374
1986 384
1986 392
1986 417
1986 421
1986 441
1986 470
1986 548
1986 590
1986 708
1986 741
1986 754
1986 755
1986 783
1986 791
1986 806
1986 888
1986 944
1986 955
1986 984
1986 1060
1986 1081
1986 1120
1986 1154
1986 1175
1986 1187
1986 1194
1986 1195
1986 1227
1986 1257
1986 1263
1986 1281
1986 1298
1986 1311
1986 1327
1986 1363
1986 1382
1986 1385
1986 1399
1986 1411
1986 1443
1986 1487
1986 1496
1986 1510
1986 1530
1986 1532
1986 1558
1986 1575
1986 1584
1986 1610
1986 1620
1986 1638
1986 1653
1986 1707
1986 1776
1986 1793
1986 1794
1986 1800
1986 1805
1986 1822
1986 1828
1986 1833
1986 1864
1986 1895
1986 1899
1986 1909
1986 1920
1986 1926
1986 1942
1986 1947
1986 1953
1986 1956
1986 1959
29 127
29 1873
127 1751
127 1843
127 1961
1873 30
1873 56
1873 158
1873 450
1873 617
1873 623
1873 667
1873 734
1873 760
1873 777
1873 897
1873 986
1873 1043
1873 1116
1873 1151
1873 1180
1873 1188
1873 1261
1873 1359
1873 1414
1873 1423
1873 1424
1873 1494
1873 1556
1873 1568
1873 1585
1873 1613
1873 1644
1873 1677
1873 1703
1873 1726
1873 1733
1873 1737
1873 1751
1873 1843
1873 1855
1873 1910
1873 1930
1873 1959
1873 1977
1873 1987
30 1745
30 1790
30 1874
1745 295
1745 387
1745 520
1745 742
1745 1057
1745 1123
1745 1239
1745 1307
1745 1342
1745 1412
1745 1672
1745 1692
1745 1718
1745 1744
1745 1766
1745 1782
1745 1799
1745 1803
1745 1872
1745 1882
1745 1883
1745 1887
1745 1906
1745 1966
1745 1981
1745 1985
1745 1994
1790 91
1790 650
1790 762
1790 787
1790 1119
1790 1282
1790 1304
1790 1328
1790 1351
1790 1375
1790 1532
1790 1560
1790 1591
1790 1711
1790 1801
1790 1805
1790 1810
1790 1817
1790 1822
1790 1824
1790 1876
1790 1891
1790 1975
1790 1983
1874 88
1874 168
1874 288
1874 320
1874 372
1874 445
1874 454
1874 477
1874 527
1874 546
1874 604
1874 715
1874 758
1874 787
1874 971
1874 1047
1874 1052
1874 1119
1874 1210
1874 1282
1874 1328
1874 1392
1874 1403
1874 1473
1874 1497
1874 1558
1874 1598
1874 1711
1874 1786
1874 1801
1874 1810
1874 1822
1874 1876
1874 1953
1874 1969
31 854
31 925
31 1226
854 855
854 1594
854 1713
854 1957
854 1969
925 1069
925 1146
925 1226
925 1736
925 1752
1226 659
1226 1144
1226 1190
1226 1397
1226 1588
1226 1832
1226 1902
32 409
32 1500
32 1789
32 1837
32 1899
409 1525
409 1846
409 1886
1500 47
1500 165
1500 473
1500 1038
1500 1042
1500 1337
1500 1489
1500 1510
1500 1671
1500 1740
1500 1755
1500 1840
1500 1899
1500 1977
1789 174
1789 186
1789 268
1789 326
1789 327
1789 682
1789 716
1789 918
1789 929
1789 1029
1789 1042
1789 1110
1789 1116
1789 1122
1789 1221
1789 1263
1789 1266
1789 1489
1789 1505
1789 1685
1789 1713
1789 1723
1789 1740
1789 1755
1789 1837
1789 1899
1789 1931
1789 1972
1837 47
1837 149
1837 174
1837 186
1837 268
1837 327
1837 505
1837 527
1837 682
1837 775
1837 929
1837 931
1837 1029
1837 1042
1837 1110
1837 1122
1837 1213
1837 1221
1837 1263
1837 1266
1837 1337
1837 1361
1837 1444
1837 1489
1837 1505
1837 1678
1837 1740
1837 1755
1837 1899
1837 1926
1837 1935
1837 1950
1899 47
1899 173
1899 174
1899 186
1899 231
1899 233
1899 268
1899 307
1899 323
1899 326
1899 327
1899 430
1899 473
1899 505
1899 656
1899 682
1899 716
1899 929
1899 931
1899 1012
1899 1029
1899 1038
1899 1042
1899 1103
1899 1110
1899 1122
1899 1213
1899 1221
1899 1263
1899 1266
1899 1294
1899 1337
1899 1489
1899 1505
1899 1530
1899 1551
1899 1740
1899 1755
1899 1765
1899 1801
1899 1812
1899 1847
1899 1851
1899 1901
1899 1962
1899 1977
33 1689
33 1695
33 1949
33 1975
33 1999
1689 345
1689 538
1689 1094
1689 1287
1689 1471
1689 1562
1689 1648
1689 1688
1689 1739
1689 1759
1689 1796
1689 1818
1689 1823
1689 1858
1689 1868
1689 1869
1689 1901
1689 1933
1689 1949
1689 1952
1689 1967
1689 1975
1689 1999
1695 183
1695 273
1695 620
1695 731
1695 928
1695 958
1695 1099
1695 1151
1695 1230
1695 1459
1695 1526
1695 1568
1695 1680
1695 1703
1695 1710
1695 1751
1695 1855
1695 1896
1695 1910
1695 1977
1695 1987
1949 39
1949 113
1949 329
1949 353
1949 416
1949 469
1949 829
1949 839
1949 905
1949 1025
1949 1095
1949 1164
1949 1177
1949 1193
1949 1203
1949 1272
1949 1276
1949 1306
1949 1332
1949 1335
1949 1342
1949 1384
1949 1390
1949 1400
1949 1421
1949 1460
1949 1479
1949 1562
1949 1563
1949 1564
1949 1587
1949 1596
1949 1613
1949 1645
1949 1648
1949 1688
1949 1722
1949 1735
1949 1739
1949 1746
1949 1753
1949 1760
1949 1761
1949 1781
1949 1783
1949 1788
1949 1792
1949 1795
1949 1796
1949 1804
1949 1818
1949 1841
1949 1858
1949 1862
1949 1868
1949 1901
1949 1927
1949 1932
1949 1935
1949 1967
1949 1975
1949 1999
1975 136
1975 335
1975 352
1975 424
1975 451
1975 555
1975 603
1975 615
1975 624
1975 656
1975 748
1975 823
1975 829
1975 847
1975 879
1975 1055
1975 1115
1975 1125
1975 1173
1975 1193
1975 1203
1975 1218
1975 1276
1975 1281
1975 1308
1975 1328
1975 1350
1975 1384
1975 1400
1975 1421
1975 1438
1975 1454
1975 1517
1975 1562
1975 1587
1975 1596
1975 1613
1975 1645
1975 1646
1975 1648
1975 1651
1975 1688
1975 1701
1975 1721
1975 1722
1975 1726
1975 1735
1975 1739
1975 1759
1975 1760
1975 1781
1975 1783
1975 1784
1975 1788
1975 1796
1975 1804
1975 1818
1975 1831
1975 1858
1975 1862
1975 1868
1975 1884
1975 1887
1975 1901
1975 1902
1975 1932
1975 1933
1975 1950
1975 1959
1975 1967
1975 1972
1975 1976
1975 1981
1975 1987
1975 1999
1999 112
1999 113
1999 156
1999 170
1999 183
1999 322
1999 327
1999 335
1999 344
1999 353
1999 416
1999 451
1999 479
1999 503
1999 532
1999 555
1999 575
1999 636
1999 823
1999 829
1999 847
1999 864
1999 879
1999 905
1999 924
1999 935
1999 955
1999 1018
1999 1025
1999 1055
1999 1061
1999 1115
1999 1118
1999 1125
1999 1164
1999 1173
1999 1193
1999 1203
1999 1210
1999 1218
1999 1276
1999 1308
1999 1324
1999 1335
1999 1342
1999 1343
1999 1365
1999 1368
1999 1384
1999 1400
1999 1407
1999 1421
1999 1454
1999 1471
1999 1509
1999 1523
1999 1562
1999 1563
1999 1587
1999 1645
1999 1646
1999 1651
1999 1688
1999 1735
1999 1739
1999 1752
1999 1759
1999 1760
1999 1772
1999 1781
1999 1783
1999 1788
1999 1804
1999 1818
1999 1831
1999 1858
1999 1862
1999 1868
1999 1884
1999 1894
1999 1896
1999 1901
1999 1930
1999 1932
1999 1933
1999 1941
1999 1963
1999 1965
1999 1967
1999 1983
1999 1985
34 1250
34 1853
34 1980
1250 429
1250 502
1250 1309
1250 1370
1250 1397
1250 1512
1250 1791
1250 1809
1250 1925
1853 301
1853 539
1853 543
1853 666
1853 865
1853 888
1853 938
1853 982
1853 1013
1853 1166
1853 1168
1853 1261
1853 1272
1853 1308
1853 1312
1853 1327
1853 1330
1853 1432
1853 1447
1853 1448
1853 1506
1853 1531
1853 1617
1853 1632
1853 1642
1853 1709
1853 1746
1853 1827
1853 1844
1853 1854
1853 1856
1853 1877
1853 1945
1853 1963
1853 1980
1853 1991
1980 43
1980 51
1980 109
1980 172
1980 196
1980 252
1980 299
1980 342
1980 347
1980 369
1980 391
1980 434
1980 455
1980 511
1980 553
1980 626
1980 666
1980 670
1980 704
1980 776
1980 821
1980 865
1980 892
1980 894
1980 898
1980 899
1980 917
1980 938
1980 941
1980 976
1980 982
1980 997
1980 1067
1980 1109
1980 1142
1980 1160
1980 1166
1980 1184
1980 1205
1980 1231
1980 1248
1980 1269
1980 1292
1980 1312
1980 1320
1980 1330
1980 1395
1980 1398
1980 1432
1980 1474
1980 1506
1980 1525
1980 1531
1980 1557
1980 1592
1980 1630
1980 1662
1980 1709
1980 1746
1980 1783
1980 1796
1980 1824
1980 1827
1980 1836
1980 1840
1980 1844
1980 1854
1980 1856
1980 1877
1980 1897
1980 1916
1980 1960
1980 1963
1980 1976
1980 1991
35 288
35 663
35 1634
35 1806
35 1914
288 794
288 891
663 376
663 1363
663 1396
663 1867
663 1912
663 1945
1634 194
1634 212
1634 221
1634 553
1634 681
1634 808
1634 945
1634 1299
1634 1565
1634 1570
1634 1649
1634 1679
1634 1734
1634 1739
1634 1806
1634 1867
1634 1914
1634 1920
1634 1966
1806 68
1806 225
1806 348
1806 448
1806 543
1806 562
1806 581
1806 658
1806 945
1806 1073
1806 1075
1806 1199
1806 1293
1806 1320
1806 1372
1806 1396
1806 1543
1806 1570
1806 1599
1806 1728
1806 1734
1806 1767
1806 1802
1806 1860
1806 1878
1806 1914
1806 1920
1806 1987
1914 68
1914 71
1914 92
1914 94
1914 138
1914 157
1914 167
1914 194
1914 195
1914 225
1914 241
1914 398
1914 402
1914 448
1914 450
1914 562
1914 673
1914 681
1914 713
1914 770
1914 808
1914 810
1914 857
1914 917
1914 1015
1914 1041
1914 1059
1914 1075
1914 1158
1914 1293
1914 1299
1914 1310
1914 1363
1914 1372
1914 1396
1914 1543
1914 1565
1914 1570
1914 1599
1914 1668
1914 1685
1914 1767
1914 1847
1914 1860
1914 1867
1914 1879
1914 1910
1914 1926
1914 1963
36 619
36 684
36 1652
36 1863
619 1357
619 1718
619 1882
619 1981
619 1985
684 307
684 1776
684 1895
684 1947
684 1953
1652 291
1652 371
1652 498
1652 745
1652 1197
1652 1295
1652 1524
1652 1629
1652 1668
1652 1669
1652 1771
1652 1811
1652 1840
1652 1851
1652 1863
1652 1931
1652 1944
1863 184
1863 243
1863 488
1863 530
1863 532
1863 544
1863 646
1863 675
1863 679
1863 840
1863 967
1863 1159
1863 1197
1863 1289
1863 1292
1863 1295
1863 1329
1863 1358
1863 1372
1863 1378
1863 1403
1863 1468
1863 1497
1863 1524
1863 1564
1863 1586
1863 1668
1863 1669
1863 1770
1863 1840
1863 1851
1863 1869
1863 1924
1863 1931
1863 1944
1863 1968
1863 1969
37 1554
37 1983
1554 142
1554 503
1554 568
1554 850
1554 1077
1554 1126
1554 1361
1554 1367
1554 1438
1554 1536
1554 1655
1554 1666
1554 1849
1554 1882
1983 80
1983 112
1983 129
1983 145
1983 206
1983 235
1983 270
1983 315
1983 351
1983 375
1983 424
1983 439
1983 440
1983 471
1983 535
1983 632
1983 644
1983 765
1983 835
1983 841
1983 886
1983 940
1983 956
1983 980
1983 1005
1983 1015
1983 1037
1983 1058
1983 1073
1983 1114
1983 1123
1983 1136
1983 1154
1983 1234
1983 1237
1983 1242
1983 1243
1983 1252
1983 1255
1983 1294
1983 1315
1983 1343
1983 1395
1983 1406
1983 1453
1983 1477
1983 1513
1983 1520
1983 1549
1983 1586
1983 1594
1983 1600
1983 1615
1983 1618
1983 1626
1983 1655
1983 1666
1983 1673
1983 1686
1983 1692
1983 1699
1983 1708
1983 1713
1983 1727
1983 1752
1983 1756
1983 1760
1983 1765
1983 1776
1983 1802
1983 1815
1983 1829
1983 1883
1983 1957
1983 1963
1983 1969
38 135
38 1039
38 1812
135 1969
135 1998
1039 443
1039 1135
1039 1488
1039 1697
1039 1925
1039 1965
1812 57
1812 265
1812 333
1812 495
1812 781
1812 842
1812 846
1812 937
1812 958
1812 964
1812 988
1812 1017
1812 1023
1812 1296
1812 1323
1812 1339
1812 1631
1812 1717
1812 1747
1812 1774
1812 1785
1812 1791
1812 1898
1812 1902
1812 1903
39 667
39 1862
39 1884
39 1932
667 1644
667 1836
667 1977
667 1987
1862 301
1862 935
1862 959
1862 1029
1862 1125
1862 1255
1862 1297
1862 1316
1862 1384
1862 1400
1862 1562
1862 1596
1862 1613
1862 1645
1862 1648
1862 1688
1862 1701
1862 1730
1862 1735
1862 1739
1862 1759
1862 1760
1862 1774
1862 1781
1862 1788
1862 1804
1862 1818
1862 1831
1862 1836
1862 1858
1862 1861
1862 1868
1862 1884
1862 1901
1862 1931
1862 1932
1862 1933
1862 1965
1862 1967
1884 83
1884 113
1884 322
1884 637
1884 758
1884 847
1884 905
1884 912
1884 1018
1884 1164
1884 1202
1884 1264
1884 1306
1884 1308
1884 1400
1884 1407
1884 1469
1884 1471
1884 1479
1884 1517
1884 1563
1884 1645
1884 1648
1884 1651
1884 1653
1884 1701
1884 1723
1884 1735
1884 1759
1884 1760
1884 1781
1884 1788
1884 1799
1884 1831
1884 1868
1884 1901
1884 1920
1884 1932
1884 1933
1884 1967
1884 1994
1932 335
1932 456
1932 555
1932 814
1932 837
1932 847
1932 879
1932 1018
1932 1025
1932 1055
1932 1192
1932 1218
1932 1276
1932 1342
1932 1350
1932 1400
1932 1407
1932 1421
1932 1423
1932 1471
1932 1479
1932 1497
1932 1517
1932 1562
1932 1587
1932 1596
1932 1645
1932 1646
1932 1648
1932 1651
1932 1688
1932 1700
1932 1759
1932 1762
1932 1781
1932 1786
1932 1788
1932 1796
1932 1801
1932 1804
1932 1818
1932 1831
1932 1833
1932 1858
1932 1868
1932 1901
1932 1916
1932 1933
1932 1957
1932 1967
40 1788
40 1878
40 1989
1788 111
1788 353
1788 511
1788 524
1788 573
1788 933
1788 1025
1788 1407
1788 1421
1788 1587
1788 1611
1788 1645
1788 1646
1788 1648
1788 1739
1788 1759
1788 1796
1788 1804
1788 1858
1788 1868
1788 1901
1788 1933
1788 1957
1788 1967
1878 185
1878 279
1878 483
1878 485
1878 501
1878 659
1878 696
1878 812
1878 836
1878 970
1878 976
1878 977
1878 1001
1878 1133
1878 1139
1878 1150
1878 1152
1878 1172
1878 1200
1878 1208
1878 1233
1878 1440
1878 1546
1878 1595
1878 1616
1878 1632
1878 1657
1878 1693
1878 1743
1878 1842
1878 1847
1878 1868
1878 1888
1878 1897
1878 1904
1878 1924
1878 1947
1878 1950
1878 1972
1878 1989
1878 1991
1989 69
1989 152
1989 160
1989 277
1989 279
1989 283
1989 316
1989 317
1989 338
1989 414
1989 427
1989 482
1989 490
1989 561
1989 596
1989 602
1989 603
1989 621
1989 665
1989 703
1989 733
1989 744
1989 746
1989 868
1989 927
1989 970
1989 973
1989 976
1989 977
1989 978
1989 1001
1989 1023
1989 1066
1989 1139
1989 1150
1989 1172
1989 1200
1989 1233
1989 1269
1989 1288
1989 1310
1989 1314
1989 1324
1989 1338
1989 1369
1989 1377
1989 1430
1989 1456
1989 1469
1989 1523
1989 1546
1989 1552
1989 1577
1989 1584
1989 1616
1989 1617
1989 1632
1989 1657
1989 1661
1989 1678
1989 1693
1989 1706
1989 1784
1989 1799
1989 1816
1989 1841
1989 1847
1989 1890
1989 1904
1989 1924
1989 1933
1989 1947
1989 1950
1989 1953
1989 1965
1989 1972
41 1798
41 1918
41 1941
41 1962
1798 247
1798 343
1798 594
1798 601
1798 782
1798 1049
1798 1169
1798 1171
1798 1196
1798 1271
1798 1409
1798 1457
1798 1499
1798 1601
1798 1626
1798 1629
1798 1671
1798 1682
1798 1728
1798 1743
1798 1831
1798 1857
1798 1869
1798 1890
1798 1894
1798 1897
1798 1959
1798 1977
1918 166
1918 302
1918 345
1918 363
1918 404
1918 515
1918 520
1918 542
1918 578
1918 615
1918 654
1918 685
1918 693
1918 792
1918 956
1918 1041
1918 1116
1918 1177
1918 1203
1918 1206
1918 1208
1918 1219
1918 1238
1918 1303
1918 1375
1918 1381
1918 1394
1918 1408
1918 1428
1918 1442
1918 1472
1918 1498
1918 1502
1918 1534
1918 1569
1918 1576
1918 1589
1918 1700
1918 1771
1918 1810
1918 1822
1918 1846
1918 1886
1918 1903
1918 1904
1918 1936
1918 1941
1918 1947
1918 1956
1918 1962
1918 1977
1941 203
1941 302
1941 357
1941 358
1941 363
1941 467
1941 535
1941 574
1941 605
1941 691
1941 717
1941 792
1941 951
1941 956
1941 1049
1941 1082
1941 1116
1941 1167
1941 1219
1941 1238
1941 1380
1941 1394
1941 1420
1941 1428
1941 1436
1941 1472
1941 1485
1941 1498
1941 1534
1941 1569
1941 1576
1941 1589
1941 1590
1941 1603
1941 1618
1941 1622
1941 1662
1941 1666
1941 1700
1941 1723
1941 1736
1941 1747
1941 1754
1941 1771
1941 1817
1941 1846
1941 1886
1941 1903
1941 1905
1941 1936
1941 1962
1962 158
1962 189
1962 203
1962 250
1962 304
1962 357
1962 363
1962 400
1962 515
1962 525
1962 542
1962 574
1962 588
1962 691
1962 725
1962 792
1962 830
1962 833
1962 875
1962 956
1962 1019
1962 1082
1962 1106
1962 1124
1962 1160
1962 1167
1962 1209
1962 1218
1962 1219
1962 1303
1962 1380
1962 1381
1962 1408
1962 1428
1962 1431
1962 1436
1962 1455
1962 1485
1962 1492
1962 1498
1962 1502
1962 1544
1962 1576
1962 1581
1962 1587
1962 1589
1962 1590
1962 1700
1962 1707
1962 1723
1962 1771
1962 1782
1962 1833
1962 1846
1962 1886
1962 1903
1962 1936
1962 1966
42 1843
1843 100
1843 191
1843 218
1843 468
1843 475
1843 650
1843 769
1843 788
1843 790
1843 959
1843 1036
1843 1103
1843 1178
1843 1255
1843 1260
1843 1307
1843 1322
1843 1365
1843 1367
1843 1386
1843 1571
1843 1683
1843 1705
1843 1706
1843 1770
1843 1785
1843 1832
1843 1851
1843 1922
1843 1961
1843 1965
43 1856
43 1963
43 1991
1856 551
1856 670
1856 870
1856 971
1856 1142
1856 1143
1856 1168
1856 1184
1856 1205
1856 1248
1856 1285
1856 1320
1856 1447
1856 1474
1856 1506
1856 1509
1856 1531
1856 1557
1856 1617
1856 1630
1856 1683
1856 1709
1856 1743
1856 1746
1856 1815
1856 1827
1856 1844
1856 1854
1856 1877
1856 1947
1856 1963
1856 1991
1856 1998
1963 91
1963 96
1963 172
1963 215
1963 229
1963 263
1963 299
1963 406
1963 493
1963 539
1963 553
1963 728
1963 745
1963 776
1963 865
1963 870
1963 894
1963 899
1963 929
1963 938
1963 941
1963 982
1963 998
1963 1007
1963 1071
1963 1166
1963 1168
1963 1205
1963 1231
1963 1248
1963 1312
1963 1320
1963 1330
1963 1414
1963 1462
1963 1474
1963 1545
1963 1557
1963 1592
1963 1617
1963 1630
1963 1642
1963 1662
1963 1709
1963 1723
1963 1746
1963 1747
1963 1827
1963 1829
1963 1844
1963 1854
1963 1876
1963 1877
1963 1991
1991 51
1991 73
1991 91
1991 196
1991 215
1991 252
1991 299
1991 369
1991 406
1991 511
1991 539
1991 610
1991 628
1991 670
1991 704
1991 728
1991 745
1991 836
1991 865
1991 870
1991 892
1991 894
1991 898
1991 938
1991 950
1991 997
1991 1007
1991 1008
1991 1067
1991 1078
1991 1130
1991 1142
1991 1166
1991 1168
1991 1184
1991 1205
1991 1231
1991 1248
1991 1312
1991 1320
1991 1330
1991 1335
1991 1346
1991 1432
1991 1447
1991 1472
1991 1474
1991 1501
1991 1506
1991 1531
1991 1534
1991 1557
1991 1574
1991 1592
1991 1613
1991 1617
1991 1621
1991 1650
1991 1662
1991 1669
1991 1707
1991 1709
1991 1746
1991 1776
1991 1796
1991 1800
1991 1805
1991 1827
1991 1844
1991 1854
1991 1861
1991 1877
1991 1904
1991 1985
1991 1994
44 340
44 853
44 1390
44 1768
340 275
340 1891
340 1927
340 1981
853 1909
853 1939
853 1951
853 1968
853 1976
853 1998
1390 585
1390 599
1390 655
1390 1326
1390 1511
1390 1528
1390 1768
1390 1967
1768 75
1768 128
1768 153
1768 285
1768 436
1768 537
1768 613
1768 655
1768 721
1768 740
1768 825
1768 852
1768 1091
1768 1300
1768 1344
1768 1433
1768 1511
1768 1528
1768 1599
1768 1743
1768 1776
1768 1930
1768 1969
45 1171
45 1726
45 1944
1171 201
1171 1020
1171 1081
1171 1868
1171 1894
1171 1959
1726 158
1726 763
1726 864
1726 1099
1726 1218
1726 1385
1726 1414
1726 1432
1726 1644
1726 1677
1726 1680
1726 1703
1726 1733
1726 1758
1726 1813
1726 1836
1726 1844
1726 1855
1726 1901
1726 1910
1726 1912
1726 1977
1726 1987
1944 66
1944 102
1944 104
1944 118
1944 122
1944 151
1944 243
1944 344
1944 385
1944 403
1944 474
1944 484
1944 488
1944 498
1944 530
1944 544
1944 586
1944 593
1944 622
1944 646
1944 675
1944 679
1944 702
1944 840
1944 922
1944 1080
1944 1159
1944 1197
1944 1199
1944 1212
1944 1289
1944 1292
1944 1295
1944 1305
1944 1329
1944 1358
1944 1414
1944 1443
1944 1497
1944 1524
1944 1543
1944 1564
1944 1586
1944 1611
1944 1668
1944 1669
1944 1690
1944 1811
1944 1840
1944 1851
1944 1895
1944 1926
1944 1931
1944 1939
1944 1998
46 946
946 906
946 1691
946 1744
946 1892
946 1967
47 1740
47 1968
1740 323
1740 386
1740 505
1740 716
1740 931
1740 1029
1740 1038
1740 1042
1740 1089
1740 1110
1740 1263
1740 1266
1740 1337
1740 1505
1740 1574
1740 1648
1740 1656
1740 1755
1740 1854
1740 1985
1740 1994
1968 89
1968 103
1968 254
1968 278
1968 292
1968 306
1968 373
1968 453
1968 497
1968 507
1968 532
1968 545
1968 580
1968 589
1968 701
1968 736
1968 804
1968 834
1968 887
1968 1014
1968 1063
1968 1072
1968 1087
1968 1092
1968 1095
1968 1136
1968 1146
1968 1163
1968 1165
1968 1235
1968 1313
1968 1326
1968 1370
1968 1374
1968 1381
1968 1404
1968 1405
1968 1417
1968 1424
1968 1466
1968 1503
1968 1517
1968 1534
1968 1535
1968 1538
1968 1588
1968 1633
1968 1687
1968 1697
1968 1722
1968 1755
1968 1770
1968 1795
1968 1840
1968 1842
1968 1849
1968 1861
1968 1864
1968 1891
1968 1905
1968 1906
1968 1939
1968 1951
1968 1960
1968 1976
1968 1977
1968 1998
48 1054
48 1813
48 1915
1054 638
1054 938
1054 1414
1054 1644
1054 1776
1054 1836
1054 1977
1054 1987
1813 123
1813 154
1813 163
1813 173
1813 308
1813 316
1813 645
1813 668
1813 802
1813 848
1813 860
1813 910
1813 921
1813 1007
1813 1427
1813 1504
1813 1519
1813 1566
1813 1603
1813 1605
1813 1632
1813 1664
1813 1729
1813 1753
1813 1793
1813 1811
1813 1895
1813 1915
1813 1952
1915 55
1915 197
1915 246
1915 271
1915 300
1915 308
1915 385
1915 508
1915 773
1915 799
1915 802
1915 910
1915 921
1915 1009
1915 1017
1915 1032
1915 1094
1915 1234
1915 1286
1915 1290
1915 1333
1915 1336
1915 1374
1915 1391
1915 1420
1915 1424
1915 1427
1915 1504
1915 1512
1915 1519
1915 1555
1915 1600
1915 1603
1915 1632
1915 1653
1915 1664
1915 1704
1915 1715
1915 1729
1915 1753
1915 1767
1915 1777
1915 1793
1915 1802
1915 1817
1915 1952
1915 1960
49 658
49 1098
49 1405
658 68
658 423
658 1372
658 1497
658 1734
1098 1156
1098 1584
1098 1750
1098 1796
1098 1956
1098 1966
1405 1587
1405 1857
1405 1905
1405 1939
1405 1951
1405 1976
1405 1998
50 1492
50 1833
50 1926
50 1953
1492 236
1492 674
1492 836
1492 1204
1492 1592
1492 1649
1492 1721
1492 1765
1492 1870
1492 1888
1492 1894
1492 1935
1833 219
1833 255
1833 274
1833 413
1833 483
1833 688
1833 874
1833 1124
1833 1187
1833 1382
1833 1411
1833 1443
1833 1510
1833 1575
1833 1638
1833 1653
1833 1707
1833 1712
1833 1794
1833 1805
1833 1828
1833 1831
1833 1841
1833 1887
1833 1920
1833 1947
1833 1953
1833 1956
1833 1959
1926 284
1926 325
1926 337
1926 390
1926 435
1926 496
1926 552
1926 557
1926 559
1926 606
1926 678
1926 741
1926 783
1926 785
1926 803
1926 973
1926 1156
1926 1188
1926 1257
1926 1298
1926 1319
1926 1399
1926 1443
1926 1487
1926 1496
1926 1532
1926 1575
1926 1577
1926 1584
1926 1610
1926 1620
1926 1686
1926 1700
1926 1707
1926 1750
1926 1776
1926 1784
1926 1792
1926 1794
1926 1805
1926 1828
1926 1895
1926 1909
1926 1920
1926 1947
1926 1953
1926 1956
1926 1994
1953 70
1953 325
1953 374
1953 390
1953 392
1953 421
1953 467
1953 519
1953 606
1953 727
1953 754
1953 755
1953 775
1953 874
1953 923
1953 955
1953 1023
1953 1077
1953 1081
1953 1120
1953 1135
1953 1156
1953 1227
1953 1257
1953 1298
1953 1336
1953 1394
1953 1413
1953 1443
1953 1460
1953 1502
1953 1510
1953 1563
1953 1584
1953 1605
1953 1610
1953 1620
1953 1638
1953 1653
1953 1707
1953 1750
1953 1784
1953 1794
1953 1796
1953 1805
1953 1828
1953 1849
1953 1895
1953 1920
1953 1942
1953 1947
1953 1956
1953 1960
1953 1967
51 1432
51 1904
51 1961
1432 1078
1432 1253
1432 1633
1432 1682
1432 1844
1432 1854
1432 1860
1904 169
1904 170
1904 172
1904 283
1904 501
1904 523
1904 746
1904 779
1904 796
1904 812
1904 826
1904 876
1904 1005
1904 1032
1904 1133
1904 1139
1904 1200
1904 1208
1904 1228
1904 1244
1904 1253
1904 1369
1904 1456
1904 1523
1904 1552
1904 1577
1904 1603
1904 1616
1904 1632
1904 1657
1904 1661
1904 1706
1904 1781
1904 1799
1904 1816
1904 1847
1904 1912
1904 1924
1904 1925
1904 1950
1961 100
1961 120
1961 140
1961 177
1961 185
1961 191
1961 210
1961 213
1961 216
1961 251
1961 265
1961 303
1961 386
1961 468
1961 506
1961 514
1961 547
1961 598
1961 630
1961 635
1961 649
1961 714
1961 769
1961 788
1961 790
1961 932
1961 949
1961 959
1961 960
1961 1036
1961 1050
1961 1067
1961 1103
1961 1127
1961 1162
1961 1170
1961 1207
1961 1217
1961 1255
1961 1260
1961 1268
1961 1365
1961 1367
1961 1386
1961 1451
1961 1454
1961 1479
1961 1519
1961 1571
1961 1595
1961 1658
1961 1659
1961 1660
1961 1683
1961 1709
1961 1715
1961 1759
1961 1832
1961 1922
1961 1967
52 1060
1060 955
1060 1509
1060 1748
1060 1893
1060 1933
53 1094
53 1387
53 1794
53 1952
53 1960
1094 1131
1094 1566
1094 1664
1094 1753
1094 1834
1094 1952
1387 106
1387 425
1387 647
1387 1089
1387 1376
1387 1530
1387 1547
1387 1701
1387 1870
1387 1888
1387 1965
1794 214
1794 237
1794 298
1794 432
1794 438
1794 470
1794 552
1794 606
1794 804
1794 808
1794 1311
1794 1327
1794 1496
1794 1544
1794 1620
1794 1653
1794 1784
1794 1805
1794 1828
1794 1895
1794 1920
1794 1945
1794 1947
1794 1956
1952 84
1952 148
1952 197
1952 214
1952 234
1952 267
1952 271
1952 316
1952 426
1952 606
1952 611
1952 616
1952 624
1952 644
1952 645
1952 813
1952 845
1952 848
1952 860
1952 910
1952 921
1952 1032
1952 1061
1952 1102
1952 1103
1952 1183
1952 1201
1952 1286
1952 1374
1952 1391
1952 1420
1952 1424
1952 1429
1952 1471
1952 1504
1952 1519
1952 1545
1952 1566
1952 1603
1952 1605
1952 1635
1952 1664
1952 1715
1952 1733
1952 1753
1952 1784
1952 1786
1952 1793
1952 1817
1952 1834
1952 1857
1952 1866
1952 1960
1960 84
1960 87
1960 148
1960 154
1960 214
1960 238
1960 246
1960 271
1960 316
1960 407
1960 449
1960 616
1960 624
1960 645
1960 757
1960 773
1960 838
1960 848
1960 860
1960 895
1960 910
1960 921
1960 968
1960 1009
1960 1032
1960 1051
1960 1288
1960 1312
1960 1333
1960 1336
1960 1374
1960 1391
1960 1420
1960 1427
1960 1433
1960 1467
1960 1504
1960 1519
1960 1545
1960 1565
1960 1566
1960 1603
1960 1605
1960 1609
1960 1630
1960 1664
1960 1715
1960 1728
1960 1753
1960 1777
1960 1793
1960 1817
1960 1835
1960 1861
1960 1956
1960 1959
1960 1985
54 155
54 1717
54 1966
54 1985
54 1994
155 430
155 939
155 1655
1717 742
1717 758
1717 878
1717 992
1717 1177
1717 1462
1717 1489
1717 1533
1717 1632
1717 1672
1717 1718
1717 1771
1717 1782
1717 1803
1717 1819
1717 1872
1717 1882
1717 1883
1717 1887
1717 1927
1717 1966
1717 1981
1717 1985
1717 1994
1966 115
1966 199
1966 244
1966 273
1966 356
1966 361
1966 387
1966 405
1966 447
1966 461
1966 599
1966 600
1966 614
1966 642
1966 718
1966 754
1966 909
1966 957
1966 983
1966 992
1966 1050
1966 1065
1966 1107
1966 1138
1966 1176
1966 1239
1966 1254
1966 1277
1966 1282
1966 1291
1966 1364
1966 1437
1966 1455
1966 1516
1966 1525
1966 1533
1966 1550
1966 1579
1966 1613
1966 1617
1966 1664
1966 1672
1966 1674
1966 1718
1966 1737
1966 1742
1966 1766
1966 1772
1966 1782
1966 1803
1966 1819
1966 1830
1966 1854
1966 1870
1966 1872
1966 1882
1966 1887
1966 1891
1966 1906
1966 1909
1966 1927
1966 1981
1966 1985
1966 1994
1985 147
1985 150
1985 199
1985 205
1985 244
1985 269
1985 295
1985 356
1985 361
1985 405
1985 407
1985 452
1985 455
1985 462
1985 499
1985 570
1985 600
1985 614
1985 641
1985 642
1985 657
1985 718
1985 837
1985 897
1985 909
1985 983
1985 1034
1985 1057
1985 1065
1985 1068
1985 1140
1985 1149
1985 1215
1985 1239
1985 1254
1985 1277
1985 1279
1985 1305
1985 1322
1985 1360
1985 1412
1985 1451
1985 1455
1985 1514
1985 1525
1985 1533
1985 1550
1985 1575
1985 1579
1985 1672
1985 1730
1985 1735
1985 1746
1985 1766
1985 1772
1985 1782
1985 1803
1985 1819
1985 1830
1985 1872
1985 1882
1985 1883
1985 1887
1985 1891
1985 1906
1985 1927
1985 1936
1985 1950
1985 1981
1985 1987
1985 1994
1994 89
1994 147
1994 171
1994 180
1994 356
1994 387
1994 405
1994 407
1994 455
1994 499
1994 571
1994 614
1994 618
1994 642
1994 657
1994 718
1994 778
1994 789
1994 813
1994 828
1994 837
1994 849
1994 906
1994 909
1994 947
1994 983
1994 992
1994 1022
1994 1057
1994 1065
1994 1068
1994 1112
1994 1149
1994 1176
1994 1177
1994 1201
1994 1215
1994 1239
1994 1254
1994 1258
1994 1265
1994 1267
1994 1277
1994 1305
1994 1364
1994 1403
1994 1412
1994 1425
1994 1437
1994 1455
1994 1499
1994 1525
1994 1533
1994 1536
1994 1550
1994 1568
1994 1579
1994 1672
1994 1698
1994 1766
1994 1772
1994 1774
1994 1782
1994 1795
1994 1803
1994 1819
1994 1830
1994 1872
1994 1882
1994 1887
1994 1891
1994 1896
1994 1906
1994 1927
1994 1981
55 716
55 1183
55 1729
716 110
716 1489
716 1951
1183 234
1183 1545
1183 1585
1183 1605
1183 1715
1183 1729
1183 1905
1729 87
1729 163
1729 272
1729 308
1729 314
1729 531
1729 576
1729 802
1729 972
1729 1286
1729 1374
1729 1424
1729 1427
1729 1664
1729 1715
1729 1785
1729 1817
1729 1894
56 1286
56 1423
56 1855
56 1977
1286 87
1286 92
1286 267
1286 426
1286 1763
1423 510
1423 847
1423 881
1423 1151
1423 1185
1423 1507
1423 1521
1423 1556
1423 1680
1423 1836
1423 1889
1855 61
1855 85
1855 139
1855 222
1855 347
1855 394
1855 618
1855 623
1855 638
1855 647
1855 707
1855 753
1855 844
1855 881
1855 995
1855 1043
1855 1062
1855 1151
1855 1180
1855 1188
1855 1214
1855 1261
1855 1368
1855 1385
1855 1414
1855 1443
1855 1459
1855 1495
1855 1556
1855 1606
1855 1680
1855 1733
1855 1869
1855 1896
1855 1977
1855 1987
1855 1998
1977 61
1977 63
1977 82
1977 158
1977 160
1977 321
1977 431
1977 466
1977 474
1977 494
1977 510
1977 591
1977 607
1977 617
1977 643
1977 729
1977 760
1977 786
1977 844
1977 864
1977 897
1977 926
1977 995
1977 1028
1977 1030
1977 1043
1977 1048
1977 1099
1977 1151
1977 1180
1977 1230
1977 1261
1977 1276
1977 1331
1977 1359
1977 1404
1977 1422
1977 1426
1977 1459
1977 1494
1977 1495
1977 1496
1977 1515
1977 1521
1977 1526
1977 1556
1977 1568
1977 1606
1977 1644
1977 1677
1977 1679
1977 1680
1977 1700
1977 1703
1977 1733
1977 1751
1977 1758
1977 1802
1977 1811
1977 1821
1977 1836
1977 1844
1977 1896
1977 1910
1977 1959
1977 1987
57 238
57 1493
238 1664
238 1793
238 1881
1493 175
1493 282
1493 560
1493 576
1493 774
1493 858
1493 1222
1493 1297
1493 1579
1493 1690
1493 1786
1493 1801
58 929
58 1441
58 1676
58 1890
929 173
929 1263
929 1755
1441 478
1441 685
1441 793
1441 869
1441 894
1441 1162
1441 1470
1441 1522
1441 1676
1441 1861
1676 72
1676 93
1676 207
1676 230
1676 481
1676 491
1676 584
1676 685
1676 793
1676 797
1676 851
1676 869
1676 1150
1676 1351
1676 1470
1676 1522
1676 1959
1890 182
1890 223
1890 463
1890 547
1890 594
1890 625
1890 704
1890 822
1890 965
1890 996
1890 1041
1890 1214
1890 1244
1890 1285
1890 1379
1890 1444
1890 1464
1890 1482
1890 1499
1890 1629
1890 1635
1890 1639
1890 1656
1890 1685
1890 1723
1890 1730
1890 1743
1890 1746
1890 1764
1890 1799
1890 1823
1890 1829
1890 1849
1890 1854
1890 1857
1890 1869
1890 1888
1890 1894
1890 1897
1890 1909
1890 1930
1890 1959
1890 1969
59 298
59 1476
59 1825
59 1870
59 1965
298 586
298 1889
298 1935
1476 77
1476 518
1476 529
1476 727
1476 743
1476 880
1476 902
1476 904
1476 1232
1476 1465
1476 1582
1476 1879
1825 330
1825 408
1825 677
1825 987
1825 1004
1825 1066
1825 1102
1825 1121
1825 1153
1825 1267
1825 1439
1825 1449
1825 1457
1825 1475
1825 1609
1825 1619
1825 1748
1825 1757
1825 1821
1825 1887
1825 1893
1825 1912
1825 1939
1825 1942
1870 181
1870 200
1870 253
1870 411
1870 549
1870 672
1870 696
1870 707
1870 800
1870 816
1870 937
1870 1072
1870 1083
1870 1093
1870 1111
1870 1135
1870 1179
1870 1224
1870 1301
1870 1488
1870 1515
1870 1526
1870 1547
1870 1573
1870 1578
1870 1608
1870 1660
1870 1663
1870 1721
1870 1756
1870 1786
1870 1851
1870 1888
1870 1889
1870 1906
1870 1925
1870 1935
1870 1965
1870 1969
1965 71
1965 106
1965 137
1965 146
1965 200
1965 202
1965 234
1965 253
1965 257
1965 266
1965 332
1965 425
1965 443
1965 472
1965 487
1965 540
1965 550
1965 581
1965 595
1965 647
1965 672
1965 674
1965 696
1965 752
1965 911
1965 952
1965 1003
1965 1093
1965 1129
1965 1160
1965 1179
1965 1204
1965 1231
1965 1301
1965 1319
1965 1348
1965 1437
1965 1488
1965 1515
1965 1517
1965 1530
1965 1547
1965 1573
1965 1589
1965 1600
1965 1608
1965 1647
1965 1649
1965 1663
1965 1690
1965 1721
1965 1756
1965 1850
1965 1867
1965 1883
1965 1888
1965 1895
1965 1925
1965 1927
1965 1935
1965 1967
60 902
60 1349
60 1357
60 1402
902 77
902 390
902 1138
902 1232
902 1582
1349 90
1349 133
1349 518
1349 608
1349 749
1349 896
1349 1024
1349 1354
1349 1519
1349 1582
1357 90
1357 187
1357 262
1357 749
1357 808
1357 880
1357 904
1357 936
1357 1117
1357 1465
1402 436
1402 727
1402 749
1402 880
1402 896
1402 1024
1402 1185
1402 1232
1402 1465
1402 1582
1402 1759
61 1048
61 1987
1048 773
1048 1507
1048 1657
1048 1803
1048 1836
1048 1910
1048 1987
1987 139
1987 157
1987 160
1987 226
1987 228
1987 258
1987 273
1987 466
1987 501
1987 510
1987 539
1987 623
1987 652
1987 695
1987 708
1987 729
1987 734
1987 738
1987 753
1987 760
1987 763
1987 777
1987 786
1987 844
1987 881
1987 897
1987 926
1987 995
1987 1013
1987 1030
1987 1035
1987 1043
1987 1110
1987 1151
1987 1180
1987 1188
1987 1189
1987 1230
1987 1235
1987 1257
1987 1284
1987 1308
1987 1359
1987 1385
1987 1386
1987 1414
1987 1494
1987 1495
1987 1507
1987 1516
1987 1521
1987 1526
1987 1556
1987 1562
1987 1568
1987 1571
1987 1586
1987 1644
1987 1677
1987 1680
1987 1703
1987 1733
1987 1751
1987 1758
1987 1760
1987 1769
1987 1836
1987 1866
1987 1867
1987 1896
1987 1910
1987 1925
62 428
62 1912
62 1931
62 1942
428 1178
428 1181
428 1795
428 1912
1912 144
1912 210
1912 333
1912 448
1912 463
1912 489
1912 526
1912 551
1912 564
1912 577
1912 599
1912 677
1912 712
1912 744
1912 824
1912 875
1912 951
1912 1088
1912 1102
1912 1121
1912 1159
1912 1180
1912 1267
1912 1274
1912 1360
1912 1439
1912 1449
1912 1475
1912 1506
1912 1555
1912 1609
1912 1615
1912 1619
1912 1663
1912 1712
1912 1748
1912 1795
1912 1819
1912 1821
1912 1893
1912 1922
1912 1942
1912 1976
1931 104
1931 118
1931 131
1931 151
1931 243
1931 344
1931 403
1931 435
1931 458
1931 484
1931 488
1931 498
1931 536
1931 544
1931 586
1931 593
1931 622
1931 662
1931 675
1931 679
1931 789
1931 840
1931 922
1931 994
1931 1159
1931 1169
1931 1197
1931 1199
1931 1212
1931 1289
1931 1292
1931 1295
1931 1339
1931 1358
1931 1497
1931 1524
1931 1547
1931 1564
1931 1586
1931 1611
1931 1614
1931 1621
1931 1668
1931 1669
1931 1755
1931 1811
1931 1840
1931 1851
1931 1866
1931 1909
1942 255
1942 355
1942 374
1942 408
1942 516
1942 522
1942 526
1942 551
1942 564
1942 587
1942 610
1942 677
1942 686
1942 687
1942 688
1942 705
1942 729
1942 744
1942 801
1942 824
1942 843
1942 875
1942 987
1942 1057
1942 1066
1942 1102
1942 1109
1942 1138
1942 1152
1942 1181
1942 1182
1942 1213
1942 1302
1942 1316
1942 1360
1942 1449
1942 1457
1942 1475
1942 1555
1942 1559
1942 1619
1942 1691
1942 1748
1942 1757
1942 1792
1942 1795
1942 1821
1942 1827
1942 1924
1942 1947
63 1507
63 1896
63 1910
1507 1151
1507 1385
1507 1556
1507 1606
1507 1703
1507 1758
1507 1836
1507 1849
1507 1872
1507 1896
1507 1959
1896 82
1896 158
1896 321
1896 347
1896 486
1896 494
1896 510
1896 638
1896 729
1896 738
1896 767
1896 844
1896 881
1896 913
1896 995
1896 1003
1896 1221
1896 1261
1896 1315
1896 1359
1896 1383
1896 1385
1896 1459
1896 1495
1896 1521
1896 1556
1896 1644
1896 1677
1896 1680
1896 1703
1896 1751
1896 1758
1896 1786
1896 1831
1896 1836
1896 1903
1896 1910
1896 1916
1896 1945
1910 82
1910 139
1910 149
1910 160
1910 347
1910 620
1910 729
1910 731
1910 738
1910 760
1910 767
1910 777
1910 864
1910 897
1910 926
1910 1030
1910 1043
1910 1154
1910 1239
1910 1261
1910 1340
1910 1359
1910 1385
1910 1414
1910 1459
1910 1494
1910 1521
1910 1606
1910 1663
1910 1677
1910 1714
1910 1722
1910 1733
1910 1734
1910 1751
1910 1758
1910 1771
1910 1782
1910 1799
1910 1809
1910 1821
1910 1836
1910 1945
1910 1998
64 1650
64 1881
64 1959
1650 806
1650 920
1650 1068
1650 1174
1650 1229
1650 1273
1650 1350
1650 1614
1650 1620
1650 1627
1650 1660
1650 1705
1650 1706
1650 1850
1881 162
1881 694
1881 706
1881 838
1881 900
1881 1006
1881 1012
1881 1074
1881 1108
1881 1313
1881 1340
1881 1362
1881 1418
1881 1448
1881 1461
1881 1542
1881 1622
1881 1636
1881 1642
1881 1647
1881 1670
1881 1678
1881 1762
1881 1770
1881 1777
1881 1783
1881 1800
1881 1829
1881 1841
1881 1871
1881 1879
1881 1895
1881 1916
1881 1930
1881 1967
1881 1969
1959 117
1959 156
1959 166
1959 232
1959 341
1959 456
1959 510
1959 579
1959 594
1959 720
1959 885
1959 996
1959 999
1959 1041
1959 1137
1959 1145
1959 1169
1959 1196
1959 1245
1959 1269
1959 1271
1959 1342
1959 1346
1959 1429
1959 1444
1959 1452
1959 1482
1959 1499
1959 1520
1959 1578
1959 1601
1959 1629
1959 1635
1959 1656
1959 1685
1959 1728
1959 1730
1959 1743
1959 1767
1959 1823
1959 1857
1959 1869
1959 1887
1959 1894
1959 1897
1959 1909
1959 1922
1959 1945
65 1328
65 1831
65 1901
65 1933
1328 527
1328 784
1328 971
1328 1045
1328 1434
1328 1810
1328 1920
1831 608
1831 1173
1831 1203
1831 1368
1831 1421
1831 1454
1831 1505
1831 1556
1831 1563
1831 1586
1831 1587
1831 1596
1831 1645
1831 1648
1831 1666
1831 1688
1831 1743
1831 1759
1831 1760
1831 1783
1831 1796
1831 1802
1831 1818
1831 1858
1831 1868
1831 1933
1831 1967
1901 112
1901 278
1901 359
1901 403
1901 416
1901 451
1901 611
1901 905
1901 1123
1901 1125
1901 1218
1901 1308
1901 1335
1901 1350
1901 1388
1901 1407
1901 1460
1901 1479
1901 1517
1901 1563
1901 1645
1901 1648
1901 1651
1901 1658
1901 1727
1901 1735
1901 1739
1901 1759
1901 1781
1901 1783
1901 1795
1901 1804
1901 1818
1901 1847
1901 1858
1901 1868
1901 1886
1901 1933
1901 1967
1933 136
1933 183
1933 416
1933 479
1933 569
1933 637
1933 739
1933 748
1933 823
1933 829
1933 903
1933 1018
1933 1025
1933 1115
1933 1125
1933 1193
1933 1272
1933 1276
1933 1342
1933 1350
1933 1368
1933 1384
1933 1430
1933 1454
1933 1562
1933 1567
1933 1568
1933 1613
1933 1632
1933 1648
1933 1701
1933 1739
1933 1759
1933 1760
1933 1774
1933 1781
1933 1783
1933 1785
1933 1796
1933 1818
1933 1850
1933 1858
1933 1886
1933 1892
1933 1894
1933 1935
1933 1967
66 1939
66 1976
66 1998
1939 103
1939 254
1939 292
1939 306
1939 453
1939 557
1939 612
1939 700
1939 736
1939 804
1939 873
1939 1014
1939 1033
1939 1063
1939 1092
1939 1141
1939 1163
1939 1165
1939 1230
1939 1235
1939 1255
1939 1300
1939 1326
1939 1350
1939 1404
1939 1417
1939 1466
1939 1503
1939 1535
1939 1538
1939 1609
1939 1633
1939 1659
1939 1687
1939 1697
1939 1722
1939 1766
1939 1770
1939 1805
1939 1816
1939 1832
1939 1842
1939 1849
1939 1861
1939 1864
1939 1866
1939 1905
1939 1951
1939 1976
1939 1998
1976 103
1976 113
1976 201
1976 220
1976 223
1976 233
1976 259
1976 263
1976 313
1976 339
1976 373
1976 462
1976 497
1976 507
1976 532
1976 580
1976 589
1976 700
1976 701
1976 702
1976 711
1976 756
1976 830
1976 834
1976 887
1976 1014
1976 1033
1976 1072
1976 1075
1976 1087
1976 1092
1976 1095
1976 1129
1976 1141
1976 1163
1976 1165
1976 1169
1976 1235
1976 1267
1976 1273
1976 1326
1976 1348
1976 1366
1976 1385
1976 1404
1976 1417
1976 1466
1976 1503
1976 1535
1976 1538
1976 1633
1976 1687
1976 1697
1976 1722
1976 1735
1976 1757
1976 1770
1976 1818
1976 1842
1976 1849
1976 1861
1976 1864
1976 1905
1976 1951
1976 1998
1998 103
1998 220
1998 254
1998 259
1998 263
1998 278
1998 292
1998 306
1998 313
1998 339
1998 369
1998 373
1998 434
1998 453
1998 462
1998 497
1998 507
1998 524
1998 532
1998 545
1998 557
1998 580
1998 597
1998 612
1998 680
1998 700
1998 701
1998 711
1998 736
1998 737
1998 804
1998 830
1998 834
1998 887
1998 1014
1998 1033
1998 1063
1998 1072
1998 1087
1998 1092
1998 1095
1998 1141
1998 1163
1998 1166
1998 1200
1998 1235
1998 1326
1998 1381
1998 1404
1998 1410
1998 1417
1998 1466
1998 1503
1998 1517
1998 1535
1998 1538
1998 1617
1998 1633
1998 1649
1998 1674
1998 1687
1998 1697
1998 1718
1998 1722
1998 1748
1998 1750
1998 1770
1998 1827
1998 1842
1998 1849
1998 1861
1998 1864
1998 1868
1998 1905
1998 1924
1998 1927
1998 1947
1998 1950
1998 1951
67 1064
67 1721
67 1756
67 1935
1064 132
1064 664
1064 1488
1064 1530
1064 1663
1064 1925
1064 1935
1721 549
1721 921
1721 1089
1721 1129
1721 1135
1721 1224
1721 1258
1721 1331
1721 1348
1721 1436
1721 1515
1721 1649
1721 1663
1721 1672
1721 1756
1721 1860
1721 1889
1721 1925
1721 1935
1721 1956
1756 245
1756 389
1756 585
1756 674
1756 752
1756 826
1756 972
1756 1179
1756 1258
1756 1400
1756 1512
1756 1515
1756 1547
1756 1647
1756 1649
1756 1663
1756 1682
1756 1727
1756 1765
1756 1888
1756 1889
1756 1925
1756 1935
1935 71
1935 125
1935 181
1935 202
1935 208
1935 215
1935 236
1935 257
1935 293
1935 389
1935 443
1935 451
1935 540
1935 550
1935 747
1935 752
1935 816
1935 898
1935 908
1935 1008
1935 1083
1935 1089
1935 1093
1935 1135
1935 1159
1935 1179
1935 1187
1935 1204
1935 1224
1935 1270
1935 1301
1935 1473
1935 1515
1935 1530
1935 1547
1935 1573
1935 1608
1935 1644
1935 1649
1935 1663
1935 1765
1935 1784
1935 1818
1935 1827
1935 1888
1935 1889
1935 1902
1935 1925
1935 1957
68 415
68 1791
415 963
415 1392
415 1398
415 1468
1791 379
1791 512
1791 883
1791 918
1791 948
1791 964
1791 988
1791 1011
1791 1175
1791 1296
1791 1323
1791 1488
1791 1491
1791 1496
1791 1624
1791 1677
1791 1747
1791 1761
1791 1765
1791 1767
1791 1774
1791 1785
1791 1851
1791 1902
69 791
69 1972
791 1916
1972 117
1972 152
1972 161
1972 296
1972 322
1972 334
1972 338
1972 437
1972 459
1972 475
1972 508
1972 561
1972 603
1972 636
1972 654
1972 732
1972 771
1972 812
1972 927
1972 939
1972 949
1972 962
1972 970
1972 976
1972 977
1972 1087
1972 1133
1972 1152
1972 1172
1972 1200
1972 1208
1972 1228
1972 1233
1972 1288
1972 1314
1972 1338
1972 1369
1972 1377
1972 1409
1972 1456
1972 1488
1972 1511
1972 1523
1972 1546
1972 1552
1972 1577
1972 1616
1972 1657
1972 1661
1972 1693
1972 1706
1972 1710
1972 1757
1972 1797
1972 1799
1972 1803
1972 1847
1972 1861
1972 1871
1972 1895
1972 1922
1972 1924
1972 1950
70 1575
70 1686
70 1857
1575 1484
1575 1620
1575 1660
1575 1762
1575 1766
1575 1895
1575 1920
1575 1947
1575 1956
1686 347
1686 471
1686 886
1686 992
1686 1096
1686 1154
1686 1343
1686 1379
1686 1520
1686 1626
1686 1708
1686 1727
1686 1743
1686 1752
1686 1957
1686 1969
1857 247
1857 461
1857 553
1857 601
1857 818
1857 911
1857 1065
1857 1164
1857 1214
1857 1245
1857 1401
1857 1429
1857 1482
1857 1499
1857 1561
1857 1578
1857 1629
1857 1635
1857 1639
1857 1656
1857 1685
1857 1728
1857 1730
1857 1764
1857 1823
1857 1869
1857 1894
1857 1897
1857 1909
1857 1920
1857 1967
71 1530
71 1925
1530 208
1530 293
1530 595
1530 1179
1530 1649
1530 1888
1530 1889
1530 1897
1530 1925
1925 146
1925 202
1925 257
1925 287
1925 332
1925 335
1925 410
1925 472
1925 492
1925 540
1925 550
1925 672
1925 696
1925 816
1925 861
1925 887
1925 966
1925 972
1925 983
1925 1003
1925 1008
1925 1013
1925 1083
1925 1093
1925 1114
1925 1135
1925 1164
1925 1224
1925 1301
1925 1319
1925 1348
1925 1437
1925 1488
1925 1573
1925 1608
1925 1647
1925 1649
1925 1663
1925 1765
1925 1796
1925 1807
1925 1822
1925 1889
1925 1905
72 93
72 1522
72 1781
93 851
1522 95
1522 207
1522 230
1522 237
1522 265
1522 869
1522 1069
1522 1162
1522 1241
1522 1331
1522 1470
1522 1511
1781 329
1781 1018
1781 1099
1781 1203
1781 1276
1781 1304
1781 1421
1781 1563
1781 1587
1781 1669
1781 1688
1781 1701
1781 1738
1781 1739
1781 1760
1781 1804
1781 1818
1781 1849
1781 1967
1781 1981
73 277
73 941
73 1869
277 1409
277 1706
277 1950
941 702
941 1053
941 1453
941 1854
1869 201
1869 465
1869 885
1869 908
1869 934
1869 965
1869 996
1869 1096
1869 1169
1869 1230
1869 1285
1869 1452
1869 1464
1869 1499
1869 1578
1869 1601
1869 1639
1869 1649
1869 1685
1869 1728
1869 1730
1869 1743
1869 1750
1869 1823
1869 1842
1869 1893
1869 1894
1869 1897
1869 1909
74 1190
74 1472
74 1588
1190 742
1190 991
1190 1461
1190 1588
1190 1834
1472 345
1472 525
1472 1502
1472 1631
1472 1700
1472 1760
1472 1795
1472 1936
1588 432
1588 457
1588 554
1588 659
1588 690
1588 1111
1588 1144
1588 1146
1588 1461
75 444
75 825
75 1344
444 1139
444 1511
825 578
825 1528
825 1909
1344 537
1344 1091
1344 1282
1344 1401
1344 1433
1344 1511
1344 1807
76 1231
76 1470
1231 1447
1231 1449
1231 1746
1470 95
1470 207
1470 478
1470 629
1470 869
1470 1241
1470 1738
1470 1762
1470 1824
1470 1945
77 262
77 1582
77 1635
262 133
262 1582
262 1611
1582 314
1582 453
1582 518
1582 529
1582 634
1582 749
1582 1024
1582 1136
1582 1465
1582 1693
1582 1819
1582 1824
1635 105
1635 1028
1635 1137
1635 1467
1635 1578
1635 1601
1635 1728
1635 1730
1635 1743
1635 1764
1635 1823
1635 1872
1635 1894
78 666
78 1511
78 1736
78 1744
78 1892
666 368
666 1148
1511 436
1511 537
1511 573
1511 1528
1511 1957
1736 324
1736 362
1736 452
1736 605
1736 676
1736 1079
1736 1195
1736 1445
1736 1504
1736 1593
1736 1641
1736 1671
1736 1691
1736 1698
1736 1699
1736 1723
1736 1737
1736 1947
1744 111
1744 591
1744 607
1744 639
1744 651
1744 692
1744 699
1744 1185
1744 1263
1744 1270
1744 1300
1744 1321
1744 1641
1744 1698
1744 1699
1744 1722
1744 1737
1744 1749
1744 1804
1744 1846
1744 1867
1744 1892
1892 79
1892 99
1892 114
1892 198
1892 240
1892 311
1892 366
1892 605
1892 634
1892 639
1892 685
1892 692
1892 742
1892 884
1892 1020
1892 1069
1892 1161
1892 1185
1892 1223
1892 1270
1892 1300
1892 1321
1892 1445
1892 1537
1892 1539
1892 1593
1892 1621
1892 1671
1892 1691
1892 1699
1892 1737
1892 1742
1892 1769
1892 1809
1892 1891
79 1411
79 1525
79 1698
1411 487
1411 1460
1411 1610
1411 1626
1411 1653
1411 1895
1525 1370
1525 1718
1525 1819
1525 1882
1525 1887
1525 1891
1525 1906
1525 1916
1525 1927
1525 1981
1698 368
1698 569
1698 1293
1698 1445
1698 1455
1698 1485
1698 1641
1698 1646
1698 1691
1698 1699
1698 1749
1698 1769
1698 1824
80 1403
80 1957
1403 88
1403 863
1403 1021
1403 1558
1403 1822
1403 1824
1403 1835
1403 1876
1957 83
1957 143
1957 270
1957 375
1957 439
1957 517
1957 520
1957 535
1957 632
1957 644
1957 656
1957 765
1957 781
1957 785
1957 835
1957 846
1957 855
1957 875
1957 922
1957 985
1957 1005
1957 1015
1957 1016
1957 1052
1957 1058
1957 1123
1957 1192
1957 1234
1957 1242
1957 1243
1957 1252
1957 1294
1957 1315
1957 1343
1957 1351
1957 1395
1957 1477
1957 1520
1957 1549
1957 1590
1957 1600
1957 1615
1957 1626
1957 1673
1957 1727
1957 1752
1957 1796
1957 1802
1957 1815
1957 1827
1957 1868
1957 1916
1957 1969
81 1434
81 1657
81 1916
1434 1138
1434 1304
1434 1560
1434 1585
1434 1786
1434 1822
1434 1835
1434 1872
1434 1876
1434 1920
1657 750
1657 949
1657 1310
1657 1409
1657 1465
1657 1549
1657 1577
1657 1616
1657 1816
1657 1847
1657 1849
1657 1924
1657 1950
1916 106
1916 126
1916 534
1916 934
1916 1040
1916 1073
1916 1108
1916 1170
1916 1186
1916 1236
1916 1274
1916 1278
1916 1313
1916 1340
1916 1362
1916 1401
1916 1418
1916 1448
1916 1542
1916 1615
1916 1622
1916 1636
1916 1642
1916 1670
1916 1678
1916 1733
1916 1762
1916 1777
1916 1800
1916 1829
1916 1841
1916 1851
1916 1871
1916 1879
1916 1930
1916 1950
82 497
82 1836
497 1443
1836 400
1836 466
1836 588
1836 617
1836 766
1836 777
1836 844
1836 1013
1836 1230
1836 1284
1836 1380
1836 1459
1836 1495
1836 1568
1836 1606
1836 1659
1836 1677
1836 1680
1836 1685
1836 1733
1836 1758
1836 1782
1836 1823
1836 1924
83 1969
1969 110
1969 145
1969 315
1969 422
1969 424
1969 439
1969 440
1969 535
1969 632
1969 656
1969 765
1969 785
1969 802
1969 835
1969 841
1969 845
1969 855
1969 886
1969 940
1969 980
1969 985
1969 1024
1969 1037
1969 1038
1969 1052
1969 1073
1969 1096
1969 1123
1969 1140
1969 1154
1969 1192
1969 1194
1969 1237
1969 1242
1969 1243
1969 1252
1969 1294
1969 1343
1969 1358
1969 1383
1969 1453
1969 1454
1969 1477
1969 1520
1969 1593
1969 1594
1969 1615
1969 1626
1969 1673
1969 1713
1969 1727
1969 1752
1969 1802
1969 1809
1969 1815
1969 1846
1969 1902
1969 1927
84 509
84 1905
509 550
509 712
509 1821
509 1893
1905 434
1905 737
1905 806
1905 897
1905 1063
1905 1086
1905 1404
1905 1417
1905 1442
1905 1466
1905 1475
1905 1503
1905 1535
1905 1538
1905 1574
1905 1626
1905 1633
1905 1656
1905 1687
1905 1697
1905 1706
1905 1722
1905 1737
1905 1770
1905 1771
1905 1803
1905 1842
1905 1849
1905 1861
1905 1864
1905 1951
85 605
605 1020
605 1749
86 1850
1850 136
1850 159
1850 232
1850 260
1850 350
1850 414
1850 491
1850 512
1850 513
1850 680
1850 682
1850 709
1850 719
1850 781
1850 819
1850 890
1850 919
1850 930
1850 1062
1850 1065
1850 1210
1850 1220
1850 1254
1850 1324
1850 1378
1850 1383
1850 1484
1850 1738
1850 1742
1850 1753
1850 1760
1850 1782
1850 1805
87 1883
1883 107
1883 269
1883 295
1883 350
1883 407
1883 499
1883 618
1883 641
1883 718
1883 778
1883 820
1883 849
1883 957
1883 1065
1883 1107
1883 1265
1883 1412
1883 1448
1883 1455
1883 1533
1883 1538
1883 1547
1883 1596
1883 1605
1883 1672
1883 1718
1883 1730
1883 1766
1883 1772
1883 1782
1883 1803
1883 1819
1883 1830
1883 1882
1883 1887
1883 1891
1883 1906
1883 1927
1883 1981
88 1090
88 1322
1090 168
1090 690
1090 755
1090 878
1090 1801
1322 113
1322 882
1322 1375
1322 1711
1322 1810
1322 1824
89 1832
89 1951
1832 210
1832 303
1832 630
1832 635
1832 749
1832 932
1832 959
1832 960
1832 1050
1832 1076
1832 1127
1832 1247
1832 1260
1832 1268
1832 1296
1832 1307
1832 1341
1832 1365
1832 1386
1832 1458
1832 1561
1832 1571
1832 1658
1832 1683
1832 1786
1832 1922
1951 163
1951 252
1951 339
1951 507
1951 557
1951 597
1951 700
1951 701
1951 737
1951 775
1951 830
1951 851
1951 997
1951 1014
1951 1030
1951 1033
1951 1063
1951 1087
1951 1092
1951 1095
1951 1141
1951 1163
1951 1165
1951 1235
1951 1302
1951 1326
1951 1404
1951 1417
1951 1466
1951 1485
1951 1503
1951 1535
1951 1538
1951 1633
1951 1656
1951 1687
1951 1697
1951 1714
1951 1722
1951 1753
1951 1755
1951 1757
1951 1770
1951 1830
1951 1835
1951 1842
1951 1849
1951 1861
1951 1864
1951 1889
1951 1903
90 387
90 1136
90 1465
387 1014
387 1906
1136 743
1136 936
1136 1101
1136 1232
1136 1465
1136 1535
1465 529
1465 727
1465 880
1465 904
1465 1232
1465 1395
91 1827
91 1877
1827 196
1827 236
1827 248
1827 252
1827 310
1827 836
1827 892
1827 898
1827 1142
1827 1330
1827 1363
1827 1447
1827 1506
1827 1520
1827 1531
1827 1576
1827 1592
1827 1630
1827 1709
1827 1746
1827 1761
1827 1844
1827 1854
1827 1866
1827 1877
1877 248
1877 252
1877 342
1877 442
1877 476
1877 493
1877 570
1877 625
1877 626
1877 745
1877 776
1877 817
1877 899
1877 997
1877 1007
1877 1067
1877 1205
1877 1312
1877 1447
1877 1460
1877 1503
1877 1506
1877 1516
1877 1557
1877 1584
1877 1617
1877 1630
1877 1646
1877 1709
1877 1746
1877 1844
1877 1854
1877 1922
92 1299
92 1734
92 1867
1299 222
1299 402
1299 832
1299 1453
1299 1570
1299 1599
1299 1633
1299 1860
1734 94
1734 643
1734 808
1734 857
1734 895
1734 945
1734 950
1734 1097
1734 1158
1734 1266
1734 1293
1734 1301
1734 1372
1734 1459
1734 1570
1734 1574
1734 1581
1734 1599
1734 1711
1734 1767
1734 1860
1734 1867
1867 167
1867 194
1867 212
1867 222
1867 269
1867 402
1867 423
1867 448
1867 477
1867 543
1867 673
1867 713
1867 770
1867 810
1867 857
1867 945
1867 950
1867 1097
1867 1158
1867 1199
1867 1293
1867 1363
1867 1372
1867 1374
1867 1543
1867 1570
1867 1574
1867 1581
1867 1599
1867 1642
1867 1651
1867 1708
1867 1767
1867 1783
1867 1860
1867 1920
851 584
851 685
851 1728
94 1543
94 1767
1543 413
1543 643
1543 673
1543 1158
1543 1199
1543 1396
1543 1599
1543 1658
1543 1709
1543 1767
1767 195
1767 241
1767 261
1767 594
1767 770
1767 808
1767 857
1767 917
1767 945
1767 1097
1767 1199
1767 1293
1767 1363
1767 1372
1767 1396
1767 1565
1767 1799
1767 1835
1767 1902
95 478
95 685
95 1532
478 869
478 1087
1532 952
1532 1130
1532 1246
1532 1645
1532 1750
1532 1784
1532 1895
1532 1920
1532 1947
1532 1956
96 1318
1318 994
1318 1068
1318 1085
1318 1537
1318 1551
1318 1586
1318 1660
1318 1840
503 533
503 669
503 1506
697 1034
697 1078
697 1655
697 1666
697 1876
940 1453
940 1802
1034 430
1034 534
1034 1438
1034 1655
1034 1666
98 889
98 1469
98 1803
98 1816
889 1206
889 1425
889 1451
889 1574
889 1710
889 1770
889 1866
1469 482
1469 879
1469 927
1469 951
1469 1133
1469 1303
1469 1523
1469 1799
1469 1816
1469 1945
1469 1950
1803 480
1803 735
1803 909
1803 1112
1803 1215
1803 1514
1803 1579
1803 1718
1803 1742
1803 1772
1803 1782
1803 1819
1803 1830
1803 1872
1803 1887
1803 1891
1803 1906
1803 1927
1803 1981
1816 100
1816 121
1816 596
1816 621
1816 654
1816 746
1816 771
1816 976
1816 997
1816 1152
1816 1233
1816 1378
1816 1523
1816 1546
1816 1595
1816 1651
1816 1661
1816 1693
1816 1712
1816 1823
1816 1847
1816 1924
1816 1950
99 1621
99 1641
99 1752
1621 371
1621 1161
1621 1263
1621 1270
1621 1300
1621 1315
1621 1321
1621 1445
1621 1699
1621 1769
1621 1821
1621 1924
1641 187
1641 633
1641 734
1641 1179
1641 1214
1641 1223
1641 1259
1641 1593
1641 1671
1641 1691
1641 1749
1641 1769
1752 129
1752 656
1752 701
1752 752
1752 785
1752 984
1752 1005
1752 1015
1752 1037
1752 1389
1752 1549
1752 1600
1752 1626
1752 1673
1752 1802
1752 1811
1752 1815
100 1922
1922 140
1922 177
1922 185
1922 189
1922 191
1922 213
1922 251
1922 265
1922 303
1922 514
1922 577
1922 630
1922 635
1922 714
1922 769
1922 790
1922 932
1922 960
1922 1036
1922 1050
1922 1101
1922 1103
1922 1127
1922 1178
1922 1255
1922 1260
1922 1307
1922 1365
1922 1367
1922 1386
1922 1462
1922 1546
1922 1571
1922 1589
1922 1624
1922 1658
1922 1662
1922 1688
1922 1703
1922 1763
1922 1888
101 1040
101 1656
1040 809
1040 1570
1040 1930
1656 243
1656 464
1656 1332
1656 1429
1656 1444
1656 1499
1656 1639
1656 1728
1656 1735
1656 1894
1656 1897
1656 1909
102 577
102 1730
102 1840
577 1103
1730 465
1730 805
1730 996
1730 1145
1730 1147
1730 1285
1730 1346
1730 1379
1730 1401
1730 1450
1730 1670
1730 1897
1730 1909
1840 122
1840 151
1840 196
1840 484
1840 675
1840 840
1840 967
1840 1004
1840 1159
1840 1172
1840 1213
1840 1219
1840 1289
1840 1292
1840 1295
1840 1329
1840 1358
1840 1497
1840 1504
1840 1564
1840 1586
1840 1611
1840 1668
1840 1669
1840 1804
1840 1811
1840 1851
103 1828
1828 284
1828 363
1828 386
1828 470
1828 590
1828 606
1828 678
1828 955
1828 1249
1828 1311
1828 1399
1828 1418
1828 1610
1828 1638
1828 1691
1828 1750
1828 1784
1828 1805
1828 1817
1828 1895
1828 1897
1828 1898
1828 1920
1828 1947
1828 1956
104 1811
104 1956
1811 118
1811 243
1811 339
1811 344
1811 593
1811 935
1811 967
1811 1038
1811 1197
1811 1212
1811 1292
1811 1326
1811 1329
1811 1446
1811 1497
1811 1564
1811 1586
1811 1611
1811 1668
1811 1669
1811 1765
1811 1851
1956 184
1956 297
1956 325
1956 377
1956 384
1956 390
1956 391
1956 413
1956 548
1956 559
1956 740
1956 741
1956 754
1956 755
1956 869
1956 906
1956 973
1956 1007
1956 1027
1956 1120
1956 1249
1956 1257
1956 1281
1956 1327
1956 1392
1956 1399
1956 1407
1956 1413
1956 1433
1956 1443
1956 1460
1956 1496
1956 1510
1956 1567
1956 1584
1956 1620
1956 1653
1956 1707
1956 1762
1956 1776
1956 1805
1956 1871
1956 1891
1956 1895
1956 1903
1956 1920
1956 1924
1956 1947
105 772
105 1031
105 1334
105 1541
772 1113
772 1309
772 1512
772 1622
772 1762
772 1809
1031 171
1031 1056
1031 1147
1031 1370
1031 1373
1031 1809
1334 197
1334 217
1334 388
1334 1254
1334 1309
1334 1370
1334 1373
1334 1541
1334 1784
1334 1809
1334 1830
1541 171
1541 178
1541 217
1541 469
1541 479
1541 841
1541 1128
1541 1148
1541 1306
1541 1373
1541 1397
1541 1422
1541 1809
1541 1851
106 1162
106 1889
1162 230
1162 584
1162 793
1162 842
1162 1241
1889 146
1889 266
1889 410
1889 425
1889 487
1889 508
1889 672
1889 747
1889 800
1889 861
1889 972
1889 996
1889 1003
1889 1008
1889 1035
1889 1083
1889 1089
1889 1093
1889 1095
1889 1129
1889 1204
1889 1238
1889 1258
1889 1319
1889 1488
1889 1545
1889 1547
1889 1573
1889 1590
1889 1608
1889 1649
1889 1663
1889 1720
1889 1804
1889 1842
1889 1888
1889 1920
107 1189
107 1290
107 1332
107 1945
1189 642
1189 1000
1189 1264
1189 1591
1189 1602
1189 1714
1189 1898
1290 1624
1290 1631
1290 1785
1290 1902
1332 912
1332 1389
1332 1679
1332 1720
1332 1771
1332 1834
1332 1895
1332 1898
1332 1945
1945 149
1945 206
1945 272
1945 320
1945 367
1945 418
1945 583
1945 628
1945 661
1945 668
1945 693
1945 721
1945 817
1945 838
1945 877
1945 912
1945 913
1945 957
1945 961
1945 986
1945 989
1945 1000
1945 1044
1945 1051
1945 1059
1945 1198
1945 1262
1945 1264
1945 1331
1945 1341
1945 1354
1945 1371
1945 1389
1945 1393
1945 1458
1945 1497
1945 1503
1945 1505
1945 1515
1945 1567
1945 1602
1945 1692
1945 1693
1945 1712
1945 1714
1945 1720
1945 1732
1945 1834
1945 1898
108 993
108 1211
108 1544
108 1683
108 1792
993 821
993 1202
993 1327
993 1473
993 1710
993 1792
993 1866
1211 228
1211 286
1211 342
1211 1516
1211 1678
1211 1710
1211 1792
1211 1866
1211 1927
1544 385
1544 433
1544 582
1544 751
1544 977
1544 978
1544 1153
1544 1568
1544 1710
1544 1776
1544 1792
1544 1866
1683 120
1683 210
1683 213
1683 386
1683 468
1683 1255
1683 1268
1683 1307
1683 1343
1683 1367
1683 1413
1683 1462
1683 1642
1683 1750
1792 239
1792 261
1792 286
1792 377
1792 385
1792 572
1792 662
1792 689
1792 761
1792 848
1792 945
1792 978
1792 1153
1792 1202
1792 1209
1792 1345
1792 1419
1792 1425
1792 1451
1792 1516
1792 1574
1792 1710
1792 1866
109 564
109 612
109 1121
109 1893
564 687
564 1457
564 1630
612 1252
1121 358
1121 801
1121 1242
1121 1842
1893 134
1893 144
1893 172
1893 281
1893 447
1893 526
1893 599
1893 687
1893 712
1893 718
1893 818
1893 875
1893 951
1893 987
1893 1019
1893 1035
1893 1088
1893 1196
1893 1267
1893 1316
1893 1379
1893 1404
1893 1439
1893 1449
1893 1480
1893 1509
1893 1559
1893 1609
1893 1619
1893 1674
1893 1715
1893 1748
1893 1758
1893 1821
110 143
143 1477
143 1631
112 1735
112 1818
1735 323
1735 479
1735 1350
1735 1407
1735 1517
1735 1587
1735 1613
1735 1616
1735 1645
1735 1701
1735 1759
1735 1760
1735 1783
1735 1809
1735 1967
1818 329
1818 333
1818 635
1818 636
1818 753
1818 803
1818 879
1818 1055
1818 1115
1818 1338
1818 1400
1818 1533
1818 1613
1818 1651
1818 1733
1818 1739
1818 1783
1818 1796
1818 1804
1818 1824
1818 1868
1818 1967
114 1747
114 1785
114 1902
1747 419
1747 512
1747 556
1747 604
1747 732
1747 812
1747 842
1747 973
1747 986
1747 1323
1747 1624
1747 1631
1747 1644
1747 1761
1747 1774
1747 1785
1747 1871
1747 1898
1747 1902
1785 313
1785 480
1785 512
1785 842
1785 948
1785 986
1785 1023
1785 1028
1785 1175
1785 1280
1785 1339
1785 1345
1785 1491
1785 1624
1785 1761
1785 1766
1785 1774
1785 1801
1785 1902
1902 204
1902 379
1902 419
1902 434
1902 480
1902 495
1902 512
1902 724
1902 846
1902 883
1902 918
1902 919
1902 937
1902 948
1902 958
1902 964
1902 986
1902 988
1902 1011
1902 1017
1902 1028
1902 1084
1902 1086
1902 1175
1902 1296
1902 1323
1902 1489
1902 1491
1902 1624
1902 1631
1902 1748
1902 1761
1902 1774
1902 1810
1902 1927
115 506
115 724
115 1579
115 1891
506 290
724 1460
724 1491
724 1618
1579 570
1579 887
1579 1385
1579 1409
1579 1427
1579 1514
1579 1782
1579 1830
1579 1887
1579 1906
1579 1927
1579 1981
1891 244
1891 306
1891 364
1891 455
1891 657
1891 820
1891 828
1891 849
1891 906
1891 1033
1891 1091
1891 1107
1891 1138
1891 1149
1891 1215
1891 1239
1891 1455
1891 1475
1891 1514
1891 1533
1891 1550
1891 1610
1891 1672
1891 1718
1891 1733
1891 1766
1891 1772
1891 1782
1891 1830
1891 1872
1891 1882
1891 1887
1891 1924
1891 1927
1891 1930
1891 1981
116 1416
116 1473
116 1644
116 1801
116 1864
1416 477
1416 1207
1416 1227
1416 1257
1416 1392
1416 1682
1416 1690
1416 1711
1416 1822
1416 1876
1473 690
1473 715
1473 1282
1473 1430
1473 1585
1473 1738
1473 1746
1473 1801
1473 1824
1644 1013
1644 1043
1644 1230
1644 1484
1644 1606
1644 1680
1644 1703
1644 1733
1644 1758
1644 1886
1801 175
1801 247
1801 294
1801 365
1801 650
1801 690
1801 810
1801 878
1801 1053
1801 1283
1801 1392
1801 1430
1801 1571
1801 1591
1801 1690
1801 1809
1801 1810
1801 1822
1801 1824
1801 1835
1801 1894
1864 561
1864 638
1864 642
1864 824
1864 1011
1864 1027
1864 1466
1864 1503
1864 1535
1864 1538
1864 1633
1864 1666
1864 1687
1864 1697
1864 1722
1864 1748
1864 1770
1864 1842
1864 1849
1864 1861
1864 1897
1864 1909
118 1920
1920 179
1920 297
1920 384
1920 388
1920 496
1920 502
1920 590
1920 601
1920 606
1920 755
1920 1081
1920 1187
1920 1195
1920 1197
1920 1257
1920 1327
1920 1365
1920 1382
1920 1413
1920 1443
1920 1460
1920 1496
1920 1510
1920 1584
1920 1610
1920 1638
1920 1707
1920 1732
1920 1750
1920 1776
1920 1782
1920 1805
1920 1936
1920 1947
119 240
119 320
119 393
119 877
240 1177
320 1331
320 1346
393 1207
393 1647
393 1834
393 1898
877 788
877 1274
877 1458
877 1679
877 1834
120 1261
120 1428
1261 812
1261 1568
1261 1733
1428 859
1428 1611
1428 1886
1428 1903
1428 1936
121 1552
121 1569
1552 468
1552 490
1552 629
1552 949
1552 1477
1552 1616
1552 1661
1552 1685
1552 1706
1552 1924
1569 1084
1569 1436
1569 1600
1569 1723
1569 1846
1569 1886
1569 1903
1569 1936
122 1611
122 1674
1611 131
1611 1027
1611 1524
1611 1586
1611 1668
1611 1669
1611 1764
1611 1851
1674 349
1674 489
1674 678
1674 687
1674 744
1674 843
1674 1006
1674 1151
1674 1280
1674 1360
1674 1439
1674 1496
1674 1619
1674 1757
1674 1795
1674 1821
123 380
123 1440
380 878
380 1119
380 1216
380 1876
1440 903
1440 1273
1440 1459
1440 1551
1440 1614
1440 1627
1440 1705
124 744
124 763
124 1302
124 1822
744 309
763 1385
763 1733
763 1981
1302 489
1302 690
1302 1168
1302 1378
1302 1457
1302 1795
1822 294
1822 365
1822 392
1822 650
1822 683
1822 954
1822 983
1822 1018
1822 1304
1822 1351
1822 1467
1822 1468
1822 1546
1822 1558
1822 1560
1822 1585
1822 1690
1822 1711
1822 1786
1822 1796
1822 1835
1822 1876
1822 1903
125 443
125 1649
125 1888
443 338
443 1821
1649 236
1649 549
1649 1036
1649 1206
1649 1437
1649 1515
1649 1573
1649 1592
1888 137
1888 181
1888 266
1888 292
1888 332
1888 410
1888 487
1888 492
1888 580
1888 581
1888 630
1888 672
1888 674
1888 747
1888 800
1888 910
1888 967
1888 972
1888 1003
1888 1119
1888 1129
1888 1179
1888 1204
1888 1224
1888 1258
1888 1348
1888 1366
1888 1413
1888 1437
1888 1488
1888 1562
1888 1571
1888 1608
1888 1647
1888 1691
1888 1765
1751 157
1751 294
1751 617
1751 620
1751 728
1751 731
1751 734
1751 864
1751 892
1751 897
1751 1013
1751 1297
1751 1495
1751 1526
1751 1568
1751 1600
1751 1677
1751 1680
1751 1713
1751 1733
128 245
128 634
245 447
245 879
245 1748
634 516
634 599
129 1016
129 1783
1016 419
1016 1549
1016 1594
1016 1713
1783 352
1783 356
1783 905
1783 1018
1783 1218
1783 1379
1783 1400
1783 1479
1783 1567
1783 1596
1783 1688
1783 1701
1783 1739
1783 1759
1783 1760
1783 1776
1783 1796
1783 1858
1783 1868
130 1126
130 1438
130 1655
130 1764
130 1897
1126 193
1126 799
1126 1236
1126 1666
1126 1703
1438 401
1438 698
1438 799
1438 850
1438 1361
1438 1392
1438 1655
1438 1666
1655 401
1655 438
1655 568
1655 669
1655 850
1655 862
1655 937
1655 1077
1655 1104
1655 1108
1655 1276
1655 1666
1655 1800
1764 166
1764 182
1764 343
1764 625
1764 720
1764 818
1764 885
1764 908
1764 1010
1764 1336
1764 1452
1764 1570
1764 1601
1764 1629
1764 1685
1764 1728
1764 1753
1764 1897
1764 1909
1764 1947
1897 330
1897 456
1897 566
1897 732
1897 805
1897 814
1897 908
1897 959
1897 965
1897 999
1897 1080
1897 1198
1897 1244
1897 1285
1897 1379
1897 1429
1897 1444
1897 1446
1897 1450
1897 1452
1897 1464
1897 1629
1897 1639
1897 1645
1897 1685
1897 1714
1897 1743
1897 1823
1897 1894
1897 1909
1897 1981
131 1647
131 1851
1647 293
1647 410
1647 472
1647 493
1647 540
1647 1093
1647 1135
1647 1179
1647 1233
1647 1515
1647 1573
1647 1663
1647 1765
1851 151
1851 403
1851 458
1851 498
1851 536
1851 544
1851 646
1851 675
1851 967
1851 970
1851 1159
1851 1292
1851 1295
1851 1329
1851 1358
1851 1408
1851 1497
1851 1524
1851 1564
1851 1586
1851 1668
133 727
133 1406
133 1909
727 692
727 936
1406 557
1406 611
1406 835
1406 1074
1406 1315
1406 1520
1406 1708
1406 1727
1406 1802
1406 1815
1909 330
1909 341
1909 501
1909 566
1909 814
1909 839
1909 911
1909 1041
1909 1080
1909 1137
1909 1145
1909 1214
1909 1244
1909 1245
1909 1269
1909 1274
1909 1346
1909 1379
1909 1401
1909 1444
1909 1450
1909 1452
1909 1482
1909 1485
1909 1578
1909 1613
1909 1685
1909 1728
1909 1823
1909 1894
134 1419
134 1480
1419 286
1419 433
1419 446
1419 582
1419 620
1419 664
1419 978
1419 1248
1419 1574
1419 1710
1419 1866
1480 526
1480 856
1480 1004
1480 1306
1480 1509
1480 1743
1480 1748
1480 1802
137 1663
1663 146
1663 200
1663 816
1663 1083
1663 1270
1663 1348
1663 1384
1663 1847
138 376
138 398
138 1079
138 1860
376 824
376 857
376 1750
376 1860
398 643
398 1158
398 1860
1079 676
1079 898
1079 1671
1079 1777
1860 167
1860 212
1860 221
1860 222
1860 241
1860 402
1860 423
1860 450
1860 562
1860 673
1860 681
1860 713
1860 770
1860 808
1860 849
1860 870
1860 917
1860 1075
1860 1158
1860 1199
1860 1293
1860 1565
1860 1570
1860 1578
1860 1599
1860 1765
1860 1936
139 148
139 1526
148 1793
1526 226
1526 319
1526 695
1526 1099
1526 1557
1526 1677
1526 1703
1526 1742
1526 1758
140 216
140 1760
1760 408
1760 764
1760 847
1760 1078
1760 1193
1760 1448
1760 1517
1760 1562
1760 1563
1760 1596
1760 1646
1760 1688
1760 1759
1760 1796
1760 1967
141 961
141 1124
141 1376
141 1602
141 1898
961 760
961 782
961 1051
961 1720
961 1898
1124 1485
1124 1771
1124 1903
1376 242
1376 779
1376 1273
1376 1551
1376 1614
1376 1627
1376 1660
1376 1682
1376 1750
1602 381
1602 668
1602 764
1602 1044
1602 1209
1602 1296
1602 1458
1602 1679
1602 1732
1602 1834
1602 1882
1602 1898
1898 149
1898 198
1898 219
1898 276
1898 418
1898 583
1898 608
1898 668
1898 670
1898 721
1898 817
1898 819
1898 901
1898 914
1898 989
1898 1000
1898 1044
1898 1051
1898 1134
1898 1156
1898 1262
1898 1264
1898 1331
1898 1341
1898 1346
1898 1371
1898 1389
1898 1499
1898 1679
1898 1697
1898 1712
1898 1714
1898 1715
1898 1718
1898 1720
1898 1732
1898 1738
1898 1834
1898 1886
142 193
142 533
142 1666
142 1830
193 1666
193 1802
193 1903
533 799
533 1104
533 1393
533 1410
1666 789
1666 850
1666 939
1666 1077
1666 1104
1830 269
1830 494
1830 499
1830 579
1830 641
1830 813
1830 849
1830 1149
1830 1152
1830 1176
1830 1265
1830 1291
1830 1364
1830 1382
1830 1412
1830 1673
1830 1708
1830 1819
1830 1872
1830 1882
1830 1887
1830 1906
1830 1927
1830 1967
1830 1981
1477 1024
1477 1237
1477 1600
1477 1673
1477 1709
1477 1802
1477 1854
1477 1906
1631 205
1631 397
1631 937
1631 958
1631 1014
1631 1339
1631 1491
1631 1495
1631 1690
1631 1761
1631 1774
144 305
144 1664
144 1795
305 355
305 809
305 856
305 1407
1664 531
1664 683
1664 968
1664 1088
1664 1157
1664 1391
1664 1427
1664 1504
1664 1519
1664 1603
1795 204
1795 355
1795 522
1795 538
1795 843
1795 951
1795 1004
1795 1066
1795 1316
1795 1456
1795 1461
1795 1475
1795 1509
1795 1514
1795 1542
1795 1672
1795 1748
1795 1757
145 1197
145 1639
1197 536
1197 1882
1639 166
1639 318
1639 394
1639 873
1639 1235
1639 1289
1639 1464
1639 1561
1639 1578
1639 1842
1639 1894
146 1495
1495 321
1495 966
1495 1459
1495 1606
147 264
147 800
147 1882
264 1659
264 1754
264 1797
264 1807
800 1135
800 1437
1882 180
1882 461
1882 571
1882 600
1882 618
1882 906
1882 983
1882 1112
1882 1175
1882 1177
1882 1291
1882 1305
1882 1355
1882 1439
1882 1455
1882 1533
1882 1551
1882 1577
1882 1718
1882 1757
1882 1758
1882 1759
1882 1766
1882 1782
1882 1819
1882 1834
1882 1872
1882 1876
1882 1887
1882 1906
1882 1927
1793 246
1793 267
1793 399
1793 562
1793 590
1793 616
1793 936
1793 968
1793 1201
1793 1220
1793 1374
1793 1384
1793 1391
1793 1427
1793 1519
1793 1603
1793 1605
1793 1763
1793 1817
1793 1846
149 913
913 192
913 1134
913 1714
150 820
150 1324
150 1819
150 1927
820 402
820 1418
820 1872
820 1906
1324 224
1324 1378
1324 1383
1324 1484
1324 1738
1324 1742
1819 220
1819 405
1819 757
1819 849
1819 957
1819 960
1819 1215
1819 1277
1819 1305
1819 1550
1819 1672
1819 1720
1819 1766
1819 1770
1819 1772
1819 1786
1819 1872
1819 1887
1819 1906
1819 1927
1819 1947
1819 1981
1927 326
1927 455
1927 570
1927 585
1927 618
1927 657
1927 742
1927 778
1927 789
1927 983
1927 1065
1927 1066
1927 1138
1927 1140
1927 1149
1927 1152
1927 1176
1927 1221
1927 1248
1927 1254
1927 1265
1927 1291
1927 1412
1927 1514
1927 1533
1927 1550
1927 1671
1927 1672
1927 1718
1927 1772
1927 1777
1927 1782
1927 1887
1927 1906
1927 1981
151 1906
1906 180
1906 280
1906 286
1906 461
1906 571
1906 620
1906 641
1906 813
1906 817
1906 828
1906 837
1906 957
1906 992
1906 1057
1906 1138
1906 1140
1906 1149
1906 1215
1906 1305
1906 1364
1906 1412
1906 1455
1906 1462
1906 1514
1906 1542
1906 1550
1906 1589
1906 1627
1906 1638
1906 1672
1906 1699
1906 1739
1906 1766
1906 1981
152 1186
1186 548
1186 1101
1186 1879
1186 1930
153 736
153 1433
736 950
736 1498
1433 213
1433 585
1433 740
1433 872
1433 1528
1433 1769
154 485
154 1133
154 1603
485 482
485 1314
485 1577
1133 1693
1133 1924
1603 214
1603 773
1603 844
1603 980
1603 1085
1603 1099
1603 1336
1603 1424
1603 1566
430 438
430 1077
430 1281
939 360
939 598
939 669
939 1104
939 1382
156 1410
1410 1426
1410 1431
1410 1501
1410 1504
1410 1659
1410 1754
1410 1763
1410 1797
1410 1807
157 1677
1677 1030
1677 1140
1677 1230
1677 1321
1677 1323
1677 1326
1677 1556
1677 1714
1677 1758
159 1738
159 1742
159 1950
1738 260
1738 513
1738 549
1738 709
1738 748
1738 781
1738 819
1738 829
1738 890
1738 930
1738 1062
1738 1210
1738 1220
1738 1378
1738 1383
1738 1484
1738 1895
1742 232
1742 350
1742 709
1742 781
1742 819
1742 919
1742 930
1742 1062
1742 1181
1742 1210
1742 1220
1742 1378
1742 1383
1742 1386
1742 1484
1742 1593
1742 1646
1742 1754
1950 169
1950 296
1950 334
1950 427
1950 475
1950 482
1950 527
1950 596
1950 726
1950 812
1950 859
1950 876
1950 884
1950 927
1950 962
1950 970
1950 1030
1950 1084
1950 1152
1950 1228
1950 1233
1950 1314
1950 1316
1950 1338
1950 1369
1950 1377
1950 1380
1950 1409
1950 1456
1950 1461
1950 1546
1950 1555
1950 1577
1950 1595
1950 1616
1950 1661
1950 1672
1950 1693
1950 1706
1950 1777
1950 1799
1950 1844
1950 1847
1950 1924
160 1673
1673 422
1673 774
1673 985
1673 1192
1673 1237
1673 1513
1673 1549
1673 1615
1673 1627
1673 1713
1673 1815
161 1217
161 1627
161 1799
1217 587
1217 630
1217 788
1217 1179
1217 1260
1627 170
1627 903
1627 1114
1627 1174
1627 1296
1627 1614
1627 1660
1627 1682
1627 1705
1627 1757
1799 602
1799 621
1799 732
1799 774
1799 812
1799 826
1799 1139
1799 1152
1799 1412
1799 1546
1799 1577
1799 1616
1799 1632
1799 1661
1799 1846
1799 1924
162 1457
162 1763
162 1797
162 1807
1457 1475
1457 1559
1457 1585
1457 1609
1457 1619
1457 1748
1457 1757
1457 1868
1763 241
1763 289
1763 555
1763 567
1763 703
1763 707
1763 750
1763 797
1763 867
1763 893
1763 1119
1763 1143
1763 1388
1763 1426
1763 1431
1763 1501
1763 1521
1763 1659
1763 1754
1763 1797
1763 1807
1797 206
1797 287
1797 289
1797 567
1797 703
1797 707
1797 738
1797 750
1797 797
1797 867
1797 893
1797 1143
1797 1351
1797 1388
1797 1426
1797 1431
1797 1468
1797 1501
1797 1550
1797 1638
1797 1659
1797 1737
1797 1754
1797 1807
1807 178
1807 287
1807 289
1807 567
1807 703
1807 707
1807 750
1807 797
1807 867
1807 893
1807 1143
1807 1388
1807 1426
1807 1431
1807 1501
1807 1542
1807 1659
1807 1746
1807 1754
1807 1757
1807 1842
1807 1858
1807 1895
163 1594
1594 761
1594 1343
1594 1395
1594 1453
1594 1454
1594 1626
1594 1713
1594 1815
164 572
164 1288
164 1682
164 1705
572 662
572 1574
572 1835
572 1866
1288 717
1288 1253
1288 1369
1288 1924
1682 312
1682 592
1682 754
1682 1085
1682 1174
1682 1229
1682 1551
1682 1614
1682 1660
1705 312
1705 331
1705 378
1705 420
1705 779
1705 795
1705 965
1705 1068
1705 1114
1705 1167
1705 1278
1705 1551
1705 1614
165 224
165 1106
165 1191
165 1536
224 1046
224 1191
224 1739
1106 780
1106 807
1106 1070
1106 1309
1106 1366
1106 1536
1191 253
1191 290
1191 822
1191 1366
1191 1497
1191 1536
1191 1561
1191 1577
1536 242
1536 256
1536 280
1536 460
1536 705
1536 822
1536 933
1536 1070
1536 1366
1536 1377
1536 1422
167 422
422 1513
422 1715
168 1824
1824 474
1824 507
1824 563
1824 648
1824 735
1824 784
1824 873
1824 882
1824 1021
1824 1053
1824 1061
1824 1071
1824 1222
1824 1225
1824 1269
1824 1282
1824 1304
1824 1351
1824 1375
1824 1591
1824 1711
1824 1786
1824 1876
169 1073
169 1595
1073 1713
1073 1802
1595 370
1595 796
1595 962
1595 1333
1595 1367
1595 1369
1595 1577
1595 1605
1595 1693
1595 1706
1595 1709
1595 1894
170 1479
170 1967
1479 1198
1479 1359
1479 1636
1479 1648
1479 1651
1479 1739
1479 1766
1479 1868
1967 318
1967 352
1967 361
1967 475
1967 575
1967 636
1967 637
1967 748
1967 823
1967 847
1967 932
1967 989
1967 1045
1967 1115
1967 1164
1967 1173
1967 1193
1967 1203
1967 1218
1967 1272
1967 1342
1967 1350
1967 1368
1967 1373
1967 1384
1967 1407
1967 1454
1967 1471
1967 1517
1967 1562
1967 1587
1967 1596
1967 1613
1967 1629
1967 1645
1967 1646
1967 1701
1967 1739
1967 1759
1967 1796
1967 1804
1967 1815
1967 1858
1967 1868
1967 1924
171 795
171 1809
795 920
795 1399
1809 217
1809 218
1809 281
1809 388
1809 395
1809 429
1809 499
1809 519
1809 798
1809 803
1809 952
1809 1012
1809 1056
1809 1113
1809 1128
1809 1309
1809 1370
1809 1397
1809 1422
1809 1524
1809 1624
1809 1854
173 1505
173 1755
1505 231
1505 1263
1505 1276
1505 1337
1505 1489
1505 1755
1755 296
1755 307
1755 323
1755 505
1755 931
1755 1029
1755 1038
1755 1110
1755 1122
1755 1213
1755 1221
1755 1266
1755 1399
1755 1513
1755 1556
1755 1936
174 565
174 1221
565 228
565 662
565 1202
565 1866
1221 370
1221 1263
175 1375
175 1549
175 1835
1375 1297
1375 1337
1375 1430
1375 1445
1375 1563
1375 1810
1375 1876
1549 1252
1549 1330
1549 1564
1549 1727
1549 1815
1835 282
1835 441
1835 648
1835 711
1835 787
1835 858
1835 947
1835 971
1835 1045
1835 1148
1835 1193
1835 1297
1835 1351
1835 1362
1835 1430
1835 1437
1835 1468
1835 1471
1835 1558
1835 1560
1835 1584
1835 1690
1835 1777
1835 1810
1835 1876
176 915
176 1660
915 459
915 1227
915 1431
915 1895
915 1947
1660 780
1660 806
1660 920
1660 974
1660 994
1660 1068
1660 1229
1660 1350
1660 1551
1660 1614
1660 1924
178 476
178 969
178 1512
476 1128
476 1306
476 1309
476 1373
969 429
969 798
969 968
969 1147
969 1306
969 1360
969 1512
1512 281
1512 395
1512 623
1512 914
1512 952
1512 1056
1512 1169
1512 1309
1512 1397
1512 1858
179 593
179 844
593 391
593 1669
180 1887
1887 295
1887 461
1887 511
1887 571
1887 609
1887 828
1887 852
1887 874
1887 906
1887 911
1887 1107
1887 1112
1887 1196
1887 1254
1887 1277
1887 1321
1887 1455
1887 1533
1887 1550
1887 1593
1887 1672
1887 1718
1887 1766
1887 1772
1887 1782
1887 1872
1887 1936
1887 1981
181 862
181 1083
862 568
862 669
862 850
862 1361
1083 411
1083 1708
183 1055
183 1701
1055 1157
1055 1454
1055 1620
1055 1858
1701 227
1701 311
1701 329
1701 352
1701 991
1701 1436
1701 1517
1701 1556
1701 1562
1701 1739
1701 1748
1701 1759
1701 1786
1701 1796
1701 1804
1701 1858
184 1456
184 1947
1456 801
1456 876
1456 1310
1456 1727
1456 1847
1947 211
1947 297
1947 337
1947 435
1947 551
1947 708
1947 874
1947 944
1947 1096
1947 1120
1947 1130
1947 1201
1947 1227
1947 1246
1947 1281
1947 1298
1947 1327
1947 1382
1947 1443
1947 1487
1947 1496
1947 1514
1947 1568
1947 1584
1947 1610
1947 1630
1947 1638
1947 1653
1947 1692
1947 1707
1947 1750
1947 1776
1947 1784
1947 1805
1947 1858
1947 1871
1947 1895
185 1658
1658 470
1658 649
1658 714
1658 960
1658 1053
1658 1260
1658 1268
1658 1365
1658 1386
1658 1462
1658 1571
186 1109
186 1122
1109 1113
1109 1449
1109 1619
1122 516
1122 1337
187 1080
187 1749
1080 1601
1080 1823
1749 311
1749 319
1749 362
1749 452
1749 646
1749 689
1749 1012
1749 1279
1749 1445
1749 1447
1749 1452
1749 1539
1749 1601
1749 1769
188 1817
1817 234
1817 246
1817 267
1817 378
1817 578
1817 611
1817 645
1817 765
1817 773
1817 860
1817 968
1817 1009
1817 1164
1817 1201
1817 1333
1817 1374
1817 1427
1817 1461
1817 1545
1817 1672
1817 1715
1817 1753
1817 1810
189 1598
1598 227
1598 324
1598 383
1598 541
1598 1259
1598 1467
1598 1570
1598 1581
1598 1583
1598 1688
1598 1704
190 1360
190 1728
1360 856
1360 1348
1360 1449
1360 1555
1360 1609
1728 322
1728 613
1728 890
1728 999
1728 1271
1728 1379
1728 1444
1728 1450
1728 1601
1728 1712
1728 1823
191 600
600 992
600 1004
192 764
192 1714
192 1834
764 628
764 1200
764 1692
764 1834
1714 396
1714 426
1714 460
1714 668
1714 693
1714 912
1714 989
1714 1051
1714 1067
1714 1207
1714 1240
1714 1262
1714 1354
1714 1393
1714 1669
1714 1712
1714 1720
1834 303
1834 381
1834 418
1834 661
1834 693
1834 739
1834 866
1834 989
1834 1059
1834 1209
1834 1262
1834 1280
1834 1354
1834 1371
1834 1393
1834 1567
1834 1653
1834 1679
1834 1692
1834 1704
1834 1712
1834 1732
1834 1774
1834 1930
1802 644
1802 841
1802 886
1802 923
1802 1058
1802 1165
1802 1192
1802 1227
1802 1234
1802 1426
1802 1513
1802 1626
1802 1708
1802 1727
1802 1815
1802 1841
1903 400
1903 404
1903 542
1903 725
1903 734
1903 784
1903 879
1903 916
1903 1023
1903 1049
1903 1131
1903 1167
1903 1206
1903 1237
1903 1303
1903 1307
1903 1362
1903 1381
1903 1408
1903 1427
1903 1436
1903 1442
1903 1498
1903 1502
1903 1534
1903 1576
1903 1589
1903 1590
1903 1700
1903 1723
1903 1758
1903 1771
1903 1846
1903 1872
1903 1886
1903 1936
194 1936
1936 364
1936 467
1936 515
1936 520
1936 525
1936 541
1936 725
1936 916
1936 959
1936 963
1936 1019
1936 1049
1936 1082
1936 1092
1936 1116
1936 1131
1936 1160
1936 1167
1936 1238
1936 1303
1936 1355
1936 1361
1936 1366
1936 1381
1936 1394
1936 1397
1936 1408
1936 1409
1936 1436
1936 1442
1936 1450
1936 1485
1936 1498
1936 1534
1936 1576
1936 1589
1936 1590
1936 1700
1936 1723
1936 1846
1936 1879
1936 1886
195 950
195 1113
195 1372
950 241
950 450
950 1565
1113 388
1113 914
1113 1306
1113 1422
1113 1514
1372 652
1372 917
1372 928
1372 1293
1372 1868
197 1201
197 1715
1201 895
1201 1241
1201 1424
1715 300
1715 378
1715 675
1715 910
1715 948
1715 957
1715 975
1715 1009
1715 1519
1715 1545
1715 1605
1715 1753
198 1044
198 1161
198 1371
1044 646
1044 782
1044 900
1044 1458
1161 1453
1161 1539
1161 1737
1161 1777
1371 865
1371 1005
1371 1265
1371 1331
1371 1341
1371 1354
1371 1567
1371 1679
1371 1871
199 1488
199 1748
199 1872
1488 1003
1488 1319
1488 1348
1748 408
1748 471
1748 700
1748 1066
1748 1182
1748 1362
1748 1509
1748 1555
1748 1619
1748 1642
1748 1757
1748 1821
1872 570
1872 742
1872 789
1872 837
1872 849
1872 1107
1872 1115
1872 1138
1872 1140
1872 1170
1872 1177
1872 1215
1872 1277
1872 1305
1872 1398
1872 1533
1872 1550
1872 1718
1872 1723
1872 1732
1872 1766
1872 1772
1872 1782
1872 1981
200 1711
200 1765
1711 282
1711 365
1711 683
1711 774
1711 882
1711 899
1711 1117
1711 1282
1711 1398
1711 1550
1711 1591
1711 1668
1711 1690
1711 1810
1711 1886
1765 253
1765 254
1765 472
1765 492
1765 647
1765 747
1765 861
1765 1003
1765 1008
1765 1224
1765 1258
1765 1319
1765 1413
1765 1437
1765 1547
1765 1608
1765 1620
1765 1774
201 1894
1894 204
1894 307
1894 566
1894 625
1894 676
1894 686
1894 722
1894 814
1894 863
1894 908
1894 928
1894 996
1894 999
1894 1137
1894 1169
1894 1173
1894 1214
1894 1234
1894 1452
1894 1499
1894 1578
1894 1629
1894 1648
1894 1743
1894 1800
1894 1879
202 840
202 1547
840 357
1547 389
1547 549
1547 927
1547 1319
1547 1412
1547 1437
1547 1823
204 1821
1821 425
1821 538
1821 678
1821 705
1821 712
1821 743
1821 767
1821 1004
1821 1066
1821 1182
1821 1316
1821 1420
1821 1439
1821 1509
1821 1559
1821 1757
205 1732
1732 219
1732 367
1732 381
1732 418
1732 817
1732 1000
1732 1147
1732 1209
1732 1240
1732 1331
1732 1354
1732 1389
1732 1393
1732 1567
1732 1630
1732 1692
1732 1712
1732 1895
206 782
206 1712
782 608
782 989
782 1587
1712 276
1712 396
1712 558
1712 739
1712 747
1712 817
1712 901
1712 989
1712 1198
1712 1270
1712 1393
1712 1661
1712 1692
1712 1804
207 1241
1241 491
1241 584
1241 730
1241 976
208 1871
1871 653
1871 681
1871 696
1871 715
1871 729
1871 766
1871 838
1871 1074
1871 1149
1871 1163
1871 1236
1871 1287
1871 1313
1871 1340
1871 1542
1871 1622
1871 1636
1871 1642
1871 1670
1871 1678
1871 1762
1871 1777
1871 1800
1871 1829
1871 1841
1871 1876
1871 1879
1871 1930
1154 1037
1154 1294
1154 1395
1154 1713
210 1069
1069 991
1069 1111
1069 1144
211 648
211 1249
211 1283
211 1707
648 735
648 1558
1249 741
1249 1027
1249 1930
1283 522
1283 837
1283 891
1283 947
1283 1117
1283 1386
1283 1876
1707 698
1707 754
1707 1000
1707 1022
1707 1145
1707 1566
1707 1610
1707 1638
1707 1750
1707 1784
1707 1895
212 810
212 1772
810 225
810 348
810 1560
1772 466
1772 614
1772 778
1772 783
1772 789
1772 1138
1772 1165
1772 1277
1772 1305
1772 1412
1772 1514
1772 1521
1772 1524
1772 1672
1772 1718
1772 1766
1772 1846
1772 1981
214 1336
1336 552
1336 773
1336 1391
1336 1566
1336 1753
215 1573
1573 411
1573 550
1573 897
1573 992
1573 1188
1573 1437
1573 1515
1573 1608
1573 1636
1573 1842
217 890
217 914
890 1267
890 1491
914 519
914 805
914 1147
219 866
219 1692
866 418
866 739
866 1072
866 1393
866 1583
866 1720
1692 257
1692 272
1692 367
1692 558
1692 693
1692 817
1692 1059
1692 1198
1692 1262
1692 1341
1692 1533
1692 1535
1692 1720
220 1624
1624 345
1624 379
1624 556
1624 883
1624 1023
1624 1088
1624 1491
1624 1774
222 1703
1703 353
1703 406
1703 607
1703 738
1703 926
1703 1030
1703 1225
1703 1284
1703 1556
1703 1758
1703 1886
1703 1895
223 1346
1346 1429
1346 1823
1046 280
1046 290
1046 631
1046 780
1046 807
1046 1284
1046 1561
1046 1691
1739 441
1739 451
1739 555
1739 575
1739 722
1739 1061
1739 1350
1739 1610
1739 1829
1739 1858
225 268
225 1097
268 682
1097 1311
1097 1329
1097 1599
226 1180
226 1559
226 1758
1180 569
1180 966
1180 1279
1559 559
1559 828
1559 856
1559 1181
1559 1280
1559 1516
1559 1757
1758 474
1758 494
1758 623
1758 777
1758 783
1758 786
1758 995
1758 1208
1758 1359
1758 1385
1758 1545
1758 1617
1758 1680
1758 1743
227 1537
227 1704
1537 403
1537 815
1537 975
1537 1021
1537 1355
1537 1581
1537 1618
1537 1704
1704 346
1704 377
1704 702
1704 742
1704 975
1704 1010
1704 1219
1704 1234
1704 1247
1704 1259
1704 1355
1704 1388
1704 1581
1704 1583
1704 1618
1704 1776
228 1710
228 1866
1710 239
1710 582
1710 689
1710 751
1710 821
1710 978
1710 1062
1710 1153
1710 1202
1710 1284
1710 1421
1710 1451
1710 1516
1710 1645
1710 1679
1710 1866
1866 239
1866 286
1866 310
1866 354
1866 377
1866 385
1866 433
1866 446
1866 662
1866 689
1866 751
1866 821
1866 958
1866 978
1866 1153
1866 1202
1866 1345
1866 1425
1866 1451
1866 1516
1866 1574
1866 1849
229 1592
229 1601
1592 699
1592 1067
1592 1200
1592 1474
1592 1617
1592 1709
1592 1844
1592 1854
1601 563
1601 694
1601 1364
1601 1629
1601 1636
1601 1829
230 730
730 481
730 629
730 1220
730 1281
231 664
231 1029
231 1823
664 692
664 1691
1029 466
1823 625
1823 720
1823 722
1823 863
1823 921
1823 994
1823 1033
1823 1137
1823 1214
1823 1215
1823 1379
1823 1397
1823 1444
1823 1450
1823 1452
1823 1578
1823 1685
1823 1743
232 1746
1746 892
1746 982
1746 1007
1746 1248
1746 1630
1746 1662
1746 1709
1746 1733
1746 1844
1746 1854
233 682
233 931
233 1213
1213 1110
1213 1489
1213 1496
234 531
531 803
531 1424
531 1688
235 1238
235 1300
235 1737
1238 792
1238 1077
1238 1442
1238 1886
1300 904
1300 1737
1300 1769
1737 486
1737 671
1737 1157
1737 1279
1737 1321
1737 1539
1737 1671
1737 1691
1737 1699
1737 1750
1737 1847
237 973
973 421
239 1345
239 1757
1345 446
1345 751
1345 1153
1345 1451
1345 1516
1345 1849
1757 397
1757 688
1757 824
1757 856
1757 1182
1757 1267
1757 1449
1757 1466
1757 1475
1757 1509
1757 1619
1757 1697
1177 1140
1177 1265
1177 1364
242 460
242 1561
460 924
460 1561
1561 256
1561 807
1561 822
1561 924
1561 933
1561 1070
1561 1366
1561 1528
244 1981
1981 361
1981 455
1981 461
1981 570
1981 571
1981 614
1981 642
1981 718
1981 778
1981 789
1981 813
1981 832
1981 837
1981 874
1981 906
1981 957
1981 983
1981 1057
1981 1065
1981 1107
1981 1112
1981 1138
1981 1140
1981 1141
1981 1149
1981 1176
1981 1239
1981 1254
1981 1265
1981 1277
1981 1291
1981 1305
1981 1404
1981 1412
1981 1455
1981 1468
1981 1474
1981 1514
1981 1533
1981 1539
1981 1550
1981 1672
1981 1685
1981 1718
1981 1766
1981 1782
1981 1805
447 516
447 1670
879 1276
247 1244
1244 1565
1244 1629
248 592
248 1237
592 1614
1237 1192
1237 1243
1237 1501
1237 1815
405 481
250 1688
250 1829
1688 479
1688 1272
1688 1384
1688 1388
1688 1452
1688 1491
1688 1563
1688 1613
1688 1646
1688 1804
1829 404
1829 1305
1829 1622
1829 1636
1829 1642
1829 1670
1829 1678
1829 1691
1829 1761
1829 1762
1829 1777
1829 1800
1829 1841
1829 1879
1829 1930
251 910
251 1365
910 920
1365 769
1365 1849
253 1327
1327 1653
255 1895
1895 390
1895 413
1895 470
1895 559
1895 698
1895 792
1895 888
1895 1050
1895 1187
1895 1246
1895 1281
1895 1373
1895 1378
1895 1382
1895 1413
1895 1443
1895 1460
1895 1487
1895 1610
1895 1620
1895 1638
1895 1653
1895 1723
1895 1750
1895 1776
1895 1784
256 933
256 1366
256 1421
933 822
933 924
933 1053
933 1366
1366 780
1366 807
1366 1672
1421 574
1421 911
1421 1061
1421 1374
1421 1646
257 293
259 1636
1636 289
1636 1446
1636 1841
1636 1879
1636 1930
260 880
880 314
880 936
880 1224
261 1565
261 1699
1565 543
1565 595
1565 681
1565 767
1565 1187
1565 1363
1565 1396
1565 1570
1565 1599
1565 1762
1699 627
1699 674
1699 771
1699 884
1699 1002
1699 1223
1699 1321
1699 1445
1699 1626
1699 1671
1699 1769
1659 278
1659 287
1659 707
1659 750
1659 893
1659 1143
1659 1388
1659 1426
1659 1431
1659 1501
1659 1531
1659 1754
1754 287
1754 567
1754 703
1754 707
1754 750
1754 797
1754 867
1754 893
1754 1143
1754 1388
1754 1426
1754 1431
1754 1498
1754 1501
1754 1690
266 450
266 1287
450 1293
1287 1538
1287 1930
269 536
536 1844
270 1252
1252 858
1252 1320
1252 1708
271 1499
1499 787
1499 1196
1499 1223
272 368
272 1240
368 1769
1240 396
1240 1262
1240 1335
1240 1458
1240 1678
1240 1720
273 1284
273 1568
1284 1013
1284 1606
1568 431
1568 591
1568 926
1568 1606
1568 1854
274 1620
274 1784
1620 1195
1620 1212
1620 1487
1620 1805
1784 598
1784 741
1784 888
1784 1120
1784 1187
1784 1246
1784 1298
1784 1496
1784 1533
1784 1550
1784 1583
1784 1584
1784 1610
1784 1653
1784 1805
275 702
275 1581
1581 815
1581 873
1581 1010
1581 1118
1581 1467
1581 1583
1581 1606
1581 1618
276 739
276 1209
739 1720
1209 721
1209 975
1209 1207
1209 1262
1409 609
1409 1377
1409 1616
1409 1924
1706 654
1706 665
1706 746
1706 1150
1706 1338
1706 1377
1706 1447
1706 1680
1706 1777
1706 1847
1706 1924
279 1782
1782 549
1782 653
1782 790
1782 1057
1782 1112
1782 1215
1782 1412
1782 1514
1782 1550
1782 1609
1782 1718
1782 1766
280 822
280 1070
822 1400
1070 631
1070 807
1070 1216
1070 1279
281 325
281 1373
1373 1128
1373 1309
1373 1397
1373 1422
1373 1448
1373 1455
282 811
282 1585
811 294
811 469
811 798
811 952
811 1128
811 1370
1585 445
1585 735
1585 923
1585 1021
1585 1045
1585 1117
1585 1398
1585 1690
1585 1718
285 691
285 1528
691 1846
1528 852
1528 872
1528 1804
794 563
794 1178
794 1258
794 1468
794 1690
891 703
891 784
891 1265
891 1398
891 1876
290 631
290 780
631 1520
780 846
780 924
291 1233
291 1338
291 1924
1233 944
1338 899
1338 1310
1338 1362
1338 1924
1924 317
1924 437
1924 459
1924 513
1924 561
1924 665
1924 771
1924 796
1924 876
1924 949
1924 974
1924 977
1924 1015
1924 1084
1924 1131
1924 1150
1924 1153
1924 1172
1924 1253
1924 1392
1924 1449
1924 1523
1924 1546
1924 1564
1924 1577
1924 1632
1924 1661
1924 1693
1924 1847
294 1690
1690 382
1690 546
1690 762
1690 1206
1690 1351
1690 1662
1690 1810
1690 1846
1690 1876
295 1534
1534 956
1534 1364
1534 1590
1534 1662
1534 1700
1534 1886
297 552
552 1224
586 701
586 1564
299 488
488 1524
300 535
300 615
615 1700
301 1111
301 1461
1111 610
1111 865
1111 1144
1111 1146
1111 1461
1461 432
1461 991
1461 1010
1461 1146
302 816
302 1771
816 1301
1771 395
1771 717
1771 1019
1771 1049
1771 1082
1771 1204
1771 1408
1771 1436
1771 1485
1771 1498
1771 1846
1771 1886
303 967
967 1668
809 463
809 951
809 1678
856 517
856 801
856 1805
1407 1158
1407 1454
1407 1471
1407 1651
1407 1810
307 1489
1489 778
1489 1038
1489 1042
1489 1399
308 1003
1003 1804
309 1583
309 1632
1583 383
1583 529
1583 829
1583 975
1583 1118
1583 1194
1583 1247
1632 927
1632 1150
1632 1172
1632 1310
1632 1661
1632 1847
310 1425
310 1451
1425 354
1425 433
1425 582
1425 662
1425 885
1425 1009
1425 1574
1451 446
1451 689
1451 1392
1451 1516
1451 1574
311 1539
1539 319
1539 561
1539 1266
1539 1397
1539 1593
1539 1671
1539 1691
314 1101
1101 427
1101 457
1101 896
1101 904
1101 1024
315 489
489 571
316 1605
1605 508
1605 544
1605 725
1605 1420
1605 1504
1605 1519
317 1722
1722 529
1722 1013
1722 1687
1722 1697
1722 1770
1722 1842
1722 1849
1722 1861
318 1685
1685 566
1685 594
1685 770
1685 839
1685 1269
1685 1323
1685 1401
1685 1578
319 1849
1849 768
1849 1503
1849 1535
1849 1538
1849 1633
1849 1687
1849 1697
1849 1770
1849 1842
1849 1861
1331 1059
1331 1264
1331 1679
1331 1720
321 1521
321 1697
1521 474
1521 591
1521 767
1521 966
1521 995
1521 1167
1521 1622
1521 1680
1697 1687
1697 1743
1697 1770
1697 1842
1697 1861
322 1868
1868 521
1868 748
1868 935
1868 1061
1868 1173
1868 1272
1868 1291
1868 1400
1868 1471
1868 1556
1868 1562
1868 1587
1868 1596
1868 1613
1868 1646
1868 1651
1868 1796
1868 1804
1868 1847
1868 1858
323 479
324 1618
1618 346
1618 539
1618 768
1618 873
1618 1118
1618 1194
1618 1247
1618 1700
326 1266
326 1502
1266 381
1502 852
1502 1446
1502 1494
1502 1723
1502 1846
327 1370
1370 454
1370 1306
1370 1309
1370 1422
328 699
328 1067
328 1691
699 1671
1691 1671
1691 1769
329 1242
1242 886
1242 1057
330 700
331 1216
1216 337
1216 1930
332 595
595 696
595 1510
333 551
334 1693
1693 483
1693 602
1693 900
1693 1042
1693 1114
1693 1152
1693 1253
1693 1377
1693 1546
1693 1615
1693 1762
1523 769
1523 1084
1523 1108
1523 1340
1523 1615
337 1382
1382 530
1382 864
1382 1027
341 936
341 1260
936 743
936 896
1260 534
1260 1120
1260 1178
1260 1367
343 1805
1805 496
1805 548
1805 919
1805 1081
1805 1130
1805 1311
1805 1487
1805 1496
1805 1610
1805 1776
344 881
881 431
881 1680
346 776
346 1280
776 610
1280 463
1280 824
1280 987
348 770
348 1570
348 1846
770 1876
1570 867
1570 1199
1570 1466
1570 1599
1846 364
1846 442
1846 847
1846 999
1846 1160
1846 1206
1846 1219
1846 1380
1846 1393
1846 1401
1846 1436
1846 1442
1846 1589
1846 1590
1846 1700
1846 1723
1846 1886
350 998
998 1187
998 1617
998 1662
998 1854
353 1459
1459 632
1459 767
1459 864
354 1202
356 1354
1354 901
1354 1011
1354 1389
1354 1474
1354 1567
357 1854
1854 406
1854 649
1854 668
1854 704
1854 850
1854 894
1854 1007
1854 1168
1854 1320
1854 1474
1854 1506
1854 1531
1854 1591
1854 1617
1854 1630
1854 1709
1854 1844
1854 1930
358 686
358 1442
686 1450
1442 587
1442 833
1442 1368
1442 1424
359 860
359 1562
359 1804
860 848
860 1796
1562 1078
1562 1439
1804 645
1804 777
1804 1061
1804 1193
1804 1272
1804 1350
1804 1454
1804 1596
1804 1599
1804 1613
1804 1648
1804 1858
360 669
360 1228
360 1361
669 1312
669 1847
1228 396
1228 962
1228 976
1228 1847
1361 401
1361 1104
1361 1208
361 1320
1320 899
1320 1092
362 1599
1599 423
1599 433
1599 681
1599 1246
365 1609
365 1876
1609 1182
1609 1316
1609 1475
1609 1555
1609 1615
1609 1619
1876 372
1876 683
1876 774
1876 858
1876 954
1876 963
1876 1021
1876 1117
1876 1222
1876 1271
1876 1351
1876 1446
1876 1560
1876 1638
1876 1713
1876 1786
366 1223
366 1648
1223 622
1223 627
1223 750
1223 1002
1648 1110
1648 1173
1648 1661
1648 1796
1648 1847
367 765
367 1810
765 1037
1810 527
1810 787
1810 947
1810 1047
1810 1148
1810 1222
1810 1304
1810 1310
1810 1340
1810 1468
1810 1560
1810 1591
1769 486
1769 560
1769 651
1769 671
1769 1255
1769 1270
1769 1333
1769 1389
1769 1593
370 1437
1437 1273
1437 1301
371 1058
1058 1395
1058 1622
1058 1626
372 1047
372 1430
372 1557
1047 956
1047 1265
1047 1591
1047 1786
1430 382
1430 1035
1430 1351
1430 1591
1430 1759
1430 1815
1557 1193
1557 1248
1557 1662
1557 1709
1557 1844
1557 1858
373 1551
1551 779
1551 1085
1551 1424
374 1566
1566 1009
1566 1333
1566 1545
1566 1589
1566 1886
375 714
375 1131
714 1307
714 1560
1131 1485
1131 1886
824 1509
857 1107
857 1265
857 1723
1750 1227
1750 1246
1750 1460
1750 1482
1750 1510
1750 1584
1750 1638
1750 1776
1750 1800
377 385
377 821
821 1516
821 1574
378 1091
378 1374
1091 872
1091 1364
1374 1680
878 401
878 683
878 1786
1119 477
1119 1148
381 1264
1264 558
1264 1198
1264 1567
1264 1610
1264 1861
382 882
382 1115
382 1398
882 735
882 885
882 1267
1115 823
1115 1408
1398 1278
1398 1304
1398 1446
1398 1555
383 740
383 975
383 1484
1484 680
1484 719
1484 1220
384 920
386 649
386 1386
649 1462
649 1670
1386 689
1014 867
388 845
388 1397
845 1455
845 1815
1397 502
1397 519
1397 1309
389 410
410 1173
390 1560
1560 713
1560 1045
1560 1053
1560 1117
1560 1148
1560 1786
392 1606
392 1776
1606 591
1606 731
1606 1321
1606 1395
1606 1414
1606 1494
1606 1733
1776 417
1776 733
1776 835
1776 944
1776 1156
1776 1195
1776 1443
1776 1460
1776 1487
1776 1496
1207 1000
1207 1059
1207 1679
1207 1720
394 928
394 1670
928 1482
1670 1586
1670 1777
1670 1800
1670 1841
1670 1879
1670 1930
395 502
395 1147
395 1306
502 454
502 1199
1147 469
1147 895
1147 1056
1147 1422
1306 1012
1306 1056
1306 1616
396 912
396 1458
912 1134
912 1212
912 1679
1458 591
1458 601
1458 668
1458 721
1458 1389
1458 1448
1458 1844
397 522
397 538
397 687
522 1449
538 516
538 1709
687 639
1158 624
1158 1077
1158 1363
399 728
399 1333
399 1424
399 1662
399 1753
1333 1032
1333 1194
1333 1615
1333 1753
1424 757
1662 670
1662 1078
1662 1293
1662 1474
1662 1630
1662 1844
1753 578
1753 611
1753 645
1753 676
1753 895
1753 921
1753 1007
1753 1504
1753 1661
400 588
400 872
872 798
401 1520
1520 1052
1520 1314
1520 1453
1520 1708
1520 1815
402 672
672 1630
404 1718
404 1886
1718 473
1718 828
1718 906
1718 1140
1718 1146
1718 1629
1718 1766
1886 442
1886 500
1886 520
1886 574
1886 616
1886 717
1886 720
1886 848
1886 861
1886 916
1886 1049
1886 1167
1886 1303
1886 1408
1886 1436
1886 1498
1886 1538
1886 1576
1886 1700
1886 1723
481 629
481 793
406 1517
1517 1239
1517 1645
1517 1759
1517 1858
407 1455
1455 1310
1173 1651
411 581
411 1018
581 779
581 1089
1018 1533
413 417
417 1629
414 1383
1383 505
1383 680
1383 705
1383 1210
963 424
963 784
963 1446
963 1558
1392 1071
1392 1297
1392 1304
1392 1558
1468 477
1468 762
1468 1225
416 1032
1032 624
1032 1427
1032 1774
1629 818
1629 911
1629 1494
1629 1861
418 1289
1289 1285
1289 1358
419 523
523 1086
523 1614
523 1761
420 1614
420 1720
1614 974
1614 1066
1614 1174
1614 1259
1720 510
1720 608
1720 628
1720 675
1720 901
1720 1059
1720 1389
1720 1567
1720 1642
1720 1679
1720 1844
1513 841
1513 1123
1513 1491
1513 1574
1513 1615
1513 1727
1513 1815
423 1363
423 1464
1363 945
1363 1075
1464 617
1464 1482
1464 1578
1464 1591
1464 1743
1464 1844
424 1708
1708 436
1708 439
1708 656
1708 785
1708 842
1708 984
1708 1615
1708 1626
1708 1727
1708 1815
425 1176
425 1348
1176 957
1176 1672
1176 1847
1348 1515
426 858
858 477
858 1591
427 632
427 1208
427 1847
632 1600
1208 1084
1847 483
1847 490
1847 596
1847 654
1847 733
1847 949
1847 1150
1847 1200
1847 1314
1847 1369
1847 1546
1847 1661
1178 1076
1178 1335
1178 1571
1181 587
1181 1102
1181 1127
429 469
429 1427
1427 883
1427 1391
438 850
438 1077
438 1770
1077 799
1281 775
1281 1413
431 720
431 1099
432 1146
1146 1485
433 647
647 1129
435 1399
1399 754
1399 1027
1399 1680
437 1482
437 1616
1482 456
1482 1245
1482 1669
1482 1743
1616 755
1616 1042
1616 1272
1616 1661
850 1671
1770 1037
1770 1414
1770 1633
1770 1687
1770 1796
1770 1842
1770 1861
439 1150
440 1015
440 1123
440 1550
1015 855
1015 1687
1123 1005
1550 926
1550 1364
1139 452
1139 1301
445 1369
445 1786
445 1879
1369 490
1369 926
1369 1285
1369 1558
1786 546
1786 650
1786 711
1786 784
1786 982
1786 1021
1786 1056
1786 1222
1786 1225
1786 1297
1786 1446
1786 1591
1879 719
1879 833
1879 868
1879 917
1879 923
1879 934
1879 1006
1879 1108
1879 1170
1879 1229
1879 1236
1879 1313
1879 1340
1879 1418
1879 1448
1879 1542
1879 1558
1879 1622
1879 1642
1879 1661
1879 1678
1879 1687
1879 1762
1879 1777
1879 1800
1879 1841
1879 1930
446 1672
1672 641
1672 1766
448 1168
449 695
449 868
449 1420
695 620
695 1414
695 1444
695 1494
868 1930
1420 616
1420 895
1420 1232
1420 1678
1293 749
451 661
661 1679
452 1445
1445 558
454 519
454 803
454 1012
803 952
803 1012
1012 1128
1012 1422
456 966
966 1013
966 1414
457 529
457 749
457 896
457 1449
896 904
896 1024
896 1524
1449 587
1449 784
1449 1509
458 1329
458 1930
1329 876
1329 1586
1329 1858
1930 500
1930 556
1930 609
1930 653
1930 710
1930 715
1930 745
1930 766
1930 838
1930 900
1930 1074
1930 1108
1930 1236
1930 1274
1930 1278
1930 1362
1930 1418
1930 1448
1930 1535
1930 1542
1930 1622
1930 1642
1930 1678
1930 1761
1930 1762
1930 1777
1930 1800
1930 1841
459 1082
1082 894
924 526
462 1596
1596 818
1596 1056
1596 1368
1596 1471
1596 1645
1596 1858
464 1182
464 1195
1182 602
1182 705
1195 1262
1195 1311
465 575
465 863
465 1291
575 1651
863 694
863 1727
1291 657
1291 1514
1291 1766
467 1460
1460 775
468 1076
1076 1025
1076 1036
1076 1571
470 1011
1011 1086
1011 1774
471 962
471 1713
962 1001
1713 1037
1713 1072
1713 1087
1713 1096
1713 1179
1713 1243
1713 1294
1713 1342
1713 1600
1713 1626
1713 1727
472 1258
472 1633
1258 584
1258 1204
1258 1608
1633 555
1633 1254
1633 1842
1633 1861
473 1110
473 1263
473 1842
1842 855
1842 1687
1842 1861
474 1188
1188 623
1188 895
1188 1494
1128 798
1309 841
1309 1225
480 1296
480 1761
1296 1774
1761 832
1761 842
1761 846
1761 918
1761 964
1761 1175
1761 1246
1761 1323
1761 1339
1761 1367
1761 1381
1761 1491
1761 1774
1761 1841
629 490
793 491
793 1204
482 1104
482 1450
1104 984
483 1149
1149 637
484 1135
484 1638
1135 900
1638 1610
1314 525
486 1225
1225 758
1225 774
1225 1591
487 1301
487 1515
1301 546
1301 1184
1515 1514
1515 1589
1515 1608
1524 679
1524 1222
1524 1668
1524 1858
490 1310
1310 1253
491 1431
1431 1388
1431 1501
1431 1861
492 919
492 1008
492 1418
919 1062
1008 554
1008 1027
1008 1089
1418 594
493 568
568 834
495 688
688 1619
498 1727
1727 589
1727 835
1727 922
1727 1234
1727 1243
1727 1343
1727 1531
1727 1586
1727 1615
1727 1626
500 1117
1506 982
1506 999
1506 1063
1506 1844
1777 1678
1777 1762
1777 1800
1777 1841
507 1214
508 578
550 1129
712 756
511 1630
1630 1259
1630 1312
1630 1474
1630 1709
1630 1844
514 1485
514 1494
1485 1576
1485 1590
1494 1021
1494 1030
1494 1359
1494 1700
515 1020
515 1519
1020 1157
1020 1368
1519 1545
1519 1589
518 677
518 692
518 1232
677 1174
692 656
1232 743
1232 1024
1232 1844
1232 1858
521 690
521 947
521 1051
521 1053
690 1022
947 683
947 1022
1051 628
1051 1198
1051 1567
1053 1071
1086 1774
524 1107
1107 1285
526 705
705 1475
1474 1447
1474 1587
530 1396
530 1564
1396 543
1396 562
1396 662
1396 698
1564 1645
1564 1668
1564 1669
1564 1762
799 1759
1393 1212
1393 1389
1393 1567
1844 539
1844 607
1844 610
1844 839
1844 982
1844 1142
1844 1166
1844 1184
1844 1452
1844 1531
1844 1709
537 542
1709 870
1709 972
1709 1057
1709 1184
1709 1531
540 627
540 1125
627 1157
627 1645
1125 1646
541 1295
1295 1212
1295 1377
543 1272
1272 1335
544 934
545 1009
545 1292
1009 894
1292 1268
1292 1497
1292 1586
546 1002
546 1045
1002 1279
1045 1359
547 870
1129 563
1129 1222
1129 1608
558 1389
558 1535
1389 965
1535 1861
560 1593
1593 569
1593 651
1593 1279
1593 1563
562 1243
563 971
971 1395
567 1143
1143 1501
1143 1669
834 1766
569 633
633 676
633 1203
1574 751
1574 1153
1574 1516
573 935
935 1308
935 1587
574 792
1651 807
1651 1065
1651 1116
1651 1294
1651 1368
1651 1591
1651 1796
1651 1858
1103 614
1103 1127
579 885
1089 752
1089 1439
582 905
582 1417
905 1645
1417 650
1417 681
1417 1236
1417 1861
583 1567
583 1815
1567 721
1567 815
1567 1341
1815 785
1815 923
1815 980
1815 984
1815 1394
1815 1395
1815 1453
1815 1563
1815 1615
1815 1626
1815 1733
584 1413
1413 944
1413 1496
1669 622
1669 646
1669 886
1669 922
1669 948
1669 1497
1669 1668
696 1319
1510 807
1510 1156
1510 1462
597 938
597 1350
938 1391
598 1571
1571 956
1571 1255
1571 1796
992 1766
1004 1475
1004 1555
604 1229
1229 1475
607 731
731 1546
731 1800
608 1679
1679 693
1679 901
1679 988
1679 1134
1679 1379
1700 683
1700 1394
1700 1408
1700 1589
1700 1590
616 1545
1545 626
1545 628
1545 1391
1545 1504
617 1762
1762 1800
1762 1841
618 1475
1475 1088
621 1661
1661 923
1661 1163
625 801
801 875
801 1555
1157 828
1645 1061
1600 985
1600 1234
1600 1294
1600 1453
1600 1615
1600 1759
1203 1471
635 788
635 1006
1006 1140
636 637
638 796
796 726
639 1153
1153 1516
644 1052
644 1671
1052 1037
1052 1315
1671 932
645 1400
1400 1342
646 1498
1498 922
1498 1487
1498 1590
735 1619
1558 1021
1558 1022
1558 1035
1558 1297
1462 932
1462 1255
1462 1268
1462 1307
1462 1576
651 710
651 1503
1503 892
1503 1861
654 1380
1380 717
1380 1019
1380 1589
1380 1723
657 1759
1759 1303
1759 1321
1759 1335
1759 1454
1759 1646
1759 1796
1759 1858
1497 1586
659 861
861 1093
861 1262
861 1608
665 927
665 960
665 1800
927 778
1800 718
1800 1642
1800 1678
1800 1841
1148 954
1148 1341
1312 989
671 1063
673 1447
1447 1033
1447 1617
674 1204
674 1613
1204 1239
1613 1298
1613 1646
1613 1796
1613 1858
1174 1273
678 875
1619 741
1619 1198
1619 1262
1619 1766
689 1516
1516 978
1022 843
1414 1130
1444 757
1444 908
1319 901
1319 1608
1319 1680
1078 1007
698 1653
704 1144
1144 1085
708 1496
709 1025
1025 751
1025 1335
756 843
756 1257
756 1439
713 917
713 1059
713 1075
1059 1248
717 1531
1531 898
719 1166
719 1378
1166 899
722 886
722 1743
1743 876
1743 1269
1743 1285
1743 1401
1743 1578
1491 1774
725 785
726 732
726 1467
1467 1118
1467 1194
1467 1247
1467 1259
1467 1355
729 1733
1733 734
1733 753
1733 786
1733 1339
1733 1556
1733 1680
1220 1858
1546 995
1546 1001
734 864
738 1646
1646 1335
1646 1796
1646 1858
741 930
930 1766
743 949
743 1024
747 972
972 1608
748 1858
1858 945
1858 1061
1858 1164
1858 1308
1858 1342
1858 1563
1858 1796
751 1269
752 1019
753 813
753 1556
753 1680
813 1422
1556 767
1556 1687
1680 823
1680 1230
1680 1504
1257 1298
1439 1028
1439 1316
758 1035
1035 1222
1035 1304
1198 1134
760 987
987 1617
761 1005
761 1192
1192 1215
762 1021
762 1576
1576 833
1576 1049
1576 1687
1576 1723
1576 1861
1385 1096
1385 1359
1200 1001
1037 1112
766 1723
1723 1206
1723 1381
1723 1590
769 1487
1487 823
1487 1134
1487 1137
771 1134
1134 1341
1622 1841
1587 1038
1587 1170
1587 1796
787 1273
1273 1085
797 1388
797 1590
1388 1426
1388 1501
1590 826
798 1422
1422 952
1422 1056
1555 1145
1555 1267
802 1303
952 1071
805 1127
1127 959
806 974
974 833
1678 1841
815 1259
1259 1010
1509 1267
1509 1774
829 1218
1218 1093
832 1017
832 1774
1017 849
1017 1429
1017 1774
1774 937
1774 986
1774 988
1774 1023
1774 1323
1774 1841
1766 909
1766 1268
1766 1305
836 1205
836 1617
1205 1118
1205 1279
1617 1245
1617 1330
848 895
855 985
985 1156
1265 1514
1591 1298
1796 1308
1796 1471
1796 1563
1262 901
1608 1141
867 1501
867 1538
1501 1429
1538 995
1538 1861
1584 888
873 1194
1194 1355
874 1394
883 893
893 916
893 1426
884 1145
884 1279
1145 1271
888 1227
888 1861
1227 1429
1861 964
1861 1466
1861 1687
916 1453
1426 1355
1426 1391
901 1466
903 1043
1043 954
1298 1294
908 1277
1277 1471
909 1245
1245 1401
1245 1841
1453 1096
1453 1294
1453 1330
918 1102
918 1687
926 1391
1308 1368
944 1130
944 1841
1841 1377
1841 1642
948 1339
954 997
954 1282
1282 1343
1282 1446
958 1172
1446 1304
1446 1351
1668 1586
1395 984
977 1151
1151 1337
978 1081
980 1315
980 1542
1315 1615
982 1222
1156 1384
1364 1239
1364 1254
991 1368
991 1377
1368 1164
1368 1454
1000 1341
1010 1247
1247 1355
1023 1028
1335 1454
1335 1563
1304 1340
1036 1112
1038 1337
1359 1239
1050 1367
1074 1351
1095 1330
1311 1163
1311 1358
1408 1165
1120 1142
1137 1169
1137 1254
1384 1342
1384 1471
1159 1313
1160 1381
1381 1305
1164 1563
1185 1270
1230 1452
