0 455
0 503
0 547
0 575
0 577
0 1622
0 3469
455 231
455 298
455 318
455 379
455 458
455 473
455 476
455 498
455 514
455 518
455 547
455 552
455 553
455 583
455 590
455 986
455 1558
455 2091
455 3151
455 3220
455 4111
455 4864
503 153
503 249
503 330
503 359
503 446
503 447
503 463
503 464
503 471
503 490
503 504
503 527
503 536
503 539
503 557
503 567
503 573
503 576
503 581
503 590
503 2197
503 2234
503 2297
503 3119
503 3667
503 3734
503 4180
503 4437
503 4989
547 29
547 106
547 209
547 257
547 297
547 302
547 305
547 309
547 315
547 362
547 368
547 379
547 409
547 414
547 436
547 444
547 458
547 508
547 514
547 518
547 549
547 552
547 555
547 565
547 566
547 569
547 577
547 578
547 581
547 582
547 583
547 592
547 1103
547 1173
547 1357
547 1610
547 2528
547 2914
547 2977
547 3069
547 3165
547 3227
547 3237
547 3389
547 4066
547 4100
547 4991
575 1
575 61
575 131
575 148
575 163
575 198
575 200
575 228
575 231
575 242
575 251
575 295
575 299
575 302
575 315
575 335
575 345
575 354
575 362
575 410
575 414
575 420
575 430
575 431
575 458
575 476
575 483
575 508
575 512
575 514
575 518
575 521
575 542
575 549
575 552
575 553
575 555
575 565
575 566
575 571
575 577
575 581
575 582
575 583
575 588
575 589
575 590
575 592
575 812
575 1089
575 1208
575 1468
575 1683
575 1949
575 2185
575 2288
575 2317
575 3076
575 3225
575 3229
575 3487
575 3613
575 3765
575 4112
575 4115
575 4132
575 4398
575 4545
575 4549
577 33
577 36
577 59
577 99
577 176
577 178
577 187
577 248
577 251
577 252
577 290
577 292
577 295
577 299
577 309
577 312
577 320
577 342
577 345
577 351
577 354
577 379
577 384
577 398
577 410
577 430
577 431
577 435
577 440
577 468
577 473
577 476
577 478
577 508
577 514
577 542
577 549
577 552
577 555
577 558
577 565
577 566
577 569
577 572
577 581
577 582
577 583
577 592
577 926
577 1133
577 1257
577 1332
577 1704
577 1994
577 2314
577 3049
577 3155
577 3183
577 3222
577 3753
577 3918
577 4038
577 4139
577 4144
577 4161
577 4176
577 4337
577 4401
577 4747
577 4875
1622 938
1622 1404
1622 1406
1622 1529
1622 1539
1622 1566
1622 1595
1622 1619
1622 1655
1622 1676
1622 1681
1622 1688
1622 1689
1622 1692
1622 1694
1622 1702
1622 1879
1622 3007
1622 3218
1622 3822
1622 4954
3469 3908
3469 4040
3469 4089
3469 4135
3469 4149
3469 4167
3469 4932
1 78
1 371
1 516
1 540
1 4160
1 4174
78 217
78 485
78 516
78 540
78 2321
78 3027
371 137
371 211
371 217
371 417
371 485
371 513
371 516
371 542
371 574
371 1184
371 1375
371 2318
371 2618
371 3428
516 31
516 44
516 57
516 146
516 211
516 245
516 246
516 301
516 307
516 332
516 333
516 347
516 402
516 417
516 427
516 448
516 451
516 485
516 513
516 538
516 540
516 1175
516 1338
516 1580
516 2351
516 2805
516 3224
516 3831
516 3902
516 4157
540 30
540 44
540 56
540 57
540 102
540 125
540 137
540 146
540 156
540 211
540 217
540 245
540 307
540 332
540 333
540 347
540 366
540 402
540 417
540 427
540 448
540 451
540 474
540 485
540 489
540 513
540 528
540 582
540 998
540 1696
540 1706
540 2283
540 2343
540 2349
540 2714
540 3064
540 3978
540 3999
540 4036
540 4123
540 4966
4160 422
4160 815
4160 909
4160 1260
4160 1275
4160 1366
4160 2031
4160 2294
4160 2740
4160 3034
4160 3205
4160 3211
4160 3215
4160 3259
4160 3272
4160 3273
4160 3510
4160 3565
4160 3621
4160 3655
4160 3694
4160 3707
4160 3709
4160 3728
4160 3734
4160 3770
4160 3772
4160 3778
4160 3829
4160 3858
4160 3866
4160 3871
4160 3881
4160 3887
4160 3932
4160 3964
4160 3989
4160 4017
4160 4031
4160 4037
4160 4047
4160 4076
4160 4084
4160 4090
4160 4105
4160 4115
4160 4133
4160 4141
4160 4145
4160 4156
4160 4168
4160 4177
4160 4186
4160 4192
4160 4193
4160 4198
4160 4205
4160 4207
4160 4256
4160 4562
4160 4870
4160 4953
4160 4974
4160 4993
4174 170
4174 441
4174 571
4174 1068
4174 1300
4174 1357
4174 1642
4174 2258
4174 2263
4174 2316
4174 2321
4174 2419
4174 2667
4174 2749
4174 2942
4174 3150
4174 3202
4174 3356
4174 3387
4174 3425
4174 3444
4174 3455
4174 3513
4174 3518
4174 3529
4174 3534
4174 3553
4174 3574
4174 3592
4174 3623
4174 3665
4174 3675
4174 3676
4174 3691
4174 3721
4174 3739
4174 3743
4174 3747
4174 3752
4174 3769
4174 3818
4174 3841
4174 3909
4174 3927
4174 3928
4174 3930
4174 3936
4174 3983
4174 3987
4174 4010
4174 4014
4174 4045
4174 4055
4174 4063
4174 4069
4174 4095
4174 4104
4174 4109
4174 4131
4174 4135
4174 4159
4174 4162
4174 4189
4174 4195
4174 4199
4174 4201
4174 4208
4174 4869
4174 4921
4174 4930
4174 4954
2 408
2 465
2 470
2 501
2 519
2 2353
2 3215
408 175
408 313
408 381
408 418
408 464
408 467
408 470
408 475
408 497
408 501
408 506
408 519
408 1959
408 2976
408 3172
408 4783
408 4807
465 28
465 38
465 108
465 169
465 235
465 325
465 389
465 398
465 418
465 467
465 470
465 497
465 501
465 506
465 508
465 519
465 3109
465 3212
465 3848
465 3855
465 4040
465 4133
465 4391
465 4786
470 105
470 189
470 235
470 275
470 325
470 381
470 389
470 412
470 418
470 445
470 467
470 497
470 501
470 506
470 519
470 986
470 1665
470 2152
470 2880
470 2986
470 4196
470 4549
501 105
501 175
501 235
501 271
501 275
501 313
501 325
501 381
501 389
501 418
501 467
501 471
501 497
501 506
501 519
501 562
501 1027
501 1665
501 3117
501 3532
501 3603
501 3910
501 4054
501 4060
501 4079
519 105
519 108
519 116
519 169
519 175
519 235
519 275
519 286
519 306
519 313
519 325
519 381
519 389
519 396
519 418
519 460
519 467
519 497
519 506
519 545
519 1083
519 1331
519 1560
519 1693
519 2103
519 2817
519 3478
519 3944
519 4129
519 4211
2353 168
2353 278
2353 355
2353 426
2353 493
2353 549
2353 882
2353 887
2353 1127
2353 1128
2353 1225
2353 1231
2353 1372
2353 1748
2353 1773
2353 1794
2353 1818
2353 1842
2353 1845
2353 1848
2353 1857
2353 1915
2353 1940
2353 1949
2353 1961
2353 1962
2353 1968
2353 2003
2353 2015
2353 2024
2353 2026
2353 2027
2353 2028
2353 2034
2353 2048
2353 2056
2353 2061
2353 2081
2353 2090
2353 2091
2353 2097
2353 2118
2353 2135
2353 2143
2353 2144
2353 2172
2353 2174
2353 2184
2353 2206
2353 2219
2353 2224
2353 2228
2353 2234
2353 2235
2353 2238
2353 2242
2353 2253
2353 2261
2353 2262
2353 2270
2353 2280
2353 2284
2353 2286
2353 2290
2353 2306
2353 2311
2353 2312
2353 2313
2353 2314
2353 2320
2353 2322
2353 2328
2353 2335
2353 2337
2353 2345
2353 2348
2353 2351
2353 2354
2353 2370
2353 2531
2353 2606
2353 2787
2353 3021
2353 3198
2353 3498
2353 3641
2353 3693
2353 3834
2353 4161
2353 4483
2353 4813
2353 4886
2353 4925
3215 125
3215 273
3215 472
3215 532
3215 549
3215 580
3215 583
3215 834
3215 866
3215 1128
3215 1313
3215 1955
3215 2117
3215 2225
3215 2376
3215 2426
3215 2493
3215 2505
3215 2513
3215 2564
3215 2647
3215 2776
3215 2793
3215 2803
3215 2847
3215 2892
3215 2898
3215 2910
3215 2912
3215 2913
3215 2923
3215 2952
3215 2955
3215 2968
3215 2982
3215 2987
3215 2988
3215 2992
3215 2997
3215 3022
3215 3028
3215 3029
3215 3030
3215 3042
3215 3059
3215 3061
3215 3076
3215 3094
3215 3097
3215 3098
3215 3114
3215 3147
3215 3169
3215 3176
3215 3188
3215 3189
3215 3192
3215 3203
3215 3206
3215 3217
3215 3220
3215 3229
3215 3232
3215 3233
3215 3234
3215 3240
3215 3242
3215 3297
3215 3575
3215 3699
3215 3749
3215 3972
3215 4155
3215 4201
3215 4585
3 370
3 416
3 502
3 531
3 568
3 2158
3 4099
370 421
370 442
370 459
370 492
370 543
370 563
370 568
370 579
370 587
370 1117
370 1605
370 2268
370 3066
370 4170
416 393
416 462
416 538
416 563
416 564
416 570
416 572
416 578
416 585
416 587
416 591
416 1513
416 2610
416 3912
416 4295
416 4790
416 4939
502 117
502 277
502 357
502 404
502 406
502 420
502 438
502 439
502 462
502 543
502 545
502 546
502 563
502 564
502 570
502 572
502 574
502 579
502 591
502 822
502 1964
502 2994
502 4100
502 4177
502 4208
502 4802
502 4857
502 4908
531 54
531 330
531 388
531 393
531 443
531 471
531 478
531 491
531 492
531 515
531 522
531 525
531 528
531 541
531 543
531 546
531 555
531 556
531 563
531 568
531 570
531 574
531 579
531 585
531 586
531 587
531 591
531 2133
531 2317
531 2641
531 2776
531 3911
531 3931
531 4044
531 4131
531 4154
531 4889
531 4947
531 4980
568 15
568 17
568 65
568 133
568 141
568 203
568 226
568 272
568 277
568 285
568 308
568 312
568 313
568 338
568 375
568 385
568 404
568 419
568 442
568 449
568 452
568 458
568 462
568 478
568 492
568 511
568 515
568 525
568 538
568 541
568 543
568 545
568 546
568 556
568 564
568 570
568 574
568 579
568 585
568 586
568 587
568 589
568 591
568 830
568 888
568 1023
568 1191
568 1342
568 1596
568 1609
568 1876
568 1933
568 2082
568 2222
568 3182
568 3940
568 4056
568 4085
568 4157
568 4207
568 4381
568 4533
2158 434
2158 542
2158 1113
2158 1790
2158 1872
2158 1921
2158 1929
2158 1960
2158 1965
2158 2051
2158 2052
2158 2069
2158 2101
2158 2148
2158 2198
2158 2199
2158 4556
4099 1098
4099 1232
4099 1533
4099 2299
4099 2645
4099 3083
4099 3159
4099 3218
4099 3222
4099 3643
4099 3695
4099 3703
4099 3711
4099 3719
4099 3786
4099 3797
4099 3830
4099 3876
4099 3882
4099 3888
4099 3893
4099 3896
4099 3957
4099 3972
4099 4022
4099 4088
4099 4097
4099 4116
4099 4126
4099 4130
4099 4143
4099 4147
4099 4151
4099 4176
4099 4184
4099 4188
4099 4203
4099 4827
4099 4952
4 424
4 439
4 535
4 558
4 560
4 3908
4 4961
424 84
424 254
424 402
424 440
424 444
424 509
424 510
424 526
424 535
424 558
424 560
424 584
424 1703
424 2452
424 2855
424 3417
424 3584
424 4953
439 156
439 480
439 515
439 528
439 556
439 563
439 570
439 579
439 585
439 586
439 587
439 588
439 591
439 789
439 1205
439 2902
439 3562
439 4191
439 4203
535 24
535 32
535 84
535 104
535 139
535 167
535 185
535 254
535 271
535 287
535 289
535 337
535 350
535 352
535 367
535 413
535 440
535 444
535 449
535 452
535 461
535 469
535 510
535 526
535 558
535 560
535 570
535 1191
535 2341
535 2826
535 3053
535 3241
535 4140
535 4216
535 4439
535 4449
535 4511
535 4562
535 4975
535 4995
558 32
558 51
558 120
558 121
558 139
558 161
558 167
558 170
558 185
558 193
558 210
558 222
558 254
558 271
558 287
558 289
558 310
558 337
558 350
558 352
558 364
558 367
558 397
558 413
558 440
558 456
558 461
558 469
558 482
558 509
558 510
558 526
558 560
558 571
558 586
558 659
558 1163
558 1308
558 1342
558 1365
558 1891
558 2126
558 2282
558 2901
558 3054
558 3169
558 3186
558 3199
558 3646
558 3816
558 3967
558 4209
560 24
560 55
560 84
560 120
560 121
560 139
560 161
560 170
560 185
560 193
560 222
560 254
560 271
560 287
560 289
560 310
560 337
560 350
560 352
560 364
560 367
560 397
560 413
560 440
560 444
560 456
560 461
560 469
560 487
560 492
560 509
560 510
560 526
560 552
560 580
560 588
560 925
560 1152
560 1168
560 1339
560 1372
560 1710
560 2297
560 2732
560 2832
560 3030
560 3194
560 3226
560 3622
560 4136
560 4762
560 4949
560 4984
3908 1599
3908 3472
3908 3523
3908 3670
3908 4063
3908 4072
3908 4089
3908 4117
3908 4125
3908 4131
3908 4149
3908 4152
3908 4167
3908 4201
3908 4569
3908 4903
3908 4904
4961 1350
4961 1368
4961 1682
4961 2184
4961 2298
4961 3006
4961 3199
4961 3205
4961 3225
4961 3241
4961 3567
4961 4201
4961 4308
4961 4573
4961 4644
4961 4684
4961 4760
4961 4768
4961 4788
4961 4817
4961 4820
4961 4823
4961 4824
4961 4851
4961 4854
4961 4868
4961 4877
4961 4880
4961 4881
4961 4887
4961 4900
4961 4904
4961 4921
4961 4935
4961 4948
4961 4951
4961 4955
4961 4957
4961 4964
4961 4969
4961 4976
4961 4983
4961 4985
4961 4989
4961 4996
5 382
5 434
5 539
5 573
5 580
5 1303
5 2943
382 159
382 310
382 372
382 464
382 527
382 530
382 536
382 571
382 576
382 579
382 1355
382 1707
382 1773
382 3919
434 113
434 195
434 324
434 464
434 486
434 533
434 539
434 571
434 573
434 576
434 578
434 586
434 588
434 1667
434 1691
434 2246
434 4151
434 4162
539 97
539 159
539 201
539 202
539 274
539 288
539 344
539 405
539 423
539 463
539 471
539 477
539 486
539 490
539 505
539 527
539 530
539 533
539 534
539 536
539 548
539 550
539 557
539 567
539 571
539 573
539 580
539 620
539 1304
539 1526
539 1550
539 1600
539 1710
539 2252
539 3188
539 4121
539 4728
539 4784
539 4822
539 4941
573 62
573 81
573 82
573 89
573 98
573 150
573 165
573 179
573 207
573 224
573 229
573 247
573 261
573 267
573 269
573 306
573 316
573 344
573 346
573 349
573 369
573 399
573 423
573 463
573 490
573 498
573 525
573 527
573 530
573 532
573 533
573 534
573 536
573 550
573 557
573 567
573 570
573 576
573 578
573 580
573 581
573 590
573 591
573 1339
573 1362
573 1875
573 2331
573 2453
573 2679
573 3065
573 3596
573 3600
573 3700
573 3853
573 4058
573 4129
573 4131
573 4256
573 4536
573 4537
573 4558
573 4581
573 4909
580 68
580 81
580 82
580 115
580 150
580 151
580 153
580 172
580 191
580 201
580 212
580 214
580 224
580 241
580 249
580 253
580 267
580 269
580 313
580 316
580 336
580 344
580 349
580 363
580 369
580 405
580 411
580 423
580 441
580 446
580 463
580 471
580 477
580 498
580 504
580 523
580 526
580 528
580 530
580 533
580 534
580 550
580 552
580 553
580 567
580 571
580 576
580 578
580 590
580 913
580 1010
580 1036
580 1086
580 1280
580 1319
580 1351
580 1480
580 1690
580 2046
580 2114
580 2430
580 3105
580 3221
580 3390
580 3944
580 3963
580 4068
580 4523
580 4525
580 4542
580 4560
1303 27
1303 666
1303 762
1303 773
1303 778
1303 805
1303 824
1303 835
1303 842
1303 861
1303 907
1303 943
1303 961
1303 976
1303 1040
1303 1051
1303 1057
1303 1098
1303 1141
1303 1163
1303 1166
1303 1180
1303 1198
1303 1221
1303 1237
1303 1254
1303 1277
1303 1288
1303 1289
1303 1297
1303 1300
1303 2193
1303 2256
1303 2334
1303 3091
1303 3388
1303 4069
1303 4493
1303 4529
1303 4537
1303 4914
1303 4997
2943 1654
2943 2415
2943 2451
2943 2482
2943 2618
2943 3055
2943 3057
2943 3109
2943 3112
2943 3117
2943 3137
2943 3138
2943 3164
2943 4142
2943 4565
2943 4567
2943 4830
6 472
6 489
6 495
6 517
6 529
6 4117
6 4534
472 21
472 25
472 190
472 279
472 284
472 285
472 365
472 377
472 390
472 392
472 407
472 486
472 489
472 495
472 511
472 517
472 528
472 529
472 3016
472 3040
472 3537
472 4180
472 4193
472 4497
489 142
489 174
489 279
489 285
489 341
489 343
489 365
489 377
489 390
489 392
489 407
489 474
489 496
489 517
489 529
489 548
489 877
489 1982
489 2784
489 3218
489 3923
489 4048
489 4094
489 4550
495 132
495 134
495 142
495 190
495 279
495 284
495 341
495 343
495 365
495 377
495 390
495 392
495 404
495 407
495 474
495 504
495 517
495 529
495 1325
495 2229
495 2347
495 3675
495 3978
495 4017
495 4196
495 4211
517 21
517 25
517 72
517 134
517 142
517 174
517 190
517 279
517 284
517 285
517 329
517 341
517 343
517 365
517 377
517 390
517 392
517 507
517 522
517 529
517 936
517 1371
517 1374
517 2186
517 2320
517 2379
517 2804
517 3998
517 4500
517 4988
529 21
529 25
529 72
529 94
529 134
529 142
529 174
529 190
529 230
529 270
529 279
529 284
529 285
529 341
529 343
529 365
529 377
529 390
529 392
529 407
529 474
529 533
529 572
529 753
529 1220
529 2212
529 2285
529 3041
529 3044
529 3065
529 3732
529 3844
529 4542
529 4956
529 4967
4117 392
4117 464
4117 838
4117 1107
4117 1366
4117 1469
4117 1706
4117 2109
4117 3185
4117 3230
4117 3254
4117 3415
4117 3423
4117 3472
4117 3525
4117 3538
4117 3596
4117 3601
4117 3670
4117 3683
4117 3688
4117 3723
4117 3747
4117 3775
4117 3819
4117 3877
4117 3918
4117 3925
4117 3938
4117 3995
4117 4040
4117 4063
4117 4072
4117 4089
4117 4113
4117 4115
4117 4125
4117 4131
4117 4149
4117 4161
4117 4167
4117 4556
4117 4974
4534 283
4534 567
4534 981
4534 1728
4534 2305
4534 2325
4534 2354
4534 2685
4534 3242
4534 3954
4534 4183
4534 4223
4534 4249
4534 4309
4534 4381
4534 4418
4534 4427
4534 4443
4534 4446
4534 4450
4534 4471
4534 4504
4534 4527
4534 4528
4534 4529
4534 4531
4534 4537
4534 4538
4534 4544
4534 4546
4534 4553
4534 4554
4534 4555
4534 4556
4534 4557
4534 4560
4534 4561
4534 4562
4534 4564
4534 4566
4534 4567
4534 4569
4534 4970
7 533
7 559
7 561
7 572
7 588
7 2188
7 4798
533 81
533 124
533 239
533 269
533 330
533 334
533 369
533 380
533 405
533 463
533 464
533 471
533 490
533 527
533 530
533 532
533 534
533 550
533 557
533 563
533 567
533 576
533 590
533 1214
533 1633
533 2435
533 3167
533 3381
533 3918
533 3984
533 4053
533 4204
533 4420
533 4632
533 4736
559 17
559 37
559 41
559 67
559 83
559 95
559 122
559 180
559 202
559 219
559 281
559 282
559 311
559 314
559 376
559 429
559 435
559 437
559 441
559 452
559 453
559 454
559 460
559 466
559 473
559 481
559 487
559 488
559 507
559 542
559 551
559 554
559 556
559 561
559 562
559 570
559 572
559 584
559 588
559 989
559 1245
559 1257
559 1360
559 1589
559 1991
559 2287
559 2324
559 2666
559 2697
559 2940
559 2965
559 3051
559 3182
559 3811
559 4659
559 4688
561 37
561 70
561 118
561 148
561 204
561 261
561 281
561 282
561 311
561 362
561 376
561 415
561 429
561 433
561 435
561 436
561 437
561 441
561 453
561 454
561 460
561 466
561 473
561 487
561 488
561 505
561 507
561 511
561 520
561 537
561 544
561 551
561 554
561 562
561 571
561 572
561 584
561 587
561 588
561 1206
561 1748
561 2274
561 2323
561 2350
561 2868
561 2879
561 3017
561 3143
561 3217
561 3331
561 3470
561 3695
561 4193
561 4487
561 4717
561 4978
572 10
572 17
572 43
572 67
572 95
572 112
572 122
572 128
572 181
572 194
572 203
572 204
572 219
572 281
572 311
572 314
572 316
572 347
572 376
572 412
572 435
572 436
572 441
572 453
572 454
572 457
572 460
572 466
572 473
572 487
572 488
572 507
572 520
572 537
572 544
572 554
572 562
572 584
572 587
572 588
572 891
572 941
572 1329
572 1627
572 1825
572 2336
572 2396
572 2486
572 2791
572 2922
572 3648
572 3754
572 3775
572 3857
572 3920
572 4009
572 4372
572 4898
572 4982
588 10
588 17
588 22
588 37
588 50
588 63
588 67
588 70
588 83
588 85
588 91
588 95
588 110
588 112
588 118
588 128
588 148
588 168
588 181
588 202
588 203
588 204
588 219
588 281
588 282
588 311
588 376
588 395
588 412
588 415
588 429
588 435
588 436
588 437
588 441
588 453
588 454
588 457
588 460
588 462
588 466
588 473
588 487
588 488
588 505
588 507
588 514
588 520
588 537
588 544
588 551
588 554
588 562
588 583
588 584
588 591
588 703
588 958
588 1226
588 1285
588 1355
588 1696
588 2113
588 2734
588 2778
588 3106
588 3152
588 3162
588 3206
588 3237
588 3815
588 3952
588 3967
588 4145
588 4163
588 4183
588 4195
588 4467
588 4551
588 4564
588 4698
588 4699
588 4836
588 4976
2188 323
2188 342
2188 1979
2188 1989
2188 2231
2188 2258
2188 2265
2188 2268
2188 2291
2188 2301
2188 2312
2188 2338
2188 2339
2188 2342
2188 2344
2188 2350
2188 2352
2188 3148
2188 4070
2188 4273
4798 2799
4798 4159
4798 4209
4798 4730
4798 4829
4798 4904
4798 4910
4798 4942
4798 4945
4798 4966
4798 4973
4798 4984
4798 4987
8 304
8 475
8 484
8 493
8 524
8 1536
8 4106
304 104
304 288
304 477
304 498
304 504
304 523
304 557
304 1130
304 3119
304 3859
304 4589
475 45
475 74
475 77
475 87
475 238
475 321
475 328
475 353
475 415
475 422
475 479
475 482
475 484
475 493
475 500
475 524
475 1308
475 2006
475 2228
475 3068
475 3333
475 3994
475 4011
475 4202
484 58
484 87
484 135
484 216
484 258
484 283
484 321
484 328
484 353
484 422
484 479
484 482
484 493
484 500
484 512
484 524
484 544
484 1293
484 1362
484 1406
484 1672
484 2447
484 3031
484 3145
484 3476
493 58
493 66
493 74
493 135
493 216
493 232
493 283
493 317
493 321
493 353
493 422
493 479
493 482
493 500
493 524
493 565
493 576
493 1027
493 1229
493 1678
493 3185
493 3500
493 3884
493 4495
524 45
524 58
524 66
524 74
524 77
524 115
524 135
524 192
524 216
524 232
524 238
524 269
524 283
524 321
524 328
524 353
524 422
524 479
524 482
524 500
524 585
524 586
524 878
524 1203
524 1661
524 1746
524 3322
524 3547
524 3651
524 4090
524 4128
524 4720
524 4985
1536 1501
1536 1514
1536 1585
1536 1596
1536 1613
1536 1650
1536 1682
1536 1701
1536 1709
1536 2244
1536 3724
4106 596
4106 964
4106 1151
4106 1284
4106 1687
4106 1699
4106 2215
4106 2292
4106 2331
4106 2937
4106 3132
4106 3238
4106 3366
4106 3475
4106 3504
4106 3550
4106 3639
4106 3875
4106 3916
4106 3953
4106 3960
4106 3968
4106 3991
4106 4018
4106 4026
4106 4044
4106 4046
4106 4059
4106 4091
4106 4112
4106 4126
4106 4128
4106 4140
4106 4149
4106 4175
4106 4179
4106 4196
4106 4202
4106 4203
4106 4204
4106 4206
9 476
9 542
9 555
9 566
9 589
9 2342
9 4010
476 248
476 260
476 317
476 350
476 358
476 417
476 508
476 514
476 552
476 553
476 566
476 583
476 589
476 592
476 2135
476 2298
476 2853
476 3165
476 3648
476 4211
476 4548
476 4999
542 81
542 144
542 163
542 354
542 362
542 384
542 391
542 398
542 428
542 458
542 483
542 512
542 521
542 548
542 549
542 552
542 553
542 555
542 565
542 566
542 569
542 581
542 582
542 583
542 589
542 592
542 927
542 1240
542 1300
542 2346
542 2352
542 2496
542 3033
542 3067
542 4102
542 4504
542 4533
542 4647
542 4981
555 85
555 86
555 131
555 221
555 228
555 233
555 251
555 294
555 295
555 297
555 298
555 305
555 309
555 312
555 315
555 342
555 368
555 369
555 431
555 458
555 468
555 480
555 483
555 512
555 552
555 565
555 566
555 569
555 581
555 582
555 592
555 876
555 1314
555 2050
555 2271
555 2722
555 3619
555 3881
555 3984
555 4029
555 4139
555 4210
555 4306
555 4478
555 4504
555 4601
555 4985
566 16
566 27
566 36
566 100
566 112
566 144
566 199
566 200
566 252
566 291
566 292
566 299
566 335
566 342
566 379
566 409
566 420
566 430
566 458
566 483
566 497
566 508
566 512
566 514
566 518
566 521
566 548
566 549
566 552
566 565
566 569
566 579
566 581
566 583
566 584
566 589
566 591
566 592
566 862
566 1076
566 1437
566 1549
566 2466
566 2984
566 3152
566 3168
566 3177
566 3407
566 3666
566 3792
566 3798
566 3821
566 4115
566 4127
566 4139
566 4945
589 36
589 79
589 86
589 90
589 123
589 136
589 144
589 160
589 162
589 178
589 187
589 199
589 200
589 221
589 233
589 237
589 242
589 250
589 251
589 252
589 273
589 286
589 297
589 298
589 302
589 309
589 312
589 317
589 318
589 335
589 379
589 384
589 409
589 410
589 414
589 420
589 421
589 430
589 431
589 463
589 468
589 474
589 481
589 497
589 512
589 514
589 518
589 521
589 548
589 549
589 552
589 553
589 565
589 569
589 578
589 581
589 582
589 583
589 592
589 854
589 1267
589 1292
589 1340
589 1616
589 1653
589 1869
589 2257
589 2272
589 2277
589 2620
589 2643
589 2725
589 2936
589 3156
589 3162
589 3178
589 3206
589 3238
589 3436
589 3859
589 4061
589 4115
589 4191
589 4202
589 4263
589 4525
589 4956
2342 307
2342 359
2342 518
2342 840
2342 971
2342 1186
2342 1226
2342 1268
2342 1306
2342 1330
2342 1721
2342 1771
2342 1772
2342 1787
2342 1789
2342 1811
2342 1822
2342 1841
2342 1873
2342 1883
2342 1919
2342 1926
2342 1931
2342 1948
2342 1988
2342 2000
2342 2017
2342 2020
2342 2035
2342 2068
2342 2077
2342 2084
2342 2113
2342 2128
2342 2140
2342 2151
2342 2161
2342 2164
2342 2185
2342 2203
2342 2210
2342 2211
2342 2217
2342 2243
2342 2250
2342 2258
2342 2265
2342 2266
2342 2273
2342 2276
2342 2285
2342 2290
2342 2296
2342 2298
2342 2304
2342 2308
2342 2313
2342 2324
2342 2327
2342 2329
2342 2339
2342 2344
2342 2348
2342 2349
2342 2350
2342 2352
2342 2939
2342 3119
2342 3217
2342 3228
2342 3754
2342 4021
2342 4103
2342 4166
2342 4204
2342 4603
2342 4728
2342 4948
2342 4992
2342 4999
4010 307
4010 485
4010 1358
4010 3019
4010 3207
4010 3659
4010 3930
4010 4014
4010 4050
4010 4055
4010 4069
4010 4095
4010 4104
4010 4123
4010 4159
4010 4162
4010 4176
4010 4189
4010 4195
4010 4199
4010 4201
4010 4208
4010 4529
4010 4748
10 234
10 454
10 487
10 908
10 3496
234 26
234 270
234 300
234 329
234 336
234 494
234 804
234 2319
234 4993
454 70
454 457
454 460
454 520
454 543
454 544
454 551
454 554
454 562
454 584
454 585
454 864
454 1251
454 1350
454 1667
454 2049
454 3776
454 3790
487 419
487 435
487 437
487 457
487 505
487 520
487 537
487 541
487 544
487 551
487 554
487 562
487 584
487 830
487 1493
487 2340
487 2489
487 4449
487 4515
487 4655
487 4972
908 592
908 646
908 871
908 1158
908 1173
908 1194
908 1269
908 1278
908 1318
908 4522
3496 132
3496 1132
3496 3904
3496 4015
3496 4070
3496 4121
3496 4127
3496 4177
11 372
11 467
11 527
11 557
11 571
11 1101
11 4185
372 28
372 176
372 195
372 345
372 498
372 550
372 567
372 578
372 590
372 1558
372 2290
372 4061
372 4552
467 38
467 41
467 119
467 175
467 275
467 306
467 313
467 381
467 389
467 418
467 497
467 506
467 846
467 1205
467 1222
467 2899
467 3831
467 4336
467 4549
527 113
527 214
527 239
527 247
527 259
527 324
527 346
527 363
527 388
527 446
527 462
527 464
527 466
527 471
527 522
527 523
527 534
527 550
527 567
527 571
527 590
527 869
527 1239
527 1938
527 1942
527 2274
527 3021
527 3441
527 3961
527 3997
527 4192
527 4690
527 4743
557 46
557 115
557 165
557 175
557 179
557 195
557 207
557 210
557 239
557 260
557 288
557 316
557 346
557 380
557 399
557 405
557 407
557 411
557 446
557 447
557 460
557 471
557 477
557 490
557 513
557 532
557 536
557 550
557 567
557 571
557 576
557 582
557 590
557 1679
557 1709
557 2058
557 2133
557 2307
557 2351
557 2785
557 3095
557 3166
557 3430
557 3519
557 3949
557 4100
557 4472
557 4548
557 4942
571 53
571 81
571 109
571 172
571 176
571 182
571 191
571 195
571 249
571 253
571 258
571 260
571 326
571 344
571 346
571 361
571 363
571 369
571 380
571 399
571 405
571 423
571 447
571 477
571 486
571 490
571 504
571 523
571 532
571 534
571 536
571 550
571 554
571 576
571 578
571 587
571 590
571 1136
571 1158
571 1166
571 1323
571 1334
571 1335
571 1342
571 1441
571 1484
571 1755
571 1977
571 2587
571 2602
571 3089
571 3221
571 3997
571 4463
571 4747
1101 688
1101 708
1101 817
1101 919
1101 995
1101 1104
1101 1130
1101 1132
1101 1219
1101 1231
1101 1247
1101 1266
1101 2112
1101 3440
1101 3915
1101 4986
4185 477
4185 592
4185 880
4185 1281
4185 1361
4185 1372
4185 1558
4185 1693
4185 1747
4185 2037
4185 2325
4185 2346
4185 2350
4185 2354
4185 2512
4185 2993
4185 3003
4185 3163
4185 3206
4185 3240
4185 3241
4185 3358
4185 3373
4185 3376
4185 3428
4185 3433
4185 3452
4185 3455
4185 3471
4185 3478
4185 3489
4185 3500
4185 3522
4185 3571
4185 3590
4185 3597
4185 3624
4185 3639
4185 3656
4185 3713
4185 3744
4185 3758
4185 3790
4185 3825
4185 3840
4185 3848
4185 3867
4185 3886
4185 3898
4185 3924
4185 3975
4185 3980
4185 3995
4185 4009
4185 4025
4185 4030
4185 4050
4185 4053
4185 4060
4185 4073
4185 4076
4185 4081
4185 4083
4185 4093
4185 4103
4185 4107
4185 4108
4185 4110
4185 4129
4185 4153
4185 4162
4185 4173
4185 4180
4185 4187
4185 4194
4185 4635
4185 4885
12 149
12 262
12 276
12 307
12 396
12 2497
12 3934
149 230
149 276
149 280
149 360
149 396
149 4413
149 4951
262 118
262 166
262 188
262 189
262 230
262 360
262 396
262 1269
262 2478
262 4063
276 20
276 76
276 172
276 189
276 360
276 396
276 1673
276 2304
276 2569
307 268
307 301
307 417
307 427
307 485
307 513
307 3494
396 20
396 76
396 166
396 188
396 189
396 230
396 360
396 803
396 2320
396 3654
396 4488
396 4931
2497 2465
2497 2791
2497 2957
2497 2969
2497 3003
2497 3015
2497 4132
3934 1642
3934 2130
3934 2734
3934 2913
3934 3157
3934 3249
3934 3331
3934 3359
3934 3585
3934 3635
3934 3667
3934 3679
3934 3794
3934 3805
3934 3844
3934 3890
3934 3973
3934 3992
3934 4084
13 18
13 31
13 155
13 274
13 373
13 2871
13 4122
18 31
18 186
18 274
18 562
18 3239
18 3481
31 237
31 373
31 2859
31 3433
155 237
155 244
155 303
155 326
155 422
155 3252
155 4306
274 96
274 206
274 322
274 326
274 373
274 1344
274 4020
274 4149
373 51
373 186
373 206
373 237
373 255
373 303
373 322
373 967
373 1414
373 1846
373 2993
373 4939
2871 1073
2871 2670
2871 2691
2871 2863
2871 2886
2871 2953
2871 2972
2871 3005
2871 3008
2871 3024
2871 3115
2871 4060
2871 4195
4122 314
4122 579
4122 729
4122 987
4122 1076
4122 1129
4122 1326
4122 2140
4122 2302
4122 2819
4122 3123
4122 3247
4122 3252
4122 3255
4122 3268
4122 3398
4122 3434
4122 3521
4122 3528
4122 3756
4122 3779
4122 3822
4122 3869
4122 3870
4122 3902
4122 3920
4122 3928
4122 4004
4122 4056
4122 4061
4122 4074
4122 4086
4122 4096
4122 4105
4122 4110
4122 4118
4122 4120
4122 4155
4122 4166
4122 4171
4122 4173
4122 4180
4122 4181
4122 4197
4122 4557
4122 4992
14 300
14 340
14 386
14 494
14 592
14 3190
14 4023
300 191
300 240
300 348
300 386
300 406
300 494
300 2216
300 2320
300 3741
300 3793
340 101
340 171
340 240
340 309
340 329
340 336
340 348
340 494
340 1033
340 1198
340 2997
340 3085
386 101
386 292
386 294
386 329
386 336
386 348
386 385
386 406
386 494
386 1161
386 1610
386 2851
386 4569
386 4642
494 26
494 101
494 171
494 177
494 240
494 270
494 294
494 336
494 339
494 348
494 406
494 427
494 478
494 556
494 1689
494 1973
494 2409
494 3093
494 3171
494 3376
494 4015
494 4112
494 4999
592 59
592 69
592 79
592 90
592 99
592 100
592 123
592 163
592 173
592 178
592 209
592 221
592 228
592 231
592 236
592 242
592 250
592 252
592 286
592 290
592 291
592 292
592 298
592 305
592 320
592 335
592 337
592 351
592 354
592 362
592 363
592 384
592 390
592 391
592 394
592 409
592 414
592 420
592 422
592 430
592 431
592 468
592 483
592 490
592 508
592 512
592 514
592 518
592 521
592 548
592 549
592 552
592 553
592 565
592 569
592 570
592 581
592 582
592 583
592 584
592 907
592 1039
592 1091
592 1690
592 1699
592 2067
592 2104
592 2191
592 2259
592 2275
592 2291
592 2358
592 3209
592 3221
592 3549
592 3649
592 3843
592 3898
592 3988
592 3989
592 4111
592 4206
592 4469
592 4516
592 4544
592 4711
592 4755
592 4907
3190 569
3190 590
3190 1009
3190 1216
3190 1246
3190 1631
3190 1636
3190 1708
3190 2219
3190 2223
3190 2281
3190 2333
3190 2407
3190 2427
3190 2452
3190 2491
3190 2519
3190 2551
3190 2561
3190 2573
3190 2664
3190 2732
3190 2743
3190 2757
3190 2785
3190 2804
3190 2813
3190 2814
3190 2837
3190 2859
3190 2860
3190 2900
3190 2927
3190 2938
3190 2958
3190 2960
3190 2966
3190 2982
3190 2999
3190 3048
3190 3063
3190 3087
3190 3102
3190 3156
3190 3171
3190 3179
3190 3184
3190 3186
3190 3192
3190 3212
3190 3229
3190 3232
3190 3237
3190 3320
3190 3510
3190 4065
3190 4097
3190 4523
4023 389
4023 719
4023 1053
4023 1067
4023 3240
4023 3333
4023 3613
4023 3913
4023 3950
4023 3959
4023 3969
4023 3979
4023 4033
4023 4034
4023 4043
4023 4065
4023 4066
4023 4139
4023 4158
4023 4178
4023 4190
4023 4191
4023 4192
4023 4205
4023 4566
4023 4988
15 545
15 556
15 564
15 586
15 1067
15 4009
545 141
545 199
545 208
545 226
545 256
545 277
545 278
545 288
545 338
545 366
545 375
545 432
545 443
545 452
545 478
545 511
545 525
545 528
545 541
545 543
545 563
545 564
545 570
545 574
545 579
545 581
545 584
545 585
545 586
545 591
545 757
545 2147
545 2311
545 2664
545 2961
545 3200
545 3213
545 3214
545 3224
545 3421
545 4024
545 4076
545 4171
545 4545
556 49
556 161
556 169
556 226
556 253
556 257
556 261
556 272
556 296
556 320
556 375
556 388
556 404
556 443
556 452
556 480
556 515
556 522
556 528
556 538
556 541
556 543
556 546
556 563
556 564
556 570
556 574
556 579
556 585
556 586
556 587
556 591
556 1151
556 1343
556 1512
556 2162
556 2300
556 2317
556 2880
556 3043
556 3195
556 4055
556 4172
556 4498
556 4541
556 4858
556 4952
556 4962
564 50
564 54
564 117
564 140
564 144
564 197
564 220
564 226
564 261
564 264
564 338
564 393
564 404
564 432
564 437
564 442
564 445
564 452
564 459
564 469
564 478
564 480
564 492
564 511
564 523
564 525
564 528
564 543
564 546
564 563
564 574
564 579
564 581
564 585
564 586
564 587
564 591
564 1166
564 1209
564 1635
564 1976
564 2597
564 2905
564 3220
564 3224
564 3539
564 3707
564 3986
564 4097
564 4110
564 4772
564 4915
564 4932
564 4967
564 4990
586 16
586 35
586 40
586 55
586 65
586 117
586 136
586 140
586 142
586 143
586 147
586 164
586 197
586 208
586 218
586 226
586 251
586 259
586 272
586 278
586 339
586 357
586 366
586 388
586 394
586 419
586 432
586 438
586 443
586 445
586 449
586 452
586 462
586 480
586 486
586 515
586 522
586 525
586 528
586 538
586 541
586 543
586 546
586 550
586 563
586 570
586 574
586 579
586 585
586 587
586 590
586 591
586 968
586 1294
586 1364
586 2101
586 2228
586 2284
586 2343
586 2487
586 2711
586 2889
586 3063
586 3218
586 3229
586 3366
586 3941
586 4011
586 4148
586 4153
586 4158
586 4318
586 4340
586 4409
586 4499
586 4676
586 4774
586 4960
1067 742
1067 922
1067 995
1067 1017
1067 1086
1067 1132
1067 1168
1067 1219
1067 1231
1067 1247
1067 1266
1067 1877
1067 4098
4009 3169
4009 3194
4009 3212
4009 3217
4009 3566
4009 3840
4009 3897
4009 3912
4009 3975
4009 4030
4009 4050
4009 4053
4009 4073
4009 4081
4009 4103
4009 4110
4009 4129
4009 4153
4009 4173
4009 4187
4009 4194
4009 4696
16 261
16 579
16 585
16 4134
16 4353
261 449
261 538
261 587
261 1620
261 2062
261 3271
579 26
579 49
579 103
579 124
579 133
579 164
579 197
579 215
579 226
579 231
579 257
579 263
579 266
579 296
579 324
579 328
579 338
579 339
579 366
579 375
579 385
579 388
579 419
579 430
579 432
579 442
579 443
579 452
579 459
579 478
579 480
579 511
579 515
579 538
579 541
579 546
579 563
579 570
579 574
579 587
579 591
579 1243
579 1314
579 1356
579 1750
579 1766
579 2397
579 2785
579 3075
579 3105
579 3205
579 3538
579 3786
579 4154
579 4156
579 4178
579 4188
579 4207
579 4209
579 4455
579 4457
579 4675
579 4986
585 35
585 49
585 65
585 93
585 117
585 140
585 141
585 143
585 158
585 208
585 218
585 223
585 245
585 256
585 263
585 264
585 296
585 308
585 364
585 375
585 393
585 394
585 419
585 432
585 438
585 442
585 443
585 445
585 447
585 449
585 450
585 452
585 459
585 462
585 478
585 480
585 506
585 511
585 515
585 522
585 525
585 528
585 541
585 543
585 546
585 551
585 570
585 574
585 587
585 591
585 732
585 1050
585 1250
585 1300
585 1356
585 1358
585 1498
585 1508
585 1594
585 1861
585 2191
585 2288
585 2344
585 2350
585 2753
585 2815
585 3063
585 3159
585 3164
585 3189
585 3730
585 3954
585 4018
585 4046
585 4618
585 4748
4134 899
4134 1030
4134 1706
4134 1926
4134 2257
4134 2658
4134 2724
4134 2785
4134 2875
4134 3048
4134 3170
4134 3209
4134 3220
4134 3273
4134 3375
4134 3384
4134 3412
4134 3741
4134 3742
4134 3754
4134 3759
4134 3782
4134 3788
4134 3836
4134 3854
4134 3872
4134 3875
4134 3888
4134 3889
4134 3932
4134 3951
4134 3993
4134 3994
4134 4001
4134 4012
4134 4041
4134 4042
4134 4054
4134 4087
4134 4090
4134 4100
4134 4136
4134 4144
4134 4150
4134 4165
4134 4169
4134 4172
4134 4195
4134 4210
4134 4211
4134 4845
4134 4918
4353 2934
4353 4470
4353 4498
4353 4520
4353 4542
4353 4543
4353 4550
4353 4552
4353 4877
17 584
17 951
17 1331
584 22
584 43
584 50
584 63
584 85
584 91
584 110
584 118
584 122
584 128
584 148
584 168
584 180
584 181
584 194
584 202
584 203
584 204
584 219
584 281
584 282
584 311
584 314
584 376
584 412
584 415
584 419
584 429
584 435
584 436
584 437
584 441
584 450
584 453
584 457
584 460
584 466
584 473
584 477
584 488
584 505
584 507
584 520
584 544
584 551
584 554
584 562
584 587
584 841
584 1075
584 1079
584 1170
584 1196
584 2167
584 2347
584 2981
584 3145
584 3222
584 3226
584 3232
584 3405
584 3517
584 3718
584 3862
584 3868
584 3916
584 4147
584 4250
584 4506
584 4533
584 4537
584 4675
584 4801
951 336
951 1028
951 1260
951 1304
951 1354
951 1355
951 1356
951 1366
951 1369
951 3068
951 3982
1331 150
1331 160
1331 409
1331 562
1331 642
1331 652
1331 659
1331 690
1331 733
1331 740
1331 874
1331 886
1331 899
1331 905
1331 1032
1331 1035
1331 1075
1331 1143
1331 1186
1331 1192
1331 1195
1331 1209
1331 1213
1331 1256
1331 1264
1331 1265
1331 1267
1331 1275
1331 1279
1331 1281
1331 1282
1331 1292
1331 1299
1331 1306
1331 1308
1331 1314
1331 1350
1331 1368
1331 1371
1331 1373
1331 1375
1331 1510
1331 3231
1331 3684
1331 3849
1331 4083
1331 4431
1331 4549
1331 4839
1331 4868
186 237
186 303
186 326
186 550
186 857
186 2139
186 2295
562 37
562 43
562 50
562 67
562 83
562 95
562 122
562 194
562 278
562 281
562 314
562 376
562 412
562 415
562 429
562 436
562 437
562 441
562 457
562 460
562 466
562 473
562 488
562 505
562 507
562 520
562 537
562 544
562 551
562 554
562 582
562 583
562 591
562 816
562 921
562 1178
562 1346
562 1357
562 1612
562 2106
562 2225
562 2383
562 3133
562 3497
562 3728
562 4325
562 4615
562 4780
562 4864
3239 417
3239 696
3239 773
3239 818
3239 896
3239 911
3239 1119
3239 1183
3239 1197
3239 1375
3239 1631
3239 2320
3239 2339
3239 2361
3239 2471
3239 2477
3239 2479
3239 2487
3239 2501
3239 2502
3239 2525
3239 2587
3239 2603
3239 2613
3239 2624
3239 2648
3239 2649
3239 2653
3239 2685
3239 2705
3239 2731
3239 2762
3239 2771
3239 2772
3239 2786
3239 2801
3239 2802
3239 2826
3239 2830
3239 2834
3239 2841
3239 2849
3239 2878
3239 2909
3239 2914
3239 2939
3239 2983
3239 3001
3239 3009
3239 3018
3239 3023
3239 3032
3239 3039
3239 3040
3239 3066
3239 3072
3239 3078
3239 3082
3239 3083
3239 3115
3239 3123
3239 3124
3239 3129
3239 3131
3239 3144
3239 3155
3239 3166
3239 3180
3239 3185
3239 3187
3239 3199
3239 3201
3239 3205
3239 3211
3239 3213
3239 3218
3239 3221
3239 3223
3239 3225
3239 3230
3239 3236
3239 3920
3239 4004
3239 4020
3239 4062
3239 4107
3239 4147
3239 4170
3239 4189
3239 4193
3239 4198
3239 4481
3239 4518
3239 4548
3239 4695
3239 4915
3239 4956
3481 669
3481 1443
3481 3472
3481 3780
3481 4131
3481 4152
3481 4161
3481 4167
19 88
19 147
19 227
19 401
19 491
19 1193
19 4721
88 395
88 433
88 481
88 496
88 1132
88 2619
147 197
147 385
147 574
147 591
147 2067
147 4274
227 160
227 374
227 395
227 400
227 421
227 481
227 1291
227 4017
227 4057
401 80
401 129
401 243
401 374
401 388
401 395
401 433
401 481
401 491
401 496
401 518
401 1710
401 2310
401 2859
401 2889
401 3068
491 80
491 129
491 157
491 243
491 280
491 323
491 331
491 374
491 400
491 421
491 433
491 481
491 496
491 504
491 576
491 590
491 923
491 1216
491 1323
491 1324
491 4104
491 4150
491 4209
491 4516
1193 113
1193 645
1193 676
1193 758
1193 966
1193 1007
1193 1150
1193 1184
1193 1238
1193 1272
1193 1273
1193 1294
1193 1304
1193 1333
1193 1354
1193 1355
1193 1356
1193 1366
1193 3040
1193 3109
1193 3166
1193 3201
1193 4942
4721 2259
4721 3879
4721 4968
4721 4975
4721 4979
4721 4991
4721 4993
4721 4998
4721 4999
20 76
20 188
20 449
20 1174
20 4203
76 166
76 229
76 1146
76 1529
188 166
188 230
188 360
188 508
188 1659
188 4147
449 114
449 308
449 394
449 419
449 522
449 543
449 546
449 570
449 591
449 937
449 2302
449 3175
449 3503
449 3903
449 4002
449 4981
1174 384
1174 704
1174 779
1174 826
1174 921
1174 1001
1174 1009
1174 1138
1174 1205
1174 1218
1174 1234
1174 1255
1174 1316
1174 1322
1174 1329
1174 1334
1174 1429
1174 2040
1174 2654
1174 3178
1174 4206
4203 59
4203 197
4203 206
4203 291
4203 590
4203 1066
4203 1136
4203 1242
4203 1319
4203 1517
4203 1701
4203 1853
4203 1984
4203 2091
4203 2210
4203 2268
4203 2737
4203 3018
4203 3110
4203 3123
4203 3217
4203 3234
4203 3265
4203 3274
4203 3330
4203 3352
4203 3367
4203 3400
4203 3470
4203 3473
4203 3484
4203 3542
4203 3549
4203 3593
4203 3610
4203 3625
4203 3637
4203 3679
4203 3685
4203 3695
4203 3706
4203 3710
4203 3711
4203 3719
4203 3726
4203 3757
4203 3774
4203 3777
4203 3797
4203 3830
4203 3849
4203 3857
4203 3876
4203 3881
4203 3896
4203 3915
4203 3937
4203 3948
4203 3956
4203 3957
4203 3967
4203 3968
4203 3969
4203 4002
4203 4020
4203 4058
4203 4079
4203 4085
4203 4093
4203 4096
4203 4097
4203 4113
4203 4116
4203 4130
4203 4137
4203 4143
4203 4147
4203 4151
4203 4164
4203 4170
4203 4176
4203 4188
4203 4190
4203 4205
4203 4241
4203 4692
4203 4699
4203 4957
21 193
21 377
21 2076
21 3368
193 310
193 413
193 510
193 526
193 3106
193 3648
377 247
377 284
377 407
377 474
377 1181
377 1310
377 1530
377 3217
377 4955
2076 220
2076 1180
2076 1364
2076 1737
2076 2162
2076 2178
2076 2303
2076 2305
2076 2319
2076 2332
2076 2334
2076 2347
2076 2349
3368 1224
3368 3824
3368 4142
3368 4199
3368 4201
3368 4208
3368 4340
22 520
22 537
22 567
22 2592
22 3579
520 112
520 282
520 336
520 412
520 443
520 444
520 453
520 457
520 488
520 505
520 507
520 537
520 544
520 551
520 554
520 587
520 901
520 1254
520 1548
520 3615
520 3897
520 3964
520 4072
520 4081
520 4368
520 4769
520 4982
537 64
537 181
537 202
537 203
537 314
537 429
537 436
537 437
537 441
537 453
537 457
537 460
537 466
537 488
537 505
537 507
537 544
537 551
537 554
537 569
537 587
537 591
537 702
537 2105
537 2316
537 2540
537 2694
537 3214
537 3227
537 3873
537 3962
537 4094
537 4220
537 4817
537 4925
567 28
567 58
567 89
567 97
567 113
567 115
567 176
567 191
567 201
567 224
567 229
567 249
567 260
567 265
567 267
567 316
567 363
567 367
567 369
567 399
567 423
567 446
567 464
567 477
567 498
567 504
567 523
567 525
567 532
567 536
567 550
567 551
567 553
567 576
567 578
567 590
567 972
567 1006
567 1065
567 1341
567 1363
567 1685
567 2069
567 2337
567 2830
567 2992
567 3125
567 3234
567 3290
567 3461
567 3677
567 4123
567 4558
567 4801
2592 1270
2592 2222
2592 2463
2592 3180
2592 3221
2592 3223
2592 3230
2592 3236
3579 921
3579 3480
3579 3899
3579 4077
3579 4102
3579 4114
3579 4124
3579 4148
3579 4927
23 154
23 272
23 356
23 426
23 499
23 3440
23 3636
154 270
154 355
154 426
154 499
154 2258
154 4311
154 4334
272 563
272 570
272 587
272 591
272 987
272 3897
272 4034
356 61
356 132
356 184
356 207
356 355
356 383
356 426
356 499
356 910
356 1275
356 2191
356 2224
356 3572
426 57
426 73
426 111
426 132
426 184
426 246
426 264
426 293
426 355
426 499
426 2314
426 3053
426 3781
426 4107
426 4935
499 48
499 61
499 73
499 106
499 111
499 126
499 132
499 184
499 220
499 223
499 246
499 293
499 322
499 355
499 383
499 468
499 1037
499 1148
499 2266
499 3013
499 3227
499 4127
499 4159
499 4169
499 4199
3440 3321
3440 3324
3440 3385
3440 3459
3440 3907
3440 4041
3636 1668
3636 3359
3636 3666
3636 3667
3636 3844
3636 3890
3636 3973
3636 3992
3636 4088
3636 4695
24 287
24 483
24 510
24 1859
24 2286
287 209
287 469
287 509
287 526
287 1363
287 1708
287 1996
483 39
483 131
483 144
483 273
483 331
483 409
483 549
483 565
483 569
483 581
483 582
483 583
483 587
483 1097
483 2248
483 2649
483 3011
483 3084
483 3306
483 4083
483 4825
510 121
510 167
510 170
510 222
510 301
510 337
510 350
510 364
510 367
510 413
510 456
510 469
510 486
510 509
510 526
510 550
510 727
510 949
510 1149
510 2972
510 3227
510 3792
510 4041
510 4074
510 4175
510 4827
1859 2097
1859 2111
1859 2125
1859 2189
1859 2239
1859 3088
1859 3604
2286 1154
2286 1342
2286 2003
2286 2048
2286 2118
2286 2143
2286 2184
2286 2191
2286 2206
2286 2224
2286 2234
2286 2238
2286 2242
2286 2261
2286 2262
2286 2270
2286 2280
2286 2284
2286 2306
2286 2311
2286 2312
2286 2314
2286 2322
2286 2328
2286 2330
2286 2339
2286 2345
2286 2348
2286 2351
2286 2354
2286 3041
2286 3070
2286 3118
2286 3335
2286 3407
2286 3848
2286 3865
2286 4287
2286 4482
25 392
25 474
25 2463
25 3114
392 72
392 94
392 190
392 390
392 391
392 1598
392 1666
392 1988
392 3197
474 94
474 134
474 174
474 284
474 285
474 341
474 343
474 365
474 390
474 407
474 536
474 1273
474 2520
474 3738
474 3978
474 4101
474 4228
474 4641
474 4940
2463 488
2463 3141
2463 3226
2463 3235
2463 3241
3114 1689
3114 2142
3114 2267
3114 2333
3114 2513
3114 2517
3114 2607
3114 2898
3114 2993
3114 3025
3114 3028
3114 3037
3114 3061
3114 3094
3114 3098
3114 3147
3114 3177
3114 3188
3114 3189
3114 3191
3114 3192
3114 3203
3114 3217
3114 3224
3114 3229
3114 3233
3114 3234
3114 3240
3114 4172
3114 4184
3114 4471
3114 4559
3114 4565
26 177
26 348
26 985
26 1373
177 294
177 336
177 348
177 378
177 1664
177 3959
177 4743
348 240
348 270
348 294
348 505
348 2343
348 2347
348 4167
348 4990
985 587
985 791
985 795
985 1294
985 1304
985 1306
985 1355
985 1356
985 1366
985 1369
985 4178
985 4179
1373 143
1373 400
1373 459
1373 480
1373 622
1373 623
1373 654
1373 659
1373 690
1373 715
1373 829
1373 841
1373 850
1373 874
1373 894
1373 899
1373 916
1373 924
1373 929
1373 935
1373 940
1373 942
1373 954
1373 960
1373 970
1373 982
1373 1002
1373 1035
1373 1056
1373 1059
1373 1075
1373 1126
1373 1145
1373 1151
1373 1164
1373 1169
1373 1170
1373 1171
1373 1179
1373 1182
1373 1186
1373 1195
1373 1209
1373 1213
1373 1231
1373 1264
1373 1267
1373 1270
1373 1285
1373 1287
1373 1290
1373 1292
1373 1295
1373 1299
1373 1306
1373 1308
1373 1314
1373 1316
1373 1319
1373 1358
1373 1361
1373 1368
1373 1371
1373 1375
1373 1710
1373 1906
1373 2199
1373 2338
1373 2381
1373 3157
1373 3164
1373 3214
1373 3493
1373 3771
1373 3921
1373 4128
1373 4142
1373 4177
1373 4205
1373 4231
1373 4449
1373 4546
1373 4558
1373 4916
1373 4983
27 98
27 318
27 430
27 583
27 4487
98 498
98 576
98 578
98 1818
98 2348
318 39
318 290
318 291
318 469
318 582
318 1488
318 2333
318 2788
318 2931
430 342
430 351
430 546
430 549
430 552
430 582
430 583
430 701
430 1611
430 2263
430 3187
430 4473
430 4861
583 29
583 59
583 69
583 152
583 162
583 173
583 178
583 200
583 233
583 250
583 251
583 273
583 290
583 291
583 292
583 295
583 297
583 305
583 312
583 320
583 342
583 352
583 362
583 368
583 398
583 410
583 414
583 420
583 432
583 468
583 469
583 508
583 512
583 514
583 521
583 523
583 543
583 548
583 552
583 553
583 565
583 569
583 581
583 582
583 631
583 650
583 767
583 999
583 1358
583 1673
583 1688
583 1708
583 2550
583 2557
583 2730
583 2839
583 3197
583 3235
583 3609
583 3784
583 4051
583 4120
583 4187
583 4384
583 4490
583 4920
583 4996
4487 1080
4487 1679
4487 2349
4487 3919
4487 4141
4487 4209
4487 4350
4487 4438
4487 4444
4487 4447
4487 4472
4487 4474
4487 4505
4487 4509
4487 4517
4487 4520
4487 4521
4487 4523
4487 4532
4487 4536
4487 4545
4487 4552
4487 4562
28 530
28 550
28 2301
28 4459
530 127
530 159
530 172
530 201
530 210
530 212
530 253
530 293
530 342
530 411
530 448
530 463
530 464
530 471
530 486
530 504
530 523
530 536
530 550
530 551
530 576
530 578
530 1608
530 1823
530 2023
530 2225
530 2283
530 2327
530 2484
530 2539
530 3005
530 3230
530 4958
530 4991
550 34
550 52
550 104
550 115
550 176
550 182
550 216
550 241
550 267
550 349
550 351
550 363
550 399
550 423
550 446
550 486
550 490
550 504
550 523
550 534
550 536
550 578
550 590
550 1082
550 1287
550 1651
550 1710
550 1734
550 2239
550 2985
550 3139
550 3852
550 3989
550 4014
550 4078
550 4124
550 4193
550 4329
2301 1696
2301 1787
2301 1827
2301 1926
2301 1931
2301 1944
2301 1988
2301 1989
2301 2084
2301 2106
2301 2140
2301 2185
2301 2210
2301 2211
2301 2230
2301 2251
2301 2252
2301 2253
2301 2258
2301 2267
2301 2273
2301 2276
2301 2285
2301 2295
2301 2298
2301 2304
2301 2324
2301 2326
2301 2340
2301 2344
2301 2345
2301 2346
2301 2350
2301 2352
2301 2907
2301 3059
2301 3429
2301 3571
2301 3912
2301 4032
2301 4165
2301 4218
2301 4410
2301 4761
2301 4900
2301 4943
4459 538
4459 1031
4459 3084
4459 3174
4459 3234
4459 4335
4459 4352
4459 4367
4459 4404
4459 4421
4459 4465
4459 4472
4459 4478
4459 4484
4459 4491
4459 4494
4459 4567
29 508
29 521
29 553
29 1048
29 4610
508 91
508 160
508 305
508 345
508 414
508 420
508 458
508 512
508 521
508 565
508 581
508 582
508 633
508 1353
508 1688
508 2237
508 3211
508 3317
508 3763
508 4567
508 4983
521 187
521 277
521 362
521 402
521 420
521 468
521 512
521 518
521 532
521 536
521 548
521 552
521 553
521 565
521 569
521 581
521 582
521 1108
521 1262
521 1651
521 2328
521 3629
521 3905
521 4050
521 4064
521 4158
521 4925
521 4992
553 94
553 123
553 173
553 199
553 209
553 213
553 228
553 252
553 286
553 291
553 295
553 299
553 312
553 358
553 379
553 384
553 393
553 398
553 414
553 485
553 512
553 548
553 549
553 565
553 569
553 581
553 1035
553 1232
553 1374
553 1709
553 1950
553 2208
553 2493
553 3198
553 3206
553 3217
553 4095
553 4477
553 4561
553 4599
553 4879
1048 611
1048 637
1048 876
1048 917
1048 1296
1048 1317
1048 1321
1048 1327
1048 1348
1048 1350
1048 1360
1048 2238
1048 2685
1048 3553
4610 1394
4610 4962
4610 4967
4610 4975
4610 4978
4610 4980
30 427
30 448
30 513
30 581
30 2974
30 3181
427 102
427 146
427 332
427 402
427 417
427 438
427 451
427 513
427 1307
427 2033
427 2240
427 2859
427 2923
427 4085
448 39
448 44
448 56
448 208
448 217
448 245
448 301
448 347
448 402
448 451
448 485
448 513
448 1324
448 3025
448 3091
448 3162
448 4079
448 4446
513 44
513 56
513 102
513 125
513 146
513 156
513 211
513 301
513 333
513 347
513 349
513 402
513 417
513 451
513 549
513 903
513 2416
513 2878
513 3026
513 3685
513 3835
513 4111
513 4669
513 4920
513 4965
581 39
581 59
581 69
581 79
581 100
581 131
581 144
581 162
581 173
581 187
581 199
581 209
581 228
581 242
581 251
581 292
581 298
581 302
581 354
581 358
581 362
581 368
581 379
581 384
581 391
581 414
581 458
581 479
581 509
581 512
581 518
581 544
581 548
581 549
581 552
581 565
581 569
581 582
581 673
581 948
581 1077
581 1217
581 1250
581 1292
581 1690
581 2267
581 2918
581 3058
581 3110
581 3166
581 3200
581 3213
581 3394
581 3578
581 3950
581 3957
581 4145
581 4147
581 4656
581 4747
581 4762
581 4915
2974 478
2974 1627
2974 2582
2974 2852
2974 2945
2974 2980
2974 2996
2974 3050
2974 3091
2974 3121
2974 3122
2974 3145
2974 3183
2974 3220
2974 3231
2974 3883
2974 4018
2974 4098
3181 167
3181 245
3181 281
3181 574
3181 986
3181 1269
3181 1780
3181 2019
3181 2021
3181 2229
3181 2357
3181 2359
3181 2363
3181 2389
3181 2533
3181 2666
3181 2719
3181 2725
3181 2831
3181 2851
3181 2852
3181 2855
3181 2872
3181 2879
3181 2896
3181 2907
3181 2934
3181 2940
3181 2980
3181 2996
3181 3041
3181 3049
3181 3050
3181 3062
3181 3074
3181 3091
3181 3116
3181 3123
3181 3144
3181 3145
3181 3154
3181 3174
3181 3187
3181 3194
3181 3231
3181 3242
3181 3478
3181 4057
3181 4788
3181 4854
237 322
237 326
237 704
237 1152
237 1323
2859 2813
2859 3156
2859 3171
2859 3179
2859 3184
2859 3212
2859 3232
2859 3237
2859 4025
2859 4178
3433 2227
3433 3229
3433 3552
3433 4073
3433 4187
3433 4194
32 332
32 461
32 469
32 1302
32 1698
332 137
332 417
332 438
332 451
332 485
332 3085
332 3805
332 3818
461 139
461 289
461 295
461 310
461 364
461 367
461 397
461 413
461 440
461 469
461 526
461 565
461 1108
461 1267
461 1521
461 2000
461 2056
461 4526
461 4951
469 121
469 138
469 271
469 289
469 440
469 509
469 526
469 809
469 1073
469 1194
469 1763
469 2261
469 2498
469 3881
469 4137
1302 518
1302 604
1302 609
1302 705
1302 854
1302 855
1302 894
1302 909
1302 934
1302 1061
1302 1113
1302 1136
1302 1144
1302 1161
1302 1183
1302 1191
1302 1222
1302 1240
1302 1246
1302 1256
1302 1296
1302 1312
1302 1317
1302 1321
1302 1327
1302 1335
1302 1337
1302 1348
1302 1350
1302 1360
1302 1363
1302 1486
1302 1591
1302 1692
1302 2883
1302 3086
1302 3500
1302 4166
1302 4171
1302 4337
1302 4440
1302 4491
1698 94
1698 1090
1698 1213
1698 1354
1698 1408
1698 1423
1698 1429
1698 1447
1698 1469
1698 1500
1698 1518
1698 1525
1698 1526
1698 1540
1698 1543
1698 1557
1698 1559
1698 1569
1698 1581
1698 1592
1698 1593
1698 1596
1698 1597
1698 1600
1698 1602
1698 1603
1698 1606
1698 1609
1698 1613
1698 1617
1698 1628
1698 1637
1698 1640
1698 1651
1698 1655
1698 1667
1698 1682
1698 1687
1698 1695
1698 1699
1698 1701
1698 1702
1698 1703
1698 1705
1698 1708
1698 1709
1698 1939
1698 2180
1698 2240
1698 3103
1698 3142
1698 3182
1698 3274
1698 4116
1698 4181
1698 4543
1698 4598
1698 4923
33 548
33 549
33 552
33 569
33 1594
33 4126
548 69
548 162
548 221
548 305
548 315
548 317
548 320
548 335
548 354
548 368
548 379
548 391
548 420
548 458
548 490
548 512
548 514
548 518
548 523
548 534
548 549
548 565
548 569
548 582
548 1015
548 1557
548 2267
548 2789
548 2873
548 3107
548 3147
548 3218
548 3543
548 3865
548 4076
548 4163
548 4881
548 4907
548 4921
549 105
549 233
549 242
549 252
549 286
549 292
549 297
549 345
549 358
549 379
549 384
549 391
549 409
549 420
549 442
549 443
549 458
549 468
549 541
549 552
549 565
549 582
549 714
549 983
549 1325
549 2162
549 2340
549 2959
549 3054
549 3172
549 3176
549 3818
549 4162
549 4192
549 4568
552 69
552 228
552 248
552 252
552 299
552 317
552 354
552 358
552 398
552 399
552 409
552 420
552 442
552 458
552 468
552 514
552 546
552 565
552 960
552 1203
552 1929
552 2295
552 2501
552 2912
552 2964
552 3196
552 3212
552 3220
552 3267
552 3887
552 4512
552 4514
552 4910
552 4991
569 39
569 79
569 160
569 173
569 187
569 200
569 248
569 249
569 290
569 292
569 299
569 305
569 312
569 317
569 345
569 354
569 383
569 409
569 410
569 414
569 468
569 471
569 477
569 512
569 514
569 518
569 565
569 574
569 576
569 582
569 608
569 1326
569 1348
569 1515
569 1683
569 1697
569 1701
569 1868
569 2097
569 2248
569 2424
569 2944
569 3118
569 3169
569 4384
569 4553
569 4849
569 4874
569 4957
1594 554
1594 1472
1594 1549
1594 1567
1594 1608
1594 1621
1594 1638
1594 1658
1594 1659
1594 1684
1594 1690
1594 1692
1594 1704
1594 1706
1594 3643
1594 4188
4126 480
4126 506
4126 1323
4126 1333
4126 1360
4126 1369
4126 1564
4126 1589
4126 2720
4126 2792
4126 3222
4126 3397
4126 3401
4126 3435
4126 3475
4126 3505
4126 3589
4126 3645
4126 3662
4126 3686
4126 3796
4126 3824
4126 3843
4126 3878
4126 3954
4126 3960
4126 3962
4126 3970
4126 3991
4126 3999
4126 4005
4126 4008
4126 4018
4126 4046
4126 4059
4126 4091
4126 4112
4126 4128
4126 4162
4126 4175
4126 4179
4126 4196
4126 4202
4126 4204
4126 4363
4126 4564
4126 4977
34 60
34 288
34 532
34 590
34 2853
34 3867
60 225
60 378
60 428
60 1712
60 3213
60 3784
288 229
288 504
288 1161
288 1467
288 3233
288 4497
532 92
532 102
532 153
532 182
532 207
532 212
532 259
532 349
532 405
532 411
532 423
532 463
532 464
532 471
532 490
532 498
532 515
532 534
532 538
532 576
532 578
532 596
532 1185
532 2173
532 2309
532 2896
532 2922
532 3105
532 3161
532 3951
532 4181
532 4541
590 46
590 52
590 68
590 82
590 97
590 109
590 115
590 151
590 159
590 165
590 172
590 179
590 182
590 191
590 201
590 207
590 210
590 212
590 214
590 217
590 224
590 229
590 244
590 258
590 259
590 316
590 324
590 330
590 344
590 349
590 380
590 399
590 405
590 411
590 418
590 446
590 447
590 463
590 464
590 471
590 473
590 477
590 486
590 490
590 496
590 498
590 504
590 523
590 534
590 536
590 570
590 576
590 578
590 687
590 810
590 1186
590 1306
590 1690
590 2017
590 2213
590 2235
590 2277
590 2290
590 2347
590 2709
590 2889
590 3173
590 3206
590 3667
590 3799
590 4005
590 4026
590 4180
590 4194
590 4210
590 4406
590 4434
590 4555
590 4704
2853 1063
2853 2839
2853 3193
2853 3200
2853 3202
2853 3206
2853 3207
2853 3226
2853 3228
2853 3235
2853 3241
2853 4095
3867 1340
3867 1349
3867 1682
3867 3896
3867 4103
3867 4107
3867 4108
3867 4110
3867 4129
3867 4153
3867 4173
3867 4187
3867 4194
3867 4817
35 281
35 452
35 574
35 1237
35 2760
281 554
281 2348
281 3139
452 393
452 546
452 563
452 570
452 587
452 591
452 1227
452 1291
452 1712
452 3218
452 4202
452 4539
452 4546
574 103
574 124
574 134
574 141
574 220
574 225
574 256
574 257
574 338
574 357
574 375
574 385
574 404
574 410
574 419
574 432
574 438
574 442
574 443
574 445
574 450
574 459
574 478
574 480
574 492
574 511
574 522
574 528
574 543
574 546
574 563
574 565
574 570
574 587
574 591
574 996
574 1074
574 1268
574 1634
574 2906
574 3165
574 3216
574 3241
574 3495
574 3787
574 3827
574 3906
574 3952
574 4101
574 4360
574 4511
574 4530
574 4866
574 4988
1237 638
1237 773
1237 778
1237 807
1237 852
1237 961
1237 976
1237 1051
1237 1098
1237 1141
1237 1221
1237 1254
1237 1268
1237 1277
1237 1288
1237 1289
1237 1300
1237 1359
1237 1367
1237 3131
1237 3202
1237 3229
1237 3982
1237 4108
1237 4257
1237 4850
2760 2370
2760 2689
2760 2875
2760 2891
2760 3004
2760 3056
2760 3068
2760 3232
2760 4154
2760 4867
36 518
36 1259
36 1375
36 3293
518 196
518 221
518 290
518 335
518 345
518 358
518 368
518 391
518 409
518 512
518 565
518 576
518 582
518 742
518 1359
518 1497
518 1617
518 2948
518 3870
518 4082
518 4619
1259 629
1259 644
1259 777
1259 844
1259 981
1259 1028
1259 1030
1259 1041
1259 1043
1259 1046
1259 1052
1259 1110
1259 1140
1259 1147
1259 1157
1259 1188
1259 1227
1259 1276
1259 1291
1259 1297
1259 1318
1259 1341
1259 1359
1259 1950
1259 2019
1259 2335
1259 3419
1259 3671
1259 3711
1259 4181
1259 4970
1375 93
1375 413
1375 505
1375 578
1375 608
1375 619
1375 636
1375 653
1375 659
1375 682
1375 690
1375 709
1375 740
1375 741
1375 748
1375 752
1375 755
1375 760
1375 779
1375 850
1375 886
1375 887
1375 896
1375 899
1375 905
1375 924
1375 929
1375 960
1375 988
1375 993
1375 1003
1375 1005
1375 1032
1375 1034
1375 1058
1375 1106
1375 1134
1375 1143
1375 1164
1375 1169
1375 1170
1375 1171
1375 1179
1375 1182
1375 1186
1375 1188
1375 1192
1375 1195
1375 1209
1375 1213
1375 1214
1375 1226
1375 1264
1375 1267
1375 1270
1375 1275
1375 1279
1375 1282
1375 1285
1375 1286
1375 1295
1375 1299
1375 1306
1375 1308
1375 1314
1375 1319
1375 1354
1375 1358
1375 1361
1375 1364
1375 1368
1375 1371
1375 1598
1375 1782
1375 1842
1375 2142
1375 2252
1375 2333
1375 3016
1375 3150
1375 3283
1375 3711
1375 4011
1375 4169
1375 4170
1375 4184
1375 4205
1375 4348
1375 4454
1375 4520
1375 4901
1375 4903
1375 4930
1375 4968
3293 1184
3293 3133
3293 3699
3293 3814
3293 3879
3293 3907
37 525
37 2854
37 4880
525 195
525 266
525 375
525 404
525 438
525 443
525 445
525 459
525 462
525 492
525 515
525 522
525 541
525 543
525 546
525 570
525 587
525 591
525 1162
525 1198
525 2139
525 2212
525 3067
525 3233
525 3891
525 4094
525 4714
525 4941
525 4991
2854 2152
2854 2329
2854 2540
2854 2767
2854 2929
2854 3025
2854 3052
2854 3106
2854 3120
2854 3197
2854 3210
2854 3218
2854 3942
4880 512
4880 1068
4880 1296
4880 1314
4880 2320
4880 4195
4880 4854
4880 4868
4880 4887
4880 4901
4880 4921
4880 4931
4880 4951
4880 4957
4880 4964
4880 4969
4880 4976
4880 4983
4880 4985
4880 4989
38 418
38 497
38 506
38 1376
38 1689
418 313
418 381
418 497
418 506
418 1319
418 2181
418 2306
418 3216
418 3241
418 4069
497 105
497 169
497 235
497 275
497 306
497 313
497 325
497 375
497 506
497 836
497 2405
497 2527
497 3186
497 3199
497 3451
497 3815
497 4074
497 4914
506 41
506 108
506 116
506 235
506 275
506 306
506 325
506 381
506 389
506 463
506 492
506 1188
506 1315
506 3115
506 3675
506 3871
506 3950
506 4976
506 4979
1376 1379
1376 1434
1376 1449
1376 1625
1376 1671
1376 4952
1689 404
1689 1190
1689 1225
1689 1402
1689 1435
1689 1478
1689 1486
1689 1489
1689 1537
1689 1555
1689 1575
1689 1592
1689 1607
1689 1608
1689 1620
1689 1621
1689 1625
1689 1626
1689 1629
1689 1632
1689 1636
1689 1639
1689 1643
1689 1648
1689 1652
1689 1658
1689 1665
1689 1671
1689 1679
1689 1684
1689 1686
1689 1688
1689 1690
1689 1702
1689 1704
1689 1705
1689 2250
1689 2344
1689 2351
1689 3059
1689 3216
1689 4181
1689 4542
1689 4564
1689 4985
39 3024
39 4152
3024 445
3024 1120
3024 2418
3024 2447
3024 2490
3024 2494
3024 2601
3024 2697
3024 2845
3024 2863
3024 2886
3024 2919
3024 2953
3024 3005
3024 3008
3024 3032
3024 3221
3024 3295
3024 3405
3024 4510
3024 4879
4152 950
4152 1203
4152 1313
4152 1329
4152 1638
4152 1671
4152 1994
4152 2396
4152 2526
4152 2898
4152 2921
4152 3074
4152 3103
4152 3196
4152 3269
4152 3289
4152 3295
4152 3300
4152 3302
4152 3390
4152 3414
4152 3456
4152 3479
4152 3502
4152 3538
4152 3541
4152 3557
4152 3605
4152 3620
4152 3670
4152 3688
4152 3709
4152 3723
4152 3775
4152 3780
4152 3806
4152 3819
4152 3877
4152 3889
4152 3925
4152 3938
4152 3995
4152 4005
4152 4040
4152 4063
4152 4072
4152 4089
4152 4125
4152 4131
4152 4149
4152 4161
4152 4167
4152 4183
4152 4210
4152 4569
4152 4689
4152 4965
4152 4969
40 49
40 463
40 546
40 1117
40 2623
40 3085
49 591
49 1694
49 2201
463 92
463 247
463 446
463 523
463 576
463 578
463 1263
463 1593
463 1669
463 1980
463 2783
463 3129
463 4130
546 47
546 114
546 133
546 157
546 266
546 297
546 308
546 339
546 394
546 438
546 511
546 515
546 538
546 541
546 543
546 563
546 570
546 576
546 587
546 591
546 900
546 1210
546 1335
546 1337
546 1563
546 2315
546 2323
546 2348
546 2942
546 3158
546 3210
546 4070
546 4173
546 4499
1117 601
1117 707
1117 804
1117 823
1117 1027
1117 1072
1117 1153
1117 1204
1117 1301
1117 1309
1117 1313
1117 1343
1117 1370
1117 2304
1117 3196
1117 4905
2623 2662
2623 2778
2623 2948
2623 2956
2623 2962
2623 2971
2623 3096
2623 4466
3085 405
3085 505
3085 1703
3085 2296
3085 2465
3085 2511
3085 2644
3085 2740
3085 2773
3085 2846
3085 2940
3085 2980
3085 3002
3085 3050
3085 3062
3085 3091
3085 3093
3085 3116
3085 3121
3085 3174
3085 3187
3085 3194
3085 3220
3085 3225
3085 3231
3085 3242
3085 4125
3085 4785
41 306
41 325
41 3953
41 4176
306 169
306 175
306 389
306 1503
306 2336
306 3154
325 62
325 991
325 1369
325 3577
325 4990
3953 964
3953 1120
3953 1362
3953 2333
3953 3231
3953 3411
3953 3606
3953 3696
3953 3872
3953 3962
3953 3991
3953 4005
3953 4112
3953 4140
3953 4175
3953 4180
3953 4202
3953 4204
3953 4206
3953 4418
4176 153
4176 322
4176 891
4176 911
4176 1693
4176 1706
4176 1709
4176 1729
4176 1948
4176 2035
4176 2108
4176 2972
4176 3102
4176 3222
4176 3274
4176 3330
4176 3331
4176 3367
4176 3443
4176 3473
4176 3484
4176 3549
4176 3584
4176 3593
4176 3598
4176 3610
4176 3637
4176 3645
4176 3685
4176 3695
4176 3706
4176 3710
4176 3719
4176 3726
4176 3777
4176 3821
4176 3857
4176 3876
4176 3881
4176 3882
4176 3897
4176 3937
4176 3968
4176 3969
4176 3972
4176 4002
4176 4020
4176 4022
4176 4040
4176 4058
4176 4079
4176 4088
4176 4097
4176 4109
4176 4113
4176 4116
4176 4130
4176 4137
4176 4151
4176 4161
4176 4188
4176 4517
4176 4521
4176 4608
4176 4742
4176 4751
4176 4976
42 321
42 522
42 528
42 541
42 591
42 3649
42 4559
321 232
321 283
321 500
321 1004
321 2129
321 4394
321 4505
522 67
522 107
522 256
522 278
522 296
522 445
522 462
522 466
522 478
522 515
522 543
522 563
522 570
522 587
522 591
522 827
522 1216
522 2349
522 3116
522 3168
522 3214
522 3240
522 3820
522 3933
522 4940
522 4963
528 256
528 263
528 339
528 357
528 442
528 445
528 459
528 466
528 480
528 515
528 538
528 541
528 563
528 570
528 587
528 1175
528 1251
528 1624
528 1634
528 1677
528 2070
528 2668
528 3002
528 3515
528 3789
528 3862
528 4921
541 55
541 114
541 126
541 218
541 263
541 264
541 277
541 308
541 310
541 385
541 432
541 457
541 459
541 478
541 515
541 563
541 570
541 591
541 819
541 925
541 1041
541 1584
541 1705
541 2267
541 2309
541 2363
541 2634
541 3810
541 4098
541 4704
541 4958
591 47
591 54
591 93
591 103
591 107
591 108
591 117
591 124
591 136
591 143
591 164
591 208
591 215
591 218
591 257
591 264
591 278
591 308
591 333
591 339
591 357
591 366
591 375
591 388
591 393
591 394
591 419
591 442
591 459
591 462
591 478
591 480
591 492
591 511
591 515
591 526
591 538
591 543
591 563
591 570
591 576
591 582
591 587
591 805
591 974
591 988
591 1057
591 1085
591 1286
591 1291
591 1336
591 1354
591 1707
591 1787
591 2109
591 2160
591 2325
591 2337
591 2349
591 2594
591 2702
591 2925
591 2966
591 3125
591 3179
591 3227
591 3482
591 3753
591 4055
591 4167
591 4727
591 4941
3649 2074
3649 3311
3649 3870
3649 4048
3649 4057
3649 4123
3649 4171
3649 4197
3649 4522
4559 385
4559 1353
4559 1368
4559 1710
4559 1847
4559 2340
4559 2843
4559 2905
4559 2930
4559 3062
4559 3431
4559 3525
4559 3588
4559 4150
4559 4167
4559 4216
4559 4218
4559 4241
4559 4268
4559 4277
4559 4283
4559 4298
4559 4312
4559 4323
4559 4337
4559 4339
4559 4342
4559 4349
4559 4361
4559 4364
4559 4392
4559 4396
4559 4403
4559 4409
4559 4413
4559 4433
4559 4449
4559 4455
4559 4473
4559 4474
4559 4477
4559 4479
4559 4480
4559 4481
4559 4486
4559 4497
4559 4506
4559 4512
4559 4513
4559 4519
4559 4526
4559 4530
4559 4533
4559 4535
4559 4539
4559 4540
4559 4541
4559 4549
4559 4550
4559 4551
4559 4555
4559 4558
4559 4563
4559 4565
4559 4568
4559 4589
4559 4877
4559 4975
4559 4981
43 507
43 3208
43 4104
43 4987
507 203
507 219
507 311
507 405
507 428
507 436
507 460
507 473
507 505
507 544
507 551
507 554
507 1769
507 1940
507 2273
507 2345
507 3230
507 3742
507 4027
507 4464
507 4844
3208 95
3208 178
3208 538
3208 705
3208 1200
3208 1345
3208 1359
3208 1371
3208 1694
3208 2010
3208 2086
3208 2238
3208 2354
3208 2398
3208 2427
3208 2433
3208 2443
3208 2495
3208 2523
3208 2528
3208 2544
3208 2559
3208 2567
3208 2586
3208 2621
3208 2636
3208 2642
3208 2658
3208 2675
3208 2696
3208 2727
3208 2739
3208 2753
3208 2849
3208 2866
3208 2877
3208 2902
3208 2911
3208 2998
3208 3034
3208 3043
3208 3047
3208 3060
3208 3070
3208 3080
3208 3090
3208 3105
3208 3108
3208 3130
3208 3167
3208 3168
3208 3170
3208 3183
3208 3198
3208 3216
3208 3219
3208 3222
3208 3224
3208 3227
3208 3229
3208 3232
3208 3237
3208 3238
3208 3607
3208 3911
3208 4127
3208 4474
3208 4752
3208 4958
3208 4997
4104 257
4104 884
4104 980
4104 1293
4104 1374
4104 1678
4104 2285
4104 2887
4104 3095
4104 3128
4104 3485
4104 3580
4104 3675
4104 3676
4104 3730
4104 3741
4104 3752
4104 3832
4104 3841
4104 3868
4104 3895
4104 3928
4104 3930
4104 3936
4104 3987
4104 4014
4104 4055
4104 4069
4104 4095
4104 4123
4104 4135
4104 4142
4104 4159
4104 4162
4104 4195
4104 4199
4104 4201
4104 4208
4987 596
4987 1055
4987 1343
4987 1352
4987 1364
4987 1630
4987 1709
4987 1855
4987 2186
4987 2192
4987 2269
4987 2325
4987 2509
4987 3053
4987 3103
4987 4053
4987 4059
4987 4086
4987 4092
4987 4364
4987 4400
4987 4574
4987 4588
4987 4592
4987 4594
4987 4597
4987 4606
4987 4636
4987 4653
4987 4655
4987 4660
4987 4664
4987 4668
4987 4671
4987 4704
4987 4706
4987 4707
4987 4714
4987 4730
4987 4732
4987 4736
4987 4753
4987 4769
4987 4782
4987 4789
4987 4793
4987 4819
4987 4826
4987 4831
4987 4839
4987 4840
4987 4845
4987 4846
4987 4853
4987 4869
4987 4875
4987 4883
4987 4904
4987 4910
4987 4915
4987 4927
4987 4929
4987 4932
4987 4940
4987 4942
4987 4945
4987 4949
4987 4952
4987 4966
4987 4973
4987 4982
4987 4984
4987 4989
44 402
44 3771
44 4949
402 301
402 347
402 451
402 485
402 861
402 916
402 2332
402 3242
402 4141
3771 906
3771 2309
3771 3815
3771 3949
3771 4123
3771 4135
3771 4159
3771 4162
3771 4189
3771 4201
3771 4208
4949 640
4949 1192
4949 1246
4949 2949
4949 3038
4949 3198
4949 3298
4949 3549
4949 3770
4949 3885
4949 4588
4949 4594
4949 4613
4949 4732
4949 4734
4949 4753
4949 4793
4949 4800
4949 4819
4949 4822
4949 4831
4949 4840
4949 4853
4949 4866
4949 4869
4949 4875
4949 4883
4949 4902
4949 4904
4949 4910
4949 4932
4949 4933
4949 4942
4949 4945
4949 4966
4949 4968
4949 4973
4949 4984
45 355
45 479
45 2328
45 3160
45 4111
355 48
355 126
355 223
355 293
355 383
355 2085
355 2244
355 4513
479 66
479 77
479 192
479 238
479 328
479 351
479 353
479 422
479 442
479 482
479 500
479 578
479 1641
479 2246
479 2817
479 3118
479 3954
479 4264
479 4435
479 4529
2328 305
2328 395
2328 397
2328 1034
2328 1199
2328 1340
2328 1434
2328 1696
2328 1842
2328 1856
2328 1940
2328 1945
2328 2015
2328 2021
2328 2024
2328 2028
2328 2034
2328 2066
2328 2090
2328 2091
2328 2096
2328 2118
2328 2124
2328 2135
2328 2172
2328 2174
2328 2184
2328 2206
2328 2219
2328 2224
2328 2228
2328 2234
2328 2235
2328 2237
2328 2242
2328 2261
2328 2262
2328 2270
2328 2280
2328 2284
2328 2303
2328 2306
2328 2311
2328 2312
2328 2314
2328 2322
2328 2340
2328 2345
2328 2348
2328 2351
2328 2354
2328 2787
2328 3055
2328 3228
2328 4027
2328 4191
2328 4314
2328 4415
2328 4851
2328 4963
3160 980
3160 1034
3160 1135
3160 1352
3160 1982
3160 2180
3160 2349
3160 2416
3160 2486
3160 2606
3160 2618
3160 2626
3160 2677
3160 2744
3160 2748
3160 2767
3160 2779
3160 2812
3160 2825
3160 2843
3160 2881
3160 2883
3160 2971
3160 3031
3160 3052
3160 3060
3160 3099
3160 3106
3160 3107
3160 3120
3160 3134
3160 3140
3160 3150
3160 3151
3160 3182
3160 3197
3160 3210
3160 3211
3160 3218
3160 3394
3160 3537
3160 3697
3160 3887
3160 4771
3160 4972
4111 97
4111 211
4111 335
4111 664
4111 1338
4111 1341
4111 3025
4111 3062
4111 3429
4111 3430
4111 3448
4111 3465
4111 3530
4111 3611
4111 3670
4111 3732
4111 3778
4111 3835
4111 3839
4111 3863
4111 3931
4111 3998
4111 4000
4111 4015
4111 4046
4111 4049
4111 4067
4111 4071
4111 4094
4111 4119
4111 4154
4111 4157
4111 4164
4111 4175
4111 4182
4111 4183
4111 4184
4111 4189
4111 4200
4111 4280
46 104
46 576
46 1319
46 2931
46 4220
104 334
104 498
104 3133
104 4995
576 52
576 92
576 179
576 182
576 214
576 239
576 247
576 249
576 253
576 258
576 324
576 330
576 334
576 344
576 349
576 369
576 380
576 400
576 411
576 436
576 446
576 464
576 471
576 477
576 486
576 490
576 498
576 504
576 536
576 578
576 1136
576 1369
576 1673
576 1686
576 1708
576 3059
576 3133
576 3157
576 3173
576 3182
576 3875
576 3936
576 3957
576 4114
576 4168
576 4178
576 4207
576 4564
576 4908
576 4950
576 4975
576 4990
1319 613
1319 652
1319 709
1319 741
1319 763
1319 818
1319 841
1319 874
1319 885
1319 916
1319 942
1319 1002
1319 1035
1319 1059
1319 1145
1319 1164
1319 1166
1319 1179
1319 1182
1319 1183
1319 1186
1319 1192
1319 1195
1319 1279
1319 1282
1319 1292
1319 1295
1319 1300
1319 1348
1319 1361
1319 1370
1319 1371
1319 1787
1319 1888
1319 2335
1319 2347
1319 2538
1319 2555
1319 2607
1319 2867
1319 4081
1319 4163
2931 1146
2931 2209
2931 2335
2931 2939
2931 3093
2931 3133
2931 3200
2931 3202
2931 3204
2931 3206
2931 3207
2931 3226
2931 3235
2931 3241
2931 3719
4220 4279
4220 4475
4220 4488
4220 4508
4220 4524
47 116
47 543
47 563
47 4192
47 4543
116 175
116 389
116 862
116 1256
116 3100
543 55
543 256
543 277
543 296
543 385
543 397
543 432
543 457
543 458
543 459
543 478
543 511
543 515
543 538
543 570
543 587
543 1323
543 1695
543 2110
543 2183
543 2765
543 2807
543 2984
543 3138
543 3139
543 3197
543 3206
543 3767
543 3797
543 4154
563 66
563 124
563 136
563 164
563 184
563 208
563 215
563 228
563 266
563 393
563 404
563 419
563 432
563 459
563 480
563 492
563 498
563 511
563 538
563 565
563 570
563 587
563 680
563 766
563 787
563 868
563 1224
563 2052
563 2256
563 2259
563 2795
563 3194
563 3464
563 4037
563 4192
563 4409
563 4429
563 4479
563 4556
563 4998
4192 198
4192 464
4192 523
4192 695
4192 1165
4192 1221
4192 1256
4192 1283
4192 1336
4192 1364
4192 1370
4192 1665
4192 1680
4192 2199
4192 2260
4192 3126
4192 3146
4192 3259
4192 3325
4192 3418
4192 3450
4192 3506
4192 3507
4192 3510
4192 3519
4192 3565
4192 3568
4192 3578
4192 3586
4192 3606
4192 3619
4192 3632
4192 3655
4192 3697
4192 3725
4192 3728
4192 3738
4192 3778
4192 3781
4192 3829
4192 3833
4192 3858
4192 3866
4192 3871
4192 3884
4192 3887
4192 3894
4192 3964
4192 3989
4192 4006
4192 4017
4192 4037
4192 4045
4192 4047
4192 4076
4192 4077
4192 4084
4192 4090
4192 4115
4192 4131
4192 4133
4192 4141
4192 4145
4192 4156
4192 4165
4192 4168
4192 4172
4192 4186
4192 4193
4192 4198
4192 4205
4192 4207
4192 4209
4192 4301
4192 4448
4192 4541
4192 4917
4543 185
4543 565
4543 1060
4543 1278
4543 1299
4543 1301
4543 1314
4543 1520
4543 1639
4543 2825
4543 2996
4543 3209
4543 4098
4543 4211
4543 4215
4543 4273
4543 4308
4543 4315
4543 4350
4543 4365
4543 4381
4543 4394
4543 4405
4543 4425
4543 4426
4543 4429
4543 4431
4543 4438
4543 4444
4543 4445
4543 4447
4543 4470
4543 4493
4543 4498
4543 4503
4543 4505
4543 4509
4543 4517
4543 4518
4543 4520
4543 4521
4543 4523
4543 4532
4543 4536
4543 4542
4543 4545
4543 4552
4543 4564
4543 4566
4543 4568
48 106
48 223
48 383
48 3983
48 4485
106 223
106 246
106 383
106 1181
106 4771
223 246
223 293
223 3895
223 4539
223 4991
383 61
383 111
383 126
383 184
383 293
383 1298
383 2347
383 3958
383 4165
3983 1253
3983 2298
3983 2837
3983 2991
3983 3339
3983 3511
3983 3616
3983 3889
3983 3900
3983 3922
3983 3945
3983 4001
3983 4012
3983 4087
3983 4146
3983 4165
3983 4169
3983 4209
3983 4211
3983 4953
3983 4965
4485 1181
4485 1234
4485 2178
4485 2327
4485 4119
4485 4254
4485 4275
4485 4282
4485 4443
4485 4469
4485 4479
4485 4495
4485 4503
4485 4519
4485 4530
4485 4540
4485 4548
4485 4549
4485 4558
4485 4560
4485 4563
4485 4565
4485 4891
1694 490
1694 631
1694 972
1694 982
1694 1333
1694 1397
1694 1415
1694 1439
1694 1461
1694 1464
1694 1478
1694 1529
1694 1537
1694 1549
1694 1553
1694 1561
1694 1587
1694 1599
1694 1601
1694 1607
1694 1608
1694 1625
1694 1626
1694 1636
1694 1654
1694 1658
1694 1659
1694 1665
1694 1671
1694 1672
1694 1679
1694 1684
1694 1686
1694 1688
1694 1690
1694 1692
1694 1693
1694 1696
1694 1697
1694 1704
1694 1706
1694 3035
1694 3219
1694 4200
1694 4221
1694 4462
1694 4886
1694 4963
1694 4969
1694 4997
2201 166
2201 1249
2201 1927
2201 1934
2201 1946
2201 1969
2201 1978
2201 2011
2201 2029
2201 2088
2201 2136
2201 2178
2201 2200
2201 2222
2201 2232
2201 2238
2201 2248
2201 2280
2201 2812
2201 3017
2201 4889
50 412
50 1374
50 1701
412 122
412 473
412 488
412 551
412 554
412 1638
412 3121
412 3219
412 4166
412 4458
412 4564
1374 339
1374 388
1374 599
1374 610
1374 612
1374 649
1374 651
1374 664
1374 687
1374 703
1374 718
1374 726
1374 735
1374 812
1374 833
1374 849
1374 865
1374 869
1374 882
1374 897
1374 941
1374 962
1374 964
1374 968
1374 980
1374 990
1374 1000
1374 1025
1374 1027
1374 1038
1374 1057
1374 1060
1374 1063
1374 1073
1374 1081
1374 1085
1374 1089
1374 1105
1374 1149
1374 1152
1374 1155
1374 1159
1374 1168
1374 1170
1374 1176
1374 1181
1374 1200
1374 1208
1374 1211
1374 1232
1374 1233
1374 1239
1374 1255
1374 1268
1374 1283
1374 1298
1374 1305
1374 1315
1374 1330
1374 1338
1374 1344
1374 1345
1374 1351
1374 1352
1374 1364
1374 1370
1374 1397
1374 1607
1374 1618
1374 1659
1374 2049
1374 2072
1374 2150
1374 2192
1374 2777
1374 3240
1374 3787
1374 4075
1374 4081
1374 4101
1374 4135
1374 4189
1374 4190
1374 4496
1374 4544
1374 4546
1374 4893
1701 1162
1701 1395
1701 1396
1701 1422
1701 1427
1701 1448
1701 1452
1701 1453
1701 1467
1701 1478
1701 1490
1701 1500
1701 1513
1701 1528
1701 1531
1701 1534
1701 1540
1701 1543
1701 1547
1701 1559
1701 1589
1701 1596
1701 1600
1701 1613
1701 1616
1701 1627
1701 1628
1701 1637
1701 1639
1701 1640
1701 1642
1701 1651
1701 1656
1701 1664
1701 1667
1701 1682
1701 1687
1701 1695
1701 1700
1701 1703
1701 1705
1701 1708
1701 1709
1701 2143
1701 2181
1701 2407
1701 2708
1701 2995
1701 3098
1701 3186
1701 3750
1701 4095
1701 4194
1701 4211
1701 4612
1701 4824
1701 4898
1701 4985
51 303
51 322
51 738
51 2374
51 3749
303 96
303 206
303 244
303 374
303 952
303 1316
303 3159
303 4639
322 96
322 244
322 326
322 2951
322 3745
322 4985
738 1203
738 1265
738 1290
738 1324
738 1340
738 3444
738 3712
2374 365
2374 3062
2374 3073
2374 3121
2374 3145
2374 3231
3749 3353
3749 3448
3749 3783
3749 3811
3749 4061
3749 4074
3749 4096
3749 4118
3749 4120
3749 4240
3749 4996
52 339
52 578
52 1695
52 2740
339 445
339 480
339 538
339 1663
339 4691
578 68
578 82
578 89
578 92
578 113
578 127
578 150
578 153
578 159
578 165
578 207
578 210
578 229
578 249
578 267
578 269
578 305
578 324
578 334
578 344
578 346
578 380
578 384
578 399
578 405
578 446
578 447
578 456
578 464
578 471
578 486
578 504
578 523
578 536
578 616
578 1269
578 1516
578 1621
578 1955
578 2154
578 2292
578 2306
578 2332
578 2341
578 3053
578 3379
578 3413
578 3521
578 3583
578 3956
578 4051
578 4056
578 4162
578 4198
578 4620
1695 1076
1695 1215
1695 1401
1695 1408
1695 1410
1695 1427
1695 1479
1695 1488
1695 1518
1695 1525
1695 1527
1695 1528
1695 1540
1695 1543
1695 1547
1695 1550
1695 1576
1695 1585
1695 1589
1695 1596
1695 1598
1695 1600
1695 1602
1695 1606
1695 1609
1695 1613
1695 1628
1695 1640
1695 1650
1695 1660
1695 1678
1695 1681
1695 1682
1695 1700
1695 1703
1695 1708
1695 1709
1695 2037
1695 2180
1695 2262
1695 2280
1695 3177
1695 3186
1695 3355
1695 3448
1695 3522
1695 3638
1695 4024
1695 4064
1695 4132
2740 2605
2740 2934
2740 3062
2740 3091
2740 3187
2740 3231
2740 3242
2740 4137
53 258
53 423
53 534
53 1693
53 3970
53 4816
258 62
258 267
258 477
258 3809
258 3840
258 4445
423 210
423 257
423 433
423 471
423 534
423 898
423 1065
423 1116
423 1123
423 4195
423 4511
534 89
534 171
534 172
534 179
534 195
534 212
534 214
534 241
534 330
534 403
534 405
534 411
534 447
534 486
534 498
534 523
534 582
534 1260
534 2102
534 2682
534 3028
534 3089
534 3101
534 3123
534 3149
534 3252
534 3793
534 4158
534 4562
1693 945
1693 1089
1693 1265
1693 1389
1693 1391
1693 1427
1693 1439
1693 1454
1693 1462
1693 1485
1693 1542
1693 1551
1693 1553
1693 1555
1693 1564
1693 1567
1693 1601
1693 1607
1693 1610
1693 1618
1693 1619
1693 1621
1693 1624
1693 1629
1693 1631
1693 1636
1693 1643
1693 1658
1693 1659
1693 1660
1693 1665
1693 1667
1693 1671
1693 1690
1693 1692
1693 1702
1693 1704
1693 1706
1693 1917
1693 2266
1693 3225
1693 3261
1693 3872
1693 3977
1693 4072
1693 4340
3970 230
3970 500
3970 954
3970 1284
3970 2731
3970 3279
3970 3329
3970 3413
3970 3615
3970 3718
3970 3949
3970 4039
3970 4077
3970 4102
3970 4109
3970 4124
3970 4130
3970 4132
3970 4148
3970 4180
3970 4906
4816 96
4816 349
4816 1343
4816 2222
4816 4614
4816 4803
4816 4943
4816 4990
4816 4991
4816 4993
4816 4996
4816 4997
4816 4998
4816 4999
54 282
54 2354
54 3184
54 3851
282 466
282 544
282 1022
282 1292
282 1416
2354 671
2354 714
2354 922
2354 1084
2354 1336
2354 1348
2354 1573
2354 1748
2354 1773
2354 1794
2354 1835
2354 1842
2354 1848
2354 1856
2354 1857
2354 1915
2354 1940
2354 1945
2354 1949
2354 1961
2354 1962
2354 1968
2354 2003
2354 2015
2354 2021
2354 2024
2354 2026
2354 2027
2354 2028
2354 2034
2354 2048
2354 2056
2354 2061
2354 2090
2354 2091
2354 2118
2354 2135
2354 2142
2354 2143
2354 2169
2354 2172
2354 2174
2354 2177
2354 2180
2354 2182
2354 2184
2354 2185
2354 2206
2354 2219
2354 2224
2354 2228
2354 2229
2354 2234
2354 2235
2354 2242
2354 2261
2354 2262
2354 2270
2354 2280
2354 2284
2354 2304
2354 2306
2354 2311
2354 2312
2354 2314
2354 2322
2354 2323
2354 2345
2354 2348
2354 2351
2354 2418
2354 2500
2354 3107
2354 3167
2354 3184
2354 3204
2354 3226
2354 3311
2354 3317
2354 3425
2354 3558
2354 3955
2354 4022
2354 4081
2354 4129
2354 4172
2354 4316
2354 4988
3184 485
3184 947
3184 1118
3184 1251
3184 1352
3184 1520
3184 2087
3184 2442
3184 2470
3184 2484
3184 2491
3184 2550
3184 2561
3184 2596
3184 2650
3184 2743
3184 2785
3184 2837
3184 2860
3184 2880
3184 2927
3184 2938
3184 2950
3184 2958
3184 2963
3184 2966
3184 2983
3184 3044
3184 3048
3184 3063
3184 3067
3184 3087
3184 3102
3184 3139
3184 3150
3184 3156
3184 3168
3184 3171
3184 3179
3184 3186
3184 3212
3184 3230
3184 3232
3184 3235
3184 3563
3184 3973
3184 4051
3184 4121
3184 4490
3184 4519
3184 4929
3184 4956
3851 2329
3851 3058
3851 3793
3851 3832
3851 4095
3851 4109
3851 4123
3851 4159
3851 4189
3851 4195
3851 4199
3851 4201
3851 4208
3851 4775
3851 4977
55 538
55 1019
55 4090
538 107
538 158
538 197
538 215
538 241
538 266
538 278
538 338
538 366
538 388
538 419
538 460
538 511
538 570
538 853
538 1533
538 2070
538 2282
538 2384
538 3210
538 3819
538 4210
538 4569
538 4861
538 4916
1019 617
1019 679
1019 906
1019 938
1019 957
1019 993
1019 1004
1019 1036
1019 1095
1019 1366
1019 2241
1019 2910
1019 3108
4090 203
4090 1470
4090 1993
4090 2246
4090 3060
4090 3205
4090 3223
4090 3578
4090 3780
4090 3781
4090 3871
4090 3985
4090 4006
4090 4017
4090 4045
4090 4047
4090 4076
4090 4084
4090 4115
4090 4133
4090 4137
4090 4141
4090 4145
4090 4156
4090 4168
4090 4182
4090 4186
4090 4193
4090 4198
4090 4205
4090 4207
4090 4232
4090 4432
4090 4580
56 102
56 417
56 4554
56 4995
102 451
102 2043
102 3814
417 211
417 235
417 245
417 485
417 1452
417 1645
417 1700
417 4782
4554 189
4554 870
4554 1166
4554 1231
4554 1607
4554 1840
4554 2283
4554 2314
4554 2346
4554 2911
4554 2933
4554 3104
4554 3692
4554 4098
4554 4191
4554 4198
4554 4231
4554 4294
4554 4297
4554 4346
4554 4347
4554 4359
4554 4370
4554 4374
4554 4387
4554 4400
4554 4415
4554 4434
4554 4441
4554 4445
4554 4458
4554 4462
4554 4486
4554 4496
4554 4500
4554 4502
4554 4506
4554 4507
4554 4512
4554 4513
4554 4514
4554 4522
4554 4523
4554 4528
4554 4529
4554 4531
4554 4544
4554 4546
4554 4547
4554 4550
4554 4553
4554 4555
4554 4556
4554 4557
4554 4558
4554 4560
4554 4562
4554 4563
4554 4564
4554 4567
4554 4568
4554 4569
4554 4580
4554 4785
4554 4923
4995 185
4995 1294
4995 1329
4995 1356
4995 2261
4995 2274
4995 2292
4995 2316
4995 2366
4995 2981
4995 3036
4995 3069
4995 3169
4995 3180
4995 3182
4995 3214
4995 3329
4995 3916
4995 4001
4995 4043
4995 4093
4995 4166
4995 4198
4995 4584
4995 4588
4995 4590
4995 4603
4995 4609
4995 4612
4995 4619
4995 4627
4995 4655
4995 4663
4995 4667
4995 4679
4995 4680
4995 4697
4995 4722
4995 4731
4995 4742
4995 4746
4995 4752
4995 4756
4995 4766
4995 4767
4995 4774
4995 4784
4995 4792
4995 4801
4995 4803
4995 4805
4995 4808
4995 4811
4995 4829
4995 4835
4995 4836
4995 4856
4995 4864
4995 4872
4995 4886
4995 4888
4995 4890
4995 4892
4995 4899
4995 4908
4995 4911
4995 4918
4995 4923
4995 4924
4995 4930
4995 4931
4995 4933
4995 4938
4995 4941
4995 4954
4995 4960
4995 4963
4995 4970
4995 4981
4995 4986
4995 4992
4995 4993
4995 4994
4995 4997
57 333
57 485
57 1257
57 2298
333 156
333 451
333 485
333 726
333 1502
333 1661
333 4763
485 125
485 137
485 156
485 275
485 347
485 406
485 451
485 751
485 1212
485 2409
485 3089
485 3889
485 4128
1257 466
1257 551
1257 700
1257 777
1257 981
1257 991
1257 992
1257 1028
1257 1030
1257 1034
1257 1043
1257 1044
1257 1045
1257 1046
1257 1078
1257 1103
1257 1110
1257 1225
1257 1227
1257 1291
1257 1297
1257 1307
1257 1311
1257 1341
1257 1359
1257 2332
1257 3134
1257 3178
1257 4103
2298 1883
2298 1918
2298 1931
2298 1947
2298 2035
2298 2039
2298 2062
2298 2161
2298 2164
2298 2211
2298 2217
2298 2231
2298 2239
2298 2240
2298 2250
2298 2258
2298 2273
2298 2276
2298 2285
2298 2295
2298 2313
2298 2326
2298 2327
2298 2330
2298 2338
2298 2340
2298 2341
2298 2344
2298 2350
2298 2352
2298 3073
2298 3093
2298 3124
2298 3167
2298 3225
2298 3236
2298 4146
2298 4409
2298 4938
58 422
58 2029
58 4532
422 192
422 216
422 353
422 482
422 500
422 2517
422 2794
422 3079
422 3162
422 4568
2029 1820
2029 1916
2029 1936
2029 2011
2029 2178
2029 2200
2029 2238
2029 2400
2029 2969
2029 4193
4532 536
4532 692
4532 2908
4532 2922
4532 3115
4532 3709
4532 4116
4532 4136
4532 4199
4532 4255
4532 4267
4532 4329
4532 4394
4532 4417
4532 4425
4532 4426
4532 4431
4532 4438
4532 4445
4532 4447
4532 4470
4532 4493
4532 4498
4532 4505
4532 4509
4532 4517
4532 4518
4532 4520
4532 4521
4532 4523
4532 4536
4532 4542
4532 4545
4532 4552
4532 4557
4532 4569
4532 4889
4532 4970
59 582
59 1322
582 86
582 160
582 163
582 200
582 231
582 242
582 248
582 273
582 295
582 298
582 299
582 302
582 305
582 309
582 335
582 345
582 351
582 354
582 384
582 391
582 398
582 400
582 410
582 414
582 420
582 431
582 451
582 453
582 468
582 512
582 514
582 565
582 692
582 770
582 1040
582 1304
582 1411
582 1690
582 1753
582 1889
582 2122
582 2310
582 2337
582 2803
582 2897
582 3127
582 3141
582 3229
582 3235
582 3834
582 3951
582 4162
582 4206
582 4859
582 4918
582 4933
1322 357
1322 626
1322 668
1322 788
1322 900
1322 978
1322 981
1322 1011
1322 1093
1322 1121
1322 1158
1322 1167
1322 1194
1322 1210
1322 1212
1322 1217
1322 1223
1322 1242
1322 1249
1322 1252
1322 1274
1322 1278
1322 1313
1322 1318
1322 1326
1322 1328
1322 1332
1322 1345
1322 1346
1322 1350
1322 1351
1322 1357
1322 1365
1322 1372
1322 2245
1322 2313
1322 2404
1322 2938
1322 3159
1322 3331
1322 3828
1322 3880
1322 3952
1322 4195
1322 4481
1322 4527
1322 4989
225 119
225 130
225 213
225 265
225 403
225 2942
225 3889
225 4156
378 64
378 119
378 130
378 183
378 359
378 403
378 425
378 428
378 902
378 2336
378 3156
378 4182
378 4635
428 64
428 119
428 130
428 183
428 265
428 359
428 361
428 403
428 425
428 1037
428 1336
428 2522
428 3172
428 3755
428 4157
1712 1833
1712 1837
1712 1898
1712 1902
1712 2515
3213 1031
3213 1124
3213 1153
3213 1170
3213 1234
3213 1359
3213 1690
3213 1797
3213 2220
3213 2293
3213 2314
3213 2319
3213 2471
3213 2479
3213 2516
3213 2587
3213 2595
3213 2624
3213 2685
3213 2772
3213 2801
3213 2802
3213 2808
3213 2826
3213 2830
3213 2841
3213 2847
3213 2884
3213 2901
3213 2909
3213 2914
3213 3001
3213 3009
3213 3023
3213 3039
3213 3040
3213 3063
3213 3064
3213 3066
3213 3072
3213 3082
3213 3083
3213 3115
3213 3123
3213 3124
3213 3129
3213 3131
3213 3144
3213 3151
3213 3155
3213 3166
3213 3180
3213 3199
3213 3201
3213 3205
3213 3211
3213 3221
3213 3223
3213 3225
3213 3230
3213 3236
3213 3240
3213 3275
3213 3347
3213 3732
3213 3808
3213 4046
3213 4110
3213 4252
3213 4538
3784 1566
3784 3216
3784 3559
3784 3745
3784 3773
3784 3921
3784 4048
3784 4058
3784 4120
3784 4155
3784 4181
3784 4197
61 126
61 2147
61 2224
126 3196
126 4003
126 4084
2147 776
2147 1736
2147 2099
2147 2166
2147 2223
2147 2283
2147 2292
2147 2307
2147 2310
2147 2315
2147 2316
2147 2325
2147 3118
2147 3485
2147 4551
2224 1208
2224 2034
2224 2209
2224 2267
2224 2280
2224 2284
2224 2306
2224 2311
2224 2312
2224 2314
2224 2322
2224 2345
2224 2348
2224 2351
2224 4020
2224 4201
2224 4562
2224 4962
2224 4963
62 486
62 504
62 658
62 2935
486 195
486 447
486 490
486 498
486 523
486 801
486 873
486 1936
486 2050
486 3157
486 4164
486 4492
486 4569
486 4999
504 191
504 349
504 380
504 413
504 477
504 490
504 498
504 2778
504 3230
504 4000
504 4068
504 4095
504 4154
504 4370
504 4408
504 4535
658 954
658 1256
658 1317
658 1327
658 1348
658 3437
2935 369
2935 1092
2935 1357
2935 2396
2935 2694
2935 2858
2935 2941
2935 2987
2935 2993
2935 3036
2935 3053
2935 3088
2935 3095
2935 3206
2935 3702
2935 4139
63 100
63 180
63 554
63 1003
63 3169
100 297
100 391
100 3420
100 4170
180 344
180 466
180 505
180 1332
180 3206
180 4566
554 83
554 91
554 101
554 118
554 128
554 148
554 168
554 219
554 314
554 354
554 411
554 415
554 435
554 436
554 437
554 441
554 457
554 459
554 466
554 505
554 544
554 551
554 842
554 1187
554 1323
554 1501
554 2101
554 2307
554 3193
554 3222
554 3224
554 3711
554 3853
554 4017
554 4205
554 4884
554 4898
1003 1053
1003 1185
1003 1286
1003 1342
1003 1362
1003 1363
1003 1367
1003 1370
1003 2085
1003 3144
1003 4069
3169 1064
3169 1646
3169 1708
3169 2045
3169 2419
3169 2445
3169 2506
3169 2653
3169 2671
3169 2722
3169 2818
3169 2856
3169 2892
3169 2912
3169 2942
3169 2952
3169 2988
3169 2997
3169 3029
3169 3037
3169 3076
3169 3127
3169 3161
3169 3163
3169 3177
3169 3188
3169 3189
3169 3192
3169 3196
3169 3203
3169 3217
3169 3223
3169 3228
3169 3229
3169 3233
3169 3240
3169 4076
3169 4137
3169 4416
3169 4518
3169 4556
64 359
64 425
64 2884
64 3129
359 183
359 213
359 265
359 361
359 403
359 425
359 1618
359 2464
359 3845
425 119
425 130
425 183
425 213
425 265
425 308
425 316
425 361
425 403
425 2426
425 2820
425 2984
425 3234
425 4550
425 4948
2884 1036
2884 3123
2884 3199
2884 3201
2884 3205
2884 3211
2884 3221
2884 3223
2884 3233
2884 3236
2884 3822
2884 4112
2884 4558
3129 1177
3129 1351
3129 1752
3129 2330
3129 2649
3129 2685
3129 2764
3129 2841
3129 2983
3129 2992
3129 3039
3129 3045
3129 3072
3129 3083
3129 3123
3129 3124
3129 3155
3129 3166
3129 3188
3129 3199
3129 3201
3129 3205
3129 3211
3129 3221
3129 3223
3129 3225
3129 3230
3129 3236
3129 3272
3129 4052
3129 4155
3129 4997
3129 4998
65 343
65 587
65 1252
65 2011
343 134
343 390
343 407
343 1252
343 1362
343 1526
343 4109
587 75
587 93
587 103
587 114
587 124
587 140
587 164
587 220
587 257
587 263
587 264
587 277
587 278
587 296
587 308
587 338
587 357
587 375
587 385
587 388
587 393
587 394
587 429
587 432
587 438
587 442
587 443
587 445
587 462
587 480
587 492
587 511
587 570
587 1074
587 1093
587 1226
587 1273
587 1644
587 1674
587 1770
587 2068
587 2162
587 2309
587 3013
587 3211
587 3240
587 3533
587 3748
587 3751
587 3839
587 4007
587 4016
587 4017
587 4112
587 4144
587 4431
587 4696
587 4947
587 4997
1252 815
1252 856
1252 930
1252 978
1252 1037
1252 1058
1252 1108
1252 1121
1252 1126
1252 1208
1252 1212
1252 1245
1252 1269
1252 1318
1252 1328
1252 1332
1252 1339
1252 1345
1252 1357
1252 1372
1252 2079
1252 2315
1252 3188
1252 3203
1252 3568
1252 3907
1252 4205
1252 4296
2011 663
2011 1073
2011 1789
2011 2136
2011 2200
2011 2232
2011 2238
2011 4198
66 500
66 3016
66 4888
500 74
500 87
500 192
500 216
500 232
500 283
500 309
500 328
500 353
500 411
500 482
500 514
500 2163
500 2234
500 2861
500 3589
500 3684
500 4121
500 4507
500 4965
3016 1070
3016 1301
3016 1363
3016 2364
3016 2534
3016 2553
3016 2603
3016 2630
3016 2708
3016 2756
3016 2870
3016 2933
3016 2940
3016 2976
3016 3086
3016 3135
3016 3136
3016 3193
3016 4133
4888 1300
4888 1615
4888 2067
4888 2330
4888 3029
4888 3633
4888 4779
4888 4792
4888 4872
4888 4884
4888 4890
4888 4899
4888 4911
4888 4923
4888 4960
4888 4963
4888 4970
4888 4986
4888 4991
4888 4992
4888 4994
67 1061
67 4980
1061 766
1061 1122
1061 1256
1061 1296
1061 1317
1061 1321
1061 1327
1061 1335
1061 1350
1061 1360
1061 3231
1061 4130
1061 4915
4980 457
4980 868
4980 1139
4980 1200
4980 1382
4980 2151
4980 2187
4980 2546
4980 2702
4980 2958
4980 3118
4980 3236
4980 3483
4980 4114
4980 4188
4980 4216
4980 4568
4980 4595
4980 4604
4980 4629
4980 4658
4980 4662
4980 4669
4980 4676
4980 4677
4980 4690
4980 4691
4980 4699
4980 4703
4980 4718
4980 4724
4980 4738
4980 4775
4980 4778
4980 4790
4980 4815
4980 4818
4980 4827
4980 4852
4980 4859
4980 4874
4980 4893
4980 4895
4980 4898
4980 4909
4980 4913
4980 4916
4980 4917
4980 4922
4980 4929
4980 4947
4980 4950
4980 4956
4980 4962
4980 4967
4980 4972
4980 4975
4980 4977
4980 4978
4980 4990
4980 4999
68 260
68 523
68 2564
68 4963
260 490
260 536
260 708
260 2373
260 3084
260 4181
523 109
523 151
523 215
523 241
523 253
523 267
523 369
523 446
523 498
523 536
523 933
523 1403
523 2024
523 2440
523 2626
523 3096
523 3882
523 4071
523 4084
523 4197
2564 2947
2564 3152
2564 3229
2564 3233
2564 3981
2564 4477
4963 316
4963 1643
4963 2075
4963 2257
4963 2350
4963 3880
4963 3994
4963 4205
4963 4566
4963 4680
4963 4784
4963 4792
4963 4803
4963 4827
4963 4829
4963 4835
4963 4836
4963 4856
4963 4864
4963 4884
4963 4890
4963 4893
4963 4899
4963 4911
4963 4923
4963 4930
4963 4931
4963 4933
4963 4938
4963 4941
4963 4954
4963 4960
4963 4968
4963 4970
4963 4971
4963 4981
4963 4986
4963 4991
4963 4992
4963 4994
69 2730
69 4984
2730 2553
2730 2708
2730 2764
2730 2870
2730 2976
2730 3074
2730 3135
2730 3136
2730 4563
4984 466
4984 698
4984 1315
4984 1727
4984 1963
4984 2095
4984 2155
4984 2350
4984 2461
4984 3091
4984 3108
4984 3179
4984 3230
4984 3238
4984 3696
4984 3996
4984 4014
4984 4183
4984 4190
4984 4588
4984 4592
4984 4594
4984 4597
4984 4606
4984 4613
4984 4653
4984 4655
4984 4664
4984 4668
4984 4671
4984 4704
4984 4706
4984 4707
4984 4730
4984 4734
4984 4736
4984 4753
4984 4769
4984 4773
4984 4782
4984 4789
4984 4793
4984 4819
4984 4822
4984 4831
4984 4839
4984 4845
4984 4869
4984 4875
4984 4881
4984 4883
4984 4902
4984 4904
4984 4910
4984 4915
4984 4927
4984 4932
4984 4940
4984 4942
4984 4945
4984 4952
4984 4966
4984 4973
4984 4975
4984 4979
4984 4989
4984 4990
70 368
70 551
70 3229
70 3620
368 218
368 358
368 514
368 565
368 792
368 1665
368 3144
368 4941
551 71
551 85
551 118
551 194
551 201
551 202
551 204
551 314
551 358
551 376
551 415
551 437
551 453
551 457
551 460
551 466
551 473
551 488
551 505
551 544
551 1534
551 2340
551 3113
551 3427
551 3520
551 3692
551 3890
551 3955
551 4105
551 4193
551 4289
551 4536
551 4539
551 4588
551 4673
3229 250
3229 327
3229 384
3229 864
3229 1035
3229 1046
3229 1262
3229 1267
3229 1426
3229 2144
3229 2376
3229 2388
3229 2432
3229 2434
3229 2467
3229 2505
3229 2506
3229 2538
3229 2599
3229 2607
3229 2627
3229 2647
3229 2653
3229 2722
3229 2758
3229 2775
3229 2803
3229 2806
3229 2809
3229 2828
3229 2847
3229 2862
3229 2892
3229 2898
3229 2913
3229 2923
3229 2942
3229 2946
3229 2991
3229 2992
3229 3022
3229 3025
3229 3029
3229 3030
3229 3037
3229 3042
3229 3045
3229 3059
3229 3061
3229 3076
3229 3097
3229 3098
3229 3127
3229 3147
3229 3177
3229 3188
3229 3189
3229 3192
3229 3201
3229 3203
3229 3217
3229 3233
3229 3234
3229 3240
3229 3561
3229 3991
3229 4036
3229 4102
3229 4109
3229 4165
3229 4564
3229 4636
3229 4679
3229 4986
3620 1360
3620 2919
3620 3631
3620 3925
3620 4131
3620 4149
3620 4161
3620 4167
71 109
71 505
71 544
71 808
71 924
71 3755
109 411
109 464
109 2045
109 2326
505 95
505 112
505 429
505 436
505 488
505 536
505 544
505 670
505 1022
505 1349
505 3164
505 3390
505 3453
505 4206
544 91
544 110
544 112
544 168
544 181
544 202
544 248
544 291
544 311
544 376
544 437
544 441
544 453
544 460
544 466
544 488
544 1668
544 1751
544 1815
544 1941
544 2293
544 2349
544 2506
544 2923
544 3153
544 3203
544 3987
544 4012
544 4129
544 4446
544 4566
808 787
808 872
808 978
808 1335
808 1346
808 1372
808 2949
808 4201
924 565
924 905
924 1082
924 1182
924 1314
924 1368
924 1371
924 2327
3755 700
3755 3879
3755 4016
3755 4029
3755 4068
3755 4078
3755 4085
3755 4087
3755 4093
3755 4162
3755 4519
72 341
72 431
72 1250
72 3964
341 94
341 110
341 165
341 3123
341 3236
341 3611
341 3820
431 182
431 302
431 312
431 342
431 351
431 410
431 565
431 3139
431 3238
431 3745
431 3929
431 4865
431 4926
1250 670
1250 745
1250 809
1250 915
1250 918
1250 996
1250 1109
1250 1119
1250 1123
1250 1133
1250 1134
1250 1154
1250 1162
1250 1191
1250 1196
1250 1280
1250 1287
1250 1325
1250 1336
1250 1344
1250 1347
1250 1772
1250 2882
1250 3309
1250 4067
1250 4095
1250 4127
1250 4512
3964 512
3964 526
3964 1395
3964 2856
3964 3156
3964 3332
3964 3725
3964 4077
3964 4098
3964 4115
3964 4133
3964 4141
3964 4168
3964 4186
3964 4193
3964 4198
3964 4205
3964 4207
73 184
73 185
73 246
73 1236
73 2979
184 2316
184 2916
184 4058
185 352
185 456
185 1233
246 132
246 379
246 2917
246 2952
246 3725
1236 723
1236 856
1236 982
1236 1102
1236 1103
1236 1152
1236 1199
1236 1210
1236 1228
1236 1248
1236 1249
1236 1269
1236 1326
1236 1328
1236 1332
1236 1345
1236 1351
1236 1365
1236 1372
1236 1562
1236 1623
1236 1685
1236 1794
1236 3491
1236 4164
1236 4194
1236 4201
2979 1371
2979 1437
2979 2024
2979 2754
2979 2824
2979 2930
2979 2944
2979 3030
2979 3077
2979 3094
2979 3161
2979 3175
2979 3178
2979 3195
2979 3196
2979 3209
2979 3214
2979 4047
2979 4638
74 482
74 1197
74 4178
482 77
482 122
482 135
482 192
482 216
482 232
482 238
482 283
482 328
482 2289
482 2293
482 2339
482 3108
482 3139
482 3816
482 4059
482 4523
1197 614
1197 631
1197 650
1197 691
1197 695
1197 702
1197 801
1197 931
1197 944
1197 1008
1197 1099
1197 1165
1197 1198
1197 1281
1197 1293
1197 1360
1197 1372
1197 1456
1197 2017
1197 2253
1197 3911
1197 4161
4178 252
4178 526
4178 614
4178 829
4178 1309
4178 1545
4178 1739
4178 2113
4178 2220
4178 2234
4178 2331
4178 2337
4178 2683
4178 2824
4178 3060
4178 3236
4178 3248
4178 3291
4178 3317
4178 3333
4178 3334
4178 3362
4178 3403
4178 3405
4178 3447
4178 3490
4178 3570
4178 3594
4178 3595
4178 3651
4178 3652
4178 3677
4178 3739
4178 3748
4178 3789
4178 3798
4178 3823
4178 3864
4178 3873
4178 3880
4178 3895
4178 3899
4178 3913
4178 3942
4178 3947
4178 3950
4178 3963
4178 3979
4178 3990
4178 3997
4178 4021
4178 4024
4178 4025
4178 4033
4178 4038
4178 4043
4178 4056
4178 4065
4178 4066
4178 4127
4178 4139
4178 4146
4178 4147
4178 4158
4178 4173
4178 4190
4178 4191
4178 4552
4178 4891
75 198
75 205
75 268
75 450
75 2316
75 2898
198 152
198 205
198 236
198 450
198 1226
198 2777
205 319
205 327
205 387
205 441
205 450
205 791
205 2745
205 3907
268 236
268 255
268 319
268 327
268 387
268 450
268 1159
268 1241
268 2600
450 145
450 152
450 196
450 236
450 255
450 319
450 327
450 387
450 1670
450 2421
450 2747
450 2909
450 2946
450 4007
450 4523
2316 1358
2316 1517
2316 1547
2316 1568
2316 1685
2316 1707
2316 1713
2316 1731
2316 1751
2316 1781
2316 1788
2316 1801
2316 1807
2316 1809
2316 1840
2316 1849
2316 1880
2316 1900
2316 1907
2316 1951
2316 1983
2316 2007
2316 2013
2316 2027
2316 2030
2316 2032
2316 2038
2316 2042
2316 2103
2316 2113
2316 2144
2316 2160
2316 2175
2316 2177
2316 2195
2316 2197
2316 2208
2316 2227
2316 2291
2316 2293
2316 2305
2316 2310
2316 2347
2316 2352
2316 2752
2316 3097
2316 3161
2316 4690
2316 4819
2316 4952
2898 165
2898 2185
2898 2952
2898 3109
2898 3131
2898 3189
2898 3192
2898 3203
2898 3234
2898 4993
166 311
166 360
166 1207
166 1630
229 399
229 1112
229 1839
229 4226
1146 1074
1146 1116
1146 1211
1146 1258
1146 1286
1146 1301
1146 1309
1146 1310
1146 1315
1146 1334
1146 1342
1146 1348
1146 1353
1146 1362
1146 1447
1146 3999
1146 4622
1146 4897
1529 1586
1529 1595
1529 1601
1529 1630
1529 1665
1529 1676
1529 1706
1529 2338
1529 2945
77 284
77 2204
77 3007
284 407
284 1714
284 2577
284 4194
2204 217
2204 248
2204 1040
2204 1433
2204 1761
2204 1791
2204 1816
2204 1825
2204 2005
2204 2044
2204 2114
2204 2154
2204 2237
2204 2269
2204 2272
2204 2278
2204 2294
2204 2296
2204 2321
2204 2338
2204 4003
2204 4835
3007 1312
3007 1474
3007 2539
3007 2617
3007 2674
3007 2714
3007 2778
3007 2827
3007 2865
3007 2885
3007 2925
3007 2970
3007 2985
3007 3081
3007 3084
3007 3125
3007 3197
3007 3922
3007 4057
3007 4539
217 245
217 451
217 4169
217 4536
2321 1182
2321 1343
2321 1725
2321 1804
2321 1805
2321 1816
2321 1854
2321 1864
2321 1890
2321 1909
2321 1939
2321 1950
2321 1966
2321 1994
2321 2001
2321 2004
2321 2006
2321 2037
2321 2054
2321 2058
2321 2071
2321 2075
2321 2082
2321 2083
2321 2104
2321 2110
2321 2128
2321 2146
2321 2153
2321 2169
2321 2186
2321 2213
2321 2261
2321 2281
2321 2289
2321 2309
2321 2318
2321 2323
2321 2330
2321 2336
2321 2341
2321 2346
2321 2392
2321 2900
2321 3207
2321 3694
2321 3798
2321 3812
2321 3878
2321 4008
2321 4047
2321 4495
2321 4810
2321 4838
2321 4932
3027 456
3027 1667
3027 2351
3027 2707
3027 2746
3027 2794
3027 2899
3027 2965
3027 2990
3027 3000
3027 3006
3027 3064
3027 3079
3027 3098
3027 3101
3027 3118
3027 3149
3027 3154
3027 3172
3027 3228
3027 3623
3027 4707
79 366
79 2763
79 3576
366 385
366 432
366 478
366 4020
366 4208
366 4831
366 4911
2763 1335
2763 2984
2763 3071
2763 3107
2763 3162
2763 3165
2763 3176
2763 3233
2763 3883
2763 4574
3576 3125
3576 3660
3576 4140
3576 4169
3576 4196
3576 4202
3576 4204
3576 4206
3576 4326
80 433
80 481
80 496
80 2168
80 3082
433 323
433 331
433 374
433 395
433 400
433 421
433 481
433 496
433 1505
433 1597
433 2227
433 3082
433 4088
433 4436
481 129
481 157
481 243
481 280
481 323
481 331
481 395
481 400
481 421
481 496
481 1342
481 3056
481 3162
481 3201
481 3242
481 3811
481 4131
481 4973
496 129
496 157
496 243
496 280
496 290
496 323
496 331
496 374
496 395
496 400
496 421
496 851
496 971
496 1430
496 2792
496 3742
496 4000
496 4034
496 4200
496 4206
2168 133
2168 1765
2168 1798
2168 2043
2168 2067
2168 2131
2168 2170
2168 2179
2168 2222
2168 2256
2168 2260
2168 2266
2168 2267
2168 2318
2168 2713
2168 4199
2168 4629
2168 4990
3082 827
3082 851
3082 1121
3082 1365
3082 2262
3082 2369
3082 2477
3082 2802
3082 2874
3082 3009
3082 3023
3082 3056
3082 3078
3082 3101
3082 3115
3082 3124
3082 3131
3082 3144
3082 3201
3082 3205
3082 3221
3082 3223
3082 3230
3082 3236
3082 4100
3082 4141
81 3654
81 3946
3654 3127
3654 4016
3654 4029
3654 4068
3654 4078
3654 4085
3654 4093
3654 4170
3654 4418
3946 1011
3946 1065
3946 1897
3946 2782
3946 3497
3946 3855
3946 3863
3946 3917
3946 3929
3946 3998
3946 4000
3946 4036
3946 4049
3946 4071
3946 4157
3946 4164
3946 4183
3946 4184
3946 4200
3946 4996
82 376
82 1725
82 3365
376 415
376 956
376 1663
376 2348
376 4107
376 4114
1725 2273
1725 2336
1725 2341
1725 2346
1725 4797
3365 1286
3365 3925
3365 4089
3365 4131
3365 4149
3365 4161
3365 4166
83 357
83 1720
83 3610
357 443
357 462
357 511
357 1603
357 2590
357 4992
1720 1747
1720 1769
1720 2100
1720 2119
1720 2152
1720 4436
3610 2305
3610 3048
3610 3726
3610 3881
3610 4051
3610 4079
3610 4151
84 456
84 509
84 4158
84 4740
456 161
456 190
456 254
456 289
456 352
456 367
456 440
456 444
456 509
456 526
456 1893
456 2352
456 2755
456 2887
456 3226
456 3705
509 114
509 139
509 170
509 222
509 238
509 254
509 337
509 350
509 352
509 364
509 397
509 413
509 440
509 614
509 764
509 1143
509 1561
509 2182
509 3502
509 3556
509 4922
509 4951
509 4959
4158 263
4158 706
4158 1033
4158 1280
4158 1283
4158 1333
4158 1679
4158 2306
4158 2686
4158 2992
4158 3163
4158 3224
4158 3243
4158 3291
4158 3294
4158 3317
4158 3333
4158 3362
4158 3490
4158 3594
4158 3595
4158 3651
4158 3748
4158 3786
4158 3798
4158 3822
4158 3823
4158 3864
4158 3873
4158 3880
4158 3886
4158 3895
4158 3899
4158 3913
4158 3947
4158 3950
4158 3959
4158 3963
4158 3979
4158 3997
4158 4013
4158 4024
4158 4033
4158 4034
4158 4038
4158 4043
4158 4066
4158 4139
4158 4146
4158 4167
4158 4181
4158 4190
4158 4191
4158 4193
4158 4206
4158 4909
4158 4972
4158 4997
4740 2054
4740 2849
4740 4670
4740 4708
4740 4832
4740 4847
4740 4874
4740 4892
4740 4953
85 437
85 2273
85 4173
437 211
437 311
437 466
437 1590
437 2071
437 2613
437 3201
437 3888
437 4183
2273 478
2273 1828
2273 1883
2273 1918
2273 1933
2273 1988
2273 2031
2273 2068
2273 2098
2273 2108
2273 2109
2273 2203
2273 2219
2273 2248
2273 2253
2273 2324
2273 2326
2273 2338
2273 2341
2273 2344
2273 2350
2273 2352
2273 2437
2273 2816
2273 3209
2273 3864
2273 3982
2273 4191
2273 4620
2273 4972
4173 286
4173 468
4173 1676
4173 1798
4173 2022
4173 2189
4173 2645
4173 2729
4173 2852
4173 2904
4173 3010
4173 3056
4173 3177
4173 3180
4173 3204
4173 3263
4173 3281
4173 3284
4173 3318
4173 3332
4173 3373
4173 3428
4173 3471
4173 3522
4173 3555
4173 3590
4173 3624
4173 3656
4173 3713
4173 3744
4173 3758
4173 3790
4173 3825
4173 3840
4173 3848
4173 3886
4173 3898
4173 3924
4173 3973
4173 3975
4173 3980
4173 4025
4173 4030
4173 4050
4173 4053
4173 4060
4173 4070
4173 4073
4173 4081
4173 4103
4173 4107
4173 4108
4173 4110
4173 4129
4173 4153
4173 4164
4173 4187
4173 4194
4173 4198
4173 4298
4173 4581
4173 4939
4173 4947
4173 4957
86 133
86 273
86 1095
86 2151
133 570
133 1318
133 2174
273 446
273 514
273 565
273 3737
273 4557
1095 617
1095 656
1095 679
1095 863
1095 906
1095 938
1095 957
1095 1004
1095 1036
1095 1323
1095 1347
1095 1663
1095 1870
1095 1914
1095 3166
2151 388
2151 1343
2151 2039
2151 2200
2151 2230
2151 2272
2151 2308
2151 2324
2151 2326
2151 2340
2151 2344
2151 2350
2151 2352
2151 4094
87 353
87 565
87 3959
87 4990
353 238
353 379
353 2352
353 3186
353 3685
353 4578
565 178
565 209
565 233
565 239
565 250
565 251
565 290
565 291
565 295
565 345
565 365
565 391
565 398
565 410
565 514
565 747
565 893
565 1078
565 1351
565 1473
565 1706
565 2163
565 2171
565 2864
565 4044
565 4068
565 4204
565 4385
565 4510
565 4905
565 4917
3959 3170
3959 3242
3959 3334
3959 3403
3959 3501
3959 3652
3959 3864
3959 3942
3959 4024
3959 4038
3959 4084
3959 4139
3959 4146
3959 4190
3959 4191
3959 4442
3959 4731
3959 4938
4990 361
4990 1014
4990 1071
4990 1131
4990 1279
4990 1301
4990 1369
4990 1643
4990 2051
4990 2236
4990 2329
4990 2908
4990 3104
4990 3150
4990 3168
4990 3315
4990 3941
4990 4089
4990 4572
4990 4585
4990 4600
4990 4615
4990 4617
4990 4638
4990 4666
4990 4672
4990 4700
4990 4709
4990 4715
4990 4723
4990 4729
4990 4751
4990 4763
4990 4765
4990 4771
4990 4780
4990 4781
4990 4787
4990 4800
4990 4809
4990 4826
4990 4828
4990 4851
4990 4855
4990 4871
4990 4879
4990 4891
4990 4894
4990 4901
4990 4903
4990 4907
4990 4908
4990 4919
4990 4925
4990 4928
4990 4943
4990 4944
4990 4955
4990 4965
4990 4966
4990 4968
4990 4974
4990 4979
4990 4982
4990 4983
4990 4988
4990 4991
4990 4993
4990 4996
4990 4997
4990 4998
4990 4999
395 129
395 232
395 331
395 374
395 421
395 3201
395 3203
395 4101
395 4483
1132 919
1132 922
1132 950
1132 1017
1132 1024
1132 1086
1132 1094
1132 1219
1132 1231
1132 1247
1132 1266
1132 2861
1132 4025
1132 4401
1132 4981
2619 1021
2619 1183
2619 2468
2619 2749
2619 2970
2619 2985
2619 3084
2619 3125
89 468
89 1347
89 1708
468 120
468 209
468 250
468 409
468 458
468 1035
468 1249
468 1616
468 2105
468 2796
468 3010
468 4837
1347 264
1347 595
1347 670
1347 674
1347 728
1347 736
1347 745
1347 761
1347 764
1347 765
1347 783
1347 893
1347 915
1347 918
1347 970
1347 996
1347 997
1347 1010
1347 1042
1347 1054
1347 1097
1347 1107
1347 1109
1347 1112
1347 1118
1347 1119
1347 1123
1347 1125
1347 1129
1347 1131
1347 1133
1347 1134
1347 1154
1347 1162
1347 1163
1347 1181
1347 1196
1347 1280
1347 1287
1347 1325
1347 1336
1347 1358
1347 1573
1347 1647
1347 1900
1347 2601
1347 2704
1347 2892
1347 3292
1347 3904
1347 3932
1347 3997
1347 4077
1347 4081
1347 4118
1347 4171
1347 4179
1347 4726
1708 301
1708 347
1708 435
1708 875
1708 963
1708 1115
1708 1394
1708 1396
1708 1411
1708 1414
1708 1420
1708 1440
1708 1443
1708 1447
1708 1453
1708 1463
1708 1469
1708 1470
1708 1479
1708 1482
1708 1495
1708 1501
1708 1504
1708 1525
1708 1527
1708 1531
1708 1534
1708 1543
1708 1547
1708 1548
1708 1569
1708 1576
1708 1581
1708 1586
1708 1589
1708 1598
1708 1600
1708 1604
1708 1613
1708 1617
1708 1627
1708 1628
1708 1632
1708 1637
1708 1639
1708 1650
1708 1651
1708 1656
1708 1667
1708 1676
1708 1682
1708 1687
1708 1699
1708 1700
1708 1703
1708 1705
1708 1707
1708 1709
1708 2775
1708 3032
1708 3227
1708 3344
1708 3783
1708 3918
1708 3932
1708 4162
1708 4497
1708 4799
1708 4955
90 160
90 390
90 420
90 1346
90 4181
160 2036
160 4515
390 365
390 407
390 656
390 1360
390 1950
390 2809
420 158
420 2371
420 2987
420 3066
420 3807
420 4369
1346 629
1346 631
1346 640
1346 646
1346 750
1346 799
1346 819
1346 856
1346 875
1346 881
1346 900
1346 902
1346 994
1346 1011
1346 1090
1346 1102
1346 1108
1346 1158
1346 1199
1346 1209
1346 1210
1346 1212
1346 1217
1346 1223
1346 1242
1346 1245
1346 1249
1346 1269
1346 1274
1346 1278
1346 1304
1346 1305
1346 1312
1346 1323
1346 1326
1346 1332
1346 1345
1346 1351
1346 1357
1346 1365
1346 1372
1346 2134
1346 2149
1346 2291
1346 3062
1346 3112
1346 3210
1346 3226
1346 3237
1346 3762
1346 3823
1346 4052
1346 4181
1346 4537
1346 4553
1346 4558
1346 4756
4181 994
4181 1321
4181 1705
4181 2146
4181 2219
4181 2243
4181 2289
4181 2334
4181 2350
4181 3070
4181 3173
4181 3277
4181 3284
4181 3286
4181 3311
4181 3319
4181 3371
4181 3379
4181 3404
4181 3416
4181 3434
4181 3439
4181 3460
4181 3482
4181 3559
4181 3575
4181 3587
4181 3597
4181 3658
4181 3688
4181 3727
4181 3730
4181 3733
4181 3745
4181 3765
4181 3776
4181 3783
4181 3787
4181 3796
4181 3801
4181 3811
4181 3822
4181 3919
4181 3920
4181 3921
4181 3974
4181 4004
4181 4028
4181 4037
4181 4056
4181 4057
4181 4061
4181 4074
4181 4086
4181 4096
4181 4098
4181 4118
4181 4120
4181 4155
4181 4171
4181 4191
4181 4197
4181 4244
4181 4305
4181 4366
4181 4929
4181 4938
91 4731
91 4991
4731 3197
4731 4886
4731 4915
4731 4930
4731 4981
4731 4992
4731 4994
4991 792
4991 1285
4991 1367
4991 2239
4991 2279
4991 2715
4991 2771
4991 2914
4991 3074
4991 3090
4991 3112
4991 3172
4991 3187
4991 3743
4991 3922
4991 3937
4991 4148
4991 4209
4991 4572
4991 4585
4991 4615
4991 4639
4991 4672
4991 4678
4991 4696
4991 4702
4991 4713
4991 4716
4991 4723
4991 4763
4991 4765
4991 4806
4991 4809
4991 4810
4991 4826
4991 4827
4991 4828
4991 4851
4991 4855
4991 4870
4991 4879
4991 4891
4991 4894
4991 4897
4991 4901
4991 4903
4991 4907
4991 4908
4991 4919
4991 4922
4991 4925
4991 4943
4991 4944
4991 4955
4991 4958
4991 4965
4991 4968
4991 4970
4991 4974
4991 4978
4991 4979
4991 4982
4991 4988
4991 4989
4991 4993
4991 4994
4991 4996
4991 4997
4991 4998
4991 4999
92 137
92 2247
92 4988
137 451
137 2343
137 4502
2247 406
2247 878
2247 1727
2247 1732
2247 1763
2247 2045
2247 2074
2247 2080
2247 2089
2247 2116
2247 2126
2247 2167
2247 2211
2247 2231
2247 2241
2247 2251
2247 2263
2247 2271
2247 2294
2247 2297
2247 2299
2247 2331
2247 2336
2247 2717
2247 4008
2247 4129
2247 4317
2247 4417
2247 4914
4988 767
4988 897
4988 1130
4988 1158
4988 1337
4988 1341
4988 1371
4988 1660
4988 1944
4988 2681
4988 3167
4988 3174
4988 3207
4988 3563
4988 3681
4988 3793
4988 3921
4988 4180
4988 4587
4988 4600
4988 4613
4988 4615
4988 4617
4988 4659
4988 4678
4988 4689
4988 4716
4988 4717
4988 4723
4988 4729
4988 4733
4988 4761
4988 4763
4988 4771
4988 4780
4988 4787
4988 4793
4988 4800
4988 4806
4988 4810
4988 4828
4988 4851
4988 4855
4988 4863
4988 4870
4988 4871
4988 4891
4988 4894
4988 4901
4988 4907
4988 4919
4988 4921
4988 4922
4988 4943
4988 4946
4988 4955
4988 4960
4988 4965
4988 4968
4988 4974
4988 4979
4988 4982
4988 4989
4988 4993
4988 4994
4988 4996
4988 4997
4988 4998
4988 4999
93 219
93 266
93 3881
219 2421
219 2913
219 4912
266 364
266 1234
266 1709
266 2243
266 4941
3881 2039
3881 2340
3881 3882
3881 4051
3881 4079
3881 4116
3881 4137
3881 4143
3881 4151
3881 4188
94 4208
4208 970
4208 1040
4208 1050
4208 1208
4208 1235
4208 1263
4208 1364
4208 1473
4208 1568
4208 1575
4208 1942
4208 2020
4208 2189
4208 2279
4208 3057
4208 3123
4208 3143
4208 3172
4208 3175
4208 3182
4208 3238
4208 3253
4208 3258
4208 3322
4208 3349
4208 3356
4208 3374
4208 3387
4208 3394
4208 3408
4208 3419
4208 3425
4208 3426
4208 3485
4208 3499
4208 3508
4208 3574
4208 3623
4208 3647
4208 3665
4208 3676
4208 3682
4208 3691
4208 3714
4208 3721
4208 3731
4208 3743
4208 3747
4208 3769
4208 3815
4208 3818
4208 3832
4208 3841
4208 3862
4208 3868
4208 3909
4208 3927
4208 3930
4208 3936
4208 3952
4208 4008
4208 4014
4208 4033
4208 4055
4208 4069
4208 4085
4208 4095
4208 4098
4208 4109
4208 4123
4208 4135
4208 4142
4208 4151
4208 4153
4208 4159
4208 4162
4208 4166
4208 4186
4208 4189
4208 4195
4208 4199
4208 4201
4208 4266
4208 4498
4208 4797
4208 4959
95 2986
2986 379
2986 1993
2986 2306
2986 2997
2986 3025
2986 3038
2986 3059
2986 3061
2986 3098
2986 3111
2986 3127
2986 3158
2986 3173
2986 3188
2986 3233
2986 3234
2986 3240
2986 3489
96 206
96 244
96 3134
206 212
206 244
206 326
206 1317
206 4911
244 326
244 3127
244 3128
244 4062
3134 473
3134 1096
3134 1372
3134 1542
3134 2287
3134 2288
3134 2375
3134 2540
3134 2626
3134 2639
3134 2724
3134 2742
3134 2744
3134 2748
3134 2767
3134 2796
3134 2878
3134 2929
3134 2959
3134 3017
3134 3031
3134 3054
3134 3060
3134 3106
3134 3120
3134 3140
3134 3151
3134 3182
3134 3197
3134 3210
3134 3218
3134 3241
3134 3270
3134 3459
3134 3498
3134 4042
97 259
97 816
97 4211
259 151
259 159
259 324
259 1702
259 3054
259 3885
816 718
816 1238
816 1354
816 1356
816 1366
816 1369
816 4116
4211 210
4211 845
4211 856
4211 1131
4211 1249
4211 1325
4211 1334
4211 1707
4211 2339
4211 2390
4211 2543
4211 2783
4211 3138
4211 3165
4211 3201
4211 3206
4211 3264
4211 3276
4211 3278
4211 3309
4211 3326
4211 3328
4211 3380
4211 3381
4211 3384
4211 3395
4211 3400
4211 3515
4211 3524
4211 3537
4211 3552
4211 3566
4211 3567
4211 3572
4211 3583
4211 3603
4211 3622
4211 3690
4211 3701
4211 3705
4211 3712
4211 3729
4211 3742
4211 3754
4211 3762
4211 3821
4211 3834
4211 3837
4211 3838
4211 3860
4211 3865
4211 3875
4211 3893
4211 3900
4211 3910
4211 3922
4211 3932
4211 3943
4211 3945
4211 3951
4211 3984
4211 3993
4211 4035
4211 4041
4211 4042
4211 4050
4211 4054
4211 4080
4211 4089
4211 4100
4211 4129
4211 4130
4211 4136
4211 4144
4211 4150
4211 4163
4211 4165
4211 4169
4211 4170
4211 4172
4211 4206
4211 4209
4211 4210
4211 4489
4211 4509
4211 4528
4211 4531
4211 4865
4211 4876
4211 4998
498 239
498 446
498 464
498 515
498 1161
498 1270
498 1309
498 1337
498 1662
498 3133
498 3666
498 3675
498 4479
1818 1938
1818 2280
1818 2345
1818 2351
1818 2555
1818 3028
2348 285
2348 668
2348 798
2348 1306
2348 1320
2348 1645
2348 1748
2348 1773
2348 1835
2348 1842
2348 1845
2348 1848
2348 1857
2348 1909
2348 1949
2348 1961
2348 1962
2348 2003
2348 2015
2348 2021
2348 2024
2348 2026
2348 2028
2348 2034
2348 2048
2348 2056
2348 2061
2348 2064
2348 2081
2348 2090
2348 2118
2348 2131
2348 2135
2348 2143
2348 2172
2348 2174
2348 2184
2348 2200
2348 2206
2348 2219
2348 2228
2348 2235
2348 2242
2348 2259
2348 2261
2348 2262
2348 2270
2348 2280
2348 2284
2348 2306
2348 2311
2348 2312
2348 2314
2348 2317
2348 2322
2348 2333
2348 2345
2348 2351
2348 2358
2348 2622
2348 2729
2348 3143
2348 3212
2348 3227
2348 3692
2348 3734
2348 4026
2348 4175
2348 4439
2348 4556
2348 4677
2348 4852
2348 4893
2348 4919
99 192
99 514
99 1564
99 3845
99 4553
192 238
192 2243
192 2559
514 315
514 358
514 407
514 515
514 1321
514 1437
514 1945
514 2242
514 3659
514 4093
514 4161
514 4172
514 4207
514 4946
1564 894
1564 1610
1564 1620
1564 1621
1564 1676
1564 1679
1564 1688
1564 1690
1564 1699
1564 1704
1564 2768
1564 3601
3845 2349
3845 3032
3845 3826
3845 3897
3845 3939
3845 4003
3845 4036
3845 4080
3845 4083
3845 4101
3845 4121
3845 4127
3845 4138
3845 4177
4553 950
4553 966
4553 1127
4553 1255
4553 1280
4553 1554
4553 1930
4553 1976
4553 2311
4553 2423
4553 2661
4553 2759
4553 3233
4553 4138
4553 4157
4553 4161
4553 4191
4553 4226
4553 4236
4553 4282
4553 4294
4553 4300
4553 4344
4553 4363
4553 4374
4553 4378
4553 4392
4553 4400
4553 4411
4553 4424
4553 4427
4553 4436
4553 4441
4553 4461
4553 4462
4553 4471
4553 4481
4553 4489
4553 4490
4553 4502
4553 4507
4553 4510
4553 4514
4553 4522
4553 4527
4553 4528
4553 4537
4553 4538
4553 4541
4553 4544
4553 4547
4553 4548
4553 4555
4553 4556
4553 4557
4553 4560
4553 4562
4553 4564
4553 4566
4553 4567
4553 4568
4553 4569
297 125
297 512
297 2852
297 3628
297 4989
391 362
391 512
391 3740
391 4029
391 4194
391 4536
3420 3225
3420 3441
3420 4019
3420 4046
3420 4091
3420 4204
3420 4206
4170 536
4170 725
4170 786
4170 1262
4170 1309
4170 1367
4170 1663
4170 1716
4170 1946
4170 2791
4170 2995
4170 3014
4170 3202
4170 3227
4170 3276
4170 3278
4170 3314
4170 3333
4170 3339
4170 3395
4170 3464
4170 3493
4170 3503
4170 3552
4170 3572
4170 3644
4170 3705
4170 3708
4170 3712
4170 3834
4170 3836
4170 3837
4170 3854
4170 3860
4170 3888
4170 3900
4170 3910
4170 3922
4170 3932
4170 3942
4170 3951
4170 3961
4170 3993
4170 3994
4170 4001
4170 4012
4170 4041
4170 4042
4170 4087
4170 4100
4170 4107
4170 4118
4170 4150
4170 4163
4170 4165
4170 4168
4170 4169
4170 4172
4170 4209
4170 4210
4170 4495
4170 4552
4170 4971
101 329
101 406
101 898
101 1352
329 270
329 294
329 406
329 1361
329 2166
329 2472
329 3861
406 171
406 240
406 270
406 294
406 336
406 2263
406 2737
406 3630
406 3984
898 626
898 1172
898 1194
898 1216
898 1245
898 1326
898 1365
898 1372
898 2345
1352 122
1352 599
1352 644
1352 647
1352 687
1352 703
1352 726
1352 796
1352 833
1352 844
1352 850
1352 865
1352 869
1352 945
1352 962
1352 964
1352 968
1352 990
1352 1000
1352 1025
1352 1027
1352 1038
1352 1049
1352 1055
1352 1063
1352 1073
1352 1085
1352 1089
1352 1105
1352 1152
1352 1176
1352 1181
1352 1200
1352 1211
1352 1232
1352 1233
1352 1239
1352 1298
1352 1305
1352 1311
1352 1321
1352 1330
1352 1338
1352 1339
1352 1344
1352 1686
1352 2307
1352 2651
1352 2820
1352 2995
1352 3103
1352 3828
1352 4118
1352 4193
1352 4200
1352 4387
1352 4400
1352 4403
1352 4700
451 146
451 233
451 1274
451 2123
451 3096
451 3120
451 4530
451 4569
451 4977
2043 994
2043 1820
2043 1866
2043 1882
2043 1889
2043 1991
2043 2132
2043 2134
2043 2155
2043 3064
2043 4056
3814 1940
3814 2308
3814 2339
3814 3315
3814 3321
3814 3324
3814 3354
3814 3383
3814 3459
3814 3699
3814 3735
3814 3907
3814 4150
103 289
103 438
103 3028
103 3098
289 120
289 526
289 1891
289 3164
289 3652
438 158
438 257
438 432
438 492
438 515
438 894
438 1345
438 2802
438 2881
438 2978
438 3125
3028 1204
3028 2048
3028 2347
3028 2643
3028 2722
3028 2778
3028 2818
3028 2912
3028 2947
3028 3097
3028 3127
3028 3158
3028 3188
3028 3189
3028 3217
3028 3230
3028 3233
3028 3234
3028 4204
3098 1276
3098 1997
3098 2513
3098 2692
3098 2856
3098 2952
3098 3001
3098 3025
3098 3037
3098 3061
3098 3097
3098 3147
3098 3158
3098 3188
3098 3203
3098 3210
3098 3217
3098 3233
3098 3234
3098 3240
3098 3306
3098 3943
3098 4153
3098 4207
3098 4678
3098 4729
334 151
334 207
334 338
334 346
334 447
334 2300
334 3813
334 4078
334 4171
3133 1504
3133 1555
3133 2022
3133 2383
3133 2555
3133 2583
3133 2850
3133 2890
3133 2893
3133 3004
3133 3010
3133 3059
3133 3069
3133 3104
3133 3113
3133 3119
3133 3141
3133 3142
3133 3191
3133 3193
3133 3200
3133 3202
3133 3204
3133 3206
3133 3207
3133 3226
3133 3228
3133 3235
3133 3241
3133 3410
3133 4804
3133 4973
3133 4982
105 2647
105 2908
105 3841
2647 3158
2647 3188
2647 3233
2647 3234
2647 3637
2647 3779
2908 1659
2908 2741
2908 2783
2908 2973
2908 2975
2908 3011
2908 3012
2908 3075
2908 3146
2908 3173
2908 3185
2908 3226
2908 3747
3841 745
3841 2182
3841 3168
3841 3909
3841 4095
3841 4159
3841 4162
3841 4189
3841 4193
3841 4195
3841 4199
3841 4201
1181 435
1181 649
1181 869
1181 990
1181 1038
1181 1063
1181 1107
1181 1149
1181 1176
1181 1200
1181 1298
1181 1305
1181 1330
1181 1338
1181 2910
1181 4091
1181 4238
4771 900
4771 4686
4771 4965
4771 4974
4771 4982
4771 4993
4771 4997
4771 4998
107 162
107 394
107 404
107 4030
107 4519
162 317
162 1369
162 2108
162 3071
394 240
394 388
394 419
394 1156
394 2313
394 4136
394 4428
394 4711
404 319
404 393
404 445
404 1654
404 2955
404 3902
404 4035
4030 1335
4030 1354
4030 1425
4030 3056
4030 3452
4030 3536
4030 3763
4030 3848
4030 3898
4030 4048
4030 4050
4030 4053
4030 4060
4030 4073
4030 4107
4030 4108
4030 4110
4030 4129
4030 4153
4030 4187
4030 4194
4030 4275
4030 4589
4030 4946
4519 916
4519 1032
4519 4022
4519 4112
4519 4304
4519 4348
4519 4372
4519 4413
4519 4439
4519 4473
4519 4474
4519 4480
4519 4486
4519 4495
4519 4499
4519 4503
4519 4516
4519 4528
4519 4533
4519 4548
4519 4549
4519 4550
4519 4551
4519 4558
4519 4562
4519 4563
4519 4749
4519 4994
4519 4996
108 275
108 3228
108 3504
108 3921
275 1860
275 3617
275 3795
3228 731
3228 866
3228 1016
3228 1045
3228 1238
3228 1315
3228 1368
3228 1676
3228 2119
3228 2156
3228 2174
3228 2287
3228 2296
3228 2341
3228 2381
3228 2384
3228 2435
3228 2437
3228 2440
3228 2472
3228 2478
3228 2507
3228 2512
3228 2527
3228 2544
3228 2577
3228 2656
3228 2669
3228 2676
3228 2690
3228 2700
3228 2823
3228 2850
3228 2875
3228 2888
3228 2893
3228 2897
3228 2918
3228 2928
3228 2948
3228 2959
3228 2999
3228 3010
3228 3014
3228 3019
3228 3033
3228 3045
3228 3065
3228 3069
3228 3075
3228 3100
3228 3104
3228 3113
3228 3119
3228 3141
3228 3142
3228 3146
3228 3157
3228 3191
3228 3193
3228 3199
3228 3200
3228 3202
3228 3204
3228 3207
3228 3226
3228 3235
3228 3237
3228 3241
3228 3265
3228 4003
3228 4054
3228 4072
3228 4075
3228 4180
3228 4515
3228 4529
3228 4968
3504 1190
3504 1297
3504 3687
3504 3744
3504 4175
3504 4202
3504 4206
3921 607
3921 1968
3921 2813
3921 3460
3921 3568
3921 3658
3921 3743
3921 3796
3921 3974
3921 4057
3921 4118
3921 4155
3921 4171
3921 4197
411 212
411 346
411 536
411 732
411 1637
411 2104
411 2221
411 4183
464 183
464 241
464 536
464 2735
464 3148
464 3963
464 4005
464 4979
2045 1049
2045 2041
2045 2080
2045 2241
2045 2271
2045 2294
2045 2297
2045 2311
2045 2331
2045 2966
2326 490
2326 690
2326 1028
2326 1060
2326 1064
2326 1205
2326 1282
2326 1329
2326 1702
2326 1800
2326 1836
2326 1875
2326 1979
2326 1985
2326 2020
2326 2040
2326 2096
2326 2109
2326 2112
2326 2113
2326 2140
2326 2161
2326 2174
2326 2185
2326 2191
2326 2210
2326 2230
2326 2231
2326 2243
2326 2253
2326 2258
2326 2265
2326 2276
2326 2285
2326 2304
2326 2308
2326 2313
2326 2318
2326 2324
2326 2327
2326 2329
2326 2332
2326 2338
2326 2339
2326 2340
2326 2344
2326 2350
2326 2352
2326 3049
2326 3073
2326 3207
2326 3212
2326 3546
2326 4033
2326 4195
2326 4503
2326 4540
110 460
110 473
110 1769
110 1978
460 453
460 473
460 1555
460 2118
460 2814
460 3069
460 3878
460 4974
473 415
473 435
473 436
473 457
473 1108
473 1907
473 3145
473 3240
473 4112
473 4417
473 4966
1769 1893
1769 2152
1769 2254
1769 4149
1978 1190
1978 1927
1978 1934
1978 2178
1978 2232
1978 2238
1978 2293
1978 3256
1978 3552
111 293
111 477
111 2653
111 4105
111 4989
293 132
293 2131
293 3142
293 4299
293 4512
477 176
477 330
477 380
477 446
477 536
477 769
477 1253
477 1372
477 1605
477 2639
477 3135
477 4384
2653 2284
2653 3076
2653 3094
2653 3217
2653 4996
4105 839
4105 1244
4105 1452
4105 1527
4105 1651
4105 3220
4105 3236
4105 3319
4105 3380
4105 3404
4105 3630
4105 3689
4105 3704
4105 3773
4105 3776
4105 3787
4105 3796
4105 3869
4105 3902
4105 3974
4105 4004
4105 4048
4105 4056
4105 4057
4105 4074
4105 4096
4105 4118
4105 4120
4105 4142
4105 4155
4105 4166
4105 4169
4105 4171
4105 4191
4105 4197
4105 4806
4105 4871
4105 4917
4989 1344
4989 1478
4989 1745
4989 2041
4989 2240
4989 2303
4989 2341
4989 2423
4989 2454
4989 2604
4989 2968
4989 3107
4989 3586
4989 3899
4989 4017
4989 4051
4989 4187
4989 4193
4989 4545
4989 4550
4989 4579
4989 4601
4989 4626
4989 4634
4989 4641
4989 4644
4989 4646
4989 4665
4989 4683
4989 4684
4989 4692
4989 4711
4989 4718
4989 4725
4989 4737
4989 4743
4989 4745
4989 4760
4989 4764
4989 4768
4989 4773
4989 4788
4989 4817
4989 4820
4989 4821
4989 4823
4989 4824
4989 4833
4989 4844
4989 4854
4989 4868
4989 4872
4989 4877
4989 4881
4989 4887
4989 4900
4989 4913
4989 4920
4989 4921
4989 4935
4989 4942
4989 4948
4989 4951
4989 4957
4989 4964
4989 4969
4989 4976
4989 4983
4989 4985
112 2339
112 4079
2339 713
2339 997
2339 1306
2339 1341
2339 1631
2339 1735
2339 1786
2339 1813
2339 1828
2339 1860
2339 1870
2339 1871
2339 1918
2339 1931
2339 1933
2339 1947
2339 1989
2339 1997
2339 2012
2339 2031
2339 2035
2339 2037
2339 2077
2339 2084
2339 2098
2339 2108
2339 2109
2339 2141
2339 2161
2339 2191
2339 2203
2339 2211
2339 2217
2339 2223
2339 2231
2339 2240
2339 2250
2339 2253
2339 2254
2339 2258
2339 2259
2339 2265
2339 2276
2339 2285
2339 2290
2339 2294
2339 2295
2339 2304
2339 2308
2339 2313
2339 2324
2339 2327
2339 2329
2339 2338
2339 2344
2339 2350
2339 2352
2339 2389
2339 2591
2339 2671
2339 3106
2339 3176
2339 3632
2339 3914
2339 3935
2339 4120
2339 4262
2339 4533
2339 4562
2339 4703
4079 444
4079 889
4079 1540
4079 1765
4079 2349
4079 3137
4079 3521
4079 3554
4079 3637
4079 3695
4079 3857
4079 3876
4079 3915
4079 3948
4079 3957
4079 4002
4079 4017
4079 4058
4079 4097
4079 4113
4079 4116
4079 4130
4079 4137
4079 4143
4079 4147
4079 4168
4079 4188
4079 4749
4079 4967
113 446
113 2172
113 4197
446 315
446 1262
446 1339
446 2346
446 2946
446 3073
446 4467
2172 1368
2172 1765
2172 2206
2172 2234
2172 2242
2172 2280
2172 2306
2172 2312
2172 2314
2172 2345
2172 2347
2172 2571
2172 3926
2172 4197
2172 4913
4197 436
4197 490
4197 682
4197 824
4197 852
4197 1073
4197 1189
4197 1512
4197 1863
4197 1880
4197 2089
4197 2216
4197 2315
4197 2320
4197 2446
4197 2865
4197 2967
4197 2971
4197 3230
4197 3247
4197 3255
4197 3277
4197 3283
4197 3284
4197 3327
4197 3336
4197 3393
4197 3404
4197 3410
4197 3439
4197 3453
4197 3460
4197 3494
4197 3528
4197 3587
4197 3599
4197 3602
4197 3633
4197 3658
4197 3730
4197 3745
4197 3750
4197 3756
4197 3779
4197 3782
4197 3783
4197 3787
4197 3801
4197 3822
4197 3843
4197 3848
4197 3869
4197 3883
4197 3920
4197 3941
4197 4004
4197 4028
4197 4047
4197 4048
4197 4056
4197 4057
4197 4061
4197 4074
4197 4086
4197 4096
4197 4118
4197 4120
4197 4127
4197 4141
4197 4155
4197 4166
4197 4171
4197 4193
4197 4474
4197 4896
4197 4932
114 515
114 2300
114 3020
515 158
515 443
515 445
515 462
515 1218
515 1311
515 1353
515 1354
515 1700
515 2836
515 3029
515 4067
515 4092
515 4548
2300 1207
2300 1715
2300 1768
2300 1881
2300 1904
2300 1942
2300 1964
2300 1975
2300 2060
2300 2073
2300 2100
2300 2118
2300 2129
2300 2133
2300 2142
2300 2156
2300 2202
2300 2225
2300 2233
2300 2249
2300 2277
2300 2284
2300 2288
2300 2289
2300 2303
2300 2314
2300 2317
2300 2319
2300 2320
2300 2332
2300 2334
2300 2337
2300 2347
2300 2745
2300 3108
2300 3163
2300 3377
2300 3625
2300 3789
2300 3812
2300 3892
2300 4059
2300 4276
2300 4405
3020 998
3020 1771
3020 1931
3020 2131
3020 2514
3020 2754
3020 2815
3020 2824
3020 2922
3020 2930
3020 2981
3020 3077
3020 3149
3020 3163
3020 3175
3020 3178
3020 3196
3020 3200
3020 3209
3020 3214
3020 3930
3020 4918
115 654
115 4156
654 686
654 1143
654 1170
654 1279
654 4154
4156 143
4156 683
4156 1215
4156 1354
4156 1583
4156 1713
4156 2077
4156 2274
4156 2344
4156 3053
4156 3145
4156 3287
4156 3526
4156 3619
4156 3707
4156 3709
4156 3725
4156 3728
4156 3770
4156 3772
4156 3781
4156 3788
4156 3829
4156 3832
4156 3833
4156 3866
4156 3871
4156 3887
4156 3890
4156 3894
4156 3901
4156 3965
4156 3985
4156 4006
4156 4017
4156 4037
4156 4045
4156 4047
4156 4076
4156 4082
4156 4084
4156 4115
4156 4116
4156 4133
4156 4141
4156 4145
4156 4168
4156 4186
4156 4193
4156 4198
4156 4205
4156 4207
4156 4295
4156 4517
4156 4552
4156 4954
4156 4968
175 1382
175 3750
389 127
389 323
389 381
389 2014
389 2227
389 2599
389 2677
862 754
862 766
862 793
862 920
862 1014
862 1026
862 1361
862 2290
1256 722
1256 771
1256 854
1256 933
1256 1094
1256 1113
1256 1136
1256 1161
1256 1183
1256 1217
1256 1222
1256 1241
1256 1312
1256 1317
1256 1321
1256 1327
1256 1335
1256 1337
1256 1360
1256 2287
1256 3047
1256 3075
1256 3863
1256 4135
1256 4187
1256 4398
3100 240
3100 936
3100 973
3100 1017
3100 1180
3100 1494
3100 2215
3100 2537
3100 2914
3100 2959
3100 3033
3100 3065
3100 3069
3100 3104
3100 3141
3100 3142
3100 3156
3100 3157
3100 3191
3100 3193
3100 3200
3100 3202
3100 3204
3100 3206
3100 3207
3100 3225
3100 3226
3100 3235
3100 3241
3100 4089
3100 4436
117 526
117 2345
117 3785
526 121
526 170
526 222
526 254
526 310
526 337
526 350
526 352
526 367
526 397
526 413
526 444
526 1033
526 1372
526 1580
526 1706
526 3933
526 3994
526 4103
526 4184
526 4209
526 4977
2345 1160
2345 1457
2345 1652
2345 1657
2345 1741
2345 1794
2345 1835
2345 1842
2345 1845
2345 1848
2345 1857
2345 1863
2345 1915
2345 1945
2345 1949
2345 1961
2345 1968
2345 2003
2345 2021
2345 2024
2345 2026
2345 2028
2345 2048
2345 2056
2345 2061
2345 2081
2345 2118
2345 2143
2345 2174
2345 2184
2345 2206
2345 2208
2345 2219
2345 2228
2345 2234
2345 2235
2345 2242
2345 2261
2345 2262
2345 2270
2345 2280
2345 2282
2345 2284
2345 2288
2345 2303
2345 2306
2345 2311
2345 2312
2345 2314
2345 2322
2345 2330
2345 2340
2345 2351
2345 2616
2345 2697
2345 2868
2345 2909
2345 3012
2345 3191
2345 3234
2345 3237
2345 3484
2345 3849
2345 4189
2345 4198
2345 4200
2345 4393
2345 4521
2345 4625
2345 4844
2345 4999
3785 613
3785 3194
3785 3715
3785 3835
3785 3977
3785 4071
3785 4119
3785 4129
3785 4164
3785 4182
3785 4184
3785 4200
3785 4787
118 3240
118 4047
3240 695
3240 844
3240 928
3240 1192
3240 1277
3240 1287
3240 1299
3240 1682
3240 1776
3240 1921
3240 2129
3240 2380
3240 2430
3240 2449
3240 2482
3240 2493
3240 2513
3240 2517
3240 2607
3240 2664
3240 2678
3240 2722
3240 2733
3240 2776
3240 2784
3240 2806
3240 2809
3240 2818
3240 2835
3240 2847
3240 2876
3240 2889
3240 2892
3240 2910
3240 2912
3240 2913
3240 2923
3240 2928
3240 2942
3240 2946
3240 2947
3240 2955
3240 2968
3240 2988
3240 2992
3240 2997
3240 3022
3240 3025
3240 3029
3240 3030
3240 3037
3240 3038
3240 3042
3240 3059
3240 3061
3240 3076
3240 3094
3240 3097
3240 3115
3240 3127
3240 3147
3240 3158
3240 3175
3240 3177
3240 3188
3240 3189
3240 3192
3240 3203
3240 3217
3240 3220
3240 3222
3240 3233
3240 3234
3240 3980
3240 4011
3240 4034
3240 4050
3240 4075
3240 4081
3240 4096
3240 4161
3240 4183
3240 4484
3240 4931
3240 4996
4047 2032
4047 2490
4047 2666
4047 2976
4047 3075
4047 3225
4047 3309
4047 3592
4047 3887
4047 3892
4047 4006
4047 4037
4047 4045
4047 4084
4047 4115
4047 4133
4047 4141
4047 4168
4047 4186
4047 4193
4047 4198
4047 4205
4047 4207
119 361
119 1230
119 4016
361 183
361 213
361 265
361 403
361 480
361 1110
361 1191
361 1714
1230 627
1230 688
1230 767
1230 838
1230 890
1230 904
1230 910
1230 971
1230 1013
1230 1015
1230 1070
1230 1115
1230 1139
1230 1155
1230 1206
1230 1234
1230 1243
1230 1253
1230 1366
1230 1881
1230 2379
1230 3128
1230 3393
1230 3434
1230 3530
1230 4064
4016 146
4016 1239
4016 1975
4016 2330
4016 3022
4016 3232
4016 3297
4016 3305
4016 3340
4016 3518
4016 3560
4016 3684
4016 3704
4016 3737
4016 3791
4016 3879
4016 4029
4016 4068
4016 4078
4016 4085
4016 4093
4016 4110
120 138
120 444
120 2297
120 3871
138 161
138 167
138 381
138 1700
138 2923
138 4167
444 337
444 352
444 367
444 397
444 413
444 440
444 1355
444 1360
444 2094
444 2338
444 2678
444 4107
2297 1359
2297 1645
2297 1711
2297 1727
2297 1736
2297 1746
2297 1760
2297 1805
2297 1843
2297 1869
2297 1920
2297 1930
2297 1971
2297 1977
2297 1999
2297 2041
2297 2074
2297 2078
2297 2116
2297 2126
2297 2171
2297 2192
2297 2241
2297 2251
2297 2263
2297 2271
2297 2299
2297 2306
2297 2331
2297 2333
2297 2334
2297 2451
2297 2824
2297 3135
2297 3854
2297 4102
2297 4119
2297 4474
2297 4561
2297 4981
3871 1465
3871 1956
3871 3442
3871 4133
3871 4168
3871 4186
3871 4193
3871 4198
3871 4205
3871 4207
3871 4335
121 1327
121 3207
121 4822
1327 685
1327 800
1327 811
1327 831
1327 953
1327 988
1327 1060
1327 1094
1327 1122
1327 1136
1327 1160
1327 1161
1327 1180
1327 1183
1327 1191
1327 1221
1327 1222
1327 1240
1327 1241
1327 1246
1327 1292
1327 1296
1327 1312
1327 1317
1327 1321
1327 1337
1327 1348
1327 1350
1327 1360
1327 1371
1327 1396
1327 1475
1327 1797
1327 2705
1327 3237
1327 3662
1327 3875
1327 3904
1327 3931
1327 3989
1327 4180
1327 4206
1327 4701
1327 4982
3207 913
3207 1345
3207 1568
3207 1625
3207 1667
3207 1685
3207 1709
3207 2307
3207 2400
3207 2478
3207 2527
3207 2544
3207 2578
3207 2580
3207 2637
3207 2656
3207 2787
3207 2821
3207 2888
3207 2897
3207 2918
3207 2928
3207 2948
3207 2999
3207 3002
3207 3010
3207 3014
3207 3019
3207 3033
3207 3045
3207 3051
3207 3065
3207 3069
3207 3075
3207 3104
3207 3113
3207 3119
3207 3141
3207 3142
3207 3149
3207 3157
3207 3166
3207 3191
3207 3193
3207 3199
3207 3200
3207 3202
3207 3204
3207 3206
3207 3226
3207 3235
3207 3241
3207 3923
3207 4042
3207 4182
3207 4209
3207 4222
3207 4498
3207 4857
3207 4974
4822 1255
4822 1276
4822 2721
4822 4594
4822 4626
4822 4776
4822 4819
4822 4927
4822 4942
4822 4945
4822 4952
122 3117
3117 335
3117 399
3117 1368
3117 1371
3117 1989
3117 2391
3117 2520
3117 2549
3117 2615
3117 2652
3117 2695
3117 2713
3117 2720
3117 2789
3117 2832
3117 2846
3117 2874
3117 2882
3117 2900
3117 2921
3117 3032
3117 3055
3117 3057
3117 3084
3117 3109
3117 3112
3117 3137
3117 3138
3117 3164
3117 4118
3117 4175
3117 4196
123 286
123 360
123 1114
123 1316
123 1660
286 327
286 398
286 1085
286 2098
360 189
360 230
360 755
360 958
360 2257
360 3554
360 4994
1114 1116
1114 1216
1114 1262
1114 1310
1114 1315
1114 1334
1114 1342
1114 1353
1114 1360
1114 1362
1114 1363
1114 1367
1114 1370
1114 2211
1114 3119
1114 4128
1114 4564
1316 605
1316 615
1316 634
1316 672
1316 704
1316 710
1316 779
1316 797
1316 826
1316 859
1316 866
1316 868
1316 873
1316 875
1316 921
1316 952
1316 958
1316 1001
1316 1009
1316 1039
1316 1087
1316 1100
1316 1138
1316 1205
1316 1207
1316 1218
1316 1234
1316 1255
1316 1329
1316 1356
1316 1357
1316 2133
1316 2184
1316 3058
1316 3346
1316 4043
1316 4108
1316 4500
1316 4596
1316 4746
1316 4897
1316 4943
1316 4958
1660 955
1660 1153
1660 1163
1660 1380
1660 1395
1660 1419
1660 1450
1660 1460
1660 1471
1660 1480
1660 1496
1660 1505
1660 1546
1660 1562
1660 1568
1660 1572
1660 1579
1660 1590
1660 1616
1660 1634
1660 1635
1660 1652
1660 1657
1660 1663
1660 1664
1660 2319
1660 3062
1660 3176
1660 4565
1660 4950
124 935
124 1684
935 796
935 1179
935 1295
935 1306
935 1368
935 1371
935 3417
935 4093
935 4097
1684 689
1684 926
1684 1379
1684 1397
1684 1406
1684 1435
1684 1442
1684 1491
1684 1499
1684 1519
1684 1544
1684 1553
1684 1555
1684 1575
1684 1595
1684 1601
1684 1611
1684 1620
1684 1625
1684 1632
1684 1643
1684 1649
1684 1659
1684 1665
1684 1667
1684 1668
1684 1669
1684 1676
1684 1678
1684 1679
1684 1686
1684 1704
1684 1706
1684 2697
1684 3096
1684 3150
1684 3155
1684 3199
1684 3581
1684 3634
1684 3796
1684 4470
1684 4599
1684 4604
125 146
125 301
125 4978
146 849
301 211
301 2276
301 2669
301 2927
4978 447
4978 661
4978 791
4978 1328
4978 1654
4978 1696
4978 1760
4978 1909
4978 2347
4978 2605
4978 2698
4978 2953
4978 3222
4978 3446
4978 3518
4978 4171
4978 4556
4978 4595
4978 4614
4978 4658
4978 4662
4978 4676
4978 4677
4978 4690
4978 4701
4978 4703
4978 4724
4978 4738
4978 4747
4978 4775
4978 4778
4978 4781
4978 4790
4978 4815
4978 4818
4978 4852
4978 4859
4978 4874
4978 4893
4978 4895
4978 4898
4978 4909
4978 4910
4978 4913
4978 4917
4978 4926
4978 4929
4978 4947
4978 4948
4978 4950
4978 4956
4978 4962
4978 4967
4978 4972
4978 4975
4978 4977
4978 4993
3196 626
3196 711
3196 1020
3196 1296
3196 1325
3196 1342
3196 1697
3196 1741
3196 1756
3196 2382
3196 2387
3196 2422
3196 2466
3196 2532
3196 2570
3196 2600
3196 2632
3196 2661
3196 2667
3196 2683
3196 2692
3196 2754
3196 2759
3196 2824
3196 2848
3196 2880
3196 2882
3196 2887
3196 2894
3196 2916
3196 2922
3196 2930
3196 2951
3196 2964
3196 2981
3196 3021
3196 3077
3196 3078
3196 3095
3196 3138
3196 3149
3196 3161
3196 3163
3196 3166
3196 3175
3196 3178
3196 3195
3196 3209
3196 3214
3196 3230
3196 4032
3196 4155
3196 4183
3196 4556
3196 4975
4003 231
4003 1707
4003 2481
4003 3072
4003 3612
4003 3657
4003 3736
4003 3760
4003 3891
4003 3976
4003 3978
4003 4031
4003 4052
4003 4063
4003 4070
4003 4083
4003 4101
4003 4121
4003 4175
4003 4177
4003 4752
4084 1304
4084 1312
4084 1372
4084 1545
4084 1702
4084 2837
4084 3194
4084 3734
4084 3778
4084 3781
4084 3800
4084 3833
4084 3901
4084 3985
4084 4006
4084 4017
4084 4037
4084 4045
4084 4133
4084 4145
4084 4148
4084 4168
4084 4186
4084 4193
4084 4198
4084 4205
4084 4207
4084 4502
4084 4968
127 324
127 447
127 1294
127 2200
127 3224
324 1219
324 3143
324 4901
324 4973
447 247
447 253
447 405
447 413
447 536
447 903
447 3903
447 4029
447 4138
447 4182
447 4531
1294 795
1294 802
1294 832
1294 946
1294 966
1294 1020
1294 1021
1294 1023
1294 1073
1294 1088
1294 1093
1294 1184
1294 1244
1294 1260
1294 1262
1294 1273
1294 1284
1294 1304
1294 1320
1294 1333
1294 1354
1294 1355
1294 1356
1294 1362
1294 1366
1294 1367
1294 1369
1294 1550
1294 2219
1294 3197
1294 3254
1294 4045
1294 4438
1294 4535
1294 4550
1294 4929
2200 677
2200 1292
2200 1728
2200 1749
2200 1916
2200 1934
2200 1936
2200 1946
2200 1969
2200 2136
2200 2232
2200 2238
2200 3135
2200 4493
2200 4928
2200 4981
3224 829
3224 1198
3224 1288
3224 1651
3224 1882
3224 1908
3224 2218
3224 2282
3224 2303
3224 2355
3224 2360
3224 2372
3224 2393
3224 2404
3224 2427
3224 2443
3224 2495
3224 2514
3224 2523
3224 2572
3224 2604
3224 2611
3224 2628
3224 2634
3224 2642
3224 2658
3224 2679
3224 2682
3224 2736
3224 2745
3224 2753
3224 2784
3224 2794
3224 2799
3224 2805
3224 2811
3224 2821
3224 2828
3224 2866
3224 2868
3224 2902
3224 2927
3224 2998
3224 3041
3224 3043
3224 3047
3224 3070
3224 3080
3224 3090
3224 3105
3224 3108
3224 3110
3224 3124
3224 3130
3224 3139
3224 3170
3224 3183
3224 3198
3224 3216
3224 3219
3224 3222
3224 3227
3224 3234
3224 3237
3224 3238
3224 3261
3224 3380
3224 3827
3224 3979
3224 4091
3224 4166
3224 4177
3224 4848
3224 4947
128 163
128 1047
128 1349
128 4293
163 295
163 320
163 706
163 3126
1047 792
1047 955
1047 1186
1047 1194
1047 1245
1047 1300
1047 1318
1047 1332
1047 1351
1047 1365
1047 1643
1047 1678
1047 4206
1047 4570
1349 421
1349 570
1349 593
1349 633
1349 701
1349 727
1349 744
1349 758
1349 768
1349 774
1349 822
1349 847
1349 856
1349 911
1349 967
1349 1016
1349 1071
1349 1072
1349 1175
1349 1177
1349 1201
1349 1209
1349 1216
1349 1226
1349 1229
1349 1253
1349 1258
1349 1261
1349 1286
1349 1295
1349 1301
1349 1309
1349 1310
1349 1313
1349 1315
1349 1323
1349 1334
1349 1342
1349 1343
1349 1353
1349 1360
1349 1363
1349 1364
1349 1367
1349 1370
1349 1428
1349 1691
1349 1702
1349 2896
1349 3032
1349 3195
1349 3242
1349 3617
1349 3901
1349 3914
1349 4112
1349 4130
1349 4533
1349 4955
4293 3672
4293 4250
4293 4389
4293 4393
4293 4476
4293 4482
4293 4501
129 224
129 2226
129 4144
224 247
224 269
224 2775
224 3513
224 3808
2226 2022
2226 2036
2226 2079
2226 2130
2226 2166
2226 2181
2226 2187
2226 2223
2226 2245
2226 2248
2226 2283
2226 2292
2226 2307
2226 2310
2226 2315
2226 2325
2226 2340
2226 3080
2226 3197
2226 3815
2226 4097
2226 4147
2226 4224
2226 4860
4144 442
4144 458
4144 785
4144 981
4144 1109
4144 2155
4144 2235
4144 2735
4144 2786
4144 3075
4144 3151
4144 3158
4144 3231
4144 3276
4144 3314
4144 3328
4144 3438
4144 3517
4144 3567
4144 3644
4144 3740
4144 3788
4144 3809
4144 3838
4144 3856
4144 3865
4144 3893
4144 3922
4144 3932
4144 3945
4144 3961
4144 3980
4144 3984
4144 3993
4144 3994
4144 4001
4144 4012
4144 4041
4144 4087
4144 4098
4144 4100
4144 4136
4144 4150
4144 4165
4144 4169
4144 4172
4144 4177
4144 4182
4144 4204
4144 4209
4144 4210
4144 4421
130 403
130 409
130 977
130 4289
403 183
403 194
403 213
403 265
403 1543
403 2098
403 3665
403 3715
403 4898
409 248
409 397
409 746
409 1361
409 2795
409 4426
977 736
977 946
977 1238
977 1273
977 1354
977 1355
977 1366
977 1369
977 1959
977 3657
977 4913
4289 3238
4289 4416
4289 4527
4289 4560
4289 4561
4289 4569
131 342
131 4177
131 4204
131 4633
342 335
342 3242
342 3671
342 3838
4177 598
4177 859
4177 890
4177 1301
4177 1679
4177 1825
4177 1912
4177 1996
4177 2175
4177 2256
4177 2257
4177 2284
4177 3161
4177 3162
4177 3206
4177 3257
4177 3275
4177 3285
4177 3301
4177 3337
4177 3357
4177 3382
4177 3391
4177 3402
4177 3439
4177 3461
4177 3547
4177 3607
4177 3612
4177 3617
4177 3657
4177 3663
4177 3720
4177 3733
4177 3736
4177 3760
4177 3762
4177 3764
4177 3800
4177 3826
4177 3853
4177 3874
4177 3891
4177 3904
4177 3905
4177 3939
4177 3940
4177 3965
4177 3978
4177 4031
4177 4032
4177 4048
4177 4052
4177 4070
4177 4078
4177 4080
4177 4083
4177 4101
4177 4121
4177 4127
4177 4138
4177 4201
4177 4400
4177 4513
4177 4723
4177 4986
4204 346
4204 826
4204 1122
4204 1587
4204 1613
4204 1736
4204 1811
4204 1926
4204 2021
4204 2090
4204 2207
4204 2320
4204 2335
4204 2343
4204 2359
4204 2758
4204 2829
4204 3033
4204 3356
4204 3366
4204 3375
4204 3388
4204 3395
4204 3401
4204 3435
4204 3451
4204 3466
4204 3474
4204 3491
4204 3505
4204 3548
4204 3577
4204 3589
4204 3629
4204 3634
4204 3645
4204 3660
4204 3662
4204 3686
4204 3687
4204 3729
4204 3746
4204 3761
4204 3804
4204 3812
4204 3824
4204 3878
4204 3914
4204 3916
4204 3917
4204 3944
4204 3954
4204 3960
4204 3962
4204 3966
4204 3971
4204 3987
4204 3991
4204 3999
4204 4005
4204 4008
4204 4018
4204 4026
4204 4044
4204 4046
4204 4065
4204 4091
4204 4095
4204 4112
4204 4128
4204 4138
4204 4140
4204 4142
4204 4175
4204 4179
4204 4196
4204 4202
4204 4206
4204 4262
4204 4521
4204 4836
4204 4908
4204 4931
4633 2335
4633 2944
4633 4697
4633 4982
4633 4996
4633 4998
4633 4999
132 3176
3176 512
3176 825
3176 1342
3176 1359
3176 1362
3176 1462
3176 1793
3176 2351
3176 2380
3176 2438
3176 2446
3176 2464
3176 2483
3176 2518
3176 2538
3176 2605
3176 2609
3176 2631
3176 2673
3176 2679
3176 2703
3176 2836
3176 2864
3176 2896
3176 2906
3176 2917
3176 2932
3176 2977
3176 2978
3176 2984
3176 3046
3176 3051
3176 3071
3176 3107
3176 3120
3176 3128
3176 3152
3176 3162
3176 3165
3176 3204
3176 4062
3176 4109
3176 4149
570 136
570 143
570 158
570 220
570 221
570 264
570 296
570 337
570 338
570 443
570 445
570 459
570 462
570 478
570 480
570 492
570 511
570 1246
570 1339
570 1523
570 1690
570 2149
570 2235
570 2289
570 2567
570 2879
570 2962
570 3165
570 3315
570 3587
570 4813
570 4906
570 4907
570 4960
570 4994
1318 646
1318 786
1318 788
1318 819
1318 892
1318 978
1318 1011
1318 1126
1318 1144
1318 1158
1318 1172
1318 1176
1318 1199
1318 1205
1318 1212
1318 1217
1318 1228
1318 1245
1318 1249
1318 1269
1318 1271
1318 1307
1318 1328
1318 1345
1318 1351
1318 1357
1318 1365
1318 1368
1318 1372
1318 1623
1318 1670
1318 2256
1318 2959
1318 3173
1318 3219
1318 3618
1318 4063
1318 4067
1318 4157
1318 4210
1318 4482
1318 4947
2174 755
2174 2236
2174 2280
2174 2306
2174 2311
2174 2312
2174 2314
2174 2322
2174 2351
2174 3832
2174 4145
2174 4544
134 4107
134 4882
4107 374
4107 1448
4107 1584
4107 2108
4107 3217
4107 3376
4107 3387
4107 3509
4107 3542
4107 3555
4107 3571
4107 3758
4107 3825
4107 3886
4107 3924
4107 3975
4107 3980
4107 4025
4107 4050
4107 4053
4107 4060
4107 4073
4107 4081
4107 4103
4107 4108
4107 4110
4107 4129
4107 4132
4107 4153
4107 4187
4107 4194
4107 4383
4107 4784
4882 872
4882 1757
4882 2018
4882 2833
4882 3124
4882 4709
4882 4720
4882 4748
4882 4758
4882 4762
4882 4849
4882 4850
4882 4912
4882 4914
4882 4926
4882 4928
4882 4936
4882 4958
4882 4959
4882 4971
4882 4992
135 263
135 1595
135 2202
135 4085
263 296
263 952
263 3058
263 4209
1595 1204
1595 1277
1595 1499
1595 1592
1595 1609
1595 1619
1595 1636
1595 1666
1595 1679
1595 1702
1595 1706
1595 1709
1595 3220
1595 4133
2202 1587
2202 1906
2202 2087
2202 2149
2202 2180
2202 2259
2202 2277
2202 2303
2202 2317
2202 2320
2202 2332
2202 2337
2202 2338
2202 2347
2202 2352
2202 3225
2202 3234
2202 3991
2202 4183
2202 4476
4085 1082
4085 1993
4085 2336
4085 2346
4085 2523
4085 2707
4085 2990
4085 3246
4085 3297
4085 3304
4085 3305
4085 3323
4085 3341
4085 3377
4085 3449
4085 3479
4085 3518
4085 3560
4085 3600
4085 3684
4085 3716
4085 3737
4085 3791
4085 3879
4085 4029
4085 4068
4085 4078
4085 4093
4085 4776
4085 4992
136 511
136 2621
136 3930
511 252
511 338
511 385
511 388
511 480
511 820
511 1292
511 2150
511 2305
511 3860
511 4058
511 4101
511 4135
511 4167
511 4866
2621 2327
2621 3110
2621 3130
2621 3146
2621 3216
2621 3227
2621 3238
3930 1311
3930 2654
3930 2836
3930 2968
3930 3677
3930 3987
3930 4095
3930 4115
3930 4135
3930 4159
3930 4162
3930 4195
3930 4199
3930 4201
2343 605
2343 710
2343 882
2343 884
2343 1213
2343 1633
2343 1716
2343 1724
2343 1782
2343 1783
2343 1797
2343 1806
2343 1815
2343 1817
2343 1838
2343 1847
2343 1861
2343 1886
2343 1905
2343 1910
2343 1912
2343 1923
2343 1948
2343 1952
2343 1956
2343 1963
2343 1976
2343 1982
2343 1985
2343 1996
2343 2009
2343 2040
2343 2050
2343 2055
2343 2057
2343 2065
2343 2080
2343 2094
2343 2117
2343 2124
2343 2145
2343 2150
2343 2157
2343 2194
2343 2209
2343 2214
2343 2218
2343 2243
2343 2245
2343 2257
2343 2264
2343 2268
2343 2274
2343 2275
2343 2279
2343 2282
2343 2296
2343 2302
2343 2315
2343 2318
2343 2333
2343 2335
2343 2352
2343 2707
2343 3116
2343 3124
2343 3640
2343 4011
2343 4051
2343 4066
2343 4124
2343 4151
2343 4180
2343 4187
2343 4381
2343 4424
2343 4668
4502 2268
4502 3071
4502 3231
4502 3746
4502 4297
4502 4314
4502 4387
4502 4461
4502 4468
4502 4513
4502 4522
4502 4528
4502 4544
4502 4547
4502 4552
4502 4555
4502 4556
4502 4557
4502 4562
4502 4564
4502 4568
4502 4569
4502 4972
4502 4994
161 440
161 1565
161 2302
161 2309
167 350
167 397
167 399
167 2762
381 169
381 313
381 1308
381 1432
381 1676
381 2432
1700 953
1700 1360
1700 1410
1700 1426
1700 1440
1700 1465
1700 1467
1700 1469
1700 1479
1700 1482
1700 1497
1700 1500
1700 1504
1700 1527
1700 1545
1700 1557
1700 1561
1700 1569
1700 1576
1700 1589
1700 1597
1700 1598
1700 1600
1700 1602
1700 1603
1700 1606
1700 1609
1700 1612
1700 1616
1700 1617
1700 1624
1700 1638
1700 1640
1700 1648
1700 1650
1700 1651
1700 1663
1700 1667
1700 1672
1700 1687
1700 1709
1700 2105
1700 2311
1700 2445
1700 2776
1700 2801
1700 3193
1700 3561
1700 3633
1700 4042
1700 4151
1700 4469
1700 4821
1700 4914
2923 780
2923 2505
2923 2947
2923 3025
2923 3037
2923 3147
2923 3177
2923 3192
2923 3222
2923 3234
2923 3977
4167 1337
4167 1696
4167 1697
4167 1704
4167 1952
4167 3136
4167 3262
4167 3269
4167 3289
4167 3302
4167 3390
4167 3414
4167 3415
4167 3430
4167 3472
4167 3479
4167 3538
4167 3541
4167 3596
4167 3601
4167 3605
4167 3683
4167 3688
4167 3723
4167 3775
4167 3780
4167 3795
4167 3806
4167 3819
4167 3865
4167 3877
4167 3912
4167 3925
4167 3938
4167 3995
4167 4040
4167 4063
4167 4072
4167 4083
4167 4089
4167 4125
4167 4131
4167 4149
4167 4153
4167 4161
4167 4201
4167 4300
4167 4405
4167 4450
4167 4529
4167 4533
4167 4540
4167 4829
4167 4952
4167 4965
139 350
139 1358
139 2341
350 310
350 1604
350 2559
350 3237
350 4686
1358 652
1358 680
1358 681
1358 719
1358 720
1358 741
1358 755
1358 818
1358 842
1358 879
1358 885
1358 886
1358 896
1358 905
1358 916
1358 929
1358 940
1358 942
1358 949
1358 960
1358 993
1358 1005
1358 1058
1358 1129
1358 1145
1358 1164
1358 1171
1358 1179
1358 1188
1358 1195
1358 1219
1358 1264
1358 1267
1358 1270
1358 1279
1358 1282
1358 1285
1358 1292
1358 1299
1358 1306
1358 1308
1358 1314
1358 1361
1358 1371
1358 1492
1358 1632
1358 1656
1358 2079
1358 2165
1358 2253
1358 3795
1358 4076
1358 4162
1358 4202
1358 4476
1358 4777
1358 4899
1358 4910
1358 4966
2341 672
2341 795
2341 1681
2341 1717
2341 1762
2341 1777
2341 1796
2341 1831
2341 1834
2341 1850
2341 1854
2341 1864
2341 1870
2341 1879
2341 1890
2341 1891
2341 1896
2341 1897
2341 1899
2341 1901
2341 1909
2341 1939
2341 1941
2341 1950
2341 1966
2341 1994
2341 2001
2341 2006
2341 2037
2341 2054
2341 2058
2341 2071
2341 2075
2341 2082
2341 2083
2341 2104
2341 2110
2341 2128
2341 2146
2341 2153
2341 2169
2341 2186
2341 2213
2341 2255
2341 2271
2341 2281
2341 2309
2341 2318
2341 2323
2341 2330
2341 2336
2341 2337
2341 2344
2341 2346
2341 2352
2341 2922
2341 3065
2341 3083
2341 3192
2341 3348
2341 3521
2341 3705
2341 4136
2341 4141
2341 4155
2341 4206
2341 4311
2341 4451
2341 4531
2341 4715
2341 4922
140 398
140 3192
140 3413
140 4566
398 231
398 410
398 1225
398 1265
398 1686
398 1910
398 4793
3192 1190
3192 1204
3192 1285
3192 1370
3192 1531
3192 2209
3192 2295
3192 2296
3192 2304
3192 2307
3192 2399
3192 2733
3192 2770
3192 2776
3192 2793
3192 2806
3192 2835
3192 2862
3192 2892
3192 2910
3192 2912
3192 2946
3192 2952
3192 2988
3192 2992
3192 2997
3192 3017
3192 3029
3192 3038
3192 3061
3192 3097
3192 3127
3192 3147
3192 3158
3192 3177
3192 3179
3192 3188
3192 3189
3192 3193
3192 3197
3192 3203
3192 3217
3192 3234
3192 3237
3192 3657
3192 4187
3192 4209
3192 4258
3192 4359
3192 4506
3413 3244
3413 3705
3413 4124
3413 4180
3413 4972
4566 1096
4566 1204
4566 1223
4566 1365
4566 2106
4566 2240
4566 2242
4566 2334
4566 2895
4566 2909
4566 3101
4566 3848
4566 4080
4566 4194
4566 4199
4566 4214
4566 4224
4566 4258
4566 4317
4566 4328
4566 4332
4566 4333
4566 4344
4566 4347
4566 4351
4566 4358
4566 4360
4566 4369
4566 4381
4566 4387
4566 4390
4566 4391
4566 4395
4566 4399
4566 4400
4566 4427
4566 4428
4566 4430
4566 4434
4566 4446
4566 4454
4566 4457
4566 4462
4566 4477
4566 4496
4566 4500
4566 4506
4566 4507
4566 4512
4566 4515
4566 4529
4566 4531
4566 4535
4566 4537
4566 4538
4566 4544
4566 4547
4566 4552
4566 4555
4566 4556
4566 4557
4566 4560
4566 4561
4566 4562
4566 4564
4566 4567
4566 4568
4566 4569
4566 4758
4566 4800
4566 4842
141 187
141 492
141 2289
141 3155
187 2410
187 3183
187 4125
492 220
492 317
492 442
492 462
492 478
492 1934
492 1951
492 2566
492 2739
492 3089
492 3221
492 4050
492 4182
2289 1875
2289 1881
2289 1913
2289 1954
2289 1964
2289 2002
2289 2033
2289 2060
2289 2100
2289 2129
2289 2137
2289 2162
2289 2163
2289 2180
2289 2233
2289 2259
2289 2303
2289 2317
2289 2319
2289 2320
2289 2329
2289 2332
2289 2337
2289 2347
2289 2349
2289 2350
2289 2894
2289 2970
2289 3008
2289 3165
2289 3375
2289 3732
2289 3962
2289 4072
2289 4145
3155 1337
3155 1929
3155 2095
3155 2217
3155 2270
3155 2330
3155 2398
3155 2541
3155 2589
3155 2648
3155 2656
3155 2685
3155 2911
3155 2983
3155 3039
3155 3040
3155 3066
3155 3072
3155 3078
3155 3083
3155 3095
3155 3121
3155 3123
3155 3124
3155 3131
3155 3166
3155 3199
3155 3201
3155 3205
3155 3211
3155 3221
3155 3223
3155 3230
3155 3236
3155 3699
3155 3788
3155 4199
3155 4531
3155 4999
142 2001
142 2635
142 4147
2001 1094
2001 2019
2001 2318
2001 2323
2001 2336
2001 2346
2001 2983
2001 2997
2635 1288
2635 1567
2635 2897
2635 3087
2635 3139
2635 3179
2635 3186
2635 3212
4147 843
4147 987
4147 1026
4147 1324
4147 1874
4147 1992
4147 2254
4147 2285
4147 3052
4147 3225
4147 3274
4147 3443
4147 3470
4147 3484
4147 3542
4147 3593
4147 3598
4147 3652
4147 3703
4147 3710
4147 3719
4147 3726
4147 3757
4147 3774
4147 3777
4147 3830
4147 3849
4147 3860
4147 3876
4147 3896
4147 3897
4147 3956
4147 3957
4147 4008
4147 4058
4147 4069
4147 4088
4147 4097
4147 4113
4147 4116
4147 4130
4147 4132
4147 4137
4147 4143
4147 4151
4147 4188
4147 4562
4147 4977
143 440
143 2391
440 367
440 397
440 413
440 688
440 993
440 2299
440 2637
440 3330
440 3903
2391 3057
2391 3112
2391 3164
2391 3237
2391 4864
144 3840
144 4074
3840 1145
3840 2998
3840 3026
3840 3421
3840 3975
3840 4011
3840 4103
3840 4108
3840 4110
3840 4187
3840 4194
4074 698
4074 864
4074 1372
4074 2293
4074 2962
4074 3103
4074 3238
4074 3284
4074 3386
4074 3521
4074 3602
4074 3630
4074 3727
4074 3776
4074 3783
4074 3824
4074 3902
4074 3938
4074 3941
4074 3969
4074 4004
4074 4057
4074 4081
4074 4086
4074 4155
4074 4166
4074 4171
4074 4693
145 196
145 255
145 319
145 387
145 2100
145 2836
145 3204
196 236
196 255
196 319
196 387
196 1320
196 1786
255 236
255 327
255 387
255 1287
255 3792
255 4317
319 152
319 327
319 387
319 2090
319 2586
319 3882
387 152
387 236
387 327
387 459
387 1270
387 3025
387 3095
387 3546
387 4103
2100 1182
2100 1188
2100 2017
2100 2249
2100 2277
2100 2317
2100 2320
2100 2334
2100 2337
2100 2347
2100 4672
2836 2977
2836 3019
2836 3061
2836 3107
2836 3128
2836 3152
2836 3162
2836 3165
2836 3762
3204 948
3204 1176
3204 1338
3204 1359
3204 1579
3204 1580
3204 1636
3204 1699
3204 1975
3204 2163
3204 2336
3204 2381
3204 2453
3204 2456
3204 2476
3204 2512
3204 2537
3204 2612
3204 2637
3204 2660
3204 2669
3204 2755
3204 2787
3204 2824
3204 2850
3204 2890
3204 2893
3204 2913
3204 2928
3204 2998
3204 2999
3204 3010
3204 3014
3204 3033
3204 3065
3204 3069
3204 3104
3204 3113
3204 3119
3204 3141
3204 3142
3204 3157
3204 3174
3204 3191
3204 3193
3204 3200
3204 3201
3204 3202
3204 3206
3204 3226
3204 3227
3204 3235
3204 3241
3204 3345
3204 4336
3204 4449
3204 4681
3204 4976
3204 4986
3204 4998
849 699
849 1149
849 1233
849 1298
849 1339
849 1344
849 2846
849 2857
197 179
197 2095
197 4191
385 393
385 616
385 2855
385 2858
385 4979
2067 906
2067 1759
2067 1774
2067 1953
2067 2170
2067 2173
2067 2222
2067 2266
2067 2267
4274 1205
4274 4362
4274 4423
4274 4466
4274 4525
4274 4539
148 3115
148 3507
148 4169
3115 399
3115 1682
3115 1685
3115 2190
3115 2801
3115 2802
3115 2838
3115 2887
3115 3023
3115 3066
3115 3078
3115 3083
3115 3123
3115 3180
3115 3199
3115 3201
3115 3205
3115 3211
3115 3221
3115 3223
3115 3225
3115 3230
3115 3236
3115 3488
3115 4043
3115 4207
3115 4567
3507 886
3507 3220
3507 3290
3507 3884
3507 4076
3507 4141
3507 4207
4169 629
4169 683
4169 719
4169 1022
4169 1102
4169 1363
4169 1534
4169 1672
4169 1733
4169 1837
4169 2009
4169 2311
4169 3013
4169 3175
4169 3193
4169 3238
4169 3276
4169 3278
4169 3339
4169 3342
4169 3384
4169 3493
4169 3524
4169 3552
4169 3567
4169 3603
4169 3681
4169 3759
4169 3788
4169 3821
4169 3836
4169 3837
4169 3865
4169 3872
4169 3889
4169 3900
4169 3961
4169 3973
4169 3984
4169 3993
4169 4001
4169 4006
4169 4007
4169 4012
4169 4035
4169 4041
4169 4042
4169 4054
4169 4059
4169 4098
4169 4100
4169 4136
4169 4150
4169 4163
4169 4165
4169 4172
4169 4209
4169 4210
4169 4230
230 189
230 4115
230 4997
280 323
280 331
280 400
280 942
280 957
280 1300
280 4489
4413 632
4413 1301
4413 2228
4413 4533
4413 4538
4413 4539
4413 4548
4413 4549
4413 4551
4413 4563
4951 799
4951 1068
4951 1340
4951 2309
4951 3203
4951 3446
4951 4080
4951 4188
4951 4190
4951 4579
4951 4601
4951 4683
4951 4708
4951 4820
4951 4821
4951 4823
4951 4830
4951 4833
4951 4844
4951 4868
4951 4877
4951 4881
4951 4887
4951 4900
4951 4909
4951 4921
4951 4929
4951 4935
4951 4948
4951 4957
4951 4964
4951 4969
4951 4976
4951 4983
4951 4985
150 269
150 296
150 3551
150 3976
269 369
269 1264
269 1267
269 2386
296 3179
296 3643
296 4028
3551 833
3551 934
3551 3712
3551 4100
3551 4172
3551 4206
3551 4209
3551 4210
3976 787
3976 1976
3976 2136
3976 3128
3976 3316
3976 3372
3976 3546
3976 3582
3976 3608
3976 3618
3976 3627
3976 3763
3976 3799
3976 3874
3976 3926
3976 3986
3976 3988
3976 4007
3976 4062
3976 4522
3976 4871
151 798
151 2313
151 3431
798 647
798 1201
798 1357
798 1363
798 1364
798 1370
798 1539
2313 405
2313 1534
2313 1647
2313 1722
2313 1735
2313 1757
2313 1780
2313 1789
2313 1912
2313 2017
2313 2020
2313 2035
2313 2039
2313 2141
2313 2161
2313 2164
2313 2178
2313 2185
2313 2191
2313 2203
2313 2210
2313 2217
2313 2231
2313 2240
2313 2279
2313 2285
2313 2290
2313 2308
2313 2327
2313 2329
2313 2330
2313 2338
2313 2340
2313 2344
2313 2352
2313 2373
2313 2754
2313 3608
2313 3788
2313 3997
2313 4055
2313 4189
2313 4540
2313 4557
2313 4613
2313 4916
3431 3965
3431 3981
3431 4064
3431 4092
3431 4149
3431 4933
152 327
152 1372
152 3935
327 1341
327 3723
327 3869
1372 628
1372 629
1372 630
1372 646
1372 711
1372 723
1372 733
1372 737
1372 750
1372 786
1372 787
1372 788
1372 789
1372 799
1372 810
1372 819
1372 875
1372 876
1372 902
1372 955
1372 959
1372 982
1372 994
1372 1022
1372 1084
1372 1102
1372 1108
1372 1121
1372 1144
1372 1158
1372 1173
1372 1194
1372 1199
1372 1210
1372 1217
1372 1228
1372 1231
1372 1242
1372 1246
1372 1249
1372 1254
1372 1269
1372 1271
1372 1274
1372 1278
1372 1301
1372 1310
1372 1326
1372 1328
1372 1332
1372 1351
1372 1357
1372 1365
1372 1491
1372 1612
1372 1874
1372 2327
1372 2774
1372 3113
1372 3231
1372 3233
1372 3326
1372 3689
1372 4141
1372 4184
1372 4195
1372 4625
1372 4862
1372 4950
3935 3103
3935 3715
3935 3855
3935 3923
3935 3929
3935 4049
3935 4071
3935 4094
3935 4119
3935 4154
3935 4157
3935 4164
3935 4182
3935 4195
3935 4200
3935 4462
3935 4466
3935 4851
153 380
153 697
153 1928
380 302
380 1098
380 2504
380 3411
380 4118
380 4200
697 172
697 1229
697 1343
697 1363
697 1365
697 1367
697 1370
1928 1175
1928 1656
1928 2120
1928 2156
1928 2244
1928 2256
1928 2260
1928 2266
1928 2267
270 294
270 1348
270 2706
270 3538
2258 819
2258 940
2258 1719
2258 1919
2258 1971
2258 2000
2258 2096
2258 2140
2258 2141
2258 2148
2258 2196
2258 2210
2258 2276
2258 2290
2258 2304
2258 2319
2258 2324
2258 2338
2258 2352
2258 2583
2258 4040
2258 4103
2258 4286
2258 4369
2258 4567
4311 3494
4311 4382
4311 4388
4311 4468
4311 4511
4311 4517
4334 1990
4334 4148
4334 4341
4334 4379
4334 4391
4334 4436
4334 4460
4334 4562
326 1321
326 1368
326 4897
326 4901
3252 4057
3252 4061
3252 4166
3252 4171
4306 1487
4306 4392
4306 4529
4306 4531
4306 4557
4306 4567
156 347
156 1133
156 1839
347 245
347 777
347 3206
347 3219
1133 170
1133 618
1133 736
1133 764
1133 970
1133 1119
1133 1123
1133 1196
1133 1280
1133 1287
1133 1325
1133 1336
1133 1353
1133 3543
1133 4969
1839 1911
1839 2086
1839 2095
1839 2207
1839 2220
1839 3947
157 400
157 421
157 2888
157 3071
400 331
400 374
400 421
400 1074
400 1371
400 2249
400 3230
421 243
421 323
421 374
421 1107
421 1628
421 1911
421 2027
421 3072
2888 1325
2888 3113
2888 3191
2888 3193
2888 3202
2888 3212
2888 3226
2888 3235
2888 3241
2888 4089
2888 4175
2888 4194
3071 999
3071 1579
3071 1668
3071 2380
3071 2688
3071 2703
3071 2780
3071 2896
3071 2906
3071 2917
3071 2977
3071 2984
3071 3046
3071 3051
3071 3095
3071 3107
3071 3128
3071 3143
3071 3152
3071 3162
3071 3165
3071 3972
3071 4545
158 1218
158 2235
1218 615
1218 704
1218 826
1218 859
1218 873
1218 955
1218 958
1218 1001
1218 1039
1218 1087
1218 1100
1218 1120
1218 1223
1218 1234
1218 1255
1218 1329
1218 1615
1218 2245
1218 3021
1218 4474
1218 4522
1218 4965
2235 1328
2235 2051
2235 2091
2235 2181
2235 2228
2235 2242
2235 2262
2235 2270
2235 2280
2235 2284
2235 2287
2235 2306
2235 2314
2235 2322
2235 2351
2235 3291
2235 4136
2235 4887
159 314
159 1640
159 4011
314 1590
314 2144
314 4997
1640 1001
1640 1271
1640 1333
1640 1423
1640 1441
1640 1543
1640 1547
1640 1561
1640 1589
1640 1593
1640 1609
1640 1616
1640 1619
1640 1652
1640 1699
1640 1709
1640 2154
1640 3295
1640 4719
1640 4938
4011 3189
4011 3231
4011 3306
4011 3476
4011 3486
4011 3492
4011 3498
4011 3659
4011 3693
4011 3698
4011 3731
4011 3750
4011 3792
4011 3846
4011 3853
4011 3861
4011 3982
4011 4051
4011 4096
2036 1549
2036 1604
2036 2094
2036 2223
2036 2283
2036 2287
2036 2292
2036 2310
2036 2315
2036 2325
4515 716
4515 1034
4515 2334
4515 2383
4515 2938
4515 3403
4515 4063
4515 4222
4515 4317
4515 4347
4515 4366
4515 4450
4515 4468
4515 4490
4515 4513
4515 4514
4515 4528
4515 4529
4515 4536
4515 4540
4515 4547
4515 4556
4515 4557
4515 4564
4515 4565
4515 4567
4515 4568
4515 4569
1565 1215
1565 1384
1565 1416
1565 1418
1565 1569
1565 1605
1565 1655
1565 1669
1565 1674
1565 1676
1565 1710
1565 3541
1565 3992
1565 4097
2302 344
2302 813
2302 1365
2302 1604
2302 1617
2302 1782
2302 1783
2302 1815
2302 1847
2302 1858
2302 1910
2302 1948
2302 1956
2302 1963
2302 1982
2302 1996
2302 2009
2302 2040
2302 2055
2302 2094
2302 2124
2302 2126
2302 2145
2302 2150
2302 2214
2302 2218
2302 2243
2302 2245
2302 2257
2302 2264
2302 2268
2302 2275
2302 2282
2302 2283
2302 2333
2302 2335
2302 2340
2302 2349
2302 2868
2302 4082
2302 4194
2302 4864
2302 4904
2302 4907
2302 4983
2309 168
2309 992
2309 1804
2309 1854
2309 1870
2309 1897
2309 1899
2309 1901
2309 1909
2309 1941
2309 1950
2309 1966
2309 1994
2309 2058
2309 2075
2309 2082
2309 2083
2309 2104
2309 2110
2309 2128
2309 2133
2309 2146
2309 2153
2309 2169
2309 2171
2309 2186
2309 2213
2309 2255
2309 2281
2309 2307
2309 2318
2309 2323
2309 2330
2309 2333
2309 2336
2309 2346
2309 2738
2309 3206
2309 4112
2309 4172
2309 4871
2309 4920
2309 4971
317 1248
317 2229
317 2299
317 4538
1369 648
1369 661
1369 665
1369 696
1369 725
1369 730
1369 781
1369 791
1369 802
1369 837
1369 840
1369 841
1369 847
1369 870
1369 871
1369 895
1369 928
1369 936
1369 946
1369 952
1369 956
1369 999
1369 1007
1369 1020
1369 1021
1369 1023
1369 1064
1369 1088
1369 1090
1369 1093
1369 1107
1369 1150
1369 1156
1369 1169
1369 1184
1369 1214
1369 1238
1369 1244
1369 1251
1369 1254
1369 1260
1369 1262
1369 1272
1369 1273
1369 1284
1369 1304
1369 1320
1369 1333
1369 1354
1369 1355
1369 1356
1369 1365
1369 1366
1369 1709
1369 1717
1369 1987
1369 2005
1369 2290
1369 2333
1369 2818
1369 2971
1369 3068
1369 3175
1369 3214
1369 3484
1369 3914
1369 3915
1369 3963
1369 4058
1369 4479
1369 4524
1369 4552
1369 4924
2108 1420
2108 2240
2108 2245
2108 2285
2108 2323
2108 2338
2108 2340
2108 2344
2108 2350
2108 4766
295 1702
295 3128
295 3195
320 199
320 221
320 384
320 2230
320 3141
320 4175
706 1312
706 1321
706 1335
706 1348
706 1350
706 4128
3126 1044
3126 1137
3126 1178
3126 1263
3126 1370
3126 1587
3126 2222
3126 2535
3126 2545
3126 2721
3126 2762
3126 2829
3126 2904
3126 2907
3126 2913
3126 2934
3126 2950
3126 2996
3126 3026
3126 3039
3126 3049
3126 3073
3126 3093
3126 3111
3126 3116
3126 3121
3126 3122
3126 3174
3126 3187
3126 3194
3126 3220
3126 3231
3126 3242
3126 3653
3126 4190
164 302
164 3355
164 3491
164 3545
302 1806
302 2674
302 3223
302 4172
3355 3984
3355 4165
3355 4172
3355 4186
3355 4210
3491 2280
3491 3550
3491 3954
3491 4091
3491 4179
3491 4207
3545 2495
3545 3214
3545 3604
3545 3813
3545 3885
3545 4062
3545 4075
3545 4082
165 239
165 1298
165 2294
239 757
239 4194
239 4315
1298 610
1298 651
1298 735
1298 756
1298 897
1298 962
1298 964
1298 986
1298 990
1298 1025
1298 1034
1298 1055
1298 1081
1298 1105
1298 1124
1298 1152
1298 1200
1298 1233
1298 1266
1298 1268
1298 1283
1298 1311
1298 1324
1298 1338
1298 1344
1298 1450
1298 1967
1298 2157
1298 2705
1298 2902
1298 3067
1298 3238
1298 3271
1298 3528
1298 4972
1298 4982
2294 1079
2294 1179
2294 1296
2294 1333
2294 1711
2294 1721
2294 1727
2294 1826
2294 1843
2294 1853
2294 1920
2294 1924
2294 1971
2294 1992
2294 1999
2294 2059
2294 2070
2294 2078
2294 2089
2294 2116
2294 2152
2294 2167
2294 2171
2294 2183
2294 2241
2294 2251
2294 2263
2294 2271
2294 2299
2294 2331
2294 2337
2294 2376
2294 2450
2294 3091
2294 3113
2294 4014
2294 4180
2294 4434
311 2366
311 2455
311 3722
1207 634
1207 671
1207 672
1207 710
1207 779
1207 797
1207 826
1207 865
1207 958
1207 1009
1207 1087
1207 1205
1207 1234
1207 1255
1207 1274
1207 1329
1207 1596
1207 2896
1207 2967
1207 3988
1207 4993
1207 4997
1630 1430
1630 1441
1630 1467
1630 1500
1630 1521
1630 1531
1630 1597
1630 1606
1630 1612
1630 1639
1630 1650
1630 1687
1630 1699
1630 1703
1630 1709
1630 1966
1630 2591
1630 3166
1630 4290
1630 4296
397 364
397 413
397 2793
397 4048
397 4698
397 4956
399 363
399 536
399 605
399 1696
399 4640
2762 2307
2762 2710
2762 3111
2762 3116
2762 3174
2762 3187
2762 3194
2762 3260
168 200
168 429
168 3065
200 3156
200 3241
200 3566
429 384
429 441
429 453
429 488
429 1862
429 1945
429 3661
429 4133
429 4906
429 4921
3065 823
3065 3033
3065 3045
3065 3069
3065 3113
3065 3141
3065 3154
3065 3157
3065 3163
3065 3174
3065 3193
3065 3200
3065 3202
3065 3206
3065 3226
3065 3235
3065 3241
3065 3816
3065 4155
3065 4969
169 3118
169 3149
169 3977
3118 1190
3118 2220
3118 2330
3118 2585
3118 2602
3118 2642
3118 2645
3118 2657
3118 2659
3118 2702
3118 2717
3118 2810
3118 2864
3118 2951
3118 2965
3118 2989
3118 2990
3118 3000
3118 3006
3118 3058
3118 3064
3118 3079
3118 3101
3118 3148
3118 3154
3118 3172
3118 3235
3118 4722
3149 1344
3149 1354
3149 1546
3149 1558
3149 1641
3149 1648
3149 1685
3149 2051
3149 2318
3149 2377
3149 2474
3149 2532
3149 2565
3149 2566
3149 2599
3149 2661
3149 2692
3149 2824
3149 2848
3149 2882
3149 2887
3149 2916
3149 2922
3149 2944
3149 2951
3149 2964
3149 2981
3149 3077
3149 3096
3149 3161
3149 3163
3149 3178
3149 3195
3149 3209
3149 3214
3149 3263
3149 3957
3977 1834
3977 2033
3977 2154
3977 3270
3977 3743
3977 3768
3977 3859
3977 3918
3977 3998
3977 4094
3977 4119
3977 4155
3977 4157
3977 4164
3977 4182
3977 4183
3977 4184
3977 4200
3977 4890
170 250
170 4165
250 292
250 1491
250 2840
250 3602
4165 1010
4165 1053
4165 1054
4165 1155
4165 1652
4165 1783
4165 2127
4165 2984
4165 3189
4165 3193
4165 3199
4165 3286
4165 3314
4165 3369
4165 3384
4165 3403
4165 3412
4165 3438
4165 3464
4165 3524
4165 3616
4165 3644
4165 3648
4165 3708
4165 3712
4165 3754
4165 3811
4165 3821
4165 3834
4165 3860
4165 3872
4165 3875
4165 3922
4165 3932
4165 3943
4165 3945
4165 3984
4165 3993
4165 4041
4165 4042
4165 4087
4165 4098
4165 4100
4165 4119
4165 4136
4165 4142
4165 4163
4165 4166
4165 4209
4165 4210
4165 4505
4165 4591
4165 4661
4165 4894
4165 4964
171 240
171 336
171 1864
171 3621
171 3929
240 2038
240 3037
336 3241
336 4163
336 4956
1864 330
1864 2318
1864 2323
1864 2346
1864 2477
3621 1017
3621 3890
3621 4141
3621 4145
3621 4186
3621 4205
3621 4207
3621 4784
3929 1134
3929 1603
3929 2965
3929 3167
3929 3448
3929 4015
3929 4036
3929 4063
3929 4067
3929 4135
3929 4154
3929 4157
3929 4164
3929 4182
3929 4184
3929 4200
172 3489
172 4168
3489 2811
3489 3531
3489 4108
3489 4153
3489 4187
3489 4194
4168 277
4168 312
4168 352
4168 459
4168 710
4168 796
4168 942
4168 1275
4168 1293
4168 1364
4168 1675
4168 1868
4168 2021
4168 2159
4168 2458
4168 2638
4168 3120
4168 3221
4168 3272
4168 3298
4168 3360
4168 3407
4168 3418
4168 3432
4168 3506
4168 3568
4168 3586
4168 3606
4168 3632
4168 3728
4168 3734
4168 3781
4168 3803
4168 3833
4168 3866
4168 3887
4168 3892
4168 3985
4168 3989
4168 4006
4168 4017
4168 4037
4168 4045
4168 4076
4168 4086
4168 4092
4168 4115
4168 4133
4168 4141
4168 4145
4168 4162
4168 4186
4168 4193
4168 4198
4168 4205
4168 4207
4168 4379
173 536
173 1360
173 1807
173 2125
536 210
536 247
536 316
536 335
536 344
536 363
536 1167
536 1241
536 1289
536 1650
536 1677
536 2329
536 2330
536 2576
536 2756
536 3086
536 4965
1360 604
1360 609
1360 611
1360 641
1360 660
1360 705
1360 722
1360 775
1360 784
1360 800
1360 831
1360 855
1360 860
1360 891
1360 917
1360 953
1360 965
1360 988
1360 1023
1360 1050
1360 1060
1360 1083
1360 1094
1360 1113
1360 1119
1360 1122
1360 1136
1360 1148
1360 1160
1360 1222
1360 1235
1360 1240
1360 1241
1360 1246
1360 1312
1360 1317
1360 1321
1360 1335
1360 1336
1360 1348
1360 1639
1360 2232
1360 2312
1360 2336
1360 2758
1360 3265
1360 3421
1360 4027
1360 4078
1360 4135
1360 4528
1360 4548
1360 4687
1360 4976
1807 1900
1807 1908
1807 2103
1807 2187
1807 2293
1807 3945
2125 1305
2125 1885
2125 1894
2125 1973
2125 1990
2125 2097
2125 2102
2125 2135
2125 2189
2125 2193
2125 2239
2125 2332
2125 4142
2125 4541
174 242
174 285
174 2182
174 2295
174 4280
242 2481
242 2846
242 4520
285 3177
285 4196
285 4255
2182 1038
2182 1185
2182 1714
2182 1732
2182 1733
2182 1795
2182 1862
2182 1987
2182 2008
2182 2093
2182 2121
2182 2194
2182 2216
2182 2236
2182 2252
2182 3099
2295 761
2295 837
2295 1189
2295 1719
2295 1721
2295 1787
2295 1836
2295 1919
2295 2012
2295 2025
2295 2031
2295 2047
2295 2104
2295 2112
2295 2159
2295 2161
2295 2211
2295 2222
2295 2250
2295 2285
2295 2304
2295 2308
2295 2310
2295 2324
2295 2329
2295 2338
2295 2340
2295 2344
2295 2350
2295 2351
2295 2352
2295 3242
2295 3969
2295 3985
2295 4142
2295 4210
2295 4294
2295 4752
4280 4391
4280 4412
4280 4457
4280 4460
4280 4546
4280 4547
1382 1504
1382 1610
1382 1686
1382 1702
1382 4940
3750 1774
3750 2781
3750 3527
3750 3731
3750 3861
3750 3967
3750 3982
3750 4014
3750 4051
176 1234
176 4038
176 4539
1234 605
1234 704
1234 779
1234 866
1234 919
1234 921
1234 952
1234 1009
1234 1039
1234 1087
1234 1100
1234 1205
1234 1255
1234 1280
1234 1329
1234 1705
1234 3237
1234 3900
1234 4005
4038 989
4038 1287
4038 1408
4038 3039
4038 3221
4038 3282
4038 3333
4038 3389
4038 3447
4038 3570
4038 3571
4038 3913
4038 3947
4038 3979
4038 4021
4038 4033
4038 4043
4038 4055
4038 4112
4038 4139
4038 4146
4038 4190
4038 4191
4038 4555
4038 4932
4539 665
4539 920
4539 1050
4539 1277
4539 1696
4539 2519
4539 3640
4539 3725
4539 4076
4539 4113
4539 4265
4539 4294
4539 4323
4539 4337
4539 4342
4539 4373
4539 4403
4539 4420
4539 4433
4539 4439
4539 4446
4539 4469
4539 4473
4539 4479
4539 4481
4539 4490
4539 4497
4539 4499
4539 4503
4539 4530
4539 4533
4539 4535
4539 4540
4539 4541
4539 4548
4539 4549
4539 4550
4539 4551
4539 4558
4539 4563
4539 4565
4539 4569
294 1935
294 3223
294 3564
294 4127
1664 1285
1664 1297
1664 1367
1664 1377
1664 1380
1664 1383
1664 1393
1664 1395
1664 1407
1664 1429
1664 1450
1664 1460
1664 1471
1664 1496
1664 1524
1664 1562
1664 1568
1664 1572
1664 1579
1664 1590
1664 1627
1664 1634
1664 1635
1664 1652
1664 1657
1664 1679
1664 2205
1664 2985
1664 3105
1664 3963
1664 4129
1664 4509
1664 4527
4743 1774
4743 4737
4743 4824
4743 4948
4743 4964
4743 4976
4743 4977
4743 4983
178 254
178 2229
178 4893
254 1606
254 2239
254 4186
2229 944
2229 1913
2229 1954
2229 2035
2229 2107
2229 2129
2229 2162
2229 2163
2229 2254
2229 2255
2229 2277
2229 2283
2229 2317
2229 2320
2229 2332
2229 2334
2229 2347
2229 2349
2229 2524
2229 2526
2229 3546
4893 1791
4893 1972
4893 4557
4893 4561
4893 4806
4893 4898
4893 4909
4893 4913
4893 4917
4893 4929
4893 4947
4893 4950
4893 4956
4893 4962
4893 4967
4893 4972
4893 4975
4893 4977
179 3966
179 4006
179 4998
3966 1299
3966 2218
3966 3146
3966 3556
3966 3696
3966 3878
3966 3916
3966 3960
3966 3962
3966 4008
3966 4046
3966 4138
3966 4142
3966 4175
3966 4179
3966 4196
3966 4202
3966 4206
3966 4518
3966 4806
4006 1339
4006 1554
4006 2267
4006 2640
4006 2830
4006 3772
4006 3825
4006 3985
4006 3989
4006 4037
4006 4115
4006 4133
4006 4141
4006 4193
4006 4198
4006 4207
4006 4885
4998 643
4998 989
4998 1023
4998 1045
4998 1156
4998 1301
4998 1386
4998 1692
4998 1709
4998 1738
4998 2244
4998 2312
4998 2797
4998 2969
4998 3026
4998 3042
4998 3146
4998 3188
4998 3251
4998 3817
4998 3869
4998 4129
4998 4505
4998 4518
4998 4593
4998 4596
4998 4617
4998 4621
4998 4632
4998 4639
4998 4659
4998 4666
4998 4672
4998 4678
4998 4696
4998 4700
4998 4702
4998 4713
4998 4723
4998 4733
4998 4749
4998 4751
4998 4752
4998 4760
4998 4761
4998 4763
4998 4787
4998 4809
4998 4810
4998 4826
4998 4828
4998 4837
4998 4851
4998 4853
4998 4855
4998 4860
4998 4863
4998 4869
4998 4870
4998 4871
4998 4891
4998 4894
4998 4901
4998 4903
4998 4907
4998 4908
4998 4913
4998 4919
4998 4920
4998 4922
4998 4925
4998 4943
4998 4944
4998 4955
4998 4965
4998 4968
4998 4972
4998 4974
4998 4979
4998 4982
4998 4993
4998 4996
4998 4997
4998 4999
344 1264
344 3161
344 3253
466 436
466 1620
466 1810
466 2753
466 2795
466 4140
466 4202
1332 292
1332 626
1332 759
1332 787
1332 788
1332 792
1332 930
1332 955
1332 959
1332 979
1332 994
1332 1029
1332 1037
1332 1102
1332 1108
1332 1144
1332 1167
1332 1194
1332 1212
1332 1217
1332 1223
1332 1242
1332 1245
1332 1269
1332 1274
1332 1278
1332 1282
1332 1285
1332 1326
1332 1357
1332 1365
1332 1367
1332 1445
1332 1535
1332 1723
1332 2022
1332 2941
1332 3212
1332 3227
1332 3783
1332 3996
1332 4627
1332 4779
1332 4932
1332 4934
3206 711
3206 1043
3206 1150
3206 1365
3206 1699
3206 1960
3206 2384
3206 2453
3206 2472
3206 2478
3206 2507
3206 2526
3206 2577
3206 2637
3206 2700
3206 2755
3206 2787
3206 2810
3206 2823
3206 2850
3206 2893
3206 2897
3206 2918
3206 2959
3206 3010
3206 3014
3206 3019
3206 3033
3206 3045
3206 3069
3206 3104
3206 3113
3206 3119
3206 3130
3206 3141
3206 3142
3206 3157
3206 3191
3206 3193
3206 3200
3206 3202
3206 3226
3206 3231
3206 3234
3206 3235
3206 3241
3206 4024
3206 4567
3206 4921
3206 4977
181 435
181 1160
181 2312
181 4548
435 432
435 453
435 457
435 488
435 965
435 1705
435 3808
435 4937
1160 689
1160 860
1160 1060
1160 1222
1160 1235
1160 1262
1160 1283
1160 1296
1160 1317
1160 1321
1160 1335
1160 1337
1160 1350
1160 3104
1160 4171
1160 4791
1160 4964
2312 1209
2312 1292
2312 1343
2312 1835
2312 1845
2312 1856
2312 1903
2312 1932
2312 1945
2312 1968
2312 1997
2312 2026
2312 2135
2312 2143
2312 2145
2312 2184
2312 2219
2312 2228
2312 2242
2312 2261
2312 2262
2312 2270
2312 2280
2312 2284
2312 2306
2312 2311
2312 2314
2312 2322
2312 2327
2312 2351
2312 3089
2312 3165
2312 3226
2312 3513
2312 3570
2312 3634
2312 4123
2312 4155
2312 4531
2312 4853
4548 783
4548 1245
4548 1253
4548 1371
4548 1385
4548 2333
4548 2838
4548 2839
4548 3017
4548 4115
4548 4125
4548 4218
4548 4254
4548 4262
4548 4267
4548 4272
4548 4275
4548 4304
4548 4313
4548 4336
4548 4337
4548 4361
4548 4372
4548 4398
4548 4401
4548 4420
4548 4433
4548 4449
4548 4453
4548 4455
4548 4469
4548 4477
4548 4479
4548 4480
4548 4483
4548 4503
4548 4510
4548 4516
4548 4530
4548 4540
4548 4541
4548 4549
4548 4550
4548 4555
4548 4556
4548 4558
4548 4563
4548 4565
4548 4935
182 2093
182 3926
182 4195
2093 1194
2093 1776
2093 1922
2093 1987
2093 2121
2093 2194
2093 2216
2093 2236
2093 2252
2093 2335
2093 2395
2093 3635
3926 252
3926 3002
3926 3313
3926 3316
3926 3558
3926 3581
3926 3627
3926 3763
3926 3799
3926 3810
3926 3988
3926 4007
3926 4062
3926 4123
3926 4133
3926 4558
3926 4965
4195 458
4195 987
4195 1062
4195 1242
4195 1278
4195 1371
4195 1620
4195 2275
4195 2331
4195 2610
4195 2927
4195 2988
4195 3012
4195 3042
4195 3258
4195 3322
4195 3356
4195 3374
4195 3425
4195 3426
4195 3485
4195 3499
4195 3520
4195 3553
4195 3574
4195 3623
4195 3665
4195 3667
4195 3675
4195 3676
4195 3682
4195 3691
4195 3714
4195 3721
4195 3739
4195 3747
4195 3752
4195 3769
4195 3815
4195 3818
4195 3862
4195 3868
4195 3909
4195 3928
4195 3936
4195 3952
4195 3987
4195 4001
4195 4014
4195 4017
4195 4037
4195 4055
4195 4069
4195 4095
4195 4109
4195 4123
4195 4135
4195 4142
4195 4159
4195 4162
4195 4172
4195 4189
4195 4199
4195 4201
4195 4210
4195 4591
4195 4848
4195 4996
183 2344
183 3120
2344 668
2344 1092
2344 1142
2344 1324
2344 1355
2344 1771
2344 1811
2344 1822
2344 1867
2344 1871
2344 1885
2344 2004
2344 2017
2344 2031
2344 2047
2344 2049
2344 2056
2344 2096
2344 2098
2344 2106
2344 2112
2344 2113
2344 2141
2344 2159
2344 2161
2344 2164
2344 2203
2344 2210
2344 2211
2344 2217
2344 2231
2344 2234
2344 2240
2344 2250
2344 2253
2344 2257
2344 2265
2344 2276
2344 2282
2344 2285
2344 2290
2344 2291
2344 2308
2344 2315
2344 2324
2344 2327
2344 2329
2344 2338
2344 2340
2344 2350
2344 2352
2344 2710
2344 3138
2344 3185
2344 3233
2344 3684
2344 3805
2344 3905
2344 3962
2344 4076
2344 4149
2344 4189
2344 4199
2344 4231
2344 4354
2344 4447
2344 4796
3120 624
3120 781
3120 1323
3120 1674
3120 1922
3120 2211
3120 2308
3120 2508
3120 2529
3120 2559
3120 2666
3120 2744
3120 2796
3120 2825
3120 2868
3120 2883
3120 2914
3120 2976
3120 3052
3120 3054
3120 3099
3120 3106
3120 3151
3120 3182
3120 3197
3120 3210
3120 3218
3120 4920
2916 2254
2916 2447
2916 2882
2916 2951
2916 3021
2916 3163
2916 3178
2916 3195
2916 3209
2916 3214
2916 3378
2916 3835
2916 4843
4058 1851
4058 2845
4058 3056
4058 3147
4058 3406
4058 3542
4058 3655
4058 3710
4058 3719
4058 3896
4058 3897
4058 3915
4058 3948
4058 3956
4058 4002
4058 4130
4058 4137
4058 4143
4058 4151
4058 4188
4058 4194
4058 4285
4058 4827
352 1162
352 2716
352 3925
352 4993
1233 610
1233 664
1233 726
1233 1034
1233 1057
1233 1063
1233 1081
1233 1159
1233 1176
1233 1232
1233 1263
1233 1305
1233 1311
1233 1330
1233 1339
1233 1365
1233 1692
1233 3018
1233 3220
1233 3231
1233 3791
1233 3948
1233 4892
857 814
857 991
857 1018
857 1227
857 1307
857 1341
857 1359
857 2453
857 4137
2139 1578
2139 1832
2139 2008
2139 2079
2139 2196
2139 2223
2139 2248
2139 2283
2139 2307
2139 2310
2139 2315
2139 2325
2139 2474
2139 4669
2410 1170
2410 2504
2410 2742
2410 2867
2410 2991
2410 3096
3183 754
3183 1145
3183 1417
3183 2175
3183 2246
3183 2360
3183 2369
3183 2378
3183 2523
3183 2628
3183 2634
3183 2636
3183 2644
3183 2739
3183 2745
3183 2753
3183 2758
3183 2799
3183 2866
3183 2868
3183 2877
3183 2985
3183 2998
3183 3034
3183 3047
3183 3070
3183 3090
3183 3105
3183 3108
3183 3110
3183 3130
3183 3170
3183 3198
3183 3216
3183 3219
3183 3222
3183 3227
3183 3237
3183 3238
3183 3965
3183 4155
3183 4191
3183 4319
3183 4493
3183 4569
3183 4913
3183 4969
4125 689
4125 1274
4125 1312
4125 1673
4125 2479
4125 2750
4125 3202
4125 3218
4125 3243
4125 3295
4125 3350
4125 3414
4125 3456
4125 3502
4125 3596
4125 3605
4125 3670
4125 3683
4125 3688
4125 3723
4125 3775
4125 3780
4125 3795
4125 3806
4125 3819
4125 3852
4125 3877
4125 3925
4125 3938
4125 3989
4125 3995
4125 4040
4125 4063
4125 4072
4125 4089
4125 4131
4125 4149
4125 4182
4125 4205
4125 4480
4125 4516
4125 4567
1659 1307
1659 1400
1659 1457
1659 1511
1659 1519
1659 1547
1659 1549
1659 1592
1659 1608
1659 1625
1659 1658
1659 1665
1659 1671
1659 1673
1659 1679
1659 1690
1659 1692
1659 1702
1659 1703
1659 1704
1659 1706
1659 2236
1659 2867
1659 2954
1659 3195
1659 4557
1659 4577
189 4207
189 4420
4207 1186
4207 1246
4207 1317
4207 1343
4207 1459
4207 1703
4207 2269
4207 2640
4207 2717
4207 2897
4207 2906
4207 3119
4207 3151
4207 3171
4207 3217
4207 3246
4207 3259
4207 3272
4207 3298
4207 3308
4207 3364
4207 3407
4207 3418
4207 3502
4207 3506
4207 3526
4207 3565
4207 3586
4207 3655
4207 3692
4207 3697
4207 3707
4207 3724
4207 3728
4207 3770
4207 3772
4207 3778
4207 3781
4207 3782
4207 3803
4207 3829
4207 3833
4207 3858
4207 3866
4207 3868
4207 3872
4207 3884
4207 3887
4207 3892
4207 3894
4207 3901
4207 3985
4207 3989
4207 4017
4207 4037
4207 4045
4207 4076
4207 4095
4207 4115
4207 4133
4207 4141
4207 4145
4207 4163
4207 4184
4207 4186
4207 4193
4207 4198
4207 4205
4207 4235
4207 4521
4207 4555
4207 4759
4207 4913
4207 4970
4207 4992
4420 1187
4420 4481
4420 4495
4420 4499
4420 4503
4420 4550
4420 4555
4420 4563
4420 4565
4420 4937
190 2993
190 3642
190 4908
2993 2361
2993 2509
2993 2534
2993 2568
2993 2782
2993 2795
2993 2833
2993 2870
2993 2873
2993 2933
2993 3086
2993 3135
2993 3136
2993 3783
2993 4068
2993 4461
3642 1692
3642 2890
3642 3580
3642 3668
3642 3740
3642 3817
3642 4064
3642 4092
3642 4150
3642 4869
4908 2255
4908 2556
4908 2599
4908 4190
4908 4806
4908 4902
4908 4919
4908 4922
4908 4925
4908 4943
4908 4955
4908 4962
4908 4974
4908 4979
4908 4982
4908 4993
4908 4996
4908 4997
4908 4999
191 1100
191 3010
191 3121
1100 765
1100 779
1100 820
1100 868
1100 921
1100 1039
1100 1255
1100 1329
1100 1398
1100 2122
1100 2658
1100 3883
1100 4001
3010 2918
3010 2989
3010 3153
3010 3157
3010 3193
3010 3200
3010 3202
3010 3216
3010 3226
3010 3235
3010 3241
3010 3982
3010 4100
3010 4572
3121 1254
3121 1704
3121 2196
3121 2221
3121 2279
3121 2465
3121 2485
3121 2904
3121 2950
3121 3041
3121 3049
3121 3050
3121 3073
3121 3074
3121 3091
3121 3108
3121 3116
3121 3122
3121 3145
3121 3168
3121 3187
3121 3194
3121 3220
3121 3231
3121 3242
3121 3961
3121 4186
3121 4331
3121 4386
238 1669
238 2285
238 3150
2243 965
2243 1049
2243 1368
2243 1921
2243 1948
2243 1952
2243 2124
2243 2145
2243 2157
2243 2209
2243 2218
2243 2245
2243 2257
2243 2274
2243 2275
2243 2279
2243 2282
2243 2333
2243 2335
2243 3233
2243 4568
2243 4999
2559 3052
2559 3197
2559 3210
2559 3218
310 364
310 3050
310 4028
310 4164
413 1088
413 1270
413 2210
413 2329
3106 1681
3106 2183
3106 2352
3106 2378
3106 2575
3106 2639
3106 2715
3106 2744
3106 2855
3106 2877
3106 2929
3106 3017
3106 3052
3106 3054
3106 3060
3106 3099
3106 3111
3106 3140
3106 3151
3106 3182
3106 3197
3106 3210
3106 3218
3106 4004
3106 4075
3106 4180
3106 4947
3648 3233
3648 3919
3648 4035
3648 4045
3648 4163
3648 4209
3648 4210
194 415
194 1509
194 2266
194 4542
415 405
415 488
415 998
415 1371
415 2940
415 3150
415 4471
415 4910
1509 1645
1509 1647
1509 1673
1509 1675
1509 1678
1509 1683
1509 1696
1509 2163
1509 2936
1509 4402
2266 1330
2266 1750
2266 1754
2266 1774
2266 1917
2266 1957
2266 1995
2266 2053
2266 2120
2266 2131
2266 2170
2266 2173
2266 2179
2266 2222
2266 2244
2266 2256
2266 2260
2266 2267
2266 2296
2266 2311
2266 2335
2266 2793
2266 3044
2266 3996
2266 4056
2266 4525
2266 4860
4542 1006
4542 1648
4542 1677
4542 1905
4542 2046
4542 2317
4542 2771
4542 2895
4542 3561
4542 4061
4542 4215
4542 4219
4542 4234
4542 4253
4542 4255
4542 4308
4542 4350
4542 4365
4542 4394
4542 4405
4542 4425
4542 4426
4542 4429
4542 4431
4542 4438
4542 4444
4542 4447
4542 4474
4542 4493
4542 4495
4542 4498
4542 4505
4542 4509
4542 4517
4542 4518
4542 4520
4542 4521
4542 4523
4542 4536
4542 4545
4542 4552
4542 4558
4542 4560
4542 4567
4542 4982
195 1680
195 3285
1680 365
1680 971
1680 1195
1680 1365
1680 1385
1680 1392
1680 1405
1680 1432
1680 1451
1680 1474
1680 1489
1680 1498
1680 1504
1680 1510
1680 1523
1680 1550
1680 1551
1680 1554
1680 1570
1680 1578
1680 1591
1680 1601
1680 1615
1680 1647
1680 1653
1680 1655
1680 1656
1680 1661
1680 1662
1680 1674
1680 1677
1680 1682
1680 1691
1680 1705
1680 1709
1680 1710
1680 1813
1680 2574
1680 2960
1680 3080
1680 3378
1680 4715
1680 4894
1680 4945
3285 1981
3285 4083
3285 4094
3285 4121
3285 4138
236 2046
236 3225
236 4046
1320 645
1320 725
1320 769
1320 781
1320 782
1320 785
1320 795
1320 837
1320 845
1320 847
1320 950
1320 1020
1320 1064
1320 1107
1320 1150
1320 1156
1320 1182
1320 1238
1320 1244
1320 1251
1320 1262
1320 1272
1320 1273
1320 1284
1320 1304
1320 1315
1320 1321
1320 1333
1320 1354
1320 1355
1320 1366
1320 1502
1320 2307
1320 2953
1320 3000
1320 3278
1320 3731
1320 3835
1320 3965
1320 4033
1320 4118
1320 4500
1320 4540
1320 4904
1786 2276
1786 2308
1786 2329
1786 2350
1786 3203
2095 1734
2095 1813
2095 1852
2095 1911
2095 2010
2095 2066
2095 2086
2095 2137
2095 2207
2095 2220
2095 3140
4191 1042
4191 1223
4191 1274
4191 1551
4191 1710
4191 1785
4191 2109
4191 2468
4191 2794
4191 3050
4191 3220
4191 3222
4191 3236
4191 3243
4191 3248
4191 3253
4191 3291
4191 3294
4191 3300
4191 3334
4191 3336
4191 3362
4191 3389
4191 3403
4191 3405
4191 3442
4191 3490
4191 3570
4191 3594
4191 3595
4191 3613
4191 3651
4191 3652
4191 3677
4191 3748
4191 3789
4191 3798
4191 3864
4191 3873
4191 3880
4191 3895
4191 3899
4191 3944
4191 3947
4191 3950
4191 3958
4191 3963
4191 3979
4191 3997
4191 4013
4191 4021
4191 4024
4191 4033
4191 4034
4191 4043
4191 4065
4191 4128
4191 4139
4191 4146
4191 4151
4191 4163
4191 4179
4191 4190
4191 4198
4191 4463
4191 4814
4191 4962
1226 622
1226 768
1226 918
1226 1074
1226 1175
1226 1309
1226 1310
1226 1313
1226 1315
1226 1323
1226 1334
1226 1342
1226 1343
1226 1353
1226 1362
1226 1363
1226 1370
1226 2491
1226 3550
1226 4803
1226 4950
2777 2444
2777 2857
2777 2885
2777 2925
2777 2985
2777 3081
2777 3084
2777 3125
2777 4179
199 1023
199 4617
199 4793
1023 782
1023 1107
1023 1184
1023 1244
1023 1354
1023 1355
1023 1366
1023 3107
4617 1044
4617 4986
4617 4993
4793 2350
4793 3298
4793 4655
4793 4910
4793 4945
4793 4952
4793 4973
3156 1391
3156 1883
3156 2232
3156 2454
3156 2491
3156 2550
3156 2551
3156 2596
3156 2664
3156 2743
3156 2757
3156 2813
3156 2840
3156 2860
3156 2915
3156 2960
3156 2966
3156 3044
3156 3067
3156 3087
3156 3102
3156 3104
3156 3139
3156 3168
3156 3171
3156 3179
3156 3212
3156 3232
3156 3233
3156 3234
3156 3236
3156 3401
3156 3575
3156 3796
3156 3981
3156 4138
3156 4947
3241 635
3241 828
3241 847
3241 934
3241 1255
3241 1603
3241 1609
3241 1886
3241 2094
3241 2287
3241 2381
3241 2384
3241 2400
3241 2435
3241 2453
3241 2456
3241 2471
3241 2472
3241 2476
3241 2478
3241 2527
3241 2537
3241 2544
3241 2548
3241 2577
3241 2578
3241 2580
3241 2583
3241 2612
3241 2615
3241 2637
3241 2656
3241 2676
3241 2690
3241 2700
3241 2755
3241 2823
3241 2850
3241 2890
3241 2897
3241 2918
3241 2948
3241 2959
3241 2999
3241 3009
3241 3014
3241 3019
3241 3033
3241 3045
3241 3104
3241 3107
3241 3113
3241 3119
3241 3141
3241 3142
3241 3145
3241 3157
3241 3191
3241 3193
3241 3200
3241 3202
3241 3223
3241 3226
3241 3235
3241 3237
3241 3242
3241 3403
3241 3806
3241 3828
3241 4052
3241 4142
3241 4186
3241 4466
3241 4536
3241 4552
3241 4840
3241 4973
3241 4983
3241 4986
3566 290
3566 1403
3566 3588
3566 3836
3566 4042
3566 4210
201 471
201 1355
201 1792
201 4116
471 253
471 346
471 1706
471 3171
471 3198
471 3455
471 4022
471 4212
471 4517
1355 265
1355 620
1355 692
1355 696
1355 725
1355 730
1355 769
1355 782
1355 840
1355 871
1355 928
1355 946
1355 956
1355 1007
1355 1020
1355 1062
1355 1064
1355 1076
1355 1088
1355 1107
1355 1111
1355 1156
1355 1178
1355 1184
1355 1214
1355 1238
1355 1244
1355 1251
1355 1260
1355 1273
1355 1280
1355 1284
1355 1297
1355 1304
1355 1333
1355 1354
1355 1356
1355 1366
1355 1368
1355 1629
1355 2123
1355 3236
1355 3955
1355 3999
1355 4055
1355 4093
1355 4512
1355 4593
1355 4792
1355 4895
1355 4983
1355 4992
1792 1967
1792 2277
1792 2319
1792 2320
1792 2349
1792 4536
4116 308
4116 642
4116 1313
4116 2281
4116 2315
4116 3151
4116 3265
4116 3363
4116 3367
4116 3549
4116 3593
4116 3625
4116 3774
4116 3797
4116 3830
4116 3896
4116 3897
4116 3937
4116 3957
4116 3969
4116 3972
4116 4020
4116 4022
4116 4113
4116 4135
4116 4137
4116 4139
4116 4143
4116 4151
4116 4188
4116 4501
4116 4839
4116 4894
4116 4962
202 2198
202 3948
202 4382
2198 1559
2198 1726
2198 1729
2198 1826
2198 1894
2198 1929
2198 1960
2198 1965
2198 2019
2198 2023
2198 2051
2198 2052
2198 2069
2198 2148
2198 2199
2198 3234
2198 3721
2198 3730
2198 4201
2198 4883
3948 1325
3948 2742
3948 3216
3948 3584
3948 3783
3948 3849
3948 3972
3948 4020
3948 4088
3948 4113
3948 4137
3948 4143
3948 4151
3948 4194
3948 4563
3948 4937
4382 1225
4382 3238
4382 4388
4382 4466
4382 4488
4382 4524
4382 4525
4382 4526
4382 4544
203 488
203 2401
203 2926
488 267
488 441
488 462
488 1292
488 1702
488 1703
488 2475
488 2486
488 3826
488 3872
2401 2290
2401 2546
2401 2617
2401 2912
2401 3084
2401 3125
2926 1154
2926 2402
2926 2436
2926 2450
2926 2461
2926 2530
2926 2716
2926 2807
2926 2819
2926 2838
2926 2918
2926 2924
2926 3226
2926 3272
2926 4088
2926 4473
204 410
204 453
204 1269
204 2826
204 3471
410 315
410 1291
410 2470
410 2845
410 3202
410 3251
410 4049
453 226
453 457
453 892
453 1220
453 1312
453 2427
453 3353
453 4188
453 4964
1269 733
1269 741
1269 810
1269 813
1269 875
1269 1037
1269 1144
1269 1190
1269 1271
1269 1275
1269 1278
1269 1326
1269 1328
1269 1337
1269 1345
1269 1351
1269 1365
1269 1618
1269 2221
1269 2468
1269 3219
1269 4071
1269 4162
2826 2366
2826 2606
2826 3166
2826 3199
2826 3211
2826 3225
2826 3236
2826 3920
2826 4551
3471 3072
3471 4075
3471 4153
3471 4187
3471 4194
441 436
441 457
441 965
441 1057
441 3231
441 4029
441 4161
791 1184
791 1273
791 1324
791 1356
791 4639
2745 915
2745 1544
2745 2554
2745 2895
2745 3216
2745 3219
2745 3227
3907 789
3907 1122
3907 1310
3907 3315
3907 3321
3907 3324
3907 3354
3907 3383
3907 3385
3907 3459
3907 3699
3907 3735
3907 3842
3907 4184
212 2261
212 2950
212 3825
1317 597
1317 637
1317 725
1317 854
1317 867
1317 917
1317 965
1317 1083
1317 1113
1317 1116
1317 1136
1317 1183
1317 1185
1317 1191
1317 1222
1317 1240
1317 1246
1317 1296
1317 1312
1317 1321
1317 1335
1317 1337
1317 1345
1317 1348
1317 1350
1317 2033
1317 2084
1317 2177
1317 3231
1317 3838
1317 4013
1317 4068
1317 4145
1317 4161
1317 4210
1317 4523
1317 4923
1317 4971
4911 1300
4911 2217
4911 3083
4911 3455
4911 3815
4911 4188
4911 4805
4911 4835
4911 4884
4911 4923
4911 4930
4911 4931
4911 4933
4911 4934
4911 4936
4911 4938
4911 4941
4911 4954
4911 4970
4911 4981
4911 4986
4911 4992
4911 4994
207 932
207 2335
207 4904
932 1124
932 1202
932 1203
932 1217
932 1224
932 1265
932 1340
932 3221
932 4086
932 4180
2335 795
2335 1214
2335 1296
2335 1697
2335 1724
2335 1779
2335 1782
2335 1783
2335 1797
2335 1806
2335 1815
2335 1817
2335 1838
2335 1847
2335 1887
2335 1905
2335 1910
2335 1912
2335 1948
2335 1952
2335 1956
2335 1963
2335 1976
2335 1982
2335 1985
2335 1996
2335 2009
2335 2040
2335 2050
2335 2055
2335 2065
2335 2124
2335 2145
2335 2150
2335 2157
2335 2209
2335 2218
2335 2245
2335 2257
2335 2262
2335 2264
2335 2268
2335 2274
2335 2275
2335 2278
2335 2279
2335 2282
2335 2314
2335 2333
2335 2434
2335 2483
2335 2575
2335 2804
2335 2895
2335 2951
2335 3150
2335 3234
2335 3889
2335 4200
2335 4562
2335 4944
4904 2132
4904 2212
4904 4229
4904 4555
4904 4597
4904 4769
4904 4840
4904 4883
4904 4902
4904 4910
4904 4915
4904 4927
4904 4932
4904 4952
4904 4964
4904 4973
4904 4997
208 478
208 2119
208 2967
208 4007
478 445
478 1006
478 1286
478 2317
478 3087
478 3214
478 3223
2119 1747
2119 1833
2119 1893
2119 1898
2119 1902
2119 1972
2119 2079
2119 2105
2119 2152
2119 2969
2119 4124
2119 4149
2967 1272
2967 2382
2967 2488
2967 2766
2967 2798
2967 2842
2967 2949
2967 2954
2967 3102
2967 3103
2967 3143
2967 3153
2967 3159
2967 3167
2967 3830
2967 4927
4007 1563
4007 1934
4007 2336
4007 3131
4007 3173
4007 3313
4007 3316
4007 3372
4007 3529
4007 3546
4007 3581
4007 3608
4007 3763
4007 3799
4007 3810
4007 3986
4007 3988
4007 4062
4007 4196
209 691
209 1213
209 4292
691 1008
691 1077
691 1281
691 1293
691 1359
691 3890
1213 682
1213 698
1213 755
1213 885
1213 1029
1213 1035
1213 1040
1213 1075
1213 1145
1213 1195
1213 1267
1213 1292
1213 1310
1213 1314
1213 1361
1213 1371
1213 2788
1213 3735
1213 3807
1213 4150
4292 1468
4292 4233
4292 4345
4292 4414
4292 4433
4292 4476
4292 4501
210 3960
210 4520
3960 895
3960 2252
3960 2989
3960 3045
3960 3352
3960 3458
3960 3488
3960 3850
3960 4046
3960 4112
3960 4140
3960 4175
3960 4179
3960 4202
3960 4206
3960 4800
3960 4915
4520 1423
4520 2170
4520 3038
4520 3201
4520 4039
4520 4088
4520 4315
4520 4330
4520 4390
4520 4406
4520 4429
4520 4438
4520 4493
4520 4494
4520 4498
4520 4505
4520 4509
4520 4517
4520 4518
4520 4521
4520 4523
4520 4536
4520 4538
4520 4545
4520 4552
4520 4567
4520 4881
211 1212
211 1639
1212 786
1212 793
1212 876
1212 1063
1212 1173
1212 1190
1212 1271
1212 1278
1212 1283
1212 1328
1212 1345
1212 1351
1212 1365
1212 2106
1212 2285
1212 4087
1212 4089
1212 4109
1212 4919
1639 1467
1639 1558
1639 1593
1639 1600
1639 1602
1639 1604
1639 1617
1639 1637
1639 1667
1639 1679
1639 1682
1639 1687
1639 1699
1639 1981
1639 2511
1639 3778
1639 3825
1639 4218
2261 1280
2261 1428
2261 1628
2261 1794
2261 1913
2261 1969
2261 2135
2261 2143
2261 2171
2261 2234
2261 2242
2261 2262
2261 2280
2261 2306
2261 2311
2261 2314
2261 2322
2261 2351
2261 2981
2261 4065
2261 4077
2261 4533
2950 1219
2950 1610
2950 2879
2950 3062
2950 3122
2950 3145
2950 3172
2950 3174
2950 3187
2950 3220
2950 3231
2950 3242
2950 3627
2950 4031
3825 1313
3825 4108
3825 4110
3825 4129
3825 4153
3825 4179
3825 4187
3825 4194
3825 4492
213 265
213 2951
213 3892
213 4137
265 3099
265 3226
2951 2680
2951 2887
2951 3077
2951 3162
2951 3163
2951 3178
2951 3195
2951 3209
2951 3214
2951 3713
2951 3944
3892 613
3892 1334
3892 3447
3892 3614
3892 3833
3892 4076
3892 4115
3892 4145
3892 4186
3892 4193
3892 4198
3892 4205
3892 4257
4137 349
4137 1235
4137 1645
4137 1703
4137 2169
4137 2239
4137 2525
4137 2577
4137 3087
4137 3188
4137 3211
4137 3265
4137 3330
4137 3352
4137 3473
4137 3484
4137 3542
4137 3598
4137 3640
4137 3685
4137 3706
4137 3710
4137 3711
4137 3830
4137 3882
4137 3897
4137 3932
4137 3937
4137 3955
4137 3956
4137 3968
4137 3972
4137 4022
4137 4088
4137 4113
4137 4143
4137 4188
4137 4209
4137 4210
4137 4972
214 349
214 414
214 1310
214 2539
214 2739
349 490
349 3962
349 4196
414 458
414 512
414 946
414 1340
414 1688
414 3015
414 3611
1310 655
1310 713
1310 720
1310 768
1310 843
1310 911
1310 926
1310 1065
1310 1071
1310 1072
1310 1090
1310 1203
1310 1258
1310 1261
1310 1279
1310 1309
1310 1313
1310 1315
1310 1323
1310 1334
1310 1343
1310 1344
1310 1353
1310 1364
1310 1367
1310 1370
1310 1567
1310 1963
1310 2876
1310 3074
1310 3146
1310 3398
1310 3679
1310 3988
1310 4098
1310 4175
1310 4411
2539 1135
2539 2714
2539 3081
2539 3084
2539 3125
2739 2845
2739 3219
2739 3222
2739 3227
2739 3237
2739 3238
2739 4183
215 218
215 278
215 1240
215 2026
215 2310
218 459
218 945
218 1005
218 2644
278 1130
278 4556
1240 690
1240 933
1240 1060
1240 1094
1240 1122
1240 1222
1240 1235
1240 1241
1240 1246
1240 1267
1240 1312
1240 1329
1240 1335
1240 1337
1240 1348
1240 1350
1240 1401
1240 1628
1240 2805
1240 3101
1240 3212
1240 4193
1240 4436
2026 1692
2026 2008
2026 2311
2026 2351
2026 3148
2026 3329
2310 760
2310 1055
2310 1368
2310 1455
2310 1758
2310 1767
2310 1790
2310 1851
2310 1878
2310 1895
2310 1935
2310 2022
2310 2046
2310 2079
2310 2085
2310 2088
2310 2099
2310 2130
2310 2163
2310 2166
2310 2181
2310 2187
2310 2190
2310 2196
2310 2212
2310 2223
2310 2248
2310 2283
2310 2287
2310 2292
2310 2307
2310 2315
2310 2325
2310 2350
2310 2896
2310 3131
2310 3759
2310 3823
2310 4024
2310 4110
2310 4206
2310 4268
2310 4600
216 1754
216 3662
216 4113
1754 1917
1754 2244
1754 2260
1754 2267
1754 3523
3662 2137
3662 4128
3662 4161
3662 4175
3662 4179
3662 4196
3662 4206
4113 290
4113 973
4113 1173
4113 1641
4113 1730
4113 2071
4113 2245
4113 2553
4113 3188
4113 3274
4113 3347
4113 3470
4113 3637
4113 3711
4113 3786
4113 3857
4113 3882
4113 3911
4113 3937
4113 3944
4113 3956
4113 3957
4113 4002
4113 4020
4113 4022
4113 4088
4113 4097
4113 4130
4113 4151
4113 4188
4113 4206
4113 4445
4113 4926
4113 4994
245 941
245 3706
4536 763
4536 1899
4536 2307
4536 2334
4536 3233
4536 4124
4536 4215
4536 4234
4536 4252
4536 4253
4536 4288
4536 4329
4536 4330
4536 4401
4536 4406
4536 4425
4536 4426
4536 4431
4536 4444
4536 4445
4536 4493
4536 4498
4536 4505
4536 4509
4536 4517
4536 4518
4536 4521
4536 4523
4536 4535
4536 4545
4536 4552
4536 4568
4536 4928
459 375
459 1498
459 1696
459 2773
459 3221
459 3578
945 1121
945 1200
945 1208
945 1305
945 1311
945 1338
945 1344
945 3158
945 4471
1005 841
1005 1195
1005 1243
1005 1275
1005 1292
1005 1361
1005 1371
1005 3238
1005 4043
1005 4072
2644 3216
2644 3222
2644 3227
2644 3237
2644 4082
2644 4496
2421 2949
2421 3103
2421 3153
2421 3159
2421 3167
2913 2231
2913 2968
2913 3030
2913 3094
2913 3158
2913 3217
2913 3233
2913 3758
2913 4717
4912 271
4912 1141
4912 1220
4912 1964
4912 2245
4912 2912
4912 4103
4912 4586
4912 4616
4912 4631
4912 4657
4912 4675
4912 4758
4912 4843
4912 4846
4912 4849
4912 4905
4912 4916
4912 4926
4912 4937
4912 4940
4912 4946
4912 4958
4912 4959
4912 4971
4912 4992
220 419
220 1348
220 2210
419 1161
419 1691
419 2693
419 2920
419 3243
419 4452
1348 363
1348 609
1348 611
1348 637
1348 685
1348 775
1348 784
1348 800
1348 805
1348 831
1348 854
1348 860
1348 891
1348 909
1348 917
1348 953
1348 965
1348 1060
1348 1070
1348 1136
1348 1161
1348 1183
1348 1190
1348 1191
1348 1222
1348 1235
1348 1241
1348 1246
1348 1312
1348 1321
1348 1323
1348 1335
1348 1337
1348 1350
1348 1365
1348 1809
1348 2020
1348 2340
1348 2919
1348 2989
1348 3004
1348 3235
1348 3903
1348 4096
1348 4414
1348 4510
1348 4787
1348 4903
2210 1204
2210 1329
2210 1891
2210 1919
2210 1993
2210 2308
2210 2324
2210 2327
2210 2329
2210 2338
2210 2340
2210 2352
2210 3168
2210 4138
221 1301
221 2143
221 4355
1301 712
1301 727
1301 749
1301 780
1301 804
1301 878
1301 885
1301 953
1301 1090
1301 1116
1301 1125
1301 1139
1301 1153
1301 1185
1301 1216
1301 1263
1301 1286
1301 1315
1301 1323
1301 1334
1301 1342
1301 1343
1301 1362
1301 1364
1301 1367
1301 1370
1301 2053
1301 2244
1301 2611
1301 3230
1301 3669
1301 4135
2143 1896
2143 2280
2143 2314
2143 2351
2143 3177
2143 3434
2143 3472
4355 1970
4355 3186
4355 4228
4355 4327
4355 4339
4355 4377
4355 4418
4355 4422
4355 4442
222 337
222 512
222 1519
222 3548
222 4094
337 1106
337 2340
337 4210
512 291
512 351
512 445
512 1601
512 2040
512 2112
512 2178
512 2952
512 3924
512 4371
1519 1435
1519 1614
1519 1624
1519 1654
1519 1690
1519 1706
1519 2196
1519 4188
3548 2897
3548 3746
3548 3968
3548 3991
3548 4128
3548 4196
3548 4206
4094 1350
4094 1567
4094 1681
4094 2121
4094 2375
4094 3092
4094 3094
4094 3344
4094 3494
4094 3525
4094 3535
4094 3715
4094 3808
4094 3812
4094 3855
4094 3955
4094 3998
4094 4000
4094 4015
4094 4049
4094 4067
4094 4119
4094 4154
4094 4157
4094 4164
4094 4182
4094 4183
4094 4184
4094 4200
4094 4205
3895 1148
3895 2544
3895 2628
3895 3186
3895 3789
3895 3979
3895 4013
3895 4033
3895 4035
3895 4065
3895 4066
3895 4139
3895 4190
247 2215
247 2891
247 3990
2775 2899
2775 2961
2775 3000
2775 3058
2775 3101
2775 3154
2775 3172
2775 4028
3513 3592
3513 3829
3513 4142
3513 4162
3513 4189
3513 4201
3808 2448
3808 3812
3808 3998
3808 4071
3808 4102
3808 4129
3808 4164
3808 4182
3808 4183
3808 4200
2942 1600
2942 2892
2942 3025
2942 3061
2942 3127
2942 3130
2942 3161
2942 3188
2942 3203
2942 3217
2942 3234
2942 3714
3889 1137
3889 3318
3889 3837
3889 3893
3889 4001
3889 4035
3889 4098
3889 4136
3889 4163
3889 4209
3889 4950
226 3691
226 3975
226 4540
3691 608
3691 3961
3691 4095
3691 4135
3691 4199
3691 4201
3691 4538
3975 1097
3975 1328
3975 1677
3975 2112
3975 2323
3975 3182
3975 3790
3975 4004
3975 4025
3975 4060
3975 4102
3975 4108
3975 4110
3975 4129
3975 4153
3975 4187
3975 4194
4540 671
4540 2173
4540 2206
4540 2338
4540 2362
4540 3052
4540 3174
4540 3221
4540 3863
4540 4251
4540 4281
4540 4283
4540 4301
4540 4319
4540 4379
4540 4383
4540 4386
4540 4401
4540 4433
4540 4439
4540 4449
4540 4453
4540 4474
4540 4479
4540 4481
4540 4491
4540 4495
4540 4497
4540 4503
4540 4513
4540 4524
4540 4533
4540 4541
4540 4549
4540 4550
4540 4551
4540 4558
4540 4563
4540 4565
4540 4981
374 243
374 323
374 1500
374 2347
374 2948
1291 714
1291 777
1291 827
1291 910
1291 981
1291 992
1291 1041
1291 1045
1291 1049
1291 1050
1291 1052
1291 1096
1291 1110
1291 1140
1291 1151
1291 1157
1291 1158
1291 1170
1291 1189
1291 1225
1291 1276
1291 1297
1291 1307
1291 1341
1291 1370
1291 2340
1291 3061
1291 3195
1291 4048
1291 4133
1291 4417
1291 4530
1291 4552
4017 1079
4017 1476
4017 3259
4017 3586
4017 3858
4017 4115
4017 4135
4017 4141
4017 4186
4017 4193
4017 4198
4017 4451
4057 1264
4057 1276
4057 1588
4057 1682
4057 2220
4057 2669
4057 3255
4057 3371
4057 3497
4057 3521
4057 3633
4057 3667
4057 3727
4057 3811
4057 3843
4057 3941
4057 4028
4057 4072
4057 4081
4057 4120
4057 4166
4057 4171
228 1210
228 2910
228 4124
1210 626
1210 819
1210 892
1210 959
1210 994
1210 1196
1210 1223
1210 1271
1210 1326
1210 1328
1210 1344
1210 1345
1210 1357
1210 1365
1210 2337
1210 2338
1210 3276
1210 4194
1210 4624
2910 2677
2910 2761
2910 2997
2910 3022
2910 3042
2910 3059
2910 3158
2910 3234
2910 3805
2910 4119
4124 734
4124 1202
4124 1209
4124 1276
4124 1706
4124 3030
4124 3232
4124 3277
4124 3292
4124 3462
4124 3495
4124 3501
4124 3519
4124 3526
4124 3534
4124 3562
4124 3591
4124 3615
4124 3653
4124 3765
4124 3766
4124 3816
4124 3852
4124 3856
4124 3863
4124 3923
4124 3990
4124 4019
4124 4033
4124 4039
4124 4077
4124 4102
4124 4114
4124 4132
4124 4148
4124 4180
4124 4188
4124 4242
4124 4339
4124 4971
1112 976
1112 1042
1112 1097
1112 1129
1112 1154
1112 1162
1112 1196
1112 1287
1112 1315
1112 1325
1112 1336
1112 2192
1112 3084
1112 3232
1112 4985
4226 2835
4226 4509
4226 4513
4226 4564
4226 4567
4115 929
4115 1243
4115 1312
4115 1370
4115 1649
4115 2513
4115 3055
4115 3682
4115 3697
4115 3778
4115 3858
4115 3866
4115 3884
4115 3901
4115 3989
4115 4045
4115 4076
4115 4133
4115 4141
4115 4145
4115 4186
4115 4193
4115 4198
4115 4201
4115 4205
4115 4209
4115 4846
4997 1087
4997 1343
4997 1361
4997 1910
4997 2007
4997 2494
4997 2540
4997 2609
4997 2643
4997 2780
4997 2970
4997 3203
4997 3211
4997 3218
4997 3267
4997 4032
4997 4128
4997 4157
4997 4163
4997 4572
4997 4585
4997 4593
4997 4596
4997 4600
4997 4615
4997 4621
4997 4666
4997 4696
4997 4700
4997 4702
4997 4706
4997 4713
4997 4716
4997 4717
4997 4723
4997 4729
4997 4733
4997 4750
4997 4758
4997 4761
4997 4765
4997 4780
4997 4800
4997 4806
4997 4809
4997 4810
4997 4820
4997 4826
4997 4827
4997 4828
4997 4851
4997 4855
4997 4863
4997 4867
4997 4870
4997 4871
4997 4874
4997 4879
4997 4891
4997 4894
4997 4901
4997 4903
4997 4907
4997 4919
4997 4922
4997 4938
4997 4943
4997 4944
4997 4955
4997 4958
4997 4965
4997 4968
4997 4974
4997 4979
4997 4982
4997 4993
4997 4996
4997 4999
231 309
231 1243
231 3679
309 358
309 1345
309 3957
309 4753
1243 596
1243 627
1243 688
1243 767
1243 838
1243 890
1243 904
1243 910
1243 971
1243 989
1243 1013
1243 1015
1243 1070
1243 1115
1243 1139
1243 1155
1243 1206
1243 1253
1243 1423
1243 2480
1243 4015
1243 4143
1243 4441
1243 4688
3679 4020
3679 4097
3679 4143
3679 4151
3679 4188
3679 4618
3679 4993
232 328
232 2695
232 3060
232 4346
328 283
328 955
328 3116
328 4939
2695 1081
2695 3109
2695 3112
2695 3137
2695 3138
2695 3153
2695 3164
2695 4820
3060 1476
3060 1576
3060 2075
3060 2351
3060 2486
3060 2626
3060 2843
3060 2929
3060 3017
3060 3031
3060 3052
3060 3099
3060 3151
3060 3182
3060 3188
3060 3197
3060 3210
3060 3218
3060 3242
3060 4994
4346 1202
4346 3334
4346 4230
4346 4512
4346 4538
4346 4556
4346 4568
4346 4569
233 298
233 3159
233 4321
233 4818
298 243
298 726
298 1321
298 2337
298 3236
3159 962
3159 1665
3159 1900
3159 2306
3159 2405
3159 2441
3159 2448
3159 2460
3159 2488
3159 2492
3159 2500
3159 2543
3159 2562
3159 2576
3159 2581
3159 2593
3159 2620
3159 2710
3159 2728
3159 2734
3159 2738
3159 2766
3159 2798
3159 2842
3159 2949
3159 2954
3159 3103
3159 3128
3159 3143
3159 3153
3159 3167
3159 3218
3159 3233
3159 3234
3159 3480
3159 4012
3159 4422
3159 4457
3159 4994
4321 2717
4321 3212
4321 4219
4321 4238
4321 4258
4321 4302
4321 4380
4321 4562
4818 2678
4818 3143
4818 4456
4818 4850
4818 4909
4818 4913
4818 4917
4818 4950
4818 4971
4818 4972
4818 4975
4818 4977
804 1292
804 1342
804 1353
804 1363
804 3046
804 3488
2319 975
2319 1030
2319 1129
2319 1203
2319 1290
2319 1710
2319 1737
2319 1819
2319 1903
2319 1906
2319 1913
2319 1930
2319 1939
2319 1975
2319 1984
2319 1998
2319 2002
2319 2060
2319 2092
2319 2107
2319 2122
2319 2123
2319 2142
2319 2176
2319 2215
2319 2254
2319 2255
2319 2259
2319 2277
2319 2288
2319 2292
2319 2293
2319 2303
2319 2304
2319 2317
2319 2320
2319 2332
2319 2334
2319 2337
2319 2347
2319 2349
2319 2456
2319 2565
2319 2823
2319 3103
2319 3606
2319 3763
2319 4159
2319 4901
4993 669
4993 1105
4993 1200
4993 1541
4993 1556
4993 1817
4993 2135
4993 2455
4993 2684
4993 3055
4993 3068
4993 3090
4993 3146
4993 3524
4993 3675
4993 3886
4993 4140
4993 4183
4993 4186
4993 4557
4993 4572
4993 4585
4993 4587
4993 4593
4993 4596
4993 4659
4993 4666
4993 4672
4993 4696
4993 4700
4993 4713
4993 4715
4993 4751
4993 4778
4993 4780
4993 4799
4993 4800
4993 4809
4993 4810
4993 4827
4993 4828
4993 4851
4993 4860
4993 4871
4993 4879
4993 4891
4993 4896
4993 4901
4993 4903
4993 4907
4993 4919
4993 4922
4993 4925
4993 4940
4993 4943
4993 4944
4993 4946
4993 4952
4993 4955
4993 4965
4993 4968
4993 4974
4993 4979
4993 4982
4993 4994
4993 4996
4993 4999
235 2331
235 3174
235 3647
2331 1278
2331 1711
2331 1727
2331 1732
2331 1736
2331 1744
2331 1746
2331 1752
2331 1760
2331 1763
2331 1791
2331 1805
2331 1826
2331 1843
2331 1853
2331 1869
2331 1920
2331 1938
2331 1971
2331 1977
2331 1992
2331 2041
2331 2059
2331 2070
2331 2072
2331 2074
2331 2078
2331 2080
2331 2089
2331 2116
2331 2126
2331 2167
2331 2171
2331 2183
2331 2192
2331 2241
2331 2249
2331 2251
2331 2260
2331 2263
2331 2271
2331 2283
2331 2299
2331 2317
2331 2324
2331 2954
2331 3043
2331 3772
2331 3836
2331 3860
2331 3919
2331 4037
2331 4046
2331 4097
2331 4138
2331 4312
2331 4494
2331 4552
2331 4891
3174 784
3174 974
3174 1244
3174 1363
3174 2110
3174 2196
3174 2363
3174 2420
3174 2423
3174 2533
3174 2535
3174 2579
3174 2710
3174 2769
3174 2783
3174 2831
3174 2851
3174 2855
3174 2904
3174 2907
3174 2934
3174 3002
3174 3035
3174 3049
3174 3073
3174 3091
3174 3111
3174 3122
3174 3143
3174 3151
3174 3187
3174 3194
3174 3220
3174 3242
3174 3761
3174 3883
3174 4031
3174 4508
3647 1844
3647 3997
3647 4008
3647 4123
3647 4142
3647 4159
3647 4199
3647 4201
3647 4549
2046 1833
2046 2130
2046 2190
2046 2212
2046 2283
2046 2292
2046 2315
2046 2325
2046 4087
3225 745
3225 782
3225 1258
3225 1282
3225 1306
3225 1669
3225 1971
3225 2323
3225 2369
3225 2471
3225 2479
3225 2487
3225 2499
3225 2502
3225 2541
3225 2552
3225 2587
3225 2595
3225 2624
3225 2685
3225 2731
3225 2786
3225 2802
3225 2818
3225 2878
3225 2901
3225 2909
3225 2914
3225 2939
3225 2954
3225 2983
3225 3001
3225 3009
3225 3018
3225 3023
3225 3031
3225 3039
3225 3040
3225 3063
3225 3066
3225 3072
3225 3078
3225 3123
3225 3124
3225 3131
3225 3144
3225 3166
3225 3180
3225 3199
3225 3201
3225 3205
3225 3211
3225 3212
3225 3220
3225 3221
3225 3223
3225 3230
3225 3234
3225 3236
3225 3837
3225 3859
3225 4154
3225 4201
3225 4526
3225 4856
3225 4944
3225 4994
4046 856
4046 1168
4046 2156
4046 3227
4046 3523
4046 3639
4046 3747
4046 3917
4046 3944
4046 4005
4046 4059
4046 4128
4046 4140
4046 4175
4046 4179
4046 4202
4046 4206
4046 4210
4046 4960
704 1255
704 1329
704 2114
1152 897
1152 980
1152 1105
1152 1268
1152 1270
1152 1305
1152 1311
1152 1338
1152 1339
1152 1344
1152 1561
1152 1662
1152 4154
1152 4518
1323 648
1323 744
1323 757
1323 926
1323 963
1323 1016
1323 1053
1323 1062
1323 1090
1323 1116
1323 1153
1323 1177
1323 1192
1323 1201
1323 1204
1323 1216
1323 1229
1323 1258
1323 1313
1323 1334
1323 1342
1323 1343
1323 1353
1323 1362
1323 1363
1323 1364
1323 1367
1323 1370
1323 1409
1323 1668
1323 2262
1323 2267
1323 3000
1323 3191
1323 4109
1669 646
1669 1413
1669 1425
1669 1428
1669 1433
1669 1476
1669 1492
1669 1550
1669 1556
1669 1567
1669 1591
1669 1641
1669 1642
1669 1645
1669 1646
1669 1654
1669 1655
1669 1661
1669 1662
1669 1663
1669 1674
1669 1681
1669 1697
1669 1705
1669 1710
1669 2529
1669 2573
1669 3893
1669 4171
1669 4182
1669 4562
1669 4601
2285 959
2285 967
2285 1770
2285 1959
2285 2020
2285 2025
2285 2106
2285 2112
2285 2149
2285 2157
2285 2163
2285 2191
2285 2203
2285 2253
2285 2304
2285 2327
2285 2329
2285 2338
2285 2340
2285 2350
2285 2352
2285 2505
2285 2726
2285 3132
2285 3222
2285 4584
2285 4996
3150 2373
3150 2395
3150 2417
3150 2521
3150 2547
3150 2571
3150 2598
3150 2646
3150 2658
3150 2663
3150 2686
3150 2709
3150 2741
3150 2774
3150 2781
3150 2820
3150 2973
3150 2975
3150 2995
3150 3011
3150 3012
3150 3013
3150 3075
3150 3089
3150 3092
3150 3146
3150 3173
3150 3185
3150 3198
3150 3505
3150 3630
3150 4037
3150 4163
3150 4376
757 780
757 1065
757 1195
757 1258
757 1261
4194 869
4194 1088
4194 1528
4194 1561
4194 2225
4194 2276
4194 2325
4194 2956
4194 3045
4194 3068
4194 3092
4194 3194
4194 3234
4194 3263
4194 3281
4194 3318
4194 3332
4194 3358
4194 3373
4194 3376
4194 3428
4194 3452
4194 3478
4194 3500
4194 3509
4194 3522
4194 3555
4194 3571
4194 3590
4194 3597
4194 3624
4194 3656
4194 3713
4194 3714
4194 3744
4194 3758
4194 3848
4194 3886
4194 3888
4194 3898
4194 3924
4194 3980
4194 3989
4194 4025
4194 4050
4194 4053
4194 4060
4194 4073
4194 4081
4194 4103
4194 4108
4194 4129
4194 4151
4194 4153
4194 4172
4194 4187
4194 4202
4194 4313
4194 4834
4315 1673
4315 2329
4315 4521
4315 4529
4315 4545
4315 4552
2038 1803
2038 2044
2038 2160
2038 2175
2038 2177
2038 2291
2038 2293
2038 2305
2038 3209
2038 4493
3037 941
3037 1477
3037 2239
3037 2747
3037 2957
3037 2992
3037 3030
3037 3042
3037 3147
3037 3177
3037 3203
3037 3217
3037 3234
3037 3916
3037 4044
3037 4066
3037 4950
241 490
241 2060
241 2077
241 3064
490 279
490 369
490 1338
490 1485
490 3961
490 4927
490 4972
2060 1494
2060 1718
2060 2137
2060 2308
2060 2317
2060 2332
2060 2337
2060 2349
2060 4188
2077 1078
2077 1779
2077 1836
2077 2221
2077 2265
2077 2327
2077 2338
2077 2350
2077 2352
2077 3152
3064 1216
3064 1324
3064 1969
3064 2516
3064 2602
3064 2702
3064 2794
3064 2864
3064 2899
3064 2955
3064 2965
3064 2989
3064 3006
3064 3079
3064 3101
3064 3148
3064 3154
3064 3172
3064 3198
3064 4339
3064 4619
3064 4924
2481 1363
2481 2499
2481 3108
2481 3201
2481 3205
2481 3236
2846 1333
2846 2769
2846 2980
2846 3093
2846 3111
2846 3122
2846 3187
2846 3242
2846 3632
243 1329
243 1333
243 4934
1329 605
1329 615
1329 634
1329 672
1329 710
1329 779
1329 797
1329 820
1329 826
1329 833
1329 859
1329 866
1329 868
1329 873
1329 900
1329 921
1329 952
1329 958
1329 1001
1329 1009
1329 1039
1329 1087
1329 1138
1329 1205
1329 1255
1329 1293
1329 1350
1329 2287
1329 3094
1329 3284
1329 3727
1329 3882
1329 4091
1329 4110
1329 4161
1329 4982
1333 445
1333 645
1333 692
1333 725
1333 837
1333 840
1333 847
1333 871
1333 895
1333 956
1333 999
1333 1007
1333 1030
1333 1064
1333 1107
1333 1156
1333 1179
1333 1184
1333 1214
1333 1215
1333 1222
1333 1238
1333 1244
1333 1251
1333 1260
1333 1262
1333 1273
1333 1284
1333 1304
1333 1354
1333 1356
1333 1364
1333 1366
1333 2288
1333 2414
1333 2538
1333 2933
1333 3055
1333 3309
1333 3501
1333 4557
4934 649
4934 918
4934 1126
4934 2796
4934 3130
4934 3203
4934 3563
4934 4088
4934 4375
4934 4578
4934 4582
4934 4608
4934 4638
4934 4645
4934 4651
4934 4654
4934 4675
4934 4705
4934 4712
4934 4755
4934 4759
4934 4779
4934 4795
4934 4802
4934 4838
4934 4842
4934 4843
4934 4862
4934 4865
4934 4866
4934 4878
3127 1159
3127 1287
3127 1550
3127 2237
3127 2260
3127 2598
3127 2798
3127 2803
3127 2806
3127 2956
3127 2988
3127 3022
3127 3042
3127 3061
3127 3076
3127 3158
3127 3177
3127 3188
3127 3189
3127 3195
3127 3203
3127 3217
3127 3233
3127 3234
3127 3714
3127 4338
3127 4464
3128 1154
3128 1244
3128 1304
3128 2171
3128 2446
3128 2464
3128 2605
3128 2609
3128 2643
3128 2673
3128 2688
3128 2703
3128 2783
3128 2896
3128 2906
3128 2917
3128 2932
3128 2977
3128 2978
3128 2984
3128 3046
3128 3107
3128 3152
3128 3162
3128 3195
3128 3219
3128 3372
3128 4684
4062 680
4062 886
4062 1308
4062 2332
4062 2733
4062 3313
4062 3316
4062 3372
4062 3436
4062 3546
4062 3558
4062 3581
4062 3582
4062 3608
4062 3618
4062 3627
4062 3680
4062 3763
4062 3799
4062 3810
4062 3986
4062 3988
4062 4037
4062 4385
4062 4960
941 641
941 726
941 1085
941 1105
941 1176
941 1311
941 1344
941 3151
3706 2966
3706 3108
3706 3437
3706 4088
3706 4097
3706 4143
3706 4188
3706 4835
379 3140
379 3971
379 4313
2917 1673
2917 2446
2917 2612
2917 2893
2917 2932
2917 2977
2917 3051
2917 3152
2917 3162
2917 3165
2917 3619
2917 4132
2952 2293
2952 2733
2952 3059
2952 3097
2952 3154
2952 3171
2952 3189
2952 3217
2952 3858
2952 4162
2952 4874
3725 1361
3725 3090
3725 3697
3725 4145
3725 4193
3725 4198
3725 4202
2215 1768
2215 1930
2215 1968
2215 2002
2215 2033
2215 2137
2215 2156
2215 2167
2215 2254
2215 2288
2215 2320
2215 2332
2215 2334
2215 2337
2215 2347
2215 2349
2215 3612
2215 4022
2215 4284
2215 4430
2891 1330
2891 2346
2891 2594
2891 2672
2891 2712
2891 2750
2891 2752
2891 2920
2891 2964
2891 3004
2891 3056
2891 3068
2891 4952
3990 1166
3990 1268
3990 1788
3990 2275
3990 3132
3990 3335
3990 3495
3990 3534
3990 3554
3990 3614
3990 3827
3990 3856
3990 3923
3990 4019
3990 4039
3990 4077
3990 4112
3990 4114
3990 4132
3990 4180
3990 4827
248 351
248 1245
248 2290
351 315
351 1709
351 2422
351 3090
351 3108
1245 723
1245 733
1245 980
1245 982
1245 1102
1245 1199
1245 1223
1245 1249
1245 1271
1245 1296
1245 1311
1245 1328
1245 1345
1245 1351
1245 1365
1245 2347
1245 2936
1245 3113
1245 3666
1245 4584
1245 4986
2290 675
2290 1276
2290 1293
2290 1771
2290 1780
2290 1787
2290 1811
2290 1929
2290 2106
2290 2109
2290 2161
2290 2191
2290 2211
2290 2217
2290 2240
2290 2278
2290 2304
2290 2308
2290 2324
2290 2327
2290 2329
2290 2333
2290 2338
2290 2340
2290 2350
2290 2352
2290 2682
2290 3776
2290 4222
2290 4757
249 3238
249 4209
249 4405
249 4558
3238 1214
3238 1314
3238 1819
3238 1831
3238 2049
3238 2332
3238 2334
3238 2355
3238 2393
3238 2404
3238 2428
3238 2433
3238 2495
3238 2498
3238 2523
3238 2528
3238 2567
3238 2572
3238 2586
3238 2625
3238 2634
3238 2636
3238 2675
3238 2679
3238 2696
3238 2701
3238 2726
3238 2727
3238 2736
3238 2753
3238 2805
3238 2811
3238 2816
3238 2821
3238 2828
3238 2849
3238 2866
3238 2877
3238 2895
3238 2902
3238 2911
3238 2946
3238 2998
3238 3034
3238 3043
3238 3047
3238 3070
3238 3072
3238 3080
3238 3105
3238 3108
3238 3110
3238 3130
3238 3145
3238 3168
3238 3170
3238 3178
3238 3189
3238 3198
3238 3203
3238 3210
3238 3216
3238 3219
3238 3222
3238 3227
3238 3234
3238 3237
3238 3602
3238 3826
3238 3877
3238 3980
3238 4110
3238 4162
3238 4389
3238 4967
3238 4986
4209 257
4209 1368
4209 1459
4209 1678
4209 1903
4209 2070
4209 2352
4209 2416
4209 2435
4209 2784
4209 3050
4209 3162
4209 3166
4209 3221
4209 3264
4209 3307
4209 3309
4209 3314
4209 3328
4209 3372
4209 3384
4209 3400
4209 3412
4209 3511
4209 3515
4209 3537
4209 3572
4209 3583
4209 3603
4209 3616
4209 3678
4209 3690
4209 3697
4209 3707
4209 3729
4209 3742
4209 3759
4209 3788
4209 3809
4209 3821
4209 3836
4209 3838
4209 3860
4209 3888
4209 3893
4209 3898
4209 3900
4209 3910
4209 3932
4209 3943
4209 3945
4209 3951
4209 3961
4209 3971
4209 3991
4209 3993
4209 3994
4209 4035
4209 4041
4209 4042
4209 4054
4209 4078
4209 4087
4209 4098
4209 4100
4209 4136
4209 4150
4209 4163
4209 4172
4209 4210
4209 4276
4209 4473
4209 4549
4209 4812
4405 2988
4405 4445
4405 4470
4405 4513
4405 4517
4405 4523
4405 4545
4405 4552
4558 980
4558 1283
4558 1330
4558 1549
4558 1671
4558 1677
4558 2488
4558 2652
4558 2899
4558 2929
4558 3152
4558 3856
4558 3933
4558 3942
4558 4216
4558 4247
4558 4251
4558 4257
4558 4265
4558 4267
4558 4268
4558 4301
4558 4331
4558 4361
4558 4373
4558 4378
4558 4383
4558 4386
4558 4392
4558 4397
4558 4410
4558 4449
4558 4450
4558 4453
4558 4473
4558 4474
4558 4479
4558 4480
4558 4481
4558 4486
4558 4495
4558 4497
4558 4499
4558 4503
4558 4510
4558 4530
4558 4531
4558 4533
4558 4535
4558 4541
4558 4549
4558 4550
4558 4551
4558 4563
4558 4565
4558 4567
292 1366
292 3557
1491 1585
1491 1621
1491 1665
1491 1666
1491 1676
1491 1702
1491 3995
2840 686
2840 1905
2840 2860
2840 2982
2840 3063
2840 3139
2840 3171
2840 3179
2840 3217
2840 3232
2840 4959
3602 3773
3602 4028
3602 4048
3602 4049
3602 4118
3602 4567
251 1709
251 3197
251 4473
1709 618
1709 1407
1709 1408
1709 1426
1709 1427
1709 1443
1709 1447
1709 1448
1709 1452
1709 1453
1709 1465
1709 1467
1709 1469
1709 1479
1709 1484
1709 1490
1709 1500
1709 1513
1709 1528
1709 1534
1709 1545
1709 1558
1709 1559
1709 1563
1709 1586
1709 1593
1709 1596
1709 1597
1709 1598
1709 1600
1709 1603
1709 1604
1709 1606
1709 1609
1709 1625
1709 1628
1709 1636
1709 1637
1709 1650
1709 1651
1709 1667
1709 1682
1709 1686
1709 1687
1709 1699
1709 1703
1709 2145
1709 2327
1709 2352
1709 2955
1709 3197
1709 3340
1709 3592
1709 4078
1709 4102
1709 4130
1709 4909
1709 4936
3197 933
3197 966
3197 1229
3197 1900
3197 2117
3197 2378
3197 2457
3197 2475
3197 2496
3197 2515
3197 2540
3197 2557
3197 2600
3197 2606
3197 2618
3197 2626
3197 2639
3197 2666
3197 2677
3197 2715
3197 2741
3197 2744
3197 2779
3197 2811
3197 2812
3197 2825
3197 2843
3197 2881
3197 2883
3197 2904
3197 2929
3197 2969
3197 3017
3197 3052
3197 3099
3197 3140
3197 3151
3197 3182
3197 3210
3197 3218
3197 3409
3197 3843
3197 4055
3197 4132
3197 4157
3197 4163
4473 1136
4473 3147
4473 3199
4473 4271
4473 4339
4473 4375
4473 4386
4473 4452
4473 4461
4473 4481
4473 4541
4473 4549
4473 4550
4473 4563
252 4059
4059 1001
4059 1389
4059 3457
4059 3458
4059 3466
4059 3539
4059 3660
4059 3914
4059 3917
4059 3944
4059 4008
4059 4044
4059 4075
4059 4091
4059 4140
4059 4175
4059 4179
4059 4180
4059 4196
4059 4202
4059 4206
4059 4322
4059 4541
4059 4768
253 2639
253 3054
253 3166
2639 779
2639 3099
2639 3210
2639 3211
3054 2102
3054 2475
3054 2748
3054 2881
3054 2883
3054 2932
3054 2984
3054 3017
3054 3031
3054 3099
3054 3140
3054 3151
3054 3173
3054 3182
3054 3210
3054 3218
3054 4175
3054 4461
3054 4561
3166 1979
3166 2624
3166 2722
3166 2772
3166 2804
3166 2914
3166 2939
3166 2983
3166 3009
3166 3018
3166 3039
3166 3040
3166 3072
3166 3083
3166 3124
3166 3144
3166 3180
3166 3199
3166 3201
3166 3205
3166 3211
3166 3219
3166 3221
3166 3223
3166 3230
3166 3236
3166 3514
3166 3866
3166 3936
3166 4380
3166 4568
3166 4937
1606 1342
1606 1443
1606 1482
1606 1569
1606 1627
1606 1667
1606 1683
1606 1685
1606 1703
1606 2352
1606 2514
1606 4146
1606 4179
2239 1156
2239 1715
2239 1738
2239 1802
2239 1885
2239 1893
2239 1894
2239 1959
2239 1973
2239 1981
2239 1990
2239 2097
2239 2102
2239 2111
2239 2189
2239 2193
2239 2314
2239 3789
2239 4078
2239 4671
4186 962
4186 1155
4186 1244
4186 1280
4186 1297
4186 1962
4186 2010
4186 2176
4186 2332
4186 2382
4186 2998
4186 3045
4186 3093
4186 3122
4186 3182
4186 3235
4186 3237
4186 3272
4186 3273
4186 3325
4186 3358
4186 3364
4186 3441
4186 3565
4186 3578
4186 3606
4186 3619
4186 3632
4186 3697
4186 3707
4186 3709
4186 3724
4186 3728
4186 3772
4186 3778
4186 3781
4186 3806
4186 3833
4186 3866
4186 3884
4186 3894
4186 3901
4186 3943
4186 3985
4186 3989
4186 4037
4186 4045
4186 4076
4186 4133
4186 4141
4186 4145
4186 4171
4186 4193
4186 4198
4186 4199
4186 4205
4186 4768
4186 4850
1287 595
1287 674
1287 745
1287 893
1287 996
1287 1010
1287 1042
1287 1054
1287 1055
1287 1109
1287 1118
1287 1119
1287 1129
1287 1134
1287 1154
1287 1162
1287 1196
1287 1246
1287 1280
1287 1290
1287 1325
1287 1336
1287 1499
1287 1534
1287 2083
1287 3971
1287 4935
1287 4986
3792 1147
3792 3646
3792 3693
3792 3731
3792 3853
3792 3967
3792 3982
3792 4148
3792 4200
3792 4457
4317 2146
4317 4555
4317 4560
4317 4567
4317 4568
256 312
256 1129
256 1628
256 2296
256 4858
312 1336
312 3942
1129 765
1129 832
1129 1054
1129 1087
1129 1118
1129 1119
1129 1196
1129 1325
1129 1336
1129 1715
1129 1896
1129 2175
1628 1495
1628 1576
1628 1581
1628 1597
1628 1602
1628 1604
1628 1620
1628 1651
1628 1677
1628 1703
1628 3435
1628 4138
1628 4944
2296 1155
2296 1667
2296 1675
2296 1742
2296 1761
2296 1816
2296 1824
2296 1825
2296 1855
2296 1860
2296 1892
2296 1943
2296 1970
2296 2005
2296 2016
2296 2018
2296 2044
2296 2114
2296 2127
2296 2138
2296 2154
2296 2165
2296 2205
2296 2221
2296 2237
2296 2246
2296 2263
2296 2269
2296 2272
2296 2278
2296 2614
2296 3072
2296 3138
2296 3606
2296 4118
2296 4200
2296 4637
4858 3003
4858 4157
4858 4159
4858 4187
4858 4599
4858 4749
4858 4791
4858 4799
4858 4835
4858 4848
4858 4873
4858 4889
4858 4897
4858 4906
4858 4918
4858 4920
4858 4939
257 3049
3049 1056
3049 1505
3049 2389
3049 2533
3049 2574
3049 2670
3049 2710
3049 3074
3049 3093
3049 3094
3049 3145
3049 3219
3049 3220
3049 3231
3049 3242
3049 4460
3049 4675
3049 4979
267 594
267 1704
267 2878
3809 354
3809 1069
3809 2674
3809 3264
3809 3443
3809 4012
3809 4098
3809 4136
3809 4150
3809 4161
3809 4163
4445 2688
4445 3232
4445 4120
4445 4498
4445 4509
4445 4518
4445 4523
4445 4545
4445 4552
4445 4569
1702 823
1702 1221
1702 1371
1702 1379
1702 1381
1702 1404
1702 1430
1702 1455
1702 1472
1702 1479
1702 1486
1702 1507
1702 1520
1702 1542
1702 1544
1702 1549
1702 1555
1702 1566
1702 1587
1702 1591
1702 1599
1702 1607
1702 1610
1702 1621
1702 1624
1702 1629
1702 1632
1702 1643
1702 1648
1702 1658
1702 1665
1702 1666
1702 1676
1702 1678
1702 1679
1702 1686
1702 1690
1702 1692
1702 1706
1702 1710
1702 2405
1702 2560
1702 2847
1702 2892
1702 3005
1702 3055
1702 3817
1702 3997
1702 4022
1702 4328
1702 4567
3885 1421
3885 1527
3885 3230
3885 3245
3885 3604
3885 3678
3885 3813
3885 3831
3885 3911
3885 3919
3885 4075
3885 4082
3885 4190
3885 4994
708 652
708 1104
708 1219
708 1247
708 1266
708 2781
2373 2975
2373 3116
2373 3173
2373 3185
3084 443
3084 480
3084 1678
3084 2444
3084 2542
3084 2546
3084 2620
3084 2638
3084 2749
3084 2780
3084 2827
3084 2865
3084 2885
3084 2925
3084 2970
3084 2985
3084 3081
3084 3125
3084 3145
3084 3348
3084 4164
1620 1417
1620 1582
1620 1592
1620 1601
1620 1618
1620 1643
1620 1648
1620 1665
1620 1679
1620 1690
1620 1704
1620 3140
1620 3846
1620 3986
2062 639
2062 1313
2062 2254
2062 2259
2062 2303
2062 2320
2062 2332
2062 2334
2062 2337
2062 2349
2062 3179
3271 2272
3271 3485
3271 3982
3271 3996
3271 4051
2478 2402
2478 3104
2478 3387
4063 615
4063 882
4063 2807
4063 3052
4063 3266
4063 3341
4063 3456
4063 3487
4063 3538
4063 3601
4063 3683
4063 3877
4063 3925
4063 3938
4063 4040
4063 4072
4063 4089
4063 4131
4063 4149
4063 4161
4063 4216
4063 4430
952 866
952 868
952 1205
952 1255
952 1479
952 4592
3058 1675
3058 2657
3058 2707
3058 2781
3058 2789
3058 2808
3058 2864
3058 2989
3058 2990
3058 3000
3058 3006
3058 3079
3058 3101
3058 3148
3058 3154
3058 3172
3058 3221
3058 3454
3058 3687
3058 4180
264 2551
264 2874
264 3412
2551 3116
2551 3168
2551 3171
2551 3232
2551 3858
2874 1284
2874 2259
2874 3032
2874 3055
2874 3109
2874 3112
2874 3137
2874 3138
2874 3164
2874 3980
2874 4970
3412 2469
3412 3660
3412 3875
3412 3951
3099 1205
3099 1206
3099 1231
3099 1474
3099 2317
3099 2375
3099 2378
3099 2496
3099 2633
3099 2767
3099 2843
3099 2881
3099 2934
3099 3017
3099 3031
3099 3140
3099 3151
3099 3182
3099 3185
3099 3210
3099 3218
3099 3962
3099 4036
3099 4151
3226 740
3226 799
3226 923
3226 1458
3226 1629
3226 1703
3226 2078
3226 2118
3226 2269
3226 2349
3226 2381
3226 2384
3226 2400
3226 2456
3226 2527
3226 2578
3226 2580
3226 2612
3226 2660
3226 2676
3226 2690
3226 2700
3226 2787
3226 2817
3226 2823
3226 2850
3226 2890
3226 2893
3226 2897
3226 2928
3226 2948
3226 2959
3226 2999
3226 3014
3226 3019
3226 3033
3226 3069
3226 3104
3226 3113
3226 3119
3226 3141
3226 3142
3226 3157
3226 3177
3226 3191
3226 3193
3226 3200
3226 3202
3226 3232
3226 3233
3226 3235
3226 3236
3226 3237
3226 3721
3226 4028
3226 4073
3226 4077
3226 4091
3226 4183
3226 4365
3226 4940
364 271
364 756
364 1072
364 2007
364 3791
4941 2116
4941 2504
4941 3195
4941 3279
4941 3313
4941 3939
4941 4135
4941 4756
4941 4774
4941 4784
4941 4811
4941 4872
4941 4890
4941 4899
4941 4923
4941 4924
4941 4927
4941 4930
4941 4931
4941 4932
4941 4933
4941 4938
4941 4954
4941 4960
4941 4970
4941 4981
4941 4982
4941 4986
4941 4992
4941 4994
4941 4999
594 1069
594 1127
594 1135
594 1178
594 1187
594 3074
1704 1115
1704 1267
1704 1328
1704 1397
1704 1412
1704 1428
1704 1437
1704 1439
1704 1455
1704 1461
1704 1486
1704 1499
1704 1506
1704 1511
1704 1512
1704 1544
1704 1545
1704 1567
1704 1586
1704 1599
1704 1604
1704 1607
1704 1610
1704 1611
1704 1618
1704 1619
1704 1624
1704 1625
1704 1626
1704 1629
1704 1632
1704 1644
1704 1654
1704 1657
1704 1665
1704 1676
1704 1679
1704 1686
1704 1692
1704 1706
1704 1710
1704 2146
1704 2508
1704 2633
1704 2734
1704 3057
1704 3083
1704 3743
1704 3932
1704 4101
1704 4164
1704 4201
1704 4358
1704 4823
2878 2238
2878 3066
2878 3072
2878 3078
2878 3131
2878 3201
2878 3221
2878 3223
2878 3236
2878 4530
1159 664
1159 855
1159 964
1159 1011
1159 1168
1159 1211
1159 1239
1159 1283
1159 1330
1159 1338
1159 1339
1159 1344
1159 2506
1159 3765
1159 4048
1159 4200
1159 4830
1241 660
1241 831
1241 987
1241 998
1241 1083
1241 1122
1241 1136
1241 1148
1241 1161
1241 1235
1241 1260
1241 1312
1241 1335
1241 1337
1241 1350
1241 2237
1241 2340
1241 2707
1241 3086
1241 3212
1241 3673
1241 4189
2600 2003
2600 3077
2600 3175
2600 3195
2600 3209
2600 3214
369 1876
369 2786
369 3877
369 4151
1264 690
1264 829
1264 846
1264 879
1264 916
1264 929
1264 1006
1264 1166
1264 1169
1264 1183
1264 1188
1264 1192
1264 1263
1264 1270
1264 1279
1264 1295
1264 1306
1264 1361
1264 1368
1264 1710
1264 2311
1264 2957
1264 2969
1264 2973
1264 3912
1264 4946
1267 653
1267 709
1267 894
1267 940
1267 1032
1267 1056
1267 1059
1267 1060
1267 1154
1267 1164
1267 1186
1267 1209
1267 1292
1267 1299
1267 1306
1267 1361
1267 1368
1267 1974
1267 3131
1267 3308
1267 4450
1267 4821
2386 2338
2386 2844
2386 2867
2386 2962
2386 2976
2386 3096
2706 1279
2706 2569
2706 2791
2706 2957
2706 2969
2706 2973
2706 3003
2706 3015
2706 3850
3538 1846
3538 4089
3538 4161
271 367
271 2978
271 3015
271 4471
367 1636
367 3261
367 3731
367 4561
2978 1184
2978 1873
2978 2282
2978 2464
2978 2538
2978 2806
2978 2906
2978 2932
2978 3046
2978 3051
2978 3107
2978 3162
2978 3165
2978 3232
2978 3676
3015 1142
3015 1572
3015 2408
3015 2412
3015 2473
3015 2548
3015 2555
3015 2569
3015 2590
3015 2791
3015 2882
3015 2957
3015 2969
3015 3003
3015 3042
3015 3410
3015 3627
3015 4154
4471 2315
4471 2982
4471 3079
4471 4249
4471 4328
4471 4408
4471 4463
4471 4496
4471 4522
4471 4538
4471 4544
4471 4546
4471 4560
4471 4561
4471 4568
4471 4569
987 882
987 980
987 1089
987 1168
987 1268
987 1305
987 1311
987 1344
3897 1541
3897 2278
3897 3584
3897 3957
3897 4002
3897 4130
3897 4143
3897 4188
3897 4397
4034 1000
4034 1209
4034 1353
4034 2246
4034 3046
4034 3389
4034 3442
4034 3798
4034 3880
4034 3923
4034 3942
4034 3947
4034 3958
4034 3963
4034 3997
4034 4021
4034 4024
4034 4033
4034 4065
4034 4073
4034 4146
4034 4190
4034 4499
3737 2281
3737 3716
3737 3903
3737 4029
3737 4068
3737 4078
3737 4093
3737 4394
3737 4900
4557 774
4557 1191
4557 1338
4557 1641
4557 2059
4557 2279
4557 2350
4557 3057
4557 3151
4557 3209
4557 3219
4557 3353
4557 4142
4557 4227
4557 4245
4557 4272
4557 4294
4557 4302
4557 4332
4557 4358
4557 4370
4557 4374
4557 4399
4557 4411
4557 4432
4557 4434
4557 4446
4557 4450
4557 4454
4557 4462
4557 4496
4557 4500
4557 4506
4557 4514
4557 4517
4557 4522
4557 4527
4557 4528
4557 4529
4557 4530
4557 4531
4557 4537
4557 4538
4557 4541
4557 4544
4557 4546
4557 4547
4557 4555
4557 4560
4557 4561
4557 4562
4557 4564
4557 4567
4557 4568
4557 4569
4557 4662
1344 599
1344 612
1344 703
1344 726
1344 756
1344 812
1344 980
1344 1000
1344 1057
1344 1063
1344 1073
1344 1085
1344 1089
1344 1149
1344 1176
1344 1200
1344 1211
1344 1232
1344 1239
1344 1246
1344 1268
1344 1283
1344 1305
1344 1311
1344 1330
1344 1336
1344 1338
1344 1339
1344 1364
1344 1569
1344 1598
1344 1780
1344 2284
1344 3140
1344 3172
1344 3242
1344 3962
1344 3982
1344 4002
1344 4184
1344 4294
1344 4516
1344 4613
1344 4817
4020 2244
4020 2518
4020 3584
4020 3598
4020 3849
4020 3857
4020 3969
4020 4022
4020 4040
4020 4091
4020 4097
4020 4130
4020 4151
4020 4188
4020 4202
4020 4435
4020 4746
4149 1475
4149 1996
4149 2292
4149 2303
4149 2340
4149 2349
4149 2512
4149 2746
4149 2875
4149 3080
4149 3154
4149 3262
4149 3266
4149 3269
4149 3289
4149 3295
4149 3350
4149 3390
4149 3414
4149 3423
4149 3427
4149 3487
4149 3502
4149 3541
4149 3605
4149 3641
4149 3688
4149 3723
4149 3775
4149 3806
4149 3819
4149 3877
4149 3910
4149 3925
4149 3995
4149 4040
4149 4054
4149 4072
4149 4089
4149 4131
4149 4161
4149 4193
4149 4790
1860 1943
1860 2269
1860 2272
1860 3740
1860 4416
3617 2579
3617 3828
3617 4031
3617 4032
3617 4121
3617 4127
3617 4138
3795 1923
3795 3217
3795 3683
3795 3699
3795 3775
3795 3925
3795 3938
3795 3995
3795 4131
3795 4563
1673 1435
1673 1456
1673 1466
1673 1468
1673 1477
1673 1481
1673 1487
1673 1488
1673 1494
1673 1503
1673 1521
1673 1522
1673 1535
1673 1541
1673 1571
1673 1614
1673 1632
1673 1644
1673 1645
1673 1649
1673 1666
1673 1672
1673 1675
1673 1678
1673 1683
1673 1696
1673 2882
1673 3656
1673 3949
1673 4148
1673 4804
2304 838
2304 1190
2304 1196
2304 1770
2304 1780
2304 1871
2304 1918
2304 1926
2304 1944
2304 1947
2304 2049
2304 2084
2304 2217
2304 2230
2304 2231
2304 2240
2304 2250
2304 2253
2304 2276
2304 2284
2304 2299
2304 2324
2304 2327
2304 2329
2304 2338
2304 2340
2304 2352
2304 2408
2304 3013
2304 3142
2304 3219
2304 3242
2304 3877
2304 4019
2304 4110
2304 4555
2569 2957
2569 2969
2569 3003
2569 4157
2569 4837
277 442
277 1000
277 4615
442 443
442 767
442 1079
442 1289
442 1305
442 4985
1000 869
1000 1232
1000 1283
1000 1330
1000 1338
1000 1366
1000 3175
1000 4524
4615 4972
1130 598
1130 639
1130 671
1130 680
1130 821
1130 830
1130 974
1130 1012
1130 1068
1130 1082
1130 1120
1130 1137
1130 1336
1130 2827
1130 4119
4556 657
4556 1208
4556 1667
4556 3008
4556 3077
4556 3178
4556 3540
4556 4108
4556 4110
4556 4175
4556 4224
4556 4225
4556 4285
4556 4318
4556 4324
4556 4327
4556 4328
4556 4344
4556 4358
4556 4370
4556 4378
4556 4387
4556 4390
4556 4395
4556 4398
4556 4415
4556 4417
4556 4441
4556 4466
4556 4489
4556 4496
4556 4500
4556 4513
4556 4514
4556 4527
4556 4528
4556 4531
4556 4537
4556 4538
4556 4544
4556 4546
4556 4547
4556 4552
4556 4560
4556 4561
4556 4562
4556 4564
4556 4567
4556 4568
4556 4569
4556 4625
4556 4688
4556 4789
279 407
279 1697
279 2330
279 2807
279 4562
407 365
407 879
407 1685
407 3658
407 3678
407 4708
1697 964
1697 1312
1697 1388
1697 1390
1697 1413
1697 1423
1697 1438
1697 1459
1697 1473
1697 1476
1697 1484
1697 1502
1697 1538
1697 1548
1697 1556
1697 1570
1697 1574
1697 1577
1697 1580
1697 1588
1697 1591
1697 1623
1697 1641
1697 1646
1697 1647
1697 1656
1697 1657
1697 1661
1697 1662
1697 1663
1697 1666
1697 1670
1697 1677
1697 1685
1697 1687
1697 1691
1697 1705
1697 1707
1697 1710
1697 2308
1697 2818
1697 3116
1697 3723
1697 4402
1697 4737
1697 4935
1697 4969
1697 4973
2330 1454
2330 1625
2330 1649
2330 1777
2330 1785
2330 1803
2330 1804
2330 1854
2330 1879
2330 1891
2330 1896
2330 1897
2330 1901
2330 1909
2330 1939
2330 1941
2330 1950
2330 1966
2330 1994
2330 2006
2330 2037
2330 2054
2330 2058
2330 2071
2330 2075
2330 2082
2330 2083
2330 2104
2330 2110
2330 2128
2330 2146
2330 2153
2330 2169
2330 2186
2330 2192
2330 2213
2330 2278
2330 2281
2330 2318
2330 2323
2330 2336
2330 2346
2330 2613
2330 2748
2330 3001
2330 3052
2330 3223
2330 3268
2330 3593
2330 3782
2330 3972
2330 4392
2330 4881
2807 2436
2807 2698
2807 2704
2807 2716
2807 2819
2807 2924
2807 3214
2807 4497
4562 912
4562 979
4562 1274
4562 1429
4562 2189
4562 3066
4562 3170
4562 3203
4562 3236
4562 3277
4562 4163
4562 4224
4562 4231
4562 4249
4562 4324
4562 4325
4562 4344
4562 4359
4562 4366
4562 4390
4562 4395
4562 4400
4562 4411
4562 4424
4562 4428
4562 4430
4562 4434
4562 4449
4562 4454
4562 4476
4562 4490
4562 4500
4562 4506
4562 4507
4562 4512
4562 4513
4562 4522
4562 4528
4562 4530
4562 4531
4562 4537
4562 4544
4562 4546
4562 4547
4562 4551
4562 4555
4562 4560
4562 4561
4562 4564
4562 4567
4562 4568
4562 4569
4562 4833
4562 4896
323 1366
323 2013
323 4709
331 1367
331 3179
331 3838
331 4027
942 759
942 899
942 1170
942 1279
942 1282
942 2153
942 4969
957 617
957 679
957 906
957 938
957 1004
957 1247
957 1599
957 3219
957 4560
1300 624
1300 638
1300 666
1300 807
1300 824
1300 835
1300 842
1300 907
1300 943
1300 948
1300 961
1300 976
1300 1040
1300 1051
1300 1052
1300 1098
1300 1141
1300 1163
1300 1166
1300 1221
1300 1254
1300 1275
1300 1277
1300 1282
1300 1288
1300 1289
1300 2962
1300 3641
1300 3992
1300 4146
1300 4148
1300 4455
4489 604
4489 635
4489 2338
4489 2918
4489 3479
4489 3968
4489 4243
4489 4248
4489 4264
4489 4296
4489 4348
4489 4368
4489 4376
4489 4384
4489 4385
4489 4408
4489 4448
4489 4451
4489 4456
4489 4492
4489 4504
3139 907
3139 1222
3139 1591
3139 1707
3139 2230
3139 2315
3139 2395
3139 2484
3139 2629
3139 2640
3139 2664
3139 2687
3139 2814
3139 2832
3139 2927
3139 2960
3139 2963
3139 2966
3139 3048
3139 3063
3139 3067
3139 3102
3139 3168
3139 3171
3139 3179
3139 3186
3139 3201
3139 3212
3139 3232
3139 3858
1022 825
1022 998
1022 1029
1022 1044
1022 1079
1022 1111
1022 1169
1022 1215
1022 1220
1022 4494
1292 635
1292 642
1292 681
1292 776
1292 843
1292 850
1292 886
1292 887
1292 993
1292 1035
1292 1106
1292 1157
1292 1186
1292 1270
1292 1275
1292 1285
1292 1368
1292 1371
1292 1841
1292 3182
1292 4286
1292 4549
1292 4777
1416 1503
1416 1677
1416 1707
1416 1710
1416 4067
283 330
283 2869
283 4945
330 2604
330 3096
330 4930
2869 1334
2869 2973
2869 2981
2869 2995
2869 3012
2869 3013
2869 3089
2869 3092
2869 3146
2869 3173
2869 3185
2869 3314
2869 4043
4945 824
4945 949
4945 1162
4945 1279
4945 2340
4945 3089
4945 3520
4945 3698
4945 4131
4945 4606
4945 4613
4945 4671
4945 4732
4945 4736
4945 4789
4945 4819
4945 4839
4945 4845
4945 4853
4945 4883
4945 4910
4945 4915
4945 4927
4945 4932
4945 4952
4945 4964
4945 4966
4945 4973
4945 4974
4945 4981
4945 4994
1714 1730
1714 2216
1714 2252
1714 2281
2577 3191
2577 3193
2577 4201
3177 916
3177 1324
3177 1325
3177 1552
3177 1616
3177 1644
3177 2016
3177 2426
3177 2430
3177 2434
3177 2556
3177 2585
3177 2818
3177 2835
3177 2847
3177 2862
3177 2889
3177 2955
3177 2992
3177 2997
3177 3038
3177 3042
3177 3059
3177 3061
3177 3075
3177 3097
3177 3158
3177 3171
3177 3203
3177 3211
3177 3217
3177 3233
3177 3558
3177 3922
3177 4027
4196 948
4196 1126
4196 1325
4196 1367
4196 1522
4196 1573
4196 1671
4196 1761
4196 1883
4196 2532
4196 2761
4196 2863
4196 3031
4196 3091
4196 3094
4196 3131
4196 3157
4196 3167
4196 3338
4196 3351
4196 3375
4196 3388
4196 3392
4196 3401
4196 3466
4196 3477
4196 3505
4196 3533
4196 3556
4196 3569
4196 3629
4196 3634
4196 3639
4196 3645
4196 3674
4196 3686
4196 3746
4196 3761
4196 3804
4196 3824
4196 3850
4196 3878
4196 3914
4196 3916
4196 3944
4196 3954
4196 3962
4196 3971
4196 3974
4196 3991
4196 3999
4196 4005
4196 4018
4196 4026
4196 4044
4196 4061
4196 4070
4196 4077
4196 4091
4196 4093
4196 4112
4196 4128
4196 4140
4196 4148
4196 4175
4196 4179
4196 4202
4196 4206
4196 4464
4196 4528
4196 4783
4255 3487
4255 4336
4255 4505
4255 4552
1085 812
1085 962
1085 1027
1085 1034
1085 1073
1085 1307
1085 1338
1085 1822
1085 3087
1085 4974
2098 1493
2098 1944
2098 2000
2098 2250
2098 2257
2098 2265
2098 2324
2098 2338
2098 2340
2098 4337
1363 345
1363 625
1363 632
1363 647
1363 712
1363 713
1363 768
1363 774
1363 794
1363 806
1363 823
1363 843
1363 878
1363 891
1363 911
1363 928
1363 973
1363 1031
1363 1037
1363 1053
1363 1062
1363 1071
1363 1125
1363 1202
1363 1204
1363 1216
1363 1229
1363 1258
1363 1263
1363 1283
1363 1286
1363 1309
1363 1313
1363 1315
1363 1334
1363 1342
1363 1343
1363 1353
1363 1357
1363 1362
1363 1364
1363 1367
1363 1370
1363 1616
1363 1749
1363 1826
1363 2005
1363 2207
1363 2212
1363 2336
1363 2513
1363 2924
1363 3223
1363 3461
1363 3632
1363 3802
1363 3925
1363 4012
1996 2072
1996 2145
1996 2245
1996 2268
1996 2333
1161 614
1161 800
1161 1083
1161 1191
1161 1196
1161 1296
1161 1312
1161 1321
1161 1337
1161 1350
1161 3294
1161 4342
1467 1552
1467 1604
1467 3338
3233 393
3233 621
3233 711
3233 890
3233 1042
3233 1286
3233 1453
3233 1767
3233 2058
3233 2376
3233 2419
3233 2445
3233 2467
3233 2493
3233 2505
3233 2513
3233 2517
3233 2556
3233 2607
3233 2627
3233 2722
3233 2776
3233 2784
3233 2793
3233 2806
3233 2856
3233 2876
3233 2912
3233 2947
3233 2955
3233 2968
3233 2988
3233 2992
3233 3022
3233 3029
3233 3030
3233 3038
3233 3042
3233 3059
3233 3094
3233 3096
3233 3097
3233 3123
3233 3147
3233 3178
3233 3188
3233 3189
3233 3203
3233 3214
3233 3217
3233 3234
3233 3362
3233 3639
3233 3708
3233 3819
3233 3974
3233 4278
3233 4545
3233 4561
3233 4878
3233 4977
4497 1261
4497 2425
4497 2844
4497 4210
4497 4253
4497 4331
4497 4356
4497 4373
4497 4386
4497 4410
4497 4433
4497 4499
4497 4530
4497 4533
4497 4535
4497 4541
4497 4549
4497 4563
4497 4565
1891 2318
1891 2336
1891 2346
1891 3653
3164 1265
3164 1583
3164 1913
3164 2113
3164 2366
3164 2394
3164 2464
3164 2469
3164 2482
3164 2520
3164 2549
3164 2615
3164 2652
3164 2665
3164 2678
3164 2713
3164 2720
3164 2723
3164 2789
3164 2832
3164 2921
3164 2975
3164 3032
3164 3055
3164 3056
3164 3057
3164 3109
3164 3112
3164 3137
3164 3138
3164 3227
3164 3231
3164 3813
3164 3859
3164 4139
3164 4805
3164 4955
3164 4999
3652 625
3652 1158
3652 2144
3652 3899
3652 4013
3652 4190
290 2323
290 2863
2323 700
2323 1440
2323 1717
2323 1730
2323 1762
2323 1785
2323 1796
2323 1834
2323 1879
2323 1890
2323 1896
2323 1901
2323 1939
2323 1941
2323 1994
2323 2020
2323 2037
2323 2054
2323 2058
2323 2071
2323 2075
2323 2083
2323 2104
2323 2110
2323 2128
2323 2146
2323 2153
2323 2169
2323 2186
2323 2196
2323 2213
2323 2238
2323 2281
2323 2318
2323 2336
2323 2346
2323 2375
2323 2458
2323 2833
2323 2975
2323 3146
2323 3218
2323 3219
2323 3421
2323 3604
2323 3864
2323 4856
2863 1641
2863 2447
2863 2670
2863 2697
2863 2953
2863 2972
2863 3000
2863 3005
2863 3008
2863 3923
291 458
291 2893
291 3078
291 4977
458 961
458 1118
458 3186
458 4275
458 4652
2893 696
2893 1354
2893 3119
2893 3142
2893 3191
2893 3200
2893 3235
2893 3542
3078 777
3078 1232
3078 1272
3078 1710
3078 2805
3078 2914
3078 2983
3078 3001
3078 3123
3078 3188
3078 3201
3078 3205
3078 3211
3078 3221
3078 3223
3078 3230
3078 3236
3078 3277
3078 3872
3078 4145
3078 4551
4977 1086
4977 1520
4977 2666
4977 3011
4977 3035
4977 3639
4977 3777
4977 3995
4977 4097
4977 4201
4977 4604
4977 4628
4977 4629
4977 4658
4977 4662
4977 4669
4977 4676
4977 4677
4977 4690
4977 4699
4977 4703
4977 4724
4977 4738
4977 4747
4977 4775
4977 4778
4977 4781
4977 4790
4977 4815
4977 4852
4977 4853
4977 4859
4977 4874
4977 4895
4977 4898
4977 4909
4977 4913
4977 4917
4977 4928
4977 4929
4977 4947
4977 4950
4977 4956
4977 4962
4977 4967
4977 4972
4977 4974
4977 4975
4977 4983
1366 620
1366 661
1366 692
1366 696
1366 730
1366 747
1366 755
1366 769
1366 781
1366 782
1366 785
1366 795
1366 802
1366 837
1366 847
1366 870
1366 895
1366 946
1366 956
1366 1002
1366 1004
1366 1007
1366 1021
1366 1055
1366 1064
1366 1093
1366 1107
1366 1150
1366 1184
1366 1238
1366 1244
1366 1251
1366 1260
1366 1262
1366 1272
1366 1273
1366 1284
1366 1304
1366 1354
1366 1356
1366 1601
1366 1768
1366 1882
1366 2263
1366 2287
1366 2417
1366 2483
1366 2596
1366 2989
1366 3287
1366 3312
1366 3337
1366 3949
1366 4021
1366 4089
1366 4141
1366 4162
1366 4187
3557 1584
3557 2006
3557 3596
3557 3984
3557 4072
3557 4131
3557 4161
2131 2173
2131 2179
2131 2218
2131 2222
2131 2244
2131 2256
2131 2260
2131 2267
2131 3655
2131 4352
2131 4811
3142 1177
3142 1284
3142 1872
3142 2107
3142 2537
3142 2660
3142 2787
3142 2823
3142 2928
3142 2959
3142 2999
3142 3045
3142 3053
3142 3104
3142 3113
3142 3137
3142 3141
3142 3191
3142 3193
3142 3200
3142 3202
3142 3219
3142 3222
3142 3235
3142 3325
3142 3435
3142 4078
3142 4135
3142 4826
4299 2320
4299 4434
4299 4437
4299 4466
4299 4508
4299 4511
4299 4525
4512 1232
4512 1688
4512 2081
4512 3235
4512 4295
4512 4347
4512 4351
4512 4363
4512 4399
4512 4461
4512 4462
4512 4483
4512 4522
4512 4528
4512 4544
4512 4546
4512 4561
4512 4564
4512 4567
4512 4568
4512 4569
4512 4654
4512 4786
1935 2196
1935 2287
1935 2307
1935 2314
1935 2315
1935 2325
1935 3189
1935 3981
3223 365
3223 731
3223 1272
3223 1309
3223 1490
3223 1679
3223 2030
3223 2050
3223 2317
3223 2320
3223 2332
3223 2362
3223 2369
3223 2392
3223 2430
3223 2526
3223 2531
3223 2541
3223 2552
3223 2589
3223 2595
3223 2648
3223 2673
3223 2684
3223 2766
3223 2771
3223 2786
3223 2901
3223 2909
3223 2914
3223 2939
3223 2983
3223 3001
3223 3009
3223 3018
3223 3023
3223 3039
3223 3057
3223 3066
3223 3072
3223 3083
3223 3091
3223 3124
3223 3131
3223 3144
3223 3180
3223 3199
3223 3201
3223 3205
3223 3211
3223 3221
3223 3230
3223 3231
3223 3236
3223 3754
3223 3874
3223 3896
3223 4087
3223 4172
3223 4202
3223 4942
3564 1293
3564 3188
3564 3260
3564 3588
3564 3961
3564 4087
3564 4100
3564 4136
4127 388
4127 1313
4127 1324
4127 1367
4127 2801
4127 3148
4127 3329
4127 3357
4127 3402
4127 3437
4127 3487
4127 3612
4127 3663
4127 3720
4127 3733
4127 3736
4127 3760
4127 3764
4127 3826
4127 3874
4127 3891
4127 3904
4127 3905
4127 3939
4127 3940
4127 3978
4127 4031
4127 4032
4127 4041
4127 4070
4127 4080
4127 4083
4127 4101
4127 4121
4127 4138
4127 4283
4127 4571
4127 4755
4127 4901
3195 1242
3195 1365
3195 1464
3195 1722
3195 2061
3195 2358
3195 2382
3195 2387
3195 2411
3195 2414
3195 2474
3195 2560
3195 2599
3195 2632
3195 2667
3195 2680
3195 2683
3195 2759
3195 2815
3195 2834
3195 2860
3195 2861
3195 2880
3195 2882
3195 2887
3195 2894
3195 2922
3195 2944
3195 2981
3195 3021
3195 3068
3195 3077
3195 3161
3195 3163
3195 3175
3195 3178
3195 3185
3195 3209
3195 3211
3195 3214
3195 3347
3195 3774
3195 3900
3195 4179
3195 4200
3195 4437
3195 4930
3179 846
3179 1164
3179 1328
3179 1451
3179 1972
3179 2429
3179 2452
3179 2470
3179 2501
3179 2522
3179 2575
3179 2588
3179 2664
3179 2743
3179 2799
3179 2814
3179 2822
3179 2833
3179 2900
3179 2927
3179 2963
3179 2966
3179 3067
3179 3087
3179 3102
3179 3151
3179 3168
3179 3171
3179 3178
3179 3186
3179 3212
3179 3232
3179 3363
3179 3554
3179 4154
3179 4544
3179 4972
3643 2572
3643 3626
3643 3710
3643 3857
3643 3915
3643 3968
3643 4088
3643 4143
4028 1013
4028 2758
4028 3286
4028 3393
4028 3454
4028 3575
4028 3724
4028 3745
4028 3782
4028 3839
4028 3870
4028 3902
4028 4086
4028 4155
4028 4161
4028 4166
4028 4171
4028 4528
4028 4983
2852 1051
2852 2667
2852 2839
2852 3035
2852 3091
2852 3122
2852 3220
2852 3231
2852 3242
2852 3987
3628 1629
3628 3158
3628 4071
3628 4154
3628 4157
3628 4182
3628 4183
3628 4199
3628 4200
726 1283
1321 637
1321 722
1321 775
1321 783
1321 867
1321 909
1321 1031
1321 1083
1321 1113
1321 1122
1321 1148
1321 1183
1321 1191
1321 1222
1321 1235
1321 1246
1321 1261
1321 1307
1321 1335
1321 1337
1321 1350
1321 1470
1321 1500
1321 1645
1321 2602
1321 2848
1321 3094
1321 3113
1321 3236
1321 3395
1321 3933
1321 4140
2337 636
2337 1139
2337 1365
2337 1579
2337 1737
2337 1810
2337 1823
2337 1844
2337 1879
2337 1888
2337 1906
2337 1914
2337 1967
2337 1984
2337 1998
2337 2035
2337 2064
2337 2073
2337 2092
2337 2107
2337 2117
2337 2137
2337 2142
2337 2149
2337 2156
2337 2176
2337 2180
2337 2190
2337 2225
2337 2233
2337 2249
2337 2251
2337 2254
2337 2255
2337 2259
2337 2277
2337 2287
2337 2288
2337 2303
2337 2317
2337 2320
2337 2332
2337 2334
2337 2347
2337 2349
2337 2507
2337 3073
2337 4087
2337 4159
2337 4190
2337 4388
2337 4435
2337 4443
2337 4814
2337 4857
2337 4874
2337 4973
2337 4979
3236 1199
3236 1338
3236 1345
3236 1511
3236 1744
3236 2140
3236 2250
3236 2299
3236 2362
3236 2369
3236 2392
3236 2477
3236 2499
3236 2525
3236 2526
3236 2595
3236 2613
3236 2624
3236 2648
3236 2685
3236 2705
3236 2733
3236 2771
3236 2772
3236 2786
3236 2802
3236 2830
3236 2834
3236 2901
3236 2909
3236 2989
3236 3001
3236 3009
3236 3018
3236 3023
3236 3039
3236 3040
3236 3066
3236 3072
3236 3083
3236 3123
3236 3124
3236 3130
3236 3131
3236 3141
3236 3144
3236 3154
3236 3172
3236 3180
3236 3199
3236 3201
3236 3205
3236 3211
3236 3221
3236 3230
3236 3232
3236 3289
3236 3422
3236 3713
3236 4148
3236 4351
3236 4730
3236 4832
3236 4985
3236 4986
299 365
299 611
299 3484
299 4060
299 4569
365 2947
611 1186
611 1337
611 1863
3484 3757
3484 3883
4060 843
4060 1879
4060 2248
4060 2365
4060 2786
4060 3758
4060 3850
4060 3898
4060 3924
4060 4022
4060 4025
4060 4050
4060 4053
4060 4073
4060 4081
4060 4096
4060 4103
4060 4108
4060 4110
4060 4129
4060 4153
4060 4187
4060 4525
4569 667
4569 880
4569 950
4569 1038
4569 1296
4569 1670
4569 1750
4569 1893
4569 2041
4569 2573
4569 3023
4569 3200
4569 3218
4569 3231
4569 3388
4569 3641
4569 4164
4569 4212
4569 4214
4569 4217
4569 4231
4569 4236
4569 4249
4569 4285
4569 4287
4569 4300
4569 4307
4569 4324
4569 4325
4569 4358
4569 4359
4569 4363
4569 4374
4569 4378
4569 4381
4569 4424
4569 4428
4569 4432
4569 4441
4569 4450
4569 4461
4569 4462
4569 4479
4569 4486
4569 4496
4569 4506
4569 4507
4569 4513
4569 4514
4569 4522
4569 4525
4569 4527
4569 4528
4569 4529
4569 4530
4569 4531
4569 4537
4569 4538
4569 4544
4569 4547
4569 4552
4569 4555
4569 4560
4569 4567
4569 4568
4569 4853
4569 4860
4569 4937
2216 1223
2216 1730
2216 1744
2216 1814
2216 1862
2216 1922
2216 1987
2216 2008
2216 2014
2216 2110
2216 2183
2216 2194
2216 2236
2216 2252
2216 2960
2216 3131
2216 3757
2216 3824
2216 4933
2320 699
2320 939
2320 1153
2320 1654
2320 1831
2320 1858
2320 1888
2320 1906
2320 1942
2320 1964
2320 1967
2320 1975
2320 2092
2320 2113
2320 2122
2320 2133
2320 2134
2320 2149
2320 2163
2320 2209
2320 2225
2320 2249
2320 2254
2320 2255
2320 2259
2320 2277
2320 2288
2320 2303
2320 2317
2320 2332
2320 2334
2320 2346
2320 2347
2320 2349
2320 2390
2320 3119
2320 4109
2320 4964
3741 1707
3741 3834
3741 3837
3741 3882
3741 3984
3741 4012
3741 4054
3741 4136
3741 4791
3793 1790
3793 1982
3793 3363
3793 3626
3793 3650
3793 3671
3793 3817
3793 4064
3793 4092
3793 4171
2276 1098
2276 1238
2276 1762
2276 1766
2276 1931
2276 1991
2276 2049
2276 2140
2276 2164
2276 2185
2276 2230
2276 2250
2276 2253
2276 2264
2276 2327
2276 2329
2276 2340
2276 2350
2276 2352
2276 2965
2276 3145
2276 3232
2276 3991
2276 4187
2276 4319
2276 4441
2669 2485
2669 2948
2669 3113
2669 3200
2669 3202
2669 3387
2927 1314
2927 2963
2927 2982
2927 3073
2927 3102
2927 3171
2927 3186
2927 3232
2927 3955
2927 4710
1806 1527
1806 1920
1806 2279
1806 2333
1806 3778
2674 2209
2674 2546
2674 2749
2674 2797
2674 2970
2674 3081
2674 3125
4172 617
4172 657
4172 1177
4172 1260
4172 1315
4172 1326
4172 1726
4172 2184
4172 2189
4172 3105
4172 3203
4172 3237
4172 3242
4172 3339
4172 3381
4172 3395
4172 3517
4172 3552
4172 3622
4172 3678
4172 3690
4172 3708
4172 3712
4172 3716
4172 3729
4172 3788
4172 3834
4172 3836
4172 3837
4172 3838
4172 3854
4172 3865
4172 3872
4172 3875
4172 3888
4172 3922
4172 3945
4172 3961
4172 3984
4172 3993
4172 3994
4172 4042
4172 4054
4172 4087
4172 4098
4172 4136
4172 4146
4172 4150
4172 4163
4172 4190
4172 4200
4172 4775
4172 4909
4639 2112
4639 4933
4639 4968
4639 4999
3119 1311
3119 1577
3119 1953
3119 2138
3119 2242
3119 2476
3119 2690
3119 2866
3119 2999
3119 3014
3119 3031
3119 3045
3119 3069
3119 3104
3119 3157
3119 3193
3119 3200
3119 3202
3119 3212
3119 3230
3119 3235
3859 3828
3859 3884
3859 4132
3859 4154
3859 4157
3859 4164
3859 4182
3859 4183
3859 4184
3859 4200
3859 4906
4589 4903
4589 4916
4589 4937
4589 4971
305 3973
305 4745
3973 1759
3973 2624
3973 2750
3973 2962
3973 3331
3973 3370
3973 3585
3973 3635
3973 3666
3973 3667
3973 3794
3973 3805
3973 3844
3973 3890
3973 3927
3973 3992
3973 4509
4745 3524
4745 3790
4745 4273
4745 4811
4745 4833
4745 4957
4745 4976
4745 4983
4745 4985
1503 1645
1503 1672
1503 1678
1503 1683
1503 1696
1503 1699
1503 1898
1503 3766
2336 660
2336 1262
2336 1274
2336 1359
2336 1602
2336 1717
2336 1762
2336 1777
2336 1785
2336 1796
2336 1804
2336 1831
2336 1854
2336 1879
2336 1890
2336 1896
2336 1899
2336 1901
2336 1939
2336 1941
2336 1950
2336 1966
2336 1994
2336 2006
2336 2037
2336 2054
2336 2058
2336 2071
2336 2075
2336 2082
2336 2083
2336 2104
2336 2110
2336 2128
2336 2146
2336 2153
2336 2169
2336 2186
2336 2213
2336 2233
2336 2252
2336 2254
2336 2257
2336 2275
2336 2281
2336 2318
2336 2346
2336 2351
2336 2617
2336 3359
2336 3422
2336 3701
2336 3950
2336 4162
2336 4507
2336 4550
2336 4996
3154 689
3154 939
3154 1219
3154 1278
3154 1338
3154 2350
3154 2439
3154 2516
3154 2645
3154 2657
3154 2659
3154 2702
3154 2707
3154 2794
3154 2808
3154 2810
3154 2864
3154 2899
3154 2965
3154 2989
3154 2990
3154 3000
3154 3006
3154 3079
3154 3101
3154 3148
3154 3172
3154 3216
3154 4077
3154 4129
3154 4143
3154 4551
3154 4867
3494 2718
3494 4056
3494 4118
3494 4120
3494 4171
308 1465
308 2208
308 4950
1465 1414
1465 1612
1465 1682
1465 1690
1465 3698
2208 1309
2208 1425
2208 1740
2208 1781
2208 1840
2208 1907
2208 1958
2208 2032
2208 2042
2208 2144
2208 2160
2208 2175
2208 2195
2208 2227
2208 2293
2208 2305
2208 4161
2208 4193
2208 4565
4950 1253
4950 1365
4950 1466
4950 1973
4950 2530
4950 2909
4950 4595
4950 4646
4950 4657
4950 4669
4950 4677
4950 4691
4950 4747
4950 4790
4950 4859
4950 4895
4950 4898
4950 4909
4950 4913
4950 4917
4950 4929
4950 4936
4950 4947
4950 4956
4950 4962
4950 4967
4950 4972
4950 4975
4950 4976
358 2441
358 2572
358 2670
358 4320
1345 631
1345 640
1345 717
1345 733
1345 769
1345 875
1345 881
1345 892
1345 900
1345 907
1345 930
1345 955
1345 982
1345 1011
1345 1121
1345 1158
1345 1167
1345 1172
1345 1173
1345 1190
1345 1217
1345 1223
1345 1225
1345 1227
1345 1242
1345 1249
1345 1278
1345 1326
1345 1351
1345 1357
1345 1365
1345 2432
1345 2576
1345 3097
1345 3242
1345 3458
1345 3925
1345 3939
1345 3941
1345 3958
1345 4199
1345 4469
1345 4943
1345 4944
3957 335
3957 1919
3957 2652
3957 3476
3957 3774
3957 3969
3957 4042
3957 4097
3957 4143
3957 4151
3957 4188
4753 2754
4753 4551
4753 4655
4753 4942
4753 4960
4753 4966
4753 4973
3050 1062
3050 1285
3050 2346
3050 2616
3050 2769
3050 2851
3050 2907
3050 3073
3050 3111
3050 3122
3050 3145
3050 3168
3050 3186
3050 3220
3050 3231
3050 3242
3050 4257
3050 4490
4164 636
4164 1570
4164 1599
4164 1710
4164 2220
4164 2350
4164 2861
4164 3044
4164 3113
4164 3157
4164 3189
4164 3290
4164 3298
4164 3348
4164 3409
4164 3465
4164 3488
4164 3525
4164 3530
4164 3535
4164 3717
4164 3732
4164 3812
4164 3828
4164 3835
4164 3863
4164 3918
4164 3931
4164 3998
4164 4000
4164 4015
4164 4036
4164 4039
4164 4049
4164 4067
4164 4071
4164 4095
4164 4119
4164 4133
4164 4140
4164 4154
4164 4157
4164 4182
4164 4183
4164 4184
4164 4200
4164 4432
4164 4565
4164 4604
4164 4853
2366 3055
2366 3109
2366 3137
2455 2725
2455 2995
2455 3092
2455 3173
2455 3185
3722 1312
3722 1527
3722 3378
3722 3640
3722 3689
3722 3694
3722 3702
3722 3767
3722 3802
3722 3906
3722 3998
1336 443
1336 595
1336 670
1336 684
1336 736
1336 745
1336 761
1336 765
1336 832
1336 893
1336 915
1336 918
1336 963
1336 970
1336 996
1336 997
1336 1010
1336 1042
1336 1054
1336 1097
1336 1109
1336 1118
1336 1131
1336 1134
1336 1154
1336 1162
1336 1280
1336 1284
1336 1325
1336 1370
1336 3092
1336 3188
1336 3219
1336 3584
1336 3696
1336 3701
1336 3704
1336 4072
1336 4427
1336 4996
3942 1635
3942 3136
3942 3220
3942 3864
3942 3963
3942 3979
3942 4021
3942 4043
3942 4065
3942 4066
3942 4139
3942 4146
3942 4200
313 1013
313 3232
313 4279
1013 1070
1013 1102
1013 1115
1013 1139
1013 1206
1013 1253
1013 1313
1013 1686
1013 3893
1013 4924
3232 1074
3232 1192
3232 1238
3232 1307
3232 1517
3232 1625
3232 1650
3232 1652
3232 1924
3232 1959
3232 2332
3232 2367
3232 2409
3232 2429
3232 2431
3232 2454
3232 2459
3232 2484
3232 2491
3232 2501
3232 2522
3232 2550
3232 2588
3232 2596
3232 2629
3232 2640
3232 2650
3232 2664
3232 2687
3232 2732
3232 2737
3232 2743
3232 2757
3232 2785
3232 2804
3232 2813
3232 2822
3232 2837
3232 2860
3232 2900
3232 2938
3232 2958
3232 2963
3232 2966
3232 2982
3232 3044
3232 3048
3232 3063
3232 3067
3232 3087
3232 3102
3232 3165
3232 3168
3232 3171
3232 3186
3232 3212
3232 3227
3232 3876
3232 3928
3232 4121
3232 4153
3232 4198
3232 4749
3232 4834
3232 4959
4279 2606
4279 3187
4279 4465
4279 4468
4279 4511
4279 4524
1590 1356
1590 1404
1590 1429
1590 1524
1590 1562
1590 1568
1590 1572
1590 1635
1590 1652
1590 1657
1590 1676
1590 2284
1590 2911
2144 1034
2144 1880
2144 1958
2144 1983
2144 2013
2144 2197
2144 2227
2144 2293
2144 2305
2144 2351
2144 4954
315 900
315 3971
315 4323
315 4920
900 753
900 1173
900 1278
900 1357
3971 930
3971 1084
3971 1271
3971 3167
3971 3629
3971 3804
3971 3944
3971 3962
3971 3999
3971 4005
3971 4018
3971 4026
3971 4052
3971 4112
3971 4128
3971 4179
3971 4206
4323 2902
4323 4433
4323 4469
4323 4551
4323 4563
4323 4565
4920 891
4920 2720
4920 4119
4920 4390
4920 4599
4920 4628
4920 4648
4920 4656
4920 4665
4920 4682
4920 4714
4920 4741
4920 4749
4920 4791
4920 4799
4920 4812
4920 4848
4920 4873
4920 4889
4920 4897
4920 4906
4920 4918
4920 4939
316 1185
316 1570
316 4054
1185 673
1185 874
1185 1053
1185 1092
1185 1229
1185 1261
1185 1263
1185 1334
1185 1353
1185 1362
1185 1364
1185 1367
1185 1370
1185 2305
1185 3173
1185 3569
1185 3801
1570 1438
1570 1515
1570 1612
1570 1615
1570 1647
1570 1655
1570 1705
1570 1710
1570 3012
1570 3198
1570 4968
4054 740
4054 1134
4054 2068
4054 3202
4054 3622
4054 3708
4054 3759
4054 3838
4054 3893
4054 3909
4054 4035
4054 4041
4054 4042
4054 4087
4054 4098
4054 4150
4054 4202
4054 4210
4054 4444
4054 4490
4054 4996
1248 616
1248 678
1248 746
1248 839
1248 912
1248 934
1248 984
1248 1076
1248 1080
1248 1083
1248 1091
1248 1142
1248 1202
1248 1203
1248 1224
1248 1265
1248 1290
1248 1324
1248 1340
1248 1359
1248 1518
1248 1559
1248 2272
1248 2882
1248 3588
1248 4547
1248 4862
1248 4948
2299 375
2299 1025
2299 1732
2299 1746
2299 1752
2299 1760
2299 1843
2299 1849
2299 1853
2299 1920
2299 1938
2299 1977
2299 1999
2299 2041
2299 2072
2299 2078
2299 2080
2299 2089
2299 2126
2299 2165
2299 2167
2299 2171
2299 2183
2299 2192
2299 2241
2299 2251
2299 2263
2299 2271
2299 2329
2299 2351
2299 3101
2299 3211
2299 3269
2299 3418
2299 4112
2299 4446
2299 4478
4538 346
4538 874
4538 1069
4538 1083
4538 1140
4538 1687
4538 1703
4538 2303
4538 2829
4538 3130
4538 4175
4538 4212
4538 4256
4538 4351
4538 4358
4538 4370
4538 4387
4538 4434
4538 4449
4538 4450
4538 4462
4538 4490
4538 4496
4538 4500
4538 4504
4538 4507
4538 4529
4538 4537
4538 4544
4538 4546
4538 4555
4538 4560
4538 4561
4538 4564
4538 4567
4538 4931
1488 1614
1488 1644
1488 1645
1488 1678
1488 1696
1488 4236
1488 4375
2333 758
2333 1010
2333 1017
2333 1217
2333 1364
2333 1490
2333 1681
2333 1779
2333 1782
2333 1783
2333 1797
2333 1811
2333 1815
2333 1817
2333 1847
2333 1886
2333 1910
2333 1912
2333 1923
2333 1948
2333 1956
2333 1963
2333 1976
2333 1982
2333 1985
2333 2009
2333 2040
2333 2050
2333 2055
2333 2057
2333 2065
2333 2094
2333 2124
2333 2157
2333 2209
2333 2214
2333 2218
2333 2245
2333 2264
2333 2268
2333 2274
2333 2275
2333 2279
2333 2282
2333 2292
2333 2347
2333 3171
2333 3325
2333 3727
2333 3967
2333 4102
2333 4861
2333 4922
2788 1268
2788 2510
2788 2933
2788 2937
2788 3026
2788 3053
2788 3088
2788 3095
2788 3132
2788 3658
2090 1586
2090 1934
2090 2284
2090 2314
2090 2322
2090 2329
2090 2351
2090 3958
2586 2350
2586 2911
2586 3034
2586 3135
2586 3237
3882 2178
3882 2703
3882 3209
3882 3666
3882 3786
3882 3849
3882 4130
3882 4188
384 1991
384 4025
2230 1339
2230 1655
2230 1789
2230 1982
2230 1997
2230 2012
2230 2020
2230 2083
2230 2084
2230 2173
2230 2211
2230 2338
2230 2340
2230 2350
2230 2352
2230 3348
2230 3483
2230 4586
2230 4979
3141 1065
3141 1092
3141 1261
3141 1672
3141 1706
3141 1762
3141 2700
3141 2928
3141 2948
3141 2958
3141 3014
3141 3033
3141 3104
3141 3113
3141 3137
3141 3157
3141 3191
3141 3193
3141 3194
3141 3200
3141 3202
3141 3235
3141 3770
3141 3846
3141 4199
3141 4441
4175 1235
4175 1906
4175 2254
4175 2338
4175 2815
4175 2895
4175 3059
4175 3124
4175 3185
4175 3230
4175 3338
4175 3346
4175 3351
4175 3411
4175 3475
4175 3523
4175 3524
4175 3539
4175 3556
4175 3577
4175 3629
4175 3634
4175 3639
4175 3645
4175 3674
4175 3687
4175 3696
4175 3902
4175 3916
4175 3917
4175 3954
4175 3962
4175 3991
4175 3999
4175 4008
4175 4026
4175 4031
4175 4044
4175 4050
4175 4091
4175 4112
4175 4128
4175 4140
4175 4179
4175 4182
4175 4202
4175 4206
4175 4345
4175 4605
4175 4927
1004 656
1004 679
1004 863
1004 1036
1004 1308
1004 3756
1004 4564
1004 4969
2129 1368
2129 1400
2129 1834
2129 1955
2129 2123
2129 2142
2129 2317
2129 2332
2129 2334
2129 2349
2129 4015
4394 1909
4394 4159
4394 4470
4394 4482
4394 4493
4394 4517
4394 4552
4505 1093
4505 1176
4505 1297
4505 1304
4505 3221
4505 4101
4505 4329
4505 4426
4505 4437
4505 4439
4505 4444
4505 4447
4505 4470
4505 4493
4505 4517
4505 4518
4505 4521
4505 4537
4505 4545
4505 4552
3745 1096
3745 2660
3745 3319
3745 3327
3745 3909
3745 4096
3745 4166
4985 1232
4985 2305
4985 2780
4985 3162
4985 3439
4985 3874
4985 3909
4985 4013
4985 4131
4985 4202
4985 4302
4985 4308
4985 4444
4985 4545
4985 4576
4985 4579
4985 4601
4985 4611
4985 4626
4985 4634
4985 4641
4985 4644
4985 4646
4985 4665
4985 4683
4985 4684
4985 4692
4985 4711
4985 4718
4985 4725
4985 4737
4985 4741
4985 4760
4985 4764
4985 4768
4985 4773
4985 4789
4985 4817
4985 4820
4985 4821
4985 4823
4985 4824
4985 4833
4985 4844
4985 4854
4985 4868
4985 4877
4985 4881
4985 4887
4985 4900
4985 4903
4985 4906
4985 4921
4985 4929
4985 4935
4985 4948
4985 4957
4985 4958
4985 4964
4985 4969
4985 4976
4985 4983
2013 1589
2013 2177
2013 2253
2013 2291
2013 2293
2013 2305
2013 2349
2013 4322
4709 4564
4709 4914
4709 4937
4709 4940
4709 4946
4709 4971
1219 770
1219 884
1219 919
1219 922
1219 950
1219 995
1219 1017
1219 1024
1219 1086
1219 1104
1219 1231
1219 1238
1219 1247
1219 1266
1219 2794
1219 2805
1219 4187
1219 4500
3143 388
3143 1280
3143 1550
3143 2269
3143 2405
3143 2406
3143 2448
3143 2460
3143 2492
3143 2500
3143 2543
3143 2562
3143 2581
3143 2593
3143 2620
3143 2654
3143 2728
3143 2734
3143 2738
3143 2766
3143 2798
3143 2842
3143 2949
3143 2954
3143 3023
3143 3097
3143 3103
3143 3153
3143 3167
3143 3718
3143 3796
3143 4427
4901 1007
4901 4141
4901 4483
4901 4879
4901 4902
4901 4965
4901 4967
4901 4968
4901 4974
4901 4979
4901 4982
4901 4996
4901 4999
4973 984
4973 1418
4973 2429
4973 2743
4973 3136
4973 3202
4973 3693
4973 3965
4973 3998
4973 4095
4973 4597
4973 4660
4973 4671
4973 4704
4973 4707
4973 4732
4973 4736
4973 4782
4973 4789
4973 4831
4973 4832
4973 4836
4973 4839
4973 4845
4973 4849
4973 4869
4973 4875
4973 4883
4973 4902
4973 4910
4973 4915
4973 4927
4973 4932
4973 4939
4973 4942
4973 4952
4973 4954
4973 4966
4973 4979
991 1110
991 1140
991 1271
991 1297
991 1307
991 1341
991 1359
991 1819
991 3068
991 3158
3577 1063
3577 3539
3577 4005
3577 4032
3577 4091
3577 4179
3577 4509
1368 608
1368 613
1368 619
1368 623
1368 642
1368 643
1368 681
1368 682
1368 698
1368 748
1368 776
1368 827
1368 850
1368 885
1368 887
1368 888
1368 896
1368 929
1368 940
1368 954
1368 996
1368 1002
1368 1025
1368 1032
1368 1075
1368 1106
1368 1135
1368 1143
1368 1164
1368 1170
1368 1179
1368 1182
1368 1186
1368 1188
1368 1192
1368 1229
1368 1270
1368 1282
1368 1285
1368 1295
1368 1299
1368 1306
1368 1308
1368 1314
1368 1353
1368 1361
1368 1365
1368 1371
1368 1671
1368 2317
1368 2637
1368 2964
1368 3137
1368 3231
1368 3372
1368 3503
1368 3874
1368 3917
1368 4120
1368 4155
1368 4245
1368 4440
1368 4516
4897 1273
4897 2303
4897 4184
4897 4529
4897 4571
4897 4628
4897 4637
4897 4667
4897 4741
4897 4749
4897 4750
4897 4755
4897 4812
4897 4848
4897 4873
4897 4906
4897 4918
4897 4924
4897 4939
1341 602
1341 644
1341 694
1341 700
1341 714
1341 739
1341 772
1341 784
1341 844
1341 903
1341 944
1341 981
1341 984
1341 992
1341 1018
1341 1028
1341 1045
1341 1046
1341 1049
1341 1050
1341 1052
1341 1074
1341 1078
1341 1096
1341 1110
1341 1147
1341 1157
1341 1177
1341 1189
1341 1225
1341 1227
1341 1276
1341 1297
1341 1305
1341 1307
1341 1359
1341 1381
1341 1446
1341 1653
1341 2064
1341 2308
1341 2431
1341 3043
1341 3514
1341 3913
1341 3939
1341 4750
1341 4937
3723 2636
3723 3886
3723 4072
3723 4131
3723 4161
3869 2479
3869 2521
3869 3286
3869 3482
3869 3773
3869 3801
3869 4004
3869 4048
3869 4061
3869 4114
3869 4979
955 1173
955 1190
955 1223
955 4316
955 4500
3116 969
3116 1082
3116 1313
3116 2314
3116 2351
3116 2385
3116 2747
3116 2768
3116 2879
3116 2907
3116 2940
3116 3002
3116 3035
3116 3073
3116 3091
3116 3093
3116 3122
3116 3145
3116 3194
3116 3212
3116 3231
3116 3242
3116 4140
3116 4863
4939 749
4939 1326
4939 1651
4939 2164
4939 2627
4939 2643
4939 3063
4939 4571
4939 4599
4939 4637
4939 4648
4939 4656
4939 4682
4939 4714
4939 4749
4939 4750
4939 4755
4939 4791
4939 4799
4939 4812
4939 4848
4939 4873
4939 4885
4939 4889
4939 4903
4939 4906
4939 4918
4939 4938
1361 635
1361 653
1361 659
1361 681
1361 709
1361 760
1361 790
1361 829
1361 896
1361 929
1361 960
1361 983
1361 993
1361 1035
1361 1075
1361 1106
1361 1143
1361 1145
1361 1164
1361 1169
1361 1171
1361 1179
1361 1186
1361 1209
1361 1220
1361 1232
1361 1275
1361 1279
1361 1282
1361 1285
1361 1295
1361 1299
1361 1306
1361 1308
1361 1314
1361 1334
1361 1340
1361 1356
1361 1371
1361 1462
1361 1586
1361 1610
1361 1703
1361 2791
1361 3044
1361 3203
1361 3429
1361 4039
1361 4040
1361 4110
1361 4151
1361 4215
1361 4466
1361 4914
2166 1890
2166 2022
2166 2085
2166 2088
2166 2105
2166 2190
2166 2248
2166 2287
2166 2292
2166 2307
2166 2325
2166 3214
2166 4070
2166 4856
2166 4956
2472 1682
2472 2925
2472 3235
3861 1204
3861 2308
3861 3014
3861 3360
3861 3659
3861 3693
3861 3967
3861 3972
3861 3982
3861 3996
3861 4051
3861 4112
3861 4724
2604 3110
2604 3198
2604 3219
2604 3227
2604 3237
2604 4803
3096 1353
3096 2356
3096 2407
3096 2504
3096 2524
3096 2662
3096 2742
3096 2751
3096 2761
3096 2778
3096 2792
3096 2844
3096 2867
3096 2956
3096 2962
3096 2971
3096 2991
3096 3030
3096 3499
3096 3555
3096 4073
3096 4200
3096 4769
4930 667
4930 2248
4930 2921
4930 3165
4930 3820
4930 4180
4930 4662
4930 4693
4930 4742
4930 4829
4930 4835
4930 4836
4930 4873
4930 4886
4930 4923
4930 4933
4930 4938
4930 4954
4930 4960
4930 4970
4930 4986
4930 4992
4930 4994
4930 4996
1367 593
1367 601
1367 606
1367 625
1367 633
1367 729
1367 774
1367 794
1367 806
1367 822
1367 843
1367 913
1367 926
1367 967
1367 973
1367 1031
1367 1065
1367 1089
1367 1090
1367 1092
1367 1106
1367 1125
1367 1175
1367 1177
1367 1201
1367 1204
1367 1216
1367 1229
1367 1238
1367 1258
1367 1261
1367 1263
1367 1286
1367 1305
1367 1309
1367 1313
1367 1315
1367 1334
1367 1343
1367 1353
1367 1362
1367 1364
1367 1365
1367 1370
1367 1617
1367 2063
1367 2656
1367 2876
1367 2938
1367 2996
1367 3019
1367 3025
1367 3752
1367 3989
1367 4014
1367 4140
1367 4145
1367 4199
1367 4474
1367 4560
1367 4847
1367 4899
3838 3185
3838 3857
3838 3961
3838 3981
3838 3994
3838 4087
3838 4100
3838 4976
4027 982
4027 1138
4027 2063
4027 3046
4027 3299
4027 3308
4027 3310
4027 3312
4027 3361
4027 3421
4027 3468
4027 3660
4027 3664
4027 3751
4027 3807
4027 3813
4027 3831
4027 3911
4027 3933
4027 4018
4027 4075
4027 4082
3805 2178
3805 3249
3805 3585
3805 3635
3805 3794
3805 3844
3805 3890
3805 3992
3805 4101
3818 1143
3818 4110
3818 4123
3818 4135
3818 4142
3818 4162
3818 4189
3818 4199
3818 4201
3818 4994
1502 1550
1502 1568
1502 1655
1502 1674
1502 1691
1502 1710
1502 3203
1502 4672
1661 716
1661 1384
1661 1409
1661 1414
1661 1464
1661 1533
1661 1548
1661 1560
1661 1578
1661 1580
1661 1593
1661 1633
1661 1642
1661 1668
1661 1672
1661 1677
1661 1681
1661 1685
1661 1688
1661 1691
1661 1705
1661 1707
1661 1710
1661 2738
1661 3242
1661 3866
1661 4087
1661 4228
1661 4565
1661 4972
4763 2073
4763 2999
4763 4827
4763 4900
4763 4965
4763 4999
338 2346
338 2770
338 3492
346 445
346 1441
346 2996
3813 2231
3813 2565
3813 3245
3813 3807
3813 3831
3813 3933
3813 4019
3813 4075
3813 4082
3813 4180
4078 1196
4078 2278
4078 2288
4078 3237
4078 3297
4078 3304
4078 3323
4078 3341
4078 3377
4078 3449
4078 3518
4078 3560
4078 3600
4078 3684
4078 3716
4078 3791
4078 3835
4078 3879
4078 3905
4078 4029
4078 4068
4078 4093
4078 4713
4171 602
4171 885
4171 1045
4171 1279
4171 1370
4171 1941
4171 1975
4171 2115
4171 2293
4171 2350
4171 3013
4171 3053
4171 3137
4171 3201
4171 3280
4171 3366
4171 3371
4171 3379
4171 3404
4171 3482
4171 3497
4171 3511
4171 3528
4171 3559
4171 3575
4171 3622
4171 3633
4171 3704
4171 3730
4171 3752
4171 3776
4171 3787
4171 3796
4171 3801
4171 3811
4171 3822
4171 3870
4171 3883
4171 3919
4171 3920
4171 3974
4171 4004
4171 4056
4171 4061
4171 4086
4171 4118
4171 4120
4171 4154
4171 4155
4171 4166
4171 4359
335 4983
4983 1340
4983 1481
4983 1657
4983 1668
4983 1681
4983 2191
4983 2568
4983 3199
4983 3202
4983 3542
4983 3629
4983 3718
4983 3901
4983 4579
4983 4601
4983 4611
4983 4634
4983 4641
4983 4644
4983 4646
4983 4665
4983 4683
4983 4711
4983 4725
4983 4737
4983 4764
4983 4768
4983 4773
4983 4781
4983 4788
4983 4817
4983 4821
4983 4823
4983 4824
4983 4833
4983 4841
4983 4844
4983 4868
4983 4877
4983 4881
4983 4900
4983 4918
4983 4921
4983 4935
4983 4948
4983 4954
4983 4957
4983 4964
4983 4969
4983 4976
4983 4986
4163 860
4163 1015
4163 1370
4163 1699
4163 2126
4163 2236
4163 2857
4163 3187
4163 3307
4163 3309
4163 3342
4163 3407
4163 3493
4163 3511
4163 3515
4163 3524
4163 3622
4163 3644
4163 3708
4163 3729
4163 3742
4163 3754
4163 3821
4163 3837
4163 3848
4163 3854
4163 3860
4163 3872
4163 3875
4163 3888
4163 3893
4163 3910
4163 3914
4163 3951
4163 3961
4163 3993
4163 4026
4163 4087
4163 4100
4163 4136
4163 4145
4163 4150
4163 4210
4163 4343
4163 4424
4163 4594
4163 4852
4956 1460
4956 1539
4956 2767
4956 3006
4956 3879
4956 4080
4956 4571
4956 4669
4956 4703
4956 4775
4956 4778
4956 4781
4956 4790
4956 4815
4956 4829
4956 4840
4956 4852
4956 4859
4956 4874
4956 4886
4956 4895
4956 4907
4956 4909
4956 4913
4956 4917
4956 4929
4956 4947
4956 4962
4956 4967
4956 4972
4956 4975
1106 894
1106 916
1106 1059
1106 1104
1106 1295
1106 1299
1106 1308
1106 3063
1106 3444
1106 4247
1106 4410
2340 603
2340 792
2340 1171
2340 1335
2340 1721
2340 1741
2340 1770
2340 1780
2340 1789
2340 1822
2340 1871
2340 1933
2340 1979
2340 1989
2340 2000
2340 2017
2340 2039
2340 2047
2340 2068
2340 2096
2340 2140
2340 2141
2340 2159
2340 2191
2340 2203
2340 2207
2340 2217
2340 2231
2340 2240
2340 2250
2340 2265
2340 2303
2340 2305
2340 2308
2340 2322
2340 2324
2340 2327
2340 2338
2340 2350
2340 2352
2340 2426
2340 2616
2340 2928
2340 3613
2340 4091
2340 4120
2340 4198
2340 4206
2340 4455
4210 432
4210 962
4210 1272
4210 1478
4210 1846
4210 2137
4210 2161
4210 2257
4210 2308
4210 2327
4210 2499
4210 2781
4210 2820
4210 3070
4210 3077
4210 3080
4210 3199
4210 3260
4210 3261
4210 3278
4210 3309
4210 3328
4210 3342
4210 3369
4210 3395
4210 3438
4210 3464
4210 3477
4210 3503
4210 3517
4210 3572
4210 3603
4210 3616
4210 3622
4210 3644
4210 3705
4210 3708
4210 3712
4210 3742
4210 3754
4210 3759
4210 3834
4210 3836
4210 3854
4210 3860
4210 3865
4210 3872
4210 3875
4210 3893
4210 3922
4210 3931
4210 3932
4210 3943
4210 3951
4210 3961
4210 3984
4210 4001
4210 4012
4210 4035
4210 4036
4210 4041
4210 4042
4210 4087
4210 4100
4210 4136
4210 4150
4210 4151
4210 4190
4210 4360
4210 4481
4210 4535
4210 4962
2346 722
2346 774
2346 1200
2346 1330
2346 1717
2346 1762
2346 1777
2346 1785
2346 1796
2346 1804
2346 1831
2346 1834
2346 1854
2346 1862
2346 1870
2346 1879
2346 1886
2346 1890
2346 1896
2346 1897
2346 1899
2346 1901
2346 1909
2346 1939
2346 1941
2346 1950
2346 1966
2346 1994
2346 2006
2346 2037
2346 2054
2346 2058
2346 2071
2346 2075
2346 2082
2346 2083
2346 2104
2346 2110
2346 2128
2346 2146
2346 2153
2346 2165
2346 2169
2346 2175
2346 2186
2346 2213
2346 2218
2346 2281
2346 2318
2346 2327
2346 2841
2346 2992
2346 3214
2346 3291
2346 3905
2346 4029
2346 4061
2346 4159
2346 4406
2346 4472
2346 4560
2346 4563
2346 4942
2770 2434
2770 2958
2770 3097
2770 3189
2770 3203
2770 3217
2770 3234
2770 4141
2770 4954
3492 1308
3492 3219
3492 3527
3492 3698
3492 3820
3492 4051
3492 4138
445 2552
445 3994
445 4205
445 4219
480 363
480 462
480 748
480 1202
480 1266
480 2019
480 3112
1663 1186
1663 1385
1663 1421
1663 1497
1663 1526
1663 1556
1663 1577
1663 1587
1663 1591
1663 1623
1663 1631
1663 1633
1663 1646
1663 1655
1663 1668
1663 1670
1663 1674
1663 1681
1663 1686
1663 1707
1663 1710
1663 2049
1663 2325
1663 3969
1663 4128
1663 4272
1663 4867
4691 1737
4691 3336
4691 4895
4691 4935
4691 4972
4691 4975
1033 699
1033 721
1033 914
1033 984
1033 1091
1033 1224
1033 1265
1033 1290
1033 1324
1033 1340
1033 4541
1198 675
1198 695
1198 801
1198 814
1198 864
1198 931
1198 944
1198 959
1198 979
1198 1008
1198 1077
1198 1099
1198 1165
1198 1281
1198 1293
1198 2398
1198 2476
1198 4567
1198 4881
2997 643
2997 1658
2997 2372
2997 2616
2997 2806
2997 2809
2997 3038
2997 3147
2997 3203
2997 3916
2997 4408
2997 4746
3123 1854
3123 2613
3123 2705
3123 3018
3123 3039
3123 3131
3123 3144
3123 3180
3123 3199
3123 3201
3123 3202
3123 3205
3123 3211
3123 3221
3123 3230
3123 4150
3123 4812
3123 4846
3123 4898
3123 4922
3611 3136
3611 4022
3611 4036
3611 4154
3611 4157
3611 4183
3611 4184
3820 800
3820 3396
3820 3498
3820 3594
3820 3631
3820 3731
3820 3967
3820 3982
3820 3996
3820 4051
3820 4092
3242 436
3242 988
3242 1342
3242 1364
3242 1497
3242 1568
3242 2056
3242 2262
3242 2359
3242 2368
3242 2385
3242 2420
3242 2423
3242 2425
3242 2533
3242 2574
3242 2579
3242 2582
3242 2616
3242 2651
3242 2719
3242 2721
3242 2724
3242 2725
3242 2735
3242 2747
3242 2768
3242 2769
3242 2773
3242 2818
3242 2829
3242 2831
3242 2839
3242 2851
3242 2855
3242 2872
3242 2879
3242 2904
3242 2907
3242 2934
3242 2940
3242 2945
3242 2980
3242 2996
3242 3002
3242 3011
3242 3018
3242 3035
3242 3041
3242 3073
3242 3074
3242 3091
3242 3093
3242 3111
3242 3122
3242 3140
3242 3145
3242 3167
3242 3187
3242 3194
3242 3220
3242 3221
3242 3231
3242 3645
3242 3699
3242 3890
3242 4183
3242 4501
3242 4705
3242 4715
3242 4825
3242 4841
3242 4864
3671 1258
3671 2338
3671 3580
3671 3626
3671 3650
3671 3981
3671 3996
3671 4092
1362 601
1362 655
1362 701
1362 712
1362 720
1362 722
1362 744
1362 746
1362 749
1362 758
1362 780
1362 794
1362 806
1362 878
1362 892
1362 913
1362 939
1362 1016
1362 1065
1362 1090
1362 1092
1362 1116
1362 1153
1362 1177
1362 1201
1362 1204
1362 1229
1362 1242
1362 1261
1362 1271
1362 1286
1362 1290
1362 1313
1362 1315
1362 1334
1362 1342
1362 1343
1362 1353
1362 1364
1362 1370
1362 1679
1362 1710
1362 2164
1362 2190
1362 2311
1362 3178
1362 3543
1362 3824
1362 3986
1362 4082
1362 4131
1362 4193
1362 4465
1362 4481
1362 4495
1362 4962
1526 1409
1526 1582
1526 1638
1526 1641
1526 1670
1526 1685
1526 2322
1526 3909
4109 834
4109 1157
4109 1204
4109 2904
4109 3231
4109 3425
4109 3574
4109 3592
4109 3743
4109 3769
4109 3815
4109 3862
4109 3928
4109 3936
4109 3952
4109 3987
4109 4013
4109 4014
4109 4055
4109 4067
4109 4095
4109 4135
4109 4142
4109 4159
4109 4162
4109 4189
4109 4198
4109 4199
4109 4201
4109 4410
4109 4811
4109 4891
3161 1231
3161 1324
3161 1359
3161 1995
3161 2358
3161 2411
3161 2565
3161 2599
3161 2661
3161 2754
3161 2759
3161 2824
3161 2848
3161 2861
3161 2880
3161 2887
3161 2894
3161 2922
3161 2930
3161 2944
3161 2964
3161 2981
3161 3021
3161 3077
3161 3163
3161 3175
3161 3178
3161 3189
3161 3214
3161 3216
3161 3328
3161 3803
3161 4184
3161 4390
3161 4522
3161 4964
3253 1299
3253 3282
3253 3947
3253 4190
345 1027
345 4723
345 4946
1027 1149
1027 1176
1027 1200
1027 1208
1027 1330
1027 1339
1027 3220
4723 3936
4723 4712
4723 4999
4946 824
4946 1569
4946 2148
4946 2554
4946 2975
4946 3081
4946 3357
4946 4128
4946 4581
4946 4586
4946 4609
4946 4618
4946 4636
4946 4657
4946 4762
4946 4837
4946 4843
4946 4846
4946 4849
4946 4850
4946 4875
4946 4905
4946 4914
4946 4916
4946 4926
4946 4928
4946 4936
4946 4937
4946 4940
4946 4959
4946 4971
4946 4994
1441 1396
1441 1453
1441 1699
1441 1703
2996 1600
2996 2579
2996 2735
2996 2872
2996 2934
2996 2966
2996 2980
2996 3005
2996 3035
2996 3145
2996 3187
2996 3220
2996 4103
2996 4187
777 1018
777 1330
777 1359
777 1487
3219 1273
3219 1588
3219 1926
3219 2061
3219 2103
3219 2324
3219 2355
3219 2377
3219 2393
3219 2398
3219 2404
3219 2433
3219 2498
3219 2514
3219 2563
3219 2567
3219 2572
3219 2611
3219 2625
3219 2658
3219 2682
3219 2696
3219 2701
3219 2727
3219 2799
3219 2811
3219 2828
3219 2849
3219 2877
3219 2895
3219 2911
3219 2953
3219 2998
3219 3034
3219 3043
3219 3047
3219 3069
3219 3070
3219 3080
3219 3090
3219 3108
3219 3110
3219 3130
3219 3165
3219 3170
3219 3198
3219 3216
3219 3222
3219 3227
3219 3237
3219 3616
3219 3826
3219 3954
3219 4026
3219 4153
3219 4563
3219 4943
2347 1107
2347 1404
2347 1463
2347 1718
2347 1759
2347 1768
2347 1810
2347 1823
2347 1876
2347 1881
2347 1888
2347 1903
2347 1913
2347 1930
2347 1942
2347 1954
2347 1955
2347 1964
2347 1967
2347 1984
2347 2033
2347 2064
2347 2073
2347 2087
2347 2092
2347 2117
2347 2120
2347 2122
2347 2123
2347 2142
2347 2149
2347 2156
2347 2163
2347 2176
2347 2225
2347 2233
2347 2246
2347 2254
2347 2255
2347 2259
2347 2275
2347 2278
2347 2288
2347 2303
2347 2317
2347 2332
2347 2334
2347 2349
2347 2352
2347 2412
2347 3032
2347 3112
2347 3189
2347 3640
2347 4002
2347 4045
2347 4184
2347 4549
2347 4712
2347 4751
2347 4922
3962 1746
3962 3296
3962 3690
3962 3703
3962 3878
3962 3914
3962 4179
3962 4200
3962 4202
1604 1422
1604 1449
1604 1513
1604 1518
1604 1558
1604 1682
1604 1687
1604 2758
1604 4307
1604 4439
3237 1154
3237 1168
3237 1175
3237 1195
3237 1247
3237 1251
3237 1297
3237 1388
3237 1598
3237 1676
3237 2246
3237 2277
3237 2360
3237 2377
3237 2398
3237 2406
3237 2427
3237 2528
3237 2563
3237 2567
3237 2572
3237 2608
3237 2611
3237 2628
3237 2634
3237 2636
3237 2642
3237 2658
3237 2684
3237 2696
3237 2701
3237 2726
3237 2727
3237 2736
3237 2753
3237 2799
3237 2805
3237 2811
3237 2821
3237 2866
3237 2877
3237 2902
3237 2911
3237 2928
3237 2998
3237 3034
3237 3043
3237 3047
3237 3070
3237 3080
3237 3090
3237 3105
3237 3108
3237 3110
3237 3125
3237 3130
3237 3170
3237 3198
3237 3216
3237 3222
3237 3227
3237 3517
3237 4021
3237 4182
3237 4183
3237 4494
3237 4561
4686 2488
4686 2904
4686 4580
4686 4635
4686 4685
4686 4728
4686 4804
2422 3021
2422 3077
2422 3209
2422 3214
2422 3382
3090 1430
3090 2393
3090 2573
3090 2675
3090 2726
3090 2728
3090 2828
3090 3047
3090 3092
3090 3105
3090 3108
3090 3110
3090 3130
3090 3170
3090 3198
3090 3200
3090 3216
3090 3222
3090 3227
3090 3390
3090 4151
3090 4631
3090 4791
3108 1271
3108 1750
3108 2611
3108 2726
3108 2736
3108 2902
3108 2998
3108 3034
3108 3080
3108 3105
3108 3111
3108 3122
3108 3130
3108 3198
3108 3216
3108 3222
3108 3227
3108 3459
3108 4724
1162 715
1162 893
1162 906
1162 970
1162 1109
1162 1118
1162 1119
1162 1131
1162 1154
1162 1325
1162 2866
1162 3463
2716 2402
2716 2819
2716 2838
2716 2924
2716 3081
2716 3523
2716 4869
3925 1284
3925 1615
3925 2676
3925 4072
3925 4089
3925 4096
3925 4161
3925 4200
2352 702
2352 783
2352 1147
2352 1633
2352 1719
2352 1722
2352 1800
2352 1828
2352 1871
2352 1875
2352 1933
2352 1979
2352 1997
2352 2004
2352 2012
2352 2020
2352 2031
2352 2035
2352 2039
2352 2059
2352 2068
2352 2096
2352 2109
2352 2113
2352 2133
2352 2141
2352 2159
2352 2161
2352 2185
2352 2191
2352 2203
2352 2240
2352 2250
2352 2253
2352 2265
2352 2287
2352 2308
2352 2324
2352 2327
2352 2329
2352 2338
2352 2349
2352 2350
2352 2624
2352 2656
2352 2790
2352 2892
2352 3147
2352 3178
2352 3214
2352 3562
2352 3729
2352 3748
2352 3963
2352 4072
2352 4151
2352 4285
2352 4290
2352 4948
3186 1183
3186 1575
3186 2059
3186 2371
3186 2392
3186 2431
3186 2442
3186 2453
3186 2454
3186 2547
3186 2575
3186 2640
3186 2650
3186 2687
3186 2732
3186 2737
3186 2785
3186 2804
3186 2814
3186 2822
3186 2900
3186 2915
3186 2938
3186 2960
3186 2963
3186 2982
3186 3044
3186 3048
3186 3067
3186 3087
3186 3102
3186 3168
3186 3171
3186 3210
3186 3212
3186 3773
3186 3904
3186 4092
3186 4561
3186 4677
3186 4841
3685 1179
3685 1585
3685 3533
3685 3726
3685 3968
3685 4151
4578 1886
4578 4759
4578 4842
4578 4866
4578 4878
354 2265
354 3193
354 3719
2265 976
2265 1335
2265 1772
2265 1827
2265 1944
2265 1988
2265 2035
2265 2039
2265 2206
2265 2231
2265 2240
2265 2269
2265 2306
2265 2324
2265 2327
2265 2329
2265 3036
2265 3077
2265 3715
2265 3780
2265 3900
2265 4201
2265 4850
2265 4971
3193 989
3193 1337
3193 1474
3193 1601
3193 2329
3193 2384
3193 2507
3193 2580
3193 2660
3193 2676
3193 2787
3193 2890
3193 2936
3193 2948
3193 2959
3193 2999
3193 3014
3193 3019
3193 3033
3193 3045
3193 3048
3193 3069
3193 3111
3193 3113
3193 3124
3193 3157
3193 3191
3193 3200
3193 3202
3193 3235
3193 3520
3193 3533
3193 3599
3193 3918
3193 4146
3193 4190
3193 4506
3193 4907
3719 3230
3719 4022
3719 4101
3719 4143
3719 4738
2085 2078
2085 2190
2085 2283
2085 2287
2085 2292
2085 2307
2085 2315
2085 2325
2085 3786
2085 4674
2244 1123
2244 1567
2244 1793
2244 1799
2244 1917
2244 1957
2244 1995
2244 2053
2244 2120
2244 2170
2244 2173
2244 2179
2244 2222
2244 2256
2244 2260
2244 2267
2244 2305
2244 2325
2244 4121
2244 4182
4513 1350
4513 2628
4513 3367
4513 3590
4513 4309
4513 4454
4513 4500
4513 4527
4513 4528
4513 4529
4513 4537
4513 4555
4513 4560
4513 4564
4513 4567
4513 4568
4513 4866
4513 4902
4513 4933
4513 4940
910 971
910 1070
910 1139
910 1206
910 1253
910 2288
910 2439
1275 698
1275 806
1275 886
1275 949
1275 983
1275 1170
1275 1179
1275 1188
1275 1192
1275 1195
1275 1261
1275 1282
1275 1295
1275 1299
1275 1306
1275 1308
1275 1314
1275 1371
1275 2006
1275 2283
1275 3188
1275 3786
1275 4048
1275 4189
1275 4298
2191 1882
2191 2031
2191 2203
2191 2211
2191 2308
2191 2338
2191 2467
2191 3043
2191 4800
3572 2233
3572 2982
3572 3322
3572 3438
443 1607
443 2293
443 3045
443 4546
462 877
462 1290
462 1627
462 1999
462 2983
462 3231
462 4957
1603 1077
1603 1394
1603 1423
1603 1513
1603 1518
1603 1571
1603 1581
1603 1600
1603 1662
1603 1687
1603 1699
1603 2069
1603 2680
2590 2548
2590 2791
2590 2957
2590 2969
2590 3003
2590 3209
2590 3591
4992 655
4992 1094
4992 1191
4992 1593
4992 1687
4992 1744
4992 1844
4992 2367
4992 2645
4992 3081
4992 3110
4992 3178
4992 3449
4992 3467
4992 3739
4992 3891
4992 3958
4992 4457
4992 4590
4992 4598
4992 4603
4992 4612
4992 4619
4992 4627
4992 4663
4992 4667
4992 4679
4992 4693
4992 4697
4992 4719
4992 4722
4992 4742
4992 4746
4992 4752
4992 4767
4992 4774
4992 4784
4992 4792
4992 4801
4992 4803
4992 4805
4992 4811
4992 4835
4992 4836
4992 4856
4992 4864
4992 4872
4992 4884
4992 4886
4992 4890
4992 4899
4992 4923
4992 4924
4992 4931
4992 4933
4992 4938
4992 4940
4992 4953
4992 4954
4992 4960
4992 4970
4992 4972
4992 4981
4992 4986
4992 4994
4992 4996
4992 4999
2441 2492
2441 2831
2441 3153
2441 3167
2441 3890
2572 2498
2572 2765
2670 2270
2670 2494
2670 2953
2670 2972
2670 3008
2670 3639
4320 3194
4320 4166
4320 4246
4320 4369
4320 4488
4320 4508
4320 4511
4320 4564
1618 684
1618 1381
1618 1515
1618 1539
1618 1549
1618 1555
1618 1619
1618 1631
1618 1666
1618 1679
1618 1683
1618 1686
1618 1690
1618 3209
1618 4427
2464 3165
2464 4467
755 1371
755 4555
958 775
958 861
958 1087
958 1138
958 1205
958 4547
2257 1249
2257 1496
2257 1782
2257 1905
2257 1952
2257 1956
2257 1963
2257 2057
2257 2091
2257 2150
2257 2214
2257 2218
2257 2245
2257 2264
2257 2268
2257 2274
2257 2279
2257 2282
2257 3202
2257 3296
3554 3673
3554 3856
3554 3912
3554 4148
3554 4180
4994 1179
4994 1584
4994 1608
4994 2245
4994 2504
4994 2817
4994 2842
4994 3070
4994 3076
4994 3081
4994 3781
4994 3844
4994 3913
4994 4187
4994 4189
4994 4590
4994 4603
4994 4612
4994 4619
4994 4627
4994 4661
4994 4663
4994 4667
4994 4679
4994 4680
4994 4693
4994 4697
4994 4707
4994 4711
4994 4722
4994 4742
4994 4746
4994 4752
4994 4756
4994 4767
4994 4774
4994 4792
4994 4801
4994 4803
4994 4805
4994 4808
4994 4811
4994 4829
4994 4835
4994 4836
4994 4856
4994 4864
4994 4872
4994 4884
4994 4886
4994 4890
4994 4899
4994 4919
4994 4923
4994 4924
4994 4931
4994 4933
4994 4938
4994 4954
4994 4960
4994 4970
4994 4981
4994 4986
1110 848
1110 1078
1110 1096
1110 1140
1110 1173
1110 1189
1110 1359
1110 1918
1110 2197
1110 2427
1110 3067
1191 641
1191 685
1191 1060
1191 1113
1191 1148
1191 1177
1191 1183
1191 1222
1191 1335
1191 1777
1191 3157
1191 3287
362 2766
362 3112
362 3187
362 3766
362 4065
2766 2314
2766 2318
2766 2949
2766 3103
2766 3153
2766 3167
3112 998
3112 1279
3112 2482
3112 2549
3112 2652
3112 2665
3112 2713
3112 2720
3112 2723
3112 2832
3112 2921
3112 2937
3112 3032
3112 3055
3112 3057
3112 3109
3112 3137
3112 3138
3112 3189
3112 3234
3112 4189
3112 4524
3112 4549
3187 375
3187 1021
3187 1209
3187 1309
3187 1556
3187 1977
3187 2099
3187 2228
3187 2350
3187 2405
3187 2465
3187 2525
3187 2533
3187 2721
3187 2725
3187 2829
3187 2831
3187 2839
3187 2855
3187 2904
3187 2907
3187 2945
3187 2970
3187 3002
3187 3041
3187 3057
3187 3062
3187 3074
3187 3091
3187 3093
3187 3110
3187 3111
3187 3122
3187 3145
3187 3194
3187 3220
3187 3231
3187 4143
3187 4205
3187 4527
3766 1956
3766 3480
3766 3816
3766 3912
3766 3956
3766 4070
3766 4114
3766 4132
3766 4180
3766 4878
4065 363
4065 1717
4065 2350
4065 3638
4065 3748
4065 3864
4065 3880
4065 3963
4065 3979
4065 3997
4065 4021
4065 4024
4065 4043
4065 4049
4065 4066
4065 4119
4065 4139
4065 4146
4065 4190
4065 4419
4065 4477
4065 4714
4065 4986
363 4517
363 4611
363 4999
4517 1311
4517 2023
4517 3782
4517 4182
4517 4337
4517 4425
4517 4429
4517 4447
4517 4470
4517 4493
4517 4498
4517 4509
4517 4518
4517 4521
4517 4523
4517 4545
4517 4552
4517 4788
4611 3201
4611 4693
4611 4900
4611 4964
4999 618
4999 886
4999 969
4999 1169
4999 1173
4999 1285
4999 1343
4999 1479
4999 1535
4999 1621
4999 2183
4999 3005
4999 3083
4999 3779
4999 3781
4999 3923
4999 3979
4999 3984
4999 4031
4999 4128
4999 4151
4999 4587
4999 4593
4999 4596
4999 4621
4999 4632
4999 4659
4999 4661
4999 4678
4999 4696
4999 4700
4999 4702
4999 4713
4999 4716
4999 4717
4999 4761
4999 4765
4999 4780
4999 4787
4999 4800
4999 4805
4999 4806
4999 4810
4999 4828
4999 4851
4999 4855
4999 4860
4999 4863
4999 4864
4999 4870
4999 4871
4999 4879
4999 4891
4999 4903
4999 4907
4999 4919
4999 4922
4999 4925
4999 4943
4999 4944
4999 4955
4999 4960
4999 4965
4999 4966
4999 4968
4999 4970
4999 4974
4999 4975
4999 4979
4999 4982
4999 4996
756 1311
756 1330
756 1334
756 1338
756 3943
1072 749
1072 1084
1072 1263
1072 1309
1072 1315
1072 1334
1072 1353
1072 1370
1072 1730
1072 1840
1072 2041
1072 4792
2007 1958
2007 2069
2007 2195
2007 2197
2007 2293
2007 2305
2007 2963
2007 3715
3791 723
3791 1135
3791 1677
3791 3600
3791 3708
3791 3754
3791 4029
3791 4068
3791 4093
2947 1781
2947 1884
2947 2839
2947 2880
2947 2955
2947 3147
2947 3158
2947 3189
2947 3217
2947 3710
2947 4193
2947 4501
432 973
432 3816
432 3979
432 4653
432 4919
4831 1674
4831 2571
4831 2999
4831 3951
4831 4684
4831 4782
4831 4845
4831 4853
4831 4875
4831 4910
4831 4966
1636 1334
1636 1508
1636 1520
1636 1537
1636 1542
1636 1549
1636 1553
1636 1611
1636 1647
1636 1658
1636 1671
1636 1676
1636 1692
1636 2987
1636 3555
1636 3909
1636 3985
3261 3751
3261 4075
3261 4082
3731 3200
3731 3486
3731 3967
3731 3982
3731 3997
4561 620
4561 1016
4561 1290
4561 1557
4561 1677
4561 3102
4561 3110
4561 3248
4561 4029
4561 4187
4561 4206
4561 4282
4561 4290
4561 4291
4561 4318
4561 4324
4561 4333
4561 4359
4561 4360
4561 4386
4561 4387
4561 4390
4561 4400
4561 4412
4561 4415
4561 4418
4561 4428
4561 4429
4561 4430
4561 4432
4561 4434
4561 4450
4561 4454
4561 4484
4561 4490
4561 4496
4561 4506
4561 4507
4561 4514
4561 4522
4561 4527
4561 4528
4561 4529
4561 4531
4561 4537
4561 4546
4561 4547
4561 4549
4561 4555
4561 4563
4561 4564
4561 4567
4561 4568
4561 4725
4561 4778
792 902
792 1182
792 1199
792 1271
1665 954
1665 1439
1665 1462
1665 1486
1665 1510
1665 1512
1665 1520
1665 1549
1665 1601
1665 1621
1665 1629
1665 1648
1665 1672
1665 1676
1665 1707
1665 1710
1665 2096
1665 3111
1665 3146
1665 4121
1665 4915
3144 2195
3144 2206
3144 2264
3144 2293
3144 2552
3144 2690
3144 2834
3144 2939
3144 3001
3144 3018
3144 3066
3144 3083
3144 3124
3144 3131
3144 3165
3144 3180
3144 3199
3144 3201
3144 3205
3144 3211
3144 3217
3144 3221
3144 3230
3144 3758
3144 3981
3144 3985
3144 4406
3144 4890
3144 4948
3144 4958
1876 1737
1876 2214
1876 2317
1876 2349
1876 4742
2786 2214
2786 2988
2786 3201
2786 3202
2786 3211
3877 1915
3877 3072
3877 3601
3877 3717
3877 4089
3877 4131
3877 4161
3877 4187
4151 678
4151 1553
4151 2055
4151 2684
4151 2696
4151 2759
4151 2987
4151 3173
4151 3191
4151 3330
4151 3352
4151 3406
4151 3443
4151 3463
4151 3695
4151 3710
4151 3711
4151 3757
4151 3786
4151 3797
4151 3826
4151 3937
4151 3952
4151 3956
4151 3968
4151 3969
4151 3972
4151 4002
4151 4022
4151 4097
4151 4130
4151 4143
4151 4188
1605 1170
1605 1621
1605 1631
1605 1643
1605 1653
1605 1656
1605 1662
1605 1668
1605 1674
1605 1685
1605 1705
1605 1707
1605 1710
1605 2726
1605 4879
1605 4969
2268 1071
2268 1337
2268 1779
2268 1855
2268 1905
2268 1923
2268 1956
2268 1976
2268 1985
2268 2057
2268 2094
2268 2104
2268 2124
2268 2214
2268 2218
2268 2245
2268 2264
2268 2274
2268 2279
2268 2282
2268 2900
2268 3704
2268 3716
2268 4123
2268 4927
3066 1350
3066 1635
3066 2443
3066 2841
3066 3001
3066 3017
3066 3124
3066 3180
3066 3199
3066 3201
3066 3211
3066 3221
3066 3230
3066 3389
3066 3751
3066 4032
1184 665
1184 754
1184 999
1184 1150
1184 1247
1184 1260
1184 1354
1184 1356
1184 1413
1184 4647
1184 4788
1184 4923
2318 802
2318 1025
2318 1831
2318 1834
2318 1870
2318 1896
2318 1897
2318 1899
2318 1909
2318 1976
2318 2006
2318 2037
2318 2054
2318 2058
2318 2071
2318 2075
2318 2082
2318 2083
2318 2104
2318 2110
2318 2112
2318 2128
2318 2146
2318 2153
2318 2169
2318 2181
2318 2186
2318 2213
2318 2281
2318 2641
2318 2738
2318 3227
2318 3325
2318 3615
2318 3626
2318 3875
2318 4166
2318 4863
2318 4936
2318 4975
2318 4979
2618 3017
2618 3140
2618 3151
2618 3218
2618 3987
3428 3057
3428 4112
3428 4129
3428 4153
1558 1443
1558 1447
1558 1475
1558 1596
1558 1612
1558 1646
1558 1703
4061 820
4061 1328
4061 2364
4061 3327
4061 3434
4061 3454
4061 3559
4061 3742
4061 3777
4061 3941
4061 3974
4061 4086
4061 4096
4061 4120
4061 4136
4061 4155
4061 4166
4061 4239
4061 4884
4061 4964
4552 645
4552 741
4552 890
4552 1685
4552 1691
4552 1707
4552 2056
4552 2142
4552 2327
4552 3199
4552 3855
4552 4146
4552 4215
4552 4234
4552 4252
4552 4253
4552 4273
4552 4288
4552 4308
4552 4329
4552 4330
4552 4350
4552 4365
4552 4406
4552 4425
4552 4429
4552 4431
4552 4438
4552 4444
4552 4447
4552 4470
4552 4480
4552 4493
4552 4498
4552 4509
4552 4518
4552 4521
4552 4523
4552 4537
4552 4545
967 606
967 1134
967 1263
967 1309
967 1313
967 1315
967 2104
967 4521
1414 1452
1414 1597
1414 2946
1846 1889
1846 2057
1846 2063
1846 2132
1846 2155
1500 1501
1500 1544
1500 1600
1500 3199
2948 1141
2948 1364
2948 1506
2948 2779
2948 3157
2948 3191
2948 3200
2948 3235
375 2488
375 3932
2488 2596
2488 3153
2488 3167
3932 2059
3932 2985
3932 3910
3932 3951
3932 4041
3932 4100
3932 4136
956 1239
956 1260
956 1272
956 1304
956 1356
956 2327
956 3919
4114 1172
4114 1402
4114 1992
4114 1995
4114 2389
4114 2677
4114 2980
4114 3171
4114 3231
4114 3279
4114 3283
4114 3344
4114 3480
4114 3544
4114 3562
4114 3591
4114 3615
4114 3672
4114 3718
4114 3753
4114 3765
4114 3816
4114 3894
4114 3912
4114 3923
4114 3943
4114 3949
4114 4039
4114 4077
4114 4102
4114 4132
4114 4140
4114 4148
4114 4180
4114 4468
4114 4506
1530 1286
1530 1516
1530 1614
1530 1645
1530 1649
1530 1675
1530 1678
1530 1683
1530 1685
1530 1696
1530 4770
3217 814
3217 832
3217 1035
3217 1357
3217 1681
3217 1687
3217 1778
3217 1808
3217 1963
3217 2002
3217 2430
3217 2434
3217 2445
3217 2458
3217 2489
3217 2671
3217 2758
3217 2774
3217 2784
3217 2793
3217 2803
3217 2818
3217 2862
3217 2889
3217 2906
3217 2912
3217 3022
3217 3025
3217 3029
3217 3030
3217 3038
3217 3042
3217 3059
3217 3061
3217 3076
3217 3097
3217 3147
3217 3158
3217 3170
3217 3185
3217 3188
3217 3189
3217 3205
3217 3234
3217 4098
3217 4157
3217 4201
3217 4768
3217 4803
4955 1307
4955 1359
4955 1528
4955 2207
4955 3087
4955 3103
4955 3580
4955 4184
4955 4742
4955 4751
4955 4772
4955 4809
4955 4826
4955 4860
4955 4870
4955 4891
4955 4903
4955 4907
4955 4919
4955 4922
4955 4925
4955 4935
4955 4965
4955 4968
4955 4971
4955 4974
4955 4979
4955 4982
4955 4996
902 717
902 1065
902 1102
902 1328
902 1357
902 3756
902 4049
4182 869
4182 891
4182 1559
4182 1722
4182 2280
4182 2821
4182 2922
4182 3029
4182 3140
4182 3199
4182 3267
4182 3270
4182 3290
4182 3409
4182 3429
4182 3449
4182 3465
4182 3467
4182 3488
4182 3514
4182 3525
4182 3637
4182 3692
4182 3700
4182 3701
4182 3715
4182 3717
4182 3732
4182 3768
4182 3812
4182 3828
4182 3835
4182 3839
4182 3842
4182 3931
4182 3955
4182 3998
4182 4000
4182 4015
4182 4025
4182 4049
4182 4067
4182 4071
4182 4119
4182 4133
4182 4154
4182 4157
4182 4183
4182 4184
4182 4200
4182 4344
4182 4546
4182 4555
4182 4689
4182 4919
4635 4242
4635 4772
4635 4785
4635 4804
4635 4966
3140 1054
3140 1169
3140 2311
3140 2356
3140 2416
3140 2496
3140 2508
3140 2517
3140 2557
3140 2677
3140 2812
3140 2825
3140 2843
3140 2883
3140 2929
3140 3017
3140 3031
3140 3052
3140 3151
3140 3182
3140 3210
3140 3218
3140 3234
3140 3376
3140 3660
3140 4463
3140 4560
4313 4327
4313 4356
4313 4422
4313 4435
4313 4442
1098 778
1098 948
1098 1163
1098 1166
1098 1188
1098 1221
1098 1277
1098 1288
1098 1289
1098 1615
1098 4146
2504 2681
2504 2792
2504 2867
3411 2034
3411 3081
3411 4140
3411 4179
3411 4202
4118 1324
4118 1638
4118 1682
4118 1705
4118 2414
4118 2729
4118 2744
4118 3268
4118 3386
4118 3404
4118 3453
4118 3497
4118 3560
4118 3575
4118 3599
4118 3633
4118 3779
4118 3782
4118 3801
4118 3822
4118 3941
4118 3999
4118 4048
4118 4056
4118 4086
4118 4096
4118 4120
4118 4130
4118 4155
4200 1070
4200 1165
4200 1412
4200 1890
4200 2004
4200 2127
4200 2412
4200 2961
4200 2964
4200 3109
4200 3135
4200 3218
4200 3256
4200 3267
4200 3270
4200 3348
4200 3409
4200 3429
4200 3430
4200 3448
4200 3465
4200 3467
4200 3488
4200 3514
4200 3525
4200 3530
4200 3535
4200 3536
4200 3692
4200 3700
4200 3701
4200 3715
4200 3732
4200 3748
4200 3768
4200 3812
4200 3828
4200 3835
4200 3839
4200 3842
4200 3855
4200 3863
4200 3918
4200 3931
4200 3955
4200 4000
4200 4015
4200 4031
4200 4036
4200 4049
4200 4067
4200 4108
4200 4119
4200 4154
4200 4157
4200 4183
4200 4184
4200 4187
4200 4480
4200 4535
4200 4718
4200 4883
4200 4958
1308 748
1308 776
1308 834
1308 846
1308 887
1308 954
1308 983
1308 994
1308 995
1308 1002
1308 1169
1308 1170
1308 1179
1308 1182
1308 1188
1308 1195
1308 1279
1308 1285
1308 1299
1308 1306
1308 1314
1308 1325
1308 1371
1308 2124
1308 2787
1308 2892
1308 3062
1308 4086
1308 4155
1308 4206
1308 4486
1308 4899
1432 1582
1432 1685
1432 1705
1432 1706
1432 1710
1432 2256
1676 721
1676 806
1676 1343
1676 1420
1676 1430
1676 1449
1676 1470
1676 1508
1676 1599
1676 1601
1676 1611
1676 1621
1676 1624
1676 1629
1676 1658
1676 1666
1676 1679
1676 1686
1676 1688
1676 1690
1676 2232
1676 3980
1676 4096
1676 4254
1676 4929
1676 4986
2432 2889
2432 3025
2432 3138
2432 3147
1707 1014
1707 1381
1707 1384
1707 1385
1707 1390
1707 1402
1707 1403
1707 1424
1707 1438
1707 1451
1707 1458
1707 1462
1707 1473
1707 1474
1707 1476
1707 1483
1707 1489
1707 1498
1707 1507
1707 1532
1707 1548
1707 1556
1707 1560
1707 1573
1707 1580
1707 1584
1707 1588
1707 1599
1707 1615
1707 1642
1707 1647
1707 1653
1707 1655
1707 1656
1707 1662
1707 1666
1707 1670
1707 1674
1707 1677
1707 1681
1707 1685
1707 1691
1707 1705
1707 1706
1707 1710
1707 2876
1707 2994
1707 3614
1707 3917
1707 3931
1707 3940
1707 4143
1707 4198
1707 4199
1707 4316
1707 4490
1707 4827
1707 4936
1773 2332
1773 2351
1773 3816
3919 850
3919 1271
3919 3280
3919 3398
3919 3779
3919 3783
3919 3822
3919 3941
3919 4096
3919 4155
3919 4166
3958 2915
3958 2962
3958 3243
3958 3638
3958 3789
3958 3823
3958 3863
3958 4021
3958 4024
3958 4033
3958 4043
3958 4120
3958 4139
3958 4146
3958 4190
3958 4781
1991 762
1991 1884
1991 1889
1991 2063
1991 2134
1991 2141
1991 2155
4025 1091
4025 1379
4025 2280
4025 2877
4025 3162
4025 3376
4025 3980
4025 4073
4025 4081
4025 4103
4025 4108
4025 4110
4025 4129
4025 4140
4025 4153
4025 4187
393 2303
393 2897
393 3182
393 4246
616 649
616 1124
616 1265
616 1340
2855 1678
2855 2728
2855 3074
2855 3194
2855 3220
2855 3231
2855 4857
2858 912
2858 1371
2858 2558
2858 2937
2858 2961
2858 3026
2858 3053
2858 3088
2858 3095
2858 3132
2858 3209
2858 4039
4979 1178
4979 1387
4979 1670
4979 2073
4979 2678
4979 2825
4979 3136
4979 3152
4979 3191
4979 3756
4979 4087
4979 4572
4979 4678
4979 4685
4979 4715
4979 4729
4979 4747
4979 4761
4979 4780
4979 4806
4979 4827
4979 4828
4979 4851
4979 4863
4979 4870
4979 4871
4979 4879
4979 4885
4979 4891
4979 4894
4979 4903
4979 4919
4979 4922
4979 4943
4979 4944
4979 4948
4979 4965
4979 4968
4979 4974
4979 4981
4979 4982
4979 4996
1610 1401
1610 1477
1610 1611
1610 1619
1610 1629
1610 1643
1610 1666
1610 1706
1610 2242
1610 4383
2851 1150
2851 1155
2851 3002
2851 3074
2851 3167
2851 3194
2851 3231
2851 3896
2851 4199
4642 3436
4642 4362
4642 4726
4642 4781
4642 4796
4642 4814
4642 4927
1270 760
1270 763
1270 776
1270 841
1270 846
1270 879
1270 888
1270 896
1270 1002
1270 1006
1270 1075
1270 1143
1270 1169
1270 1179
1270 1283
1270 1353
1270 1371
1270 2214
1270 2567
1270 2902
1270 3130
1270 4395
1270 4868
3025 1199
3025 2733
3025 2955
3025 2968
3025 3189
3025 3201
3025 3234
3025 3670
3025 3873
3095 1407
3095 2069
3095 2510
3095 2558
3095 2614
3095 2655
3095 2711
3095 2765
3095 2815
3095 2936
3095 2937
3095 2941
3095 2961
3095 2994
3095 3026
3095 3036
3095 3053
3095 3088
3095 3132
3095 4501
3095 4734
3095 4832
3095 4881
3546 3608
3546 3618
3546 3988
4103 765
4103 1231
4103 2842
4103 3158
4103 3163
4103 3590
4103 3664
4103 3713
4103 3758
4103 3790
4103 3898
4103 3924
4103 3980
4103 3995
4103 4050
4103 4053
4103 4081
4103 4108
4103 4110
4103 4129
4103 4136
4103 4153
4103 4187
4103 4189
4103 4874
388 4486
4486 1254
4486 1679
4486 2218
4486 3158
4486 4008
4486 4312
4486 4373
4486 4385
4486 4439
4486 4479
4486 4495
4486 4516
4486 4541
4486 4550
4486 4551
4486 4563
4486 4565
2014 953
2014 1364
2014 1795
2014 1814
2014 2008
2014 2121
2014 2236
2014 2252
2014 2260
2014 3212
2227 1141
2227 1284
2227 1809
2227 1880
2227 1947
2227 2030
2227 2032
2227 2103
2227 2160
2227 2170
2227 2175
2227 2177
2227 2195
2227 2197
2227 2291
2227 2293
2227 2305
2227 2612
2227 3911
2227 4525
2599 2667
2599 2964
2599 3178
2677 2030
2677 3182
2677 3210
2677 3218
656 938
656 1036
656 1239
656 1986
1950 2015
2809 1138
2809 1217
2809 1781
2809 2743
2809 3038
2809 3094
2809 3188
2809 3234
3740 982
3740 3669
3740 3847
3740 3965
3740 3979
3740 3981
3740 4064
3740 4092
4029 1025
4029 1691
4029 3136
4029 3297
4029 3340
4029 3341
4029 3377
4029 3560
4029 3600
4029 3653
4029 3716
4029 3866
4029 3879
4029 4068
4029 4093
1598 960
1598 1440
1598 1490
1598 1581
1598 1633
1598 1637
1598 1668
1598 1682
1598 1687
1598 4015
1666 921
1666 1378
1666 1381
1666 1391
1666 1406
1666 1439
1666 1455
1666 1472
1666 1512
1666 1539
1666 1542
1666 1575
1666 1592
1666 1658
1666 1686
1666 1688
1666 1706
1666 1795
1666 2656
1666 3165
1666 3168
1666 3312
1666 3876
1666 4021
1666 4053
1666 4081
1988 1671
1988 2240
1988 2288
1988 2329
1988 3956
1988 4000
2303 1064
2303 1353
2303 1764
2303 1888
2303 1967
2303 2064
2303 2072
2303 2073
2303 2107
2303 2137
2303 2142
2303 2156
2303 2163
2303 2176
2303 2233
2303 2249
2303 2255
2303 2259
2303 2277
2303 2288
2303 2317
2303 2332
2303 2334
2303 2349
2303 2399
2303 3256
2303 3360
2303 4140
2303 4549
2303 4564
2303 4960
2897 3157
2897 3191
2897 3200
2897 3202
2897 4836
3182 684
3182 1279
3182 2156
3182 2308
3182 2381
3182 2457
3182 2468
3182 2529
3182 2606
3182 2624
3182 2626
3182 2666
3182 2715
3182 2723
3182 2724
3182 2748
3182 2767
3182 2779
3182 2796
3182 2812
3182 2843
3182 2861
3182 2883
3182 2929
3182 3017
3182 3031
3182 3151
3182 3171
3182 3209
3182 3210
3182 3218
3182 4146
4246 2701
4246 4369
4246 4524
4246 4525
4246 4526
1156 696
1156 729
1156 870
1156 940
1156 1150
1156 1251
1156 1272
1156 1284
1156 1354
1156 1356
1156 1873
1156 4121
1156 4305
4136 634
4136 1306
4136 2075
4136 2092
4136 2315
4136 2490
4136 2955
4136 3132
4136 3254
4136 3395
4136 3493
4136 3503
4136 3582
4136 3678
4136 3683
4136 3821
4136 3837
4136 3854
4136 3865
4136 3872
4136 3910
4136 3943
4136 3951
4136 3961
4136 4042
4136 4087
4136 4098
4136 4100
4136 4120
4136 4150
4136 4550
4136 4565
4136 4609
4428 984
4428 1254
4428 3979
4428 4452
4428 4529
4428 4531
4428 4546
4428 4547
4428 4555
4711 3510
4711 4957
4711 4964
3201 1140
3201 1251
3201 1285
3201 1439
3201 2030
3201 2196
3201 2531
3201 2613
3201 2648
3201 2705
3201 2823
3201 2830
3201 2834
3201 2901
3201 2909
3201 2915
3201 2939
3201 2983
3201 3023
3201 3040
3201 3072
3201 3083
3201 3124
3201 3131
3201 3180
3201 3199
3201 3205
3201 3211
3201 3221
3201 3339
3201 4096
3201 4286
3201 4546
3201 4547
3201 4563
3203 1175
3203 1265
3203 2252
3203 2292
3203 2305
3203 2388
3203 2399
3203 2449
3203 2517
3203 2607
3203 2640
3203 2683
3203 2727
3203 2793
3203 2835
3203 2856
3203 2862
3203 2968
3203 2988
3203 2992
3203 3022
3203 3029
3203 3036
3203 3038
3203 3042
3203 3059
3203 3061
3203 3067
3203 3076
3203 3094
3203 3097
3203 3152
3203 3158
3203 3188
3203 3189
3203 3234
3203 3249
3203 3474
3203 4183
3203 4252
4101 1077
4101 1217
4101 1280
4101 1351
4101 2025
4101 3153
4101 3275
4101 3382
4101 3437
4101 3547
4101 3607
4101 3720
4101 3760
4101 3762
4101 3764
4101 3800
4101 3891
4101 3904
4101 3905
4101 3939
4101 3978
4101 4031
4101 4070
4101 4072
4101 4080
4101 4121
4101 4138
4101 4189
4483 1283
4483 1312
4483 1340
4483 4244
4483 4260
4483 4322
4483 4340
4483 4404
4483 4423
4483 4437
4483 4443
4483 4468
4483 4488
4483 4508
4483 4511
4483 4524
4483 4526
4483 4527
4483 4948
803 657
803 1099
803 1165
803 1281
803 1293
803 1314
803 2281
803 4712
4488 1705
4488 3131
4488 3724
4488 3847
4488 4002
4488 4082
4488 4262
4488 4265
4488 4343
4488 4404
4488 4437
4488 4443
4488 4466
4488 4468
4488 4511
4488 4524
4488 4525
4488 4526
4488 4544
4488 4564
4931 1029
4931 1656
4931 3670
4931 3833
4931 4033
4931 4081
4931 4590
4931 4713
4931 4774
4931 4795
4931 4803
4931 4856
4931 4864
4931 4872
4931 4884
4931 4886
4931 4910
4931 4924
4931 4954
4931 4960
4931 4970
4931 4981
4931 4986
2793 2850
2793 2946
2793 3189
2793 3743
2793 4345
4048 959
4048 1201
4048 3319
4048 3380
4048 3434
4048 3704
4048 3779
4048 3811
4048 3870
4048 3941
4048 4004
4048 4096
4048 4155
4048 4166
4048 4188
4048 4518
4048 4886
4698 4622
4698 4654
4698 4720
4698 4770
4698 4794
4698 4796
4698 4825
1225 799
1225 844
1225 848
1225 903
1225 1030
1225 1049
1225 1050
1225 1096
1225 1147
1225 1157
1225 1189
1225 1276
1225 1299
1225 1307
1225 1824
1225 3508
1225 4052
1225 4179
1225 4205
1265 678
1265 839
1265 880
1265 883
1265 912
1265 934
1265 937
1265 975
1265 1124
1265 1142
1265 1180
1265 1209
1265 1224
1265 1290
1265 1324
1265 1340
1265 1351
1265 2127
1265 2556
1265 3056
1265 3853
1265 4202
1265 4399
1686 880
1686 1295
1686 1351
1686 1357
1686 1397
1686 1404
1686 1430
1686 1442
1686 1454
1686 1457
1686 1493
1686 1533
1686 1537
1686 1566
1686 1567
1686 1572
1686 1624
1686 1626
1686 1629
1686 1643
1686 1648
1686 1658
1686 1679
1686 1681
1686 1688
1686 1692
1686 1706
1686 1938
1686 2660
1686 2919
1686 2929
1686 4225
1686 4431
1910 2176
1910 2209
1910 2279
605 1087
605 4024
1696 1378
1696 1398
1696 1399
1696 1415
1696 1431
1696 1466
1696 1468
1696 1475
1696 1477
1696 1481
1696 1487
1696 1493
1696 1494
1696 1516
1696 1521
1696 1522
1696 1532
1696 1535
1696 1538
1696 1541
1696 1571
1696 1614
1696 1644
1696 1645
1696 1649
1696 1653
1696 1672
1696 1675
1696 1678
1696 1679
1696 1683
1696 1691
1696 2509
1696 3044
1696 4077
1696 4133
1696 4148
1696 4190
1696 4403
4640 2231
4640 4884
4640 4914
4640 4936
4640 4937
4640 4940
4640 4971
1074 1016
1074 1053
1074 1258
1074 1263
1074 1342
1074 1343
1074 1353
1074 1370
1074 1691
1371 613
1371 619
1371 635
1371 642
1371 643
1371 690
1371 752
1371 760
1371 762
1371 763
1371 818
1371 846
1371 850
1371 888
1371 894
1371 896
1371 899
1371 905
1371 954
1371 993
1371 1006
1371 1032
1371 1035
1371 1056
1371 1058
1371 1059
1371 1125
1371 1141
1371 1143
1371 1145
1371 1171
1371 1188
1371 1195
1371 1209
1371 1214
1371 1274
1371 1279
1371 1282
1371 1285
1371 1295
1371 1304
1371 1314
1371 1335
1371 1692
1371 1808
1371 3022
1371 3067
1371 3162
1371 3568
1371 3726
1371 3945
1371 3974
1371 4139
1371 4143
1371 4199
1371 4287
1371 4813
1371 4860
2249 1365
2249 1653
2249 1699
2249 1858
2249 1888
2249 2018
2249 2078
2249 2092
2249 2117
2249 2133
2249 2163
2249 2254
2249 2277
2249 2288
2249 2317
2249 2332
2249 2334
2249 2349
2249 2750
2249 3175
2249 3707
2249 3826
2249 4592
3230 593
3230 853
3230 1118
3230 1205
3230 2392
3230 2399
3230 2477
3230 2487
3230 2499
3230 2502
3230 2525
3230 2526
3230 2531
3230 2541
3230 2552
3230 2589
3230 2595
3230 2648
3230 2649
3230 2705
3230 2731
3230 2772
3230 2776
3230 2801
3230 2830
3230 2834
3230 2841
3230 2901
3230 2939
3230 3001
3230 3009
3230 3018
3230 3023
3230 3029
3230 3040
3230 3072
3230 3083
3230 3124
3230 3131
3230 3180
3230 3199
3230 3202
3230 3205
3230 3211
3230 3221
3230 3244
3230 3739
3230 4013
3230 4159
3230 4205
3230 4341
3230 4435
3230 4465
3230 4514
3230 4764
3230 4859
1710 812
1710 1012
1710 1124
1710 1228
1710 1388
1710 1402
1710 1405
1710 1418
1710 1424
1710 1428
1710 1436
1710 1446
1710 1451
1710 1455
1710 1458
1710 1473
1710 1483
1710 1489
1710 1492
1710 1497
1710 1498
1710 1507
1710 1510
1710 1514
1710 1515
1710 1523
1710 1549
1710 1551
1710 1552
1710 1554
1710 1573
1710 1574
1710 1578
1710 1580
1710 1582
1710 1583
1710 1591
1710 1608
1710 1615
1710 1623
1710 1625
1710 1631
1710 1633
1710 1635
1710 1638
1710 1642
1710 1643
1710 1647
1710 1653
1710 1656
1710 1658
1710 1662
1710 1668
1710 1670
1710 1674
1710 1677
1710 1681
1710 1685
1710 1705
1710 2369
1710 2626
1710 3051
1710 3111
1710 3178
1710 3430
1710 3674
1710 3794
1710 3806
1710 3888
1710 3981
1710 4036
1710 4439
1710 4518
2889 1931
2889 2159
2889 2506
2889 2711
2889 2946
2889 3158
2889 3188
2889 3234
3068 2057
3068 2370
3068 2594
3068 2597
3068 2689
3068 2712
3068 2750
3068 2752
3068 2800
3068 2816
3068 2875
3068 2903
3068 2920
3068 3004
3068 3056
3068 3113
3068 3137
3068 4820
861 762
861 1163
861 1166
861 1254
861 1288
861 3653
861 4943
916 873
916 1282
916 1295
2332 995
2332 1050
2332 1585
2332 1819
2332 1844
2332 1903
2332 1914
2332 1942
2332 1954
2332 1960
2332 1964
2332 1979
2332 2002
2332 2033
2332 2107
2332 2117
2332 2133
2332 2137
2332 2148
2332 2149
2332 2162
2332 2163
2332 2180
2332 2225
2332 2233
2332 2254
2332 2256
2332 2259
2332 2277
2332 2288
2332 2334
2332 2349
2332 2771
2332 3720
2332 4004
2332 4026
2332 4041
2332 4150
2332 4491
2332 4507
2332 4703
2332 4982
4141 1648
4141 1740
4141 2028
4141 2103
4141 2232
4141 2242
4141 2657
4141 3162
4141 3338
4141 3616
4141 3619
4141 3707
4141 3724
4141 3734
4141 3770
4141 3803
4141 3866
4141 3887
4141 3894
4141 3901
4141 3904
4141 3985
4141 3989
4141 4037
4141 4076
4141 4100
4141 4130
4141 4133
4141 4145
4141 4193
4141 4198
4141 4205
1543 1504
1543 1546
1543 1563
1543 1699
1543 2237
1543 3733
1543 4969
3665 1393
3665 2508
3665 3682
3665 3852
3665 4159
3665 4189
3665 4201
3715 3899
3715 4154
3715 4157
3715 4183
4898 1343
4898 2784
4898 4807
4898 4859
4898 4895
4898 4909
4898 4913
4898 4923
4898 4929
4898 4947
4898 4962
4898 4964
4898 4967
4898 4972
4898 4975
1654 1325
1654 1381
1654 1462
1654 1553
1654 1575
1654 1578
1654 1586
1654 1619
1654 1624
1654 1626
1654 1632
1654 1648
1654 1655
1654 1671
1654 1688
1654 1690
1654 1692
1654 1703
1654 1706
1654 3113
1654 3736
1654 4131
1654 4201
2955 2124
2955 2966
2955 3059
2955 3097
2955 3188
2955 3189
2955 3234
2955 4867
3902 1221
3902 2682
3902 3633
3902 3756
3902 3783
3902 3796
3902 3843
3902 3883
3902 3913
3902 3920
3902 4943
4035 2690
4035 2699
4035 2834
4035 3178
4035 3275
4035 3503
4035 3622
4035 3678
4035 3754
4035 3837
4035 3875
4035 3888
4035 3945
4035 3984
4035 4001
4035 4150
4035 4202
4035 4494
4035 4527
4035 4952
405 1771
405 4555
405 4921
1771 2185
1771 2324
4555 1183
4555 1211
4555 1311
4555 1364
4555 2189
4555 2491
4555 2613
4555 3488
4555 3833
4555 4121
4555 4227
4555 4276
4555 4309
4555 4318
4555 4360
4555 4363
4555 4366
4555 4378
4555 4390
4555 4395
4555 4399
4555 4430
4555 4441
4555 4446
4555 4450
4555 4451
4555 4461
4555 4490
4555 4493
4555 4514
4555 4522
4555 4527
4555 4529
4555 4533
4555 4537
4555 4544
4555 4546
4555 4547
4555 4564
4555 4567
4555 4568
4555 4750
4555 4760
4921 2306
4921 3051
4921 3801
4921 4692
4921 4699
4921 4764
4921 4807
4921 4817
4921 4820
4921 4833
4921 4854
4921 4881
4921 4900
4921 4935
4921 4957
4921 4964
4921 4969
4921 4976
2263 885
2263 1039
2263 1718
2263 1752
2263 1843
2263 1869
2263 1924
2263 1971
2263 2059
2263 2074
2263 2078
2263 2089
2263 2116
2263 2167
2263 2171
2263 2183
2263 2192
2263 2241
2263 2324
2263 3167
2263 3721
2263 4066
2263 4095
2737 457
2737 2351
2737 2915
2737 2922
2737 3048
2737 3063
2737 3168
3630 1484
3630 3379
3630 3782
3630 3822
3630 3858
3630 4120
3984 768
3984 966
3984 3477
3984 3515
3984 3603
3984 3910
3984 4150
3984 4161
3984 4524
879 1041
879 1171
879 1285
879 1306
879 2130
879 2510
1685 1140
1685 1282
1685 1390
1685 1445
1685 1448
1685 1483
1685 1484
1685 1489
1685 1554
1685 1560
1685 1573
1685 1577
1685 1596
1685 1623
1685 1634
1685 1638
1685 1641
1685 1646
1685 1656
1685 1662
1685 1668
1685 1670
1685 1674
1685 1677
1685 1691
1685 1705
1685 2925
1685 3039
1685 3075
1685 3136
1685 3211
3658 622
3658 630
3658 3398
3658 3676
3658 4056
3658 4096
3678 1330
3678 2101
3678 2213
3678 3994
3678 4012
4708 1480
4708 4744
4708 4847
4708 4861
4708 4892
4708 4953
1959 1738
1959 1885
1959 2102
1959 2189
1959 2193
2976 785
2976 2603
2976 2718
2976 2764
2976 2833
2976 2870
2976 2873
2976 2933
2976 3086
2976 3135
2976 3136
2976 4658
2976 4960
3172 1115
3172 1137
3172 1214
3172 1983
3172 2080
3172 2397
3172 2423
3172 2516
3172 2585
3172 2602
3172 2645
3172 2657
3172 2659
3172 2702
3172 2707
3172 2717
3172 2746
3172 2794
3172 2808
3172 2810
3172 2864
3172 2865
3172 2899
3172 2965
3172 2989
3172 2990
3172 3000
3172 3006
3172 3079
3172 3101
3172 3148
3172 3780
3172 4053
3172 4903
4783 2471
4783 4233
4783 4575
4783 4647
4783 4683
4783 4727
4783 4764
4783 4876
4783 4885
4783 4896
4783 4953
4807 1145
4807 2264
4807 4188
4807 4583
4807 4624
4807 4673
4807 4757
4807 4777
4807 4786
4807 4797
4807 4834
746 790
746 1290
746 1324
746 1340
746 4455
2795 2364
2795 2583
2795 2630
2795 2756
2795 2873
2795 3086
2795 3135
2795 3136
4426 1597
4426 1711
4426 1927
4426 4372
4426 4447
4426 4493
4426 4498
4426 4518
2470 1932
2470 3046
2470 3168
2470 3171
2845 1080
2845 2822
2845 2886
2845 2919
2845 2953
2845 2972
2845 3005
2845 3008
2845 4123
3202 1009
3202 1032
3202 1229
3202 1295
3202 2228
3202 2505
3202 2544
3202 2583
3202 2612
3202 2676
3202 2755
3202 2823
3202 2890
3202 2918
3202 2928
3202 2959
3202 2999
3202 3014
3202 3019
3202 3033
3202 3069
3202 3074
3202 3104
3202 3113
3202 3157
3202 3191
3202 3198
3202 3200
3202 3212
3202 3235
3202 3899
3202 4159
3202 4190
3202 4395
3202 4526
3202 4953
3251 3922
3251 4015
3251 4154
3251 4157
3251 4183
4049 2120
4049 2284
4049 2314
4049 2663
4049 2925
4049 3326
4049 3701
4049 3717
4049 3855
4049 3955
4049 4036
4049 4067
4049 4071
4049 4154
4049 4157
4049 4180
4049 4183
4049 4184
4049 4404
4049 4850
732 1069
732 1127
732 1128
732 1178
732 1187
732 1958
1637 1392
1637 1463
1637 1501
1637 1504
1637 1525
1637 1534
1637 1537
1637 1585
1637 1589
1637 1651
1637 1682
1637 2086
1637 2209
1637 2663
1637 2844
1637 3218
1637 4071
1637 4206
2104 2281
2104 4022
2221 653
2221 1254
2221 1277
2221 1829
2221 1937
2221 2005
2221 2018
2221 2127
2221 2138
2221 2154
2221 2165
2221 2205
2221 2237
2221 2246
2221 2256
2221 2269
2221 2272
2221 2278
2221 3955
4183 1209
4183 1283
4183 2334
4183 2338
4183 2562
4183 2981
4183 3006
4183 3031
4183 3263
4183 3326
4183 3430
4183 3448
4183 3465
4183 3467
4183 3483
4183 3514
4183 3516
4183 3525
4183 3530
4183 3535
4183 3536
4183 3692
4183 3701
4183 3724
4183 3768
4183 3812
4183 3828
4183 3839
4183 3842
4183 3855
4183 3918
4183 3931
4183 3955
4183 3998
4183 4000
4183 4015
4183 4036
4183 4067
4183 4069
4183 4076
4183 4119
4183 4154
4183 4157
4183 4184
4183 4188
4183 4199
4183 4560
4183 4733
1638 1037
1638 1424
1638 1476
1638 1498
1638 1548
1638 1551
1638 1578
1638 1583
1638 1623
1638 1641
1638 1662
1638 1668
1638 1681
1638 3227
1638 3774
1638 4674
1638 4833
4166 894
4166 1091
4166 1364
4166 2203
4166 2217
4166 3086
4166 3124
4166 3220
4166 3255
4166 3277
4166 3371
4166 3379
4166 3410
4166 3416
4166 3482
4166 3559
4166 3575
4166 3587
4166 3599
4166 3612
4166 3633
4166 3680
4166 3704
4166 3727
4166 3730
4166 3773
4166 3776
4166 3782
4166 3794
4166 3801
4166 3822
4166 3843
4166 3883
4166 3941
4166 3974
4166 4086
4166 4096
4166 4120
4166 4135
4166 4179
4166 4475
4166 4504
4166 4876
4166 4923
4166 4969
4458 895
4458 1306
4458 1653
4458 2051
4458 2207
4458 4264
4458 4357
4458 4371
4458 4402
4458 4409
4458 4416
4458 4417
4458 4419
4458 4437
4458 4463
4458 4464
4458 4467
4564 1171
4564 1175
4564 1274
4564 1304
4564 1624
4564 1775
4564 1883
4564 2306
4564 2804
4564 3035
4564 3597
4564 4140
4564 4212
4564 4222
4564 4227
4564 4238
4564 4269
4564 4300
4564 4310
4564 4324
4564 4333
4564 4359
4564 4360
4564 4374
4564 4381
4564 4400
4564 4415
4564 4424
4564 4432
4564 4446
4564 4454
4564 4461
4564 4500
4564 4506
4564 4507
4564 4514
4564 4527
4564 4528
4564 4531
4564 4535
4564 4537
4564 4544
4564 4546
4564 4550
4564 4560
4564 4567
4564 4568
1088 599
1088 895
1088 999
1088 1251
1088 1272
1088 1284
1088 1354
1088 1356
1088 2601
1088 2810
1088 4142
2329 1214
2329 1340
2329 1353
2329 1719
2329 1800
2329 1836
2329 1867
2329 1888
2329 1918
2329 1919
2329 1933
2329 1989
2329 2017
2329 2025
2329 2039
2329 2109
2329 2112
2329 2116
2329 2159
2329 2161
2329 2185
2329 2203
2329 2240
2329 2253
2329 2284
2329 2308
2329 2324
2329 2327
2329 2338
2329 2350
2329 2557
2329 2798
2329 2808
2329 3163
2329 3211
2329 3641
2329 4132
2329 4432
2329 4456
2329 4608
946 1199
946 1262
946 1354
946 1356
946 1683
946 2413
1340 634
1340 678
1340 699
1340 721
1340 734
1340 790
1340 811
1340 813
1340 839
1340 880
1340 883
1340 903
1340 911
1340 912
1340 934
1340 937
1340 975
1340 984
1340 1062
1340 1066
1340 1076
1340 1080
1340 1091
1340 1124
1340 1142
1340 1180
1340 1187
1340 1202
1340 1203
1340 1224
1340 1290
1340 1324
1340 1497
1340 2280
1340 2443
1340 3687
1340 3995
1340 4466
1340 4524
1340 4546
1340 4937
1688 1391
1688 1400
1688 1470
1688 1472
1688 1478
1688 1493
1688 1499
1688 1511
1688 1537
1688 1553
1688 1575
1688 1579
1688 1607
1688 1608
1688 1611
1688 1613
1688 1615
1688 1619
1688 1624
1688 1625
1688 1629
1688 1658
1688 1691
1688 1692
1688 1706
1688 1798
1688 2048
1688 2483
1688 2596
1688 3830
1688 4080
1688 4479
1688 4717
1688 4809
1688 4836
1688 4909
998 662
998 724
998 1044
998 1111
998 1215
998 1220
998 1338
2940 1131
2940 1683
2940 2831
2940 2839
2940 3074
2940 3091
2940 3111
2940 3122
2940 3145
2940 3200
2940 4680
4910 1289
4910 2484
4910 3234
4910 3487
4910 4041
4910 4574
4910 4782
4910 4824
4910 4869
4910 4875
4910 4915
4910 4942
4910 4952
4910 4966
1513 1490
1513 1602
1513 1627
1513 1671
1513 3151
1513 3810
2610 2461
2610 2530
2610 2633
2610 2693
2610 2797
2610 2819
2610 3109
3912 3021
3912 3200
3912 3753
3912 3816
3912 3827
3912 3852
3912 3923
3912 4019
3912 4102
3912 4148
3912 4180
4295 4388
4295 4508
4295 4524
4295 4525
4295 4526
4790 1439
4790 2123
4790 4779
4790 4929
4790 4967
4790 4972
1452 1495
1452 1690
1452 1703
1452 1990
1645 1378
1645 1477
1645 1528
1645 1532
1645 1538
1645 1541
1645 1644
1645 1649
1645 1672
1645 1675
1645 1678
1645 1683
1645 3008
1645 3023
1645 4363
1645 4533
4782 2322
4782 3997
4782 4524
4782 4671
4782 4825
4782 4839
4782 4952
2181 1647
2181 2115
2181 2130
2181 2187
2181 2248
2181 2283
2181 2287
2181 2292
2181 2307
2181 2315
2181 2325
2181 2649
2181 3999
2181 4089
2306 601
2306 1840
2306 1940
2306 2056
2306 2061
2306 2091
2306 2118
2306 2135
2306 2184
2306 2190
2306 2206
2306 2219
2306 2242
2306 2262
2306 2270
2306 2280
2306 2284
2306 2311
2306 2314
2306 2322
2306 2350
2306 2351
2306 2860
2306 3221
2306 4120
2306 4133
2306 4206
2306 4504
2306 4544
3216 701
3216 831
3216 930
3216 1012
3216 1326
3216 1357
3216 1489
3216 1582
3216 1609
3216 1675
3216 2372
3216 2404
3216 2428
3216 2443
3216 2477
3216 2487
3216 2514
3216 2563
3216 2608
3216 2625
3216 2628
3216 2658
3216 2675
3216 2679
3216 2682
3216 2684
3216 2696
3216 2701
3216 2799
3216 2805
3216 2821
3216 2828
3216 2849
3216 2866
3216 2868
3216 2895
3216 2998
3216 3034
3216 3043
3216 3047
3216 3070
3216 3080
3216 3088
3216 3092
3216 3105
3216 3130
3216 3170
3216 3189
3216 3198
3216 3222
3216 3227
3216 3322
3216 3667
3216 3844
3216 3874
3216 4133
3216 4484
3216 4544
3216 4764
4069 1016
4069 1037
4069 1266
4069 1306
4069 2140
4069 2255
4069 3394
4069 3623
4069 3815
4069 3927
4069 3987
4069 4014
4069 4055
4069 4064
4069 4123
4069 4135
4069 4142
4069 4159
4069 4162
4069 4189
4069 4199
4069 4201
4069 4965
1691 1384
1691 1388
1691 1392
1691 1405
1691 1436
1691 1438
1691 1451
1691 1464
1691 1517
1691 1523
1691 1539
1691 1548
1691 1554
1691 1623
1691 1631
1691 1641
1691 1642
1691 1646
1691 1650
1691 1653
1691 1655
1691 1656
1691 1662
1691 1668
1691 1670
1691 1674
1691 1699
1691 2615
1691 2861
1691 2886
1691 2944
1691 3449
1691 3544
1691 3890
1691 4037
1691 4108
2693 2436
2693 2633
2693 2704
2693 2819
2693 2924
2693 3063
2693 4389
2693 4491
2920 831
2920 1024
2920 2103
2920 2672
2920 2750
2920 2752
2920 2791
2920 2800
2920 2875
2920 3004
2920 3056
2920 3102
2920 3987
3243 3097
3243 4190
4452 1801
4452 2636
4452 3234
4452 3812
4452 4372
4452 4407
4452 4477
4452 4479
4452 4510
4452 4516
4452 4535
4452 4541
4452 4549
4452 4551
2371 2409
2371 2938
2371 2958
2371 3509
2371 4495
2987 995
2987 1139
2987 2379
2987 2413
2987 2510
2987 2655
2987 2711
2987 2937
2987 2941
2987 3014
2987 3026
2987 3053
2987 3088
2987 3132
2987 4976
3807 1081
3807 3299
3807 3414
3807 3512
3807 3751
3807 3933
3807 4075
3807 4082
3807 4155
3807 4801
4369 3235
4369 4437
4369 4508
4369 4524
4369 4525
4369 4526
1107 665
1107 1251
1107 1354
1107 1356
1107 1884
1107 3856
1911 1986
1911 2207
1911 2220
1911 2231
1911 3541
1911 4676
2027 1304
2027 2122
2027 2284
2027 2311
2027 2322
2027 2351
2027 4190
2027 4464
3072 2473
3072 2881
3072 3124
3072 3180
3072 3199
3072 3205
3072 3221
3072 4138
3072 4142
3072 4887
3072 4966
2517 1544
2517 3147
2794 2114
2794 2810
2794 2864
2794 3148
3079 1194
3079 2439
3079 2657
3079 2808
3079 2864
3079 2899
3079 2965
3079 2989
3079 2990
3079 3000
3079 3002
3079 3006
3079 3101
3079 3148
3079 3153
3079 3862
3079 4044
3079 4201
3079 4443
3079 4492
3079 4936
3162 2380
3162 2438
3162 2483
3162 2489
3162 2518
3162 2609
3162 2631
3162 2643
3162 2673
3162 2686
3162 2688
3162 2755
3162 2783
3162 2896
3162 2906
3162 2932
3162 2977
3162 3046
3162 3051
3162 3107
3162 3152
3162 3165
3162 3175
3162 3222
3162 3555
3162 3713
3162 4947
4568 969
4568 1222
4568 1232
4568 1261
4568 1589
4568 1599
4568 1670
4568 1719
4568 1849
4568 2153
4568 2733
4568 2999
4568 3292
4568 3456
4568 3879
4568 4072
4568 4123
4568 4190
4568 4217
4568 4224
4568 4251
4568 4282
4568 4291
4568 4294
4568 4297
4568 4316
4568 4325
4568 4328
4568 4331
4568 4332
4568 4347
4568 4352
4568 4363
4568 4370
4568 4383
4568 4390
4568 4399
4568 4411
4568 4415
4568 4427
4568 4430
4568 4432
4568 4446
4568 4454
4568 4490
4568 4500
4568 4506
4568 4507
4568 4508
4568 4514
4568 4522
4568 4527
4568 4528
4568 4529
4568 4531
4568 4537
4568 4544
4568 4546
4568 4547
4568 4560
4568 4567
4568 4851
4568 4883
4568 4894
4568 4903
4568 4954
1065 647
1065 1204
1065 1342
1065 1343
1065 1364
1065 1370
1116 1136
1116 1261
1116 1315
1116 1334
1116 1342
1116 1353
1116 1370
1116 2393
1116 3227
1116 3506
1116 3996
1123 674
1123 728
1123 761
1123 863
1123 915
1123 997
1123 1054
1123 1280
1123 1314
1123 1325
1123 3031
1123 3205
1123 4189
4511 1278
4511 1967
4511 2649
4511 2703
4511 2939
4511 3802
4511 4232
4511 4244
4511 4322
4511 4343
4511 4388
4511 4404
4511 4423
4511 4437
4511 4443
4511 4453
4511 4466
4511 4508
4511 4524
4511 4525
4511 4526
4511 4544
4511 4550
1703 773
1703 895
1703 983
1703 1410
1703 1411
1703 1440
1703 1442
1703 1447
1703 1448
1703 1479
1703 1504
1703 1525
1703 1531
1703 1540
1703 1547
1703 1559
1703 1561
1703 1563
1703 1572
1703 1576
1703 1580
1703 1581
1703 1589
1703 1596
1703 1612
1703 1613
1703 1616
1703 1617
1703 1627
1703 1650
1703 1651
1703 1656
1703 1682
1703 1687
1703 1699
1703 1706
1703 2019
1703 2203
1703 3188
1703 3587
1703 3700
1703 4385
1703 4454
1703 4616
1703 4641
2452 1359
2452 2419
2452 2757
2452 3044
3417 3543
3417 3702
3417 3767
3417 3906
3417 4148
3417 4872
3584 1127
3584 3949
3584 4088
3584 4143
4953 675
4953 1188
4953 1521
4953 2288
4953 2549
4953 3017
4953 3070
4953 4086
4953 4510
4953 4575
4953 4577
4953 4591
4953 4670
4953 4674
4953 4687
4953 4688
4953 4689
4953 4694
4953 4727
4953 4729
4953 4744
4953 4766
4953 4776
4953 4813
4953 4832
4953 4841
4953 4847
4953 4861
4953 4876
4953 4885
4953 4890
4953 4892
4953 4896
4953 4959
2426 2856
2426 2902
2426 3234
2820 2503
2820 2668
2820 3013
2820 3089
2820 3107
2820 3146
2820 3173
2820 3185
2820 4905
2984 1143
2984 1334
2984 2703
2984 2896
2984 2906
2984 3046
2984 3051
2984 3107
2984 3145
2984 3152
2984 3165
3234 772
3234 1417
3234 1683
3234 2183
3234 2253
3234 2281
3234 2324
3234 2399
3234 2449
3234 2467
3234 2493
3234 2506
3234 2513
3234 2627
3234 2722
3234 2758
3234 2776
3234 2784
3234 2847
3234 2856
3234 2892
3234 2912
3234 2946
3234 2968
3234 2992
3234 3014
3234 3029
3234 3030
3234 3038
3234 3042
3234 3059
3234 3076
3234 3094
3234 3097
3234 3147
3234 3158
3234 3188
3234 3189
3234 3377
3234 3760
3234 3894
3234 3947
3234 3961
3234 4205
3234 4338
3234 4644
3234 4741
4550 1137
4550 1170
4550 1656
4550 1674
4550 1682
4550 2111
4550 2241
4550 2970
4550 3132
4550 3158
4550 3210
4550 3595
4550 4064
4550 4233
4550 4241
4550 4259
4550 4265
4550 4277
4550 4281
4550 4290
4550 4298
4550 4312
4550 4364
4550 4375
4550 4383
4550 4398
4550 4401
4550 4403
4550 4407
4550 4432
4550 4453
4550 4477
4550 4481
4550 4495
4550 4503
4550 4509
4550 4510
4550 4530
4550 4533
4550 4535
4550 4541
4550 4549
4550 4551
4550 4563
4550 4565
4948 1602
4948 2733
4948 3212
4948 3227
4948 3673
4948 4198
4948 4644
4948 4665
4948 4692
4948 4760
4948 4764
4948 4821
4948 4823
4948 4833
4948 4859
4948 4868
4948 4877
4948 4881
4948 4887
4948 4900
4948 4907
4948 4935
4948 4957
4948 4964
4948 4969
4948 4976
2314 818
2314 1163
2314 1313
2314 1794
2314 1857
2314 1915
2314 2021
2314 2081
2314 2091
2314 2184
2314 2206
2314 2219
2314 2228
2314 2234
2314 2242
2314 2262
2314 2277
2314 2280
2314 2284
2314 2311
2314 2322
2314 2351
2314 2834
2314 3313
2314 3524
2314 3947
2314 4343
2314 4814
3053 1706
3053 2424
3053 2614
3053 2694
3053 2711
3053 2936
3053 2941
3053 2961
3053 3026
3053 3036
3053 3088
3053 3132
3053 3210
3053 3967
3781 1944
3781 3033
3781 3963
3781 4145
4935 1171
4935 1176
4935 1343
4935 1574
4935 2015
4935 3077
4935 4579
4935 4646
4935 4692
4935 4718
4935 4815
4935 4817
4935 4821
4935 4824
4935 4868
4935 4877
4935 4881
4935 4887
4935 4957
4935 4964
4935 4969
4935 4976
1307 602
1307 603
1307 694
1307 739
1307 844
1307 848
1307 903
1307 917
1307 1028
1307 1045
1307 1049
1307 1050
1307 1096
1307 1103
1307 1140
1307 1151
1307 1157
1307 1189
1307 1227
1307 1276
1307 1297
1307 1359
1307 1901
1307 2187
1307 2264
1307 3634
1307 3730
1307 3794
1307 4213
1307 4352
1307 4438
1307 4622
2033 2107
2033 2274
2033 2317
2033 2334
2033 2368
2240 1059
2240 1813
2240 1975
2240 2231
2240 2255
2240 2272
2240 2324
2240 2327
2240 2338
2240 3194
2240 3516
2240 4475
1037 1326
1037 1328
1037 1351
1037 1357
1037 1365
1037 1581
2522 1394
2522 2866
2522 3168
2522 3212
2522 4785
4157 761
4157 764
4157 1038
4157 1311
4157 1819
4157 2269
4157 3250
4157 3267
4157 3270
4157 3429
4157 3464
4157 3516
4157 3530
4157 3536
4157 3701
4157 3717
4157 3768
4157 3835
4157 3842
4157 3855
4157 3863
4157 3931
4157 3955
4157 3998
4157 4000
4157 4026
4157 4067
4157 4071
4157 4076
4157 4119
4157 4142
4157 4154
4157 4155
4157 4184
4157 4506
4157 4586
4157 4981
1862 2194
1862 2236
1862 2252
1862 2936
1945 1972
1945 2322
1945 2351
1945 3560
3661 1632
3661 3147
3661 3653
3661 3738
3661 3817
3661 3949
3661 4077
3661 4102
3661 4148
3661 4180
4133 2127
4133 2381
4133 2812
4133 2930
4133 3153
4133 3214
4133 3246
4133 3325
4133 3407
4133 3418
4133 3510
4133 3568
4133 3600
4133 3734
4133 3761
4133 3858
4133 3884
4133 3887
4133 3989
4133 4037
4133 4045
4133 4076
4133 4145
4133 4153
4133 4193
4133 4198
4133 4205
4133 4480
4906 1119
4906 1246
4906 1397
4906 4250
4906 4571
4906 4628
4906 4637
4906 4656
4906 4682
4906 4714
4906 4750
4906 4791
4906 4799
4906 4812
4906 4814
4906 4838
4906 4873
4906 4918
701 1125
701 1145
701 1364
701 3666
1611 1081
1611 1290
1611 1384
1611 1411
1611 1539
1611 1575
1611 1587
1611 1592
1611 1599
1611 1632
1611 4108
1611 4243
1611 4565
4861 2563
4861 3994
4861 4591
4861 4647
4861 4674
4861 4687
4861 4688
4861 4689
4861 4766
4861 4876
4861 4885
4861 4891
4861 4896
4861 4936
4865 2625
4865 2885
4865 3035
4865 3158
4865 4575
4865 4608
4865 4645
4865 4654
4865 4795
4865 4802
4865 4838
4865 4842
4865 4862
4865 4866
4865 4878
4865 4965
4926 721
4926 724
4926 1201
4926 2111
4926 2274
4926 3001
4926 3199
4926 3451
4926 4583
4926 4609
4926 4631
4926 4695
4926 4754
4926 4802
4926 4837
4926 4846
4926 4867
4926 4905
4926 4916
4926 4928
4926 4936
4926 4940
4926 4942
4926 4958
4926 4959
4926 4971
973 1036
973 1258
973 1342
973 1353
973 1364
973 1370
973 2075
3816 3614
3816 4050
3816 4077
3816 4102
3816 4132
3816 4180
3979 1314
3979 1927
3979 3173
3979 3613
3979 3823
3979 3950
3979 4139
3979 4146
3979 4190
3979 4201
4653 1614
4653 4840
4653 4932
4653 4942
4653 4971
4919 1670
4919 2954
4919 3151
4919 3797
4919 4150
4919 4765
4919 4903
4919 4922
4919 4923
4919 4944
4919 4968
4919 4974
4919 4975
4919 4982
4919 4996
1505 1393
1505 1395
1505 1546
1505 1634
1505 1635
1505 1657
1505 1690
1505 1746
1597 1396
1597 1482
1597 1527
1597 1557
1597 1580
1597 1593
1597 1621
1597 1888
1597 2145
1597 2403
4088 640
4088 648
4088 1832
4088 1875
4088 2498
4088 2724
4088 3188
4088 3189
4088 3470
4088 3726
4088 3777
4088 3786
4088 3797
4088 3857
4088 3927
4088 3956
4088 3969
4088 4002
4088 4022
4088 4097
4088 4130
4088 4143
4088 4146
4088 4188
4436 4261
4436 4270
4436 4284
4436 4310
4436 4341
4436 4379
4436 4412
4436 4457
4436 4460
1667 829
1667 1042
1667 1518
1667 1528
1667 1557
1667 1561
1667 1563
1667 1569
1667 1596
1667 1609
1667 1613
1667 1617
1667 1627
1667 1651
1667 1675
1667 1682
1667 1687
1667 1699
1667 3153
1667 3189
1667 4962
2246 919
2246 1149
2246 1756
2246 1892
2246 1925
2246 1937
2246 1970
2246 1998
2246 2044
2246 2114
2246 2127
2246 2138
2246 2154
2246 2165
2246 2205
2246 2237
2246 2269
2246 2272
2246 2278
2246 4735
4162 807
4162 1499
4162 1675
4162 2659
4162 3191
4162 3205
4162 3303
4162 3374
4162 3387
4162 3394
4162 3408
4162 3499
4162 3508
4162 3553
4162 3574
4162 3720
4162 3739
4162 3747
4162 3752
4162 3832
4162 3860
4162 3862
4162 3927
4162 3928
4162 3936
4162 3952
4162 4014
4162 4055
4162 4086
4162 4095
4162 4123
4162 4142
4162 4159
4162 4189
4162 4199
4162 4201
4162 4234
4162 4859
4162 4916
457 774
457 1634
457 3124
457 3152
457 4975
965 795
965 1094
965 1296
965 1337
965 1350
965 4626
1705 682
1705 1157
1705 1268
1705 1314
1705 1350
1705 1403
1705 1425
1705 1444
1705 1454
1705 1458
1705 1473
1705 1474
1705 1507
1705 1510
1705 1523
1705 1533
1705 1550
1705 1552
1705 1554
1705 1573
1705 1577
1705 1578
1705 1580
1705 1582
1705 1584
1705 1588
1705 1619
1705 1633
1705 1641
1705 1642
1705 1644
1705 1646
1705 1647
1705 1653
1705 1655
1705 1662
1705 1668
1705 1670
1705 1681
1705 2280
1705 2620
1705 3905
1705 3963
1705 4005
1705 4019
1705 4024
1705 4425
1705 4835
4937 1069
4937 1182
4937 1196
4937 3270
4937 4595
4937 4650
4937 4652
4937 4695
4937 4701
4937 4710
4937 4748
4937 4754
4937 4837
4937 4850
4937 4883
4937 4905
4937 4916
4937 4928
4937 4936
4937 4940
4937 4954
4937 4958
4937 4959
4937 4971
436 1643
436 2155
436 2398
436 2806
436 4758
1643 1508
1643 1517
1643 1566
1643 1586
1643 1592
1643 1601
1643 1679
1643 1690
1643 1692
1643 2473
1643 3235
1643 4547
1643 4649
2155 735
2155 1743
2155 1808
2155 1866
2155 1877
2155 1884
2155 1889
2155 2063
2155 2132
2155 2134
2155 2153
2155 2368
2398 3110
2806 1690
2806 3076
2806 3147
2806 4514
4758 1674
4758 2350
4758 4843
4758 4905
4758 4958
4758 4959
2071 2028
2071 2322
2071 3286
2071 3550
2613 3097
2613 3211
3888 1296
3888 2269
3888 2724
3888 3865
3888 4041
3888 4087
3888 4100
894 1032
894 1299
894 2010
2802 2756
2802 3211
2802 3221
2802 4155
2802 4206
2881 933
2881 2351
2881 2971
2881 3052
2881 3151
2881 3210
2881 3218
2881 3927
2881 4179
3125 1297
3125 1672
3125 2444
3125 2542
3125 2546
3125 2617
3125 2638
3125 2714
3125 2749
3125 2780
3125 2827
3125 2865
3125 2885
3125 2925
3125 2965
3125 2970
3125 2985
3125 3081
3125 3167
3125 3222
3125 3778
3125 4271
3125 4475
3125 4770
3125 4967
789 836
789 858
789 901
789 923
789 925
789 2199
1205 770
1205 820
1205 868
1205 921
1205 1001
1205 1009
1205 1039
1205 1087
1205 1120
1205 2883
1205 4879
2902 1177
2902 2556
2902 2895
2902 3130
2902 3198
2902 3222
3562 3422
3562 3751
3562 4039
3562 4102
3562 4180
688 989
688 1206
688 1253
688 1961
993 960
993 1164
993 1285
993 3497
993 3586
993 3779
2637 794
2637 3200
2637 3235
3330 2689
3330 3549
3903 2065
3903 3343
3903 3445
3903 3532
3903 3563
3903 3626
3903 3817
3903 3847
3903 3981
3903 3995
3903 4064
3903 4092
3903 4915
1057 1151
1057 1211
1057 1268
1057 1311
1057 1338
1057 1339
1057 3135
1057 4188
1057 4407
3231 797
3231 979
3231 1315
3231 1359
3231 1740
3231 1764
3231 2357
3231 2363
3231 2385
3231 2420
3231 2465
3231 2535
3231 2574
3231 2582
3231 2616
3231 2651
3231 2710
3231 2719
3231 2721
3231 2725
3231 2735
3231 2768
3231 2773
3231 2829
3231 2839
3231 2849
3231 2872
3231 2879
3231 2904
3231 2907
3231 2929
3231 2945
3231 3035
3231 3040
3231 3041
3231 3062
3231 3073
3231 3074
3231 3091
3231 3093
3231 3111
3231 3122
3231 3145
3231 3147
3231 3151
3231 3163
3231 3194
3231 3220
3231 3817
3231 4039
3231 4112
3231 4570
3231 4775
4161 1111
4161 1266
4161 1648
4161 1904
4161 2722
4161 3091
4161 3254
4161 3262
4161 3390
4161 3415
4161 3423
4161 3427
4161 3456
4161 3479
4161 3487
4161 3502
4161 3530
4161 3541
4161 3596
4161 3601
4161 3605
4161 3641
4161 3670
4161 3775
4161 3780
4161 3806
4161 3819
4161 3938
4161 3985
4161 3995
4161 4040
4161 4072
4161 4089
4161 4131
4161 4504
4161 4545
4161 4902
4161 4933
767 596
767 1155
767 1253
767 1312
1079 743
1079 825
1079 877
1079 928
1079 947
1079 1029
1079 1054
1079 1111
1079 1215
1079 1220
1079 1857
1289 624
1289 638
1289 666
1289 762
1289 805
1289 824
1289 835
1289 842
1289 936
1289 943
1289 944
1289 976
1289 1001
1289 1051
1289 1141
1289 1163
1289 1166
1289 1221
1289 1254
1289 1277
1289 1288
1289 1354
1289 2465
1289 2972
1289 3163
1289 3222
1289 3904
1289 4535
1289 4705
1289 4797
1289 4947
1305 612
1305 664
1305 739
1305 865
1305 897
1305 964
1305 971
1305 1038
1305 1055
1305 1081
1305 1149
1305 1200
1305 1208
1305 1211
1305 1232
1305 1239
1305 1268
1305 1311
1305 1330
1305 1338
1305 1339
1305 2079
1305 2325
1305 2907
1305 2990
1305 3527
1305 3874
1305 4237
1305 4441
1305 4527
1305 4760
1305 4881
1607 1399
1607 1417
1607 1544
1607 1566
1607 1575
1607 1633
1607 1671
1607 1679
1607 3842
1607 4031
2293 737
2293 1713
2293 1731
2293 1788
2293 1801
2293 1803
2293 1840
2293 1880
2293 1887
2293 1908
2293 1951
2293 1983
2293 2102
2293 2103
2293 2175
2293 2177
2293 2195
2293 2197
2293 2291
2293 2305
2293 2350
2293 3000
2293 3673
2293 3847
2293 3924
3045 1499
3045 2476
3045 2823
3045 3019
3045 3113
3045 3157
3045 3191
3045 3235
3045 4050
3045 4560
3045 4648
4546 600
4546 1080
4546 1379
4546 1699
4546 2350
4546 2485
4546 3031
4546 3034
4546 3074
4546 3734
4546 4187
4546 4214
4546 4225
4546 4291
4546 4294
4546 4309
4546 4344
4546 4399
4546 4411
4546 4414
4546 4424
4546 4430
4546 4432
4546 4441
4546 4444
4546 4447
4546 4461
4546 4464
4546 4490
4546 4496
4546 4506
4546 4527
4546 4529
4546 4531
4546 4544
4546 4560
4546 4567
2094 1779
2094 1838
2094 1861
2094 2274
2094 2279
2094 3105
2094 3829
2338 1247
2338 1330
2338 1741
2338 1821
2338 1867
2338 1873
2338 1883
2338 1924
2338 1926
2338 1979
2338 1997
2338 2000
2338 2004
2338 2017
2338 2025
2338 2031
2338 2068
2338 2069
2338 2103
2338 2106
2338 2140
2338 2141
2338 2154
2338 2159
2338 2164
2338 2203
2338 2217
2338 2250
2338 2253
2338 2270
2338 2308
2338 2457
2338 2728
2338 2774
2338 2937
2338 3200
2338 3205
2338 3526
2338 3618
2338 3799
2338 3856
2338 4086
2678 3032
2678 3057
2678 3109
2678 3137
2678 3138
2552 1692
2552 3205
2552 4777
3994 3198
3994 3260
3994 3567
3994 3583
3994 3729
3994 3945
3994 4098
3994 4100
3994 4140
3994 4150
3994 4187
3994 4967
4205 604
4205 917
4205 1030
4205 1126
4205 1201
4205 1262
4205 1284
4205 1406
4205 1431
4205 1498
4205 1612
4205 1646
4205 2213
4205 2822
4205 2936
4205 3246
4205 3272
4205 3273
4205 3298
4205 3357
4205 3364
4205 3407
4205 3432
4205 3450
4205 3506
4205 3526
4205 3565
4205 3568
4205 3578
4205 3586
4205 3606
4205 3619
4205 3632
4205 3655
4205 3697
4205 3709
4205 3724
4205 3728
4205 3734
4205 3769
4205 3770
4205 3772
4205 3778
4205 3803
4205 3828
4205 3829
4205 3866
4205 3884
4205 3887
4205 3894
4205 3901
4205 3947
4205 3985
4205 3989
4205 4037
4205 4045
4205 4076
4205 4145
4205 4188
4205 4193
4205 4198
4205 4499
4205 4781
4205 4870
4205 4925
4219 4096
4219 4258
4219 4354
4219 4380
1262 730
1262 747
1262 782
1262 927
1262 1150
1262 1214
1262 1251
1262 1260
1262 1272
1262 1273
1262 1284
1262 1304
1262 1354
1262 1356
1262 1984
1262 2291
1262 3535
1262 4567
1339 651
1339 687
1339 703
1339 796
1339 833
1339 865
1339 968
1339 1016
1339 1025
1339 1055
1339 1063
1339 1073
1339 1089
1339 1149
1339 1168
1339 1176
1339 1178
1339 1190
1339 1200
1339 1208
1339 1211
1339 1228
1339 1232
1339 1239
1339 1268
1339 1283
1339 1311
1339 1328
1339 1330
1339 1338
1339 2254
1339 2311
1339 2349
1339 2994
1339 3107
1339 3599
1339 3604
1339 4454
1339 4479
1339 4514
1339 4687
2946 1164
2946 2671
2946 2892
2946 2988
2946 3094
2946 3158
2946 4627
2946 4902
3073 2368
3073 2389
3073 2403
3073 2773
3073 2872
3073 3041
3073 3111
3073 3122
3073 3157
3073 3194
3073 3220
3073 3221
3073 3954
3073 4043
3073 4310
3073 4318
4467 2250
4467 2700
4467 3842
4467 4159
4467 4235
4467 4264
4467 4266
4467 4357
4467 4359
4467 4371
4467 4402
4467 4409
4467 4416
4467 4417
4467 4419
4467 4463
4467 4464
4467 4541
903 1157
903 1276
903 1297
903 1359
903 2260
4138 727
4138 1203
4138 1246
4138 1885
4138 2287
4138 2977
4138 3257
4138 3337
4138 3357
4138 3382
4138 3391
4138 3402
4138 3461
4138 3607
4138 3612
4138 3657
4138 3663
4138 3733
4138 3762
4138 3764
4138 3800
4138 3826
4138 3874
4138 3891
4138 3904
4138 3915
4138 3940
4138 3978
4138 4032
4138 4052
4138 4070
4138 4080
4138 4083
4138 4121
4138 4184
4138 4421
4138 4509
4138 4884
4531 1211
4531 1635
4531 1855
4531 2178
4531 3063
4531 4042
4531 4300
4531 4333
4531 4395
4531 4399
4531 4454
4531 4472
4531 4490
4531 4527
4531 4533
4531 4537
4531 4544
4531 4547
4531 4549
4531 4560
4531 4567
4531 4885
1324 618
1324 678
1324 699
1324 721
1324 734
1324 811
1324 813
1324 880
1324 883
1324 934
1324 937
1324 975
1324 984
1324 1066
1324 1076
1324 1080
1324 1081
1324 1124
1324 1131
1324 1142
1324 1180
1324 1202
1324 1203
1324 1224
1324 1290
1324 1343
1324 1629
1324 2510
1324 2525
1324 3505
1324 4533
1324 4547
3091 1190
3091 2256
3091 2700
3091 2735
3091 2907
3091 2998
3091 3002
3091 3035
3091 3062
3091 3093
3091 3111
3091 3677
3091 4304
4446 1157
4446 1586
4446 2434
4446 4504
4446 4537
4446 4560
4446 4567
937 880
937 913
937 1045
937 1180
937 1202
937 2561
937 4877
3175 1125
3175 1128
3175 1222
3175 2190
3175 2225
3175 2317
3175 2387
3175 2390
3175 2414
3175 2437
3175 2466
3175 2532
3175 2560
3175 2594
3175 2622
3175 2661
3175 2667
3175 2680
3175 2692
3175 2754
3175 2848
3175 2880
3175 2882
3175 2886
3175 2919
3175 2944
3175 2964
3175 2981
3175 3077
3175 3163
3175 3178
3175 3209
3175 3963
3175 4039
3175 4260
3503 1716
3503 4087
3503 4100
4002 2122
4002 2694
4002 3463
4002 3512
4002 3601
4002 3684
4002 3774
4002 3849
4002 3915
4002 3937
4002 4130
4002 4188
4002 4925
4981 830
4981 1281
4981 1357
4981 1585
4981 1880
4981 1938
4981 2234
4981 3307
4981 3438
4981 3634
4981 4449
4981 4627
4981 4661
4981 4667
4981 4680
4981 4690
4981 4693
4981 4722
4981 4742
4981 4754
4981 4756
4981 4767
4981 4774
4981 4784
4981 4801
4981 4805
4981 4808
4981 4829
4981 4835
4981 4856
4981 4864
4981 4872
4981 4884
4981 4886
4981 4887
4981 4890
4981 4899
4981 4923
4981 4924
4981 4933
4981 4954
4981 4957
4981 4960
4981 4970
4981 4986
4981 4996
1670 1413
1670 1433
1670 1444
1670 1446
1670 1489
1670 1499
1670 1560
1670 1583
1670 1584
1670 1588
1670 1627
1670 1642
1670 1653
1670 1655
1670 1656
1670 1657
1670 1674
1670 1677
1670 1687
1670 2134
1670 2207
1670 3061
1670 3300
1670 4693
2747 1356
2747 2721
2747 3122
2747 3145
2747 3194
2747 3220
2747 4525
2909 1861
2909 2589
2909 2626
2909 3199
2909 3211
2909 3221
4523 1282
4523 1342
4523 1514
4523 2780
4523 3406
4523 4187
4523 4221
4523 4273
4523 4288
4523 4308
4523 4365
4523 4390
4523 4431
4523 4470
4523 4509
4523 4516
4523 4518
4523 4521
4523 4545
4523 4549
1274 759
1274 788
1274 799
1274 875
1274 1011
1274 1108
1274 1126
1274 1173
1274 1190
1274 1217
1274 1228
1274 1242
1274 1249
1274 1273
1274 1278
1274 1328
1274 1351
1274 1353
1274 1365
1274 1731
1274 2091
1274 2197
1274 2824
2123 1221
2123 2092
2123 2255
2123 2259
2123 2267
2123 2317
2123 2334
2123 2349
2123 4285
4530 944
4530 996
4530 1025
4530 2334
4530 2829
4530 3004
4530 3046
4530 3093
4530 4218
4530 4275
4530 4336
4530 4373
4530 4383
4530 4396
4530 4398
4530 4401
4530 4407
4530 4453
4530 4480
4530 4541
4530 4549
4530 4551
4530 4563
4530 4565
1227 772
1227 827
1227 896
1227 901
1227 1043
1227 1096
1227 1103
1227 1140
1227 1147
1227 1151
1227 1189
1227 1276
1227 1359
1227 2307
1227 2327
1227 3080
1227 3370
1227 4155
1227 4957
1227 4965
3218 1196
3218 1284
3218 1535
3218 1635
3218 1681
3218 2255
3218 2272
3218 2375
3218 2378
3218 2416
3218 2457
3218 2468
3218 2475
3218 2486
3218 2496
3218 2508
3218 2515
3218 2529
3218 2540
3218 2557
3218 2606
3218 2666
3218 2715
3218 2724
3218 2736
3218 2744
3218 2748
3218 2754
3218 2767
3218 2779
3218 2796
3218 2812
3218 2825
3218 2875
3218 2883
3218 2929
3218 3017
3218 3031
3218 3052
3218 3083
3218 3151
3218 3158
3218 3210
3218 3235
3218 3400
3218 3509
3218 3914
3218 4606
3218 4811
4202 771
4202 970
4202 1422
4202 1448
4202 1567
4202 1957
4202 2260
4202 2847
4202 2865
4202 2932
4202 2982
4202 3111
4202 3296
4202 3346
4202 3388
4202 3397
4202 3401
4202 3441
4202 3451
4202 3457
4202 3458
4202 3523
4202 3533
4202 3539
4202 3550
4202 3569
4202 3634
4202 3639
4202 3674
4202 3681
4202 3686
4202 3687
4202 3704
4202 3761
4202 3779
4202 3824
4202 3850
4202 3878
4202 3914
4202 3916
4202 3917
4202 3944
4202 3978
4202 3991
4202 3999
4202 4005
4202 4008
4202 4018
4202 4026
4202 4041
4202 4044
4202 4091
4202 4112
4202 4128
4202 4140
4202 4159
4202 4179
4202 4206
4202 4232
4202 4347
4202 4422
4202 4560
4202 4756
4202 4833
4202 4996
892 759
892 947
892 1144
892 1242
892 4073
892 4479
1220 662
1220 686
1220 716
1220 743
1220 825
1220 853
1220 927
1220 947
1220 1029
1220 1044
1220 1111
1220 1215
1220 1311
1220 1337
1220 2459
1220 3026
1220 4121
1220 4529
1220 4693
1312 604
1312 609
1312 626
1312 677
1312 783
1312 854
1312 867
1312 917
1312 988
1312 1083
1312 1094
1312 1113
1312 1136
1312 1148
1312 1222
1312 1246
1312 1296
1312 1334
1312 1335
1312 1337
1312 1350
1312 2351
1312 2555
1312 3145
1312 3847
1312 4551
1312 4560
2427 3222
3353 3593
3353 3857
3353 3969
3353 3972
4188 602
4188 666
4188 915
4188 1268
4188 1295
4188 1540
4188 1552
4188 1833
4188 2271
4188 2734
4188 3148
4188 3173
4188 3198
4188 3347
4188 3352
4188 3443
4188 3463
4188 3470
4188 3473
4188 3561
4188 3598
4188 3637
4188 3695
4188 3703
4188 3710
4188 3713
4188 3726
4188 3757
4188 3774
4188 3786
4188 3797
4188 3830
4188 3857
4188 3870
4188 3876
4188 3896
4188 3915
4188 3956
4188 3968
4188 3969
4188 3972
4188 4083
4188 4097
4188 4143
4188 4187
4188 4839
4964 630
4964 1194
4964 1328
4964 1365
4964 1863
4964 1930
4964 2056
4964 2659
4964 4626
4964 4665
4964 4684
4964 4725
4964 4817
4964 4820
4964 4821
4964 4833
4964 4844
4964 4868
4964 4877
4964 4881
4964 4887
4964 4900
4964 4932
4964 4957
4964 4965
4964 4976
864 969
864 1077
864 1165
864 1281
864 1293
864 1370
1251 620
1251 747
1251 1020
1251 1021
1251 1046
1251 1238
1251 1244
1251 1276
1251 1304
1251 1343
1251 1354
1251 1356
1251 1381
1251 2270
1251 3266
1251 3466
1251 4199
1350 641
1350 660
1350 677
1350 705
1350 722
1350 723
1350 775
1350 783
1350 831
1350 855
1350 860
1350 867
1350 909
1350 1043
1350 1060
1350 1083
1350 1094
1350 1113
1350 1122
1350 1136
1350 1148
1350 1183
1350 1222
1350 1246
1350 1258
1350 1296
1350 1337
1350 2048
1350 2199
1350 2279
1350 2704
1350 3852
1350 3904
1350 4087
1350 4282
1350 4454
1350 4681
1350 4726
1350 4962
1350 4982
2049 2017
2049 2140
2049 2185
2049 2305
2049 2334
2049 2350
3776 2395
3776 3796
3776 3870
3776 4056
3776 4068
3776 4155
3776 4537
3790 1989
3790 3002
3790 3906
3790 4081
3790 4129
3790 4153
3790 4187
3790 4835
986 828
986 963
986 1069
986 1127
986 1128
986 1135
986 1178
986 1187
986 4100
2091 2311
2091 2351
2091 3180
2091 4565
3151 1537
3151 2223
3151 2350
3151 2468
3151 2486
3151 2508
3151 2529
3151 2557
3151 2593
3151 2724
3151 2748
3151 2767
3151 2825
3151 2843
3151 3031
3151 3052
3151 3210
3151 4954
3151 4976
3220 751
3220 1076
3220 1576
3220 2089
3220 2357
3220 2359
3220 2363
3220 2385
3220 2403
3220 2420
3220 2424
3220 2485
3220 2523
3220 2535
3220 2574
3220 2579
3220 2616
3220 2719
3220 2721
3220 2725
3220 2768
3220 2831
3220 2872
3220 2879
3220 2904
3220 2907
3220 2930
3220 2934
3220 2937
3220 2945
3220 2980
3220 3002
3220 3041
3220 3062
3220 3074
3220 3093
3220 3111
3220 3122
3220 3145
3220 3194
3220 3414
3220 3485
3220 3486
3220 3779
3220 3846
3220 3949
3220 4840
3220 4969
4864 815
4864 4805
4864 4924
4864 4938
4864 4957
4864 4960
4864 4986
1893 1228
1893 1902
1893 1993
1893 2105
2755 1338
2755 2000
2755 2746
2755 3104
2755 3200
2887 1675
2887 3163
2887 3178
2887 3209
2887 3214
2887 4348
2887 4468
3705 2282
3705 3039
3705 3400
3705 3854
3705 4087
3705 4150
774 843
774 1092
774 1364
1634 1178
1634 1299
1634 1393
1634 1450
1634 1460
1634 1471
1634 1480
1634 1496
1634 1562
1634 1568
1634 1579
1634 1635
1634 1652
1634 1657
1634 1706
1634 2496
1634 3688
3124 1010
3124 2800
3124 2841
3124 3011
3124 3018
3124 3131
3124 3180
3124 3199
3124 3211
3124 3221
3124 4064
3124 4082
3124 4361
3124 4826
3152 659
3152 1815
3152 2065
3152 2438
3152 2446
3152 2483
3152 2489
3152 2518
3152 2538
3152 2605
3152 2609
3152 2673
3152 2688
3152 2703
3152 2717
3152 2860
3152 2896
3152 2906
3152 2932
3152 2977
3152 2995
3152 3046
3152 3051
3152 3107
3152 3165
3152 3716
3152 3860
3152 4379
3152 4685
4975 1296
4975 1692
4975 2272
4975 2425
4975 2894
4975 3009
4975 3012
4975 3759
4975 4135
4975 4348
4975 4560
4975 4604
4975 4614
4975 4629
4975 4662
4975 4676
4975 4677
4975 4724
4975 4738
4975 4747
4975 4775
4975 4815
4975 4852
4975 4859
4975 4874
4975 4879
4975 4895
4975 4905
4975 4909
4975 4913
4975 4917
4975 4929
4975 4947
4975 4962
4975 4967
4975 4972
961 630
961 1040
961 1163
961 1171
961 1277
961 4247
961 4780
961 4954
1118 684
1118 745
1118 997
1118 1042
1118 1092
1118 1134
1118 1325
1118 1328
1118 2055
1118 4221
4275 4563
4275 4565
4652 649
4652 2515
4652 4607
4652 4786
4652 4834
4652 4857
1498 1379
1498 1560
1498 1646
1498 1656
2773 2082
2773 2768
2773 2782
2773 3062
2773 3145
2773 4154
3221 845
3221 1109
3221 1390
3221 1933
3221 2392
3221 2487
3221 2502
3221 2526
3221 2609
3221 2731
3221 2801
3221 2830
3221 2834
3221 2901
3221 2914
3221 2939
3221 2983
3221 3001
3221 3009
3221 3018
3221 3023
3221 3039
3221 3040
3221 3083
3221 3094
3221 3131
3221 3158
3221 3180
3221 3199
3221 3205
3221 3211
3221 3222
3221 3680
3221 3899
3221 3989
3221 4050
3221 4066
3221 4372
3221 4890
3221 4905
3578 2351
3578 4087
3578 4193
3578 4198
1555 1478
1555 1481
1555 1501
1555 1587
1555 1671
1555 1932
1555 2687
2118 665
2118 2270
2118 2351
2118 3148
2118 3321
2814 1617
2814 1956
2814 2938
2814 3136
2814 3171
2814 3212
2814 4974
3069 1365
3069 1463
3069 2205
3069 2656
3069 3019
3069 3036
3069 3157
3069 3158
3069 3191
3069 3200
3069 3235
3069 3886
3069 4270
3878 1612
3878 1648
3878 1830
3878 3351
3878 3550
3878 4100
3878 4128
3878 4140
3878 4206
4974 1216
4974 1836
4974 2275
4974 2324
4974 2423
4974 3597
4974 3598
4974 3773
4974 3828
4974 4100
4974 4187
4974 4632
4974 4679
4974 4713
4974 4801
4974 4826
4974 4855
4974 4870
4974 4871
4974 4879
4974 4887
4974 4891
4974 4894
4974 4903
4974 4907
4974 4922
4974 4925
4974 4943
4974 4944
4974 4965
4974 4968
4974 4982
4974 4996
1108 835
1108 1167
1108 1199
1108 1326
1108 1328
1108 1330
1108 1365
1108 2274
1108 4605
1521 1481
1521 1551
1521 1672
1521 1675
1521 1678
1521 1683
1521 3109
2000 1266
2000 1943
2000 2253
2000 2350
2056 1863
2056 2232
2056 2351
4526 1179
4526 1224
4526 1370
4526 2324
4526 3145
4526 3401
4526 4019
4526 4100
4526 4227
4526 4232
4526 4244
4526 4256
4526 4260
4526 4271
4526 4322
4526 4340
4526 4362
4526 4404
4526 4410
4526 4437
4526 4466
4526 4468
4526 4475
4526 4492
4526 4524
4526 4525
877 743
877 853
877 927
877 947
877 1215
877 1224
877 2327
1290 678
1290 721
1290 790
1290 811
1290 813
1290 839
1290 912
1290 975
1290 984
1290 1066
1290 1076
1290 1080
1290 1091
1290 1124
1290 1150
1290 1180
1290 1203
1290 1304
1290 1735
1290 2058
1290 2064
1290 2197
1290 3646
1290 4404
1290 4547
1627 1148
1627 1545
1627 1547
1627 1557
1627 1563
1627 1581
1627 1585
1627 1682
1627 2575
1627 2596
1627 4457
1999 1760
1999 2183
1999 2241
1999 2260
1999 2271
1999 2779
1999 3093
2983 1052
2983 1334
2983 2659
2983 3199
2983 3205
2983 3211
2983 3682
2983 3893
4957 1122
4957 1177
4957 1272
4957 1286
4957 2928
4957 3138
4957 3209
4957 3615
4957 3967
4957 4634
4957 4641
4957 4684
4957 4764
4957 4773
4957 4788
4957 4820
4957 4824
4957 4834
4957 4844
4957 4877
4957 4887
4957 4927
4957 4969
4957 4976
4957 4982
1263 632
1263 768
1263 823
1263 866
1263 1071
1263 1153
1263 1177
1263 1199
1263 1216
1263 1313
1263 1342
1263 1353
1263 1364
1263 1370
1263 1516
1263 1652
1263 3061
1263 3092
1263 3900
1263 3997
1263 4199
1593 1261
1593 1427
1593 1523
1593 1527
1593 1545
1593 1612
1593 1687
1593 2241
1593 3758
1980 694
1980 1716
1980 2180
1980 2187
1980 2248
1980 2292
1980 2307
1980 2315
1980 2325
1980 2465
2783 2605
2783 3046
2783 3107
2783 3165
2783 3887
2783 4850
4130 1255
4130 1955
4130 2080
4130 2288
4130 2594
4130 2813
4130 2911
4130 2957
4130 2994
4130 3265
4130 3443
4130 3561
4130 3625
4130 3703
4130 3757
4130 3774
4130 3797
4130 3830
4130 3849
4130 3876
4130 3896
4130 3915
4130 3937
4130 3956
4130 3961
4130 3968
4130 3969
4130 4022
4130 4143
4130 4741
4130 4960
2735 609
2735 1149
2735 2652
2735 3145
2735 3194
3148 1656
3148 2203
3148 2206
3148 2397
3148 2439
3148 2516
3148 2585
3148 2602
3148 2645
3148 2659
3148 2702
3148 2707
3148 2717
3148 2746
3148 2808
3148 2810
3148 2899
3148 2960
3148 2965
3148 2989
3148 2990
3148 3000
3148 3006
3148 3022
3148 3040
3148 3101
3148 3445
3148 3998
3148 4179
3148 4189
3963 3798
3963 3873
3963 3950
3963 4033
3963 4043
3963 4139
3963 4145
3963 4190
4005 915
4005 1525
4005 1683
4005 3375
4005 3474
4005 3544
4005 3696
4005 4026
4005 4128
4005 4140
4005 4179
4005 4206
3109 1668
3109 1809
3109 2127
3109 2305
3109 2394
3109 2549
3109 2665
3109 2720
3109 2723
3109 2832
3109 2921
3109 2945
3109 3032
3109 3055
3109 3057
3109 3137
3109 3138
3109 3210
3109 3460
3109 4206
3212 678
3212 1221
3212 1383
3212 1984
3212 2367
3212 2459
3212 2491
3212 2501
3212 2550
3212 2561
3212 2575
3212 2588
3212 2596
3212 2629
3212 2640
3212 2664
3212 2665
3212 2687
3212 2732
3212 2757
3212 2785
3212 2804
3212 2822
3212 2837
3212 2900
3212 2915
3212 2938
3212 2956
3212 2958
3212 2960
3212 3044
3212 3048
3212 3059
3212 3063
3212 3067
3212 3087
3212 3102
3212 3168
3212 3171
3212 3396
3212 3693
3212 3711
3212 4087
3212 4288
3212 4773
3212 4862
3848 2003
3848 3713
3848 4108
3848 4129
3848 4153
3848 4187
3848 4492
3855 2598
3855 2611
3855 3424
3855 3567
3855 4000
3855 4067
3855 4154
4040 953
4040 1631
4040 1682
4040 2034
4040 3111
4040 3254
4040 3266
4040 3302
4040 3350
4040 3415
4040 3458
4040 3641
4040 3780
4040 4072
4040 4089
4040 4131
4040 4660
4391 2915
4391 3280
4391 4270
4391 4341
4391 4379
4391 4412
4391 4460
4391 4870
4786 736
4786 1148
4786 4607
4786 4624
4786 4673
4786 4735
4786 4739
4786 4757
4786 4857
1810 1195
1810 1856
1810 1942
1810 2255
1810 3211
2753 2325
2753 3170
2753 3194
2753 3227
4140 730
4140 976
4140 1552
4140 1623
4140 1904
4140 2843
4140 3029
4140 3083
4140 3296
4140 3338
4140 3401
4140 3423
4140 3435
4140 3457
4140 3458
4140 3466
4140 3629
4140 3674
4140 3681
4140 3761
4140 3850
4140 3944
4140 3954
4140 4018
4140 4026
4140 4044
4140 4112
4140 4179
4140 4206
4140 4588
846 801
846 886
846 1285
846 2350
1222 988
1222 1148
1222 1246
1222 1335
1222 1337
1222 1365
1222 2140
1222 4525
1222 4576
1222 4869
2899 940
2899 1908
2899 2602
2899 2989
2899 3101
2899 3227
3831 1718
3831 2992
3831 3185
3831 3310
3831 3512
3831 3751
3831 3933
3831 4075
3831 4082
3831 4093
4336 3510
4336 4410
4336 4503
4336 4533
4549 1134
4549 1221
4549 1651
4549 1760
4549 3035
4549 3209
4549 3582
4549 3623
4549 4187
4549 4247
4549 4254
4549 4257
4549 4272
4549 4277
4549 4297
4549 4312
4549 4342
4549 4375
4549 4407
4549 4410
4549 4415
4549 4449
4549 4455
4549 4469
4549 4474
4549 4480
4549 4484
4549 4495
4549 4499
4549 4503
4549 4510
4549 4516
4549 4533
4549 4535
4549 4541
4549 4551
4549 4565
1035 715
1035 1328
1035 3899
1249 615
1249 1126
1249 1167
1249 1172
1249 1223
1249 1278
1249 1309
1249 1326
1249 1328
1249 1335
1249 1351
1249 1357
1249 1365
1249 1878
1249 2106
1249 2141
1249 4180
1249 4545
1616 960
1616 1420
1616 1561
1616 1585
1616 1609
1616 1612
1616 1642
1616 1650
1616 1682
1616 1687
1616 1699
1616 3102
2105 1334
2105 1833
2105 1837
2105 1898
2105 1902
2105 1972
2105 1993
2105 2152
2105 4728
2796 1280
2796 2779
2796 2883
2796 3076
2796 3210
2796 4179
4837 2177
4837 3047
4837 3198
4837 4770
4837 4849
4837 4867
4837 4916
4837 4958
4837 4959
4837 4971
809 834
809 836
809 858
809 889
809 901
809 923
809 2173
1073 687
1073 1211
1073 1239
1073 1283
1073 1330
1073 3603
1194 693
1194 807
1194 1011
1194 1099
1194 1121
1194 1173
1194 1242
1194 1278
1194 1328
1194 1351
1194 1365
1194 1383
1194 2187
1194 3827
1763 1977
1763 2070
1763 2089
1763 3866
2498 3132
2498 3222
2498 4863
2152 1102
2152 1747
2152 1833
2152 1837
2152 1898
2152 1902
2152 1972
2152 1993
2152 2971
2152 4942
2880 1202
2880 1370
2880 1992
2880 3021
2880 3163
2880 3209
2880 3214
1706 1066
1706 1201
1706 1379
1706 1400
1706 1401
1706 1404
1706 1412
1706 1437
1706 1439
1706 1442
1706 1457
1706 1461
1706 1499
1706 1506
1706 1511
1706 1520
1706 1549
1706 1566
1706 1575
1706 1586
1706 1601
1706 1608
1706 1619
1706 1621
1706 1623
1706 1632
1706 1648
1706 1651
1706 1671
1706 1674
1706 1679
1706 1690
1706 1890
1706 2281
1706 2761
1706 2911
1706 3146
1706 3185
1706 3200
1706 3988
1706 4960
3171 920
3171 1103
3171 1268
3171 1929
3171 1947
3171 2409
3171 2429
3171 2454
3171 2629
3171 2743
3171 2804
3171 2813
3171 2822
3171 2860
3171 2900
3171 2960
3171 2963
3171 3048
3171 3087
3171 3102
3171 3153
3171 3168
3171 3631
3171 3992
3171 4000
3171 4416
3198 597
3198 1066
3198 1150
3198 1412
3198 1653
3198 1776
3198 2428
3198 2514
3198 2608
3198 2611
3198 2625
3198 2628
3198 2660
3198 2679
3198 2682
3198 2696
3198 2701
3198 2726
3198 2727
3198 2738
3198 2811
3198 2821
3198 2849
3198 2877
3198 3034
3198 3040
3198 3043
3198 3047
3198 3070
3198 3080
3198 3105
3198 3110
3198 3130
3198 3170
3198 3222
3198 3227
3198 3519
3198 3928
3198 4148
3198 4521
3198 4794
3455 4095
3455 4189
3455 4199
3455 4201
4022 2264
4022 2901
4022 3726
4022 3757
4022 3777
4022 3915
4022 3956
4022 4021
4022 4097
4212 3622
4212 4547
4212 4560
3040 1255
3040 2537
3040 3131
3040 3180
3040 3199
3040 3205
3040 3211
3040 4357
3040 4429
3040 4493
3040 4996
3537 2279
3537 3589
3537 3900
3537 3961
3537 4012
4180 1405
4180 1588
4180 1699
4180 1914
4180 2308
4180 2429
4180 2638
4180 3038
4180 3180
4180 3194
4180 3244
4180 3250
4180 3283
4180 3288
4180 3292
4180 3335
4180 3345
4180 3422
4180 3480
4180 3495
4180 3501
4180 3519
4180 3534
4180 3544
4180 3591
4180 3614
4180 3615
4180 3653
4180 3672
4180 3673
4180 3718
4180 3738
4180 3753
4180 3756
4180 3765
4180 3827
4180 3849
4180 3852
4180 3856
4180 3923
4180 3949
4180 4019
4180 4039
4180 4077
4180 4102
4180 4132
4180 4148
4193 740
4193 778
4193 1029
4193 1354
4193 1563
4193 1646
4193 1801
4193 1973
4193 2165
4193 2651
4193 3019
4193 3092
4193 3259
4193 3273
4193 3298
4193 3364
4193 3418
4193 3432
4193 3450
4193 3506
4193 3526
4193 3558
4193 3606
4193 3632
4193 3655
4193 3697
4193 3728
4193 3734
4193 3770
4193 3772
4193 3803
4193 3829
4193 3833
4193 3858
4193 3866
4193 3884
4193 3894
4193 3901
4193 3985
4193 4032
4193 4036
4193 4045
4193 4076
4193 4143
4193 4145
4193 4198
4193 4545
1907 1326
1907 1788
1907 1995
1907 2177
1907 2197
1907 3650
3145 623
3145 2651
3145 2839
3145 2945
3145 3035
3145 3074
3145 3093
3145 3111
3145 3194
3145 3382
3145 3783
3145 3832
3145 4560
4112 1353
4112 2275
4112 3366
4112 3392
4112 3474
4112 3533
4112 3556
4112 3687
4112 3804
4112 3916
4112 3917
4112 3999
4112 4026
4112 4044
4112 4091
4112 4128
4112 4179
4112 4189
4112 4206
4112 4823
4417 2991
4417 3718
4417 4402
4417 4409
4417 4416
4417 4419
4417 4464
4966 1164
4966 1821
4966 2269
4966 2819
4966 3386
4966 3400
4966 3752
4966 3920
4966 3993
4966 4120
4966 4499
4966 4574
4966 4660
4966 4668
4966 4704
4966 4706
4966 4707
4966 4730
4966 4732
4966 4797
4966 4812
4966 4819
4966 4853
4966 4869
4966 4875
4966 4883
4966 4902
4966 4915
4966 4932
4966 4942
4966 4952
1273 845
1273 871
1273 1007
1273 1075
1273 1078
1273 1214
1273 1244
1273 1260
1273 1272
1273 1304
1273 1330
1273 1354
1273 1356
1273 1623
1273 1683
1273 3167
1273 3606
1273 4433
1273 4541
1273 4815
2520 2631
2520 2832
2520 3137
2520 3138
2520 4892
3738 855
3738 1051
3738 3923
3738 4039
3738 4044
3738 4077
3738 4102
3738 4148
3978 1895
3978 3235
3978 3462
3978 3736
3978 3762
3978 3874
3978 3891
3978 3905
3978 3940
3978 4052
3978 4080
3978 4121
3978 4331
3978 4468
4228 4305
4228 4327
4228 4435
4228 4442
4641 1919
4641 4734
4940 939
4940 1165
4940 1678
4940 1987
4940 2305
4940 2349
4940 3884
4940 4616
4940 4625
4940 4649
4940 4657
4940 4681
4940 4701
4940 4830
4940 4846
4940 4849
4940 4867
4940 4905
4940 4914
4940 4916
4940 4928
4940 4936
4940 4958
4940 4971
2006 1258
2006 2225
2228 1325
2228 2192
2228 2219
2228 2262
2228 2270
2228 2280
2228 2308
2228 2311
2228 2322
2228 2350
2228 2351
2228 2672
2228 4120
3333 1653
2135 1176
2135 2252
2135 2270
2135 2322
2135 2351
2135 4252
3165 1378
3165 1525
3165 2383
3165 2438
3165 2489
3165 2518
3165 2538
3165 2605
3165 2609
3165 2631
3165 2643
3165 2673
3165 2896
3165 2906
3165 2932
3165 2977
3165 3044
3165 3046
3165 3051
3165 3070
3165 3107
3165 4533
3165 4547
3165 4886
769 1284
769 1356
769 2743
769 3473
1253 596
1253 627
1253 716
1253 838
1253 880
1253 904
1253 971
1253 989
1253 1015
1253 1070
1253 1115
1253 1139
1253 1155
1253 1206
1253 2563
1253 2805
1253 3210
1253 3556
1253 4729
1253 4894
3135 1986
3135 2130
3135 2193
3135 2269
3135 2361
3135 2509
3135 2534
3135 2553
3135 2568
3135 2603
3135 2630
3135 2661
3135 2668
3135 2708
3135 2718
3135 2756
3135 2764
3135 2782
3135 2833
3135 2870
3135 2872
3135 2873
3135 2933
3135 3035
3135 3086
3135 3136
3135 3444
3135 4066
3135 4889
4384 4240
4384 4385
4384 4451
4384 4456
4384 4492
4384 4504
4384 4563
1006 983
1006 1209
1006 1266
1006 1285
1006 1295
1006 1314
1006 3338
1286 768
1286 821
1286 823
1286 940
1286 992
1286 1031
1286 1062
1286 1092
1286 1201
1286 1204
1286 1261
1286 1309
1286 1315
1286 1334
1286 1342
1286 1343
1286 1353
1286 1364
1286 1370
1286 1554
1286 1866
1286 2507
1286 3786
1286 3806
2317 674
2317 1059
2317 1309
2317 1335
2317 1796
2317 1903
2317 1997
2317 1998
2317 2064
2317 2087
2317 2122
2317 2142
2317 2149
2317 2156
2317 2162
2317 2225
2317 2233
2317 2254
2317 2259
2317 2277
2317 2288
2317 2311
2317 2325
2317 2334
2317 2349
2317 3896
2317 4073
2317 4450
2317 4968
3087 1429
3087 2078
3087 2179
3087 2403
3087 2454
3087 2501
3087 2519
3087 2550
3087 2573
3087 2629
3087 3021
3087 3044
3087 3048
3087 3067
3087 3089
3087 3104
3087 3442
3087 3458
3214 1178
3214 1283
3214 1790
3214 2136
3214 2358
3214 2382
3214 2390
3214 2411
3214 2437
3214 2438
3214 2466
3214 2474
3214 2500
3214 2532
3214 2560
3214 2565
3214 2566
3214 2570
3214 2617
3214 2622
3214 2632
3214 2667
3214 2680
3214 2682
3214 2692
3214 2754
3214 2759
3214 2790
3214 2815
3214 2848
3214 2861
3214 2882
3214 2894
3214 2922
3214 2930
3214 2944
3214 2964
3214 2981
3214 3021
3214 3077
3214 3163
3214 3178
3214 3209
3214 3415
3214 3528
3214 4135
3214 4139
3214 4398
3214 4918
3214 4971
1641 653
1641 1421
1641 1473
1641 1495
1641 1551
1641 1577
1641 1582
1641 1583
1641 1646
1641 1677
1641 1681
1641 1682
1641 2199
1641 4567
2817 2536
2817 2591
2817 2641
2817 2699
2817 2729
2817 2790
2817 2857
2817 2905
3954 1507
3954 1957
3954 3305
3954 3672
3954 4008
3954 4018
3954 4026
3954 4091
3954 4128
3954 4179
3954 4206
4264 1044
4264 4463
4264 4464
4435 4286
4435 4305
4435 4327
4435 4356
4435 4377
4435 4418
4435 4422
4435 4442
4435 4475
4529 733
4529 805
4529 1759
4529 4252
4529 4309
4529 4363
4529 4370
4529 4378
4529 4381
4529 4454
4529 4521
4529 4525
4529 4537
4529 4547
4529 4560
4529 4914
748 1188
748 1209
748 1699
748 2420
1202 618
1202 699
1202 790
1202 839
1202 883
1202 975
1202 1066
1202 1158
1202 1168
1202 1180
1202 1224
1202 1501
1202 3949
1202 4419
1202 4889
1266 619
1266 685
1266 742
1266 770
1266 771
1266 817
1266 884
1266 919
1266 922
1266 950
1266 995
1266 1017
1266 1024
1266 1086
1266 1104
1266 1231
1266 1247
1266 2150
1266 3262
1266 3938
1266 4451
1266 4863
2019 1921
2019 1965
2019 2069
2019 2101
2019 2148
2019 2199
1342 633
1342 655
1342 684
1342 692
1342 911
1342 913
1342 978
1342 1016
1342 1031
1342 1071
1342 1092
1342 1201
1342 1229
1342 1258
1342 1288
1342 1295
1342 1309
1342 1313
1342 1315
1342 1334
1342 1343
1342 1353
1342 1356
1342 1370
1342 1581
1342 1995
1342 2187
1342 2359
1342 2570
1342 2759
1342 4132
1342 4535
3056 1658
3056 2256
3056 2370
3056 2597
3056 2689
3056 2712
3056 2732
3056 2750
3056 2752
3056 2800
3056 2816
3056 2875
3056 2903
3056 3004
3056 3712
3811 938
3811 2839
3811 3727
3811 4056
3811 4120
3811 4155
4131 1042
4131 1051
4131 1168
4131 2088
4131 2877
4131 3132
4131 3153
4131 3262
4131 3350
4131 3377
4131 3390
4131 3472
4131 3479
4131 3502
4131 3541
4131 3605
4131 3688
4131 3806
4131 3819
4131 3834
4131 3938
4131 3995
4131 4056
4131 4072
4131 4089
4131 4666
4131 4982
1097 670
1097 684
1097 976
1097 1010
1097 1054
1097 1109
1097 1119
1097 1280
1097 1282
1097 2156
1097 3379
1097 4119
2248 1562
2248 2022
2248 2023
2248 2079
2248 2115
2248 2187
2248 2196
2248 2212
2248 2283
2248 2287
2248 2292
2248 2307
2248 2315
2248 2325
2248 2672
2248 3083
2248 4199
2248 4510
2649 2873
2649 3180
2649 3211
3011 632
3011 844
3011 1423
3011 2584
3011 2646
3011 2995
3011 3012
3011 3013
3011 3075
3011 3089
3011 3092
3011 3146
3011 3173
3011 3185
3011 3746
3011 4314
3306 3609
3306 3646
3306 3846
3306 3982
4083 1282
4083 1353
4083 1854
4083 2120
4083 3122
4083 3146
4083 3200
4083 3257
4083 3337
4083 3402
4083 3607
4083 3720
4083 3733
4083 3736
4083 3759
4083 3762
4083 3764
4083 3826
4083 3874
4083 3940
4083 4032
4083 4052
4083 4070
4083 4080
4083 4395
4083 4996
4825 2462
4825 4021
4825 4576
4825 4602
4825 4620
4825 4726
4825 4770
4825 4794
4825 4796
4825 4814
4825 4971
1293 614
1293 650
1293 657
1293 669
1293 675
1293 695
1293 702
1293 801
1293 814
1293 931
1293 944
1293 969
1293 979
1293 1008
1293 1077
1293 1093
1293 1099
1293 1165
1293 1173
1293 1232
1293 1281
1293 1662
1293 3076
1293 3235
1293 3553
1293 3937
1293 4309
1293 4496
1406 1506
1406 1602
1672 754
1672 1387
1672 1398
1672 1415
1672 1468
1672 1475
1672 1477
1672 1487
1672 1516
1672 1522
1672 1541
1672 1571
1672 1614
1672 1644
1672 1649
1672 1675
1672 1678
1672 1683
1672 1821
1672 2097
1672 2912
1672 3048
1672 4092
1672 4277
1672 4967
2447 943
2447 3005
2447 3008
3031 1535
3031 2475
3031 2606
3031 2724
3031 2779
3031 3210
3031 3307
3031 4967
3476 1326
3476 3853
3476 3967
3476 3982
3476 3996
751 1069
751 1127
751 1128
751 1135
751 1178
751 1187
2409 2435
2409 3168
3089 1528
3089 2395
3089 2417
3089 2480
3089 2503
3089 2547
3089 2562
3089 2598
3089 2663
3089 2709
3089 2774
3089 2805
3089 2975
3089 3013
3089 3075
3089 3146
3089 3173
3089 3185
3089 3498
3089 3770
3089 4201
4128 660
4128 1271
4128 2676
4128 2681
4128 3222
4128 3392
4128 3451
4128 3500
4128 3505
4128 3660
4128 3687
4128 3746
4128 3804
4128 3824
4128 3850
4128 3914
4128 3944
4128 3999
4128 4026
4128 4044
4128 4091
4128 4143
4128 4159
4128 4179
4128 4184
4128 4206
4128 4547
4128 4986
801 979
801 1281
801 2980
801 3951
873 866
873 1138
873 1255
873 3447
873 4425
1936 1635
1936 2136
1936 2178
1936 2213
1936 2232
1936 2238
1936 2675
2050 1845
2050 2124
2050 2157
2050 2274
2050 2275
2050 2282
2050 2985
3157 1258
3157 1314
3157 2440
3157 2850
3157 2890
3157 2918
3157 2919
3157 2941
3157 2999
3157 3012
3157 3014
3157 3019
3157 3104
3157 3191
3157 3200
3157 3235
3157 3694
3157 3762
3157 3898
3157 4918
4492 1203
4492 1546
4492 2035
4492 3178
4492 4229
4492 4248
4492 4276
4492 4296
4492 4318
4492 4348
4492 4360
4492 4368
4492 4376
4492 4385
4492 4408
4492 4448
4492 4451
4492 4456
4492 4504
830 974
830 1068
830 1082
830 1120
830 1137
830 1164
1493 1587
1493 1599
1493 1671
1493 1679
1493 3130
2489 3051
2489 3846
2489 4102
4449 4398
4449 4533
4449 4541
4449 4551
4449 4563
4655 1615
4655 4932
4972 1538
4972 2008
4972 2377
4972 3038
4972 4629
4972 4658
4972 4669
4972 4690
4972 4699
4972 4724
4972 4738
4972 4778
4972 4781
4972 4815
4972 4844
4972 4852
4972 4859
4972 4874
4972 4890
4972 4895
4972 4909
4972 4913
4972 4917
4972 4929
4972 4947
4972 4962
4972 4967
2475 2164
2475 2284
2475 3210
2486 3122
2486 3210
3826 3275
3826 3547
3826 3612
3826 4001
3826 4121
3872 1314
3872 1927
3872 2535
3872 3910
3872 3993
1982 2150
1982 2218
1982 2282
2784 2507
2784 3038
2784 3042
2784 3188
3923 1997
3923 2292
3923 3329
3923 3335
3923 3653
3923 4102
3923 4132
3923 4148
1338 651
1338 676
1338 703
1338 812
1338 833
1338 851
1338 968
1338 990
1338 997
1338 1034
1338 1055
1338 1063
1338 1168
1338 1192
1338 1200
1338 1208
1338 1211
1338 1232
1338 1239
1338 1244
1338 1268
1338 1283
1338 1306
1338 1311
1338 1330
1338 1671
1338 1942
1338 2193
1338 2474
1338 2761
1338 3107
1338 3163
1338 4135
1338 4318
1485 1167
1485 1518
1485 1539
1485 1544
1485 1626
1485 1690
1485 1692
1485 2074
3961 2534
3961 3754
3961 3893
3961 4150
3961 4567
4927 975
4927 1314
4927 3410
4927 3427
4927 4032
4927 4613
4927 4688
4927 4706
4927 4736
4927 4769
4927 4789
4927 4840
4927 4845
4927 4875
4927 4883
4927 4902
4927 4932
4927 4942
4927 4952
923 607
923 834
923 889
923 925
923 999
923 2099
923 2145
1216 1175
1216 1201
1216 1204
1216 1315
1216 1334
1216 1343
1216 1353
1216 1359
1216 1364
1216 1370
1216 1489
1216 1918
1216 2636
4150 1281
4150 1356
4150 1542
4150 1626
4150 1657
4150 2291
4150 2351
4150 3153
4150 3227
4150 3337
4150 3369
4150 3384
4150 3400
4150 3415
4150 3477
4150 3493
4150 3511
4150 3588
4150 3616
4150 3669
4150 3690
4150 3729
4150 3742
4150 3900
4150 3910
4150 3922
4150 3943
4150 4001
4150 4012
4150 4042
4150 4086
4150 4087
4150 4472
4150 4702
4150 4832
4516 2530
4516 3170
4516 3374
4516 3777
4516 3796
4516 4283
4516 4298
4516 4326
4516 4410
4516 4477
4516 4495
4516 4499
4516 4503
4516 4510
4516 4533
4516 4535
4516 4541
4516 4547
4516 4551
4516 4560
4516 4563
4516 4565
1934 1297
1934 2178
1934 2232
1934 2238
1951 1797
1951 1809
1951 2160
1951 2291
1951 2305
1951 3391
1951 3663
2566 2759
2566 3163
2566 3180
2566 3209
2566 4482
4050 1315
4050 2281
4050 2827
4050 3509
4050 3597
4050 3924
4050 4053
4050 4073
4050 4081
4050 4108
4050 4110
4050 4153
4050 4187
4050 4918
1229 780
1229 1090
1229 1092
1229 1096
1229 1201
1229 1261
1229 1325
1229 1343
1229 1364
1229 1370
1229 1571
1229 3168
1229 3570
1229 4013
1229 4053
1678 1109
1678 1387
1678 1398
1678 1431
1678 1461
1678 1466
1678 1468
1678 1477
1678 1481
1678 1487
1678 1494
1678 1522
1678 1535
1678 1541
1678 1571
1678 1614
1678 1644
1678 1649
1678 1675
1678 1683
1678 2562
1678 2989
1678 3019
1678 3111
1678 3302
3185 1235
3185 1356
3185 1365
3185 1516
3185 1671
3185 2365
3185 2395
3185 2451
3185 2480
3185 2503
3185 2521
3185 2547
3185 2571
3185 2584
3185 2598
3185 2646
3185 2686
3185 2709
3185 2741
3185 2774
3185 2781
3185 2959
3185 2973
3185 2975
3185 2990
3185 2995
3185 3012
3185 3013
3185 3075
3185 3092
3185 3146
3185 3173
3185 3655
3185 3936
3185 4201
3185 4847
3185 4958
3500 2334
3500 4073
3500 4129
3500 4187
3884 1279
3884 1682
3884 2259
3884 4145
3884 4190
3884 4198
4495 807
4495 2361
4495 2663
4495 4257
4495 4324
4495 4349
4495 4455
4495 4509
4495 4535
4495 4541
4495 4563
4495 4565
1973 1990
1973 2097
1973 2111
1973 2193
1973 2349
3093 1277
3093 2425
3093 2485
3093 2616
3093 2705
3093 2710
3093 2879
3093 2904
3093 3022
3093 3062
3093 3074
3093 3111
3093 4153
3093 4439
3093 4959
3376 1964
3376 4187
4015 2023
4015 3005
4015 3839
4015 3842
4015 3931
4015 3955
4015 4067
4015 4080
4015 4119
4015 4154
4015 4184
4015 4206
4015 4826
1325 728
1325 745
1325 761
1325 764
1325 765
1325 778
1325 883
1325 893
1325 915
1325 918
1325 970
1325 996
1325 1010
1325 1054
1325 1109
1325 1119
1325 1131
1325 1134
1325 1154
1325 1196
1325 1280
1325 1357
1325 2233
1325 2675
1325 2928
1325 3200
1325 4155
3675 3585
3675 4123
3675 4159
3675 4201
851 754
851 793
851 914
851 920
851 972
851 1026
851 3931
971 904
971 1070
971 1206
971 2628
1430 1454
1430 1690
2792 597
2792 2233
2792 2407
2792 2751
2792 2844
2792 2971
2792 2991
2792 3067
3742 2217
3742 3170
3742 3371
3742 4042
4000 1903
4000 2015
4000 2272
4000 2584
4000 3514
4000 3858
4000 3900
4000 3998
4000 4036
4000 4067
4000 4154
4000 4184
4206 896
4206 904
4206 930
4206 1029
4206 1069
4206 1354
4206 1646
4206 2083
4206 2183
4206 3153
4206 3296
4206 3338
4206 3346
4206 3366
4206 3375
4206 3388
4206 3392
4206 3397
4206 3434
4206 3435
4206 3458
4206 3474
4206 3505
4206 3514
4206 3523
4206 3533
4206 3539
4206 3556
4206 3569
4206 3589
4206 3613
4206 3629
4206 3639
4206 3645
4206 3681
4206 3687
4206 3696
4206 3746
4206 3753
4206 3804
4206 3850
4206 3914
4206 3916
4206 3944
4206 3991
4206 4018
4206 4026
4206 4044
4206 4091
4206 4179
4206 4480
4206 4681
836 724
836 858
836 889
836 901
836 925
836 2192
836 4052
2405 3153
2405 3167
2527 2311
2527 2696
2527 3235
3199 1359
3199 2351
3199 2360
3199 2587
3199 2595
3199 2645
3199 2771
3199 2801
3199 2830
3199 2901
3199 2939
3199 3009
3199 3018
3199 3023
3199 3033
3199 3039
3199 3083
3199 3086
3199 3131
3199 3168
3199 3180
3199 3205
3199 3211
3199 3974
3199 4033
3199 4190
3199 4506
3199 4533
3451 3188
3451 3262
3451 4179
3815 3837
3815 4135
3815 4142
3815 4189
3815 4199
3815 4201
4914 2864
4914 4008
4914 4031
4914 4616
4914 4625
4914 4710
4914 4722
4914 4843
4914 4849
4914 4850
4914 4867
4914 4905
4914 4928
4914 4936
4914 4944
4914 4958
4914 4959
1309 787
1309 822
1309 911
1309 939
1309 948
1309 1092
1309 1170
1309 1175
1309 1177
1309 1204
1309 1258
1309 1261
1309 1279
1309 1313
1309 1315
1309 1334
1309 1343
1309 1353
1309 1364
1309 1370
1309 1642
1309 1817
1309 2097
1309 2176
1309 3574
1309 3991
1309 4968
1337 677
1337 775
1337 784
1337 800
1337 831
1337 891
1337 909
1337 933
1337 988
1337 1083
1337 1122
1337 1135
1337 1136
1337 1148
1337 1183
1337 1200
1337 1208
1337 1235
1337 1246
1337 1296
1337 1330
1337 1335
1337 2171
1337 2431
1337 2503
1337 2774
1337 2912
1337 3005
1337 3245
1337 3464
1337 3478
1337 3928
1662 899
1662 1105
1662 1409
1662 1413
1662 1497
1662 1514
1662 1552
1662 1556
1662 1587
1662 1591
1662 1599
1662 1642
1662 1649
1662 1653
1662 1677
1662 3101
1662 3107
1662 3244
1662 4189
1662 4567
1662 4967
3666 3667
3666 3794
3666 3890
3666 3992
4479 2849
4479 4273
4479 4407
4479 4510
4479 4533
4479 4541
4479 4551
4479 4565
1148 721
1148 891
1148 953
1148 1246
1148 1260
1148 1335
1148 2288
1148 2482
3013 1487
3013 2480
3013 2781
3013 2973
3013 2975
3013 2995
3013 3048
3013 3075
3013 3101
3013 3146
3013 3173
3227 919
3227 1260
3227 1943
3227 2082
3227 2360
3227 2372
3227 2377
3227 2404
3227 2428
3227 2443
3227 2495
3227 2523
3227 2567
3227 2625
3227 2634
3227 2642
3227 2658
3227 2679
3227 2684
3227 2736
3227 2805
3227 2811
3227 2821
3227 2849
3227 2868
3227 2877
3227 2895
3227 2911
3227 2998
3227 3034
3227 3043
3227 3070
3227 3077
3227 3080
3227 3105
3227 3110
3227 3122
3227 3130
3227 3170
3227 3188
3227 3210
3227 3222
3227 3273
3227 3354
3227 3879
3227 4051
3227 4184
3227 4349
4159 927
4159 976
4159 1187
4159 1195
4159 1272
4159 1464
4159 1615
4159 2111
4159 2349
4159 3303
4159 3374
4159 3426
4159 3520
4159 3561
4159 3592
4159 3632
4159 3634
4159 3714
4159 3743
4159 3752
4159 3769
4159 3832
4159 3868
4159 3909
4159 3927
4159 3928
4159 3936
4159 3952
4159 4014
4159 4055
4159 4095
4159 4100
4159 4123
4159 4135
4159 4142
4159 4189
4159 4199
4159 4201
4199 1172
4199 1887
4199 1894
4199 1925
4199 2024
4199 2154
4199 2267
4199 2351
4199 3180
4199 3258
4199 3287
4199 3303
4199 3322
4199 3327
4199 3349
4199 3408
4199 3419
4199 3444
4199 3450
4199 3452
4199 3482
4199 3485
4199 3499
4199 3553
4199 3623
4199 3676
4199 3721
4199 3739
4199 3743
4199 3752
4199 3769
4199 3832
4199 3862
4199 3868
4199 3909
4199 3927
4199 3928
4199 3936
4199 3952
4199 3987
4199 4014
4199 4055
4199 4075
4199 4095
4199 4123
4199 4135
4199 4142
4199 4154
4199 4189
4199 4201
4199 4666
4199 4982
2163 717
2163 1151
2163 2122
2163 2288
2163 2334
2163 2349
2234 1426
2234 1477
2234 1490
2234 1968
2234 2081
2234 2194
2234 2262
2234 2270
2234 2284
2234 2305
2234 2311
2234 2322
2234 2351
2234 4962
2861 2611
2861 2661
2861 3021
2861 3077
2861 3163
2861 3209
3589 1522
3589 1930
3589 3674
3589 3850
3589 4018
3684 3518
3684 3879
3684 4068
3684 4093
4121 2722
4121 2980
4121 3301
4121 3382
4121 3437
4121 3547
4121 3607
4121 3657
4121 3727
4121 3760
4121 3762
4121 3777
4121 3873
4121 3874
4121 3891
4121 3904
4121 3905
4121 3939
4121 4031
4121 4052
4121 4070
4121 4080
4121 4123
4121 4593
4121 4842
4121 4895
4507 1096
4507 2277
4507 2797
4507 3601
4507 4139
4507 4303
4507 4318
4507 4328
4507 4395
4507 4396
4507 4427
4507 4438
4507 4461
4507 4506
4507 4537
4507 4544
4507 4547
4507 4567
4507 4830
4965 1060
4965 2867
4965 3047
4965 3048
4965 3992
4965 4736
4965 4751
4965 4761
4965 4785
4965 4800
4965 4827
4965 4851
4965 4860
4965 4863
4965 4891
4965 4903
4965 4907
4965 4925
4965 4943
4965 4968
4965 4982
4965 4996
3532 1084
3532 3343
3532 3540
3532 3965
3532 4064
3532 4092
3532 4100
3603 1827
3603 3351
3603 3552
3910 1111
3910 1169
3910 2914
3910 3209
3910 3260
3910 3464
3910 4087
3910 4894
822 648
822 674
822 1315
822 1370
822 2798
1964 1955
1964 2334
2994 835
2994 1514
2994 1805
2994 2413
2994 2558
2994 2765
2994 2936
2994 2937
2994 2941
2994 2961
2994 3026
2994 3036
2994 3039
2994 3088
2994 3122
2994 3132
4100 1328
4100 1504
4100 3194
4100 3854
4100 3900
4100 3945
4100 3993
4100 4001
4100 4041
4100 4087
4100 4098
4100 4560
4802 1326
4802 1631
4802 3132
4802 4651
4802 4705
4802 4759
4802 4779
4802 4795
4802 4842
4802 4878
4857 607
4857 1459
4857 4570
4857 4583
4857 4719
4857 4735
4857 4739
4857 4757
4857 4777
4857 4797
4857 4834
4857 4886
4857 4894
2197 1410
2197 1887
2197 1908
2197 2030
2197 2042
2197 2146
2197 2161
2197 2177
2197 2291
2197 2305
2197 3299
2197 4190
3667 2308
3667 3992
3734 3570
3734 4198
4437 2683
4437 3511
4437 3768
4437 4443
4437 4524
4437 4525
2778 1054
2778 2662
2778 2956
2778 2962
2778 2991
4068 866
4068 2661
4068 2925
4068 2982
4068 3304
4068 3305
4068 3323
4068 3340
4068 3377
4068 3449
4068 3518
4068 3600
4068 3716
4068 3879
4068 4067
4068 4093
4068 4201
4068 4834
4095 865
4095 1592
4095 2205
4095 2315
4095 3485
4095 3508
4095 3832
4095 3955
4095 3987
4095 4055
4095 4123
4095 4142
4095 4189
4095 4201
4095 4873
4154 730
4154 2063
4154 2283
4154 2591
4154 3002
4154 3256
4154 3409
4154 3516
4154 3530
4154 3692
4154 3701
4154 3768
4154 3823
4154 3828
4154 3835
4154 3839
4154 3842
4154 3863
4154 3864
4154 3918
4154 3931
4154 3955
4154 4018
4154 4036
4154 4071
4154 4110
4154 4119
4154 4184
4154 4491
4154 4508
4154 4636
4370 2016
4370 3669
4370 4432
4370 4545
4408 1699
4408 2121
4408 4240
4408 4248
4408 4368
4408 4448
4408 4451
4408 4504
4535 1014
4535 2308
4535 2325
4535 2958
4535 3915
4535 4241
4535 4247
4535 4257
4535 4281
4535 4301
4535 4308
4535 4312
4535 4319
4535 4331
4535 4469
4535 4474
4535 4477
4535 4481
4535 4491
4535 4499
4535 4533
4535 4551
4535 4563
4535 4565
4535 4643
4535 4785
670 1113
670 4026
3453 1147
3453 3378
3453 3920
3453 4086
3453 4120
1188 829
1188 885
1188 887
1188 909
1188 1186
1188 1192
1188 1314
1188 2377
1188 3188
1188 4891
1315 913
1315 999
1315 1062
1315 1175
1315 1177
1315 1201
1315 1204
1315 1313
1315 1334
1315 1343
1315 1353
1315 1364
1315 1370
1315 1554
1315 2843
1315 3113
1315 3465
1315 3847
1315 4004
1315 4037
1315 4506
3950 1574
3950 1812
3950 2186
3950 3146
3950 3677
3950 3823
3950 3913
3950 4032
3950 4081
3950 4139
3950 4146
3950 4190
4976 996
4976 1260
4976 1692
4976 2928
4976 3209
4976 3364
4976 3873
4976 4187
4976 4231
4976 4592
4976 4626
4976 4646
4976 4683
4976 4692
4976 4718
4976 4725
4976 4737
4976 4760
4976 4773
4976 4788
4976 4821
4976 4823
4976 4824
4976 4833
4976 4844
4976 4854
4976 4868
4976 4877
4976 4881
4976 4887
4976 4900
4976 4922
4976 4943
4976 4959
4976 4969
4976 4982
1940 2037
1940 2242
1940 2311
1940 2385
4464 2160
4464 3137
4464 4235
4464 4357
4464 4371
4464 4402
4464 4409
4464 4416
4464 4419
4464 4463
4464 4533
4844 1403
4844 2835
4844 4307
4844 4820
4844 4887
4844 4925
4844 4969
633 794
633 1175
633 4875
1353 600
1353 632
1353 648
1353 806
1353 926
1353 939
1353 1016
1353 1017
1353 1053
1353 1062
1353 1125
1353 1175
1353 1177
1353 1201
1353 1204
1353 1232
1353 1334
1353 1343
1353 1364
1353 1370
1353 1569
1353 1721
1353 1957
1353 2126
1353 2178
1353 3708
1353 4026
1353 4626
1353 4760
1353 4929
2237 1761
2237 1892
2237 1925
2237 1937
2237 1970
2237 2003
2237 2016
2237 2039
2237 2044
2237 2114
2237 2154
2237 2165
2237 2205
2237 2269
2237 2272
2237 2565
2237 3131
2237 3810
2237 4067
3211 865
3211 1002
3211 1009
3211 1242
3211 1314
3211 2231
3211 2364
3211 2525
3211 2531
3211 2541
3211 2589
3211 2731
3211 2801
3211 2830
3211 2841
3211 2901
3211 3001
3211 3009
3211 3023
3211 3038
3211 3083
3211 3094
3211 3131
3211 3180
3211 3205
3211 3357
3211 3829
3211 4404
3211 4735
3211 4751
3211 4821
3211 4958
3317 3467
3317 4139
3317 4190
3763 1296
3763 3581
3763 3582
3763 3799
3763 3988
3763 4741
4567 1461
4567 1584
4567 1656
4567 1681
4567 2175
4567 2252
4567 2499
4567 2769
4567 3235
4567 3842
4567 3949
4567 4070
4567 4214
4567 4222
4567 4225
4567 4325
4567 4333
4567 4342
4567 4351
4567 4366
4567 4388
4567 4395
4567 4411
4567 4415
4567 4427
4567 4430
4567 4454
4567 4461
4567 4462
4567 4496
4567 4500
4567 4506
4567 4508
4567 4514
4567 4518
4567 4527
4567 4528
4567 4537
4567 4544
4567 4547
4567 4560
614 1281
614 1434
764 893
764 1196
764 3113
1143 800
1143 818
1143 1179
1143 1209
1143 1285
1143 1314
1143 2813
1143 3132
1143 4335
1561 1545
1561 1576
1561 1612
1561 1650
1561 1699
1561 4093
3502 3122
3502 3819
3556 1831
3556 3645
4922 1124
4922 2928
4922 3898
4922 4093
4922 4696
4922 4733
4922 4903
4922 4907
4922 4925
4922 4944
4922 4959
4922 4982
4922 4996
4959 621
4959 685
4959 1276
4959 2264
4959 2912
4959 4119
4959 4145
4959 4541
4959 4581
4959 4607
4959 4609
4959 4625
4959 4643
4959 4695
4959 4710
4959 4748
4959 4754
4959 4762
4959 4830
4959 4843
4959 4846
4959 4867
4959 4905
4959 4916
4959 4928
4959 4936
4959 4943
4959 4958
4959 4971
727 1125
727 1175
727 1370
727 4465
949 885
949 1282
949 1285
949 1295
949 1296
949 1299
949 1687
949 2351
1149 1055
1149 1068
1149 1182
1149 1211
1149 1283
1149 1311
1149 1330
1149 2698
1149 2934
1149 3281
2972 810
2972 2490
2972 2614
2972 2691
2972 2697
2972 2919
2972 2941
2972 2953
2972 3005
2972 3008
2972 4067
2972 4356
4041 1617
4041 2932
4041 3104
4041 3107
4041 3708
4041 3821
4041 3945
4041 3993
4041 4012
4041 4087
4041 4354
4041 4952
4827 4733
4827 4925
4827 4996
820 797
820 1039
820 1138
820 1356
2150 759
2150 1724
2150 1985
2150 2195
2150 2209
2150 2274
2150 2275
2150 2279
2150 2542
2305 881
2305 1059
2305 1356
2305 1713
2305 1731
2305 1751
2305 1781
2305 1801
2305 1803
2305 1809
2305 1840
2305 1849
2305 1880
2305 1887
2305 1908
2305 1958
2305 1983
2305 2030
2305 2032
2305 2042
2305 2103
2305 2160
2305 2291
2305 2964
2305 3122
2305 3937
3860 1134
3860 3170
3860 3900
3860 3943
3860 4087
4135 610
4135 1386
4135 1679
4135 3258
4135 3287
4135 3322
4135 3520
4135 3646
4135 3682
4135 3747
4135 3769
4135 3862
4135 3909
4135 3927
4135 3928
4135 3952
4135 3987
4135 4055
4135 4123
4135 4142
4135 4189
4135 4201
4135 4288
4135 4852
4135 4942
4866 1113
4866 1389
4866 1994
4866 4638
4866 4712
4866 4759
4866 4779
4866 4784
4866 4795
4866 4838
4866 4862
4866 4878
1601 1437
1601 1458
1601 1629
1601 2287
1601 2549
2040 2057
2040 2218
2040 2282
2040 2911
2040 3158
2112 2047
2112 2141
2112 2211
2112 2250
2112 2308
2178 1749
2178 1841
2178 1946
2178 1969
2178 2136
2178 2232
2178 2238
3924 1296
3924 2089
3924 3158
3924 3540
3924 4053
3924 4108
3924 4129
3924 4153
3924 4187
3924 4198
3924 4476
4371 2030
4371 3022
4371 3209
4371 4409
4371 4419
4371 4463
4371 4551
2416 3200
2416 3210
3026 2614
3026 2765
3026 2936
3026 2937
3026 2961
3026 3036
3026 3055
3026 3088
3026 3132
3026 3477
3026 3756
3026 3891
3835 1401
3835 3931
3835 4082
3835 4184
4669 4823
4669 4967
1437 1512
1437 1687
2242 1244
2242 1836
2242 2280
2242 2281
2242 2284
2242 2311
2242 2322
2242 2351
2242 3017
2242 3651
2242 4606
3659 606
3659 2431
3659 3483
3659 3531
3659 3609
3659 3698
3659 4051
4093 1282
4093 2622
4093 2665
4093 3297
4093 3304
4093 3305
4093 3323
4093 3340
4093 3341
4093 3377
4093 3449
4093 3518
4093 3560
4093 3600
4093 3716
4093 3879
4093 4300
4093 4378
4093 4614
1311 651
1311 687
1311 718
1311 853
1311 882
1311 968
1311 1034
1311 1089
1311 1105
1311 1168
1311 1200
1311 1232
1311 1239
1311 1283
1311 1313
1311 1330
1311 1548
1311 1621
1311 1775
1311 1887
1311 2870
1311 4139
1311 4179
1354 730
1354 742
1354 747
1354 781
1354 785
1354 795
1354 837
1354 840
1354 845
1354 847
1354 871
1354 928
1354 930
1354 966
1354 1091
1354 1150
1354 1214
1354 1238
1354 1244
1354 1260
1354 1284
1354 1299
1354 1304
1354 1356
1354 1380
1354 1943
1354 2548
1354 3012
1354 3042
1354 3173
1354 3305
1354 3415
1354 4547
1354 4650
1354 4794
3029 1121
3029 1356
3029 2506
3029 2876
3029 2969
3029 3076
3029 3138
3029 3147
3029 3499
3029 4854
4067 1674
4067 3105
4067 3535
4067 3536
4067 3605
4067 3732
4067 3918
4067 3955
4067 4024
4067 4036
4067 4119
4067 4184
4067 4850
4092 712
4092 775
4092 1012
4092 1031
4092 1351
4092 1850
4092 3002
4092 3343
4092 3363
4092 3399
4092 3445
4092 3540
4092 3563
4092 3573
4092 3580
4092 3623
4092 3626
4092 3650
4092 3668
4092 3669
4092 3817
4092 3847
4092 3965
4092 3981
4092 4044
4092 4064
1175 713
1175 968
1175 1177
1175 1189
1175 1364
1175 1370
1175 2170
1580 1386
1580 1444
1580 1533
1580 1591
1580 2028
1580 3850
2351 854
2351 1330
2351 1359
2351 1422
2351 1748
2351 1835
2351 1842
2351 1845
2351 1848
2351 1856
2351 1863
2351 1881
2351 1901
2351 1915
2351 1949
2351 1961
2351 1962
2351 2003
2351 2015
2351 2021
2351 2024
2351 2028
2351 2034
2351 2048
2351 2061
2351 2081
2351 2206
2351 2219
2351 2232
2351 2270
2351 2280
2351 2284
2351 2307
2351 2311
2351 2322
2351 2334
2351 2554
2351 2749
2351 3235
2351 3536
2351 3547
2351 4087
2351 4373
2351 4803
2805 3222
936 1141
936 1163
936 1166
936 1221
936 1254
936 1277
936 2022
2186 1739
2186 2153
2186 2169
2186 2213
2186 2281
2186 2325
2186 2519
2186 3088
2186 3712
2379 2961
2379 3088
2379 3132
2379 4544
2804 2915
2804 3102
2804 4873
3998 1566
3998 1871
3998 2194
3998 3700
3998 3918
3998 3936
3998 4036
3998 4179
3998 4184
3998 4870
4500 1770
4500 2192
4500 2213
4500 3952
4500 4296
4500 4318
4500 4359
4500 4399
4500 4424
4500 4494
4500 4496
4500 4522
4500 4537
742 1086
742 1231
742 1424
742 4484
1359 602
1359 644
1359 694
1359 700
1359 739
1359 772
1359 827
1359 844
1359 848
1359 981
1359 992
1359 1018
1359 1028
1359 1030
1359 1041
1359 1043
1359 1045
1359 1046
1359 1049
1359 1050
1359 1052
1359 1078
1359 1080
1359 1096
1359 1103
1359 1140
1359 1151
1359 1157
1359 1189
1359 1228
1359 1276
1359 1295
1359 1297
1359 1624
1359 2291
1359 2444
1359 3137
1359 3928
1359 3980
1359 4563
1359 4892
1497 1421
1497 1656
1497 1677
1617 1423
1617 1440
1617 1550
1617 1576
1617 1609
1617 1682
1617 1687
1617 1692
1617 1699
1617 3663
3870 1105
3870 2196
3870 3704
3870 3898
3870 4056
3870 4086
3870 4155
3870 4433
3870 4936
4082 1215
4082 1713
4082 1947
4082 2589
4082 2971
4082 3245
4082 3299
4082 3308
4082 3310
4082 3312
4082 3361
4082 3421
4082 3468
4082 3512
4082 3604
4082 3664
4082 3751
4082 3827
4082 3836
4082 3911
4082 3933
4082 4075
4619 4942
4619 4986
1083 1094
1083 1235
1083 1335
1083 2606
1083 4089
1560 741
1560 1444
1560 1483
1560 1514
1560 1629
1560 1668
1560 4055
1560 4874
2103 1199
2103 2030
2103 2073
2103 2195
2103 2291
3478 4081
3478 4091
3478 4153
3478 4187
3944 2973
3944 3370
3944 3917
3944 4008
3944 4018
3944 4667
3944 4902
4129 911
4129 1176
4129 1647
4129 2311
4129 2933
4129 3263
4129 3555
4129 3597
4129 3656
4129 3657
4129 3668
4129 3744
4129 3758
4129 3886
4129 3898
4129 3980
4129 4053
4129 4073
4129 4081
4129 4110
4129 4153
4129 4187
4129 4368
4129 4563
901 607
901 731
901 834
901 925
901 2700
901 4718
1254 773
1254 778
1254 807
1254 842
1254 943
1254 948
1254 1040
1254 1051
1254 1141
1254 1163
1254 1166
1254 1268
1254 1277
1254 1288
1254 2059
1254 2515
1254 2872
1254 3003
1548 1409
1548 1444
1548 1582
1548 1655
1548 4098
3615 3980
3615 4077
3615 4132
4072 3047
4072 3302
4072 3350
4072 3423
4072 3601
4072 3780
4072 3938
4072 3995
4072 4086
4072 4089
4072 4215
4081 1151
4081 2148
4081 3373
4081 3713
4081 3886
4081 3898
4081 3980
4081 4053
4081 4073
4081 4108
4081 4110
4081 4153
4081 4187
4081 4843
4368 2097
4368 4385
4368 4448
4368 4456
4368 4504
4368 4565
4769 2408
4769 4580
4769 4875
4769 4932
4769 4952
4982 1272
4982 1568
4982 2219
4982 2236
4982 2277
4982 2535
4982 3194
4982 3822
4982 4071
4982 4632
4982 4666
4982 4715
4982 4716
4982 4760
4982 4800
4982 4810
4982 4828
4982 4851
4982 4855
4982 4860
4982 4863
4982 4871
4982 4879
4982 4894
4982 4903
4982 4925
4982 4928
4982 4943
4982 4944
4982 4947
4982 4968
4982 4986
4982 4996
1651 1278
1651 1408
1651 1420
1651 1453
1651 1480
1651 1482
1651 1527
1651 1553
1651 1576
1651 1613
1651 1699
1651 2272
1651 2690
3629 3153
3629 4021
3905 2872
3905 3189
3905 3391
3905 3547
3905 3563
3905 3764
3905 4052
3905 4070
4064 2311
4064 2914
4064 3006
4064 3278
4064 3343
4064 3399
4064 3540
4064 3563
4064 3573
4064 3580
4064 3650
4064 3668
4064 3669
4064 3817
4064 3847
4064 3965
4064 3981
4064 4146
4064 4240
4064 4362
4925 638
4925 1008
4925 1328
4925 2841
4925 4630
4925 4787
4925 4855
4925 4863
4925 4892
4925 4907
4925 4943
4925 4944
4925 4968
4925 4996
827 1030
827 1276
827 4967
2349 1365
2349 1446
2349 1582
2349 1759
2349 1819
2349 1823
2349 1844
2349 1858
2349 1881
2349 1888
2349 1903
2349 1914
2349 1930
2349 1942
2349 1954
2349 1955
2349 1975
2349 2064
2349 2087
2349 2107
2349 2117
2349 2122
2349 2133
2349 2137
2349 2156
2349 2160
2349 2175
2349 2176
2349 2180
2349 2225
2349 2233
2349 2254
2349 2255
2349 2259
2349 2277
2349 2279
2349 2288
2349 2334
2349 2957
2349 3081
2349 3758
2349 3832
2349 3863
2349 3981
2349 4132
2349 4153
2349 4819
3168 1356
3168 1422
3168 1861
3168 2501
3168 2519
3168 2550
3168 2561
3168 2743
3168 2785
3168 2822
3168 2900
3168 2915
3168 2938
3168 2960
3168 2966
3168 3044
3168 3063
3168 3067
3168 4055
3168 4602
3168 4809
3168 4873
3933 1873
3933 3299
3933 3310
3933 3361
3933 3510
3933 3604
3933 3664
3933 3789
3933 3911
3933 4075
3933 4541
933 677
933 891
933 953
933 992
933 1171
1403 1424
1403 1550
2024 1014
2024 1873
2024 2322
2440 3074
2440 3200
2440 3235
2440 4962
2626 3210
4071 693
4071 1081
4071 1575
4071 1986
4071 2282
4071 3265
4071 3281
4071 3339
4071 3429
4071 3467
4071 3673
4071 3692
4071 3700
4071 3812
4071 3839
4071 3918
4071 4119
4071 4184
4071 4503
878 672
878 1201
878 1313
878 1343
878 4012
1203 780
1203 811
1203 813
1203 921
1203 984
1203 1066
1203 1076
1203 1080
1203 1124
1203 1180
1203 1224
1203 3235
1746 1826
3547 4032
3547 4042
3651 3019
3651 3102
3651 4013
3651 4019
3651 4043
3651 4066
4720 1668
4720 2500
4720 4576
4720 4602
4720 4726
4720 4794
4720 4814
2212 1007
2212 1280
2212 1835
2212 1904
2212 2099
2212 2115
2212 2187
2212 2190
2212 2196
2212 2279
2212 2283
2212 2287
2212 2307
2212 2315
2212 2325
2212 4896
3067 1099
3067 1124
3067 1974
3067 2429
3067 2629
3067 2732
3067 2813
3067 3039
3067 3044
3067 3048
3067 3063
3067 3857
3891 1647
3891 3301
3891 3733
3891 3804
3891 3940
3891 4031
3891 4080
3891 4447
4714 1334
4714 4799
4714 4812
4714 4873
4184 685
4184 795
4184 1026
4184 1608
4184 1723
4184 1727
4184 2012
4184 2277
4184 2471
4184 3009
4184 3210
4184 3256
4184 3267
4184 3270
4184 3290
4184 3326
4184 3348
4184 3430
4184 3448
4184 3465
4184 3488
4184 3516
4184 3525
4184 3536
4184 3701
4184 3717
4184 3732
4184 3775
4184 3812
4184 3828
4184 3839
4184 3842
4184 3863
4184 3918
4184 3931
4184 3955
4184 3988
4184 4036
4184 4066
4184 4119
4184 4456
4184 4498
869 676
869 1255
869 1268
1239 599
1239 968
1239 1025
1239 1038
1239 1068
1239 1168
1239 1268
1239 1283
1239 1454
1239 3034
1239 3188
1239 3387
1239 3927
1239 4143
1239 4907
1938 2070
1938 2167
1938 2241
1938 2271
1942 2251
2274 694
2274 1844
2274 1923
2274 1948
2274 2009
2274 2055
2274 2057
2274 2089
2274 2102
2274 2157
2274 2214
2274 2218
2274 2245
2274 2264
2274 2275
2274 2279
2274 3189
2274 3832
2274 4878
2274 4895
3021 1034
3021 1869
3021 2437
3021 2534
3021 2622
3021 2824
3021 2981
3021 3178
3021 3209
3021 3940
3441 3681
3441 4008
3441 4091
3441 4933
3997 1997
3997 3823
3997 3864
3997 4013
3997 4024
3997 4033
3997 4043
3997 4146
3997 4153
3997 4190
4690 4859
4690 4962
1624 1446
1624 1449
1624 1608
1624 1625
1624 1648
1624 1658
1624 1671
1624 2988
1624 3340
1624 4754
1677 1087
1677 1436
1677 1459
1677 1473
1677 1510
1677 1514
1677 1520
1677 1523
1677 1556
1677 1573
1677 1574
1677 1588
1677 1600
1677 1623
1677 1631
1677 1635
1677 1655
1677 1674
1677 1681
1677 2217
1677 3432
1677 3549
1677 4267
1677 4462
2070 2072
2070 2126
2070 2167
2070 2183
2070 2253
2070 3898
2668 1076
2668 2603
2668 2718
2668 2764
2668 2933
2668 3136
2668 4066
3002 2425
3002 2872
3002 2907
3002 2980
3002 3194
3002 4089
3002 4110
3515 2848
3515 3938
3515 4042
3515 4996
3789 3023
3789 3798
3789 4024
3789 4033
3789 4146
3789 4190
3862 2018
3862 3359
3862 3618
3862 3987
3862 4142
3862 4189
3862 4476
753 707
753 1084
753 1142
753 1365
753 2149
753 4658
3041 1070
3041 2412
3041 2628
3041 2768
3041 2980
3041 3035
3041 3062
3041 3074
3041 3111
3041 3194
3041 3437
3041 3991
3041 4425
3041 4551
3041 4759
3044 2128
3044 2259
3044 2588
3044 2596
3044 2650
3044 2687
3044 2862
3044 2958
3044 2963
3044 3048
3732 1675
3732 3986
3732 4119
3844 2741
3844 3191
3844 3359
3844 3370
3844 3472
3844 3635
3844 3794
3844 3890
3844 3992
4967 1968
4967 2138
4967 2894
4967 3991
4967 4496
4967 4577
4967 4595
4967 4614
4967 4625
4967 4662
4967 4674
4967 4676
4967 4703
4967 4738
4967 4747
4967 4775
4967 4778
4967 4815
4967 4874
4967 4895
4967 4909
4967 4913
4967 4917
4967 4947
4967 4962
1608 1391
1608 1425
1608 1470
1608 1671
1608 1692
1608 2579
1608 2584
1608 2961
1823 1871
1823 1998
1823 2255
1823 4962
2023 1729
2023 1965
2023 2052
2023 2148
2023 2199
2023 2269
2023 2865
2225 707
2225 1261
2225 1288
2225 1892
2225 1930
2225 1954
2225 2149
2225 2176
2225 2180
2225 2277
2225 2288
2225 2334
2283 929
2283 1051
2283 1758
2283 1847
2283 1851
2283 1878
2283 1895
2283 1904
2283 2079
2283 2088
2283 2130
2283 2190
2283 2223
2283 2292
2283 2307
2283 2315
2283 2325
2283 3173
2283 3836
2283 4075
2283 4442
2283 4657
2327 1141
2327 1163
2327 1192
2327 1277
2327 1723
2327 1735
2327 1741
2327 1757
2327 1821
2327 1827
2327 1873
2327 1949
2327 1979
2327 1989
2327 2017
2327 2025
2327 2068
2327 2096
2327 2107
2327 2109
2327 2113
2327 2164
2327 2185
2327 2217
2327 2253
2327 2275
2327 2308
2327 2324
2327 2350
2327 2830
2327 2932
2327 3898
2327 4840
2484 2533
2484 2958
2484 3956
3005 2262
3005 2494
3005 2601
3005 2681
3005 2691
3005 2886
3005 2919
3005 2953
3005 3008
3005 4658
4958 1187
4958 1260
4958 1388
4958 2790
4958 3323
4958 4618
4958 4625
4958 4643
4958 4681
4958 4695
4958 4710
4958 4739
4958 4748
4958 4754
4958 4762
4958 4765
4958 4830
4958 4843
4958 4846
4958 4850
4958 4905
4958 4928
4958 4936
4958 4971
2133 1955
2133 1998
2133 2254
2133 2334
2133 3210
2133 4703
2641 2699
2641 2790
2641 2857
2641 2905
2641 3004
2641 4364
2776 2531
2776 2835
2776 4066
3911 2251
3911 3245
3911 3421
3911 3468
3911 3512
3911 3604
3911 3664
3911 3751
3911 4051
3911 4075
3931 650
3931 3348
3931 3717
3931 3847
3931 4643
4044 680
4044 1380
4044 2364
4044 3222
4044 3475
4044 3660
4044 3824
4044 3850
4044 3991
4044 3999
4044 4091
4044 4146
4044 4179
4044 4563
4889 3495
4889 4342
4889 4628
4889 4648
4889 4656
4889 4682
4889 4741
4889 4749
4889 4755
4889 4812
4889 4834
4889 4848
4889 4863
4889 4870
4889 4873
4889 4918
4947 2154
4947 2842
4947 4351
4947 4604
4947 4614
4947 4699
4947 4747
4947 4757
4947 4815
4947 4852
4947 4859
4947 4863
4947 4874
4947 4895
4947 4909
4947 4913
4947 4917
4947 4929
4947 4954
4947 4962
596 1206
2173 1583
2173 1735
2173 1765
2173 1953
2173 2170
2173 2179
2173 2222
2173 2256
2173 2260
2173 2267
2173 3681
2173 4799
2896 3017
2896 3107
2896 4270
2922 2930
2922 3047
2922 3178
2922 3209
3105 1743
3105 2442
3105 2684
3105 2866
3105 2868
3105 2877
3105 2911
3105 2915
3105 2930
3105 2998
3105 3047
3105 3070
3105 3110
3105 3170
3105 3222
3105 3987
3105 4277
3951 788
3951 2254
3951 3604
3951 3729
3951 3875
3951 3943
3951 4042
3951 4190
4541 652
4541 2217
4541 2790
4541 2831
4541 4243
4541 4254
4541 4349
4541 4364
4541 4372
4541 4373
4541 4374
4541 4433
4541 4439
4541 4480
4541 4481
4541 4499
4541 4503
4541 4510
4541 4533
4541 4551
4541 4563
4541 4565
4541 4845
4541 4916
1214 661
1214 785
1214 895
1214 980
1214 999
1214 1093
1214 1272
1214 1284
1214 1304
1214 1356
1214 3597
1214 3676
1214 4056
1633 1390
1633 1405
1633 1517
1633 1574
1633 1578
1633 1583
1633 1615
1633 1623
1633 1631
1633 1647
1633 1681
1633 3122
1633 4008
1633 4878
1633 4970
2435 2270
2435 3235
3167 1357
3167 2271
3167 2406
3167 2448
3167 2460
3167 2492
3167 2500
3167 2543
3167 2562
3167 2576
3167 2581
3167 2620
3167 2654
3167 2728
3167 2734
3167 2738
3167 2798
3167 2842
3167 2949
3167 2954
3167 3043
3167 3103
3167 3153
3167 3392
3167 4052
3167 4406
3381 1217
3381 3307
3381 4042
3381 4155
3381 4645
3918 1577
3918 3700
3918 3812
3918 4043
3918 4354
4053 1055
4053 1681
4053 3097
4053 3522
4053 3593
4053 3744
4053 3886
4053 3974
4053 4089
4053 4108
4053 4110
4053 4153
4053 4187
4053 4366
4632 2322
4632 4918
4632 4996
4736 1683
4736 4012
4736 4902
1260 966
1260 1007
1260 1020
1260 1021
1260 1093
1260 1122
1260 1244
1260 1272
1260 1284
1260 1356
1260 2141
1260 2727
1260 3748
2102 1532
2102 1683
2102 1738
2102 1981
2102 2097
2102 2111
2102 2189
2102 2193
2682 3130
2682 3222
3101 771
3101 1058
3101 1523
3101 2184
3101 2439
3101 2585
3101 2659
3101 2717
3101 2746
3101 2808
3101 2810
3101 2989
3101 2990
3101 3000
3101 3205
3101 4037
4216 4551
4216 4565
4439 4372
4439 4386
4439 4551
4439 4563
4439 4565
1167 733
1167 895
1167 1015
1167 1217
1167 1228
1167 1271
1167 1351
1167 1357
1167 1365
1167 1587
1167 1649
1167 1719
1167 4335
1167 4789
1650 1158
1650 1463
1650 1531
1650 1545
1650 1559
1650 1576
1650 1609
1650 1658
1650 1682
1650 1687
1650 1692
1650 2099
1650 2949
1650 3088
1650 4579
1650 4656
2576 2406
2576 3001
2576 3153
2576 3370
2756 1334
2756 1985
2756 2603
2756 3086
2756 3136
2756 3995
3086 1008
3086 2122
3086 2322
3086 2361
3086 2509
3086 2534
3086 2553
3086 2708
3086 2718
3086 2729
3086 2768
3086 2782
3086 2833
3086 2870
3086 2873
3086 2933
3086 3136
3086 3341
3086 3354
3086 4814
702 815
702 969
702 1099
702 1281
2540 3210
2540 4828
2694 1983
2694 2450
2694 2655
2694 2961
2694 3036
2694 3088
3873 1557
3873 2315
3873 2870
3873 3570
3873 3677
3873 4102
3873 4139
3873 4146
3873 4190
4817 3747
4817 4768
4817 4842
4817 4938
4817 4969
853 686
853 947
853 1044
853 1215
853 3081
1533 1418
1533 1464
1533 1484
1533 1656
1533 4036
1533 4757
2282 896
2282 1552
2282 1861
2282 1912
2282 1976
2282 2055
2282 2057
2282 2124
2282 2157
2282 2209
2282 2214
2282 2218
2282 2245
2282 2264
2282 2275
2282 2279
2282 2280
2282 2292
2282 2356
2282 2991
2282 3730
2282 3856
2384 2176
3210 875
3210 1410
3210 1679
3210 2157
3210 2199
3210 2211
3210 2375
3210 2457
3210 2468
3210 2496
3210 2515
3210 2529
3210 2557
3210 2666
3210 2715
3210 2724
3210 2744
3210 2748
3210 2779
3210 2812
3210 2825
3210 2843
3210 2929
3210 3017
3210 3052
3210 3083
3210 3442
3210 3509
3210 3646
3210 3664
3210 3880
3210 3937
3210 4419
3210 4496
3210 4522
3819 972
3819 1059
3819 1629
3819 3800
3819 4089
4916 646
4916 3200
4916 3804
4916 4581
4916 4598
4916 4643
4916 4649
4916 4774
4916 4830
4916 4850
4916 4928
4916 4936
4916 4971
4916 4996
620 1012
620 3650
1304 725
1304 781
1304 782
1304 870
1304 999
1304 1014
1304 1020
1304 1021
1304 1093
1304 1244
1304 1272
1304 1284
1304 2164
1304 2372
1304 2703
1304 3367
1304 4970
1304 4996
1550 1647
1550 1674
1550 1681
1600 1483
1600 1540
1600 1699
1600 2334
1600 3304
2252 1730
2252 1733
2252 1744
2252 1753
2252 1776
2252 1795
2252 1814
2252 1922
2252 1987
2252 2008
2252 2121
2252 2194
2252 2236
2252 3404
2252 4055
2252 4676
2252 4839
3188 1063
3188 1099
3188 1284
3188 2399
3188 2556
3188 2561
3188 2803
3188 2835
3188 2856
3188 2862
3188 2876
3188 2912
3188 2968
3188 2992
3188 3030
3188 3061
3188 3097
3188 3147
3188 3189
3188 3205
3188 4411
4728 4605
4728 4623
4728 4630
4728 4785
4728 4804
4728 4960
4784 4039
4784 4872
4784 4873
4784 4986
2714 860
2714 1619
2714 2595
2714 2885
2714 2970
2714 3081
3999 1092
3999 2975
3999 3315
3999 3382
3999 3569
3999 3634
3999 3824
3999 4018
3999 4091
3999 4179
3999 4522
4036 1008
4036 1541
4036 1679
4036 3290
4036 3839
4036 3842
4036 3955
4036 4119
4036 4403
4123 844
4123 2254
4123 2430
4123 3132
4123 3302
4123 3419
4123 3721
4123 3739
4123 3743
4123 3832
4123 3868
4123 3927
4123 3936
4123 3987
4123 4014
4123 4055
4123 4142
4123 4189
4123 4198
4123 4201
4123 4438
4123 4560
4123 4933
4123 4971
819 954
819 994
819 2968
925 607
925 693
925 858
925 889
925 4762
1041 739
1041 772
1041 1103
1041 1140
1041 1276
1041 1297
1041 3833
1041 4086
1041 4148
1584 1433
1584 1443
1584 1515
1584 1588
1584 1615
1584 1626
1584 1653
1584 1655
2267 842
2267 1364
2267 1765
2267 1774
2267 1798
2267 1799
2267 1953
2267 1957
2267 1995
2267 2053
2267 2170
2267 2179
2267 2222
2267 2256
2267 2260
2267 3034
2363 2879
2363 3733
2634 2998
2634 3046
2634 3619
3810 2002
3810 2065
3810 3558
3810 3627
3810 3799
3810 3802
3810 3986
3810 3988
4098 1495
4098 2433
4098 3122
4098 3511
4098 3517
4098 3583
4098 3616
4098 3644
4098 3669
4098 3712
4098 3821
4098 3834
4098 3836
4098 3943
4098 4001
4098 4087
4098 4809
4704 4879
4704 4932
4704 4942
927 686
927 724
927 1029
927 1111
927 1215
927 3536
2496 3077
3033 1687
3033 2431
3033 2787
3033 3191
3033 3200
3033 3235
3033 4504
3033 4744
3033 4778
4102 1104
4102 1277
4102 1281
4102 1939
4102 2442
4102 3244
4102 3292
4102 3329
4102 3345
4102 3519
4102 3653
4102 3765
4102 3827
4102 3852
4102 3856
4102 4019
4102 4077
4102 4132
4102 4139
4102 4148
4102 4503
4504 2245
4504 3254
4504 4080
4504 4229
4504 4240
4504 4243
4504 4248
4504 4263
4504 4276
4504 4296
4504 4348
4504 4376
4504 4385
4504 4448
4504 4451
4504 4456
4533 1644
4533 2837
4533 4247
4533 4290
4533 4361
4533 4383
4533 4396
4533 4401
4533 4403
4533 4461
4533 4469
4533 4551
4533 4563
4533 4565
4533 4772
4647 4634
4647 4841
4647 4876
4647 4896
2110 1817
2110 2281
2110 2680
2110 3039
2183 865
2183 1924
2183 1971
2183 2126
2183 2171
2183 2192
2183 2251
2183 2324
2765 2614
2765 2937
2765 3088
2765 3132
2765 3767
2765 4706
3138 860
3138 1405
3138 2415
3138 2482
3138 2549
3138 2615
3138 2652
3138 2665
3138 2713
3138 2720
3138 2748
3138 2789
3138 2832
3138 2921
3138 3032
3138 3055
3138 3057
3138 3137
3138 3852
3138 4051
3138 4665
3138 4895
3138 4902
3767 2206
3767 2822
3767 3320
3767 3367
3767 3543
3767 3640
3767 3694
3767 3802
3767 3906
3797 2532
3797 3052
3797 3880
3797 3972
3797 4097
1668 1412
1668 1445
1668 1446
1668 1451
1668 1484
1668 1515
1668 1551
1668 1554
1668 1577
1668 1581
1668 1588
1668 1631
1668 1642
1668 1653
1668 1681
1668 3246
1668 3344
1668 3709
1668 3941
1751 1731
1751 1800
1751 2195
1751 4045
1815 2264
1815 2324
1941 1878
1941 4076
2506 4544
3153 2115
3153 2406
3153 2448
3153 2460
3153 2492
3153 2500
3153 2543
3153 2581
3153 2593
3153 2620
3153 2654
3153 2728
3153 2734
3153 2738
3153 2798
3153 2842
3153 2954
3153 3103
3153 3714
3153 4153
3153 4189
3153 4683
3987 1365
3987 1554
3987 3952
3987 4066
3987 4142
3987 4189
3987 4201
4012 625
4012 1392
4012 2524
4012 3464
4012 3477
4012 3739
4012 3759
4012 3922
4012 4143
2311 1247
2311 1655
2311 1856
2311 1949
2311 2015
2311 2028
2311 2153
2311 2184
2311 2206
2311 2219
2311 2262
2311 2264
2311 2270
2311 2280
2311 2284
2311 2322
2311 2531
2311 2857
2311 3180
2664 4412
2664 4509
2961 1111
2961 2511
2961 2941
2961 3036
2961 3088
2961 3132
2961 3264
2961 3800
3200 612
3200 1255
3200 2165
3200 2355
3200 2676
3200 2700
3200 2928
3200 2959
3200 2999
3200 3003
3200 3014
3200 3019
3200 3104
3200 3113
3200 3191
3200 3205
3200 3235
3200 3497
3200 3635
3200 3657
3200 3760
3200 4444
3200 4545
3200 4773
3421 3751
4024 1562
4024 3447
4024 3803
4024 3832
4024 4013
4024 4043
4024 4066
4024 4139
4024 4146
4024 4190
4024 4223
4076 2032
4076 3235
4076 3450
4076 3709
4076 3803
4076 3894
4076 3989
4076 4045
4076 4145
4076 4198
4076 4396
4076 4565
4545 840
4545 2008
4545 2187
4545 3402
4545 3761
4545 4190
4545 4201
4545 4234
4545 4253
4545 4273
4545 4288
4545 4308
4545 4329
4545 4330
4545 4347
4545 4350
4545 4365
4545 4375
4545 4406
4545 4425
4545 4429
4545 4431
4545 4438
4545 4444
4545 4447
4545 4470
4545 4493
4545 4498
4545 4506
4545 4509
4545 4521
4545 4560
1335 604
1335 660
1335 784
1335 800
1335 839
1335 860
1335 909
1335 917
1335 922
1335 988
1335 1007
1335 1060
1335 1094
1335 1113
1335 1122
1335 1183
1335 1235
1335 1296
1335 1496
1335 2350
1335 2822
1335 2953
1335 2970
1335 3191
1335 3605
1335 3686
1335 3985
1563 1357
1563 1542
1563 1602
1563 1682
1563 1687
1563 1699
1563 3595
2315 599
2315 770
2315 876
2315 1343
2315 1716
2315 1756
2315 1758
2315 1767
2315 1784
2315 1851
2315 1878
2315 1895
2315 1944
2315 1965
2315 2022
2315 2047
2315 2079
2315 2088
2315 2099
2315 2115
2315 2130
2315 2187
2315 2196
2315 2223
2315 2287
2315 2292
2315 2307
2315 2325
2315 3700
2315 3986
2315 4430
3158 1313
3158 1915
3158 2467
3158 2627
3158 2835
3158 2876
3158 2968
3158 2988
3158 3042
3158 3076
3158 3094
3158 3097
3158 3163
3158 3189
3158 3993
4070 1144
4070 2167
4070 2862
4070 3257
4070 3581
4070 3607
4070 3720
4070 3760
4070 3762
4070 3800
4070 3874
4070 3939
4070 3940
4070 4032
4070 4080
4070 4673
4070 4779
4070 4855
4499 3794
4499 3909
4499 4260
4499 4284
4499 4319
4499 4331
4499 4377
4499 4396
4499 4403
4499 4469
4499 4563
4499 4565
4499 4579
4499 4868
1103 992
1103 1039
1103 1140
1103 1157
1103 1276
1103 1297
1103 1887
1103 2253
1103 4214
1173 810
1173 815
1173 876
1173 1271
1173 1326
1173 2281
1173 2541
1173 3568
1173 4490
1357 628
1357 629
1357 630
1357 640
1357 668
1357 711
1357 723
1357 786
1357 787
1357 856
1357 875
1357 982
1357 1011
1357 1092
1357 1102
1357 1121
1357 1126
1357 1138
1357 1158
1357 1199
1357 1217
1357 1228
1357 1242
1357 1261
1357 1271
1357 1278
1357 1326
1357 1328
1357 1351
1357 2054
1357 2072
1357 2325
1357 2445
1357 2838
1357 3194
1357 3703
1357 3775
1357 4811
1357 4854
2528 1511
2528 3080
2528 3170
2528 4327
2914 980
2914 2487
2914 3205
2977 1690
2977 2734
2977 2906
2977 3051
2977 3107
2977 3131
2977 3689
2977 4872
2977 4996
3389 3830
3389 4066
3389 4139
4066 2651
4066 3083
4066 3405
4066 3447
4066 3594
4066 3613
4066 3823
4066 3913
4066 4013
4066 4021
4066 4139
4066 4143
4066 4146
4066 4190
1015 890
1015 989
1015 1139
1015 1155
1015 1157
1015 1206
1015 2195
1015 4928
1557 1410
1557 1463
1557 1516
1557 1540
1557 1699
1557 1711
2789 2469
2789 3035
2789 3055
2789 3057
2789 3137
2789 4080
2789 4120
2873 1377
2873 2074
2873 2708
2873 2833
2873 2870
2873 3136
2873 4846
3107 2383
3107 2631
3107 2673
3107 2703
3107 2932
3107 3046
3107 3051
3107 3235
3107 3947
3107 4296
3147 811
3147 1271
3147 1299
3147 1897
3147 2245
3147 2458
3147 2493
3147 2750
3147 2831
3147 2965
3147 2988
3147 2992
3147 3042
3147 3059
3147 3061
3147 3097
3147 3324
3147 3916
3147 4033
3543 3619
3543 3689
3543 3702
3543 3802
3865 1871
3865 1908
3865 3588
3865 3875
3865 3922
3865 4924
4881 3470
4881 4663
4881 4854
4881 4900
4881 4969
4907 3518
4907 4560
4907 4715
4907 4860
4907 4879
4907 4968
4907 4996
714 1052
714 1276
714 1277
714 1297
983 1169
983 1195
983 1285
983 1295
983 1356
983 4667
983 4986
2162 1844
2162 2002
2162 2031
2162 2107
2162 2142
2162 2223
2162 2233
2162 2259
2162 2288
2162 3739
2162 4942
2959 739
2959 2223
2959 3191
2959 3235
2959 4789
1082 598
1082 639
1082 671
1082 680
1082 821
1082 1012
1082 1068
1082 1120
1082 1137
1082 2159
1734 1740
1734 1830
1734 2066
1734 2220
1734 3022
2985 796
2985 1086
2985 2367
2985 2542
2985 2638
2985 2780
2985 2865
2985 2885
2985 2925
2985 3081
3852 2233
3852 2260
3852 3765
3852 4019
3852 4039
3852 4132
3852 4148
3989 2078
3989 2171
3989 3276
3989 3770
3989 4198
3989 4765
4014 790
4014 1215
4014 2617
4014 2699
4014 3444
4014 3759
4014 3909
4014 4055
4014 4142
4014 4189
4329 2941
4329 4056
4329 4430
1534 1466
1534 1612
1534 1613
1534 1687
3113 968
3113 2583
3113 2924
3113 2999
3113 3019
3113 3077
3113 3191
3113 3235
3113 4932
3427 2324
3427 3295
3427 3423
3427 4155
3520 3917
3520 4142
3520 4201
3692 3863
3692 4119
3890 3249
3890 3370
3890 3635
3890 3794
3890 3992
3955 2719
3955 3267
3955 4119
3955 4460
4588 4915
4673 1658
4673 4739
4673 4777
4673 4797
4673 4924
960 940
960 1278
960 1282
960 3418
1929 2051
1929 2101
1929 2148
1929 2199
2501 1646
2912 2847
2964 863
2964 2148
2964 2474
2964 2683
2964 2999
2964 3163
2964 3178
2964 3209
3887 817
3887 3644
3887 4145
3887 4198
3887 4332
4514 1068
4514 1998
4514 2047
4514 3076
4514 3530
4514 3988
4514 4307
4514 4322
4514 4344
4514 4393
4514 4461
4514 4482
4514 4496
4514 4522
4514 4544
4514 4547
4514 4560
1232 865
1232 962
1232 1105
1232 1168
1232 1200
1232 1268
1232 1283
1232 3550
1232 3782
2493 883
2493 2938
4477 1405
4477 3038
4477 3081
4477 4148
4477 4304
4477 4339
4477 4406
4477 4407
4477 4480
4477 4503
4477 4547
4477 4563
4477 4565
4599 4682
4599 4755
4879 2768
4879 3447
4879 4139
4879 4891
4879 4943
4879 4944
842 835
842 852
842 2270
1187 621
1187 683
1187 728
1187 828
1187 893
1187 963
1187 1069
1187 1127
1187 1128
1187 1135
1187 1178
1187 2256
1187 4190
1187 4201
1501 1394
1501 1699
1501 2980
1501 4493
2101 1726
2101 1921
2101 1960
2101 2069
2101 2081
2101 2148
2101 2199
2101 4201
2101 4560
2307 1093
2307 1206
2307 1277
2307 1626
2307 1756
2307 1758
2307 1767
2307 1784
2307 1790
2307 1851
2307 1895
2307 1904
2307 1905
2307 2084
2307 2088
2307 2099
2307 2115
2307 2130
2307 2187
2307 2190
2307 2223
2307 2287
2307 2288
2307 2292
2307 2325
2307 3876
2307 3938
3222 874
3222 1002
3222 1436
3222 1454
3222 1532
3222 1737
3222 2355
3222 2372
3222 2428
3222 2459
3222 2563
3222 2567
3222 2608
3222 2625
3222 2636
3222 2675
3222 2679
3222 2684
3222 2727
3222 2799
3222 2811
3222 2821
3222 2828
3222 2849
3222 2866
3222 2895
3222 2911
3222 2970
3222 2980
3222 2998
3222 3034
3222 3043
3222 3047
3222 3070
3222 3080
3222 3110
3222 3130
3222 3170
3222 3627
3222 3876
3222 4389
3222 4453
3222 4732
3222 4748
3711 3760
3711 3777
3711 3972
3853 1011
3853 2066
3853 3360
3853 3396
3853 3446
3853 3483
3853 3646
3853 3982
3853 4055
4884 1087
4884 1690
4884 2099
4884 3875
4884 4809
4884 4829
4884 4938
4884 4954
4884 4960
4884 4970
4884 4986
876 787
876 1190
876 1351
876 4867
1314 653
1314 709
1314 749
1314 752
1314 872
1314 874
1314 896
1314 1145
1314 1182
1314 1192
1314 1209
1314 1223
1314 1279
1314 1282
1314 1285
1314 1299
1314 1306
1314 2828
1314 3864
2271 1211
2271 1351
2271 1727
2271 1732
2271 1736
2271 1805
2271 1843
2271 1977
2271 1992
2271 2041
2271 2059
2271 2074
2271 2116
2271 2145
2271 2167
2271 2192
2271 2251
2271 2280
2271 2945
2271 3094
2271 3694
2271 3769
2271 3985
2271 4465
3619 4198
4139 893
4139 1419
4139 1692
4139 1797
4139 2879
4139 2970
4139 3282
4139 3300
4139 3337
4139 3340
4139 3442
4139 3490
4139 3638
4139 3677
4139 3748
4139 3823
4139 3879
4139 3899
4139 3913
4139 4013
4139 4021
4139 4043
4139 4146
4139 4190
4139 4524
4478 2124
4478 2177
4478 3993
4478 4250
4478 4314
4478 4316
4478 4326
4478 4335
4478 4338
4478 4349
4478 4352
4478 4367
4478 4421
4478 4465
4478 4472
4478 4484
4478 4491
4478 4494
4478 4800
4478 4890
4601 4621
1151 602
1151 1043
1151 1045
1151 1046
1151 1049
1151 1096
1151 1140
1151 1276
1151 1609
1151 2746
1343 673
1343 713
1343 720
1343 740
1343 744
1343 780
1343 823
1343 911
1343 913
1343 939
1343 1031
1343 1080
1343 1124
1343 1153
1343 1201
1343 1204
1343 1297
1343 1313
1343 1370
1343 1482
1343 2388
1343 2418
1343 3836
1343 4563
1512 1062
1512 1506
1512 1674
1512 1679
1512 4868
3043 1261
3043 2185
3043 2736
3043 2868
3043 2911
3043 2949
3043 3080
3043 3110
3043 3130
3043 3170
3043 4075
4055 2372
4055 3868
4055 3952
4055 4075
4055 4142
4055 4189
4055 4201
4498 606
4498 1356
4498 3468
4498 3945
4498 4224
4498 4330
4498 4422
4498 4448
4498 4470
4498 4509
4498 4518
4498 4521
4498 4876
4952 807
4952 843
4952 1288
4952 3163
4952 3886
4952 4660
4952 4668
4952 4734
4952 4789
4952 4794
4952 4819
4952 4820
4952 4839
4952 4840
4952 4869
4952 4875
4952 4902
4952 4915
4952 4932
4952 4942
4952 4969
4962 1119
4962 4198
4962 4590
4962 4629
4962 4658
4962 4747
4962 4775
4962 4778
4962 4781
4962 4804
4962 4815
4962 4846
4962 4852
4962 4859
4962 4871
4962 4874
4962 4895
4962 4909
4962 4913
4962 4917
4962 4929
1679 1449
1679 1455
1679 1461
1679 1553
1679 1567
1679 1569
1679 1599
1679 1625
1679 1632
1679 1648
1679 1653
1679 1690
1679 1852
1679 3459
1679 4198
2058 2159
2058 3699
2785 2442
2785 2622
2785 2982
3430 3088
3519 895
3519 4132
3519 4148
3949 3279
3949 3283
3949 3422
3949 3462
3949 3614
3949 3827
3949 3856
3949 4077
3949 4148
4472 1687
4472 2126
4472 4287
4472 4314
4472 4326
4472 4335
4472 4338
4472 4352
4472 4367
4472 4421
4472 4465
4472 4484
4472 4491
4472 4494
4472 4913
4942 1040
4942 2277
4942 2774
4942 3102
4942 4592
4942 4660
4942 4664
4942 4668
4942 4732
4942 4819
4942 4839
4942 4840
4942 4883
4942 4902
4942 4932
4942 4996
659 1186
1163 907
1163 976
1163 1150
1163 1221
1163 1277
1163 1288
1163 2545
1163 3495
1365 628
1365 630
1365 631
1365 711
1365 723
1365 750
1365 810
1365 815
1365 872
1365 930
1365 959
1365 978
1365 994
1365 1084
1365 1102
1365 1126
1365 1158
1365 1172
1365 1190
1365 1217
1365 1228
1365 1242
1365 1271
1365 1279
1365 1326
1365 1351
1365 1387
1365 2821
1365 3088
1365 3205
1365 3468
1365 3939
1365 4119
1365 4867
2126 2080
2126 2106
2126 2116
2126 2241
2126 4482
2901 1147
2901 2767
2901 2828
2901 3205
2901 4537
3646 3483
3646 3631
3646 3967
3646 4051
3967 839
3967 871
3967 3486
3967 3498
3967 3698
3967 3846
3967 3986
3967 3996
3967 4051
989 838
989 1139
989 1155
989 1206
989 1370
1589 1492
1589 1581
1589 1612
1589 1613
1589 1687
1589 4544
2287 1716
2287 1767
2287 1832
2287 1866
2287 1878
2287 2079
2287 2088
2287 2099
2287 2115
2287 2187
2287 2190
2287 2196
2287 2223
2287 2292
2287 2325
2287 2561
2287 3833
2287 4547
2287 4707
2324 1687
2324 1721
2324 1757
2324 1770
2324 1811
2324 1828
2324 1926
2324 1997
2324 2004
2324 2047
2324 2092
2324 2141
2324 2159
2324 2164
2324 2185
2324 2211
2324 2308
2324 2322
2324 2350
2324 2411
2324 2680
2324 2705
2324 3191
2324 3342
2324 3768
2324 3821
2324 4045
2324 4077
2324 4153
2324 4434
2324 4727
2666 3052
2697 2530
2697 2919
2697 2953
2697 3008
2965 1012
2965 2516
2965 2746
2965 3000
2965 3006
2965 4634
2965 4665
3051 1791
3051 2383
3051 2502
3051 2643
3051 2688
3051 2932
3051 3046
3051 3319
3051 3947
3051 4091
4659 1364
4659 4944
4659 4968
4688 4591
4688 4674
4688 4841
1168 897
1168 980
1168 1025
1168 1055
1168 1330
1168 2420
1168 4143
2732 1576
2732 1614
2732 2982
2732 3063
2832 1196
2832 1591
2832 2723
2832 2921
2832 3137
3030 1124
3030 1623
3030 1785
3030 2671
3030 2803
3030 2968
3030 3038
3030 3059
3030 3076
3030 3490
3030 3644
3194 1299
3194 2084
3194 2241
3194 2368
3194 2403
3194 2423
3194 2485
3194 2521
3194 2535
3194 2582
3194 2651
3194 2687
3194 2719
3194 2769
3194 2829
3194 2839
3194 2872
3194 2929
3194 2934
3194 2945
3194 2973
3194 2980
3194 3035
3194 3062
3194 3122
3194 3552
3194 4300
3194 4851
3622 4744
4762 4609
4762 4644
4762 4649
4762 4971
1206 890
1206 904
1206 1053
1206 1070
1206 1115
1206 1139
1206 1155
1206 1295
1206 2360
1206 2385
1206 2764
1206 3038
1748 1235
1748 2159
2350 1126
2350 1282
2350 1722
2350 1726
2350 1741
2350 1757
2350 1772
2350 1800
2350 1813
2350 1828
2350 1867
2350 1875
2350 1883
2350 1926
2350 1947
2350 1954
2350 1979
2350 1989
2350 2004
2350 2012
2350 2020
2350 2039
2350 2047
2350 2084
2350 2106
2350 2136
2350 2159
2350 2185
2350 2203
2350 2217
2350 2231
2350 2250
2350 2277
2350 2308
2350 2532
2350 2602
2350 3004
2350 4189
2350 4271
2868 2684
2868 3170
2868 4179
2868 4565
2879 2703
2879 2720
2879 3074
2879 4739
3017 2883
3017 3052
3017 3938
3017 4291
3331 3249
3331 3992
3470 4143
3695 1370
3695 1681
3695 2288
3695 3857
3695 4120
4717 4894
4717 4899
4717 4943
4717 4944
921 1642
1178 621
1178 663
1178 683
1178 828
1178 963
1178 1069
1178 1127
1178 1128
1178 1135
1178 1681
1178 2553
1612 788
1612 1411
1612 1438
1612 1559
1612 4189
2106 1821
2106 2154
2106 2161
2106 4799
2383 3506
3497 3280
3497 4155
3728 2382
3728 3920
3728 4401
4325 1053
4325 3837
4325 4373
4325 4560
4780 725
4780 794
4780 4694
4780 4895
4780 4996
680 1068
680 1120
766 914
766 972
766 1014
766 1026
766 1547
766 4875
787 1326
868 710
868 1138
868 4366
1224 618
1224 734
1224 790
1224 880
1224 912
1224 934
1224 984
1224 1124
1224 1179
1224 1285
1224 2075
1224 2233
1224 2251
1224 3001
1224 4363
2052 1128
2052 1726
2052 1742
2052 1921
2052 2051
2052 2148
2052 2199
2052 2800
2052 2816
2256 1258
2256 1750
2256 1767
2256 1793
2256 1798
2256 1799
2256 1917
2256 1953
2256 1957
2256 2120
2256 2170
2256 2179
2256 2222
2256 2260
2256 2701
2259 1024
2259 1407
2259 1853
2259 1998
2259 2176
2259 2180
2259 2254
2259 2277
2259 2288
2259 2334
2259 3063
2259 3283
4037 1228
4037 3586
4037 3894
4037 3985
4037 4045
4037 4145
4037 4198
4037 4243
4037 4470
4409 3136
4409 4266
4409 4416
4409 4463
4429 1255
4429 4045
4429 4365
4429 4469
4429 4521
1166 762
1166 907
1166 943
1166 1141
1166 1277
1166 1288
1166 2558
1166 2629
1209 642
1209 681
1209 850
1209 1195
1209 1306
1209 1765
1635 1380
1635 1383
1635 1419
1635 1496
1635 1524
1635 1572
1635 1579
1635 1652
1635 1657
1635 3922
1635 4091
1976 2157
1976 2264
2597 2280
2597 2588
2597 2800
2597 2903
2597 3004
2597 3764
2905 2462
2905 2536
2905 2545
2905 2591
2905 2699
2905 2729
2905 2790
2905 2857
2905 3136
2905 3696
2905 3965
2905 4661
3539 1981
3539 3063
3539 4179
3707 1671
3707 4045
3707 4198
3707 4474
3986 1383
3986 1674
3986 2066
3986 3313
3986 3436
3986 3529
3986 3558
3986 3581
3986 3582
3986 3608
3986 3618
3986 3627
3986 3799
3986 3988
4097 1538
4097 2170
4097 3542
4097 3609
4097 3703
4097 3774
4097 3876
4097 3915
4097 3956
4097 3968
4097 3972
4097 4080
4097 4143
4097 4145
4097 4187
4097 4357
4097 4537
4110 1189
4110 1656
4110 3452
4110 3509
4110 3571
4110 3624
4110 3656
4110 3940
4110 3980
4110 4073
4110 4108
4110 4153
4110 4187
4110 4663
4110 4823
4772 1370
4772 4573
4772 4580
4772 4623
4772 4630
4772 4685
4772 4785
4772 4804
4915 3059
4915 4574
4915 4594
4915 4668
4915 4692
4915 4789
4915 4813
4915 4819
4915 4839
4915 4902
4915 4932
4932 1125
4932 1937
4932 4291
4932 4671
4932 4730
4932 4836
4932 4840
4932 4853
4932 4869
4932 4902
747 1334
747 2053
747 2933
893 736
893 3493
1078 844
1078 887
1078 981
1078 1046
1078 1276
1078 1297
1078 3189
1078 3680
1078 4462
1351 607
1351 693
1351 711
1351 759
1351 788
1351 810
1351 818
1351 848
1351 856
1351 959
1351 982
1351 1011
1351 1121
1351 1126
1351 1144
1351 1172
1351 1190
1351 1199
1351 1228
1351 1242
1351 1278
1351 1326
1351 1328
1351 1364
1351 1848
1351 2404
1351 3131
1351 3499
1351 3501
1351 3772
1351 4031
1351 4198
1351 4421
1351 4450
1351 4732
1351 4928
1473 1440
2171 779
2171 1271
2171 1805
2171 1924
2171 2072
2171 2116
2171 2192
2171 2241
2864 1692
2864 2585
2864 3062
2864 4026
4385 2214
4385 4263
4385 4451
4510 1020
4510 1777
4510 2159
4510 3567
4510 4259
4510 4268
4510 4290
4510 4372
4510 4401
4510 4403
4510 4419
4510 4455
4510 4469
4510 4503
4510 4528
4510 4563
4510 4565
4905 603
4905 1844
4905 2223
4905 3361
4905 4650
4905 4701
4905 4850
4905 4855
4905 4862
4905 4867
4905 4936
4905 4971
4917 975
4917 3360
4917 3672
4917 3680
4917 4341
4917 4724
4917 4727
4917 4754
4917 4852
4917 4874
4917 4909
4917 4913
4917 4929
4917 4986
1076 734
1076 813
1076 1077
1076 1091
1076 1180
1549 1681
1549 2673
2466 2015
2466 2245
2466 3163
3407 4198
3798 2571
3798 3981
3798 4013
3798 4146
3798 4190
3798 4899
3821 915
3821 3205
3821 3993
3821 4001
972 597
972 754
972 914
972 920
972 1014
972 1026
972 1056
2069 1960
2069 1965
2069 2199
2069 2811
2830 1109
2830 2709
2992 2203
2992 2419
2992 2733
2992 2843
2992 4774
3290 4788
3461 3402
3461 3904
3461 4052
3461 4080
3677 1025
3677 3248
3677 3899
4801 1385
4801 4829
4801 4836
4801 4856
4801 4924
4801 4970
888 715
888 786
888 1164
888 1295
888 1306
888 2279
888 3146
1596 1629
1596 1682
1596 1687
1596 2968
1596 3614
1596 3764
1596 4537
1609 1272
1609 1504
1609 1546
1609 1699
1609 4364
1933 1981
1933 2250
1933 4438
2082 2064
2082 2203
2082 2281
2082 4582
2222 1299
2222 1798
2222 1799
2222 1914
2222 1995
2222 2053
2222 2120
2222 2179
2222 2260
2222 2516
2222 2945
3940 1121
3940 2279
3940 2754
3940 3274
3940 3663
3940 3800
3940 3939
3940 4031
3940 4032
4056 997
4056 1180
4056 2132
4056 2616
4056 3268
4056 3416
4056 3460
4056 3758
4056 3796
4056 3801
4056 4086
4056 4096
4056 4120
4381 3257
4381 4340
4381 4462
608 1007
608 1171
608 1306
1326 653
1326 668
1326 707
1326 717
1326 737
1326 773
1326 982
1326 1104
1326 1144
1326 1172
1326 1190
1326 1199
1326 1217
1326 1242
1326 1271
1326 1281
1326 1306
1326 1328
1326 1796
1326 3205
1326 3301
1326 3424
1326 4132
1326 4508
1326 4806
1515 1476
1515 1623
1515 1655
1515 3704
1515 4887
1683 947
1683 1387
1683 1398
1683 1431
1683 1456
1683 1460
1683 1466
1683 1468
1683 1475
1683 1477
1683 1481
1683 1487
1683 1494
1683 1508
1683 1511
1683 1522
1683 1532
1683 1535
1683 1538
1683 1541
1683 1614
1683 1644
1683 1649
1683 1675
1683 2438
1683 3681
1683 4924
1683 4969
1868 1483
1868 1764
1868 1778
1868 1874
1868 1932
1868 2063
2097 1885
2097 1981
2097 2111
2097 2189
2097 2193
2424 2937
2424 3036
2424 3132
2424 4749
2944 978
2944 2044
2944 2565
2944 2759
2944 2930
2944 3034
2944 3163
2944 3209
2944 4086
4849 1277
4849 2400
4849 2954
4849 4407
4849 4636
4849 4696
4849 4846
4849 4936
4849 4971
4874 3687
4874 4913
4874 4929
1246 689
1246 784
1246 831
1246 855
1246 1136
1246 1296
1246 1427
1246 2092
1246 4476
1523 1024
1523 1574
1523 1646
1523 1674
1690 1131
1690 1278
1690 1401
1690 1417
1690 1447
1690 1456
1690 1462
1690 1478
1690 1566
1690 1586
1690 1587
1690 1599
1690 1632
1690 1648
1690 1658
1690 1671
1690 1692
1690 2042
1690 3849
1690 4018
2149 1579
2149 1837
2149 2087
2149 2180
2149 2334
2149 4179
2962 2524
2962 2662
2962 2751
2962 2844
2962 2867
2962 2876
2962 2956
2962 2971
2962 2991
2962 3974
3315 3383
3315 3735
3587 3386
3587 4086
3587 4096
3587 4201
3587 4846
4813 1845
4813 3170
4813 4577
4813 4695
4813 4841
4813 4847
4813 4876
4813 4885
4813 4892
4813 4896
4960 655
4960 1902
4960 3061
4960 3110
4960 4269
4960 4612
4960 4667
4960 4697
4960 4742
4960 4746
4960 4756
4960 4792
4960 4803
4960 4836
4960 4890
4960 4899
4960 4923
4960 4933
4960 4938
4960 4954
4960 4970
4960 4986
1136 743
1136 1235
1136 2055
1158 719
1158 759
1158 978
1158 1328
1158 3131
1158 4590
1334 647
1334 700
1334 720
1334 729
1334 806
1334 843
1334 1062
1334 1071
1334 1092
1334 1153
1334 1177
1334 1261
1334 1313
1334 1456
1334 2140
1334 3074
1334 3245
1334 3307
1334 4476
1484 926
1484 1582
1484 1653
1755 1745
1755 1764
1755 1812
1755 1872
1755 1874
1755 4146
1977 1736
1977 1952
1977 2059
1977 4968
2587 2646
2587 3205
2587 3917
2602 3046
4463 1276
4463 2270
4463 4221
4463 4235
4463 4266
4463 4357
4463 4402
4463 4416
4463 4419
4463 4909
891 1296
1825 2205
1825 2269
1825 2272
1825 2325
2396 2558
2396 2797
2396 3036
2396 3132
2791 2412
2791 2957
2791 2969
2791 3003
3754 4042
3754 4575
3775 931
3775 1724
3775 3596
3775 3788
3857 859
3857 1280
3857 2428
3920 1870
3920 2811
3920 3280
3920 3575
3920 3787
3920 4004
3920 4120
3920 4146
4372 2325
4372 4551
1875 2308
1875 4491
2453 3191
2679 3286
2679 3854
3596 2568
3596 2630
3596 3937
3600 2841
3600 4238
3700 3256
3700 3268
3700 3828
3700 4248
4256 4475
4256 4508
4256 4524
4537 815
4537 832
4537 1020
4537 2549
4537 2689
4537 4236
4537 4300
4537 4332
4537 4350
4537 4366
4537 4441
4537 4506
4537 4518
4537 4522
4537 4544
4537 4547
4537 4560
4537 4944
4581 4852
4581 4928
4909 2436
4909 4265
4909 4585
4909 4670
4909 4895
4909 4929
996 1109
996 1131
996 1196
996 4018
1268 683
1268 882
1268 1025
1268 1038
1268 1081
1268 1105
1268 1200
1268 1211
1268 1330
1268 1925
1268 2476
1268 2771
1268 3638
2906 1364
2906 2291
2906 2629
2906 2643
3495 3673
3495 3778
3495 4132
3787 1625
3787 2280
3787 3311
3787 3349
3787 3398
3787 4120
3787 4155
3827 2819
3827 3250
3827 4077
3827 4132
3827 4148
3827 4547
3906 1200
3906 1384
3906 3191
3906 3320
3906 3378
3906 3424
3906 3640
3906 3689
3906 3694
3906 3702
3906 3802
3906 4148
3906 4301
3952 629
3952 3425
3952 3608
3952 4142
3952 4189
3952 4201
3952 4734
4360 2782
4360 4544
4360 4560
812 1089
812 1105
812 4890
1089 865
1089 966
1089 1208
1089 1283
1089 2072
1089 4563
1208 649
1208 718
1208 796
1208 882
1208 990
1208 1176
1208 1200
1208 1283
1208 1330
1208 1736
1208 2650
1208 3399
1468 1559
1468 2886
1949 3110
1949 3780
2185 735
2185 1944
2185 2124
2185 3672
2185 4443
2288 943
2288 1171
2288 1759
2288 1858
2288 1863
2288 1975
2288 2087
2288 2156
2288 2180
2288 2233
2288 2255
2288 2334
2288 3372
3076 1281
3076 2068
3076 2083
3076 2376
3076 2818
3076 2847
3076 2945
3076 3094
3076 3097
3076 3191
3076 3415
3487 3995
3487 4089
3613 4043
3613 4146
3613 4614
3765 3035
3765 3422
3765 3753
3765 4077
3765 4148
4132 662
4132 1179
4132 1442
4132 1901
4132 2325
4132 2415
4132 2813
4132 3250
4132 3279
4132 3283
4132 3304
4132 3344
4132 3345
4132 3462
4132 3480
4132 3501
4132 3534
4132 3614
4132 3653
4132 3753
4132 3856
4132 3981
4132 4019
4132 4039
4132 4077
4132 4145
4132 4148
4398 2292
4398 4337
4398 4503
4398 4551
3059 922
3059 1471
3059 3189
3059 3209
3059 4096
3173 671
3173 1492
3173 1619
3173 2365
3173 2395
3173 2451
3173 2503
3173 2521
3173 2547
3173 2571
3173 2646
3173 2654
3173 2663
3173 2741
3173 2774
3173 2781
3173 2973
3173 2975
3173 2995
3173 3012
3173 3075
3173 3092
3173 3146
3173 3170
3173 3205
3173 4444
3875 1658
3875 4039
3936 2752
3936 2953
3936 3714
3936 4145
3936 4189
3936 4201
926 840
926 1313
926 1364
926 1370
1994 2275
3753 2218
3753 3718
3753 4039
3753 4077
3753 4148
4337 4565
4401 3454
4401 4342
4401 4563
4875 1125
4875 1364
4875 3823
4875 4748
4875 4869
4875 4883
4875 4902
1516 1538
1516 1541
1516 1644
1516 1675
1621 1400
1621 1506
1621 1567
1621 1648
1621 1658
1621 2808
1621 3592
1621 3664
1955 1884
1955 2334
2154 1855
2154 1937
2154 1943
2154 2272
2154 2278
2154 4847
2292 859
2292 1199
2292 1784
2292 1851
2292 1904
2292 2022
2292 2079
2292 2088
2292 2115
2292 2130
2292 2187
2292 2190
2292 2196
2292 2279
2292 2325
2292 3163
2292 3383
2292 4276
2292 4761
3379 2736
3379 3380
3521 1842
3521 4004
3521 4086
3583 1064
3583 2086
3583 3759
3583 3788
3583 4153
3956 2128
3956 2915
3956 3042
3956 3637
3956 3915
3956 4120
3956 4544
4051 651
4051 2231
4051 3360
4051 3396
4051 3446
4051 3527
4051 3531
4051 3631
4051 3693
4051 3846
4051 3996
4051 4986
4198 1018
4198 1445
4198 1652
4198 1784
4198 2195
4198 2220
4198 2400
4198 3189
4198 3246
4198 3248
4198 3364
4198 3450
4198 3510
4198 3526
4198 3568
4198 3606
4198 3632
4198 3710
4198 3724
4198 3733
4198 3770
4198 3772
4198 3778
4198 3803
4198 3829
4198 3833
4198 3858
4198 3894
4198 3901
4198 3982
4198 3985
4198 4045
4198 4145
4198 4380
4198 4432
4198 4665
4198 4896
4198 4944
4620 4725
4620 4726
4620 4770
4620 4814
1356 692
1356 785
1356 802
1356 840
1356 847
1356 928
1356 966
1356 999
1356 1020
1356 1064
1356 1093
1356 1109
1356 1150
1356 1195
1356 1238
1356 1272
1356 1284
1356 1313
1356 1418
1356 1674
1356 2241
1356 2769
1356 2956
1356 3397
1356 3801
1356 3830
1356 4217
1750 1917
1750 2121
1766 1837
1766 1902
1766 1972
1766 1993
1766 4143
2397 855
2397 2894
2397 2990
2397 3006
3075 947
3075 1280
3075 2521
3075 2584
3075 2646
3075 2663
3075 2774
3075 2973
3075 2975
3075 2995
3075 3092
3075 3146
3075 3849
3075 4453
3205 1084
3205 1370
3205 1524
3205 1687
3205 2121
3205 2362
3205 2471
3205 2479
3205 2771
3205 2772
3205 2834
3205 2872
3205 2939
3205 3001
3205 3018
3205 3023
3205 3039
3205 3083
3205 3131
3205 3180
3205 3189
3205 3436
3205 3626
3205 4039
3205 4145
3205 4282
3205 4815
3786 3347
3786 3542
3786 3969
4455 3505
4455 3559
4455 4392
4455 4431
4455 4474
4455 4551
4455 4560
4455 4563
4455 4565
4457 2502
4457 4261
4457 4270
4457 4284
4457 4310
4457 4341
4457 4379
4457 4412
4457 4427
4457 4460
4675 4608
4675 4779
4675 4795
4675 4878
4986 1153
4986 1586
4986 2254
4986 2281
4986 3473
4986 3708
4986 3898
4986 4584
4986 4603
4986 4604
4986 4612
4986 4627
4986 4631
4986 4661
4986 4663
4986 4679
4986 4680
4986 4693
4986 4697
4986 4722
4986 4730
4986 4746
4986 4752
4986 4756
4986 4761
4986 4767
4986 4792
4986 4803
4986 4805
4986 4808
4986 4811
4986 4835
4986 4872
4986 4886
4986 4890
4986 4899
4986 4924
4986 4933
4986 4938
4986 4954
4986 4970
913 1313
913 2936
913 4924
1010 761
1010 912
1010 1131
1010 1280
1036 617
1036 667
1036 863
1036 906
1036 938
1036 3102
1036 4943
1086 625
1086 995
1086 1024
1086 1231
1086 1247
1086 1277
1086 1506
1086 2291
1280 595
1280 684
1280 730
1280 832
1280 915
1280 918
1280 970
1280 1042
1280 1054
1280 1109
1280 1134
1280 1154
1280 1196
1280 1281
1480 1393
1480 1471
1480 1572
1480 1657
1480 3022
2114 1816
2114 2122
2114 2165
2114 2205
2114 2269
2114 2272
2114 2278
2114 3531
2430 2847
4525 852
4525 1814
4525 2934
4525 2968
4525 4232
4525 4262
4525 4271
4525 4322
4525 4343
4525 4423
4525 4460
4525 4466
4525 4468
4525 4475
4525 4496
4525 4508
4525 4524
4560 1281
4560 2250
4560 2995
4560 3070
4560 3170
4560 3744
4560 3801
4560 4225
4560 4319
4560 4324
4560 4332
4560 4333
4560 4366
4560 4374
4560 4378
4560 4406
4560 4424
4560 4441
4560 4450
4560 4490
4560 4506
4560 4521
4560 4522
4560 4527
4560 4528
4560 4544
4560 4547
673 1056
673 1364
673 1486
673 1511
948 807
948 1040
948 1051
948 1288
948 1899
1077 650
1077 814
1077 944
1077 979
1077 1008
1077 1165
1077 1281
1077 2214
1217 826
1217 1121
1217 1172
1217 1271
1217 1278
1217 1328
1217 2782
1217 4470
2918 1370
2918 1803
2918 3097
2918 3104
2918 3235
2918 4878
3110 1524
3110 1575
3110 2474
3110 2503
3110 2828
3110 2877
3110 2975
3110 2998
3110 3047
3110 3070
3110 3170
3110 3922
3110 4657
3394 1648
3394 4189
3394 4201
4145 724
4145 1196
4145 1613
4145 2688
4145 2742
4145 3077
4145 3432
4145 3510
4145 3565
4145 3655
4145 3709
4145 3724
4145 3803
4145 3829
4145 3833
4145 3858
4145 3894
4145 3901
4145 3985
4145 4716
4145 4809
4656 1937
4656 4969
692 4853
770 1104
770 1231
770 1247
770 3255
1040 805
1040 1141
1040 1215
1040 1288
1411 1687
1411 3180
1753 2121
1753 2194
1753 2199
1753 2236
1753 2970
1889 1446
1889 1866
1889 1882
1889 2284
2122 1099
2122 2087
2122 2254
2803 811
2803 2707
2803 3022
2803 4261
2803 4524
3235 1038
3235 1044
3235 1247
3235 1279
3235 1296
3235 1413
3235 1655
3235 1813
3235 2291
3235 2456
3235 2476
3235 2480
3235 2507
3235 2512
3235 2537
3235 2578
3235 2580
3235 2583
3235 2612
3235 2656
3235 2660
3235 2690
3235 2704
3235 2787
3235 2813
3235 2823
3235 2890
3235 2928
3235 2999
3235 3014
3235 3019
3235 3061
3235 3081
3235 3083
3235 3104
3235 3191
3235 3607
3235 3834
3235 4148
3235 4179
3235 4475
3834 3012
3834 3111
3834 3690
3834 3922
4859 826
4859 2574
4859 2883
4859 4924
4918 1288
4918 1699
4918 2141
4918 4571
4918 4628
4918 4637
4918 4682
4918 4741
4918 4749
4918 4750
4918 4755
4918 4791
4918 4799
4918 4848
4918 4873
4933 3080
4933 3097
4933 4356
4933 4672
4933 4697
4933 4774
4933 4811
4933 4829
4933 4856
4933 4886
4933 4923
4933 4924
4933 4938
4933 4954
4933 4970
631 994
650 979
650 1165
999 3947
999 4120
2550 3837
2557 4896
2839 1587
3609 686
3609 1058
3609 3486
3609 3693
3609 3846
3609 3996
4120 1093
4120 3311
4120 3416
4120 3782
4120 3783
4120 3883
4120 3974
4120 4086
4120 4096
4120 4155
4120 4351
4120 4460
4120 4820
4187 848
4187 1053
4187 1261
4187 1671
4187 2971
4187 3263
4187 3281
4187 3316
4187 3318
4187 3332
4187 3358
4187 3373
4187 3452
4187 3555
4187 3571
4187 3590
4187 3597
4187 3624
4187 3650
4187 3656
4187 3744
4187 3748
4187 3758
4187 3886
4187 3898
4187 3980
4187 4073
4187 4108
4187 4153
4187 4469
4490 4227
4490 4282
4490 4351
4490 4415
4490 4423
4490 4544
4490 4547
4490 4590
4996 828
4996 832
4996 858
4996 2963
4996 3328
4996 3456
4996 4108
4996 4189
4996 4547
4996 4587
4996 4596
4996 4600
4996 4621
4996 4672
4996 4677
4996 4678
4996 4700
4996 4702
4996 4715
4996 4729
4996 4733
4996 4751
4996 4761
4996 4765
4996 4787
4996 4800
4996 4809
4996 4810
4996 4826
4996 4828
4996 4851
4996 4854
4996 4856
4996 4860
4996 4870
4996 4871
4996 4891
4996 4894
4996 4903
4996 4943
4996 4944
4996 4968
841 1056
841 1299
841 3094
841 4595
1075 940
1075 1182
1075 1192
1075 1285
1075 1306
1075 1788
1075 4496
1075 4576
1170 1145
1170 1169
1170 1182
1170 1186
1170 1306
1170 1433
1196 623
1196 765
1196 997
1196 1119
1196 1732
2167 1920
2167 2059
2167 2192
2167 2206
2167 2251
2167 3525
2167 3943
2167 4896
2981 2622
2981 2698
2981 2848
2981 3163
2981 3209
2981 3893
2981 4876
3405 4033
3405 4179
3405 4190
3517 2087
3517 3256
3517 3943
3718 3324
3718 4019
3718 4039
3718 4148
3868 990
3868 1985
3868 2042
3868 2683
3868 3752
3868 4189
3868 4201
3916 3457
3916 3523
3916 3696
3916 3894
3916 4179
3916 4190
4250 4393
4250 4482
4250 4501
4506 2193
4506 4307
4506 4404
4506 4454
4506 4528
4506 4544
4506 4547
4506 4968
1050 981
1050 992
1050 1030
1050 1052
1050 4733
1508 681
1508 1449
1508 1544
1508 1599
1508 1626
1508 3006
1861 1908
1861 2275
2815 735
2815 2683
2815 3163
2815 3178
2815 3209
2815 3965
3063 1632
3063 2367
3063 2431
3063 2837
3063 2982
3063 3048
3063 3102
3063 3637
3189 1201
3189 1924
3189 2388
3189 2467
3189 2607
3189 2671
3189 2733
3189 2856
3189 2862
3189 2876
3189 2892
3189 2982
3189 2988
3189 3022
3189 3038
3189 3094
3189 3683
3189 4075
3189 4272
3730 3559
3730 3883
3730 4096
4018 662
4018 2066
4018 3761
4018 3941
4018 3991
4018 4179
4018 4738
4018 4943
4618 4598
4618 4823
4618 4971
4748 4650
4748 4830
4748 4936
968 1330
968 1852
968 3097
1364 600
1364 606
1364 622
1364 720
1364 729
1364 749
1364 758
1364 780
1364 794
1364 1002
1364 1016
1364 1031
1364 1042
1364 1053
1364 1071
1364 1090
1364 1125
1364 1153
1364 1201
1364 1204
1364 1258
1364 1261
1364 1278
1364 1313
1364 1370
1364 1658
1364 1829
1364 2277
1364 2476
1364 3876
1364 4602
2284 1585
2284 1962
2284 2021
2284 2034
2284 2219
2284 2262
2284 2270
2284 2280
2284 2322
2284 2518
2284 3452
2284 3996
2284 4521
2487 3736
2711 1281
2711 1968
2711 2941
2711 3088
2711 3132
3366 4008
3366 4855
3941 743
3941 2065
3941 3327
3941 3779
3941 3904
3941 4086
3941 4155
4148 752
4148 1504
4148 2509
4148 2843
4148 3250
4148 3335
4148 3345
4148 3422
4148 3462
4148 3501
4148 3534
4148 3544
4148 3591
4148 3614
4148 3672
4148 3673
4148 3856
4148 3988
4148 4019
4148 4039
4148 4077
4148 4253
4148 4258
4153 615
4153 1285
4153 1800
4153 1824
4153 1866
4153 2958
4153 3318
4153 3332
4153 3509
4153 3590
4153 3597
4153 3624
4153 3713
4153 3744
4153 3886
4153 3980
4153 4052
4153 4073
4153 4108
4153 4402
4153 4508
4153 4636
4153 4944
4340 4443
4340 4466
4340 4524
4676 4810
4774 1238
4774 4970
1093 645
1093 870
1093 3938
1644 1387
1644 1456
1644 1494
1644 1522
1644 1535
1644 1540
1644 1571
1644 1614
1644 1675
1644 2255
1644 3399
1644 3747
1644 4179
1644 4923
1674 713
1674 1099
1674 1436
1674 1445
1674 1476
1674 1483
1674 1510
1674 1552
1674 1573
1674 1585
1674 1631
1674 1657
1674 1681
1674 3777
1674 4968
1770 1812
2068 1731
2068 1822
2068 2272
2068 4363
3533 1102
3533 4026
3748 4033
3748 4190
3748 4491
3751 1281
3751 4075
3751 4572
3839 855
3839 3180
3839 3488
3839 3803
3839 4571
4431 2872
4431 4155
4431 4508
4431 4521
703 1330
703 1461
1285 635
1285 741
1285 825
1285 1169
1285 1282
1285 1295
1285 1299
1285 2121
1285 4021
1285 4108
1285 4883
2113 1918
2113 2250
2113 2308
2113 4577
2113 4755
2734 2738
2734 3103
4551 1172
4551 1537
4551 1687
4551 1892
4551 2850
4551 3047
4551 3300
4551 3369
4551 4119
4551 4225
4551 4272
4551 4298
4551 4319
4551 4333
4551 4342
4551 4349
4551 4361
4551 4375
4551 4383
4551 4403
4551 4474
4551 4480
4551 4481
4551 4501
4551 4503
4551 4521
4551 4527
4551 4563
4551 4565
4551 4687
4551 4971
4699 2999
4699 4929
4836 4201
4836 4899
4836 4924
854 677
854 1064
854 1553
1653 1385
1653 1421
1653 1428
1653 1581
1653 1588
1653 1623
1653 1631
1653 1656
1653 1828
1653 3571
1653 4629
1869 2041
1869 2048
1869 2241
2272 1791
2272 1816
2272 1829
2272 1925
2272 2016
2272 2018
2272 2044
2272 2127
2272 2138
2272 2165
2272 2205
2272 2269
2272 2278
2272 2924
2272 3259
2272 4594
2272 4609
2277 1759
2277 1998
2277 2002
2277 2117
2277 2156
2277 2176
2277 2187
2277 2322
2277 2334
2277 2560
2277 3585
2277 4684
2620 2949
2620 3103
2725 3122
2725 3385
2725 4585
2936 2511
2936 2642
2936 2655
2936 2941
2936 3088
2936 3132
3178 1545
3178 1843
3178 2390
3178 2411
3178 2474
3178 2622
3178 2632
3178 2680
3178 2759
3178 2812
3178 2824
3178 2848
3178 2882
3178 2930
3178 3077
3178 3163
3178 3209
3178 3824
3178 3943
3178 4565
3436 3391
3436 3529
3436 3988
4263 4052
4263 4348
4263 4387
4263 4448
687 1297
687 4341
810 707
810 1559
1186 1244
1186 1279
1186 1295
1186 1299
1186 4682
1186 4773
1306 636
1306 689
1306 763
1306 837
1306 954
1306 1032
1306 1179
1306 1279
1306 1295
1306 1299
1306 2278
1306 2536
1306 2726
1306 2929
1306 3032
1306 3258
2017 4651
2213 736
2213 2128
2213 2146
2213 2153
2213 2169
2213 2281
2213 2505
2213 4929
2709 2741
2709 3092
2709 3146
2709 4019
2709 4416
3799 1150
3799 1238
3799 3529
3799 3736
3799 3893
4026 3004
4026 3523
4026 3674
4026 3917
4026 4179
4406 4252
4406 4493
4406 4518
4434 2073
4434 2275
4434 4217
4434 4461
4434 4522
805 1221
805 1288
805 2593
974 612
974 1012
974 1120
974 1131
974 1137
974 1141
974 1692
974 1772
988 617
988 689
988 2629
988 2973
1787 2308
2109 1772
2109 1821
2109 1857
2109 2203
2109 4042
2160 1801
2160 1983
2160 2042
2160 2175
2160 2195
2160 2291
2160 2751
2160 4795
2160 4970
2325 995
2325 1144
2325 1583
2325 1716
2325 1756
2325 1758
2325 1784
2325 1790
2325 1832
2325 1851
2325 1878
2325 1895
2325 1904
2325 2003
2325 2010
2325 2022
2325 2079
2325 2088
2325 2099
2325 2130
2325 2187
2325 2190
2325 2196
2325 2223
2325 2617
2325 4033
2325 4724
2594 2370
2594 2712
2594 3004
2594 4719
2702 1157
2702 2759
2702 3000
2925 2617
2925 2749
2925 2885
2925 2970
2925 3081
2925 3137
2925 3479
2966 2170
2966 2687
2966 2958
2966 3048
2966 3102
2966 3709
2966 4091
3482 2581
3482 4004
3482 4096
4727 3266
4727 4776
4727 4832
4727 4892
4727 4896
907 1051
907 1277
907 1288
907 3757
1039 966
1039 1255
1039 1482
1039 4565
1091 1066
1091 1080
1091 1124
1091 1128
1091 1142
1091 4393
1091 4806
1699 970
1699 1271
1699 1408
1699 1410
1699 1420
1699 1448
1699 1453
1699 1463
1699 1471
1699 1482
1699 1495
1699 1531
1699 1545
1699 1553
1699 1569
1699 1571
1699 1581
1699 1602
1699 1613
1699 1682
1699 1687
1699 2741
1699 3586
1699 3717
1699 4052
1699 4660
2275 1495
2275 1783
2275 1923
2275 1952
2275 1963
2275 2055
2275 2065
2275 2124
2275 2145
2275 2209
2275 2214
2275 2245
2275 2279
2275 2542
2275 3927
2275 4751
2275 4855
2291 1752
2291 1781
2291 1788
2291 1803
2291 1809
2291 1849
2291 1887
2291 1908
2291 1958
2291 1983
2291 2030
2291 2032
2291 2042
2291 2130
2291 2175
2291 2177
2291 2195
2291 2718
2291 2751
2291 3446
2291 4482
2291 4770
2358 2715
2358 3209
3209 1090
3209 1297
3209 1858
3209 2004
3209 2382
3209 2390
3209 2411
3209 2437
3209 2560
3209 2570
3209 2579
3209 2622
3209 2661
3209 2667
3209 2680
3209 2683
3209 2692
3209 2754
3209 2824
3209 2848
3209 2882
3209 2894
3209 2930
3209 3023
3209 3070
3209 3077
3209 3163
3209 3917
3209 4281
3209 4664
3209 4808
3549 3559
3549 3625
3843 2932
3843 3163
3843 3599
3843 3680
3843 3883
3843 4004
3843 4086
3843 4155
3843 4938
3898 4073
3988 2211
3988 2260
3988 3529
3988 3558
3988 3581
3988 3582
3988 3608
3988 3618
4469 905
4469 3034
4469 3490
4469 4251
4469 4261
4469 4386
4469 4403
4469 4565
4544 1572
4544 1647
4544 2012
4544 2179
4544 4357
4544 4424
4544 4427
4544 4441
4544 4450
4544 4466
4544 4522
4544 4527
4544 4528
4544 4891
4544 4923
4755 4812
4755 4873
593 845
593 1071
593 1258
593 1979
845 895
845 1238
845 1244
845 3130
1071 897
1071 904
1071 1261
1071 1370
1071 3282
1071 4796
1258 939
1258 1125
1258 1172
1258 1190
1258 1204
1258 1313
1258 1328
1258 1370
1258 1853
1258 2205
1258 2894
1258 3803
1258 4447
1979 3094
1069 963
1069 1127
1069 1128
1069 1135
1069 2241
1127 683
1127 963
1127 1128
1127 1135
1127 1296
1127 1370
1127 3003
1127 3904
1135 621
1135 663
1135 683
1135 828
1135 1128
1135 2253
1135 3327
3074 2211
3074 2403
3074 2769
3074 3062
3074 3656
3074 3774
595 1094
595 1449
595 3969
1094 1296
1094 1838
1094 2055
1094 3443
1449 1692
1449 2438
3969 1675
3969 1922
3969 2838
3969 3896
3969 4143
3969 4913
597 793
597 1014
597 1026
793 914
793 920
793 1014
793 1577
793 1758
1014 754
1014 914
1014 920
1014 1026
1026 754
1026 914
1026 920
1026 929
1026 1581
1026 2407
598 1012
598 1120
598 1137
598 2589
1012 821
1012 1068
1012 1120
1012 1137
1012 2631
1120 639
1120 821
1120 1068
1120 1137
1120 1481
1120 3350
1120 3720
1137 601
1137 639
1137 671
1137 821
1137 1068
1137 1084
1137 2175
1137 3345
2589 2436
2589 4397
599 3594
3594 2066
3594 2279
3594 4146
3594 4190
600 1016
600 1272
600 1370
600 3122
1016 1125
1016 3982
1272 870
1272 966
1272 1020
1272 1064
1272 1081
1272 1150
1272 1238
1272 1244
1272 1247
1272 1284
1272 1328
1272 2180
1272 2956
1370 625
1370 648
1370 713
1370 729
1370 744
1370 758
1370 843
1370 1031
1370 1053
1370 1062
1370 1090
1370 1125
1370 1142
1370 1153
1370 1204
1370 1261
1370 1284
1370 1313
1370 1591
1370 1619
1370 1742
1370 2096
1370 2689
1370 2828
1370 3698
1370 3992
1370 3993
1370 4142
1370 4319
1370 4389
1370 4899
3122 1682
3122 1692
3122 1809
3122 2079
3122 2420
3122 3035
3122 3062
601 1177
601 2322
1177 622
1177 1031
1177 1313
1177 2111
2322 647
2322 762
2322 1056
2322 1169
2322 1328
2322 1722
2322 1961
2322 1968
2322 2015
2322 2028
2322 2061
2322 2081
2322 2184
2322 2206
2322 2219
2322 2262
2322 2270
2322 2280
2322 2533
2322 2934
2322 3023
2322 3132
2322 4288
2322 4361
2322 4410
2322 4701
602 1189
1189 603
1189 694
1189 938
1189 1018
1189 1049
1189 1140
1189 1157
1189 1276
1189 1898
1189 3170
1189 3508
1189 3900
603 606
603 1147
603 1297
606 1261
1147 644
1147 772
1147 848
1147 860
1147 992
1147 1030
1147 1276
1147 1288
1147 1297
1147 2595
1147 3894
1297 739
1297 848
1297 992
1297 1018
1297 1028
1297 1030
1297 1045
1297 1046
1297 1049
1297 1052
1297 1276
1297 2856
1297 3408
1297 3760
1297 4390
1297 4623
604 638
638 1221
638 1816
1087 859
1087 1001
1087 3103
1087 4634
1261 622
1261 712
1261 1153
1261 1313
1261 2115
1261 3275
1261 4843
607 731
731 696
731 834
731 889
731 3022
1007 3341
1007 4073
1171 954
1171 1059
1171 1169
1171 1182
1171 1279
1171 1282
1171 3014
1171 4089
609 1183
609 2087
1183 1122
1183 1235
1183 1296
1183 2380
1183 2721
1183 3686
2087 1801
2087 2030
2087 2255
2087 2499
610 1330
610 1602
610 4900
1330 676
1330 897
1330 1025
1330 1034
1330 1038
1330 1081
1330 1105
1330 1153
1330 1176
1330 1283
1330 1687
1330 1843
1330 2220
1330 2627
1330 3323
1330 3709
1330 4503
1330 4521
1602 1400
1602 1528
1602 1682
1602 3104
1602 3593
1602 3837
4900 651
4900 1614
4900 3003
4900 3638
4900 4725
4900 4788
4900 4848
4900 4855
4900 4877
4900 4969
1863 2270
612 1105
612 2990
1105 823
1105 2648
1105 4829
2990 622
2990 2439
2990 2659
2990 3000
2990 3006
2990 3080
2990 3508
2990 4729
613 788
613 1279
1279 682
1279 760
1279 1059
1279 1164
1279 1282
1279 1295
1279 1299
1279 3039
1279 4730
1279 4971
1281 657
1281 669
1281 675
1281 695
1281 814
1281 931
1281 944
1281 969
1281 979
1281 1099
1281 1165
1281 1284
1281 1671
1281 3747
1281 4042
1434 1556
1434 1573
1434 1574
1434 1623
1434 4870
615 1255
1255 672
1255 710
1255 797
1255 826
1255 859
1255 1001
1255 1138
1255 1276
1255 1817
1255 3729
1255 4527
649 990
1124 734
1124 1142
617 4142
4142 1011
4142 1646
4142 2194
4142 2402
4142 3046
4142 3408
4142 3419
4142 3426
4142 3444
4142 3676
4142 3714
4142 3721
4142 3739
4142 3909
4142 3927
4142 3928
4142 4201
4142 4843
4142 4883
618 934
934 1142
934 1682
619 1299
619 4213
619 4936
1299 623
1299 682
1299 763
1299 1021
1299 1145
1299 1182
1299 1192
1299 1278
1299 1282
1299 1551
1299 2808
1299 3281
1299 4886
4213 4258
4213 4302
4213 4354
4213 4380
4213 4397
4936 2821
4936 3303
4936 3585
4936 3770
4936 4598
4936 4631
4936 4649
4936 4650
4936 4657
4936 4681
4936 4843
4936 4846
4936 4850
3650 1537
3650 3343
3650 3772
3650 3847
621 663
621 990
663 990
663 1128
663 2039
990 2255
990 3320
990 4491
623 1179
623 1541
1179 668
1179 1989
1179 4924
1541 1524
1541 1571
624 824
624 1235
624 1277
624 4424
824 1277
824 1288
1235 637
1235 783
1235 909
1235 953
1235 1099
1235 1172
1235 1296
1235 1658
1235 1895
1235 3710
1235 4377
1277 666
1277 835
1277 852
1277 976
1277 1051
1277 1138
1277 1141
1277 1221
1277 1288
1277 4484
1277 4896
4424 1756
4424 4397
4424 4547
625 713
626 2524
2524 2956
2524 2968
2524 2971
627 1115
627 1155
627 1520
627 3637
1115 838
1115 882
1115 904
1115 1070
1115 1139
1115 1155
1115 2209
1115 3698
1115 4423
1155 890
1155 904
1155 1139
1155 1276
1155 3006
1155 3463
1520 1542
1520 1648
1520 1692
3637 734
628 1223
628 1271
628 3039
628 4077
1223 640
1223 930
1223 1084
1223 1144
1223 1190
1223 1228
1223 1271
1223 1278
1223 2582
1223 2633
1223 3385
1223 4201
1223 4943
1271 717
1271 737
1271 838
1271 930
1271 1018
1271 1126
1271 1144
1271 2534
1271 2960
1271 4303
3039 1472
3039 2731
3039 3180
4077 2356
4077 3061
4077 3080
4077 3288
4077 3344
4077 3544
4077 3673
4077 3770
4077 4019
629 1278
1278 994
1278 1102
1278 1172
1278 1242
1278 1328
1278 1952
1278 2933
1278 3248
630 881
881 867
881 1084
881 1242
881 1328
881 1572
881 3535
994 3914
994 4447
632 749
632 1128
749 1632
1128 683
1128 828
1128 963
1128 2583
794 1153
794 1799
634 797
634 2134
797 1969
797 2957
2134 1739
2134 1866
2134 1877
2134 1882
2134 1884
2134 2063
2134 2132
2134 3003
2134 3047
635 829
829 818
636 669
636 1056
636 1425
669 1099
669 2708
1056 874
1056 905
1056 1195
1056 1282
1056 3854
1056 4587
1425 1458
1425 1551
637 3296
637 4524
3296 3247
4524 1931
4524 2848
4524 4232
4524 4244
4524 4260
4524 4362
4524 4423
4524 4466
4524 4475
4524 4480
4524 4508
4524 4547
1221 773
1221 778
1221 785
1221 852
1221 943
1221 1141
1221 1288
1221 1648
1221 4327
1816 2044
1816 3419
639 1008
639 3746
1008 944
1008 1165
1008 1228
1008 3423
3746 2365
3746 3624
3746 3681
3746 3914
3746 4179
640 872
872 1102
872 1199
872 1328
872 2991
872 4737
641 1296
641 3191
641 4466
1296 685
1296 783
1296 855
1296 860
1296 867
1296 931
1296 1113
1296 1122
1296 2251
1296 3645
3191 1681
3191 1789
3191 1830
3191 2262
3191 2456
3191 2512
3191 2578
3191 2605
3191 2655
3191 2660
3191 2690
3191 2850
3191 2928
3191 3019
3191 3057
3191 3088
3191 3104
3191 3349
3191 3501
3191 4414
3191 4707
4466 2232
4466 4362
4466 4443
4466 4475
642 4666
4666 4869
643 1032
643 1295
643 2655
1032 760
1032 1201
1032 1652
1032 4052
1295 652
1295 709
1295 740
1295 929
1295 2187
1295 2712
1295 2726
1295 3764
1295 3854
1295 4324
1295 4412
1295 4789
1295 4853
1295 4876
2655 821
2655 3132
2655 4073
644 4481
644 4810
4481 1145
4481 1813
4481 3432
4481 4268
4481 4328
4481 4392
4481 4396
4481 4565
4810 1592
4810 2231
4810 4777
4810 4943
645 837
645 2507
837 1524
837 2588
646 737
737 815
737 1242
737 2078
647 1632
1632 1442
1632 1556
1632 1619
1632 1658
1632 1671
1632 1692
1632 3000
1632 3817
648 1985
1985 2245
1985 2279
979 1165
979 1872
979 3569
1165 675
1165 969
1165 975
1165 1099
1165 1288
1165 2593
1165 3009
1165 4834
652 1658
1658 992
1658 1211
1658 1401
1658 1461
1658 1566
1658 1592
1658 1625
1658 1646
1658 1692
1658 1836
686 1215
686 2042
655 858
655 1313
858 834
858 889
858 1649
858 2179
1313 661
1313 939
1313 1053
1313 1090
1313 1201
1313 1836
1313 1969
1313 2269
1313 3310
1313 3724
938 667
938 863
938 1199
938 2630
1986 1953
1986 1974
1986 2066
1986 2086
1986 2207
1986 2220
1986 4521
657 1020
657 1099
1020 4190
1099 969
1099 3375
954 4350
954 4630
3437 3663
3437 3939
660 1242
1242 953
1242 1084
1242 1121
1242 1757
1242 2632
1242 3409
1242 3426
1242 4890
661 1284
661 2660
1284 665
1284 840
1284 871
1284 928
1284 1064
1284 1244
1284 2145
1284 2614
662 716
662 1029
662 1215
716 724
716 1029
716 4080
1029 1215
1029 2073
1029 4776
1215 724
1215 825
1215 889
1215 947
1215 1044
1215 1111
1215 1551
1215 2883
1215 3130
2039 1444
664 1122
664 3522
1122 4146
1122 4189
3522 3457
3522 4073
3522 4968
665 1113
1113 2801
1113 4267
1113 4480
666 1288
666 1655
1288 773
1288 835
1288 852
1288 976
1288 1051
1288 1141
1288 1231
1288 1531
1288 1897
1288 1983
1288 3384
1288 4043
1288 4494
1655 1195
1655 1458
1655 1517
1655 1552
1655 1646
1655 1681
1655 1692
1655 1796
1655 2388
1655 2461
1655 3534
1655 4001
667 863
667 906
667 939
863 906
863 1811
863 2164
906 679
906 2862
939 1153
939 1576
668 1199
1199 693
1199 1126
1199 2241
1199 4518
2708 2835
2708 3136
2708 3858
672 3131
3131 2074
3131 2650
3131 2731
3131 2867
3131 2939
3131 3083
3131 3180
1486 1482
1486 1626
1486 1671
1486 4664
1511 1451
1511 1454
1511 1457
674 1109
674 2687
1109 1131
1109 3985
2687 3512
675 817
675 931
817 919
817 1231
817 1247
817 2642
817 2781
931 695
931 969
931 1566
931 3130
676 962
676 1211
676 2047
676 2128
962 763
962 1176
962 2627
1211 735
1211 802
1211 1055
1211 1145
1211 1283
1211 1967
1211 3759
1211 4086
2047 2176
2047 2217
2047 2357
2047 2511
2128 2281
2128 2411
2128 3938
677 828
677 3062
828 963
3062 1915
3062 2387
3062 2582
3062 2768
3062 3714
678 1144
1144 719
1144 1102
1144 1802
1144 2194
1144 2280
1144 4778
679 911
679 2701
679 2856
2701 2676
2701 3170
2856 1923
2856 2376
2856 2850
1068 821
1068 3384
681 1169
681 2598
1169 1182
1169 2088
1169 3088
1169 3688
2598 1104
2598 3092
2598 3146
682 1553
1553 1435
1553 3581
684 3913
3913 3282
3913 3336
3913 3880
3913 4108
3913 4146
3913 4190
3913 4448
3913 4808
685 689
2042 1895
2042 2177
2042 2195
2042 4824
4341 4412
4341 4460
1961 710
1961 2207
1961 3001
690 2696
2696 2184
4853 3683
4853 4664
4853 4845
4853 4869
4853 4883
693 1328
693 4042
693 4402
1328 707
1328 719
1328 799
1328 856
1328 959
1328 1228
1328 2362
1328 2823
1328 3764
1328 4004
1328 4042
4042 3369
4042 3625
4042 4833
4402 4235
4402 4241
4402 4416
4402 4419
694 1046
694 1096
1046 1043
1046 2779
1046 3893
1046 4547
1046 4924
1096 1043
1096 1066
1096 4840
695 4883
4883 4606
4883 4839
4883 4902
4883 4969
696 3308
3308 3664
3308 4075
698 964
698 1145
698 3909
964 718
964 1081
964 1657
1145 818
1145 1195
1145 2448
1145 4345
3909 1804
3909 4189
3909 4201
699 1180
699 3132
1180 811
1180 912
1180 975
1180 1066
1180 1080
1180 1142
1180 1444
1180 1892
1180 2088
3132 2413
3132 2510
3132 2511
3132 2558
3132 2614
3132 2827
3132 2937
3132 2941
3132 3036
3132 3088
3132 3103
3132 3947
700 1028
700 2900
1028 1052
1028 1276
1028 2543
1028 3003
1028 4448
2900 785
2900 1582
2900 2963
2900 3102
1125 1201
1125 1479
1125 2957
815 1172
969 1038
969 4508
1461 3593
705 855
705 1244
705 1571
705 3170
1244 928
1244 1150
1244 1238
1244 1845
1244 2535
1244 3581
1244 4804
1571 1475
1571 1649
1571 1675
1571 4374
1571 4503
1571 4565
3170 722
3170 1920
3170 2251
3170 2444
3170 2514
3170 2553
3170 2563
3170 2608
3170 2685
3170 2799
3170 2821
3170 2828
3170 2895
3170 3034
3170 3070
3170 3080
3170 3130
3170 4108
707 2772
707 3362
2772 2357
2772 2362
2772 3386
2772 3672
3362 4021
3362 4190
1104 884
1104 950
1104 1017
1104 1024
1104 1247
1104 1970
1104 2190
1104 2673
1247 884
1247 919
1247 922
1247 950
1247 995
1247 1017
1247 1024
1247 1231
1247 2004
1247 2177
1247 2560
1247 2828
1247 3061
2781 2686
2781 2949
2781 3146
709 3034
709 3304
3034 1626
3034 2362
3034 2675
3034 2744
3034 3130
711 1228
1228 750
1228 930
1228 1084
1228 1190
1228 1739
1228 1965
1228 2578
1228 3257
1228 3406
1228 3829
712 776
712 1614
712 3327
776 715
776 2575
776 3294
1614 1466
1614 1535
1614 1538
1614 1649
1614 1675
1614 2020
1614 4845
1052 981
1052 1045
1052 2937
1052 3512
1052 4892
1276 1043
1276 1140
1276 1153
1276 1157
1276 1384
1276 1447
1276 1642
715 1002
715 1838
715 4146
1002 1058
1002 2801
1002 3817
1838 2245
1838 2264
1838 4830
4146 1142
4146 1431
4146 1912
4146 2053
4146 2875
4146 2903
4146 3294
4146 3300
4146 3334
4146 3336
4146 3595
4146 3638
4146 3899
4146 3947
4146 4013
4146 4021
4146 4033
4146 4043
4146 4190
4146 4375
4146 4670
724 1044
4080 1043
4080 1834
4080 2179
4080 3257
4080 3301
4080 3357
4080 3657
4080 3663
4080 3760
4080 3874
4080 3904
4080 4031
4080 4032
4080 4052
4080 4189
4080 4757
717 786
717 1190
717 3729
786 2236
786 4324
1190 978
1190 1172
3729 2827
718 1063
718 1392
718 1575
1063 1009
1063 1081
1063 2010
1392 1514
1392 1577
1575 1413
1575 1586
1575 1629
719 1126
719 2718
1126 781
1126 2446
1126 4189
2718 2782
2718 2812
2718 3136
720 2533
720 2837
2837 2573
2837 2688
2837 3032
2837 3102
721 1080
1080 883
1080 3624
1080 4812
722 2731
2731 2270
2731 2625
723 3180
3180 1937
3180 2495
3180 2502
3180 2531
3180 2624
3180 2705
3180 2771
3180 2782
3180 2841
3180 2921
3180 3055
3180 3083
3180 3460
3180 3653
3180 3866
3180 4179
3180 4528
1044 825
1044 947
1044 1111
1044 3917
1283 735
1283 796
1283 833
1283 980
1283 1038
1283 2124
1283 2192
1283 2748
1283 2999
1283 3342
4465 3864
4465 4230
4465 4287
4465 4314
4465 4352
4465 4367
4465 4421
4465 4460
4465 4484
4465 4491
4465 4494
4465 4812
728 832
728 1119
728 2279
728 2727
832 1131
832 1154
1119 1131
1119 1134
1119 4396
1119 4891
2279 1231
2279 1847
2279 1886
2279 1905
2279 1912
2279 2065
2279 2145
2279 2157
2279 2214
2279 2264
2279 3736
2727 3047
2727 3426
729 2232
729 4143
2232 1728
2232 1841
2232 1865
2232 1916
2232 1927
2232 1946
2232 1969
2232 1990
2232 2136
2232 2238
2232 3726
2232 4565
4143 838
4143 1231
4143 1572
4143 2580
4143 3347
4143 3367
4143 3463
4143 3473
4143 3486
4143 3561
4143 3625
4143 3703
4143 3777
4143 3876
4143 3896
4143 3937
4143 3972
4143 4654
4143 4779
4143 4970
834 889
834 2250
889 1522
889 4860
3022 2388
3022 2627
3022 2876
3022 2988
3022 3346
1958 2189
1958 2195
1958 2870
1958 3130
733 3276
734 1200
1200 1081
1200 1204
1200 3137
1200 4929
735 1140
1140 870
1140 2658
1140 3396
736 3580
3580 2260
3580 3540
3580 3981
2078 1971
2078 2241
2078 2251
3444 4201
3712 1721
3712 4119
739 2219
2219 905
2219 1774
2219 2184
2219 2270
2219 3077
740 1192
1192 741
1192 874
1192 899
1192 1058
1192 2193
1192 3130
1192 3883
1231 771
1231 884
1231 922
1231 950
1231 1017
1231 1024
1231 2251
1424 1436
1424 1615
1424 3856
4484 1018
4484 1851
4484 3094
4484 4230
4484 4287
4484 4314
4484 4316
4484 4326
4484 4338
4484 4352
4484 4367
4484 4421
4484 4491
4484 4494
743 1111
743 3250
743 4913
1111 825
1111 947
1111 1121
1111 1865
1111 3349
3250 2823
4913 4343
4913 4735
4913 4852
4913 4929
744 943
744 4013
744 4856
943 762
943 3023
943 3972
4013 2713
4013 3036
4013 3721
4013 3899
4013 3947
4013 4021
4013 4033
4013 4190
4013 4387
4856 1682
4856 4650
4856 4923
4856 4938
4856 4970
790 1066
790 4563
2053 1728
2053 2120
2053 2170
2053 2179
2053 2260
2053 4573
2933 2568
2933 2630
2933 2764
2933 2833
2933 2870
750 1172
750 1201
750 4312
750 4938
1172 1084
1172 3972
1172 4217
1172 4845
1201 4442
1201 4792
4312 4453
4938 1762
4938 2529
4938 3447
4938 3514
4938 3733
4938 4746
4938 4767
4938 4805
4938 4808
4938 4811
4938 4890
4938 4899
4938 4924
4938 4970
752 884
752 1282
752 2417
752 4518
884 771
884 4399
1282 772
1282 1058
1282 1164
1282 1657
1282 2195
1282 3318
1282 4249
1282 4668
2417 1847
2417 2835
2417 3146
4518 2334
4518 4221
4518 4304
4518 4330
4518 4425
4518 4438
4518 4444
4518 4509
4518 4521
1084 1121
1084 4019
1142 839
1142 975
1142 1066
1142 2116
1142 4509
1142 4706
3943 2671
3943 3836
3943 3922
3943 4461
780 4795
1195 1051
1195 3696
1195 4393
758 3419
758 4623
3419 4201
4623 4602
4623 4605
4623 4685
4623 4804
759 4073
4073 2872
4073 3358
4073 3735
4073 3744
4073 3833
4073 4108
4073 4528
4073 4887
760 1903
761 768
768 4433
763 4297
4297 2061
4297 3146
4297 4527
765 1134
765 3836
1134 918
1134 1154
1134 2930
1134 4954
3836 3945
914 920
914 2578
914 3688
914 4019
1547 1436
1547 1531
1547 2991
1547 4968
4433 3761
4433 4344
4433 4453
4433 4565
2743 4033
3473 3968
3255 772
3255 4155
771 922
771 950
771 995
922 4928
950 899
995 1024
995 2588
772 3137
3137 1238
3137 2394
3137 2415
3137 2469
3137 2615
3137 2652
3137 2713
3137 2720
3137 2723
3137 3032
3137 3055
3137 3057
3137 3397
3137 3879
3137 4400
3137 4944
773 3894
3894 2988
3894 4890
1092 1946
775 1820
775 4108
1820 1018
1820 1739
1820 1877
1820 2132
1820 3009
4108 1058
4108 2054
4108 3130
4108 3627
4108 3641
4108 3656
4108 3713
4108 3886
4108 3980
4108 4795
2575 3048
3294 3269
3294 4190
1018 1043
1018 1045
1018 1049
1018 4460
1487 1646
1487 1675
778 852
778 2632
852 1017
852 4685
2632 2499
2632 2692
2632 2882
4795 2757
4795 4638
4795 4738
4795 4862
781 1528
781 2860
1528 1447
1528 1613
2860 2573
2860 2960
2860 4332
2860 4501
782 4179
782 4496
4179 1981
4179 2642
4179 2688
4179 2764
4179 2998
4179 3111
4179 3388
4179 3397
4179 3457
4179 3460
4179 3466
4179 3475
4179 3550
4179 3569
4179 3607
4179 3639
4179 3645
4179 3681
4179 3686
4179 3696
4179 3761
4179 3804
4179 3824
4179 3850
4179 4091
4496 3780
4496 4278
4496 4430
4496 4527
4496 4528
4496 4547
4496 4563
783 2662
2662 2121
2662 2206
2662 2934
2662 2963
2662 2991
784 867
784 2251
867 1531
867 2580
867 4781
2251 1853
2251 1924
2251 2041
2251 2059
2251 2072
2251 2080
2251 2089
2251 2192
2251 2241
2251 4332
2251 4393
2251 4396
2236 1730
2236 1733
2236 1744
2236 1814
2236 1922
2236 1927
2236 1987
2236 2008
2236 2121
2236 2194
2236 2205
2236 2713
2236 3439
2236 4616
2199 1729
2199 1824
2199 1965
2199 2051
2199 2148
2199 2217
2199 3974
1066 984
1066 2736
4563 1510
4563 1647
4563 1687
4563 2932
4563 3014
4563 3163
4563 3660
4563 4096
4563 4229
4563 4247
4563 4259
4563 4265
4563 4277
4563 4281
4563 4290
4563 4309
4563 4342
4563 4349
4563 4364
4563 4375
4563 4386
4563 4392
4563 4407
4563 4462
4563 4480
4563 4503
4563 4565
4563 4583
4563 4842
1182 887
1182 1743
1182 3288
1182 4565
1182 4805
920 859
920 2945
1577 1398
1577 1507
1577 1573
1577 1588
1577 2164
1577 4892
1758 2800
1153 2704
1153 3782
1799 2260
1799 4383
796 1176
796 3310
1176 833
1176 897
1176 1164
1176 1483
3310 4075
1969 1728
1969 2238
2957 2408
2957 2473
2957 2548
2957 2969
2957 3003
2957 3103
1539 1542
1539 1587
1539 1626
1539 1692
1539 1932
799 959
799 2084
959 982
959 1865
2084 2184
2084 2250
2084 2253
2084 2402
800 2857
2857 1675
2857 2462
2857 2545
2857 2591
2857 2699
2857 2790
2980 1625
2980 2238
2980 2945
2980 2968
2980 3111
802 1021
802 2378
802 4767
1021 1064
1021 1238
1021 2260
1021 2494
2378 4480
4767 2975
4767 4284
4767 4828
4767 4923
2281 2054
2281 2083
2281 2146
2281 2153
2281 2169
2281 2207
2281 2334
2281 4248
2281 4522
2281 4799
4712 897
4712 4638
4712 4779
4712 4878
3046 2483
3046 2631
3046 2688
3046 3601
3046 4227
3046 4929
2593 1599
2593 2842
2593 3103
806 2767
806 4612
2767 4776
807 1139
1139 1070
1139 1794
1139 2211
1139 2361
978 2250
978 4645
978 4806
2949 2255
2949 2460
2949 2562
2949 2954
2949 3103
2949 4637
4201 2919
4201 3287
4201 3349
4201 3356
4201 3374
4201 3408
4201 3425
4201 3426
4201 3499
4201 3508
4201 3592
4201 3623
4201 3682
4201 3721
4201 3747
4201 3832
4201 3927
4201 3928
4201 3972
4201 4045
4201 4189
4201 4310
4201 4607
4201 4766
4201 4869
4201 4877
1559 1576
1559 1682
1559 1687
811 2308
2308 1821
2308 1900
2308 1944
2308 1947
2308 2002
2308 2159
2308 2161
2308 2164
2308 2211
2308 2217
2308 2233
2308 2253
2308 2982
2308 3042
2308 3896
2308 4838
4890 4378
4890 4808
4890 4862
4890 4954
4890 4970
813 883
813 1917
883 1507
883 1745
1917 1995
1917 2260
814 944
814 3352
814 3571
944 3777
3352 1556
1238 966
1238 1150
1238 4575
1238 4754
1238 4870
919 1442
919 3616
2642 3070
2968 3094
2968 4001
1138 859
1138 1001
1138 1009
1138 1965
1138 2615
1138 3824
1138 4032
821 2548
2548 2555
2548 3003
2798 2842
2798 2954
2798 3103
2798 4944
823 3303
3303 3586
3303 4189
825 2451
2451 3092
2451 3146
1030 1867
1030 4664
963 1757
963 4388
1164 1058
1164 2080
1164 2492
1164 3899
1164 4903
831 1966
1966 2127
1966 2833
1131 970
1131 1042
1131 2176
1131 2580
1154 905
1154 1042
1154 1054
1154 1540
1154 2554
833 1826
833 3104
1826 1649
1826 2072
3104 1458
3104 2334
3104 2890
3104 3008
3104 3682
3104 4855
2250 1715
2250 1776
2250 2012
2250 2041
2250 2203
2250 2370
2250 2973
2250 4841
835 4189
835 4418
4189 905
4189 1646
4189 2116
4189 3258
4189 3349
4189 3374
4189 3387
4189 3508
4189 3553
4189 3574
4189 3590
4189 3592
4189 3682
4189 3714
4189 3721
4189 3739
4189 3743
4189 3747
4189 3752
4189 3769
4189 3829
4189 3880
4189 3927
4189 3928
4189 4386
4189 4750
4418 1475
4418 4217
4418 4327
4418 4356
4418 4377
4418 4422
4418 4442
2192 1992
2192 2074
2192 2241
2192 3097
4052 3301
4052 3391
4052 3657
4052 3736
4052 3800
4052 3874
4052 3904
4052 3928
4052 3939
4052 4031
4052 4032
1524 1546
1524 1572
1524 1626
1524 1652
1524 1657
2588 2650
838 890
890 886
890 4423
839 1440
840 3463
3463 3830
3094 2458
3094 2556
3094 2758
3094 2862
3094 3061
3094 3788
4595 3004
2270 1378
2270 1760
2270 2184
2270 2245
2270 2262
2270 2280
2270 2511
2270 2831
3130 2334
3130 2377
3130 2757
3130 2811
3130 3070
3130 3080
847 1947
847 4509
1947 2012
4509 1922
4509 2193
4509 4288
4509 4365
4509 4447
4509 4493
4509 4521
848 1582
848 2865
1582 1464
1582 1472
1582 1623
1582 1646
2865 2638
2865 2780
2865 2827
2865 2970
2865 3081
850 3008
850 4527
3008 2418
3008 2490
3008 2601
3008 2919
3008 2953
3008 3359
3008 3443
3008 3631
4527 1453
4527 3316
4527 3477
4527 4386
4527 4395
4527 4438
4527 4461
4527 4522
4527 4528
4527 4547
4527 4603
1017 1024
1017 2924
4685 3608
4685 4605
4685 4804
947 3332
3081 2542
3081 2546
3081 2617
3081 2638
3081 2780
3081 2827
3081 2885
3081 2970
3081 2988
3081 3993
3081 4344
1064 3097
856 4791
4791 4750
4791 4756
4791 4873
4791 4943
1649 1378
1649 1399
1649 1415
1649 1466
1649 1475
1649 1532
1649 1535
1649 1562
1649 1675
1649 2194
1649 4086
1649 4710
2179 1793
2179 1983
2179 2074
2179 2120
2179 2260
2179 4734
2179 4735
4943 870
4943 2945
4943 2995
4943 4746
4943 4855
4943 4860
4943 4863
4943 4870
4943 4944
4943 4968
1811 2890
2164 1785
2164 1925
2164 2211
2164 2231
866 1009
1009 3690
1531 1588
1531 2958
4781 2885
4781 4895
4366 1657
4366 4235
870 3438
3438 3401
3438 3893
871 3057
871 4928
3057 2482
3057 2665
3057 2921
3057 3032
3057 3055
3057 4019
3057 4045
3057 4087
4928 1993
4928 2253
4928 2700
4928 4251
4928 4586
4928 4598
4928 4616
4928 4636
4928 4754
4928 4830
4928 4843
4928 4846
4928 4969
4928 4971
1102 1455
1102 2991
2991 2681
2991 2742
2991 2751
2991 2761
2991 2771
2991 2844
2991 2956
2991 2971
4737 1675
4737 4839
4737 4969
4425 4453
4425 4521
4425 4766
874 2603
2603 3136
2603 3260
875 1469
1469 1495
1469 1522
1469 2536
4867 4586
4867 4631
4867 4649
4867 4710
4867 4796
4867 4830
4867 4971
2130 2099
2130 4392
2130 4970
2510 2937
2510 3088
880 912
912 2834
1572 1407
1572 1419
1572 1652
1572 1657
3535 1393
3535 4119
882 1034
1507 1573
1507 1578
1507 1681
1507 2516
1745 1778
1745 1812
1745 1850
1745 1932
4399 1514
4399 4301
885 2989
2989 2707
2989 2746
2989 3000
2989 4474
887 1960
887 4877
1960 1729
1960 2148
1960 4705
4877 3319
4877 4700
4877 4887
4877 4968
4877 4969
3146 2503
3146 2584
3146 2646
3146 2663
3146 2686
3146 2769
3146 2774
3146 2973
3146 2975
3146 2995
3146 3006
3146 3012
3146 3092
3146 3655
1522 1675
1522 1681
4860 2254
4860 4826
4860 4863
4860 4896
4860 4944
4423 2924
4423 3070
4423 4343
4423 4462
4423 4475
4423 4508
3493 1578
3493 4190
2010 1830
2010 1852
2010 2066
2010 2207
2010 2220
897 3726
3726 3565
899 940
899 3772
940 4096
3772 2132
4718 2615
4718 4821
4718 4969
3756 3277
3756 3599
3756 3974
3756 4004
3756 4155
1157 1045
1157 1049
1157 2223
1157 4281
2260 1579
2260 1793
2260 1798
2260 1953
2260 1995
2260 2120
2260 2170
2260 3280
904 3689
904 4621
3689 3320
3689 3424
3689 3702
3689 3802
4621 4522
905 1059
1059 915
1059 1058
1059 3380
2862 1906
2862 2445
2862 3429
1051 1544
3757 2541
3757 3466
3757 3849
3757 4397
4522 3945
4522 4215
4522 4217
4522 4222
4522 4462
4522 4475
4522 4521
4522 4547
4522 4702
909 2080
909 3624
2080 1752
2080 1829
2080 2059
3624 4634
1070 1024
1070 1681
1070 4190
2439 1998
2834 3009
2834 3575
4924 2691
4924 3928
4924 4710
4924 4808
4924 4835
4924 4872
4924 4923
4924 4954
4924 4970
2578 3047
3688 3670
4019 2547
4019 3244
4019 3292
4019 3480
4019 3591
4019 3672
917 953
917 2808
917 4929
2808 2810
4929 3259
4929 4677
4929 4852
4929 4895
918 997
918 1470
918 1948
997 970
997 1042
997 3445
997 4422
1470 1625
1470 1626
1948 4773
1442 1671
3616 2866
2945 2357
2945 2829
2945 3035
1642 1428
1642 1474
1642 1510
1642 1591
1642 1656
1642 1681
1642 1682
1642 2262
1642 2810
1642 4886
2099 2048
2099 2115
2099 2196
2145 2057
2145 2218
2145 2245
2145 4887
3536 1042
928 1494
928 4450
1494 1574
1494 1675
4450 4259
4450 4285
929 4266
4266 4419
4266 4430
1566 1386
1566 1412
1566 1431
1566 3371
4086 1724
4086 3393
4086 3398
4086 3796
4086 3974
4086 4155
4086 4227
4086 4330
992 1398
1682 1422
1682 1490
1682 1518
1682 1525
1682 1569
1682 1648
1682 1671
1682 1687
1682 2025
1141 1578
1141 2107
2022 2032
1045 2686
2561 2958
2630 2161
2630 2400
2630 3136
1576 1652
1576 1865
4096 2584
4096 2885
4096 3052
4096 3528
4096 3599
4096 3680
4096 3796
4096 4004
4096 4155
4096 4508
2153 2816
2153 4278
2153 4835
4969 2394
4969 4430
4969 4626
4969 4681
4969 4760
4969 4764
4969 4768
4969 4788
4969 4820
4969 4821
4969 4824
4969 4833
4969 4854
4969 4868
4969 4887
3023 1731
3023 3083
3023 3454
3972 2570
3972 3593
3972 3625
3972 3937
3777 3915
1121 2665
1121 2746
1121 3922
2413 3088
2413 3102
2413 4008
3332 4828
1899 2233
1899 2444
1687 1445
1687 1476
1687 1518
1687 1525
1687 1540
1687 1545
1687 1585
1687 1858
1687 4944
3982 3527
3982 3674
3982 3698
3982 3846
3982 3996
3982 4971
1479 1420
4592 4840
4350 2355
4350 4521
4350 4819
4630 2051
4630 4573
4630 4785
4630 4804
4316 4364
4316 4491
4316 4494
1599 1587
1599 1671
4547 1895
4547 2278
4547 2699
4547 3397
4547 3774
4547 4231
4547 4236
4547 4285
4547 4291
4547 4347
4547 4351
4547 4358
4547 4407
4547 4462
4547 4480
4547 4528
982 2690
1865 1927
1865 1937
1865 2136
1865 2238
3418 3768
4954 2715
4954 3762
4954 3901
4954 4411
4954 4584
4954 4661
4954 4803
4954 4815
4954 4829
4954 4872
4954 4886
4954 4899
4954 4923
4954 4970
2627 2883
4388 3404
4388 4404
4388 4443
4388 4468
4388 4508
1081 3036
1657 1377
1657 1383
1657 1419
1657 1429
1657 1450
1657 1460
1657 1496
1657 1546
1657 1562
1657 1568
1657 2165
1657 2827
1657 3842
1657 3996
4521 3928
4521 4221
4521 4470
4521 4493
1852 1974
1852 2086
1852 2207
1852 2214
3097 1848
3097 2445
3097 2556
3097 3939
1038 3321
4508 2165
4508 3398
4508 4031
4508 4271
4508 4322
4508 4343
4508 4362
4508 4443
4508 4468
4508 4475
2075 1778
1692 1389
1692 1391
1692 1393
1692 1499
1692 1537
1692 1552
1692 1587
1692 1619
1692 1626
1692 1629
1692 1648
1692 1671
1692 3012
1692 3618
1692 4087
1772 4462
975 3055
3055 2280
3055 2394
3055 2469
3055 2672
3055 2921
3055 3032
3055 4229
3657 3402
4645 4582
4645 4838
4645 4862
4645 4868
4806 4775
4806 4968
1872 1764
1872 1812
1872 1850
1872 1932
3569 2048
3569 3686
981 2525
981 4842
4842 3788
4842 4501
4842 4582
4842 4654
4842 4671
4842 4705
4842 4838
4842 4878
4667 4970
984 1902
984 4970
1902 2614
4970 1377
4970 2157
4970 3343
4970 4235
4970 4282
4970 4584
4970 4722
4970 4752
4970 4805
4970 4808
4970 4821
4970 4841
4970 4872
4970 4886
4970 4899
4970 4968
2973 2741
2973 2995
2973 3012
2973 3092
2973 3915
2255 1821
2255 1913
2255 1914
2255 2176
2255 2180
2255 2233
2255 2254
2255 2334
2255 3036
2255 3403
2255 3717
3320 3640
3320 3694
4491 4091
4491 4230
4491 4287
4491 4314
4491 4326
4491 4335
4491 4338
4491 4367
4491 4421
4491 4494
1819 2142
1819 2233
3779 3247
3779 3782
3779 4155
3914 3346
3914 3635
3914 4008
3914 4091
3914 4392
4447 2469
4447 4438
1024 4863
3445 3573
3445 3965
3445 4033
3445 4470
4422 4286
4422 4305
4422 4327
4422 4377
4422 4442
4422 4722
3947 3244
3947 3864
3947 3880
3947 4021
3947 4190
1001 2437
1001 4032
4032 1396
4032 2495
4032 3391
4032 3663
4032 3736
4032 3874
4032 3939
4032 4031
1058 1204
1058 1656
1058 2657
2801 2825
3817 3399
3817 3668
3817 3847
3817 3981
1053 3374
4043 1779
4043 2519
4043 3369
4043 3570
4043 3638
4043 3939
4043 4190
3423 2835
3690 2180
3690 3048
3690 3369
3690 4364
1011 2253
2253 1992
2253 2004
2253 2096
2253 2140
2253 3965
2253 4873
2631 2380
2631 3880
3893 3567
3893 3993
2195 1781
2195 1900
2195 2334
2195 2671
2195 3416
2195 4848
2924 2436
2924 2450
2924 2633
2924 2698
2924 2704
2924 2797
2924 2838
2924 4868
1043 1648
1043 3406
1043 4415
1049 2117
1049 3318
4460 3794
4460 4261
4460 4270
4460 4284
4460 4310
4460 4379
4460 4412
2241 1897
2241 2072
2241 2074
2241 2116
2241 2140
2241 3974
4190 1954
4190 2002
4190 2211
4190 2537
4190 3052
4190 3248
4190 3300
4190 3334
4190 3336
4190 3403
4190 3442
4190 3490
4190 3570
4190 3595
4190 3638
4190 3823
4190 3864
4190 3880
4190 4021
4190 4033
4190 4326
4190 4683
2494 2886
2494 2919
2494 3048
4494 2156
4494 3980
4494 4155
4494 4222
4494 4230
4494 4287
4494 4314
4494 4326
4494 4335
4494 4338
4494 4352
4494 4367
4494 4421
4863 4223
4863 4871
1581 2138
1581 3829
2407 2956
2407 2971
2543 2954
2543 3103
3003 2408
3003 2412
3003 2473
3003 2555
3003 2969
3003 3103
4448 2223
4448 3968
4448 4248
4448 4277
4448 4348
4448 4376
4448 4456
2073 1718
2073 2002
2073 2117
2073 2334
4776 3474
4776 4591
4776 4670
4776 4694
4776 4744
4776 4876
1867 1923
1867 2231
1867 3036
4664 4734
4664 4894
1031 1062
1031 1427
1062 2480
1062 3264
1427 2810
1652 1377
1652 1383
1652 1407
1652 1450
1652 1460
1652 1471
1652 1546
1652 1562
1652 1568
1652 1579
1652 2380
1652 2646
1652 2867
3899 3864
3899 3880
3899 4021
3102 2206
3102 2367
3102 2640
3102 2890
3102 2958
3102 2963
3102 3880
3102 4587
3102 4871
3321 3383
3321 3735
1482 1874
4565 1749
4565 1805
4565 1954
4565 2269
4565 2833
4565 2877
4565 3258
4565 4218
4565 4241
4565 4244
4565 4259
4565 4267
4565 4283
4565 4285
4565 4290
4565 4301
4565 4331
4565 4361
4565 4396
4565 4407
4565 4410
4565 4453
4565 4456
4565 4474
4565 4480
4565 4493
4565 4501
1648 1389
1648 1457
1648 1490
1648 1542
1648 4832
3406 3561
3406 3849
3406 3968
4415 3842
4415 4411
4415 4441
3917 1591
3917 3375
3917 3397
3917 3804
2686 2021
2686 3012
2686 3092
2779 2278
4570 4757
4570 4792
4570 4797
4570 4834
2238 1728
2238 1749
2238 1841
2238 1916
2238 1946
2238 2136
2238 3009
2238 3092
2238 3644
2238 4031
2685 3404
3553 1525
3553 3846
2117 2065
2117 2137
2117 2334
2117 2821
4733 4427
4733 4878
1544 1462
1544 1626
1544 4001
2937 3644
2937 4887
3512 3468
3512 4075
4892 2025
4892 2485
4892 4591
4892 4694
4892 4703
4892 4744
4892 4766
4892 4832
4892 4841
4892 4876
4892 4885
4892 4896
1054 3540
1054 3744
3540 3965
3540 3981
3744 3980
3744 4823
1055 2334
1055 4089
2334 1613
2334 1718
2334 1768
2334 1906
2334 1913
2334 1967
2334 1984
2334 2054
2334 2092
2334 2137
2334 2138
2334 2142
2334 2156
2334 2233
2334 2254
2334 2568
2334 3077
2334 3311
2334 4356
2334 4475
2334 4832
4089 2031
4089 3269
4089 3289
4089 3435
4089 3541
4089 3641
4089 3938
4089 3995
3854 3846
3854 3945
3854 4091
3854 4241
4587 4944
4407 2812
4407 4281
1204 2825
1656 1421
1656 1444
1656 1554
1656 1574
1656 1583
1656 1615
1656 1681
1656 1878
1656 3042
2657 3006
2657 4845
3380 3801
3380 4441
1060 2089
1060 4887
2089 1711
2089 4828
4887 4854
2480 2365
2480 3012
3264 3588
3264 4004
2736 1904
2736 2018
1877 1882
1877 2132
1877 2262
1877 2406
1681 1386
1681 1388
1681 1510
1681 1517
1681 1551
1681 1578
1681 1615
1681 1631
1681 1646
1681 1647
1681 2064
1681 2742
3282 2015
3282 3698
4796 2278
4796 2797
4796 4576
4796 4622
4796 4770
4796 4794
4796 4814
1840 4829
2041 3968
4792 4470
4792 4663
1788 2220
4576 4814
2214 1724
2214 1828
2214 2124
2214 2245
2214 2264
2214 2387
2214 2654
2214 4680
3680 3371
3680 3454
3680 3727
3680 3773
4462 4427
1857 2921
4812 2092
4812 4648
4812 4848
3036 2511
3036 2558
3036 2829
3036 2941
3036 3088
3036 4799
2159 1873
2159 1931
2159 3591
1822 1518
1822 2096
1822 2988
1506 1417
1506 1525
1506 2387
1506 2903
3103 1542
3103 2448
3103 2492
3103 2500
3103 2560
3103 2738
3103 2842
3103 2954
2601 2886
2601 2919
2601 2953
2601 3727
2810 1551
2072 3479
1090 2061
1090 3516
1090 4234
2061 2206
2061 2211
3516 2998
3516 3313
3516 4119
4234 4501
4393 4303
4393 4389
4393 4414
4393 4482
4393 4501
1946 1426
1946 1956
1946 2136
3938 2847
3938 3641
3938 3806
2055 1989
2055 2218
1870 2495
1914 1881
1914 2180
4840 1738
4840 4726
2156 1880
2156 2233
4119 1741
4119 2646
4119 2903
4119 3288
4119 3764
4119 3768
4119 3812
4119 3828
4119 3842
4119 3863
4119 4352
4119 4468
1615 1517
1615 1573
1615 1592
1615 1646
3883 3416
3883 3686
3883 4155
3883 4493
4001 2203
4001 2403
4001 3342
4001 3901
4001 4087
4001 4373
3915 2582
3915 3849
3915 4598
1455 1454
1455 1586
1887 1983
4214 2723
4214 4440
1970 2020
1970 2205
1970 2269
1970 2278
1970 3111
2190 1756
2190 2115
2190 2223
2190 4075
2190 4971
2673 4386
2648 2037
2648 3092
4829 3761
4829 4679
4410 4392
4410 4396
1884 1415
1884 1866
1884 2063
3856 3501
3856 3591
4605 4785
4605 4804
3985 3937
3985 4045
3985 4821
3985 4833
1918 2184
4267 4349
4480 4304
4480 4339
4480 4474
2211 1735
2209 1886
2209 2009
2209 2157
2209 2218
2209 2245
2209 2264
2209 2710
2209 2715
3698 3446
3698 3996
2393 2218
2393 2663
3506 1718
3506 3446
3996 1421
3996 3360
3996 3498
3996 3531
3996 3631
3996 3693
3996 3846
3996 4944
4221 4493
4396 2969
4891 4593
4891 4868
4891 4870
1481 1532
1481 3668
3350 1896
3720 2633
3720 3275
3720 3762
3720 4730
2665 3032
2665 4811
2746 4461
3922 3528
2446 2462
3904 4031
1715 1894
1715 2189
1715 4902
2175 1713
2175 1849
2175 1900
2175 2032
2175 2177
2175 2958
2827 2444
2827 2749
2827 2780
2176 1984
2176 2092
2176 2107
2176 2712
2176 4008
2930 3163
2930 3262
2930 3475
3345 3696
1965 3004
2615 3163
3824 4091
2361 3136
3396 3312
3396 3483
3396 3498
1578 1463
1578 1631
1578 4374
1578 4412
2107 1457
2107 2956
2107 3768
2116 1992
2116 4683
4706 3626
4706 4734
2813 2982
4335 4403
1802 1962
1802 1981
1802 2189
1802 2193
1802 3752
2194 1733
2194 1744
2194 1776
2194 1922
2194 1987
2194 2121
2194 2443
2194 4902
2280 2262
2280 3591
2280 4765
4778 4811
4345 4245
4345 4303
4345 4307
4345 4414
4345 4476
4345 4501
4622 4602
4622 4794
4622 4814
2595 1532
2482 4456
2698 2450
2698 2530
2698 2704
2698 2819
2698 3710
2934 2651
2934 3035
2934 4702
3281 1971
1150 3000
1150 4087
3000 2136
3000 2787
4087 4155
2704 2461
2704 2554
3782 3974
1540 1495
1540 1916
2554 2461
2554 2530
2554 2838
3006 2491
3006 2717
3006 3339
4305 4286
4305 4377
4305 4442
2223 2088
2223 2115
2223 2187
2223 2196
2223 2419
2223 4031
4281 4268
4830 2450
4830 4843
4830 4899
4830 4971
4342 3001
2866 1768
2866 4695
2545 2591
2545 2842
2545 4265
2545 4823
2492 3595
4903 3656
4903 3769
4903 4968
3009 2458
3009 3018
3009 4646
3009 4650
4834 2057
4834 4583
4834 4607
4834 4719
4834 4777
4834 4797
2558 2146
1587 1389
1719 2169
4789 4730
2088 3896
3088 2142
3088 2675
3088 2941
3088 3534
3088 3759
1433 1390
1433 1402
1433 1426
3014 1569
3014 3588
3014 3697
4845 4606
4845 4648
4845 4787
4845 4869
4845 4902
2541 2581
1429 1579
2654 2581
2654 2954
2170 1765
2170 1916
2170 1957
2170 2120
2170 4968
1483 1647
1483 4600
2111 1963
2111 1981
2111 1990
2111 2189
2111 2193
2111 2907
2553 3136
1444 1626
1892 2044
1892 2278
1892 3136
4091 2220
4091 2875
4091 3660
4091 3761
4091 3874
4091 3991
4091 4008
4238 4237
4238 4302
4238 4380
1743 1739
1743 1808
1743 2063
1743 2132
3288 2546
3288 3544
3288 4039
4805 3573
4805 3674
2721 2264
2721 3042
3686 4008
3686 4440
4788 4702
4788 4809
4923 3269
4923 3901
4923 4742
4923 4756
4923 4811
4923 4854
4923 4886
3801 3509
3801 3945
4682 3701
4682 4876
4773 4854
4773 4871
1898 1833
1898 1972
1898 2650
3508 3866
3900 3260
3900 3314
3900 3575
1777 1795
3287 3676
2193 1738
2193 1885
2193 1894
2193 1990
2193 2086
2193 2146
2193 2189
2187 2196
1732 2799
1456 1399
1456 1538
1456 1675
4442 3442
4442 3450
4442 4286
4442 4351
4442 4356
4442 4377
4419 2081
4419 4357
2825 2907
2825 3391
2883 2715
2360 1783
2385 3001
2764 1984
2764 2833
2764 3136
3038 1885
3038 2608
3038 3042
3038 3061
2650 2960
3399 3563
3399 3669
3399 3965
4624 1451
4624 4607
4624 4637
4624 4719
4624 4757
1967 1808
3735 2460
3735 3383
3735 3459
3735 3699
3735 3850
3735 4770
3676 4303
1551 1647
1489 1647
1489 1974
2636 3080
2782 2364
2782 3136
2782 4045
4470 3351
4470 3992
4470 4361
4470 4387
4470 4444
2245 1464
2245 1817
4474 4283
4474 4362
4474 4373
2459 2960
2459 2982
2459 3393
2140 2217
4869 1849
4869 4707
2582 2365
2633 2797
2633 2838
3385 3163
3385 3459
3385 3498
3385 3699
2233 2064
2233 2180
2233 3778
2233 4377
2233 4739
3001 3358
4363 4240
1824 1431
1824 1855
1824 2127
1824 2205
3550 3409
4803 2607
3080 2461
3080 2844
3080 2849
3080 2895
3080 3047
3080 3351
3080 3565
3370 3794
3370 3992
4155 1953
4155 2092
4155 2526
4155 2609
4155 3061
4155 3268
4155 3280
4155 3284
4155 3319
4155 3410
4155 3434
4155 3704
4155 3773
4155 3822
4155 3974
4155 4004
1739 2132
3829 2612
1881 4846
3393 3426
3393 3633
3393 4716
3018 1457
3018 1987
3018 2508
3018 3083
3018 3467
3018 3980
3018 4732
4377 3425
4377 4356
1562 1377
1562 1419
1562 1538
1562 1789
1562 3614
1623 1453
1623 1583
1623 1790
1623 4968
4850 4616
4850 4808
4850 4971
4575 2148
4575 4847
4754 3364
4754 4710
4870 4819
4870 4968
3927 1954
3927 2514
3927 3928
3927 4253
3673 1886
3673 4039
3409 1629
4441 4476
4804 3995
4804 4785
4584 4582
2092 1827
4476 1972
4476 4223
4476 4239
4476 4242
4476 4269
4476 4278
4476 4303
4476 4389
4476 4414
4476 4440
4476 4482
4476 4501
2004 4501
2177 1830
2177 1900
2177 2032
2177 3268
2177 4309
3061 2449
3061 3369
1518 1422
1518 4374
2882 3850
3588 3289
3588 3307
4862 3386
4862 3886
4862 4582
4862 4608
4862 4651
4862 4759
4862 4779
4862 4838
4862 4878
2141 2025
2141 2065
2141 3305
3266 3328
3266 4742
3466 2581
4296 4376
2563 2370
4729 4968
4894 3886
4894 4809
4894 4826
4894 4895
4894 4944
4894 4968
2515 2895
2515 3052
3047 2157
3047 2433
3047 3052
3863 2231
3863 2982
1853 4349
2205 1742
2205 1943
2205 2005
2205 2044
2205 2217
2205 2269
2205 2850
2205 2939
2205 3716
2894 2414
2894 2519
2894 2570
2894 3163
2894 3314
3803 2086
3803 2467
2115 2009
2115 4684
4843 3804
4843 4848
4843 4971
1984 1713
1984 1930
3092 1438
3092 1532
3092 2057
3092 2521
3092 2547
3092 2584
3092 2663
3092 2995
3092 3012
3092 4603
2969 2408
2969 2412
2969 2473
2969 2555
2127 1925
2127 2016
2127 2138
2127 2231
2127 2278
4451 1835
4451 3663
4451 4243
4451 4348
4451 4376
4451 4456
4451 4528
1974 1723
1974 1775
1974 2066
1974 2086
1974 2207
1974 2220
1925 2269
1925 2278
1925 3361
3638 3291
3638 3945
4395 4330
4868 3743
4868 4823
2534 3136
2960 2568
2960 2757
2960 2915
2960 3702
2960 4503
4303 4278
4303 4389
2180 4075
2956 2742
2956 2751
2956 2761
2956 2867
2956 4627
4815 1399
4815 2812
2824 3077
4298 4364
4298 4648
4896 2137
4896 4670
4896 4674
4896 4687
4896 4766
4896 4832
4896 4847
4896 4876
4896 4885
1952 2264
1952 3032
4971 1573
4971 2034
4971 3052
4971 3559
4971 4586
4971 4631
4971 4636
4971 4643
4971 4649
4971 4650
4971 4695
4971 4701
4971 4838
4971 4846
1671 1435
1671 1567
1671 1613
1671 1619
1671 1625
1671 2096
1671 2269
4249 3804
4249 4411
4668 1803
2748 3284
2999 4697
3342 3876
2121 1733
2121 1776
4021 1913
4021 2161
4021 3880
4021 4033
1554 1396
1554 1556
3806 2138
3806 3780
3806 3995
1499 1629
2083 2505
3163 2387
3163 2414
3163 2570
3163 2683
3163 2848
3163 3077
3163 3590
4705 4838
4705 4852
4705 4878
4797 3035
4797 4735
4797 4757
4797 4777
1735 3246
2064 2137
2064 3995
4404 2137
4404 4362
4404 4468
1841 1916
1841 2376
1841 2692
4286 4356
4777 2217
4777 4719
4777 4739
3937 2012
3937 2081
3937 3896
3937 3968
3254 3479
4045 2254
4045 2544
4045 3697
4438 3382
2712 2800
2712 2848
2712 2903
2712 3301
2726 2890
2726 3070
3764 3800
3764 3939
4412 4270
4412 4284
4412 4310
4876 4528
4876 4577
4876 4687
4876 4689
4876 4715
4876 4766
4876 4841
3645 2120
3408 1761
3408 2659
3760 2477
3760 3361
4390 2903
1450 1579
1450 2761
1450 4237
2157 2016
2157 2264
2157 3703
3528 2544
3528 3704
4886 2998
4886 4661
4886 4899
3641 3670
3992 3249
3992 3359
3992 3490
3992 3585
3992 3635
3992 3794
3992 3939
3992 4291
2611 1409
3669 1894
3669 3965
3669 3981
1591 1386
1591 1583
1591 1631
4440 2537
4440 2672
4440 4233
4440 4239
4440 4242
4440 4245
4440 4389
4440 4414
4440 4482
4440 4501
4440 4528
3388 3901
4493 2741
4493 4456
3367 4644
2907 4528
3527 1804
3527 3483
3527 3633
3527 4301
4237 4332
4237 4354
4237 4380
4237 4397
2278 1542
2278 1742
2278 1761
2278 1791
2278 1829
2278 1855
2278 1937
2278 1943
2278 2005
2278 2016
2278 2138
2278 2165
2278 2269
2278 3788
2278 4638
2278 4738
2278 4873
2536 2512
2536 2729
2536 2790
2536 4225
2929 3052
2929 4362
2929 4824
3032 2394
3032 2713
3032 2921
3032 3965
2264 1905
2264 1923
2264 2009
2264 2034
2264 2065
2264 2218
2264 2744
2264 3395
2264 4254
2264 4330
3634 3474
3794 3585
2892 2885
2892 3529
4899 2608
4899 3477
4899 4269
4899 4759
3574 2831
3574 2850
3574 3325
3991 3351
3991 3416
3991 3687
3991 4008
3991 4456
4968 3573
4968 4629
4968 4787
4968 4851
1567 1625
1567 1629
2876 1574
2876 2758
2876 2818
3398 3780
4411 2938
4411 4354
1775 2066
1775 2207
1775 2220
1775 2269
2870 2418
2870 3136
2870 4482
3847 2142
3847 3363
3847 3573
3847 3965
3847 3981
2269 1761
2269 1919
2269 1943
2269 2005
2269 2016
2269 2018
2269 2138
2269 2165
3724 2449
3864 4852
3465 1574
4004 2196
4004 3727
4004 4824
2184 2728
3346 3555
4596 3674
4746 4453
3618 3372
4482 3768
4482 4223
4482 4233
4482 4242
4482 4245
4482 4269
4482 4278
4482 4291
4482 4389
4482 4414
4482 4501
2538 2932
2607 2699
2867 2681
2867 2742
2867 2761
2953 2691
2953 2886
2953 4075
3278 2436
3965 3573
3965 3626
3965 3668
4033 1496
2848 3373
2938 2638
2938 2822
2938 2915
2938 4373
1409 1552
2262 1832
2262 2048
2262 2081
2262 2508
2262 2720
2262 4826
1629 3414
3505 3291
2675 2025
3424 2392
3424 3378
3424 3694
3424 3802
1475 1532
4701 3876
4701 4681
2823 2032
3727 3717
2220 1723
2220 1740
2220 1768
2220 1830
2220 2066
2220 2086
2220 2207
3323 3716
3709 3993
4503 1833
4503 2963
4503 2975
4503 4242
4503 4389
4503 4453
1510 3480
3849 2890
4839 3111
4839 4574
1445 1428
1445 1556
1445 1646
1535 1573
1723 2086
1723 2207
2941 1619
2941 1919
2941 4339
3783 3247
3783 3598
4779 2196
4779 4878
2414 3077
3245 4075
1496 1385
1496 1471
2822 2963
2822 3336
2970 2542
2970 2885
3605 1631
3605 2692
3701 1795
4427 4528
2503 4039
2761 2681
2761 2971
2254 1848
2254 1858
2254 1975
2254 3289
3599 2939
3599 3573
3604 4075
4454 2768
4454 4421
4687 4694
4687 4885
3995 1592
3995 3295
3995 3683
1446 1464
1446 1474
3514 3812
3939 1998
3939 4031
4750 3968
4750 4873
1995 1774
2359 3111
2359 3136
2570 3070
2388 4716
2418 2691
2418 2886
1569 1527
1569 4271
1780 2031
4944 4236
4944 4600
4944 4643
4944 4828
4944 4833
4944 4847
4944 4855
4944 4871
3823 3048
3823 3595
4756 1921
1573 2016
1647 1386
1647 1492
1647 1574
1647 1583
1647 1646
1647 3968
1647 4582
3292 3534
4726 3448
4726 4770
4726 4794
2919 2490
2919 4367
3004 2672
3004 2689
3004 2752
3004 2800
3004 2816
3004 2903
3004 4895
4414 3846
4414 4223
4414 4239
4414 4501
4787 1793
4787 3670
4787 4608
3901 2741
3901 4528
4681 4643
3499 3656
4031 3612
4031 3733
4031 3736
4421 3531
4421 4236
4732 4885
2651 2389
2995 2571
2995 2780
2995 2975
2995 4657
4387 2547
4387 2723
4400 4338
4400 4432
4403 3773
4700 2218
1957 1953
1957 2096
3708 3644
1380 1546
1380 1579
1943 4453
3012 2571
3012 2963
3012 2975
3042 2408
3042 4663
4794 2757
4794 4602
4794 4770
4794 4814
4895 2169
4895 4379
1418 1402
1418 1459
2769 1476
2769 2904
3830 1646
3830 3703
3830 4501
2054 2454
2838 2402
2838 2450
2838 2819
2838 3623
3703 2148
3703 3968
4854 1939
4854 2971
4854 4376
1492 1552
1492 1583
1492 1631
1492 3356
2165 1791
2165 1855
2165 2016
2165 2138
3980 3896
2758 2671
4528 2885
4528 3529
4528 4430
1462 1619
1586 1412
1586 1472
1586 4230
4039 3070
4039 3335
4039 3422
4039 3480
4039 3544
4039 3842
1749 2132
1749 2136
2005 1793
2005 2018
2005 3136
2207 1740
2207 1830
2207 2066
2207 2086
2207 3432
3802 2203
3802 3640
3802 3694
3802 3702
3802 4872
1829 2138
1829 3077
1829 4819
3876 3993
1387 4597
3468 3993
3468 4075
1882 1471
2483 2375
3312 3664
3312 4075
3337 2365
2063 1808
2063 2132
2063 3048
3019 1537
3019 2389
3019 4432
3752 3077
4847 2691
4847 3402
4847 4577
4847 4694
4847 4832
4847 4841
4847 4885
4245 3392
4245 4501
1717 2025
1987 1784
1987 2008
2818 1778
2971 2681
2971 2742
2971 2844
1619 2719
1619 4397
1742 2138
1742 2886
2096 1448
2096 2217
2689 2750
2689 2875
2689 2903
2689 2932
3993 2877
3993 4660
4319 4331
4389 4501
1808 1443
1808 2132
3945 1834
3945 3400
3945 4357
3974 1675
3974 3286
3974 3454
3974 3693
1874 1764
1874 1850
1874 1932
3326 2975
3326 3717
1906 1922
1397 1579
4075 3299
4075 3361
4075 3664
4075 4349
1782 4244
1625 1592
1625 4902
1377 1407
1378 1675
1675 1394
1675 1399
1675 1415
1675 1431
1675 1474
1675 1527
1675 1532
1675 1538
1675 4679
1546 1579
1546 1814
1546 1835
4597 3590
4597 4819
1388 4358
4358 2963
4358 4343
1389 1588
1588 1517
1588 2169
1588 3334
1390 2460
1391 2921
2921 2415
2921 2469
1514 1646
1514 2681
1394 1443
1395 1568
1395 3111
1568 1419
1568 1460
3111 2368
3111 2425
3111 3035
1399 2057
1400 2357
1402 3475
3475 4376
1404 3279
3279 3462
1408 1832
1832 2196
1832 4224
1552 2904
1415 4725
4725 3812
1417 1583
1583 3567
1459 1457
1459 1517
1459 1631
1419 2692
1420 2829
2829 2831
2829 2904
1421 1574
1574 1458
1574 3435
1422 1585
1585 1426
1585 1448
1585 1463
1585 2691
1436 3858
1426 1490
1556 4841
1435 1767
1435 3968
3968 1856
1438 1451
1438 2009
2009 2849
1626 1472
1626 2035
1626 2231
1626 3343
1646 4328
1495 4374
1990 1981
1990 2189
1990 2457
1538 2800
1631 3358
1460 3612
3612 2719
1466 3249
2886 2490
2886 2691
2886 4761
1472 2652
1477 4848
4848 1837
4848 4637
4848 4741
4848 4873
1478 1537
1478 1726
1726 2051
3668 1613
3668 3626
3668 3981
3668 4820
2074 1992
4375 1850
4375 4364
3356 4885
4672 2034
1525 2751
2903 2433
2903 2672
2903 2752
2903 2816
2903 2875
2903 4251
2681 2356
1542 1592
2751 2844
2751 2939
2751 4744
1613 1924
1613 2169
4770 4814
2958 2963
4757 4735
2800 2750
2800 2875
1932 1778
1932 1812
1916 1927
1916 4378
1592 1800
1592 3273
3733 3800
1545 3683
3683 3354
1814 1795
1814 2012
2904 2132
4841 1831
4841 4689
4841 4744
4841 4885
1711 1920
3595 3663
3541 4239
3371 2895
2016 2841
2028 3552
3850 1779
3850 3674
2138 2605
2691 2368
2169 2749
2911 2749
3837 2137
2680 2841
4307 2003
4307 4378
2579 2710
4383 4392
4243 4229
1924 1805
2719 2713
2719 2831
4397 4258
4397 4302
4397 4354
4397 4380
3846 3483
3846 3531
3592 4765
3664 4764
3822 3454
3822 4851
2988 3804
4902 4734
2035 4607
2231 1827
2231 1997
2231 2025
3414 3456
2591 2728
2591 2729
4008 3474
4878 4259
4878 4638
4878 4654
4878 4759
4878 4775
2086 3544
2844 2356
2844 2429
2844 3702
3774 3702
4674 4475
4674 4766
4218 4872
4719 2449
4719 4735
4719 4739
2473 4628
4649 3631
4328 3526
4832 4670
4832 4689
4832 4744
4832 4766
1828 3373
2954 2728
2954 3035
2954 4347
2738 2562
4272 4453
3344 3672
2529 2509
2573 2442
3048 2519
4679 2369
4254 4304
3432 3768
3302 4871
1813 1827
2574 2485
2574 4662
3378 2399
3378 3640
2742 2356
3681 3392
3136 2364
3136 2390
3136 2509
3136 2568
3136 2833
3136 4365
3136 4367
3449 2963
3274 2512
3717 2044
3561 3598
3633 4443
4824 1962
2847 3462
2203 1915
2146 3800
3083 4631
4835 4724
1890 4808
4799 4648
4799 4741
3981 3363
3981 4826
1920 4326
1837 1993
1894 2189
1894 4885
2189 1737
2189 1738
2189 4304
1747 1972
1747 1993
1747 3558
1722 2367
1724 2021
2051 1921
2051 2148
1728 4453
1729 1921
1729 2433
2799 2008
2799 3660
1733 2915
2915 2982
2915 3607
1740 1830
2132 4361
1778 1850
1812 1850
1812 4302
2136 1927
2136 2355
1752 4838
4838 2752
4838 3800
4838 4651
4838 4654
1764 3324
3324 3354
2031 4268
1784 2849
1962 2081
1962 2684
1856 2608
2890 3416
4302 4354
1827 2394
2044 2018
2044 4283
3373 3410
1849 2030
2608 3070
4416 4357
2477 3450
1937 2018
2406 3511
1885 2456
1886 2065
4808 3582
4808 4752
4885 3697
4885 4670
4885 4689
4885 4694
4885 4744
1912 4765
1926 2206
2206 3582
2120 1931
2120 3682
2018 2728
1944 3363
3363 3563
3560 2667
3560 3879
1953 4338
2081 4873
1971 4583
4583 3655
1975 3316
2218 2744
2457 2434
1992 3456
4501 4223
4501 4233
4501 4239
4501 4242
4501 4269
4501 4278
4322 4468
4651 2850
4651 4678
4651 4759
2032 3635
3329 3672
3635 3585
4283 4239
2816 2672
2816 2752
2816 2875
2816 3769
4573 2667
4573 4580
4573 4785
3699 3354
3699 3383
2402 2797
3896 3347
4828 2842
2161 4722
2161 4759
3531 3446
3531 3486
3682 2676
3472 4261
3800 4365
3485 4871
2542 2638
4278 4269
3591 3773
2749 2885
4735 4739
4443 4468
4443 4475
4800 4716
2671 2565
3299 2998
2939 3608
3716 3879
3582 3627
2710 3625
4680 3486
4680 4744
4284 4379
2419 2458
2612 3804
2672 2750
4739 4344
3439 3311
3439 3386
3439 3773
4671 3364
4475 4232
4475 4260
4475 4262
4475 4362
4475 4468
4475 4872
2717 2645
3694 3702
3769 3714
4751 4872
4855 2797
3585 2479
3788 3511
2518 2425
2518 3383
3452 4461
3335 4694
4276 4456
4752 3565
3625 4852
2982 2757
3524 3477
4343 4468
4814 4768
2752 2532
4432 4367
4456 4229
4456 4240
4456 4376
3052 2490
3526 4872
4262 4468
3640 3702
4354 4380
2729 2462
2729 2699
2729 2790
2790 2462
2790 2699
3693 3631
4716 4768
2797 2530
2797 2819
2546 3462
2415 2723
2415 4663
2723 4741
2835 3573
2428 4367
2442 4468
4468 3529
2462 4347
2449 2733
2757 4713
4628 4310
2479 2819
2502 3773
2521 4574
4785 4580
2523 4259
2585 3263
2585 4233
2609 3490
2625 3297
2640 4694
2661 3247
3247 4697
3386 3410
4261 4379
4251 4339
3631 3486
4646 4333
3467 4260
4678 3598
3460 4359
4365 4380
4376 4444
4380 3598
3392 3761
4444 4692
3457 4333
3457 4670
