0 132
0 223
0 242
0 247
0 250
0 251
0 4999
132 11
132 49
132 165
132 175
132 184
132 197
132 200
132 213
132 221
132 243
132 403
223 14
223 73
223 113
223 114
223 128
223 139
223 146
223 149
223 154
223 155
223 169
223 171
223 172
223 186
223 192
223 202
223 211
223 216
223 218
223 224
223 226
223 229
223 230
223 232
223 242
223 246
223 247
223 249
223 250
223 251
223 2816
223 3364
223 4570
242 7
242 11
242 19
242 26
242 41
242 54
242 55
242 74
242 76
242 92
242 97
242 100
242 102
242 104
242 113
242 143
242 144
242 146
242 150
242 153
242 154
242 155
242 160
242 169
242 171
242 172
242 173
242 174
242 186
242 190
242 192
242 196
242 201
242 202
242 204
242 210
242 211
242 216
242 218
242 226
242 227
242 228
242 230
242 234
242 235
242 239
242 244
242 246
242 247
242 250
242 251
242 252
242 253
242 254
242 595
242 1263
242 2115
242 2495
242 3232
242 3738
247 7
247 8
247 10
247 16
247 19
247 31
247 34
247 38
247 44
247 54
247 66
247 69
247 73
247 74
247 76
247 77
247 97
247 100
247 102
247 104
247 113
247 114
247 115
247 126
247 128
247 130
247 144
247 146
247 150
247 152
247 153
247 155
247 159
247 160
247 169
247 173
247 174
247 179
247 182
247 186
247 190
247 192
247 196
247 202
247 204
247 211
247 212
247 214
247 216
247 218
247 225
247 226
247 227
247 230
247 235
247 236
247 240
247 246
247 249
247 250
247 251
247 252
247 253
247 646
247 772
247 1684
247 2370
247 2672
247 4941
247 4963
250 7
250 10
250 16
250 19
250 22
250 26
250 30
250 31
250 34
250 38
250 41
250 44
250 52
250 54
250 63
250 66
250 69
250 76
250 77
250 83
250 92
250 97
250 100
250 102
250 104
250 113
250 114
250 115
250 128
250 130
250 138
250 141
250 143
250 144
250 146
250 150
250 153
250 154
250 155
250 157
250 158
250 160
250 169
250 171
250 172
250 174
250 183
250 186
250 188
250 190
250 191
250 192
250 195
250 196
250 202
250 204
250 211
250 214
250 215
250 216
250 218
250 226
250 227
250 230
250 245
250 246
250 249
250 251
250 252
250 418
250 758
250 1291
250 2631
250 2812
250 3411
250 3666
250 4772
251 7
251 8
251 10
251 16
251 19
251 22
251 26
251 27
251 30
251 31
251 38
251 41
251 44
251 54
251 66
251 69
251 73
251 74
251 76
251 77
251 85
251 92
251 97
251 100
251 102
251 104
251 113
251 114
251 115
251 128
251 130
251 143
251 144
251 146
251 150
251 153
251 154
251 155
251 160
251 163
251 169
251 171
251 172
251 173
251 174
251 183
251 186
251 190
251 192
251 195
251 196
251 202
251 204
251 206
251 208
251 211
251 214
251 216
251 218
251 222
251 226
251 227
251 228
251 229
251 230
251 231
251 232
251 245
251 246
251 252
251 254
251 1063
251 1191
251 1264
251 2040
251 2715
251 4364
251 4476
251 4547
251 4988
4999 420
4999 721
4999 1953
4999 2495
4999 2631
4999 2752
4999 2780
4999 3632
4999 4229
4999 4584
4999 4594
4999 4596
4999 4613
4999 4626
4999 4635
4999 4640
4999 4652
4999 4658
4999 4665
4999 4666
4999 4673
4999 4679
4999 4689
4999 4699
4999 4709
4999 4719
4999 4723
4999 4734
4999 4737
4999 4738
4999 4744
4999 4766
4999 4769
4999 4774
4999 4788
4999 4799
4999 4804
4999 4812
4999 4814
4999 4827
4999 4836
4999 4837
4999 4844
4999 4850
4999 4854
4999 4857
4999 4861
4999 4868
4999 4873
4999 4879
4999 4880
4999 4882
4999 4897
4999 4898
4999 4900
4999 4902
4999 4903
4999 4904
4999 4906
4999 4917
4999 4918
4999 4923
4999 4924
4999 4928
4999 4930
4999 4944
4999 4947
4999 4948
4999 4949
4999 4950
4999 4952
4999 4959
4999 4962
4999 4965
4999 4973
4999 4975
4999 4976
4999 4980
4999 4981
4999 4982
4999 4983
4999 4985
4999 4986
4999 4987
4999 4988
4999 4989
4999 4990
4999 4991
4999 4992
4999 4993
4999 4994
4999 4995
4999 4996
4999 4997
4999 4998
1 94
1 207
1 232
1 244
1 245
1 249
1 3710
94 51
94 175
94 197
94 200
94 213
94 221
94 254
94 2091
207 138
207 164
207 192
207 194
207 195
207 197
207 212
207 214
207 220
207 222
207 225
207 226
207 230
207 231
207 233
207 243
207 244
207 245
207 249
207 252
207 253
207 254
207 1286
207 3854
207 4039
232 52
232 82
232 86
232 91
232 93
232 116
232 133
232 138
232 143
232 156
232 159
232 164
232 175
232 177
232 182
232 183
232 186
232 188
232 189
232 195
232 198
232 206
232 210
232 212
232 225
232 231
232 233
232 235
232 238
232 244
232 245
232 246
232 249
232 252
232 253
232 254
232 991
232 2045
232 2736
232 4759
244 4
244 23
244 28
244 45
244 52
244 63
244 66
244 70
244 84
244 85
244 87
244 95
244 96
244 98
244 99
244 116
244 130
244 136
244 137
244 138
244 140
244 141
244 142
244 157
244 159
244 160
244 164
244 166
244 167
244 169
244 170
244 178
244 181
244 182
244 194
244 195
244 198
244 199
244 204
244 206
244 214
244 219
244 222
244 224
244 225
244 226
244 230
244 231
244 233
244 235
244 243
244 245
244 248
244 249
244 252
244 253
244 254
244 734
244 1508
244 2106
244 2621
244 3384
244 4294
244 4906
245 27
245 28
245 31
245 44
245 48
245 62
245 71
245 81
245 82
245 84
245 86
245 95
245 116
245 121
245 122
245 133
245 135
245 136
245 137
245 140
245 141
245 142
245 145
245 156
245 157
245 159
245 160
245 162
245 166
245 174
245 181
245 183
245 184
245 187
245 192
245 194
245 195
245 198
245 199
245 206
245 208
245 214
245 216
245 219
245 222
245 224
245 229
245 231
245 233
245 235
245 236
245 243
245 248
245 249
245 253
245 254
245 734
245 753
245 1451
245 1701
245 2025
245 2935
245 3755
249 2
249 4
249 21
249 27
249 29
249 37
249 40
249 56
249 69
249 81
249 86
249 87
249 90
249 93
249 99
249 108
249 119
249 121
249 138
249 141
249 144
249 156
249 157
249 158
249 159
249 163
249 170
249 177
249 181
249 182
249 183
249 187
249 188
249 194
249 195
249 198
249 199
249 203
249 206
249 208
249 210
249 212
249 214
249 215
249 219
249 222
249 224
249 225
249 231
249 233
249 235
249 236
249 237
249 238
249 243
249 246
249 248
249 252
249 253
249 254
249 2163
249 2569
249 2764
249 2822
249 2833
249 3753
249 4991
3710 2044
3710 2113
3710 2889
3710 2972
3710 2973
3710 2994
3710 3110
3710 3126
3710 3134
3710 3190
3710 3209
3710 3238
3710 3264
3710 3273
3710 3349
3710 3366
3710 3378
3710 3453
3710 3484
3710 3501
3710 3533
3710 3555
3710 3562
3710 3566
3710 3573
3710 3593
3710 3610
3710 3611
3710 3627
3710 3635
3710 3652
3710 3662
3710 3663
3710 3667
3710 3669
3710 3676
3710 3680
3710 3685
3710 3688
3710 3695
3710 3699
3710 3702
3710 3711
3710 3712
3710 3714
3710 3730
3710 3731
3710 3734
3710 3737
3710 3738
3710 3740
3710 3742
3710 3749
3710 3752
3710 3753
3710 3757
3710 3958
3710 4915
3710 4995
2 111
2 228
2 237
2 238
2 248
2 1627
111 79
111 89
111 157
111 179
111 228
111 237
111 238
111 254
111 3008
228 32
228 39
228 50
228 64
228 71
228 72
228 79
228 103
228 105
228 112
228 124
228 131
228 134
228 145
228 148
228 149
228 157
228 163
228 177
228 178
228 179
228 180
228 189
228 193
228 201
228 203
228 208
228 226
228 229
228 235
228 237
228 238
228 239
228 1525
228 2253
228 2862
228 3674
237 7
237 32
237 33
237 36
237 39
237 45
237 50
237 55
237 59
237 64
237 71
237 72
237 79
237 89
237 103
237 105
237 112
237 124
237 126
237 131
237 134
237 145
237 147
237 148
237 149
237 163
237 168
237 178
237 179
237 180
237 181
237 189
237 190
237 192
237 193
237 198
237 201
237 203
237 208
237 215
237 229
237 238
237 246
237 2084
237 2322
237 2695
237 3241
237 3645
237 4556
238 10
238 32
238 33
238 36
238 37
238 39
238 45
238 50
238 55
238 64
238 72
238 73
238 79
238 89
238 103
238 105
238 112
238 124
238 126
238 131
238 134
238 145
238 147
238 148
238 149
238 153
238 163
238 168
238 178
238 179
238 180
238 188
238 189
238 193
238 201
238 203
238 208
238 215
238 227
238 229
238 234
238 252
238 1052
238 1702
238 2792
238 3702
238 4949
238 4976
248 5
248 23
248 24
248 29
248 40
248 51
248 59
248 62
248 64
248 78
248 81
248 82
248 84
248 85
248 93
248 98
248 99
248 106
248 116
248 119
248 122
248 136
248 137
248 138
248 141
248 142
248 157
248 159
248 164
248 166
248 170
248 172
248 177
248 181
248 183
248 187
248 188
248 195
248 199
248 202
248 210
248 212
248 213
248 214
248 216
248 219
248 222
248 224
248 225
248 226
248 229
248 230
248 231
248 233
248 235
248 236
248 241
248 243
248 246
248 252
248 253
248 254
248 1234
248 1235
248 3724
248 3732
248 4036
248 4147
248 4553
1627 1328
1627 1358
1627 1376
1627 1402
1627 1414
1627 1417
1627 1426
1627 1473
1627 1474
1627 1500
1627 1521
1627 1526
1627 1537
1627 1553
1627 1590
1627 1599
1627 1611
1627 1612
1627 1617
1627 1645
1627 1680
1627 1706
1627 2822
1627 4183
3 91
3 170
3 239
3 240
3 241
3 243
3 541
91 20
91 101
91 135
91 190
91 191
91 217
91 241
170 52
170 71
170 199
170 202
170 224
170 227
170 233
170 236
170 252
170 253
170 3747
170 4408
239 4
239 6
239 8
239 9
239 12
239 15
239 17
239 34
239 35
239 43
239 47
239 68
239 83
239 88
239 96
239 101
239 103
239 107
239 109
239 110
239 117
239 120
239 123
239 125
239 129
239 139
239 151
239 152
239 158
239 161
239 162
239 164
239 167
239 185
239 191
239 200
239 205
239 206
239 209
239 215
239 217
239 225
239 234
239 240
239 241
239 253
239 1379
239 1749
239 4646
239 4895
239 4962
240 12
240 17
240 25
240 35
240 43
240 49
240 63
240 65
240 67
240 68
240 80
240 83
240 88
240 96
240 97
240 98
240 99
240 110
240 117
240 120
240 123
240 124
240 125
240 129
240 135
240 139
240 151
240 152
240 158
240 161
240 162
240 164
240 167
240 176
240 185
240 187
240 191
240 197
240 200
240 205
240 209
240 211
240 215
240 217
240 220
240 234
240 241
240 1263
240 1706
240 1991
240 3223
240 3754
240 4867
241 9
241 12
241 15
241 17
241 20
241 25
241 43
241 47
241 50
241 63
241 67
241 68
241 80
241 83
241 96
241 101
241 107
241 109
241 110
241 113
241 117
241 120
241 123
241 125
241 128
241 129
241 135
241 139
241 151
241 152
241 158
241 161
241 162
241 166
241 167
241 176
241 177
241 185
241 191
241 197
241 205
241 209
241 210
241 214
241 215
241 217
241 220
241 221
241 234
241 243
241 254
241 1080
241 1275
241 2059
241 2327
241 3716
241 3949
243 13
243 16
243 29
243 52
243 61
243 62
243 81
243 87
243 92
243 98
243 99
243 108
243 113
243 119
243 133
243 136
243 137
243 140
243 141
243 142
243 144
243 156
243 157
243 158
243 159
243 177
243 181
243 182
243 183
243 187
243 188
243 194
243 198
243 199
243 205
243 206
243 211
243 212
243 214
243 219
243 222
243 224
243 230
243 231
243 233
243 235
243 236
243 246
243 252
243 253
243 254
243 1091
243 1666
243 2649
243 2787
243 2806
243 3608
243 3734
541 138
541 259
541 269
541 273
541 275
541 278
541 288
541 297
541 301
541 308
541 316
541 318
541 323
541 328
541 345
541 349
541 357
541 360
541 375
541 385
541 389
541 391
541 394
541 398
541 399
541 401
541 404
541 405
541 406
541 414
541 416
541 417
541 418
541 420
541 423
541 428
541 429
541 430
541 435
541 436
541 438
541 439
541 443
541 445
541 449
541 451
541 452
541 454
541 457
541 468
541 476
541 481
541 483
541 484
541 500
541 502
541 507
541 509
541 510
541 517
541 518
541 519
541 523
541 525
541 532
541 533
541 535
541 536
541 537
541 538
541 539
541 540
541 542
541 543
541 960
541 2392
541 2833
541 3179
541 3729
541 3753
4 26
4 252
4 253
4 1806
26 128
26 195
26 246
252 13
252 14
252 21
252 23
252 24
252 37
252 52
252 62
252 71
252 81
252 82
252 85
252 87
252 93
252 95
252 106
252 107
252 110
252 112
252 116
252 121
252 122
252 133
252 136
252 138
252 140
252 142
252 145
252 156
252 157
252 164
252 166
252 174
252 177
252 181
252 182
252 183
252 187
252 188
252 191
252 194
252 198
252 199
252 201
252 203
252 204
252 206
252 208
252 210
252 212
252 213
252 214
252 216
252 219
252 222
252 224
252 225
252 231
252 233
252 235
252 236
252 246
252 253
252 254
252 2366
252 2620
252 2743
252 3247
252 3280
252 3657
252 4604
252 4878
252 4911
253 21
253 22
253 23
253 24
253 27
253 37
253 40
253 48
253 56
253 70
253 71
253 74
253 78
253 82
253 84
253 93
253 95
253 98
253 99
253 104
253 105
253 106
253 108
253 116
253 119
253 121
253 122
253 123
253 137
253 140
253 144
253 146
253 147
253 154
253 156
253 157
253 159
253 164
253 166
253 175
253 177
253 180
253 181
253 182
253 184
253 187
253 188
253 194
253 195
253 198
253 199
253 203
253 206
253 209
253 210
253 212
253 214
253 219
253 222
253 224
253 225
253 231
253 233
253 235
253 236
253 254
253 526
253 534
253 2004
253 2266
253 2363
253 2423
253 3421
253 4333
253 4576
1806 1857
1806 1926
1806 1960
1806 1961
1806 1969
1806 2078
1806 2079
5 90
5 127
5 184
5 200
5 213
5 221
90 46
90 75
90 184
90 197
90 200
90 221
90 3988
127 28
127 59
127 82
127 118
127 165
127 175
127 184
127 197
127 200
127 221
127 1628
184 11
184 18
184 51
184 53
184 56
184 118
184 175
184 197
184 200
184 205
184 213
184 221
184 4368
184 4559
200 11
200 13
200 42
200 46
200 51
200 53
200 59
200 116
200 118
200 175
200 213
200 221
200 233
200 1405
200 2627
200 2713
213 11
213 42
213 46
213 49
213 57
213 58
213 59
213 61
213 70
213 75
213 118
213 165
213 175
213 188
213 197
213 221
213 224
213 231
213 1955
213 3726
213 4485
221 11
221 18
221 29
221 42
221 46
221 51
221 53
221 57
221 58
221 59
221 61
221 75
221 107
221 118
221 133
221 165
221 175
221 197
221 209
221 229
221 254
221 843
221 2476
221 3594
6 176
6 190
6 205
6 217
6 234
6 4404
176 129
176 135
176 152
176 158
176 161
176 162
176 171
176 173
176 191
176 194
176 205
176 209
176 217
176 512
176 3413
190 41
190 44
190 143
190 150
190 154
190 172
190 181
190 199
190 211
190 226
190 227
190 246
190 3075
190 4230
205 63
205 67
205 83
205 108
205 123
205 139
205 151
205 152
205 162
205 181
205 191
205 209
205 215
205 217
205 220
205 234
205 1283
205 1435
205 2672
217 25
217 30
217 42
217 43
217 65
217 109
217 120
217 123
217 125
217 151
217 161
217 166
217 167
217 179
217 191
217 209
217 212
217 215
217 220
217 234
217 235
217 4198
217 4205
217 4496
234 9
234 15
234 35
234 43
234 47
234 48
234 56
234 67
234 68
234 80
234 83
234 88
234 109
234 110
234 117
234 125
234 129
234 135
234 139
234 143
234 152
234 158
234 161
234 162
234 167
234 185
234 187
234 191
234 209
234 215
234 220
234 230
234 231
234 236
234 246
234 1532
234 2138
234 2731
234 3752
4404 4401
4404 4460
4404 4523
4404 4525
4404 4542
4404 4547
4404 4554
4404 4559
4404 4572
4404 4573
7 227
7 3699
227 8
227 33
227 69
227 74
227 77
227 92
227 102
227 106
227 128
227 130
227 135
227 143
227 153
227 155
227 173
227 174
227 186
227 202
227 204
227 211
227 216
227 224
227 230
227 231
227 246
227 433
227 1234
227 1277
227 1596
3699 1150
3699 2851
3699 2937
3699 2972
3699 2973
3699 3063
3699 3089
3699 3097
3699 3123
3699 3126
3699 3134
3699 3162
3699 3178
3699 3273
3699 3378
3699 3403
3699 3419
3699 3461
3699 3491
3699 3494
3699 3505
3699 3533
3699 3538
3699 3555
3699 3562
3699 3574
3699 3593
3699 3611
3699 3635
3699 3644
3699 3652
3699 3662
3699 3663
3699 3667
3699 3676
3699 3685
3699 3688
3699 3693
3699 3695
3699 3711
3699 3712
3699 3713
3699 3714
3699 3726
3699 3730
3699 3731
3699 3738
3699 3740
3699 3757
3699 4318
3699 4555
3699 4937
3699 4961
8 113
8 230
8 233
113 202
113 1863
113 3661
230 19
230 30
230 92
230 114
230 130
230 143
230 150
230 153
230 154
230 169
230 171
230 172
230 183
230 186
230 192
230 196
230 202
230 204
230 211
230 218
230 219
230 226
230 236
230 246
230 254
230 410
230 2554
230 2661
230 3702
233 29
233 41
233 48
233 52
233 56
233 76
233 88
233 103
233 118
233 121
233 125
233 133
233 137
233 140
233 168
233 177
233 182
233 188
233 206
233 212
233 214
233 219
233 222
233 224
233 225
233 231
233 235
233 236
233 254
233 375
233 683
233 2584
233 2798
233 3079
9 129
9 214
9 235
9 1660
129 14
129 165
129 185
129 209
129 220
129 3165
214 81
214 84
214 106
214 117
214 119
214 166
214 177
214 188
214 194
214 222
214 225
214 236
214 254
214 2063
214 2570
235 21
235 60
235 78
235 87
235 105
235 108
235 110
235 140
235 141
235 142
235 150
235 156
235 157
235 164
235 171
235 182
235 187
235 194
235 198
235 206
235 210
235 212
235 219
235 222
235 224
235 225
235 231
235 236
235 254
235 2215
235 3594
235 3697
235 3725
235 3727
1660 1352
1660 1384
1660 1396
1660 1446
1660 1465
1660 1479
1660 1505
1660 1523
1660 1525
1660 1593
1660 1601
1660 1606
1660 1620
1660 1625
1660 1630
1660 1643
1660 1644
1660 1649
1660 1663
1660 1666
1660 1670
1660 1671
1660 1680
1660 1683
1660 1687
1660 1691
1660 1693
1660 1694
1660 1699
1660 1703
1660 1705
1660 1706
1660 1707
1660 2418
1660 4970
10 128
10 226
10 246
128 78
128 218
128 246
128 4478
226 21
226 31
226 41
226 74
226 76
226 100
226 130
226 140
226 150
226 155
226 169
226 171
226 173
226 186
226 192
226 196
226 204
226 216
226 218
226 246
226 254
226 3250
226 3595
226 4767
246 22
246 30
246 38
246 41
246 44
246 54
246 66
246 69
246 73
246 74
246 77
246 97
246 100
246 102
246 104
246 114
246 115
246 121
246 130
246 142
246 143
246 144
246 146
246 150
246 153
246 154
246 155
246 160
246 162
246 169
246 171
246 172
246 173
246 181
246 186
246 192
246 202
246 204
246 206
246 211
246 212
246 216
246 218
246 254
246 1311
246 1702
246 1844
246 2749
246 3759
246 4204
246 4357
11 197
197 18
197 46
197 49
197 57
197 59
197 165
197 175
197 219
197 225
197 1236
197 1612
12 93
12 96
12 220
12 3456
93 167
93 254
93 2615
96 38
96 152
96 209
96 220
96 4033
220 15
220 35
220 62
220 63
220 88
220 101
220 109
220 110
220 117
220 125
220 138
220 139
220 152
220 167
220 185
220 191
220 192
220 209
220 225
220 231
220 254
220 3921
220 4344
220 4467
3456 2676
3456 2946
3456 3383
3456 3593
3456 3620
3456 3621
3456 3622
3456 3647
3456 3668
3456 3678
3456 3681
3456 3694
3456 3698
3456 3705
3456 3716
13 121
13 137
13 215
13 225
121 172
121 224
121 254
121 4941
137 58
137 164
137 206
137 211
137 1875
215 15
215 20
215 47
215 65
215 83
215 107
215 117
215 120
215 125
215 135
215 161
215 167
215 185
215 191
215 201
215 209
215 2126
215 2528
215 4919
225 14
225 70
225 78
225 86
225 101
225 133
225 159
225 160
225 166
225 183
225 188
225 198
225 218
225 219
225 224
225 231
225 254
225 2376
225 3620
225 4037
14 236
14 254
14 1290
236 40
236 56
236 78
236 85
236 114
236 122
236 133
236 140
236 141
236 150
236 154
236 166
236 177
236 178
236 183
236 187
236 191
236 194
236 195
236 198
236 199
236 201
236 206
236 210
236 212
236 219
236 222
236 229
236 231
236 254
236 2400
236 3188
236 3237
236 3623
236 4536
254 20
254 21
254 24
254 27
254 28
254 37
254 40
254 48
254 60
254 62
254 70
254 71
254 76
254 80
254 81
254 82
254 84
254 85
254 86
254 87
254 95
254 98
254 99
254 106
254 108
254 112
254 119
254 122
254 126
254 133
254 136
254 139
254 141
254 142
254 159
254 164
254 166
254 177
254 180
254 181
254 182
254 187
254 188
254 195
254 198
254 199
254 206
254 210
254 212
254 219
254 222
254 224
254 231
254 1049
254 1206
254 1683
254 1992
254 2981
254 4006
254 4053
254 4841
254 4959
1290 778
1290 834
1290 879
1290 882
1290 902
1290 963
1290 967
1290 969
1290 975
1290 978
1290 987
1290 1034
1290 1053
1290 1076
1290 1085
1290 1114
1290 1139
1290 1144
1290 1159
1290 1169
1290 1175
1290 1178
1290 1187
1290 1191
1290 1204
1290 1221
1290 1225
1290 1231
1290 1232
1290 1236
1290 1247
1290 1252
1290 1261
1290 1263
1290 1264
1290 1267
1290 1268
1290 1269
1290 1270
1290 1271
1290 1277
1290 1298
1290 1308
1290 1312
1290 1313
1290 1314
1290 1316
1290 1318
1290 1319
1290 3196
1290 3401
1290 3524
1290 3694
1290 3720
15 219
15 763
219 58
219 77
219 86
219 138
219 140
219 141
219 142
219 175
219 186
219 187
219 195
219 206
219 210
219 224
219 676
219 3231
219 4572
219 4630
763 568
763 611
763 626
763 628
763 632
763 637
763 638
763 640
763 646
763 656
763 673
763 678
763 681
763 693
763 694
763 702
763 703
763 708
763 710
763 712
763 717
763 727
763 730
763 731
763 732
763 733
763 734
763 738
763 739
763 741
763 743
763 745
763 746
763 749
763 750
763 752
763 754
763 757
763 758
763 761
763 762
763 764
763 765
763 766
763 768
763 769
763 770
763 771
763 772
763 773
763 774
763 775
763 1117
763 3078
763 3204
763 3584
763 4020
16 142
16 218
16 1734
142 166
142 202
142 759
218 18
218 22
218 37
218 40
218 60
218 66
218 77
218 104
218 114
218 130
218 150
218 167
218 186
218 196
218 204
218 211
218 216
218 1594
218 2880
218 3731
1734 1856
1734 2081
1734 2088
1734 2091
1734 2092
1734 2095
17 43
17 68
17 95
17 2011
43 194
43 196
68 117
68 231
68 3513
95 70
95 145
95 231
95 1651
2011 1196
2011 1721
2011 1724
2011 1742
2011 1759
2011 1825
2011 1840
2011 1844
2011 1852
2011 1887
2011 1941
2011 1945
2011 1967
2011 1971
2011 1973
2011 1976
2011 1979
2011 2008
2011 2014
2011 2017
2011 2023
2011 2026
2011 2032
2011 2078
2011 2082
2011 2086
2011 2836
18 58
18 179
18 4714
58 61
58 175
58 2756
179 89
179 103
179 131
179 134
179 147
179 148
179 189
179 208
179 216
179 229
179 672
179 2648
4714 4667
4714 4846
4714 4853
4714 4862
4714 4863
4714 4875
4714 4890
4714 4950
19 47
19 1919
47 147
47 185
47 934
1919 1721
1919 1733
1919 1743
1919 1842
1919 1858
1919 1950
1919 1981
1919 1994
1919 2004
1919 2010
1919 2018
1919 2022
1919 2023
1919 2075
20 80
20 182
20 3532
80 79
80 109
80 139
80 2550
182 33
182 78
182 124
182 187
182 188
182 222
182 231
182 743
182 3744
3532 1066
3532 3096
3532 3294
3532 3516
3532 3554
3532 3604
3532 3612
3532 3636
3532 3683
3532 3688
3532 3691
3532 3692
3532 3696
3532 3701
3532 3709
3532 3726
3532 3737
3532 3741
3532 3747
3532 3749
21 951
951 854
951 956
951 1059
951 1099
951 1140
951 1233
951 1244
951 1253
951 1299
22 153
22 1752
153 109
153 122
153 130
153 202
153 4054
153 4411
1752 1831
1752 1947
1752 1962
1752 1984
1752 2042
1752 2046
23 161
23 168
23 372
161 107
161 148
161 152
161 162
161 167
161 194
161 1559
161 1963
168 98
168 105
168 126
168 131
168 180
168 189
168 193
168 201
168 208
168 216
168 229
168 4555
372 361
372 411
372 461
372 470
372 488
372 498
372 505
372 534
372 536
24 89
24 224
24 3327
89 163
89 208
89 222
89 278
224 48
224 56
224 86
224 116
224 135
224 151
224 177
224 183
224 193
224 195
224 222
224 229
224 231
224 1981
224 3120
224 4901
3327 2872
3327 2906
3327 2990
3327 3102
3327 3202
3327 3255
3327 3398
3327 3495
3327 3498
3327 3596
3327 3642
25 88
25 147
25 185
25 1265
88 167
88 210
88 3485
147 178
147 189
147 193
147 201
147 203
147 229
147 2741
185 32
185 65
185 107
185 151
185 162
185 171
185 199
185 209
185 222
185 412
185 1272
1265 853
1265 933
1265 944
1265 974
1265 1041
1265 1043
1265 1072
1265 1125
1265 1139
1265 1156
1265 1161
1265 1172
1265 1184
1265 1186
1265 1189
1265 1199
1265 1234
1265 1254
1265 1256
1265 1257
1265 1260
1265 1262
1265 1266
1265 1267
1265 1270
1265 1276
1265 1278
1265 1282
1265 1289
1265 1292
1265 1296
1265 1300
1265 1307
1265 1310
1265 1311
1265 1315
1265 1317
1265 1319
1265 1320
1265 2023
1265 2075
1265 2834
1265 4864
195 98
195 102
195 212
195 222
195 231
195 507
195 2134
195 2333
27 212
27 1548
212 31
212 49
212 106
212 116
212 157
212 187
212 198
212 210
212 231
212 2789
212 4575
212 4717
1548 1417
1548 1463
1548 1565
1548 1566
1548 1621
1548 1655
1548 1671
1548 1678
1548 1679
1548 1690
1548 1692
1548 1699
1548 1701
1548 1704
28 210
28 231
28 4908
210 37
210 62
210 70
210 79
210 118
210 140
210 188
210 194
210 196
210 198
210 222
210 1686
210 3691
231 98
231 119
231 120
231 136
231 157
231 163
231 164
231 181
231 183
231 198
231 199
231 206
231 1255
231 1722
231 2381
231 2636
4908 2744
4908 2796
4908 4742
4908 4849
4908 4888
4908 4905
4908 4911
4908 4915
4908 4926
4908 4928
4908 4934
4908 4938
4908 4941
4908 4943
4908 4949
4908 4953
4908 4954
4908 4956
4908 4957
4908 4964
4908 4967
4908 4972
4908 4974
4908 4986
4908 4998
29 209
29 972
209 65
209 117
209 123
209 135
209 151
209 156
209 167
209 191
209 198
209 350
209 2095
209 2593
972 864
972 871
972 1104
972 1134
972 1175
972 1248
972 1279
972 1285
972 1308
30 160
30 2440
160 39
160 172
160 173
160 186
160 192
160 216
160 1858
2440 2263
2440 2350
2440 2622
2440 2678
2440 2707
2440 2756
2440 2759
2440 2761
2440 2766
2440 2818
31 211
211 60
211 92
211 154
211 165
211 174
211 192
211 196
211 202
211 204
211 216
211 733
211 3693
211 4565
32 149
32 177
32 203
149 48
149 72
149 169
149 178
149 203
149 208
149 229
149 3363
149 4903
177 174
177 183
177 222
177 1251
177 4750
203 33
203 45
203 46
203 79
203 112
203 126
203 145
203 148
203 156
203 163
203 193
203 208
203 229
203 1125
203 3571
203 3759
33 229
33 4644
229 36
229 39
229 50
229 55
229 64
229 84
229 103
229 105
229 112
229 124
229 125
229 126
229 145
229 148
229 163
229 178
229 180
229 189
229 193
229 201
229 208
229 1595
229 1618
229 2481
229 2860
4644 4796
4644 4804
4644 4901
4644 4909
4644 4925
4644 4930
4644 4945
34 172
34 173
34 204
34 2055
172 101
172 171
172 202
172 216
172 910
172 3679
173 141
173 144
173 156
173 186
173 192
173 196
173 216
173 949
173 2575
204 73
204 102
204 144
204 150
204 155
204 180
204 183
204 191
204 216
204 540
204 1855
204 2389
2055 1723
2055 1725
2055 1736
2055 1744
2055 1777
2055 1797
2055 1799
2055 1803
2055 1805
2055 1814
2055 1832
2055 1860
2055 1872
2055 1873
2055 1880
2055 1886
2055 1889
2055 1892
2055 1895
2055 1897
2055 1898
2055 1900
2055 1902
2055 1910
2055 1912
2055 1918
2055 1931
2055 1954
2055 1972
2055 1987
2055 2035
2055 2041
2055 2045
2055 2052
2055 2053
2055 2076
2055 2080
2055 2090
2055 2091
2055 2096
2055 2746
2055 3187
2055 3407
35 52
35 151
35 448
151 65
151 158
151 183
151 1077
151 2866
448 346
448 351
448 365
448 409
448 453
448 458
448 467
448 478
448 482
448 494
448 526
448 529
448 531
448 533
448 1641
36 99
36 134
36 201
36 3745
99 156
99 2883
134 55
134 163
134 164
134 180
134 194
134 201
134 675
201 45
201 50
201 67
201 103
201 145
201 163
201 178
201 189
201 193
201 208
201 1195
201 4468
201 4524
3745 1025
3745 1244
3745 2677
3745 2862
3745 2958
3745 3036
3745 3043
3745 3096
3745 3108
3745 3121
3745 3122
3745 3131
3745 3138
3745 3152
3745 3153
3745 3170
3745 3173
3745 3175
3745 3194
3745 3195
3745 3237
3745 3246
3745 3271
3745 3314
3745 3352
3745 3404
3745 3439
3745 3442
3745 3443
3745 3448
3745 3449
3745 3457
3745 3466
3745 3510
3745 3522
3745 3526
3745 3527
3745 3540
3745 3546
3745 3551
3745 3556
3745 3575
3745 3578
3745 3579
3745 3583
3745 3589
3745 3608
3745 3615
3745 3618
3745 3651
3745 3652
3745 3661
3745 3665
3745 3667
3745 3672
3745 3674
3745 3684
3745 3708
3745 3713
3745 3715
3745 3717
3745 3718
3745 3720
3745 3727
3745 3730
3745 3736
3745 3739
3745 3741
3745 3743
3745 3744
3745 3752
3745 3753
3745 3754
3745 3756
3745 3758
3745 3759
3745 4029
3745 4065
3745 4071
3745 4555
37 3750
3750 671
3750 1585
3750 1595
3750 1706
3750 2060
3750 2256
3750 2866
3750 2878
3750 2885
3750 2898
3750 2932
3750 2961
3750 2962
3750 2997
3750 2999
3750 3002
3750 3010
3750 3011
3750 3012
3750 3039
3750 3056
3750 3061
3750 3075
3750 3088
3750 3098
3750 3105
3750 3110
3750 3119
3750 3191
3750 3208
3750 3210
3750 3211
3750 3264
3750 3291
3750 3302
3750 3344
3750 3353
3750 3354
3750 3367
3750 3370
3750 3372
3750 3386
3750 3406
3750 3411
3750 3416
3750 3420
3750 3457
3750 3477
3750 3489
3750 3523
3750 3544
3750 3547
3750 3558
3750 3565
3750 3594
3750 3595
3750 3598
3750 3603
3750 3604
3750 3605
3750 3629
3750 3639
3750 3641
3750 3650
3750 3653
3750 3654
3750 3671
3750 3678
3750 3679
3750 3689
3750 3690
3750 3697
3750 3700
3750 3712
3750 3715
3750 3725
3750 3727
3750 3728
3750 3732
3750 3733
3750 3735
3750 3742
3750 3746
3750 3751
3750 4061
3750 4902
38 73
38 198
38 1317
73 69
73 1326
198 152
198 157
198 199
198 222
198 1692
198 2464
1317 776
1317 811
1317 824
1317 836
1317 853
1317 864
1317 873
1317 876
1317 893
1317 900
1317 904
1317 906
1317 908
1317 924
1317 926
1317 927
1317 930
1317 933
1317 944
1317 946
1317 955
1317 960
1317 965
1317 971
1317 974
1317 979
1317 1007
1317 1014
1317 1019
1317 1023
1317 1024
1317 1028
1317 1035
1317 1038
1317 1041
1317 1043
1317 1051
1317 1071
1317 1072
1317 1093
1317 1101
1317 1125
1317 1149
1317 1156
1317 1158
1317 1161
1317 1167
1317 1168
1317 1172
1317 1181
1317 1184
1317 1185
1317 1187
1317 1194
1317 1199
1317 1205
1317 1212
1317 1218
1317 1229
1317 1234
1317 1240
1317 1248
1317 1254
1317 1256
1317 1257
1317 1260
1317 1262
1317 1267
1317 1276
1317 1277
1317 1279
1317 1280
1317 1281
1317 1282
1317 1289
1317 1291
1317 1292
1317 1296
1317 1298
1317 1307
1317 1310
1317 1311
1317 1313
1317 1315
1317 1320
1317 1522
1317 2588
1317 2629
1317 2977
1317 3461
1317 4040
1317 4050
1317 4956
39 180
39 202
39 685
180 72
180 103
180 124
180 178
180 193
180 199
180 208
180 2155
180 3335
202 92
202 114
202 155
202 174
202 193
202 196
202 216
202 2167
202 2788
685 592
685 627
685 628
685 634
685 675
685 689
685 691
685 710
685 716
685 736
685 739
685 742
685 750
685 774
685 775
685 2328
40 66
40 2279
66 3253
2279 2230
2279 2429
2279 2524
2279 2546
2279 2615
2279 2672
2279 2789
2279 2798
41 4980
4980 1301
4980 1319
4980 1673
4980 2526
4980 2825
4980 4588
4980 4589
4980 4601
4980 4608
4980 4652
4980 4678
4980 4725
4980 4740
4980 4745
4980 4768
4980 4771
4980 4777
4980 4785
4980 4797
4980 4805
4980 4817
4980 4827
4980 4840
4980 4845
4980 4851
4980 4860
4980 4878
4980 4894
4980 4906
4980 4929
4980 4932
4980 4933
4980 4936
4980 4939
4980 4940
4980 4942
4980 4949
4980 4952
4980 4955
4980 4958
4980 4960
4980 4961
4980 4962
4980 4967
4980 4968
4980 4970
4980 4971
4980 4973
4980 4977
4980 4981
4980 4983
4980 4984
4980 4985
4980 4989
4980 4992
42 46
42 118
42 148
42 4528
46 53
46 2637
118 75
118 165
118 2263
148 57
148 112
148 163
148 208
148 3561
148 4517
4528 394
4528 2795
4528 3754
4528 4289
4528 4339
4528 4342
4528 4372
4528 4377
4528 4413
4528 4441
4528 4454
4528 4464
4528 4484
4528 4488
4528 4493
4528 4495
4528 4496
4528 4501
4528 4503
4528 4505
4528 4508
4528 4518
4528 4532
4528 4534
4528 4536
4528 4541
4528 4544
4528 4546
4528 4550
4528 4551
4528 4556
4528 4565
4528 4569
4528 4573
4528 4576
194 70
194 106
194 178
194 181
194 199
194 2832
194 4544
196 72
196 75
196 146
196 154
196 171
196 189
196 192
196 216
196 704
196 2831
44 174
44 1162
174 115
174 143
174 169
174 171
174 186
174 1032
174 1254
1162 1028
1162 1029
1162 1152
1162 1158
1162 1188
1162 1193
1162 1211
1162 1230
1162 1244
1162 1250
1162 1272
1162 1278
1162 1291
1162 1293
1162 1294
1162 1295
1162 1302
1162 1303
1162 2766
45 92
45 193
45 3131
193 55
193 124
193 131
193 140
193 178
193 189
193 208
193 222
193 1168
193 3746
3131 2926
3131 3636
3131 3739
3131 3741
3131 3744
3131 3752
3131 3753
53 61
53 165
53 222
53 1411
2637 2123
2637 2204
2637 2293
2637 2306
2637 2310
2637 2326
2637 2387
2637 2448
2637 2602
2637 2611
2637 2639
2637 2678
2637 2700
2637 2721
2637 2737
2637 2782
2637 2789
2637 2798
2637 3240
934 1039
934 1191
934 1300
934 1302
934 1304
934 1305
934 1306
934 1309
48 138
138 2812
49 75
49 175
49 804
75 175
75 186
75 650
175 86
175 165
175 2101
175 4051
804 1071
804 1119
804 1165
804 1285
804 1303
804 1308
50 79
50 4509
79 389
4509 964
4509 3721
4509 4329
4509 4330
4509 4383
4509 4414
4509 4416
4509 4465
4509 4472
4509 4474
4509 4507
4509 4514
4509 4517
4509 4524
4509 4529
4509 4533
4509 4548
4509 4553
4509 4555
4509 4560
4509 4561
4509 4566
4509 4567
4509 4568
4509 4570
51 57
51 165
51 1907
57 165
57 166
57 3257
165 61
165 77
165 4558
165 4801
1907 1768
1907 1781
1907 1879
1907 1917
1907 1920
1907 1948
1907 1989
1907 1991
1907 2003
1907 2005
1907 2015
1907 2093
61 199
61 1127
222 60
222 108
222 122
222 146
222 206
222 510
222 3712
222 3897
222 4991
1411 1344
1411 1504
1411 1547
1411 1561
1411 1686
1411 1697
1411 1705
54 64
54 189
54 4441
64 131
64 1257
189 72
189 106
189 126
189 131
189 145
189 178
189 1566
189 2045
4441 581
4441 4386
4441 4402
4441 4459
4441 4501
4441 4505
4441 4518
4441 4525
4441 4532
4441 4534
4441 4544
4441 4565
55 120
55 208
120 107
120 152
120 191
120 270
208 124
208 145
208 159
208 163
208 178
208 187
208 1697
208 2825
208 3513
56 2741
2741 2105
2741 2118
2741 2124
2741 2141
2741 2157
2741 2172
2741 2189
2741 2231
2741 2239
2741 2312
2741 2335
2741 2345
2741 2357
2741 2382
2741 2394
2741 2430
2741 2433
2741 2446
2741 2449
2741 2483
2741 2495
2741 2580
2741 2623
2741 2655
2741 2698
2741 2746
2741 2779
2741 2790
2741 2825
2741 3647
166 164
166 2048
166 2813
3257 2890
3257 3033
3257 3207
3257 3281
3257 3309
3257 3316
3257 3339
3257 3478
3257 3614
3257 3695
2756 1685
2756 2122
2756 2193
2756 2214
2756 2252
2756 2331
2756 2355
2756 2383
2756 2418
2756 2421
2756 2444
2756 2526
2756 2559
2756 2561
2756 2562
2756 2594
2756 2612
2756 2622
2756 2655
2756 2656
2756 2678
2756 2691
2756 2707
2756 2711
2756 2725
2756 2734
2756 2745
2756 2748
2756 2758
2756 2759
2756 2761
2756 2830
2756 4277
59 1671
1671 1322
1671 1326
1671 1356
1671 1383
1671 1393
1671 1409
1671 1439
1671 1455
1671 1525
1671 1534
1671 1553
1671 1581
1671 1582
1671 1589
1671 1601
1671 1606
1671 1626
1671 1628
1671 1630
1671 1633
1671 1637
1671 1638
1671 1649
1671 1663
1671 1664
1671 1670
1671 1683
1671 1687
1671 1689
1671 1691
1671 1693
1671 1694
1671 1698
1671 1703
1671 1704
1671 1707
1671 2762
1671 3344
1671 3736
1671 4494
60 156
60 187
60 4286
156 155
156 206
156 1672
187 158
187 181
187 2221
187 4499
4286 703
4286 1318
4286 2032
4286 2071
4286 2795
4286 3637
4286 3693
4286 3729
4286 4071
4286 4083
4286 4090
4286 4099
4286 4102
4286 4103
4286 4111
4286 4115
4286 4119
4286 4120
4286 4121
4286 4124
4286 4125
4286 4131
4286 4133
4286 4134
4286 4135
4286 4143
4286 4145
4286 4148
4286 4159
4286 4164
4286 4168
4286 4173
4286 4174
4286 4175
4286 4178
4286 4181
4286 4185
4286 4186
4286 4187
4286 4188
4286 4190
4286 4194
4286 4197
4286 4201
4286 4208
4286 4217
4286 4218
4286 4222
4286 4223
4286 4225
4286 4232
4286 4233
4286 4235
4286 4236
4286 4238
4286 4242
4286 4247
4286 4251
4286 4254
4286 4255
4286 4256
4286 4257
4286 4263
4286 4265
4286 4267
4286 4268
4286 4269
4286 4271
4286 4272
4286 4274
4286 4275
4286 4276
4286 4277
4286 4278
4286 4279
4286 4280
4286 4281
4286 4282
4286 4283
4286 4284
4286 4285
4286 4287
4286 4288
199 136
199 152
199 183
199 206
199 512
199 4443
1127 993
1127 1002
1127 1126
1127 1147
1127 1166
1127 1198
1127 1228
1127 1260
1127 1269
1127 1273
1127 1283
1127 1288
1127 1297
1127 1301
1127 1318
1127 4977
62 1920
1920 1779
1920 1786
1920 1868
1920 1874
1920 1884
1920 1913
1920 1917
1920 1989
1920 1991
1920 2012
1920 2081
1920 2091
1920 4197
63 110
63 1486
110 191
110 708
1486 1433
1486 1561
1486 1598
1486 1637
1486 1674
1486 1675
1486 1682
1486 1684
1486 1688
1486 1698
131 65
131 124
131 186
131 1151
1257 70
1257 853
1257 947
1257 992
1257 1007
1257 1024
1257 1051
1257 1079
1257 1129
1257 1161
1257 1167
1257 1187
1257 1220
1257 1227
1257 1229
1257 1238
1257 1240
1257 1254
1257 1256
1257 1260
1257 1262
1257 1267
1257 1276
1257 1282
1257 1284
1257 1289
1257 1296
1257 1302
1257 1307
1257 1310
1257 1311
1257 1314
1257 1315
1257 1320
1257 1670
1257 3711
65 87
87 163
87 3595
3253 3504
3253 3597
3253 3635
3253 3640
3253 3646
3253 3656
3253 3664
3253 3673
3253 3686
3253 3719
67 83
67 158
67 1784
83 100
158 139
158 152
158 162
158 1102
1784 1748
1784 1785
1784 1823
1784 1960
1784 1961
1784 1969
1784 2042
117 119
117 3886
3513 2928
3513 3127
3513 3269
3513 3341
3513 3455
3513 3475
3513 3536
3513 3568
3513 3620
3513 3655
3513 3660
3513 3677
3513 3687
3513 3702
3513 3703
3513 3707
3513 3719
69 192
69 1902
192 154
192 216
192 719
192 4729
1902 1826
1902 1990
1902 1998
1902 2000
1902 2037
1902 2047
1902 2056
1902 2058
1902 2059
1902 2064
1902 3695
71 188
71 4922
188 115
188 206
188 306
188 346
4922 1650
4922 4059
4922 4582
4922 4594
4922 4606
4922 4627
4922 4647
4922 4660
4922 4682
4922 4683
4922 4692
4922 4716
4922 4722
4922 4730
4922 4753
4922 4765
4922 4806
4922 4807
4922 4818
4922 4821
4922 4842
4922 4874
4922 4884
4922 4896
4922 4897
4922 4900
4922 4910
4922 4957
4922 4959
72 145
72 4972
145 2886
4972 1298
4972 3297
4972 4266
4972 4464
4972 4582
4972 4585
4972 4601
4972 4609
4972 4659
4972 4661
4972 4676
4972 4688
4972 4696
4972 4698
4972 4721
4972 4723
4972 4727
4972 4736
4972 4739
4972 4746
4972 4776
4972 4788
4972 4795
4972 4811
4972 4815
4972 4842
4972 4848
4972 4849
4972 4888
4972 4905
4972 4910
4972 4911
4972 4915
4972 4926
4972 4928
4972 4934
4972 4938
4972 4941
4972 4943
4972 4948
4972 4953
4972 4954
4972 4956
4972 4964
4972 4967
4972 4970
4972 4974
4972 4985
4972 4990
4972 4992
4972 4993
1326 1381
1326 1632
1326 1670
1326 1691
1326 1707
74 186
74 3717
186 493
186 3565
3717 1303
3717 1318
3717 1816
3717 2015
3717 2897
3717 3014
3717 3059
3717 3068
3717 3078
3717 3132
3717 3198
3717 3361
3717 3377
3717 3388
3717 3407
3717 3418
3717 3423
3717 3447
3717 3449
3717 3487
3717 3492
3717 3508
3717 3515
3717 3528
3717 3534
3717 3545
3717 3546
3717 3553
3717 3557
3717 3580
3717 3581
3717 3593
3717 3598
3717 3600
3717 3602
3717 3615
3717 3626
3717 3628
3717 3632
3717 3633
3717 3648
3717 3654
3717 3675
3717 3682
3717 3689
3717 3701
3717 3702
3717 3708
3717 3712
3717 3721
3717 3722
3717 3725
3717 3729
3717 3732
3717 3739
3717 3743
3717 3748
3717 3753
3717 3755
3717 3757
3717 3758
3717 3923
3717 4331
650 663
650 678
650 687
650 704
650 721
650 725
650 729
650 747
650 766
650 767
650 774
76 97
76 1211
97 109
97 146
97 3778
1211 846
1211 929
1211 959
1211 1045
1211 1072
1211 1084
1211 1104
1211 1131
1211 1152
1211 1170
1211 1197
1211 1203
1211 1217
1211 1219
1211 1223
1211 1230
1211 1272
1211 1278
1211 1291
1211 1293
1211 1294
1211 1301
1211 3177
1211 3686
77 3042
3042 3510
3042 3613
3042 3637
3042 3638
3042 3639
3042 3711
3042 3759
78 139
78 4531
139 101
139 4379
4531 1543
4531 1643
4531 3656
4531 4350
4531 4355
4531 4370
4531 4405
4531 4412
4531 4430
4531 4433
4531 4453
4531 4465
4531 4466
4531 4469
4531 4470
4531 4512
4531 4519
4531 4520
4531 4524
4531 4526
4531 4532
4531 4535
4531 4539
4531 4542
4531 4543
4531 4550
4531 4555
4531 4557
4531 4558
4531 4560
4531 4563
4531 4564
4531 4571
4531 4574
4531 4576
4531 4577
389 261
389 395
389 517
389 525
389 534
389 537
389 539
389 542
389 543
109 123
109 1682
2550 2170
2550 2324
2550 2435
2550 2454
2550 2460
2550 2496
2550 2603
2550 2640
2550 2645
2550 2652
2550 2715
2550 2778
2550 2785
2550 2809
81 100
81 102
100 146
100 1062
102 1621
82 114
82 3572
114 4613
3572 3057
3572 3081
3572 3117
3572 3183
3572 3212
3572 3455
3572 3493
3572 3536
3572 3539
3572 3577
3572 3655
3572 3660
3572 3677
3572 3687
3572 3695
3572 3703
3572 3704
3572 3707
3572 3719
3572 3724
3572 3727
3572 3735
3572 4994
84 104
84 3709
104 115
104 4487
3709 521
3709 706
3709 1121
3709 1691
3709 2841
3709 2935
3709 2948
3709 3008
3709 3074
3709 3100
3709 3130
3709 3150
3709 3157
3709 3158
3709 3222
3709 3247
3709 3259
3709 3294
3709 3306
3709 3310
3709 3331
3709 3384
3709 3396
3709 3424
3709 3434
3709 3443
3709 3466
3709 3494
3709 3516
3709 3524
3709 3535
3709 3552
3709 3554
3709 3567
3709 3585
3709 3587
3709 3588
3709 3606
3709 3636
3709 3659
3709 3683
3709 3688
3709 3691
3709 3692
3709 3693
3709 3696
3709 3701
3709 3704
3709 3705
3709 3719
3709 3726
3709 3737
3709 3739
3709 3744
3709 3747
3709 3749
3709 4188
85 130
85 164
85 2524
130 2603
164 603
2524 2190
2524 2483
2524 2546
2524 2602
2524 2630
2524 2672
2524 2700
2524 2737
2524 2789
2524 2798
2524 2809
2524 2835
86 169
169 108
169 115
169 171
169 2045
163 178
163 4880
3595 727
3595 3034
3595 3151
3595 3158
3595 3261
3595 3629
3595 3641
3595 3653
3595 3654
3595 3671
3595 3679
3595 3690
3595 3697
3595 3700
3595 3715
3595 3716
3595 3728
3595 3732
3595 3733
3595 3735
3595 3742
3595 3746
3595 3751
167 125
167 135
167 1309
3485 3005
3485 3165
3485 3182
3485 3292
3485 3324
3485 3404
3485 3537
3485 3640
3485 3645
3485 3646
3485 3656
3485 3664
3485 3673
3485 3686
3485 3691
3485 4734
278 457
278 518
278 535
278 542
278 543
3988 2245
3988 3766
3988 3807
3988 3825
3988 3866
3988 3872
3988 3912
3988 3925
3988 3936
3988 3944
3988 3948
3988 3977
3988 3980
3988 3993
3988 4018
3988 4031
3988 4034
3988 4039
3988 4045
3988 4064
3988 4804
101 107
101 191
101 771
135 3706
191 162
191 507
191 3423
2615 2456
2615 2493
2615 2497
2615 2517
2615 2565
2615 2605
2615 2650
2615 2704
2615 2715
2615 2716
2615 2734
2615 2763
2615 2784
2615 2787
2615 2805
2615 4932
2091 709
2091 1315
2091 1709
2091 1714
2091 1755
2091 1757
2091 1785
2091 1804
2091 1816
2091 1819
2091 1822
2091 1828
2091 1848
2091 1849
2091 1866
2091 1894
2091 1903
2091 1904
2091 1929
2091 1930
2091 1932
2091 1966
2091 1974
2091 1982
2091 1984
2091 1985
2091 1991
2091 1992
2091 1995
2091 1999
2091 2002
2091 2003
2091 2005
2091 2013
2091 2021
2091 2022
2091 2028
2091 2030
2091 2031
2091 2036
2091 2037
2091 2038
2091 2039
2091 2043
2091 2045
2091 2047
2091 2048
2091 2052
2091 2057
2091 2060
2091 2062
2091 2063
2091 2065
2091 2067
2091 2069
2091 2070
2091 2071
2091 2072
2091 2073
2091 2074
2091 2075
2091 2076
2091 2077
2091 2078
2091 2079
2091 2080
2091 2081
2091 2082
2091 2083
2091 2084
2091 2085
2091 2086
2091 2087
2091 2088
2091 2089
2091 2090
2091 2092
2091 2093
2091 2094
2091 2095
2091 2096
2091 3194
2091 3451
2091 3702
2091 3848
2091 4570
2091 4986
1651 542
1651 916
1651 1357
1651 1456
1651 1471
1651 1495
1651 1529
1651 1537
1651 1551
1651 1554
1651 1597
1651 1603
1651 1611
1651 1619
1651 1640
1651 1647
1651 1650
1651 1655
1651 1666
1651 1672
1651 1673
1651 1678
1651 1679
1651 1682
1651 1685
1651 1687
1651 1690
1651 1699
1651 1701
1651 1704
1651 4258
152 423
4033 495
4033 2384
4033 2812
4033 3773
4033 3777
4033 3836
4033 3862
4033 3876
4033 3880
4033 3894
4033 3901
4033 3907
4033 3930
4033 3933
4033 3940
4033 3961
4033 3968
4033 3969
4033 3978
4033 3986
4033 4000
4033 4002
4033 4013
4033 4022
4033 4023
4033 4026
4033 4027
4033 4032
4033 4037
4033 4047
4033 4048
4033 4049
4033 4053
4033 4054
4033 4056
4033 4057
4033 4062
146 116
146 1102
3778 3788
3778 3942
3778 3987
3778 4003
3778 4012
3778 4019
98 4622
4622 4687
4622 4749
4622 4790
4622 4792
4622 4803
4622 4958
2883 3043
2883 3663
2883 3731
2883 3734
2883 3740
2883 3757
1062 1031
1062 1050
1062 1280
1062 1281
1062 1286
1062 1300
1062 1302
1062 1304
1062 1305
1062 1306
1062 1309
1062 1312
1062 2791
107 1989
771 551
771 552
771 553
771 559
771 563
771 566
771 573
771 576
771 583
771 588
771 591
771 604
771 612
771 623
771 636
771 638
771 641
771 643
771 679
771 681
771 693
771 698
771 699
771 700
771 705
771 708
771 710
771 727
771 728
771 730
771 731
771 734
771 735
771 736
771 738
771 739
771 740
771 741
771 743
771 744
771 745
771 746
771 748
771 749
771 750
771 751
771 753
771 754
771 755
771 756
771 757
771 758
771 759
771 761
771 762
771 764
771 765
771 766
771 768
771 769
771 770
771 772
771 773
771 774
771 775
771 1454
771 1744
771 2024
771 2488
771 2757
771 3268
1621 1464
1621 1470
1621 1480
1621 1491
1621 1534
1621 1541
1621 1581
1621 1582
1621 1589
1621 1625
1621 1643
1621 1652
1621 1663
1621 1664
1621 1683
1621 1687
1621 1689
1621 1691
1621 1694
1621 1703
1621 1707
1621 3883
1621 3936
103 3395
3395 2914
3395 3241
3395 3289
3395 3362
3395 3436
3395 3488
3395 3640
3395 3645
3395 3646
3395 3664
3395 3673
3395 3686
3395 3758
115 141
115 144
115 1760
4487 3649
4487 4307
4487 4380
4487 4392
4487 4424
4487 4431
4487 4453
4487 4459
4487 4473
4487 4481
4487 4542
4487 4547
4487 4549
4487 4554
4487 4559
4487 4562
4487 4569
4487 4572
4487 4573
4487 4576
105 112
105 178
105 775
112 4446
178 126
178 819
178 4811
775 544
775 545
775 548
775 553
775 556
775 562
775 564
775 568
775 585
775 593
775 595
775 596
775 600
775 608
775 609
775 614
775 619
775 620
775 621
775 623
775 626
775 629
775 636
775 637
775 638
775 642
775 643
775 646
775 652
775 662
775 671
775 673
775 678
775 680
775 681
775 688
775 692
775 693
775 694
775 699
775 700
775 701
775 702
775 703
775 705
775 708
775 709
775 710
775 712
775 714
775 719
775 727
775 728
775 730
775 731
775 733
775 734
775 735
775 738
775 741
775 743
775 745
775 746
775 747
775 748
775 749
775 750
775 751
775 754
775 755
775 756
775 757
775 759
775 760
775 761
775 762
775 764
775 765
775 766
775 768
775 770
775 773
775 774
775 1308
775 2016
775 2638
775 2724
775 2819
775 3110
775 3742
775 4045
775 4288
106 4204
4204 4095
4204 4118
4204 4143
4204 4171
4204 4181
4204 4186
4204 4234
4204 4237
4204 4242
4204 4258
4204 4266
4204 4269
1989 405
1989 1720
1989 1737
1989 1741
1989 1779
1989 1829
1989 1868
1989 1874
1989 1884
1989 1917
1989 1948
1989 1955
1989 1966
1989 1974
1989 1991
1989 2012
1989 2015
1989 2052
1989 2087
1989 2092
108 181
108 4975
181 159
181 1099
181 3718
4975 3716
4975 3718
4975 4225
4975 4477
4975 4577
4975 4643
4975 4652
4975 4658
4975 4725
4975 4771
4975 4774
4975 4818
4975 4830
4975 4832
4975 4837
4975 4844
4975 4850
4975 4868
4975 4879
4975 4882
4975 4889
4975 4890
4975 4900
4975 4902
4975 4904
4975 4906
4975 4918
4975 4919
4975 4923
4975 4927
4975 4944
4975 4947
4975 4948
4975 4950
4975 4956
4975 4959
4975 4960
4975 4962
4975 4965
4975 4970
4975 4976
4975 4985
4975 4986
4975 4987
4975 4988
4975 4989
4975 4990
4975 4991
4975 4992
4975 4993
4975 4994
4975 4995
4975 4996
4975 4997
4975 4998
123 162
123 206
123 4458
1682 1037
1682 1325
1682 1340
1682 1361
1682 1372
1682 1394
1682 1418
1682 1432
1682 1449
1682 1461
1682 1466
1682 1475
1682 1481
1682 1482
1682 1497
1682 1503
1682 1508
1682 1535
1682 1536
1682 1539
1682 1549
1682 1567
1682 1579
1682 1584
1682 1592
1682 1594
1682 1595
1682 1600
1682 1605
1682 1609
1682 1614
1682 1632
1682 1643
1682 1646
1682 1648
1682 1654
1682 1657
1682 1659
1682 1668
1682 1669
1682 1674
1682 1684
1682 1698
1682 1700
1682 1702
1682 1978
1682 2082
1682 2513
708 623
708 686
708 700
708 702
708 729
708 734
708 736
708 738
708 755
708 759
708 761
708 764
708 765
708 769
708 770
708 773
708 774
708 1669
157 262
3008 3141
3008 3504
3008 3691
3008 3692
3008 3747
3008 3749
4446 3818
4446 4411
4446 4459
4446 4460
4446 4479
4446 4498
4446 4520
4446 4522
4446 4547
4446 4554
4446 4559
4446 4562
4446 4572
4446 4573
1863 1745
1863 1760
1863 1833
1863 1841
1863 1901
1863 1936
1863 1938
1863 1998
1863 2072
1863 2081
3661 774
3661 1312
3661 2121
3661 2901
3661 3435
3661 3454
3661 3496
3661 3603
3661 3608
3661 3615
3661 3616
3661 3651
3661 3652
3661 3665
3661 3672
3661 3684
3661 3708
3661 3713
3661 3718
3661 3727
3661 3736
3661 3739
3661 3740
3661 3741
3661 3743
3661 3744
3661 3752
3661 3753
3661 3754
3661 3756
3661 3759
4613 4758
4613 4985
4613 4990
4613 4995
4613 4997
141 4062
144 948
144 1217
1760 1841
1760 1936
1760 1937
1760 1984
1760 2074
116 482
482 366
482 386
482 404
482 421
482 458
482 470
482 478
482 483
482 490
482 496
482 508
482 510
482 527
482 529
482 531
482 533
482 537
482 543
482 2759
119 183
119 216
119 1103
3886 3887
3886 3939
3886 3999
3886 4007
3886 4036
3886 4041
3886 4042
3886 4061
3886 4064
3886 4065
2263 2444
2263 2622
2263 2691
2263 2725
2263 2745
2263 2748
2263 2775
183 326
183 2511
216 143
216 154
216 155
216 171
216 206
216 2919
216 3541
216 4965
1103 859
1103 1188
1103 1203
1103 1219
1103 1230
1103 1264
1103 1272
1103 1278
1103 1285
1103 1291
1103 1293
1103 1294
1103 1295
1103 3458
270 346
270 413
270 493
270 507
270 511
270 534
4941 1623
4941 4688
4941 4690
4941 4746
4941 4776
4941 4811
4941 4842
4941 4844
4941 4848
4941 4849
4941 4888
4941 4905
4941 4910
4941 4911
4941 4915
4941 4926
4941 4928
4941 4934
4941 4938
4941 4943
4941 4951
4941 4953
4941 4954
4941 4956
4941 4957
4941 4964
4941 4965
4941 4967
4941 4974
4941 4987
4941 4989
122 150
122 155
122 768
150 4968
155 159
155 2836
768 308
768 548
768 551
768 553
768 554
768 560
768 566
768 573
768 582
768 594
768 595
768 599
768 619
768 621
768 624
768 632
768 638
768 641
768 642
768 643
768 659
768 662
768 678
768 681
768 697
768 700
768 701
768 703
768 704
768 712
768 713
768 721
768 728
768 730
768 732
768 742
768 743
768 744
768 745
768 746
768 748
768 749
768 750
768 751
768 754
768 755
768 756
768 757
768 758
768 760
768 761
768 762
768 764
768 765
768 767
768 769
768 770
768 772
768 773
768 774
768 1005
768 3720
768 4284
768 4285
768 4950
162 133
162 4170
162 4953
206 715
206 2073
206 4243
4458 1604
4458 4364
4458 4413
4458 4519
4458 4524
4458 4538
4458 4550
4458 4556
4458 4557
4458 4560
4458 4563
4458 4564
4458 4571
4458 4576
4458 4577
124 2870
2870 3016
2870 3325
2870 3368
2870 3486
2870 3500
2870 3729
125 2470
2470 2433
2470 2728
2470 2779
2470 2788
2470 2813
2470 2817
2470 2821
2470 2825
2470 2828
2470 2833
2470 2838
126 136
126 1302
136 143
136 519
136 3448
1302 782
1302 784
1302 794
1302 818
1302 842
1302 851
1302 875
1302 881
1302 890
1302 894
1302 909
1302 911
1302 918
1302 919
1302 925
1302 932
1302 943
1302 980
1302 989
1302 991
1302 994
1302 1016
1302 1037
1302 1044
1302 1067
1302 1069
1302 1073
1302 1096
1302 1097
1302 1102
1302 1114
1302 1117
1302 1125
1302 1137
1302 1142
1302 1171
1302 1177
1302 1189
1302 1214
1302 1231
1302 1241
1302 1242
1302 1246
1302 1251
1302 1258
1302 1266
1302 1274
1302 1280
1302 1281
1302 1284
1302 1286
1302 1299
1302 1300
1302 1304
1302 1305
1302 1306
1302 1309
1302 1316
1302 1318
1302 1674
1302 3402
1302 3442
1302 3621
1302 3713
1302 4019
1628 1406
1628 1413
1628 1423
1628 1496
1628 1501
1628 1561
1628 1574
1628 1602
1628 1616
1628 1618
1628 1625
1628 1631
1628 1640
1628 1645
1628 1674
1628 1676
1628 1686
1628 1695
1628 1696
1628 1697
1628 1705
1628 1706
1628 4081
4478 1303
4478 4407
4478 4414
4478 4480
4478 4482
4478 4485
4478 4515
4478 4530
4478 4538
4478 4539
4478 4558
4478 4560
4478 4564
4478 4569
4478 4571
4478 4575
4478 4576
4478 4577
3165 2876
3165 2992
3165 3142
3165 3206
3165 3313
3165 3315
3165 3343
3165 3728
2603 2076
2603 2170
2603 2192
2603 2254
2603 2275
2603 2338
2603 2435
2603 2454
2603 2460
2603 2485
2603 2541
2603 2640
2603 2645
2603 2663
2603 2718
1151 801
1151 851
1151 868
1151 869
1151 884
1151 964
1151 966
1151 1006
1151 1058
1151 1060
1151 1090
1151 1105
1151 1120
1151 1157
1151 1180
1151 1230
1151 1232
1151 2246
403 256
403 304
403 367
403 381
403 401
403 475
403 504
403 508
403 535
403 540
403 4285
133 333
133 3502
333 446
333 458
333 468
333 486
333 500
333 523
333 535
333 540
3502 2845
3502 2884
3502 2987
3502 3066
3502 3260
3502 3304
3502 3317
3502 3362
3502 3391
3502 3397
3502 3400
3502 3421
3502 3461
3502 3519
3502 3684
3502 3735
3502 4946
675 548
675 557
675 575
675 613
675 634
675 689
675 710
675 716
675 736
675 739
675 742
675 749
675 773
3706 1226
3706 1404
3706 2475
3706 2663
3706 2846
3706 2874
3706 2877
3706 2891
3706 2909
3706 2919
3706 2968
3706 2975
3706 2976
3706 3004
3706 3020
3706 3038
3706 3114
3706 3127
3706 3154
3706 3161
3706 3164
3706 3224
3706 3262
3706 3270
3706 3293
3706 3295
3706 3350
3706 3356
3706 3374
3706 3402
3706 3408
3706 3422
3706 3429
3706 3463
3706 3499
3706 3512
3706 3525
3706 3559
3706 3581
3706 3592
3706 3614
3706 3629
3706 3631
3706 3644
3706 3657
3706 3674
3706 3680
3706 3690
3706 3691
3706 3693
3706 3713
3706 3720
3706 3723
3706 3725
3706 3735
3706 3755
3706 4024
143 1206
519 255
519 300
519 310
519 318
519 330
519 347
519 349
519 358
519 375
519 376
519 379
519 413
519 415
519 423
519 428
519 436
519 443
519 451
519 452
519 454
519 470
519 476
519 488
519 491
519 495
519 509
519 512
519 518
519 525
519 532
519 536
519 538
519 539
519 542
519 543
519 560
519 1984
519 3740
3448 1707
3448 2884
3448 3687
3448 3693
3448 3727
3448 3739
3448 3741
3448 3743
3448 3744
3448 3752
3448 3753
3448 3754
3448 3756
3448 3759
1875 1818
1875 1833
1875 1838
1875 1864
1875 1871
1875 1936
1875 1937
1875 1938
1875 1998
1875 2073
2812 2126
2812 2194
2812 2232
2812 2248
2812 2309
2812 2311
2812 2327
2812 2340
2812 2347
2812 2356
2812 2391
2812 2393
2812 2408
2812 2416
2812 2437
2812 2445
2812 2458
2812 2484
2812 2494
2812 2513
2812 2529
2812 2530
2812 2582
2812 2598
2812 2614
2812 2638
2812 2643
2812 2655
2812 2665
2812 2668
2812 2679
2812 2682
2812 2702
2812 2743
2812 2744
2812 2746
2812 2748
2812 2750
2812 2752
2812 2758
2812 2760
2812 2770
2812 2776
2812 2780
2812 2786
2812 2792
2812 2794
2812 2800
2812 2801
2812 2811
2812 2815
2812 2831
2812 2832
2812 2836
2812 3740
2812 3752
2812 4288
4379 4331
4379 4344
4379 4479
4379 4544
4379 4545
4379 4559
4379 4562
4379 4572
4379 4573
140 3673
3673 386
3673 679
3673 2855
3673 2914
3673 2915
3673 2917
3673 3005
3673 3148
3673 3151
3673 3182
3673 3201
3673 3209
3673 3276
3673 3289
3673 3292
3673 3301
3673 3324
3673 3332
3673 3373
3673 3411
3673 3436
3673 3455
3673 3476
3673 3480
3673 3482
3673 3488
3673 3496
3673 3504
3673 3509
3673 3549
3673 3581
3673 3597
3673 3640
3673 3645
3673 3646
3673 3656
3673 3664
3673 3686
3673 3687
3673 4554
3673 4989
4062 467
4062 2369
4062 2692
4062 2926
4062 3771
4062 3773
4062 3786
4062 3787
4062 3800
4062 3813
4062 3818
4062 3838
4062 3851
4062 3864
4062 3876
4062 3878
4062 3880
4062 3883
4062 3888
4062 3890
4062 3893
4062 3894
4062 3901
4062 3902
4062 3907
4062 3926
4062 3930
4062 3933
4062 3935
4062 3939
4062 3940
4062 3944
4062 3949
4062 3953
4062 3955
4062 3956
4062 3957
4062 3961
4062 3965
4062 3969
4062 3974
4062 3978
4062 3986
4062 3989
4062 4000
4062 4001
4062 4002
4062 4008
4062 4009
4062 4011
4062 4015
4062 4022
4062 4026
4062 4027
4062 4028
4062 4031
4062 4032
4062 4034
4062 4037
4062 4039
4062 4047
4062 4048
4062 4050
4062 4053
4062 4054
4062 4055
4062 4056
4062 4057
4062 4063
4062 4064
4062 4758
4062 4962
4062 4997
759 545
759 564
759 567
759 573
759 578
759 590
759 603
759 608
759 614
759 646
759 661
759 673
759 679
759 684
759 686
759 691
759 702
759 703
759 704
759 720
759 724
759 730
759 731
759 732
759 735
759 738
759 739
759 741
759 743
759 748
759 750
759 751
759 755
759 756
759 757
759 758
759 762
759 764
759 765
759 769
759 770
759 772
759 773
759 774
759 1292
759 2847
759 4285
759 4564
1206 862
1206 995
1206 1046
1206 1048
1206 1083
1206 1118
1206 1147
1206 1154
1206 1166
1206 1177
1206 1194
1206 1202
1206 1228
1206 1240
1206 1243
1206 1245
1206 1250
1206 1259
1206 1273
1206 1275
1206 1288
1206 1297
1206 1301
1206 1306
948 940
948 1048
948 1087
948 1253
948 1273
948 1283
948 1288
948 1297
948 1301
1217 840
1217 857
1217 898
1217 946
1217 959
1217 1004
1217 1028
1217 1084
1217 1131
1217 1132
1217 1152
1217 1158
1217 1203
1217 1218
1217 1219
1217 1223
1217 1272
1217 1286
1217 1287
1217 1291
1217 1293
1217 1294
1217 1295
1217 4303
1217 4684
2886 3216
2886 3732
2886 3733
2886 3742
2886 3746
2886 3751
1102 1087
1102 1202
1102 1274
1102 1280
1102 1281
1102 1286
1102 1293
1102 1300
1102 1304
1102 1305
1102 1306
1102 1309
3561 3058
3561 3094
3561 3109
3561 3121
3561 3160
3561 3171
3561 3235
3561 3265
3561 3402
3561 3440
3561 3462
3561 3465
3561 3501
3561 3541
3561 3548
3561 3560
3561 3604
3561 3607
3561 3623
3561 3716
3561 3723
3561 4272
4517 3682
4517 3685
4517 4353
4517 4357
4517 4405
4517 4406
4517 4428
4517 4438
4517 4477
4517 4489
4517 4500
4517 4510
4517 4514
4517 4524
4517 4525
4517 4529
4517 4540
4517 4548
4517 4552
4517 4553
4517 4555
4517 4561
4517 4566
4517 4567
4517 4568
4517 4570
4517 4571
3363 274
3363 3581
3363 3602
3363 3632
3363 3698
3363 3721
3363 3722
3363 3725
3363 3729
3363 3748
3363 3757
3363 3758
4903 4073
4903 4585
4903 4614
4903 4641
4903 4664
4903 4681
4903 4750
4903 4758
4903 4767
4903 4770
4903 4791
4903 4831
4903 4852
4903 4859
4903 4864
4903 4876
4903 4896
4903 4899
4903 4907
4903 4913
4903 4914
4903 4960
4903 4981
4903 4997
4968 999
4968 2561
4968 3687
4968 4222
4968 4608
4968 4624
4968 4671
4968 4678
4968 4686
4968 4689
4968 4725
4968 4729
4968 4743
4968 4745
4968 4771
4968 4787
4968 4797
4968 4817
4968 4826
4968 4840
4968 4845
4968 4860
4968 4864
4968 4872
4968 4878
4968 4879
4968 4894
4968 4911
4968 4929
4968 4932
4968 4933
4968 4935
4968 4936
4968 4939
4968 4940
4968 4942
4968 4949
4968 4952
4968 4955
4968 4958
4968 4959
4968 4960
4968 4961
4968 4970
4968 4971
4968 4977
4968 4981
4968 4983
4968 4984
4968 4986
1077 1106
1077 1175
1077 1225
1077 1247
1077 1249
1077 1271
1077 1277
1077 1312
1077 1313
1077 1314
1077 1316
1077 1318
1077 3691
2866 3728
2866 3732
2866 3736
2866 3746
2866 3751
423 374
423 420
423 438
423 439
423 512
423 525
423 533
423 534
423 539
423 542
423 3394
4054 468
4054 1270
4054 3644
4054 3689
4054 3761
4054 3773
4054 3813
4054 3828
4054 3850
4054 3863
4054 3864
4054 3871
4054 3878
4054 3890
4054 3893
4054 3894
4054 3908
4054 3925
4054 3926
4054 3930
4054 3953
4054 3955
4054 3956
4054 3957
4054 3965
4054 3969
4054 3970
4054 3974
4054 3986
4054 3989
4054 4000
4054 4002
4054 4008
4054 4009
4054 4011
4054 4013
4054 4018
4054 4020
4054 4022
4054 4023
4054 4027
4054 4028
4054 4031
4054 4032
4054 4037
4054 4045
4054 4047
4054 4048
4054 4052
4054 4055
4054 4056
4054 4057
4054 4063
4054 4065
4054 4765
4411 4451
4411 4513
4411 4518
4411 4522
4411 4537
4411 4549
4411 4554
4411 4562
4411 4573
4411 4574
154 1194
154 2751
1194 830
1194 931
1194 977
1194 1004
1194 1083
1194 1116
1194 1147
1194 1154
1194 1179
1194 1190
1194 1228
1194 1245
1194 1250
1194 1273
1194 1276
1194 1283
1194 1288
1194 1297
1194 1314
1194 2745
1194 4792
2751 912
2751 1247
2751 2097
2751 2104
2751 2159
2751 2195
2751 2197
2751 2247
2751 2261
2751 2271
2751 2344
2751 2348
2751 2410
2751 2427
2751 2469
2751 2481
2751 2503
2751 2504
2751 2507
2751 2508
2751 2539
2751 2545
2751 2578
2751 2588
2751 2630
2751 2633
2751 2643
2751 2649
2751 2688
2751 2703
2751 2710
2751 2754
2751 4625
159 1313
159 3718
2836 461
2836 535
2836 887
2836 2106
2836 2110
2836 2131
2836 2149
2836 2151
2836 2152
2836 2179
2836 2185
2836 2212
2836 2226
2836 2248
2836 2271
2836 2296
2836 2315
2836 2329
2836 2340
2836 2347
2836 2364
2836 2388
2836 2389
2836 2391
2836 2393
2836 2405
2836 2408
2836 2416
2836 2425
2836 2458
2836 2463
2836 2474
2836 2494
2836 2498
2836 2514
2836 2520
2836 2525
2836 2529
2836 2530
2836 2542
2836 2560
2836 2587
2836 2589
2836 2598
2836 2614
2836 2616
2836 2621
2836 2631
2836 2635
2836 2638
2836 2641
2836 2646
2836 2655
2836 2662
2836 2665
2836 2666
2836 2668
2836 2679
2836 2680
2836 2698
2836 2702
2836 2704
2836 2744
2836 2746
2836 2750
2836 2752
2836 2753
2836 2758
2836 2760
2836 2762
2836 2768
2836 2770
2836 2776
2836 2786
2836 2787
2836 2790
2836 2792
2836 2794
2836 2801
2836 2803
2836 2804
2836 2806
2836 2811
2836 2815
2836 2818
2836 2820
2836 2823
2836 2831
2836 2833
2836 3487
2836 3617
2836 4946
2836 4987
1672 1111
1672 1322
1672 1329
1672 1332
1672 1333
1672 1359
1672 1366
1672 1380
1672 1383
1672 1413
1672 1415
1672 1419
1672 1427
1672 1455
1672 1476
1672 1489
1672 1512
1672 1529
1672 1537
1672 1542
1672 1552
1672 1563
1672 1565
1672 1575
1672 1582
1672 1623
1672 1625
1672 1647
1672 1669
1672 1679
1672 1681
1672 1685
1672 1690
1672 1692
1672 1697
1672 1699
1672 1701
1672 1702
1672 1704
1672 3238
1672 4771
262 526
262 536
262 537
262 539
262 542
262 543
1313 694
1313 807
1313 808
1313 817
1313 821
1313 834
1313 835
1313 843
1313 856
1313 857
1313 860
1313 872
1313 878
1313 879
1313 916
1313 920
1313 922
1313 953
1313 958
1313 960
1313 963
1313 967
1313 978
1313 987
1313 997
1313 999
1313 1015
1313 1017
1313 1031
1313 1053
1313 1055
1313 1070
1313 1076
1313 1079
1313 1082
1313 1087
1313 1110
1313 1114
1313 1117
1313 1135
1313 1137
1313 1139
1313 1144
1313 1145
1313 1159
1313 1168
1313 1169
1313 1178
1313 1183
1313 1191
1313 1201
1313 1215
1313 1221
1313 1225
1313 1231
1313 1247
1313 1249
1313 1252
1313 1262
1313 1263
1313 1264
1313 1268
1313 1269
1313 1270
1313 1271
1313 1272
1313 1277
1313 1297
1313 1298
1313 1299
1313 1306
1313 1312
1313 1314
1313 1316
1313 1318
1313 1319
1313 3266
1313 3312
1313 3668
1313 3704
1313 3830
1313 4576
1313 4900
3718 1676
3718 2078
3718 2443
3718 2867
3718 2880
3718 2910
3718 2925
3718 2993
3718 3115
3718 3138
3718 3166
3718 3173
3718 3193
3718 3196
3718 3242
3718 3268
3718 3271
3718 3388
3718 3430
3718 3431
3718 3437
3718 3439
3718 3443
3718 3484
3718 3522
3718 3526
3718 3527
3718 3540
3718 3546
3718 3551
3718 3556
3718 3575
3718 3579
3718 3583
3718 3589
3718 3608
3718 3615
3718 3633
3718 3640
3718 3650
3718 3651
3718 3665
3718 3672
3718 3676
3718 3684
3718 3697
3718 3708
3718 3713
3718 3727
3718 3733
3718 3736
3718 3739
3718 3741
3718 3743
3718 3744
3718 3752
3718 3753
3718 3754
3718 3756
3718 3759
1858 1739
1858 1940
1858 1975
1858 1994
1858 2010
1858 2022
1858 2023
1858 2050
1858 2081
1559 1353
1559 1397
1559 1432
1559 1437
1559 1650
1559 1655
1559 1666
1559 1679
1559 1685
1559 1690
1559 1692
1559 1699
1559 1701
1559 1704
1559 1706
1963 1812
1963 1835
1963 1877
1963 1896
1963 2024
1963 2033
1963 2041
1963 2044
1963 2049
1963 2051
1963 2054
1963 2060
1963 2061
1963 2063
1963 2066
1963 2068
1963 2083
1963 3585
4170 4082
4170 4141
4170 4152
4170 4166
4170 4169
4170 4179
4170 4206
4170 4221
4170 4238
4170 4288
4953 2668
4953 3659
4953 4418
4953 4601
4953 4659
4953 4698
4953 4721
4953 4727
4953 4736
4953 4776
4953 4815
4953 4842
4953 4849
4953 4862
4953 4875
4953 4888
4953 4893
4953 4905
4953 4910
4953 4911
4953 4915
4953 4926
4953 4928
4953 4932
4953 4934
4953 4937
4953 4938
4953 4943
4953 4948
4953 4954
4953 4956
4953 4964
4953 4967
4953 4974
4953 4985
4953 4987
4880 4535
4880 4681
4880 4716
4880 4778
4880 4863
4880 4919
4880 4934
4880 4944
4880 4947
4880 4959
4880 4965
4880 4976
4880 4982
4880 4986
4880 4988
4880 4989
4880 4992
4880 4994
4880 4995
4880 4996
4880 4998
603 572
603 677
603 718
603 733
603 753
603 754
603 764
4558 500
4558 944
4558 1255
4558 2014
4558 4063
4558 4325
4558 4328
4558 4335
4558 4341
4558 4359
4558 4388
4558 4393
4558 4398
4558 4410
4558 4424
4558 4425
4558 4429
4558 4433
4558 4439
4558 4443
4558 4450
4558 4465
4558 4469
4558 4476
4558 4479
4558 4485
4558 4486
4558 4491
4558 4492
4558 4497
4558 4502
4558 4505
4558 4511
4558 4512
4558 4526
4558 4527
4558 4529
4558 4530
4558 4532
4558 4535
4558 4538
4558 4539
4558 4546
4558 4550
4558 4552
4558 4557
4558 4559
4558 4563
4558 4564
4558 4565
4558 4567
4558 4571
4558 4574
4558 4575
4558 4576
4558 4577
4801 4604
4801 4631
4801 4634
4801 4656
4801 4672
4801 4720
4801 4744
4801 4748
4801 4754
4801 4755
4801 4808
4801 4820
4801 4969
4801 4997
2048 1285
2048 1756
2048 1831
2048 1890
2048 1901
2048 1923
2048 1978
2048 1995
2048 2000
2048 2022
2048 2024
2048 2025
2048 2030
2048 2039
2048 2041
2048 2043
2048 2054
2048 2065
2048 2069
2048 2070
2048 2072
2048 2076
2048 2077
2048 2078
2048 2079
2048 2081
2048 2083
2048 2085
2048 2086
2048 2087
2048 2088
2048 2089
2048 2092
2048 2093
2048 2094
2048 2096
2048 4241
2048 4988
2813 1166
2813 2000
2813 2130
2813 2167
2813 2239
2813 2264
2813 2288
2813 2317
2813 2363
2813 2373
2813 2376
2813 2450
2813 2453
2813 2462
2813 2481
2813 2501
2813 2522
2813 2548
2813 2558
2813 2569
2813 2570
2813 2578
2813 2579
2813 2584
2813 2592
2813 2618
2813 2629
2813 2630
2813 2636
2813 2660
2813 2667
2813 2671
2813 2686
2813 2688
2813 2705
2813 2738
2813 2744
2813 2749
2813 2753
2813 2774
2813 2775
2813 2779
2813 2782
2813 2783
2813 2785
2813 2788
2813 2803
2813 2809
2813 2810
2813 2817
2813 2821
2813 2824
2813 2825
2813 2832
2813 2833
2813 2834
2813 2838
2813 3694
2813 3726
2813 4063
1309 784
1309 794
1309 795
1309 818
1309 833
1309 842
1309 845
1309 875
1309 877
1309 881
1309 888
1309 890
1309 894
1309 909
1309 911
1309 918
1309 919
1309 923
1309 925
1309 932
1309 943
1309 989
1309 991
1309 994
1309 1016
1309 1037
1309 1044
1309 1067
1309 1073
1309 1089
1309 1096
1309 1097
1309 1107
1309 1137
1309 1142
1309 1171
1309 1177
1309 1189
1309 1198
1309 1204
1309 1214
1309 1230
1309 1241
1309 1242
1309 1250
1309 1251
1309 1258
1309 1262
1309 1263
1309 1266
1309 1271
1309 1274
1309 1280
1309 1281
1309 1283
1309 1286
1309 1293
1309 1300
1309 1304
1309 1305
1309 1306
1309 1312
1309 1316
1309 1319
1309 1693
1309 2094
1309 2906
1309 3482
1309 4278
1309 4281
1309 4299
4555 1792
4555 1903
4555 2434
4555 4293
4555 4311
4555 4313
4555 4314
4555 4319
4555 4321
4555 4343
4555 4346
4555 4347
4555 4368
4555 4373
4555 4378
4555 4387
4555 4394
4555 4396
4555 4407
4555 4408
4555 4416
4555 4434
4555 4438
4555 4447
4555 4449
4555 4463
4555 4477
4555 4498
4555 4500
4555 4510
4555 4514
4555 4524
4555 4529
4555 4533
4555 4539
4555 4540
4555 4545
4555 4548
4555 4552
4555 4553
4555 4554
4555 4560
4555 4561
4555 4562
4555 4566
4555 4567
4555 4568
4555 4569
4555 4570
4555 4574
171 2479
171 3660
2045 1284
2045 1770
2045 1878
2045 1909
2045 1966
2045 1972
2045 1994
2045 2000
2045 2006
2045 2013
2045 2018
2045 2025
2045 2050
2045 2063
2045 2068
2045 2072
2045 2074
2045 2075
2045 2076
2045 2077
2045 2078
2045 2079
2045 2082
2045 2083
2045 2084
2045 2085
2045 2086
2045 2087
2045 2088
2045 2090
2045 2092
2045 2094
2045 2095
3747 499
3747 2268
3747 2665
3747 2785
3747 2841
3747 2842
3747 2873
3747 2933
3747 2935
3747 2948
3747 2967
3747 2984
3747 2986
3747 2995
3747 3027
3747 3034
3747 3045
3747 3074
3747 3086
3747 3089
3747 3100
3747 3102
3747 3130
3747 3141
3747 3157
3747 3158
3747 3163
3747 3172
3747 3222
3747 3230
3747 3256
3747 3259
3747 3280
3747 3294
3747 3299
3747 3303
3747 3306
3747 3310
3747 3364
3747 3367
3747 3384
3747 3385
3747 3396
3747 3424
3747 3434
3747 3437
3747 3449
3747 3469
3747 3476
3747 3478
3747 3494
3747 3506
3747 3516
3747 3524
3747 3535
3747 3552
3747 3554
3747 3567
3747 3577
3747 3579
3747 3585
3747 3587
3747 3606
3747 3612
3747 3636
3747 3650
3747 3683
3747 3691
3747 3692
3747 3696
3747 3701
3747 3704
3747 3716
3747 3726
3747 3737
3747 3743
3747 3746
3747 3749
3747 3759
3747 4037
3747 4282
3747 4553
4408 1906
4408 4334
4408 4445
4408 4511
4408 4552
4408 4561
4408 4566
4408 4567
4408 4568
4408 4570
2479 2151
2479 2718
2479 2722
2479 2742
2479 2771
2479 2791
2479 2806
2479 2819
2479 2822
2479 2827
2479 2828
3660 351
3660 1442
3660 2849
3660 2860
3660 2911
3660 3099
3660 3137
3660 3177
3660 3178
3660 3183
3660 3245
3660 3269
3660 3275
3660 3341
3660 3351
3660 3365
3660 3397
3660 3413
3660 3455
3660 3468
3660 3475
3660 3477
3660 3493
3660 3536
3660 3539
3660 3568
3660 3590
3660 3624
3660 3655
3660 3675
3660 3677
3660 3687
3660 3707
3660 3719
3660 3724
3660 3743
3660 3758
3660 4574
910 933
910 1157
910 1243
910 1245
910 1273
910 1283
910 1297
910 1301
3679 449
3679 471
3679 796
3679 2900
3679 3044
3679 3061
3679 3208
3679 3328
3679 3353
3679 3354
3679 3427
3679 3436
3679 3455
3679 3517
3679 3544
3679 3547
3679 3558
3679 3565
3679 3598
3679 3603
3679 3629
3679 3641
3679 3650
3679 3653
3679 3654
3679 3669
3679 3671
3679 3678
3679 3690
3679 3695
3679 3697
3679 3700
3679 3708
3679 3715
3679 3728
3679 3732
3679 3733
3679 3735
3679 3741
3679 3742
3679 3746
3679 3751
3679 4219
949 1009
949 1025
949 1181
949 1202
949 1209
949 1220
949 1236
949 1250
949 1279
2575 2300
2575 2391
2575 2604
2575 2641
2575 2719
2575 2730
2575 2774
2575 2777
2575 2793
2575 2799
2575 2800
2575 2809
2575 2814
2575 2831
2575 4461
1032 814
1032 974
1032 1064
1032 1068
1032 1164
1032 1173
1032 1216
1032 1224
1032 1235
1032 1238
1032 1275
1254 811
1254 825
1254 892
1254 982
1254 1014
1254 1018
1254 1051
1254 1092
1254 1122
1254 1124
1254 1172
1254 1184
1254 1234
1254 1237
1254 1240
1254 1256
1254 1260
1254 1262
1254 1276
1254 1278
1254 1282
1254 1284
1254 1289
1254 1296
1254 1307
1254 1310
1254 1311
1254 1315
1254 1318
1254 1320
1254 1641
1254 1804
1254 4456
2101 2576
2101 2649
2101 2719
2101 2799
2101 2800
2101 2814
4051 514
4051 1292
4051 1310
4051 2226
4051 2713
4051 3772
4051 3777
4051 3782
4051 3808
4051 3809
4051 3826
4051 3831
4051 3832
4051 3839
4051 3846
4051 3877
4051 3894
4051 3897
4051 3899
4051 3909
4051 3911
4051 3917
4051 3941
4051 3946
4051 3947
4051 3966
4051 3980
4051 3981
4051 3985
4051 3991
4051 3992
4051 3996
4051 3998
4051 4010
4051 4016
4051 4023
4051 4024
4051 4025
4051 4026
4051 4029
4051 4030
4051 4036
4051 4039
4051 4042
4051 4043
4051 4047
4051 4049
4051 4050
4051 4052
4051 4056
4051 4058
4051 4059
4051 4063
512 301
512 379
512 392
512 399
512 405
512 406
512 416
512 422
512 434
512 439
512 445
512 449
512 451
512 457
512 462
512 465
512 476
512 485
512 488
512 496
512 513
512 518
512 520
512 525
512 536
512 538
512 539
512 542
512 543
512 2824
3413 2216
3413 2947
3413 3251
3413 3291
3413 3323
3413 3335
3413 3576
3413 3601
3413 3650
3413 3659
3413 3666
3413 3669
1251 536
1251 810
1251 1004
1251 1057
1251 1142
1251 1171
1251 1177
1251 1189
1251 1214
1251 1241
1251 1242
1251 1247
1251 1255
1251 1258
1251 1266
1251 1273
1251 1274
1251 1280
1251 1281
1251 1286
1251 1300
1251 1304
1251 1305
1251 1306
1251 1310
1251 2344
1251 3406
4750 4744
4750 4808
4750 4864
4750 4876
4750 4896
4750 4899
4750 4907
4750 4913
4750 4914
819 958
819 969
819 1034
819 1138
819 1190
819 1227
4811 3414
4811 4778
4811 4910
4811 4924
4811 4926
4811 4934
4811 4950
4811 4954
4811 4956
4811 4964
4811 4967
4811 4974
672 554
672 555
672 556
672 595
672 620
672 684
672 725
672 732
672 752
672 756
672 760
672 765
672 766
672 767
2648 955
2648 2284
2648 2500
2648 2527
2648 2558
2648 2581
2648 2626
2648 2694
2648 2703
2648 2743
2648 2767
2648 2772
2648 2782
2648 2785
2648 2796
2648 2807
2648 2819
2648 2820
2648 2834
2155 2803
2155 2817
2155 2824
2155 2832
2155 2837
2155 2838
3335 1625
3335 3410
3335 3468
3335 3473
3335 3496
3335 3601
3335 3659
3335 3669
3335 3685
3335 3751
1099 823
1099 879
1099 956
1099 1045
1099 1061
1099 1086
1099 1095
1099 1140
1099 1195
1099 1233
1099 1253
1099 1279
1099 3730
743 544
743 578
743 600
743 624
743 638
743 655
743 670
743 671
743 692
743 696
743 704
743 713
743 727
743 728
743 742
743 746
743 748
743 751
743 753
743 755
743 756
743 757
743 762
743 764
743 772
743 773
743 774
743 2070
743 4237
3744 362
3744 2086
3744 2592
3744 2595
3744 2735
3744 2864
3744 2881
3744 2978
3744 2994
3744 3032
3744 3036
3744 3079
3744 3080
3744 3108
3744 3122
3744 3145
3744 3152
3744 3166
3744 3194
3744 3201
3744 3239
3744 3268
3744 3274
3744 3314
3744 3318
3744 3338
3744 3352
3744 3404
3744 3412
3744 3439
3744 3442
3744 3457
3744 3464
3744 3466
3744 3517
3744 3522
3744 3526
3744 3527
3744 3540
3744 3546
3744 3551
3744 3556
3744 3575
3744 3579
3744 3583
3744 3589
3744 3608
3744 3610
3744 3615
3744 3651
3744 3665
3744 3668
3744 3672
3744 3675
3744 3684
3744 3693
3744 3708
3744 3712
3744 3713
3744 3725
3744 3727
3744 3736
3744 3738
3744 3739
3744 3741
3744 3743
3744 3752
3744 3753
3744 3754
3744 3755
3744 3756
3744 3759
3744 4018
3744 4252
326 445
326 455
326 496
326 527
326 529
326 531
326 533
2511 2265
2511 2322
2511 2521
2511 2555
2511 2651
2511 2676
2511 2687
2511 2692
2511 2712
2511 2725
2511 2733
2511 2817
4368 4402
4368 4532
4368 4553
4368 4561
4368 4566
4368 4568
4368 4570
4559 764
4559 1519
4559 1642
4559 1981
4559 4150
4559 4292
4559 4297
4559 4300
4559 4304
4559 4320
4559 4331
4559 4339
4559 4370
4559 4380
4559 4381
4559 4382
4559 4390
4559 4395
4559 4401
4559 4405
4559 4409
4559 4431
4559 4442
4559 4444
4559 4445
4559 4448
4559 4464
4559 4469
4559 4473
4559 4476
4559 4479
4559 4481
4559 4490
4559 4491
4559 4494
4559 4506
4559 4513
4559 4522
4559 4523
4559 4530
4559 4537
4559 4541
4559 4545
4559 4547
4559 4549
4559 4554
4559 4557
4559 4561
4559 4562
4559 4571
4559 4572
4559 4573
4559 4576
412 260
412 347
412 369
412 493
412 516
412 517
412 520
412 522
412 524
412 528
412 530
412 4912
1272 796
1272 802
1272 803
1272 865
1272 886
1272 898
1272 929
1272 941
1272 946
1272 956
1272 977
1272 1018
1272 1028
1272 1029
1272 1056
1272 1068
1272 1111
1272 1131
1272 1132
1272 1152
1272 1158
1272 1170
1272 1188
1272 1193
1272 1198
1272 1203
1272 1219
1272 1221
1272 1223
1272 1230
1272 1274
1272 1278
1272 1291
1272 1293
1272 1294
1272 1295
1272 1305
1272 1600
1272 2127
1272 3386
1272 3937
493 279
493 339
493 345
493 346
493 348
493 365
493 411
493 432
493 469
493 488
493 489
493 497
493 498
493 503
493 505
493 507
493 521
493 526
493 534
493 543
493 3605
493 4990
3565 3050
3565 3259
3565 3650
3565 3653
3565 3671
3565 3678
3565 3690
3565 3694
3565 3697
3565 3704
3565 3715
3565 3726
3565 3728
3565 3732
3565 3733
3565 3735
3565 3742
3565 3746
3565 3751
3565 4016
2221 2258
2221 2276
2221 2521
2221 2523
2221 2562
2221 2610
2221 2811
4499 2257
4499 4325
4499 4330
4499 4353
4499 4361
4499 4418
4499 4429
4499 4453
4499 4457
4499 4475
4499 4480
4499 4501
4499 4535
4499 4538
4499 4541
4499 4550
4499 4557
4499 4560
4499 4564
4499 4571
4499 4574
4499 4575
4499 4576
4499 4577
306 259
306 273
306 284
306 319
306 457
306 505
306 526
346 284
346 441
346 489
346 505
346 521
1566 1379
1566 1452
1566 1463
1566 1598
1566 1647
1566 1669
1566 1675
1566 1679
1566 1681
1566 1685
1566 1690
1566 1692
1566 1699
1566 1701
3075 3568
3075 3671
3075 3695
3075 3700
3075 3715
3075 3735
4230 4081
4230 4195
4230 4210
4230 4220
4230 4228
4230 4243
4230 4246
4230 4250
4230 4252
4230 4257
4230 4259
4230 4260
4230 4261
4230 4262
4230 4273
4230 4280
4230 4283
4230 4301
507 285
507 286
507 335
507 343
507 359
507 362
507 368
507 375
507 390
507 395
507 431
507 441
507 459
507 487
507 492
507 503
507 505
507 511
507 521
507 523
507 526
507 528
507 530
507 534
507 538
507 2096
3423 3076
3423 3317
3423 3652
3423 3689
3423 3712
3423 3721
3423 3722
3423 3725
3423 3748
3423 3752
3423 3755
3423 3758
719 481
719 572
719 616
719 647
719 657
719 670
719 674
719 677
719 690
719 694
719 696
719 711
719 714
719 717
719 718
719 726
719 733
719 737
719 738
719 753
719 754
719 758
719 761
4729 4598
4729 4717
4729 4761
4729 4781
4729 4783
4729 4793
4729 4852
4729 4962
1168 973
1168 986
1168 1139
1168 1153
1168 1159
1168 1221
1168 1261
1168 1268
1168 1269
1168 1270
1168 1271
1168 1298
1168 1299
1168 1314
1168 1316
1168 1318
1168 1319
1168 3123
3746 339
3746 1336
3746 2233
3746 2776
3746 2828
3746 2833
3746 2885
3746 2889
3746 2947
3746 2957
3746 2961
3746 2962
3746 2980
3746 2999
3746 3002
3746 3012
3746 3022
3746 3056
3746 3061
3746 3088
3746 3098
3746 3119
3746 3135
3746 3199
3746 3210
3746 3247
3746 3255
3746 3277
3746 3302
3746 3344
3746 3354
3746 3365
3746 3367
3746 3370
3746 3372
3746 3406
3746 3411
3746 3420
3746 3477
3746 3480
3746 3489
3746 3517
3746 3523
3746 3541
3746 3544
3746 3547
3746 3558
3746 3594
3746 3598
3746 3603
3746 3615
3746 3629
3746 3641
3746 3650
3746 3653
3746 3654
3746 3657
3746 3663
3746 3665
3746 3671
3746 3678
3746 3690
3746 3697
3746 3700
3746 3703
3746 3708
3746 3715
3746 3722
3746 3728
3746 3732
3746 3733
3746 3735
3746 3739
3746 3742
3746 3751
3746 3952
2832 623
2832 1622
2832 2111
2832 2147
2832 2154
2832 2179
2832 2180
2832 2187
2832 2201
2832 2209
2832 2210
2832 2241
2832 2243
2832 2248
2832 2260
2832 2270
2832 2303
2832 2309
2832 2314
2832 2345
2832 2363
2832 2366
2832 2373
2832 2392
2832 2414
2832 2417
2832 2439
2832 2450
2832 2459
2832 2462
2832 2515
2832 2522
2832 2535
2832 2569
2832 2570
2832 2571
2832 2573
2832 2579
2832 2592
2832 2596
2832 2599
2832 2618
2832 2625
2832 2629
2832 2630
2832 2636
2832 2658
2832 2660
2832 2661
2832 2667
2832 2671
2832 2686
2832 2697
2832 2705
2832 2731
2832 2738
2832 2747
2832 2749
2832 2753
2832 2774
2832 2775
2832 2779
2832 2783
2832 2785
2832 2788
2832 2803
2832 2805
2832 2807
2832 2810
2832 2817
2832 2821
2832 2824
2832 2825
2832 2831
2832 2833
2832 2834
2832 2838
2832 3343
2832 3711
2832 3726
2832 4095
2832 4263
2832 4921
4544 2000
4544 2624
4544 4303
4544 4308
4544 4364
4544 4365
4544 4377
4544 4387
4544 4398
4544 4402
4544 4417
4544 4419
4544 4422
4544 4425
4544 4437
4544 4438
4544 4456
4544 4483
4544 4484
4544 4488
4544 4495
4544 4496
4544 4498
4544 4501
4544 4505
4544 4508
4544 4518
4544 4521
4544 4525
4544 4532
4544 4536
4544 4538
4544 4541
4544 4546
4544 4549
4544 4551
4544 4565
4544 4569
4544 4577
4544 4898
4544 4981
2134 2267
2134 2483
2134 2531
2134 2639
2134 2681
2134 2798
2333 2290
2333 2773
2333 2797
2333 2806
2333 2809
2333 2823
2333 2827
2333 2828
704 545
704 616
704 633
704 696
704 746
704 751
704 755
704 757
704 758
704 764
704 765
704 770
704 772
704 774
704 1473
2831 747
2831 1149
2831 1536
2831 2106
2831 2114
2831 2121
2831 2149
2831 2199
2831 2248
2831 2296
2831 2298
2831 2311
2831 2329
2831 2340
2831 2347
2831 2360
2831 2388
2831 2393
2831 2407
2831 2408
2831 2413
2831 2416
2831 2437
2831 2458
2831 2463
2831 2474
2831 2490
2831 2513
2831 2514
2831 2517
2831 2520
2831 2525
2831 2530
2831 2542
2831 2551
2831 2582
2831 2587
2831 2589
2831 2598
2831 2614
2831 2616
2831 2617
2831 2629
2831 2630
2831 2631
2831 2635
2831 2638
2831 2662
2831 2665
2831 2668
2831 2679
2831 2693
2831 2702
2831 2744
2831 2746
2831 2750
2831 2752
2831 2758
2831 2760
2831 2762
2831 2767
2831 2768
2831 2770
2831 2776
2831 2780
2831 2786
2831 2788
2831 2790
2831 2794
2831 2799
2831 2801
2831 2811
2831 2815
2831 2817
2831 2825
2831 2833
2831 2838
2831 3676
2831 3696
2831 4034
2831 4287
2831 4600
1236 359
1236 777
1236 843
1236 858
1236 901
1236 911
1236 913
1236 928
1236 961
1236 962
1236 985
1236 1009
1236 1015
1236 1025
1236 1100
1236 1109
1236 1130
1236 1135
1236 1143
1236 1181
1236 1200
1236 1202
1236 1209
1236 1220
1236 1226
1236 1293
1236 1296
1236 1301
1236 4779
1612 1328
1612 1376
1612 1402
1612 1414
1612 1417
1612 1426
1612 1444
1612 1473
1612 1474
1612 1500
1612 1521
1612 1526
1612 1553
1612 1590
1612 1599
1612 1617
1612 1636
1612 1659
1612 1666
1612 4283
1612 4982
1692 1323
1692 1348
1692 1359
1692 1363
1692 1367
1692 1383
1692 1391
1692 1412
1692 1416
1692 1437
1692 1438
1692 1456
1692 1463
1692 1494
1692 1512
1692 1524
1692 1531
1692 1535
1692 1537
1692 1542
1692 1547
1692 1551
1692 1554
1692 1565
1692 1575
1692 1577
1692 1585
1692 1600
1692 1603
1692 1608
1692 1610
1692 1611
1692 1619
1692 1639
1692 1647
1692 1650
1692 1653
1692 1662
1692 1666
1692 1669
1692 1673
1692 1676
1692 1678
1692 1679
1692 1681
1692 1685
1692 1691
1692 1694
1692 1699
1692 1701
1692 1707
1692 2798
1692 3160
1692 4017
1692 4800
1692 4928
1692 4979
2464 1160
2464 2727
2464 2804
2464 2806
2464 2808
2464 2826
2464 2829
2464 2830
2464 2834
2464 2835
2464 2837
4443 540
4443 4389
4443 4451
4443 4492
4443 4538
4443 4554
4443 4556
4443 4557
4443 4569
4443 4574
4443 4575
4443 4577
1405 1420
1405 1527
1405 1618
1405 1629
1405 1654
1405 1697
1405 1705
2627 2359
2627 2457
2627 2544
2627 2558
2627 2626
2627 2644
2627 2669
2627 2674
2627 2682
2627 2683
2627 2703
2627 2767
2627 2796
2627 2802
2627 2807
2627 2819
2627 2820
2627 3641
2713 2272
2713 2289
2713 2432
2713 2685
2713 2692
2713 2696
2713 2727
2713 2757
2713 2763
2713 2765
2713 2771
2713 2776
2713 2778
2713 2793
2713 2795
2713 2802
2713 2804
2713 2808
2713 2818
2713 2826
2713 2829
2713 2830
2713 2835
2713 2837
2713 4732
1195 797
1195 808
1195 816
1195 854
1195 912
1195 920
1195 925
1195 1000
1195 1038
1195 1045
1195 1061
1195 1094
1195 1115
1195 1153
1195 1233
1195 1244
1195 1253
1195 1305
1195 1308
1195 1314
1195 2787
1195 4850
4468 1688
4468 4392
4468 4417
4468 4444
4468 4506
4468 4513
4468 4523
4468 4530
4468 4532
4468 4537
4468 4542
4468 4549
4468 4554
4468 4562
4468 4573
4468 4575
4524 3055
4524 3350
4524 4314
4524 4358
4524 4416
4524 4439
4524 4474
4524 4477
4524 4498
4524 4500
4524 4507
4524 4510
4524 4514
4524 4533
4524 4536
4524 4540
4524 4547
4524 4548
4524 4552
4524 4553
4524 4561
4524 4564
4524 4565
4524 4566
4524 4567
4524 4568
4524 4570
4524 4576
2167 2723
2167 2749
2167 2803
2167 2821
2167 2834
2788 723
2788 1501
2788 1687
2788 2154
2788 2270
2788 2439
2788 2480
2788 2501
2788 2535
2788 2548
2788 2551
2788 2558
2788 2574
2788 2578
2788 2599
2788 2636
2788 2658
2788 2660
2788 2667
2788 2686
2788 2697
2788 2699
2788 2705
2788 2729
2788 2738
2788 2743
2788 2749
2788 2753
2788 2761
2788 2781
2788 2783
2788 2785
2788 2794
2788 2803
2788 2810
2788 2817
2788 2818
2788 2821
2788 2824
2788 2825
2788 2833
2788 2834
2788 2838
2788 3652
1125 750
1125 790
1125 882
1125 1164
1125 1205
1125 1216
1125 1256
1125 1282
1125 1289
1125 1296
1125 1310
1125 1311
1125 1320
3571 2926
3571 3028
3571 3064
3571 3077
3571 3084
3571 3087
3571 3128
3571 3129
3571 3144
3571 3159
3571 3176
3571 3287
3571 3430
3571 3503
3571 3506
3571 3520
3571 3523
3571 3550
3571 3586
3571 3591
3571 3678
3571 3684
3571 4488
3759 585
3759 614
3759 1056
3759 1634
3759 2182
3759 2819
3759 2842
3759 2864
3759 2879
3759 2880
3759 2916
3759 2919
3759 2944
3759 2988
3759 2993
3759 3043
3759 3051
3759 3070
3759 3080
3759 3096
3759 3115
3759 3122
3759 3152
3759 3170
3759 3173
3759 3193
3759 3194
3759 3196
3759 3234
3759 3246
3759 3249
3759 3268
3759 3271
3759 3274
3759 3314
3759 3318
3759 3320
3759 3338
3759 3352
3759 3404
3759 3418
3759 3439
3759 3442
3759 3443
3759 3446
3759 3457
3759 3464
3759 3466
3759 3491
3759 3522
3759 3524
3759 3526
3759 3527
3759 3533
3759 3540
3759 3546
3759 3551
3759 3556
3759 3575
3759 3579
3759 3583
3759 3589
3759 3608
3759 3613
3759 3615
3759 3622
3759 3627
3759 3651
3759 3665
3759 3667
3759 3672
3759 3683
3759 3684
3759 3708
3759 3711
3759 3713
3759 3727
3759 3736
3759 3739
3759 3740
3759 3741
3759 3743
3759 3751
3759 3752
3759 3753
3759 3754
3759 3756
3759 4004
3759 4877
540 256
540 263
540 268
540 272
540 274
540 277
540 293
540 295
540 296
540 304
540 307
540 312
540 317
540 320
540 321
540 322
540 324
540 329
540 331
540 332
540 337
540 338
540 351
540 360
540 367
540 371
540 374
540 381
540 384
540 388
540 393
540 397
540 402
540 404
540 414
540 418
540 422
540 424
540 442
540 445
540 446
540 456
540 460
540 463
540 474
540 475
540 480
540 486
540 491
540 495
540 497
540 500
540 501
540 504
540 506
540 509
540 514
540 523
540 525
540 526
540 532
540 534
540 535
540 536
540 539
540 659
540 1275
540 3737
540 3749
540 3884
540 4978
1855 2031
1855 2037
1855 2040
1855 2056
1855 2058
1855 2059
1855 2064
1855 2074
1855 2081
2389 2210
2389 2252
2389 2421
2389 2595
2389 2653
2389 2725
2389 2745
2389 2759
1283 397
1283 865
1283 887
1283 891
1283 924
1283 993
1283 995
1283 1001
1283 1002
1283 1004
1283 1019
1283 1020
1283 1048
1283 1075
1283 1083
1283 1107
1283 1116
1283 1118
1283 1124
1283 1126
1283 1154
1283 1161
1283 1166
1283 1178
1283 1179
1283 1198
1283 1204
1283 1215
1283 1228
1283 1243
1283 1245
1283 1250
1283 1273
1283 1276
1283 1282
1283 1288
1283 1295
1283 1297
1283 1301
1283 1314
1283 1320
1283 3860
1283 4013
1283 4274
1283 4986
1435 1567
1435 1571
1435 1600
1435 1632
1435 1684
1435 1700
1435 1702
1435 1706
2672 2113
2672 2178
2672 2429
2672 2448
2672 2476
2672 2527
2672 2611
2672 2625
2672 2639
2672 2652
2672 2658
2672 2700
2672 2721
2672 2737
2672 2789
2672 2798
2672 2809
2672 2811
715 565
715 567
715 587
715 589
715 598
715 599
715 605
715 622
715 633
715 649
715 667
715 682
715 697
715 698
715 705
715 706
715 709
715 720
715 738
715 750
715 761
715 774
715 3677
2073 1732
2073 1754
2073 1761
2073 1763
2073 1828
2073 1870
2073 1888
2073 1908
2073 1982
2073 1992
2073 2002
2073 2016
2073 2017
2073 2018
2073 2021
2073 2025
2073 2031
2073 2037
2073 2040
2073 2043
2073 2046
2073 2052
2073 2054
2073 2056
2073 2057
2073 2058
2073 2062
2073 2063
2073 2065
2073 2067
2073 2069
2073 2070
2073 2072
2073 2074
2073 2075
2073 2076
2073 2077
2073 2078
2073 2081
2073 2082
2073 2083
2073 2084
2073 2085
2073 2087
2073 2088
2073 2089
2073 2090
2073 2093
2073 2094
2073 2095
2073 2096
2073 2383
2073 2576
2073 4382
2073 4793
4243 866
4243 1460
4243 4093
4243 4110
4243 4130
4243 4138
4243 4181
4243 4192
4243 4194
4243 4203
4243 4212
4243 4214
4243 4215
4243 4224
4243 4226
4243 4234
4243 4242
4243 4251
4243 4253
4243 4276
4243 4285
4243 4288
1286 728
1286 795
1286 845
1286 881
1286 888
1286 890
1286 894
1286 909
1286 991
1286 1016
1286 1019
1286 1044
1286 1051
1286 1067
1286 1073
1286 1096
1286 1097
1286 1122
1286 1137
1286 1142
1286 1150
1286 1171
1286 1177
1286 1189
1286 1209
1286 1214
1286 1220
1286 1240
1286 1241
1286 1242
1286 1258
1286 1266
1286 1269
1286 1274
1286 1280
1286 1281
1286 1300
1286 1304
1286 1305
1286 1306
1286 1320
1286 2727
1286 3715
1286 4572
1286 4994
3854 3956
3854 3978
3854 4044
3854 4045
3854 4046
3854 4060
3854 4064
3854 4065
4039 957
4039 2843
4039 3725
4039 3766
4039 3767
4039 3785
4039 3790
4039 3807
4039 3809
4039 3825
4039 3837
4039 3847
4039 3869
4039 3870
4039 3872
4039 3889
4039 3896
4039 3911
4039 3912
4039 3925
4039 3927
4039 3935
4039 3936
4039 3944
4039 3948
4039 3954
4039 3964
4039 3980
4039 3993
4039 4004
4039 4021
4039 4026
4039 4031
4039 4034
4039 4065
1697 740
1697 939
1697 1335
1697 1337
1697 1344
1697 1346
1697 1350
1697 1377
1697 1378
1697 1379
1697 1390
1697 1406
1697 1420
1697 1441
1697 1451
1697 1475
1697 1477
1697 1490
1697 1496
1697 1498
1697 1502
1697 1503
1697 1517
1697 1520
1697 1534
1697 1542
1697 1543
1697 1545
1697 1555
1697 1558
1697 1561
1697 1564
1697 1569
1697 1573
1697 1574
1697 1583
1697 1595
1697 1602
1697 1607
1697 1609
1697 1614
1697 1616
1697 1629
1697 1637
1697 1640
1697 1645
1697 1658
1697 1662
1697 1665
1697 1669
1697 1670
1697 1673
1697 1686
1697 1688
1697 1689
1697 1695
1697 1696
1697 1700
1697 1702
1697 1705
1697 1706
1697 2807
1697 3739
1697 4269
1697 4996
2825 1319
2825 2102
2825 2136
2825 2147
2825 2154
2825 2174
2825 2187
2825 2201
2825 2243
2825 2294
2825 2303
2825 2307
2825 2322
2825 2363
2825 2366
2825 2373
2825 2384
2825 2392
2825 2417
2825 2420
2825 2450
2825 2480
2825 2501
2825 2522
2825 2534
2825 2548
2825 2553
2825 2558
2825 2570
2825 2579
2825 2599
2825 2608
2825 2618
2825 2629
2825 2635
2825 2636
2825 2638
2825 2646
2825 2658
2825 2660
2825 2667
2825 2671
2825 2686
2825 2697
2825 2705
2825 2738
2825 2749
2825 2753
2825 2775
2825 2779
2825 2783
2825 2785
2825 2803
2825 2810
2825 2817
2825 2821
2825 2824
2825 2826
2825 2833
2825 2834
2825 2838
2825 3736
2825 4171
2825 4304
2825 4529
350 284
350 310
350 335
350 424
350 498
350 505
350 514
350 521
2095 520
2095 1466
2095 1540
2095 1741
2095 1757
2095 1761
2095 1763
2095 1785
2095 1798
2095 1807
2095 1815
2095 1816
2095 1818
2095 1824
2095 1848
2095 1859
2095 1876
2095 1881
2095 1887
2095 1904
2095 1911
2095 1923
2095 1925
2095 1929
2095 1942
2095 1960
2095 1964
2095 1965
2095 1966
2095 1968
2095 1973
2095 1982
2095 1985
2095 1988
2095 1992
2095 1995
2095 1999
2095 2002
2095 2003
2095 2008
2095 2013
2095 2016
2095 2021
2095 2024
2095 2025
2095 2028
2095 2031
2095 2036
2095 2038
2095 2039
2095 2043
2095 2047
2095 2050
2095 2052
2095 2054
2095 2057
2095 2058
2095 2061
2095 2062
2095 2063
2095 2067
2095 2069
2095 2070
2095 2071
2095 2072
2095 2074
2095 2075
2095 2076
2095 2077
2095 2078
2095 2079
2095 2080
2095 2081
2095 2082
2095 2083
2095 2084
2095 2085
2095 2086
2095 2087
2095 2088
2095 2089
2095 2090
2095 2092
2095 2093
2095 2094
2095 2096
2095 2605
2095 2744
2095 3743
2095 4553
2095 4571
2095 4855
2593 1611
2593 2393
2593 2465
2593 2736
2593 2757
2593 2763
2593 2769
2593 2795
2593 2799
2593 2802
2593 2808
2593 2818
2593 2829
2593 2830
2593 2835
2593 2837
1686 1321
1686 1331
1686 1336
1686 1362
1686 1365
1686 1374
1686 1381
1686 1408
1686 1420
1686 1423
1686 1448
1686 1457
1686 1464
1686 1475
1686 1477
1686 1484
1686 1485
1686 1490
1686 1496
1686 1517
1686 1520
1686 1522
1686 1538
1686 1549
1686 1558
1686 1564
1686 1573
1686 1583
1686 1595
1686 1602
1686 1607
1686 1608
1686 1611
1686 1613
1686 1615
1686 1616
1686 1618
1686 1629
1686 1633
1686 1645
1686 1658
1686 1665
1686 1676
1686 1685
1686 1695
1686 1696
1686 1705
1686 1706
1686 2122
1686 4002
1686 4277
1686 4426
3691 687
3691 1110
3691 2600
3691 2842
3691 2945
3691 2964
3691 2984
3691 3027
3691 3065
3691 3116
3691 3130
3691 3141
3691 3169
3691 3256
3691 3295
3691 3384
3691 3385
3691 3396
3691 3434
3691 3478
3691 3494
3691 3516
3691 3521
3691 3524
3691 3535
3691 3567
3691 3585
3691 3587
3691 3606
3691 3612
3691 3636
3691 3654
3691 3670
3691 3681
3691 3683
3691 3692
3691 3696
3691 3704
3691 3722
3691 3726
3691 3737
3691 3739
3691 3749
733 601
733 606
733 618
733 631
733 657
733 664
733 670
733 677
733 686
733 690
733 695
733 696
733 707
733 713
733 718
733 724
733 726
733 734
733 735
733 737
733 749
733 753
733 754
733 772
733 4034
733 4794
3693 2769
3693 2816
3693 2903
3693 2919
3693 2930
3693 2951
3693 2952
3693 3004
3693 3015
3693 3020
3693 3035
3693 3038
3693 3161
3693 3172
3693 3182
3693 3224
3693 3239
3693 3262
3693 3295
3693 3350
3693 3356
3693 3360
3693 3366
3693 3374
3693 3379
3693 3390
3693 3408
3693 3422
3693 3429
3693 3463
3693 3512
3693 3559
3693 3592
3693 3598
3693 3631
3693 3641
3693 3644
3693 3657
3693 3674
3693 3680
3693 3720
3693 3723
3693 3725
3693 4283
3693 4545
4565 627
4565 947
4565 3462
4565 3656
4565 3741
4565 4282
4565 4290
4565 4294
4565 4305
4565 4308
4565 4309
4565 4312
4565 4326
4565 4342
4565 4344
4565 4361
4565 4364
4565 4365
4565 4366
4565 4377
4565 4385
4565 4386
4565 4391
4565 4395
4565 4397
4565 4406
4565 4413
4565 4422
4565 4423
4565 4437
4565 4439
4565 4447
4565 4454
4565 4455
4565 4456
4565 4466
4565 4467
4565 4471
4565 4472
4565 4474
4565 4482
4565 4483
4565 4485
4565 4488
4565 4493
4565 4495
4565 4496
4565 4501
4565 4505
4565 4508
4565 4515
4565 4516
4565 4518
4565 4521
4565 4522
4565 4525
4565 4532
4565 4534
4565 4535
4565 4536
4565 4541
4565 4546
4565 4551
4565 4560
4565 4569
4565 4572
4565 4575
2789 533
2789 1204
2789 2113
2789 2123
2789 2129
2789 2162
2789 2173
2789 2178
2789 2180
2789 2190
2789 2204
2789 2208
2789 2266
2789 2286
2789 2293
2789 2294
2789 2299
2789 2310
2789 2383
2789 2385
2789 2399
2789 2429
2789 2436
2789 2448
2789 2483
2789 2532
2789 2546
2789 2589
2789 2602
2789 2611
2789 2625
2789 2639
2789 2681
2789 2682
2789 2700
2789 2719
2789 2721
2789 2724
2789 2737
2789 2739
2789 2749
2789 2755
2789 2798
2789 2895
2789 4564
4575 766
4575 1297
4575 1315
4575 2061
4575 2609
4575 3975
4575 4289
4575 4291
4575 4292
4575 4299
4575 4306
4575 4323
4575 4325
4575 4327
4575 4328
4575 4330
4575 4340
4575 4341
4575 4351
4575 4355
4575 4356
4575 4357
4575 4375
4575 4377
4575 4382
4575 4388
4575 4389
4575 4393
4575 4402
4575 4406
4575 4410
4575 4414
4575 4418
4575 4421
4575 4424
4575 4429
4575 4430
4575 4433
4575 4449
4575 4450
4575 4452
4575 4457
4575 4462
4575 4465
4575 4480
4575 4486
4575 4489
4575 4492
4575 4497
4575 4498
4575 4502
4575 4504
4575 4511
4575 4512
4575 4516
4575 4518
4575 4519
4575 4520
4575 4523
4575 4526
4575 4527
4575 4532
4575 4533
4575 4535
4575 4538
4575 4539
4575 4543
4575 4545
4575 4547
4575 4550
4575 4554
4575 4556
4575 4557
4575 4560
4575 4562
4575 4563
4575 4564
4575 4567
4575 4569
4575 4570
4575 4571
4575 4574
4575 4576
4575 4577
4575 4590
4575 4761
4717 4586
4717 4669
4717 4718
4717 4793
4717 4852
4717 4944
4717 4998
1955 1741
1955 1779
1955 1879
1955 1884
1955 1917
1955 1948
1955 1974
1955 1991
1955 2005
1955 2012
1955 2015
1955 2081
1955 2085
1955 2086
1955 2162
3726 1623
3726 1871
3726 2701
3726 2736
3726 2873
3726 2907
3726 2935
3726 2948
3726 2967
3726 2995
3726 3027
3726 3065
3726 3089
3726 3116
3726 3130
3726 3139
3726 3157
3726 3163
3726 3169
3726 3176
3726 3217
3726 3222
3726 3230
3726 3233
3726 3234
3726 3256
3726 3259
3726 3280
3726 3294
3726 3299
3726 3384
3726 3385
3726 3424
3726 3434
3726 3454
3726 3469
3726 3478
3726 3494
3726 3503
3726 3516
3726 3535
3726 3552
3726 3554
3726 3567
3726 3585
3726 3587
3726 3602
3726 3606
3726 3612
3726 3636
3726 3640
3726 3663
3726 3683
3726 3692
3726 3696
3726 3701
3726 3704
3726 3713
3726 3719
3726 3737
3726 3749
4485 4044
4485 4328
4485 4374
4485 4398
4485 4438
4485 4480
4485 4512
4485 4516
4485 4526
4485 4527
4485 4554
4485 4556
4485 4557
4485 4560
4485 4564
4485 4576
2063 604
2063 613
2063 1748
2063 1833
2063 1834
2063 1845
2063 1916
2063 1929
2063 1932
2063 1966
2063 1981
2063 1988
2063 2003
2063 2013
2063 2036
2063 2039
2063 2042
2063 2050
2063 2054
2063 2057
2063 2061
2063 2062
2063 2065
2063 2069
2063 2072
2063 2074
2063 2076
2063 2078
2063 2079
2063 2080
2063 2082
2063 2083
2063 2084
2063 2085
2063 2087
2063 2089
2063 2090
2063 2092
2063 2093
2063 2094
2063 2096
2063 2733
2063 4283
2570 2323
2570 2350
2570 2607
2570 2639
2570 2753
2570 2775
2570 2803
2570 2821
2570 2824
2570 2833
2570 2834
2570 2838
2126 2406
2126 2716
2126 2784
2126 2787
2126 2816
2528 2229
2528 2298
2528 2349
2528 2418
2528 2657
2528 2661
2528 2705
2528 2774
2528 2777
2528 2793
2528 2799
2528 2800
2528 2814
4919 1656
4919 2222
4919 4753
4919 4857
4919 4882
4919 4883
4919 4894
4919 4918
4919 4926
4919 4944
4919 4947
4919 4955
4919 4957
4919 4962
4919 4976
4919 4982
4919 4988
4919 4989
4919 4990
4919 4991
4919 4992
4919 4993
4919 4994
4919 4995
4919 4996
4919 4997
4919 4998
2919 3164
2919 3499
2919 3720
3541 3004
3541 3072
3541 3094
3541 3109
3541 3121
3541 3164
3541 3288
3541 3359
3541 3440
3541 3444
3541 3462
3541 3522
3541 3548
3541 3560
3541 3604
3541 3607
3541 3623
3541 4008
4965 3105
4965 3236
4965 3925
4965 4494
4965 4655
4965 4728
4965 4814
4965 4830
4965 4837
4965 4844
4965 4852
4965 4866
4965 4868
4965 4873
4965 4879
4965 4890
4965 4904
4965 4917
4965 4918
4965 4923
4965 4924
4965 4927
4965 4933
4965 4947
4965 4948
4965 4950
4965 4952
4965 4956
4965 4959
4965 4962
4965 4976
4965 4982
4965 4985
4965 4986
4965 4987
4965 4988
4965 4990
4965 4991
4965 4992
4965 4993
4965 4994
4965 4995
4965 4996
4965 4997
4965 4998
4198 4114
4198 4163
4198 4200
4198 4214
4198 4217
4198 4223
4198 4241
4198 4244
4198 4245
4198 4248
4198 4267
4198 4278
4205 4075
4205 4083
4205 4112
4205 4127
4205 4192
4205 4226
4205 4234
4205 4239
4205 4251
4205 4253
4205 4255
4205 4258
4205 4269
4496 513
4496 2800
4496 4344
4496 4348
4496 4365
4496 4384
4496 4425
4496 4426
4496 4466
4496 4493
4496 4495
4496 4505
4496 4510
4496 4518
4496 4519
4496 4541
4496 4546
4496 4551
4496 4557
4496 4569
4496 4572
1594 1325
1594 1342
1594 1497
1594 1540
1594 1567
1594 1600
1594 1632
1594 1635
1594 1639
1594 1640
1594 1653
1594 1657
1594 1674
1594 1679
1594 1700
1594 1702
1594 2986
2880 3479
2880 3643
2880 3736
2880 3756
3731 508
3731 1133
3731 1237
3731 1282
3731 2846
3731 2918
3731 2937
3731 2973
3731 3009
3731 3047
3731 3062
3731 3082
3731 3093
3731 3106
3731 3123
3731 3146
3731 3190
3731 3197
3731 3204
3731 3238
3731 3264
3731 3273
3731 3279
3731 3307
3731 3330
3731 3345
3731 3349
3731 3378
3731 3409
3731 3474
3731 3491
3731 3501
3731 3505
3731 3533
3731 3538
3731 3555
3731 3562
3731 3566
3731 3574
3731 3593
3731 3608
3731 3611
3731 3627
3731 3635
3731 3652
3731 3654
3731 3658
3731 3662
3731 3663
3731 3667
3731 3670
3731 3671
3731 3676
3731 3685
3731 3688
3731 3695
3731 3711
3731 3714
3731 3721
3731 3730
3731 3733
3731 3734
3731 3738
3731 3740
3731 3743
3731 3751
3731 3757
3731 4002
3731 4547
3731 4826
676 623
676 635
676 687
676 703
676 722
676 725
676 729
676 732
676 747
676 752
676 760
676 766
676 767
676 2835
3231 3465
3231 3514
3231 3582
3231 3599
3231 3613
3231 3637
3231 3638
3231 3639
3231 3697
4572 591
4572 668
4572 1370
4572 2069
4572 2823
4572 4297
4572 4300
4572 4302
4572 4307
4572 4315
4572 4318
4572 4322
4572 4331
4572 4339
4572 4348
4572 4354
4572 4360
4572 4362
4572 4370
4572 4371
4572 4374
4572 4380
4572 4381
4572 4382
4572 4383
4572 4390
4572 4400
4572 4401
4572 4405
4572 4409
4572 4431
4572 4436
4572 4442
4572 4444
4572 4445
4572 4448
4572 4451
4572 4459
4572 4461
4572 4467
4572 4471
4572 4473
4572 4475
4572 4479
4572 4481
4572 4483
4572 4490
4572 4492
4572 4494
4572 4501
4572 4502
4572 4506
4572 4512
4572 4513
4572 4521
4572 4522
4572 4523
4572 4527
4572 4530
4572 4536
4572 4537
4572 4542
4572 4543
4572 4545
4572 4546
4572 4547
4572 4549
4572 4551
4572 4554
4572 4562
4572 4567
4572 4570
4572 4573
4572 4577
4572 4620
4572 4929
4630 4616
4630 4628
4630 4802
4630 4809
4630 4810
4630 4825
3921 3920
3921 3960
3921 3972
3921 3982
3921 4024
3921 4035
3921 4045
3921 4056
3921 4060
3921 4061
3921 4064
3921 4065
4344 4536
4344 4541
4344 4569
4344 4577
4467 4376
4467 4455
4467 4493
4467 4497
4467 4501
4467 4503
4467 4521
4467 4525
4467 4541
4467 4546
4467 4551
4467 4557
4467 4564
4467 4569
843 962
843 1181
843 1200
843 1220
843 1226
2476 2429
2476 2599
2476 2602
2476 2658
2476 2682
2476 2700
2476 2737
2476 2795
2476 2798
2476 3872
3594 3399
3594 3417
3594 3545
3594 3598
3594 3629
3594 3650
3594 3653
3594 3654
3594 3678
3594 3690
3594 3697
3594 3700
3594 3715
3594 3728
3594 3732
3594 3733
3594 3735
3594 3740
3594 3742
3594 3751
3594 3754
3594 4510
510 255
510 282
510 311
510 327
510 342
510 348
510 410
510 421
510 426
510 427
510 437
510 444
510 447
510 450
510 453
510 458
510 464
510 467
510 470
510 471
510 496
510 498
510 508
510 526
510 527
510 529
510 531
510 533
510 1584
510 3631
3712 1815
3712 2044
3712 2081
3712 2311
3712 2840
3712 3014
3712 3052
3712 3068
3712 3076
3712 3103
3712 3127
3712 3132
3712 3198
3712 3213
3712 3320
3712 3401
3712 3416
3712 3418
3712 3425
3712 3439
3712 3447
3712 3466
3712 3481
3712 3492
3712 3498
3712 3534
3712 3543
3712 3545
3712 3550
3712 3553
3712 3557
3712 3580
3712 3581
3712 3600
3712 3602
3712 3626
3712 3628
3712 3632
3712 3633
3712 3648
3712 3675
3712 3682
3712 3689
3712 3702
3712 3713
3712 3721
3712 3722
3712 3725
3712 3728
3712 3729
3712 3748
3712 3752
3712 3754
3712 3755
3712 3758
3712 4491
3897 3883
3897 3978
3897 3995
3897 3998
3897 4023
3897 4025
3897 4058
3897 4059
3897 4063
4991 1001
4991 1645
4991 2432
4991 2697
4991 2805
4991 4651
4991 4675
4991 4719
4991 4723
4991 4736
4991 4761
4991 4766
4991 4797
4991 4804
4991 4812
4991 4813
4991 4814
4991 4827
4991 4836
4991 4837
4991 4844
4991 4850
4991 4854
4991 4857
4991 4861
4991 4868
4991 4870
4991 4873
4991 4879
4991 4882
4991 4888
4991 4893
4991 4902
4991 4904
4991 4906
4991 4909
4991 4917
4991 4918
4991 4924
4991 4927
4991 4928
4991 4942
4991 4944
4991 4947
4991 4948
4991 4950
4991 4956
4991 4959
4991 4962
4991 4969
4991 4978
4991 4982
4991 4984
4991 4985
4991 4986
4991 4987
4991 4988
4991 4989
4991 4990
4991 4992
4991 4993
4991 4994
4991 4995
4991 4996
4991 4997
4991 4998
2816 776
2816 2100
2816 2132
2816 2140
2816 2166
2816 2168
2816 2196
2816 2199
2816 2207
2816 2237
2816 2240
2816 2250
2816 2259
2816 2268
2816 2288
2816 2292
2816 2294
2816 2306
2816 2308
2816 2341
2816 2358
2816 2365
2816 2366
2816 2377
2816 2392
2816 2404
2816 2406
2816 2415
2816 2432
2816 2465
2816 2467
2816 2491
2816 2517
2816 2519
2816 2527
2816 2540
2816 2551
2816 2565
2816 2590
2816 2600
2816 2604
2816 2605
2816 2606
2816 2650
2816 2682
2816 2689
2816 2691
2816 2695
2816 2698
2816 2704
2816 2708
2816 2711
2816 2715
2816 2716
2816 2734
2816 2784
2816 2787
2816 2805
2816 2829
2816 3809
2816 4231
2816 4986
3364 2474
3364 2865
3364 3029
3364 3347
3364 3428
3364 3458
3364 3558
3364 3599
3364 3625
3364 3658
3364 3724
4570 1294
4570 1299
4570 1441
4570 2659
4570 2774
4570 4257
4570 4295
4570 4298
4570 4308
4570 4311
4570 4313
4570 4316
4570 4319
4570 4329
4570 4337
4570 4338
4570 4343
4570 4346
4570 4347
4570 4350
4570 4352
4570 4353
4570 4358
4570 4369
4570 4373
4570 4378
4570 4387
4570 4394
4570 4396
4570 4399
4570 4403
4570 4406
4570 4407
4570 4415
4570 4416
4570 4420
4570 4428
4570 4432
4570 4433
4570 4434
4570 4438
4570 4439
4570 4447
4570 4463
4570 4472
4570 4474
4570 4477
4570 4498
4570 4500
4570 4501
4570 4507
4570 4510
4570 4514
4570 4523
4570 4526
4570 4529
4570 4530
4570 4533
4570 4538
4570 4540
4570 4541
4570 4548
4570 4550
4570 4552
4570 4553
4570 4560
4570 4561
4570 4563
4570 4566
4570 4567
4570 4568
4570 4574
4570 4577
1981 1733
1981 1801
1981 1813
1981 1842
1981 1854
1981 1940
1981 1950
1981 1975
1981 1994
1981 2004
1981 2010
1981 2022
1981 2023
1981 2065
1981 2075
1981 2082
1981 2096
3120 3013
3120 3085
3120 3189
3120 3207
3120 3371
3120 3584
3120 3614
3120 3732
4901 2061
4901 2092
4901 4621
4901 4639
4901 4670
4901 4684
4901 4693
4901 4705
4901 4728
4901 4828
4901 4839
4901 4865
4901 4877
4901 4887
4901 4892
4901 4909
4901 4912
4901 4925
4901 4927
4901 4930
4901 4945
4901 4955
4901 4973
2376 2720
2376 2766
2376 2804
2376 2818
2376 2826
2376 2830
2376 2835
2376 2837
3620 368
3620 1555
3620 2895
3620 2909
3620 3145
3620 3289
3620 3300
3620 3417
3620 3431
3620 3486
3620 3511
3620 3616
3620 3618
3620 3619
3620 3621
3620 3622
3620 3647
3620 3649
3620 3668
3620 3670
3620 3681
3620 3694
3620 3698
3620 3705
3620 3716
3620 3730
3620 3754
4037 1175
4037 1308
4037 3761
4037 3812
4037 3828
4037 3838
4037 3850
4037 3856
4037 3860
4037 3874
4037 3901
4037 3933
4037 3947
4037 3956
4037 3957
4037 3986
4037 3989
4037 3993
4037 3998
4037 4002
4037 4003
4037 4009
4037 4011
4037 4013
4037 4021
4037 4022
4037 4027
4037 4032
4037 4047
4037 4048
4037 4053
4037 4055
4037 4056
4037 4057
3250 2981
3250 2982
3250 3134
3250 3255
3250 3441
3250 3459
3250 3549
3250 3587
3250 3642
4767 4745
4767 4859
4767 4864
4767 4876
4767 4899
4767 4907
4767 4913
4767 4914
4767 4977
4767 4989
433 357
433 378
433 409
433 437
433 467
433 471
433 478
433 494
433 508
433 516
433 527
433 529
433 531
433 533
1234 776
1234 860
1234 1019
1234 1026
1234 1092
1234 1093
1234 1141
1234 1149
1234 1172
1234 1192
1234 1199
1234 1205
1234 1229
1234 1243
1234 1247
1234 1260
1234 1262
1234 1267
1234 1282
1234 1284
1234 1289
1234 1296
1234 1310
1234 1311
1234 1315
1234 1320
1234 1821
1277 802
1277 803
1277 807
1277 823
1277 860
1277 936
1277 963
1277 1053
1277 1065
1277 1072
1277 1110
1277 1135
1277 1139
1277 1144
1277 1145
1277 1178
1277 1183
1277 1201
1277 1225
1277 1231
1277 1232
1277 1237
1277 1242
1277 1256
1277 1260
1277 1261
1277 1263
1277 1264
1277 1268
1277 1269
1277 1270
1277 1271
1277 1295
1277 1299
1277 1303
1277 1312
1277 1314
1277 1316
1277 1318
1277 1319
1277 1868
1277 2024
1277 3185
1596 1399
1596 1453
1596 1468
1596 1514
1596 1518
1596 1571
1596 1577
1596 1580
1596 1586
1596 1605
1596 1623
1596 1624
1596 1641
1596 1642
1596 1656
1596 1667
1596 1684
1596 1700
1596 4969
1525 1552
1525 1601
1525 1666
1525 1683
1525 1687
1525 1689
1525 1691
1525 1693
1525 1694
1525 1699
1525 1707
2253 2305
2253 2367
2253 2472
2253 2499
2253 2642
2253 2744
2253 2754
2862 2941
2862 3155
2862 3188
2862 3381
2862 3657
3674 1180
3674 1927
3674 2527
3674 2846
3674 2875
3674 2877
3674 2930
3674 2968
3674 2976
3674 3015
3674 3035
3674 3114
3674 3172
3674 3225
3674 3233
3674 3324
3674 3350
3674 3356
3674 3360
3674 3380
3674 3389
3674 3402
3674 3422
3674 3429
3674 3463
3674 3480
3674 3499
3674 3512
3674 3525
3674 3559
3674 3592
3674 3605
3674 3631
3674 3644
3674 3657
3674 3659
3674 3677
3674 3680
3674 3720
3674 3723
3674 4885
1595 1412
1595 1441
1595 1471
1595 1502
1595 1519
1595 1546
1595 1640
1595 1645
1595 1658
1595 1663
1595 1676
1595 1688
1595 1695
1595 1705
1595 1706
1618 1390
1618 1451
1618 1477
1618 1501
1618 1583
1618 1609
1618 1613
1618 1639
1618 1645
1618 1662
1618 1665
1618 1676
1618 1687
1618 1688
1618 1696
1618 1702
1618 1703
1618 1705
1618 1706
1618 3749
2481 738
2481 2247
2481 2428
2481 2504
2481 2507
2481 2508
2481 2539
2481 2688
2481 2754
2860 3392
2860 3647
2860 3707
2860 3719
2860 3724
410 273
410 444
410 458
410 478
410 484
410 494
410 508
410 529
410 531
410 533
410 3957
2554 2422
2554 2661
2554 2692
2554 2700
2554 2769
2554 2795
2554 2802
2554 2808
2554 2826
2554 2829
2554 2830
2554 2835
2554 2837
2554 4577
2661 527
2661 2492
2661 2505
2661 2544
2661 2553
2661 2574
2661 2604
2661 2607
2661 2681
2661 2730
2661 2774
2661 2777
2661 2793
2661 2799
2661 2800
2661 2814
2661 2823
3702 2869
3702 2931
3702 2969
3702 3000
3702 3091
3702 3132
3702 3146
3702 3388
3702 3401
3702 3418
3702 3447
3702 3458
3702 3467
3702 3471
3702 3481
3702 3487
3702 3508
3702 3515
3702 3534
3702 3537
3702 3545
3702 3550
3702 3553
3702 3557
3702 3580
3702 3581
3702 3600
3702 3602
3702 3626
3702 3628
3702 3633
3702 3643
3702 3648
3702 3662
3702 3663
3702 3675
3702 3682
3702 3686
3702 3689
3702 3721
3702 3722
3702 3725
3702 3729
3702 3733
3702 3748
3702 3755
3702 3758
3702 4424
3702 4909
1255 780
1255 793
1255 805
1255 813
1255 870
1255 897
1255 937
1255 950
1255 953
1255 957
1255 1005
1255 1040
1255 1066
1255 1080
1255 1089
1255 1145
1255 1163
1255 1174
1255 1175
1255 1176
1255 1197
1255 1210
1255 1222
1255 1240
1255 1246
1255 1248
1255 1250
1255 1279
1255 1287
1255 1303
1255 1308
1255 1314
1255 3476
1255 4797
1722 1789
1722 1796
1722 1897
1722 1898
1722 2035
1722 2053
2381 2508
2381 2614
2381 2665
2381 2680
2381 2792
2381 2794
2381 2811
2381 2815
2381 2829
2636 2181
2636 2318
2636 2614
2636 2629
2636 2783
2636 2785
2636 2803
2636 2810
2636 2821
2636 2824
2636 2833
2636 2834
2636 2837
2636 2838
2636 4310
991 866
991 1267
991 1281
991 1300
991 1304
991 1305
991 1306
2736 2171
2736 2295
2736 2502
2736 2564
2736 2591
2736 2680
2736 2690
2736 2696
2736 2709
2736 2727
2736 2731
2736 2744
2736 2763
2736 2766
2736 2769
2736 2778
2736 2795
2736 2802
2736 2804
2736 2808
2736 2818
2736 2821
2736 2826
2736 2829
2736 2830
2736 2835
2736 2837
2736 3946
4759 4583
4759 4593
4759 4617
4759 4638
4759 4646
4759 4734
4759 4757
4759 4784
4759 4814
4759 4926
375 405
375 475
375 525
375 536
375 539
375 542
683 617
683 638
683 721
683 729
683 732
683 740
683 744
683 747
683 748
683 752
683 760
683 762
683 766
683 767
683 770
683 1846
2584 2540
2584 2564
2584 2573
2584 2626
2584 2633
2584 2743
2584 2755
2584 2772
2584 2782
2584 2807
2584 2808
2584 2817
2584 2819
2584 2820
2798 2113
2798 2123
2798 2129
2798 2162
2798 2173
2798 2178
2798 2180
2798 2190
2798 2204
2798 2267
2798 2286
2798 2293
2798 2310
2798 2362
2798 2380
2798 2383
2798 2385
2798 2387
2798 2399
2798 2429
2798 2434
2798 2436
2798 2448
2798 2456
2798 2467
2798 2483
2798 2546
2798 2596
2798 2602
2798 2611
2798 2625
2798 2632
2798 2639
2798 2640
2798 2681
2798 2682
2798 2700
2798 2702
2798 2721
2798 2737
2798 2740
2798 2750
2798 2775
2798 2828
2798 3781
2798 4022
2798 4756
3079 3490
3079 3616
3079 3694
3079 3698
3079 3705
3079 3716
1532 1377
1532 1523
1532 1583
1532 1616
1532 1629
1532 1641
1532 1676
1532 1679
1532 1688
1532 1696
1532 1705
1532 1706
1532 4237
2138 2097
2138 2185
2138 2568
2138 2676
2138 2712
2138 2733
2731 2273
2731 2489
2731 2651
2731 2674
2731 2677
2731 2685
2731 2692
2731 2701
2731 2727
2731 2732
2731 2763
2731 2765
2731 2766
2731 2769
2731 2778
2731 2795
2731 2802
2731 2804
2731 2808
2731 2818
2731 2828
2731 2829
2731 2830
2731 2835
2731 2837
2731 3347
2731 3797
3752 667
3752 761
3752 945
3752 1550
3752 1699
3752 2042
3752 2864
3752 2867
3752 2931
3752 2958
3752 2988
3752 3005
3752 3019
3752 3030
3752 3036
3752 3043
3752 3051
3752 3066
3752 3070
3752 3118
3752 3122
3752 3138
3752 3152
3752 3166
3752 3170
3752 3173
3752 3193
3752 3194
3752 3212
3752 3225
3752 3234
3752 3248
3752 3268
3752 3271
3752 3305
3752 3308
3752 3314
3752 3404
3752 3437
3752 3442
3752 3443
3752 3457
3752 3464
3752 3466
3752 3522
3752 3526
3752 3527
3752 3540
3752 3546
3752 3551
3752 3556
3752 3575
3752 3579
3752 3583
3752 3589
3752 3608
3752 3615
3752 3625
3752 3641
3752 3642
3752 3651
3752 3652
3752 3665
3752 3666
3752 3672
3752 3684
3752 3692
3752 3708
3752 3713
3752 3727
3752 3736
3752 3739
3752 3741
3752 3743
3752 3753
3752 3754
3752 3756
3752 4316
2215 2437
2215 2704
2215 2722
2215 2768
2215 2770
2215 2792
2215 2801
3697 1995
3697 2052
3697 2818
3697 2916
3697 2921
3697 2961
3697 3002
3697 3011
3697 3162
3697 3191
3697 3247
3697 3353
3697 3367
3697 3420
3697 3477
3697 3489
3697 3517
3697 3523
3697 3540
3697 3544
3697 3558
3697 3598
3697 3602
3697 3603
3697 3604
3697 3629
3697 3641
3697 3650
3697 3653
3697 3654
3697 3671
3697 3678
3697 3682
3697 3688
3697 3690
3697 3700
3697 3715
3697 3724
3697 3728
3697 3732
3697 3733
3697 3735
3697 3738
3697 3742
3697 3751
3697 4525
3725 1198
3725 2386
3725 2490
3725 2721
3725 2833
3725 2844
3725 2849
3725 2858
3725 2904
3725 2931
3725 2950
3725 3014
3725 3068
3725 3308
3725 3313
3725 3320
3725 3388
3725 3416
3725 3418
3725 3425
3725 3447
3725 3451
3725 3471
3725 3481
3725 3487
3725 3492
3725 3493
3725 3508
3725 3515
3725 3528
3725 3534
3725 3545
3725 3550
3725 3553
3725 3557
3725 3580
3725 3581
3725 3593
3725 3600
3725 3602
3725 3626
3725 3628
3725 3632
3725 3633
3725 3646
3725 3648
3725 3675
3725 3682
3725 3689
3725 3694
3725 3715
3725 3721
3725 3722
3725 3729
3725 3748
3725 3753
3725 3755
3725 3758
3727 349
3727 1223
3727 2310
3727 2574
3727 2987
3727 3080
3727 3152
3727 3155
3727 3166
3727 3170
3727 3173
3727 3187
3727 3196
3727 3237
3727 3274
3727 3305
3727 3318
3727 3321
3727 3435
3727 3437
3727 3439
3727 3442
3727 3443
3727 3457
3727 3466
3727 3518
3727 3522
3727 3526
3727 3527
3727 3540
3727 3546
3727 3551
3727 3555
3727 3556
3727 3575
3727 3579
3727 3583
3727 3585
3727 3589
3727 3608
3727 3615
3727 3651
3727 3654
3727 3659
3727 3665
3727 3667
3727 3672
3727 3684
3727 3690
3727 3708
3727 3713
3727 3736
3727 3739
3727 3741
3727 3743
3727 3753
3727 3754
3727 3756
3727 4505
3727 4879
2400 2364
2400 2484
2400 2589
2400 2623
2400 2762
2400 2776
2400 2794
2400 2815
2400 2835
3188 2871
3188 2922
3188 2940
3188 3051
3188 3155
3188 3181
3188 3381
3188 3562
3237 2943
3237 3428
3237 3741
3237 3743
3237 3753
3237 3754
3237 3756
3623 2626
3623 3058
3623 3072
3623 3094
3623 3109
3623 3121
3623 3160
3623 3171
3623 3184
3623 3235
3623 3265
3623 3288
3623 3359
3623 3389
3623 3415
3623 3440
3623 3444
3623 3462
3623 3536
3623 3548
3623 3560
3623 3604
3623 3607
3623 3641
3623 3654
3623 3714
3623 3756
3623 4890
4536 1108
4536 3756
4536 4303
4536 4305
4536 4308
4536 4317
4536 4326
4536 4361
4536 4363
4536 4371
4536 4377
4536 4391
4536 4400
4536 4406
4536 4410
4536 4437
4536 4466
4536 4484
4536 4493
4536 4495
4536 4501
4536 4508
4536 4518
4536 4521
4536 4525
4536 4532
4536 4541
4536 4551
4536 4561
4536 4569
4536 4571
4536 4573
4536 4802
2084 745
2084 1298
2084 1372
2084 1738
2084 1769
2084 1785
2084 1795
2084 1802
2084 1807
2084 1826
2084 1852
2084 1872
2084 1873
2084 1901
2084 1923
2084 1952
2084 1964
2084 1971
2084 1979
2084 1992
2084 1994
2084 1995
2084 1999
2084 2000
2084 2002
2084 2003
2084 2010
2084 2013
2084 2016
2084 2018
2084 2021
2084 2022
2084 2024
2084 2025
2084 2027
2084 2036
2084 2038
2084 2043
2084 2050
2084 2052
2084 2054
2084 2057
2084 2062
2084 2065
2084 2067
2084 2069
2084 2070
2084 2071
2084 2072
2084 2074
2084 2075
2084 2076
2084 2077
2084 2079
2084 2080
2084 2081
2084 2082
2084 2083
2084 2085
2084 2086
2084 2087
2084 2088
2084 2089
2084 2090
2084 2092
2084 2093
2084 2094
2084 2096
2084 2302
2084 2621
2084 3459
2084 3708
2322 2521
2322 2532
2322 2676
2322 2712
2322 2733
2322 2770
2695 1699
2695 2397
2695 2650
2695 2659
2695 2709
2695 2718
2695 2720
2695 2724
2695 2732
2695 2742
2695 2764
2695 2768
2695 2773
2695 2781
2695 2791
2695 2797
2695 2806
2695 2809
2695 2820
2695 2822
2695 2823
2695 2827
2695 2828
3241 3317
3241 3322
3241 3362
3241 3391
3241 3400
3241 3421
3241 3519
3241 3740
3645 1488
3645 1696
3645 2915
3645 2924
3645 3090
3645 3142
3645 3249
3645 3276
3645 3292
3645 3301
3645 3324
3645 3332
3645 3436
3645 3476
3645 3480
3645 3482
3645 3488
3645 3504
3645 3506
3645 3525
3645 3537
3645 3568
3645 3597
3645 3640
3645 3646
3645 3656
3645 3664
3645 3686
3645 3703
3645 3707
3645 3737
3645 3757
4556 2699
4556 3415
4556 4304
4556 4321
4556 4327
4556 4330
4556 4332
4556 4340
4556 4342
4556 4345
4556 4351
4556 4352
4556 4357
4556 4359
4556 4362
4556 4375
4556 4378
4556 4388
4556 4414
4556 4416
4556 4421
4556 4427
4556 4440
4556 4444
4556 4453
4556 4489
4556 4491
4556 4497
4556 4503
4556 4511
4556 4512
4556 4515
4556 4519
4556 4520
4556 4526
4556 4533
4556 4535
4556 4538
4556 4539
4556 4543
4556 4547
4556 4557
4556 4560
4556 4563
4556 4567
4556 4571
4556 4573
4556 4574
4556 4576
4556 4577
4556 4797
4556 4996
1052 836
1052 1108
1052 1232
1052 1240
1052 1267
1052 1284
1052 1308
1052 1310
1052 1311
1052 1315
1052 1320
1052 2427
1702 404
1702 1330
1702 1339
1702 1342
1702 1360
1702 1361
1702 1371
1702 1373
1702 1375
1702 1394
1702 1398
1702 1418
1702 1432
1702 1438
1702 1443
1702 1449
1702 1461
1702 1481
1702 1482
1702 1488
1702 1496
1702 1497
1702 1499
1702 1504
1702 1508
1702 1516
1702 1519
1702 1535
1702 1536
1702 1540
1702 1546
1702 1550
1702 1556
1702 1560
1702 1561
1702 1567
1702 1578
1702 1579
1702 1584
1702 1591
1702 1592
1702 1600
1702 1620
1702 1625
1702 1631
1702 1632
1702 1636
1702 1637
1702 1639
1702 1643
1702 1644
1702 1646
1702 1649
1702 1650
1702 1654
1702 1657
1702 1659
1702 1661
1702 1668
1702 1674
1702 1675
1702 1677
1702 1684
1702 1698
1702 1699
1702 1700
1702 1701
1702 1703
1702 1705
1702 2411
1702 2799
1702 3263
1702 3669
1702 4044
2792 2054
2792 2121
2792 2149
2792 2185
2792 2347
2792 2355
2792 2358
2792 2391
2792 2416
2792 2442
2792 2443
2792 2458
2792 2484
2792 2507
2792 2513
2792 2525
2792 2529
2792 2589
2792 2614
2792 2621
2792 2631
2792 2646
2792 2662
2792 2665
2792 2693
2792 2715
2792 2744
2792 2750
2792 2752
2792 2762
2792 2765
2792 2768
2792 2770
2792 2776
2792 2778
2792 2780
2792 2784
2792 2786
2792 2790
2792 2794
2792 2800
2792 2801
2792 2811
2792 2818
2792 2838
2792 3509
2792 3638
2792 4481
4949 1301
4949 2651
4949 4580
4949 4774
4949 4817
4949 4840
4949 4851
4949 4878
4949 4894
4949 4907
4949 4915
4949 4920
4949 4929
4949 4932
4949 4933
4949 4935
4949 4936
4949 4939
4949 4940
4949 4942
4949 4952
4949 4955
4949 4958
4949 4960
4949 4961
4949 4970
4949 4971
4949 4977
4949 4981
4949 4983
4949 4984
4949 4988
4949 4997
4976 1284
4976 1848
4976 2769
4976 4355
4976 4591
4976 4608
4976 4619
4976 4621
4976 4641
4976 4651
4976 4658
4976 4699
4976 4708
4976 4709
4976 4739
4976 4794
4976 4836
4976 4837
4976 4844
4976 4857
4976 4861
4976 4868
4976 4902
4976 4906
4976 4918
4976 4923
4976 4924
4976 4926
4976 4927
4976 4944
4976 4945
4976 4947
4976 4948
4976 4950
4976 4962
4976 4966
4976 4979
4976 4982
4976 4985
4976 4986
4976 4987
4976 4988
4976 4989
4976 4990
4976 4992
4976 4993
4976 4994
4976 4995
4976 4996
4976 4997
4976 4998
1379 1373
1379 1591
1379 1598
1379 1674
1379 1677
1749 1975
1749 1979
1749 2004
1749 2010
1749 2022
1749 2023
4646 4632
4646 4638
4646 4661
4646 4726
4646 4757
4646 4889
4895 3488
4895 4800
4895 4806
4895 4824
4895 4841
4895 4858
4895 4867
4895 4916
4895 4921
4895 4923
4895 4931
4895 4937
4895 4945
4895 4946
4895 4957
4895 4963
4895 4966
4895 4967
4895 4969
4895 4971
4895 4973
4895 4978
4895 4979
4962 367
4962 2608
4962 3602
4962 4587
4962 4604
4962 4659
4962 4796
4962 4813
4962 4814
4962 4847
4962 4857
4962 4861
4962 4868
4962 4879
4962 4904
4962 4918
4962 4923
4962 4924
4962 4940
4962 4944
4962 4947
4962 4948
4962 4959
4962 4982
4962 4983
4962 4985
4962 4987
4962 4988
4962 4989
4962 4990
4962 4992
4962 4993
4962 4994
4962 4995
4962 4996
4962 4997
4962 4998
1263 789
1263 866
1263 874
1263 902
1263 915
1263 1055
1263 1076
1263 1101
1263 1118
1263 1144
1263 1178
1263 1191
1263 1201
1263 1215
1263 1221
1263 1225
1263 1232
1263 1252
1263 1261
1263 1264
1263 1268
1263 1269
1263 1270
1263 1271
1263 1292
1263 1298
1263 1299
1263 1300
1263 1311
1263 1312
1263 1314
1263 1316
1263 1318
1263 1319
1263 1462
1263 2164
1263 2664
1706 414
1706 773
1706 832
1706 833
1706 1308
1706 1327
1706 1331
1706 1333
1706 1335
1706 1341
1706 1345
1706 1346
1706 1350
1706 1354
1706 1355
1706 1362
1706 1374
1706 1378
1706 1390
1706 1396
1706 1412
1706 1420
1706 1423
1706 1442
1706 1448
1706 1450
1706 1451
1706 1457
1706 1458
1706 1459
1706 1465
1706 1469
1706 1471
1706 1475
1706 1477
1706 1484
1706 1485
1706 1496
1706 1498
1706 1502
1706 1503
1706 1516
1706 1520
1706 1545
1706 1549
1706 1550
1706 1555
1706 1558
1706 1561
1706 1564
1706 1573
1706 1574
1706 1583
1706 1584
1706 1589
1706 1602
1706 1607
1706 1609
1706 1613
1706 1614
1706 1616
1706 1629
1706 1640
1706 1645
1706 1648
1706 1657
1706 1658
1706 1664
1706 1665
1706 1674
1706 1676
1706 1677
1706 1688
1706 1695
1706 1696
1706 1705
1706 2817
1706 3239
1991 1720
1991 1779
1991 1786
1991 1829
1991 1830
1991 1868
1991 1874
1991 1879
1991 1882
1991 1917
1991 1948
1991 1974
1991 2005
1991 2012
1991 2015
1991 2087
1991 3199
3223 2942
3223 3118
3223 3185
3223 3243
3223 3331
3223 3403
3223 3470
3223 3474
3223 3641
3754 963
3754 2803
3754 2864
3754 2881
3754 2916
3754 2944
3754 2958
3754 2988
3754 2993
3754 3019
3754 3051
3754 3096
3754 3108
3754 3115
3754 3153
3754 3166
3754 3170
3754 3173
3754 3194
3754 3239
3754 3246
3754 3263
3754 3268
3754 3271
3754 3302
3754 3314
3754 3338
3754 3342
3754 3352
3754 3400
3754 3404
3754 3424
3754 3437
3754 3442
3754 3443
3754 3457
3754 3464
3754 3466
3754 3480
3754 3482
3754 3487
3754 3522
3754 3526
3754 3527
3754 3540
3754 3546
3754 3551
3754 3556
3754 3575
3754 3579
3754 3583
3754 3589
3754 3607
3754 3608
3754 3613
3754 3615
3754 3622
3754 3651
3754 3652
3754 3665
3754 3672
3754 3684
3754 3703
3754 3708
3754 3713
3754 3730
3754 3735
3754 3736
3754 3739
3754 3741
3754 3743
3754 3753
3754 3756
3754 3847
3754 4277
3754 4526
3754 4617
3754 4740
3754 4951
4867 2799
4867 4753
4867 4787
4867 4808
4867 4839
4867 4870
4867 4920
4867 4921
4867 4931
4867 4937
4867 4943
4867 4951
4867 4957
4867 4963
4867 4966
4867 4969
4867 4973
4867 4978
4867 4979
4867 4997
1080 1070
1080 1126
1080 1165
1080 1176
1080 1197
1080 1248
1080 1249
1080 1279
1080 1285
1080 1303
1080 1308
1080 2740
1275 749
1275 789
1275 806
1275 810
1275 814
1275 822
1275 841
1275 850
1275 880
1275 907
1275 947
1275 954
1275 970
1275 973
1275 984
1275 990
1275 1014
1275 1047
1275 1064
1275 1074
1275 1085
1275 1112
1275 1113
1275 1128
1275 1131
1275 1133
1275 1164
1275 1173
1275 1196
1275 1199
1275 1204
1275 1209
1275 1213
1275 1216
1275 1224
1275 1235
1275 1237
1275 1238
1275 1239
1275 1301
1275 1303
1275 1308
1275 4984
2059 1129
2059 1710
2059 1726
2059 1746
2059 1750
2059 1756
2059 1762
2059 1766
2059 1775
2059 1782
2059 1788
2059 1792
2059 1810
2059 1819
2059 1836
2059 1839
2059 1845
2059 1851
2059 1867
2059 1870
2059 1922
2059 1931
2059 1946
2059 1952
2059 1956
2059 1990
2059 2000
2059 2002
2059 2021
2059 2030
2059 2031
2059 2037
2059 2040
2059 2044
2059 2047
2059 2056
2059 2057
2059 2058
2059 2064
2059 2083
2059 2087
2059 2088
2059 3489
2059 3882
2059 4260
2327 2469
2327 2764
2327 2797
2327 2809
2327 2822
2327 2827
2327 2828
3716 515
3716 1995
3716 2517
3716 2850
3716 2895
3716 2929
3716 2936
3716 2962
3716 2991
3716 3001
3716 3024
3716 3025
3716 3026
3716 3031
3716 3077
3716 3124
3716 3139
3716 3145
3716 3203
3716 3216
3716 3217
3716 3229
3716 3248
3716 3270
3716 3283
3716 3291
3716 3300
3716 3330
3716 3338
3716 3383
3716 3417
3716 3419
3716 3431
3716 3450
3716 3463
3716 3511
3716 3529
3716 3531
3716 3534
3716 3558
3716 3574
3716 3618
3716 3619
3716 3621
3716 3622
3716 3647
3716 3649
3716 3668
3716 3670
3716 3681
3716 3689
3716 3694
3716 3698
3716 3705
3716 3741
3716 4215
3716 4706
3949 3765
3949 3776
3949 3824
3949 3845
3949 3862
3949 3884
3949 3899
3949 3913
3949 3919
3949 3945
3949 3947
3949 3964
3949 3976
3949 4061
3949 4114
595 682
595 746
595 749
595 774
2115 2199
2115 2804
2115 2829
2115 2830
2115 2835
2115 2837
2495 2468
2495 2644
2495 2694
2495 2723
2495 2755
2495 2782
2495 2796
2495 2807
2495 2819
2495 2820
3232 3006
3232 3028
3232 3128
3232 3176
3232 3202
3232 3287
3232 3478
3232 3506
3232 3586
3738 674
3738 1680
3738 1864
3738 2086
3738 2569
3738 2828
3738 2851
3738 3003
3738 3018
3738 3062
3738 3063
3738 3082
3738 3110
3738 3123
3738 3126
3738 3136
3738 3144
3738 3147
3738 3162
3738 3197
3738 3204
3738 3273
3738 3297
3738 3298
3738 3307
3738 3338
3738 3350
3738 3366
3738 3378
3738 3387
3738 3403
3738 3453
3738 3479
3738 3484
3738 3491
3738 3501
3738 3505
3738 3523
3738 3533
3738 3538
3738 3547
3738 3555
3738 3562
3738 3566
3738 3573
3738 3574
3738 3579
3738 3593
3738 3611
3738 3627
3738 3635
3738 3652
3738 3662
3738 3663
3738 3667
3738 3675
3738 3676
3738 3683
3738 3685
3738 3688
3738 3695
3738 3711
3738 3714
3738 3720
3738 3724
3738 3730
3738 3735
3738 3737
3738 3740
3738 3757
3738 4024
1091 896
1091 950
1091 1025
1091 1071
1091 1150
1091 1165
1091 1175
1091 1177
1091 1182
1091 1246
1091 1279
1091 1285
1091 1303
1091 1308
1666 831
1666 1333
1666 1357
1666 1392
1666 1427
1666 1460
1666 1463
1666 1469
1666 1494
1666 1524
1666 1527
1666 1529
1666 1544
1666 1575
1666 1588
1666 1597
1666 1608
1666 1610
1666 1611
1666 1619
1666 1629
1666 1650
1666 1655
1666 1669
1666 1673
1666 1678
1666 1681
1666 1691
1666 1699
1666 1701
1666 1704
1666 3227
1666 3473
2649 1301
2649 2247
2649 2271
2649 2348
2649 2410
2649 2508
2649 2510
2649 2539
2649 2588
2649 2633
2649 2643
2649 2688
2649 2710
2649 2754
2649 2804
2649 2819
2649 2837
2787 1306
2787 2100
2787 2120
2787 2132
2787 2140
2787 2196
2787 2200
2787 2207
2787 2250
2787 2259
2787 2282
2787 2288
2787 2306
2787 2307
2787 2401
2787 2404
2787 2415
2787 2467
2787 2491
2787 2509
2787 2517
2787 2527
2787 2551
2787 2565
2787 2590
2787 2606
2787 2609
2787 2617
2787 2650
2787 2688
2787 2689
2787 2704
2787 2708
2787 2711
2787 2715
2787 2734
2787 2784
2787 2803
2787 2805
2787 2821
2787 2834
2787 4698
2787 4700
2806 1166
2806 2066
2806 2088
2806 2144
2806 2182
2806 2203
2806 2218
2806 2233
2806 2255
2806 2395
2806 2461
2806 2518
2806 2531
2806 2536
2806 2543
2806 2556
2806 2566
2806 2583
2806 2591
2806 2628
2806 2633
2806 2634
2806 2643
2806 2659
2806 2663
2806 2691
2806 2705
2806 2718
2806 2720
2806 2722
2806 2724
2806 2729
2806 2732
2806 2740
2806 2742
2806 2764
2806 2771
2806 2773
2806 2781
2806 2791
2806 2793
2806 2797
2806 2803
2806 2808
2806 2809
2806 2822
2806 2823
2806 2827
2806 2828
2806 2837
2806 4521
2806 4854
3608 750
3608 1913
3608 3489
3608 3505
3608 3592
3608 3665
3608 3672
3608 3684
3608 3708
3608 3713
3608 3728
3608 3736
3608 3739
3608 3741
3608 3743
3608 3751
3608 3753
3608 3756
3734 280
3734 1684
3734 2150
3734 2843
3734 2914
3734 2918
3734 3003
3734 3018
3734 3047
3734 3062
3734 3082
3734 3104
3734 3106
3734 3110
3734 3123
3734 3134
3734 3136
3734 3147
3734 3190
3734 3197
3734 3238
3734 3273
3734 3298
3734 3303
3734 3307
3734 3348
3734 3366
3734 3372
3734 3401
3734 3403
3734 3453
3734 3459
3734 3474
3734 3489
3734 3491
3734 3501
3734 3505
3734 3525
3734 3533
3734 3538
3734 3555
3734 3562
3734 3566
3734 3573
3734 3574
3734 3593
3734 3611
3734 3627
3734 3631
3734 3635
3734 3652
3734 3662
3734 3663
3734 3667
3734 3676
3734 3685
3734 3688
3734 3689
3734 3695
3734 3711
3734 3714
3734 3730
3734 3739
3734 3740
3734 3751
3734 3755
3734 3756
3734 3757
3734 4059
3734 4577
3734 4900
734 553
734 587
734 590
734 667
734 681
734 693
734 705
734 706
734 723
734 724
734 731
734 746
734 751
734 755
734 761
734 764
734 765
734 766
734 769
734 770
734 772
734 773
734 774
734 3637
734 3748
1508 1427
1508 1489
1508 1528
1508 1646
1508 1661
1508 1668
1508 1674
1508 1684
1508 1700
2106 2223
2106 2621
2106 2752
2106 2780
2621 2413
2621 2530
2621 2569
2621 2646
2621 2668
2621 2669
2621 2679
2621 2744
2621 2760
2621 2770
2621 2775
2621 2780
2621 2786
2621 2801
3384 1320
3384 3158
3384 3303
3384 3516
3384 3556
3384 3657
3384 3701
3384 3749
4294 4290
4294 4484
4294 4518
4294 4527
4294 4569
4906 2781
4906 4215
4906 4696
4906 4944
4906 4945
4906 4948
4906 4966
4906 4977
4906 4982
4906 4985
4906 4986
4906 4987
4906 4989
4906 4990
4906 4992
4906 4993
4906 4994
4906 4995
4906 4996
4906 4997
753 572
753 590
753 601
753 606
753 610
753 615
753 616
753 631
753 647
753 657
753 661
753 664
753 666
753 674
753 677
753 679
753 686
753 690
753 693
753 694
753 696
753 707
753 711
753 713
753 714
753 717
753 718
753 724
753 726
753 737
753 738
753 749
753 754
753 755
753 1564
753 3033
753 3633
1451 1558
1451 1611
1451 1647
1451 1676
1451 1695
1451 1705
1701 647
1701 1329
1701 1332
1701 1333
1701 1350
1701 1357
1701 1359
1701 1363
1701 1367
1701 1369
1701 1375
1701 1388
1701 1400
1701 1416
1701 1421
1701 1423
1701 1427
1701 1440
1701 1452
1701 1456
1701 1461
1701 1485
1701 1494
1701 1524
1701 1527
1701 1528
1701 1529
1701 1531
1701 1537
1701 1542
1701 1544
1701 1547
1701 1551
1701 1552
1701 1554
1701 1565
1701 1575
1701 1584
1701 1588
1701 1603
1701 1610
1701 1611
1701 1619
1701 1633
1701 1647
1701 1650
1701 1655
1701 1662
1701 1663
1701 1664
1701 1669
1701 1673
1701 1675
1701 1678
1701 1679
1701 1680
1701 1681
1701 1685
1701 1689
1701 1690
1701 1694
1701 1699
1701 1703
1701 1704
1701 1705
1701 2070
1701 2093
1701 2811
1701 3579
1701 3700
1701 3765
2025 521
2025 1709
2025 1800
2025 1944
2025 1973
2025 1975
2025 1978
2025 2052
2025 2069
2025 2071
2025 2075
2025 2076
2025 2078
2025 2079
2025 2082
2025 2083
2025 2085
2025 2086
2025 2087
2025 2088
2025 2090
2025 2092
2025 2093
2025 2094
2025 2096
2025 4256
2935 3683
2935 3737
2935 3757
3755 529
3755 933
3755 1677
3755 2513
3755 2771
3755 2840
3755 2844
3755 2858
3755 2869
3755 2897
3755 2899
3755 2904
3755 2913
3755 2931
3755 3000
3755 3014
3755 3049
3755 3050
3755 3059
3755 3067
3755 3068
3755 3076
3755 3078
3755 3101
3755 3103
3755 3132
3755 3146
3755 3160
3755 3194
3755 3198
3755 3294
3755 3308
3755 3320
3755 3361
3755 3377
3755 3400
3755 3401
3755 3407
3755 3416
3755 3418
3755 3425
3755 3447
3755 3449
3755 3471
3755 3481
3755 3487
3755 3492
3755 3495
3755 3508
3755 3515
3755 3528
3755 3529
3755 3534
3755 3536
3755 3543
3755 3545
3755 3550
3755 3553
3755 3557
3755 3580
3755 3581
3755 3587
3755 3600
3755 3602
3755 3606
3755 3626
3755 3628
3755 3632
3755 3633
3755 3648
3755 3651
3755 3675
3755 3682
3755 3683
3755 3689
3755 3721
3755 3722
3755 3729
3755 3733
3755 3748
3755 3758
3755 3810
3755 3985
3755 4502
3755 4757
1311 322
1311 809
1311 825
1311 873
1311 892
1311 893
1311 903
1311 904
1311 926
1311 927
1311 930
1311 939
1311 944
1311 955
1311 965
1311 979
1311 986
1311 993
1311 997
1311 1007
1311 1011
1311 1043
1311 1051
1311 1071
1311 1092
1311 1093
1311 1094
1311 1101
1311 1129
1311 1136
1311 1149
1311 1156
1311 1161
1311 1167
1311 1172
1311 1184
1311 1185
1311 1187
1311 1199
1311 1200
1311 1202
1311 1205
1311 1209
1311 1214
1311 1221
1311 1226
1311 1229
1311 1240
1311 1241
1311 1242
1311 1256
1311 1260
1311 1262
1311 1267
1311 1276
1311 1282
1311 1284
1311 1289
1311 1292
1311 1296
1311 1301
1311 1307
1311 1310
1311 1315
1311 1316
1311 1320
1311 1604
1311 2463
1311 3328
1311 3782
1311 3964
1311 4974
1844 1799
1844 1967
1844 2007
1844 2008
1844 2014
1844 2017
1844 2026
1844 2032
2749 473
2749 1509
2749 2371
2749 2469
2749 2480
2749 2558
2749 2560
2749 2579
2749 2583
2749 2599
2749 2697
2749 2705
2749 2738
2749 2753
2749 2757
2749 2764
2749 2775
2749 2779
2749 2785
2749 2803
2749 2817
2749 2821
2749 2824
2749 2833
2749 2834
2749 2838
4357 4385
4357 4563
4357 4564
4357 4574
4357 4577
646 658
646 716
646 736
646 744
646 762
646 772
646 773
772 552
772 564
772 568
772 570
772 588
772 600
772 604
772 611
772 623
772 632
772 637
772 638
772 642
772 655
772 657
772 659
772 671
772 673
772 677
772 678
772 679
772 680
772 689
772 692
772 693
772 699
772 703
772 705
772 706
772 716
772 718
772 727
772 728
772 732
772 735
772 738
772 740
772 741
772 745
772 746
772 749
772 750
772 751
772 752
772 755
772 756
772 757
772 758
772 760
772 761
772 762
772 764
772 765
772 769
772 770
772 773
772 774
772 1119
772 2478
772 4239
772 4270
772 4516
772 4982
1684 1325
1684 1360
1684 1418
1684 1461
1684 1469
1684 1470
1684 1472
1684 1480
1684 1491
1684 1507
1684 1516
1684 1517
1684 1526
1684 1539
1684 1540
1684 1546
1684 1547
1684 1550
1684 1552
1684 1560
1684 1570
1684 1579
1684 1591
1684 1598
1684 1609
1684 1631
1684 1632
1684 1637
1684 1644
1684 1646
1684 1654
1684 1657
1684 1659
1684 1661
1684 1667
1684 1668
1684 1674
1684 1675
1684 1677
1684 1678
1684 1705
1684 2086
1684 2687
1684 3607
2370 2320
2370 2367
2370 2506
2370 2560
2370 2586
2370 2613
2370 2735
2370 2747
2370 2804
4963 663
4963 758
4963 4508
4963 4573
4963 4642
4963 4649
4963 4662
4963 4663
4963 4674
4963 4680
4963 4711
4963 4712
4963 4773
4963 4786
4963 4787
4963 4799
4963 4800
4963 4823
4963 4824
4963 4832
4963 4835
4963 4838
4963 4841
4963 4847
4963 4858
4963 4862
4963 4870
4963 4875
4963 4893
4963 4894
4963 4904
4963 4916
4963 4920
4963 4921
4963 4931
4963 4937
4963 4946
4963 4951
4963 4957
4963 4966
4963 4969
4963 4973
4963 4978
4963 4979
4963 4982
4963 4984
1235 782
1235 810
1235 841
1235 880
1235 947
1235 954
1235 970
1235 984
1235 990
1235 1047
1235 1074
1235 1085
1235 1111
1235 1112
1235 1113
1235 1173
1235 1196
1235 1213
1235 1216
1235 1222
1235 1224
1235 1237
1235 1238
1235 1239
1235 1256
1235 1264
1235 1293
1235 2873
1235 3537
3724 455
3724 662
3724 959
3724 2171
3724 2848
3724 2849
3724 2853
3724 2859
3724 2911
3724 2922
3724 2936
3724 2978
3724 2998
3724 3054
3724 3057
3724 3081
3724 3117
3724 3127
3724 3133
3724 3137
3724 3177
3724 3178
3724 3183
3724 3203
3724 3212
3724 3245
3724 3267
3724 3269
3724 3275
3724 3305
3724 3321
3724 3341
3724 3351
3724 3355
3724 3365
3724 3397
3724 3433
3724 3455
3724 3475
3724 3479
3724 3493
3724 3512
3724 3536
3724 3539
3724 3568
3724 3577
3724 3590
3724 3655
3724 3659
3724 3662
3724 3676
3724 3677
3724 3680
3724 3686
3724 3687
3724 3703
3724 3707
3724 3719
3724 3722
3724 3912
3724 4011
3732 678
3732 1245
3732 2051
3732 2674
3732 2779
3732 2794
3732 2881
3732 2928
3732 2932
3732 2957
3732 2962
3732 2983
3732 2999
3732 3011
3732 3012
3732 3014
3732 3056
3732 3061
3732 3088
3732 3098
3732 3112
3732 3208
3732 3210
3732 3211
3732 3302
3732 3353
3732 3354
3732 3367
3732 3372
3732 3406
3732 3420
3732 3489
3732 3517
3732 3523
3732 3526
3732 3538
3732 3544
3732 3547
3732 3558
3732 3598
3732 3603
3732 3629
3732 3641
3732 3650
3732 3653
3732 3654
3732 3671
3732 3678
3732 3683
3732 3684
3732 3690
3732 3700
3732 3713
3732 3715
3732 3728
3732 3730
3732 3733
3732 3735
3732 3740
3732 3742
3732 3751
3732 3753
3732 4272
4036 429
4036 3490
4036 3563
4036 3802
4036 3804
4036 3805
4036 3806
4036 3823
4036 3826
4036 3841
4036 3852
4036 3853
4036 3892
4036 3902
4036 3906
4036 3917
4036 3918
4036 3920
4036 3946
4036 3977
4036 3985
4036 3991
4036 4016
4036 4023
4036 4024
4036 4035
4036 4038
4036 4040
4036 4042
4036 4049
4036 4050
4036 4052
4036 4053
4036 4055
4036 4058
4036 4063
4147 4184
4147 4199
4147 4250
4147 4254
4147 4259
4147 4260
4147 4262
4147 4273
4553 2790
4553 3720
4553 3748
4553 4298
4553 4327
4553 4329
4553 4346
4553 4350
4553 4358
4553 4392
4553 4399
4553 4403
4553 4407
4553 4415
4553 4420
4553 4428
4553 4438
4553 4439
4553 4447
4553 4463
4553 4472
4553 4474
4553 4477
4553 4498
4553 4500
4553 4503
4553 4504
4553 4507
4553 4508
4553 4510
4553 4514
4553 4516
4553 4529
4553 4530
4553 4533
4553 4538
4553 4539
4553 4540
4553 4548
4553 4550
4553 4552
4553 4561
4553 4566
4553 4567
4553 4568
4553 4571
2163 2175
2163 2409
2163 2455
2163 2469
2163 2577
2163 2748
2569 2368
2569 2686
2569 2753
2569 2775
2569 2779
2569 2783
2569 2810
2569 2817
2569 2824
2569 2833
2569 2838
2764 1314
2764 2183
2764 2230
2764 2246
2764 2461
2764 2518
2764 2543
2764 2556
2764 2619
2764 2623
2764 2628
2764 2647
2764 2663
2764 2667
2764 2720
2764 2726
2764 2729
2764 2732
2764 2740
2764 2771
2764 2781
2764 2797
2764 2799
2764 2804
2764 2807
2764 2809
2764 2822
2764 2823
2764 2827
2764 2828
2764 2918
2764 3828
2822 1161
2822 1201
2822 2127
2822 2144
2822 2168
2822 2182
2822 2183
2822 2203
2822 2217
2822 2230
2822 2240
2822 2242
2822 2246
2822 2274
2822 2277
2822 2281
2822 2282
2822 2287
2822 2351
2822 2377
2822 2395
2822 2407
2822 2428
2822 2461
2822 2482
2822 2502
2822 2531
2822 2543
2822 2556
2822 2566
2822 2567
2822 2574
2822 2591
2822 2628
2822 2634
2822 2642
2822 2718
2822 2719
2822 2720
2822 2722
2822 2724
2822 2726
2822 2729
2822 2732
2822 2740
2822 2742
2822 2743
2822 2771
2822 2773
2822 2781
2822 2791
2822 2793
2822 2796
2822 2797
2822 2809
2822 2823
2822 2826
2822 2827
2822 2828
2822 2833
2822 2837
2822 3018
2822 4527
2822 4576
2833 879
2833 2136
2833 2146
2833 2154
2833 2187
2833 2196
2833 2202
2833 2209
2833 2210
2833 2220
2833 2243
2833 2286
2833 2309
2833 2314
2833 2337
2833 2345
2833 2356
2833 2363
2833 2366
2833 2373
2833 2378
2833 2392
2833 2414
2833 2424
2833 2439
2833 2450
2833 2462
2833 2480
2833 2501
2833 2515
2833 2522
2833 2526
2833 2534
2833 2535
2833 2548
2833 2556
2833 2558
2833 2578
2833 2579
2833 2599
2833 2618
2833 2629
2833 2630
2833 2658
2833 2660
2833 2667
2833 2671
2833 2675
2833 2686
2833 2693
2833 2697
2833 2699
2833 2705
2833 2738
2833 2753
2833 2775
2833 2779
2833 2783
2833 2784
2833 2785
2833 2803
2833 2805
2833 2810
2833 2817
2833 2821
2833 2824
2833 2826
2833 2834
2833 2837
2833 2838
2833 3547
2833 3643
2833 3707
2833 3905
3753 2177
3753 2573
3753 2867
3753 2916
3753 2944
3753 2958
3753 2993
3753 3012
3753 3036
3753 3043
3753 3051
3753 3080
3753 3095
3753 3096
3753 3115
3753 3122
3753 3153
3753 3193
3753 3194
3753 3196
3753 3234
3753 3246
3753 3274
3753 3287
3753 3305
3753 3309
3753 3314
3753 3318
3753 3338
3753 3437
3753 3439
3753 3442
3753 3443
3753 3464
3753 3466
3753 3483
3753 3522
3753 3526
3753 3527
3753 3536
3753 3540
3753 3546
3753 3551
3753 3556
3753 3570
3753 3575
3753 3579
3753 3583
3753 3585
3753 3589
3753 3597
3753 3615
3753 3627
3753 3631
3753 3651
3753 3665
3753 3671
3753 3672
3753 3684
3753 3708
3753 3713
3753 3715
3753 3729
3753 3736
3753 3739
3753 3741
3753 3743
3753 3756
3753 4064
3753 4176
3753 4226
3753 4371
3753 4940
418 411
418 457
418 516
418 525
418 536
418 537
418 538
418 539
418 542
418 543
418 3461
758 549
758 583
758 585
758 605
758 611
758 651
758 662
758 694
758 699
758 700
758 714
758 720
758 726
758 728
758 730
758 731
758 735
758 737
758 738
758 741
758 742
758 744
758 745
758 746
758 748
758 749
758 750
758 751
758 755
758 756
758 761
758 762
758 764
758 765
758 769
758 770
758 773
758 774
758 1694
758 2103
758 2913
1291 783
1291 785
1291 799
1291 802
1291 807
1291 813
1291 837
1291 839
1291 845
1291 846
1291 867
1291 880
1291 898
1291 929
1291 938
1291 946
1291 959
1291 1018
1291 1029
1291 1056
1291 1068
1291 1084
1291 1109
1291 1111
1291 1131
1291 1132
1291 1144
1291 1150
1291 1152
1291 1158
1291 1170
1291 1186
1291 1188
1291 1193
1291 1203
1291 1218
1291 1223
1291 1228
1291 1230
1291 1252
1291 1274
1291 1278
1291 1293
1291 1294
1291 1295
1291 2281
1291 2313
1291 3669
1291 4573
2631 2160
2631 2329
2631 2442
2631 2498
2631 2542
2631 2604
2631 2693
2631 2752
2631 2768
2631 2776
2631 2790
2631 2801
2631 2811
2631 2828
3411 3123
3411 3654
3411 3690
3411 3700
3411 3715
3411 3728
3411 3733
3411 3735
3411 3742
3411 3751
3666 1993
3666 2087
3666 2887
3666 2933
3666 2938
3666 2947
3666 2966
3666 2969
3666 3021
3666 3030
3666 3046
3666 3149
3666 3179
3666 3244
3666 3251
3666 3254
3666 3261
3666 3278
3666 3282
3666 3323
3666 3336
3666 3375
3666 3393
3666 3397
3666 3401
3666 3412
3666 3433
3666 3447
3666 3458
3666 3468
3666 3473
3666 3496
3666 3509
3666 3576
3666 3630
3666 3659
3666 3664
3666 3669
3666 4463
4772 1990
4772 4578
4772 4920
4772 4921
4772 4946
4772 4951
4772 4957
4772 4966
4772 4978
4772 4979
4772 4989
1063 792
1063 815
1063 844
1063 895
1063 953
1063 1013
1063 1026
1063 1050
1063 1081
1063 1108
1063 1280
1063 1284
1063 1453
1191 961
1191 1053
1191 1079
1191 1117
1191 1183
1191 1247
1191 1258
1191 1264
1191 1269
1191 1270
1191 1298
1191 1299
1191 1312
1191 1314
1191 1318
1191 1319
1191 1320
1191 2290
1191 4216
1264 731
1264 833
1264 835
1264 856
1264 922
1264 1055
1264 1072
1264 1079
1264 1110
1264 1122
1264 1183
1264 1200
1264 1221
1264 1225
1264 1232
1264 1244
1264 1247
1264 1252
1264 1261
1264 1268
1264 1269
1264 1270
1264 1271
1264 1285
1264 1298
1264 1299
1264 1307
1264 1312
1264 1314
1264 1316
1264 1318
1264 1319
1264 1631
1264 3505
1264 4052
2040 1709
2040 1713
2040 1726
2040 1730
2040 1756
2040 1780
2040 1782
2040 1836
2040 1839
2040 1845
2040 1851
2040 1867
2040 1870
2040 1922
2040 1946
2040 1952
2040 1956
2040 1990
2040 2000
2040 2017
2040 2031
2040 2037
2040 2047
2040 2056
2040 2058
2040 2064
2040 2075
2040 2079
2040 2092
2040 2094
2040 2096
2040 2151
2040 3435
2715 2199
2715 2207
2715 2250
2715 2288
2715 2404
2715 2456
2715 2465
2715 2491
2715 2497
2715 2517
2715 2600
2715 2605
2715 2606
2715 2708
2715 2711
2715 2734
2715 2766
2715 2767
2715 2784
2715 2802
2715 3767
2715 4193
4364 4358
4364 4521
4364 4534
4364 4541
4364 4569
4476 1394
4476 4301
4476 4390
4476 4457
4476 4469
4476 4501
4476 4502
4476 4511
4476 4515
4476 4543
4476 4550
4476 4563
4476 4571
4476 4574
4476 4576
4476 4577
4547 2869
4547 3306
4547 3705
4547 4318
4547 4320
4547 4339
4547 4354
4547 4370
4547 4380
4547 4381
4547 4382
4547 4383
4547 4405
4547 4431
4547 4442
4547 4444
4547 4447
4547 4461
4547 4473
4547 4479
4547 4481
4547 4490
4547 4502
4547 4506
4547 4512
4547 4519
4547 4522
4547 4523
4547 4527
4547 4530
4547 4535
4547 4537
4547 4541
4547 4545
4547 4549
4547 4554
4547 4562
4547 4573
4988 256
4988 639
4988 2774
4988 3646
4988 4257
4988 4579
4988 4596
4988 4625
4988 4651
4988 4673
4988 4686
4988 4709
4988 4730
4988 4738
4988 4773
4988 4784
4988 4793
4988 4796
4988 4802
4988 4814
4988 4844
4988 4854
4988 4857
4988 4859
4988 4861
4988 4868
4988 4873
4988 4879
4988 4882
4988 4890
4988 4902
4988 4904
4988 4917
4988 4923
4988 4924
4988 4927
4988 4937
4988 4943
4988 4944
4988 4947
4988 4948
4988 4950
4988 4959
4988 4970
4988 4971
4988 4979
4988 4982
4988 4985
4988 4986
4988 4987
4988 4989
4988 4990
4988 4992
4988 4993
4988 4994
4988 4995
4988 4996
4988 4997
4988 4998
2366 2810
2366 2811
2366 2817
2366 2834
2366 2838
2620 738
2620 2153
2620 2249
2620 2281
2620 2304
2620 2360
2620 2405
2620 2419
2620 2506
2620 2560
2620 2586
2620 2613
2620 2617
2620 2735
2620 2739
2620 2747
2620 2779
2620 2797
2743 940
2743 2165
2743 2343
2743 2371
2743 2462
2743 2471
2743 2540
2743 2604
2743 2617
2743 2626
2743 2644
2743 2669
2743 2683
2743 2702
2743 2703
2743 2723
2743 2755
2743 2767
2743 2772
2743 2782
2743 2796
2743 2807
2743 2819
2743 2820
2743 3517
2743 3675
3247 3665
3247 3715
3247 3728
3247 3733
3247 3742
3247 3751
3280 2950
3280 3152
3280 3469
3280 3692
3280 3701
3280 3704
3280 3737
3280 3749
3657 1918
3657 2054
3657 2903
3657 2909
3657 2930
3657 2952
3657 2968
3657 2976
3657 3014
3657 3154
3657 3164
3657 3295
3657 3360
3657 3374
3657 3379
3657 3390
3657 3402
3657 3417
3657 3429
3657 3463
3657 3499
3657 3512
3657 3520
3657 3525
3657 3528
3657 3559
3657 3592
3657 3598
3657 3644
3657 3680
3657 3720
3657 3723
3657 3981
4604 4744
4604 4754
4604 4808
4604 4820
4878 3671
4878 4223
4878 4706
4878 4791
4878 4826
4878 4856
4878 4873
4878 4935
4878 4939
4878 4940
4878 4942
4878 4955
4878 4970
4878 4971
4878 4981
4878 4982
4878 4983
4878 4984
4911 1295
4911 4272
4911 4727
4911 4736
4911 4849
4911 4861
4911 4905
4911 4910
4911 4915
4911 4926
4911 4928
4911 4934
4911 4938
4911 4943
4911 4954
4911 4956
4911 4958
4911 4964
4911 4966
4911 4967
4911 4971
4911 4974
526 266
526 279
526 285
526 289
526 298
526 310
526 318
526 327
526 330
526 339
526 343
526 345
526 348
526 361
526 362
526 370
526 373
526 384
526 390
526 397
526 411
526 431
526 461
526 462
526 469
526 472
526 481
526 487
526 489
526 492
526 498
526 503
526 505
526 511
526 521
526 534
526 1075
526 2447
526 4055
526 4381
534 264
534 266
534 268
534 273
534 280
534 284
534 285
534 286
534 289
534 292
534 299
534 303
534 310
534 327
534 335
534 339
534 345
534 348
534 361
534 362
534 366
534 368
534 373
534 385
534 390
534 411
534 414
534 431
534 432
534 441
534 459
534 461
534 462
534 469
534 472
534 481
534 488
534 489
534 492
534 498
534 500
534 503
534 505
534 511
534 513
534 521
534 535
534 536
534 542
534 1318
534 2188
534 3588
534 3713
534 4635
2004 1714
2004 1733
2004 1739
2004 1747
2004 1801
2004 1813
2004 1821
2004 1854
2004 1940
2004 1950
2004 1975
2004 1994
2004 2010
2004 2022
2004 2023
2004 2076
2004 2078
2004 2080
2004 2083
2004 2085
2004 3533
2266 2162
2266 2395
2266 2586
2266 2682
2266 2721
2266 2737
2363 2340
2363 2746
2363 2817
2363 2821
2363 2834
2423 2478
2423 2513
2423 2675
2423 2778
2423 2818
2423 2826
2423 2829
2423 2830
2423 2835
2423 2837
3421 1064
3421 3066
3421 3245
3421 3260
3421 3317
3421 3322
3421 3391
3421 3461
3421 3519
3421 3664
3421 3735
4333 4388
4333 4479
4333 4563
4333 4564
4333 4571
4333 4574
4333 4576
4576 1640
4576 2838
4576 3290
4576 3703
4576 4233
4576 4291
4576 4296
4576 4304
4576 4307
4576 4327
4576 4330
4576 4334
4576 4335
4576 4341
4576 4345
4576 4349
4576 4351
4576 4354
4576 4355
4576 4371
4576 4375
4576 4388
4576 4389
4576 4393
4576 4398
4576 4402
4576 4409
4576 4410
4576 4412
4576 4414
4576 4420
4576 4424
4576 4427
4576 4429
4576 4432
4576 4433
4576 4447
4576 4449
4576 4450
4576 4452
4576 4453
4576 4456
4576 4457
4576 4460
4576 4465
4576 4470
4576 4480
4576 4486
4576 4489
4576 4491
4576 4492
4576 4497
4576 4504
4576 4511
4576 4512
4576 4516
4576 4520
4576 4521
4576 4526
4576 4527
4576 4535
4576 4538
4576 4541
4576 4543
4576 4548
4576 4550
4576 4557
4576 4560
4576 4561
4576 4563
4576 4564
4576 4566
4576 4568
4576 4571
4576 4574
4576 4577
4576 4998
1049 965
1049 1089
1049 1150
1049 1182
1049 1246
1049 1248
1049 1249
1049 1256
1049 1303
1049 1308
1049 1319
1049 1761
1683 1425
1683 1444
1683 1454
1683 1472
1683 1487
1683 1533
1683 1534
1683 1555
1683 1567
1683 1572
1683 1574
1683 1578
1683 1581
1683 1582
1683 1589
1683 1597
1683 1601
1683 1604
1683 1606
1683 1615
1683 1620
1683 1633
1683 1634
1683 1638
1683 1639
1683 1643
1683 1649
1683 1652
1683 1653
1683 1663
1683 1664
1683 1670
1683 1680
1683 1687
1683 1689
1683 1690
1683 1691
1683 1693
1683 1694
1683 1695
1683 1703
1683 1707
1683 3072
1683 3598
1683 3685
1683 4790
1992 1710
1992 1777
1992 1820
1992 1941
1992 1945
1992 2013
1992 2069
1992 2078
1992 2080
1992 2085
1992 2087
1992 2089
1992 2090
1992 2092
1992 2093
1992 2094
1992 2096
1992 3389
2981 3498
2981 3549
2981 3630
2981 3722
2981 3740
4006 2729
4006 3790
4006 3802
4006 3812
4006 3822
4006 3836
4006 3842
4006 3875
4006 3885
4006 3912
4006 3914
4006 3934
4006 3937
4006 3942
4006 3943
4006 3951
4006 3962
4006 3987
4006 4003
4006 4012
4006 4018
4006 4019
4006 4041
4006 4050
4006 4057
4006 4151
4053 1438
4053 1952
4053 2586
4053 3491
4053 3749
4053 3789
4053 3797
4053 3818
4053 3825
4053 3840
4053 3851
4053 3857
4053 3876
4053 3878
4053 3880
4053 3883
4053 3888
4053 3893
4053 3895
4053 3901
4053 3907
4053 3908
4053 3926
4053 3930
4053 3932
4053 3933
4053 3940
4053 3953
4053 3956
4053 3957
4053 3961
4053 3968
4053 3974
4053 3979
4053 4001
4053 4002
4053 4008
4053 4009
4053 4010
4053 4011
4053 4022
4053 4024
4053 4027
4053 4028
4053 4032
4053 4047
4053 4048
4053 4055
4053 4056
4053 4057
4053 4061
4841 3707
4841 4691
4841 4711
4841 4870
4841 4886
4841 4921
4841 4937
4841 4946
4841 4951
4841 4957
4841 4966
4841 4969
4841 4973
4841 4979
4841 4984
4959 2486
4959 2496
4959 3663
4959 4617
4959 4640
4959 4803
4959 4837
4959 4838
4959 4854
4959 4868
4959 4870
4959 4873
4959 4882
4959 4891
4959 4897
4959 4918
4959 4923
4959 4924
4959 4944
4959 4947
4959 4950
4959 4952
4959 4982
4959 4985
4959 4986
4959 4987
4959 4989
4959 4990
4959 4992
4959 4993
4959 4994
4959 4995
4959 4996
4959 4997
4959 4998
255 455
255 494
255 508
255 511
255 533
455 294
455 311
455 341
455 343
455 453
455 461
455 478
455 494
455 508
455 529
455 531
455 533
455 536
455 3992
494 295
494 334
494 342
494 344
494 365
494 398
494 409
494 421
494 450
494 451
494 453
494 464
494 483
494 497
494 527
494 529
494 531
494 533
494 538
494 1182
494 2680
508 283
508 294
508 341
508 353
508 386
508 390
508 421
508 426
508 437
508 440
508 458
508 464
508 467
508 470
508 471
508 483
508 496
508 509
508 524
508 529
508 531
508 533
508 2260
508 2563
511 279
511 298
511 339
511 341
511 359
511 364
511 368
511 373
511 411
511 431
511 441
511 456
511 462
511 486
511 487
511 488
511 489
511 492
511 498
511 499
511 503
511 505
511 521
511 543
511 3397
511 3586
511 4030
511 4265
533 267
533 272
533 281
533 283
533 300
533 302
533 305
533 334
533 341
533 342
533 344
533 351
533 356
533 365
533 366
533 386
533 400
533 402
533 409
533 421
533 426
533 427
533 436
533 437
533 444
533 450
533 452
533 453
533 458
533 464
533 467
533 470
533 471
533 474
533 478
533 483
533 486
533 496
533 520
533 527
533 529
533 531
533 760
533 2785
533 3221
533 3369
533 4567
256 506
256 521
256 525
256 535
506 271
506 283
506 323
506 324
506 351
506 381
506 388
506 393
506 396
506 404
506 424
506 463
506 464
506 474
506 475
506 491
506 497
506 501
506 504
506 523
506 529
506 530
506 532
506 535
506 536
506 989
506 2684
506 4955
521 266
521 268
521 280
521 284
521 286
521 299
521 303
521 319
521 327
521 328
521 335
521 345
521 348
521 359
521 362
521 373
521 411
521 432
521 459
521 461
521 462
521 472
521 474
521 486
521 489
521 492
521 503
521 505
521 516
521 537
521 543
521 1974
521 4495
521 4984
525 288
525 353
525 376
525 379
525 394
525 398
525 400
525 405
525 407
525 413
525 417
525 425
525 430
525 434
525 436
525 442
525 445
525 451
525 452
525 457
525 468
525 473
525 476
525 490
525 518
525 522
525 524
525 528
525 536
525 537
525 538
525 539
525 542
525 543
525 872
525 3181
525 3392
525 4015
535 263
535 272
535 277
535 283
535 293
535 295
535 296
535 304
535 305
535 307
535 312
535 313
535 320
535 322
535 331
535 337
535 340
535 343
535 351
535 367
535 371
535 381
535 384
535 388
535 393
535 396
535 397
535 402
535 404
535 408
535 422
535 424
535 446
535 456
535 460
535 463
535 471
535 473
535 474
535 475
535 480
535 495
535 497
535 500
535 501
535 504
535 509
535 515
535 523
535 537
535 538
535 539
535 1680
535 2037
535 2988
535 4643
535 4726
257 264
257 407
257 466
257 484
257 515
257 4249
264 382
264 479
264 485
264 528
264 530
407 354
407 382
407 502
407 514
407 517
407 522
407 528
407 530
407 536
407 3375
466 276
466 353
466 419
466 437
466 438
466 477
466 485
466 498
466 503
466 514
466 515
466 516
466 520
466 522
466 524
466 528
466 2445
466 2829
484 304
484 354
484 378
484 440
484 479
484 483
484 485
484 499
484 502
484 514
484 515
484 517
484 520
484 522
484 528
484 530
484 723
484 2276
484 4292
515 258
515 276
515 340
515 344
515 377
515 378
515 384
515 387
515 400
515 408
515 440
515 447
515 450
515 468
515 472
515 477
515 479
515 485
515 499
515 513
515 514
515 516
515 517
515 520
515 522
515 528
515 530
515 543
515 1811
515 2763
515 4745
4249 451
4249 4066
4249 4072
4249 4088
4249 4092
4249 4105
4249 4111
4249 4113
4249 4121
4249 4128
4249 4129
4249 4148
4249 4157
4249 4162
4249 4164
4249 4176
4249 4177
4249 4183
4249 4219
4249 4227
4249 4229
4249 4256
4249 4264
4249 4270
4249 4274
4249 4277
4249 4288
4249 4533
258 470
258 513
258 517
258 522
258 524
258 528
470 302
470 305
470 338
470 409
470 427
470 464
470 483
470 527
470 529
470 531
470 1041
470 2727
513 290
513 291
513 309
513 314
513 315
513 363
513 378
513 380
513 382
513 387
513 408
513 440
513 447
513 463
513 467
513 499
513 501
513 502
513 504
513 514
513 516
513 517
513 520
513 522
513 524
513 528
513 530
513 3749
513 4513
517 276
517 287
517 290
517 313
517 325
517 400
517 408
517 420
517 447
517 473
517 477
517 479
517 485
517 488
517 499
517 501
517 502
517 514
517 516
517 520
517 522
517 524
517 528
517 530
517 542
517 724
517 903
517 3443
517 4284
522 260
522 274
522 303
522 309
522 314
522 321
522 325
522 340
522 352
522 380
522 382
522 387
522 392
522 400
522 408
522 419
522 426
522 439
522 472
522 477
522 479
522 485
522 499
522 502
522 514
522 520
522 524
522 528
522 530
522 538
522 543
522 867
522 2041
522 3667
522 4042
522 4925
524 260
524 287
524 309
524 315
524 321
524 352
524 353
524 354
524 363
524 377
524 378
524 379
524 383
524 387
524 400
524 406
524 408
524 419
524 440
524 444
524 447
524 460
524 476
524 477
524 479
524 485
524 499
524 502
524 514
524 516
524 518
524 528
524 530
524 537
524 874
524 2493
524 2814
524 3010
524 4574
528 287
528 297
528 313
528 315
528 321
528 325
528 340
528 352
528 353
528 354
528 361
528 363
528 377
528 378
528 380
528 385
528 387
528 400
528 447
528 476
528 477
528 479
528 495
528 499
528 502
528 503
528 514
528 516
528 520
528 529
528 530
528 531
528 542
528 574
528 785
528 1942
528 2078
528 4038
259 445
259 476
259 498
259 543
259 3613
445 428
445 430
445 467
445 468
445 503
445 536
445 542
445 543
445 2507
445 4554
476 370
476 429
476 465
476 478
476 527
476 532
476 536
476 537
476 538
476 542
476 543
476 3654
476 4866
498 286
498 299
498 303
498 359
498 416
498 432
498 441
498 459
498 461
498 469
498 487
498 489
498 492
498 530
498 531
498 2838
498 4101
543 269
543 275
543 287
543 297
543 301
543 303
543 308
543 318
543 323
543 328
543 330
543 336
543 337
543 347
543 355
543 357
543 358
543 360
543 369
543 370
543 376
543 379
543 392
543 394
543 395
543 396
543 398
543 399
543 401
543 405
543 406
543 413
543 414
543 415
543 416
543 417
543 420
543 425
543 428
543 429
543 430
543 431
543 434
543 435
543 436
543 438
543 439
543 440
543 442
543 443
543 449
543 451
543 452
543 454
543 457
543 465
543 468
543 474
543 478
543 490
543 491
543 499
543 505
543 509
543 518
543 520
543 532
543 536
543 537
543 538
543 539
543 542
543 1035
543 1575
543 1929
543 2089
543 2826
543 3453
543 3787
543 3953
543 4059
543 4255
3613 295
3613 2843
3613 2847
3613 2888
3613 3060
3613 3073
3613 3112
3613 3242
3613 3260
3613 3328
3613 3337
3613 3369
3613 3376
3613 3426
3613 3465
3613 3507
3613 3510
3613 3514
3613 3582
3613 3637
3613 3638
3613 3639
3613 3703
3613 4712
260 479
260 480
260 485
260 499
479 414
479 420
479 436
479 449
479 454
479 485
479 499
479 502
479 514
479 516
479 530
479 1051
479 1279
480 296
480 367
480 374
480 397
480 460
480 473
480 474
480 475
480 486
480 491
480 502
480 504
480 509
480 523
480 538
480 542
480 3743
480 4905
485 313
485 325
485 435
485 488
485 502
485 514
485 516
485 520
485 530
485 537
485 2682
485 4627
499 309
499 325
499 347
499 377
499 383
499 419
499 425
499 447
499 469
499 477
499 502
499 516
499 520
499 530
499 1292
261 356
261 370
261 442
261 459
261 537
261 2408
356 341
356 391
356 467
356 471
356 496
356 531
356 4567
370 291
370 453
370 532
370 536
370 537
370 2076
442 367
442 428
442 444
442 504
442 532
442 536
442 537
442 538
442 539
442 542
442 2169
442 4569
459 279
459 286
459 316
459 362
459 411
459 461
459 481
459 487
459 505
459 527
459 539
459 3466
459 4332
537 269
537 275
537 282
537 297
537 330
537 347
537 349
537 369
537 371
537 383
537 385
537 391
537 392
537 394
537 396
537 397
537 398
537 399
537 401
537 406
537 413
537 414
537 416
537 417
537 428
537 430
537 434
537 435
537 439
537 443
537 447
537 449
537 451
537 452
537 454
537 457
537 465
537 468
537 489
537 501
537 518
537 520
537 531
537 532
537 536
537 538
537 539
537 542
537 1353
537 2971
537 3530
537 3735
537 4827
537 4948
2408 2413
2408 2653
2408 2786
2408 2790
2408 2799
2408 2801
2408 2815
536 269
536 282
536 307
536 315
536 318
536 323
536 325
536 336
536 349
536 355
536 360
536 364
536 369
536 391
536 392
536 393
536 395
536 399
536 401
536 416
536 417
536 425
536 429
536 434
536 436
536 438
536 443
536 449
536 451
536 452
536 454
536 463
536 465
536 468
536 490
536 500
536 505
536 509
536 518
536 532
536 538
536 539
536 542
536 660
536 757
536 1669
536 3580
536 4424
536 4482
539 271
539 275
539 277
539 282
539 288
539 297
539 301
539 308
539 309
539 318
539 334
539 342
539 349
539 355
539 357
539 358
539 361
539 364
539 365
539 376
539 385
539 392
539 395
539 398
539 401
539 413
539 414
539 415
539 416
539 420
539 421
539 425
539 428
539 429
539 430
539 435
539 436
539 438
539 439
539 443
539 447
539 454
539 457
539 465
539 490
539 492
539 502
539 518
539 520
539 532
539 538
539 542
539 1570
539 1939
539 2270
539 3406
539 3439
539 3714
539 3748
539 4574
542 269
542 275
542 288
542 316
542 328
542 331
542 336
542 344
542 347
542 349
542 354
542 355
542 357
542 358
542 360
542 366
542 368
542 369
542 376
542 379
542 385
542 391
542 392
542 394
542 395
542 398
542 399
542 401
542 405
542 406
542 413
542 414
542 415
542 416
542 417
542 420
542 425
542 428
542 429
542 434
542 435
542 436
542 438
542 439
542 443
542 446
542 449
542 451
542 453
542 454
542 457
542 464
542 465
542 468
542 473
542 478
542 489
542 490
542 516
542 518
542 529
542 530
542 532
542 538
542 1214
542 2665
542 2777
542 2828
542 3527
542 4276
542 4540
542 4921
263 475
263 501
263 514
263 523
263 2330
475 301
475 304
475 332
475 358
475 393
475 397
475 489
475 495
475 497
475 504
475 509
475 2086
475 3688
501 277
501 293
501 324
501 332
501 381
501 388
501 402
501 406
501 428
501 456
501 460
501 463
501 473
501 486
501 496
501 497
501 504
501 523
501 1970
501 2762
501 4677
514 287
514 291
514 301
514 315
514 321
514 363
514 382
514 383
514 387
514 415
514 419
514 447
514 465
514 516
514 520
514 527
514 530
514 2021
514 2728
514 4993
523 271
523 293
523 296
523 322
523 328
523 332
523 337
523 338
523 367
523 371
523 374
523 376
523 381
523 388
523 396
523 404
523 422
523 424
523 446
523 452
523 460
523 462
523 463
523 467
523 473
523 477
523 486
523 495
523 497
523 500
523 504
523 509
523 532
523 1164
523 1950
523 3654
523 4064
523 4569
2330 2361
2330 2523
2330 2533
2330 2562
2330 2583
2330 2610
2330 2629
2330 2730
382 312
382 378
382 505
382 516
382 3545
382 4046
530 276
530 290
530 291
530 309
530 313
530 314
530 321
530 340
530 352
530 363
530 377
530 380
530 383
530 387
530 400
530 408
530 419
530 421
530 440
530 447
530 460
530 477
530 490
530 496
530 502
530 516
530 518
530 520
530 531
530 532
530 1518
530 1665
530 1980
530 4290
530 4574
265 305
265 322
265 426
265 496
265 527
265 529
265 531
305 478
305 531
305 532
305 3603
322 371
322 486
322 500
426 267
426 417
426 434
426 444
426 450
426 527
426 529
426 531
426 1220
426 3314
496 334
496 342
496 366
496 378
496 409
496 427
496 450
496 456
496 464
496 478
496 483
496 527
496 529
496 531
496 2090
496 3117
527 267
527 281
527 294
527 300
527 302
527 311
527 334
527 339
527 342
527 344
527 355
527 365
527 366
527 386
527 413
527 427
527 437
527 444
527 450
527 453
527 458
527 462
527 464
527 465
527 471
527 472
527 478
527 483
527 529
527 531
527 2800
527 2817
527 4567
527 4973
529 267
529 294
529 299
529 302
529 311
529 334
529 335
529 341
529 344
529 366
529 386
529 408
529 413
529 421
529 427
529 430
529 437
529 444
529 450
529 458
529 462
529 464
529 467
529 471
529 477
529 478
529 483
529 531
529 2395
529 2685
529 2761
529 4393
531 267
531 281
531 300
531 302
531 311
531 317
531 334
531 365
531 366
531 386
531 394
531 405
531 409
531 421
531 427
531 437
531 449
531 450
531 453
531 458
531 464
531 467
531 468
531 471
531 478
531 483
531 490
531 497
531 658
531 1765
531 2864
531 3719
531 4288
531 4870
266 429
266 462
266 489
266 2305
429 362
429 383
429 399
429 401
429 532
429 538
429 3017
462 303
462 359
462 469
462 472
462 481
462 487
462 503
462 3286
462 4121
489 292
489 310
489 315
489 390
489 431
489 441
489 447
489 461
489 487
489 503
489 1287
489 4571
2305 2316
2305 2367
2305 2460
2305 2477
2305 2642
2305 2646
2305 2647
267 454
267 483
454 364
454 401
454 432
454 451
454 465
454 518
454 538
454 2125
483 316
483 386
483 427
483 437
483 450
483 453
483 471
483 492
483 1028
483 2564
268 303
268 503
268 538
268 3672
303 2834
503 279
503 292
503 318
503 327
503 339
503 419
503 431
503 432
503 461
503 465
503 469
503 472
503 481
503 487
503 492
503 2805
503 3360
503 4155
538 284
538 286
538 297
538 308
538 316
538 328
538 347
538 349
538 352
538 355
538 357
538 358
538 364
538 376
538 385
538 392
538 394
538 395
538 399
538 405
538 413
538 414
538 415
538 416
538 420
538 428
538 432
538 434
538 435
538 436
538 438
538 439
538 440
538 443
538 452
538 457
538 458
538 468
538 469
538 490
538 491
538 518
538 532
538 800
538 1434
538 1563
538 1626
538 1699
538 4938
538 4981
3672 1584
3672 3048
3672 3112
3672 3219
3672 3230
3672 3533
3672 3579
3672 3583
3672 3589
3672 3615
3672 3627
3672 3651
3672 3655
3672 3665
3672 3684
3672 3708
3672 3713
3672 3720
3672 3736
3672 3739
3672 3741
3672 3743
3672 3756
3672 3758
3672 4185
3672 4971
269 417
269 488
417 432
417 434
417 468
417 518
417 2023
417 2601
488 280
488 298
488 299
488 319
488 348
488 362
488 431
488 441
488 469
488 481
488 492
488 505
488 4060
488 4640
413 360
413 490
413 4489
271 367
271 491
271 495
271 509
367 331
367 401
491 291
491 324
491 329
491 338
491 371
491 381
491 384
491 397
491 404
491 456
491 473
491 495
491 500
491 509
491 1258
491 2090
491 3947
495 329
495 331
495 341
495 384
495 404
495 424
495 439
495 446
495 453
495 464
495 474
495 486
495 497
495 504
495 509
495 1888
495 4701
509 296
509 304
509 320
509 332
509 338
509 386
509 393
509 397
509 404
509 446
509 460
509 473
509 481
509 497
509 500
509 504
509 1923
509 4280
509 4493
272 292
272 402
272 486
272 497
292 487
292 505
292 3858
402 337
402 374
402 397
402 405
402 460
402 486
402 4859
486 274
486 351
486 393
486 422
486 446
486 474
486 497
486 504
486 532
486 1615
486 4511
497 308
497 312
497 324
497 331
497 437
497 446
497 453
497 456
497 463
497 500
497 504
497 4007
497 4554
273 285
273 441
273 472
285 444
285 461
285 492
441 311
441 327
441 434
441 492
441 505
441 518
441 3728
441 4860
472 289
472 339
472 343
472 432
472 458
472 469
472 481
472 487
472 3748
472 3997
274 277
274 396
274 474
277 331
277 3214
396 320
396 332
396 422
396 500
396 4918
474 283
474 317
474 351
474 384
474 424
474 456
474 504
474 516
474 2571
474 4791
275 478
275 4012
478 386
478 450
478 464
478 1209
478 4254
4012 1607
4012 3108
4012 3760
4012 3790
4012 3802
4012 3812
4012 3816
4012 3836
4012 3842
4012 3863
4012 3885
4012 3914
4012 3934
4012 3937
4012 3942
4012 3943
4012 3951
4012 3982
4012 3987
4012 4003
4012 4018
4012 4019
4012 4029
4012 4060
4012 4063
4012 4065
276 449
276 516
276 3615
449 308
449 406
449 468
449 490
449 518
449 532
449 2703
516 309
516 353
516 354
516 363
516 373
516 380
516 383
516 387
516 438
516 440
516 477
516 502
516 520
516 1791
516 2030
516 2828
516 4009
3615 1569
3615 2046
3615 3497
3615 3634
3615 3651
3615 3654
3615 3665
3615 3684
3615 3708
3615 3713
3615 3720
3615 3736
3615 3739
3615 3741
3615 3743
3615 3756
331 490
331 1668
3214 3154
3214 3454
3214 3578
3214 3609
3214 3610
3214 3617
3214 3624
3214 3643
3214 3648
457 337
457 438
457 444
457 460
457 532
457 2829
457 4216
518 316
518 330
518 336
518 388
518 391
518 394
518 405
518 414
518 415
518 420
518 427
518 434
518 439
518 452
518 465
518 469
518 500
518 532
518 1406
518 2069
518 2087
518 4154
279 302
279 3719
302 437
302 477
3719 1609
3719 2060
3719 2817
3719 2848
3719 2849
3719 2853
3719 2911
3719 2936
3719 2978
3719 2998
3719 3002
3719 3037
3719 3054
3719 3057
3719 3092
3719 3117
3719 3127
3719 3133
3719 3137
3719 3140
3719 3173
3719 3177
3719 3178
3719 3183
3719 3212
3719 3245
3719 3267
3719 3269
3719 3275
3719 3319
3719 3321
3719 3341
3719 3351
3719 3354
3719 3355
3719 3365
3719 3397
3719 3455
3719 3464
3719 3475
3719 3479
3719 3493
3719 3536
3719 3559
3719 3568
3719 3577
3719 3597
3719 3655
3719 3662
3719 3677
3719 3687
3719 3703
3719 3704
3719 3707
3719 3757
3719 3935
280 332
280 348
280 505
332 329
332 4899
348 432
348 4523
505 289
505 319
505 335
505 425
505 432
505 443
505 469
505 492
505 504
505 3632
505 3994
505 4591
281 300
281 354
281 421
281 458
300 365
300 471
300 3521
354 520
354 1280
421 464
421 467
421 532
421 3580
458 294
458 342
458 391
458 471
458 1836
282 450
282 490
282 1273
450 344
450 437
450 451
450 751
450 1549
490 364
490 369
490 379
490 391
490 398
490 430
490 437
490 465
490 468
490 761
490 2030
1273 827
1273 865
1273 902
1273 917
1273 924
1273 940
1273 967
1273 995
1273 1002
1273 1004
1273 1020
1273 1030
1273 1046
1273 1048
1273 1070
1273 1075
1273 1106
1273 1116
1273 1124
1273 1126
1273 1147
1273 1154
1273 1177
1273 1178
1273 1198
1273 1215
1273 1228
1273 1243
1273 1252
1273 1288
1273 1292
1273 1297
1273 1301
1273 1307
1273 1312
1273 3971
1273 4038
1273 4239
1273 4764
283 422
283 1617
422 317
422 320
422 342
422 374
422 404
422 416
422 2647
1617 1113
1617 1328
1617 1358
1617 1376
1617 1402
1617 1414
1617 1417
1617 1426
1617 1473
1617 1474
1617 1482
1617 1497
1617 1521
1617 1526
1617 1553
1617 1590
1617 1599
1617 1624
1617 1668
1617 1705
284 299
299 298
299 451
444 294
444 341
444 344
444 427
444 467
444 3708
461 343
461 368
461 376
461 400
461 481
461 487
461 2036
492 298
492 343
492 345
492 359
492 393
492 406
492 481
492 487
492 520
492 3119
492 3486
492 4928
286 399
399 338
399 388
399 996
287 313
287 2739
313 392
313 520
2739 2128
2739 2153
2739 2160
2739 2244
2739 2272
2739 2281
2739 2289
2739 2304
2739 2317
2739 2320
2739 2337
2739 2360
2739 2378
2739 2437
2739 2475
2739 2506
2739 2547
2739 2560
2739 2586
2739 2592
2739 2613
2739 2618
2739 2735
2739 2747
2739 2784
2739 2815
2739 4032
2739 4923
288 345
288 435
288 3722
345 481
345 2946
435 334
435 398
435 420
435 438
435 504
435 532
435 1232
3722 425
3722 1588
3722 1698
3722 2840
3722 2891
3722 2931
3722 3052
3722 3076
3722 3078
3722 3158
3722 3198
3722 3308
3722 3320
3722 3377
3722 3401
3722 3416
3722 3418
3722 3422
3722 3425
3722 3447
3722 3449
3722 3471
3722 3481
3722 3487
3722 3492
3722 3508
3722 3515
3722 3528
3722 3534
3722 3543
3722 3550
3722 3553
3722 3580
3722 3581
3722 3600
3722 3601
3722 3602
3722 3611
3722 3616
3722 3626
3722 3628
3722 3632
3722 3633
3722 3656
3722 3675
3722 3678
3722 3682
3722 3721
3722 3729
3722 3735
3722 3742
3722 3748
3722 3758
3722 4014
3722 4831
3722 4955
289 395
289 431
289 1187
395 314
395 323
395 1093
431 363
431 390
431 432
431 452
431 465
431 3186
1187 786
1187 1093
1187 1129
1187 1156
1187 1208
1187 1240
1187 1260
1187 1262
1187 1266
1187 1276
1187 1282
1187 1284
1187 1296
1187 1298
1187 1307
1187 1310
1187 1315
1187 1320
1187 2081
290 440
290 468
290 502
290 3606
440 363
440 419
440 502
440 2013
440 3339
468 425
468 532
468 4281
502 291
502 340
502 349
502 383
502 408
502 420
502 477
502 520
502 2905
502 4508
502 4982
3606 1769
3606 2796
3606 2907
3606 3039
3606 3357
3606 3469
3606 3475
3606 3478
3606 3516
3606 3524
3606 3535
3606 3552
3606 3554
3606 3612
3606 3683
3606 3692
3606 3701
3606 3704
3606 3711
3606 3715
3606 3737
3606 3749
291 477
477 314
477 352
477 456
477 520
477 2042
477 3303
487 295
487 319
487 327
487 359
487 377
487 464
487 481
487 532
487 3283
487 3298
487 3530
3858 3763
3858 3769
3858 3774
3858 3799
3858 3805
3858 3856
3858 3871
3858 4063
293 384
293 446
293 520
384 338
384 456
384 1270
446 352
446 387
446 388
446 473
446 500
446 2057
520 314
520 315
520 340
520 352
520 353
520 358
520 377
520 378
520 380
520 383
520 400
520 408
520 419
520 447
520 481
520 1781
520 1987
520 4041
294 411
411 319
411 432
411 2064
411 4995
295 307
295 393
307 312
307 428
307 473
307 4486
393 463
393 4209
296 428
296 500
296 2702
428 358
428 3520
428 4192
500 304
500 320
500 324
500 337
500 381
500 390
500 456
500 463
500 473
500 504
500 1593
2702 2116
2702 2347
2702 2514
2702 2530
2702 2614
2702 2616
2702 2635
2702 2722
2702 2752
2702 2758
2702 2760
2702 2768
2702 2770
2702 2786
2702 2790
2702 2811
2702 2815
2702 2834
2702 2863
2702 4557
297 532
297 1642
532 301
532 314
532 316
532 330
532 336
532 340
532 347
532 355
532 360
532 364
532 369
532 379
532 385
532 406
532 408
532 409
532 414
532 415
532 416
532 420
532 430
532 434
532 436
532 439
532 443
532 451
532 452
532 465
532 1386
532 1890
532 2596
532 2837
532 3923
532 4266
1642 1305
1642 1446
1642 1450
1642 1453
1642 1468
1642 1483
1642 1495
1642 1513
1642 1514
1642 1538
1642 1557
1642 1561
1642 1562
1642 1587
1642 1605
1642 1620
1642 1622
1642 1623
1642 1624
1642 1634
1642 1636
1642 1641
1642 1656
1642 1657
1642 1667
1642 1695
298 401
298 460
298 2467
401 2131
460 329
460 371
460 424
460 463
460 473
460 504
460 1633
2467 1143
2467 2132
2467 2660
2467 2689
2467 2708
2467 2716
2467 2784
2467 2805
451 376
451 504
451 2473
365 427
365 4716
471 330
471 443
471 453
471 456
471 467
471 2064
3521 2943
3521 2974
3521 2996
3521 3105
3521 3220
3521 3227
3521 3293
3521 3296
3521 3325
3521 3345
3521 3467
3521 3472
3521 3483
3521 3518
3521 3530
3521 3570
3521 3663
3521 4724
301 773
773 551
773 560
773 562
773 569
773 571
773 588
773 602
773 608
773 614
773 623
773 627
773 631
773 636
773 642
773 643
773 648
773 658
773 671
773 678
773 680
773 681
773 682
773 693
773 694
773 701
773 702
773 703
773 705
773 710
773 711
773 712
773 722
773 723
773 728
773 730
773 731
773 735
773 738
773 739
773 741
773 745
773 748
773 749
773 750
773 751
773 755
773 756
773 757
773 761
773 764
773 765
773 767
773 769
773 770
773 774
773 3242
773 4019
773 4432
773 4548
773 4777
437 427
437 1058
2834 1520
2834 2111
2834 2130
2834 2137
2834 2147
2834 2154
2834 2187
2834 2202
2834 2209
2834 2210
2834 2243
2834 2251
2834 2260
2834 2287
2834 2303
2834 2309
2834 2314
2834 2337
2834 2356
2834 2373
2834 2392
2834 2411
2834 2414
2834 2417
2834 2431
2834 2450
2834 2453
2834 2455
2834 2457
2834 2462
2834 2480
2834 2501
2834 2515
2834 2526
2834 2534
2834 2535
2834 2538
2834 2548
2834 2558
2834 2572
2834 2578
2834 2579
2834 2599
2834 2618
2834 2624
2834 2629
2834 2658
2834 2660
2834 2667
2834 2671
2834 2676
2834 2686
2834 2697
2834 2701
2834 2705
2834 2712
2834 2738
2834 2753
2834 2763
2834 2775
2834 2779
2834 2783
2834 2785
2834 2797
2834 2803
2834 2810
2834 2817
2834 2821
2834 2824
2834 2838
2834 3713
2834 3720
2834 3958
2834 4264
2834 4731
2834 4861
304 2145
2145 2494
2145 2767
2145 2772
2145 2782
2145 2819
2145 2820
3603 805
3603 1172
3603 3192
3603 3436
3603 3511
3603 3558
3603 3602
3603 3650
3603 3653
3603 3654
3603 3669
3603 3671
3603 3678
3603 3690
3603 3700
3603 3715
3603 3728
3603 3733
3603 3735
3603 3742
3603 3751
319 335
319 380
312 456
312 463
312 1085
473 338
473 394
473 424
473 504
473 2711
4486 3091
4486 4378
4486 4414
4486 4451
4486 4452
4486 4457
4486 4516
4486 4526
4486 4527
4486 4538
4486 4550
4486 4554
4486 4563
4486 4566
4486 4571
4486 4574
4486 4577
308 374
374 388
374 424
374 1678
309 1629
1629 679
1629 1321
1629 1327
1629 1396
1629 1490
1629 1492
1629 1546
1629 1555
1629 1573
1629 1599
1629 1640
1629 1665
1629 1676
1629 1687
1629 1695
1629 1696
1629 1704
1629 1705
1629 3916
310 343
310 390
310 469
343 2837
390 361
390 373
390 4951
469 361
469 373
469 481
469 504
469 1960
469 3757
311 320
311 453
320 337
453 464
453 3430
453 4359
456 317
456 388
456 1561
456 2681
463 324
463 404
463 439
463 504
463 1198
463 3819
1085 990
1085 1006
1085 1164
1085 1173
1085 1196
1085 1213
1085 1216
1085 1237
1085 1239
1085 1266
1085 4420
392 409
392 1287
314 3587
3587 3130
3587 3256
3587 3329
3587 3374
3587 3535
3587 3552
3587 3553
3587 3612
3587 3636
3587 3683
3587 3692
3587 3696
3587 3701
3587 3704
3587 3737
3587 3749
3587 4008
3587 4933
315 3686
3686 1599
3686 2796
3686 2855
3686 2884
3686 2914
3686 2915
3686 3005
3686 3045
3686 3059
3686 3090
3686 3148
3686 3182
3686 3201
3686 3209
3686 3240
3686 3249
3686 3289
3686 3292
3686 3301
3686 3332
3686 3334
3686 3374
3686 3386
3686 3429
3686 3436
3686 3476
3686 3480
3686 3482
3686 3488
3686 3504
3686 3524
3686 3537
3686 3597
3686 3625
3686 3640
3686 3646
3686 3656
3686 3664
3686 3714
3686 4061
316 3662
3662 2732
3662 3110
3662 3238
3662 3264
3662 3267
3662 3378
3662 3403
3662 3447
3662 3538
3662 3566
3662 3573
3662 3574
3662 3593
3662 3600
3662 3627
3662 3635
3662 3652
3662 3663
3662 3667
3662 3676
3662 3685
3662 3688
3662 3695
3662 3696
3662 3711
3662 3714
3662 3723
3662 3730
3662 3740
3662 3757
3662 4104
3662 4762
317 415
317 504
317 2179
415 425
415 427
415 452
415 4283
504 338
504 371
504 424
504 1825
504 2240
504 4090
2179 2662
2179 2796
2179 2811
2179 2815
318 842
842 1268
842 1281
842 1300
842 1305
842 1306
335 481
335 2804
380 368
380 400
380 419
380 1705
337 2064
321 329
321 4313
329 443
329 3667
4313 4543
4313 4552
4313 4566
4313 4568
371 467
371 4232
323 386
323 430
323 1773
430 414
430 427
430 443
430 1348
430 4602
1773 2027
1773 2033
1773 2060
1773 2066
1773 2068
1773 2086
324 398
398 465
398 4995
325 447
325 1112
447 419
447 706
1112 817
1112 1003
1112 1064
1112 1128
1112 1133
1112 1204
1112 1213
1112 1216
1112 1237
1112 1238
1112 1239
1112 1304
1112 3690
327 1267
1267 777
1267 809
1267 825
1267 864
1267 907
1267 930
1267 938
1267 1041
1267 1071
1267 1072
1267 1117
1267 1156
1267 1165
1267 1172
1267 1184
1267 1185
1267 1229
1267 1240
1267 1248
1267 1256
1267 1260
1267 1262
1267 1282
1267 1284
1267 1289
1267 1292
1267 1294
1267 1296
1267 1307
1267 1310
1267 1315
1267 1320
1267 2445
1267 3508
1267 3555
328 394
328 3383
3383 2898
3383 3007
3383 3531
3383 3619
3383 3647
3383 3670
3383 3681
3383 3688
3383 3698
3383 3705
443 406
443 1185
443 3630
3667 702
3667 2089
3667 2863
3667 3046
3667 3293
3667 3298
3667 3349
3667 3366
3667 3377
3667 3403
3667 3473
3667 3505
3667 3533
3667 3538
3667 3566
3667 3573
3667 3593
3667 3627
3667 3635
3667 3647
3667 3650
3667 3652
3667 3663
3667 3676
3667 3685
3667 3688
3667 3695
3667 3711
3667 3714
3667 3730
3667 3740
3667 3757
330 2418
2418 2102
2418 2193
2418 2600
2418 2707
2418 2725
2418 2748
2418 2761
1668 740
1668 1330
1668 1343
1668 1364
1668 1392
1668 1395
1668 1396
1668 1429
1668 1472
1668 1478
1668 1481
1668 1489
1668 1504
1668 1507
1668 1519
1668 1523
1668 1524
1668 1556
1668 1578
1668 1584
1668 1592
1668 1598
1668 1600
1668 1631
1668 1632
1668 1639
1668 1646
1668 1654
1668 1659
1668 1675
1668 1691
1668 1700
1668 1705
1668 1943
1668 2541
1668 4549
4899 1482
4899 4609
4899 4612
4899 4614
4899 4641
4899 4664
4899 4681
4899 4690
4899 4758
4899 4770
4899 4831
4899 4859
4899 4864
4899 4876
4899 4896
4899 4907
4899 4913
4899 4914
4899 4916
4899 4983
4899 4994
334 4245
4245 2086
4245 4067
4245 4079
4245 4087
4245 4101
4245 4104
4245 4114
4245 4116
4245 4142
4245 4161
4245 4163
4245 4200
4245 4202
4245 4214
4245 4217
4245 4240
4245 4241
4245 4244
4245 4248
4245 4269
4245 4277
4245 4280
4245 4284
4245 4288
481 339
481 368
481 438
481 1101
2804 849
2804 1310
2804 2212
2804 2273
2804 2295
2804 2380
2804 2385
2804 2398
2804 2403
2804 2430
2804 2485
2804 2501
2804 2512
2804 2537
2804 2571
2804 2583
2804 2619
2804 2632
2804 2657
2804 2674
2804 2675
2804 2685
2804 2690
2804 2692
2804 2696
2804 2701
2804 2709
2804 2727
2804 2757
2804 2763
2804 2766
2804 2778
2804 2783
2804 2795
2804 2800
2804 2802
2804 2808
2804 2818
2804 2826
2804 2829
2804 2830
2804 2835
2804 2837
2804 4474
2804 4500
2804 4977
336 363
336 381
336 425
336 4984
363 2941
381 434
381 4803
425 377
425 452
425 465
425 828
4984 1829
4984 2072
4984 3437
4984 4221
4984 4598
4984 4600
4984 4629
4984 4636
4984 4671
4984 4678
4984 4689
4984 4725
4984 4740
4984 4743
4984 4745
4984 4768
4984 4771
4984 4777
4984 4785
4984 4793
4984 4805
4984 4817
4984 4821
4984 4826
4984 4840
4984 4845
4984 4849
4984 4851
4984 4856
4984 4860
4984 4894
4984 4902
4984 4929
4984 4932
4984 4933
4984 4935
4984 4936
4984 4937
4984 4939
4984 4940
4984 4942
4984 4952
4984 4955
4984 4958
4984 4960
4984 4961
4984 4964
4984 4970
4984 4971
4984 4977
4984 4981
4984 4983
4984 4992
2064 1709
2064 1710
2064 1713
2064 1726
2064 1730
2064 1746
2064 1750
2064 1756
2064 1762
2064 1766
2064 1775
2064 1780
2064 1782
2064 1787
2064 1788
2064 1810
2064 1836
2064 1839
2064 1845
2064 1851
2064 1867
2064 1870
2064 1922
2064 1946
2064 1952
2064 1956
2064 1990
2064 2000
2064 2016
2064 2017
2064 2031
2064 2037
2064 2047
2064 2056
2064 2058
2064 2074
2064 2076
2064 2082
2064 2083
2064 2085
2064 2089
2064 2093
2064 2815
2064 3665
340 2821
2821 1227
2821 1293
2821 1737
2821 2130
2821 2200
2821 2202
2821 2309
2821 2314
2821 2339
2821 2356
2821 2392
2821 2414
2821 2439
2821 2462
2821 2501
2821 2517
2821 2522
2821 2534
2821 2548
2821 2558
2821 2566
2821 2567
2821 2578
2821 2599
2821 2601
2821 2606
2821 2618
2821 2629
2821 2630
2821 2658
2821 2660
2821 2667
2821 2686
2821 2697
2821 2705
2821 2738
2821 2745
2821 2746
2821 2748
2821 2753
2821 2771
2821 2775
2821 2779
2821 2783
2821 2785
2821 2794
2821 2803
2821 2810
2821 2817
2821 2824
2821 2838
2821 3062
2821 3550
2821 4271
341 4557
4557 717
4557 1171
4557 1707
4557 3529
4557 4295
4557 4324
4557 4332
4557 4359
4557 4389
4557 4410
4557 4418
4557 4427
4557 4454
4557 4455
4557 4465
4557 4469
4557 4470
4557 4477
4557 4491
4557 4497
4557 4500
4557 4502
4557 4504
4557 4511
4557 4512
4557 4513
4557 4515
4557 4516
4557 4520
4557 4526
4557 4527
4557 4535
4557 4538
4557 4539
4557 4543
4557 4550
4557 4560
4557 4563
4557 4564
4557 4566
4557 4567
4557 4571
4557 4574
4557 4577
342 3590
3590 2199
3590 2367
3590 3037
3590 3177
3590 3210
3590 3212
3590 3319
3590 3321
3590 3351
3590 3355
3590 3442
3590 3455
3590 3536
3590 3551
3590 3577
3590 3646
3590 3655
3590 3677
3590 3687
3590 3703
3590 3707
3590 3739
2837 898
2837 1210
2837 1395
2837 1703
2837 2109
2837 2110
2837 2117
2837 2146
2837 2148
2837 2156
2837 2169
2837 2171
2837 2186
2837 2236
2837 2262
2837 2273
2837 2274
2837 2278
2837 2290
2837 2295
2837 2302
2837 2332
2837 2342
2837 2353
2837 2398
2837 2403
2837 2425
2837 2432
2837 2443
2837 2468
2837 2485
2837 2486
2837 2488
2837 2512
2837 2532
2837 2534
2837 2537
2837 2549
2837 2571
2837 2583
2837 2586
2837 2608
2837 2619
2837 2632
2837 2674
2837 2675
2837 2685
2837 2690
2837 2691
2837 2692
2837 2696
2837 2700
2837 2701
2837 2709
2837 2727
2837 2757
2837 2763
2837 2765
2837 2766
2837 2769
2837 2777
2837 2778
2837 2782
2837 2790
2837 2795
2837 2800
2837 2802
2837 2808
2837 2814
2837 2817
2837 2818
2837 2824
2837 2826
2837 2829
2837 2830
2837 2835
2837 3264
2837 3678
2837 4032
2837 4954
344 2360
2360 2244
2360 2281
2360 2560
2360 2592
2360 2596
2360 2826
2946 3187
2946 3326
2946 3444
2946 3584
2946 3614
347 2441
2441 1653
2441 2153
2441 2317
2441 2506
2441 2586
2441 2592
2441 2596
2441 2747
2441 2774
2441 2783
432 362
432 2065
4523 552
4523 978
4523 2520
4523 4302
4523 4392
4523 4400
4523 4409
4523 4421
4523 4427
4523 4442
4523 4448
4523 4459
4523 4471
4523 4479
4523 4494
4523 4506
4523 4513
4523 4522
4523 4542
4523 4545
4523 4549
4523 4554
4523 4562
4523 4564
4523 4571
4523 4573
424 364
424 1289
424 1293
351 397
352 1939
1939 1719
1939 1790
1939 1877
1939 1933
1939 1934
1939 1988
1939 2009
1939 2044
1939 2049
1939 2060
1939 2061
1939 2067
1939 2068
1939 2093
353 377
353 1140
377 2518
1140 854
1140 920
1140 947
1140 970
1140 1000
1140 1006
1140 1045
1140 1095
1140 1115
1140 1153
1140 1233
1140 1244
1140 1253
1140 1320
1140 4242
1280 777
1280 784
1280 833
1280 862
1280 909
1280 919
1280 923
1280 956
1280 989
1280 994
1280 1018
1280 1037
1280 1044
1280 1067
1280 1073
1280 1096
1280 1097
1280 1137
1280 1142
1280 1171
1280 1174
1280 1177
1280 1189
1280 1214
1280 1232
1280 1241
1280 1242
1280 1258
1280 1266
1280 1274
1280 1279
1280 1281
1280 1300
1280 1304
1280 1305
1280 1306
1280 1315
1280 1922
1280 3116
1280 3429
1280 3630
355 419
355 4035
419 2824
419 3279
4035 2090
4035 2488
4035 3795
4035 3814
4035 3820
4035 3865
4035 3879
4035 3888
4035 3910
4035 3932
4035 3950
4035 3955
4035 3962
4035 3967
4035 3972
4035 3973
4035 3975
4035 3982
4035 3984
4035 3990
4035 3992
4035 3995
4035 3999
4035 4004
4035 4005
4035 4020
4035 4029
4035 4041
4035 4042
4035 4044
4035 4045
4035 4056
4035 4059
4035 4060
4035 4064
4035 4065
391 385
391 434
391 3757
467 366
467 409
467 4529
4567 1316
4567 2807
4567 2874
4567 3171
4567 4063
4567 4298
4567 4301
4567 4311
4567 4319
4567 4329
4567 4337
4567 4338
4567 4343
4567 4346
4567 4350
4567 4352
4567 4358
4567 4369
4567 4373
4567 4378
4567 4387
4567 4394
4567 4396
4567 4403
4567 4407
4567 4415
4567 4416
4567 4419
4567 4420
4567 4428
4567 4432
4567 4434
4567 4439
4567 4447
4567 4450
4567 4462
4567 4463
4567 4465
4567 4472
4567 4474
4567 4477
4567 4488
4567 4498
4567 4500
4567 4507
4567 4510
4567 4514
4567 4529
4567 4530
4567 4533
4567 4540
4567 4542
4567 4548
4567 4552
4567 4560
4567 4561
4567 4563
4567 4564
4567 4566
4567 4568
357 385
357 436
357 1917
385 2829
436 359
436 360
436 2760
1917 902
1917 1742
1917 1948
1917 2005
1917 2012
1917 2015
1917 2021
1917 2074
358 1153
1153 905
1153 920
1153 942
1153 956
1153 1033
1153 1054
1153 1095
1153 1115
1153 1160
1153 1227
1153 1233
1153 1244
1153 1253
1153 1258
1153 3813
360 1653
1653 642
1653 1281
1653 1389
1653 1434
1653 1436
1653 1439
1653 1446
1653 1509
1653 1563
1653 1606
1653 1615
1653 1625
1653 1630
1653 1638
1653 1649
1653 1663
1653 1664
1653 1680
1653 1687
1653 1688
1653 1689
1653 1691
1653 1693
1653 1694
1653 1698
1653 1703
1653 1704
1653 1707
361 368
361 2711
368 373
2711 1721
2711 2268
2711 2307
2711 2313
2711 2358
2711 2404
2711 2406
2711 2458
2711 2527
2711 2582
2711 2590
2711 2605
2711 2606
2711 2650
2711 2704
2711 2716
2711 2734
2711 2784
2711 2805
2711 2829
2941 3089
2941 3113
2941 3181
2941 3216
2941 3381
364 438
364 2773
438 452
438 935
2773 694
2773 767
2773 1965
2773 2168
2773 2217
2773 2251
2773 2338
2773 2395
2773 2503
2773 2531
2773 2556
2773 2566
2773 2567
2773 2591
2773 2659
2773 2663
2773 2720
2773 2724
2773 2726
2773 2729
2773 2732
2773 2742
2773 2760
2773 2771
2773 2774
2773 2781
2773 2783
2773 2791
2773 2797
2773 2801
2773 2809
2773 2823
2773 2826
2773 2827
2773 2828
427 3739
4716 4683
4716 4806
4716 4821
4716 4865
4716 4884
4716 4897
366 4520
4520 1726
4520 2205
4520 4351
4520 4403
4520 4448
4520 4460
4520 4474
4520 4491
4520 4497
4520 4504
4520 4510
4520 4511
4520 4516
4520 4527
4520 4535
4520 4538
4520 4539
4520 4543
4520 4545
4520 4560
4520 4563
4520 4564
4520 4571
4520 4573
4520 4574
373 369
373 3366
369 420
369 3612
3612 1707
3612 2598
3612 2885
3612 3074
3612 3274
3612 3377
3612 3469
3612 3516
3612 3524
3612 3535
3612 3552
3612 3554
3612 3619
3612 3636
3612 3682
3612 3692
3612 3696
3612 3701
3612 3704
3612 3714
3612 3737
3612 3749
2076 1212
2076 1732
2076 1777
2076 1805
2076 1812
2076 1876
2076 1900
2076 1924
2076 1927
2076 1932
2076 1940
2076 1964
2076 1968
2076 1980
2076 1984
2076 2003
2076 2012
2076 2016
2076 2018
2076 2036
2076 2038
2076 2039
2076 2052
2076 2054
2076 2057
2076 2062
2076 2065
2076 2067
2076 2069
2076 2071
2076 2072
2076 2074
2076 2075
2076 2079
2076 2080
2076 2081
2076 2082
2076 2083
2076 2085
2076 2086
2076 2087
2076 2088
2076 2089
2076 2090
2076 2092
2076 2093
2076 2094
2076 2096
2076 2324
2076 2781
2076 4545
2076 4934
4232 2692
4232 4085
4232 4097
4232 4130
4232 4167
4232 4275
4232 4277
4232 4278
4232 4279
4232 4280
4232 4281
4232 4282
4232 4283
4232 4284
4232 4285
4232 4287
4232 4288
3366 3634
3366 3695
3366 3711
3366 3714
3366 3721
3366 3730
3366 3757
388 1320
1678 746
1678 1323
1678 1347
1678 1351
1678 1369
1678 1383
1678 1400
1678 1413
1678 1415
1678 1430
1678 1494
1678 1520
1678 1527
1678 1531
1678 1537
1678 1542
1678 1555
1678 1556
1678 1565
1678 1572
1678 1577
1678 1608
1678 1611
1678 1619
1678 1650
1678 1655
1678 1662
1678 1669
1678 1673
1678 1679
1678 1681
1678 1685
1678 1687
1678 1690
1678 1696
1678 1699
1678 1704
1678 1707
1678 1745
1678 2523
1678 3700
405 1155
376 4281
4281 1738
4281 1997
4281 3109
4281 3617
4281 4078
4281 4080
4281 4083
4281 4107
4281 4120
4281 4131
4281 4133
4281 4135
4281 4137
4281 4145
4281 4153
4281 4154
4281 4159
4281 4162
4281 4171
4281 4177
4281 4184
4281 4185
4281 4188
4281 4190
4281 4196
4281 4201
4281 4203
4281 4222
4281 4223
4281 4225
4281 4231
4281 4236
4281 4238
4281 4247
4281 4254
4281 4255
4281 4256
4281 4257
4281 4259
4281 4260
4281 4261
4281 4263
4281 4264
4281 4265
4281 4267
4281 4268
4281 4269
4281 4271
4281 4272
4281 4273
4281 4274
4281 4275
4281 4276
4281 4277
4281 4278
4281 4279
4281 4280
4281 4282
4281 4283
4281 4284
4281 4285
4281 4287
4281 4288
2518 2428
2518 2471
2518 2634
2518 2685
2518 2720
2518 2740
2518 2791
2518 2809
2518 2827
2518 2828
2518 3477
378 3428
3428 2494
3428 2970
3428 3312
3428 3340
3428 3347
3428 3460
3428 3563
3428 3564
3428 3599
3428 3605
3428 3658
3428 3685
379 387
379 2803
387 1586
2803 673
2803 2158
2803 2249
2803 2260
2803 2261
2803 2303
2803 2356
2803 2439
2803 2450
2803 2463
2803 2522
2803 2526
2803 2535
2803 2548
2803 2578
2803 2579
2803 2618
2803 2629
2803 2630
2803 2660
2803 2667
2803 2686
2803 2697
2803 2705
2803 2710
2803 2738
2803 2753
2803 2775
2803 2779
2803 2783
2803 2785
2803 2797
2803 2810
2803 2817
2803 2824
2803 2835
2803 2838
2803 3054
2803 3733
2803 4261
400 3209
1705 739
1705 748
1705 1266
1705 1335
1705 1341
1705 1344
1705 1345
1705 1354
1705 1377
1705 1378
1705 1396
1705 1406
1705 1408
1705 1412
1705 1420
1705 1423
1705 1437
1705 1441
1705 1459
1705 1469
1705 1475
1705 1477
1705 1484
1705 1490
1705 1492
1705 1496
1705 1498
1705 1501
1705 1502
1705 1503
1705 1506
1705 1509
1705 1513
1705 1517
1705 1520
1705 1535
1705 1543
1705 1545
1705 1549
1705 1555
1705 1558
1705 1561
1705 1564
1705 1573
1705 1574
1705 1582
1705 1583
1705 1602
1705 1604
1705 1607
1705 1609
1705 1613
1705 1614
1705 1616
1705 1640
1705 1645
1705 1650
1705 1654
1705 1658
1705 1659
1705 1665
1705 1674
1705 1676
1705 1695
1705 1696
1705 1703
1705 2347
1705 2779
1705 3481
1705 3721
1705 3730
434 4445
4803 1535
4803 4587
4803 4603
4803 4620
4803 4687
4803 4701
4803 4749
4803 4756
4803 4790
4803 4792
4803 4812
4803 4914
3545 2096
3545 3149
3545 3515
3545 3580
3545 3581
3545 3626
3545 3633
3545 3644
3545 3658
3545 3682
3545 3689
3545 3721
3545 3748
3545 3758
4046 1615
4046 3680
4046 3779
4046 3782
4046 3783
4046 3810
4046 3814
4046 3820
4046 3833
4046 3851
4046 3880
4046 3898
4046 3900
4046 3910
4046 3915
4046 3931
4046 3932
4046 3938
4046 3965
4046 3967
4046 3973
4046 3975
4046 3982
4046 3984
4046 3990
4046 3995
4046 3997
4046 3999
4046 4007
4046 4011
4046 4013
4046 4017
4046 4018
4046 4027
4046 4038
4046 4042
4046 4044
4046 4045
4046 4055
4046 4057
4046 4060
4046 4061
4046 4064
4046 4065
4046 4276
4046 4961
383 409
383 1271
409 3919
1271 1026
1271 1055
1271 1076
1271 1082
1271 1110
1271 1117
1271 1130
1271 1139
1271 1144
1271 1145
1271 1148
1271 1159
1271 1169
1271 1178
1271 1189
1271 1205
1271 1221
1271 1225
1271 1231
1271 1232
1271 1247
1271 1252
1271 1261
1271 1268
1271 1269
1271 1278
1271 1287
1271 1298
1271 1299
1271 1310
1271 1312
1271 1314
1271 1318
1271 1319
1271 2829
1271 3464
1271 3655
1271 3689
1270 794
1270 872
1270 976
1270 1017
1270 1039
1270 1055
1270 1082
1270 1101
1270 1110
1270 1117
1270 1124
1270 1145
1270 1169
1270 1178
1270 1183
1270 1201
1270 1207
1270 1221
1270 1231
1270 1232
1270 1247
1270 1260
1270 1269
1270 1282
1270 1298
1270 1299
1270 1304
1270 1312
1270 1314
1270 1315
1270 1316
1270 1318
1270 1319
1270 2658
1270 4212
1270 4966
2829 749
2829 1184
2829 1316
2829 2105
2829 2109
2829 2110
2829 2148
2829 2169
2829 2186
2829 2214
2829 2236
2829 2262
2829 2274
2829 2295
2829 2302
2829 2342
2829 2353
2829 2359
2829 2398
2829 2410
2829 2425
2829 2432
2829 2443
2829 2468
2829 2485
2829 2488
2829 2512
2829 2530
2829 2571
2829 2583
2829 2608
2829 2609
2829 2619
2829 2629
2829 2632
2829 2642
2829 2660
2829 2674
2829 2675
2829 2685
2829 2690
2829 2692
2829 2696
2829 2700
2829 2701
2829 2709
2829 2712
2829 2727
2829 2732
2829 2757
2829 2763
2829 2765
2829 2766
2829 2769
2829 2778
2829 2781
2829 2795
2829 2802
2829 2808
2829 2811
2829 2818
2829 2826
2829 2830
2829 2835
2829 3050
1586 1325
1586 1337
1586 1348
1586 1368
1586 1382
1586 1428
1586 1467
1586 1480
1586 1493
1586 1510
1586 1530
1586 1568
1586 1569
1586 1576
1586 1585
1586 1658
1586 4377
1320 809
1320 811
1320 822
1320 824
1320 825
1320 855
1320 864
1320 873
1320 876
1320 892
1320 893
1320 900
1320 903
1320 906
1320 908
1320 927
1320 939
1320 944
1320 945
1320 955
1320 960
1320 965
1320 974
1320 979
1320 986
1320 996
1320 997
1320 1002
1320 1007
1320 1014
1320 1019
1320 1023
1320 1024
1320 1035
1320 1038
1320 1039
1320 1041
1320 1043
1320 1044
1320 1051
1320 1054
1320 1060
1320 1061
1320 1072
1320 1113
1320 1115
1320 1128
1320 1129
1320 1149
1320 1161
1320 1167
1320 1172
1320 1184
1320 1185
1320 1199
1320 1205
1320 1229
1320 1240
1320 1248
1320 1256
1320 1260
1320 1262
1320 1276
1320 1282
1320 1284
1320 1289
1320 1292
1320 1296
1320 1298
1320 1303
1320 1307
1320 1308
1320 1310
1320 1315
1320 1363
1320 1512
1320 1647
1320 4061
1320 4399
1320 4457
1320 4837
1320 4973
4951 2421
4951 3875
4951 4667
4951 4709
4951 4713
4951 4780
4951 4787
4951 4800
4951 4809
4951 4823
4951 4824
4951 4832
4951 4835
4951 4838
4951 4858
4951 4893
4951 4916
4951 4920
4951 4921
4951 4931
4951 4937
4951 4946
4951 4957
4951 4966
4951 4969
4951 4971
4951 4973
4951 4978
4951 4979
4951 4981
4951 4983
4951 4994
3757 638
3757 2403
3757 2458
3757 2799
3757 2843
3757 2851
3757 2863
3757 2865
3757 2879
3757 2937
3757 2966
3757 2972
3757 2973
3757 2994
3757 3003
3757 3009
3757 3018
3757 3021
3757 3047
3757 3062
3757 3063
3757 3082
3757 3104
3757 3106
3757 3110
3757 3123
3757 3126
3757 3134
3757 3136
3757 3138
3757 3141
3757 3162
3757 3166
3757 3190
3757 3197
3757 3204
3757 3238
3757 3246
3757 3264
3757 3273
3757 3279
3757 3297
3757 3298
3757 3307
3757 3349
3757 3381
3757 3403
3757 3453
3757 3484
3757 3491
3757 3501
3757 3508
3757 3522
3757 3533
3757 3538
3757 3555
3757 3562
3757 3566
3757 3573
3757 3574
3757 3583
3757 3593
3757 3601
3757 3610
3757 3611
3757 3627
3757 3635
3757 3652
3757 3663
3757 3676
3757 3685
3757 3695
3757 3711
3757 3714
3757 3729
3757 3730
3757 3740
3757 3998
3757 4927
3757 4936
1287 790
1287 791
1287 805
1287 882
1287 883
1287 889
1287 950
1287 988
1287 996
1287 1011
1287 1027
1287 1066
1287 1104
1287 1106
1287 1119
1287 1120
1287 1122
1287 1126
1287 1131
1287 1134
1287 1148
1287 1150
1287 1155
1287 1157
1287 1163
1287 1174
1287 1175
1287 1176
1287 1182
1287 1186
1287 1189
1287 1192
1287 1197
1287 1207
1287 1222
1287 1228
1287 1246
1287 1248
1287 1279
1287 1281
1287 1285
1287 1303
1287 1308
1287 1316
1287 3137
1287 3291
1287 3659
4209 2075
4209 4097
4209 4135
4209 4158
4209 4185
4209 4187
4209 4235
4209 4250
4209 4252
4209 4256
4209 4260
4209 4261
4209 4262
4209 4273
1093 1233
1093 1240
1093 1256
1093 1261
1093 1262
1093 1292
1093 1304
1093 1310
1093 1315
1093 2420
4918 717
4918 4560
4918 4586
4918 4667
4918 4820
4918 4870
4918 4904
4918 4924
4918 4925
4918 4952
4918 4982
4918 4985
4918 4986
4918 4987
4918 4989
4918 4992
4918 4994
4918 4995
4918 4996
4918 4997
4918 4998
465 1608
465 1634
4995 1646
4995 2001
4995 2907
4995 3629
4995 4584
4995 4626
4995 4652
4995 4665
4995 4686
4995 4708
4995 4712
4995 4719
4995 4723
4995 4738
4995 4770
4995 4774
4995 4786
4995 4788
4995 4800
4995 4814
4995 4824
4995 4827
4995 4832
4995 4836
4995 4850
4995 4854
4995 4857
4995 4861
4995 4865
4995 4874
4995 4879
4995 4882
4995 4902
4995 4904
4995 4909
4995 4910
4995 4917
4995 4923
4995 4924
4995 4927
4995 4932
4995 4934
4995 4944
4995 4947
4995 4948
4995 4950
4995 4961
4995 4973
4995 4977
4995 4982
4995 4985
4995 4986
4995 4987
4995 4989
4995 4990
4995 4992
4995 4993
4995 4994
4995 4996
4995 4997
4995 4998
996 1089
996 1155
996 1176
996 1279
996 1285
996 1303
996 1306
996 1308
3209 2991
3209 3276
3209 3324
3209 3504
3209 3646
3209 3664
2131 2616
2131 2758
2131 2765
2131 2770
2131 2815
4859 1165
4859 4612
4859 4641
4859 4664
4859 4748
4859 4770
4859 4791
4859 4831
4859 4864
4859 4876
4859 4896
4859 4904
4859 4907
4859 4913
4859 4914
4859 4923
4285 2548
4285 2551
4285 2641
4285 4028
4285 4071
4285 4081
4285 4094
4285 4099
4285 4102
4285 4104
4285 4106
4285 4107
4285 4119
4285 4124
4285 4125
4285 4134
4285 4143
4285 4145
4285 4148
4285 4153
4285 4155
4285 4156
4285 4159
4285 4160
4285 4162
4285 4166
4285 4168
4285 4171
4285 4174
4285 4178
4285 4185
4285 4187
4285 4196
4285 4201
4285 4208
4285 4214
4285 4222
4285 4223
4285 4225
4285 4226
4285 4227
4285 4229
4285 4236
4285 4238
4285 4246
4285 4247
4285 4248
4285 4254
4285 4255
4285 4256
4285 4257
4285 4260
4285 4263
4285 4265
4285 4266
4285 4267
4285 4268
4285 4269
4285 4271
4285 4272
4285 4274
4285 4275
4285 4276
4285 4277
4285 4278
4285 4279
4285 4280
4285 4282
4285 4283
4285 4284
4285 4287
4285 4288
4285 4453
1155 1134
1155 1174
1155 1180
1155 1182
1155 1197
1155 1208
1155 1218
1155 1222
1155 1233
1155 1246
1155 1249
1155 1285
1155 1303
1155 1304
1155 1308
1155 2709
406 3526
3526 1467
3526 2924
3526 3512
3526 3619
3526 3708
3526 3736
3526 3739
3526 3741
3526 3743
3526 3756
3375 2887
3375 3046
3375 3282
3375 3468
3375 3496
3375 3553
3375 3601
3375 3630
3375 3659
3375 3669
3375 3689
408 3158
3158 3696
3158 3737
3158 3749
3919 3765
3919 3784
3919 3801
3919 3845
3919 3884
3919 3899
3919 3945
3919 3947
3919 3964
3919 3976
3919 4014
3957 3898
3957 4000
3957 4001
3957 4008
3957 4011
3957 4013
3957 4022
3957 4024
3957 4026
3957 4047
3957 4048
3957 4056
3957 4279
4912 4187
4912 4579
4912 4602
4912 4609
4912 4636
4912 4645
4912 4650
4912 4655
4912 4670
4912 4684
4912 4693
4912 4705
4912 4722
4912 4728
4912 4828
4912 4839
4912 4865
4912 4877
4912 4885
4912 4892
4912 4909
4912 4925
4912 4927
4912 4930
4912 4945
4912 4981
4489 722
4489 4343
4489 4457
4489 4492
4489 4503
4489 4504
4489 4519
4489 4526
4489 4537
4489 4538
4489 4543
4489 4550
4489 4560
4489 4564
4489 4568
4489 4571
4489 4574
4489 4577
452 2379
452 3641
4283 1690
4283 2456
4283 3006
4283 3071
4283 4080
4283 4100
4283 4102
4283 4105
4283 4115
4283 4120
4283 4123
4283 4131
4283 4132
4283 4135
4283 4139
4283 4143
4283 4145
4283 4148
4283 4152
4283 4153
4283 4157
4283 4159
4283 4160
4283 4165
4283 4171
4283 4174
4283 4175
4283 4178
4283 4185
4283 4190
4283 4201
4283 4210
4283 4221
4283 4222
4283 4223
4283 4224
4283 4225
4283 4229
4283 4236
4283 4238
4283 4247
4283 4251
4283 4253
4283 4254
4283 4255
4283 4256
4283 4257
4283 4263
4283 4264
4283 4265
4283 4267
4283 4268
4283 4269
4283 4271
4283 4272
4283 4273
4283 4274
4283 4275
4283 4276
4283 4277
4283 4278
4283 4279
4283 4280
4283 4282
4283 4284
4283 4287
4283 4288
416 2558
416 3220
2558 2747
2558 2779
2558 2824
2558 2838
2558 4751
3220 2856
3220 3184
3220 3346
3220 3414
3220 3438
3220 3518
3220 3569
3220 3696
2023 1714
2023 1733
2023 1735
2023 1739
2023 1743
2023 1747
2023 1801
2023 1813
2023 1821
2023 1842
2023 1854
2023 1888
2023 1940
2023 1950
2023 1975
2023 1994
2023 2010
2023 2022
2023 2036
2023 2052
2023 2072
2023 2085
2023 3330
2601 2049
2601 2098
2601 2099
2601 2112
2601 2116
2601 2143
2601 2235
2601 2282
2601 2424
2601 2426
2601 2434
2601 2451
2601 2459
2601 2740
2601 2758
3461 2987
3461 3066
3461 3260
3461 3271
3461 3304
3461 3317
3461 3322
3461 3391
3461 3400
3461 3519
3461 3720
2824 1190
2824 1316
2824 2136
2824 2147
2824 2175
2824 2201
2824 2209
2824 2270
2824 2289
2824 2314
2824 2337
2824 2345
2824 2373
2824 2378
2824 2439
2824 2446
2824 2462
2824 2492
2824 2515
2824 2522
2824 2534
2824 2535
2824 2578
2824 2579
2824 2588
2824 2614
2824 2618
2824 2629
2824 2630
2824 2646
2824 2658
2824 2660
2824 2667
2824 2671
2824 2686
2824 2697
2824 2705
2824 2724
2824 2738
2824 2753
2824 2774
2824 2775
2824 2779
2824 2783
2824 2785
2824 2810
2824 2815
2824 2817
2824 2827
2824 2835
2824 2838
2824 3127
2824 3554
2824 4561
3279 3038
3279 3297
3279 3471
3279 3647
3279 3688
3279 3695
3279 3730
3279 3740
464 1288
464 2018
3580 3067
3580 3401
3580 3514
3580 3600
3580 3617
3580 3626
3580 3632
3580 3633
3580 3681
3580 3682
3580 3721
3580 3729
3580 3748
3580 3751
3580 3758
3580 4373
2647 2158
2647 2222
2647 2313
2647 2316
2647 2328
2647 2339
2647 2367
2647 2372
2647 2472
2647 2477
2647 2489
2647 2498
2647 2499
2647 2612
2647 2642
2647 2660
2647 4228
439 2079
439 2638
3394 928
3394 2923
3394 2960
3394 3227
3394 3345
3394 3376
3394 3414
3394 3438
3394 3467
3394 3483
3394 3530
3394 3629
3394 3720
1289 824
1289 838
1289 892
1289 903
1289 965
1289 1014
1289 1019
1289 1024
1289 1041
1289 1047
1289 1071
1289 1072
1289 1129
1289 1136
1289 1149
1289 1156
1289 1161
1289 1167
1289 1184
1289 1185
1289 1190
1289 1196
1289 1228
1289 1229
1289 1237
1289 1240
1289 1256
1289 1260
1289 1262
1289 1276
1289 1279
1289 1282
1289 1284
1289 1296
1289 1307
1289 1310
1289 1312
1289 1315
1289 1316
1289 1456
1289 3057
1289 3422
1289 3600
1289 4913
1293 783
1293 785
1293 796
1293 802
1293 813
1293 837
1293 839
1293 846
1293 850
1293 867
1293 898
1293 929
1293 938
1293 946
1293 959
1293 979
1293 1018
1293 1028
1293 1029
1293 1037
1293 1042
1293 1056
1293 1068
1293 1084
1293 1131
1293 1132
1293 1152
1293 1158
1293 1170
1293 1188
1293 1203
1293 1213
1293 1218
1293 1219
1293 1223
1293 1230
1293 1233
1293 1278
1293 1294
1293 1295
1293 1298
1293 1307
1293 2088
1293 2719
1293 3392
1293 4987
828 945
828 1132
828 1186
828 1207
828 1303
828 1308
1220 777
1220 928
1220 961
1220 962
1220 1009
1220 1015
1220 1025
1220 1100
1220 1109
1220 1130
1220 1143
1220 1159
1220 1180
1220 1181
1220 1200
1220 1202
1220 1209
1220 1226
1220 1256
1220 1423
1220 3337
3314 1857
3314 3254
3314 3713
3314 3743
3314 3758
3739 2039
3739 2844
3739 2916
3739 2944
3739 2988
3739 3036
3739 3070
3739 3108
3739 3115
3739 3122
3739 3138
3739 3196
3739 3234
3739 3239
3739 3271
3739 3274
3739 3305
3739 3332
3739 3352
3739 3369
3739 3404
3739 3437
3739 3443
3739 3464
3739 3466
3739 3510
3739 3522
3739 3527
3739 3540
3739 3546
3739 3551
3739 3556
3739 3557
3739 3575
3739 3579
3739 3583
3739 3589
3739 3592
3739 3600
3739 3617
3739 3639
3739 3651
3739 3664
3739 3665
3739 3684
3739 3708
3739 3713
3739 3736
3739 3741
3739 3743
3739 3756
3739 3825
3739 4093
3739 4267
3739 4779
3520 3064
3520 3077
3520 3087
3520 3129
3520 3144
3520 3159
3520 3202
3520 3287
3520 3430
3520 3440
3520 3506
3520 3542
3520 3586
3520 3591
3520 3631
3520 4947
4192 4138
4192 4165
4192 4180
4192 4212
4192 4222
4192 4224
4192 4251
4192 4258
4192 4266
3017 3141
3017 3451
3017 3501
3017 3542
3017 3578
3017 3624
3017 3643
1348 1462
1348 1480
1348 1569
1348 1576
4602 4799
4602 4846
4602 4862
4602 4875
4602 4890
3186 2927
3186 2942
3186 2959
3186 3153
3186 3185
3186 3258
3186 3331
3186 3337
3186 3474
2065 1574
2065 1721
2065 1725
2065 1757
2065 1788
2065 1820
2065 1833
2065 1964
2065 1984
2065 1987
2065 1990
2065 2013
2065 2030
2065 2038
2065 2039
2065 2041
2065 2050
2065 2052
2065 2057
2065 2067
2065 2069
2065 2071
2065 2072
2065 2074
2065 2075
2065 2077
2065 2078
2065 2079
2065 2080
2065 2081
2065 2082
2065 2083
2065 2086
2065 2088
2065 2089
2065 2090
2065 2092
2065 2093
2065 2094
2065 2096
2065 3068
2065 3457
2065 4891
4445 4474
4445 4479
4445 4513
4445 4522
4445 4530
4445 4537
4445 4542
4445 4549
4445 4562
4445 4573
4445 4574
1232 826
1232 883
1232 975
1232 1114
1232 1166
1232 1201
1232 1221
1232 1231
1232 1242
1232 1247
1232 1261
1232 1268
1232 1298
1232 1299
1232 1306
1232 1314
1232 1316
1232 1318
1232 1319
1232 3678
1232 4910
2760 1663
2760 2213
2760 2265
2760 2391
2760 2405
2760 2422
2760 2437
2760 2463
2760 2494
2760 2497
2760 2530
2760 2542
2760 2582
2760 2668
2760 2680
2760 2719
2760 2723
2760 2737
2760 2746
2760 2758
2760 2770
2760 2776
2760 2779
2760 2780
2760 2786
2760 2790
2760 2794
2760 2811
2760 4543
1058 869
1058 884
1058 957
1058 1022
1058 1060
1058 1090
1058 1105
1058 1180
1058 1188
1058 1276
1058 2838
935 815
935 844
935 915
935 938
935 1013
935 1081
935 1108
935 1147
2079 988
2079 1762
2079 1763
2079 1797
2079 1800
2079 1840
2079 1861
2079 1894
2079 1911
2079 1928
2079 1982
2079 1984
2079 1985
2079 1986
2079 1995
2079 1996
2079 1999
2079 2010
2079 2013
2079 2018
2079 2029
2079 2032
2079 2036
2079 2038
2079 2042
2079 2043
2079 2046
2079 2050
2079 2052
2079 2062
2079 2069
2079 2070
2079 2071
2079 2072
2079 2074
2079 2075
2079 2077
2079 2078
2079 2080
2079 2081
2079 2083
2079 2085
2079 2086
2079 2087
2079 2088
2079 2089
2079 2090
2079 2092
2079 2093
2079 2094
2079 2096
2079 2453
2079 3035
2079 4025
2079 4504
2079 4907
2638 2388
2638 2407
2638 2442
2638 2458
2638 2529
2638 2582
2638 2611
2638 2624
2638 2680
2638 2750
2638 2770
2638 2790
2638 2799
2638 2811
2013 654
2013 1202
2013 1968
2013 1993
2013 1996
2013 2022
2013 2033
2013 2053
2013 2056
2013 2069
2013 2074
2013 2082
2013 2083
2013 2085
2013 2088
2013 2089
2013 2092
2013 2093
2013 2094
2013 2096
3339 851
3339 2890
3339 3111
3339 3191
3339 3192
3339 3316
3339 3326
3339 3371
3339 3537
3339 3584
3728 774
3728 1301
3728 2716
3728 2791
3728 2900
3728 2928
3728 2932
3728 2957
3728 2999
3728 3011
3728 3015
3728 3119
3728 3143
3728 3191
3728 3208
3728 3277
3728 3302
3728 3353
3728 3370
3728 3372
3728 3391
3728 3406
3728 3477
3728 3489
3728 3498
3728 3517
3728 3523
3728 3527
3728 3535
3728 3544
3728 3547
3728 3548
3728 3558
3728 3584
3728 3591
3728 3598
3728 3629
3728 3641
3728 3650
3728 3653
3728 3654
3728 3671
3728 3678
3728 3683
3728 3690
3728 3700
3728 3711
3728 3715
3728 3733
3728 3735
3728 3742
3728 3751
3728 4881
3728 4952
4860 1266
4860 4605
4860 4823
4860 4929
4860 4932
4860 4936
4860 4955
4860 4958
4860 4960
4860 4961
4860 4967
4860 4970
4860 4971
4860 4977
4860 4981
4860 4983
4860 4985
2169 2275
2169 2808
2169 2826
2169 2835
4569 722
4569 1428
4569 2786
4569 2811
4569 2818
4569 3675
4569 4290
4569 4305
4569 4308
4569 4310
4569 4312
4569 4317
4569 4324
4569 4326
4569 4342
4569 4363
4569 4365
4569 4366
4569 4372
4569 4377
4569 4384
4569 4385
4569 4386
4569 4391
4569 4395
4569 4399
4569 4406
4569 4413
4569 4417
4569 4419
4569 4422
4569 4426
4569 4431
4569 4435
4569 4437
4569 4454
4569 4455
4569 4456
4569 4466
4569 4482
4569 4483
4569 4484
4569 4488
4569 4491
4569 4493
4569 4495
4569 4501
4569 4503
4569 4505
4569 4508
4569 4511
4569 4513
4569 4518
4569 4521
4569 4525
4569 4532
4569 4534
4569 4535
4569 4540
4569 4541
4569 4546
4569 4551
4569 4563
4569 4568
4569 4571
4569 4574
1185 908
1185 1007
1185 1038
1185 1095
1185 1113
1185 1167
1185 1239
1185 1243
1185 1256
1185 1260
1185 1262
1185 1292
1185 1296
1185 1307
1185 1310
1185 1314
1185 1817
3630 1042
3630 2912
3630 2933
3630 2938
3630 3021
3630 3030
3630 3046
3630 3069
3630 3149
3630 3244
3630 3254
3630 3261
3630 3263
3630 3278
3630 3336
3630 3410
3630 3412
3630 3452
3630 3468
3630 3473
3630 3509
3630 3576
3630 3659
3630 3669
3630 3692
3630 3730
3630 3749
3630 4788
3708 1098
3708 2070
3708 2190
3708 3002
3708 3031
3708 3153
3708 3267
3708 3318
3708 3338
3708 3437
3708 3443
3708 3457
3708 3464
3708 3522
3708 3534
3708 3540
3708 3546
3708 3551
3708 3556
3708 3567
3708 3575
3708 3579
3708 3583
3708 3589
3708 3636
3708 3651
3708 3653
3708 3665
3708 3684
3708 3703
3708 3713
3708 3729
3708 3736
3708 3741
3708 3743
3708 3756
3708 4989
2507 2427
2507 2539
2507 2545
2507 2588
2507 2643
2507 2690
2507 2710
2507 2754
2507 3235
4554 2062
4554 3543
4554 4300
4554 4307
4554 4318
4554 4320
4554 4360
4554 4362
4554 4370
4554 4374
4554 4375
4554 4380
4554 4381
4554 4383
4554 4392
4554 4400
4554 4401
4554 4409
4554 4412
4554 4436
4554 4437
4554 4444
4554 4448
4554 4451
4554 4464
4554 4473
4554 4475
4554 4481
4554 4490
4554 4511
4554 4513
4554 4534
4554 4537
4554 4542
4554 4545
4554 4562
4554 4568
4554 4573
4554 4614
2057 744
2057 1679
2057 1788
2057 1862
2057 1871
2057 1905
2057 1941
2057 1949
2057 1966
2057 1978
2057 1979
2057 2015
2057 2016
2057 2043
2057 2052
2057 2067
2057 2070
2057 2071
2057 2074
2057 2075
2057 2077
2057 2078
2057 2080
2057 2081
2057 2082
2057 2083
2057 2085
2057 2086
2057 2087
2057 2088
2057 2089
2057 2090
2057 2092
2057 2093
2057 2094
2057 2096
2057 3729
2057 4966
706 587
706 589
706 598
706 599
706 602
706 605
706 622
706 633
706 649
706 667
706 697
706 698
706 709
706 712
706 720
706 774
1641 1380
1641 1386
1641 1401
1641 1422
1641 1468
1641 1497
1641 1513
1641 1514
1641 1515
1641 1518
1641 1557
1641 1562
1641 1587
1641 1605
1641 1622
1641 1624
1641 1634
1641 1635
1641 1656
1641 1667
1641 1679
1641 1693
1641 3653
2703 2478
2703 2540
2703 2581
2703 2588
2703 2617
2703 2624
2703 2626
2703 2644
2703 2664
2703 2755
2703 2767
2703 2772
2703 2778
2703 2782
2703 2796
2703 2807
2703 2818
2703 2819
2703 2820
2703 4055
2703 4785
751 582
751 610
751 634
751 659
751 662
751 679
751 692
751 701
751 705
751 707
751 724
751 731
751 735
751 737
751 738
751 741
751 746
751 748
751 749
751 750
751 752
751 760
751 765
751 769
751 770
751 774
751 3835
751 4427
751 4916
1549 1327
1549 1499
1549 1520
1549 1577
1549 1607
1549 1614
1549 1658
1549 1665
1549 1676
1549 1695
2473 2135
2473 2401
2473 2538
2473 2585
2473 2609
2473 2654
2473 2664
2473 2684
2473 2692
2473 2819
2473 4091
2379 2224
2379 2402
2379 2574
2379 2719
2379 2730
2379 2793
2379 2799
2379 2800
2379 2814
3641 2093
3641 2878
3641 3302
3641 3372
3641 3445
3641 3558
3641 3624
3641 3629
3641 3650
3641 3653
3641 3654
3641 3671
3641 3678
3641 3690
3641 3695
3641 3700
3641 3715
3641 3733
3641 3735
3641 3742
3641 3751
3641 3993
3430 2185
3430 3064
3430 3084
3430 3129
3430 3144
3430 3202
3430 3287
3430 3506
3430 3586
3430 3591
3430 3733
4359 4412
4359 4427
4359 4500
4359 4515
4359 4574
2125 2192
2125 2774
2125 2777
2125 2793
2125 2800
2125 2814
3992 1661
3992 3772
3992 3853
3992 3877
3992 3904
3992 3956
3992 3958
3992 3977
3992 3985
3992 4016
3992 4030
3992 4031
3992 4043
3992 4049
3992 4050
3992 4058
3992 4059
3992 4061
3992 4063
3992 4065
1561 1377
1561 1640
1561 1665
1561 1676
1561 1695
1561 1696
1561 4435
2681 2129
2681 2190
2681 2267
2681 2385
2681 2387
2681 2399
2681 2429
2681 2457
2681 2497
2681 2546
2681 2611
2681 2625
2681 2639
2681 2657
2681 2682
2681 2688
2681 2721
2681 4048
4216 4076
4216 4084
4216 4091
4216 4100
4216 4108
4216 4146
4216 4150
4216 4154
4216 4156
4216 4173
4216 4182
4216 4207
4216 4225
4216 4256
4216 4282
1836 1995
1836 2031
1836 2039
1836 2047
1836 2056
1836 2058
3466 3282
3466 3687
3466 3713
3466 3743
3466 3756
3466 4131
4332 4543
4332 4552
4332 4563
4332 4571
4332 4577
1633 1447
1633 1523
1633 1536
1633 1558
1633 1572
1633 1587
1633 1615
1633 1625
1633 1643
1633 1648
1633 1649
1633 1664
1633 1670
1633 1680
1633 1687
1633 1689
1633 1693
1633 1694
1633 1703
1633 1707
1633 2826
1633 4815
2036 1713
2036 1714
2036 1804
2036 1879
2036 1957
2036 2020
2036 2052
2036 2070
2036 2074
2036 2075
2036 2077
2036 2078
2036 2080
2036 2081
2036 2083
2036 2086
2036 2087
2036 2088
2036 2089
2036 2090
2036 2092
2036 2093
2036 2094
2036 2096
2036 4282
2036 4740
3286 2920
3286 3023
3286 3107
3286 3199
3286 3225
3286 3290
3286 3358
3286 3435
3286 3577
3286 4651
4121 4113
4121 4211
4121 4264
4121 4270
4121 4276
1198 781
1198 798
1198 891
1198 993
1198 1124
1198 1126
1198 1135
1198 1154
1198 1166
1198 1215
1198 1243
1198 1245
1198 1250
1198 1288
1198 1297
1198 1301
1198 1308
1198 2817
3819 4021
3819 4024
3819 4026
3819 4028
3819 4050
3819 4058
3819 4063
1288 779
1288 781
1288 865
1288 869
1288 914
1288 917
1288 924
1288 931
1288 940
1288 977
1288 994
1288 995
1288 1001
1288 1002
1288 1020
1288 1030
1288 1046
1288 1056
1288 1075
1288 1106
1288 1107
1288 1118
1288 1124
1288 1126
1288 1147
1288 1154
1288 1163
1288 1165
1288 1166
1288 1179
1288 1184
1288 1215
1288 1228
1288 1243
1288 1245
1288 1250
1288 1260
1288 1297
1288 1299
1288 1301
1288 1305
1288 1315
1288 3649
1288 4246
1288 4275
1288 4849
2018 1500
2018 1803
2018 1911
2018 1951
2018 1993
2018 2031
2018 2050
2018 2068
2018 2069
2018 2070
2018 2075
2018 2080
2018 2081
2018 2082
2018 2083
2018 2085
2018 2086
2018 2088
2018 2089
2018 2090
2018 2092
2018 2096
2018 4167
1608 1308
1608 1359
1608 1388
1608 1437
1608 1524
1608 1556
1608 1588
1608 1599
1608 1610
1608 1658
1608 1673
1608 1679
1608 1681
1608 1690
1608 1699
1608 1704
1608 3556
1634 1399
1634 1422
1634 1450
1634 1453
1634 1483
1634 1492
1634 1515
1634 1538
1634 1571
1634 1580
1634 1605
1634 1622
1634 1623
1634 1624
1634 1635
1634 1636
1634 1644
1634 1656
1634 1662
1634 1667
1634 1707
1634 1916
2445 2602
2445 2644
2445 2746
2445 2750
2445 2776
2445 2790
2445 2801
2445 2815
4529 834
4529 4316
4529 4317
4529 4337
4529 4415
4529 4416
4529 4420
4529 4428
4529 4436
4529 4437
4529 4439
4529 4447
4529 4472
4529 4474
4529 4498
4529 4507
4529 4510
4529 4519
4529 4533
4529 4538
4529 4540
4529 4548
4529 4552
4529 4561
4529 4566
4529 4568
4529 4577
4529 4879
1960 1712
1960 1748
1960 1758
1960 1771
1960 1776
1960 1803
1960 1823
1960 1853
1960 1857
1960 1926
1960 1961
1960 1969
1960 2058
1960 3758
1041 1068
1041 1174
1041 1292
1041 1310
1041 1315
1041 4566
2727 2285
2727 2485
2727 2590
2727 2675
2727 2690
2727 2709
2727 2753
2727 2757
2727 2769
2727 2778
2727 2791
2727 2795
2727 2802
2727 2808
2727 2811
2727 2817
2727 2818
2727 2826
2727 2830
2727 2835
2727 3758
3748 711
3748 1132
3748 1670
3748 2417
3748 2840
3748 2858
3748 2869
3748 2897
3748 2899
3748 2904
3748 2990
3748 3000
3748 3003
3748 3014
3748 3050
3748 3052
3748 3059
3748 3067
3748 3068
3748 3078
3748 3103
3748 3129
3748 3132
3748 3146
3748 3173
3748 3174
3748 3198
3748 3320
3748 3348
3748 3361
3748 3388
3748 3401
3748 3410
3748 3416
3748 3418
3748 3425
3748 3432
3748 3447
3748 3449
3748 3452
3748 3471
3748 3481
3748 3487
3748 3492
3748 3493
3748 3508
3748 3515
3748 3528
3748 3534
3748 3543
3748 3550
3748 3553
3748 3557
3748 3559
3748 3576
3748 3600
3748 3602
3748 3628
3748 3632
3748 3633
3748 3639
3748 3648
3748 3670
3748 3671
3748 3675
3748 3682
3748 3689
3748 3694
3748 3703
3748 3721
3748 3729
3748 3758
3748 4842
3997 2459
3997 3680
3997 3788
3997 3847
3997 3861
3997 3870
3997 3881
3997 3948
3997 3968
3997 3975
3997 3990
3997 4007
3997 4017
3997 4038
3997 4040
3997 4041
3997 4042
3997 4043
3997 4044
3997 4045
3997 4061
3997 4064
3997 4065
2571 2502
2571 2765
2571 2778
2571 2801
2571 2802
2571 2808
2571 2818
2571 2826
2571 2830
2571 2835
2571 4534
4791 4669
4791 4758
4791 4831
4791 4864
4791 4876
4791 4896
4791 4907
4791 4913
4791 4914
4791 4986
2086 737
2086 1019
2086 1687
2086 1761
2086 1818
2086 1819
2086 1838
2086 1843
2086 1861
2086 1866
2086 1868
2086 1876
2086 1877
2086 1911
2086 1914
2086 1923
2086 1942
2086 1944
2086 1950
2086 1953
2086 1966
2086 1982
2086 1984
2086 1986
2086 1999
2086 2002
2086 2016
2086 2024
2086 2033
2086 2035
2086 2038
2086 2039
2086 2043
2086 2050
2086 2052
2086 2054
2086 2056
2086 2067
2086 2068
2086 2069
2086 2070
2086 2071
2086 2072
2086 2074
2086 2075
2086 2077
2086 2078
2086 2080
2086 2081
2086 2082
2086 2083
2086 2085
2086 2087
2086 2088
2086 2089
2086 2090
2086 2092
2086 2093
2086 2094
2086 2096
3688 1904
3688 2879
3688 2994
3688 3047
3688 3104
3688 3122
3688 3126
3688 3297
3688 3298
3688 3453
3688 3484
3688 3491
3688 3505
3688 3506
3688 3518
3688 3555
3688 3562
3688 3566
3688 3573
3688 3574
3688 3593
3688 3626
3688 3627
3688 3635
3688 3663
3688 3676
3688 3680
3688 3685
3688 3695
3688 3711
3688 3714
3688 3730
3688 3740
3688 3742
3688 3972
3688 4061
3688 4106
3654 732
3654 741
3654 2928
3654 3523
3654 3547
3654 3558
3654 3598
3654 3629
3654 3650
3654 3653
3654 3671
3654 3678
3654 3685
3654 3687
3654 3690
3654 3700
3654 3715
3654 3733
3654 3735
3654 3742
3654 3751
4866 723
4866 4599
4866 4618
4866 4690
4866 4703
4866 4707
4866 4778
4866 4779
4866 4798
4866 4813
4866 4831
4866 4847
4866 4855
4866 4881
4866 4883
4866 4886
4866 4887
4866 4898
4866 4935
4866 4967
2042 1708
2042 1769
2042 1804
2042 1817
2042 1822
2042 1831
2042 1837
2042 1846
2042 1856
2042 1865
2042 1869
2042 1883
2042 1893
2042 1904
2042 1905
2042 1913
2042 1914
2042 1925
2042 1935
2042 1943
2042 1947
2042 1962
2042 1965
2042 1999
2042 2007
2042 2028
2042 2046
2042 2087
2042 2094
2042 3774
2042 4014
3303 3477
3303 3567
3303 3636
3303 3701
3303 3704
3303 3737
3303 3749
1209 901
1209 913
1209 928
1209 961
1209 985
1209 1009
1209 1015
1209 1025
1209 1100
1209 1130
1209 1143
1209 1181
1209 1200
1209 1202
1209 1226
1209 1307
1209 1316
1209 1681
1209 4063
4254 938
4254 1316
4254 4149
4254 4240
4254 4250
4254 4251
4254 4252
4254 4256
4254 4263
4254 4265
4254 4267
4254 4268
4254 4269
4254 4271
4254 4272
4254 4274
4254 4275
4254 4276
4254 4277
4254 4278
4254 4279
4254 4280
4254 4282
4254 4284
4254 4287
4254 4288
1051 1149
1051 1203
1051 1282
1051 1292
1051 1307
1051 1319
1279 786
1279 870
1279 897
1279 929
1279 945
1279 983
1279 1005
1279 1027
1279 1035
1279 1040
1279 1046
1279 1066
1279 1067
1279 1069
1279 1076
1279 1089
1279 1106
1279 1122
1279 1134
1279 1150
1279 1163
1279 1176
1279 1197
1279 1207
1279 1208
1279 1210
1279 1222
1279 1246
1279 1248
1279 1249
1279 1285
1279 1303
1279 1308
1279 1841
1279 2730
1279 2826
1279 4227
3743 1144
3743 1292
3743 1667
3743 2484
3743 2867
3743 2881
3743 2916
3743 3019
3743 3070
3743 3076
3743 3096
3743 3108
3743 3166
3743 3170
3743 3173
3743 3193
3743 3239
3743 3268
3743 3305
3743 3318
3743 3352
3743 3404
3743 3416
3743 3439
3743 3442
3743 3443
3743 3464
3743 3482
3743 3522
3743 3527
3743 3540
3743 3546
3743 3548
3743 3551
3743 3556
3743 3574
3743 3575
3743 3579
3743 3583
3743 3584
3743 3589
3743 3631
3743 3635
3743 3651
3743 3665
3743 3684
3743 3698
3743 3704
3743 3713
3743 3720
3743 3736
3743 3740
3743 3741
3743 3756
3743 4459
3743 4608
4905 3618
4905 4660
4905 4683
4905 4696
4905 4842
4905 4882
4905 4910
4905 4915
4905 4926
4905 4928
4905 4932
4905 4934
4905 4938
4905 4943
4905 4954
4905 4956
4905 4964
4905 4967
4905 4974
4905 4989
1101 801
1101 1252
1101 1298
1101 1299
1101 1312
1101 1314
1101 1316
1101 1318
1101 1319
1101 2238
2759 602
2759 2164
2759 2193
2759 2205
2759 2214
2759 2324
2759 2350
2759 2355
2759 2368
2759 2421
2759 2444
2759 2526
2759 2559
2759 2561
2759 2595
2759 2612
2759 2625
2759 2634
2759 2656
2759 2678
2759 2691
2759 2707
2759 2725
2759 2745
2759 2748
2759 2761
2759 2768
2759 2775
2759 2784
2759 2805
2759 2808
2759 3419
1028 944
1028 1068
1028 1203
1028 1245
1028 1278
1028 1295
2564 2232
2564 2246
2564 2336
2564 2367
2564 2617
2564 2669
2564 2723
2564 2755
2564 2796
2564 2819
2564 2820
2564 4265
723 549
723 617
723 626
723 635
723 639
723 660
723 668
723 687
723 688
723 721
723 722
723 725
723 727
723 732
723 740
723 744
723 747
723 752
723 762
723 766
723 767
723 769
2276 2103
2276 2177
2276 2503
2276 2523
2276 2562
2276 2610
4292 4543
4292 4550
4292 4564
4292 4577
2682 992
2682 2173
2682 2178
2682 2180
2682 2383
2682 2387
2682 2436
2682 2438
2682 2611
2682 2625
2682 2674
2682 2700
2682 2721
2682 2737
4627 4765
4627 4874
4627 4897
4627 4989
4627 4996
1615 1129
1615 1589
1615 1603
1615 1620
1615 1630
1615 1649
1615 1655
1615 1656
1615 1664
1615 1670
1615 1680
1615 1689
1615 1691
1615 1693
1615 1694
1615 1703
1615 1707
4511 1912
4511 2717
4511 4306
4511 4427
4511 4475
4511 4491
4511 4502
4511 4519
4511 4535
4511 4539
4511 4549
4511 4560
4511 4564
4511 4573
4511 4574
4511 4577
3283 3216
3283 3235
3283 3647
3283 3656
3283 3670
3283 3694
3283 3698
3283 3705
3283 4028
3298 3310
3298 3611
3298 3695
3298 3714
3298 3740
3530 2974
3530 3055
3530 3105
3530 3180
3530 3293
3530 3296
3530 3346
3530 3378
3530 3382
3530 3396
3530 3467
3530 3472
3530 3483
3530 3558
3530 3569
3530 3570
3530 3749
4060 731
4060 904
4060 1269
4060 2282
4060 2625
4060 2823
4060 3768
4060 3771
4060 3777
4060 3779
4060 3788
4060 3810
4060 3811
4060 3814
4060 3820
4060 3833
4060 3843
4060 3859
4060 3861
4060 3865
4060 3868
4060 3879
4060 3881
4060 3898
4060 3900
4060 3910
4060 3915
4060 3924
4060 3931
4060 3932
4060 3939
4060 3941
4060 3950
4060 3958
4060 3959
4060 3960
4060 3962
4060 3966
4060 3968
4060 3970
4060 3972
4060 3973
4060 3979
4060 3982
4060 3984
4060 3985
4060 3990
4060 3995
4060 3999
4060 4003
4060 4005
4060 4007
4060 4011
4060 4017
4060 4023
4060 4026
4060 4038
4060 4040
4060 4042
4060 4045
4060 4052
4060 4061
4060 4063
4060 4064
4060 4065
4640 4760
4640 4985
4640 4994
4640 4996
4640 4997
4571 1156
4571 1314
4571 1316
4571 1346
4571 3941
4571 4289
4571 4293
4571 4298
4571 4306
4571 4312
4571 4321
4571 4324
4571 4325
4571 4334
4571 4335
4571 4336
4571 4337
4571 4341
4571 4349
4571 4367
4571 4375
4571 4389
4571 4393
4571 4398
4571 4401
4571 4410
4571 4418
4571 4424
4571 4428
4571 4430
4571 4436
4571 4440
4571 4449
4571 4460
4571 4465
4571 4469
4571 4470
4571 4480
4571 4482
4571 4502
4571 4504
4571 4512
4571 4515
4571 4516
4571 4519
4571 4522
4571 4526
4571 4535
4571 4538
4571 4539
4571 4543
4571 4549
4571 4550
4571 4560
4571 4562
4571 4563
4571 4564
4571 4573
4571 4574
4571 4577
4571 4944
4571 4971
761 544
761 552
761 558
761 582
761 585
761 624
761 637
761 639
761 643
761 658
761 664
761 669
761 688
761 693
761 694
761 697
761 699
761 700
761 701
761 712
761 727
761 729
761 731
761 738
761 741
761 745
761 748
761 749
761 750
761 755
761 757
761 762
761 764
761 765
761 767
761 769
761 770
761 774
761 3467
761 3668
761 4504
761 4818
2030 1718
2030 1764
2030 1787
2030 1791
2030 1794
2030 1800
2030 1809
2030 1815
2030 1820
2030 1861
2030 1881
2030 1882
2030 1916
2030 1924
2030 1957
2030 1959
2030 1970
2030 1993
2030 1996
2030 2001
2030 2006
2030 2020
2030 2029
2030 2062
2030 2082
2030 2857
2030 4652
1258 839
1258 926
1258 959
1258 1086
1258 1137
1258 1142
1258 1171
1258 1177
1258 1189
1258 1214
1258 1241
1258 1242
1258 1246
1258 1266
1258 1274
1258 1281
1258 1300
1258 1304
1258 1305
1258 1306
1258 3083
1258 4250
1258 4992
2090 1754
2090 1771
2090 1778
2090 1795
2090 1796
2090 1807
2090 1826
2090 1840
2090 1882
2090 1888
2090 1894
2090 1896
2090 1922
2090 1929
2090 1930
2090 1932
2090 1936
2090 1940
2090 1942
2090 1952
2090 1954
2090 1964
2090 1966
2090 1967
2090 1968
2090 1969
2090 1985
2090 1986
2090 1999
2090 2014
2090 2016
2090 2021
2090 2024
2090 2038
2090 2039
2090 2047
2090 2049
2090 2050
2090 2051
2090 2052
2090 2054
2090 2060
2090 2062
2090 2067
2090 2069
2090 2070
2090 2071
2090 2072
2090 2074
2090 2075
2090 2077
2090 2078
2090 2080
2090 2081
2090 2082
2090 2083
2090 2085
2090 2087
2090 2088
2090 2089
2090 2092
2090 2093
2090 2094
2090 2096
2090 2752
2090 4260
2090 4533
2090 4832
2090 4926
3947 2183
3947 3829
3947 3845
3947 3862
3947 3884
3947 3899
3947 3913
3947 3945
3947 3964
3947 3976
3947 4048
3119 3179
3119 3591
3119 3733
3119 3735
3119 3751
3486 2857
3486 2949
3486 2954
3486 2989
3486 3016
3486 3122
3486 3156
3486 3328
3486 3342
3486 3348
3486 3368
3486 3500
3486 3665
3486 4596
4928 1081
4928 4718
4928 4721
4928 4746
4928 4819
4928 4842
4928 4849
4928 4861
4928 4888
4928 4910
4928 4915
4928 4926
4928 4934
4928 4938
4928 4943
4928 4954
4928 4956
4928 4958
4928 4964
4928 4967
4928 4974
3605 2722
3605 2865
3605 2912
3605 2963
3605 2970
3605 3029
3605 3032
3605 3044
3605 3101
3605 3228
3605 3312
3605 3340
3605 3347
3605 3409
3605 3490
3605 3563
3605 3599
3605 3618
3605 3625
3605 3634
3605 3658
3605 3663
3605 3696
3605 3742
4990 737
4990 1292
4990 1748
4990 3310
4990 3637
4990 4056
4990 4626
4990 4633
4990 4673
4990 4694
4990 4719
4990 4747
4990 4766
4990 4773
4990 4788
4990 4804
4990 4812
4990 4824
4990 4825
4990 4827
4990 4836
4990 4837
4990 4844
4990 4850
4990 4854
4990 4861
4990 4863
4990 4871
4990 4873
4990 4879
4990 4882
4990 4884
4990 4898
4990 4902
4990 4917
4990 4923
4990 4927
4990 4935
4990 4943
4990 4944
4990 4947
4990 4948
4990 4950
4990 4954
4990 4964
4990 4974
4990 4982
4990 4985
4990 4986
4990 4987
4990 4989
4990 4992
4990 4993
4990 4994
4990 4996
4990 4997
4990 4998
1182 838
1182 868
1182 1005
1182 1069
1182 1104
1182 1134
1182 1163
1182 1172
1182 1207
1182 1208
1182 1210
1182 1249
1182 1281
1182 1285
1182 1303
1182 1308
1182 1318
1182 3453
2680 1795
2680 2217
2680 2342
2680 2463
2680 2498
2680 2579
2680 2716
2680 2746
2680 2758
2680 2762
2680 2768
2680 2780
2680 2786
2680 2790
2680 2794
2680 2815
2680 4886
1888 1898
1888 2009
1888 2074
1888 2075
1888 2085
1888 2092
1888 2094
1888 2096
4701 4603
4701 4620
4701 4687
4701 4756
4701 4790
4701 4792
4701 4850
3117 3136
3117 3343
3117 3655
3117 3677
3117 3707
4007 2247
4007 3815
4007 3868
4007 3893
4007 3915
4007 3958
4007 3959
4007 3970
4007 3975
4007 3984
4007 3994
4007 3999
4007 4001
4007 4017
4007 4029
4007 4044
4007 4045
4007 4047
4007 4059
4007 4061
4007 4064
4007 4065
4007 4433
2838 894
2838 950
2838 1567
2838 2108
2838 2111
2838 2130
2838 2136
2838 2137
2838 2147
2838 2201
2838 2202
2838 2209
2838 2210
2838 2233
2838 2242
2838 2243
2838 2260
2838 2270
2838 2303
2838 2309
2838 2314
2838 2337
2838 2345
2838 2356
2838 2373
2838 2414
2838 2417
2838 2439
2838 2450
2838 2453
2838 2462
2838 2480
2838 2490
2838 2497
2838 2501
2838 2515
2838 2520
2838 2522
2838 2534
2838 2541
2838 2548
2838 2578
2838 2579
2838 2599
2838 2618
2838 2625
2838 2629
2838 2630
2838 2655
2838 2658
2838 2660
2838 2665
2838 2667
2838 2671
2838 2686
2838 2697
2838 2705
2838 2710
2838 2719
2838 2738
2838 2753
2838 2770
2838 2775
2838 2779
2838 2783
2838 2784
2838 2785
2838 2790
2838 2805
2838 2810
2838 2817
2838 2818
2838 2820
2838 3700
2838 4044
2838 4264
2838 4653
4101 4194
4101 4240
4101 4241
4101 4244
4101 4248
4101 4271
1292 793
1292 794
1292 864
1292 900
1292 904
1292 906
1292 908
1292 923
1292 927
1292 930
1292 974
1292 987
1292 997
1292 1007
1292 1024
1292 1038
1292 1047
1292 1071
1292 1072
1292 1161
1292 1172
1292 1184
1292 1199
1292 1205
1292 1229
1292 1240
1292 1248
1292 1253
1292 1256
1292 1260
1292 1262
1292 1269
1292 1276
1292 1282
1292 1284
1292 1296
1292 1307
1292 1308
1292 1310
1292 1315
1292 3470
1593 1430
1593 1465
1593 1513
1593 1519
1593 1552
1593 1601
1593 1620
1593 1652
1593 1664
1593 1670
1593 1687
1593 1691
1593 1693
1593 1694
1593 1703
1593 1707
1593 4887
1970 1708
1970 1716
1970 1824
1970 1843
1970 1847
1970 1885
1970 1890
1970 1909
1970 1928
1970 1933
1970 1944
1970 1951
1970 1953
1970 1958
1970 1983
1970 2039
1970 2089
1970 2273
2762 1179
2762 2135
2762 2151
2762 2206
2762 2212
2762 2308
2762 2315
2762 2407
2762 2448
2762 2474
2762 2494
2762 2582
2762 2592
2762 2679
2762 2693
2762 2721
2762 2722
2762 2744
2762 2750
2762 2776
2762 2780
2762 2786
2762 2790
2762 2794
2762 2801
2762 2811
2762 2815
2762 2819
2762 4143
4677 4724
4677 4799
4677 4843
4677 4846
4677 4853
4677 4862
4677 4875
4677 4890
2905 2965
2905 3022
2905 3272
2905 3333
2905 3386
2905 3497
4508 1303
4508 4310
4508 4342
4508 4348
4508 4435
4508 4436
4508 4456
4508 4484
4508 4488
4508 4518
4508 4521
4508 4525
4508 4532
4508 4539
4508 4541
4508 4546
4508 4551
4508 4577
4982 2194
4982 2815
4982 4026
4982 4584
4982 4595
4982 4665
4982 4694
4982 4699
4982 4737
4982 4766
4982 4788
4982 4804
4982 4827
4982 4834
4982 4850
4982 4854
4982 4873
4982 4879
4982 4888
4982 4892
4982 4902
4982 4904
4982 4924
4982 4927
4982 4931
4982 4937
4982 4944
4982 4947
4982 4948
4982 4950
4982 4952
4982 4973
4982 4978
4982 4981
4982 4985
4982 4986
4982 4987
4982 4989
4982 4992
4982 4993
4982 4994
4982 4996
4982 4997
4982 4998
2805 739
2805 1174
2805 2120
2805 2132
2805 2137
2805 2140
2805 2166
2805 2196
2805 2200
2805 2207
2805 2237
2805 2288
2805 2306
2805 2307
2805 2308
2805 2358
2805 2365
2805 2377
2805 2415
2805 2456
2805 2491
2805 2497
2805 2519
2805 2527
2805 2551
2805 2565
2805 2590
2805 2597
2805 2600
2805 2605
2805 2606
2805 2650
2805 2689
2805 2690
2805 2704
2805 2708
2805 2716
2805 2723
2805 2734
2805 2742
2805 2758
2805 2776
2805 2784
2805 2809
2805 2969
2805 3500
3360 2846
3360 2993
3360 3015
3360 3374
3360 3592
3360 3644
3360 3664
3360 3720
3360 3723
4155 4141
4155 4166
4155 4167
4155 4172
4155 4180
4155 4221
4155 4231
4155 4275
1825 2008
1825 2014
1825 2017
1825 2026
1825 2032
1825 2050
1825 2093
2240 2519
2240 2742
2240 2809
2240 2823
2240 2828
4090 4241
4090 4282
4090 4284
4090 4287
4090 4288
3632 2724
3632 2858
3632 3124
3632 3308
3632 3418
3632 3449
3632 3515
3632 3527
3632 3550
3632 3557
3632 3602
3632 3628
3632 3648
3632 3668
3632 3675
3632 3682
3632 3685
3632 3689
3632 3721
3632 3729
3632 3733
3632 3737
3632 3758
3994 2466
3994 3762
3994 3796
3994 3844
3994 3887
3994 3891
3994 3895
3994 3903
3994 3905
3994 3916
3994 3928
3994 3952
3994 3960
3994 3963
3994 3983
3994 4014
3994 4015
3994 4016
3994 4018
3994 4020
3994 4021
3994 4049
4591 4822
4591 4843
4591 4871
4591 4872
4591 4885
989 1114
989 1281
989 1298
989 1300
989 1304
989 1305
989 1306
2684 2133
2684 2135
2684 2160
2684 2181
2684 2198
2684 2257
2684 2284
2684 2291
2684 2292
2684 2401
2684 2438
2684 2538
2684 2549
2684 2585
2684 2609
2684 2654
2684 2664
2684 2780
2684 2801
2684 2810
2684 3066
4955 3687
4955 4450
4955 4588
4955 4722
4955 4768
4955 4785
4955 4805
4955 4817
4955 4826
4955 4854
4955 4856
4955 4876
4955 4890
4955 4929
4955 4932
4955 4933
4955 4935
4955 4936
4955 4939
4955 4942
4955 4952
4955 4958
4955 4960
4955 4961
4955 4966
4955 4970
4955 4971
4955 4977
4955 4981
4955 4983
4955 4997
2096 1260
2096 1455
2096 1731
2096 1763
2096 1793
2096 1796
2096 1799
2096 1816
2096 1828
2096 1848
2096 1860
2096 1865
2096 1866
2096 1878
2096 1881
2096 1901
2096 1906
2096 1923
2096 1929
2096 1930
2096 1932
2096 1941
2096 1942
2096 1948
2096 1964
2096 1965
2096 1968
2096 1982
2096 1984
2096 1985
2096 1986
2096 1995
2096 2002
2096 2003
2096 2005
2096 2016
2096 2021
2096 2024
2096 2032
2096 2034
2096 2035
2096 2038
2096 2039
2096 2047
2096 2051
2096 2052
2096 2054
2096 2062
2096 2066
2096 2067
2096 2069
2096 2070
2096 2071
2096 2074
2096 2075
2096 2077
2096 2078
2096 2080
2096 2081
2096 2082
2096 2083
2096 2085
2096 2087
2096 2088
2096 2089
2096 2092
2096 2093
2096 2094
2096 2130
2096 3305
2096 3707
2096 4488
2096 4679
2096 4882
2260 2119
2260 2622
2260 2817
2563 2297
2563 2396
2563 2420
2563 2521
2563 2555
2563 2568
2563 2651
2563 2676
2563 2687
2563 2712
2563 2733
2563 2820
2563 2823
2563 2848
1923 1841
1923 1914
1923 1982
1923 2046
1923 2072
1923 2077
1923 2089
1923 2092
1923 2094
4280 1225
4280 3959
4280 4098
4280 4106
4280 4117
4280 4135
4280 4141
4280 4148
4280 4153
4280 4160
4280 4161
4280 4174
4280 4176
4280 4178
4280 4188
4280 4190
4280 4196
4280 4201
4280 4207
4280 4208
4280 4211
4280 4223
4280 4224
4280 4225
4280 4229
4280 4236
4280 4238
4280 4247
4280 4253
4280 4255
4280 4256
4280 4257
4280 4263
4280 4265
4280 4267
4280 4268
4280 4269
4280 4271
4280 4272
4280 4274
4280 4275
4280 4276
4280 4277
4280 4278
4280 4279
4280 4282
4280 4284
4280 4287
4280 4288
4280 4380
4280 4502
4280 4647
4493 2230
4493 2820
4493 4384
4493 4395
4493 4423
4493 4450
4493 4454
4493 4466
4493 4483
4493 4488
4493 4495
4493 4501
4493 4532
4493 4533
4493 4538
4493 4546
4493 4566
1584 1398
1584 1491
1584 1502
1584 1540
1584 1551
1584 1567
1584 1598
1584 1631
1584 1648
1584 1675
1584 1698
1584 1700
3631 575
3631 701
3631 2877
3631 2900
3631 3004
3631 3035
3631 3114
3631 3154
3631 3172
3631 3233
3631 3238
3631 3350
3631 3374
3631 3390
3631 3402
3631 3408
3631 3422
3631 3429
3631 3525
3631 3559
3631 3644
3631 3680
3631 3715
3631 3720
3631 3723
3397 3054
3397 3227
3397 3475
3397 3568
3397 3655
3397 3677
3397 3687
3397 3703
3586 1503
3586 2415
3586 2926
3586 3028
3586 3077
3586 3084
3586 3086
3586 3087
3586 3128
3586 3129
3586 3144
3586 3176
3586 3190
3586 3202
3586 3261
3586 3287
3586 3379
3586 3506
3586 3591
3586 3749
4030 2093
4030 3682
4030 3814
4030 3830
4030 3839
4030 3841
4030 3852
4030 3868
4030 3876
4030 3877
4030 3889
4030 3924
4030 3941
4030 3946
4030 3966
4030 3978
4030 3985
4030 3993
4030 3995
4030 3998
4030 4005
4030 4010
4030 4024
4030 4025
4030 4026
4030 4040
4030 4043
4030 4049
4030 4050
4030 4052
4030 4058
4030 4059
4030 4063
4265 1296
4265 2228
4265 4070
4265 4074
4265 4172
4265 4221
4265 4239
4265 4241
4265 4252
4265 4255
4265 4256
4265 4257
4265 4263
4265 4266
4265 4267
4265 4268
4265 4269
4265 4271
4265 4272
4265 4274
4265 4275
4265 4276
4265 4277
4265 4278
4265 4279
4265 4282
4265 4284
4265 4287
4265 4288
3749 1622
3749 1782
3749 2335
3749 2776
3749 2839
3749 2841
3749 2842
3749 2910
3749 2948
3749 2964
3749 2967
3749 2983
3749 2984
3749 2986
3749 2995
3749 3027
3749 3034
3749 3046
3749 3065
3749 3074
3749 3082
3749 3086
3749 3089
3749 3100
3749 3150
3749 3157
3749 3163
3749 3169
3749 3184
3749 3222
3749 3230
3749 3256
3749 3259
3749 3282
3749 3294
3749 3299
3749 3306
3749 3334
3749 3369
3749 3385
3749 3396
3749 3424
3749 3434
3749 3469
3749 3478
3749 3494
3749 3516
3749 3524
3749 3535
3749 3552
3749 3554
3749 3567
3749 3585
3749 3619
3749 3636
3749 3670
3749 3681
3749 3683
3749 3684
3749 3692
3749 3696
3749 3701
3749 3704
3749 3736
3749 3737
3749 4161
4513 3729
4513 4362
4513 4436
4513 4448
4513 4471
4513 4481
4513 4494
4513 4506
4513 4530
4513 4537
4513 4538
4513 4539
4513 4542
4513 4545
4513 4546
4513 4551
4513 4562
4513 4573
2021 1737
2021 2009
2021 2012
2021 2015
2021 2067
2021 2070
2021 2072
2021 2074
2021 2078
2021 2080
2021 2081
2021 2083
2021 2085
2021 2087
2021 2088
2021 2089
2021 2092
2021 2093
2021 2094
2021 2747
2021 3607
2728 1381
2728 1657
2728 2112
2728 2298
2728 2300
2728 2318
2728 2332
2728 2341
2728 2492
2728 2552
2728 2553
2728 2561
2728 2572
2728 2576
2728 2604
2728 2641
2728 2657
2728 2665
2728 2676
2728 2677
2728 2704
2728 2730
2728 2774
2728 2777
2728 2793
2728 2799
2728 2800
2728 2814
4993 1299
4993 1704
4993 2258
4993 2288
4993 2599
4993 2802
4993 4334
4993 4584
4993 4651
4993 4662
4993 4668
4993 4686
4993 4694
4993 4732
4993 4737
4993 4756
4993 4773
4993 4796
4993 4804
4993 4812
4993 4814
4993 4836
4993 4837
4993 4844
4993 4850
4993 4854
4993 4857
4993 4861
4993 4864
4993 4868
4993 4873
4993 4879
4993 4882
4993 4887
4993 4896
4993 4904
4993 4917
4993 4923
4993 4924
4993 4927
4993 4932
4993 4938
4993 4944
4993 4947
4993 4948
4993 4950
4993 4954
4993 4961
4993 4967
4993 4971
4993 4974
4993 4985
4993 4986
4993 4987
4993 4989
4993 4992
4993 4994
4993 4997
4993 4998
1811 1915
1811 1949
1811 2033
1811 2044
1811 2060
1811 2066
1811 2068
1811 2083
2763 1078
2763 1803
2763 2230
2763 2236
2763 2290
2763 2432
2763 2474
2763 2546
2763 2674
2763 2692
2763 2696
2763 2709
2763 2744
2763 2757
2763 2765
2763 2766
2763 2769
2763 2778
2763 2795
2763 2802
2763 2808
2763 2819
2763 2826
2763 2830
2763 2835
2763 4577
4745 4832
4745 4952
4745 4958
4745 4970
4745 4971
4745 4998
1791 1800
1791 1993
1791 1996
1791 2001
1791 2043
1791 2061
2828 1315
2828 2087
2828 2144
2828 2182
2828 2183
2828 2198
2828 2203
2828 2222
2828 2227
2828 2230
2828 2233
2828 2242
2828 2246
2828 2251
2828 2255
2828 2277
2828 2287
2828 2309
2828 2351
2828 2353
2828 2395
2828 2397
2828 2428
2828 2461
2828 2482
2828 2493
2828 2502
2828 2531
2828 2536
2828 2543
2828 2556
2828 2566
2828 2567
2828 2591
2828 2628
2828 2634
2828 2657
2828 2659
2828 2663
2828 2674
2828 2718
2828 2720
2828 2722
2828 2724
2828 2729
2828 2737
2828 2740
2828 2742
2828 2750
2828 2757
2828 2771
2828 2781
2828 2791
2828 2797
2828 2809
2828 2814
2828 2823
2828 2826
2828 2827
2828 3246
4009 1180
4009 3729
4009 3792
4009 3795
4009 3804
4009 3826
4009 3828
4009 3883
4009 3906
4009 3940
4009 3955
4009 3974
4009 3998
4009 4001
4009 4013
4009 4022
4009 4027
4009 4028
4009 4047
4009 4048
4009 4055
4009 4056
4009 4057
724 546
724 615
724 661
724 664
724 666
724 670
724 674
724 690
724 695
724 696
724 713
724 714
724 717
724 718
724 726
724 737
724 738
724 754
724 774
724 2630
724 4220
903 998
903 1218
903 1262
903 1307
903 1315
3443 3069
3443 3164
3443 3756
4284 1869
4284 2074
4284 2744
4284 2835
4284 4076
4284 4088
4284 4094
4284 4106
4284 4107
4284 4115
4284 4120
4284 4124
4284 4125
4284 4134
4284 4135
4284 4143
4284 4153
4284 4163
4284 4165
4284 4168
4284 4171
4284 4173
4284 4174
4284 4175
4284 4178
4284 4188
4284 4196
4284 4201
4284 4207
4284 4208
4284 4215
4284 4222
4284 4223
4284 4231
4284 4236
4284 4237
4284 4238
4284 4246
4284 4247
4284 4255
4284 4256
4284 4257
4284 4258
4284 4259
4284 4261
4284 4263
4284 4266
4284 4267
4284 4268
4284 4269
4284 4271
4284 4272
4284 4273
4284 4274
4284 4275
4284 4276
4284 4277
4284 4278
4284 4279
4284 4282
4284 4287
4284 4288
4284 4522
4284 4534
1406 1568
1406 1574
1406 1676
1406 1696
2069 997
2069 1792
2069 1878
2069 1886
2069 1913
2069 1947
2069 1961
2069 1978
2069 1982
2069 1993
2069 1997
2069 2007
2069 2015
2069 2037
2069 2043
2069 2052
2069 2054
2069 2062
2069 2072
2069 2074
2069 2075
2069 2077
2069 2078
2069 2080
2069 2081
2069 2083
2069 2085
2069 2087
2069 2088
2069 2089
2069 2092
2069 2093
2069 2094
2069 4327
2069 4798
2069 4958
2087 750
2087 1736
2087 1747
2087 1757
2087 1783
2087 1793
2087 1795
2087 1819
2087 1823
2087 1826
2087 1835
2087 1866
2087 1874
2087 1894
2087 1911
2087 1914
2087 1964
2087 1967
2087 1968
2087 1995
2087 1999
2087 2002
2087 2003
2087 2016
2087 2024
2087 2027
2087 2035
2087 2038
2087 2043
2087 2050
2087 2052
2087 2053
2087 2054
2087 2060
2087 2062
2087 2067
2087 2068
2087 2070
2087 2071
2087 2072
2087 2074
2087 2075
2087 2077
2087 2078
2087 2080
2087 2082
2087 2083
2087 2085
2087 2088
2087 2089
2087 2092
2087 2093
2087 2437
2087 2485
2087 4266
2087 4507
2087 4562
4154 4076
4154 4084
4154 4091
4154 4173
4154 4197
4154 4207
4154 4277
560 668
560 744
560 749
560 774
1984 1810
1984 1847
1984 2058
1984 2062
1984 2067
1984 2071
1984 2082
1984 2083
1984 2085
1984 2088
1984 2089
1984 2093
1984 3468
3740 1067
3740 1724
3740 2083
3740 2863
3740 2879
3740 2918
3740 2954
3740 2972
3740 3009
3740 3047
3740 3063
3740 3082
3740 3104
3740 3110
3740 3126
3740 3136
3740 3147
3740 3162
3740 3190
3740 3197
3740 3199
3740 3204
3740 3210
3740 3238
3740 3264
3740 3273
3740 3297
3740 3349
3740 3378
3740 3426
3740 3449
3740 3484
3740 3491
3740 3501
3740 3505
3740 3533
3740 3538
3740 3555
3740 3566
3740 3573
3740 3574
3740 3611
3740 3627
3740 3635
3740 3652
3740 3668
3740 3676
3740 3685
3740 3695
3740 3700
3740 3711
3740 3714
3740 3715
3740 3730
3740 4550
3740 4981
3740 4986
1781 1868
1781 1961
1781 1986
1781 2005
1781 2012
1781 2015
1987 1723
1987 1753
1987 1767
1987 1799
1987 1859
1987 1880
1987 1889
1987 1897
1987 1899
1987 1912
1987 1918
1987 1954
1987 1998
1987 2012
1987 2019
1987 2035
1987 2038
1987 2053
1987 4904
4041 769
4041 2784
4041 2786
4041 3768
4041 3771
4041 3795
4041 3824
4041 3843
4041 3873
4041 3881
4041 3898
4041 3910
4041 3928
4041 3937
4041 3938
4041 3945
4041 3962
4041 3967
4041 3970
4041 3975
4041 3982
4041 3984
4041 3990
4041 3995
4041 4005
4041 4015
4041 4029
4041 4038
4041 4044
4041 4045
4041 4049
4041 4055
4041 4058
4041 4061
4041 4064
4041 4065
1974 1737
1974 1741
1974 1786
1974 1829
1974 1868
1974 1874
1974 1884
1974 1948
1974 2005
1974 2012
1974 2015
1974 2083
1974 2088
1974 2094
1974 3393
4495 3559
4495 4363
4495 4382
4495 4415
4495 4459
4495 4466
4495 4482
4495 4488
4495 4510
4495 4525
4495 4532
4495 4534
4495 4541
4495 4546
4495 4551
4495 4564
867 1013
867 1111
867 1278
867 1294
867 1295
2041 1717
2041 1728
2041 1812
2041 1862
2041 1877
2041 1896
2041 1908
2041 1915
2041 1934
2041 1949
2041 1975
2041 1977
2041 1980
2041 1988
2041 1997
2041 2009
2041 2019
2041 2027
2041 2033
2041 2034
2041 2043
2041 2049
2041 2051
2041 2054
2041 2060
2041 2061
2041 2066
2041 2068
2041 2088
2041 2093
2041 3522
2041 4846
4042 769
4042 1886
4042 2093
4042 3760
4042 3798
4042 3811
4042 3817
4042 3821
4042 3823
4042 3831
4042 3868
4042 3870
4042 3898
4042 3915
4042 3931
4042 3932
4042 3950
4042 3960
4042 3967
4042 3968
4042 3972
4042 3982
4042 3990
4042 3995
4042 3999
4042 4005
4042 4017
4042 4029
4042 4038
4042 4045
4042 4057
4042 4061
4042 4063
4042 4064
4042 4065
4925 1638
4925 4001
4925 4621
4925 4625
4925 4636
4925 4639
4925 4645
4925 4650
4925 4653
4925 4655
4925 4670
4925 4684
4925 4728
4925 4828
4925 4839
4925 4845
4925 4865
4925 4877
4925 4882
4925 4892
4925 4909
4925 4910
4925 4930
4925 4936
4925 4938
4925 4945
1164 954
1164 984
1164 1011
1164 1113
1164 1131
1164 1173
1164 1189
1164 1196
1164 1204
1164 1213
1164 1216
1164 1224
1164 1237
1164 1238
1164 1239
1164 1688
1950 1801
1950 1813
1950 1842
1950 1940
1950 1975
1950 1994
1950 2010
1950 2022
1950 2082
1950 2083
1950 3328
4064 705
4064 1017
4064 1285
4064 1874
4064 2529
4064 3670
4064 3680
4064 3764
4064 3768
4064 3771
4064 3779
4064 3782
4064 3783
4064 3788
4064 3793
4064 3795
4064 3798
4064 3810
4064 3811
4064 3815
4064 3817
4064 3820
4064 3823
4064 3824
4064 3829
4064 3830
4064 3831
4064 3833
4064 3843
4064 3848
4064 3852
4064 3859
4064 3861
4064 3865
4064 3868
4064 3873
4064 3875
4064 3881
4064 3896
4064 3898
4064 3900
4064 3910
4064 3915
4064 3930
4064 3931
4064 3932
4064 3938
4064 3939
4064 3941
4064 3950
4064 3959
4064 3960
4064 3962
4064 3967
4064 3968
4064 3969
4064 3970
4064 3972
4064 3975
4064 3979
4064 3984
4064 3987
4064 3990
4064 3999
4064 4005
4064 4014
4064 4016
4064 4017
4064 4019
4064 4020
4064 4029
4064 4038
4064 4044
4064 4045
4064 4049
4064 4059
4064 4061
4064 4065
874 1134
874 1225
874 1228
874 1298
874 1314
874 1318
2493 2089
2493 2466
2493 2552
2493 2657
2493 2730
2493 2774
2493 2777
2493 2799
2493 2800
2493 2814
2814 1250
2814 1905
2814 1968
2814 2128
2814 2161
2814 2200
2814 2228
2814 2229
2814 2236
2814 2277
2814 2298
2814 2299
2814 2300
2814 2318
2814 2321
2814 2332
2814 2341
2814 2362
2814 2369
2814 2384
2814 2386
2814 2412
2814 2430
2814 2492
2814 2505
2814 2552
2814 2553
2814 2557
2814 2572
2814 2574
2814 2576
2814 2604
2814 2607
2814 2635
2814 2641
2814 2657
2814 2677
2814 2690
2814 2717
2814 2719
2814 2730
2814 2774
2814 2777
2814 2779
2814 2785
2814 2791
2814 2793
2814 2799
2814 2800
2814 3544
2814 4492
3010 2861
3010 2974
3010 2977
3010 3345
3010 3432
3010 3483
4574 1333
4574 2801
4574 3668
4574 4016
4574 4289
4574 4296
4574 4304
4574 4306
4574 4315
4574 4323
4574 4324
4574 4325
4574 4328
4574 4335
4574 4336
4574 4341
4574 4345
4574 4355
4574 4367
4574 4375
4574 4397
4574 4398
4574 4402
4574 4410
4574 4414
4574 4418
4574 4421
4574 4424
4574 4426
4574 4430
4574 4440
4574 4448
4574 4449
4574 4450
4574 4457
4574 4460
4574 4462
4574 4465
4574 4469
4574 4470
4574 4473
4574 4488
4574 4492
4574 4497
4574 4504
4574 4505
4574 4516
4574 4519
4574 4526
4574 4527
4574 4534
4574 4535
4574 4539
4574 4540
4574 4543
4574 4545
4574 4549
4574 4550
4574 4560
4574 4561
4574 4563
4574 4564
4574 4573
4574 4577
4574 4973
872 1084
872 1269
872 1316
872 1318
872 1319
3181 2871
3181 2940
3181 2967
3181 3113
3181 3155
3181 3376
3181 3381
3392 3195
3392 3380
3392 3405
3392 3441
3392 3459
3392 3503
3392 3549
3392 3596
3392 3634
3392 3642
3392 3684
4015 2582
4015 3762
4015 3775
4015 3779
4015 3794
4015 3796
4015 3797
4015 3834
4015 3844
4015 3887
4015 3891
4015 3895
4015 3903
4015 3905
4015 3916
4015 3922
4015 3929
4015 3952
4015 3958
4015 3983
4015 4014
4015 4020
4015 4021
4015 4043
4015 4061
4015 4839
1075 797
1075 988
1075 993
1075 1030
1075 1107
1075 1243
1075 1250
1075 1297
1075 1318
1075 4847
2447 2188
2447 2258
2447 2264
2447 2503
2447 2523
2447 2533
2447 2562
2447 2610
2447 2668
2447 2794
4055 576
4055 1207
4055 1299
4055 3786
4055 3789
4055 3800
4055 3828
4055 3838
4055 3850
4055 3883
4055 3890
4055 3893
4055 3894
4055 3901
4055 3926
4055 3933
4055 3940
4055 3951
4055 3953
4055 3955
4055 3956
4055 3961
4055 3965
4055 3969
4055 3974
4055 3977
4055 3981
4055 3989
4055 4000
4055 4001
4055 4002
4055 4003
4055 4008
4055 4010
4055 4011
4055 4017
4055 4022
4055 4027
4055 4028
4055 4032
4055 4044
4055 4047
4055 4048
4055 4049
4055 4052
4055 4056
4055 4057
4055 4543
4381 4336
4381 4480
4381 4545
4381 4562
4381 4573
2800 766
2800 1704
2800 2128
2800 2161
2800 2228
2800 2229
2800 2238
2800 2299
2800 2318
2800 2321
2800 2332
2800 2341
2800 2352
2800 2362
2800 2369
2800 2383
2800 2386
2800 2412
2800 2492
2800 2503
2800 2505
2800 2522
2800 2552
2800 2553
2800 2572
2800 2574
2800 2576
2800 2587
2800 2604
2800 2607
2800 2641
2800 2677
2800 2719
2800 2730
2800 2735
2800 2744
2800 2774
2800 2777
2800 2793
2800 2799
2800 3056
2817 565
2817 1294
2817 2111
2817 2137
2817 2194
2817 2201
2817 2309
2817 2345
2817 2392
2817 2417
2817 2450
2817 2453
2817 2456
2817 2462
2817 2480
2817 2501
2817 2515
2817 2519
2817 2534
2817 2544
2817 2559
2817 2579
2817 2599
2817 2618
2817 2629
2817 2658
2817 2660
2817 2671
2817 2686
2817 2705
2817 2738
2817 2753
2817 2775
2817 2776
2817 2779
2817 2783
2817 2785
2817 2810
2817 2815
2817 2818
2817 3583
4973 3367
4973 3999
4973 4505
4973 4581
4973 4605
4973 4642
4973 4649
4973 4662
4973 4667
4973 4668
4973 4674
4973 4700
4973 4711
4973 4712
4973 4713
4973 4780
4973 4786
4973 4787
4973 4800
4973 4818
4973 4823
4973 4824
4973 4835
4973 4838
4973 4852
4973 4858
4973 4870
4973 4893
4973 4916
4973 4920
4973 4921
4973 4929
4973 4931
4973 4933
4973 4937
4973 4944
4973 4946
4973 4957
4973 4966
4973 4969
4973 4974
4973 4978
4973 4979
574 641
574 716
574 736
574 739
574 742
574 774
785 1210
785 1278
785 1294
785 1295
1942 1751
1942 1764
1942 1884
1942 1930
1942 2067
1942 2074
1942 2085
1942 2088
1942 2093
1942 2094
1942 2390
2078 1761
2078 1819
2078 1821
2078 1879
2078 1895
2078 1904
2078 1954
2078 1959
2078 1964
2078 1971
2078 1982
2078 1985
2078 1995
2078 1997
2078 1999
2078 2002
2078 2006
2078 2016
2078 2024
2078 2027
2078 2039
2078 2052
2078 2054
2078 2062
2078 2067
2078 2070
2078 2071
2078 2072
2078 2074
2078 2075
2078 2080
2078 2081
2078 2082
2078 2088
2078 2089
2078 2092
2078 2093
2078 2094
2078 2299
2078 3382
2078 3445
2078 4156
2078 4782
4038 1911
4038 2052
4038 3770
4038 3798
4038 3814
4038 3815
4038 3845
4038 3848
4038 3868
4038 3891
4038 3899
4038 3938
4038 3939
4038 3960
4038 3962
4038 3963
4038 3967
4038 3970
4038 3973
4038 3979
4038 3982
4038 3991
4038 3993
4038 3995
4038 3999
4038 4005
4038 4044
4038 4045
4038 4061
4038 4065
2395 2275
2395 2781
2395 2791
2395 2827
2685 2170
2685 2195
2685 2354
2685 2641
2685 2757
2685 2766
2685 2769
2685 2778
2685 2795
2685 2802
2685 2808
2685 2818
2685 2826
2685 2830
2685 2835
2685 3525
2761 1659
2761 1695
2761 2012
2761 2122
2761 2164
2761 2193
2761 2205
2761 2214
2761 2284
2761 2331
2761 2350
2761 2368
2761 2526
2761 2559
2761 2561
2761 2594
2761 2595
2761 2622
2761 2653
2761 2656
2761 2670
2761 2671
2761 2678
2761 2691
2761 2699
2761 2725
2761 2729
2761 2733
2761 2745
2761 2748
4393 4391
4393 4434
4393 4449
4393 4535
4393 4538
4393 4560
1518 1336
1518 1337
1518 1473
1518 1544
1518 1557
1518 1580
1518 1635
1518 1656
1518 1667
1518 4950
1665 1346
1665 1349
1665 1362
1665 1442
1665 1459
1665 1492
1665 1498
1665 1501
1665 1543
1665 1555
1665 1573
1665 1583
1665 1590
1665 1609
1665 1614
1665 1616
1665 1624
1665 1632
1665 1643
1665 1645
1665 1657
1665 1659
1665 1676
1665 1688
1665 1695
1665 1696
1665 1699
1665 3359
1665 4568
1665 4762
1980 1862
1980 1893
1980 1915
1980 1921
1980 2009
1980 2010
1980 2027
1980 2033
1980 2039
1980 2049
1980 2051
1980 2060
1980 2061
1980 2062
1980 2066
1980 2068
1980 2089
1980 3570
4290 4449
4290 4482
4290 4546
658 578
658 705
658 737
658 742
658 766
658 769
658 774
658 1310
1765 1971
1765 1979
1765 2014
1765 2026
1765 2027
1765 2032
2864 3229
2864 3756
4288 1026
4288 1208
4288 2074
4288 2705
4288 3313
4288 4003
4288 4069
4288 4071
4288 4080
4288 4083
4288 4094
4288 4099
4288 4102
4288 4106
4288 4107
4288 4115
4288 4119
4288 4120
4288 4124
4288 4125
4288 4131
4288 4133
4288 4134
4288 4135
4288 4136
4288 4140
4288 4145
4288 4146
4288 4148
4288 4153
4288 4159
4288 4160
4288 4165
4288 4168
4288 4171
4288 4174
4288 4175
4288 4176
4288 4178
4288 4179
4288 4185
4288 4188
4288 4190
4288 4193
4288 4196
4288 4201
4288 4202
4288 4208
4288 4213
4288 4220
4288 4222
4288 4223
4288 4225
4288 4233
4288 4235
4288 4236
4288 4238
4288 4241
4288 4247
4288 4255
4288 4256
4288 4257
4288 4259
4288 4262
4288 4263
4288 4267
4288 4268
4288 4269
4288 4271
4288 4272
4288 4274
4288 4275
4288 4276
4288 4277
4288 4278
4288 4279
4288 4282
4288 4287
4288 4904
4870 1152
4870 4713
4870 4780
4870 4823
4870 4850
4870 4858
4870 4893
4870 4916
4870 4920
4870 4957
4870 4966
4870 4969
4870 4978
4870 4979
1386 1401
1386 1424
1386 1453
1386 1557
1386 1622
1386 1624
1890 1843
1890 1847
1890 1909
1890 1928
1890 1951
1890 1953
1890 1958
1890 1983
1890 2094
2596 2150
2596 2354
2596 2378
2596 2419
2596 2475
2596 2506
2596 2592
2596 2613
2596 2735
2596 2747
2596 2801
2596 3551
3923 3838
3923 3941
3923 3971
3923 3978
3923 3998
3923 4023
3923 4040
3923 4052
3923 4056
3923 4059
3923 4063
4266 2753
4266 4070
4266 4075
4266 4086
4266 4089
4266 4093
4266 4095
4266 4103
4266 4110
4266 4112
4266 4118
4266 4127
4266 4130
4266 4138
4266 4185
4266 4186
4266 4194
4266 4203
4266 4215
4266 4224
4266 4226
4266 4234
4266 4237
4266 4239
4266 4242
4266 4251
4266 4253
4266 4255
4266 4258
4266 4268
4266 4276
4266 4282
760 549
760 554
760 555
760 556
760 559
760 561
760 570
760 584
760 594
760 607
760 620
760 625
760 626
760 630
760 635
760 637
760 638
760 639
760 642
760 644
760 656
760 663
760 665
760 680
760 684
760 687
760 688
760 693
760 721
760 722
760 725
760 729
760 732
760 738
760 740
760 744
760 747
760 752
760 757
760 766
760 767
760 769
760 1300
760 1828
760 2750
760 4939
2785 1837
2785 2201
2785 2202
2785 2356
2785 2364
2785 2414
2785 2437
2785 2515
2785 2535
2785 2536
2785 2548
2785 2578
2785 2599
2785 2618
2785 2630
2785 2658
2785 2667
2785 2671
2785 2686
2785 2697
2785 2705
2785 2707
2785 2721
2785 2723
2785 2765
2785 2775
2785 2779
2785 2783
2785 2810
2785 4564
2785 4917
3221 2863
3221 2868
3221 3023
3221 3199
3221 3225
3221 3290
3221 3387
3221 3435
3221 3703
3369 2000
3369 2847
3369 2980
3369 3507
3369 3510
3369 3637
3369 3638
3369 3639
3369 3696
1318 778
1318 817
1318 818
1318 820
1318 821
1318 823
1318 826
1318 834
1318 857
1318 860
1318 866
1318 896
1318 913
1318 916
1318 928
1318 936
1318 958
1318 962
1318 963
1318 967
1318 975
1318 987
1318 1009
1318 1017
1318 1031
1318 1039
1318 1053
1318 1055
1318 1076
1318 1079
1318 1081
1318 1082
1318 1087
1318 1110
1318 1114
1318 1117
1318 1135
1318 1137
1318 1139
1318 1144
1318 1145
1318 1159
1318 1169
1318 1178
1318 1183
1318 1197
1318 1199
1318 1201
1318 1221
1318 1224
1318 1225
1318 1231
1318 1247
1318 1252
1318 1261
1318 1268
1318 1269
1318 1281
1318 1298
1318 1299
1318 1310
1318 1312
1318 1314
1318 1315
1318 1316
1318 1319
1318 1427
1318 1690
1318 2118
1318 3309
1318 3607
1318 4065
1318 4799
2188 2503
2188 2514
2188 2523
2188 2542
2188 2610
3588 2971
3588 2985
3588 2990
3588 3095
3588 3099
3588 3102
3588 3143
3588 3161
3588 3175
3588 3252
3588 3255
3588 3341
3588 3358
3588 3405
3588 3446
3588 3459
3588 3495
3588 3540
3588 3549
3588 3596
3588 3599
3588 3642
3588 3987
3713 1894
3713 2879
3713 2916
3713 3019
3713 3052
3713 3096
3713 3138
3713 3171
3713 3193
3713 3268
3713 3305
3713 3338
3713 3404
3713 3407
3713 3410
3713 3437
3713 3439
3713 3457
3713 3527
3713 3540
3713 3546
3713 3551
3713 3556
3713 3575
3713 3579
3713 3582
3713 3583
3713 3589
3713 3651
3713 3665
3713 3675
3713 3684
3713 3705
3713 3736
3713 3741
3713 3756
3713 3950
3713 4172
4635 4936
4635 4987
4635 4989
4635 4994
4635 4998
1680 1358
1680 1385
1680 1430
1680 1443
1680 1444
1680 1505
1680 1509
1680 1522
1680 1546
1680 1563
1680 1581
1680 1582
1680 1588
1680 1589
1680 1597
1680 1601
1680 1602
1680 1604
1680 1606
1680 1620
1680 1625
1680 1626
1680 1630
1680 1631
1680 1636
1680 1638
1680 1643
1680 1663
1680 1664
1680 1670
1680 1673
1680 1687
1680 1688
1680 1689
1680 1691
1680 1693
1680 1694
1680 1703
1680 1707
1680 2783
1680 3535
1680 3684
2037 1711
2037 1730
2037 1755
2037 1775
2037 1780
2037 1788
2037 1792
2037 1794
2037 1810
2037 1867
2037 1870
2037 1922
2037 1946
2037 1952
2037 1956
2037 1990
2037 2000
2037 2031
2037 2039
2037 2047
2037 2056
2037 2058
2037 2092
2037 2818
2037 4050
2037 4138
2988 3648
2988 3741
2988 3756
4643 4595
4643 4633
4643 4676
4643 4680
4643 4784
4643 4829
4726 4680
4726 4685
4726 4734
4726 4757
4726 4819
4726 4829
4726 4966
4726 4979
660 668
660 680
660 740
660 747
660 748
660 752
660 765
660 766
660 767
660 770
757 582
757 585
757 591
757 594
757 607
757 637
757 643
757 659
757 673
757 674
757 681
757 693
757 696
757 705
757 727
757 728
757 730
757 738
757 745
757 746
757 748
757 750
757 754
757 755
757 756
757 762
757 764
757 767
757 769
757 770
757 774
757 2721
757 2783
757 3329
757 4507
1669 1323
1669 1416
1669 1419
1669 1452
1669 1460
1669 1503
1669 1524
1669 1527
1669 1528
1669 1542
1669 1544
1669 1547
1669 1552
1669 1554
1669 1575
1669 1588
1669 1599
1669 1619
1669 1648
1669 1650
1669 1655
1669 1656
1669 1673
1669 1674
1669 1679
1669 1681
1669 1685
1669 1689
1669 1699
1669 1704
1669 1775
1669 2705
4424 4417
4424 4460
4424 4542
4424 4543
4424 4563
4482 2353
4482 4361
4482 4384
4482 4417
4482 4454
4482 4456
4482 4461
4482 4483
4482 4484
4482 4525
4482 4534
4482 4541
1353 1647
1353 1664
1353 1691
1353 1703
1353 1707
2971 2906
2971 3143
2971 3446
2971 3583
2971 3642
3735 787
3735 1202
3735 1639
3735 2022
3735 2397
3735 2498
3735 2889
3735 2900
3735 2921
3735 2932
3735 2957
3735 2961
3735 2997
3735 3000
3735 3009
3735 3012
3735 3041
3735 3061
3735 3088
3735 3098
3735 3135
3735 3183
3735 3210
3735 3294
3735 3353
3735 3354
3735 3367
3735 3370
3735 3372
3735 3406
3735 3420
3735 3462
3735 3477
3735 3489
3735 3493
3735 3517
3735 3523
3735 3544
3735 3547
3735 3598
3735 3629
3735 3650
3735 3653
3735 3671
3735 3678
3735 3690
3735 3700
3735 3715
3735 3733
3735 3742
3735 3751
3735 3756
3735 4127
4827 4897
4827 4936
4827 4985
4827 4986
4827 4987
4827 4992
4827 4994
4827 4996
4827 4997
4827 4998
4948 1700
4948 3437
4948 4066
4948 4693
4948 4743
4948 4857
4948 4879
4948 4924
4948 4926
4948 4947
4948 4950
4948 4956
4948 4970
4948 4971
4948 4985
4948 4986
4948 4987
4948 4989
4948 4992
4948 4994
4948 4996
4948 4997
4948 4998
800 830
800 942
800 981
800 1088
800 1146
800 1284
1434 1403
1434 1529
1434 1604
1434 1670
1434 1691
1434 1703
1434 1707
1563 1356
1563 1537
1563 1630
1563 1652
1563 1663
1563 1664
1563 1670
1563 1687
1563 1690
1563 1694
1563 1703
1563 1707
1626 1479
1626 1505
1626 1523
1626 1576
1626 1604
1626 1606
1626 1625
1626 1638
1626 1643
1626 1649
1626 1652
1626 1670
1626 1677
1626 1679
1626 1690
1626 1691
1626 1693
1626 1694
1626 1695
1626 1703
1626 1707
1626 2790
1699 742
1699 1322
1699 1349
1699 1367
1699 1369
1699 1375
1699 1380
1699 1400
1699 1409
1699 1410
1699 1419
1699 1421
1699 1443
1699 1453
1699 1460
1699 1465
1699 1476
1699 1491
1699 1512
1699 1524
1699 1527
1699 1528
1699 1531
1699 1537
1699 1542
1699 1544
1699 1551
1699 1552
1699 1554
1699 1562
1699 1565
1699 1577
1699 1588
1699 1603
1699 1605
1699 1610
1699 1611
1699 1619
1699 1647
1699 1650
1699 1655
1699 1662
1699 1673
1699 1681
1699 1685
1699 1694
1699 1695
1699 1698
1699 1703
1699 1704
1699 2031
1699 2726
1699 3987
4938 1355
4938 2700
4938 4272
4938 4739
4938 4784
4938 4815
4938 4842
4938 4848
4938 4849
4938 4884
4938 4888
4938 4889
4938 4900
4938 4910
4938 4915
4938 4916
4938 4926
4938 4934
4938 4943
4938 4954
4938 4956
4938 4964
4938 4967
4938 4974
4981 1138
4981 2968
4981 4360
4981 4588
4981 4608
4981 4629
4981 4671
4981 4689
4981 4721
4981 4725
4981 4740
4981 4743
4981 4771
4981 4777
4981 4785
4981 4797
4981 4805
4981 4817
4981 4826
4981 4835
4981 4840
4981 4845
4981 4851
4981 4853
4981 4856
4981 4879
4981 4894
4981 4898
4981 4929
4981 4932
4981 4933
4981 4935
4981 4936
4981 4939
4981 4940
4981 4942
4981 4952
4981 4958
4981 4960
4981 4961
4981 4970
4981 4971
4981 4977
4981 4983
4981 4987
4981 4997
1570 1339
1570 1343
1570 1497
1570 1504
1570 1550
1570 1575
1570 1581
1570 1624
1570 1639
1570 1654
1570 1661
1570 1662
1570 1675
1570 1698
1570 1700
2270 2810
2270 2815
2270 2820
3406 3622
3406 3680
3406 3690
3406 3700
3406 3715
3406 3742
3406 3751
3439 3133
3439 3736
3439 3741
3439 3742
3439 3756
3714 750
3714 1605
3714 2843
3714 2850
3714 2879
3714 2937
3714 2994
3714 3062
3714 3126
3714 3134
3714 3147
3714 3204
3714 3218
3714 3264
3714 3349
3714 3378
3714 3403
3714 3429
3714 3484
3714 3505
3714 3533
3714 3538
3714 3555
3714 3562
3714 3564
3714 3566
3714 3573
3714 3574
3714 3593
3714 3600
3714 3611
3714 3627
3714 3635
3714 3637
3714 3647
3714 3652
3714 3663
3714 3671
3714 3676
3714 3685
3714 3692
3714 3695
3714 3711
3714 3730
3714 3742
3714 4117
3714 4497
3714 4932
659 580
659 654
659 756
659 762
659 764
659 770
659 774
3737 680
3737 786
3737 1632
3737 2135
3737 2530
3737 2907
3737 2964
3737 2967
3737 2986
3737 2995
3737 3065
3737 3067
3737 3086
3737 3089
3737 3100
3737 3116
3737 3130
3737 3141
3737 3150
3737 3157
3737 3169
3737 3200
3737 3222
3737 3230
3737 3259
3737 3294
3737 3299
3737 3310
3737 3376
3737 3385
3737 3396
3737 3401
3737 3424
3737 3434
3737 3445
3737 3447
3737 3469
3737 3478
3737 3494
3737 3516
3737 3524
3737 3548
3737 3552
3737 3554
3737 3567
3737 3585
3737 3636
3737 3642
3737 3651
3737 3683
3737 3692
3737 3695
3737 3696
3737 3701
3737 3704
3737 3721
3737 3822
3737 4974
3884 3776
3884 3862
3884 3881
3884 3913
3884 3964
3884 3976
3884 3980
4978 1985
4978 2077
4978 2398
4978 2700
4978 4581
4978 4605
4978 4616
4978 4642
4978 4649
4978 4651
4978 4662
4978 4663
4978 4667
4978 4668
4978 4675
4978 4700
4978 4711
4978 4712
4978 4713
4978 4751
4978 4780
4978 4786
4978 4787
4978 4800
4978 4823
4978 4824
4978 4832
4978 4835
4978 4838
4978 4858
4978 4893
4978 4916
4978 4917
4978 4920
4978 4921
4978 4931
4978 4937
4978 4946
4978 4957
4978 4960
4978 4966
4978 4969
4978 4974
4978 4979
4978 4987
4978 4994
4978 4996
960 993
960 1205
960 1282
960 1296
960 1307
960 1310
2392 2807
2392 2810
3179 3191
3179 3251
3179 3323
3179 3410
3179 3509
3179 3659
3179 3669
3729 1547
3729 1565
3729 2844
3729 2897
3729 3000
3729 3015
3729 3050
3729 3052
3729 3059
3729 3078
3729 3106
3729 3137
3729 3146
3729 3159
3729 3177
3729 3198
3729 3284
3729 3308
3729 3311
3729 3345
3729 3361
3729 3377
3729 3401
3729 3407
3729 3418
3729 3425
3729 3447
3729 3449
3729 3471
3729 3481
3729 3492
3729 3508
3729 3515
3729 3528
3729 3534
3729 3543
3729 3550
3729 3553
3729 3557
3729 3558
3729 3581
3729 3600
3729 3626
3729 3633
3729 3648
3729 3656
3729 3675
3729 3682
3729 3689
3729 3721
3729 3758
1214 936
1214 1160
1214 1161
1214 1177
1214 1189
1214 1241
1214 1242
1214 1266
1214 1274
1214 1281
1214 1300
1214 1304
1214 1305
1214 1306
1214 1315
1214 1316
1214 2061
1214 4819
2665 2227
2665 2587
2665 2589
2665 2666
2665 2679
2665 2768
2665 2780
2665 2790
2665 2794
2665 2801
2665 2811
2665 2815
2777 548
2777 2128
2777 2171
2777 2228
2777 2299
2777 2321
2777 2332
2777 2341
2777 2352
2777 2384
2777 2475
2777 2492
2777 2505
2777 2553
2777 2574
2777 2576
2777 2604
2777 2607
2777 2641
2777 2657
2777 2686
2777 2719
2777 2730
2777 2733
2777 2735
2777 2748
2777 2774
2777 2793
2777 2799
2777 2823
2777 2830
2777 4070
2777 4538
3527 3315
3527 3655
3527 3736
3527 3741
3527 3756
3527 4132
4276 661
4276 1095
4276 1111
4276 1243
4276 4141
4276 4212
4276 4218
4276 4221
4276 4231
4276 4236
4276 4238
4276 4242
4276 4247
4276 4255
4276 4256
4276 4257
4276 4263
4276 4267
4276 4268
4276 4269
4276 4271
4276 4272
4276 4273
4276 4274
4276 4275
4276 4277
4276 4278
4276 4279
4276 4282
4276 4287
4540 610
4540 901
4540 2793
4540 4301
4540 4329
4540 4346
4540 4352
4540 4353
4540 4387
4540 4388
4540 4399
4540 4415
4540 4420
4540 4434
4540 4438
4540 4463
4540 4477
4540 4494
4540 4498
4540 4506
4540 4507
4540 4510
4540 4514
4540 4532
4540 4533
4540 4548
4540 4551
4540 4552
4540 4561
4540 4566
4540 4568
4540 4577
4921 1937
4921 4605
4921 4674
4921 4765
4921 4780
4921 4837
4921 4838
4921 4858
4921 4868
4921 4893
4921 4920
4921 4936
4921 4937
4921 4946
4921 4957
4921 4966
4921 4969
4921 4979
4921 4989
4921 4996
1035 1161
1035 1240
1035 1249
1035 1282
1035 1284
1035 1296
1035 1310
1035 1315
1575 1375
1575 1415
1575 1587
1575 1588
1575 1662
1575 1681
1575 1685
1575 1690
1575 1700
1575 1704
1929 1947
1929 1953
1929 2007
1929 2014
1929 2071
1929 2082
1929 2088
1929 2089
1929 2093
2089 1241
2089 1556
2089 1712
2089 1750
2089 1767
2089 1785
2089 1795
2089 1818
2089 1866
2089 1867
2089 1869
2089 1876
2089 1878
2089 1891
2089 1930
2089 1934
2089 1940
2089 1968
2089 1982
2089 1985
2089 1995
2089 1999
2089 2001
2089 2002
2089 2003
2089 2006
2089 2009
2089 2012
2089 2019
2089 2024
2089 2038
2089 2050
2089 2052
2089 2054
2089 2061
2089 2062
2089 2070
2089 2071
2089 2072
2089 2074
2089 2075
2089 2077
2089 2080
2089 2081
2089 2082
2089 2083
2089 2085
2089 2088
2089 2092
2089 2093
2089 2094
2089 4005
2089 4552
2089 4808
2089 4838
2826 765
2826 2092
2826 2109
2826 2110
2826 2117
2826 2146
2826 2156
2826 2236
2826 2254
2826 2255
2826 2290
2826 2307
2826 2342
2826 2351
2826 2353
2826 2398
2826 2403
2826 2425
2826 2443
2826 2468
2826 2485
2826 2486
2826 2488
2826 2512
2826 2537
2826 2583
2826 2608
2826 2632
2826 2674
2826 2675
2826 2690
2826 2692
2826 2696
2826 2701
2826 2716
2826 2750
2826 2757
2826 2765
2826 2766
2826 2769
2826 2772
2826 2778
2826 2795
2826 2802
2826 2808
2826 2818
2826 2820
2826 2830
2826 2835
2826 3669
2826 4566
3453 3103
3453 3398
3453 3501
3453 3652
3453 3663
3453 3676
3453 3690
3453 3695
3453 3730
3787 3948
3787 3952
3787 3986
3787 3989
3787 4056
3953 653
3953 3812
3953 3813
3953 3878
3953 3888
3953 4027
3953 4028
3953 4032
3953 4034
3953 4047
3953 4049
3953 4056
4059 3225
4059 3533
4059 3764
4059 3770
4059 3777
4059 3791
4059 3803
4059 3806
4059 3818
4059 3823
4059 3826
4059 3831
4059 3832
4059 3839
4059 3846
4059 3852
4059 3853
4059 3855
4059 3863
4059 3864
4059 3867
4059 3873
4059 3881
4059 3892
4059 3902
4059 3904
4059 3906
4059 3909
4059 3917
4059 3920
4059 3924
4059 3930
4059 3933
4059 3941
4059 3958
4059 3962
4059 3966
4059 3971
4059 3974
4059 3977
4059 3981
4059 3985
4059 3991
4059 3996
4059 4018
4059 4024
4059 4025
4059 4034
4059 4040
4059 4049
4059 4050
4059 4052
4059 4058
4059 4063
4059 4085
4255 2710
4255 3597
4255 4114
4255 4206
4255 4226
4255 4242
4255 4248
4255 4263
4255 4267
4255 4268
4255 4269
4255 4271
4255 4272
4255 4274
4255 4275
4255 4277
4255 4278
4255 4279
4255 4282
4255 4287
544 657
544 712
544 769
544 774
657 581
657 582
657 695
657 714
657 718
657 754
657 4040
712 552
712 616
712 617
712 678
712 684
712 692
712 727
712 738
712 741
712 749
712 762
712 764
712 765
712 766
712 3639
712 4115
769 548
769 555
769 566
769 573
769 575
769 578
769 596
769 602
769 611
769 619
769 641
769 642
769 671
769 678
769 679
769 692
769 693
769 698
769 699
769 700
769 701
769 702
769 703
769 705
769 711
769 713
769 725
769 727
769 728
769 731
769 735
769 737
769 740
769 741
769 745
769 746
769 747
769 748
769 749
769 750
769 755
769 756
769 762
769 764
769 765
769 767
769 770
769 1644
769 1676
769 2797
769 3134
769 3895
774 551
774 557
774 564
774 573
774 578
774 582
774 588
774 590
774 591
774 592
774 593
774 600
774 604
774 608
774 613
774 614
774 618
774 619
774 623
774 630
774 631
774 638
774 653
774 662
774 666
774 667
774 671
774 679
774 681
774 691
774 693
774 694
774 699
774 701
774 702
774 703
774 725
774 727
774 728
774 730
774 731
774 735
774 738
774 741
774 745
774 746
774 748
774 749
774 750
774 755
774 756
774 762
774 764
774 765
774 770
774 1256
774 1399
774 2094
774 2264
774 3720
774 4275
774 4367
545 671
545 764
545 765
545 4985
671 580
671 727
671 736
671 756
671 765
671 4998
764 558
764 568
764 571
764 579
764 601
764 604
764 607
764 619
764 638
764 643
764 663
764 664
764 670
764 679
764 681
764 692
764 695
764 702
764 703
764 705
764 716
764 729
764 730
764 731
764 741
764 745
764 746
764 748
764 749
764 750
764 752
764 756
764 762
764 770
764 956
764 1397
764 3053
764 3640
764 4530
765 546
765 548
765 557
765 571
765 583
765 596
765 608
765 615
765 677
765 678
765 693
765 694
765 700
765 702
765 705
765 718
765 721
765 725
765 728
765 730
765 731
765 735
765 738
765 741
765 742
765 746
765 748
765 749
765 750
765 752
765 755
765 756
765 762
765 770
765 3229
765 3685
765 4029
765 4065
765 4234
4985 1555
4985 1659
4985 2643
4985 2735
4985 4159
4985 4583
4985 4626
4985 4649
4985 4652
4985 4653
4985 4738
4985 4773
4985 4785
4985 4792
4985 4804
4985 4807
4985 4829
4985 4837
4985 4850
4985 4854
4985 4857
4985 4861
4985 4868
4985 4873
4985 4879
4985 4882
4985 4902
4985 4917
4985 4924
4985 4927
4985 4944
4985 4950
4985 4969
4985 4970
4985 4986
4985 4987
4985 4989
4985 4992
4985 4994
4985 4996
4985 4997
4985 4998
546 637
546 690
546 711
546 714
546 3898
637 755
637 756
637 2092
690 550
690 571
690 593
690 618
690 666
690 673
690 686
690 711
690 713
690 726
690 754
690 3548
690 4479
711 581
711 662
711 664
711 666
711 674
711 677
711 686
711 707
711 713
711 714
711 726
711 737
711 748
711 754
711 770
711 4472
714 572
714 618
714 664
714 666
714 695
714 696
714 717
714 718
714 737
714 745
714 750
714 754
714 1004
714 1976
714 4471
3898 4018
3898 4044
3898 4061
3898 4065
547 609
547 645
547 653
547 655
547 669
547 748
547 3995
609 558
609 580
609 640
609 648
609 653
609 669
609 731
645 580
645 597
645 640
645 648
645 653
645 655
645 669
645 678
645 770
645 4967
653 597
653 640
653 648
653 655
653 669
653 762
653 4065
655 580
655 597
655 640
655 648
655 669
655 749
655 1457
669 558
669 580
669 597
669 640
669 648
669 705
669 745
669 4289
748 562
748 583
748 591
748 597
748 630
748 642
748 673
748 701
748 702
748 730
748 735
748 738
748 745
748 749
748 767
748 770
748 2567
748 4142
748 4773
3995 2492
3995 3793
3995 3873
3995 3959
3995 3973
3995 3980
3995 3982
3995 3999
3995 4017
3995 4018
3995 4029
3995 4044
3995 4045
3995 4056
3995 4065
548 736
736 553
736 557
736 562
736 563
736 569
736 575
736 592
736 613
736 621
736 627
736 628
736 629
736 634
736 641
736 651
736 652
736 689
736 691
736 710
736 716
736 739
736 742
736 857
736 1521
736 2793
549 744
549 747
549 766
549 767
744 554
744 566
744 588
744 612
744 625
744 639
744 654
744 656
744 663
744 665
744 668
744 680
744 684
744 687
744 721
744 722
744 725
744 729
744 732
744 740
744 747
744 766
744 767
744 1116
744 1707
744 2014
747 561
747 577
747 584
747 594
747 611
747 612
747 617
747 620
747 626
747 630
747 644
747 680
747 684
747 692
747 721
747 722
747 728
747 729
747 732
747 740
747 745
747 749
747 752
747 766
747 767
747 835
747 4032
747 4892
766 554
766 555
766 556
766 559
766 561
766 568
766 570
766 577
766 584
766 586
766 594
766 612
766 617
766 620
766 625
766 630
766 636
766 639
766 644
766 654
766 656
766 663
766 665
766 668
766 673
766 680
766 684
766 687
766 688
766 701
766 721
766 722
766 725
766 728
766 729
766 732
766 740
766 752
766 755
766 756
766 767
766 770
766 1967
766 2747
766 3338
766 4887
767 554
767 555
767 559
767 561
767 570
767 577
767 584
767 585
767 586
767 591
767 594
767 607
767 617
767 620
767 624
767 625
767 626
767 630
767 635
767 639
767 643
767 644
767 654
767 656
767 663
767 665
767 668
767 680
767 684
767 687
767 688
767 699
767 700
767 721
767 722
767 725
767 729
767 732
767 740
767 752
767 770
767 1154
767 3040
767 3621
767 3990
767 4654
550 681
550 696
550 717
550 726
550 754
550 1205
681 613
681 662
681 699
681 705
681 738
681 1973
681 3377
696 631
696 661
696 702
696 717
696 726
696 737
696 754
696 1307
696 3549
717 579
717 631
717 666
717 677
717 693
717 694
717 707
717 713
717 718
717 726
717 737
717 738
717 754
717 762
717 2854
726 581
726 583
726 606
726 616
726 664
726 666
726 670
726 674
726 695
726 699
726 700
726 703
726 707
726 718
726 737
726 2595
726 2784
726 4362
754 579
754 581
754 588
754 601
754 606
754 610
754 615
754 616
754 618
754 631
754 647
754 664
754 670
754 674
754 677
754 686
754 707
754 713
754 718
754 728
754 730
754 737
754 741
754 1210
754 2387
754 3552
754 3643
1205 811
1205 962
1205 1023
1205 1133
1205 1229
1205 1256
1205 1262
1205 1276
1205 1282
1205 1296
1205 1304
1205 1305
1205 1307
1205 1310
1205 1315
1205 1325
1205 1484
551 656
551 701
551 770
656 559
656 688
656 725
656 729
656 740
656 3779
701 622
701 709
701 713
701 727
701 728
701 749
701 756
701 1609
770 571
770 590
770 600
770 608
770 611
770 619
770 623
770 624
770 635
770 636
770 644
770 651
770 652
770 662
770 666
770 673
770 678
770 679
770 693
770 699
770 700
770 702
770 703
770 705
770 718
770 727
770 731
770 735
770 737
770 738
770 741
770 745
770 746
770 749
770 755
770 756
770 762
770 1365
770 2213
770 2219
770 2407
770 2698
770 3547
770 3591
552 716
552 762
716 569
716 592
716 611
716 627
716 628
716 641
716 651
716 652
716 689
716 691
716 710
716 739
716 742
716 2734
716 2780
716 4437
762 562
762 566
762 577
762 581
762 591
762 596
762 625
762 632
762 635
762 649
762 678
762 679
762 693
762 694
762 702
762 705
762 722
762 727
762 728
762 730
762 731
762 737
762 738
762 741
762 745
762 746
762 750
762 755
762 1403
762 1565
762 3575
762 4202
762 4872
553 697
553 3869
697 567
697 587
697 598
697 605
697 622
697 649
697 667
697 682
697 698
697 709
697 720
697 3614
697 4815
3869 3843
3869 3911
3869 3912
3869 3935
3869 3944
3869 3996
3869 4031
3869 4034
554 684
684 607
684 663
684 680
684 722
684 752
684 755
684 1070
684 3200
555 654
555 752
654 583
654 665
654 687
654 732
654 752
654 755
752 570
752 577
752 617
752 625
752 630
752 635
752 644
752 665
752 668
752 680
752 687
752 688
752 692
752 699
752 721
752 722
752 725
752 727
752 729
752 732
752 740
752 741
752 1179
752 1306
752 3723
752 4136
556 725
556 740
556 1762
725 564
725 644
725 663
725 688
725 721
725 722
725 729
725 730
725 732
725 740
725 756
725 1696
725 2742
740 584
740 594
740 612
740 626
740 644
740 663
740 665
740 668
740 680
740 687
740 703
740 727
740 729
740 732
740 756
740 1073
740 4707
1762 2047
1762 2058
1762 2070
557 689
557 691
557 742
689 575
689 628
689 629
689 651
689 652
689 699
689 710
689 739
689 742
689 745
689 756
689 2769
691 563
691 621
691 627
691 629
691 641
691 652
691 678
691 730
691 739
691 742
691 2198
691 2338
742 563
742 569
742 575
742 576
742 592
742 613
742 621
742 627
742 628
742 629
742 634
742 641
742 651
742 652
742 710
742 728
742 739
742 745
742 930
742 1021
742 3266
558 597
558 648
558 1847
597 640
597 2912
648 580
648 604
648 640
648 746
648 3939
1847 1772
1847 1798
1847 1951
1847 1953
1847 1958
1847 1983
559 729
559 3455
729 584
729 607
729 614
729 625
729 630
729 668
729 688
729 722
729 727
729 731
729 2525
729 2942
729 3832
3455 3260
3455 3319
3455 3655
3455 3677
3455 3687
3455 3703
3455 4279
668 561
668 722
668 756
668 3948
749 576
749 585
749 636
749 647
749 695
749 703
749 727
749 735
749 738
749 746
749 750
749 755
749 1941
749 2767
561 722
561 735
722 578
722 586
722 612
722 687
722 703
722 721
722 732
722 745
722 3524
735 562
735 579
735 622
735 629
735 633
735 643
735 679
735 688
735 692
735 700
735 703
735 728
735 730
735 750
735 755
735 810
735 1512
735 2646
562 792
792 895
792 915
792 1013
792 1108
792 1240
563 634
563 739
563 3946
634 569
634 636
634 739
634 1300
739 569
739 575
739 576
739 582
739 592
739 600
739 613
739 621
739 627
739 628
739 629
739 641
739 651
739 652
739 710
739 741
739 1500
739 3345
3946 3913
3946 3943
3946 3985
3946 3998
3946 4010
3946 4023
3946 4040
3946 4049
3946 4052
3946 4063
3946 4065
564 682
564 730
682 565
682 587
682 602
682 605
682 622
682 633
682 649
682 698
682 702
682 709
682 720
682 1889
730 598
730 652
730 700
730 727
730 732
730 741
730 755
730 756
730 2005
730 2690
730 4241
565 633
565 698
565 720
565 728
633 667
633 709
633 720
633 4560
698 587
698 589
698 598
698 602
698 622
698 649
698 667
698 709
698 720
698 746
698 1818
698 4500
720 567
720 587
720 589
720 596
720 598
720 599
720 602
720 605
720 649
720 667
720 705
720 709
720 731
720 2909
720 3567
720 4058
728 614
728 632
728 727
728 750
728 755
728 1673
728 3824
566 662
566 1084
662 593
662 750
662 2820
1084 1059
1084 1163
1084 1218
1084 1219
1084 1223
1084 1278
1084 1294
1084 1295
1084 1579
567 649
567 709
567 3694
649 602
649 679
649 709
649 3658
709 589
709 598
709 599
709 602
709 605
709 622
709 667
709 679
709 750
709 4863
3694 2002
3694 2882
3694 2898
3694 3024
3694 3025
3694 3026
3694 3200
3694 3203
3694 3227
3694 3229
3694 3270
3694 3273
3694 3291
3694 3300
3694 3329
3694 3330
3694 3417
3694 3419
3694 3431
3694 3450
3694 3464
3694 3479
3694 3511
3694 3529
3694 3531
3694 3540
3694 3554
3694 3616
3694 3618
3694 3619
3694 3621
3694 3622
3694 3647
3694 3649
3694 3651
3694 3668
3694 3670
3694 3681
3694 3698
3694 3705
3694 3733
3694 3907
3694 4747
568 727
568 1853
727 667
727 673
727 745
727 1344
727 1616
1853 1758
1853 1770
1853 1795
1853 1823
1853 1926
1853 1961
1853 1969
1853 2070
569 3609
3609 1945
3609 2854
3609 2900
3609 2902
3609 2913
3609 3007
3609 3091
3609 3167
3609 3168
3609 3213
3609 3311
3609 3334
3609 3336
3609 3393
3609 3433
3609 3451
3609 3454
3609 3481
3609 3542
3609 3610
3609 3617
3609 3624
3609 3643
3609 3736
3609 3751
3609 4267
570 639
570 3695
639 663
639 732
639 750
3695 692
3695 2001
3695 2851
3695 2863
3695 3063
3695 3106
3695 3378
3695 3403
3695 3431
3695 3484
3695 3491
3695 3538
3695 3555
3695 3562
3695 3566
3695 3573
3695 3593
3695 3611
3695 3627
3695 3635
3695 3663
3695 3676
3695 3681
3695 3685
3695 3689
3695 3692
3695 3701
3695 3711
3695 3730
3695 3871
3695 4994
571 705
571 3577
705 577
705 4472
3577 1109
3577 1696
3577 3183
3577 3245
3577 3341
3577 3351
3577 3378
3577 3479
3577 3493
3577 3533
3577 3536
3577 3568
3577 3644
3577 3655
3577 3677
3577 3687
3577 3703
572 666
572 718
572 746
666 737
666 2740
666 2782
718 601
718 616
718 661
718 673
718 674
718 692
718 707
718 737
718 2768
718 3334
746 604
746 610
746 612
746 615
746 636
746 665
746 687
746 692
746 694
746 741
746 745
746 755
746 756
746 1851
746 4274
746 4969
573 640
573 2717
640 580
640 3676
2717 2119
2717 2139
2717 2174
2717 2176
2717 2213
2717 2234
2717 2269
2717 2283
2717 2285
2717 2323
2717 2325
2717 2349
2717 2374
2717 2375
2717 2388
2717 2484
2717 2662
2717 2666
2717 2670
2717 2673
2717 2699
2717 2706
2717 2714
2717 2772
2717 3354
641 621
641 1189
576 651
576 710
651 614
651 629
651 710
651 3786
710 592
710 604
710 613
710 621
710 628
710 652
710 1319
710 2075
710 3219
577 721
721 607
721 619
721 625
721 635
721 642
721 680
721 687
721 688
721 732
721 741
721 3361
578 695
578 756
695 606
695 615
695 647
695 677
695 686
695 707
695 737
695 750
695 3986
695 4094
756 584
756 604
756 611
756 614
756 618
756 632
756 673
756 678
756 699
756 731
756 732
756 738
756 745
756 750
756 755
756 1977
756 2754
756 3497
756 4952
579 664
579 677
579 707
579 1268
664 593
664 707
664 3741
677 686
677 707
677 713
677 731
677 2060
707 600
707 615
707 647
707 670
707 700
707 713
707 737
707 1727
707 2236
1268 881
1268 902
1268 916
1268 953
1268 957
1268 978
1268 1031
1268 1040
1268 1053
1268 1082
1268 1090
1268 1135
1268 1160
1268 1169
1268 1183
1268 1197
1268 1225
1268 1231
1268 1247
1268 1252
1268 1261
1268 1269
1268 1282
1268 1298
1268 1299
1268 1304
1268 1312
1268 1314
1268 1316
1268 1319
1268 1582
1268 1694
1268 2300
581 618
581 647
618 737
618 4417
647 610
647 737
647 745
582 4998
4998 814
4998 1433
4998 1587
4998 1698
4998 2535
4998 3751
4998 4581
4998 4641
4998 4649
4998 4651
4998 4665
4998 4679
4998 4699
4998 4709
4998 4719
4998 4727
4998 4737
4998 4773
4998 4774
4998 4788
4998 4795
4998 4796
4998 4804
4998 4812
4998 4813
4998 4817
4998 4836
4998 4839
4998 4840
4998 4844
4998 4850
4998 4854
4998 4857
4998 4861
4998 4862
4998 4868
4998 4873
4998 4879
4998 4902
4998 4904
4998 4907
4998 4916
4998 4917
4998 4923
4998 4924
4998 4927
4998 4944
4998 4947
4998 4950
4998 4961
4998 4983
4998 4986
4998 4987
4998 4989
4998 4992
4998 4994
4998 4996
4998 4997
583 750
583 1230
750 661
750 663
750 694
750 699
750 702
750 731
750 745
750 755
1230 665
1230 799
1230 936
1230 941
1230 1018
1230 1036
1230 1105
1230 1131
1230 1132
1230 1152
1230 1158
1230 1170
1230 1193
1230 1218
1230 1223
1230 1227
1230 1278
1230 1294
1230 1295
1230 2093
584 4983
4983 2039
4983 2052
4983 3625
4983 3894
4983 4199
4983 4580
4983 4589
4983 4608
4983 4629
4983 4671
4983 4678
4983 4689
4983 4719
4983 4725
4983 4743
4983 4768
4983 4771
4983 4777
4983 4785
4983 4797
4983 4805
4983 4817
4983 4823
4983 4826
4983 4833
4983 4840
4983 4845
4983 4851
4983 4856
4983 4864
4983 4893
4983 4894
4983 4896
4983 4929
4983 4932
4983 4933
4983 4935
4983 4936
4983 4939
4983 4942
4983 4952
4983 4956
4983 4958
4983 4960
4983 4961
4983 4970
4983 4971
4983 4977
4983 4989
585 608
608 586
608 1228
586 591
586 635
586 688
586 732
635 1227
688 626
688 680
688 732
688 3499
732 620
732 626
732 665
732 680
732 1507
732 2375
587 1070
1070 862
1070 1002
1070 1030
1070 1124
1070 1228
1070 1243
1070 1284
1070 1297
1070 1301
588 703
588 3701
703 745
703 4158
3701 1661
3701 2083
3701 2506
3701 2556
3701 2841
3701 2942
3701 2986
3701 3034
3701 3086
3701 3100
3701 3116
3701 3141
3701 3150
3701 3163
3701 3230
3701 3251
3701 3396
3701 3424
3701 3478
3701 3494
3701 3508
3701 3516
3701 3524
3701 3535
3701 3552
3701 3554
3701 3567
3701 3573
3701 3585
3701 3621
3701 3628
3701 3636
3701 3659
3701 3665
3701 3683
3701 3692
3701 3696
3701 3704
3701 3715
3701 4868
589 667
589 755
589 4444
667 599
667 605
755 600
755 606
755 619
755 627
755 632
755 674
755 694
755 700
755 731
755 741
755 1126
755 2827
755 3442
755 3484
4444 1008
4444 4481
4444 4506
4444 4512
4444 4549
4444 4562
4444 4563
4444 4573
590 593
590 737
590 4279
593 642
593 738
737 601
737 606
737 610
737 661
737 670
737 674
737 713
737 2058
737 4992
4279 1307
4279 2673
4279 3865
4279 4067
4279 4068
4279 4089
4279 4099
4279 4124
4279 4131
4279 4133
4279 4137
4279 4143
4279 4165
4279 4168
4279 4175
4279 4188
4279 4196
4279 4208
4279 4212
4279 4213
4279 4218
4279 4222
4279 4223
4279 4233
4279 4236
4279 4238
4279 4247
4279 4250
4279 4256
4279 4257
4279 4260
4279 4262
4279 4263
4279 4267
4279 4268
4279 4269
4279 4270
4279 4271
4279 4272
4279 4274
4279 4275
4279 4277
4279 4278
4279 4282
4279 4287
592 1587
1587 1422
1587 1538
1587 1544
1587 1557
1587 1571
1587 1605
1587 1616
1587 1622
1587 1624
1587 1635
1587 1636
1587 1656
1587 1667
642 731
738 624
738 687
738 692
738 741
738 1014
594 3658
3658 2835
3658 2865
3658 2896
3658 2908
3658 2925
3658 2963
3658 2970
3658 3013
3658 3029
3658 3032
3658 3041
3658 3044
3658 3049
3658 3101
3658 3228
3658 3233
3658 3269
3658 3305
3658 3312
3658 3347
3658 3409
3658 3458
3658 3460
3658 3490
3658 3563
3658 3564
3658 3599
3658 3625
3658 3634
3658 3638
3658 3655
3658 3704
3658 3976
596 679
596 687
596 2543
687 3642
2543 2398
2543 2434
2543 2687
2543 2742
2543 2781
2543 2797
2543 2809
2543 2823
2543 2973
2912 2932
2912 3490
2912 3625
2912 3634
598 622
599 702
599 4181
702 601
702 741
702 1238
4181 4086
4181 4200
4181 4215
4181 4237
4181 4242
4181 4251
4181 4253
600 4414
4414 4367
4414 4399
4414 4519
4414 4577
601 670
601 2229
670 610
670 741
670 2038
670 2917
2229 2239
2229 2673
2229 2793
2229 2799
605 4430
4430 4412
4430 4527
4430 4539
4430 4543
4430 4550
4430 4552
4430 4560
4430 4566
606 686
606 1661
686 610
686 632
686 661
686 713
686 741
686 3317
686 3354
1661 1339
1661 1356
1661 1365
1661 1380
1661 1394
1661 1432
1661 1466
1661 1516
1661 1519
1661 1535
1661 1540
1661 1546
1661 1550
1661 1560
1661 1592
1661 1600
1661 1637
1661 1638
1661 1639
1661 1654
1661 1657
1661 1674
1661 1677
1661 1688
1661 1689
1661 1698
1661 1700
1661 1707
1661 2991
607 644
607 1585
644 692
644 1219
1585 1337
1585 1352
1585 1368
1585 1382
1585 1428
1585 1462
1585 1467
1585 1480
1585 1493
1585 1530
1585 1536
1585 1568
1585 1569
1585 1576
1585 1693
1228 840
1228 917
1228 931
1228 1046
1228 1083
1228 1109
1228 1126
1228 1147
1228 1154
1228 1166
1228 1199
1228 1245
1228 1250
1228 1297
1228 1301
1228 1982
1228 4936
731 665
731 713
731 741
731 745
731 2795
611 4175
4175 4258
4175 4262
4175 4277
4175 4282
4175 4287
612 663
612 4480
4480 4427
4480 4442
4480 4510
4480 4512
4480 4519
4480 4526
4480 4539
4480 4560
4480 4563
4480 4568
4480 4577
613 627
615 713
615 3381
713 616
713 631
713 674
713 2716
713 3178
713 4061
3381 2871
3381 2922
3381 2940
3381 3113
3381 3155
3381 3638
3381 3682
616 4538
4538 2340
4538 4210
4538 4322
4538 4323
4538 4351
4538 4398
4538 4402
4538 4465
4538 4492
4538 4515
4538 4516
4538 4527
4538 4539
4538 4543
4538 4548
4538 4550
4538 4560
4538 4564
4538 4577
617 693
617 2808
693 1574
2808 921
2808 1436
2808 2247
2808 2278
2808 2290
2808 2302
2808 2342
2808 2398
2808 2425
2808 2485
2808 2486
2808 2488
2808 2512
2808 2530
2808 2583
2808 2608
2808 2632
2808 2642
2808 2663
2808 2675
2808 2690
2808 2692
2808 2696
2808 2701
2808 2709
2808 2712
2808 2726
2808 2766
2808 2769
2808 2778
2808 2779
2808 2781
2808 2795
2808 2802
2808 2818
2808 2827
2808 2830
2808 2835
2808 3938
2808 4238
2808 4271
4417 4312
4417 4361
4417 4425
4417 4488
4417 4546
4417 4573
619 3111
3111 2852
3111 3085
3111 3309
3111 3317
3111 3326
3111 3426
3111 3614
620 632
620 2329
632 4970
2329 2530
2329 2693
2329 2782
2329 2790
2329 2801
621 2072
2072 1751
2072 1842
2072 1848
2072 1856
2072 1958
2072 1967
2072 1971
2072 1972
2072 1973
2072 1988
2072 1999
2072 2003
2072 2043
2072 2050
2072 2052
2072 2054
2072 2062
2072 2067
2072 2070
2072 2071
2072 2077
2072 2080
2072 2081
2072 2082
2072 2083
2072 2085
2072 2088
2072 2092
2072 2093
2072 2094
2072 3683
2072 4034
2072 4996
624 741
624 745
624 2409
741 678
741 2404
741 3665
741 4873
745 628
745 636
745 692
745 694
745 699
745 700
745 2958
745 3968
745 4248
2409 2238
2409 2280
2409 2374
2409 2390
2409 2452
2409 2455
2409 2509
2409 2594
2409 2676
625 643
625 2477
643 3251
2477 2158
2477 2313
2477 2328
2477 2339
2477 2489
2477 2499
2477 2516
2477 2642
2477 2705
626 1590
1590 779
1590 1328
1590 1371
1590 1402
1590 1414
1590 1426
1590 1473
1590 1474
1590 1510
1590 1521
1590 1526
1590 1539
1590 1553
1590 1599
628 2706
2706 1305
2706 2119
2706 2159
2706 2174
2706 2208
2706 2213
2706 2234
2706 2283
2706 2285
2706 2300
2706 2325
2706 2349
2706 2375
2706 2466
2706 2537
2706 2606
2706 2666
2706 2670
2706 2673
2706 2699
2706 2714
2706 2755
2706 2835
2706 3244
629 652
629 2556
652 3943
2556 2282
2556 2656
2556 2686
2556 2797
2556 2809
2556 2823
2556 2827
630 665
630 3789
665 2028
3789 3797
3789 3940
3789 4056
3789 4057
631 674
631 4374
674 661
674 1342
4374 4506
4374 4530
4374 4537
4374 4548
4374 4562
4374 4573
4970 1591
4970 2725
4970 3493
4970 4589
4970 4740
4970 4742
4970 4743
4970 4768
4970 4771
4970 4797
4970 4805
4970 4826
4970 4840
4970 4845
4970 4851
4970 4856
4970 4888
4970 4894
4970 4929
4970 4932
4970 4933
4970 4935
4970 4936
4970 4939
4970 4940
4970 4942
4970 4946
4970 4952
4970 4958
4970 4960
4970 4961
4970 4971
4970 4977
4970 4987
4970 4992
4560 896
4560 1033
4560 1310
4560 2610
4560 4293
4560 4299
4560 4308
4560 4323
4560 4325
4560 4334
4560 4342
4560 4349
4560 4367
4560 4410
4560 4421
4560 4429
4560 4434
4560 4449
4560 4450
4560 4462
4560 4469
4560 4490
4560 4491
4560 4492
4560 4497
4560 4502
4560 4504
4560 4515
4560 4527
4560 4533
4560 4535
4560 4542
4560 4543
4560 4546
4560 4549
4560 4550
4560 4564
4560 4577
636 2088
1300 782
1300 794
1300 809
1300 833
1300 845
1300 875
1300 881
1300 888
1300 890
1300 894
1300 911
1300 917
1300 918
1300 919
1300 925
1300 932
1300 968
1300 994
1300 1000
1300 1016
1300 1022
1300 1037
1300 1044
1300 1067
1300 1073
1300 1092
1300 1096
1300 1097
1300 1108
1300 1136
1300 1137
1300 1142
1300 1161
1300 1171
1300 1177
1300 1189
1300 1241
1300 1242
1300 1247
1300 1248
1300 1266
1300 1274
1300 1281
1300 1282
1300 1304
1300 1305
1300 1306
1300 1619
1300 4833
1300 4857
1300 4994
1227 815
1227 832
1227 848
1227 858
1227 861
1227 969
1227 980
1227 998
1227 1003
1227 1010
1227 1036
1227 1042
1227 1056
1227 1057
1227 1065
1227 1086
1227 1098
1227 1138
1227 1141
1227 1212
1227 1259
1227 1319
1227 2753
2088 1637
2088 1731
2088 1775
2088 1793
2088 1795
2088 1814
2088 1816
2088 1819
2088 1839
2088 1845
2088 1848
2088 1872
2088 1903
2088 1916
2088 1933
2088 1946
2088 1979
2088 1986
2088 1999
2088 2002
2088 2008
2088 2024
2088 2026
2088 2035
2088 2038
2088 2039
2088 2043
2088 2050
2088 2052
2088 2053
2088 2054
2088 2056
2088 2062
2088 2067
2088 2070
2088 2071
2088 2074
2088 2075
2088 2080
2088 2081
2088 2082
2088 2083
2088 2085
2088 2092
2088 2093
2088 2094
2088 2265
2088 2529
2088 3089
2088 4323
2092 900
2092 1731
2092 1739
2092 1754
2092 1785
2092 1793
2092 1796
2092 1827
2092 1834
2092 1851
2092 1876
2092 1877
2092 1878
2092 1880
2092 1883
2092 1887
2092 1894
2092 1903
2092 1908
2092 1927
2092 1932
2092 1943
2092 1966
2092 1968
2092 1976
2092 1982
2092 1985
2092 1986
2092 1995
2092 2002
2092 2003
2092 2016
2092 2017
2092 2019
2092 2022
2092 2024
2092 2028
2092 2038
2092 2039
2092 2043
2092 2050
2092 2052
2092 2054
2092 2062
2092 2067
2092 2070
2092 2071
2092 2074
2092 2075
2092 2077
2092 2080
2092 2081
2092 2082
2092 2083
2092 2085
2092 2093
2092 2094
2092 2616
2092 2794
2092 2979
2092 3904
2092 4537
3676 1307
3676 2953
3676 2972
3676 3093
3676 3104
3676 3106
3676 3162
3676 3312
3676 3349
3676 3351
3676 3408
3676 3491
3676 3501
3676 3505
3676 3533
3676 3538
3676 3593
3676 3611
3676 3627
3676 3646
3676 3647
3676 3652
3676 3663
3676 3685
3676 3711
3676 3723
3676 3730
3676 4451
1189 1241
1189 1242
1189 1266
1189 1274
1189 1281
1189 1304
1189 1305
1189 1306
1189 1312
1189 3889
1189 3983
3251 3509
3251 3601
3251 3643
3251 3659
3251 3669
692 699
692 1244
1219 940
1219 1018
1219 1027
1219 1029
1219 1074
1219 1131
1219 1143
1219 1158
1219 1170
1219 1188
1219 1193
1219 1203
1219 1218
1219 1223
1219 1240
1219 1266
1219 1278
1219 1294
1219 1295
1219 4211
4967 1175
4967 1635
4967 1771
4967 2074
4967 4585
4967 4601
4967 4609
4967 4659
4967 4661
4967 4672
4967 4676
4967 4688
4967 4696
4967 4698
4967 4721
4967 4727
4967 4736
4967 4739
4967 4815
4967 4842
4967 4848
4967 4849
4967 4888
4967 4897
4967 4910
4967 4913
4967 4915
4967 4926
4967 4934
4967 4943
4967 4954
4967 4956
4967 4964
4967 4974
4967 4979
4967 4987
4967 4994
3939 3568
3939 3801
3939 3959
3939 3970
3939 3975
3939 4013
3939 4045
3939 4061
3939 4065
3786 3956
3786 4002
3786 4028
3786 4045
3943 3836
3943 3855
3943 3875
3943 3914
3943 3937
3943 3951
3943 3987
3943 3993
3943 4003
3943 4018
3943 4019
3943 4442
4065 1097
4065 2082
4065 3096
4065 3338
4065 3751
4065 3764
4065 3768
4065 3771
4065 3779
4065 3781
4065 3782
4065 3783
4065 3788
4065 3793
4065 3795
4065 3798
4065 3805
4065 3810
4065 3811
4065 3814
4065 3815
4065 3817
4065 3820
4065 3821
4065 3824
4065 3827
4065 3830
4065 3833
4065 3843
4065 3848
4065 3859
4065 3865
4065 3873
4065 3879
4065 3881
4065 3900
4065 3908
4065 3910
4065 3915
4065 3931
4065 3932
4065 3938
4065 3950
4065 3959
4065 3960
4065 3961
4065 3962
4065 3967
4065 3968
4065 3970
4065 3971
4065 3972
4065 3973
4065 3975
4065 3979
4065 3981
4065 3982
4065 3984
4065 3990
4065 3999
4065 4001
4065 4002
4065 4005
4065 4014
4065 4017
4065 4029
4065 4031
4065 4044
4065 4045
4065 4048
4065 4049
4065 4052
4065 4061
4065 4516
1457 1490
1457 1492
1457 1616
1457 1639
1457 1650
1457 1688
1457 1696
3779 3821
4040 1224
4040 3441
4040 3791
4040 3803
4040 3808
4040 3826
4040 3841
4040 3859
4040 3860
4040 3892
4040 3917
4040 3918
4040 3920
4040 3956
4040 3961
4040 3968
4040 3977
4040 3981
4040 3996
4040 4000
4040 4008
4040 4010
4040 4016
4040 4025
4040 4026
4040 4043
4040 4049
4040 4052
4040 4058
4040 4063
1310 776
1310 790
1310 814
1310 824
1310 835
1310 836
1310 855
1310 856
1310 864
1310 873
1310 876
1310 892
1310 906
1310 926
1310 933
1310 970
1310 974
1310 979
1310 1014
1310 1023
1310 1025
1310 1038
1310 1072
1310 1092
1310 1129
1310 1137
1310 1161
1310 1167
1310 1184
1310 1192
1310 1199
1310 1200
1310 1213
1310 1226
1310 1229
1310 1240
1310 1245
1310 1252
1310 1256
1310 1260
1310 1262
1310 1276
1310 1282
1310 1284
1310 1296
1310 1307
1310 1312
1310 1315
1310 2797
1310 3140
1310 3944
1310 4810
661 694
661 3684
3684 818
3684 1178
3684 1224
3684 2932
3684 3435
3684 3556
3684 3575
3684 3579
3684 3583
3684 3589
3684 3607
3684 3651
3684 3665
3684 3668
3684 3736
3684 3741
3684 3742
3684 3756
2820 1830
2820 2074
2820 2103
2820 2165
2820 2178
2820 2216
2820 2218
2820 2219
2820 2223
2820 2224
2820 2232
2820 2241
2820 2245
2820 2284
2820 2321
2820 2336
2820 2343
2820 2346
2820 2359
2820 2371
2820 2402
2820 2457
2820 2471
2820 2478
2820 2500
2820 2539
2820 2540
2820 2544
2820 2557
2820 2573
2820 2581
2820 2617
2820 2624
2820 2626
2820 2640
2820 2644
2820 2651
2820 2669
2820 2683
2820 2694
2820 2723
2820 2755
2820 2767
2820 2768
2820 2772
2820 2782
2820 2796
2820 2807
2820 2819
2820 3855
2820 4658
2820 4943
3741 803
3741 1118
3741 1176
3741 1229
3741 1241
3741 1250
3741 2878
3741 2907
3741 2944
3741 2958
3741 2965
3741 3036
3741 3043
3741 3070
3741 3108
3741 3171
3741 3196
3741 3197
3741 3234
3741 3239
3741 3246
3741 3268
3741 3274
3741 3309
3741 3318
3741 3338
3741 3352
3741 3419
3741 3437
3741 3438
3741 3442
3741 3457
3741 3464
3741 3498
3741 3522
3741 3529
3741 3540
3741 3546
3741 3551
3741 3556
3741 3575
3741 3579
3741 3583
3741 3589
3741 3618
3741 3651
3741 3665
3741 3675
3741 3705
3741 3736
3741 3756
2028 1708
2028 1769
2028 1817
2028 1831
2028 1837
2028 1846
2028 1865
2028 1869
2028 1883
2028 1886
2028 1904
2028 1905
2028 1914
2028 1925
2028 1927
2028 1930
2028 1935
2028 1943
2028 1947
2028 1962
2028 1965
2028 1986
2028 2007
2028 2046
2028 2085
2028 2393
2028 4168
2740 2482
2740 2536
2740 2566
2740 2591
2740 2628
2740 2640
2740 2659
2740 2663
2740 2690
2740 2718
2740 2721
2740 2724
2740 2726
2740 2732
2740 2742
2740 2771
2740 2781
2740 2786
2740 2791
2740 2797
2740 2823
2740 2827
2740 3628
2782 1380
2782 1700
2782 2216
2782 2219
2782 2223
2782 2224
2782 2232
2782 2241
2782 2245
2782 2284
2782 2336
2782 2371
2782 2420
2782 2424
2782 2471
2782 2544
2782 2557
2782 2572
2782 2581
2782 2617
2782 2624
2782 2626
2782 2628
2782 2669
2782 2683
2782 2694
2782 2723
2782 2755
2782 2757
2782 2772
2782 2776
2782 2796
2782 2807
2782 2819
2782 3852
2782 3986
3948 3807
3948 3825
3948 3870
3948 3872
3948 3901
3948 3925
3948 3927
3948 3935
3948 3954
3948 4004
3948 4034
4289 4564
4289 4577
2038 1744
2038 1860
2038 1906
2038 1977
2038 2020
2038 2024
2038 2061
2038 2062
2038 2067
2038 2074
2038 2075
2038 2080
2038 2081
2038 2082
2038 2083
2038 2085
2038 2093
2038 2094
2038 4566
2038 4915
2917 2894
2917 2983
2917 3040
2917 3211
2917 3357
673 700
673 3182
700 1303
700 2203
3182 3468
3182 3482
3182 3640
3182 3656
3182 3664
1342 1490
1342 1579
1342 1674
1342 1700
2835 780
2835 2077
2835 2109
2835 2117
2835 2146
2835 2148
2835 2156
2835 2171
2835 2186
2835 2195
2835 2236
2835 2262
2835 2273
2835 2274
2835 2278
2835 2287
2835 2290
2835 2295
2835 2302
2835 2342
2835 2353
2835 2369
2835 2398
2835 2403
2835 2425
2835 2432
2835 2443
2835 2468
2835 2483
2835 2485
2835 2486
2835 2512
2835 2532
2835 2537
2835 2583
2835 2608
2835 2619
2835 2632
2835 2644
2835 2662
2835 2674
2835 2675
2835 2678
2835 2690
2835 2692
2835 2694
2835 2696
2835 2701
2835 2709
2835 2729
2835 2734
2835 2757
2835 2765
2835 2766
2835 2769
2835 2778
2835 2793
2835 2795
2835 2802
2835 2811
2835 2818
2835 2823
2835 2830
2835 3523
2835 3758
2835 4184
2835 4914
2060 1010
2060 1089
2060 1728
2060 1738
2060 1757
2060 1772
2060 1774
2060 1802
2060 1835
2060 1849
2060 1877
2060 1896
2060 1908
2060 1921
2060 1934
2060 1964
2060 1977
2060 1978
2060 1988
2060 1997
2060 2002
2060 2009
2060 2019
2060 2027
2060 2029
2060 2033
2060 2034
2060 2044
2060 2049
2060 2051
2060 2058
2060 2061
2060 2066
2060 2068
2060 2074
2060 2080
699 1086
699 3082
1973 1852
1973 1937
1973 1941
1973 1945
1973 1967
1973 1971
1973 1976
1973 1979
1973 2008
1973 2014
1973 2017
1973 2026
1973 2032
1973 3169
3377 3508
3377 3648
3377 3675
3377 3689
3377 3721
3377 3758
1889 1803
1889 1814
1889 1873
1889 1886
1889 1891
1889 1931
1889 2035
1889 2054
1889 2094
1846 1793
1846 1856
1846 1927
1846 1947
1846 2007
1846 2046
1846 2067
3200 3618
3200 3626
3200 3668
3200 3670
3200 3681
3200 3698
3200 3705
2328 2222
2328 2489
2328 2499
2328 2573
2328 2642
2328 2683
3317 2845
3317 3304
3317 3391
3317 3400
3317 3519
3354 3698
3354 3700
3354 3733
3354 3742
3354 3751
3642 1274
3642 1452
3642 2938
3642 2985
3642 2990
3642 3039
3642 3099
3642 3143
3642 3175
3642 3195
3642 3219
3642 3252
3642 3255
3642 3358
3642 3380
3642 3405
3642 3441
3642 3459
3642 3495
3642 3498
3642 3503
3642 3542
3642 3596
3642 3611
3642 3621
3642 3659
3642 4510
3499 2675
3499 2975
3499 3124
3499 3272
3499 3379
3499 3512
3499 3525
3499 3592
3499 3648
3499 3680
3499 3720
3499 3723
3499 3758
2769 2416
2769 2512
2769 2513
2769 2516
2769 2549
2769 2583
2769 2595
2769 2608
2769 2619
2769 2658
2769 2674
2769 2690
2769 2701
2769 2730
2769 2757
2769 2765
2769 2766
2769 2778
2769 2795
2769 2802
2769 2818
2769 2830
2769 3192
3548 2296
3548 3058
3548 3072
3548 3171
3548 3235
3548 3265
3548 3288
3548 3316
3548 3359
3548 3415
3548 3440
3548 3444
3548 3560
3548 3604
3548 3607
4479 3477
4479 4360
4479 4369
4479 4473
4479 4475
4479 4537
4479 4549
4479 4562
4479 4573
2198 2292
2198 2487
2198 2609
2198 2654
2198 2686
2338 2254
2338 2319
2338 2435
2338 2640
2338 2645
2338 2652
1244 797
1244 816
1244 849
1244 879
1244 905
1244 912
1244 956
1244 968
1244 1008
1244 1020
1244 1033
1244 1045
1244 1054
1244 1059
1244 1061
1244 1068
1244 1094
1244 1095
1244 1121
1244 1123
1244 1177
1244 1233
1244 1253
1244 1266
1244 2304
1244 4225
1574 1361
1574 1543
1574 1613
1574 1676
1574 1688
1574 1693
1574 1695
1574 1696
1574 1704
3986 3860
3986 3888
3986 3920
3986 3930
3986 3945
3986 3965
3986 3974
3986 3989
3986 4008
3986 4017
3986 4027
3986 4028
3986 4044
3986 4047
3986 4057
4094 4183
4094 4278
4094 4287
1307 790
1307 811
1307 832
1307 853
1307 855
1307 873
1307 876
1307 893
1307 900
1307 933
1307 939
1307 944
1307 955
1307 974
1307 986
1307 997
1307 1007
1307 1014
1307 1019
1307 1025
1307 1038
1307 1043
1307 1050
1307 1139
1307 1149
1307 1161
1307 1167
1307 1172
1307 1184
1307 1199
1307 1207
1307 1229
1307 1240
1307 1247
1307 1253
1307 1256
1307 1260
1307 1262
1307 1276
1307 1282
1307 1284
1307 1296
1307 1301
1307 1312
1307 1315
1307 1319
1307 2512
1307 2967
1307 3234
1307 3449
1307 3510
3549 1908
3549 3099
3549 3175
3549 3195
3549 3219
3549 3252
3549 3309
3549 3446
3549 3459
3549 3495
3549 3498
3549 3503
3549 3596
3549 3602
3549 3646
3549 3703
3614 1204
3614 2890
3614 2943
3614 3033
3614 3125
3614 3187
3614 3189
3614 3192
3614 3205
3614 3207
3614 3218
3614 3263
3614 3281
3614 3309
3614 3326
3614 3373
3614 3427
3614 3441
3614 3573
3614 3584
3614 3670
3614 3700
3614 4820
4815 4645
4815 4836
4815 4902
4815 4926
4815 4934
4815 4943
4815 4956
4815 4964
4815 4974
4815 4992
1818 1993
1818 2050
1818 2093
1818 2094
4500 3362
4500 4305
4500 4316
4500 4367
4500 4463
4500 4498
4500 4510
4500 4514
4500 4533
4500 4543
4500 4548
4500 4552
4500 4561
4500 4566
4500 4568
1086 848
1086 885
1086 1003
1086 1042
1086 1057
1086 1065
1086 1190
1086 1212
1086 1259
1086 1278
1086 2005
3082 3730
1303 791
1303 798
1303 838
1303 870
1303 882
1303 883
1303 896
1303 897
1303 927
1303 937
1303 945
1303 957
1303 983
1303 988
1303 1011
1303 1021
1303 1027
1303 1040
1303 1053
1303 1066
1303 1067
1303 1082
1303 1089
1303 1092
1303 1106
1303 1119
1303 1122
1303 1139
1303 1157
1303 1163
1303 1165
1303 1170
1303 1174
1303 1175
1303 1176
1303 1186
1303 1192
1303 1197
1303 1208
1303 1210
1303 1222
1303 1246
1303 1248
1303 1249
1303 1261
1303 1282
1303 1285
1303 1304
1303 1308
1303 2093
1303 3582
1303 3707
2203 2663
2203 2809
2203 2823
2203 2827
1609 1331
1609 1350
1609 1412
1609 1485
1609 1505
1609 1558
1609 1607
1609 1614
1609 1619
1609 1645
1609 1658
1609 1695
1609 1696
1238 801
1238 810
1238 814
1238 880
1238 907
1238 947
1238 954
1238 973
1238 990
1238 1047
1238 1064
1238 1066
1238 1074
1238 1113
1238 1128
1238 1173
1238 1196
1238 1204
1238 1213
1238 1224
1238 1239
1238 1298
1238 1301
1238 1314
1238 2081
1238 3531
4158 4213
4158 4246
4158 4259
4158 4261
4158 4262
4158 4269
4158 4273
4158 4274
1473 1417
1473 1500
1473 1553
1473 1599
4472 4454
4472 4455
4472 4475
4472 4498
4472 4507
4472 4548
4472 4552
4472 4561
4472 4566
4472 4568
1727 1715
1727 1871
1727 1901
1727 1938
1727 1998
1727 2049
2236 2830
4863 4166
4863 4628
4863 4648
4863 4708
4863 4724
4863 4732
4863 4733
4863 4753
4863 4799
4863 4846
4863 4853
4863 4862
4863 4875
4863 4886
4863 4890
4863 4957
4863 4997
1319 778
1319 807
1319 817
1319 820
1319 823
1319 826
1319 831
1319 834
1319 835
1319 841
1319 847
1319 856
1319 892
1319 922
1319 936
1319 953
1319 958
1319 963
1319 964
1319 967
1319 975
1319 978
1319 987
1319 992
1319 1017
1319 1031
1319 1039
1319 1048
1319 1053
1319 1055
1319 1059
1319 1076
1319 1079
1319 1081
1319 1082
1319 1087
1319 1110
1319 1114
1319 1117
1319 1135
1319 1139
1319 1145
1319 1159
1319 1169
1319 1178
1319 1183
1319 1201
1319 1208
1319 1213
1319 1221
1319 1225
1319 1231
1319 1239
1319 1241
1319 1247
1319 1248
1319 1252
1319 1261
1319 1269
1319 1295
1319 1298
1319 1299
1319 1312
1319 1314
1319 1315
1319 1316
1319 2616
1319 2938
1319 3211
1319 3584
1319 4144
1319 4200
1319 4787
2075 1730
2075 1747
2075 1790
2075 1793
2075 1903
2075 1915
2075 1932
2075 1943
2075 1953
2075 1967
2075 1968
2075 1990
2075 1999
2075 2002
2075 2014
2075 2034
2075 2039
2075 2043
2075 2050
2075 2054
2075 2062
2075 2067
2075 2070
2075 2071
2075 2074
2075 2077
2075 2080
2075 2081
2075 2082
2075 2083
2075 2085
2075 2093
2075 2094
2075 2337
2075 2770
2075 3255
3219 3380
3219 3495
3219 3498
3219 3503
3219 3596
3219 3730
3639 1477
3639 1599
3639 2031
3639 2847
3639 2888
3639 2939
3639 2980
3639 3060
3639 3071
3639 3073
3639 3112
3639 3215
3639 3242
3639 3337
3639 3376
3639 3404
3639 3426
3639 3465
3639 3507
3639 3510
3639 3514
3639 3582
3639 3616
3639 3637
3639 3638
3639 3687
3639 3700
4115 4244
4115 4250
4115 4287
2716 2166
2716 2196
2716 2207
2716 2294
2716 2307
2716 2406
2716 2491
2716 2517
2716 2565
2716 2572
2716 2605
2716 2606
2716 2650
2716 2704
2716 2721
2716 2738
2716 2753
2716 4778
3178 3169
3178 3275
3178 3677
3178 3703
3178 3707
4061 2677
4061 3503
4061 3764
4061 3793
4061 3806
4061 3810
4061 3815
4061 3817
4061 3824
4061 3830
4061 3843
4061 3848
4061 3859
4061 3861
4061 3867
4061 3868
4061 3873
4061 3875
4061 3879
4061 3881
4061 3889
4061 3900
4061 3910
4061 3922
4061 3931
4061 3932
4061 3938
4061 3944
4061 3959
4061 3960
4061 3962
4061 3966
4061 3967
4061 3970
4061 3972
4061 3973
4061 3975
4061 3979
4061 3982
4061 3984
4061 3990
4061 3999
4061 4000
4061 4005
4061 4008
4061 4017
4061 4029
4061 4044
4061 4045
4061 4058
1004 1048
1004 1243
1004 1250
1004 1297
1004 1301
1976 1808
1976 1838
1976 1887
1976 1930
1976 1941
1976 1945
1976 1967
1976 1971
1976 1979
1976 2008
1976 2014
1976 2017
1976 2026
1976 2032
1976 2077
1976 4989
4471 4315
4471 4371
4471 4384
4471 4448
4471 4461
4471 4481
4471 4494
4471 4506
4471 4526
4471 4545
4471 4549
4471 4562
4471 4573
3677 1410
3677 2053
3677 2859
3677 2921
3677 3009
3677 3054
3677 3057
3677 3081
3677 3133
3677 3137
3677 3183
3677 3267
3677 3275
3677 3319
3677 3321
3677 3351
3677 3468
3677 3479
3677 3482
3677 3493
3677 3515
3677 3536
3677 3539
3677 3568
3677 3569
3677 3625
3677 3655
3677 3687
3677 3703
3677 3707
3677 3730
3677 4394
2734 875
2734 2140
2734 2161
2734 2219
2734 2237
2734 2268
2734 2308
2734 2404
2734 2406
2734 2415
2734 2465
2734 2517
2734 2590
2734 2597
2734 2600
2734 2605
2734 2606
2734 2650
2734 2707
2734 2778
2734 2784
2734 3432
2780 971
2780 1229
2780 1650
2780 2269
2780 2300
2780 2340
2780 2357
2780 2364
2780 2405
2780 2458
2780 2514
2780 2530
2780 2559
2780 2581
2780 2587
2780 2598
2780 2616
2780 2626
2780 2646
2780 2662
2780 2663
2780 2668
2780 2744
2780 2746
2780 2768
2780 2770
2780 2776
2780 2790
2780 2794
2780 2801
2780 2811
2780 2815
4437 3644
4437 4422
4437 4505
4437 4525
4437 4534
4437 4541
2854 3399
2854 3610
2854 3617
2854 3624
2854 3643
2768 1958
2768 2050
2768 2340
2768 2347
2768 2361
2768 2388
2768 2416
2768 2474
2768 2529
2768 2542
2768 2591
2768 2614
2768 2616
2768 2646
2768 2662
2768 2707
2768 2747
2768 2752
2768 2758
2768 2786
2768 2790
2768 2794
2768 2801
2768 2815
2768 3596
3334 2956
3334 3007
3334 3454
3334 3542
3334 3578
3334 3610
3334 3624
3334 3643
2909 3559
2909 3644
2909 3723
3567 1048
3567 2847
3567 3065
3567 3226
3567 3256
3567 3259
3567 3396
3567 3542
3567 3552
3567 3636
3567 3669
3567 3683
3567 3692
3567 3704
4058 1015
4058 1654
4058 2730
4058 3481
4058 3769
4058 3777
4058 3781
4058 3803
4058 3807
4058 3808
4058 3809
4058 3831
4058 3839
4058 3840
4058 3846
4058 3855
4058 3860
4058 3863
4058 3867
4058 3872
4058 3877
4058 3882
4058 3904
4058 3906
4058 3907
4058 3917
4058 3918
4058 3920
4058 3958
4058 3966
4058 3971
4058 3977
4058 3978
4058 3980
4058 3981
4058 3985
4058 3989
4058 3991
4058 3996
4058 4016
4058 4022
4058 4023
4058 4024
4058 4025
4058 4026
4058 4027
4058 4029
4058 4043
4058 4048
4058 4049
4058 4052
4058 4063
4058 4699
4058 4884
3361 3026
3361 3107
3361 3581
3361 3675
3361 3689
3361 3721
3361 3736
3361 3758
3524 2926
3524 3552
3524 3554
3524 3636
3524 3690
3524 3692
3524 3696
3524 3704
2630 2429
2630 2599
2630 2686
2630 2753
2630 2779
2630 2810
2630 3627
4220 1315
4220 4096
4220 4124
4220 4140
4220 4199
4220 4228
4220 4235
4220 4238
4220 4246
4220 4250
4220 4259
4220 4260
4220 4261
4220 4273
1696 1321
1696 1324
1696 1335
1696 1341
1696 1344
1696 1350
1696 1354
1696 1355
1696 1365
1696 1378
1696 1381
1696 1390
1696 1392
1696 1396
1696 1413
1696 1423
1696 1429
1696 1448
1696 1464
1696 1469
1696 1471
1696 1472
1696 1484
1696 1485
1696 1492
1696 1496
1696 1502
1696 1503
1696 1504
1696 1517
1696 1545
1696 1564
1696 1573
1696 1583
1696 1602
1696 1604
1696 1607
1696 1614
1696 1616
1696 1640
1696 1676
1696 1681
1696 1685
1696 1688
1696 1689
1696 1695
1696 1698
1696 2319
1696 3479
1696 3624
1696 4541
2742 1676
2742 2218
2742 2277
2742 2444
2742 2663
2742 2696
2742 2699
2742 2707
2742 2718
2742 2720
2742 2722
2742 2726
2742 2752
2742 2781
2742 2783
2742 2791
2742 2797
2742 2809
2742 2823
2742 2827
2742 4535
2595 2559
2595 2653
2595 2656
2595 2678
2595 2691
2595 2707
2595 2725
2595 2745
2595 2748
2595 2779
2595 2823
2784 2100
2784 2120
2784 2166
2784 2168
2784 2197
2784 2207
2784 2237
2784 2294
2784 2307
2784 2308
2784 2358
2784 2365
2784 2404
2784 2425
2784 2426
2784 2456
2784 2497
2784 2517
2784 2519
2784 2527
2784 2545
2784 2551
2784 2565
2784 2590
2784 2597
2784 2605
2784 2606
2784 2650
2784 2689
2784 2708
2784 2827
2784 3558
2784 4776
4362 4530
4362 4562
4362 4563
4362 4573
1344 1557
1344 1676
1616 1398
1616 1442
1616 1469
1616 1583
1616 1613
1616 1614
1616 1640
1616 1676
1616 1685
1616 1693
1616 1707
1616 4862
1673 1242
1673 1334
1673 1380
1673 1390
1673 1391
1673 1397
1673 1410
1673 1419
1673 1456
1673 1476
1673 1491
1673 1512
1673 1527
1673 1531
1673 1537
1673 1544
1673 1554
1673 1565
1673 1578
1673 1611
1673 1630
1673 1646
1673 1647
1673 1650
1673 1654
1673 1679
1673 1681
1673 1690
1673 1700
1673 1704
1673 3478
3824 3967
3824 4019
2525 1675
2525 2496
2525 2542
2525 2646
2525 2662
2525 2744
2525 2752
2525 2794
2525 2818
2525 2827
2942 3174
2942 3243
2942 3445
3832 3885
3832 3892
3832 3904
3832 3920
3832 4052
3832 4063
2005 1720
2005 1768
2005 1779
2005 1786
2005 1828
2005 1829
2005 1868
2005 1874
2005 1879
2005 1884
2005 1948
2005 2001
2005 2012
2005 2015
2005 2016
2005 3640
2690 2522
2690 2675
2690 2701
2690 2757
2690 2765
2690 2795
2690 2802
2690 2818
2690 2830
2690 4527
4241 3689
4241 4079
4241 4087
4241 4114
4241 4116
4241 4142
4241 4163
4241 4200
4241 4202
4241 4211
4241 4214
4241 4217
4241 4240
4241 4244
4241 4248
4241 4264
2795 2184
2795 2213
2795 2274
2795 2342
2795 2403
2795 2443
2795 2468
2795 2485
2795 2486
2795 2488
2795 2491
2795 2537
2795 2561
2795 2608
2795 2613
2795 2619
2795 2674
2795 2692
2795 2698
2795 2701
2795 2709
2795 2744
2795 2752
2795 2757
2795 2765
2795 2766
2795 2778
2795 2797
2795 2802
2795 2818
2795 2819
2795 2830
2795 4002
2795 4655
2795 4987
1507 1362
1507 1378
1507 1394
1507 1482
1507 1540
1507 1578
1507 1674
1507 1675
1507 1700
2375 2491
2375 2654
2375 2666
2375 2670
2375 2673
2375 2699
2375 2714
4034 1704
4034 3766
4034 3767
4034 3785
4034 3796
4034 3803
4034 3807
4034 3825
4034 3837
4034 3847
4034 3866
4034 3870
4034 3889
4034 3896
4034 3911
4034 3912
4034 3925
4034 3927
4034 3935
4034 3936
4034 3944
4034 3954
4034 3971
4034 3980
4034 3993
4034 4002
4034 4004
4034 4031
4034 4047
4794 4607
4794 4616
4794 4657
4794 4702
4794 4764
4794 4802
4794 4809
4794 4810
4794 4816
4794 4825
4794 4833
4794 4882
3637 2847
3637 2888
3637 2939
3637 2980
3637 2992
3637 3060
3637 3071
3637 3073
3637 3112
3637 3113
3637 3215
3637 3242
3637 3295
3637 3337
3637 3359
3637 3376
3637 3380
3637 3426
3637 3465
3637 3507
3637 3510
3637 3514
3637 3552
3637 3638
3637 3768
810 880
810 1237
1512 1466
1512 1480
1512 1598
1512 1647
1512 1655
1512 1704
2646 2212
2646 2494
2646 2614
2646 2626
2646 2750
2646 2758
2646 2794
2646 2801
2646 2815
2646 4873
857 979
857 1298
857 1314
857 1316
1521 1259
1521 1402
1521 1474
1521 1500
1521 1522
1521 1553
1521 1599
1521 1619
2793 1239
2793 1679
2793 2035
2793 2137
2793 2161
2793 2298
2793 2299
2793 2300
2793 2316
2793 2318
2793 2332
2793 2341
2793 2352
2793 2362
2793 2369
2793 2384
2793 2386
2793 2412
2793 2492
2793 2496
2793 2505
2793 2552
2793 2553
2793 2572
2793 2576
2793 2604
2793 2607
2793 2619
2793 2625
2793 2641
2793 2657
2793 2677
2793 2719
2793 2726
2793 2730
2793 2774
2793 2799
2793 2802
2058 1709
2058 1710
2058 1711
2058 1730
2058 1746
2058 1766
2058 1775
2058 1782
2058 1788
2058 1792
2058 1810
2058 1839
2058 1845
2058 1851
2058 1867
2058 1870
2058 1909
2058 1922
2058 1946
2058 1952
2058 1956
2058 1990
2058 1999
2058 2000
2058 2006
2058 2031
2058 2047
2058 2053
2058 2056
2058 3438
2058 3960
2058 4217
2058 4989
4992 1807
4992 2650
4992 3028
4992 3037
4992 3838
4992 4596
4992 4665
4992 4694
4992 4731
4992 4774
4992 4796
4992 4804
4992 4810
4992 4812
4992 4816
4992 4836
4992 4837
4992 4844
4992 4850
4992 4853
4992 4854
4992 4857
4992 4858
4992 4861
4992 4868
4992 4873
4992 4874
4992 4882
4992 4893
4992 4902
4992 4904
4992 4914
4992 4917
4992 4923
4992 4924
4992 4927
4992 4944
4992 4947
4992 4950
4992 4961
4992 4971
4992 4986
4992 4987
4992 4989
4992 4994
4992 4996
4992 4997
1014 1276
1014 1284
1014 1306
1014 1315
1500 1358
1500 1376
1500 1459
1500 1466
1500 1526
1500 1553
3345 1297
3345 2977
3345 2996
3345 3382
3345 3452
3345 3483
1073 1061
1073 1117
1073 1274
1073 1281
1073 1304
1073 1305
1073 1306
1073 1312
4707 4836
4707 4847
4707 4855
4707 4883
4707 4886
4707 4898
4707 4936
2404 2365
2404 2610
2404 2750
3665 1378
3665 2455
3665 2865
3665 2869
3665 3333
3665 3563
3665 3583
3665 3589
3665 3651
3665 3736
3665 3756
4873 4808
4873 4884
4873 4913
4873 4987
4873 4989
4873 4994
4873 4996
4873 4997
930 1274
930 1296
930 1312
930 1315
1021 963
1021 1089
1021 1098
1021 1176
1021 1207
1021 1208
1021 1222
1021 1246
1021 1285
1021 1308
3266 3105
3266 3180
3266 3296
3266 3382
3266 3438
3266 3452
3266 3543
3266 3569
3266 3636
2070 1737
2070 1822
2070 1873
2070 1945
2070 1949
2070 1968
2070 1990
2070 2000
2070 2003
2070 2015
2070 2024
2070 2032
2070 2039
2070 2043
2070 2050
2070 2052
2070 2054
2070 2062
2070 2067
2070 2077
2070 2080
2070 2081
2070 2082
2070 2083
2070 2085
2070 2093
2070 2094
2070 2444
2070 4282
4237 4070
4237 4103
4237 4127
4237 4186
4237 4203
4237 4212
4237 4226
4237 4234
4237 4239
4237 4242
4237 4251
4237 4253
4237 4256
4237 4258
4237 4268
4237 4270
1116 1107
1116 1118
1116 1126
1116 1148
1116 1166
1116 1200
1116 1215
1116 1245
1116 1250
1116 1274
1116 1301
1116 2707
1707 1354
1707 1356
1707 1370
1707 1381
1707 1384
1707 1385
1707 1389
1707 1404
1707 1407
1707 1409
1707 1415
1707 1425
1707 1430
1707 1439
1707 1443
1707 1444
1707 1445
1707 1446
1707 1452
1707 1455
1707 1464
1707 1465
1707 1479
1707 1484
1707 1487
1707 1505
1707 1509
1707 1510
1707 1522
1707 1533
1707 1534
1707 1551
1707 1572
1707 1582
1707 1589
1707 1597
1707 1598
1707 1604
1707 1606
1707 1620
1707 1622
1707 1625
1707 1630
1707 1638
1707 1643
1707 1644
1707 1649
1707 1652
1707 1659
1707 1663
1707 1664
1707 1670
1707 1687
1707 1688
1707 1689
1707 1690
1707 1691
1707 1693
1707 1694
1707 1703
1707 1704
1707 1774
1707 3104
1707 3504
1707 4274
1707 4421
2014 1724
2014 1742
2014 1759
2014 1785
2014 1808
2014 1840
2014 1887
2014 1932
2014 1941
2014 1945
2014 1967
2014 1971
2014 1979
2014 2008
2014 2017
2014 2026
2014 2032
2014 2625
2958 2963
3968 3820
3968 3865
3968 3881
3968 3959
3968 3973
3968 3976
3968 3979
3968 3999
3968 4956
4248 2044
4248 2679
4248 4067
4248 4079
4248 4087
4248 4098
4248 4104
4248 4114
4248 4116
4248 4119
4248 4142
4248 4161
4248 4163
4248 4177
4248 4200
4248 4202
4248 4214
4248 4217
4248 4240
4248 4244
4248 4263
4248 4278
1851 1774
1851 2031
1851 2047
1851 2056
4274 3128
4274 3640
4274 4069
4274 4075
4274 4098
4274 4131
4274 4160
4274 4173
4274 4222
4274 4223
4274 4225
4274 4228
4274 4236
4274 4238
4274 4247
4274 4250
4274 4253
4274 4256
4274 4257
4274 4262
4274 4263
4274 4267
4274 4268
4274 4269
4274 4271
4274 4272
4274 4275
4274 4277
4274 4278
4274 4282
4274 4287
4969 1416
4969 1471
4969 1921
4969 2815
4969 4581
4969 4592
4969 4596
4969 4605
4969 4662
4969 4667
4969 4674
4969 4700
4969 4711
4969 4712
4969 4713
4969 4780
4969 4786
4969 4787
4969 4800
4969 4806
4969 4823
4969 4832
4969 4835
4969 4838
4969 4858
4969 4893
4969 4916
4969 4920
4969 4931
4969 4937
4969 4946
4969 4952
4969 4957
4969 4964
4969 4966
4969 4974
4969 4977
4969 4979
835 1104
835 1314
835 1316
4032 1190
4032 3792
4032 3818
4032 3834
4032 3851
4032 3888
4032 3894
4032 3904
4032 3907
4032 3908
4032 3938
4032 3961
4032 3965
4032 3984
4032 3999
4032 4000
4032 4002
4032 4005
4032 4008
4032 4011
4032 4013
4032 4022
4032 4026
4032 4028
4032 4045
4032 4047
4032 4056
4032 4057
4892 1487
4892 1635
4892 4579
4892 4639
4892 4650
4892 4655
4892 4684
4892 4705
4892 4728
4892 4828
4892 4839
4892 4850
4892 4865
4892 4877
4892 4902
4892 4909
4892 4930
4892 4945
4892 4971
2567 1545
2567 2224
2567 2494
2567 2720
2567 2729
2567 2732
2567 2781
2567 2791
2567 2823
2567 2827
4142 4087
4142 4114
4142 4217
4142 4240
4142 4282
4773 4869
4773 4934
4773 4944
4773 4987
4773 4997
1941 865
1941 1967
1941 1971
1941 1979
1941 2008
1941 2017
1941 2026
1941 2032
2767 1281
2767 1926
2767 2122
2767 2223
2767 2224
2767 2241
2767 2272
2767 2343
2767 2346
2767 2359
2767 2374
2767 2457
2767 2478
2767 2544
2767 2557
2767 2581
2767 2617
2767 2626
2767 2639
2767 2644
2767 2683
2767 2694
2767 2723
2767 2755
2767 2772
2767 2796
2767 2807
2767 2815
2767 2819
3835 3829
3835 3857
3835 3913
3835 3945
3835 3961
3835 3964
3835 3976
3835 4010
4427 3292
4427 4303
4427 4512
4427 4533
4427 4535
4916 3599
4916 4025
4916 4699
4916 4702
4916 4757
4916 4800
4916 4823
4916 4832
4916 4838
4916 4858
4916 4893
4916 4931
4916 4937
4916 4946
4916 4957
4916 4966
4916 4979
1179 914
1179 917
1179 1046
1179 1083
1179 1107
1179 1118
1179 1147
1179 1166
1179 1172
1179 1173
1179 1196
1179 1243
1179 1245
1179 1250
1179 1260
1179 1297
1179 1301
1179 3867
1306 782
1306 784
1306 795
1306 818
1306 834
1306 845
1306 875
1306 881
1306 888
1306 890
1306 894
1306 911
1306 918
1306 919
1306 923
1306 925
1306 932
1306 943
1306 959
1306 994
1306 1011
1306 1016
1306 1037
1306 1044
1306 1067
1306 1096
1306 1097
1306 1137
1306 1142
1306 1156
1306 1171
1306 1176
1306 1177
1306 1226
1306 1239
1306 1241
1306 1242
1306 1266
1306 1274
1306 1276
1306 1281
1306 1294
1306 1296
1306 1304
1306 1305
1306 2052
1306 3145
1306 3494
1306 3990
1306 4746
3723 1141
3723 1152
3723 1243
3723 1541
3723 1687
3723 2846
3723 2848
3723 2874
3723 2877
3723 2891
3723 2903
3723 2904
3723 2930
3723 2951
3723 2952
3723 2968
3723 2975
3723 2976
3723 3020
3723 3035
3723 3091
3723 3114
3723 3134
3723 3154
3723 3161
3723 3164
3723 3172
3723 3224
3723 3233
3723 3262
3723 3295
3723 3350
3723 3356
3723 3374
3723 3379
3723 3389
3723 3390
3723 3402
3723 3408
3723 3422
3723 3429
3723 3431
3723 3463
3723 3493
3723 3512
3723 3525
3723 3559
3723 3582
3723 3592
3723 3599
3723 3644
3723 3663
3723 3680
3723 3681
3723 3720
3723 4885
4136 4228
4136 4246
4136 4260
4136 4261
4136 4262
4136 4273
4136 4277
1564 1350
1564 1547
1564 1555
1564 1558
1564 1573
1564 1589
1564 1687
1564 1688
1564 1695
1564 3963
3033 3028
3033 3189
3033 3205
3033 3207
3033 3371
3633 2964
3633 3050
3633 3076
3633 3308
3633 3379
3633 3438
3633 3471
3633 3492
3633 3515
3633 3543
3633 3602
3633 3626
3633 3636
3633 3682
3633 3685
3633 3689
3633 3721
3633 3758
3633 3903
3633 4392
3633 4934
1210 795
1210 798
1210 1123
1210 1150
1210 1165
1210 1174
1210 1176
1210 1186
1210 1197
1210 1207
1210 1208
1210 1221
1210 1222
1210 1246
1210 1249
1210 1285
1210 1301
1210 1308
1210 3817
2387 2545
2387 2625
2387 2700
2387 2708
2387 2737
3552 2062
3552 2897
3552 3469
3552 3516
3552 3585
3552 3624
3552 3653
3552 3692
3552 3696
3643 1898
3643 2606
3643 2893
3643 2901
3643 2902
3643 2913
3643 2956
3643 3007
3643 3091
3643 3167
3643 3168
3643 3213
3643 3311
3643 3393
3643 3433
3643 3451
3643 3454
3643 3497
3643 3510
3643 3542
3643 3578
3643 3610
3643 3617
3643 3624
3643 3705
1126 1145
1126 1154
1126 1243
1126 1250
1126 1297
1126 1301
1126 4898
2827 1850
2827 1860
2827 2046
2827 2144
2827 2147
2827 2164
2827 2186
2827 2217
2827 2218
2827 2227
2827 2230
2827 2233
2827 2242
2827 2251
2827 2256
2827 2268
2827 2277
2827 2282
2827 2287
2827 2298
2827 2326
2827 2397
2827 2428
2827 2461
2827 2482
2827 2502
2827 2512
2827 2531
2827 2536
2827 2566
2827 2591
2827 2628
2827 2634
2827 2659
2827 2663
2827 2679
2827 2708
2827 2718
2827 2720
2827 2722
2827 2724
2827 2726
2827 2729
2827 2732
2827 2771
2827 2781
2827 2786
2827 2791
2827 2797
2827 2809
2827 2815
2827 2823
2827 3020
2827 4616
2827 4917
2827 4986
3442 3422
3442 3736
3442 3756
3484 1579
3484 3217
3484 3491
3484 3566
3484 3627
3484 3685
3484 3730
3484 3742
1977 1537
1977 1878
1977 1936
1977 1978
1977 1997
1977 2019
1977 2027
1977 2033
1977 2034
1977 2044
1977 2049
1977 2051
1977 2061
1977 2066
1977 2068
1977 2094
2754 2104
2754 2197
2754 2247
2754 2261
2754 2271
2754 2296
2754 2303
2754 2344
2754 2348
2754 2410
2754 2427
2754 2469
2754 2483
2754 2504
2754 2508
2754 2510
2754 2539
2754 2545
2754 2588
2754 2633
2754 2643
2754 2645
2754 2688
2754 2710
2754 2724
2754 2786
2754 3155
2754 3575
2754 4300
3497 2187
3497 2950
3497 2965
3497 2979
3497 3006
3497 3022
3497 3097
3497 3236
3497 3272
3497 3285
3497 3333
3497 3386
3497 3399
3497 3736
4952 2662
4952 3576
4952 4588
4952 4629
4952 4785
4952 4826
4952 4840
4952 4851
4952 4856
4952 4929
4952 4932
4952 4933
4952 4935
4952 4937
4952 4939
4952 4940
4952 4942
4952 4958
4952 4960
4952 4961
4952 4971
4952 4977
4952 4979
2721 1560
2721 2162
2721 2180
2721 2267
2721 2380
2721 2383
2721 2385
2721 2429
2721 2436
2721 2448
2721 2546
2721 2611
2721 2687
2721 2700
2721 2737
2721 2830
2783 1159
2783 1382
2783 2082
2783 2303
2783 2345
2783 2403
2783 2453
2783 2501
2783 2522
2783 2548
2783 2606
2783 2629
2783 2658
2783 2660
2783 2667
2783 2671
2783 2675
2783 2686
2783 2697
2783 2700
2783 2705
2783 2738
2783 2748
2783 2753
2783 2775
2783 2779
2783 2794
2783 2810
3329 3398
3329 3576
3329 3616
3329 3618
3329 3621
3329 3649
3329 3670
3329 3681
3329 3705
4507 4349
4507 4394
4507 4474
4507 4477
4507 4497
4507 4498
4507 4501
4507 4514
4507 4527
4507 4533
4507 4534
4507 4548
4507 4552
4507 4561
4507 4566
4507 4568
1694 1356
1694 1363
1694 1370
1694 1385
1694 1389
1694 1393
1694 1444
1694 1446
1694 1455
1694 1458
1694 1465
1694 1479
1694 1494
1694 1502
1694 1506
1694 1510
1694 1523
1694 1533
1694 1539
1694 1572
1694 1581
1694 1582
1694 1589
1694 1597
1694 1601
1694 1604
1694 1620
1694 1625
1694 1630
1694 1637
1694 1638
1694 1639
1694 1643
1694 1649
1694 1652
1694 1663
1694 1664
1694 1670
1694 1687
1694 1688
1694 1693
1694 1695
1694 1700
1694 1703
1694 1704
1694 2035
1694 2094
1694 2689
1694 2709
1694 3511
2103 2264
2103 2562
2103 2610
2103 2810
2913 3542
2913 3610
2913 3617
2847 3638
4564 3309
4564 3579
4564 4291
4564 4293
4564 4296
4564 4299
4564 4327
4564 4349
4564 4358
4564 4367
4564 4390
4564 4412
4564 4421
4564 4423
4564 4429
4564 4433
4564 4435
4564 4453
4564 4460
4564 4465
4564 4469
4564 4491
4564 4497
4564 4498
4564 4502
4564 4504
4564 4512
4564 4515
4564 4516
4564 4519
4564 4526
4564 4530
4564 4534
4564 4535
4564 4539
4564 4541
4564 4550
4564 4551
4564 4563
4564 4577
4564 4843
4564 4966
1828 2056
1828 2074
1828 2080
1828 2094
2750 1716
2750 2151
2750 2212
2750 2311
2750 2498
2750 2519
2750 2529
2750 2614
2750 2634
2750 2635
2750 2693
2750 2744
2750 2752
2750 2758
2750 2786
2750 2790
2750 2801
2750 2811
2750 2815
2750 4139
4939 1708
4939 3262
4939 4614
4939 4736
4939 4756
4939 4840
4939 4845
4939 4877
4939 4894
4939 4920
4939 4929
4939 4932
4939 4933
4939 4935
4939 4936
4939 4940
4939 4942
4939 4947
4939 4958
4939 4961
4939 4966
4939 4971
4939 4977
3467 2923
3467 3053
3467 3105
3467 3180
3467 3293
3467 3346
3467 3432
3467 3483
3467 3519
3467 3556
3467 3569
3467 3611
3668 2882
3668 3024
3668 3025
3668 3031
3668 3124
3668 3145
3668 3203
3668 3217
3668 3248
3668 3300
3668 3330
3668 3352
3668 3417
3668 3419
3668 3431
3668 3450
3668 3511
3668 3529
3668 3618
3668 3619
3668 3621
3668 3622
3668 3647
3668 3653
3668 3655
3668 3670
3668 3671
3668 3690
3668 3698
3668 4238
3668 4776
4504 2914
4504 4299
4504 4300
4504 4449
4504 4452
4504 4473
4504 4515
4504 4519
4504 4527
4504 4539
4504 4552
4504 4561
4504 4577
4818 4582
4818 4660
4818 4682
4818 4683
4818 4765
4818 4806
4818 4807
4818 4874
4818 4884
4818 4897
4818 4900
4818 4994
1403 1374
1403 1387
1403 1431
1403 1454
1403 1493
1403 1541
1565 1513
1565 1557
1565 1603
1565 1619
1565 1690
1565 1703
1565 1704
3575 3114
3575 3391
3575 3533
3575 3591
3575 3720
3575 3736
3575 3756
3575 3845
4202 1845
4202 4093
4202 4116
4202 4200
4202 4214
4202 4217
4202 4240
4202 4244
4202 4278
4872 2856
4872 4590
4872 4600
4872 4611
4872 4697
4872 4706
4872 4720
4872 4751
4872 4762
4872 4763
4872 4782
4872 4798
4872 4822
4872 4830
4872 4843
4872 4852
4872 4871
4872 4885
4872 4966
1117 1241
1117 1252
1117 1298
1117 1299
1117 1314
1117 1316
3078 2982
3078 3758
3204 3408
3204 3492
3204 3711
3204 3730
3584 2867
3584 2943
3584 2991
3584 3085
3584 3187
3584 3189
3584 3192
3584 3205
3584 3207
3584 3218
3584 3281
3584 3309
3584 3316
3584 3371
3584 3373
3584 3427
3584 3472
4020 1030
4020 3762
4020 3775
4020 3794
4020 3796
4020 3797
4020 3834
4020 3844
4020 3891
4020 3895
4020 3903
4020 3905
4020 3916
4020 3922
4020 3928
4020 3929
4020 3952
4020 3963
4020 3983
4020 3998
4020 4014
4020 4021
4020 4027
4020 4029
4020 4459
956 920
956 1115
956 1233
1397 1425
1397 1474
1397 1531
1397 1647
1397 1704
3053 3005
3053 3293
3053 3432
3053 3518
3053 3569
3053 3682
3640 2855
3640 2884
3640 2924
3640 3005
3640 3045
3640 3151
3640 3201
3640 3289
3640 3301
3640 3320
3640 3355
3640 3365
3640 3436
3640 3476
3640 3488
3640 3504
3640 3537
3640 3597
3640 3646
3640 3656
3640 3664
3640 3687
3640 3742
4530 2342
4530 2811
4530 4339
4530 4348
4530 4371
4530 4400
4530 4405
4530 4409
4530 4436
4530 4442
4530 4473
4530 4475
4530 4522
4530 4537
4530 4539
4530 4542
4530 4545
4530 4549
4530 4562
4530 4573
4530 4577
4530 4923
3229 2876
3229 2991
3229 3649
3229 3670
3229 3681
3229 3705
3685 2051
3685 2994
3685 3093
3685 3147
3685 3162
3685 3185
3685 3238
3685 3264
3685 3297
3685 3378
3685 3495
3685 3505
3685 3533
3685 3535
3685 3562
3685 3574
3685 3582
3685 3593
3685 3611
3685 3627
3685 3635
3685 3652
3685 3663
3685 3711
3685 3730
3685 3733
3685 4000
4029 2094
4029 3764
4029 3782
4029 3798
4029 3811
4029 3817
4029 3848
4029 3861
4029 3879
4029 3915
4029 3918
4029 3967
4029 3973
4029 3975
4029 3979
4029 3984
4029 3990
4029 4025
4029 4044
4029 4045
4029 4056
4234 3357
4234 4070
4234 4086
4234 4093
4234 4159
4234 4178
4234 4194
4234 4203
4234 4224
4234 4239
4234 4242
4234 4247
4234 4258
4234 4282
1967 1887
1967 1945
1967 1971
1967 1979
1967 2008
1967 2017
1967 2026
1967 2032
2747 1513
2747 2150
2747 2153
2747 2177
2747 2244
2747 2249
2747 2272
2747 2281
2747 2304
2747 2317
2747 2320
2747 2378
2747 2419
2747 2475
2747 2494
2747 2506
2747 2559
2747 2560
2747 2586
2747 2592
2747 2613
2747 2641
2747 4269
3338 3505
4887 2496
4887 4618
4887 4619
4887 4690
4887 4703
4887 4710
4887 4778
4887 4779
4887 4798
4887 4807
4887 4813
4887 4845
4887 4847
4887 4855
4887 4881
4887 4883
4887 4886
4887 4898
1154 779
1154 1215
1154 1237
1154 1243
1154 1250
1154 1284
1154 1297
1154 1301
1154 1305
1154 3433
3040 3083
3040 3144
3040 3211
3040 3284
3040 3357
3040 3689
3621 2898
3621 3031
3621 3217
3621 3300
3621 3385
3621 3431
3621 3445
3621 3446
3621 3531
3621 3616
3621 3618
3621 3622
3621 3647
3621 3649
3621 3670
3621 3681
3621 3698
3621 3705
3621 3707
3621 3998
3990 3793
3990 3931
3990 3934
3990 3962
3990 3967
3990 3977
3990 3999
3990 4019
3990 4028
3990 4044
4654 4595
4654 4632
4654 4757
4654 4819
4654 4829
4654 4856
4654 4869
1005 790
1005 983
1005 1115
1005 1150
1005 1157
1005 1285
1005 1308
3720 1996
3720 2841
3720 2846
3720 2874
3720 2877
3720 2891
3720 2930
3720 2951
3720 2968
3720 3004
3720 3015
3720 3020
3720 3035
3720 3038
3720 3114
3720 3154
3720 3161
3720 3164
3720 3172
3720 3224
3720 3233
3720 3262
3720 3295
3720 3350
3720 3356
3720 3374
3720 3379
3720 3389
3720 3390
3720 3402
3720 3408
3720 3422
3720 3429
3720 3463
3720 3470
3720 3512
3720 3515
3720 3525
3720 3559
3720 3592
3720 3680
3720 3681
3720 3751
3720 4946
4950 1700
4950 3617
4950 4633
4950 4787
4950 4796
4950 4836
4950 4842
4950 4868
4950 4882
4950 4885
4950 4907
4950 4917
4950 4927
4950 4977
4950 4986
4950 4987
4950 4989
4950 4994
4950 4996
4950 4997
1644 1323
1644 1364
1644 1373
1644 1424
1644 1433
1644 1499
1644 1504
1644 1540
1644 1546
1644 1554
1644 1579
1644 1591
1644 1592
1644 1600
1644 1631
1644 1632
1644 1639
1644 1654
1644 1675
1644 1688
1644 1698
1644 1700
1644 2149
1644 3991
1676 1013
1676 1341
1676 1355
1676 1384
1676 1388
1676 1423
1676 1448
1676 1459
1676 1469
1676 1471
1676 1503
1676 1543
1676 1545
1676 1555
1676 1568
1676 1607
1676 1638
1676 1655
1676 1658
1676 1662
1676 1664
1676 1688
1676 1695
1676 1703
2797 2127
2797 2166
2797 2217
2797 2242
2797 2282
2797 2287
2797 2326
2797 2351
2797 2397
2797 2428
2797 2482
2797 2566
2797 2591
2797 2594
2797 2597
2797 2619
2797 2628
2797 2634
2797 2659
2797 2663
2797 2710
2797 2720
2797 2722
2797 2724
2797 2726
2797 2729
2797 2732
2797 2737
2797 2746
2797 2771
2797 2781
2797 2791
2797 2809
2797 2823
2797 3974
2797 4251
2797 4930
3134 3711
3895 3922
3895 3951
3895 3963
3895 3983
3895 4014
3895 4021
1365 1635
1365 1645
1365 1695
2213 2670
2213 2673
2213 2714
2219 2645
2219 2772
2219 2796
2219 2819
2407 2184
2407 2311
2407 2437
2407 2770
2407 2786
2407 2801
2698 1539
2698 2105
2698 2118
2698 2231
2698 2239
2698 2335
2698 2357
2698 2382
2698 2394
2698 2430
2698 2433
2698 2446
2698 2449
2698 2535
2698 2547
2698 2580
2698 2623
2698 2655
2698 2679
2698 3090
3547 3352
3547 3517
3547 3629
3547 3634
3547 3671
3547 3678
3547 3690
3547 3715
3547 3733
3547 3736
3547 3742
3547 3751
3591 2029
3591 2129
3591 2926
3591 3028
3591 3064
3591 3077
3591 3084
3591 3087
3591 3128
3591 3129
3591 3144
3591 3159
3591 3176
3591 3202
3591 3287
3591 3353
3591 3506
3591 3534
1454 1395
1454 1404
1454 1419
1454 1431
1454 1478
1454 1511
1454 1541
1744 1859
1744 1910
1744 1931
1744 2020
2024 1281
2024 1720
2024 1780
2024 1892
2024 1909
2024 2033
2024 2043
2024 2054
2024 2062
2024 2077
2024 2081
2024 2082
2024 2085
2024 2093
2024 2094
2488 2453
2488 2745
2488 2753
2488 2765
2488 2818
2488 2830
2757 2262
2757 2583
2757 2622
2757 2674
2757 2677
2757 2696
2757 2701
2757 2704
2757 2709
2757 2765
2757 2766
2757 2778
2757 2802
2757 2818
2757 2830
2757 4010
2757 4503
2757 4690
3268 3692
3268 3751
1119 851
1119 1106
1119 1149
1119 1163
1119 1192
1119 1208
1119 1222
1119 1249
1119 1285
1119 1308
1119 1316
1119 2771
2478 2152
2478 2683
2478 2694
2478 2772
2478 2807
2478 2819
2478 4098
4239 2823
4239 4075
4239 4093
4239 4103
4239 4137
4239 4186
4239 4212
4239 4215
4239 4224
4239 4226
4239 4251
4239 4253
4239 4256
4239 4263
4239 4268
4239 4278
4270 2032
4270 3069
4270 3896
4270 4066
4270 4077
4270 4088
4270 4092
4270 4105
4270 4111
4270 4113
4270 4117
4270 4123
4270 4128
4270 4129
4270 4144
4270 4149
4270 4157
4270 4162
4270 4164
4270 4176
4270 4177
4270 4183
4270 4184
4270 4190
4270 4191
4270 4193
4270 4195
4270 4208
4270 4211
4270 4218
4270 4219
4270 4227
4270 4229
4270 4233
4270 4263
4270 4264
4270 4267
4270 4277
4270 4282
4270 4610
4516 1242
4516 4349
4516 4415
4516 4418
4516 4439
4516 4440
4516 4502
4516 4512
4516 4519
4516 4525
4516 4527
4516 4550
4516 4562
4516 4563
4516 4577
3242 3376
3242 3426
3242 3510
3242 3638
3242 3707
4019 1964
4019 3760
4019 3790
4019 3802
4019 3812
4019 3816
4019 3822
4019 3827
4019 3836
4019 3842
4019 3885
4019 3914
4019 3934
4019 3937
4019 3942
4019 3951
4019 3987
4019 4002
4019 4003
4019 4005
4019 4018
4019 4044
4432 1538
4432 4314
4432 4425
4432 4519
4432 4548
4432 4552
4432 4561
4432 4566
4432 4568
4548 1312
4548 3592
4548 4319
4548 4338
4548 4352
4548 4356
4548 4376
4548 4378
4548 4399
4548 4403
4548 4407
4548 4413
4548 4415
4548 4434
4548 4438
4548 4447
4548 4463
4548 4466
4548 4474
4548 4477
4548 4481
4548 4498
4548 4510
4548 4514
4548 4533
4548 4550
4548 4552
4548 4561
4548 4562
4548 4563
4548 4566
4548 4568
4548 4852
4548 4937
4777 4674
4777 4874
4777 4933
4777 4935
4777 4942
4777 4971
4777 4977
1256 892
1256 927
1256 986
1256 1071
1256 1124
1256 1149
1256 1167
1256 1192
1256 1199
1256 1240
1256 1241
1256 1262
1256 1276
1256 1284
1256 1315
1256 1975
1256 4473
1256 4741
1399 1605
1399 1636
1399 1656
1399 1667
1399 1674
2094 1729
2094 1768
2094 1796
2094 1807
2094 1826
2094 1862
2094 1866
2094 1876
2094 1891
2094 1899
2094 1903
2094 1930
2094 1932
2094 1935
2094 1959
2094 1966
2094 1968
2094 1982
2094 1985
2094 1986
2094 1993
2094 1995
2094 1998
2094 1999
2094 2002
2094 2003
2094 2012
2094 2016
2094 2019
2094 2027
2094 2032
2094 2039
2094 2043
2094 2049
2094 2050
2094 2052
2094 2054
2094 2062
2094 2067
2094 2071
2094 2074
2094 2077
2094 2080
2094 2081
2094 2082
2094 2083
2094 2085
2094 2093
2094 3509
2094 3742
2094 3758
2094 3900
2094 4942
2264 2503
2264 2533
2264 2562
2264 2610
4275 1110
4275 1968
4275 3715
4275 4096
4275 4143
4275 4168
4275 4190
4275 4196
4275 4201
4275 4206
4275 4208
4275 4211
4275 4222
4275 4225
4275 4226
4275 4227
4275 4228
4275 4236
4275 4238
4275 4247
4275 4252
4275 4256
4275 4257
4275 4258
4275 4263
4275 4267
4275 4268
4275 4269
4275 4271
4275 4272
4275 4273
4275 4277
4275 4278
4275 4282
4275 4287
4367 4396
4367 4526
1308 780
1308 831
1308 860
1308 870
1308 882
1308 883
1308 896
1308 943
1308 945
1308 957
1308 983
1308 1001
1308 1011
1308 1040
1308 1066
1308 1069
1308 1089
1308 1104
1308 1106
1308 1122
1308 1148
1308 1150
1308 1157
1308 1163
1308 1165
1308 1174
1308 1175
1308 1176
1308 1186
1308 1192
1308 1197
1308 1207
1308 1208
1308 1222
1308 1246
1308 1248
1308 1249
1308 1259
1308 1269
1308 1284
1308 1285
1308 1295
1308 2581
1308 2786
1308 3464
1308 3616
2016 2029
2016 2052
2016 2056
2016 2061
2016 2068
2016 2071
2016 2077
2016 2080
2016 2081
2016 2082
2016 2085
2016 2093
2016 3902
2016 4822
2724 2351
2724 2398
2724 2429
2724 2502
2724 2634
2724 2659
2724 2720
2724 2722
2724 2726
2724 2729
2724 2771
2724 2781
2724 2791
2724 2809
2724 2823
2724 4273
2819 961
2819 1046
2819 1312
2819 2017
2819 2132
2819 2165
2819 2187
2819 2209
2819 2216
2819 2223
2819 2224
2819 2232
2819 2241
2819 2245
2819 2284
2819 2336
2819 2343
2819 2344
2819 2346
2819 2359
2819 2371
2819 2402
2819 2457
2819 2471
2819 2500
2819 2540
2819 2544
2819 2557
2819 2573
2819 2581
2819 2598
2819 2617
2819 2624
2819 2626
2819 2644
2819 2669
2819 2683
2819 2694
2819 2708
2819 2723
2819 2738
2819 2755
2819 2772
2819 2796
2819 2807
2819 4926
3110 3611
3742 1024
3742 1215
3742 1689
3742 1964
3742 2552
3742 2885
3742 2889
3742 2900
3742 2921
3742 2928
3742 2961
3742 2997
3742 3002
3742 3011
3742 3056
3742 3087
3742 3088
3742 3130
3742 3135
3742 3136
3742 3187
3742 3191
3742 3208
3742 3277
3742 3321
3742 3344
3742 3367
3742 3370
3742 3372
3742 3420
3742 3477
3742 3489
3742 3517
3742 3523
3742 3544
3742 3558
3742 3598
3742 3617
3742 3619
3742 3629
3742 3648
3742 3650
3742 3653
3742 3671
3742 3678
3742 3690
3742 3700
3742 3715
3742 3733
3742 3751
3742 4514
4045 1606
4045 1658
4045 1681
4045 2062
4045 3768
4045 3783
4045 3815
4045 3849
4045 3859
4045 3865
4045 3873
4045 3900
4045 3910
4045 3938
4045 3955
4045 3959
4045 3967
4045 3970
4045 3973
4045 3979
4045 3982
4045 3984
4045 4016
4045 4044
4045 4047
4045 4057
4045 4063
776 1088
776 1296
776 1315
1088 852
1088 859
1088 942
1088 971
1088 981
1088 982
1088 1012
1088 1078
1088 1136
1088 1146
1088 1243
1088 1316
1088 3529
1296 873
1296 893
1296 898
1296 902
1296 908
1296 926
1296 933
1296 986
1296 1015
1296 1023
1296 1024
1296 1072
1296 1083
1296 1092
1296 1149
1296 1156
1296 1161
1296 1167
1296 1172
1296 1184
1296 1190
1296 1193
1296 1199
1296 1229
1296 1233
1296 1246
1296 1253
1296 1260
1296 1262
1296 1274
1296 1276
1296 1282
1296 1284
1296 1294
1296 1315
1296 1446
1296 1983
1296 2394
1296 2500
1296 3205
1315 784
1315 809
1315 825
1315 836
1315 853
1315 876
1315 892
1315 893
1315 904
1315 906
1315 908
1315 926
1315 927
1315 937
1315 939
1315 944
1315 955
1315 965
1315 979
1315 983
1315 986
1315 997
1315 1019
1315 1023
1315 1038
1315 1043
1315 1071
1315 1072
1315 1074
1315 1092
1315 1129
1315 1149
1315 1156
1315 1159
1315 1161
1315 1167
1315 1172
1315 1180
1315 1183
1315 1184
1315 1188
1315 1199
1315 1229
1315 1240
1315 1241
1315 1242
1315 1250
1315 1260
1315 1262
1315 1276
1315 1281
1315 1282
1315 1284
1315 1304
1315 1663
1315 1930
1315 3270
1315 4964
1315 4997
777 1202
777 1226
777 2642
1202 901
1202 913
1202 961
1202 962
1202 969
1202 985
1202 1015
1202 1025
1202 1109
1202 1114
1202 1130
1202 1143
1202 1181
1202 1200
1202 1226
1202 3294
1226 901
1226 913
1226 928
1226 985
1226 1009
1226 1015
1226 1025
1226 1064
1226 1100
1226 1109
1226 1130
1226 1143
1226 1181
1226 1196
1226 1200
1226 1295
1226 3626
1226 4900
2642 2222
2642 2313
2642 2316
2642 2339
2642 2367
2642 2372
2642 2472
2642 2489
2642 2499
2642 2533
2642 3721
778 1081
778 1299
778 1312
778 3581
1081 812
1081 844
1081 895
1081 915
1081 1013
1081 1026
1081 1050
1081 1108
1299 803
1299 847
1299 875
1299 878
1299 889
1299 916
1299 932
1299 936
1299 967
1299 987
1299 1016
1299 1017
1299 1023
1299 1039
1299 1055
1299 1076
1299 1079
1299 1087
1299 1120
1299 1135
1299 1139
1299 1144
1299 1145
1299 1157
1299 1159
1299 1169
1299 1171
1299 1178
1299 1181
1299 1183
1299 1201
1299 1221
1299 1225
1299 1231
1299 1247
1299 1252
1299 1261
1299 1298
1299 1301
1299 1312
1299 1314
1299 1316
1299 2634
1299 2766
1299 4013
1299 4942
1312 803
1312 817
1312 820
1312 826
1312 847
1312 852
1312 856
1312 866
1312 870
1312 878
1312 902
1312 916
1312 936
1312 958
1312 963
1312 967
1312 978
1312 987
1312 992
1312 1024
1312 1039
1312 1053
1312 1076
1312 1079
1312 1082
1312 1087
1312 1110
1312 1114
1312 1135
1312 1139
1312 1141
1312 1144
1312 1145
1312 1152
1312 1159
1312 1169
1312 1172
1312 1178
1312 1183
1312 1201
1312 1221
1312 1225
1312 1231
1312 1247
1312 1252
1312 1253
1312 1259
1312 1261
1312 1269
1312 1298
1312 1314
1312 1316
1312 1793
1312 3273
1312 3568
1312 3788
1312 4391
1312 4525
3581 3407
3581 3415
3581 3602
3581 3634
3581 3648
3581 3669
3581 3675
3581 3682
3581 3689
3581 3721
3581 3758
3581 4031
779 1215
779 1249
779 1297
779 1301
1215 781
1215 871
1215 914
1215 942
1215 967
1215 995
1215 1046
1215 1048
1215 1083
1215 1118
1215 1150
1215 1173
1215 1245
1215 1250
1215 1297
1215 1301
1215 4814
1249 780
1249 838
1249 889
1249 1030
1249 1066
1249 1089
1249 1104
1249 1142
1249 1156
1249 1157
1249 1163
1249 1174
1249 1175
1249 1186
1249 1197
1249 1207
1249 1208
1249 1222
1249 1246
1249 1772
1249 3403
1249 3704
1249 4582
1297 827
1297 840
1297 862
1297 865
1297 871
1297 887
1297 891
1297 898
1297 914
1297 924
1297 929
1297 940
1297 944
1297 977
1297 993
1297 995
1297 1001
1297 1002
1297 1027
1297 1030
1297 1048
1297 1083
1297 1104
1297 1107
1297 1110
1297 1118
1297 1124
1297 1166
1297 1172
1297 1173
1297 1229
1297 1239
1297 1243
1297 1245
1297 1250
1297 1253
1297 1301
1297 1304
1297 1601
1297 2291
1297 3404
1297 4710
1301 781
1301 821
1301 827
1301 840
1301 862
1301 865
1301 871
1301 887
1301 891
1301 914
1301 917
1301 924
1301 925
1301 931
1301 940
1301 977
1301 993
1301 995
1301 1001
1301 1002
1301 1007
1301 1020
1301 1030
1301 1046
1301 1048
1301 1066
1301 1083
1301 1107
1301 1118
1301 1124
1301 1147
1301 1166
1301 1201
1301 1229
1301 1243
1301 1245
1301 1250
1301 2810
1301 4056
1301 4821
780 882
780 914
780 1316
882 1192
882 1285
914 1115
914 1147
914 1250
1316 803
1316 807
1316 817
1316 821
1316 831
1316 847
1316 860
1316 866
1316 878
1316 902
1316 905
1316 913
1316 916
1316 922
1316 931
1316 953
1316 958
1316 963
1316 964
1316 967
1316 975
1316 978
1316 987
1316 992
1316 1017
1316 1031
1316 1039
1316 1055
1316 1076
1316 1087
1316 1110
1316 1114
1316 1135
1316 1144
1316 1145
1316 1159
1316 1169
1316 1175
1316 1178
1316 1183
1316 1201
1316 1203
1316 1221
1316 1225
1316 1231
1316 1239
1316 1243
1316 1247
1316 1252
1316 1261
1316 1269
1316 1285
1316 1298
1316 1314
1316 1425
1316 2012
1316 3604
1316 3618
1316 3683
781 950
781 1245
781 3431
950 1040
950 1104
950 1192
950 1224
950 1285
1245 827
1245 854
1245 881
1245 931
1245 940
1245 941
1245 977
1245 1020
1245 1030
1245 1048
1245 1083
1245 1118
1245 1166
1245 1243
1245 1250
1245 1284
1245 2987
1245 3368
1245 3638
3431 3616
3431 3619
3431 3649
3431 3698
3431 3705
3431 4848
782 1237
782 1281
782 1304
1237 841
1237 850
1237 947
1237 970
1237 984
1237 990
1237 999
1237 1047
1237 1064
1237 1074
1237 1128
1237 1133
1237 1196
1237 1204
1237 1213
1237 1216
1237 1224
1237 1239
1237 3388
1237 4825
1237 4883
1281 845
1281 906
1281 908
1281 923
1281 932
1281 1016
1281 1037
1281 1044
1281 1067
1281 1096
1281 1097
1281 1137
1281 1142
1281 1147
1281 1171
1281 1173
1281 1177
1281 1241
1281 1242
1281 1262
1281 1266
1281 1274
1281 1304
1281 1305
1281 3692
1281 4537
1304 784
1304 794
1304 795
1304 818
1304 833
1304 845
1304 875
1304 888
1304 894
1304 909
1304 911
1304 918
1304 919
1304 923
1304 925
1304 932
1304 943
1304 994
1304 1016
1304 1037
1304 1044
1304 1060
1304 1067
1304 1096
1304 1097
1304 1137
1304 1142
1304 1171
1304 1177
1304 1224
1304 1231
1304 1241
1304 1242
1304 1266
1304 1274
1304 1278
1304 1294
1304 1305
1304 1693
1304 1747
1304 1924
1304 2032
1304 2450
1304 2871
1304 3258
783 1106
783 1170
783 1294
783 1295
783 3647
1106 1175
1106 1186
1106 1197
1106 1246
1106 1285
1106 3622
1106 4043
1170 836
1170 885
1170 978
1170 1131
1170 1152
1170 1203
1170 1218
1170 1223
1170 1278
1170 1294
1170 1295
1170 3400
1170 4561
1294 796
1294 799
1294 802
1294 813
1294 837
1294 839
1294 846
1294 898
1294 929
1294 938
1294 939
1294 941
1294 946
1294 959
1294 973
1294 995
1294 1018
1294 1034
1294 1056
1294 1068
1294 1111
1294 1132
1294 1158
1294 1188
1294 1193
1294 1203
1294 1218
1294 1223
1294 1259
1294 1274
1294 1278
1294 1285
1294 1295
1294 1298
1294 1794
1294 2545
1294 3908
1294 4177
1295 796
1295 799
1295 802
1295 813
1295 831
1295 837
1295 839
1295 846
1295 898
1295 919
1295 929
1295 938
1295 941
1295 946
1295 959
1295 971
1295 1018
1295 1029
1295 1056
1295 1068
1295 1100
1295 1111
1295 1113
1295 1132
1295 1134
1295 1152
1295 1158
1295 1188
1295 1193
1295 1203
1295 1218
1295 1223
1295 1229
1295 1278
1295 1998
1295 2748
1295 2771
1295 3495
1295 3964
3647 1988
3647 2241
3647 2882
3647 2895
3647 3024
3647 3139
3647 3145
3647 3417
3647 3450
3647 3529
3647 3531
3647 3562
3647 3616
3647 3618
3647 3619
3647 3622
3647 3649
3647 3669
3647 3670
3647 3681
3647 3698
3647 3705
784 2872
2872 3143
2872 3195
2872 3252
2872 3596
2872 3704
1278 789
1278 799
1278 813
1278 837
1278 839
1278 846
1278 938
1278 941
1278 946
1278 1018
1278 1056
1278 1068
1278 1100
1278 1111
1278 1131
1278 1132
1278 1158
1278 1188
1278 1193
1278 1203
1278 1223
1278 1252
1278 1274
1278 2565
1278 2719
1278 3558
1278 3893
1278 3945
786 1134
786 1192
786 1208
786 1246
1134 1027
1134 1135
1134 1163
1134 1174
1134 1192
1134 1196
1134 1197
1134 4889
1134 4945
1192 889
1192 1011
1192 1048
1192 1122
1192 1165
1192 1174
1192 1207
1192 1208
1192 1246
1192 1285
1192 1314
1192 2887
1192 4521
1208 889
1208 1027
1208 1078
1208 1157
1208 1165
1208 1171
1208 1174
1208 1207
1208 1248
1208 1252
1208 1314
1208 1731
1246 889
1246 897
1246 986
1246 988
1246 990
1246 1040
1246 1069
1246 1148
1246 1150
1246 1157
1246 1186
1246 1197
1246 1203
1246 1285
1246 1305
1246 1515
1246 1652
1246 3671
787 832
787 1010
787 1098
787 1130
787 1190
787 1259
832 861
832 1003
832 1259
1010 848
1010 954
1010 980
1010 1003
1010 1098
1010 1190
1010 1225
1010 1259
1098 901
1098 976
1098 1034
1098 1065
1098 1138
1098 1143
1098 1190
1098 1212
1098 1259
1098 3967
1130 923
1130 931
1130 1009
1130 1015
1130 1100
1130 1109
1130 1143
1130 1181
1130 1200
1130 3751
1190 861
1190 899
1190 969
1190 976
1190 980
1190 1034
1190 1042
1190 1065
1190 1138
1190 1141
1190 1212
1190 1222
1190 1259
1190 1663
1259 793
1259 848
1259 858
1259 861
1259 863
1259 885
1259 892
1259 899
1259 969
1259 976
1259 980
1259 998
1259 1003
1259 1034
1259 1036
1259 1042
1259 1054
1259 1057
1259 1065
1259 1138
1259 1139
1259 1141
1259 1197
1259 1212
1259 1965
1259 3937
1259 4534
788 852
788 971
788 981
788 982
788 1078
788 1260
788 2359
852 859
852 1012
852 1136
852 1146
852 2901
971 942
971 982
971 1012
971 1078
971 1146
981 806
981 1033
981 1060
981 1078
981 1136
981 1146
981 4542
982 859
982 978
982 1012
982 1078
982 1146
982 3451
1078 859
1078 886
1078 1012
1078 1136
1078 1146
1078 1193
1078 3459
1260 965
1260 979
1260 1024
1260 1141
1260 1142
1260 1161
1260 1167
1260 1184
1260 1199
1260 1229
1260 1262
1260 1276
1260 1282
1260 1284
1260 1636
1260 3025
1260 3843
2359 2623
2359 2772
2359 2796
2359 2807
789 1113
789 1128
789 1213
789 3454
1113 1128
1113 1133
1113 1204
1113 1224
1113 1239
1113 1314
1113 3687
1128 850
1128 992
1128 1173
1128 1196
1128 1204
1128 1213
1128 1216
1128 1224
1128 1276
1128 2732
1213 841
1213 887
1213 907
1213 955
1213 973
1213 984
1213 1133
1213 1196
1213 1204
1213 1216
1213 1224
1213 1239
1213 2541
1213 3085
3454 2961
3454 3213
3454 3393
3454 3433
3454 3451
3454 3542
3454 3610
3454 3617
3454 3624
790 1284
790 2818
1284 809
1284 824
1284 836
1284 863
1284 900
1284 904
1284 908
1284 997
1284 1023
1284 1092
1284 1129
1284 1149
1284 1167
1284 1172
1284 1199
1284 1222
1284 1223
1284 1229
1284 1240
1284 1262
1284 1282
1284 2679
1284 3408
1284 3944
2818 2110
2818 2146
2818 2274
2818 2285
2818 2290
2818 2295
2818 2353
2818 2403
2818 2432
2818 2443
2818 2452
2818 2485
2818 2486
2818 2512
2818 2537
2818 2568
2818 2608
2818 2619
2818 2632
2818 2674
2818 2675
2818 2696
2818 2701
2818 2709
2818 2735
2818 2765
2818 2766
2818 2776
2818 2778
2818 2790
2818 2802
2818 2830
2818 3213
2818 3260
2818 4754
791 893
791 1174
791 1186
791 1197
791 1261
893 1276
893 2519
1174 937
1174 1012
1174 1104
1174 1199
1174 1207
1174 1222
1174 1247
1174 3703
1186 975
1186 983
1186 1089
1186 1150
1186 1163
1186 1165
1186 1167
1186 1176
1186 1222
1186 1285
1186 1334
1186 4780
1197 897
1197 1066
1197 1148
1197 1239
1197 1248
1197 1285
1197 1952
1197 4884
1261 823
1261 834
1261 869
1261 896
1261 953
1261 975
1261 1033
1261 1050
1261 1076
1261 1131
1261 1169
1261 1183
1261 1201
1261 1221
1261 1225
1261 1231
1261 1247
1261 1252
1261 1269
1261 1298
1261 1314
1261 1504
1261 3002
1261 3675
1261 4269
895 1026
895 1050
895 1108
895 1132
895 1216
895 4996
915 812
915 1026
915 1050
915 1079
915 1108
1013 844
1013 1026
1013 1050
1013 1108
1013 1223
1013 2809
1108 812
1108 815
1108 844
1108 904
1108 1026
1108 1050
1240 799
1240 853
1240 904
1240 1071
1240 1156
1240 1224
1240 1262
1240 1276
1240 2577
1240 3659
1240 4628
793 952
793 1036
793 1141
793 1212
952 945
952 975
952 980
952 998
952 1036
952 1042
952 1138
952 1212
952 2899
1036 983
1036 998
1036 1042
1036 1141
1036 1167
1036 1212
1036 1679
1141 858
1141 885
1141 904
1141 969
1141 1003
1141 1057
1141 1138
1141 1212
1141 2712
1212 847
1212 858
1212 863
1212 885
1212 899
1212 980
1212 998
1212 1034
1212 1042
1212 1057
1212 1097
1212 1138
1212 1158
1212 1178
1212 2436
794 2737
2737 2123
2737 2190
2737 2209
2737 2267
2737 2286
2737 2310
2737 2383
2737 2399
2737 2448
2737 2597
2737 2611
2737 2625
2737 2629
2737 2639
2737 2700
2737 3669
2737 4470
795 1305
795 2748
1305 818
1305 833
1305 845
1305 875
1305 881
1305 887
1305 888
1305 890
1305 894
1305 909
1305 911
1305 918
1305 921
1305 923
1305 925
1305 932
1305 943
1305 994
1305 1016
1305 1030
1305 1037
1305 1044
1305 1064
1305 1067
1305 1096
1305 1097
1305 1133
1305 1137
1305 1142
1305 1171
1305 1177
1305 1183
1305 1204
1305 1231
1305 1241
1305 1242
1305 1247
1305 1266
1305 1274
1305 1349
1305 1809
1305 3151
1305 3573
1305 4586
2748 2102
2748 2122
2748 2164
2748 2193
2748 2214
2748 2331
2748 2368
2748 2421
2748 2444
2748 2526
2748 2594
2748 2622
2748 2653
2748 2656
2748 2678
2748 2707
2748 2725
2748 2745
2748 2830
2748 4931
796 984
796 1314
984 990
984 1180
984 1204
984 4023
1314 807
1314 820
1314 821
1314 831
1314 847
1314 856
1314 866
1314 916
1314 922
1314 936
1314 953
1314 958
1314 968
1314 978
1314 987
1314 992
1314 1017
1314 1031
1314 1039
1314 1055
1314 1079
1314 1082
1314 1087
1314 1096
1314 1110
1314 1114
1314 1135
1314 1139
1314 1144
1314 1145
1314 1159
1314 1169
1314 1178
1314 1183
1314 1201
1314 1207
1314 1218
1314 1221
1314 1225
1314 1231
1314 1233
1314 1247
1314 1252
1314 1262
1314 1269
1314 1285
1314 1298
1314 1897
1314 1910
1314 3555
1314 3780
1314 4068
1314 4407
1314 4475
797 1061
797 1121
797 1253
797 3877
1061 854
1061 877
1061 912
1061 1160
1061 1223
1061 1233
1061 1253
1061 1506
1121 879
1121 912
1121 1000
1121 1008
1121 1033
1121 1059
1121 1082
1121 1094
1121 1184
1121 1233
1121 1253
1121 1285
1121 3112
1253 808
1253 816
1253 849
1253 854
1253 877
1253 905
1253 912
1253 920
1253 968
1253 1008
1253 1045
1253 1054
1253 1059
1253 1094
1253 1095
1253 1123
1253 1160
1253 1274
1253 2357
1253 3689
1253 4077
1253 4989
3877 3861
3877 3931
3877 3985
3877 4052
3877 4063
798 1148
798 1248
798 1285
798 1421
1148 940
1148 987
1148 1069
1148 1104
1148 1122
1148 1150
1148 1165
1148 1175
1148 1222
1148 1248
1148 1866
1148 1951
1248 838
1248 883
1248 900
1248 957
1248 988
1248 1011
1248 1066
1248 1122
1248 1157
1248 1163
1248 1165
1248 1176
1248 1222
1248 1285
1248 2552
1248 3398
1248 3416
1248 3785
1285 896
1285 905
1285 911
1285 957
1285 983
1285 988
1285 1011
1285 1027
1285 1069
1285 1079
1285 1090
1285 1104
1285 1150
1285 1157
1285 1175
1285 1176
1285 1222
1285 1649
1285 2066
1285 2466
1421 1410
1421 1476
1421 1611
1421 1681
1421 1689
1421 1704
799 1216
1216 880
1216 907
1216 947
1216 990
1216 1047
1216 1074
1216 1129
1216 1173
1216 1196
1216 1204
1216 1224
1216 1269
1216 1493
1216 3795
1216 4109
830 806
830 886
830 1136
830 1146
830 2666
942 1012
942 1136
942 1146
942 4503
1146 806
1146 859
1146 886
1146 1019
1146 1055
1146 1136
1146 1231
1146 3954
1146 4448
801 868
801 1090
801 1105
801 1180
868 964
868 1057
868 1060
868 1120
868 1180
1090 864
1090 869
1090 921
1090 964
1090 999
1090 1022
1090 1105
1090 1180
1090 1222
1090 1527
1105 829
1105 884
1105 921
1105 964
1105 966
1105 999
1105 1001
1105 1022
1105 1180
1105 1233
1105 3515
1180 829
1180 851
1180 869
1180 884
1180 921
1180 964
1180 999
1180 1006
1180 1022
1180 1120
1180 1201
802 1223
1223 837
1223 1053
1223 1111
1223 1131
1223 1132
1223 1158
1223 1165
1223 1203
1223 1218
1223 3150
1223 3846
803 1043
1043 822
1043 1156
1043 1229
1043 1242
1043 1262
1043 3578
1071 980
1071 1229
1071 2671
1071 4326
1165 805
1165 1150
1165 1175
1165 1269
1165 1282
1165 3954
805 812
805 988
805 1207
812 815
812 901
812 1026
988 1096
988 1163
988 1199
1207 937
1207 945
1207 974
1207 1027
1207 1104
1207 1122
1207 1163
1207 1176
1207 1193
1207 4563
806 886
806 1136
806 1557
886 1012
886 1136
886 3573
1136 859
1136 1012
1136 1123
1136 1247
1136 2626
1557 1571
1557 1623
1557 1624
1557 1635
1557 1656
1557 1664
1557 1667
1557 3965
807 2272
2272 2378
2272 2592
2272 2735
808 1059
808 1094
808 1233
808 1704
1059 905
1059 1033
1059 1115
1059 1123
1059 3602
1059 4526
1094 849
1094 878
1094 968
1094 1033
1094 1083
1094 1095
1094 1181
1094 1233
1094 1654
1233 854
1233 879
1233 905
1233 968
1233 1000
1233 1008
1233 1045
1233 1054
1233 1095
1233 1115
1233 1160
1233 3538
1233 3821
1233 4672
1704 1322
1704 1323
1704 1329
1704 1332
1704 1340
1704 1347
1704 1349
1704 1351
1704 1367
1704 1369
1704 1375
1704 1380
1704 1383
1704 1388
1704 1391
1704 1410
1704 1413
1704 1416
1704 1437
1704 1452
1704 1456
1704 1460
1704 1463
1704 1509
1704 1524
1704 1527
1704 1528
1704 1529
1704 1531
1704 1537
1704 1542
1704 1544
1704 1547
1704 1551
1704 1552
1704 1554
1704 1562
1704 1577
1704 1603
1704 1610
1704 1611
1704 1619
1704 1624
1704 1646
1704 1650
1704 1654
1704 1655
1704 1657
1704 1662
1704 1670
1704 1679
1704 1681
1704 1685
1704 1687
1704 1698
1704 1700
1704 2301
1704 3655
1704 3683
1704 4056
809 4001
4001 1019
4001 3761
4001 3815
4001 3864
4001 3890
4001 3930
4001 4000
4001 4002
4001 4008
4001 4013
4001 4022
4001 4028
4001 4043
4001 4048
4001 4050
4001 4056
4001 4057
880 1064
880 1224
811 1183
811 1250
1183 1066
1183 1159
1183 1252
1183 1269
1183 1298
1183 3634
1183 3844
1250 827
1250 840
1250 887
1250 977
1250 1046
1250 1048
1250 1124
1250 1147
1250 1166
1250 3622
1250 4930
815 853
815 1489
901 1181
901 1200
1026 1050
1026 3139
813 3756
3756 1600
3756 1959
3756 2114
3756 2692
3756 2867
3756 2881
3756 2937
3756 3001
3756 3019
3756 3036
3756 3051
3756 3070
3756 3080
3756 3115
3756 3138
3756 3153
3756 3157
3756 3166
3756 3170
3756 3194
3756 3196
3756 3228
3756 3234
3756 3239
3756 3246
3756 3271
3756 3305
3756 3318
3756 3333
3756 3352
3756 3367
3756 3404
3756 3437
3756 3457
3756 3464
3756 3476
3756 3491
3756 3492
3756 3500
3756 3516
3756 3522
3756 3540
3756 3546
3756 3550
3756 3551
3756 3555
3756 3556
3756 3579
3756 3583
3756 3589
3756 3651
3756 3680
3756 3696
3756 3730
3756 3736
3756 3909
3756 3971
3756 4295
3756 4942
814 1196
814 1239
1196 973
1196 1047
1196 1074
1196 1133
1196 1222
1196 1224
1196 1239
1196 1424
1196 1693
1239 841
1239 850
1239 947
1239 970
1239 973
1239 990
1239 1047
1239 1064
1239 1133
1239 1173
1239 1193
1239 1204
1239 1224
1239 1481
1239 4321
853 1895
1489 1448
1489 1497
1489 1516
1489 1637
1489 1639
1489 1674
1489 3696
816 909
816 1016
816 1054
816 1160
909 907
909 1838
1016 916
1016 1459
1054 1000
1054 1045
1054 1123
1054 1160
1054 1298
1054 2033
1160 877
1160 912
1160 920
1160 943
1160 968
1160 1008
1160 1033
1160 1095
1160 1115
1160 1169
1160 2081
817 3278
3278 3261
3278 3282
3278 3385
3278 3468
3278 3496
3278 3601
3278 3628
3278 3669
958 844
958 1298
958 4549
969 885
969 976
969 4469
1034 873
1034 885
1034 899
1034 1003
1034 2022
1138 861
1138 863
1138 941
1138 976
1138 1065
1138 1143
1138 1166
1138 3445
820 1001
820 1095
820 2533
1001 1046
1001 1124
1001 1243
1095 884
1095 905
1095 1123
1095 3525
2533 2258
2533 2325
2533 2361
2533 2503
2533 2523
2533 2562
2533 2610
2533 2774
2533 4119
821 1269
821 3099
1269 823
1269 860
1269 878
1269 993
1269 1079
1269 1087
1269 1110
1269 1144
1269 1169
1269 1178
1269 1201
1269 1231
1269 1247
1269 1252
1269 1262
1269 1282
1269 1338
1269 3094
1269 3326
3099 3358
3099 3405
3099 3425
3099 3596
822 918
822 1262
822 1276
822 2294
918 1176
918 3566
1262 955
1262 985
1262 1038
1262 1087
1262 1111
1262 1156
1262 1172
1262 1282
1262 2031
1262 2043
1262 2735
1262 2799
1262 3829
1276 926
1276 927
1276 939
1276 965
1276 974
1276 979
1276 986
1276 995
1276 1045
1276 1092
1276 1122
1276 1129
1276 1149
1276 1156
1276 1172
1276 1199
1276 1204
1276 1282
1276 2540
1276 2578
1276 2704
1276 4128
1276 4752
2294 2199
2294 2306
2294 2708
823 3412
3412 1994
3412 3085
3412 3468
3412 3473
3412 3509
3412 3576
3412 3601
3412 3651
3412 3659
3412 3669
824 846
824 1282
846 2008
1282 884
1282 906
1282 933
1282 955
1282 1020
1282 1024
1282 1092
1282 1129
1282 1144
1282 1161
1282 1184
1282 1199
1282 1203
1282 1229
1282 2278
1282 3656
1282 3911
1282 4549
825 992
825 1229
992 953
992 1247
992 1298
1229 877
1229 1024
1229 1199
1229 1218
1229 4515
826 1152
826 1252
826 1298
1152 990
1152 1029
1152 1188
1152 1193
1152 1203
1152 1218
1252 856
1252 888
1252 1114
1252 1135
1252 1145
1252 1158
1252 1169
1252 1178
1252 1247
1252 1298
1252 1824
1252 2461
1252 4856
1298 831
1298 847
1298 861
1298 878
1298 906
1298 922
1298 975
1298 1017
1298 1031
1298 1039
1298 1082
1298 1087
1298 1114
1298 1132
1298 1135
1298 1139
1298 1159
1298 1178
1298 1184
1298 1201
1298 1221
1298 1231
1298 1247
1298 2119
1298 2619
1298 3592
1298 3635
1298 3751
827 1020
827 1225
1020 1008
1020 1083
1020 1147
1020 1511
1225 897
1225 1087
1225 1163
1225 1175
1225 1221
1225 1231
1225 1247
1225 1903
1225 3646
945 957
945 1040
1132 959
1132 1188
1132 1203
1132 3462
829 876
829 1022
829 1060
829 1120
829 3681
876 928
876 939
1022 912
1022 966
1022 999
1022 1060
1022 1120
1022 3646
1060 851
1060 884
1060 921
1060 999
1060 1120
1060 4173
1120 851
1120 921
1120 964
1120 999
1120 1006
1120 1082
1120 1650
1120 3289
3681 1578
3681 2850
3681 2898
3681 2929
3681 3025
3681 3026
3681 3031
3681 3124
3681 3217
3681 3244
3681 3265
3681 3270
3681 3291
3681 3330
3681 3450
3681 3490
3681 3511
3681 3529
3681 3531
3681 3616
3681 3618
3681 3619
3681 3622
3681 3649
3681 3670
3681 3698
3681 3705
3681 4112
3681 4278
3681 4433
2666 2208
2666 2234
2666 2255
2666 2273
2666 2283
2666 2323
2666 2325
2666 2349
2666 2434
2666 2466
2666 2670
2666 2673
2666 2699
2666 2714
2666 4846
861 1042
861 1159
1003 1057
1003 1184
1003 1698
833 1158
1158 1068
1158 1193
1158 1218
1158 2049
834 936
1104 897
1104 2454
1104 3275
836 855
836 3670
855 900
855 1017
855 1123
855 1149
3670 1497
3670 2882
3670 2895
3670 2991
3670 3084
3670 3115
3670 3124
3670 3139
3670 3248
3670 3292
3670 3330
3670 3417
3670 3511
3670 3529
3670 3531
3670 3616
3670 3618
3670 3619
3670 3622
3670 3649
3670 3698
3670 3700
3670 3705
3670 3981
3670 4739
837 1024
837 1037
1037 1015
838 1044
838 1222
838 3320
1044 1274
1044 3629
1222 889
1222 924
1222 1175
1222 2049
1222 2999
1222 4850
3320 3196
3320 3675
3320 3689
3320 3758
839 1193
839 1218
1193 938
1193 1018
1193 1029
1193 1074
1193 1131
1193 1188
1193 1218
1193 4312
1193 4760
1218 1056
1218 1111
1218 1131
1218 1188
1218 1203
1218 1698
1218 1881
1218 3984
840 932
840 1243
840 4650
1243 849
1243 887
1243 917
1243 1030
1243 1118
1243 1124
1243 1147
1243 1166
1243 1181
1243 4491
4650 4692
4650 4865
4650 4877
4650 4945
841 1173
841 3436
1173 907
1173 1047
1173 1074
1173 1133
1173 1204
1173 1224
1173 2794
1173 4994
3436 3276
3436 3402
3436 3537
3436 3597
3436 3646
3436 3664
3436 4816
962 1100
962 1181
962 1200
962 1843
1181 961
1181 985
1181 1100
1181 1109
1181 1143
1181 1200
1181 1877
1181 2074
1181 2982
1200 913
1200 928
1200 961
1200 985
1200 1009
1200 1025
1200 1109
1200 1143
1200 1145
1200 3122
1200 4960
844 1050
844 2039
1050 1522
1050 2509
2039 2001
2039 2034
2039 2043
2039 2046
2039 2054
2039 2067
2039 2071
2039 2074
2039 2077
2039 2080
2039 2082
2039 2083
2039 2093
2039 4573
2008 1742
2008 1808
2008 1840
2008 1852
2008 1934
2008 1945
2008 1971
2008 1979
2008 2017
2008 2026
2008 2032
2008 2071
2008 2081
2008 2085
2008 2653
2008 2662
847 4563
4563 1479
4563 1732
4563 3469
4563 3479
4563 3611
4563 4293
4563 4336
4563 4345
4563 4372
4563 4375
4563 4389
4563 4402
4563 4412
4563 4418
4563 4429
4563 4433
4563 4449
4563 4450
4563 4452
4563 4453
4563 4457
4563 4462
4563 4463
4563 4465
4563 4469
4563 4470
4563 4483
4563 4497
4563 4502
4563 4506
4563 4512
4563 4522
4563 4526
4563 4527
4563 4535
4563 4537
4563 4539
4563 4542
4563 4543
4563 4545
4563 4550
4563 4577
848 966
848 1057
848 1107
848 4577
966 921
966 964
966 999
966 1006
966 1201
966 3534
1057 863
1057 899
1057 1038
1057 4431
1107 920
1107 994
1107 1002
1107 1030
1107 1124
1107 1147
1107 3991
4577 1601
4577 1700
4577 1910
4577 2937
4577 4264
4577 4291
4577 4293
4577 4295
4577 4304
4577 4306
4577 4311
4577 4321
4577 4325
4577 4328
4577 4330
4577 4334
4577 4335
4577 4336
4577 4340
4577 4341
4577 4345
4577 4351
4577 4352
4577 4355
4577 4372
4577 4385
4577 4388
4577 4389
4577 4394
4577 4402
4577 4410
4577 4431
4577 4440
4577 4452
4577 4457
4577 4460
4577 4462
4577 4465
4577 4470
4577 4491
4577 4492
4577 4497
4577 4502
4577 4505
4577 4512
4577 4515
4577 4519
4577 4522
4577 4526
4577 4527
4577 4535
4577 4542
4577 4543
4577 4545
4577 4550
849 933
849 968
849 1045
968 1000
968 2355
1045 1008
1045 1149
1045 3167
850 1047
850 1224
850 1494
1047 1204
1047 1482
1224 954
1224 973
1224 1042
1224 1064
1224 1074
1224 1133
1224 1144
1494 1582
1494 1603
1494 1650
1494 1662
1494 1690
851 1006
1006 869
1006 997
1006 999
1006 3265
859 1172
1012 1002
1012 2152
2901 3433
2901 3451
2901 3610
2901 3624
1895 1740
1895 1753
1895 1872
1895 1898
1895 1899
1895 1918
1895 1972
1895 2001
1895 2067
854 1123
1123 879
1123 1008
1123 1033
1123 1115
1123 1199
1123 1330
1123 2582
900 1142
1017 894
1017 1109
1149 899
1149 1172
1149 3966
856 4049
4049 974
4049 1544
4049 1664
4049 2146
4049 3761
4049 3770
4049 3795
4049 3803
4049 3806
4049 3813
4049 3823
4049 3831
4049 3840
4049 3841
4049 3853
4049 3855
4049 3863
4049 3892
4049 3902
4049 3920
4049 3941
4049 3966
4049 3977
4049 3985
4049 3996
4049 3998
4049 4010
4049 4023
4049 4024
4049 4025
4049 4026
4049 4043
4049 4050
4049 4052
4049 4063
979 2547
858 863
858 1065
858 4311
863 899
863 2181
1065 899
1065 976
1065 1042
1065 1171
1065 1221
1065 2482
4311 4533
4311 4561
1172 4010
860 2297
2297 2265
2297 2516
2297 2565
2297 2568
2297 2676
2297 2712
2297 2733
1042 998
1159 1144
1159 1167
1159 1247
1159 4662
862 924
862 1184
862 4578
924 4389
1184 926
1184 1072
1184 2309
4578 4610
4578 4719
4578 4783
4578 4793
4578 4852
899 1178
2181 2401
2181 2580
2181 2585
2181 2664
864 3853
3853 3982
3853 4050
3853 4052
3853 4063
865 1000
1000 877
1000 1115
1000 1630
866 926
1111 1068
1111 1133
1111 1176
1111 1188
869 3569
3569 2635
3569 2839
3569 2974
3569 3105
3569 3161
3569 3180
3569 3227
3569 3321
3569 3346
3569 3452
3569 3472
3569 3483
3569 3518
3569 3557
3569 3570
3569 3730
3569 4218
870 1027
870 1157
870 1221
1027 1031
1027 4409
1157 937
1157 1053
1157 1089
1157 1122
1157 1175
1157 1450
1221 1082
1221 1144
1221 3269
1221 3698
1221 4675
871 891
871 977
871 1135
871 2009
891 1023
891 1029
891 1166
891 2786
977 1064
977 2591
1135 1231
1135 4835
2009 1772
2009 1893
2009 1896
2009 1921
2009 1949
2009 1978
2009 1988
2009 2003
2009 2027
2009 2034
2009 2044
2009 2051
2009 2061
2009 2066
2009 2068
2009 2074
2009 2080
2009 2733
2009 4484
873 1188
1188 941
1188 976
1188 1029
1188 1056
1188 1161
1188 1470
1188 4018
928 1143
939 963
877 905
877 2632
2632 2314
2632 2552
2632 2674
2632 2765
2632 2766
2632 2775
2632 2778
2632 2802
2632 2830
2632 3659
878 4566
4566 1368
4566 2998
4566 3433
4566 4295
4566 4301
4566 4316
4566 4322
4566 4337
4566 4338
4566 4343
4566 4346
4566 4347
4566 4350
4566 4351
4566 4352
4566 4356
4566 4358
4566 4369
4566 4373
4566 4387
4566 4394
4566 4396
4566 4403
4566 4407
4566 4420
4566 4426
4566 4428
4566 4434
4566 4438
4566 4439
4566 4447
4566 4463
4566 4477
4566 4488
4566 4491
4566 4498
4566 4506
4566 4510
4566 4514
4566 4522
4566 4533
4566 4543
4566 4550
4566 4552
4566 4561
4566 4562
4566 4568
1064 970
1064 4223
883 1069
883 1163
883 2051
1069 937
1069 1040
1069 1114
1069 1150
1069 1175
1069 1458
1163 1201
1163 1674
1163 4428
2051 1717
2051 1728
2051 1790
2051 1827
2051 1835
2051 1850
2051 1862
2051 1896
2051 1903
2051 1908
2051 1915
2051 1949
2051 1952
2051 1969
2051 1978
2051 1986
2051 1988
2051 1997
2051 2002
2051 2015
2051 2019
2051 2027
2051 2033
2051 2034
2051 2044
2051 2049
2051 2061
2051 2066
2051 2067
2051 2068
2051 4550
884 2295
2295 2388
2295 2660
885 3794
3794 3844
3794 3950
3794 3983
3794 4014
3794 4021
3573 1631
3573 3176
3573 3611
3573 3627
3573 3635
3573 3649
3573 3651
3573 3663
3573 3711
3573 3730
888 4018
4018 3760
4018 3790
4018 3802
4018 3812
4018 3816
4018 3827
4018 3836
4018 3842
4018 3875
4018 3885
4018 3914
4018 3934
4018 3937
4018 3942
4018 3951
4018 3987
4018 4003
889 1097
1097 998
1097 1274
1097 2691
890 1083
890 2046
1083 917
1083 1911
2046 1592
2046 1708
2046 1740
2046 1769
2046 1804
2046 1817
2046 1822
2046 1831
2046 1837
2046 1856
2046 1865
2046 1869
2046 1883
2046 1904
2046 1905
2046 1913
2046 1914
2046 1925
2046 1927
2046 1930
2046 1935
2046 1943
2046 1947
2046 1962
2046 1965
2046 2007
2046 2050
2046 2080
1023 1019
1023 1167
1023 3751
1029 1171
1029 3857
1166 1124
1166 1169
1166 1231
2786 1011
2786 2114
2786 2151
2786 2205
2786 2206
2786 2245
2786 2257
2786 2422
2786 2442
2786 2474
2786 2484
2786 2514
2786 2598
2786 2652
2786 2668
2786 2670
2786 2693
2786 2744
2786 2752
2786 2758
2786 2765
2786 2770
2786 2776
2786 2790
2786 2794
2786 2796
2786 2801
2786 2811
2786 2815
2519 2250
2519 2497
2519 2551
2519 2565
2519 2650
2519 2708
2519 2801
4996 2722
4996 2830
4996 3730
4996 4539
4996 4589
4996 4596
4996 4651
4996 4658
4996 4679
4996 4709
4996 4719
4996 4723
4996 4737
4996 4738
4996 4762
4996 4766
4996 4774
4996 4785
4996 4796
4996 4798
4996 4800
4996 4804
4996 4810
4996 4812
4996 4834
4996 4837
4996 4844
4996 4854
4996 4861
4996 4868
4996 4875
4996 4879
4996 4882
4996 4886
4996 4902
4996 4904
4996 4917
4996 4923
4996 4927
4996 4929
4996 4935
4996 4940
4996 4944
4996 4947
4996 4957
4996 4974
4996 4986
4996 4987
4996 4989
4996 4994
4996 4997
896 1175
896 1176
1175 1031
1176 1040
1176 1118
1176 1156
1176 1936
897 912
897 4063
4063 2745
4063 3243
4063 3730
4063 3770
4063 3772
4063 3777
4063 3781
4063 3791
4063 3802
4063 3803
4063 3804
4063 3806
4063 3808
4063 3809
4063 3823
4063 3826
4063 3831
4063 3836
4063 3838
4063 3840
4063 3841
4063 3846
4063 3849
4063 3850
4063 3852
4063 3855
4063 3860
4063 3863
4063 3865
4063 3867
4063 3892
4063 3900
4063 3902
4063 3904
4063 3909
4063 3917
4063 3920
4063 3924
4063 3927
4063 3935
4063 3941
4063 3958
4063 3959
4063 3966
4063 3971
4063 3977
4063 3978
4063 3981
4063 3985
4063 3989
4063 3991
4063 3996
4063 3998
4063 4000
4063 4010
4063 4013
4063 4016
4063 4023
4063 4024
4063 4025
4063 4026
4063 4043
4063 4050
4063 4052
4063 4869
1178 1145
1178 1688
1142 1266
1142 1274
1142 1670
1142 3761
902 1053
1053 3539
998 976
998 980
998 1610
906 4207
4207 4076
4207 4084
4207 4100
4207 4146
4207 4150
4207 4156
4207 4182
4207 4197
4207 4343
907 970
907 4022
970 1204
970 4845
4022 1691
4022 2738
4022 3821
4022 3880
4022 3890
4022 3940
4022 3955
4022 3956
4022 3962
4022 3964
4022 3984
4022 3989
4022 3998
4022 4000
4022 4011
4022 4027
4022 4028
4022 4047
4022 4056
908 1231
1231 1201
1231 1247
1231 1655
1231 2067
1231 2892
1838 1729
1838 1906
1838 1936
1838 1937
1838 1938
1838 1998
911 4466
4466 4043
4466 4395
4466 4426
4466 4505
4466 4521
4466 4527
4466 4541
4466 4551
913 1015
913 2082
1015 1143
2082 1754
2082 1780
2082 1795
2082 1807
2082 1843
2082 1903
2082 1928
2082 1948
2082 1964
2082 1968
2082 1972
2082 1982
2082 1988
2082 1999
2082 2002
2082 2003
2082 2007
2082 2010
2082 2012
2082 2043
2082 2049
2082 2050
2082 2052
2082 2054
2082 2062
2082 2071
2082 2074
2082 2077
2082 2080
2082 2081
2082 2083
2082 2085
2082 2093
2082 2346
2082 2414
2082 3973
2082 4052
1115 920
1115 955
1115 1033
1115 2693
1147 995
1147 1100
1147 1541
1147 4858
1079 1201
1079 2196
917 937
937 3906
3566 2840
3566 2890
3566 3224
3566 3374
3566 3408
3566 3505
3566 3593
3566 3635
3566 3663
3566 3711
3566 4434
919 1143
919 3261
1143 985
1143 1100
1143 1109
3261 3282
3261 3414
3261 3576
3261 3659
3261 3669
921 1169
1169 1009
1169 2019
1169 3222
1169 4543
922 961
922 1089
922 4593
961 1100
1089 1241
1089 2809
4593 4583
4593 4617
4593 4734
4593 4829
4593 4971
923 3358
3358 2396
3358 2985
3358 3175
3358 3380
3358 3420
3358 3459
3358 3498
3358 3692
4389 4533
4389 4549
925 4477
4477 4514
4477 4543
4477 4551
4477 4561
4477 4562
4477 4568
927 2617
2617 2509
2617 2557
2617 2683
2617 2723
2617 2755
2617 2796
2617 2807
2617 3638
929 4551
4551 3519
4551 3531
4551 4303
4551 4309
4551 4317
4551 4326
4551 4342
4551 4361
4551 4365
4551 4372
4551 4376
4551 4383
4551 4385
4551 4391
4551 4395
4551 4397
4551 4413
4551 4419
4551 4426
4551 4455
4551 4457
4551 4465
4551 4483
4551 4484
4551 4501
4551 4503
4551 4505
4551 4518
4551 4521
4551 4532
4551 4541
4551 4546
4551 4550
4551 4568
4551 4573
4551 4693
4551 4854
1274 943
1274 994
1274 1039
1274 1067
1274 1096
1274 1137
1274 1171
1274 1177
1274 1241
1274 1242
1274 1266
1274 3399
1274 3599
1274 3690
1274 3940
931 1118
931 4449
1118 993
1118 1110
4449 4056
4449 4420
4449 4519
4449 4535
1039 3472
3906 3973
3906 3977
3906 3996
3906 4010
3906 4023
3906 4026
3906 4050
941 2559
2559 2214
2559 2421
2559 2653
2559 2656
2559 2678
2559 2707
2559 4116
4503 2439
4503 4366
4503 4413
4503 4422
4503 4425
4503 4435
4503 4451
4503 4484
4503 4501
4503 4518
4503 4521
4503 4532
4503 4534
4503 4541
4503 4543
4503 4546
943 2195
2195 2261
2195 2271
2195 2688
2195 2710
957 1066
1040 1242
1040 2510
946 1008
946 3230
1008 1033
3230 2842
3230 3460
3230 3696
947 954
954 1092
954 1133
954 1430
1087 2047
1087 4490
1009 1109
1009 2137
1025 1109
975 1636
980 3562
2899 3409
2899 3492
2899 3721
2899 3758
953 4694
4694 4620
4694 4913
4694 4987
4694 4989
1092 1129
1092 2839
1092 3736
1133 1074
1133 1204
1133 4907
1430 1630
1430 1655
1430 1689
1430 1703
1066 1122
4549 1881
4549 2406
4549 4297
4549 4302
4549 4315
4549 4354
4549 4371
4549 4380
4549 4387
4549 4390
4549 4392
4549 4409
4549 4431
4549 4442
4549 4448
4549 4451
4549 4459
4549 4470
4549 4475
4549 4481
4549 4490
4549 4492
4549 4494
4549 4506
4549 4522
4549 4537
4549 4542
4549 4543
4549 4545
4549 4562
4549 4573
993 3388
1100 1109
1100 2006
1100 4160
1843 1909
1843 1928
1843 1944
1843 1953
1843 1983
965 1076
965 4423
1076 1129
1076 4246
4423 4366
4423 4395
4423 4397
4423 4440
4423 4456
4423 4532
4423 4541
4423 4957
1201 1167
1201 1247
1201 2945
1201 3398
3534 2534
3534 3452
3534 3550
3534 3626
3534 3628
3534 3682
3534 3689
3534 3721
3534 3758
967 3076
3076 3758
2355 2547
2355 2561
2355 2612
2355 2653
2355 2678
2355 2745
976 4206
4469 4113
4469 4346
4469 4365
4469 4398
4469 4526
4469 4550
4469 4568
1204 973
1204 1074
1204 1242
1204 2779
4845 2351
4845 4679
4845 4802
4845 4933
4845 4942
4845 4960
4845 4961
4845 4971
4845 4977
973 2579
2579 2176
2579 2738
2579 2771
2579 2810
1636 1324
1636 1401
1636 1422
1636 1450
1636 1455
1636 1495
1636 1514
1636 1538
1636 1545
1636 1571
1636 1580
1636 1605
1636 1622
1636 1623
1636 1635
1636 1656
1636 1667
1636 1698
1636 1985
4206 4082
4206 4126
4206 4152
4206 4166
4206 4167
4206 4172
4206 4179
4206 4221
4206 4231
4206 4278
2591 2206
2591 2514
2591 2663
2591 2771
2591 2809
2591 2823
2591 4086
2547 2124
2547 2141
2547 2231
2547 2312
2547 2382
2547 2430
2547 2449
2547 2580
2547 2623
2547 2655
2547 2738
3562 2963
3562 3136
3562 3299
3562 3344
3562 3574
3562 3627
3562 3652
3562 3663
3562 3730
3562 4733
4542 3348
4542 4273
4542 4322
4542 4336
4542 4354
4542 4360
4542 4390
4542 4392
4542 4405
4542 4436
4542 4457
4542 4459
4542 4461
4542 4464
4542 4475
4542 4481
4542 4490
4542 4494
4542 4506
4542 4518
4542 4522
4542 4537
4542 4545
4542 4562
4542 4573
4542 4838
3451 3168
3451 3311
3451 3326
3451 3574
3451 3578
3451 3610
3451 3617
3451 3624
983 1150
983 4856
1150 3323
4856 4689
4856 4734
4856 4855
4856 4891
4856 4932
4856 4936
4856 4940
4856 4958
4856 4960
4856 4971
4856 4977
990 1703
4023 1927
4023 3636
4023 3811
4023 3909
4023 3920
4023 3958
4023 3971
4023 3979
4023 3981
4023 3996
4023 3998
4023 4010
4023 4016
4023 4024
4023 4026
4023 4043
4023 4044
4023 4047
4023 4050
4023 4052
985 1067
985 2655
2655 2124
2655 2141
2655 2157
2655 2189
2655 2231
2655 2239
2655 2312
2655 2335
2655 2382
2655 2446
2655 2580
2655 2623
2655 3736
986 3495
3495 2906
3495 2982
3495 3380
3495 3441
3495 3446
3495 3498
3495 3503
3495 3649
3495 3707
987 2697
2697 2357
2697 2574
2697 2581
2697 2618
2697 2623
2697 2705
2697 2729
2697 2738
2697 2753
2697 2775
2697 2810
1096 1007
1096 1266
1096 1763
1199 1038
1199 1880
1199 1978
1114 1603
1114 3751
1703 1242
1703 1266
1703 1381
1703 1384
1703 1389
1703 1393
1703 1407
1703 1409
1703 1425
1703 1439
1703 1445
1703 1447
1703 1452
1703 1455
1703 1458
1703 1464
1703 1465
1703 1470
1703 1477
1703 1479
1703 1487
1703 1504
1703 1505
1703 1509
1703 1510
1703 1511
1703 1522
1703 1523
1703 1533
1703 1545
1703 1572
1703 1573
1703 1578
1703 1581
1703 1582
1703 1597
1703 1601
1703 1604
1703 1613
1703 1620
1703 1625
1703 1630
1703 1638
1703 1643
1703 1646
1703 1649
1703 1652
1703 1663
1703 1664
1703 1670
1703 1687
1703 1689
1703 1691
1703 1693
1703 1969
1703 2019
1703 3273
1703 4964
1247 1139
1247 3060
1247 3341
3388 3648
3388 3652
3388 3675
3388 3689
3388 3721
3388 3758
994 4823
4823 4314
4823 4839
4823 4850
4823 4946
4823 4966
4823 4979
995 3093
3093 3149
3093 3357
3093 3611
3093 3711
3093 3730
997 1167
997 1862
1167 1515
1167 4341
1862 1877
1862 1988
1862 2019
1862 2061
1862 2068
1610 1321
1610 1363
1610 1415
1610 1452
1610 1529
1610 1541
1610 1602
1610 1603
1610 1647
1610 1650
1610 1662
1610 1679
1610 1690
1610 1700
1610 3600
1630 1367
1630 1391
1630 1458
1630 1475
1630 1523
1630 1582
1630 1597
1630 1643
1630 1667
1630 1687
1630 1691
1630 1693
1630 4816
1630 4987
1046 1266
1046 3518
1124 4222
1124 4961
1002 1542
1542 1648
1542 1667
1542 1679
1542 1685
1542 1690
1542 3162
1698 1340
1698 1360
1698 1364
1698 1373
1698 1401
1698 1418
1698 1424
1698 1429
1698 1432
1698 1433
1698 1440
1698 1449
1698 1461
1698 1466
1698 1467
1698 1470
1698 1472
1698 1481
1698 1482
1698 1485
1698 1491
1698 1499
1698 1504
1698 1519
1698 1531
1698 1535
1698 1536
1698 1539
1698 1540
1698 1546
1698 1556
1698 1560
1698 1567
1698 1591
1698 1598
1698 1631
1698 1632
1698 1637
1698 1639
1698 1648
1698 1656
1698 1657
1698 1659
1698 1670
1698 1674
1698 1675
1698 1677
1698 1690
1698 1691
1698 1700
1698 4157
1698 4697
1698 4843
3265 3171
3265 3415
3265 3560
3265 3604
3265 3607
3265 3683
1007 1266
1007 1813
1266 1056
1266 1082
1266 1137
1266 1171
1266 1177
1266 1241
1266 1242
1266 3333
1266 4874
1813 1821
1813 1832
1813 1940
1813 2022
1109 2908
2137 2738
1011 1122
1122 2640
2152 2578
2152 2746
2152 2758
2152 2776
2809 1715
2809 2127
2809 2144
2809 2190
2809 2227
2809 2255
2809 2287
2809 2326
2809 2397
2809 2420
2809 2428
2809 2461
2809 2482
2809 2502
2809 2531
2809 2536
2809 2580
2809 2628
2809 2659
2809 2663
2809 2718
2809 2720
2809 2726
2809 2732
2809 2735
2809 2771
2809 2776
2809 2781
2809 2790
2809 2791
2809 2823
2809 3733
2809 4250
2809 4821
1459 1534
1459 1543
1459 1583
1459 1695
1018 4494
4494 4348
4494 4383
4494 4461
4494 4464
4494 4475
4494 4484
4494 4522
4494 4526
4494 4537
4494 4545
4494 4546
4494 4562
4494 4573
1511 1338
1511 1387
1511 1395
1511 1404
1511 1431
1511 1436
1511 1478
1511 1541
1511 1693
3646 2855
3646 2884
3646 3045
3646 3148
3646 3208
3646 3240
3646 3249
3646 3289
3646 3301
3646 3332
3646 3476
3646 3480
3646 3482
3646 3488
3646 3537
3646 3597
3646 3656
3646 3664
3646 3682
3646 3707
3646 4674
3751 1932
3751 2878
3751 2885
3751 2888
3751 2889
3751 2900
3751 2921
3751 2928
3751 2932
3751 2957
3751 2962
3751 2999
3751 3012
3751 3056
3751 3061
3751 3098
3751 3135
3751 3162
3751 3191
3751 3210
3751 3277
3751 3281
3751 3302
3751 3344
3751 3362
3751 3370
3751 3372
3751 3387
3751 3420
3751 3457
3751 3460
3751 3477
3751 3489
3751 3512
3751 3517
3751 3523
3751 3544
3751 3556
3751 3558
3751 3598
3751 3629
3751 3650
3751 3653
3751 3671
3751 3678
3751 3690
3751 3700
3751 3715
3751 3733
3751 4169
3751 4599
3139 3080
3139 3618
3139 3698
3139 3705
1031 1414
1031 1670
4409 4448
4409 4462
4409 4545
4409 4573
1068 1203
1068 1778
1203 1056
1203 1171
1203 2619
1203 4353
1203 4893
1171 1241
1171 1242
1171 3933
3857 3899
3857 3913
3857 3945
3857 3964
3857 3976
3857 4043
1414 1526
1414 1599
1414 1677
1670 1334
1670 1349
1670 1393
1670 1483
1670 1510
1670 1534
1670 1540
1670 1558
1670 1589
1670 1601
1670 1606
1670 1620
1670 1625
1670 1638
1670 1648
1670 1649
1670 1663
1670 1687
1670 1689
1670 1691
1670 1693
1670 1718
2022 1714
2022 1735
2022 1739
2022 1743
2022 1747
2022 1801
2022 1821
2022 1842
2022 1854
2022 1940
2022 1975
2022 1994
2022 2010
2022 2026
2022 2062
2022 3396
1161 2755
1679 1322
1679 1329
1679 1383
1679 1388
1679 1410
1679 1415
1679 1416
1679 1437
1679 1460
1679 1463
1679 1471
1679 1527
1679 1528
1679 1531
1679 1551
1679 1569
1679 1577
1679 1588
1679 1603
1679 1604
1679 1638
1679 1645
1679 1662
1679 1685
1679 1689
1679 1690
1679 3650
1679 4390
1038 4273
4273 3000
4273 3856
4273 4068
4273 4069
4273 4072
4273 4073
4273 4074
4273 4078
4273 4081
4273 4096
4273 4097
4273 4102
4273 4122
4273 4132
4273 4139
4273 4140
4273 4151
4273 4159
4273 4187
4273 4189
4273 4195
4273 4199
4273 4210
4273 4213
4273 4228
4273 4235
4273 4246
4273 4250
4273 4252
4273 4259
4273 4260
4273 4261
4273 4262
4273 4269
4273 4271
4273 4277
4273 4328
3472 2996
3472 3180
3472 3227
3472 3382
3472 3432
3472 3452
3472 3483
3472 3518
3472 3570
3472 3579
3472 3696
3472 4277
1242 1177
1242 1241
1242 2753
2510 2344
2510 2469
2510 2499
2510 2504
2510 2588
2510 2633
2510 2635
2510 2643
2510 2710
2510 2778
1156 1110
1156 1129
1156 4550
3578 2725
3578 3007
3578 3091
3578 3167
3578 3168
3578 3213
3578 3262
3578 3272
3578 3311
3578 3365
3578 3393
3578 3433
3578 3505
3578 3542
3578 3610
3578 3617
3578 3624
3629 1768
3629 2600
3629 3311
3629 3477
3629 3626
3629 3650
3629 3653
3629 3669
3629 3671
3629 3678
3629 3690
3629 3700
3629 3707
3629 3715
3629 3733
3167 2907
3167 3432
3167 3542
3167 3610
3167 3617
3167 3624
3518 2587
3518 2960
3518 3105
3518 3157
3518 3293
3518 3382
3518 3432
3518 3438
3518 3452
3518 3555
3518 3570
1482 1446
1482 1488
1482 1491
1482 1677
1761 2049
1761 2093
1522 1409
1522 1533
1522 1582
1522 1689
1522 1691
1522 1693
2509 2238
2509 2280
2509 2334
2509 2374
2509 2390
2509 2452
2509 2455
2509 2577
2509 2779
2427 2098
2427 2104
2427 2197
2427 2504
2427 2545
2427 2671
2427 2688
3539 2853
3539 2978
3539 3037
3539 3185
3539 3264
3539 3269
3539 3281
3539 3285
3539 3365
3539 3493
3539 3655
3539 3669
3539 3687
3539 3703
3539 3707
3539 4057
2033 1719
2033 1738
2033 1819
2033 1837
2033 1849
2033 1883
2033 1908
2033 1921
2033 1934
2033 1949
2033 1978
2033 1997
2033 2019
2033 2027
2033 2034
2033 2044
2033 2049
2033 2053
2033 2061
2033 2066
2033 2729
2033 4473
1055 1241
1055 2850
1241 1177
1241 1490
2850 3216
2850 3649
2850 3705
4431 3321
4431 4397
4431 4537
4431 4562
4431 4573
3602 2100
3602 3313
3602 3531
3602 3553
3602 3600
3602 3628
3602 3648
3602 3675
3602 3682
3602 3689
3602 3758
4526 1892
4526 2339
4526 4355
4526 4452
4526 4457
4526 4463
4526 4492
4526 4515
4526 4525
4526 4527
4526 4539
4526 4562
4526 4573
4173 4100
4173 4108
4173 4156
4173 4182
4173 4197
1506 1325
1506 1394
1506 1449
1506 1637
1506 1648
1506 1675
1506 1677
1506 1700
1506 3985
2791 1398
2791 2110
2791 2144
2791 2217
2791 2227
2791 2277
2791 2351
2791 2399
2791 2428
2791 2454
2791 2471
2791 2482
2791 2502
2791 2504
2791 2531
2791 2536
2791 2566
2791 2628
2791 2634
2791 2659
2791 2670
2791 2676
2791 2720
2791 2726
2791 2729
2791 2732
2791 2771
2791 2781
2791 2811
2791 2823
2791 3348
2791 3559
1453 1605
1453 1623
1453 1640
1453 1667
4223 4211
4223 4214
4223 4277
4223 4278
4223 4282
4223 4287
2482 2701
2482 2732
2482 2801
2482 2823
1778 1783
1778 1833
1778 1871
1778 1906
1778 1937
1778 1998
1458 1478
1458 1533
1458 1572
1458 1581
1458 1601
2671 2027
2671 2148
2671 2582
2671 2710
2671 2738
2671 2753
2671 2775
2671 2779
2671 2810
4326 4403
4326 4422
4326 4521
1072 3390
3390 2976
3390 2989
3390 3175
3390 3463
3390 3559
3390 3644
3390 3680
1074 1975
1975 1733
1975 1739
1975 1821
1975 1854
1975 1940
1975 1985
1975 1994
1975 2001
1975 2010
4847 1637
4847 4710
4847 4760
4847 4778
4847 4779
4847 4798
4847 4813
4847 4855
4847 4881
4847 4883
4847 4886
4847 4898
4847 4943
1129 1145
4246 3498
4246 4074
4246 4078
4246 4081
4246 4140
4246 4148
4246 4151
4246 4187
4246 4189
4246 4210
4246 4213
4246 4222
4246 4228
4246 4247
4246 4260
4246 4261
4246 4262
4246 4282
3459 2877
3459 3102
3459 3126
3459 3252
3459 3255
3459 3498
3459 3596
2196 2118
2196 2689
1082 4195
4195 4083
4195 4210
4195 4250
4195 4252
4195 4259
4195 4261
4195 4262
4195 4272
1911 1972
1911 2035
1911 2049
1911 2071
1911 2074
1911 2077
1911 2085
1579 1470
1579 1578
1579 1592
1579 1654
1579 1657
1579 1658
1579 1662
1579 1664
1579 1675
1579 1677
1579 1700
4420 4331
4420 4561
4420 4568
2047 1709
2047 1711
2047 1726
2047 1775
2047 1782
2047 1792
2047 1810
2047 1839
2047 1845
2047 1867
2047 1870
2047 1922
2047 1946
2047 1952
2047 1956
2047 1985
2047 1990
2047 2000
2047 2031
2047 2056
2047 2066
2047 2077
2047 2262
2047 2670
2047 4052
4490 2068
4490 4373
4490 4401
4490 4436
4490 4464
4490 4473
4490 4475
4490 4491
4490 4497
4490 4506
4490 4514
4490 4537
4490 4545
4490 4562
4490 4573
3529 2670
3529 3092
3529 3216
3529 3417
3529 3469
3529 3531
3529 3616
3529 3618
3529 3619
3529 3622
3529 3705
1527 1400
1527 1620
1527 1685
1527 1693
1177 2491
1177 4927
2839 3055
2839 3296
2839 3438
2839 3452
3736 1360
3736 2401
3736 2811
3736 2895
3736 2933
3736 2993
3736 3070
3736 3072
3736 3090
3736 3096
3736 3115
3736 3152
3736 3153
3736 3193
3736 3208
3736 3234
3736 3239
3736 3246
3736 3271
3736 3274
3736 3305
3736 3318
3736 3352
3736 3382
3736 3404
3736 3457
3736 3464
3736 3522
3736 3540
3736 3546
3736 3551
3736 3556
3736 3564
3736 3579
3736 3583
3736 3589
3736 3651
3736 3683
3736 3698
3736 4050
2420 2107
2420 2256
2420 2532
2420 2676
2420 2687
2420 2733
1654 1343
1654 1416
1654 1418
1654 1429
1654 1449
1654 1497
1654 1504
1654 1516
1654 1539
1654 1556
1654 1578
1654 1588
1654 1598
1654 1632
1654 1639
1654 1657
1654 1659
1654 1674
1654 1695
1654 3850
3525 2894
3525 3161
3525 3224
3525 3233
3525 3408
3525 3559
3525 3592
3525 3596
3525 3644
1763 2026
1763 2050
2691 2252
2691 2331
2691 2446
2691 2526
2691 2529
2691 2594
2691 2612
2691 2622
2691 2653
2691 2656
2691 2678
2691 2707
2691 2725
2691 2745
2691 4909
3967 3773
3967 3984
3967 3991
3967 4016
3967 4021
3730 1640
3730 2794
3730 2851
3730 2879
3730 2937
3730 2973
3730 2997
3730 3003
3730 3009
3730 3018
3730 3047
3730 3060
3730 3106
3730 3147
3730 3190
3730 3197
3730 3297
3730 3307
3730 3403
3730 3501
3730 3533
3730 3538
3730 3555
3730 3574
3730 3579
3730 3593
3730 3597
3730 3627
3730 3635
3730 3652
3730 3663
3730 3705
3730 3711
3730 3880
2006 1718
2006 1787
2006 1800
2006 1809
2006 1820
2006 1861
2006 1881
2006 1882
2006 1910
2006 1916
2006 1924
2006 1957
2006 1959
2006 1993
2006 1996
2006 2001
2006 2020
2006 2029
2006 2077
2006 2308
4160 4082
4160 4262
4160 4278
4160 4287
2238 2334
2238 2452
2238 2534
2238 2577
3458 2896
3458 3032
3458 3049
3458 3284
3458 3347
3458 3490
3458 3563
3458 3564
3458 3599
3458 3625
3458 3634
2454 2108
2454 2324
2454 2460
2454 2496
2454 2640
2454 2652
2454 2732
3275 3258
3275 3267
3275 3604
3275 3703
3275 3707
3515 2549
3515 3083
3515 3414
3515 3628
3515 3682
3515 3758
3622 2940
3622 2991
3622 3145
3622 3270
3622 3340
3622 3417
3622 3450
3622 3511
3622 3531
3622 3601
3622 3616
3622 3618
3622 3698
3622 3705
3622 3721
3622 4398
4043 2050
4043 3593
4043 3770
4043 3781
4043 3823
4043 3846
4043 3849
4043 3867
4043 3879
4043 3909
4043 3924
4043 3941
4043 3958
4043 3966
4043 3971
4043 3974
4043 3978
4043 3985
4043 3991
4043 3996
4043 4010
4043 4016
4043 4024
4043 4026
4043 4044
4043 4047
4043 4048
4043 4050
4043 4052
3991 3762
3991 3809
3991 3831
3991 3849
3991 3896
3991 3966
3991 3975
3991 3981
3991 3998
3991 4016
3991 4025
3991 4026
3991 4052
2908 3025
2908 3312
2908 3409
2908 3564
2908 3634
3690 1861
3690 2720
3690 3036
3690 3056
3690 3098
3690 3135
3690 3198
3690 3277
3690 3405
3690 3489
3690 3523
3690 3544
3690 3558
3690 3589
3690 3598
3690 3638
3690 3650
3690 3653
3690 3671
3690 3678
3690 3698
3690 3700
3690 3715
3690 3733
3690 4264
3687 2080
3687 2211
3687 2848
3687 2849
3687 2998
3687 3054
3687 3057
3687 3081
3687 3137
3687 3177
3687 3212
3687 3240
3687 3269
3687 3319
3687 3321
3687 3341
3687 3351
3687 3355
3687 3365
3687 3373
3687 3475
3687 3479
3687 3493
3687 3536
3687 3568
3687 3626
3687 3655
3687 3692
3687 3703
3687 3707
1603 1442
1603 1552
1603 1611
1603 1613
1603 1619
1603 1650
1603 1667
1603 1681
1603 1690
1603 1711
2693 2388
2693 2403
2693 2411
2693 2490
2693 2498
2693 2514
2693 2520
2693 2542
2693 2565
2693 2587
2693 2668
2693 2794
2693 2796
2693 2801
2693 3599
2707 1695
2707 2122
2707 2205
2707 2252
2707 2350
2707 2415
2707 2444
2707 2561
2707 2585
2707 2612
2707 2656
2707 2725
2707 2745
2771 1709
2771 2127
2771 2246
2771 2277
2771 2326
2771 2397
2771 2472
2771 2626
2771 2628
2771 2639
2771 2659
2771 2663
2771 2718
2771 2720
2771 2722
2771 2726
2771 2732
2771 2735
2771 2738
2771 2781
2771 2823
1650 1334
1650 1366
1650 1375
1650 1413
1650 1476
1650 1547
1650 1550
1650 1551
1650 1588
1650 1662
1650 1663
1650 1690
1650 1693
3289 3063
3289 3537
3289 3656
3289 3664
3112 3465
3112 3582
3112 3638
2640 2053
2640 2108
2640 2192
2640 2254
2640 2319
2640 2324
2640 2460
2640 2496
2640 2541
2640 2645
2640 2652
2640 2725
1330 1340
1330 1424
1330 1606
1330 1700
2582 2315
2582 2635
2582 2730
2582 2776
2582 2790
2582 2794
2582 2801
4222 4183
4222 4277
4222 4278
4222 4282
4222 4287
4961 2772
4961 4580
4961 4588
4961 4637
4961 4665
4961 4740
4961 4768
4961 4785
4961 4805
4961 4817
4961 4840
4961 4844
4961 4851
4961 4885
4961 4894
4961 4929
4961 4932
4961 4933
4961 4935
4961 4936
4961 4940
4961 4942
4961 4958
4961 4960
4961 4971
4961 4977
4961 4994
1145 2893
1145 4261
4898 3080
4898 4599
4898 4619
4898 4690
4898 4703
4898 4710
4898 4760
4898 4778
4898 4779
4898 4798
4898 4812
4898 4813
4898 4855
4898 4881
4898 4883
4898 4957
4977 2102
4977 2161
4977 2471
4977 4580
4977 4589
4977 4608
4977 4629
4977 4658
4977 4671
4977 4678
4977 4743
4977 4763
4977 4768
4977 4771
4977 4785
4977 4797
4977 4805
4977 4817
4977 4826
4977 4842
4977 4846
4977 4851
4977 4894
4977 4929
4977 4932
4977 4933
4977 4935
4977 4936
4977 4940
4977 4942
4977 4957
4977 4958
4977 4960
4977 4971
4977 4997
2732 1530
2732 2317
2732 2459
2732 2502
2732 2536
2732 2663
2732 2668
2732 2718
2732 2722
2732 2729
2732 2781
2732 2823
1131 3570
3570 1870
3570 3055
3570 3180
3570 3227
3570 3293
3570 3296
3570 3346
3570 3414
3570 3432
3570 3438
3570 3452
3570 3483
3570 3528
3570 3689
3570 3696
3570 3711
3462 3235
3462 3288
3462 3324
3462 3415
3462 3440
3462 3444
3462 3474
3462 3560
3462 3604
3462 3607
4907 3700
4907 4641
4907 4664
4907 4681
4907 4758
4907 4764
4907 4770
4907 4831
4907 4854
4907 4864
4907 4876
4907 4884
4907 4896
4907 4913
4907 4914
4889 4026
4889 4597
4889 4624
4889 4691
4889 4695
4889 4704
4889 4715
4889 4731
4889 4735
4889 4741
4889 4752
4889 4769
4889 4775
4889 4789
4889 4795
4889 4834
4889 4869
4889 4884
4889 4891
4945 2718
4945 2723
4945 3208
4945 4579
4945 4621
4945 4625
4945 4636
4945 4639
4945 4645
4945 4653
4945 4655
4945 4670
4945 4684
4945 4693
4945 4705
4945 4728
4945 4821
4945 4828
4945 4833
4945 4839
4945 4865
4945 4877
4945 4882
4945 4909
4945 4930
4945 4958
4835 1551
4835 4826
4835 4832
4835 4920
4835 4924
4835 4937
4835 4946
4835 4957
4835 4966
4835 4979
2626 2396
2626 2573
2626 2772
2626 2796
2626 2807
1137 1401
1137 3301
1401 1571
1401 1656
1401 1667
3301 3435
3301 3544
3301 3597
3301 3656
3301 3664
3445 2945
3445 3118
3445 3185
3445 3243
3445 3258
3445 3331
3445 3398
3445 3470
3445 3474
1139 3355
1139 3619
3355 1554
3355 3006
3355 3133
3355 3441
3355 3479
3355 3703
3355 3707
3619 2775
3619 3018
3619 3025
3619 3217
3619 3248
3619 3270
3619 3291
3619 3419
3619 3446
3619 3616
3619 3618
3619 3649
3619 3698
3619 3705
3619 4562
4242 3696
4242 4085
4242 4089
4242 4112
4242 4118
4242 4194
4242 4203
4242 4215
4242 4224
4242 4226
4242 4253
4242 4258
4242 4263
4242 4278
2712 2107
2712 2184
2712 2225
2712 2226
2712 2265
2712 2411
2712 2516
2712 2532
2712 2555
2712 2568
2712 2651
2712 2668
2712 2676
2712 2687
2712 2733
2712 4519
2712 4648
3761 4002
3761 4057
1144 3784
3784 3829
3784 3845
3784 3913
3784 3964
3784 4027
2893 3061
2893 3174
2893 3331
2893 3398
2893 3470
4261 2778
4261 3554
4261 4068
4261 4073
4261 4074
4261 4097
4261 4109
4261 4120
4261 4139
4261 4140
4261 4171
4261 4187
4261 4189
4261 4200
4261 4210
4261 4213
4261 4235
4261 4247
4261 4250
4261 4252
4261 4257
4261 4259
4261 4260
4261 4262
3954 3842
3954 3872
3954 3896
3954 3905
3954 3912
3954 3927
3954 3935
3954 3955
3954 3980
3954 3993
3954 4004
3954 4031
4448 4464
4448 4521
4448 4562
4448 4573
1541 1338
1541 1374
1541 1387
1541 1395
1541 1404
1541 1424
1541 1431
1541 1436
4858 1878
4858 4804
4858 4920
4858 4931
4858 4946
4858 4957
4858 4966
4858 4979
4858 4987
4858 4989
1866 1850
1866 2017
1866 2080
1866 2093
1951 1798
1951 1824
1951 1830
1951 1831
1951 1885
1951 1900
1951 1933
1951 1944
1951 1958
1951 1983
1951 2050
1951 3550
3966 3863
3966 3917
3966 4000
3966 4026
3966 4050
3966 4052
3966 4111
3323 2855
3323 2966
3323 3046
3323 3263
3323 3407
3323 3410
3323 3659
3323 3669
2246 2729
2246 2823
3813 4047
3813 4048
3813 4057
3433 3311
3433 3393
3433 3542
3433 3617
3433 3624
3433 3692
2709 1656
2709 2202
2709 2259
2709 2468
2709 2512
2709 2590
2709 2594
2709 2619
2709 2674
2709 2766
2709 2802
2709 2830
4550 1885
4550 3356
4550 4304
4550 4324
4550 4340
4550 4345
4550 4351
4550 4375
4550 4377
4550 4398
4550 4421
4550 4429
4550 4453
4550 4460
4550 4491
4550 4492
4550 4512
4550 4515
4550 4535
4550 4543
4550 4546
4550 4562
4550 4573
1450 1604
1450 1622
1450 1624
1450 1635
1450 1667
2049 1717
2049 1728
2049 1772
2049 1834
2049 1849
2049 1850
2049 1877
2049 1915
2049 1934
2049 1949
2049 1968
2049 1978
2049 1988
2049 1997
2049 2019
2049 2027
2049 2034
2049 2044
2049 2061
2049 2066
2049 2067
2049 2068
2049 3711
4662 4966
4662 4979
2081 1785
2081 1819
2081 1823
2081 1826
2081 1848
2081 1857
2081 1864
2081 1894
2081 1928
2081 1930
2081 1932
2081 1938
2081 1957
2081 1968
2081 1982
2081 1986
2081 1995
2081 2015
2081 2031
2081 2050
2081 2054
2081 2062
2081 2067
2081 2071
2081 2074
2081 2077
2081 2080
2081 2083
2081 2085
2081 2093
2081 2504
2081 2745
2081 4024
2755 2158
2755 2216
2755 2223
2755 2241
2755 2301
2755 2336
2755 2343
2755 2346
2755 2390
2755 2471
2755 2557
2755 2624
2755 2644
2755 2683
2755 2694
2755 2729
2755 2772
2755 2781
2755 2796
2755 2807
2755 3942
2755 4048
2766 2262
2766 2278
2766 2315
2766 2412
2766 2608
2766 2619
2766 2675
2766 2696
2766 2714
2766 2722
2766 2765
2766 2778
2766 2802
2766 2807
2766 2830
2766 4152
1674 1392
1674 1432
1674 1519
1674 1539
1674 1546
1674 1550
1674 1560
1674 1567
1674 1577
1674 1592
1674 1600
1674 1601
1674 1632
1674 1638
1674 1639
1674 1646
1674 1648
1674 1659
1674 1675
1674 1688
1674 1700
1674 2320
1674 2952
1674 3652
4428 4303
4428 4510
4428 4525
4428 4533
4428 4568
1688 1335
1688 1346
1688 1354
1688 1377
1688 1408
1688 1412
1688 1416
1688 1425
1688 1441
1688 1448
1688 1469
1688 1471
1688 1477
1688 1490
1688 1492
1688 1498
1688 1502
1688 1520
1688 1543
1688 1545
1688 1555
1688 1558
1688 1573
1688 1602
1688 1607
1688 1613
1688 1614
1688 1635
1688 1640
1688 1645
1688 1658
1688 1695
1688 2109
1688 3864
1688 4833
1515 1376
1515 1468
1515 1543
1515 1560
1515 1580
1515 1623
1515 1635
1515 1656
1515 1667
4341 4464
3123 2966
3123 3711
2019 1715
2019 1812
2019 1877
2019 1893
2019 1896
2019 1908
2019 1978
2019 1997
2019 2027
2019 2034
2019 2044
2019 2054
2019 2061
2019 2066
2019 2068
2019 2071
2019 3198
3222 2976
3222 2996
3222 3696
3222 3704
4543 2635
4543 4291
4543 4296
4543 4324
4543 4327
4543 4360
4543 4429
4543 4440
4543 4465
4543 4470
4543 4492
4543 4497
4543 4535
4543 4539
3400 2961
3400 3260
3400 3304
3400 3322
3400 3362
3400 3391
3400 3519
4561 2772
4561 4262
4561 4301
4561 4325
4561 4338
4561 4352
4561 4353
4561 4356
4561 4369
4561 4373
4561 4378
4561 4394
4561 4396
4561 4399
4561 4403
4561 4407
4561 4415
4561 4416
4561 4438
4561 4439
4561 4453
4561 4463
4561 4474
4561 4481
4561 4498
4561 4502
4561 4510
4561 4514
4561 4522
4561 4527
4561 4533
4561 4534
4561 4537
4561 4552
4561 4568
4561 4665
4561 4927
4561 4960
3933 3989
3933 4000
3933 4005
3933 4010
3933 4013
3933 4047
3933 4056
3933 4891
4010 2085
4010 3909
4010 3916
4010 3917
4010 3958
4010 3971
4010 3981
4010 3998
4010 4016
4010 4017
4010 4026
4010 4050
4010 4052
2794 2142
2794 2144
2794 2185
2794 2206
2794 2296
2794 2393
2794 2442
2794 2484
2794 2494
2794 2514
2794 2542
2794 2552
2794 2587
2794 2589
2794 2612
2794 2616
2794 2634
2794 2635
2794 2667
2794 2679
2794 2726
2794 2752
2794 2758
2794 2770
2794 2776
2794 2790
2794 2811
2794 3210
2794 3370
4994 2568
4994 2598
4994 3696
4994 4612
4994 4652
4994 4673
4994 4679
4994 4699
4994 4709
4994 4735
4994 4746
4994 4748
4994 4766
4994 4774
4994 4788
4994 4796
4994 4819
4994 4836
4994 4844
4994 4850
4994 4854
4994 4855
4994 4857
4994 4882
4994 4902
4994 4904
4994 4917
4994 4923
4994 4924
4994 4933
4994 4937
4994 4944
4994 4947
4994 4958
4994 4986
4994 4987
4994 4989
4994 4997
3703 1576
3703 1780
3703 2848
3703 2849
3703 2853
3703 2859
3703 2915
3703 2936
3703 2967
3703 2978
3703 2998
3703 3057
3703 3081
3703 3092
3703 3127
3703 3133
3703 3177
3703 3183
3703 3236
3703 3267
3703 3319
3703 3321
3703 3341
3703 3365
3703 3475
3703 3479
3703 3536
3703 3568
3703 3655
3703 3680
3703 3707
3703 4047
3703 4987
1936 1833
1936 1864
1936 1871
1936 1901
1936 1906
1936 1938
1936 1998
1936 2083
2491 2168
2491 2189
2491 2517
2491 2590
2491 2704
4927 4779
4927 4792
4927 4850
4927 4861
4927 4871
4927 4904
4927 4917
4927 4923
4927 4956
4927 4986
4927 4987
4927 4989
3867 4013
3867 4016
3867 4025
3867 4050
1877 2068
1877 2317
2074 1745
2074 1755
2074 1868
2074 1882
2074 1894
2074 1962
2074 1985
2074 1986
2074 2026
2074 2029
2074 2050
2074 2071
2074 2077
2074 2080
2074 2093
2074 3929
2982 3175
2982 3252
2982 3255
2982 3503
3634 2284
3634 2430
3634 2865
3634 2925
3634 2963
3634 2970
3634 3011
3634 3041
3634 3044
3634 3049
3634 3101
3634 3228
3634 3312
3634 3340
3634 3347
3634 3409
3634 3460
3634 3490
3634 3563
3634 3564
3634 3599
3634 3625
3844 3928
3844 4002
3844 4014
3844 4021
1817 1927
1817 1962
1817 1965
1817 2031
1817 2077
1334 1645
1334 1655
1334 1685
4780 4703
4780 4737
4780 4931
4780 4937
4780 4966
4780 4979
1470 1472
1470 1648
1470 1657
1470 1700
3889 3767
3889 3911
3889 3927
3889 3935
3889 4004
3889 4031
3983 3775
3983 3834
3983 3866
3983 3887
3983 3891
3983 3905
3983 3916
3983 3928
3983 3929
3983 3952
3983 4013
3983 4014
3983 4021
3983 4052
3983 4057
3983 4888
1663 1378
1663 1446
1663 1509
1663 1534
1663 1551
1663 1589
1663 1597
1663 1604
1663 1643
1663 1649
1663 1652
1663 1664
1663 1675
1663 1687
1663 1689
1663 1690
1663 1691
1663 1693
1663 3574
2290 2235
2887 3118
2887 3434
2887 3509
2887 3669
4521 2796
4521 4309
4521 4370
4521 4377
4521 4419
4521 4426
4521 4455
4521 4488
4521 4501
4521 4505
4521 4525
4521 4534
4521 4535
4521 4541
4521 4545
4521 4546
4521 4568
4312 4419
4312 4546
4760 4690
4760 4798
4760 4855
4760 4881
4760 4883
4760 4886
4760 4942
2745 2122
2745 2164
2745 2205
2745 2214
2745 2241
2745 2368
2745 2444
2745 2526
2745 2545
2745 2594
2745 2612
2745 2622
2745 2656
2745 2669
2745 2678
2745 2718
2745 2725
2745 2830
4792 4587
4792 4603
4792 4620
4792 4687
4792 4749
4792 4756
4792 4790
4792 4913
4850 4986
4850 4997
1424 1631
1424 1657
1424 1677
1693 1381
1693 1384
1693 1385
1693 1389
1693 1407
1693 1425
1693 1437
1693 1443
1693 1455
1693 1465
1693 1479
1693 1505
1693 1509
1693 1523
1693 1534
1693 1572
1693 1581
1693 1597
1693 1600
1693 1601
1693 1604
1693 1606
1693 1620
1693 1625
1693 1638
1693 1643
1693 1646
1693 1652
1693 1664
1693 1681
1693 1685
1693 1687
1693 1689
1693 1691
1693 1700
1693 2846
1693 3184
1693 4191
1952 1946
1952 1990
1952 2000
1952 2031
1952 2056
1952 2093
4884 4582
4884 4594
4884 4660
4884 4692
4884 4722
4884 4730
4884 4765
4884 4806
4884 4807
4884 4821
4884 4874
4884 4897
4884 4900
1880 1732
1880 1814
1880 1872
1880 1900
1880 1954
1880 1972
1880 2053
1880 2071
1978 1827
1978 1921
1978 2027
1978 2034
1978 2061
1978 2066
1978 2068
1978 2071
4960 2775
4960 3425
4960 4199
4960 4583
4960 4589
4960 4689
4960 4725
4960 4740
4960 4743
4960 4768
4960 4771
4960 4797
4960 4805
4960 4851
4960 4881
4960 4902
4960 4914
4960 4932
4960 4933
4960 4934
4960 4935
4960 4936
4960 4940
4960 4942
4960 4958
4960 4966
4960 4971
2945 3185
2945 3256
2945 3258
2945 3474
3398 2927
3398 3048
3398 3243
3398 3258
3398 3331
3398 3470
3398 3474
3294 3585
3294 3696
2619 2516
2619 2692
2619 2701
2619 2802
2619 2830
4353 4505
4353 4552
4353 4568
4893 1949
4893 4700
4893 4824
4893 4920
4893 4929
4893 4931
4893 4937
4893 4946
4893 4957
4893 4966
4893 4979
2779 2210
2779 2335
2779 2413
2779 2414
2779 2480
2779 2534
2779 2578
2779 2618
2779 2658
2779 2667
2779 2738
2779 2753
2779 2775
2779 2810
2779 3444
2779 3507
1325 1677
1484 1496
1484 1614
1484 1647
1484 1658
1484 1695
1731 1718
1731 2080
1731 2085
1681 1332
1681 1359
1681 1363
1681 1366
1681 1367
1681 1413
1681 1437
1681 1449
1681 1460
1681 1476
1681 1499
1681 1528
1681 1529
1681 1544
1681 1551
1681 1552
1681 1554
1681 1567
1681 1588
1681 1591
1681 1601
1681 1611
1681 1619
1681 1635
1681 1655
1681 1662
1681 1667
1681 1685
1681 1690
1681 1691
1681 2553
1681 3281
1681 3698
3817 3909
3817 4002
3177 3304
3177 3707
2436 2173
2436 2310
2436 2313
2436 2429
2436 2625
2436 2725
2541 2108
2541 2178
2541 2192
2541 2324
2541 2435
2541 2496
2541 2561
2541 2645
2541 2652
3085 3218
3085 3373
3085 3407
2061 1719
2061 1728
2061 1738
2061 1774
2061 1790
2061 1802
2061 1830
2061 1834
2061 1835
2061 1848
2061 1849
2061 1850
2061 1885
2061 1893
2061 1908
2061 1915
2061 1924
2061 1949
2061 1988
2061 1997
2061 2027
2061 2034
2061 2044
2061 2066
2061 2068
2061 4244
4819 3859
4819 4595
4819 4615
4819 4617
4819 4632
4819 4680
4819 4685
4819 4734
4819 4784
4819 4829
4819 4958
4814 3064
4814 4789
4814 4902
4814 4926
4814 4986
4814 4987
4814 4989
1493 1428
1493 1480
1493 1530
1493 1568
1493 1569
1493 1576
1493 1601
3795 3984
4109 4106
4109 4250
4109 4252
4109 4259
4109 4260
4109 4262
4303 4484
4684 4836
4684 4930
4684 4958
1881 1861
1881 1957
1881 1996
1881 2001
1881 2020
1881 2029
3984 3960
3984 3982
3984 4016
3984 4017
3984 4025
3984 4044
3984 4703
4211 4144
4211 4157
4211 4177
4211 4183
4211 4191
4211 4193
4211 4227
4211 4233
1423 1569
3337 2939
3337 3215
3337 3376
3337 3507
3337 3510
3337 3582
3337 3711
3269 3507
3269 3655
3269 3707
3698 2255
3698 2683
3698 2929
3698 2991
3698 3001
3698 3024
3698 3025
3698 3026
3698 3100
3698 3116
3698 3124
3698 3146
3698 3216
3698 3217
3698 3248
3698 3270
3698 3300
3698 3330
3698 3419
3698 3450
3698 3511
3698 3531
3698 3540
3698 3555
3698 3592
3698 3616
3698 3618
3698 3649
3698 3705
3698 3961
3698 4134
4675 4687
4675 4931
4675 4937
4675 4957
4675 4979
2999 3475
2999 3733
3150 3243
3150 3579
3150 3692
3150 3704
3846 3768
3846 3938
3846 4016
1903 1839
1903 1870
1903 2080
1903 2085
3626 2210
3626 2815
3626 3035
3626 3425
3626 3465
3626 3473
3626 3550
3626 3553
3626 3628
3626 3648
3626 3675
3626 3682
3626 3689
3626 3721
3626 3758
4900 4582
4900 4594
4900 4606
4900 4647
4900 4682
4900 4683
4900 4692
4900 4722
4900 4730
4900 4741
4900 4746
4900 4806
4900 4807
4900 4821
4900 4874
4900 4897
2753 2417
2753 2515
2753 2546
2753 2700
2753 2705
2753 2738
2753 2775
2753 2796
1982 1809
1982 1885
1982 1915
1982 1918
1982 2093
1982 3576
4936 1755
4936 4739
4936 4894
4936 4929
4936 4932
4936 4933
4936 4935
4936 4940
4936 4942
4936 4944
4936 4958
4936 4971
4515 1431
4515 3559
4515 4319
4515 4321
4515 4384
4515 4440
4515 4453
4515 4460
4515 4491
4515 4510
4515 4512
4515 4519
4515 4562
2093 1717
2093 1724
2093 1726
2093 1736
2093 1755
2093 1807
2093 1816
2093 1819
2093 1878
2093 1897
2093 1905
2093 1930
2093 1932
2093 1949
2093 1956
2093 1964
2093 1966
2093 1985
2093 1986
2093 1995
2093 1997
2093 1999
2093 2002
2093 2003
2093 2020
2093 2029
2093 2034
2093 2043
2093 2050
2093 2052
2093 2054
2093 2062
2093 2066
2093 2067
2093 2071
2093 2077
2093 2080
2093 2083
2093 2085
2093 3564
2093 4406
2093 4987
1655 1347
1655 1375
1655 1431
1655 1456
1655 1524
1655 1528
1655 1547
1655 1552
1655 1560
1655 1577
1655 1588
1655 1658
1655 1662
1655 1677
1655 1685
1655 1690
1655 4153
1655 4933
2067 1691
2067 1712
2067 1814
2067 1876
2067 1887
2067 1985
2067 1986
2067 2043
2067 2044
2067 2052
2067 2054
2067 2056
2067 2062
2067 2071
2067 2077
2067 2080
2067 2083
2067 2085
2067 3715
2067 4240
2067 4876
2892 3118
2892 3226
2892 3258
2892 3470
2892 3474
2892 3583
3678 2066
3678 2878
3678 3018
3678 3154
3678 3210
3678 3258
3678 3344
3678 3367
3678 3477
3678 3517
3678 3544
3678 3550
3678 3558
3678 3582
3678 3598
3678 3650
3678 3653
3678 3671
3678 3675
3678 3700
3678 3715
3678 3733
3678 4865
4910 4189
4910 4277
4910 4770
4910 4838
4910 4848
4910 4888
4910 4915
4910 4926
4910 4931
4910 4934
4910 4943
4910 4954
4910 4956
4910 4964
4910 4974
3538 2998
3538 3143
3538 3297
3538 3488
3538 3635
3538 3711
3538 3831
3821 3960
3821 4044
3821 4047
4672 4748
4672 4755
4672 4808
4672 4820
4672 4934
1821 1969
1821 1994
2873 3137
2873 3426
2873 3683
2873 3704
3537 2915
3537 3151
3537 3240
3537 3249
3537 3292
3537 3306
3537 3324
3537 3624
3537 3656
3537 3664
3537 4050
4779 4599
4779 4855
4779 4881
4779 4883
4779 4944
4779 4979
4825 3610
4825 4607
4825 4666
4825 4702
4825 4742
4825 4747
4825 4802
4825 4809
4825 4810
4825 4816
4825 4833
4825 4964
4883 3471
4883 4599
4883 4619
4883 4690
4883 4710
4883 4798
4883 4813
4883 4855
4883 4875
4883 4881
4883 4886
4883 4926
4883 4940
4883 4974
3531 3371
3531 3419
3531 3511
3531 3514
3531 3616
3531 3649
3531 3705
3531 3758
1481 1371
1481 1426
1481 1648
1481 1675
1481 1691
1481 1700
4321 4323
4321 4497
2577 2142
2577 2175
2577 2280
2577 2334
2577 2374
2577 2390
2577 2413
2577 2452
2577 2455
2577 2774
2577 2796
2577 4778
3659 2933
3659 2947
3659 2966
3659 3021
3659 3030
3659 3069
3659 3149
3659 3244
3659 3252
3659 3254
3659 3263
3659 3336
3659 3410
3659 3468
3659 3473
3659 3496
3659 3509
3659 3576
3659 3601
3659 3669
3659 3758
4628 4846
4628 4853
4628 4862
4628 4875
1490 1396
1490 1690
1490 1695
4491 4396
4491 4433
4491 4462
4491 4502
4491 4512
4491 4519
4491 4535
2304 2150
2304 2301
2304 2475
2304 2735
2304 2778
4225 4219
4225 4228
4225 4258
4225 4277
4225 4278
4225 4282
4225 4287
2987 3304
2987 3349
2987 3362
2987 3519
3368 2857
3368 2881
3368 2989
3368 3001
3368 3156
3368 3325
3368 3328
3368 3348
3368 3500
3368 3563
3638 2461
3638 2888
3638 2939
3638 2980
3638 3060
3638 3071
3638 3073
3638 3215
3638 3296
3638 3370
3638 3376
3638 3426
3638 3465
3638 3507
3638 3510
3638 3514
3638 3556
3638 3582
3638 3650
1652 1329
1652 1355
1652 1385
1652 1387
1652 1407
1652 1443
1652 1534
1652 1538
1652 1589
1652 1597
1652 1601
1652 1602
1652 1620
1652 1625
1652 1638
1652 1649
1652 1687
1652 1689
1652 1690
1652 1933
1652 2688
3671 2020
3671 2845
3671 2878
3671 3011
3671 3125
3671 3370
3671 3477
3671 3492
3671 3501
3671 3517
3671 3523
3671 3598
3671 3650
3671 3653
3671 3700
3671 3715
3671 3733
3671 3881
3060 3544
3060 3582
3341 3092
3341 3205
3341 3707
2552 2574
2552 2677
2552 2719
2552 2730
2552 2799
2552 2810
3416 3535
3416 3557
3416 3648
3416 3675
3416 3721
3416 3758
3785 3837
3785 3927
3785 3960
3785 4004
1772 2044
1772 2066
3403 2858
3403 3103
3403 3652
3704 2020
3704 2694
3704 2841
3704 2910
3704 2949
3704 2977
3704 2984
3704 2986
3704 2995
3704 3034
3704 3074
3704 3086
3704 3100
3704 3109
3704 3116
3704 3163
3704 3169
3704 3299
3704 3310
3704 3393
3704 3396
3704 3424
3704 3434
3704 3494
3704 3522
3704 3554
3704 3585
3704 3636
3704 3683
3704 3692
3704 3696
3704 4470
4582 4603
4930 3450
4930 4579
4930 4621
4930 4625
4930 4639
4930 4645
4930 4653
4930 4655
4930 4664
4930 4670
4930 4693
4930 4705
4930 4728
4930 4778
4930 4828
4930 4832
4930 4839
4930 4853
4930 4865
4930 4877
4930 4909
4930 4987
2344 2173
2344 2271
2344 2504
2344 2688
2344 2710
1824 1909
1824 1928
1824 1944
1824 1958
1824 1983
2461 2331
2461 2650
2461 2781
2461 2823
2357 2172
2357 2239
2357 2433
2357 2580
2357 2623
3689 2738
3689 2921
3689 3059
3689 3067
3689 3160
3689 3407
3689 3471
3689 3481
3689 3487
3689 3508
3689 3528
3689 3543
3689 3557
3689 3600
3689 3628
3689 3648
3689 3653
3689 3682
3689 3696
3689 3721
3689 3758
4077 4123
4077 4178
4077 4227
4077 4233
4077 4264
4989 2201
4989 2858
4989 4626
4989 4636
4989 4679
4989 4709
4989 4723
4989 4737
4989 4766
4989 4769
4989 4788
4989 4812
4989 4836
4989 4837
4989 4851
4989 4854
4989 4857
4989 4864
4989 4868
4989 4881
4989 4902
4989 4904
4989 4917
4989 4923
4989 4924
4989 4947
4989 4986
4989 4987
4989 4997
1804 1883
1804 1935
1804 1962
4456 2726
4456 4302
4456 4407
4456 4518
4456 4532
4456 4534
4456 4546
3476 3045
3476 3148
3476 3249
3476 3332
3476 3356
3476 3482
3476 3664
3476 3758
3476 4573
4797 4812
4797 4862
4797 4935
4797 4958
4473 4401
4473 4416
4473 4537
4473 4545
4473 4562
4473 4573
4741 4663
4741 4695
4741 4715
4741 4789
4741 4834
4741 4844
4741 4869
4741 4891
3711 2007
3711 2778
3711 2851
3711 2918
3711 2959
3711 2994
3711 3009
3711 3041
3711 3086
3711 3136
3711 3147
3711 3307
3711 3349
3711 3470
3711 3481
3711 3491
3711 3501
3711 3505
3711 3528
3711 3533
3711 3555
3711 3574
3711 3593
3711 3611
3711 3627
3711 3635
3711 3636
3711 3652
3711 3663
3711 4820
3083 2983
3083 3140
3083 3284
3083 3357
3083 3387
4250 4068
4250 4073
4250 4122
4250 4132
4250 4151
4250 4189
4250 4199
4250 4208
4250 4210
4250 4228
4250 4252
4250 4259
4250 4260
4250 4262
4250 4272
4250 4539
1965 1822
1965 1865
1965 1913
1965 1914
1965 1927
1965 1935
1965 1943
1965 1962
1965 2007
1965 2029
1965 2052
3937 3816
3937 3827
3937 3928
3937 3934
3937 3942
3937 3951
3937 4027
4534 2752
4534 4323
4534 4329
4534 4361
4534 4385
4534 4391
4534 4395
4534 4413
4534 4425
4534 4438
4534 4454
4534 4483
4534 4488
4534 4501
4534 4505
4534 4518
4534 4525
4534 4541
4534 4546
3843 3959
3843 3985
1504 1578
1504 1646
3002 3733
3675 1447
3675 2362
3675 3000
3675 3019
3675 3401
3675 3407
3675 3425
3675 3435
3675 3447
3675 3449
3675 3481
3675 3508
3675 3543
3675 3557
3675 3648
3675 3653
3675 3682
3675 3721
3675 3758
4269 3610
4269 4122
4269 4199
4269 4227
4269 4233
4269 4247
4269 4256
4269 4257
4269 4263
4269 4267
4269 4268
4269 4271
4269 4272
4269 4277
4269 4278
4269 4282
4269 4287
2031 1711
2031 1713
2031 1756
2031 1780
2031 1792
2031 1839
2031 1867
2031 1922
2031 1946
2031 1956
2031 1990
2031 2000
2031 2050
2031 2056
2043 1711
2043 1759
2043 1938
2043 1954
2043 1985
2043 2026
2043 2034
2043 2077
2043 2080
2043 2085
2043 2380
2043 2948
2043 3129
2735 2160
2735 2177
2735 2220
2735 2244
2735 2281
2735 2289
2735 2301
2735 2317
2735 2354
2735 2378
2735 2475
2735 2520
2735 2560
2735 2586
2735 2592
2735 2613
2735 4287
2799 2128
2799 2228
2799 2299
2799 2300
2799 2318
2799 2321
2799 2332
2799 2341
2799 2346
2799 2352
2799 2362
2799 2369
2799 2377
2799 2384
2799 2386
2799 2492
2799 2505
2799 2535
2799 2553
2799 2557
2799 2572
2799 2574
2799 2576
2799 2604
2799 2607
2799 2641
2799 2657
2799 2677
2799 2678
2799 2719
2799 2722
2799 2730
2799 2774
2799 4213
3829 3922
3829 3945
3829 3976
1462 1352
1462 1383
1462 1530
1462 1568
1462 1569
1462 1576
1462 1695
2164 2653
2664 1719
2664 2135
2664 2143
2664 2211
2664 2257
2664 2292
2664 2401
2664 2438
2664 2487
2664 2538
2664 2549
2664 2568
2664 2585
2664 2609
2664 2654
2664 2781
1631 1339
1631 1428
1631 1472
1631 1535
1631 1536
1631 1539
1631 1540
1631 1544
1631 1639
1631 1646
1631 1648
1631 1659
1631 1675
1631 1690
1631 1700
1631 3511
3505 3491
3505 3663
4052 1553
4052 2801
4052 3770
4052 3772
4052 3803
4052 3809
4052 3833
4052 3863
4052 3892
4052 3901
4052 3904
4052 3918
4052 3924
4052 3928
4052 3932
4052 3941
4052 3977
4052 3978
4052 3981
4052 3982
4052 3998
4052 4003
4052 4016
4052 4024
4052 4025
4052 4026
4052 4050
4052 4931
4864 3331
4864 4758
4864 4770
4864 4831
4864 4876
4864 4896
4864 4913
4864 4914
4864 4986
3333 2810
3333 2950
3333 3097
3333 3236
3333 3272
3333 3285
3333 3386
4874 2623
4874 4594
4874 4606
4874 4647
4874 4660
4874 4682
4874 4683
4874 4722
4874 4730
4874 4807
4874 4821
4874 4897
4874 4997
3508 3170
3508 3617
3508 3682
3508 3721
3508 3758
3508 4426
3555 3063
3555 3574
3555 3589
3555 3652
1582 1366
1582 1572
1582 1589
1582 1691
1582 4944
2300 2774
1338 1332
1338 1374
1338 1387
1338 1478
3094 2975
3094 3415
3094 3444
3094 3558
3094 3604
3326 1614
3326 2852
3326 3189
3326 3371
3326 3373
3326 3382
2658 2244
2658 2428
2658 2515
2658 2548
2658 4256
4212 4110
4212 4118
4212 4130
4212 4215
4212 4224
4212 4236
4212 4251
4212 4253
4966 2628
4966 4387
4966 4642
4966 4663
4966 4667
4966 4668
4966 4674
4966 4700
4966 4713
4966 4786
4966 4787
4966 4800
4966 4832
4966 4838
4966 4848
4966 4854
4966 4920
4966 4931
4966 4937
4966 4946
4966 4957
4966 4979
3464 3559
3655 2318
3655 2911
3655 2936
3655 3037
3655 3127
3655 3267
3655 3274
3655 3319
3655 3351
3655 3379
3655 3475
3655 3479
3655 3493
3655 3536
3655 3568
3655 3683
3655 3700
3655 3707
3655 4795
1600 1335
1600 1461
1600 1488
1600 1550
1600 1588
1600 1639
1600 1659
1600 1677
1600 1700
2127 2372
2127 2718
3386 3006
3386 3097
3386 3236
3386 3272
3386 3285
3386 3313
3386 3399
3971 3890
3971 3917
3971 3942
3971 3998
3971 4016
3971 4024
3971 4026
3971 4050
4764 4607
4764 4657
4764 4742
4764 4775
4764 4802
4764 4809
4764 4810
4764 4816
4764 4833
3399 2950
3399 2965
3399 2979
3399 2986
3399 3006
3399 3097
3399 3236
3399 3272
3399 4824
3599 2896
3599 2925
3599 3013
3599 3029
3599 3041
3599 3101
3599 3228
3599 3270
3599 3312
3599 3340
3599 3342
3599 3460
3599 3563
3599 3564
3599 3625
3940 2388
3940 3800
3940 3816
3940 3871
3940 4044
3940 4047
3940 4048
3940 4057
2540 2261
2540 2396
2540 2624
2540 2694
2540 2796
2540 2807
2540 3878
2578 2250
2578 2738
2578 2810
2704 2140
2704 2199
2704 2358
2704 2377
2704 2415
2704 2465
2704 2497
2704 2527
2704 2590
2704 2597
2704 2600
2704 2644
2704 3503
2704 4401
4128 4117
4128 4129
4128 4176
4128 4177
4128 4278
4752 4735
4752 4747
4752 4789
4752 4795
4752 4834
4752 4869
4752 4891
4752 4964
4752 4974
1868 2012
1868 2015
3185 3048
3185 3174
3185 3331
2565 2200
2565 2257
2565 2597
2565 2689
2565 2708
2719 2161
2719 2280
2719 2321
2719 2384
2719 2417
2719 2492
2719 2505
2719 2572
2719 2604
2719 2607
2719 2641
2719 2677
2719 2774
2719 3362
3558 3650
3558 3715
3558 3733
3893 3781
3893 3792
3893 3894
3893 4047
3893 4056
3945 3765
3945 3776
3945 3801
3945 3910
3945 3913
3945 3931
3945 3976
1841 1783
1841 1871
1841 1933
1841 1937
1841 1938
1841 1998
2730 2228
2730 2362
2730 2412
2730 2446
2730 2553
2730 2572
2730 2587
2730 2607
2730 2641
2730 2657
2730 2677
2730 2689
2730 2774
2730 3624
4227 2830
4227 4092
4227 4111
4227 4157
4227 4176
4227 4184
4227 4191
4227 4193
4227 4218
4227 4264
4227 4268
1922 1956
1922 1990
1922 2000
1922 2056
1922 2066
1922 4027
3116 3252
3116 3692
3429 1413
3429 3224
3429 3262
3429 3592
3429 3644
3692 2669
3692 2907
3692 2910
3692 2964
3692 3026
3692 3141
3692 3148
3692 3157
3692 3169
3692 3259
3692 3310
3692 3396
3692 3478
3692 3494
3692 3516
3692 3535
3692 3554
3692 3585
3692 3636
3692 3683
3692 3696
3692 3956
3692 4078
3692 4258
4537 2378
4537 4302
4537 4318
4537 4345
4537 4382
4537 4391
4537 4436
4537 4459
4537 4464
4537 4475
4537 4484
4537 4506
4537 4514
4537 4525
4537 4545
4537 4562
4537 4573
4537 4997
2278 2607
2278 2733
2278 2830
3656 2855
3656 2859
3656 2914
3656 2924
3656 3005
3656 3047
3656 3090
3656 3201
3656 3240
3656 3244
3656 3249
3656 3276
3656 3288
3656 3324
3656 3332
3656 3480
3656 3482
3656 3488
3656 3504
3656 3550
3656 3597
3656 3664
3656 3930
3911 3766
3911 3925
3911 3927
3911 4004
3911 4024
3911 4031
3860 3791
3860 3977
3860 3978
4013 2080
4013 3883
4013 3908
4013 3914
4013 3961
4013 3969
4013 4000
4013 4008
4013 4011
4013 4028
4013 4047
4013 4048
4013 4056
4013 4057
4986 3299
4986 4596
4986 4610
4986 4665
4986 4673
4986 4686
4986 4718
4986 4749
4986 4766
4986 4768
4986 4774
4986 4775
4986 4784
4986 4788
4986 4804
4986 4812
4986 4846
4986 4854
4986 4857
4986 4879
4986 4891
4986 4902
4986 4904
4986 4917
4986 4923
4986 4924
4986 4944
4986 4947
4986 4979
4986 4987
4986 4997
2679 2231
2679 2364
2679 2487
2679 2494
2679 2744
2679 2746
2679 2752
2679 2765
2679 2770
2679 2801
2679 2811
2679 2815
3408 2903
3408 3356
3408 3463
3408 4931
3944 3807
3944 3837
3944 3925
3944 3935
3944 3936
3944 3980
3944 4031
3944 4056
1649 1446
1649 1456
1649 1461
1649 1533
1649 1581
1649 1583
1649 1589
1649 1597
1649 1599
1649 1606
1649 1623
1649 1638
1649 1664
1649 1687
1649 1689
1649 3758
1649 4497
2066 1715
2066 1717
2066 1719
2066 1738
2066 1779
2066 1802
2066 1812
2066 1834
2066 1835
2066 1849
2066 1850
2066 1884
2066 1893
2066 1900
2066 1915
2066 1921
2066 1934
2066 1948
2066 1949
2066 1966
2066 1988
2066 1997
2066 2002
2066 2027
2066 2034
2066 2044
2066 2062
2066 2068
2066 3389
2066 3769
2466 2159
2466 2302
2466 2323
2466 2349
2466 2670
2466 2699
2466 2714
3715 2720
3715 2871
3715 2997
3715 3012
3715 3023
3715 3069
3715 3088
3715 3135
3715 3191
3715 3208
3715 3277
3715 3302
3715 3344
3715 3353
3715 3367
3715 3370
3715 3372
3715 3420
3715 3468
3715 3489
3715 3544
3715 3564
3715 3568
3715 3598
3715 3650
3715 3653
3715 3700
3715 3733
3715 4017
3715 4346
3137 3707
3291 3616
3291 3649
3291 3705
3291 3758
3649 1700
3649 2928
3649 2929
3649 2995
3649 3026
3649 3152
3649 3216
3649 3248
3649 3417
3649 3419
3649 3450
3649 3511
3649 3560
3649 3616
3649 3618
3649 3705
3649 3758
3649 4781
4849 2790
4849 4733
4849 4740
4849 4926
4849 4943
4849 4947
4849 4954
4849 4956
4849 4964
4849 4974
1456 1632
1456 1685
3057 3070
3422 2859
3422 2975
3422 3379
3422 3512
3422 3559
3600 3103
3600 3155
3600 3407
3600 3447
3600 3528
3600 3550
3600 3625
3600 3648
3600 3682
3600 3721
3600 3758
4913 2960
4913 3463
4913 4612
4913 4614
4913 4637
4913 4664
4913 4669
4913 4681
4913 4758
4913 4770
4913 4831
4913 4875
4913 4876
4913 4896
4913 4914
3196 3610
3401 2214
3401 3758
2281 2378
2281 2394
2313 2339
2313 2372
2313 2472
3669 2933
3669 2938
3669 2947
3669 2966
3669 2969
3669 3030
3669 3046
3669 3149
3669 3244
3669 3254
3669 3263
3669 3282
3669 3336
3669 3410
3669 3473
3669 3496
3669 3509
3669 3576
3669 3601
4573 2116
4573 2490
4573 3783
4573 4027
4573 4296
4573 4297
4573 4300
4573 4307
4573 4315
4573 4318
4573 4320
4573 4322
4573 4327
4573 4331
4573 4348
4573 4354
4573 4360
4573 4363
4573 4370
4573 4371
4573 4380
4573 4382
4573 4383
4573 4390
4573 4392
4573 4400
4573 4401
4573 4405
4573 4436
4573 4442
4573 4451
4573 4459
4573 4460
4573 4461
4573 4462
4573 4464
4573 4475
4573 4481
4573 4497
4573 4506
4573 4522
4573 4535
4573 4545
4573 4562
4573 4786
3470 2271
3470 2874
3470 2959
3470 3118
3470 3174
3470 3226
3470 3243
3470 3258
3470 3474
4987 1643
4987 4584
4987 4656
4987 4658
4987 4671
4987 4686
4987 4699
4987 4721
4987 4738
4987 4781
4987 4796
4987 4812
4987 4836
4987 4837
4987 4844
4987 4855
4987 4861
4987 4879
4987 4882
4987 4902
4987 4904
4987 4917
4987 4923
4987 4924
4987 4940
4987 4997
1794 1883
1794 1924
1794 1996
1794 2020
1794 2029
2545 2261
2545 2410
2545 2508
2545 2633
2545 2688
2545 2710
3908 3974
3908 3976
3908 4008
3908 4048
3908 4056
3908 4057
4177 4129
4177 4191
4177 4193
4177 4264
1998 1729
1998 1745
1998 1783
1998 1833
1998 1864
1998 1871
1998 1894
1998 1901
1998 1906
1998 1937
1998 1938
1998 2678
1998 4924
3964 3776
3964 3801
3964 3845
3964 3862
3964 3899
3964 3976
3964 3981
1446 1689
1983 1716
1983 1793
1983 1798
1983 1830
1983 1885
1983 1909
1983 1928
1983 1933
1983 1944
1983 1953
1983 1958
1983 2052
1983 2080
1983 4974
2394 2141
2394 2157
2394 2172
2394 2312
2394 2430
2394 2815
2500 2170
2500 2202
2500 2544
2500 2566
2500 2624
2500 2694
2500 2772
2500 2796
2500 2807
3205 3098
3205 3218
3205 3316
3205 3344
3205 3427
1601 1524
1601 1581
1601 1643
1601 1664
2291 2135
2291 2339
2291 2538
2291 2549
2291 2585
2291 2609
2291 2654
3404 3248
4710 4813
4710 4881
4710 4886
4710 4943
2119 2208
2119 2285
2119 2714
3592 3015
3592 3056
3592 3172
3592 3350
3592 3389
3592 3402
3592 3512
3592 3554
3592 3644
3592 3680
3592 4539
3635 1899
3635 2968
3635 3047
3635 3240
3635 3307
3635 3516
3635 3519
3635 3574
3635 3593
3635 3611
3635 3627
3635 3696
3635 4400
2634 2282
2634 2722
2634 2729
2634 2781
2634 2815
2634 2823
2634 4532
4942 4257
4942 4586
4942 4790
4942 4817
4942 4831
4942 4842
4942 4857
4942 4929
4942 4932
4942 4933
4942 4935
4942 4958
4942 4971
1619 1339
1619 1400
1619 1537
1619 1547
1619 1592
1619 1597
1619 1662
1619 1685
1619 1690
1619 2975
4833 4648
4833 4657
4833 4666
4833 4696
4833 4702
4833 4742
4833 4802
4833 4809
4833 4810
4833 4816
4857 3469
4857 4616
4857 4693
4857 4711
2810 1592
2810 1632
2810 2111
2810 2141
2810 2244
2810 2314
2810 2345
2810 2347
2810 2356
2810 2406
2810 2417
2810 2435
2810 2453
2810 2480
2810 2504
2810 2515
2810 2534
2810 2535
2810 2599
2810 2618
2810 2629
2810 2660
2810 2667
2810 2686
2810 2705
2810 2714
2810 2772
2810 2775
2810 2790
2810 4214
2810 4896
4056 2457
4056 2497
4056 3767
4056 3773
4056 3828
4056 3838
4056 3851
4056 3864
4056 3874
4056 3890
4056 3900
4056 3907
4056 3922
4056 3952
4056 3955
4056 3956
4056 3961
4056 3965
4056 3969
4056 3974
4056 3989
4056 3996
4056 4000
4056 4002
4056 4008
4056 4011
4056 4027
4056 4028
4056 4047
4056 4048
4056 4057
4821 4692
4821 4722
4821 4730
4821 4806
4821 4807
4821 4824
4821 4897
3402 3350
3402 3644
3402 3680
3402 3733
3582 2888
3582 2980
3582 3071
3582 3073
3582 3215
3582 3376
3582 3426
3582 3465
3582 3507
3582 3510
3582 3514
3582 3560
3582 4268
3707 2531
3707 2848
3707 2853
3707 2859
3707 2911
3707 2978
3707 3037
3707 3081
3707 3092
3707 3127
3707 3212
3707 3245
3707 3267
3707 3300
3707 3319
3707 3321
3707 3322
3707 3351
3707 3365
3707 3389
3707 3450
3707 3475
3707 3479
3707 3493
3707 3514
3707 3536
3707 3568
3707 3682
1747 2010
1924 1351
1924 1916
1924 1959
1924 1993
1924 1996
1924 2001
1924 2020
1924 2029
1924 2071
2032 1598
2032 1721
2032 1724
2032 1742
2032 1759
2032 1808
2032 1840
2032 1852
2032 1887
2032 1937
2032 1945
2032 1964
2032 1971
2032 1979
2032 1999
2032 2017
2032 2026
2450 2512
2450 2823
2871 2940
2871 3113
3258 3118
3258 3226
1349 1452
1349 1685
1809 1957
1809 1993
1809 2001
1809 2020
1809 2029
3151 2957
3151 3090
3151 3332
3151 3664
4586 4718
4586 4793
4586 4852
2052 1943
2052 1946
2052 1949
2052 2050
2052 2077
2052 2083
2052 2085
3145 3348
3145 3705
3494 3138
3494 3385
3494 3425
3494 3460
3494 3585
3494 3683
3494 4830
4746 4837
4746 4915
4746 4934
4746 4954
4746 4974
2512 3475
3234 3090
3449 3557
3449 3604
3449 3682
3449 3721
3449 3758
3510 3215
3510 3426
3510 3465
3510 3507
3510 3514
3510 3650
2581 1695
2581 2492
2581 2644
2581 2694
2581 2765
2581 2796
2581 2807
3616 1362
3616 3001
3616 3203
3616 3276
3616 3318
3616 3450
3616 3509
3616 3618
3616 3705
2906 3498
2906 3596
2906 3721
3482 3201
3482 3480
3482 3488
3482 3504
3482 3597
3482 3664
4278 1925
4278 2001
4278 2068
4278 2802
4278 4066
4278 4071
4278 4112
4278 4125
4278 4148
4278 4149
4278 4159
4278 4174
4278 4185
4278 4190
4278 4208
4278 4210
4278 4236
4278 4238
4278 4247
4278 4256
4278 4257
4278 4260
4278 4263
4278 4267
4278 4268
4278 4271
4278 4272
4278 4277
4278 4282
4278 4287
4299 4463
4299 4512
3140 2875
3140 2934
3140 2983
3140 3211
3140 3357
3140 3492
4810 2678
4810 4607
4810 4657
4810 4666
4810 4742
4810 4816
4810 4946
1604 1393
1604 1606
1604 1664
1604 1687
1604 1689
1604 1691
1604 3870
2463 2098
2463 2614
2463 2744
2463 2752
2463 2811
2463 2815
3328 2989
3328 3016
3328 3325
3328 3342
3328 3348
3328 3500
3782 4027
4974 3285
4974 3493
4974 4028
4974 4585
4974 4601
4974 4609
4974 4659
4974 4661
4974 4676
4974 4679
4974 4688
4974 4696
4974 4698
4974 4721
4974 4727
4974 4728
4974 4736
4974 4739
4974 4763
4974 4776
4974 4842
4974 4848
4974 4888
4974 4915
4974 4923
4974 4926
4974 4934
4974 4943
4974 4954
4974 4956
4974 4964
3273 3236
3568 2978
3568 3212
3568 3245
3568 3321
3568 3418
3568 3536
3568 3683
3568 3842
3788 4017
4391 4435
4391 4525
4525 1571
4525 2098
4525 4305
4525 4363
4525 4385
4525 4386
4525 4397
4525 4413
4525 4422
4525 4425
4525 4505
4525 4518
4525 4539
4525 4541
3312 3271
3312 3316
3312 3460
3312 3625
3830 3987
3830 4017
3830 4044
1897 1776
1897 1872
1897 1892
1897 1900
1897 1918
1897 2035
1897 2053
1910 1746
1910 1767
1910 1859
1910 1886
1910 1912
1910 1972
1910 2035
1910 2053
3780 3763
3780 3805
3780 3856
3780 3871
3780 3882
3780 4024
4068 4252
4068 4262
4407 4568
4475 2147
4475 4390
4475 4461
4475 4545
4475 4562
1930 1577
1930 2071
1930 2083
3270 3371
3270 3705
4964 2815
4964 3052
4964 3215
4964 4585
4964 4601
4964 4609
4964 4659
4964 4676
4964 4688
4964 4696
4964 4721
4964 4727
4964 4736
4964 4739
4964 4776
4964 4802
4964 4805
4964 4842
4964 4848
4964 4877
4964 4888
4964 4896
4964 4915
4964 4926
4964 4933
4964 4934
4964 4943
4964 4954
4964 4956
4997 2156
4997 2235
4997 2368
4997 3306
4997 3914
4997 4584
4997 4647
4997 4658
4997 4679
4997 4686
4997 4719
4997 4720
4997 4723
4997 4737
4997 4738
4997 4751
4997 4766
4997 4788
4997 4796
4997 4804
4997 4812
4997 4817
4997 4828
4997 4836
4997 4837
4997 4861
4997 4868
4997 4879
4997 4882
4997 4902
4997 4904
4997 4915
4997 4917
4997 4923
4997 4924
4997 4932
4997 4944
4997 4947
1425 1687
1425 1689
2012 1677
2012 1720
2012 1737
2012 1741
2012 1768
2012 1786
2012 1829
2012 1874
2012 1884
2012 1948
2012 2015
3604 3031
3604 3058
3604 3072
3604 3109
3604 3121
3604 3160
3604 3184
3604 3235
3604 3288
3604 3359
3604 3440
3604 3444
3604 3560
3604 3607
3604 4145
3618 1657
3618 2843
3618 3088
3618 3124
3618 3216
3618 3419
3618 3663
3618 3705
3683 2841
3683 2842
3683 3027
3683 3089
3683 3130
3683 3163
3683 3299
3683 3306
3683 3310
3683 3385
3683 3424
3683 3434
3683 3469
3683 3478
3683 3535
3683 3585
3683 3636
3683 3663
3683 3696
3683 4182
3683 4349
2588 2186
2588 2197
2588 2410
2588 2469
2588 2585
2588 2633
2588 2643
2588 2688
2588 2710
2629 1662
2977 2923
2977 3071
2977 3452
4050 3772
4050 3777
4050 3791
4050 3808
4050 3840
4050 3849
4050 3855
4050 3902
4050 3909
4050 3912
4050 3918
4050 3924
4050 3941
4050 3958
4050 3961
4050 3970
4050 3972
4050 3978
4050 3985
4050 3996
4050 3998
4050 3999
4050 4000
4050 4024
4050 4025
4050 4026
4050 4031
4050 4350
4956 1956
4956 4221
4956 4585
4956 4661
4956 4676
4956 4727
4956 4739
4956 4776
4956 4820
4956 4840
4956 4842
4956 4848
4956 4888
4956 4915
4956 4926
4956 4934
4956 4943
4956 4946
4956 4954
1427 1391
1427 1577
1427 1685
1427 1690
1690 1328
1690 1329
1690 1347
1690 1357
1690 1366
1690 1369
1690 1383
1690 1410
1690 1419
1690 1437
1690 1460
1690 1463
1690 1528
1690 1547
1690 1551
1690 1554
1690 1577
1690 1611
1690 1614
1690 1647
1690 1658
1690 1662
1690 2654
1690 3173
1690 4026
1690 4749
2118 2231
2118 2580
2118 2623
3309 3187
3309 3189
3309 3316
3607 2939
3607 3058
3607 3072
3607 3109
3607 3121
3607 3160
3607 3184
3607 3235
3607 3255
3607 3288
3607 3359
3607 3415
3607 3440
3607 3444
3607 3560
3607 3680
4799 4692
4799 4708
4799 4733
4799 4753
4799 4846
4799 4853
4799 4862
4799 4875
4799 4890
2616 2365
2616 2505
2616 2576
2616 2598
2616 2744
2616 2781
2616 2790
2616 2811
2616 2815
2938 3509
2938 3523
3211 2875
3211 2934
3211 3284
3211 3357
4144 4123
4144 4218
4144 4219
4144 4233
4144 4264
4144 4287
4200 4161
4200 4214
4200 4240
4200 4244
4200 4271
4787 4666
4787 4920
4787 4957
4787 4979
1363 1329
1647 1347
1647 1351
1647 1356
1647 1368
1647 1369
1647 1415
1647 1476
1647 1529
1647 1544
1647 1547
1647 1662
1647 1685
1647 1689
1647 1700
1647 2117
1647 3597
4399 4378
4399 4552
4399 4568
4457 4296
4457 4442
4837 4629
1321 1613
1321 1675
1321 3506
1613 1362
1613 1439
1613 1441
1613 1475
1613 1503
1613 1573
1613 1607
1613 1635
1613 1645
1613 1658
1613 1695
1613 1720
1613 4852
1675 1331
1675 1361
1675 1398
1675 1415
1675 1432
1675 1433
1675 1466
1675 1474
1675 1497
1675 1509
1675 1536
1675 1556
1675 1578
1675 1591
1675 1598
1675 1607
1675 1632
1675 1646
1675 1648
1675 1657
1675 1659
1675 1677
1675 1700
1675 3344
1675 3682
1675 4383
3506 3077
3506 3087
3506 3128
3506 3129
3506 3144
3506 3159
3506 3176
3506 3287
3506 4141
1322 1577
1322 1685
1577 1388
1577 1552
1577 1691
1577 2334
1685 1351
1685 1357
1685 1359
1685 1366
1685 1370
1685 1373
1685 1404
1685 1419
1685 1505
1685 1531
1685 1537
1685 1547
1685 1552
1685 1554
1685 1572
1685 1588
1685 1611
1685 1656
1685 1662
1685 1687
1685 2553
1685 3589
1685 4695
1685 4735
1323 1369
1323 4828
1369 1402
4828 1478
4828 4839
4828 4865
4828 4877
4828 4885
4828 4909
4828 4944
1324 1487
1324 1513
1324 1635
1324 1656
1324 1667
1487 1351
1487 1443
1487 1510
1487 1643
1487 1689
1487 1691
1513 1538
1513 1562
1513 1580
1513 1656
1513 1667
1513 4501
1635 1483
1635 1495
1635 1514
1635 1538
1635 1562
1635 1571
1635 1580
1635 1622
1635 1623
1635 1656
1635 1667
1656 1327
1656 1422
1656 1468
1656 1562
1656 1571
1656 1580
1656 1605
1656 1622
1656 1624
1656 1667
1656 1677
1656 1689
1656 2374
1656 3998
1667 1336
1667 1440
1667 1468
1667 1483
1667 1495
1667 1514
1667 1538
1667 1562
1667 1571
1667 1581
1667 1605
1667 1622
1667 1623
1667 1624
1667 1648
1667 3540
1667 3721
1667 4668
1677 1343
1677 1372
1677 1392
1677 1438
1677 1440
1677 1448
1677 1449
1677 1461
1677 1488
1677 1516
1677 1533
1677 1539
1677 1556
1677 1560
1677 1591
1677 1625
1677 1632
1677 1637
1677 1639
1677 1645
1677 1646
1677 1648
1677 1657
1677 1659
1677 1700
1677 1754
1677 4518
1381 1687
1632 1372
1632 1384
1632 1447
1632 1535
1632 1540
1632 1556
1632 1592
1632 1637
1632 1659
1632 2071
1691 1370
1691 1384
1691 1407
1691 1439
1691 1443
1691 1445
1691 1447
1691 1460
1691 1464
1691 1510
1691 1520
1691 1533
1691 1534
1691 1543
1691 1572
1691 1581
1691 1597
1691 1606
1691 1620
1691 1625
1691 1638
1691 1659
1691 1664
1691 1687
1691 1689
1691 1695
1691 2326
1691 2413
1691 3102
1327 1345
1327 1640
1327 2904
1345 1400
1345 1658
1345 1695
1345 2823
1640 1390
1640 1408
1640 1448
1640 1492
1640 1517
1640 1545
1640 1605
1640 1606
1640 1614
1640 1658
1640 1695
1640 2608
2904 3721
2904 3758
1328 1526
1328 1599
1526 1336
1526 1417
1526 1474
1526 1498
1526 1599
1526 4419
1599 1358
1599 1376
1599 1402
1599 1417
1599 1426
1599 1553
1340 1598
1340 1648
1340 1700
1606 1394
1606 1398
1606 1576
1606 1638
1606 1687
1606 1689
1606 1946
1700 1355
1700 1364
1700 1371
1700 1372
1700 1373
1700 1382
1700 1429
1700 1433
1700 1440
1700 1449
1700 1466
1700 1472
1700 1488
1700 1491
1700 1495
1700 1499
1700 1516
1700 1528
1700 1535
1700 1536
1700 1539
1700 1540
1700 1550
1700 1558
1700 1560
1700 1567
1700 1578
1700 1591
1700 1592
1700 1620
1700 1637
1700 1639
1700 1646
1700 1648
1700 1657
1700 1659
1700 2056
1700 4174
1331 1412
1331 1524
1331 1658
1412 1657
1524 1662
1524 4696
1524 4902
1658 1357
1658 1378
1658 1441
1658 1448
1658 1501
1658 1517
1658 1543
1658 1545
1658 1573
1658 1583
1658 1602
1658 1639
1658 1695
1658 1979
1658 4087
1332 1611
1332 3474
1611 1400
1611 1510
1611 1544
1611 1554
1611 4366
3474 2801
3474 2959
3474 3048
3474 3174
3474 3331
3474 3359
1333 1588
1333 1662
1588 1343
1588 1531
1588 2778
1662 1347
1662 1367
1662 1380
1662 1391
1662 1514
1662 1529
1662 1544
1662 1555
1662 3190
1662 3644
1662 4805
1645 1354
1645 1417
1645 1442
1645 1498
1645 1501
1645 1503
1645 1536
1645 1583
1645 1602
1645 1607
1645 1614
1645 1695
1645 2701
1645 4947
1335 1602
1602 1433
1602 1476
1602 1485
1602 1520
1602 1555
1602 1695
1602 2959
1602 4897
1336 1580
1336 1623
1580 1341
1580 1514
1580 1562
1580 1623
1580 1624
1580 1687
1580 1695
1580 3528
1580 4259
1623 1339
1623 1476
1623 1495
1623 1538
1623 1562
1623 1605
1623 1622
1623 1624
1623 1687
1623 1788
1337 1568
1337 1569
1337 1576
1568 1368
1568 1382
1568 1428
1568 1480
1568 1530
1568 1569
1568 1576
1568 1638
1568 3125
1568 3295
1569 1382
1569 1428
1569 1467
1569 1480
1569 1530
1569 1576
1576 1368
1576 1382
1576 1418
1576 1467
1576 1530
1576 2639
1374 1395
1374 1404
1374 4375
1387 1436
1387 1478
1387 2976
1478 1395
1478 1404
1478 1431
1478 1436
1339 2882
2882 2920
2882 3705
1598 1364
1598 1392
1598 1398
1598 1597
1598 1657
1598 1659
1598 2573
1648 1372
1648 1392
1648 1440
1648 1466
1648 1499
1648 1516
1648 1536
1648 1550
1648 1556
1648 1637
1648 1646
1648 2178
1648 2292
1648 4623
1341 1558
1341 2499
1558 1607
1558 1614
1558 1695
1558 4853
2499 2139
2499 2222
2499 2316
2499 2372
2499 2472
2499 2573
1343 1418
1343 1488
1418 1646
1418 1833
1488 1477
1488 1533
1488 1591
1488 3300
1400 4943
1695 1354
1695 1362
1695 1407
1695 1408
1695 1420
1695 1442
1695 1445
1695 1469
1695 1471
1695 1475
1695 1485
1695 1492
1695 1496
1695 1498
1695 1501
1695 1502
1695 1543
1695 1545
1695 1571
1695 1573
1695 1583
1695 1607
1695 1614
1695 1687
1695 1717
1695 2501
1695 3597
1695 4673
2823 2100
2823 2149
2823 2182
2823 2183
2823 2218
2823 2227
2823 2230
2823 2233
2823 2251
2823 2255
2823 2287
2823 2299
2823 2326
2823 2351
2823 2364
2823 2419
2823 2502
2823 2531
2823 2536
2823 2566
2823 2628
2823 2659
2823 2663
2823 2668
2823 2718
2823 2720
2823 2722
2823 2726
2823 2729
2823 2781
2823 2802
2823 2924
2823 4004
2823 4541
1346 1591
1346 1643
1591 1373
1591 1438
1591 1441
1591 1472
1591 1517
1591 1637
1591 1646
1643 1479
1643 1509
1643 1535
1643 1572
1643 1581
1643 1638
1643 1687
1643 1689
1643 4436
1347 1352
1352 1467
1352 1480
1352 2085
1480 4048
1452 1528
1350 1463
1463 1444
1463 3387
1351 1492
1492 1961
1467 1368
1467 1530
1467 1550
2085 1723
2085 1754
2085 1757
2085 1849
2085 1918
2085 1925
2085 1937
2085 1945
2085 1947
2085 1964
2085 1966
2085 1986
2085 1999
2085 2002
2085 2003
2085 2020
2085 2044
2085 2050
2085 2054
2085 2062
2085 2068
2085 2071
2085 2077
2085 2083
2085 2480
2085 2612
2085 3330
2085 3625
2085 4388
2085 4769
1664 1370
1664 1408
1664 1420
1664 1439
1664 1447
1664 1464
1664 1514
1664 1597
1664 1687
1664 1689
1664 2027
1664 3308
1355 1517
1517 1358
1517 1520
1517 1543
1517 4506
1356 2957
1357 1528
1528 1592
1528 2790
1358 1553
1553 1426
1553 1474
1553 1555
1553 1573
1553 3379
1359 1370
1370 1625
1360 1496
1360 1646
1360 1657
1496 3653
1646 1461
1646 1479
1646 1491
1646 1567
1646 1622
1646 1637
1646 1639
1646 1657
1646 1659
1646 3409
1646 4896
1657 1361
1657 1535
1657 1536
1657 1556
1657 1562
1657 1578
1657 1583
1657 1592
1657 1637
1657 1639
1657 1659
1657 1972
1361 1371
1361 1550
1371 1620
1371 1659
1371 2746
1550 1394
1550 1560
1364 1622
1364 2003
1622 1447
1622 1449
1622 1468
1622 1538
1622 1562
1622 1571
1622 1605
1622 1624
1622 2876
2003 1581
2003 1766
2003 1842
2003 1969
2003 2062
2003 2080
2003 2227
1366 1534
1534 1687
1534 2452
1367 1530
1530 1368
1530 1391
1530 1501
1530 2772
1402 4562
1625 1443
1625 1447
1625 1607
1625 1620
1625 1687
1625 1802
1620 1445
1620 1479
1620 1638
1620 1689
1620 3934
1620 4562
1659 1410
1659 1429
1659 1438
1659 1439
1659 1491
1659 1536
1659 1546
1659 1592
1659 1639
1659 1857
1659 3705
2746 2114
2746 2120
2746 2226
2746 2320
2746 2364
2746 2388
2746 2422
2746 2598
2746 2611
2746 2668
2746 2752
2746 2758
2746 2776
2746 2790
2746 2801
2746 2811
2746 2815
2746 3420
1372 1438
1372 1607
1438 1519
1438 1639
1607 1485
1607 1514
1607 1539
1607 1555
1607 4611
1373 1546
1546 1556
1546 1560
1546 1808
1546 2718
1395 1436
4375 4506
1375 4287
4287 1419
4287 2034
4287 3159
4287 3636
4287 4071
4287 4080
4287 4083
4287 4092
4287 4095
4287 4099
4287 4102
4287 4104
4287 4106
4287 4107
4287 4112
4287 4117
4287 4119
4287 4124
4287 4125
4287 4131
4287 4133
4287 4134
4287 4138
4287 4145
4287 4146
4287 4148
4287 4151
4287 4165
4287 4168
4287 4169
4287 4171
4287 4174
4287 4178
4287 4182
4287 4185
4287 4188
4287 4190
4287 4196
4287 4201
4287 4208
4287 4215
4287 4236
4287 4238
4287 4240
4287 4244
4287 4247
4287 4251
4287 4256
4287 4257
4287 4258
4287 4262
4287 4263
4287 4267
4287 4268
4287 4271
4287 4272
4287 4277
4287 4282
4287 4579
4287 4681
1376 1393
1376 3224
1393 1687
1393 4711
3224 3115
3224 3680
1377 1503
1377 1581
1377 3563
1503 1433
1581 1510
1581 1940
3563 2896
3563 2963
3563 2970
3563 3013
3563 3044
3563 3092
3563 3114
3563 3409
3563 3460
3563 3490
3563 3564
3563 3625
3563 3800
1687 1409
1687 1444
1687 1445
1687 1447
1687 1464
1687 1468
1687 1509
1687 1523
1687 1572
1687 1597
1687 1638
1687 1689
1687 3048
1687 4723
1382 1428
1428 1545
1384 1638
1638 1445
1638 1538
1638 1689
1638 3733
1385 1562
1385 1589
1385 1689
1562 1495
1562 1605
1562 2010
1589 1531
1589 1540
1589 2099
1589 4253
1689 1389
1689 1409
1689 1432
1689 1444
1689 1455
1689 1465
1689 1505
1689 1510
1689 1523
1689 1533
1689 1572
1689 1573
1689 1597
1689 2097
1689 2364
1689 3256
1689 3440
1689 4384
1624 1422
1624 1436
1624 1483
1624 1514
1624 1571
1624 1605
1624 1901
1624 3107
1436 1431
1388 1567
1388 3009
1567 1429
1567 1519
1567 1539
1389 1431
1389 4957
4957 4252
4957 4452
4957 4568
4957 4642
4957 4663
4957 4668
4957 4711
4957 4824
4957 4832
4957 4920
4957 4931
4957 4937
4957 4946
4957 4979
1390 1420
1390 3446
1420 1912
3446 3039
3446 3102
3446 3195
3446 3255
3446 3503
3446 3511
3446 3596
1391 4807
4807 4606
4807 4660
4807 4683
4807 4722
4807 4897
4807 4954
1392 1578
1578 1560
1578 1592
1578 1637
1578 3650
4711 4909
1396 1408
1408 4048
1474 2341
1531 1505
1531 2607
1398 1637
1637 1440
1637 1466
1637 1502
1637 1539
1637 1583
1637 1639
1637 1893
1605 1483
1605 1529
1605 1571
1605 2585
4943 3103
4943 4659
4943 4661
4943 4676
4943 4688
4943 4698
4943 4776
4943 4822
4943 4848
4943 4888
4943 4926
4943 4934
4943 4947
4943 4954
1571 1483
1571 1529
4562 2175
4562 2614
4562 4021
4562 4300
4562 4302
4562 4307
4562 4320
4562 4331
4562 4339
4562 4360
4562 4383
4562 4400
4562 4401
4562 4436
4562 4442
4562 4451
4562 4454
4562 4459
4562 4461
4562 4481
4562 4506
4562 4522
4562 4541
4562 4545
4562 4552
1407 1468
1407 3890
1468 4840
3890 3874
3890 3909
3890 4057
4048 2696
4048 3791
4048 3792
4048 3800
4048 3839
4048 3850
4048 3851
4048 3861
4048 3864
4048 3874
4048 3880
4048 3894
4048 3896
4048 3901
4048 3907
4048 3926
4048 3930
4048 3955
4048 3956
4048 3965
4048 3969
4048 3974
4048 3975
4048 3979
4048 4000
4048 4011
4048 4028
4048 4047
1409 4869
4869 1766
4869 4597
4869 4605
4869 4624
4869 4625
4869 4691
4869 4695
4869 4731
4869 4735
4869 4747
4869 4769
4869 4775
4869 4789
4869 4795
4869 4834
1547 3201
1415 1854
1854 1872
1854 1994
1854 2010
1854 2077
1416 1537
1537 1516
1417 4766
4766 4786
4766 4909
1833 1901
1833 1906
1419 1614
1614 1501
1614 1502
1614 1516
1614 1520
1614 3999
1912 1736
1912 1740
1912 1751
1912 1777
1912 1797
1912 1891
1912 2050
1912 2053
1912 2054
1476 1787
1422 1519
1422 1538
1422 2606
1519 1535
1519 1539
1538 2029
2606 2109
2606 2308
2606 2689
2606 2708
1426 1499
1426 2708
1499 1433
1499 1536
1499 1592
1499 2962
2708 1713
2708 2288
2708 2307
2708 2358
2708 2406
2708 2465
2708 2484
2708 2551
2708 2597
2708 2650
2708 2705
2708 4137
1545 1573
1545 2944
1429 1440
1429 3287
1440 4236
3287 3128
3287 3601
1432 2604
2604 2324
2604 2352
2604 2572
2604 2576
1529 1551
1529 3804
1639 2656
1639 2993
1439 2660
2660 2775
2660 3046
2660 4568
4236 2778
4236 4116
4236 4166
4236 4251
4236 4277
4236 4282
1441 1471
1442 1477
1442 1554
1554 1544
1554 1560
1444 2911
2911 3721
1445 1498
1445 4435
1498 1583
1498 2206
4435 4410
4435 4422
4435 4454
4435 4505
4435 4532
4435 4546
1447 1572
1572 1592
1572 2668
1448 2202
1449 3834
3834 3916
3834 3928
3834 3952
3834 4021
1455 1533
1533 2176
1533 4929
1543 1497
1543 1520
1583 1523
1583 2462
1460 1592
1461 2111
2111 2506
3387 2868
3387 2920
3387 3023
3387 3107
3387 3199
3387 3290
3387 3435
3387 4416
1464 1505
1464 2580
1505 3148
2580 2105
2580 2141
2580 2157
2580 2335
2580 2449
2580 2623
2580 2694
1465 2966
4840 3989
4840 4848
4840 4868
4840 4958
4840 4971
1469 2687
2687 2097
2687 2107
2687 2184
2687 2225
2687 2265
2687 2396
2687 2411
2687 2498
2687 2521
2687 2542
2687 2555
2687 2568
2687 2651
2687 2676
2687 2733
2687 2758
1472 4385
4385 4377
4385 4541
2341 2677
2341 2802
1475 1485
1475 3776
1485 3180
3776 3938
3776 3976
1787 1916
1787 1996
1787 2020
1787 2029
1479 1483
1483 1495
1483 4877
1491 3254
1495 1514
1495 3248
4877 1896
4877 4579
4877 4581
4877 4636
4877 4728
4877 4738
4877 4839
4877 4865
4877 4909
3180 3382
3180 3624
3180 3700
1510 4824
3300 3003
3300 3511
3300 3705
1516 1535
1516 2077
3696 2910
3696 2986
3696 3034
3696 3065
3696 3074
3696 3089
3696 3100
3696 3104
3696 3259
3696 3299
3696 3306
3696 3310
3696 3380
3696 3385
3696 3396
3696 3469
3696 3478
3696 3516
3696 3535
3696 3554
3696 3585
3696 3636
3696 4748
3254 3021
3254 3054
3254 3244
3254 3509
3254 4148
1961 1748
1961 1758
1961 1770
1961 1771
1961 1776
1961 1823
1961 1857
1961 1926
1961 1969
1961 2002
1961 2077
1961 2083
1514 2652
3248 3705
3653 1834
3653 2975
3653 3420
3653 3441
3653 3523
3653 3544
3653 3598
3653 3650
3653 3700
3653 3733
3653 3758
2206 2529
2206 2531
2206 2801
2962 3733
1501 1556
1501 2930
1556 1560
1556 2683
2930 2925
1502 2645
2645 2191
2645 2192
2645 2254
2645 2275
2645 2319
2645 2324
2645 2386
2645 2460
2645 2496
2645 2652
2645 2696
2645 4439
3148 3324
3148 3480
3148 3758
3985 3901
3985 3909
3985 3996
3985 3998
3985 4025
3985 4028
1540 4785
4824 4832
4824 4920
4824 4946
4824 4979
4501 2371
4501 4384
4501 4406
4501 4419
4501 4454
4501 4488
4501 4546
2652 2191
2652 2192
2652 2254
2652 2275
2652 2319
2652 2334
2652 2435
2652 2460
2652 2496
2652 2770
2652 2796
2652 4376
1560 1710
2077 1710
2077 1774
2077 1848
2077 1852
2077 1878
2077 1926
2077 1935
2077 1964
2077 1966
2077 1985
2077 1986
2077 2017
2077 2050
2077 2053
2077 2054
2077 2062
2077 2071
2077 2080
2077 2083
2077 2796
2077 3385
2077 4201
2077 4868
4506 2189
4506 4382
4506 4388
4506 4461
4506 4545
4506 4552
1523 4940
4940 4031
4940 4272
4940 4671
4940 4695
4940 4737
4940 4758
4940 4826
4940 4851
4940 4894
4940 4929
4940 4932
4940 4933
4940 4935
4940 4958
4940 4971
4696 4915
4902 4935
1552 1938
1552 3097
4419 4426
4419 4455
4419 4519
4419 4532
2790 2185
2790 2364
2790 2422
2790 2437
2790 2439
2790 2442
2790 2474
2790 2498
2790 2566
2790 2598
2790 2635
2790 2668
2790 2733
2790 2752
2790 2758
2790 2770
2790 2776
2790 2802
2790 2811
2790 3553
1551 4438
3804 3823
3804 3979
3804 3998
3804 4026
2772 2194
2772 2224
2772 2245
2772 2402
2772 2457
2772 2471
2772 2557
2772 2602
2772 2613
2772 2624
2772 2644
2772 2650
2772 2669
2772 2694
2772 2723
2772 2752
2772 2796
2772 2807
2772 2902
2607 2133
2607 2352
2607 2641
2607 2677
2607 2774
2607 4709
2176 2635
2176 2670
2176 2673
2176 2714
4929 3193
4929 4826
4929 4851
4929 4861
4929 4879
4929 4894
4929 4932
4929 4933
4929 4934
4929 4935
4929 4958
2452 2142
2452 2280
2452 2374
2452 2390
2452 2455
2029 1718
2029 1764
2029 1800
2029 1815
2029 1820
2029 1861
2029 1882
2029 1916
2029 1957
2029 1959
2029 1993
2029 1996
2029 2001
2029 2020
2029 2080
2029 3029
2029 3176
4785 4626
4785 4971
1573 2539
2944 3371
1808 1776
1808 1971
1808 2017
1808 2026
2718 2142
2718 2217
2718 2311
2718 2358
2718 2531
2718 2720
2718 2722
2718 2726
2718 2729
2718 2765
2718 4763
3201 3038
3201 3324
3201 3664
4438 4568
1938 1729
1938 1745
1938 1864
1938 1885
1938 1906
1938 1937
3097 2979
3097 3022
3097 3159
3379 3295
3379 3644
3379 3680
2683 2174
2683 2216
2683 2284
2683 2402
2683 2468
2683 2548
2683 2624
2683 2669
2683 2723
2683 2807
2683 4532
3965 2474
3965 3878
3965 3950
3965 3974
3965 4008
3965 4011
3965 4025
3965 4047
3965 4057
4853 2293
4853 3152
4853 4648
4853 4708
4853 4724
4853 4732
4853 4733
4853 4753
4853 4846
4853 4875
4853 4890
4853 4947
1710 2056
2010 1714
2010 1733
2010 1735
2010 1739
2010 1743
2010 1842
2010 1940
2010 1994
2010 2035
2010 2062
2010 3284
2010 4894
3963 3733
3963 3797
3963 3887
3963 3891
3963 3903
3963 3905
3963 3922
3963 3929
3963 3942
3963 3952
3963 3996
3963 4014
3963 4021
3125 3156
3125 3218
3125 3281
3125 3371
3125 3373
3125 3427
3295 3644
3295 3680
2668 2183
2668 2422
2668 2520
2668 2801
2668 2811
2668 2815
2539 2261
2539 2439
2539 2508
2539 2633
2539 2643
2539 2688
2539 2744
2639 2113
2639 2162
2639 2267
2639 2380
2639 2546
2639 2611
2639 2667
2639 2700
2639 2992
2334 2142
2334 2280
2334 2374
2334 2523
3650 2947
3650 3477
3650 3489
3650 3598
3650 3700
3650 3721
3650 3733
3650 4025
3528 1995
3528 3487
3528 3543
3528 3589
3528 3628
3528 3648
3528 3721
3528 3758
4259 1859
4259 4069
4259 4072
4259 4078
4259 4120
4259 4122
4259 4132
4259 4139
4259 4140
4259 4145
4259 4151
4259 4191
4259 4199
4259 4213
4259 4228
4259 4235
4259 4252
4259 4260
4259 4262
4259 4271
4259 4875
1940 1743
1940 1994
1940 2071
4944 3031
4944 3512
4944 4700
4944 4765
4944 4923
4944 4924
4944 4947
2462 2442
2462 4298
2778 2117
2778 2182
2778 2468
2778 2537
2778 2583
2778 2608
2778 2692
2778 2696
2778 2725
2778 2765
2778 2802
2778 2811
2778 2830
2099 2235
2099 2424
2099 2426
2099 2459
2099 2802
4253 3174
4253 3627
4253 4070
4253 4089
4253 4093
4253 4102
4253 4103
4253 4112
4253 4125
4253 4130
4253 4134
4253 4138
4253 4186
4253 4194
4253 4201
4253 4203
4253 4226
4253 4251
4253 4258
1597 3022
1597 3648
3022 2950
3022 3006
3022 3236
3648 2514
3648 2622
3648 3052
3648 3142
3648 3330
3648 3407
3648 3543
3648 3550
3648 3593
3648 3628
3648 3682
3648 3721
3648 3758
3648 4016
2573 2346
2573 2624
2573 2669
2573 2694
2573 2723
2573 2796
2573 2807
2959 2927
2959 3174
4897 4057
4897 4594
4897 4606
4897 4647
4897 4682
4897 4683
4897 4692
4897 4730
4897 4765
4897 4806
4897 4904
1711 1995
3870 3927
3870 3936
3870 3980
3870 4031
2585 2211
2585 2401
2585 2487
2585 2538
2585 2549
2585 2609
2585 2654
2585 2781
1946 1956
1946 1990
1946 2000
1946 2056
1946 2083
1946 4683
4611 4671
4611 4782
4611 4843
4611 4871
4611 4885
3556 3938
4366 4335
4366 4386
4366 4440
4366 4483
1720 2015
4852 4592
4852 4598
4852 4610
4852 4623
4852 4669
4852 4718
4852 4761
4852 4781
4852 4783
4852 4793
3999 3800
3999 3833
3999 3883
3999 3932
3999 3950
3999 3962
3999 4003
3999 4017
3999 4044
4862 1996
4862 2248
4862 4648
4862 4708
4862 4724
4862 4732
4862 4733
4862 4846
4862 4875
4862 4890
3934 3771
3934 3827
3934 3875
3934 3914
3934 3951
3934 3987
3934 4003
3934 4686
3883 4021
3883 4028
3883 4057
3936 3866
3936 3887
3936 3924
3936 3935
3936 3975
3936 3980
3936 3993
3936 4004
3936 4031
2876 2861
2876 3142
2876 3206
2876 3343
1788 2056
1901 1745
1901 1783
1901 1937
1901 2830
3107 2855
3107 2920
3107 3199
3107 3225
3107 3435
1802 1966
1802 2044
1802 2068
4183 4149
4183 4219
4183 4229
4183 4233
4183 4264
4081 4199
4081 4282
3916 2674
3916 3765
3916 3891
3916 3903
3916 4014
3916 4021
4816 4580
4816 4607
4816 4616
4816 4657
4816 4685
4816 4702
4816 4802
4816 4809
3511 2844
3511 2903
3511 3419
3511 3705
2071 1746
2071 1879
2071 1934
2071 1986
2071 1994
2071 1995
2071 2062
2071 2068
2071 2080
2071 2083
2071 3839
2071 3979
2071 4057
2071 4660
1916 1959
1916 1993
1916 1996
1916 2001
1916 2020
1916 2026
1985 1750
1985 1962
1985 2062
1985 4914
1893 1899
1893 1997
1893 2034
1893 2044
1893 2068
3733 1894
3733 1972
3733 2845
3733 2851
3733 2889
3733 3135
3733 3191
3733 3208
3733 3210
3733 3246
3733 3277
3733 3302
3733 3332
3733 3336
3733 3344
3733 3353
3733 3367
3733 3370
3733 3372
3733 3420
3733 3471
3733 3477
3733 3489
3733 3517
3733 3523
3733 3544
3733 3598
3733 3700
3733 4621
3733 4830
2656 2205
2656 2283
2656 2350
2656 2442
2656 2561
2656 2605
2656 2612
2656 2653
2656 2725
2656 3206
2993 3389
2608 2413
2608 2720
2608 2802
2608 2830
2149 2252
2149 2744
2701 2172
2701 2522
2701 2531
2701 2674
2701 2696
2701 2765
2701 2830
2701 4067
4947 3065
4947 3417
4947 4678
4947 4688
4947 4723
4947 4914
4947 4917
4947 4923
3409 2925
3409 3044
3409 3049
3409 3347
3409 3498
3409 3625
4896 2458
4896 4612
4896 4614
4896 4637
4896 4641
4896 4681
4896 4770
4896 4831
4896 4876
4896 4914
2117 2349
2117 2765
3597 2856
3597 2884
3597 2915
3597 2924
3597 3045
3597 3240
3597 3292
3597 3504
3597 3544
3597 3664
2292 2444
2292 2487
2292 2538
2292 2654
4623 4610
4623 4669
4623 4781
4623 4783
4623 4931
3758 1759
3758 1884
3758 2830
3758 2840
3758 2844
3758 2858
3758 2869
3758 2897
3758 2931
3758 3000
3758 3014
3758 3050
3758 3052
3758 3067
3758 3068
3758 3074
3758 3103
3758 3132
3758 3146
3758 3198
3758 3308
3758 3340
3758 3356
3758 3407
3758 3425
3758 3437
3758 3447
3758 3471
3758 3481
3758 3487
3758 3492
3758 3543
3758 3550
3758 3553
3758 3557
3758 3628
3758 3680
3758 3682
3758 3700
3758 3721
3758 4598
3758 4886
4497 4336
4497 4418
4497 4502
4497 4514
4497 4539
4497 4619
4258 2174
4258 4070
4258 4085
4258 4095
4258 4110
4258 4112
4258 4118
4258 4127
4258 4137
4258 4138
4258 4186
4258 4199
4258 4203
4258 4215
4258 4224
4258 4226
4258 4251
4258 4268
1933 1798
1933 1830
1933 1885
1933 1928
1933 1944
1933 1953
1933 1958
1933 3218
2688 2104
2688 2348
2688 2410
2688 2469
2688 2504
2688 2628
2688 2633
2688 2710
2688 2801
2688 4096
3850 4004
3850 4008
3850 4028
4153 4235
4153 4244
4153 4282
4933 2954
4933 4789
4933 4894
4933 4920
4933 4935
4933 4958
4933 4971
2374 2175
2374 2390
3998 3763
3998 3924
3998 3958
1972 1732
1972 1736
1972 1740
1972 1753
1972 1860
1972 1886
1972 1918
1972 1954
1972 2035
1972 2053
1979 1840
1979 1852
1979 1945
1979 1971
1979 2017
1979 2026
1979 3272
4087 4240
4087 4247
1857 1771
1857 1823
1857 1926
1857 1969
1857 2080
3705 2902
3705 2929
3705 3001
3705 3024
3705 3031
3705 3203
3705 3217
3705 3330
3705 3417
3705 3419
3705 3450
3705 3465
3705 3478
3705 3560
3705 3680
3705 3682
3705 3910
3705 4021
3705 4247
3190 3440
3190 3627
3644 2891
3644 2903
3644 2951
3644 3161
3644 3233
3644 3274
3644 3356
3644 3389
3644 3434
3644 3512
3644 3559
3644 3596
3644 3628
3644 3680
3644 4519
4805 4668
4805 4786
4805 4958
4805 4971
3574 2285
3574 2979
3574 3628
3574 3652
3574 3663
2027 1735
2027 1790
2027 1827
2027 1849
2027 1896
2027 1934
2027 1988
2027 2020
2027 2034
2027 2044
2027 2068
2027 2733
3308 3652
3308 3721
3359 3121
3359 3171
3359 3184
3359 3195
3359 3444
4568 1957
4568 2068
4568 3636
4568 4295
4568 4298
4568 4301
4568 4316
4568 4319
4568 4324
4568 4329
4568 4338
4568 4347
4568 4356
4568 4358
4568 4369
4568 4373
4568 4378
4568 4387
4568 4394
4568 4396
4568 4403
4568 4410
4568 4415
4568 4416
4568 4421
4568 4434
4568 4439
4568 4447
4568 4463
4568 4470
4568 4474
4568 4498
4568 4502
4568 4510
4568 4514
4568 4527
4568 4533
4568 4545
4568 4552
4568 4935
4762 4751
4762 4763
4762 4830
4762 4843
4762 4871
4762 4885
4762 4923
3227 3346
3227 3414
3473 3068
3473 3336
3473 3356
3473 3410
3473 3468
3473 3496
3473 3576
3473 3601
3540 4123
3721 2056
3721 2657
3721 2852
3721 2869
3721 2931
3721 2952
3721 3064
3721 3067
3721 3146
3721 3407
3721 3425
3721 3447
3721 3481
3721 3487
3721 3492
3721 3535
3721 3543
3721 3546
3721 3550
3721 3551
3721 3557
3721 3628
3721 3682
3721 4915
4668 4946
1943 1769
1943 1883
1943 1904
1943 1905
1943 1913
1943 1914
1943 1925
1943 2007
1775 2056
2705 2405
2705 2775
2705 3913
1718 1789
1718 2020
3344 3700
3238 3420
4771 4686
4771 4971
3478 3235
3478 3469
3478 3636
2320 2249
2320 2560
2320 2592
2320 2614
2952 2894
2952 3680
3652 1777
3652 3003
3652 3062
3652 3104
3652 3307
3652 3427
3652 3501
3652 3611
3652 3663
3652 3969
3682 2527
3682 2613
3682 3024
3682 3050
3682 3194
3682 3297
3682 3471
3682 3487
3682 3492
3682 3550
3682 3553
3682 3557
3682 3628
4383 4522
1754 2000
4518 1842
4518 4309
4518 4310
4518 4314
4518 4342
4518 4394
4518 4397
4518 4422
4518 4425
4518 4464
4518 4488
4518 4546
4518 4725
1745 1783
2523 2225
2523 2361
2523 2384
2523 2562
2523 2610
2523 3233
3700 2863
3700 2885
3700 2921
3700 2997
3700 3061
3700 3088
3700 3147
3700 3277
3700 3353
3700 3437
3700 3517
3700 3523
3700 3544
3700 3598
3700 3628
3700 4527
3700 4881
4390 4522
3535 2765
3535 3424
3535 3434
3535 3585
2553 2216
2553 2298
2553 2720
2553 2774
3281 2852
3281 2943
3281 3187
3281 3427
2513 2296
2513 2361
2513 2422
2513 2490
2513 2598
2513 2811
3072 3440
3598 3109
3598 3481
3598 4135
4790 4587
4790 4603
4790 4620
4790 4687
4790 4749
4790 4751
4790 4756
4790 4861
3589 2951
3589 3596
3589 4736
4695 4698
4695 4775
4695 4789
4695 4891
4735 4704
4735 4731
4735 4738
4735 4769
4735 4891
4002 3792
4002 3894
4002 3969
4002 3989
4002 4027
4002 4047
4002 4057
4277 4086
4277 4099
4277 4107
4277 4118
4277 4120
4277 4123
4277 4134
4277 4165
4277 4188
4277 4189
4277 4238
4277 4247
4277 4256
4277 4257
4277 4263
4277 4264
4277 4267
4277 4268
4277 4271
4277 4272
4277 4282
4426 4425
4426 4532
4426 4541
3048 2857
3048 2927
3048 3174
4723 4655
2109 2537
3864 3859
3864 4027
3864 4057
2097 2568
2097 2651
2097 2676
2364 2635
3256 2484
3256 3310
3256 3372
3440 2700
3440 2929
3440 3288
3440 3415
4384 4305
4384 4483
2654 2133
2654 2135
2654 2257
2654 2343
2654 2438
2654 2449
2654 2487
2654 2538
2654 2549
2654 2609
2654 2802
2654 3434
4026 3772
4026 3781
4026 3826
4026 3873
4026 3918
4026 3941
4026 3978
4026 4025
4749 4587
4749 4603
4749 4687
4749 4697
4749 4756
2326 2729
2326 2765
2413 2490
2413 2520
2413 2587
2413 2815
3102 3039
3102 3095
3102 3441
3160 3235
3160 3560
4017 1971
4017 3774
4017 3842
4017 3861
4017 3900
4017 3915
4017 3950
4017 3959
4017 3962
4017 3979
4017 3987
4017 4005
4017 4044
4800 4843
4800 4937
4800 4946
4800 4979
4979 1949
4979 2426
4979 2471
4979 2531
4979 4581
4979 4595
4979 4605
4979 4642
4979 4647
4979 4649
4979 4663
4979 4667
4979 4700
4979 4712
4979 4713
4979 4724
4979 4786
4979 4832
4979 4838
4979 4917
4979 4920
4979 4923
4979 4931
4979 4937
4979 4946
3184 3415
3184 3444
3184 3560
4191 4111
4191 4184
4191 4233
4191 4264
4191 4282
4191 4768
2035 1725
2035 1732
2035 1740
2035 1743
2035 1751
2035 1789
2035 1803
2035 1805
2035 1832
2035 1859
2035 1872
2035 1886
2035 1892
2035 1899
2035 1900
2035 1918
2035 1931
2035 2053
2035 2811
2689 2156
2689 2193
2689 2200
2689 2288
2689 2365
2689 2377
2689 2432
2689 2465
2689 2497
2689 2600
2689 2650
2689 2830
2689 3942
2689 4354
1717 1997
2501 2781
2501 3207
4673 4678
4673 4954
2319 2170
2319 2275
2319 2435
2319 2599
3479 2955
3479 3092
3479 3133
3624 2080
3624 2902
3624 2956
3624 3007
3624 3091
3624 3168
3624 3311
3624 3393
3624 3465
3624 3542
3624 3610
3624 3617
4541 3019
4541 4047
4541 4356
4541 4376
4541 4406
4541 4442
4541 4455
4541 4483
4541 4484
4541 4488
4541 4546
2807 2165
2807 2223
2807 2232
2807 2234
2807 2280
2807 2284
2807 2336
2807 2343
2807 2346
2807 2371
2807 2402
2807 2419
2807 2453
2807 2457
2807 2471
2807 2502
2807 2544
2807 2557
2807 2611
2807 2624
2807 2644
2807 2653
2807 2669
2807 2694
2807 2720
2807 2723
2807 2796
2807 3063
2807 3892
2807 4080
2807 4260
4157 4229
4157 4233
4157 4264
4157 4282
4697 4751
4697 4830
4697 4843
4697 4846
4697 4871
4697 4885
4843 4590
4843 4638
4843 4706
4843 4763
4843 4782
4843 4822
4843 4830
4843 4871
4843 4885
2726 2180
2726 2183
2726 2242
2726 2282
2726 2438
2726 2502
2726 2538
2726 2566
2726 2722
2726 2729
2726 2781
2726 4474
3987 3760
3987 3812
3987 3836
3987 3842
3987 3875
3987 3914
3987 3930
3987 3942
3987 3951
3987 4003
2056 1713
2056 1726
2056 1746
2056 1750
2056 1756
2056 1766
2056 1780
2056 1782
2056 1810
2056 1839
2056 1845
2056 1867
2056 1870
2056 1921
2056 1956
2056 1990
2056 2000
2056 3202
2056 3372
2056 3651
4174 4076
4174 4251
2811 2114
2811 2212
2811 2248
2811 2258
2811 2296
2811 2315
2811 2484
2811 2494
2811 2498
2811 2514
2811 2586
2811 2587
2811 2614
2811 2635
2811 2659
2811 2662
2811 2744
2811 2752
2811 2758
2811 2770
2811 2801
2811 2815
2811 2830
2811 4268
3765 3845
3765 3976
2411 2256
2411 2516
2411 2532
2411 2555
2411 2651
2411 2733
3263 2651
3263 3496
3263 3576
3263 3601
4044 2352
4044 3092
4044 3793
4044 3865
4044 3868
4044 3910
4044 3918
4044 3932
4044 3962
4044 3972
4044 3973
4044 3975
4044 3979
4044 3982
4044 4005
4044 4008
4044 4027
1969 1712
1969 1748
1969 1758
1969 1770
1969 1771
1969 1776
1969 1823
1969 1926
1969 2566
2301 2108
2301 2177
2301 2419
2301 2506
2301 2560
2347 2465
2347 2815
3481 3553
3239 3564
1774 1850
1774 1921
1774 2068
3104 2853
3504 2298
3504 3124
3504 3424
3504 3480
3504 3488
3504 3611
3504 3664
4421 4527
4421 4535
4421 4539
1708 1869
1708 1913
1869 1798
1869 1827
1869 1865
1869 1947
1869 2007
1913 1864
1913 1927
1913 1935
1913 1962
1913 2007
1913 3651
1995 1926
1995 2068
1995 2080
1995 2083
1712 1758
1712 1776
1712 4663
1758 1926
1758 1964
1776 1926
1776 4532
4663 4774
1713 2083
2083 1755
2083 1796
2083 1816
2083 1891
2083 1894
2083 1959
2083 1964
2083 1986
2083 1990
2083 1996
2083 1997
2083 1999
2083 2002
2083 2050
2083 2062
2083 2080
2083 2158
2083 3851
2083 3980
2083 4410
2083 4786
2083 4851
1714 1994
1994 1735
1994 1801
1994 1894
1994 1944
1994 2522
1994 4396
1715 1834
1715 1921
1715 2034
1834 1997
1834 2044
1834 2068
1921 1874
1921 1908
1921 1931
1921 2034
1921 2068
2034 1805
2034 1827
2034 1835
2034 1849
2034 1876
2034 1915
2034 1949
2034 1988
2034 1997
2034 2044
2034 2068
2034 4057
2034 4512
1716 1944
1716 1953
1716 1956
1716 1958
1944 1830
1944 1885
1944 1909
1944 1953
1944 1958
1944 3523
1953 1798
1953 1830
1953 1885
1953 1909
1953 1928
1956 1845
1956 1926
1956 1990
1956 2000
1956 3664
1958 1885
1958 1909
1958 1925
1958 1928
1958 1932
1958 1999
1958 3663
1997 1827
1997 1927
1997 1934
1997 1988
1997 2068
1997 3803
1789 1723
1789 1832
1789 1872
1789 1954
1789 4775
2020 1764
2020 1800
2020 1815
2020 1820
2020 1861
2020 1882
2020 1957
2020 1959
2020 1993
2020 1996
2020 2001
2020 2259
1719 1934
1719 1966
1934 2044
1934 2068
1934 2927
1966 2080
1966 3764
1966 4728
2015 1741
2015 1768
2015 1779
2015 1786
2015 1829
2015 1874
2015 1879
2015 1884
2015 1948
2015 3664
2015 4492
1721 2017
1721 2026
2017 1742
2017 1759
2017 1840
2017 1852
2017 1887
2017 1945
2017 1971
2017 2026
2017 2853
2017 3166
2026 1724
2026 1742
2026 1759
2026 1840
2026 1852
2026 1887
2026 1945
2026 1971
2026 3351
2026 4003
2026 4522
1796 1892
1796 2776
1898 1753
1898 1816
1898 1859
1898 1873
1898 1891
1898 1918
1898 2053
2053 1723
2053 1725
2053 1736
2053 1740
2053 1753
2053 1767
2053 1797
2053 1799
2053 1805
2053 1807
2053 1814
2053 1832
2053 1835
2053 1859
2053 1860
2053 1872
2053 1891
2053 1892
2053 1899
2053 1931
2053 1954
2053 2062
2053 2373
2053 4462
2053 4809
1723 1900
1723 1931
1900 1832
1900 1859
1900 1860
1900 1892
1900 4890
1931 1732
1931 1751
1931 1764
1931 1805
1931 1859
1931 1954
1931 2725
1724 1884
1884 1874
1725 1873
1725 1892
1725 1954
1873 1767
1873 1860
1873 1899
1873 1954
1873 2306
1892 1777
1892 1826
1892 1886
1954 1777
1954 1797
1954 1799
1954 1814
1954 3391
1871 1864
1871 1937
1871 2054
1728 1908
1728 1928
1908 2044
1908 2068
1928 1798
1928 1830
1928 2714
1729 1864
1729 1937
1729 2080
1864 1906
1864 1937
1937 1906
2080 1741
2080 1753
2080 1755
2080 1850
2080 1878
2080 1959
2080 1968
2080 1990
2080 2050
2080 2054
2080 2358
2080 3546
2080 4514
2080 4659
1730 1733
1730 2000
2000 1750
2000 1990
1856 1904
1856 1925
1856 1935
1856 2007
1856 3976
1735 1842
1735 2062
2062 1792
2062 1826
2062 1837
2062 2044
2062 2050
2062 2994
2062 3153
1736 1797
1797 1767
1797 1799
1737 1879
1879 1768
1879 1948
1879 3039
1738 2068
2068 1790
2068 1812
2068 1835
2068 1850
2068 1896
2068 1915
2068 1935
2068 1949
2068 1988
2068 2044
2068 2054
2068 2980
2068 3517
2068 4954
1740 2446
2446 2239
2446 2335
2446 2449
2446 2623
1743 4271
4271 4097
4271 4122
4271 4150
4271 4161
4271 4217
4271 4247
4271 4256
4271 4257
4271 4263
4271 4267
4271 4268
4271 4272
4271 4282
4271 4738
1859 2050
1783 1996
1783 4194
1746 3132
3132 3296
3132 3553
1748 1926
1926 1770
1926 1771
1750 2200
2200 2259
1751 1899
1751 2885
1899 1799
1899 1803
1899 1816
1899 1891
1831 1865
1831 1905
1831 2468
1947 1837
1947 1865
1947 1883
1947 1925
1947 1927
1947 1962
1947 2007
1947 4920
1962 1914
1962 1925
1962 1935
1962 1968
1962 2007
1962 2044
1962 3156
1962 4224
1753 1860
1860 1886
1860 1891
1756 4774
4774 4789
1757 4440
4440 4324
4440 4334
4440 4502
4440 4546
1964 2044
2050 1782
2050 2054
2050 2448
2050 3336
1764 1993
1764 2001
1993 1820
1993 1861
1993 1882
1993 1957
1993 1959
1993 1996
1993 2001
1993 3277
2001 1815
2001 1861
2001 1957
2001 1959
2001 1996
1971 1945
1971 1986
1971 4802
1766 2044
2044 1790
2044 1850
2044 1915
2044 1949
2044 1988
2044 4162
1767 3801
3801 3862
3801 3899
3801 3976
1769 2007
2007 1822
2007 1865
2007 1904
2007 1905
2007 1914
2007 1915
2007 1925
2007 1927
2007 1968
2007 3346
1770 1807
1770 2191
2191 2170
2191 2254
2191 2310
2191 2496
4532 4310
4532 4317
4532 4328
4532 4363
4532 4365
4532 4372
4532 4386
4532 4455
4532 4483
4532 4488
4532 4539
4532 4546
1777 1918
1918 1891
1918 1932
1918 2557
1906 1848
1906 3663
1779 2923
2923 3438
2923 3483
2923 3500
1986 2251
1986 4535
1986 4848
1996 1800
1996 1882
1996 1957
1996 1959
1996 1968
4194 4089
4194 4110
4194 4215
4194 4251
1823 4358
1786 1812
1786 1948
1786 4329
1812 1988
1812 2289
1948 1829
1948 2204
1948 3887
1832 1814
1832 1876
1832 3249
1872 2587
4775 4704
4775 4715
4775 4769
4775 4795
4775 4891
4775 4958
1790 2633
2633 2268
2633 2348
2633 2391
2633 2469
2633 2508
2633 2643
2633 2710
2633 4378
1883 1822
1883 1905
1883 4168
2776 2185
2776 2296
2776 2340
2776 2388
2776 2498
2776 2530
2776 2537
2776 2587
2776 2598
2776 2662
2776 2744
2776 2752
2776 2758
2776 2770
2776 2775
2776 2801
2776 2815
2776 4203
1801 1815
1801 2416
1815 1957
1815 1959
2416 2530
2416 2597
2416 2770
2416 4626
1803 1886
1886 2054
1935 1865
1935 1904
1935 1914
1935 3903
1805 1891
1805 2696
1891 4552
2696 2256
2696 2692
2696 2752
2696 2758
2696 2765
2696 2802
2696 2830
1957 1810
1957 1820
1957 1959
1957 1999
1957 3322
1810 2451
2451 2112
2451 2143
2451 2235
2451 2336
2451 2424
2451 2426
2451 2431
2451 2459
2451 2830
1915 4340
1988 3059
1988 3172
2289 2249
2289 2419
2289 2586
2289 2613
1814 3426
3426 3465
3426 3507
3426 3514
1959 1882
1959 3282
1927 1837
1927 1905
1820 3546
3546 3081
3546 3212
1822 1925
1822 2356
1925 1914
1925 3304
2356 2104
1909 1885
1909 4861
1826 3012
1827 1896
1827 3512
1896 1878
3512 3374
3512 3559
3512 3596
3512 3680
1829 1867
1867 3276
1865 3611
1905 1837
1905 1914
2468 2217
2468 2830
1876 2054
1876 3034
1876 3051
3249 2918
3249 3292
1835 3414
3414 2996
3414 3293
3414 3296
3414 3346
3414 3438
3414 3503
1837 1904
1904 3970
1839 4514
4514 4297
4514 4347
4514 4400
4514 4498
4514 4510
4514 4533
4514 4552
1840 3972
3972 3811
3972 3924
3972 3938
3972 3951
3972 3960
3972 3962
3972 4005
3972 4057
1849 4319
1852 4186
4186 4224
4186 4226
4186 4272
4186 4888
3976 3783
3976 3862
3976 3899
3976 4028
1861 1882
1882 2599
3611 2307
3611 3049
3611 3105
3611 3627
3611 3663
3276 2924
3276 3488
3276 3514
3276 3664
1870 1990
1990 3259
1990 4133
2054 3038
2054 3601
2054 3806
2587 2250
2587 2490
2587 2801
2587 2815
2306 2120
2306 2597
2306 2599
3034 2867
3051 3550
2317 2220
2317 2560
1878 2546
2546 2286
2546 2293
2546 2483
2546 2830
2546 4296
3039 3095
3039 3143
4168 4163
4168 4172
1887 3217
1887 3879
3879 3833
3879 3878
3879 3938
3879 3979
4552 2402
4552 4291
4552 4314
4552 4343
4552 4347
4552 4350
4552 4369
4552 4373
4552 4387
4552 4394
4552 4403
4552 4433
4552 4434
4552 4439
4552 4447
4552 4463
4552 4470
4552 4474
4552 4498
4552 4510
4552 4522
4552 4533
4552 4639
4552 4958
4890 4412
4890 4648
4890 4708
4890 4724
4890 4732
4890 4733
4890 4753
4890 4809
4890 4846
4890 4875
2830 2113
2830 2146
2830 2148
2830 2156
2830 2171
2830 2186
2830 2262
2830 2302
2830 2342
2830 2393
2830 2398
2830 2403
2830 2412
2830 2425
2830 2432
2830 2443
2830 2444
2830 2485
2830 2486
2830 2537
2830 2538
2830 2555
2830 2583
2830 2663
2830 2674
2830 2675
2830 2692
2830 2765
2830 2802
2830 2815
2830 3245
2830 3373
2830 4510
2830 4642
3970 3931
3970 3950
3970 3973
3970 3974
3970 4005
3970 4014
3970 4100
1914 4914
3663 2918
3663 2972
3663 3264
3663 3378
3663 3627
3663 4107
3651 2765
3651 3198
3651 3282
3651 3350
4914 4612
4914 4614
4914 4637
4914 4641
4914 4664
4914 4681
4914 4758
4914 4770
4914 4826
4914 4831
4914 4876
4340 4314
4340 4337
4340 4465
1932 2995
2557 2598
2557 2669
2557 2796
2557 2844
4197 4100
4197 4108
4197 4146
4197 4150
4197 4156
4197 4182
4197 4257
4197 4264
4027 2597
4027 2802
4027 3773
4027 3874
4027 3878
4027 3907
4027 3926
4027 3930
4027 3956
4027 4011
4027 4047
4027 4057
3304 2868
3304 3260
3304 3322
3304 3519
2714 2139
2714 2159
2714 2208
2714 2234
2714 2283
2714 2285
2714 2323
2714 2340
2714 2349
2714 2614
2714 2670
2714 2673
2714 2692
2714 2699
2714 3267
2714 3791
2725 2252
2725 2368
2725 2421
2725 2561
2725 2594
2725 2612
2725 2622
2725 2653
2725 2770
2725 2802
2995 3062
3218 3316
3218 3373
3218 3664
2927 3226
2927 3331
3903 3791
3903 3810
3903 3887
3903 4014
3903 4021
2390 2280
2390 2455
2390 2498
3523 3043
4920 2105
4920 3932
4920 4581
4920 4786
4920 4788
4920 4854
4920 4931
4920 4934
4920 4946
2204 2123
2204 2380
2204 2700
2204 2738
3887 3797
3887 4014
3887 4021
3391 2845
3391 3028
3391 3322
3391 3519
2162 2612
3664 2915
3664 3045
3664 3090
3664 3207
3664 3240
3664 3262
3664 3292
3664 3332
3664 3480
3664 3488
3664 3509
3664 3996
3664 4028
1999 3086
1999 3543
3322 3260
3322 3310
3322 3362
3322 3519
3282 3496
3282 3601
2002 4252
3156 2949
3156 3016
3156 3325
3156 3348
3156 3500
4224 3980
4224 4082
4224 4130
4224 4171
4224 4226
4224 4251
3585 3055
3585 3306
3585 3450
3585 3469
3585 3483
3585 3636
3585 4817
3764 3927
2566 2722
2273 2227
2273 2802
4802 4616
4802 4702
4802 4742
4802 4809
3169 3121
3169 3636
3393 3542
3393 3583
3393 3610
3393 3617
3393 4871
3272 3029
3272 3236
3272 3285
3576 2969
3576 3021
3576 3069
3576 3149
3576 3349
3576 3410
3576 3457
3576 3471
3576 3509
3576 3601
3576 4369
3468 3030
3468 3496
3468 3509
3468 3601
2251 2220
2251 2781
4535 2694
4535 4386
4535 4433
4535 4453
4535 4481
4535 4492
4535 4519
4535 4539
4848 4838
4848 4885
4848 4888
4848 4926
4848 4934
4848 4954
4904 4795
4904 4954
3059 3128
3172 3038
3172 3450
3259 3311
4133 4140
4133 4164
4133 4282
3199 2953
3199 3290
3199 3435
3389 3350
3389 3559
3389 3680
3277 2984
3277 3444
2522 2775
4396 4434
4396 4510
2678 2102
2678 2252
2678 2350
2678 2368
2678 2457
2678 2526
2678 2594
2678 2612
4924 2675
4924 2710
4924 4688
4924 4727
4924 4798
4924 4831
4924 4917
3543 2939
3543 3315
3543 3419
3543 3471
3543 3553
3543 3628
4252 4073
4252 4096
4252 4097
4252 4122
4252 4132
4252 4139
4252 4151
4252 4187
4252 4189
4252 4201
4252 4228
4252 4235
4252 4238
4252 4260
4252 4262
4252 4272
3533 2843
3533 2996
2308 2100
2308 2738
3346 2856
3346 3174
3346 3382
3346 3553
2653 2102
2653 2331
2653 2348
2653 2368
2653 2472
2653 2594
2653 2622
2653 3371
2662 2143
2662 2405
2662 2410
2662 2529
2662 2589
2662 2770
2662 2801
2662 2815
2733 2107
2733 2184
2733 2225
2733 2265
2733 2396
2733 2516
2733 2521
2733 2532
2733 2555
2733 2568
2733 2651
2733 2657
2733 2676
2733 2752
4484 4306
4484 4454
4484 4488
4484 4533
4484 4546
4484 4708
3284 2875
3284 2894
3284 2934
3284 2983
3284 3357
4894 2609
4894 4597
4894 4783
4894 4931
4894 4932
4894 4958
4894 4971
2625 2380
2625 2385
2625 2448
2625 2483
2625 2602
4492 4349
4492 4361
4492 4376
4492 4452
4492 4462
4492 4498
4492 4539
3902 3810
3902 3920
3902 3950
3902 3978
3902 4025
4822 4600
4822 4706
4822 4720
4822 4751
4822 4763
4822 4782
4822 4830
4822 4844
4822 4871
4822 4885
4822 4971
3166 3475
4167 2428
4167 4141
4167 4152
4167 4180
4167 4221
4167 4231
4167 4267
2259 2497
2259 2650
2259 2796
3396 3351
3396 3553
3330 3203
4256 4182
4256 4257
4256 4263
4256 4267
4256 4268
4256 4272
4256 4282
4256 4881
4003 3790
4003 3816
4003 3822
4003 3827
4003 3836
4003 3842
4003 3875
4003 3885
4003 3914
4003 3942
4003 3951
4003 4008
4522 2487
4522 4315
4522 4348
4522 4371
4522 4382
4522 4392
4522 4442
4522 4464
4522 4545
4522 4669
2393 2520
2393 2752
2393 2815
3029 3340
3029 3490
3176 3028
3176 3064
2857 2989
2857 3325
2857 3500
4652 4891
2729 2602
2729 2663
2729 2720
2729 2722
2729 2781
2729 4180
4057 3005
4057 3760
4057 3773
4057 3800
4057 3814
4057 3818
4057 3851
4057 3874
4057 3876
4057 3878
4057 3880
4057 3888
4057 3900
4057 3907
4057 3926
4057 3929
4057 3930
4057 3955
4057 3956
4057 3961
4057 3969
4057 3973
4057 3989
4057 4000
4057 4005
4057 4008
4057 4011
4057 4028
4057 4031
4057 4047
4057 4178
4512 2663
4512 4338
4512 4416
4512 4450
4512 4527
4282 2542
4282 3628
4282 4080
4282 4083
4282 4091
4282 4102
4282 4106
4282 4118
4282 4119
4282 4127
4282 4159
4282 4165
4282 4171
4282 4178
4282 4185
4282 4188
4282 4196
4282 4203
4282 4208
4282 4238
4282 4247
4282 4257
4282 4263
4282 4264
4282 4267
4282 4268
4282 4272
4282 4783
4740 4715
4740 4958
4138 4137
4138 4272
4915 4597
4915 4601
4915 4637
4915 4842
4915 4888
4915 4909
4915 4926
4915 4954
2151 2194
3435 2953
3435 3023
3435 3225
3435 3290
3522 3488
3522 4784
4846 4648
4846 4724
4846 4732
4846 4733
4846 4875
3774 3799
3774 3856
3774 3871
3774 3882
4014 2460
4014 3762
4014 3775
4014 3796
4014 3811
4014 3905
4014 3913
4014 3922
4014 3928
4014 3929
4014 3952
4014 4021
2380 2448
2380 2602
2380 2667
2948 3385
2948 3489
3129 2926
4162 4092
4162 4149
4162 4218
4162 4233
4162 4264
2262 2610
2670 2159
2670 2174
2670 2269
2670 2285
2670 2323
2670 2397
2670 2673
2670 2699
2670 3487
2448 2628
3336 3069
3336 3410
3336 3496
3336 3509
2373 2211
2373 2576
4462 4334
4462 4460
4462 4519
4462 4527
4462 4539
4809 4657
4809 4666
4809 4702
4809 4742
4809 4757
3038 3680
3601 2947
3601 2969
3601 3021
3601 3030
3601 3149
3601 3244
3601 3425
3601 3496
3601 3516
3601 4722
3806 3996
3806 4004
3187 3316
3187 3371
3202 3084
3202 3087
3202 3385
3438 2974
3438 3055
3438 3206
3438 3432
3960 2644
3960 3931
3960 3950
3960 3996
3960 4011
4217 4067
4217 4098
4217 4104
4217 4161
4217 4214
4217 4240
4217 4244
4217 4263
3489 4422
3882 3763
3882 3769
3882 3799
3882 3805
3882 3856
3882 3871
3882 3914
4260 4073
4260 4096
4260 4097
4260 4122
4260 4132
4260 4185
4260 4189
4260 4199
4260 4208
4260 4210
4260 4213
4260 4228
4260 4235
4260 4262
4260 4268
4244 2643
4244 4067
4244 4079
4244 4104
4244 4116
4244 4161
4244 4163
4244 4214
4244 4240
4244 4247
4244 4268
4244 4397
3153 3490
2815 2194
2815 2212
2815 2226
2815 2242
2815 2248
2815 2311
2815 2442
2815 2484
2815 2514
2815 2529
2815 2542
2815 2589
2815 2598
2815 2605
2815 2738
2815 2744
2815 2752
2815 2770
2815 2796
2815 2801
2815 4958
3457 2572
4891 4594
4891 4597
4891 4624
4891 4691
4891 4704
4891 4715
4891 4731
4891 4747
4891 4769
4891 4789
4891 4795
4891 4834
3769 3805
3769 3828
3769 3856
4240 4079
4240 4098
4240 4104
4240 4116
4240 4161
4240 4163
4240 4193
4240 4214
4240 4267
4240 4268
4240 4796
4876 3023
4876 4637
4876 4681
4876 4682
4876 4705
4876 4758
4876 4770
4876 4796
4876 4831
3517 3020
3517 3318
3517 3617
4954 3491
4954 4005
4954 4676
4954 4698
4954 4721
4954 4736
4954 4739
4954 4776
4954 4793
4954 4806
4954 4829
4954 4842
4954 4888
4954 4926
4954 4934
4798 4813
4798 4855
4798 4881
4798 4886
4958 2610
4958 4886
4958 4932
4958 4935
4958 4971
2444 2622
3839 3763
3839 3996
3839 4025
3979 2410
3979 3859
3979 3926
3979 3931
3979 3975
4660 4606
2383 2286
2383 2700
2576 2386
2576 2589
2576 2598
2576 2677
2576 2774
4793 3226
4793 4592
4793 4718
4793 4781
4793 4783
3929 3775
3929 3905
3929 3928
3929 3952
3929 3959
3929 4005
3929 4021
2337 2208
2337 2667
2337 2775
2770 2243
2770 2332
2770 2405
2770 2458
2770 2484
2770 2489
2770 2589
2770 2650
2770 2744
2770 2752
2770 2801
2770 2970
2770 4755
3255 3596
2324 2435
2781 2182
2781 2242
2781 2255
2781 2397
2781 2520
2781 2628
2781 2659
2781 2722
2781 2936
2781 3551
2781 3891
4545 2694
4545 3625
4545 4297
4545 4322
4545 4354
4545 4370
4545 4400
4545 4405
4545 4442
4545 4451
4545 4459
4545 4460
4545 4461
4545 4464
4545 4481
4934 3796
4934 4609
4934 4661
4934 4842
4934 4926
2796 2165
2796 2216
2796 2224
2796 2232
2796 2315
2796 2325
2796 2336
2796 2343
2796 2346
2796 2371
2796 2457
2796 2471
2796 2544
2796 2624
2796 2644
2796 2669
2796 2677
2796 2694
2796 2723
4201 3380
4868 4743
4868 4931
2299 2774
3382 2960
3382 3055
3382 3452
4156 4076
4156 4084
4156 4150
4156 4272
4782 4676
4782 4715
4782 4720
4782 4751
4782 4763
4782 4830
4782 4871
4782 4885
2453 2775
2453 2801
3035 3463
4025 3808
4025 3822
4025 3826
4025 3888
4025 3915
4025 3924
4025 3978
4025 3981
4025 3996
4025 4016
4025 4024
2358 2650
2504 2469
2504 2508
2504 2643
4024 3840
4024 3841
4024 3865
4024 3891
4024 3918
4024 3941
4024 3958
4024 3978
4024 3981
4024 3996
4024 4016
2346 2187
2414 2132
2414 2506
2414 2692
3973 3016
3973 3822
3973 3881
3973 3977
3973 3982
2158 2339
2158 2489
3851 3885
3980 3825
3980 3866
3980 3896
3980 3912
3980 3925
3980 3993
3980 4004
3980 4031
4786 4838
4786 4931
4851 2622
4851 4661
4851 4699
4851 4776
4851 4817
4851 4971
2302 2475
2302 2802
2480 2622
2480 2694
2612 2331
2612 2421
2612 2561
2612 2622
2612 2710
3625 2896
3625 2925
3625 3013
3625 3032
3625 3041
3625 3049
3625 3228
3625 3340
3625 3343
3625 3450
3625 3460
3625 3469
3625 3490
3625 3564
4388 4452
4769 4597
4769 4747
4769 4761
4769 4795
2437 2490
2437 2635
2485 2677
2265 2516
2529 2694
2529 2801
4323 4527
4005 3771
4005 3783
4005 3848
4005 3931
4005 3932
4005 3938
4005 3982
4808 4631
4808 4634
4808 4656
4808 4744
4808 4748
4808 4754
4808 4755
4808 4820
4838 4754
4838 4931
4838 4937
2752 2226
2752 2353
2752 2422
2752 2744
2752 2801
4533 2377
4533 3424
4533 4298
4533 4356
4533 4415
4533 4429
4533 4447
4533 4474
4533 4498
4533 4510
4832 4937
4832 4946
4926 4262
4926 4888
3848 3892
3848 3969
2979 2965
2979 3006
3904 3845
3904 3924
3904 3978
3904 4028
3564 2865
3564 3032
3564 3041
3564 3044
3564 3228
3564 3340
3564 3347
3564 3460
3564 3490
3564 3926
4406 4310
4406 4317
3509 3244
3900 3950
2605 2120
2605 2207
2605 2321
2605 2406
2605 2600
2605 4789
2744 2442
2744 2520
2744 2758
4855 2405
4855 4618
4855 4619
4855 4703
4855 4813
4855 4830
4855 4881
4855 4886
2130 2382
2130 2551
4488 4316
4488 4546
4882 2801
4882 4881
2568 2225
2568 2396
2568 2555
2568 2651
2568 2674
2568 2676
2651 2225
2651 2256
2651 2365
2651 2396
2651 2406
2651 2516
2651 2555
2651 2676
2676 2107
2676 2396
2676 2516
2676 2521
2676 2775
2676 4031
2098 2143
2098 2235
2098 2431
2143 2424
2143 2431
2235 2116
2235 2459
2431 2112
2431 2205
2431 2424
2431 2426
2431 2434
2431 2459
2431 4539
2424 2426
2424 2434
2424 2459
2424 3318
2426 2116
2426 2233
2426 2434
2426 2459
2459 2434
2802 2148
2802 2186
2802 2207
2802 2274
2802 2353
2802 2397
2802 2443
2802 2465
2802 2537
2802 2583
2802 2675
2802 2765
2802 3352
2802 3557
2100 2465
2465 2132
2465 3113
2102 2622
2622 2526
2622 2561
2562 2361
2562 2503
2562 2517
2562 2610
2562 2801
2562 4455
2610 2226
2610 2258
2610 2361
2610 2503
2104 2643
2104 2710
2643 2159
2643 2261
2643 2318
2643 2348
2643 2508
2643 2710
2710 2197
2710 2247
2710 2271
2710 2348
2710 2410
2710 2508
2105 2312
2105 2449
2312 2172
2312 2189
2312 2352
2312 4813
2449 2157
2449 2623
2449 2758
2449 4267
2223 4742
2107 2439
2107 2532
2532 2184
2532 2225
2532 2521
2532 3378
2532 3977
2108 2460
2108 3955
2460 2496
2460 2535
3955 3808
3955 3930
3955 3969
3955 3989
3955 4047
2537 2128
2537 3290
2110 4519
4519 4310
4519 4335
4519 4412
4519 4452
4519 4539
2506 2220
2506 2475
2506 2592
2112 2434
2112 2490
2112 4546
2434 2116
2490 2194
2490 2494
2490 2641
4546 3324
4546 3941
4546 3961
4546 4308
4546 4320
4546 4361
4546 4363
4546 4376
4546 4395
4546 4397
4546 4425
4546 4454
4546 4483
4546 4502
4546 4539
4546 4580
2113 2611
2611 2129
2611 2180
2611 2293
2611 2310
2611 4682
2114 2237
2114 2589
2237 2250
2237 2456
2237 3974
2589 2498
2589 2669
2589 2673
2589 3315
2589 4813
2199 2456
2116 2560
2560 2586
2560 2613
2560 4047
2349 2673
2349 2699
2349 3975
2765 2425
2765 2486
2765 2675
2765 2692
2765 3332
2231 2433
2231 4184
2623 2124
2623 2172
2623 2382
2623 2430
2623 2433
2208 2673
2208 2699
2285 2699
2120 3405
3405 2856
3405 2990
3405 3016
3405 3252
3405 3380
3405 3441
3405 3503
3405 3596
2121 2315
2121 2351
2121 2758
2121 2801
2315 2801
2315 4691
2351 2659
2758 2197
2758 2226
2758 2311
2758 2405
2758 2520
2758 2635
2758 3073
2758 3114
2758 3315
2758 4806
2801 2248
2801 2484
2801 2489
2801 2542
2801 2598
2801 2614
2801 2624
2801 2635
2801 4356
2123 2293
2123 2618
2293 2286
2293 2432
2618 2435
2618 3197
2618 3349
2124 2430
2124 2458
2124 2514
2430 2172
2430 2382
2192 3593
2774 2352
2774 2362
2774 2369
2774 2386
2774 2492
2774 2505
2774 2530
2774 2574
2774 2641
2774 2657
2774 2677
2774 3316
2774 4108
2406 2600
2372 2367
2372 2417
2372 2472
2372 2489
2372 2859
2128 2677
2677 2384
2677 2572
2677 2574
2677 4923
2129 2342
2129 2700
2700 2399
2700 2483
2700 2602
2382 2335
2382 2590
2382 4000
2551 2365
2551 2377
2551 2527
2551 2597
2551 2600
2133 2385
2133 2438
2133 2487
2133 2549
2385 2399
2385 2483
2385 3553
2438 2401
2438 2487
2438 2538
2438 2609
2438 3136
2487 2175
2487 2211
2487 2549
2487 2609
2549 2211
2549 2257
2549 2368
2549 2521
2549 2609
2267 2218
2267 2386
2483 2602
2483 4692
2136 2536
2136 2659
2136 4320
2536 2428
2536 2455
2536 2722
2536 3480
2659 2277
2659 2508
2659 2673
2659 2903
2738 2667
2738 4656
2139 2325
2139 2673
2139 2699
2139 3138
2325 2234
2325 2269
2325 2673
2673 2269
2673 2283
2673 2323
2673 2644
2673 2699
2673 3931
2699 2159
2699 2174
2699 2234
2699 2269
2699 2283
2699 2323
2699 2402
2699 2939
2140 2609
2140 4165
2609 2323
2609 2401
2609 2538
4165 4126
2141 3501
3501 2722
3501 3491
3501 3593
2142 2455
2142 3542
2455 3144
3542 2902
3542 2956
3542 3054
3542 3610
3542 3617
3542 4297
2148 2348
2348 4481
2252 2675
2150 2486
2150 2594
2150 2613
2486 2401
2486 2421
2486 2955
2594 2193
2594 2350
2594 2526
2594 2561
2594 3367
2613 2177
2613 2249
2613 2354
2613 2534
2613 2592
2613 3680
2153 2220
2153 2475
2153 2722
2220 2244
2220 2354
2475 2354
2475 2586
2722 2233
2722 2720
2154 2600
2154 3969
2600 2350
2600 2415
2600 2456
2600 2497
3969 3772
3969 3876
3969 3901
3969 4028
3969 4047
2156 2336
2157 2433
2157 2694
2433 2189
2433 2335
2433 2692
2433 4935
2694 2669
2694 2723
2339 2472
2339 2489
2489 2316
2489 2367
2489 2964
2160 2249
2160 2419
2160 3978
2249 2331
2419 2177
2419 2354
2419 3030
3978 2412
3978 3855
3978 3958
2161 2421
2421 2526
2175 2280
2469 2410
2469 4615
2165 2412
2165 3274
2412 2369
2412 2384
2412 2641
2166 2590
2166 4130
2590 2456
2590 2527
2590 2597
2590 4688
2590 4806
4130 4137
2723 2245
2723 2371
2723 2402
2723 2443
2723 2544
2723 2548
2723 2644
2723 2669
2723 3452
2723 3475
2168 2597
2168 3918
2597 2268
2597 2283
2597 3168
3918 3892
3918 3907
3918 3996
2275 2435
2275 4680
2170 2496
2171 2286
2286 3410
2173 2602
2173 3932
2602 2243
2602 2310
2602 2399
2602 4737
3932 3873
2635 2391
2635 2405
2184 2521
2521 2256
2521 2474
2521 2555
2521 3492
2503 2258
2503 2361
2503 4946
2542 2555
2189 2239
2254 2201
3593 2891
3593 4744
2197 3557
3557 3108
3557 3492
3557 3617
3557 4235
2686 2362
2686 2675
2686 2775
2686 2889
2686 4527
2209 2775
2775 2311
2775 2417
2775 2535
2775 2898
2775 4403
2775 4871
2210 2535
2211 2257
2211 2538
2538 3536
2212 3003
2218 2720
2218 3868
2720 2371
2720 2628
2720 3792
3868 3862
2244 2586
2354 2422
2354 2586
2354 4370
2258 2361
2222 2367
2222 2472
2472 2316
2472 4163
4742 4666
4742 4702
2225 2256
2228 2515
2228 2641
2515 2657
2515 3463
2641 2369
2641 3288
4184 4149
4184 4176
4184 4229
4184 4233
4184 4264
2232 3365
3365 3037
3365 3245
2234 2929
2250 3460
3974 3935
3974 3961
3974 4008
3974 4028
3974 4047
2534 4231
2243 4770
2586 2592
2245 2669
2669 2247
2669 2402
2669 4664
2331 4875
3460 3032
3460 3101
3460 3490
3460 4585
2675 2369
2675 2425
2361 4345
2650 2268
2650 3483
2516 2396
2516 2555
2516 2881
2386 2657
2269 2624
2269 2951
2624 2644
2624 3325
2951 3285
2378 2592
2592 4335
2274 2345
2345 3935
2435 3087
4680 4595
4680 4615
4680 4685
4680 4829
2429 3876
2283 3808
3410 2933
3410 3560
2287 3027
3027 3347
3027 3480
2288 2377
2377 2365
2296 2343
2343 4251
2298 2572
2572 2657
2572 4268
2303 2399
2303 4122
2399 3447
2316 2352
2316 3628
4813 4778
4813 4881
4813 4886
2314 2842
4691 4731
4691 4781
4691 4789
4691 4834
3628 3024
3628 3103
3628 3432
3628 3471
3628 3553
2318 2657
2657 2321
2657 2362
2657 3157
2614 3793
2321 4146
4146 4091
4146 4108
4146 4150
2583 3154
2583 4386
4875 4648
4875 4708
4875 4732
4875 4733
4875 4753
2332 4293
2667 3551
2667 4179
2340 2474
2474 2391
4251 3084
4251 4075
4251 4086
4251 4089
4251 4103
4251 4127
4251 4137
4251 4203
4251 4215
4251 4226
3935 4004
3935 4031
4481 4453
3975 3861
3975 3880
3975 3950
2350 3374
3374 3680
2353 2674
2422 2520
2422 3302
2561 3514
2365 3296
3296 2960
3296 3432
2574 2492
2574 2505
2574 3216
2508 4347
4000 2943
4000 3800
4000 3926
4000 4008
4000 4011
4000 4047
2391 2520
2391 3101
3101 2963
3101 3080
2555 2505
2555 4075
2555 4105
2415 2527
2415 2544
2415 4705
2527 2548
2544 3098
2544 3500
4705 4829
4705 4909
3302 3500
2425 4339
4339 4405
3876 3880
3876 3910
3876 4047
4539 3175
4539 4328
4539 4395
4539 4402
4539 4450
4539 4527
4935 4125
4935 4689
4935 4733
4935 4917
4935 4932
4935 4971
2442 2896
2896 3319
2644 4450
2628 2505
2628 3519
4267 3798
4267 4151
4267 4176
4267 4210
4267 4215
4267 4247
4267 4257
4267 4263
4267 4268
4267 4272
3113 2922
3113 2940
3113 3155
4615 4633
4615 4670
4615 4784
4615 4829
4163 4214
4091 4084
4091 4182
3872 3816
3872 3847
3872 3993
3872 4031
4098 4214
4692 4765
2955 3142
2955 3206
2955 3313
2955 3315
2955 3343
2964 3004
2517 3799
3207 2852
3207 3331
3207 3427
2502 3058
3058 3352
3058 3560
4946 4588
4946 4674
4946 4730
4946 4756
4946 4879
4946 4931
4946 4937
2505 3067
4347 4386
3475 2998
3475 3493
3475 3536
3463 3020
3463 3071
3463 3192
3463 3680
3799 3763
3799 3856
3799 3871
3799 3959
3477 3507
3233 2874
3977 3189
3977 3849
3977 3855
3977 3981
3977 4016
4119 4108
4231 4082
4231 4126
4231 4141
4231 4152
4231 4166
4231 4169
4231 4172
4231 4179
4231 4180
4231 4221
4231 4268
3480 2884
3480 2914
3480 3488
3290 2953
3290 3130
3290 3225
3290 3415
3536 2934
3536 3092
3536 4971
3878 4004
3878 4047
2973 3135
3098 3490
3500 2949
3500 2954
3500 2989
3500 3016
3500 3325
3500 3342
3500 3348
4075 4089
4105 4111
4105 4218
4105 4257
4105 4264
4751 4871
4751 4885
4047 3203
4047 3790
4047 3838
4047 3888
4047 3926
4047 3956
4047 3959
4047 3982
4047 3989
4047 4011
3514 3071
3514 3215
3514 3376
3514 3465
3514 3507
3514 4730
4455 4309
4455 4425
4455 4459
4455 4483
4268 3770
4268 4257
4268 4263
4268 4272
4461 4354
4461 4418
4461 4434
4461 4451
4778 4703
4778 4881
4778 4886
3154 3262
4386 4376
3315 2861
3315 2992
3315 3142
3315 3206
3315 3313
3315 3343
4806 4682
4806 4722
4806 4765
4086 4247
3551 3373
3551 3519
3168 3128
3168 3353
3168 3610
3168 3617
4789 4624
4789 4747
4789 4834
4682 4639
3680 2874
3680 2877
3680 2891
3680 3004
3680 3015
3680 3020
3680 3073
3680 3114
3680 3164
3680 3262
3680 3356
3680 3559
3680 4372
3793 3775
4932 4084
4932 4796
4932 4971
3197 3243
3197 3627
3349 3487
3325 2949
3325 2954
3325 3065
3325 3342
3519 2845
3519 3066
3519 3260
3519 3362
3627 3013
3627 3066
3627 3353
3627 4588
3240 3090
2992 3142
2992 3206
2992 3313
2992 3343
3288 3340
3288 3560
4450 4302
4450 4470
4450 4527
4228 4132
4228 4187
4228 4196
4228 4235
4228 4262
4228 4937
3483 3432
3483 3434
3483 3452
3483 4447
4376 4372
4376 4505
3371 2890
3371 3189
3434 3636
3434 3959
3206 2861
3206 3313
3206 3343
4179 4141
4179 4166
4179 4169
4179 4180
4179 4190
4179 4221
3487 3299
3487 3418
3931 4004
4031 3766
4031 3767
4031 3807
4031 3825
4031 3837
4031 3847
4031 3852
4031 3866
4031 3896
4031 3912
4031 3925
4031 3927
4031 3962
4031 3993
4031 4004
4923 4685
4923 4788
4886 4599
4886 4618
4886 4645
4886 4690
4886 4703
4886 4881
3066 3362
4527 4291
4527 4412
4527 4470
4096 4196
3942 3802
3942 3827
3942 3951
3942 4008
4909 4395
4909 4621
4909 4625
4909 4636
4909 4639
4909 4645
4909 4653
4909 4693
4909 4839
4909 4865
4067 4135
3503 2985
3503 3252
3503 3380
3503 3441
3503 3596
4401 4343
3913 3840
3913 3899
4137 4226
4732 4704
4732 4753
3267 3493
3767 3993
4193 4088
4193 4117
4193 4164
4193 4219
4193 4229
4763 4720
4763 4830
4763 4871
4763 4885
3362 2845
3362 3260
3792 3941
3792 4028
3452 2960
3452 3019
4474 4295
4180 4071
4180 4126
4180 4141
4180 4172
4180 4221
3347 3340
3347 3444
3797 3952
3432 2856
3432 3293
4470 4306
4470 4392
4470 4502
4656 4744
4656 4748
4656 4754
4656 4820
3420 3306
4931 4649
4931 4700
4931 4712
4931 4871
4931 4937
4139 4078
4139 4151
4139 4213
3155 2922
3073 3011
4143 4264
3828 3958
3332 3045
4152 4131
4152 4169
4152 4172
4152 4221
3596 2985
3596 3095
3596 3147
3596 3380
3596 3441
3596 3498
3596 3989
3192 2852
3192 3316
3192 3373
3192 3427
2970 2998
4755 4631
4755 4634
4755 4642
4755 4744
4755 4754
4755 4812
4755 4820
2902 3610
3316 3427
4108 4084
4108 4182
2898 2840
4871 4590
4871 4600
4871 4706
4871 4720
4871 4817
4871 4830
4871 4885
4203 4095
4203 4118
4203 4262
3444 3560
3444 3917
3507 2888
3507 3135
3507 3376
3507 3465
3507 3636
3507 3862
2936 3170
3891 3952
3891 4021
3852 3996
3852 4016
4776 4607
4917 3161
4917 4713
4917 4865
4917 4937
4698 4826
2895 3450
3348 2949
3348 3342
3559 2984
3559 3004
3370 3418
3370 4463
4756 4587
4756 4603
4213 4113
4213 4187
4213 4210
4213 4235
4213 4262
4356 4337
2969 3471
3892 3915
4080 4073
4238 4084
4238 4219
4238 4685
4214 4161
3544 3032
3544 3982
3809 4028
3583 3424
3583 4418
3213 2956
3213 3203
3213 3610
3213 3617
4754 4634
4754 4748
4754 4820
4754 4834
3018 3106
4004 3126
4004 3837
4004 3847
4004 3866
4004 3912
4004 3925
4004 3926
4004 3927
4004 3993
3554 3262
3554 3299
3554 3310
3554 3427
3554 3636
3245 3163
3373 2852
3373 2890
4510 4498
4600 4830
4600 4885
3343 2861
3343 3142
3343 3313
4095 4272
4263 2940
4263 3376
4263 4079
4263 4219
4263 4257
4263 4272
3905 3818
3905 3922
3905 4021
3958 3981
4264 4066
4264 4092
4264 4113
4264 4117
4264 4123
4264 4129
4264 4149
4264 4164
4264 4188
4264 4218
4264 4219
4264 4229
4264 4233
4731 4704
4731 4783
4731 4834
3617 2956
3617 3007
3617 3091
3617 3311
3617 3610
4653 4724
4653 4865
3055 2996
2849 3516
3516 4834
3610 3091
3610 3189
3610 3311
3610 4649
2856 2996
2989 2954
2989 4743
2861 3285
2861 3313
3285 2950
3285 2965
3285 3236
3313 3142
2868 2920
2868 2953
2868 3023
2868 3469
2920 3225
2920 4829
2953 3225
2953 4718
3023 3496
3016 3342
3143 3498
3143 4812
3195 3175
3195 3441
3195 4865
3252 4460
2875 2894
2875 3357
2875 3915
2894 2934
2894 3357
3357 2934
3357 2983
3915 3796
3915 3959
2878 3100
3043 4196
3118 3226
3118 3243
2890 3427
3427 2943
3427 4337
3226 2960
3226 3243
3226 3331
2934 2983
3319 2990
3319 3133
3319 4502
2897 4834
4834 4597
4834 4704
4834 4715
4834 4747
2965 4713
3498 3380
3498 3950
2910 3007
2910 3424
3490 3044
3490 3996
3164 3356
3164 4721
4829 4595
4829 4632
4829 4633
4829 4638
4829 4757
4829 4784
2922 2985
2922 4592
2985 3095
2985 3441
4592 4761
4592 4781
4592 4783
3170 3962
2949 3342
3342 2954
3342 2956
3342 3840
4718 4610
4718 4761
4718 4781
2972 3417
2974 3491
2974 3982
3175 3095
2984 3636
2984 4074
3636 2997
3636 3306
4074 4145
4074 4235
3095 3193
3095 4720
3441 2990
4743 3418
2990 3820
3820 3894
2997 4315
3001 3203
3001 4088
4088 4103
4088 4218
3141 3760
3013 3228
3013 4704
3228 3193
3228 3920
4704 4795
3106 4021
3021 3496
3496 4011
3496 4839
3026 4272
4272 4079
4272 4110
4272 4226
4272 4247
4272 4257
3340 4689
3189 3064
3037 3163
3163 4971
3041 4465
4196 4129
3049 4402
3293 4425
3560 3109
3560 3171
3560 3415
3560 3849
3560 4505
3560 4836
3069 3149
3074 3927
3927 3847
3077 3159
3077 4498
3159 3084
4498 4844
3081 4624
4624 4795
3088 3922
3922 3762
3922 3928
3922 3952
3415 3171
3415 3488
4720 4830
4720 4885
4021 3762
4021 3775
4021 3796
4021 3798
4021 3928
4021 3952
4021 3981
3108 3292
3465 4229
3465 4405
3121 4072
4072 4219
4072 4235
4072 4262
3133 4429
4429 4365
4429 4502
3146 3863
3863 3849
3324 3488
4971 4453
4971 4629
4971 4678
4971 4725
4971 4768
4971 4817
3353 4483
3962 3833
3191 4190
3183 3307
3183 4363
3307 3215
3307 4637
4363 4380
4190 4114
4865 4632
4865 4645
4865 4670
4865 4693
4865 4839
3212 4719
3215 3297
3920 3981
4460 4336
3311 3874
3271 4631
4631 4748
4631 4768
4631 4820
4028 3874
4028 3952
4028 3956
4028 3961
4028 3989
4637 4831
3874 3766
3874 3917
4502 4433
3840 3909
4483 4140
4483 4413
4483 4418
3917 3993
3917 4016
4229 4111
4229 4123
4229 4164
4229 4218
4229 4219
4229 4233
4229 4257
4447 4452
4734 4633
4734 4638
4734 4784
4422 4318
4422 4350
3996 4011
3996 4016
4830 4706
4830 4885
4011 3880
4011 3888
4011 3901
4011 3951
4011 3961
4011 4008
3950 3814
4730 4765
4724 4753
4784 4617
4784 4638
4784 4757
4132 4262
4008 3907
4008 3925
4008 3989
4008 4233
4297 4451
4235 4140
4235 4187
4235 4210
4235 4257
4235 4262
4235 4678
3849 3815
4505 4305
4505 4309
4505 4369
4505 4397
4505 4413
4836 4599
3926 3818
3926 3838
4016 3981
4016 3989
4218 4066
4218 4092
4218 4134
4218 4164
4218 4219
4373 4452
4744 4634
4744 4748
4744 4820
3989 3827
3989 3961
4712 4937
4820 4634
4820 4748
4820 4788
4398 4309
4400 4451
3993 3766
3993 3807
3993 3837
3993 3847
3993 3866
3993 3896
3993 3912
3993 4618
4781 4598
4781 4669
4781 4761
4781 4783
4795 4715
4795 4747
4107 4150
4739 4317
4885 4590
4885 4706
4451 4464
4219 4113
4219 4129
4219 4176
4219 4233
4372 4397
4182 4100
4182 4150
4078 4262
4747 4715
3871 3763
3871 3805
4881 4618
4881 4619
4881 4657
4881 4703
4247 3925
4188 4189
4172 4126
4172 4169
4172 4221
4117 4233
4215 4085
4215 4103
4706 4590
4331 4355
4831 4590
4831 4612
4826 4415
4826 4804
4127 4226
3822 3885
3822 3951
4459 4322
3952 3928
4169 4082
4169 4110
4169 4126
4169 4221
4176 4149
4617 4583
4757 4633
4757 4685
4598 4761
4598 4783
3805 3856
3837 3914
3837 4330
3798 3841
3841 3866
3841 4262
3899 4352
3802 3914
3812 3885
3885 3875
3885 4753
3816 3951
3951 4348
3833 4844
3928 4687
4330 4452
3866 4727
4262 4151
4262 4187
4262 4189
4262 4199
4262 4257
3873 4454
4454 4365
3888 4670
3896 3925
3901 4208
3924 4413
4687 4620
4100 4124
4888 4580
4888 4634
4618 4589
4233 4149
4765 4647
4085 4110
4085 4129
4066 4164
4164 4464
4069 4189
4069 4210
4069 4632
4189 4099
4210 4199
4632 4583
4076 4150
4082 4221
4221 4126
4221 4166
4099 4113
4126 4166
4149 4338
4685 4583
4685 4638
4610 4761
4380 4412
4783 4669
4783 4761
4453 4412
4307 4355
4322 4587
4452 4360
4725 4638
4584 4606
4607 4666
4657 4702
