0 119
0 184
0 191
0 215
0 217
0 254
0 2976
119 54
119 111
119 184
119 191
119 215
119 217
119 289
119 1890
119 3433
184 45
184 54
184 110
184 111
184 128
184 178
184 191
184 215
184 217
184 256
184 279
184 1201
184 2736
184 4700
191 4
191 50
191 54
191 68
191 111
191 114
191 128
191 178
191 215
191 217
191 284
191 2575
191 2974
191 4997
215 4
215 11
215 15
215 45
215 54
215 68
215 110
215 111
215 114
215 128
215 178
215 217
215 234
215 288
215 1005
215 1429
215 2899
215 3744
217 4
217 11
217 15
217 45
217 54
217 68
217 110
217 111
217 114
217 128
217 178
217 265
217 286
217 1066
217 4013
217 4335
217 4380
254 25
254 56
254 98
254 172
254 192
254 201
254 204
254 208
254 210
254 219
254 225
254 229
254 231
254 245
254 256
254 257
254 264
254 265
254 270
254 273
254 274
254 275
254 276
254 278
254 280
254 282
254 285
254 290
254 388
254 1878
254 2024
254 3593
254 4366
254 4375
254 4686
2976 958
2976 1453
2976 2085
2976 2120
2976 2195
2976 2209
2976 2219
2976 2243
2976 2246
2976 2271
2976 2298
2976 2299
2976 2429
2976 2430
2976 2436
2976 2444
2976 2446
2976 2455
2976 2491
2976 2501
2976 2511
2976 2548
2976 2560
2976 2580
2976 2610
2976 2617
2976 2635
2976 2657
2976 2679
2976 2710
2976 2717
2976 2723
2976 2728
2976 2733
2976 2742
2976 2748
2976 2750
2976 2754
2976 2758
2976 2760
2976 2761
2976 2782
2976 2815
2976 2820
2976 2823
2976 2838
2976 2839
2976 2844
2976 2871
2976 2889
2976 2896
2976 2921
2976 2922
2976 2925
2976 2951
2976 2954
2976 2956
2976 2959
2976 2962
2976 2963
2976 2978
2976 2984
2976 2985
2976 3239
2976 3255
2976 3308
2976 3404
2976 3733
2976 3998
2976 4526
2976 4613
2976 4643
2976 4683
2976 4723
1 223
1 239
1 257
1 258
1 259
1 288
1 2750
223 14
223 53
223 60
223 84
223 91
223 92
223 93
223 109
223 120
223 156
223 175
223 202
223 211
223 239
223 242
223 249
223 257
223 258
223 259
223 1466
223 4651
223 4965
223 4989
239 53
239 64
239 80
239 82
239 92
239 93
239 109
239 120
239 143
239 156
239 158
239 175
239 193
239 202
239 230
239 242
239 257
239 258
239 259
239 285
239 565
239 1711
239 2771
239 3395
239 4020
239 4379
257 9
257 14
257 16
257 33
257 48
257 53
257 60
257 64
257 80
257 82
257 91
257 92
257 93
257 109
257 117
257 120
257 140
257 143
257 156
257 175
257 193
257 202
257 211
257 242
257 258
257 259
257 278
257 1457
257 2102
257 2576
257 3428
257 4241
257 4360
257 4395
258 6
258 9
258 14
258 16
258 33
258 53
258 60
258 64
258 80
258 82
258 91
258 92
258 93
258 109
258 120
258 140
258 143
258 156
258 175
258 193
258 202
258 211
258 230
258 242
258 255
258 259
258 283
258 666
258 1767
258 2633
258 4249
258 4267
258 4707
258 4839
259 9
259 14
259 16
259 33
259 53
259 60
259 64
259 80
259 82
259 91
259 92
259 93
259 109
259 120
259 140
259 143
259 156
259 175
259 179
259 193
259 202
259 211
259 242
259 272
259 288
259 1079
259 1171
259 1954
259 2788
259 3776
259 4353
259 4384
259 4687
288 5
288 18
288 23
288 36
288 41
288 49
288 59
288 62
288 69
288 72
288 75
288 81
288 83
288 95
288 99
288 100
288 101
288 105
288 107
288 115
288 118
288 126
288 127
288 130
288 131
288 138
288 139
288 144
288 146
288 151
288 153
288 158
288 160
288 161
288 165
288 168
288 171
288 177
288 185
288 188
288 194
288 197
288 221
288 230
288 234
288 237
288 238
288 241
288 247
288 248
288 253
288 255
288 260
288 261
288 262
288 263
288 264
288 267
288 269
288 271
288 272
288 277
288 279
288 280
288 281
288 283
288 284
288 286
288 287
288 289
288 290
288 610
288 800
288 861
288 1801
288 2106
288 2956
288 2985
288 3297
288 3369
288 3373
288 3413
288 4014
288 4073
288 4124
288 4202
288 4207
288 4328
288 4962
2750 283
2750 719
2750 1451
2750 2761
2750 2815
2750 2838
2750 2871
2750 2889
2750 2915
2750 2919
2750 2920
2750 2922
2750 2925
2750 2951
2750 2954
2750 2959
2750 2978
2750 2984
2750 2985
2 70
2 166
2 224
2 236
2 240
2 244
2 2053
70 26
70 58
70 148
70 227
70 238
70 252
70 2897
166 27
166 149
166 194
166 203
166 213
166 224
166 233
166 236
166 240
166 282
166 828
166 4345
166 4691
224 22
224 66
224 76
224 87
224 102
224 108
224 112
224 132
224 159
224 181
224 194
224 196
224 203
224 233
224 236
224 240
224 244
224 277
224 800
224 2365
224 4184
224 4612
224 4922
236 24
236 27
236 65
236 66
236 102
236 112
236 132
236 152
236 159
236 170
236 181
236 194
236 196
236 203
236 213
236 233
236 240
236 244
236 262
236 550
236 767
236 2935
236 4267
236 4402
236 4978
240 8
240 17
240 24
240 27
240 66
240 102
240 112
240 132
240 149
240 181
240 194
240 196
240 203
240 210
240 213
240 233
240 244
240 248
240 287
240 2400
240 2917
240 2961
240 2989
240 3093
240 3519
244 8
244 17
244 22
244 24
244 63
244 65
244 66
244 102
244 108
244 112
244 149
244 159
244 194
244 196
244 203
244 213
244 233
244 249
244 274
244 289
244 738
244 1173
244 1533
244 2850
244 3458
244 4217
2053 1690
2053 1888
2053 1945
2053 1962
2053 2025
2053 2029
2053 2030
2053 2038
2053 2054
2053 2055
2053 2056
2053 2067
2053 2069
2053 2073
2053 2074
2053 2077
2053 2084
2053 2086
2053 2089
2053 2095
2053 2097
2053 2098
2053 2569
2053 2776
2053 2830
3 13
3 173
3 214
3 227
3 252
3 2445
3 4086
13 35
13 232
13 238
13 252
13 2492
13 3490
173 34
173 39
173 61
173 123
173 164
173 205
173 214
173 227
173 232
173 238
173 248
173 1064
173 3313
173 4020
214 35
214 39
214 42
214 61
214 90
214 104
214 147
214 148
214 186
214 205
214 222
214 227
214 232
214 238
214 252
214 263
214 2968
214 4248
214 4363
214 4657
227 24
227 26
227 42
227 50
227 87
227 90
227 104
227 147
227 148
227 164
227 186
227 205
227 232
227 238
227 252
227 267
227 289
227 2663
227 2986
227 3895
227 4083
227 4854
252 26
252 34
252 35
252 39
252 42
252 50
252 58
252 61
252 74
252 87
252 90
252 104
252 123
252 147
252 148
252 164
252 185
252 186
252 205
252 232
252 238
252 280
252 290
252 816
252 822
252 1096
252 2866
252 2968
252 2978
252 4379
2445 2496
2445 2708
2445 2823
2445 2879
2445 2892
2445 2909
2445 2934
2445 2969
2445 4105
4086 2199
4086 2703
4086 3432
4086 3506
4086 3621
4086 3730
4086 3762
4086 3861
4086 3917
4086 3937
4086 3944
4086 4039
4086 4042
4086 4079
4086 4215
4086 4322
4086 4345
4 114
4 133
4 178
4 4936
114 111
114 128
114 178
114 289
114 1079
114 4869
133 263
133 264
133 273
133 275
133 278
133 280
133 282
133 285
133 2825
133 4216
178 11
178 15
178 54
178 68
178 110
178 281
178 306
178 1753
178 4340
4936 2888
4936 3365
4936 4212
4936 4829
4936 4892
4936 4907
4936 4924
4936 4956
4936 4974
4936 4978
4936 4983
4936 4985
4936 4986
4936 4989
4936 4990
4936 4991
4936 4992
4936 4995
4936 4996
4936 4997
4936 4998
4936 4999
5 203
5 260
5 284
5 289
5 290
5 3363
203 27
203 65
203 66
203 159
203 181
203 196
203 213
203 233
203 268
203 1452
203 1866
203 4683
203 4726
260 56
260 59
260 99
260 127
260 139
260 161
260 202
260 212
260 231
260 237
260 241
260 248
260 253
260 255
260 262
260 267
260 269
260 271
260 272
260 273
260 277
260 279
260 281
260 283
260 284
260 286
260 287
260 289
260 290
260 1544
260 1567
260 2554
260 2939
260 2969
260 3005
260 3906
284 12
284 20
284 36
284 37
284 43
284 46
284 47
284 52
284 53
284 69
284 72
284 75
284 76
284 81
284 95
284 99
284 100
284 105
284 107
284 115
284 127
284 130
284 144
284 146
284 153
284 158
284 168
284 171
284 174
284 177
284 183
284 185
284 197
284 221
284 229
284 230
284 234
284 237
284 248
284 253
284 255
284 261
284 262
284 263
284 267
284 269
284 271
284 272
284 277
284 279
284 281
284 283
284 286
284 287
284 289
284 290
284 1077
284 1243
284 1860
284 2257
284 2709
284 2732
284 2754
284 2831
284 2904
284 3356
284 3704
284 4191
284 4248
284 4982
284 4984
289 19
289 20
289 38
289 41
289 43
289 46
289 49
289 52
289 59
289 62
289 75
289 81
289 83
289 99
289 107
289 115
289 117
289 118
289 122
289 126
289 127
289 130
289 134
289 138
289 139
289 144
289 146
289 150
289 151
289 152
289 153
289 161
289 165
289 168
289 171
289 177
289 183
289 185
289 197
289 201
289 212
289 216
289 221
289 230
289 234
289 237
289 241
289 247
289 248
289 253
289 255
289 261
289 262
289 263
289 267
289 269
289 271
289 272
289 274
289 277
289 278
289 279
289 281
289 283
289 286
289 287
289 290
289 443
289 573
289 750
289 812
289 1759
289 1768
289 2244
289 2370
289 2575
289 2653
289 3445
289 3936
289 4052
289 4311
289 4375
289 4610
289 4695
289 4727
289 4996
290 9
290 19
290 20
290 23
290 36
290 38
290 43
290 46
290 52
290 62
290 69
290 73
290 81
290 83
290 87
290 95
290 99
290 100
290 101
290 105
290 107
290 117
290 118
290 122
290 126
290 127
290 131
290 134
290 135
290 138
290 139
290 144
290 146
290 151
290 152
290 153
290 163
290 165
290 168
290 171
290 177
290 183
290 185
290 197
290 212
290 221
290 234
290 237
290 241
290 242
290 247
290 248
290 253
290 255
290 261
290 262
290 263
290 264
290 267
290 269
290 271
290 272
290 276
290 277
290 279
290 281
290 283
290 285
290 286
290 287
290 386
290 450
290 722
290 776
290 1046
290 1061
290 1503
290 1546
290 1631
290 1685
290 1738
290 2085
290 2852
290 2933
290 2980
290 3339
290 3998
290 4023
290 4218
290 4866
3363 546
3363 2881
3363 3032
3363 3109
3363 3111
3363 3232
3363 3252
3363 3257
3363 3282
3363 3353
3363 3370
3363 3378
3363 3382
3363 3398
3363 3399
3363 3421
3363 3435
3363 3443
3363 3448
3363 3452
3363 3459
3363 4266
3363 4540
6 270
6 273
6 278
6 282
6 285
6 4383
270 44
270 56
270 67
270 73
270 162
270 169
270 172
270 176
270 180
270 188
270 189
270 192
270 201
270 204
270 208
270 219
270 220
270 225
270 229
270 231
270 237
270 245
270 247
270 256
270 264
270 265
270 267
270 273
270 274
270 275
270 276
270 277
270 278
270 280
270 282
270 285
270 286
270 732
270 792
270 1731
270 1799
270 2830
270 2899
270 4310
270 4363
270 4384
273 10
273 67
273 71
273 73
273 77
273 78
273 85
273 136
273 142
273 157
273 172
273 174
273 188
273 192
273 197
273 201
273 204
273 208
273 210
273 216
273 219
273 220
273 225
273 229
273 231
273 238
273 245
273 256
273 264
273 265
273 274
273 275
273 276
273 278
273 280
273 282
273 283
273 285
273 286
273 562
273 1330
273 1663
273 2474
273 2623
273 2647
273 3894
273 4328
273 4606
273 4990
278 10
278 25
278 44
278 56
278 67
278 77
278 85
278 97
278 125
278 136
278 164
278 169
278 172
278 174
278 176
278 180
278 188
278 189
278 190
278 192
278 198
278 201
278 204
278 207
278 208
278 210
278 219
278 220
278 225
278 229
278 231
278 245
278 256
278 264
278 265
278 274
278 275
278 276
278 280
278 282
278 285
278 775
278 993
278 1420
278 2839
278 2934
278 3386
278 4152
278 4337
278 4610
278 4722
278 4774
278 4996
282 10
282 12
282 25
282 31
282 37
282 62
282 67
282 71
282 73
282 77
282 78
282 85
282 88
282 97
282 98
282 136
282 142
282 151
282 157
282 162
282 165
282 169
282 174
282 176
282 180
282 188
282 192
282 197
282 201
282 204
282 207
282 208
282 210
282 219
282 220
282 225
282 229
282 231
282 242
282 245
282 256
282 264
282 265
282 274
282 275
282 276
282 277
282 280
282 285
282 474
282 501
282 1252
282 1451
282 1811
282 1909
282 2755
282 2902
282 3130
282 3375
282 3780
282 4102
282 4247
282 4912
285 10
285 12
285 25
285 30
285 31
285 37
285 44
285 56
285 67
285 73
285 77
285 78
285 85
285 88
285 97
285 98
285 136
285 142
285 157
285 162
285 169
285 172
285 174
285 176
285 180
285 188
285 189
285 192
285 201
285 204
285 207
285 208
285 210
285 211
285 219
285 220
285 225
285 228
285 229
285 231
285 241
285 245
285 256
285 264
285 265
285 274
285 275
285 276
285 280
285 281
285 287
285 390
285 981
285 1196
285 1804
285 1831
285 2010
285 2027
285 2915
285 3472
285 4191
285 4208
285 4279
285 4553
285 4651
285 4978
4383 247
4383 783
4383 807
4383 861
4383 882
4383 966
4383 1489
4383 1779
4383 1823
4383 2064
4383 2478
4383 2591
4383 2746
4383 3446
4383 3467
4383 3505
4383 3526
4383 3551
4383 3582
4383 3615
4383 3643
4383 3679
4383 3715
4383 3723
4383 3735
4383 3760
4383 3784
4383 3817
4383 3901
4383 3907
4383 3911
4383 3932
4383 3954
4383 3973
4383 3982
4383 3993
4383 4032
4383 4033
4383 4040
4383 4105
4383 4109
4383 4140
4383 4144
4383 4150
4383 4165
4383 4170
4383 4179
4383 4180
4383 4182
4383 4187
4383 4201
4383 4210
4383 4221
4383 4224
4383 4227
4383 4237
4383 4246
4383 4255
4383 4256
4383 4257
4383 4258
4383 4281
4383 4282
4383 4284
4383 4301
4383 4310
4383 4311
4383 4349
4383 4354
4383 4357
4383 4359
4383 4368
4383 4372
4383 4373
4383 4375
4383 4379
4383 4392
4383 4393
4383 4398
4383 4399
4383 4694
4383 4986
7 150
7 218
7 266
7 268
7 283
7 1149
7 3615
150 157
150 199
150 235
150 246
150 249
150 250
150 266
150 268
150 561
150 4147
218 79
218 121
218 163
218 189
218 195
218 199
218 200
218 209
218 226
218 228
218 243
218 246
218 249
218 250
218 266
218 268
218 532
218 1761
218 2084
218 3452
218 4399
266 28
266 40
266 57
266 79
266 84
266 86
266 93
266 103
266 121
266 129
266 137
266 154
266 160
266 163
266 170
266 177
266 179
266 182
266 183
266 195
266 198
266 199
266 200
266 209
266 222
266 228
266 243
266 246
266 249
266 250
266 255
266 268
266 1541
266 1670
266 1740
266 1790
266 1807
266 3001
266 3436
266 4809
266 4984
268 19
268 28
268 40
268 57
268 72
268 79
268 81
268 84
268 86
268 103
268 121
268 129
268 137
268 154
268 160
268 163
268 170
268 179
268 182
268 195
268 198
268 199
268 200
268 209
268 222
268 228
268 235
268 243
268 246
268 249
268 250
268 275
268 963
268 1832
268 2481
268 2704
268 2949
268 3538
268 4281
268 4657
268 4845
283 14
283 18
283 23
283 41
283 43
283 72
283 75
283 81
283 107
283 115
283 118
283 122
283 130
283 135
283 138
283 139
283 140
283 146
283 153
283 158
283 168
283 171
283 183
283 185
283 197
283 212
283 221
283 225
283 228
283 230
283 234
283 241
283 247
283 248
283 253
283 255
283 261
283 262
283 263
283 267
283 269
283 271
283 272
283 277
283 279
283 281
283 286
283 287
283 445
283 521
283 1659
283 2013
283 2580
283 2837
283 2955
283 3351
283 3768
283 4228
283 4302
283 4314
283 4869
1149 1260
1149 1615
1149 1748
1149 1784
1149 1793
1149 4334
3615 3503
3615 4368
3615 4392
3615 4393
3615 4398
3615 4399
8 63
8 208
8 213
8 773
8 4428
63 22
63 112
63 182
63 233
63 568
63 2872
208 100
208 136
208 174
208 231
208 264
208 265
208 275
208 276
208 280
208 753
208 782
208 1032
208 1058
213 22
213 65
213 108
213 146
213 149
213 159
213 181
213 193
213 194
213 196
213 233
213 251
213 1042
213 1232
213 3951
213 4702
773 364
773 549
773 732
773 740
773 763
773 767
773 776
773 785
773 789
773 790
773 791
773 792
773 799
773 800
773 802
773 808
773 809
773 814
773 815
773 816
773 824
773 830
773 1067
773 4403
4428 4676
4428 4699
4428 4712
4428 4717
4428 4726
4428 4728
9 175
9 242
9 2421
175 64
175 193
175 202
175 211
175 242
175 261
175 1797
175 2069
175 4401
242 16
242 33
242 60
242 80
242 82
242 91
242 92
242 140
242 143
242 156
242 193
242 202
242 211
242 248
242 330
242 987
242 1477
242 1911
242 3145
242 3493
2421 2134
2421 2511
2421 2733
2421 2838
2421 2920
2421 2963
2421 2984
2421 2985
2421 3612
10 210
10 280
10 3382
210 71
210 225
210 229
210 256
210 262
210 264
210 265
210 274
210 276
210 280
210 1770
210 2863
210 3500
210 4902
280 12
280 30
280 31
280 37
280 56
280 69
280 77
280 88
280 97
280 98
280 107
280 131
280 136
280 142
280 157
280 162
280 169
280 172
280 174
280 176
280 180
280 189
280 192
280 201
280 204
280 207
280 219
280 220
280 225
280 231
280 233
280 245
280 256
280 264
280 265
280 274
280 275
280 276
280 735
280 1789
280 2573
280 2586
280 2884
280 2974
280 3591
280 4024
280 4398
280 4565
280 4706
280 4957
3382 138
3382 1032
3382 1628
3382 2742
3382 3014
3382 3015
3382 3017
3382 3046
3382 3157
3382 3204
3382 3214
3382 3215
3382 3234
3382 3252
3382 3282
3382 3353
3382 3376
3382 3389
3382 3391
3382 3403
3382 3421
3382 3423
3382 3435
3382 3443
3382 3452
3382 3454
3382 3459
3382 4794
11 110
11 128
11 251
11 4366
110 45
110 111
110 281
110 2311
110 2921
128 45
128 68
128 122
128 799
128 4087
251 21
251 29
251 32
251 47
251 48
251 51
251 89
251 94
251 96
251 106
251 113
251 116
251 124
251 125
251 141
251 145
251 155
251 167
251 187
251 190
251 206
251 216
251 221
251 226
251 269
251 2091
251 2439
251 2990
251 3206
251 3430
251 4275
251 4328
4366 71
4366 428
4366 998
4366 1613
4366 1734
4366 2413
4366 2769
4366 2941
4366 3274
4366 3301
4366 3325
4366 3497
4366 3503
4366 3614
4366 3702
4366 3730
4366 3770
4366 3793
4366 3802
4366 3834
4366 3845
4366 3851
4366 3894
4366 3936
4366 3949
4366 3965
4366 4034
4366 4075
4366 4080
4366 4131
4366 4133
4366 4146
4366 4161
4366 4183
4366 4190
4366 4212
4366 4244
4366 4249
4366 4256
4366 4259
4366 4264
4366 4289
4366 4297
4366 4298
4366 4302
4366 4305
4366 4306
4366 4312
4366 4316
4366 4324
4366 4338
4366 4341
4366 4346
4366 4348
4366 4357
4366 4377
4366 4384
4366 4386
4366 4395
4366 4396
4366 4397
4366 4402
4366 4403
12 265
12 1539
12 4645
265 78
265 88
265 97
265 142
265 144
265 176
265 188
265 189
265 192
265 201
265 204
265 207
265 220
265 225
265 229
265 235
265 245
265 256
265 264
265 274
265 275
265 276
265 286
265 599
265 1085
265 1147
265 1853
265 2960
265 3188
265 3440
265 3454
265 4703
1539 1340
1539 1417
1539 1568
1539 1610
1539 1637
1539 1668
1539 1703
1539 1720
1539 1735
1539 1743
1539 1789
1539 2898
1539 3584
4645 2228
4645 2314
4645 2536
4645 4496
4645 4523
4645 4557
4645 4587
4645 4594
4645 4629
4645 4631
4645 4633
4645 4669
4645 4671
4645 4712
4645 4714
4645 4717
4645 4724
4645 4725
4645 4726
4645 4727
4645 4728
35 104
35 126
35 205
35 2930
232 26
232 34
232 42
232 49
232 50
232 51
232 58
232 61
232 74
232 87
232 90
232 104
232 147
232 148
232 205
232 221
232 238
232 458
232 472
232 541
232 974
232 4177
238 26
238 34
238 42
238 58
238 61
238 87
238 90
238 101
238 123
238 147
238 164
238 186
238 205
238 1431
238 1710
238 2086
238 4032
238 4481
238 4999
2492 2128
2492 2225
2492 2334
2492 2459
2492 2510
2492 2547
2492 2584
2492 2634
2492 2964
2492 4404
3490 689
3490 4217
3490 4319
3490 4369
3490 4382
3490 4388
14 202
14 2988
202 60
202 82
202 91
202 140
202 193
202 211
202 225
202 573
202 2054
202 2968
2988 417
2988 658
2988 687
2988 820
2988 1747
2988 1748
2988 1803
2988 2072
2988 2131
2988 2141
2988 2149
2988 2151
2988 2157
2988 2168
2988 2175
2988 2195
2988 2198
2988 2201
2988 2221
2988 2229
2988 2263
2988 2278
2988 2294
2988 2309
2988 2331
2988 2342
2988 2366
2988 2367
2988 2393
2988 2403
2988 2407
2988 2417
2988 2420
2988 2428
2988 2437
2988 2440
2988 2471
2988 2519
2988 2527
2988 2530
2988 2534
2988 2550
2988 2563
2988 2564
2988 2566
2988 2607
2988 2628
2988 2658
2988 2660
2988 2693
2988 2712
2988 2724
2988 2740
2988 2745
2988 2746
2988 2751
2988 2770
2988 2785
2988 2802
2988 2803
2988 2824
2988 2829
2988 2831
2988 2847
2988 2850
2988 2857
2988 2876
2988 2882
2988 2887
2988 2890
2988 2904
2988 2908
2988 2911
2988 2912
2988 2916
2988 2919
2988 2946
2988 2952
2988 2959
2988 2960
2988 2965
2988 2968
2988 2981
2988 2983
2988 2986
2988 3205
2988 3262
2988 3784
2988 4372
2988 4541
2988 4695
2988 4724
2988 4874
2988 4913
2988 4972
15 68
15 264
15 1754
15 1834
68 189
68 875
264 25
264 30
264 73
264 157
264 158
264 172
264 174
264 176
264 188
264 189
264 204
264 207
264 220
264 225
264 229
264 231
264 256
264 274
264 275
264 276
264 1049
264 1714
264 2027
264 2789
264 2906
264 2918
264 3672
264 4555
264 4582
1754 819
1754 826
1754 1108
1754 1170
1754 1221
1754 1227
1754 1288
1754 1310
1754 1431
1754 1542
1754 1577
1754 1598
1754 1600
1754 1609
1754 1612
1754 1615
1754 1616
1754 1625
1754 1651
1754 1678
1754 1698
1754 1701
1754 1707
1754 1712
1754 1723
1754 1748
1754 1763
1754 1778
1754 1784
1754 1793
1754 1800
1754 1823
1754 1835
1754 2322
1754 2345
1754 2397
1754 4280
1754 4571
1834 126
1834 304
1834 569
1834 1068
1834 1101
1834 1104
1834 1121
1834 1148
1834 1160
1834 1175
1834 1199
1834 1208
1834 1224
1834 1231
1834 1238
1834 1258
1834 1289
1834 1297
1834 1307
1834 1315
1834 1328
1834 1334
1834 1336
1834 1339
1834 1345
1834 1360
1834 1389
1834 1406
1834 1421
1834 1433
1834 1436
1834 1445
1834 1466
1834 1467
1834 1479
1834 1503
1834 1505
1834 1510
1834 1513
1834 1514
1834 1522
1834 1534
1834 1538
1834 1549
1834 1554
1834 1558
1834 1575
1834 1587
1834 1633
1834 1652
1834 1660
1834 1662
1834 1685
1834 1693
1834 1695
1834 1697
1834 1699
1834 1702
1834 1709
1834 1714
1834 1719
1834 1739
1834 1740
1834 1758
1834 1759
1834 1802
1834 1805
1834 1807
1834 1809
1834 1810
1834 1819
1834 1820
1834 1825
1834 1828
1834 1830
1834 1836
1834 2072
1834 2172
1834 2668
1834 2852
1834 2984
1834 2989
1834 3265
1834 3447
1834 3657
1834 3666
1834 4130
1834 4202
1834 4296
16 172
16 2417
16 3883
172 220
172 231
172 274
172 276
172 1531
172 2379
172 4250
2417 818
2417 2679
2417 2911
2417 2919
2417 2946
2417 2968
2417 2983
2417 2986
3883 221
3883 2978
3883 3821
3883 3931
3883 3952
3883 4035
3883 4054
3883 4138
3883 4143
3883 4169
17 149
17 159
17 233
17 2787
17 3344
149 159
149 194
149 211
149 233
149 2945
149 4201
149 4351
159 196
159 198
159 233
159 1369
159 2488
159 3900
233 27
233 66
233 76
233 102
233 108
233 139
233 181
233 194
233 281
233 806
233 1822
233 2751
233 2802
233 2982
233 3413
2787 1736
2787 1943
2787 2429
2787 2485
2787 2578
2787 2785
2787 2887
2787 2893
2787 2906
2787 2913
2787 2915
2787 2931
2787 2935
2787 2938
2787 2944
2787 2964
2787 2971
2787 2979
2787 2980
2787 2987
2787 2990
2787 3644
2787 4102
3344 3277
3344 3291
3344 3321
3344 3332
3344 3346
3344 3362
3344 3365
3344 3377
3344 3398
3344 3409
3344 3410
3344 3422
3344 3426
3344 3439
3344 3446
3344 3458
3344 4305
3344 4308
3344 4318
3344 4442
18 143
18 248
18 271
18 279
18 1645
143 156
143 211
143 261
143 544
143 2013
143 4684
248 19
248 81
248 212
248 234
248 247
248 253
248 255
248 261
248 263
248 267
248 271
248 272
248 277
248 279
248 286
248 287
248 405
248 830
248 2411
248 2701
248 3295
248 4045
271 38
271 41
271 57
271 100
271 131
271 139
271 151
271 158
271 161
271 162
271 165
271 168
271 171
271 183
271 193
271 212
271 230
271 235
271 237
271 241
271 247
271 255
271 256
271 261
271 262
271 263
271 267
271 269
271 272
271 277
271 279
271 281
271 286
271 287
271 979
271 999
271 1053
271 1398
271 2665
271 2782
271 3290
271 3380
271 4129
271 4814
279 20
279 67
279 72
279 95
279 96
279 100
279 105
279 117
279 126
279 127
279 129
279 130
279 134
279 135
279 138
279 146
279 152
279 165
279 185
279 197
279 212
279 230
279 234
279 237
279 241
279 247
279 249
279 253
279 255
279 261
279 262
279 263
279 269
279 275
279 277
279 281
279 286
279 287
279 1018
279 1831
279 1974
279 2323
279 2691
279 2778
279 2960
279 2990
279 3500
279 4181
279 4218
279 4569
279 4995
1645 1395
1645 1420
1645 1490
1645 1555
1645 1609
1645 1615
1645 1625
1645 1678
1645 1707
1645 1712
1645 1723
1645 1735
1645 1763
1645 1778
1645 1787
1645 1793
1645 1820
1645 2950
1645 3916
1645 4271
1645 4361
19 287
19 3685
19 4381
287 20
287 23
287 41
287 44
287 46
287 49
287 62
287 69
287 72
287 81
287 83
287 101
287 108
287 115
287 117
287 126
287 127
287 130
287 131
287 134
287 135
287 138
287 139
287 144
287 151
287 152
287 153
287 165
287 171
287 177
287 183
287 212
287 221
287 230
287 234
287 237
287 241
287 246
287 247
287 253
287 255
287 261
287 263
287 267
287 269
287 272
287 274
287 275
287 276
287 277
287 281
287 286
287 1062
287 1546
287 1695
287 2088
287 2094
287 2204
287 2639
287 2777
287 2814
287 3349
287 3410
287 3443
287 3479
287 4213
287 4612
287 4787
287 4942
3685 2759
3685 3483
3685 4372
3685 4374
3685 4390
3685 4391
3685 4396
3685 4401
4381 73
4381 563
4381 1405
4381 1832
4381 1836
4381 2021
4381 2662
4381 2816
4381 2833
4381 2851
4381 3010
4381 3335
4381 3469
4381 3487
4381 3511
4381 3575
4381 3606
4381 3700
4381 3755
4381 3778
4381 3781
4381 3785
4381 3787
4381 3804
4381 3806
4381 3818
4381 3852
4381 3860
4381 3863
4381 3918
4381 3976
4381 3994
4381 4003
4381 4017
4381 4020
4381 4031
4381 4037
4381 4045
4381 4046
4381 4053
4381 4095
4381 4096
4381 4098
4381 4115
4381 4126
4381 4154
4381 4167
4381 4174
4381 4177
4381 4229
4381 4239
4381 4243
4381 4250
4381 4264
4381 4268
4381 4287
4381 4288
4381 4290
4381 4294
4381 4301
4381 4317
4381 4330
4381 4337
4381 4339
4381 4343
4381 4347
4381 4356
4381 4360
4381 4373
4381 4376
4381 4380
4381 4387
4381 4394
4381 4399
4381 4400
4381 4403
4381 4404
4381 4706
4381 4723
4381 4989
20 78
20 1639
78 256
78 275
78 1439
78 3423
1639 1355
1639 1424
1639 1603
1639 1621
1639 1706
1639 1738
1639 1744
1639 1765
1639 1785
1639 1788
1639 1797
1639 1809
1639 1814
1639 1825
1639 1831
1639 1833
1639 1835
1639 2930
1639 3530
1639 3713
21 125
21 142
21 145
21 216
21 226
21 2231
125 29
125 113
125 124
125 167
125 190
125 206
125 2957
125 3445
142 33
142 274
142 275
142 276
142 2456
142 4702
145 55
145 96
145 141
145 155
145 176
145 187
145 216
145 226
145 2100
145 2901
216 32
216 47
216 55
216 89
216 94
216 106
216 124
216 155
216 167
216 187
216 192
216 206
216 226
216 974
216 3439
216 4597
216 4983
226 29
226 32
226 47
226 55
226 89
226 92
226 94
226 96
226 106
226 113
226 116
226 155
226 167
226 187
226 212
226 529
226 1774
226 2721
226 3230
226 4344
2231 2240
2231 2778
2231 2958
2231 2972
2231 2977
2231 4327
22 112
22 275
22 4123
112 132
112 206
112 1786
112 3928
275 30
275 38
275 71
275 77
275 88
275 98
275 157
275 162
275 169
275 174
275 176
275 180
275 188
275 189
275 192
275 201
275 204
275 207
275 219
275 220
275 225
275 229
275 231
275 245
275 256
275 269
275 274
275 276
275 619
275 813
275 1598
275 2577
275 2712
275 2911
275 3314
275 3427
275 3809
275 4728
275 4903
4123 1828
4123 3397
4123 4283
4123 4344
4123 4350
4123 4352
4123 4361
4123 4370
4123 4371
4123 4372
4123 4374
4123 4378
4123 4385
4123 4390
4123 4391
4123 4396
4123 4401
4123 4850
23 263
23 286
23 1810
263 52
263 85
263 122
263 134
263 144
263 177
263 212
263 230
263 234
263 237
263 241
263 243
263 253
263 255
263 261
263 262
263 267
263 269
263 272
263 277
263 281
263 286
263 826
263 827
263 1025
263 2097
263 2889
263 4355
263 4390
263 4396
286 38
286 41
286 43
286 46
286 62
286 69
286 83
286 101
286 107
286 115
286 118
286 122
286 130
286 132
286 134
286 135
286 139
286 146
286 152
286 156
286 158
286 161
286 167
286 168
286 169
286 171
286 177
286 183
286 185
286 197
286 212
286 221
286 230
286 234
286 237
286 247
286 253
286 255
286 261
286 262
286 267
286 269
286 272
286 277
286 281
286 1144
286 1640
286 1651
286 1734
286 1794
286 1963
286 1994
286 2864
286 2882
286 2901
286 2956
286 3399
286 3902
286 3960
286 4332
1810 816
1810 1001
1810 1158
1810 1181
1810 1188
1810 1232
1810 1242
1810 1259
1810 1291
1810 1296
1810 1323
1810 1329
1810 1353
1810 1373
1810 1386
1810 1390
1810 1419
1810 1424
1810 1468
1810 1501
1810 1547
1810 1551
1810 1565
1810 1570
1810 1596
1810 1611
1810 1622
1810 1624
1810 1630
1810 1643
1810 1647
1810 1667
1810 1678
1810 1711
1810 1716
1810 1721
1810 1724
1810 1731
1810 1733
1810 1768
1810 1776
1810 1779
1810 1789
1810 1790
1810 1792
1810 1803
1810 1807
1810 1812
1810 1815
1810 1817
1810 1821
1810 1823
1810 1824
1810 1827
1810 1829
1810 2154
1810 2466
1810 3425
1810 3457
1810 3816
1810 3949
1810 4305
1810 4351
1810 4374
1810 4461
1810 4875
24 76
24 132
24 581
76 132
76 194
76 196
76 1681
76 4133
132 196
132 511
132 990
132 2738
581 738
581 753
581 761
581 770
581 812
581 820
25 154
25 1407
154 170
154 195
154 199
154 209
154 246
154 249
154 250
154 2080
154 2460
1407 1428
1407 1812
1407 1815
1407 1817
1407 1823
1407 1824
1407 1827
1407 1829
1407 4766
26 2884
26 3285
2884 88
2884 634
2884 982
2884 2142
2884 2186
2884 2190
2884 2289
2884 2303
2884 2323
2884 2384
2884 2401
2884 2476
2884 2477
2884 2487
2884 2494
2884 2633
2884 2665
2884 2671
2884 2676
2884 2698
2884 2776
2884 2788
2884 2801
2884 2811
2884 2818
2884 2825
2884 2839
2884 2860
2884 2862
2884 2891
2884 2940
2884 2969
2884 4228
2884 4921
3285 807
3285 3053
3285 3341
3285 3358
3285 3390
3285 3414
3285 3419
3285 3430
3285 3431
3285 3432
3285 3444
3285 3447
3285 3449
3285 3458
3285 4143
27 518
27 3672
518 369
518 370
518 371
518 378
518 380
518 403
518 441
518 467
518 486
518 493
518 516
518 528
518 532
518 540
518 542
518 543
518 544
518 565
518 711
518 723
518 4006
518 4079
3672 3675
3672 3886
3672 3945
3672 4108
3672 4176
3672 4333
28 235
28 246
28 250
28 261
28 792
235 57
235 77
235 79
235 121
235 129
235 163
235 170
235 179
235 198
235 199
235 200
235 209
235 222
235 228
235 243
235 246
235 249
235 250
235 1353
235 1740
235 3446
235 4931
235 4990
246 84
246 104
246 137
246 160
246 163
246 170
246 179
246 182
246 195
246 198
246 199
246 209
246 222
246 228
246 243
246 249
246 250
246 262
246 2054
246 2882
246 2919
246 3458
246 4365
246 4963
250 40
250 61
250 82
250 84
250 86
250 88
250 137
250 160
250 163
250 170
250 179
250 195
250 198
250 200
250 209
250 222
250 228
250 243
250 249
250 1709
250 1814
250 1818
250 3802
250 4289
250 4393
250 4992
261 43
261 105
261 118
261 131
261 153
261 165
261 190
261 221
261 230
261 237
261 247
261 253
261 255
261 267
261 269
261 272
261 277
261 281
261 528
261 529
261 2242
261 2614
261 2983
261 3542
261 4394
261 4513
792 611
792 621
792 628
792 655
792 697
792 718
792 737
792 749
792 763
792 768
792 774
792 782
792 783
792 785
792 787
792 789
792 790
792 791
792 799
792 800
792 802
792 808
792 809
792 811
792 813
792 814
792 815
792 816
792 824
792 1197
792 1714
792 4174
792 4183
792 4559
792 4945
29 55
29 167
29 1586
29 4399
55 47
55 94
55 206
55 1599
167 96
167 106
167 124
167 141
167 190
167 206
167 1038
167 3652
1586 556
1586 575
1586 1118
1586 1163
1586 1189
1586 1317
1586 1343
1586 1462
1586 1489
1586 1515
1586 1528
1586 1537
1586 1600
1586 1691
1586 1720
1586 1749
4399 161
4399 195
4399 310
4399 807
4399 813
4399 1750
4399 1801
4399 1946
4399 2059
4399 2400
4399 2444
4399 2644
4399 2836
4399 3381
4399 3407
4399 3450
4399 3463
4399 3464
4399 3467
4399 3499
4399 3505
4399 3536
4399 3582
4399 3589
4399 3607
4399 3643
4399 3679
4399 3715
4399 3723
4399 3735
4399 3736
4399 3760
4399 3784
4399 3797
4399 3808
4399 3817
4399 3867
4399 3901
4399 3907
4399 3932
4399 3962
4399 3973
4399 3982
4399 3985
4399 3993
4399 4011
4399 4032
4399 4033
4399 4040
4399 4105
4399 4109
4399 4140
4399 4144
4399 4150
4399 4153
4399 4165
4399 4170
4399 4179
4399 4182
4399 4187
4399 4201
4399 4210
4399 4221
4399 4224
4399 4237
4399 4246
4399 4255
4399 4256
4399 4257
4399 4258
4399 4269
4399 4281
4399 4282
4399 4284
4399 4299
4399 4310
4399 4311
4399 4319
4399 4349
4399 4354
4399 4359
4399 4368
4399 4373
4399 4375
4399 4379
4399 4392
4399 4393
4399 4398
30 102
30 276
30 1093
102 196
102 2702
102 4390
276 31
276 44
276 71
276 85
276 88
276 136
276 147
276 157
276 162
276 169
276 174
276 176
276 180
276 188
276 189
276 201
276 207
276 212
276 219
276 220
276 225
276 229
276 231
276 234
276 245
276 256
276 267
276 274
276 741
276 1391
276 2050
276 2065
276 2308
276 2427
276 3332
276 3430
276 3910
276 4339
276 4979
1093 1727
1093 1803
1093 1816
1093 1818
1093 1828
1093 4702
31 118
31 220
31 2955
118 277
118 366
118 4308
220 219
220 225
220 229
220 241
220 245
220 262
220 274
220 2908
220 3361
220 4107
220 4928
2955 318
2955 467
2955 896
2955 1782
2955 1793
2955 1825
2955 2108
2955 2121
2955 2173
2955 2200
2955 2249
2955 2297
2955 2362
2955 2392
2955 2402
2955 2447
2955 2479
2955 2509
2955 2524
2955 2555
2955 2565
2955 2575
2955 2579
2955 2589
2955 2591
2955 2653
2955 2719
2955 2752
2955 2767
2955 2773
2955 2778
2955 2779
2955 2780
2955 2783
2955 2793
2955 2794
2955 2796
2955 2805
2955 2841
2955 2855
2955 2873
2955 2902
2955 2905
2955 2910
2955 2923
2955 2932
2955 2942
2955 2961
2955 2969
2955 2970
2955 2975
2955 2982
2955 2989
2955 4730
2955 4987
2955 4989
2955 4999
32 187
32 206
32 255
32 2721
187 48
187 94
187 106
187 113
187 116
187 141
187 190
187 277
187 1801
187 2814
187 3335
206 48
206 89
206 113
206 116
206 124
206 141
206 155
206 190
206 229
206 761
206 3775
206 4330
206 4688
255 197
255 212
255 221
255 230
255 241
255 247
255 253
255 256
255 262
255 267
255 269
255 272
255 277
255 281
255 1701
255 1832
255 2686
255 3728
255 4314
255 4400
255 4725
2721 922
2721 2136
2721 2317
2721 2324
2721 2516
2721 2587
2721 2832
2721 2886
2721 2895
2721 2901
2721 2918
2721 2929
2721 2949
2721 2950
2721 2953
2721 2979
2721 3455
33 140
33 4368
140 109
140 168
140 193
140 1279
140 4245
4368 725
4368 1070
4368 1591
4368 1675
4368 1776
4368 1922
4368 2015
4368 2325
4368 2510
4368 3430
4368 3582
4368 3722
4368 3736
4368 3851
4368 3867
4368 3901
4368 3907
4368 3932
4368 3962
4368 3973
4368 3993
4368 4032
4368 4033
4368 4068
4368 4105
4368 4109
4368 4140
4368 4144
4368 4150
4368 4153
4368 4165
4368 4170
4368 4179
4368 4187
4368 4201
4368 4210
4368 4221
4368 4224
4368 4237
4368 4246
4368 4255
4368 4256
4368 4257
4368 4258
4368 4281
4368 4282
4368 4284
4368 4310
4368 4311
4368 4315
4368 4316
4368 4349
4368 4354
4368 4359
4368 4363
4368 4373
4368 4375
4368 4379
4368 4382
4368 4392
4368 4393
4368 4398
4368 4609
4368 4714
34 205
34 1657
34 4400
205 50
205 74
205 83
205 104
205 123
205 161
205 164
205 186
205 678
205 797
205 2940
205 4229
1657 895
1657 1113
1657 1332
1657 1511
1657 1629
1657 1635
1657 1669
1657 1689
1657 1727
1657 1737
1657 1746
1657 1762
1657 1783
1657 1799
1657 1801
1657 1803
1657 1816
1657 1818
1657 3174
1657 3664
1657 3724
4400 363
4400 469
4400 729
4400 1229
4400 1326
4400 1637
4400 1850
4400 2090
4400 2091
4400 2793
4400 2898
4400 2968
4400 2971
4400 3225
4400 3377
4400 3470
4400 3496
4400 3508
4400 3511
4400 3514
4400 3522
4400 3555
4400 3585
4400 3606
4400 3618
4400 3669
4400 3687
4400 3700
4400 3707
4400 3755
4400 3764
4400 3778
4400 3806
4400 3852
4400 3860
4400 3884
4400 3898
4400 3911
4400 3915
4400 3916
4400 3918
4400 3930
4400 3948
4400 3976
4400 3998
4400 3999
4400 4003
4400 4017
4400 4020
4400 4031
4400 4037
4400 4053
4400 4056
4400 4082
4400 4092
4400 4095
4400 4098
4400 4126
4400 4131
4400 4148
4400 4154
4400 4167
4400 4174
4400 4229
4400 4234
4400 4239
4400 4243
4400 4250
4400 4252
4400 4256
4400 4268
4400 4285
4400 4287
4400 4288
4400 4289
4400 4294
4400 4330
4400 4337
4400 4339
4400 4351
4400 4355
4400 4356
4400 4360
4400 4364
4400 4367
4400 4376
4400 4380
4400 4387
4400 4394
4400 4403
4400 4404
4400 4502
4400 4995
104 164
104 3050
104 4248
126 269
126 277
126 1666
126 3371
2930 499
2930 1426
2930 1482
2930 2119
2930 2259
2930 2346
2930 2365
2930 2431
2930 2498
2930 2502
2930 2577
2930 2590
2930 2618
2930 2637
2930 2645
2930 2655
2930 2659
2930 2722
2930 2762
2930 2789
2930 2810
2930 2828
2930 2830
2930 2835
2930 2856
2930 2864
2930 2870
2930 2874
2930 2875
2930 2907
2930 2915
2930 2917
2930 2943
2930 2953
2930 2958
2930 2962
2930 2965
2930 2966
2930 2972
2930 2973
2930 2974
2930 2977
2930 3327
2930 3432
2930 3525
2930 3977
2930 4077
36 147
36 272
36 281
36 908
147 39
147 61
147 123
147 557
147 2014
272 52
272 90
272 95
272 100
272 101
272 106
272 117
272 122
272 130
272 134
272 153
272 161
272 165
272 185
272 186
272 230
272 234
272 237
272 241
272 245
272 247
272 253
272 262
272 267
272 269
272 281
272 382
272 1046
272 3261
272 3769
272 4126
272 4307
272 4378
272 4721
272 4818
272 4937
272 4938
281 38
281 49
281 59
281 95
281 107
281 115
281 117
281 122
281 131
281 134
281 146
281 151
281 161
281 168
281 171
281 177
281 197
281 200
281 209
281 212
281 221
281 230
281 234
281 237
281 241
281 247
281 253
281 262
281 267
281 269
281 277
281 571
281 993
281 1819
281 2040
281 2088
281 2808
281 3247
281 4201
281 4403
281 4404
281 4727
281 4729
281 4964
908 957
908 1030
908 1038
908 1039
908 1058
908 1073
908 1076
908 3829
37 219
37 274
37 538
219 188
219 192
219 225
219 231
219 256
219 267
219 269
219 274
219 1185
219 1743
219 1813
219 2125
274 44
274 67
274 73
274 77
274 98
274 123
274 136
274 157
274 162
274 169
274 171
274 174
274 176
274 183
274 188
274 189
274 204
274 207
274 225
274 229
274 231
274 245
274 256
274 471
274 1157
274 1449
274 2462
274 2729
274 2876
274 3256
274 3427
274 3438
274 3922
274 4395
538 308
538 327
538 363
538 372
538 374
538 376
538 377
538 390
538 394
538 440
538 450
538 453
538 473
538 475
538 485
538 503
538 521
538 526
538 533
538 534
538 545
538 552
538 556
538 562
538 2093
538 2120
538 3787
538 4568
538 4971
38 494
494 508
494 509
494 530
494 539
494 546
494 549
494 558
494 567
494 569
494 570
494 571
494 573
494 574
494 575
494 1209
494 2904
494 4945
39 237
39 1364
39 2394
237 211
237 221
237 234
237 241
237 247
237 262
237 267
237 269
237 763
237 2658
237 2923
237 4321
237 4364
1364 1130
1364 1262
1364 1610
1364 1662
1364 1668
1364 1703
1364 1726
1364 1735
1364 2954
2394 1768
2394 2559
2394 2702
2394 2725
2394 2731
2394 2743
2394 2853
2394 2858
40 209
40 228
40 249
40 3975
209 129
209 135
209 137
209 160
209 163
209 182
209 228
209 243
209 2082
209 2989
209 3173
209 4996
228 163
228 170
228 179
228 182
228 195
228 198
228 199
228 222
228 243
228 249
228 269
228 1000
228 2673
228 3444
228 4282
228 4563
249 84
249 103
249 129
249 137
249 160
249 179
249 182
249 195
249 198
249 199
249 200
249 222
249 231
249 243
249 441
249 917
249 3438
249 3507
249 4350
249 4380
3975 1555
3975 2973
3975 3737
3975 3820
3975 4121
3975 4191
3975 4192
3975 4248
3975 4251
3975 4270
3975 4274
3975 4277
3975 4279
41 571
571 305
571 308
571 312
571 323
571 332
571 339
571 350
571 352
571 358
571 362
571 365
571 391
571 398
571 407
571 411
571 413
571 416
571 418
571 422
571 437
571 438
571 446
571 451
571 462
571 465
571 471
571 480
571 492
571 496
571 497
571 501
571 505
571 508
571 509
571 511
571 515
571 525
571 527
571 530
571 531
571 535
571 537
571 539
571 543
571 546
571 548
571 549
571 551
571 553
571 554
571 555
571 557
571 558
571 560
571 561
571 563
571 567
571 569
571 570
571 573
571 574
571 575
571 1711
571 1844
571 2768
571 2915
571 3221
571 3712
571 3807
571 4036
571 4199
571 4308
571 4546
571 4602
571 4705
42 105
42 946
42 2936
105 269
105 277
105 1296
105 2100
946 897
946 964
946 1018
946 1029
946 1040
946 1043
946 1058
946 1059
946 1075
946 1672
946 1696
2936 1651
2936 1745
2936 1747
2936 1875
2936 2262
2936 2268
2936 2276
2936 2281
2936 2287
2936 2291
2936 2308
2936 2316
2936 2333
2936 2396
2936 2413
2936 2449
2936 2490
2936 2505
2936 2542
2936 2559
2936 2604
2936 2624
2936 2625
2936 2631
2936 2667
2936 2668
2936 2696
2936 2708
2936 2709
2936 2715
2936 2791
2936 2804
2936 2819
2936 2823
2936 2827
2936 2855
2936 2877
2936 2878
2936 2879
2936 2892
2936 2894
2936 2909
2936 2934
2936 2982
2936 3384
2936 3610
2936 3807
2936 4018
2936 4387
2936 4986
43 97
43 1012
97 204
97 3389
97 4235
1012 139
1012 859
1012 893
1012 921
1012 951
1012 989
1012 1010
1012 1015
1012 1023
1012 1034
1012 1038
1012 1060
1012 1064
1012 1067
1012 1068
1012 1074
1012 1080
1012 2023
1012 4984
44 401
44 2324
401 309
401 319
401 356
401 467
401 532
401 540
401 544
401 570
401 2934
2324 341
2324 2837
2324 2848
2324 2876
2324 2898
2324 2939
2324 2953
45 54
45 124
45 1823
54 4672
124 51
124 116
124 190
124 1785
124 3398
1823 243
1823 253
1823 768
1823 1078
1823 1081
1823 1102
1823 1181
1823 1188
1823 1216
1823 1218
1823 1232
1823 1291
1823 1296
1823 1318
1823 1321
1823 1322
1823 1323
1823 1329
1823 1346
1823 1353
1823 1365
1823 1400
1823 1419
1823 1468
1823 1494
1823 1501
1823 1547
1823 1551
1823 1559
1823 1565
1823 1570
1823 1596
1823 1605
1823 1611
1823 1622
1823 1624
1823 1627
1823 1630
1823 1643
1823 1647
1823 1667
1823 1711
1823 1716
1823 1721
1823 1724
1823 1731
1823 1733
1823 1768
1823 1769
1823 1779
1823 1784
1823 1789
1823 1790
1823 1792
1823 1812
1823 1815
1823 1817
1823 1821
1823 1824
1823 1827
1823 1829
1823 1831
1823 1832
1823 2171
1823 2468
1823 2532
1823 2770
1823 2818
1823 2927
1823 2980
1823 3090
1823 3442
46 74
46 758
46 4969
74 164
74 186
74 3435
74 4395
758 579
758 689
758 697
758 782
758 785
758 789
758 790
758 800
758 802
758 809
758 814
758 815
758 816
758 824
758 826
758 3621
758 4364
758 4595
4969 775
4969 1177
4969 3389
4969 3409
4969 3906
4969 4335
4969 4733
4969 4737
4969 4738
4969 4742
4969 4743
4969 4749
4969 4758
4969 4765
4969 4773
4969 4778
4969 4798
4969 4800
4969 4811
4969 4830
4969 4833
4969 4853
4969 4855
4969 4858
4969 4873
4969 4900
4969 4914
4969 4941
4969 4950
4969 4963
4969 4966
4969 4971
4969 4976
4969 4986
4969 4989
4969 4990
47 51
47 2161
47 4956
51 113
51 190
51 2224
51 4071
2161 2749
2161 2780
2161 2932
2161 2942
2161 2947
2161 2961
4956 1632
4956 2517
4956 2830
4956 3442
4956 4769
4956 4856
4956 4912
4956 4919
4956 4940
4956 4948
4956 4954
4956 4981
4956 4983
4956 4984
4956 4986
4956 4987
4956 4988
4956 4989
4956 4990
4956 4991
4956 4993
4956 4994
4956 4995
4956 4997
4956 4998
4956 4999
48 96
48 141
48 973
48 2625
96 89
96 113
96 4699
141 59
141 106
141 155
141 190
141 1372
141 3676
973 653
973 742
973 844
973 871
973 955
973 980
973 981
973 990
973 1024
973 1036
973 1054
973 1070
973 1072
973 1078
2625 575
2625 1564
2625 2333
2625 2668
2625 2726
2625 2747
2625 2791
2625 2819
2625 2877
2625 2878
2625 2892
2625 2894
2625 2909
49 262
49 1675
49 3454
262 101
262 131
262 152
262 177
262 183
262 212
262 221
262 230
262 234
262 253
262 267
262 269
262 277
262 1019
262 3142
262 3272
262 4274
262 4289
262 4296
262 4549
262 4740
1675 1110
1675 1256
1675 1287
1675 1340
1675 1363
1675 1422
1675 1502
1675 1563
1675 1568
1675 1610
1675 1637
1675 1668
1675 1703
1675 1704
1675 1707
1675 1726
1675 1735
1675 1743
1675 1782
1675 3032
1675 4392
1675 4608
3454 1622
3454 1641
3454 1838
3454 2084
3454 2149
3454 2378
3454 2716
3454 2949
3454 2979
3454 2995
3454 3031
3454 3033
3454 3045
3454 3052
3454 3057
3454 3059
3454 3063
3454 3068
3454 3071
3454 3083
3454 3103
3454 3121
3454 3128
3454 3137
3454 3153
3454 3154
3454 3168
3454 3169
3454 3177
3454 3179
3454 3183
3454 3230
3454 3234
3454 3243
3454 3246
3454 3264
3454 3271
3454 3273
3454 3275
3454 3286
3454 3289
3454 3307
3454 3309
3454 3315
3454 3319
3454 3323
3454 3327
3454 3328
3454 3335
3454 3337
3454 3358
3454 3371
3454 3376
3454 3385
3454 3388
3454 3390
3454 3392
3454 3412
3454 3414
3454 3419
3454 3430
3454 3431
3454 3432
3454 3434
3454 3436
3454 3444
3454 3446
3454 3447
3454 3449
3454 3459
3454 3460
3454 4701
3454 4844
3454 4921
3454 4947
50 58
50 826
50 4363
58 90
58 225
58 779
826 319
826 369
826 580
826 588
826 597
826 606
826 612
826 614
826 615
826 617
826 620
826 629
826 635
826 636
826 648
826 658
826 671
826 679
826 684
826 685
826 688
826 692
826 700
826 703
826 706
826 710
826 711
826 721
826 735
826 739
826 745
826 749
826 755
826 759
826 760
826 766
826 767
826 771
826 772
826 774
826 778
826 779
826 780
826 784
826 788
826 793
826 794
826 796
826 801
826 805
826 807
826 809
826 810
826 811
826 813
826 817
826 818
826 820
826 821
826 822
826 825
826 827
826 828
826 829
826 830
826 1030
826 1079
826 1765
826 1818
826 1824
826 1971
826 2660
826 2952
826 3103
826 3257
826 4725
4363 717
4363 1074
4363 1448
4363 1616
4363 1692
4363 2309
4363 2843
4363 3391
4363 3546
4363 3596
4363 3623
4363 3629
4363 3654
4363 3688
4363 3709
4363 3722
4363 3727
4363 3753
4363 3763
4363 3773
4363 3788
4363 3812
4363 3813
4363 3874
4363 3938
4363 3951
4363 3981
4363 3989
4363 4019
4363 4048
4363 4050
4363 4056
4363 4064
4363 4073
4363 4118
4363 4153
4363 4155
4363 4168
4363 4195
4363 4196
4363 4214
4363 4220
4363 4225
4363 4227
4363 4269
4363 4275
4363 4287
4363 4320
4363 4322
4363 4331
4363 4334
4363 4336
4363 4340
4363 4358
4363 4367
4363 4397
4363 4943
4363 4955
113 136
113 3313
113 4408
190 89
190 116
190 689
190 1127
190 2358
190 2817
2224 2846
2224 2927
2224 2941
2224 2945
2224 2948
2224 2985
4071 824
4071 1077
4071 3542
4071 3573
4071 3706
4071 3710
4071 3743
4071 3968
4071 4067
4071 4129
4071 4202
4071 4211
4071 4261
4071 4326
4071 4348
4071 4997
52 277
52 813
52 2879
277 75
277 99
277 117
277 127
277 131
277 138
277 144
277 152
277 158
277 165
277 171
277 181
277 185
277 194
277 197
277 221
277 230
277 234
277 241
277 247
277 253
277 267
277 269
277 812
277 1295
277 1653
277 1774
277 1795
277 2157
277 2828
277 3458
277 3966
277 4710
277 4722
813 230
813 577
813 594
813 606
813 629
813 703
813 711
813 721
813 727
813 735
813 745
813 760
813 762
813 766
813 767
813 771
813 772
813 774
813 779
813 780
813 784
813 788
813 793
813 794
813 796
813 801
813 804
813 805
813 807
813 810
813 811
813 817
813 818
813 820
813 821
813 822
813 823
813 825
813 827
813 828
813 829
813 830
813 2079
813 2874
813 3431
813 4217
813 4379
813 4845
813 4894
2879 573
2879 804
2879 950
2879 2287
2879 2291
2879 2293
2879 2339
2879 2358
2879 2490
2879 2496
2879 2504
2879 2505
2879 2592
2879 2667
2879 2668
2879 2696
2879 2709
2879 2715
2879 2774
2879 2791
2879 2804
2879 2823
2879 2877
2879 2878
2879 2892
2879 2894
2879 2909
2879 2914
2879 2934
2879 2963
2879 4090
2879 4510
2879 4626
53 211
53 3582
211 80
211 93
211 109
211 120
211 156
211 1412
211 4032
211 4236
211 4716
3582 1522
3582 3921
3582 4392
3582 4398
4672 971
4672 1052
4672 1226
4672 4375
4672 4447
4672 4576
4672 4600
4672 4657
4672 4670
4672 4675
4672 4679
4672 4685
4672 4686
4672 4689
4672 4691
4672 4695
4672 4697
4672 4700
4672 4702
4672 4703
4672 4708
4672 4713
4672 4715
4672 4716
4672 4718
4672 4720
4672 4727
4672 4990
94 89
94 155
94 1244
94 2062
1599 781
1599 1401
1599 1560
1599 1626
1599 1672
1599 1676
1599 1725
1599 1742
1599 1755
1599 1773
1599 1774
1599 1795
1599 1800
1599 1802
1599 1814
1599 2947
56 4291
56 4833
4291 2512
4291 2655
4291 3347
4291 3571
4291 3637
4291 3712
4291 3724
4291 3840
4291 3871
4291 3876
4291 3889
4291 3969
4291 3977
4291 3978
4291 3986
4291 4022
4291 4028
4291 4100
4291 4117
4291 4124
4291 4135
4291 4205
4291 4228
4291 4247
4291 4253
4291 4263
4291 4276
4291 4280
4291 4285
4291 4298
4291 4332
4291 4343
4291 4346
4291 4362
4291 4374
4291 4697
4291 4952
4291 4990
4833 4269
4833 4853
4833 4875
4833 4950
4833 4963
4833 4966
4833 4971
4833 4976
57 182
57 222
57 2075
57 2972
182 79
182 121
182 198
182 222
182 2491
182 2900
182 3455
222 86
222 99
222 121
222 160
222 163
222 170
222 195
222 198
222 200
222 243
222 2926
222 4211
222 4344
222 4369
2075 546
2075 1462
2075 1804
2075 1837
2075 1847
2075 1856
2075 1875
2075 1876
2075 1901
2075 1905
2075 1952
2075 1961
2075 1993
2075 1997
2075 1999
2075 2007
2075 2013
2075 2018
2075 2023
2075 2031
2075 2040
2075 2045
2075 2048
2075 2049
2075 2056
2075 2061
2075 2065
2075 2068
2075 2078
2075 2080
2075 2084
2075 2087
2075 2088
2075 2091
2075 2093
2075 2099
2075 2100
2075 2569
2075 3429
2075 3856
2075 4960
2972 162
2972 365
2972 483
2972 543
2972 1073
2972 1460
2972 1687
2972 1750
2972 1818
2972 2050
2972 2105
2972 2122
2972 2153
2972 2227
2972 2295
2972 2303
2972 2316
2972 2325
2972 2327
2972 2346
2972 2357
2972 2368
2972 2398
2972 2424
2972 2464
2972 2498
2972 2504
2972 2542
2972 2577
2972 2590
2972 2606
2972 2615
2972 2618
2972 2620
2972 2637
2972 2645
2972 2654
2972 2659
2972 2722
2972 2732
2972 2735
2972 2762
2972 2789
2972 2810
2972 2811
2972 2828
2972 2830
2972 2835
2972 2856
2972 2860
2972 2870
2972 2872
2972 2874
2972 2885
2972 2907
2972 2908
2972 2917
2972 2943
2972 2958
2972 2962
2972 2966
2972 2973
2972 2974
2972 2977
2972 3362
2972 4156
2972 4386
90 186
90 2096
225 207
225 256
225 543
225 3453
225 4534
225 4626
225 4977
779 598
779 770
779 793
779 794
779 796
779 801
779 803
779 805
779 807
779 810
779 811
779 817
779 818
779 820
779 821
779 822
779 825
779 827
779 828
779 829
779 830
779 2054
779 2651
779 4345
779 4351
59 267
59 574
59 1799
267 135
267 138
267 144
267 158
267 183
267 185
267 221
267 230
267 234
267 241
267 247
267 253
267 269
267 679
267 1791
267 2441
267 3731
267 3864
267 4099
267 4317
267 4603
267 4697
574 295
574 305
574 306
574 308
574 322
574 323
574 332
574 339
574 342
574 345
574 354
574 355
574 356
574 358
574 362
574 365
574 366
574 376
574 383
574 393
574 398
574 404
574 407
574 413
574 416
574 418
574 422
574 426
574 431
574 437
574 438
574 444
574 446
574 451
574 452
574 454
574 462
574 468
574 471
574 476
574 483
574 484
574 496
574 497
574 513
574 515
574 517
574 520
574 523
574 526
574 527
574 530
574 531
574 535
574 537
574 543
574 546
574 548
574 553
574 556
574 557
574 558
574 560
574 563
574 564
574 565
574 567
574 569
574 570
574 573
574 575
574 790
574 1031
574 1067
574 1215
574 1634
574 1647
574 1780
574 2085
574 2670
574 2779
574 2857
574 3425
574 3428
574 4253
574 4340
574 4395
574 4674
574 4937
1799 572
1799 819
1799 1082
1799 1146
1799 1147
1799 1184
1799 1197
1799 1210
1799 1212
1799 1225
1799 1230
1799 1294
1799 1302
1799 1306
1799 1314
1799 1320
1799 1366
1799 1370
1799 1425
1799 1432
1799 1460
1799 1476
1799 1499
1799 1511
1799 1543
1799 1564
1799 1590
1799 1610
1799 1617
1799 1627
1799 1629
1799 1632
1799 1635
1799 1669
1799 1689
1799 1715
1799 1727
1799 1733
1799 1737
1799 1746
1799 1749
1799 1762
1799 1783
1799 1793
1799 1801
1799 1803
1799 1814
1799 1818
1799 1833
1799 2094
1799 2181
1799 2866
1799 2971
1799 3100
1799 3351
1799 3353
1799 4063
1799 4997
60 156
60 2933
156 3790
156 4066
2933 472
2933 568
2933 1741
2933 1758
2933 2112
2933 2127
2933 2191
2933 2214
2933 2220
2933 2237
2933 2321
2933 2326
2933 2328
2933 2373
2933 2405
2933 2410
2933 2426
2933 2442
2933 2486
2933 2517
2933 2533
2933 2549
2933 2554
2933 2588
2933 2597
2933 2626
2933 2643
2933 2644
2933 2649
2933 2656
2933 2669
2933 2672
2933 2687
2933 2727
2933 2769
2933 2772
2933 2797
2933 2800
2933 2836
2933 2875
2933 2880
2933 2897
2933 2903
2933 2951
2933 3492
2933 3553
2933 3776
2933 4320
61 1338
1338 1464
1338 1730
1338 1742
1338 1786
1338 1794
1338 1811
1338 1822
1338 2020
62 1039
62 2629
1039 832
1039 839
1039 855
1039 891
1039 892
1039 958
1039 961
1039 962
1039 965
1039 970
1039 986
1039 1017
1039 1030
1039 1032
1039 1033
1039 1038
1039 1049
1039 1058
1039 1062
1039 1066
1039 1073
1039 1076
1039 2048
1039 2797
1039 4027
1039 4967
2629 737
2629 2049
2629 2518
2629 2558
2629 2613
2629 2714
2629 2718
2629 2729
2629 2771
2629 2786
2629 2868
2629 2883
2629 2899
2629 2900
568 291
568 292
568 311
568 317
568 318
568 321
568 324
568 329
568 335
568 337
568 340
568 341
568 344
568 346
568 357
568 388
568 409
568 410
568 412
568 415
568 417
568 423
568 425
568 427
568 429
568 430
568 431
568 433
568 435
568 440
568 443
568 457
568 458
568 459
568 460
568 469
568 480
568 481
568 482
568 489
568 491
568 500
568 501
568 502
568 510
568 514
568 524
568 528
568 535
568 539
568 547
568 550
568 555
568 561
568 562
568 564
568 566
568 569
568 572
568 746
568 1734
568 1812
568 2060
568 2560
568 2967
568 3878
568 4212
568 4325
568 4393
568 4520
568 4718
568 4967
2872 854
2872 2365
2872 2464
2872 2504
2872 2545
2872 2577
2872 2618
2872 2620
2872 2654
2872 2756
2872 2762
2872 2789
2872 2806
2872 2810
2872 2811
2872 2828
2872 2833
2872 2835
2872 2856
2872 2870
2872 2906
2872 2907
2872 2917
2872 2958
2872 2962
2872 2966
2872 2974
2872 2977
2872 3289
2872 3546
2872 4023
2872 4281
2872 4287
64 75
64 883
64 3629
75 269
75 1991
75 4378
883 931
883 1011
883 1049
883 1058
883 1073
883 1076
883 3289
3629 3906
3629 4320
3629 4331
3629 4336
3629 4380
3629 4566
65 181
65 196
65 1829
65 2069
181 108
181 148
181 194
181 196
181 1806
181 2806
181 4055
196 95
196 108
196 174
196 1835
196 2965
196 4072
1829 918
1829 1102
1829 1111
1829 1133
1829 1169
1829 1172
1829 1181
1829 1188
1829 1213
1829 1216
1829 1218
1829 1242
1829 1259
1829 1280
1829 1321
1829 1322
1829 1323
1829 1329
1829 1346
1829 1353
1829 1373
1829 1400
1829 1419
1829 1424
1829 1468
1829 1494
1829 1501
1829 1507
1829 1547
1829 1551
1829 1565
1829 1570
1829 1588
1829 1596
1829 1605
1829 1611
1829 1620
1829 1622
1829 1624
1829 1630
1829 1641
1829 1643
1829 1647
1829 1667
1829 1711
1829 1716
1829 1721
1829 1724
1829 1731
1829 1733
1829 1768
1829 1771
1829 1779
1829 1784
1829 1789
1829 1790
1829 1792
1829 1800
1829 1812
1829 1815
1829 1817
1829 1821
1829 1824
1829 1827
1829 1828
1829 1931
1829 2757
1829 2894
1829 2909
1829 2928
1829 4089
1829 4146
1829 4194
1829 4206
1829 4395
1829 4649
1829 4670
1829 4702
1829 4726
1829 4991
2069 638
2069 935
2069 1838
2069 1874
2069 1877
2069 1889
2069 1931
2069 1963
2069 1966
2069 1968
2069 1973
2069 1977
2069 1982
2069 1984
2069 1991
2069 1996
2069 2001
2069 2012
2069 2024
2069 2037
2069 2042
2069 2044
2069 2051
2069 2058
2069 2060
2069 2090
2069 2091
2069 2096
2069 2099
2069 2896
2069 2962
2069 4677
66 4232
66 4387
4232 269
4232 715
4232 2849
4232 3169
4232 3478
4232 3597
4232 3601
4232 3625
4232 3644
4232 3732
4232 3819
4232 3835
4232 3868
4232 3934
4232 4004
4232 4008
4232 4015
4232 4038
4232 4106
4232 4111
4232 4145
4232 4164
4232 4209
4232 4293
4232 4355
4232 4360
4232 4421
4387 171
4387 198
4387 552
4387 675
4387 1020
4387 1788
4387 1812
4387 1836
4387 2066
4387 2088
4387 2707
4387 2824
4387 3110
4387 3364
4387 3373
4387 3496
4387 3508
4387 3511
4387 3526
4387 3606
4387 3618
4387 3646
4387 3687
4387 3705
4387 3707
4387 3778
4387 3787
4387 3804
4387 3818
4387 3852
4387 3863
4387 3890
4387 3911
4387 3916
4387 3930
4387 3948
4387 3958
4387 3994
4387 3999
4387 4017
4387 4020
4387 4053
4387 4092
4387 4095
4387 4096
4387 4098
4387 4148
4387 4154
4387 4161
4387 4167
4387 4174
4387 4177
4387 4187
4387 4219
4387 4229
4387 4230
4387 4239
4387 4243
4387 4250
4387 4264
4387 4268
4387 4288
4387 4294
4387 4301
4387 4308
4387 4317
4387 4330
4387 4337
4387 4339
4387 4351
4387 4352
4387 4355
4387 4356
4387 4361
4387 4364
4387 4376
4387 4380
4387 4388
4387 4394
4387 4403
4387 4404
67 4836
4836 1270
4836 4255
4836 4826
4836 4837
4836 4862
4836 4896
4836 4934
4836 4960
4836 4961
4836 4965
189 256
189 772
189 2942
189 3193
189 4590
875 968
875 983
875 1021
875 1052
875 1059
875 1075
875 2486
69 269
69 4736
269 83
269 127
269 158
269 168
269 171
269 177
269 183
269 212
269 221
269 234
269 243
269 253
269 1422
269 2039
269 2922
269 4196
269 4253
269 4572
269 4867
269 4975
4736 4845
4736 4991
4736 4993
4736 4994
4736 4997
4736 4999
148 123
148 164
148 186
148 876
148 3943
148 4258
2897 703
2897 748
2897 898
2897 1074
2897 1994
2897 2112
2897 2127
2897 2191
2897 2214
2897 2284
2897 2311
2897 2321
2897 2326
2897 2328
2897 2373
2897 2442
2897 2517
2897 2533
2897 2588
2897 2597
2897 2626
2897 2643
2897 2656
2897 2669
2897 2672
2897 2727
2897 2761
2897 2769
2897 2772
2897 2797
2897 2806
2897 2831
2897 2836
2897 2875
2897 2903
2897 2952
2897 3386
2897 4274
71 245
71 1414
245 85
245 169
245 180
245 188
245 200
245 201
245 207
245 229
245 230
245 231
245 256
245 1808
245 2965
245 3328
245 3457
245 4260
245 4375
1414 1145
1414 1521
1414 1654
1414 1680
1414 1692
1414 1713
1414 1751
1414 1808
1414 2207
1414 2840
72 2987
72 4220
2987 160
2987 396
2987 647
2987 809
2987 1110
2987 1498
2987 1700
2987 1712
2987 1768
2987 1812
2987 2092
2987 2178
2987 2192
2987 2197
2987 2265
2987 2272
2987 2278
2987 2306
2987 2337
2987 2341
2987 2345
2987 2359
2987 2372
2987 2378
2987 2379
2987 2386
2987 2395
2987 2409
2987 2411
2987 2418
2987 2443
2987 2462
2987 2484
2987 2485
2987 2520
2987 2522
2987 2540
2987 2541
2987 2563
2987 2564
2987 2569
2987 2578
2987 2583
2987 2595
2987 2609
2987 2611
2987 2621
2987 2642
2987 2652
2987 2666
2987 2688
2987 2707
2987 2713
2987 2740
2987 2781
2987 2784
2987 2799
2987 2827
2987 2834
2987 2843
2987 2865
2987 2866
2987 2880
2987 2881
2987 2887
2987 2893
2987 2903
2987 2906
2987 2913
2987 2915
2987 2928
2987 2931
2987 2935
2987 2937
2987 2938
2987 2944
2987 2951
2987 2957
2987 2964
2987 2966
2987 2967
2987 2970
2987 2971
2987 2979
2987 2980
2987 2990
2987 3460
2987 4154
2987 4250
2987 4344
2987 4506
2987 4729
2987 4906
2987 4923
4220 1579
4220 2506
4220 2803
4220 3213
4220 3595
4220 3599
4220 3659
4220 3748
4220 3783
4220 3927
4220 3950
4220 4078
4220 4160
4220 4194
4220 4236
4220 4260
4220 4267
4220 4295
4220 4326
4220 4327
4220 4329
4220 4333
4220 4335
4220 4345
4220 4374
4220 4670
164 123
164 186
164 968
164 4119
164 4386
186 87
186 91
186 123
186 830
186 3028
186 4339
3435 986
3435 1314
3435 1661
3435 2223
3435 2325
3435 2419
3435 2809
3435 2845
3435 2998
3435 3017
3435 3054
3435 3109
3435 3117
3435 3118
3435 3129
3435 3144
3435 3152
3435 3156
3435 3157
3435 3159
3435 3170
3435 3181
3435 3195
3435 3196
3435 3204
3435 3215
3435 3217
3435 3221
3435 3226
3435 3232
3435 3255
3435 3257
3435 3259
3435 3272
3435 3276
3435 3279
3435 3306
3435 3317
3435 3339
3435 3372
3435 3375
3435 3389
3435 3391
3435 3398
3435 3403
3435 3404
3435 3411
3435 3421
3435 3423
3435 3443
3435 3447
3435 3452
3435 3456
3435 3459
3435 4317
3435 4707
3435 4891
4395 567
4395 1070
4395 1077
4395 1245
4395 1617
4395 2094
4395 2881
4395 3158
4395 3351
4395 3415
4395 3497
4395 3503
4395 3524
4395 3641
4395 3658
4395 3665
4395 3673
4395 3680
4395 3702
4395 3720
4395 3738
4395 3770
4395 3779
4395 3793
4395 3822
4395 3872
4395 3893
4395 3928
4395 3936
4395 3941
4395 3949
4395 3954
4395 3964
4395 3974
4395 3984
4395 3985
4395 4017
4395 4034
4395 4074
4395 4080
4395 4083
4395 4102
4395 4131
4395 4133
4395 4146
4395 4161
4395 4183
4395 4190
4395 4195
4395 4212
4395 4217
4395 4219
4395 4228
4395 4231
4395 4244
4395 4249
4395 4253
4395 4259
4395 4268
4395 4289
4395 4297
4395 4298
4395 4302
4395 4305
4395 4306
4395 4312
4395 4316
4395 4321
4395 4324
4395 4331
4395 4338
4395 4341
4395 4348
4395 4357
4395 4367
4395 4377
4395 4384
4395 4386
4395 4397
4395 4402
4395 4403
4395 4600
4395 4642
4395 4689
1991 819
1991 1871
1991 1980
1991 1989
1991 2024
1991 2044
1991 2058
1991 2059
1991 2063
1991 2091
1991 2096
1991 2097
4378 463
4378 663
4378 1195
4378 1718
4378 1814
4378 2011
4378 2765
4378 2864
4378 2964
4378 2974
4378 3411
4378 3460
4378 3472
4378 3507
4378 3548
4378 3553
4378 3580
4378 3583
4378 3640
4378 3650
4378 3662
4378 3667
4378 3691
4378 3731
4378 3745
4378 3777
4378 3796
4378 3798
4378 3836
4378 3875
4378 3888
4378 3931
4378 3940
4378 3987
4378 3997
4378 4029
4378 4068
4378 4087
4378 4107
4378 4142
4378 4147
4378 4151
4378 4156
4378 4162
4378 4166
4378 4193
4378 4208
4378 4233
4378 4254
4378 4299
4378 4307
4378 4309
4378 4315
4378 4325
4378 4334
4378 4335
4378 4340
4378 4343
4378 4344
4378 4350
4378 4352
4378 4361
4378 4365
4378 4370
4378 4371
4378 4372
4378 4374
4378 4385
4378 4390
4378 4391
4378 4396
4378 4401
4378 4574
4378 4765
194 108
194 2759
194 2951
194 3851
194 4322
1681 368
1681 1140
1681 1202
1681 1275
1681 1488
1681 1572
1681 1644
1681 1744
1681 1748
1681 1756
1681 1765
1681 1776
1681 1785
1681 1788
1681 1797
1681 1809
1681 1822
1681 1825
1681 1831
1681 1833
1681 1835
1681 1912
1681 2960
1681 3603
4133 2840
4133 3127
4133 3549
4133 3793
4133 3894
4133 4034
4133 4094
4133 4161
4133 4298
4133 4302
4133 4312
4133 4313
4133 4316
4133 4377
4133 4397
4133 4402
4133 4827
77 778
778 576
778 589
778 590
778 617
778 627
778 637
778 642
778 663
778 690
778 691
778 694
778 728
778 729
778 747
778 748
778 781
778 786
778 794
778 803
778 806
778 819
778 823
778 937
778 1076
778 3097
778 3262
256 136
256 162
256 180
256 204
256 207
256 229
256 231
256 247
256 687
256 1089
256 2830
256 3275
256 3360
256 3823
256 4379
256 4629
1439 1218
1439 1500
1439 1579
1439 1593
1439 1608
1439 1614
1439 1619
1439 1620
1439 2760
1439 4166
3423 1393
3423 1958
3423 2603
3423 2998
3423 3000
3423 3003
3423 3018
3423 3032
3423 3072
3423 3089
3423 3109
3423 3111
3423 3118
3423 3152
3423 3180
3423 3186
3423 3195
3423 3198
3423 3199
3423 3200
3423 3205
3423 3217
3423 3218
3423 3232
3423 3259
3423 3279
3423 3280
3423 3288
3423 3301
3423 3339
3423 3353
3423 3370
3423 3372
3423 3389
3423 3403
3423 3417
3423 3421
3423 3443
3423 3452
3423 3459
3423 3496
3423 4297
3423 4379
3423 4389
3423 4739
3423 4995
79 103
79 243
79 746
79 4310
103 160
103 200
103 241
103 243
103 3018
103 3663
243 86
243 121
243 129
243 137
243 170
243 179
243 195
243 198
243 204
243 1102
243 1764
243 3306
243 4141
243 4147
746 585
746 640
746 647
746 650
746 651
746 657
746 659
746 661
746 724
746 734
746 737
746 755
746 769
746 821
746 2801
4310 565
4310 985
4310 1176
4310 2313
4310 2800
4310 3408
4310 3463
4310 3608
4310 4109
4310 4140
4310 4170
4310 4196
4310 4201
4310 4221
4310 4224
4310 4237
4310 4246
4310 4255
4310 4256
4310 4257
4310 4258
4310 4267
4310 4281
4310 4282
4310 4284
4310 4292
4310 4311
4310 4341
4310 4349
4310 4354
4310 4359
4310 4373
4310 4375
4310 4379
4310 4392
4310 4393
4310 4398
4310 4532
80 192
80 193
80 2763
192 201
192 231
192 866
192 1955
192 3767
193 93
193 120
193 3189
193 3947
193 4354
193 4728
2763 747
2763 798
2763 2292
2763 2423
2763 2426
2763 2452
2763 2503
2763 2529
2763 2539
2763 2543
2763 2575
2763 2628
2763 2644
2763 2701
2763 2730
2763 2744
2763 2755
2763 2758
2763 2842
2763 4570
2763 4920
81 1740
1740 308
1740 1217
1740 1281
1740 1337
1740 1345
1740 1360
1740 1466
1740 1467
1740 1510
1740 1518
1740 1633
1740 1652
1740 1666
1740 1695
1740 1697
1740 1702
1740 1711
1740 1719
1740 1758
1740 1759
1740 1801
1740 1805
1740 1807
1740 1819
1740 1828
1740 1830
1740 1836
1740 3261
1740 3446
1740 4297
82 1827
82 2846
1827 373
1827 469
1827 1054
1827 1081
1827 1102
1827 1116
1827 1133
1827 1158
1827 1172
1827 1180
1827 1216
1827 1242
1827 1259
1827 1280
1827 1318
1827 1321
1827 1323
1827 1329
1827 1353
1827 1373
1827 1390
1827 1400
1827 1419
1827 1424
1827 1468
1827 1494
1827 1501
1827 1507
1827 1518
1827 1543
1827 1547
1827 1565
1827 1570
1827 1596
1827 1605
1827 1611
1827 1622
1827 1624
1827 1630
1827 1643
1827 1647
1827 1667
1827 1690
1827 1711
1827 1716
1827 1721
1827 1724
1827 1731
1827 1733
1827 1768
1827 1775
1827 1779
1827 1789
1827 1790
1827 1792
1827 1804
1827 1812
1827 1815
1827 1817
1827 1821
1827 1824
1827 1830
1827 2789
1827 2837
1827 2975
1827 2986
1827 3154
1827 3733
1827 3862
1827 4168
1827 4175
1827 4390
1827 4393
1827 4703
2846 168
2846 2106
2846 2257
2846 2364
2846 2545
2846 2581
2846 2627
2846 2635
2846 2636
2846 2640
2846 2657
2846 2690
2846 2703
2846 2726
2846 2737
2846 2764
2846 2765
2846 2817
2846 2864
2846 2901
2846 2910
2846 2927
2846 2941
2846 2945
2846 2948
2846 3649
2846 4037
2846 4369
2846 4652
83 2866
83 4882
2866 326
2866 1820
2866 2183
2866 2294
2866 2379
2866 2540
2866 2541
2866 2569
2866 2578
2866 2609
2866 2630
2866 2637
2866 2652
2866 2734
2866 2805
2866 2865
2866 2906
2866 2915
2866 2931
2866 2937
2866 2938
2866 2944
2866 2957
2866 2964
2866 2967
2866 2971
2866 2979
2866 2980
2866 2990
2866 4315
4882 2073
4882 4374
4882 4753
4882 4785
4882 4804
4882 4819
4882 4896
4882 4922
4882 4934
4882 4960
4882 4961
4882 4965
4882 4987
84 195
84 2781
84 4059
195 161
195 170
195 1722
195 1978
195 3914
2781 794
2781 1396
2781 1496
2781 1821
2781 2306
2781 2630
2781 2712
2781 2841
2781 2844
2781 2865
2781 2868
2781 2893
2781 2913
2781 2935
2781 2937
2781 2964
2781 2967
2781 2971
2781 2979
2781 2980
2781 2990
4059 1805
4059 2782
4059 3502
4059 3581
4059 3586
4059 3786
4059 3827
4059 3896
4059 3910
4059 3996
4059 4021
4059 4036
4059 4152
4059 4204
4059 4376
85 231
85 3498
231 207
231 229
231 972
231 1835
231 2874
231 4948
231 4975
3498 479
3498 3917
3498 3967
3498 4039
3498 4042
3498 4215
86 115
86 198
86 2935
86 4049
115 3152
115 4722
198 179
198 4151
198 4670
198 4675
2935 828
2935 930
2935 1337
2935 2037
2935 2077
2935 2183
2935 2192
2935 2240
2935 2330
2935 2343
2935 2359
2935 2372
2935 2411
2935 2462
2935 2469
2935 2522
2935 2600
2935 2652
2935 2688
2935 2713
2935 2734
2935 2742
2935 2784
2935 2790
2935 2799
2935 2816
2935 2843
2935 2865
2935 2880
2935 2887
2935 2893
2935 2906
2935 2915
2935 2931
2935 2938
2935 2944
2935 2957
2935 2958
2935 2971
2935 2979
2935 2980
2935 2990
2935 3390
2935 4403
2935 4920
4049 823
4049 1052
4049 3848
4049 3943
4049 4088
4049 4113
4049 4242
4049 4246
4049 4303
4049 4304
4049 4319
4049 4321
4049 4328
4049 4365
4049 4389
87 1802
87 3940
1802 92
1802 307
1802 514
1802 557
1802 1088
1802 1136
1802 1154
1802 1245
1802 1252
1802 1348
1802 1356
1802 1394
1802 1461
1802 1465
1802 1486
1802 1498
1802 1525
1802 1544
1802 1560
1802 1581
1802 1585
1802 1589
1802 1594
1802 1641
1802 1656
1802 1663
1802 1671
1802 1682
1802 1710
1802 1718
1802 1725
1802 1728
1802 1730
1802 1732
1802 1742
1802 1747
1802 1753
1802 1755
1802 1760
1802 1764
1802 1773
1802 1777
1802 1782
1802 1786
1802 1794
1802 1795
1802 1797
1802 1800
1802 1804
1802 1811
1802 1813
1802 1822
1802 1830
1802 2081
1802 2096
1802 2927
1802 2968
1802 3988
1802 4226
1802 4776
3940 1312
3940 2931
3940 3643
3940 4004
3940 4350
3940 4361
3940 4371
3940 4372
3940 4385
3940 4391
3940 4396
88 1508
1508 1115
1508 1141
1508 1211
1508 1228
1508 1349
1508 1428
1508 1482
1508 1512
1508 1602
1508 1604
1508 2312
1508 4636
89 155
89 2946
155 162
155 862
155 3257
155 4705
2946 762
2946 777
2946 787
2946 793
2946 819
2946 1043
2946 2342
2946 2355
2946 2366
2946 2367
2946 2388
2946 2407
2946 2440
2946 2471
2946 2530
2946 2563
2946 2660
2946 2693
2946 2745
2946 2746
2946 2751
2946 2770
2946 2785
2946 2802
2946 2824
2946 2829
2946 2831
2946 2850
2946 2857
2946 2876
2946 2890
2946 2904
2946 2908
2946 2911
2946 2912
2946 2916
2946 2919
2946 2921
2946 2927
2946 2952
2946 2960
2946 2963
2946 2965
2946 2968
2946 2981
2946 2983
2946 2986
2946 4208
2946 4339
2946 4365
2946 4554
2096 404
2096 741
2096 1359
2096 1744
2096 1851
2096 1866
2096 1867
2096 1871
2096 1872
2096 1874
2096 1877
2096 1879
2096 1880
2096 1881
2096 1887
2096 1889
2096 1892
2096 1898
2096 1908
2096 1918
2096 1922
2096 1934
2096 1940
2096 1963
2096 1966
2096 1968
2096 1973
2096 1977
2096 1980
2096 1982
2096 1984
2096 1988
2096 1989
2096 1996
2096 2001
2096 2002
2096 2007
2096 2012
2096 2021
2096 2024
2096 2026
2096 2037
2096 2039
2096 2042
2096 2044
2096 2051
2096 2058
2096 2059
2096 2060
2096 2062
2096 2063
2096 2072
2096 2088
2096 2090
2096 2091
2096 2100
2096 2818
2096 2967
2096 3287
2096 3320
2096 3786
2096 4339
2096 4623
2096 4990
91 120
91 4304
120 146
120 1775
120 2110
4304 1541
4304 1806
4304 1964
4304 2383
4304 2961
4304 3460
4304 3534
4304 3627
4304 3693
4304 3694
4304 3798
4304 3844
4304 3929
4304 3933
4304 3943
4304 3950
4304 3961
4304 3991
4304 4088
4304 4113
4304 4120
4304 4127
4304 4163
4304 4172
4304 4180
4304 4189
4304 4235
4304 4242
4304 4256
4304 4265
4304 4273
4304 4297
4304 4328
4304 4353
4304 4365
4304 4384
4304 4389
4304 4398
4304 4721
92 3947
3947 3604
3947 3970
3947 3971
3947 4158
3947 4203
3947 4217
3947 4283
3947 4355
3947 4369
3947 4382
3947 4388
93 2977
2977 144
2977 783
2977 942
2977 951
2977 991
2977 1372
2977 1820
2977 1833
2977 1837
2977 2059
2977 2099
2977 2105
2977 2122
2977 2155
2977 2171
2977 2232
2977 2240
2977 2259
2977 2295
2977 2296
2977 2316
2977 2325
2977 2327
2977 2346
2977 2357
2977 2368
2977 2389
2977 2407
2977 2424
2977 2427
2977 2464
2977 2498
2977 2502
2977 2504
2977 2577
2977 2590
2977 2603
2977 2606
2977 2615
2977 2618
2977 2620
2977 2645
2977 2654
2977 2659
2977 2675
2977 2722
2977 2741
2977 2756
2977 2789
2977 2796
2977 2810
2977 2828
2977 2830
2977 2835
2977 2856
2977 2870
2977 2874
2977 2892
2977 2907
2977 2916
2977 2917
2977 2943
2977 2958
2977 2962
2977 2966
2977 2973
2977 2974
2977 2978
2977 2989
2977 3236
2977 3513
2977 4365
2977 4470
1244 1516
1244 1521
1244 1649
1244 1766
1244 1780
1244 1808
1244 2079
2062 1481
2062 1885
2062 1906
2062 1909
2062 1933
2062 1959
2062 1964
2062 1992
2062 1993
2062 2002
2062 2010
2062 2016
2062 2019
2062 2027
2062 2033
2062 2045
2062 2065
2062 2068
2062 2072
2062 2078
2062 2080
2062 2082
2062 2088
2062 2093
2062 2894
2062 3481
2062 4727
95 2838
95 4392
2838 572
2838 1347
2838 2124
2838 2237
2838 2355
2838 2470
2838 2572
2838 2619
2838 2635
2838 2728
2838 2742
2838 2782
2838 2839
2838 2889
2838 2896
2838 2922
2838 2925
2838 2951
2838 2954
2838 2959
2838 2978
2838 2984
2838 2985
2838 3385
2838 3766
2838 3786
4392 789
4392 808
4392 817
4392 1466
4392 1472
4392 1640
4392 2249
4392 2683
4392 2870
4392 2919
4392 2986
4392 3333
4392 3394
4392 3463
4392 3607
4392 3643
4392 3715
4392 3723
4392 3735
4392 3736
4392 3760
4392 3784
4392 3797
4392 3808
4392 3867
4392 3901
4392 3907
4392 3932
4392 3962
4392 3973
4392 3982
4392 3993
4392 4032
4392 4040
4392 4105
4392 4109
4392 4140
4392 4144
4392 4150
4392 4153
4392 4160
4392 4165
4392 4170
4392 4179
4392 4182
4392 4187
4392 4192
4392 4201
4392 4210
4392 4221
4392 4224
4392 4237
4392 4246
4392 4255
4392 4256
4392 4257
4392 4258
4392 4272
4392 4281
4392 4282
4392 4284
4392 4303
4392 4311
4392 4318
4392 4322
4392 4326
4392 4349
4392 4354
4392 4359
4392 4373
4392 4375
4392 4379
4392 4385
4392 4393
4392 4396
4392 4398
4392 4715
4392 4910
4699 525
4699 2338
4699 2390
4699 2948
4699 2986
4699 3400
4699 4327
4699 4409
4699 4426
4699 4458
4699 4484
4699 4487
4699 4488
4699 4499
4699 4543
4699 4545
4699 4546
4699 4558
4699 4568
4699 4596
4699 4600
4699 4615
4699 4622
4699 4641
4699 4643
4699 4648
4699 4657
4699 4660
4699 4663
4699 4666
4699 4670
4699 4675
4699 4678
4699 4679
4699 4695
4699 4697
4699 4700
4699 4703
4699 4708
4699 4715
4699 4716
4699 4720
4699 4727
4699 4729
4699 4932
4699 4983
204 180
204 604
204 2989
204 4056
204 4275
3389 1066
3389 1940
3389 2098
3389 2900
3389 3027
3389 3036
3389 3072
3389 3089
3389 3095
3389 3180
3389 3196
3389 3214
3389 3215
3389 3232
3389 3279
3389 3288
3389 3306
3389 3372
3389 3391
3389 3403
3389 3421
3389 3428
3389 3452
3389 3453
3389 3459
4235 663
4235 796
4235 1753
4235 3475
4235 3535
4235 3627
4235 3838
4235 3924
4235 3929
4235 3943
4235 3950
4235 4021
4235 4090
4235 4128
4235 4163
4235 4180
4235 4189
4235 4257
4235 4265
4235 4273
4235 4303
4235 4319
4235 4328
4235 4353
4235 4365
4235 4389
4235 4518
98 134
98 1579
98 4348
134 2945
134 4727
1579 822
1579 1104
1579 1261
1579 1500
1579 1506
1579 1519
1579 1573
1579 1606
1579 1608
1579 1614
1579 1619
1579 1620
1579 3189
4348 536
4348 587
4348 721
4348 1954
4348 2609
4348 2765
4348 2950
4348 2953
4348 2956
4348 3338
4348 3556
4348 3702
4348 3793
4348 3810
4348 3846
4348 3859
4348 3872
4348 3964
4348 3985
4348 4023
4348 4052
4348 4080
4348 4102
4348 4118
4348 4146
4348 4161
4348 4183
4348 4212
4348 4231
4348 4249
4348 4259
4348 4261
4348 4297
4348 4298
4348 4302
4348 4305
4348 4312
4348 4316
4348 4321
4348 4324
4348 4338
4348 4341
4348 4353
4348 4357
4348 4374
4348 4377
4348 4384
4348 4386
4348 4397
4348 4402
99 2004
99 2941
2004 680
2004 1985
2004 2000
2004 2034
2004 2036
2004 2045
2004 2060
2004 2064
2004 2066
2004 2071
2004 2076
2004 2079
2004 2083
2004 4393
2941 559
2941 564
2941 1051
2941 1783
2941 1927
2941 2117
2941 2130
2941 2156
2941 2169
2941 2182
2941 2274
2941 2322
2941 2330
2941 2364
2941 2381
2941 2406
2941 2425
2941 2454
2941 2478
2941 2506
2941 2545
2941 2562
2941 2581
2941 2626
2941 2627
2941 2636
2941 2640
2941 2646
2941 2657
2941 2690
2941 2703
2941 2726
2941 2737
2941 2764
2941 2765
2941 2771
2941 2817
2941 2849
2941 2864
2941 2877
2941 2910
2941 2927
2941 2945
2941 2948
2941 3690
2941 4169
2941 4186
2941 4396
100 2104
100 3398
2104 2767
2104 2844
2104 2961
2104 2969
2104 2982
2104 2989
3398 1861
3398 2958
3398 2998
3398 3018
3398 3054
3398 3074
3398 3077
3398 3144
3398 3163
3398 3181
3398 3198
3398 3200
3398 3250
3398 3257
3398 3259
3398 3282
3398 3288
3398 3339
3398 3370
3398 3372
3398 3391
3398 3403
3398 3415
3398 3426
3398 3443
3398 3452
3398 3455
3398 3824
3398 4083
3398 4546
101 4009
101 4404
4009 3346
4009 3529
4009 4261
4009 4344
4009 4370
4009 4371
4009 4372
4009 4374
4009 4385
4009 4390
4009 4396
4009 4401
4009 4573
4404 454
4404 811
4404 906
4404 1079
4404 1440
4404 1717
4404 1787
4404 2230
4404 2628
4404 2676
4404 2792
4404 2890
4404 3055
4404 3399
4404 3452
4404 3470
4404 3487
4404 3508
4404 3514
4404 3522
4404 3526
4404 3555
4404 3565
4404 3584
4404 3585
4404 3618
4404 3646
4404 3649
4404 3671
4404 3694
4404 3696
4404 3707
4404 3778
4404 3781
4404 3787
4404 3792
4404 3804
4404 3806
4404 3814
4404 3860
4404 3884
4404 3909
4404 3916
4404 3930
4404 3948
4404 3958
4404 3994
4404 3998
4404 3999
4404 4003
4404 4045
4404 4053
4404 4082
4404 4095
4404 4096
4404 4097
4404 4098
4404 4126
4404 4142
4404 4148
4404 4167
4404 4174
4404 4177
4404 4229
4404 4239
4404 4243
4404 4250
4404 4252
4404 4255
4404 4264
4404 4268
4404 4272
4404 4288
4404 4294
4404 4301
4404 4308
4404 4314
4404 4324
4404 4330
4404 4337
4404 4339
4404 4351
4404 4356
4404 4360
4404 4364
4404 4371
4404 4376
4404 4380
4404 4384
4404 4391
4404 4394
4404 4403
4404 4523
4404 4943
2702 2158
2702 2233
2702 2374
2702 2375
2702 2398
2702 2463
2702 2593
2702 2731
2702 2743
2702 2826
2702 2853
2702 2858
2702 2907
2702 3405
2702 3698
2702 4028
4390 403
4390 891
4390 1761
4390 1766
4390 1806
4390 2459
4390 2645
4390 2671
4390 2764
4390 2829
4390 2835
4390 2949
4390 3489
4390 3493
4390 3507
4390 3518
4390 3549
4390 3580
4390 3583
4390 3590
4390 3632
4390 3662
4390 3691
4390 3697
4390 3745
4390 3749
4390 3754
4390 3761
4390 3774
4390 3789
4390 3798
4390 3836
4390 3875
4390 3931
4390 3941
4390 3966
4390 3987
4390 4030
4390 4043
4390 4068
4390 4087
4390 4099
4390 4107
4390 4142
4390 4147
4390 4151
4390 4152
4390 4156
4390 4162
4390 4164
4390 4166
4390 4193
4390 4208
4390 4233
4390 4295
4390 4299
4390 4307
4390 4309
4390 4315
4390 4342
4390 4344
4390 4346
4390 4350
4390 4352
4390 4360
4390 4361
4390 4370
4390 4371
4390 4372
4390 4374
4390 4379
4390 4385
4390 4391
4390 4396
4390 4397
4390 4401
4390 4410
4390 4720
160 199
160 3021
160 4971
200 121
200 129
200 170
200 179
200 199
200 1691
200 2164
200 4539
241 135
241 161
241 183
241 197
241 212
241 253
241 575
241 3417
241 3518
241 4041
241 4331
3018 3255
3018 3438
3018 3443
3018 3452
3663 3491
3663 3809
3663 4024
3663 4053
3663 4176
3663 4185
3663 4197
3050 931
3050 3127
3050 3415
3050 3428
3050 3448
3050 3455
4248 805
4248 1087
4248 2261
4248 3476
4248 3501
4248 3586
4248 3598
4248 3737
4248 3807
4248 3832
4248 3877
4248 3905
4248 3935
4248 3990
4248 4013
4248 4085
4248 4121
4248 4191
4248 4208
4248 4251
4248 4270
4248 4274
4248 4277
4248 4279
4248 4282
4248 4380
1296 1262
1296 1792
1296 1815
1296 1817
1296 1821
1296 1824
2100 403
2100 567
2100 762
2100 816
2100 943
2100 1672
2100 1828
2100 1837
2100 1840
2100 1842
2100 1843
2100 1844
2100 1847
2100 1853
2100 1854
2100 1856
2100 1861
2100 1875
2100 1876
2100 1878
2100 1884
2100 1886
2100 1896
2100 1901
2100 1906
2100 1911
2100 1919
2100 1932
2100 1941
2100 1942
2100 1951
2100 1955
2100 1959
2100 1960
2100 1961
2100 1965
2100 1969
2100 1972
2100 1981
2100 1986
2100 1990
2100 1993
2100 1994
2100 1997
2100 1998
2100 1999
2100 2003
2100 2006
2100 2008
2100 2011
2100 2016
2100 2018
2100 2020
2100 2023
2100 2027
2100 2031
2100 2036
2100 2040
2100 2041
2100 2046
2100 2049
2100 2050
2100 2056
2100 2061
2100 2065
2100 2068
2100 2071
2100 2072
2100 2078
2100 2080
2100 2081
2100 2082
2100 2084
2100 2088
2100 2090
2100 2093
2100 2099
2100 2347
2100 2792
2100 2841
2100 2979
2100 3088
2100 3543
2100 4313
2100 4341
2100 4351
2100 4422
106 116
106 4231
106 4725
116 247
116 3576
116 3849
4231 664
4231 832
4231 2590
4231 3425
4231 3540
4231 4094
4231 4183
4231 4190
4231 4244
4231 4259
4231 4305
4231 4312
4231 4321
4231 4324
4231 4341
4231 4357
4231 4360
4231 4377
4231 4384
4231 4386
4231 4397
4231 4398
4231 4401
4231 4402
4231 4586
4725 517
4725 921
4725 1010
4725 1061
4725 1136
4725 1502
4725 1512
4725 2032
4725 2077
4725 2083
4725 2222
4725 3823
4725 3859
4725 3938
4725 3973
4725 4425
4725 4430
4725 4439
4725 4448
4725 4450
4725 4452
4725 4476
4725 4477
4725 4487
4725 4490
4725 4495
4725 4496
4725 4499
4725 4501
4725 4505
4725 4506
4725 4509
4725 4517
4725 4518
4725 4520
4725 4523
4725 4526
4725 4527
4725 4529
4725 4535
4725 4542
4725 4544
4725 4559
4725 4563
4725 4564
4725 4565
4725 4566
4725 4572
4725 4578
4725 4581
4725 4585
4725 4590
4725 4592
4725 4593
4725 4597
4725 4602
4725 4619
4725 4620
4725 4623
4725 4628
4725 4631
4725 4633
4725 4640
4725 4651
4725 4652
4725 4658
4725 4669
4725 4673
4725 4676
4725 4677
4725 4680
4725 4685
4725 4688
4725 4689
4725 4693
4725 4694
4725 4712
4725 4714
4725 4717
4725 4718
4725 4723
4725 4724
4725 4726
4725 4727
4725 4728
107 1118
107 1425
1118 1317
1118 1450
1118 1691
1118 1720
1118 1804
1425 1468
1425 1617
1425 1629
1425 1689
1425 1737
1425 1783
1425 1801
1425 1818
1425 3884
108 2006
108 4530
2006 1892
2006 1941
2006 1959
2006 1969
2006 2031
2006 2040
2006 2041
2006 2049
2006 2081
2006 2088
2006 2099
2006 2143
2006 2963
4530 3970
4530 4562
4530 4587
4530 4601
4530 4605
4530 4659
4530 4674
4530 4683
4530 4690
4530 4697
109 137
109 513
109 1811
137 253
137 553
137 2476
137 4203
513 373
513 382
513 402
513 447
513 504
513 505
513 542
513 546
513 554
513 557
513 560
513 563
513 565
513 567
513 569
513 573
513 575
513 1919
513 2938
513 4757
1811 829
1811 1050
1811 1078
1811 1128
1811 1203
1811 1237
1811 1245
1811 1252
1811 1305
1811 1333
1811 1347
1811 1356
1811 1357
1811 1405
1811 1461
1811 1470
1811 1477
1811 1484
1811 1497
1811 1525
1811 1544
1811 1553
1811 1560
1811 1570
1811 1574
1811 1581
1811 1585
1811 1589
1811 1618
1811 1641
1811 1648
1811 1656
1811 1663
1811 1671
1811 1672
1811 1676
1811 1682
1811 1706
1811 1712
1811 1725
1811 1728
1811 1730
1811 1750
1811 1753
1811 1755
1811 1760
1811 1764
1811 1766
1811 1777
1811 1786
1811 1794
1811 1795
1811 1800
1811 1804
1811 1813
1811 1822
1811 2314
1811 2699
1811 2713
1811 2896
1811 2965
1811 3062
1811 4180
1811 4323
1811 4695
111 130
111 1534
111 2812
2311 2588
2311 2687
2311 2727
2311 2806
2311 2818
2311 4129
2921 490
2921 592
2921 1768
2921 2124
2921 2299
2921 2436
2921 2497
2921 2538
2921 2560
2921 2602
2921 2610
2921 2685
2921 2689
2921 2710
2921 2723
2921 2728
2921 2742
2921 2753
2921 2761
2921 2772
2921 2782
2921 2820
2921 2844
2921 2859
2921 2871
2921 2882
2921 2889
2921 2896
2921 2920
2921 2925
2921 2951
2921 2954
2921 2956
2921 2959
2921 2964
2921 2978
2921 2984
2921 2985
2921 3459
2921 3838
2921 4664
2921 4728
2921 4985
130 1720
130 4316
1534 1108
1534 1434
1534 1554
1534 1567
1534 1687
1534 1757
1534 1758
1534 1805
1534 1828
1534 1830
1534 1836
1534 2362
2812 786
2812 819
2812 2239
2812 2271
2812 2277
2812 2362
2812 2495
2812 2587
2812 2633
2812 2670
2812 2768
2812 2832
2812 2869
2812 2880
2812 2881
2812 2898
2812 2918
2812 2924
2812 2928
2812 2929
2812 2949
2812 2950
2812 2953
2812 4347
2812 4940
1786 457
1786 1154
1786 1177
1786 1203
1786 1209
1786 1272
1786 1348
1786 1449
1786 1465
1786 1470
1786 1477
1786 1497
1786 1498
1786 1527
1786 1581
1786 1585
1786 1618
1786 1648
1786 1661
1786 1663
1786 1671
1786 1676
1786 1702
1786 1728
1786 1732
1786 1747
1786 1753
1786 1755
1786 1760
1786 1764
1786 1777
1786 1794
1786 1795
1786 1800
1786 1804
1786 1807
1786 1813
1786 1817
1786 1822
1786 2437
1786 2940
1786 3976
1786 3989
1786 4178
1786 4281
1786 4411
1786 4483
3928 730
3928 3575
3928 3999
3928 4289
3928 4316
3928 4324
3928 4338
3928 4377
3928 4384
3928 4397
136 1815
136 2878
3313 3046
3313 3066
3313 3158
3313 3301
3313 3336
3313 3378
3313 3394
3313 3430
3313 3434
3313 3437
3313 3445
3313 3448
3313 3450
3313 3455
3313 3460
3313 4891
4408 414
4408 4693
4408 4711
4408 4726
4408 4727
4408 4728
1079 509
1079 654
1079 743
1079 830
1079 837
1079 838
1079 845
1079 846
1079 849
1079 851
1079 864
1079 868
1079 879
1079 885
1079 887
1079 889
1079 895
1079 904
1079 911
1079 912
1079 916
1079 918
1079 921
1079 923
1079 930
1079 933
1079 942
1079 943
1079 948
1079 950
1079 951
1079 959
1079 975
1079 976
1079 979
1079 981
1079 984
1079 985
1079 988
1079 989
1079 993
1079 995
1079 996
1079 1000
1079 1001
1079 1003
1079 1005
1079 1007
1079 1013
1079 1014
1079 1017
1079 1023
1079 1025
1079 1026
1079 1028
1079 1032
1079 1037
1079 1044
1079 1045
1079 1048
1079 1052
1079 1060
1079 1061
1079 1062
1079 1064
1079 1067
1079 1068
1079 1069
1079 1070
1079 1071
1079 1073
1079 1074
1079 1076
1079 1077
1079 1078
1079 1080
1079 2046
1079 2870
1079 2973
1079 2985
1079 3391
1079 4057
1079 4283
1079 4355
1079 4559
1079 4662
1079 4997
4869 1528
4869 4759
4869 4764
4869 4774
4869 4816
4869 4901
4869 4913
4869 4917
4869 4939
4869 4951
4869 4954
3152 2507
3152 3027
3152 3328
3152 3421
3152 3452
3152 3459
4722 977
4722 1043
4722 1117
4722 1796
4722 1821
4722 1878
4722 2090
4722 2890
4722 3441
4722 3444
4722 3723
4722 4085
4722 4349
4722 4405
4722 4406
4722 4411
4722 4413
4722 4421
4722 4424
4722 4427
4722 4434
4722 4436
4722 4439
4722 4443
4722 4451
4722 4455
4722 4465
4722 4479
4722 4489
4722 4491
4722 4521
4722 4524
4722 4525
4722 4533
4722 4536
4722 4540
4722 4541
4722 4550
4722 4560
4722 4561
4722 4567
4722 4569
4722 4570
4722 4575
4722 4586
4722 4591
4722 4595
4722 4604
4722 4607
4722 4608
4722 4609
4722 4616
4722 4620
4722 4621
4722 4626
4722 4627
4722 4635
4722 4637
4722 4644
4722 4648
4722 4649
4722 4662
4722 4667
4722 4675
4722 4682
4722 4684
4722 4692
4722 4698
4722 4700
4722 4702
4722 4704
4722 4705
4722 4706
4722 4710
4722 4711
4722 4717
4722 4718
4722 4719
4722 4721
4722 4728
4722 4922
247 151
247 197
247 212
247 221
247 230
247 234
247 1706
247 2736
247 3427
247 4290
247 4628
247 4698
3576 3647
3576 3678
3576 3980
3576 4238
3576 4272
3576 4364
3849 526
3849 3612
3849 3830
3849 3956
3849 4006
3849 4066
3849 4139
3849 4200
3849 4207
3849 4237
117 4112
117 4146
4112 2546
4112 2555
4112 3537
4112 3541
4112 3542
4112 3681
4112 3743
4112 3751
4112 3829
4112 3878
4112 3959
4112 3968
4112 4129
4112 4211
4112 4261
4112 4308
4112 4344
4112 4788
4146 824
4146 1776
4146 3682
4146 3859
4146 4083
4146 4147
4146 4289
4146 4297
4146 4305
4146 4306
4146 4316
4146 4357
4146 4384
4146 4386
4146 4397
4146 4402
366 308
366 405
366 411
366 443
366 551
366 573
4308 655
4308 1957
4308 2805
4308 2848
4308 3129
4308 3469
4308 3584
4308 3669
4308 3671
4308 3787
4308 3792
4308 3814
4308 3818
4308 3832
4308 3915
4308 3916
4308 3930
4308 3994
4308 4020
4308 4092
4308 4229
4308 4239
4308 4250
4308 4288
4308 4294
4308 4301
4308 4309
4308 4317
4308 4351
4308 4356
4308 4360
4308 4376
4308 4382
4308 4394
4308 4403
4308 4674
1890 1937
1890 2023
1890 2066
1890 2076
1890 2083
1890 2092
1890 2868
3433 825
3433 1327
3433 1594
3433 1947
3433 2087
3433 2415
3433 2549
3433 3021
3433 3035
3433 3044
3433 3070
3433 3086
3433 3098
3433 3112
3433 3138
3433 3141
3433 3147
3433 3150
3433 3160
3433 3164
3433 3177
3433 3197
3433 3205
3433 3209
3433 3210
3433 3227
3433 3229
3433 3248
3433 3268
3433 3269
3433 3281
3433 3298
3433 3315
3433 3320
3433 3329
3433 3330
3433 3332
3433 3334
3433 3335
3433 3340
3433 3343
3433 3347
3433 3367
3433 3384
3433 3392
3433 3393
3433 3408
3433 3411
3433 3413
3433 3426
3433 3440
3433 3452
3433 4295
3433 4311
3433 4880
146 2185
146 3790
1775 1148
1775 1153
1775 1190
1775 1235
1775 1236
1775 1265
1775 1270
1775 1371
1775 1383
1775 1428
1775 1440
1775 1475
1775 1478
1775 1509
1775 1532
1775 1546
1775 1552
1775 1566
1775 1584
1775 1631
1775 1658
1775 1661
1775 1664
1775 1688
1775 1700
1775 1711
1775 1719
1775 1736
1775 1752
1775 1771
1775 1772
1775 1782
1775 1791
1775 1795
1775 1796
1775 1937
1775 2208
1775 2513
1775 2961
1775 3591
1775 4094
1775 4370
1775 4729
2110 806
2110 2400
2110 2474
2110 2535
2110 2662
2110 2871
121 253
121 988
121 1582
253 135
253 144
253 177
253 185
253 207
253 230
253 929
253 1023
253 1335
253 1869
253 2902
253 4111
988 857
988 1003
988 1026
988 1037
988 1041
988 1043
988 1045
988 1060
988 1069
988 1071
988 1074
988 1078
988 1080
988 2914
988 2967
1582 1640
1582 1738
1582 1744
1582 1776
1582 1785
1582 1788
1582 1800
1582 1809
1582 1814
1582 1825
1582 1831
1582 1833
1582 1835
1582 3453
1582 4671
122 151
122 1687
122 1741
151 1334
151 2265
151 4373
1687 562
1687 1191
1687 1232
1687 1481
1687 1514
1687 1652
1687 1693
1687 1702
1687 1714
1687 1719
1687 1757
1687 1758
1687 1759
1687 1763
1687 1807
1687 1819
1687 1821
1687 1828
1687 1830
1687 1836
1687 1858
1687 2099
1741 548
1741 1134
1741 1141
1741 1204
1741 1243
1741 1315
1741 1361
1741 1386
1741 1435
1741 1438
1741 1529
1741 1557
1741 1595
1741 1642
1741 1655
1741 1696
1741 1705
1741 1708
1741 1722
1741 1761
1741 1767
1741 1769
1741 1770
1741 1781
1741 1798
1741 1806
1741 1820
1741 1826
1741 1835
1741 3484
1741 3897
1741 4266
1741 4401
123 547
123 3251
547 300
547 360
547 368
547 389
547 410
547 412
547 424
547 436
547 458
547 459
547 478
547 489
547 495
547 497
547 512
547 514
547 527
547 536
547 539
547 541
547 550
547 555
547 557
547 559
547 561
547 562
547 564
547 566
547 572
547 797
547 1443
547 1560
547 4126
547 4247
547 4301
547 4389
3251 3032
3251 3118
3251 3161
3251 3199
3251 3346
3251 3370
3251 3372
3251 3443
3251 3452
3251 3459
3251 3741
3251 3813
1785 1301
1785 1311
1785 1320
1785 1352
1785 1441
1785 1448
1785 1479
1785 1492
1785 1496
1785 1541
1785 1556
1785 1562
1785 1572
1785 1596
1785 1607
1785 1623
1785 1626
1785 1640
1785 1644
1785 1670
1785 1674
1785 1677
1785 1686
1785 1706
1785 1717
1785 1721
1785 1744
1785 1756
1785 1767
1785 1776
1785 1788
1785 1797
1785 1814
1785 1825
1785 1831
1785 1833
1785 1835
1785 2681
1785 2971
1785 3095
1785 3286
1785 3864
1785 3934
1785 4118
1785 4325
1785 4391
2957 598
2957 2111
2957 2178
2957 2361
2957 2372
2957 2456
2957 2522
2957 2540
2957 2541
2957 2569
2957 2570
2957 2611
2957 2618
2957 2621
2957 2641
2957 2642
2957 2652
2957 2664
2957 2666
2957 2689
2957 2707
2957 2712
2957 2713
2957 2790
2957 2816
2957 2836
2957 2843
2957 2863
2957 2865
2957 2880
2957 2881
2957 2887
2957 2906
2957 2913
2957 2915
2957 2926
2957 2931
2957 2937
2957 2938
2957 2964
2957 2967
2957 2971
2957 2979
2957 2980
2957 2990
2957 3632
2957 3891
2957 4242
2957 4278
2957 4328
2957 4330
2957 4658
2957 4720
2957 4726
2957 4822
3445 991
3445 2063
3445 2291
3445 2647
3445 2929
3445 2953
3445 2958
3445 3034
3445 3062
3445 3066
3445 3075
3445 3082
3445 3095
3445 3106
3445 3117
3445 3123
3445 3125
3445 3155
3445 3201
3445 3228
3445 3233
3445 3253
3445 3262
3445 3268
3445 3270
3445 3301
3445 3303
3445 3305
3445 3311
3445 3312
3445 3333
3445 3336
3445 3345
3445 3358
3445 3359
3445 3361
3445 3368
3445 3374
3445 3378
3445 3399
3445 3404
3445 3405
3445 3406
3445 3407
3445 3412
3445 3415
3445 3416
3445 3417
3445 3421
3445 3428
3445 3431
3445 3434
3445 3437
3445 3438
3445 3444
3445 3448
3445 3450
3445 3451
3445 3455
3445 3456
3445 3458
3445 3460
3445 3700
3445 4264
3445 4323
3445 4537
3445 4905
1666 1128
1666 1214
1666 1369
1666 1436
1666 1520
1666 1558
1666 1685
1666 1693
1666 1719
1666 1735
1666 1742
1666 1758
1666 1781
1666 1807
1666 1819
1666 1828
1666 1830
1666 1836
1666 2868
1666 4386
1666 4402
3371 2078
3371 2824
3371 3045
3371 3071
3371 3121
3371 3234
3371 3256
3371 3327
3371 3337
3371 3352
3371 3388
3371 3390
3371 3392
3371 3419
3371 3430
3371 3431
3371 3432
3371 3436
3371 3441
3371 3444
3371 3447
3371 3449
3371 4195
3371 4462
127 4384
127 4961
4384 653
4384 731
4384 936
4384 1061
4384 1745
4384 1854
4384 2215
4384 2929
4384 3003
4384 3343
4384 3390
4384 3524
4384 3614
4384 3634
4384 3658
4384 3680
4384 3738
4384 3779
4384 3825
4384 3834
4384 3845
4384 3851
4384 3856
4384 3872
4384 3936
4384 3941
4384 3954
4384 3957
4384 3964
4384 3965
4384 3984
4384 3985
4384 4034
4384 4052
4384 4074
4384 4075
4384 4080
4384 4083
4384 4087
4384 4094
4384 4102
4384 4131
4384 4161
4384 4183
4384 4212
4384 4219
4384 4244
4384 4249
4384 4259
4384 4289
4384 4294
4384 4297
4384 4298
4384 4302
4384 4305
4384 4306
4384 4309
4384 4312
4384 4316
4384 4321
4384 4324
4384 4336
4384 4338
4384 4341
4384 4347
4384 4357
4384 4377
4384 4386
4384 4397
4384 4402
4384 4607
4384 4721
4961 596
4961 4026
4961 4175
4961 4357
4961 4714
4961 4753
4961 4772
4961 4794
4961 4804
4961 4808
4961 4810
4961 4819
4961 4837
4961 4871
4961 4876
4961 4883
4961 4886
4961 4895
4961 4896
4961 4915
4961 4921
4961 4927
4961 4934
4961 4938
4961 4960
4961 4965
4961 4993
799 589
799 590
799 594
799 643
799 652
799 660
799 662
799 668
799 674
799 676
799 718
799 749
799 760
799 762
799 763
799 768
799 776
799 782
799 783
799 785
799 787
799 789
799 790
799 800
799 802
799 808
799 809
799 814
799 815
799 816
799 824
799 1833
799 3027
799 3233
799 3457
799 3491
799 4192
799 4488
4087 1808
4087 2166
4087 3431
4087 4344
4087 4349
4087 4350
4087 4352
4087 4370
4087 4371
4087 4372
4087 4374
4087 4391
4087 4396
4087 4401
129 179
129 680
129 1612
179 1921
179 2893
179 4567
680 674
680 766
680 787
680 791
680 808
680 814
680 816
680 824
1612 1120
1612 1170
1612 1319
1612 1324
1612 1395
1612 1490
1612 1555
1612 1698
1612 1712
1612 1748
1612 1763
1612 1778
1612 1784
1612 1793
1612 1832
1612 2010
1612 4720
1720 410
1720 1096
1720 1132
1720 1163
1720 1174
1720 1277
1720 1280
1720 1317
1720 1343
1720 1380
1720 1381
1720 1450
1720 1453
1720 1462
1720 1489
1720 1491
1720 1515
1720 1528
1720 1537
1720 1691
1720 1709
1720 1721
1720 1794
1720 3181
1720 3276
1720 4088
1720 4689
4316 1830
4316 2066
4316 2148
4316 2990
4316 3067
4316 3444
4316 3540
4316 3550
4316 3779
4316 3894
4316 3915
4316 3923
4316 3929
4316 4034
4316 4080
4316 4131
4316 4183
4316 4190
4316 4212
4316 4249
4316 4286
4316 4289
4316 4297
4316 4305
4316 4306
4316 4312
4316 4321
4316 4338
4316 4341
4316 4357
4316 4377
4316 4397
4316 4402
4316 4968
4316 4987
131 809
131 3415
809 594
809 618
809 625
809 628
809 638
809 641
809 663
809 664
809 666
809 667
809 674
809 676
809 689
809 718
809 732
809 741
809 768
809 776
809 781
809 782
809 783
809 785
809 787
809 789
809 790
809 791
809 800
809 802
809 808
809 814
809 815
809 816
809 818
809 824
809 825
809 896
809 975
809 1230
809 1585
809 1617
809 1731
809 2541
809 3370
809 3771
3415 2485
3415 2954
3415 2963
3415 3067
3415 3106
3415 3116
3415 3127
3415 3130
3415 3154
3415 3190
3415 3201
3415 3297
3415 3301
3415 3303
3415 3305
3415 3345
3415 3359
3415 3394
3415 3396
3415 3399
3415 3405
3415 3406
3415 3408
3415 3412
3415 3427
3415 3428
3415 3437
3415 3438
3415 3448
3415 3449
3415 3450
3415 3455
3415 3456
3415 3460
3415 4351
3415 4365
3415 4958
3415 4983
511 304
511 307
511 447
511 470
511 495
511 537
511 543
511 546
511 551
511 556
511 563
511 565
511 567
511 569
511 570
511 573
511 1278
511 3131
511 3168
990 840
990 943
990 947
990 976
990 993
990 1025
990 1041
990 1051
990 1052
990 1067
990 1068
990 1077
990 1078
990 1826
990 4303
2738 1628
2738 1820
2738 2242
2738 2465
2738 2558
2738 2601
2738 2674
2738 2681
2738 2718
2738 2777
2738 2786
2738 2813
2738 2827
2738 2833
2738 2868
2738 2883
2738 2899
2738 2923
2738 4385
2825 985
2825 1697
2825 2109
2825 2163
2825 2185
2825 2236
2825 2341
2825 2363
2825 2384
2825 2392
2825 2442
2825 2476
2825 2553
2825 2671
2825 2676
2825 2698
2825 2729
2825 2788
2825 2801
2825 2818
2825 2860
2825 2862
2825 2891
2825 2940
2825 4141
2825 4237
4216 542
4216 1663
4216 1780
4216 2797
4216 3383
4216 3561
4216 3652
4216 3732
4216 3819
4216 3835
4216 3853
4216 3858
4216 3868
4216 3880
4216 3898
4216 3908
4216 3934
4216 4011
4216 4038
4216 4106
4216 4111
4216 4145
4216 4164
4216 4184
4216 4293
4216 4345
2945 506
2945 751
2945 1113
2945 1762
2945 1817
2945 2030
2945 2089
2945 2117
2945 2130
2945 2156
2945 2169
2945 2182
2945 2229
2945 2247
2945 2256
2945 2257
2945 2322
2945 2330
2945 2364
2945 2381
2945 2406
2945 2413
2945 2425
2945 2437
2945 2454
2945 2545
2945 2562
2945 2581
2945 2627
2945 2636
2945 2640
2945 2646
2945 2654
2945 2657
2945 2690
2945 2703
2945 2726
2945 2737
2945 2764
2945 2765
2945 2800
2945 2817
2945 2849
2945 2864
2945 2910
2945 2927
2945 2948
2945 4928
4727 996
4727 1043
4727 1556
4727 1589
4727 2085
4727 2175
4727 2981
4727 3361
4727 3368
4727 3777
4727 4025
4727 4040
4727 4098
4727 4144
4727 4317
4727 4407
4727 4410
4727 4416
4727 4417
4727 4422
4727 4425
4727 4430
4727 4439
4727 4441
4727 4448
4727 4450
4727 4452
4727 4471
4727 4476
4727 4481
4727 4490
4727 4496
4727 4501
4727 4503
4727 4505
4727 4506
4727 4509
4727 4514
4727 4517
4727 4518
4727 4520
4727 4526
4727 4529
4727 4549
4727 4559
4727 4563
4727 4564
4727 4566
4727 4572
4727 4577
4727 4578
4727 4583
4727 4585
4727 4587
4727 4592
4727 4593
4727 4594
4727 4597
4727 4604
4727 4618
4727 4619
4727 4620
4727 4628
4727 4629
4727 4632
4727 4633
4727 4640
4727 4641
4727 4651
4727 4652
4727 4658
4727 4667
4727 4669
4727 4671
4727 4673
4727 4676
4727 4680
4727 4688
4727 4693
4727 4709
4727 4712
4727 4714
4727 4717
4727 4723
4727 4724
4727 4726
4727 4728
135 4293
135 4726
4293 564
4293 765
4293 2826
4293 2890
4293 2981
4293 3294
4293 3478
4293 3561
4293 3597
4293 3601
4293 3644
4293 3649
4293 3689
4293 3732
4293 3739
4293 3747
4293 3819
4293 3858
4293 3868
4293 3870
4293 3908
4293 3917
4293 3934
4293 4011
4293 4015
4293 4026
4293 4038
4293 4106
4293 4111
4293 4145
4293 4164
4293 4184
4293 4209
4293 4277
4293 4370
4293 4845
4726 786
4726 823
4726 975
4726 1076
4726 1524
4726 2564
4726 3254
4726 3375
4726 3392
4726 3643
4726 4002
4726 4294
4726 4319
4726 4413
4726 4416
4726 4417
4726 4422
4726 4425
4726 4429
4726 4439
4726 4441
4726 4452
4726 4460
4726 4463
4726 4471
4726 4473
4726 4476
4726 4481
4726 4487
4726 4501
4726 4505
4726 4509
4726 4517
4726 4519
4726 4520
4726 4535
4726 4538
4726 4542
4726 4544
4726 4549
4726 4565
4726 4566
4726 4572
4726 4577
4726 4581
4726 4585
4726 4590
4726 4592
4726 4597
4726 4614
4726 4618
4726 4619
4726 4620
4726 4628
4726 4629
4726 4631
4726 4632
4726 4633
4726 4634
4726 4640
4726 4651
4726 4652
4726 4658
4726 4669
4726 4673
4726 4676
4726 4680
4726 4684
4726 4688
4726 4693
4726 4694
4726 4697
4726 4706
4726 4712
4726 4715
4726 4717
4726 4718
4726 4723
4726 4724
4726 4728
4726 4888
1815 580
1815 669
1815 901
1815 962
1815 1111
1815 1181
1815 1213
1815 1218
1815 1223
1815 1242
1815 1291
1815 1318
1815 1322
1815 1329
1815 1346
1815 1390
1815 1400
1815 1419
1815 1424
1815 1501
1815 1507
1815 1547
1815 1551
1815 1565
1815 1576
1815 1594
1815 1596
1815 1611
1815 1619
1815 1622
1815 1624
1815 1630
1815 1643
1815 1647
1815 1651
1815 1658
1815 1667
1815 1711
1815 1716
1815 1721
1815 1724
1815 1731
1815 1733
1815 1763
1815 1768
1815 1779
1815 1789
1815 1790
1815 1792
1815 1812
1815 1817
1815 1818
1815 1821
1815 1824
1815 2221
1815 2449
1815 2915
1815 2919
1815 3058
1815 4142
1815 4200
1815 4724
1815 4981
2878 731
2878 749
2878 1445
2878 2046
2878 2194
2878 2262
2878 2268
2878 2276
2878 2291
2878 2490
2878 2505
2878 2559
2878 2599
2878 2604
2878 2631
2878 2667
2878 2696
2878 2708
2878 2709
2878 2715
2878 2791
2878 2804
2878 2827
2878 2877
2878 2892
2878 2894
2878 2909
2878 2934
2878 2973
2878 3278
2878 4926
553 312
553 347
553 352
553 358
553 362
553 385
553 391
553 396
553 398
553 438
553 463
553 476
553 505
553 509
553 515
553 523
553 527
553 531
553 537
553 543
553 544
553 546
553 548
553 550
553 551
553 554
553 557
553 558
553 563
553 564
553 567
553 570
553 573
553 575
553 1076
553 1129
553 1698
553 1733
553 2844
553 2885
553 4346
553 4689
2476 2252
2476 2665
2476 2749
2476 2776
2476 2818
2476 2860
2476 2940
2476 3278
4203 827
4203 1189
4203 2833
4203 3636
4203 3792
4203 3897
4203 3925
4203 4116
4203 4132
4203 4171
4203 4186
4203 4199
4203 4283
4203 4299
4203 4318
4203 4340
4203 4342
4203 4347
4203 4355
4203 4369
4203 4382
4203 4388
4203 4863
138 169
138 2236
138 4953
169 176
169 1028
169 3305
2236 2776
2236 2788
2236 2801
2236 2829
2236 2862
2236 2940
4953 822
4953 1297
4953 4497
4953 4588
4953 4720
4953 4748
4953 4756
4953 4762
4953 4807
4953 4842
4953 4850
4953 4866
4953 4891
4953 4897
4953 4910
4953 4911
4953 4912
4953 4915
4953 4928
4953 4945
4953 4949
4953 4959
4953 4975
4953 4979
4953 4982
4953 4991
4953 4995
139 3414
139 3416
3414 2078
3414 2973
3414 3008
3414 3048
3414 3080
3414 3120
3414 3123
3414 3173
3414 3228
3414 3230
3414 3264
3414 3271
3414 3299
3414 3315
3414 3323
3414 3327
3414 3328
3414 3335
3414 3341
3414 3358
3414 3380
3414 3385
3414 3390
3414 3392
3414 3419
3414 3430
3414 3431
3414 3432
3414 3436
3414 3440
3414 3441
3414 3444
3414 3447
3414 3449
3414 4012
3414 4193
3414 4224
3414 4352
3414 4358
3414 4874
3416 1821
3416 1983
3416 2711
3416 3026
3416 3034
3416 3035
3416 3067
3416 3082
3416 3127
3416 3140
3416 3158
3416 3200
3416 3201
3416 3219
3416 3245
3416 3253
3416 3258
3416 3309
3416 3312
3416 3318
3416 3326
3416 3352
3416 3374
3416 3396
3416 3399
3416 3406
3416 3412
3416 3417
3416 3427
3416 3428
3416 3434
3416 3438
3416 3448
3416 3450
3416 3455
3416 3456
3416 3460
3416 4185
3416 4213
3416 4724
3416 4999
168 180
168 2282
168 2851
1279 1226
1279 1260
1279 1361
1279 1431
1279 1678
1279 1723
1279 1763
1279 4697
4245 1078
4245 1613
4245 1830
4245 2892
4245 3452
4245 3471
4245 3523
4245 3538
4245 3579
4245 3628
4245 3670
4245 3837
4245 3857
4245 3885
4245 3929
4245 3957
4245 3960
4245 4061
4245 4070
4245 4089
4245 4132
4245 4141
4245 4157
4245 4158
4245 4262
4245 4271
4245 4286
4245 4290
4245 4344
1372 1628
1372 1646
1372 1650
1372 1659
1372 1694
1372 1709
1372 1713
1372 1745
3676 3952
3676 3988
3676 4035
3676 4054
3676 4070
3676 4130
3676 4380
2456 2784
2456 2906
2456 2931
2456 2937
2456 2961
2456 2964
2456 2979
2456 2990
2456 3981
4702 417
4702 992
4702 2556
4702 3451
4702 3452
4702 4406
4702 4444
4702 4451
4702 4479
4702 4533
4702 4560
4702 4570
4702 4586
4702 4591
4702 4595
4702 4597
4702 4601
4702 4604
4702 4607
4702 4608
4702 4616
4702 4621
4702 4626
4702 4627
4702 4635
4702 4637
4702 4639
4702 4644
4702 4648
4702 4649
4702 4662
4702 4667
4702 4682
4702 4684
4702 4692
4702 4705
4702 4706
4702 4707
4702 4710
4702 4711
4702 4716
4702 4719
4702 4721
544 319
544 331
544 356
544 375
544 380
544 384
544 386
544 397
544 403
544 409
544 441
544 444
544 452
544 455
544 458
544 466
544 477
544 486
544 487
544 493
544 532
544 542
544 546
544 549
544 1303
544 2823
544 3254
544 3336
544 4977
2013 1987
2013 2016
2013 2023
2013 2041
2013 2043
2013 2048
2013 2072
2013 2081
2013 2087
2013 2089
2013 2093
2013 2099
2013 2503
2013 3243
4684 1784
4684 2331
4684 2368
4684 2712
4684 3892
4684 4188
4684 4455
4684 4525
4684 4536
4684 4575
4684 4595
4684 4604
4684 4607
4684 4609
4684 4621
4684 4627
4684 4632
4684 4635
4684 4637
4684 4648
4684 4649
4684 4665
4684 4667
4684 4692
4684 4698
4684 4705
4684 4706
4684 4707
4684 4711
4684 4719
4684 4721
4684 4724
144 1603
1603 1213
1603 1644
1603 1677
1603 1767
1603 1776
1603 1788
1603 1797
1603 1809
1603 1814
1603 1825
1603 1831
1603 1833
1603 1835
1603 2666
1603 2855
1603 2891
176 2367
176 3283
176 4344
2901 824
2901 1523
2901 1651
2901 1822
2901 2102
2901 2103
2901 2109
2901 2114
2901 2135
2901 2136
2901 2167
2901 2216
2901 2301
2901 2382
2901 2557
2901 2561
2901 2585
2901 2587
2901 2759
2901 2768
2901 2814
2901 2832
2901 2848
2901 2886
2901 2895
2901 2906
2901 2918
2901 2924
2901 2929
2901 2939
2901 2949
2901 2950
2901 2953
2901 2975
2901 4212
2901 4686
2185 1242
2185 2671
2185 2680
2185 2776
2185 2940
3790 4181
3790 4206
3790 4223
3790 4278
3790 4292
3790 4314
3790 4325
3790 4388
557 305
557 314
557 320
557 347
557 350
557 391
557 405
557 422
557 428
557 432
557 451
557 454
557 463
557 468
557 496
557 505
557 509
557 512
557 520
557 523
557 530
557 531
557 537
557 546
557 548
557 551
557 554
557 560
557 563
557 565
557 567
557 569
557 570
557 573
557 575
557 814
557 1548
557 1941
557 2602
557 3298
557 4447
557 4463
2014 1860
2014 1944
2014 1974
2014 1985
2014 2015
2014 2028
2014 2070
2014 2076
2014 2083
2014 2085
2014 2086
2014 2092
2014 2094
2014 2905
2014 4217
2014 4609
876 942
876 997
876 1027
876 1036
876 1063
876 1072
876 4280
3943 1755
3943 3609
3943 3961
3943 3970
3943 4172
3943 4265
3943 4328
3943 4365
3943 4389
4258 723
4258 734
4258 1857
4258 2484
4258 2903
4258 3583
4258 3836
4258 3974
4258 4150
4258 4153
4258 4170
4258 4246
4258 4255
4258 4281
4258 4282
4258 4284
4258 4311
4258 4349
4258 4354
4258 4359
4258 4373
4258 4375
4258 4379
4258 4393
4258 4398
4201 521
4201 1111
4201 2464
4201 3959
4201 4179
4201 4210
4201 4221
4201 4246
4201 4251
4201 4311
4201 4349
4201 4354
4201 4359
4201 4373
4201 4375
4201 4379
4201 4393
4201 4398
4351 1309
4351 1788
4351 2934
4351 3053
4351 3418
4351 3514
4351 3575
4351 3755
4351 3764
4351 3785
4351 3814
4351 3884
4351 3909
4351 3992
4351 3994
4351 4037
4351 4092
4351 4095
4351 4096
4351 4098
4351 4126
4351 4174
4351 4229
4351 4239
4351 4243
4351 4250
4351 4252
4351 4268
4351 4270
4351 4277
4351 4279
4351 4288
4351 4294
4351 4301
4351 4317
4351 4321
4351 4330
4351 4337
4351 4339
4351 4356
4351 4364
4351 4376
4351 4380
4351 4394
4351 4403
4351 4993
157 2266
157 2319
157 2693
199 163
199 207
199 229
199 1530
199 1808
199 2775
199 4218
561 292
561 300
561 326
561 328
561 335
561 337
561 341
561 342
561 346
561 349
561 360
561 381
561 399
561 412
561 421
561 423
561 427
561 435
561 439
561 457
561 460
561 478
561 481
561 495
561 502
561 510
561 512
561 522
561 524
561 530
561 536
561 539
561 541
561 555
561 559
561 562
561 564
561 565
561 566
561 567
561 569
561 572
561 1601
561 3352
561 3491
561 3638
561 3941
561 4091
561 4353
561 4375
561 4402
561 4841
4147 497
4147 2570
4147 3686
4147 4315
4147 4344
4147 4350
4147 4352
4147 4361
4147 4370
4147 4371
4147 4372
4147 4374
4147 4385
4147 4391
4147 4396
4147 4401
1334 1267
1334 1662
1334 1752
1334 1757
1334 1819
1334 1828
1334 1830
2265 2641
2265 2913
2265 2964
2265 2980
2265 2985
2265 2990
4373 430
4373 437
4373 825
4373 1060
4373 1066
4373 1590
4373 1649
4373 1708
4373 2458
4373 2641
4373 2699
4373 2914
4373 2967
4373 3463
4373 3536
4373 3642
4373 3715
4373 3735
4373 3797
4373 3845
4373 3857
4373 3867
4373 3901
4373 3907
4373 3962
4373 3982
4373 3993
4373 4003
4373 4032
4373 4033
4373 4040
4373 4105
4373 4109
4373 4140
4373 4144
4373 4150
4373 4153
4373 4165
4373 4170
4373 4179
4373 4182
4373 4187
4373 4210
4373 4221
4373 4224
4373 4237
4373 4246
4373 4255
4373 4256
4373 4257
4373 4281
4373 4282
4373 4284
4373 4311
4373 4349
4373 4354
4373 4359
4373 4360
4373 4375
4373 4377
4373 4379
4373 4393
4373 4398
4373 4997
152 185
152 2447
152 2913
152 4229
185 1809
185 1948
185 4247
2447 2414
2447 2773
2447 2873
2447 2902
2447 2912
2447 2969
2447 2970
2447 3084
2913 410
2913 455
2913 714
2913 2178
2913 2378
2913 2395
2913 2462
2913 2570
2913 2595
2913 2641
2913 2666
2913 2713
2913 2734
2913 2760
2913 2816
2913 2834
2913 2837
2913 2843
2913 2865
2913 2880
2913 2883
2913 2887
2913 2893
2913 2905
2913 2906
2913 2915
2913 2937
2913 2938
2913 2944
2913 2958
2913 2964
2913 2971
2913 2980
2913 2990
2913 3173
2913 3858
2913 4288
2913 4295
4229 818
4229 1835
4229 2520
4229 3470
4229 3513
4229 3792
4229 3911
4229 3985
4229 4037
4229 4177
4229 4268
4229 4317
4229 4337
4229 4339
4229 4364
4229 4376
4229 4380
4229 4389
4229 4394
4229 4403
153 180
153 1831
153 3322
153 4668
180 4079
180 4184
180 4576
1831 559
1831 566
1831 913
1831 1140
1831 1157
1831 1166
1831 1202
1831 1215
1831 1219
1831 1240
1831 1241
1831 1247
1831 1268
1831 1275
1831 1299
1831 1311
1831 1313
1831 1320
1831 1352
1831 1359
1831 1365
1831 1375
1831 1387
1831 1441
1831 1449
1831 1456
1831 1464
1831 1479
1831 1487
1831 1488
1831 1492
1831 1493
1831 1496
1831 1504
1831 1511
1831 1541
1831 1562
1831 1571
1831 1572
1831 1578
1831 1583
1831 1621
1831 1623
1831 1626
1831 1640
1831 1644
1831 1670
1831 1676
1831 1677
1831 1682
1831 1686
1831 1699
1831 1706
1831 1717
1831 1738
1831 1744
1831 1756
1831 1765
1831 1776
1831 1788
1831 1797
1831 1805
1831 1809
1831 1814
1831 1818
1831 1825
1831 1833
1831 1835
1831 2064
1831 2327
1831 2665
1831 2668
1831 2895
1831 3273
1831 4157
1831 4338
1831 4360
1831 4652
1831 4988
3322 3060
3322 3065
3322 3088
3322 3193
3322 3207
3322 3239
3322 3331
3322 3347
3322 3357
3322 3383
3322 3420
3322 3425
3322 3438
3322 3442
3322 3453
3322 4358
3322 4372
4668 486
4668 766
4668 1570
4668 4385
4668 4442
4668 4458
4668 4543
4668 4545
4668 4546
4668 4547
4668 4588
4668 4622
4668 4624
4668 4630
4668 4633
4668 4670
4668 4690
4668 4697
4668 4700
4668 4703
4668 4704
4668 4713
4668 4716
4668 4718
4668 4720
4668 4729
4668 4986
170 906
170 1715
170 2860
2080 771
2080 838
2080 1776
2080 1848
2080 1869
2080 1879
2080 1933
2080 1949
2080 1951
2080 1957
2080 1960
2080 1965
2080 1969
2080 2003
2080 2010
2080 2011
2080 2022
2080 2023
2080 2027
2080 2031
2080 2041
2080 2045
2080 2048
2080 2049
2080 2050
2080 2056
2080 2058
2080 2066
2080 2068
2080 2072
2080 2078
2080 2079
2080 2081
2080 2082
2080 2087
2080 2088
2080 2099
2080 2719
2080 2990
2080 4294
2080 4767
2080 4927
2460 1068
2460 2238
2460 2451
2460 2478
2460 2650
2460 2661
2460 2664
2460 2677
2460 2686
2460 2699
162 2677
162 3120
862 972
862 1020
862 1029
862 1057
862 1061
862 1075
3257 1547
3257 3019
3257 3046
3257 3370
3257 3372
3257 3442
3257 3452
3257 3459
4705 1057
4705 1358
4705 1615
4705 1772
4705 2662
4705 2760
4705 2871
4705 4233
4705 4405
4705 4427
4705 4431
4705 4434
4705 4436
4705 4451
4705 4455
4705 4489
4705 4491
4705 4524
4705 4567
4705 4569
4705 4570
4705 4580
4705 4591
4705 4608
4705 4609
4705 4616
4705 4621
4705 4626
4705 4635
4705 4637
4705 4644
4705 4648
4705 4649
4705 4662
4705 4682
4705 4691
4705 4692
4705 4698
4705 4706
4705 4707
4705 4708
4705 4710
4705 4711
4705 4715
4705 4719
4705 4721
4705 4728
4066 1830
4066 2880
4066 3483
4066 3589
4066 3631
4066 3653
4066 3830
4066 3866
4066 3956
4066 3992
4066 4006
4066 4139
4066 4181
4066 4200
4066 4207
2266 1812
2266 2354
2266 2902
2266 2959
2266 2963
2266 2984
2266 2985
2319 2210
2319 2254
2319 2349
2319 2507
2319 2600
2319 2848
2319 3853
2693 565
2693 2448
2693 2785
2693 2889
2693 2890
2693 2908
2693 2916
2693 2952
2693 2960
2693 2965
2693 2968
2693 2981
2693 2983
2693 2986
2693 3350
158 3354
158 4281
3354 1537
3354 1832
3354 2915
3354 3124
3354 3139
3354 3146
3354 3194
3354 3203
3354 3219
3354 3302
3354 3304
3354 3326
3354 3342
3354 3346
3354 3365
3354 3377
3354 3410
3354 3446
3354 3451
3354 3456
3354 3458
3354 4971
4281 956
4281 2036
4281 3266
4281 3946
4281 4140
4281 4144
4281 4165
4281 4179
4281 4187
4281 4198
4281 4210
4281 4224
4281 4256
4281 4257
4281 4282
4281 4284
4281 4311
4281 4338
4281 4349
4281 4354
4281 4359
4281 4375
4281 4379
4281 4393
4281 4398
1369 1214
1369 1342
1369 1601
1369 1699
1369 1759
1369 1807
1369 1817
1369 4359
2488 2348
2488 2350
2488 2385
2488 2433
2488 2506
2488 2528
2488 2552
2488 2688
2488 2903
2488 4556
3900 3820
3900 4199
3900 4318
3900 4323
3900 4340
3900 4355
3900 4362
3900 4369
3900 4382
3900 4388
3900 4887
3021 1821
3021 3204
3021 3340
3021 3367
3021 3440
4971 712
4971 1332
4971 4008
4971 4332
4971 4733
4971 4738
4971 4742
4971 4743
4971 4749
4971 4760
4971 4778
4971 4779
4971 4798
4971 4806
4971 4811
4971 4820
4971 4830
4971 4839
4971 4855
4971 4858
4971 4861
4971 4873
4971 4880
4971 4900
4971 4941
4971 4950
4971 4963
4971 4966
4971 4976
4971 4977
4971 4978
4971 4983
161 2502
161 4723
2502 2183
2502 2810
2502 2828
2502 2835
2502 2917
2502 2943
2502 2974
2502 3443
4723 486
4723 1080
4723 1490
4723 1563
4723 1722
4723 1818
4723 2061
4723 2218
4723 3334
4723 3430
4723 4085
4723 4337
4723 4410
4723 4417
4723 4430
4723 4433
4723 4439
4723 4442
4723 4460
4723 4468
4723 4473
4723 4476
4723 4487
4723 4490
4723 4495
4723 4503
4723 4517
4723 4518
4723 4519
4723 4520
4723 4523
4723 4528
4723 4529
4723 4535
4723 4542
4723 4544
4723 4549
4723 4559
4723 4563
4723 4564
4723 4565
4723 4572
4723 4577
4723 4578
4723 4585
4723 4590
4723 4592
4723 4593
4723 4594
4723 4597
4723 4618
4723 4619
4723 4628
4723 4629
4723 4631
4723 4632
4723 4638
4723 4651
4723 4652
4723 4658
4723 4662
4723 4669
4723 4671
4723 4673
4723 4675
4723 4676
4723 4680
4723 4688
4723 4689
4723 4693
4723 4694
4723 4707
4723 4712
4723 4714
4723 4717
4723 4724
4723 4728
4723 4729
4723 4962
4723 4963
2677 2184
2677 2241
2677 2335
2677 2451
2677 2478
2677 2481
2677 2512
2677 2661
2677 2664
2677 2686
2677 2699
2677 2799
2677 2830
2677 3440
2677 4097
3120 3273
3120 3388
3120 3430
3120 3436
3120 3444
3120 3449
3120 3647
163 1752
163 4685
1752 476
1752 1155
1752 1179
1752 1190
1752 1235
1752 1270
1752 1293
1752 1358
1752 1371
1752 1377
1752 1392
1752 1440
1752 1463
1752 1475
1752 1509
1752 1532
1752 1566
1752 1588
1752 1631
1752 1658
1752 1661
1752 1664
1752 1688
1752 1700
1752 1739
1752 1771
1752 1772
1752 1791
1752 1796
1752 1816
1752 2083
1752 2875
1752 3452
1752 3822
1752 3968
1752 4974
4685 499
4685 1065
4685 1826
4685 2965
4685 3625
4685 3994
4685 4018
4685 4420
4685 4436
4685 4454
4685 4456
4685 4468
4685 4472
4685 4478
4685 4510
4685 4514
4685 4516
4685 4532
4685 4534
4685 4552
4685 4553
4685 4555
4685 4580
4685 4602
4685 4603
4685 4606
4685 4612
4685 4617
4685 4638
4685 4646
4685 4656
4685 4661
4685 4677
4685 4701
968 870
968 902
968 1003
968 1006
968 1016
968 1021
968 1053
968 1061
968 1065
968 1075
968 2384
968 4280
4119 1624
4119 1652
4119 3432
4119 3595
4119 3741
4119 3752
4119 4103
4119 4173
4119 4178
4119 4181
4119 4206
4119 4218
4119 4223
4119 4278
4119 4292
4119 4296
4119 4314
4119 4325
4386 837
4386 1432
4386 1479
4386 1942
4386 2026
4386 2375
4386 2437
4386 2658
4386 2947
4386 3422
4386 3431
4386 3481
4386 3550
4386 3558
4386 3610
4386 3641
4386 3673
4386 3680
4386 3702
4386 3707
4386 3737
4386 3738
4386 3770
4386 3779
4386 3810
4386 3845
4386 3846
4386 3859
4386 3872
4386 3893
4386 3894
4386 3949
4386 3954
4386 3964
4386 3972
4386 3984
4386 4023
4386 4034
4386 4052
4386 4074
4386 4075
4386 4080
4386 4083
4386 4094
4386 4102
4386 4104
4386 4109
4386 4161
4386 4188
4386 4190
4386 4212
4386 4213
4386 4219
4386 4244
4386 4249
4386 4259
4386 4289
4386 4295
4386 4297
4386 4298
4386 4302
4386 4305
4386 4306
4386 4312
4386 4321
4386 4324
4386 4338
4386 4341
4386 4357
4386 4371
4386 4377
4386 4397
4386 4402
4386 4739
4386 4901
165 201
165 1581
165 1755
165 4253
201 229
201 1572
201 2860
201 3522
201 4358
1581 829
1581 1682
1581 1694
1581 1710
1581 1728
1581 1760
1581 1795
1581 1800
1581 1804
1581 1813
1581 1822
1581 4271
1755 1186
1755 1245
1755 1286
1755 1303
1755 1356
1755 1357
1755 1362
1755 1587
1755 1594
1755 1618
1755 1665
1755 1710
1755 1725
1755 1732
1755 1747
1755 1750
1755 1753
1755 1760
1755 1764
1755 1773
1755 1774
1755 1777
1755 1794
1755 1813
1755 1818
1755 1821
1755 1822
1755 2581
1755 2794
1755 2989
1755 3391
1755 4288
1755 4709
4253 551
4253 595
4253 3516
4253 3642
4253 3771
4253 3840
4253 3876
4253 3889
4253 3942
4253 3978
4253 3979
4253 4099
4253 4101
4253 4135
4253 4169
4253 4175
4253 4205
4253 4247
4253 4263
4253 4280
4253 4298
4253 4332
4253 4343
4253 4346
4253 4362
4253 4511
828 579
828 582
828 596
828 603
828 606
828 615
828 617
828 620
828 631
828 632
828 633
828 635
828 636
828 648
828 653
828 656
828 658
828 671
828 672
828 682
828 685
828 688
828 692
828 700
828 703
828 706
828 710
828 711
828 715
828 716
828 721
828 727
828 732
828 745
828 753
828 759
828 760
828 762
828 766
828 767
828 771
828 772
828 774
828 780
828 782
828 784
828 786
828 787
828 788
828 793
828 794
828 796
828 801
828 805
828 806
828 807
828 810
828 811
828 817
828 818
828 820
828 821
828 822
828 824
828 825
828 827
828 829
828 830
828 888
828 1077
828 1258
828 1470
828 1798
828 2223
828 2537
828 2871
828 2882
828 2960
828 2982
828 3334
828 3797
828 3897
828 4246
828 4703
4345 795
4345 2031
4345 2064
4345 2970
4345 3337
4345 3425
4345 3461
4345 3512
4345 3527
4345 3545
4345 3595
4345 3634
4345 3683
4345 3692
4345 3783
4345 3828
4345 3855
4345 3887
4345 3939
4345 3945
4345 3983
4345 4027
4345 4046
4345 4076
4345 4078
4345 4097
4345 4108
4345 4137
4345 4155
4345 4159
4345 4160
4345 4194
4345 4213
4345 4222
4345 4236
4345 4254
4345 4260
4345 4267
4345 4295
4345 4300
4345 4313
4345 4326
4345 4327
4345 4329
4345 4335
4345 4885
4345 4989
4691 1677
4691 1793
4691 2559
4691 3119
4691 3743
4691 4122
4691 4382
4691 4409
4691 4442
4691 4483
4691 4488
4691 4492
4691 4494
4691 4539
4691 4574
4691 4579
4691 4599
4691 4600
4691 4615
4691 4624
4691 4634
4691 4636
4691 4643
4691 4657
4691 4662
4691 4675
4691 4686
4691 4689
4691 4697
4691 4700
4691 4703
4691 4708
4691 4713
4691 4715
4691 4716
4691 4718
4691 4720
4691 4729
1038 432
1038 856
1038 860
1038 861
1038 869
1038 872
1038 881
1038 961
1038 986
1038 991
1038 993
1038 1017
1038 1030
1038 1031
1038 1033
1038 1049
1038 1058
1038 1066
1038 1073
1038 1076
1038 1267
1038 4182
1038 4438
1038 4601
3652 3644
3652 3677
3652 3902
3652 4011
3652 4184
3652 4209
2282 2314
2282 2441
2282 2480
2282 2692
2282 2795
2282 2809
2282 2840
2851 567
2851 1734
2851 2131
2851 2203
2851 2207
2851 2218
2851 2228
2851 2234
2851 2280
2851 2283
2851 2305
2851 2313
2851 2340
2851 2360
2851 2383
2851 2415
2851 2419
2851 2574
2851 2586
2851 2598
2851 2694
2851 2736
2851 2741
2851 2766
2851 2821
2851 2852
2851 2863
2851 4640
2851 4986
1028 791
1028 852
1028 905
1028 922
1028 925
1028 940
1028 960
1028 967
1028 992
1028 1010
1028 1016
1028 1018
1028 1019
1028 1021
1028 1053
1028 1055
1028 1057
1028 1059
1028 1061
1028 1065
1028 1080
1028 1695
1028 1777
1028 3385
3305 3075
3305 3249
3305 3281
3305 3301
3305 3378
3305 3404
3305 3412
3305 3427
3305 3437
3305 3448
3305 3455
3305 3460
3305 4289
3305 4375
906 857
906 979
906 981
906 1027
906 1054
906 1063
906 1072
1715 1294
1715 1370
1715 1399
1715 1530
1715 1543
1715 1564
1715 1569
1715 1585
1715 1627
1715 1629
1715 1632
1715 1718
1715 1727
1715 1737
1715 1745
1715 1746
1715 1749
1715 1762
1715 1783
1715 1801
1715 1816
1715 1818
1715 2144
1715 2867
1715 3353
1715 4714
1715 4868
2860 1744
2860 2142
2860 2193
2860 2252
2860 2289
2860 2323
2860 2401
2860 2450
2860 2461
2860 2477
2860 2487
2860 2551
2860 2633
2860 2665
2860 2671
2860 2698
2860 2706
2860 2776
2860 2788
2860 2801
2860 2818
2860 2862
2860 2891
2860 2940
2860 3316
2860 3959
2860 4603
171 821
171 2068
821 610
821 614
821 626
821 629
821 635
821 641
821 653
821 665
821 668
821 684
821 685
821 688
821 706
821 710
821 711
821 721
821 727
821 735
821 742
821 759
821 760
821 762
821 766
821 767
821 768
821 771
821 772
821 774
821 780
821 784
821 788
821 790
821 793
821 794
821 796
821 801
821 805
821 807
821 810
821 811
821 814
821 817
821 818
821 820
821 822
821 825
821 827
821 829
821 830
821 1064
821 1473
821 1552
821 2776
821 2891
821 3420
821 3421
821 3487
821 4076
821 4121
821 4338
821 4752
821 4934
2068 713
2068 969
2068 1840
2068 1848
2068 1886
2068 1895
2068 1961
2068 1965
2068 1967
2068 1972
2068 1979
2068 1981
2068 1995
2068 1999
2068 2018
2068 2019
2068 2061
2068 2064
2068 2065
2068 2072
2068 2078
2068 2081
2068 2082
2068 2083
2068 2087
2068 2099
2068 3427
2068 3485
2068 3655
2068 4716
1531 1309
1531 1595
1531 1674
1531 1705
1531 1708
1531 1767
1531 1791
1531 1806
1531 1820
1531 1826
1531 1832
1531 3604
1531 4619
2379 539
2379 2609
2379 2728
2379 2937
2379 2980
2379 2990
4250 451
4250 2845
4250 2914
4250 3453
4250 3671
4250 3744
4250 3999
4250 4045
4250 4075
4250 4098
4250 4100
4250 4239
4250 4243
4250 4264
4250 4288
4250 4301
4250 4339
4250 4356
4250 4360
4250 4364
4250 4380
4250 4394
4250 4403
1064 833
1064 845
1064 863
1064 890
1064 947
1064 949
1064 958
1064 982
1064 985
1064 989
1064 993
1064 994
1064 995
1064 999
1064 1000
1064 1004
1064 1005
1064 1009
1064 1022
1064 1023
1064 1025
1064 1034
1064 1042
1064 1044
1064 1045
1064 1051
1064 1052
1064 1060
1064 1067
1064 1068
1064 1069
1064 1071
1064 1074
1064 1077
1064 1078
1064 1080
1064 2679
1064 3872
1064 3996
1064 4294
1064 4306
1064 4371
1064 4980
4020 1703
4020 3664
4020 4154
4020 4243
4020 4264
4020 4317
4020 4376
4020 4377
4020 4394
174 1063
174 3067
174 4101
1063 838
1063 841
1063 857
1063 874
1063 877
1063 884
1063 888
1063 890
1063 896
1063 898
1063 903
1063 917
1063 936
1063 937
1063 939
1063 942
1063 953
1063 954
1063 955
1063 957
1063 977
1063 980
1063 981
1063 997
1063 1009
1063 1015
1063 1018
1063 1024
1063 1027
1063 1036
1063 1050
1063 1052
1063 1056
1063 1070
1063 1072
1063 1075
1063 1673
1063 1798
1063 3406
1063 3447
1063 4099
1063 4224
1063 4338
1063 4700
3067 3241
3067 3379
3067 3438
3067 3456
4101 2085
4101 3379
4101 3712
4101 3802
4101 3942
4101 4018
4101 4124
4101 4125
4101 4175
4101 4230
4101 4285
4101 4332
4101 4343
4101 4346
4101 4362
4101 4724
1797 1219
1797 1247
1797 1268
1797 1275
1797 1301
1797 1375
1797 1387
1797 1456
1797 1464
1797 1488
1797 1492
1797 1496
1797 1504
1797 1541
1797 1556
1797 1562
1797 1571
1797 1621
1797 1623
1797 1626
1797 1634
1797 1638
1797 1640
1797 1644
1797 1651
1797 1669
1797 1670
1797 1706
1797 1717
1797 1732
1797 1738
1797 1744
1797 1746
1797 1756
1797 1776
1797 1788
1797 1809
1797 1814
1797 1825
1797 1833
1797 1835
1797 2796
1797 2889
1797 2906
1797 2917
1797 3275
1797 3412
1797 3438
1797 3456
1797 4285
1797 4770
1797 4979
4401 665
4401 825
4401 1102
4401 1143
4401 1402
4401 1704
4401 2378
4401 2835
4401 2880
4401 2949
4401 2962
4401 2979
4401 3472
4401 3480
4401 3493
4401 3508
4401 3548
4401 3549
4401 3553
4401 3580
4401 3583
4401 3590
4401 3626
4401 3630
4401 3632
4401 3640
4401 3650
4401 3662
4401 3667
4401 3691
4401 3717
4401 3731
4401 3749
4401 3754
4401 3756
4401 3761
4401 3774
4401 3777
4401 3789
4401 3796
4401 3798
4401 3836
4401 3875
4401 3931
4401 3966
4401 3987
4401 3997
4401 4030
4401 4042
4401 4068
4401 4099
4401 4107
4401 4142
4401 4151
4401 4156
4401 4162
4401 4166
4401 4167
4401 4193
4401 4208
4401 4211
4401 4233
4401 4254
4401 4299
4401 4301
4401 4307
4401 4309
4401 4315
4401 4339
4401 4344
4401 4350
4401 4352
4401 4361
4401 4370
4401 4371
4401 4372
4401 4374
4401 4385
4401 4391
4401 4393
4401 4396
4401 4718
4401 4719
4401 4995
4401 4998
4401 4999
2367 2556
2367 2960
2367 2965
2367 2981
2367 2983
2367 2986
3283 2963
3283 3235
3283 3316
3283 3325
3283 3364
3283 3379
3283 3386
3283 3418
3283 3422
3283 3439
3283 3446
3283 3451
3283 3458
3283 3977
4344 1148
4344 1836
4344 1988
4344 2892
4344 3045
4344 3492
4344 3493
4344 3731
4344 3754
4344 3789
4344 3910
4344 3987
4344 4043
4344 4068
4344 4130
4344 4142
4344 4151
4344 4156
4344 4162
4344 4166
4344 4193
4344 4208
4344 4233
4344 4299
4344 4307
4344 4309
4344 4315
4344 4350
4344 4352
4344 4361
4344 4370
4344 4371
4344 4372
4344 4374
4344 4385
4344 4388
4344 4391
4344 4396
4344 4990
177 1329
177 4369
177 4585
1329 1297
1329 1789
1329 1824
4369 449
4369 525
4369 1040
4369 1376
4369 1733
4369 2816
4369 3229
4369 3482
4369 3492
4369 3521
4369 3604
4369 3636
4369 3638
4369 3646
4369 3660
4369 3666
4369 3701
4369 3716
4369 3734
4369 3766
4369 3788
4369 3803
4369 3816
4369 3823
4369 3824
4369 3850
4369 3895
4369 3897
4369 3899
4369 3925
4369 3953
4369 3970
4369 3971
4369 3972
4369 3984
4369 4001
4369 4044
4369 4047
4369 4058
4369 4060
4369 4062
4369 4104
4369 4116
4369 4186
4369 4188
4369 4192
4369 4194
4369 4199
4369 4217
4369 4283
4369 4318
4369 4323
4369 4340
4369 4342
4369 4347
4369 4355
4369 4365
4369 4382
4369 4388
4369 4498
4369 4740
4369 4976
4585 2952
4585 3921
4585 4618
4585 4671
4585 4701
4585 4703
4585 4712
4585 4717
4585 4724
4585 4728
306 447
306 527
306 560
306 573
306 1719
1753 788
1753 1183
1753 1286
1753 1309
1753 1310
1753 1357
1753 1470
1753 1548
1753 1560
1753 1589
1753 1618
1753 1672
1753 1676
1753 1682
1753 1704
1753 1710
1753 1728
1753 1732
1753 1742
1753 1747
1753 1750
1753 1760
1753 1764
1753 1773
1753 1777
1753 1781
1753 1804
1753 1813
1753 1822
1753 2545
1753 2986
1753 3147
1753 3581
4340 431
4340 1471
4340 2049
4340 2540
4340 2974
4340 3340
4340 3452
4340 3492
4340 3521
4340 3532
4340 3660
4340 3701
4340 3766
4340 3788
4340 3823
4340 3826
4340 3860
4340 3862
4340 3895
4340 3899
4340 3953
4340 3970
4340 3971
4340 3972
4340 4044
4340 4047
4340 4060
4340 4062
4340 4072
4340 4116
4340 4171
4340 4186
4340 4188
4340 4199
4340 4217
4340 4314
4340 4323
4340 4342
4340 4347
4340 4355
4340 4372
4340 4382
4340 4388
4340 4951
1921 1153
1921 1861
1921 1931
1921 1937
1921 1976
1921 2070
1921 2083
1921 2092
2893 829
2893 1519
2893 1714
2893 1734
2893 1901
2893 2152
2893 2192
2893 2310
2893 2409
2893 2498
2893 2595
2893 2621
2893 2707
2893 2713
2893 2790
2893 2799
2893 2816
2893 2840
2893 2865
2893 2880
2893 2881
2893 2903
2893 2906
2893 2915
2893 2931
2893 2937
2893 2948
2893 2967
2893 2971
2893 2979
2893 2980
2893 2990
2893 4644
4567 1036
4567 1638
4567 4550
4567 4577
4567 4648
4567 4692
4567 4698
4567 4706
4567 4710
4567 4719
4567 4721
4079 2576
4079 3621
4079 3655
4079 3726
4079 3730
4079 3762
4079 3861
4079 3917
4079 3937
4079 3944
4079 3952
4079 4039
4079 4215
4079 4224
4184 612
4184 3478
4184 3835
4184 3868
4184 3870
4184 3898
4184 3902
4184 3908
4184 4004
4184 4011
4184 4038
4184 4106
4184 4111
4184 4145
4184 4209
4184 4214
4184 4362
4184 4460
4576 4237
4576 4486
4576 4495
4576 4598
4576 4599
4576 4600
4576 4670
4576 4704
4576 4713
4576 4716
4576 4720
4576 4796
1806 558
1806 829
1806 1088
1806 1161
1806 1164
1806 1182
1806 1266
1806 1304
1806 1308
1806 1309
1806 1319
1806 1361
1806 1379
1806 1386
1806 1396
1806 1413
1806 1423
1806 1426
1806 1435
1806 1438
1806 1444
1806 1473
1806 1495
1806 1523
1806 1529
1806 1535
1806 1545
1806 1557
1806 1561
1806 1563
1806 1564
1806 1576
1806 1592
1806 1595
1806 1605
1806 1616
1806 1642
1806 1655
1806 1674
1806 1696
1806 1705
1806 1714
1806 1722
1806 1761
1806 1767
1806 1769
1806 1770
1806 1774
1806 1781
1806 1798
1806 1820
1806 1826
1806 1832
1806 2663
1806 3419
1806 3554
1806 3792
1806 4080
1806 4155
1806 4358
1806 4824
2806 1548
2806 2127
2806 2160
2806 2321
2806 2328
2806 2517
2806 2597
2806 2626
2806 2643
2806 2656
2806 2669
2806 2672
2806 2687
2806 2727
2806 2772
2806 2793
2806 2800
2806 2836
2806 2903
2806 3266
2806 4335
2806 4995
4055 940
4055 2931
4055 3515
4055 3546
4055 3552
4055 3776
4055 3794
4055 3923
4055 4077
4055 4149
4055 4238
4055 4240
4055 4266
4055 4272
4055 4358
2491 1022
2491 2889
2491 2896
2491 2920
2491 2925
2491 2937
2491 2963
2491 2978
2491 2984
2900 1423
2900 1905
2900 2140
2900 2208
2900 2212
2900 2235
2900 2242
2900 2255
2900 2291
2900 2337
2900 2465
2900 2509
2900 2513
2900 2544
2900 2558
2900 2572
2900 2576
2900 2601
2900 2613
2900 2674
2900 2681
2900 2714
2900 2718
2900 2729
2900 2777
2900 2783
2900 2786
2900 2813
2900 2833
2900 2868
2900 2883
2900 2899
2900 2925
2900 3459
2900 3863
2900 3866
2900 4707
3455 790
3455 816
3455 1067
3455 1150
3455 1487
3455 1759
3455 1764
3455 1770
3455 1826
3455 2917
3455 2934
3455 2992
3455 3024
3455 3043
3455 3049
3455 3056
3455 3062
3455 3082
3455 3095
3455 3106
3455 3123
3455 3125
3455 3145
3455 3176
3455 3225
3455 3228
3455 3233
3455 3241
3455 3242
3455 3245
3455 3253
3455 3262
3455 3270
3455 3297
3455 3301
3455 3311
3455 3312
3455 3320
3455 3333
3455 3345
3455 3368
3455 3373
3455 3374
3455 3379
3455 3391
3455 3394
3455 3396
3455 3399
3455 3405
3455 3406
3455 3407
3455 3412
3455 3417
3455 3427
3455 3428
3455 3431
3455 3434
3455 3437
3455 3438
3455 3443
3455 3444
3455 3448
3455 3450
3455 3456
3455 3458
3455 3460
3455 3804
3455 4728
3455 4996
183 1365
183 1903
183 4329
1365 1706
1365 1756
1365 1765
1365 1814
1365 1833
1365 1835
1365 2033
1903 2022
1903 2077
1903 2086
1903 2089
1903 2095
1903 2097
1903 2098
1903 2671
4329 811
4329 812
4329 1560
4329 2070
4329 2354
4329 3216
4329 3504
4329 3545
4329 3599
4329 3675
4329 3855
4329 3880
4329 3886
4329 3887
4329 3904
4329 3913
4329 3945
4329 3983
4329 3995
4329 4026
4329 4027
4329 4041
4329 4046
4329 4065
4329 4076
4329 4096
4329 4097
4329 4108
4329 4136
4329 4137
4329 4159
4329 4169
4329 4213
4329 4254
4329 4260
4329 4295
4329 4300
4329 4313
4329 4326
4329 4327
4329 4330
4329 4335
4329 4711
4329 4728
1201 1135
1201 1176
1201 1271
1201 1357
1201 1760
1201 1773
1201 1804
2736 1561
2736 2197
2736 2218
2736 2261
2736 2280
2736 2290
2736 2313
2736 2360
2736 2419
2736 2586
2736 2598
2736 2694
2736 2821
2736 2852
2736 2863
2736 2881
2736 4711
4700 436
4700 1604
4700 1610
4700 1748
4700 2756
4700 2840
4700 3338
4700 4499
4700 4508
4700 4515
4700 4540
4700 4545
4700 4546
4700 4557
4700 4558
4700 4588
4700 4596
4700 4624
4700 4636
4700 4641
4700 4655
4700 4656
4700 4663
4700 4667
4700 4670
4700 4675
4700 4679
4700 4680
4700 4686
4700 4689
4700 4695
4700 4704
4700 4708
4700 4710
4700 4713
4700 4715
4700 4716
4700 4718
4700 4720
4700 4729
4700 4984
1809 1140
1809 1202
1809 1215
1809 1247
1809 1299
1809 1301
1809 1308
1809 1313
1809 1320
1809 1352
1809 1359
1809 1375
1809 1387
1809 1449
1809 1456
1809 1464
1809 1479
1809 1487
1809 1492
1809 1493
1809 1496
1809 1504
1809 1524
1809 1541
1809 1556
1809 1571
1809 1601
1809 1623
1809 1626
1809 1640
1809 1644
1809 1670
1809 1677
1809 1706
1809 1717
1809 1738
1809 1744
1809 1756
1809 1765
1809 1774
1809 1776
1809 1788
1809 1804
1809 1814
1809 1825
1809 1833
1809 1835
1809 2002
1809 2643
1809 2944
1809 2958
1809 3291
1809 3417
1809 3555
1809 3969
1809 4050
1809 4234
1809 4592
1809 4606
1809 4717
1948 1598
1948 1911
1948 2017
1948 2038
1948 2077
1948 2084
1948 2086
1948 2089
1948 2094
1948 2098
4247 1792
4247 2861
4247 3114
4247 3771
4247 3811
4247 3871
4247 3977
4247 4010
4247 4018
4247 4098
4247 4117
4247 4124
4247 4125
4247 4135
4247 4139
4247 4228
4247 4230
4247 4263
4247 4276
4247 4280
4247 4285
4247 4314
4247 4332
4247 4343
4247 4362
830 510
830 554
830 579
830 588
830 599
830 603
830 610
830 614
830 615
830 617
830 625
830 629
830 631
830 633
830 635
830 636
830 638
830 648
830 653
830 656
830 658
830 665
830 671
830 676
830 679
830 682
830 684
830 685
830 692
830 700
830 703
830 706
830 710
830 711
830 715
830 721
830 723
830 727
830 735
830 745
830 751
830 759
830 760
830 762
830 766
830 767
830 771
830 772
830 774
830 780
830 784
830 788
830 793
830 794
830 796
830 800
830 801
830 802
830 805
830 807
830 810
830 811
830 817
830 818
830 820
830 822
830 823
830 825
830 827
830 829
830 2092
830 2389
830 2666
830 2809
830 3314
830 3410
830 3559
830 3806
830 4237
830 4295
830 4313
830 4714
830 4964
830 4996
3028 3299
3028 3376
3028 3436
3028 3441
3028 3444
3028 3449
4339 1505
4339 1631
4339 1895
4339 2117
4339 2245
4339 3575
4339 3618
4339 3646
4339 3649
4339 3669
4339 3697
4339 3818
4339 3884
4339 4017
4339 4047
4339 4054
4339 4092
4339 4095
4339 4098
4339 4148
4339 4154
4339 4167
4339 4174
4339 4215
4339 4239
4339 4252
4339 4294
4339 4301
4339 4317
4339 4330
4339 4337
4339 4356
4339 4364
4339 4376
4339 4380
4339 4394
4339 4403
4339 4844
1801 1082
1801 1171
1801 1184
1801 1197
1801 1208
1801 1210
1801 1212
1801 1225
1801 1230
1801 1263
1801 1291
1801 1292
1801 1294
1801 1302
1801 1306
1801 1366
1801 1384
1801 1411
1801 1432
1801 1459
1801 1476
1801 1499
1801 1511
1801 1530
1801 1549
1801 1569
1801 1590
1801 1617
1801 1627
1801 1629
1801 1632
1801 1635
1801 1669
1801 1689
1801 1718
1801 1727
1801 1737
1801 1745
1801 1746
1801 1749
1801 1762
1801 1783
1801 1803
1801 1816
1801 1818
1801 1835
1801 2631
1801 2642
1801 2980
1801 3151
1801 3565
1801 4204
1801 4320
1801 4380
1801 4751
2814 1073
2814 1377
2814 1397
2814 2134
2814 2202
2814 2362
2814 2380
2814 2561
2814 2581
2814 2585
2814 2644
2814 2650
2814 2670
2814 2768
2814 2837
2814 2845
2814 2869
2814 2895
2814 2898
2814 2939
2814 2949
2814 2950
2814 2953
2814 4176
3335 2981
3335 3008
3335 3233
3335 3337
3335 3341
3335 3376
3335 3388
3335 3390
3335 3431
3335 3432
3335 3441
3335 3444
3335 3449
3335 4468
188 1533
188 1659
188 3064
1533 1255
1533 1634
1533 1644
1533 1654
1533 1679
1533 1680
1533 1683
1533 1692
1533 1751
1533 1780
1533 1808
1533 4198
1659 1129
1659 1403
1659 1447
1659 1472
1659 1517
1659 1627
1659 1628
1659 1646
1659 1650
1659 1660
1659 1690
1659 1694
1659 1713
1659 1729
1659 1745
1659 1761
1659 4357
1659 4651
1659 4942
3064 2562
3064 3114
3064 3337
3064 3385
3064 3426
3064 3447
3064 3449
772 696
772 793
772 801
772 805
772 807
772 808
772 810
772 811
772 817
772 818
772 820
772 822
772 825
772 827
772 829
772 1872
772 2099
772 3392
772 3843
2942 409
2942 1062
2942 1782
2942 2146
2942 2206
2942 2221
2942 2226
2942 2245
2942 2402
2942 2403
2942 2479
2942 2684
2942 2711
2942 2719
2942 2720
2942 2747
2942 2749
2942 2752
2942 2767
2942 2778
2942 2794
2942 2796
2942 2805
2942 2822
2942 2842
2942 2854
2942 2855
2942 2888
2942 2895
2942 2902
2942 2905
2942 2923
2942 2926
2942 2932
2942 2947
2942 2961
2942 2969
2942 2970
2942 2974
2942 2975
2942 2982
2942 2989
2942 2995
2942 3342
2942 3403
2942 4326
2942 4355
2942 4659
2942 4678
3193 3058
3193 3300
3193 3350
3193 3397
3193 3424
3193 3429
3193 3442
3193 3457
3193 4673
4590 1630
4590 1790
4590 4450
4590 4470
4590 4506
4590 4680
4590 4688
4590 4694
4590 4714
4590 4717
4590 4724
4590 4728
689 800
689 808
689 814
689 815
689 824
689 829
1127 1763
1127 1778
1127 1787
1127 1793
1127 1830
1127 3577
2358 2819
2358 2823
2358 2827
2358 2863
2358 2877
2358 2894
2358 2934
2817 1152
2817 2274
2817 2297
2817 2330
2817 2406
2817 2627
2817 2636
2817 2657
2817 2672
2817 2690
2817 2726
2817 2737
2817 2764
2817 2765
2817 2849
2817 2864
2817 2910
2817 2927
2817 2948
2817 2990
2817 4322
2817 4919
2817 4930
2575 2695
2575 2773
2575 2854
2575 2873
2575 2914
2575 2923
2575 2932
2575 2970
2575 2982
2974 482
2974 572
2974 1131
2974 1555
2974 1672
2974 1779
2974 1832
2974 2153
2974 2155
2974 2171
2974 2205
2974 2227
2974 2232
2974 2240
2974 2295
2974 2296
2974 2316
2974 2327
2974 2357
2974 2389
2974 2431
2974 2464
2974 2504
2974 2590
2974 2596
2974 2606
2974 2615
2974 2618
2974 2620
2974 2637
2974 2645
2974 2654
2974 2655
2974 2659
2974 2675
2974 2722
2974 2735
2974 2756
2974 2762
2974 2789
2974 2810
2974 2811
2974 2815
2974 2830
2974 2835
2974 2856
2974 2865
2974 2870
2974 2874
2974 2886
2974 2907
2974 2917
2974 2958
2974 2962
2974 2966
2974 2967
2974 2973
2974 2983
2974 3333
2974 3441
2974 4612
4997 626
4997 1832
4997 2041
4997 2970
4997 2982
4997 3511
4997 3739
4997 4265
4997 4319
4997 4398
4997 4476
4997 4718
4997 4719
4997 4744
4997 4757
4997 4765
4997 4767
4997 4768
4997 4769
4997 4779
4997 4782
4997 4786
4997 4791
4997 4802
4997 4805
4997 4817
4997 4818
4997 4821
4997 4822
4997 4825
4997 4834
4997 4835
4997 4838
4997 4840
4997 4841
4997 4846
4997 4847
4997 4851
4997 4860
4997 4885
4997 4889
4997 4892
4997 4894
4997 4902
4997 4905
4997 4909
4997 4917
4997 4919
4997 4923
4997 4924
4997 4926
4997 4927
4997 4930
4997 4931
4997 4932
4997 4935
4997 4939
4997 4940
4997 4942
4997 4948
4997 4949
4997 4967
4997 4968
4997 4972
4997 4973
4997 4974
4997 4977
4997 4978
4997 4980
4997 4981
4997 4983
4997 4984
4997 4985
4997 4987
4997 4988
4997 4989
4997 4990
4997 4991
4997 4992
4997 4993
4997 4994
4997 4995
4997 4996
4997 4998
4997 4999
866 888
866 1024
866 1051
866 1056
866 1070
866 1072
866 3857
1955 1070
1955 1550
1955 1856
1955 1905
1955 2011
1955 2033
1955 2039
1955 2065
1955 2082
3767 578
3767 3651
3767 3721
3767 3891
3767 4035
3767 4054
3767 4138
3767 4143
3767 4169
3189 3153
3189 3256
3189 3267
3189 3294
3189 3324
3189 3397
3189 3427
3189 3429
3189 3457
4354 504
4354 2105
4354 2497
4354 2881
4354 2965
4354 3441
4354 3449
4354 3577
4354 3723
4354 3808
4354 3945
4354 3962
4354 3973
4354 3998
4354 4032
4354 4033
4354 4105
4354 4109
4354 4140
4354 4150
4354 4153
4354 4165
4354 4182
4354 4187
4354 4210
4354 4224
4354 4230
4354 4246
4354 4255
4354 4256
4354 4257
4354 4282
4354 4284
4354 4288
4354 4311
4354 4342
4354 4349
4354 4359
4354 4375
4354 4379
4354 4393
4354 4398
4354 4415
4354 4607
4354 4642
4354 4866
4728 355
4728 573
4728 790
4728 1495
4728 2622
4728 2821
4728 2889
4728 2918
4728 2979
4728 2986
4728 3288
4728 3348
4728 3503
4728 4261
4728 4417
4728 4429
4728 4430
4728 4433
4728 4441
4728 4448
4728 4450
4728 4452
4728 4458
4728 4460
4728 4473
4728 4479
4728 4481
4728 4487
4728 4490
4728 4495
4728 4496
4728 4501
4728 4505
4728 4506
4728 4512
4728 4517
4728 4519
4728 4520
4728 4527
4728 4529
4728 4531
4728 4535
4728 4542
4728 4544
4728 4549
4728 4559
4728 4563
4728 4564
4728 4565
4728 4566
4728 4572
4728 4578
4728 4581
4728 4592
4728 4594
4728 4597
4728 4600
4728 4614
4728 4618
4728 4620
4728 4628
4728 4629
4728 4631
4728 4632
4728 4633
4728 4637
4728 4640
4728 4651
4728 4652
4728 4658
4728 4671
4728 4673
4728 4676
4728 4686
4728 4687
4728 4688
4728 4693
4728 4694
4728 4712
4728 4714
4728 4717
4728 4724
4728 4909
2759 1832
2759 2271
2759 2571
2759 2587
2759 2605
2759 2670
2759 2766
2759 2832
2759 2848
2759 2898
2759 2918
2759 2924
2759 2928
2759 2929
2759 2932
2759 2939
2759 2953
2759 2975
2759 4149
2951 328
2951 496
2951 1688
2951 1767
2951 2170
2951 2298
2951 2325
2951 2347
2951 2390
2951 2436
2951 2497
2951 2501
2951 2516
2951 2526
2951 2635
2951 2675
2951 2679
2951 2685
2951 2689
2951 2695
2951 2700
2951 2717
2951 2723
2951 2733
2951 2742
2951 2748
2951 2754
2951 2760
2951 2815
2951 2820
2951 2844
2951 2882
2951 2896
2951 2920
2951 2922
2951 2954
2951 2956
2951 2959
2951 2963
2951 2978
2951 2984
2951 2985
2951 3150
2951 3299
2951 3376
2951 3447
2951 3874
2951 3902
3851 534
3851 4302
3851 4305
3851 4324
3851 4372
3851 4377
3851 4397
4322 332
4322 819
4322 1010
4322 2158
4322 3465
4322 3596
4322 3612
4322 3654
4322 3722
4322 3742
4322 3763
4322 3765
4322 3773
4322 3906
4322 3938
4322 3951
4322 4019
4322 4048
4322 4050
4322 4073
4322 4118
4322 4134
4322 4168
4322 4195
4322 4196
4322 4214
4322 4225
4322 4227
4322 4239
4322 4269
4322 4275
4322 4284
4322 4320
4322 4331
4322 4336
4322 4358
4322 4367
4322 4621
4322 4744
4322 4982
1722 705
1722 1081
1722 1276
1722 1301
1722 1308
1722 1328
1722 1423
1722 1426
1722 1524
1722 1545
1722 1595
1722 1642
1722 1674
1722 1696
1722 1734
1722 1761
1722 1767
1722 1769
1722 1770
1722 1781
1722 1798
1722 1820
1722 1826
1722 1832
1722 4276
1722 4352
1722 4515
1978 1343
1978 1732
1978 1910
1978 1931
1978 1967
1978 1976
1978 1994
1978 2064
1978 2071
1978 2079
1978 2083
1978 2092
3914 1030
3914 3495
3914 3562
3914 4028
3914 4100
3914 4205
3914 4230
3914 4263
3914 4285
3914 4343
3914 4346
1835 354
1835 558
1835 1103
1835 1140
1835 1166
1835 1174
1835 1194
1835 1202
1835 1215
1835 1219
1835 1240
1835 1241
1835 1247
1835 1268
1835 1275
1835 1299
1835 1301
1835 1311
1835 1313
1835 1339
1835 1352
1835 1375
1835 1387
1835 1441
1835 1449
1835 1456
1835 1463
1835 1479
1835 1487
1835 1488
1835 1492
1835 1493
1835 1496
1835 1504
1835 1509
1835 1522
1835 1541
1835 1556
1835 1562
1835 1571
1835 1572
1835 1621
1835 1623
1835 1626
1835 1638
1835 1640
1835 1644
1835 1670
1835 1677
1835 1686
1835 1706
1835 1717
1835 1738
1835 1744
1835 1756
1835 1765
1835 1776
1835 1788
1835 1814
1835 1822
1835 1825
1835 1826
1835 1833
1835 1885
1835 2530
1835 2551
1835 2909
1835 2916
1835 3867
1835 3923
1835 4350
1835 4371
1835 4570
1835 4643
1835 4979
1835 4996
2965 1058
2965 1470
2965 2141
2965 2157
2965 2308
2965 2342
2965 2393
2965 2420
2965 2428
2965 2437
2965 2519
2965 2534
2965 2550
2965 2563
2965 2566
2965 2607
2965 2628
2965 2658
2965 2660
2965 2688
2965 2724
2965 2740
2965 2745
2965 2746
2965 2751
2965 2770
2965 2785
2965 2803
2965 2824
2965 2831
2965 2837
2965 2850
2965 2857
2965 2876
2965 2890
2965 2904
2965 2908
2965 2911
2965 2912
2965 2916
2965 2919
2965 2923
2965 2952
2965 2959
2965 2960
2965 2968
2965 2981
2965 2983
2965 2986
2965 3470
2965 4069
2965 4222
2965 4397
2965 4697
2965 4998
4072 1758
4072 3812
4072 4001
4072 4047
4072 4171
4072 4188
4072 4192
4072 4199
4072 4318
4072 4323
4072 4342
4072 4347
4072 4382
4072 4388
4072 4551
197 748
197 2585
197 4313
197 4531
748 642
748 695
748 707
748 720
748 733
748 742
748 781
748 786
748 802
748 803
748 806
748 819
748 823
748 1796
748 3315
2585 491
2585 2614
2585 2797
2585 2848
2585 2876
2585 2898
2585 2924
2585 2928
2585 2949
2585 2950
4313 627
4313 2436
4313 2783
4313 3115
4313 3317
4313 3595
4313 3599
4313 3613
4313 3880
4313 3886
4313 3887
4313 3904
4313 3927
4313 3939
4313 3945
4313 3983
4313 3995
4313 4017
4313 4076
4313 4078
4313 4097
4313 4108
4313 4137
4313 4159
4313 4160
4313 4194
4313 4222
4313 4236
4313 4254
4313 4260
4313 4267
4313 4294
4313 4300
4313 4327
4313 4333
4313 4335
4313 4389
4313 4724
4531 4571
4531 4596
4531 4675
4531 4704
4531 4708
4531 4716
4531 4720
4531 4729
4531 4935
4151 320
4151 2896
4151 3300
4151 3581
4151 4307
4151 4315
4151 4350
4151 4361
4151 4370
4151 4371
4151 4372
4151 4374
4151 4385
4151 4391
4151 4396
4151 4397
4670 1619
4670 2845
4670 2969
4670 4457
4670 4546
4670 4636
4670 4656
4670 4657
4670 4686
4670 4689
4670 4695
4670 4697
4670 4703
4670 4708
4670 4715
4670 4716
4670 4718
4670 4720
4670 4724
4670 4729
4675 505
4675 2592
4675 3439
4675 4360
4675 4457
4675 4574
4675 4615
4675 4630
4675 4666
4675 4679
4675 4686
4675 4689
4675 4693
4675 4697
4675 4703
4675 4704
4675 4713
4675 4715
4675 4716
4675 4718
4675 4720
4675 4729
4675 4804
207 229
207 1074
207 1830
207 3336
207 3670
229 295
229 1880
229 4082
229 4482
229 4720
1530 1282
1530 1573
1530 1632
1530 1718
1530 1749
1530 1762
1530 1803
1530 1816
1530 1818
1530 2832
1530 2852
1808 904
1808 996
1808 1091
1808 1092
1808 1117
1808 1123
1808 1125
1808 1145
1808 1165
1808 1182
1808 1185
1808 1187
1808 1196
1808 1220
1808 1223
1808 1242
1808 1273
1808 1283
1808 1295
1808 1335
1808 1350
1808 1351
1808 1409
1808 1411
1808 1437
1808 1442
1808 1451
1808 1471
1808 1499
1808 1516
1808 1521
1808 1540
1808 1548
1808 1550
1808 1552
1808 1583
1808 1597
1808 1634
1808 1636
1808 1649
1808 1653
1808 1654
1808 1673
1808 1679
1808 1680
1808 1683
1808 1692
1808 1739
1808 1751
1808 1766
1808 1780
1808 1807
1808 2060
1808 2722
1808 3121
1808 3420
1808 3447
1808 3573
1808 4327
1808 4342
1808 4465
2775 1789
2775 2116
2775 2160
2775 2204
2775 2250
2775 2255
2775 2399
2775 2473
2775 2482
2775 2527
2775 2573
2775 2616
2775 2653
2775 2678
2775 2684
2775 2704
2775 2705
2775 2757
2775 2906
2775 3071
2775 4708
2775 4729
4218 3230
4218 3473
4218 3486
4218 3488
4218 3554
4218 3620
4218 3729
4218 3752
4218 4051
4218 4103
4218 4173
4218 4178
4218 4181
4218 4206
4218 4223
4218 4278
4218 4280
4218 4292
4218 4296
4218 4314
4218 4325
4218 4343
4218 4992
1691 1092
1691 1132
1691 1163
1691 1174
1691 1189
1691 1277
1691 1343
1691 1380
1691 1381
1691 1390
1691 1450
1691 1462
1691 1491
1691 1515
1691 1528
1691 1537
1691 1709
1691 2484
1691 2510
1691 2547
1691 4372
2164 1957
2164 2408
2164 2551
2164 2725
2164 2826
2164 2853
4539 1705
4539 2540
4539 4548
4539 4589
4539 4604
4539 4610
4539 4647
4539 4664
4539 4665
4539 4709
1572 860
1572 1087
1572 1301
1572 1677
1572 1756
1572 1776
1572 1814
1572 1825
1572 1833
1572 3345
3522 1813
3522 4144
3522 4364
3522 4376
4358 461
4358 1239
4358 2782
4358 2850
4358 2924
4358 2959
4358 3377
4358 3465
4358 3497
4358 3510
4358 3546
4358 3612
4358 3623
4358 3635
4358 3654
4358 3664
4358 3682
4358 3727
4358 3763
4358 3773
4358 3801
4358 3812
4358 3813
4358 3868
4358 3874
4358 3906
4358 3951
4358 3989
4358 4019
4358 4048
4358 4050
4358 4056
4358 4064
4358 4073
4358 4118
4358 4134
4358 4155
4358 4168
4358 4196
4358 4214
4358 4225
4358 4227
4358 4269
4358 4275
4358 4287
4358 4320
4358 4328
4358 4331
4358 4334
4358 4336
4358 4367
4358 4370
4358 4391
4358 4977
573 295
573 301
573 304
573 305
573 310
573 332
573 336
573 343
573 354
573 355
573 358
573 362
573 382
573 385
573 391
573 398
573 405
573 406
573 416
573 419
573 428
573 437
573 438
573 446
573 451
573 454
573 476
573 483
573 497
573 502
573 505
573 515
573 522
573 523
573 527
573 529
573 530
573 532
573 535
573 537
573 543
573 546
573 549
573 551
573 554
573 556
573 558
573 562
573 563
573 565
573 566
573 567
573 569
573 570
573 572
573 575
573 706
573 767
573 787
573 820
573 1107
573 1190
573 1607
573 2910
573 2923
573 3080
573 3419
573 4686
573 4694
2054 1781
2054 1907
2054 1925
2054 1944
2054 2005
2054 2025
2054 2029
2054 2043
2054 2055
2054 2057
2054 2067
2054 2073
2054 2074
2054 2077
2054 2084
2054 2086
2054 2089
2054 2090
2054 2095
2054 2097
2054 2098
2054 3358
2968 472
2968 512
2968 1441
2968 1970
2968 2131
2968 2198
2968 2294
2968 2309
2968 2342
2968 2356
2968 2393
2968 2420
2968 2471
2968 2519
2968 2530
2968 2532
2968 2534
2968 2563
2968 2566
2968 2607
2968 2658
2968 2660
2968 2681
2968 2718
2968 2737
2968 2740
2968 2745
2968 2751
2968 2770
2968 2785
2968 2802
2968 2803
2968 2824
2968 2829
2968 2831
2968 2850
2968 2857
2968 2876
2968 2890
2968 2904
2968 2908
2968 2911
2968 2912
2968 2914
2968 2916
2968 2919
2968 2934
2968 2952
2968 2960
2968 2980
2968 2981
2968 2983
2968 2986
2968 3446
2968 3457
2968 3501
2968 3843
2968 4300
1452 881
1452 1109
1452 1131
1452 1214
1452 1406
1452 1433
1452 1762
1452 1805
1452 1819
1452 1836
1866 1995
1866 2059
1866 2060
1866 2090
1866 2091
4683 527
4683 1819
4683 1830
4683 2028
4683 2982
4683 4446
4683 4462
4683 4474
4683 4507
4683 4513
4683 4522
4683 4548
4683 4552
4683 4573
4683 4587
4683 4601
4683 4610
4683 4611
4683 4613
4683 4623
4683 4625
4683 4639
4683 4642
4683 4650
4683 4654
4683 4656
4683 4665
4683 4674
4683 4687
4683 4690
4683 4696
4683 4709
4683 4994
604 665
604 742
604 803
604 819
604 823
604 2498
2989 650
2989 953
2989 1009
2989 1056
2989 1668
2989 1888
2989 2108
2989 2118
2989 2124
2989 2139
2989 2154
2989 2165
2989 2173
2989 2200
2989 2242
2989 2245
2989 2286
2989 2296
2989 2297
2989 2302
2989 2312
2989 2345
2989 2352
2989 2377
2989 2387
2989 2402
2989 2403
2989 2414
2989 2415
2989 2416
2989 2509
2989 2520
2989 2524
2989 2565
2989 2579
2989 2589
2989 2603
2989 2632
2989 2648
2989 2653
2989 2695
2989 2719
2989 2720
2989 2729
2989 2732
2989 2739
2989 2747
2989 2752
2989 2767
2989 2773
2989 2779
2989 2780
2989 2793
2989 2794
2989 2796
2989 2798
2989 2805
2989 2807
2989 2822
2989 2841
2989 2854
2989 2855
2989 2858
2989 2867
2989 2873
2989 2888
2989 2894
2989 2899
2989 2902
2989 2905
2989 2914
2989 2923
2989 2926
2989 2932
2989 2947
2989 2950
2989 2961
2989 2969
2989 2970
2989 2975
2989 2982
2989 3348
2989 3422
2989 3537
2989 3842
2989 3854
2989 4167
2989 4230
2989 4269
2989 4323
4056 2869
4056 3639
4056 3874
4056 3948
4056 4118
4056 4155
4056 4269
4056 4287
4056 4331
4056 4336
4056 4367
4056 4927
4275 441
4275 2094
4275 2874
4275 3440
4275 3612
4275 3688
4275 3753
4275 3807
4275 3812
4275 3813
4275 3906
4275 3981
4275 4050
4275 4064
4275 4073
4275 4118
4275 4158
4275 4168
4275 4195
4275 4196
4275 4225
4275 4227
4275 4287
4275 4305
4275 4320
4275 4331
4275 4334
4275 4336
4275 4367
4275 4805
678 669
678 753
678 761
678 795
678 798
678 804
678 812
678 827
678 1747
797 577
797 591
797 600
797 609
797 616
797 630
797 645
797 661
797 677
797 681
797 696
797 699
797 717
797 719
797 723
797 730
797 731
797 736
797 738
797 743
797 752
797 753
797 754
797 765
797 770
797 777
797 785
797 787
797 795
797 798
797 804
797 812
797 1143
797 1188
797 2512
797 3803
797 3814
797 4272
2940 361
2940 527
2940 1066
2940 1556
2940 1718
2940 1759
2940 2109
2940 2135
2940 2142
2940 2163
2940 2172
2940 2186
2940 2193
2940 2252
2940 2289
2940 2303
2940 2323
2940 2363
2940 2384
2940 2392
2940 2401
2940 2434
2940 2450
2940 2477
2940 2487
2940 2494
2940 2551
2940 2553
2940 2622
2940 2633
2940 2665
2940 2671
2940 2673
2940 2676
2940 2698
2940 2755
2940 2776
2940 2788
2940 2801
2940 2858
2940 2862
2940 2891
2940 4894
2940 4903
761 703
761 730
761 731
761 736
761 743
761 754
761 765
761 770
761 777
761 795
761 798
761 804
761 812
761 818
761 1040
761 2077
761 4243
3775 1475
3775 3857
3775 4040
3775 4061
3775 4132
3775 4158
3775 4262
3775 4271
3775 4290
4330 1092
4330 1320
4330 1345
4330 2093
4330 3172
4330 3574
4330 3618
4330 3755
4330 3764
4330 3804
4330 3860
4330 3890
4330 3918
4330 3948
4330 3994
4330 3998
4330 4082
4330 4092
4330 4174
4330 4236
4330 4243
4330 4252
4330 4254
4330 4264
4330 4288
4330 4301
4330 4317
4330 4337
4330 4355
4330 4356
4330 4360
4330 4364
4330 4376
4330 4380
4330 4394
4330 4403
4330 4406
4330 4927
4330 4988
4688 643
4688 2083
4688 2567
4688 2926
4688 4259
4688 4410
4688 4471
4688 4473
4688 4509
4688 4545
4688 4563
4688 4570
4688 4572
4688 4577
4688 4581
4688 4594
4688 4600
4688 4614
4688 4619
4688 4629
4688 4640
4688 4652
4688 4671
4688 4693
4688 4694
4688 4712
4688 4714
4688 4717
4688 4720
4688 4724
4688 4861
1074 429
1074 457
1074 785
1074 838
1074 846
1074 851
1074 864
1074 872
1074 879
1074 882
1074 907
1074 911
1074 920
1074 921
1074 923
1074 942
1074 948
1074 949
1074 952
1074 975
1074 976
1074 985
1074 1000
1074 1002
1074 1003
1074 1005
1074 1007
1074 1009
1074 1010
1074 1013
1074 1014
1074 1022
1074 1025
1074 1026
1074 1037
1074 1042
1074 1044
1074 1048
1074 1051
1074 1062
1074 1068
1074 1071
1074 1075
1074 1076
1074 1077
1074 1078
1074 1080
1074 1375
1074 1476
1074 1833
1074 4315
1074 4638
1074 4946
1830 570
1830 1076
1830 1101
1830 1104
1830 1109
1830 1131
1830 1199
1830 1206
1830 1208
1830 1231
1830 1248
1830 1258
1830 1281
1830 1289
1830 1297
1830 1337
1830 1342
1830 1360
1830 1399
1830 1406
1830 1418
1830 1434
1830 1445
1830 1467
1830 1477
1830 1481
1830 1485
1830 1503
1830 1505
1830 1510
1830 1513
1830 1514
1830 1518
1830 1520
1830 1549
1830 1554
1830 1558
1830 1575
1830 1601
1830 1631
1830 1633
1830 1652
1830 1665
1830 1685
1830 1693
1830 1695
1830 1697
1830 1699
1830 1702
1830 1714
1830 1719
1830 1757
1830 1758
1830 1759
1830 1796
1830 1804
1830 1805
1830 1807
1830 1819
1830 1828
1830 1836
1830 2630
1830 2961
1830 3577
1830 4200
1830 4309
1830 4359
1830 4664
1830 4980
1830 4992
3336 2148
3336 3295
3336 3301
3336 3394
3336 3396
3336 3399
3336 3406
3336 3417
3336 3428
3336 3437
3336 3438
3336 3443
3336 3448
3336 3456
3336 3460
3336 4690
3670 2873
3670 3868
3670 4091
3670 4262
3670 4286
3670 4290
753 699
753 700
753 717
753 719
753 736
753 765
753 777
753 795
753 798
753 804
753 812
753 1062
753 2092
753 3725
782 482
782 575
782 598
782 668
782 698
782 737
782 749
782 768
782 776
782 783
782 785
782 787
782 789
782 790
782 791
782 802
782 808
782 814
782 816
782 824
782 825
782 1317
782 1543
782 2836
1032 578
1032 837
1032 851
1032 879
1032 887
1032 899
1032 979
1032 996
1032 1014
1032 1022
1032 1037
1032 1041
1032 1044
1032 1060
1032 1062
1032 1069
1032 1071
1032 1077
1032 1078
1032 1080
1032 3949
1032 4370
1032 4930
1058 351
1058 780
1058 854
1058 855
1058 881
1058 919
1058 924
1058 927
1058 928
1058 931
1058 932
1058 962
1058 963
1058 965
1058 974
1058 986
1058 991
1058 1011
1058 1017
1058 1030
1058 1031
1058 1045
1058 1046
1058 1049
1058 1066
1058 1068
1058 1073
1058 1076
1058 1077
1058 3060
1058 4003
1058 4106
1058 4424
2082 1219
2082 1568
2082 1856
2082 1869
2082 1876
2082 1964
2082 1979
2082 1981
2082 1988
2082 1993
2082 1997
2082 2002
2082 2003
2082 2019
2082 2023
2082 2031
2082 2033
2082 2040
2082 2041
2082 2042
2082 2045
2082 2048
2082 2049
2082 2055
2082 2056
2082 2061
2082 2065
2082 2067
2082 2072
2082 2077
2082 2081
2082 2087
2082 2088
2082 2093
2082 2099
2082 2480
2082 2527
2082 2979
2082 2981
2082 3908
2082 4256
2082 4388
3173 3008
3173 3233
3173 3315
3173 3430
3173 3431
3173 3432
3173 3441
4996 783
4996 1540
4996 1738
4996 1743
4996 1781
4996 2452
4996 2973
4996 3799
4996 4028
4996 4092
4996 4370
4996 4380
4996 4731
4996 4733
4996 4754
4996 4766
4996 4772
4996 4775
4996 4777
4996 4782
4996 4791
4996 4802
4996 4805
4996 4821
4996 4822
4996 4823
4996 4825
4996 4826
4996 4834
4996 4838
4996 4839
4996 4840
4996 4841
4996 4842
4996 4860
4996 4867
4996 4878
4996 4889
4996 4894
4996 4902
4996 4905
4996 4910
4996 4914
4996 4917
4996 4919
4996 4923
4996 4924
4996 4927
4996 4930
4996 4932
4996 4935
4996 4939
4996 4942
4996 4946
4996 4948
4996 4949
4996 4952
4996 4958
4996 4967
4996 4968
4996 4972
4996 4973
4996 4974
4996 4977
4996 4978
4996 4981
4996 4983
4996 4984
4996 4985
4996 4986
4996 4987
4996 4988
4996 4989
4996 4990
4996 4991
4996 4992
4996 4993
4996 4994
4996 4995
4996 4998
4996 4999
1770 357
1770 497
1770 1060
1770 1134
1770 1253
1770 1308
1770 1413
1770 1423
1770 1430
1770 1435
1770 1495
1770 1523
1770 1529
1770 1545
1770 1561
1770 1576
1770 1592
1770 1595
1770 1655
1770 1674
1770 1696
1770 1700
1770 1705
1770 1708
1770 1761
1770 1769
1770 1779
1770 1781
1770 1788
1770 1798
1770 1820
1770 1822
1770 1826
1770 1832
1770 2892
1770 3602
1770 3730
1770 3985
2863 1776
2863 2071
2863 2203
2863 2207
2863 2218
2863 2228
2863 2261
2863 2280
2863 2283
2863 2290
2863 2305
2863 2313
2863 2340
2863 2360
2863 2383
2863 2419
2863 2574
2863 2586
2863 2598
2863 2645
2863 2694
2863 2741
2863 2819
2863 2821
2863 2852
2863 3293
2863 3839
2863 4729
3500 3759
3500 3922
3500 4093
3500 4197
3500 4244
4902 3828
4902 4713
4902 4907
4902 4970
4902 4980
4902 4981
4902 4985
4902 4988
4902 4989
4902 4990
4902 4993
4902 4994
4902 4998
1412 1086
1412 1542
1412 1625
1412 1701
1412 1707
1412 1723
1412 1787
1412 1793
1412 2574
4032 2719
4032 4252
4032 4284
4032 4375
4032 4379
4032 4393
4032 4398
4236 1018
4236 1075
4236 1303
4236 2958
4236 3527
4236 3547
4236 3613
4236 3880
4236 3927
4236 3995
4236 4027
4236 4065
4236 4078
4236 4097
4236 4160
4236 4193
4236 4213
4236 4222
4236 4254
4236 4260
4236 4295
4236 4300
4236 4327
4236 4372
4716 567
4716 983
4716 1814
4716 1888
4716 2975
4716 3240
4716 3986
4716 4061
4716 4252
4716 4294
4716 4374
4716 4409
4716 4415
4716 4426
4716 4444
4716 4445
4716 4459
4716 4484
4716 4493
4716 4497
4716 4499
4716 4512
4716 4515
4716 4545
4716 4546
4716 4556
4716 4557
4716 4568
4716 4571
4716 4574
4716 4595
4716 4596
4716 4599
4716 4615
4716 4622
4716 4624
4716 4630
4716 4636
4716 4641
4716 4642
4716 4660
4716 4663
4716 4666
4716 4678
4716 4679
4716 4686
4716 4689
4716 4695
4716 4697
4716 4703
4716 4704
4716 4708
4716 4712
4716 4713
4716 4715
4716 4718
4716 4719
4716 4720
4716 4724
4716 4729
4716 4778
4716 4846
212 1504
212 1515
212 3439
212 4143
1504 1561
1504 1638
1504 1706
1504 1788
1504 1825
1504 1833
1504 2453
1504 4355
1515 1076
1515 1132
1515 1277
1515 1381
1515 1489
1515 1537
1515 1598
1515 1709
1515 3116
3439 814
3439 1000
3439 1126
3439 2557
3439 2991
3439 2994
3439 2999
3439 3016
3439 3051
3439 3091
3439 3107
3439 3124
3439 3134
3439 3141
3439 3161
3439 3172
3439 3178
3439 3185
3439 3202
3439 3213
3439 3218
3439 3219
3439 3254
3439 3277
3439 3288
3439 3289
3439 3291
3439 3292
3439 3302
3439 3308
3439 3310
3439 3316
3439 3317
3439 3319
3439 3321
3439 3325
3439 3346
3439 3355
3439 3362
3439 3364
3439 3365
3439 3386
3439 3388
3439 3401
3439 3409
3439 3410
3439 3418
3439 3422
3439 3426
3439 3429
3439 3444
3439 3446
3439 3451
3439 3458
3439 3693
3439 3743
3439 4046
3439 4292
3439 4328
3439 4393
4143 1731
4143 2551
4143 3484
4143 3533
4143 3611
4143 3698
4143 3769
4143 3821
4143 3833
4143 3891
4143 3952
4143 3969
4143 3988
4143 4054
4143 4138
4143 4169
1042 851
1042 873
1042 882
1042 904
1042 916
1042 920
1042 943
1042 947
1042 951
1042 1021
1042 1023
1042 1025
1042 1040
1042 1041
1042 1048
1042 1060
1042 1062
1042 1067
1042 1069
1042 1077
1042 1078
1042 1080
1042 1769
1042 2040
1042 3388
1042 4625
1042 4642
1232 1716
1232 1789
1232 1812
1232 4161
3951 3383
3951 3612
3951 3669
3951 4287
3951 4320
3951 4334
3951 4367
3951 4394
3951 4412
4657 409
4657 1236
4657 4113
4657 4489
4657 4494
4657 4512
4657 4596
4657 4655
4657 4660
4657 4678
4657 4695
4657 4708
4657 4713
4657 4715
4657 4718
4657 4719
4657 4720
4657 4729
234 221
234 724
234 1672
234 2078
234 2864
234 2984
234 3614
1005 914
1005 933
1005 989
1005 1022
1005 1023
1005 1025
1005 1029
1005 1045
1005 1052
1005 1068
1005 1077
1005 1078
1005 1080
1005 1794
1005 2091
1429 1417
1429 1551
1429 1568
1429 1668
1429 1703
1429 1726
1429 1735
1429 1743
1429 3634
1429 4534
2899 378
2899 1638
2899 2037
2899 2177
2899 2208
2899 2235
2899 2255
2899 2412
2899 2422
2899 2521
2899 2544
2899 2555
2899 2558
2899 2572
2899 2576
2899 2601
2899 2612
2899 2613
2899 2674
2899 2681
2899 2704
2899 2714
2899 2718
2899 2729
2899 2783
2899 2786
2899 2808
2899 2824
2899 2833
2899 2868
2899 2883
2899 4058
2899 4283
2899 4693
3744 2549
3744 3622
3744 3869
3744 4189
3744 4319
3744 4365
3744 4389
974 872
974 900
974 932
974 963
974 991
974 1017
974 1026
974 1030
974 1031
974 1066
974 1076
974 4505
4597 1680
4597 1951
4597 4618
4597 4632
4597 4669
4597 4695
4597 4712
4597 4714
4597 4724
4983 1812
4983 1920
4983 2438
4983 3207
4983 3650
4983 3841
4983 4372
4983 4732
4983 4754
4983 4860
4983 4875
4983 4879
4983 4884
4983 4908
4983 4909
4983 4919
4983 4923
4983 4924
4983 4932
4983 4938
4983 4946
4983 4949
4983 4952
4983 4966
4983 4967
4983 4968
4983 4972
4983 4974
4983 4977
4983 4978
4983 4980
4983 4981
4983 4984
4983 4985
4983 4986
4983 4987
4983 4988
4983 4989
4983 4990
4983 4991
4983 4992
4983 4993
4983 4994
4983 4995
4983 4998
4983 4999
1066 522
1066 564
1066 832
1066 836
1066 839
1066 853
1066 854
1066 858
1066 865
1066 867
1066 869
1066 872
1066 878
1066 891
1066 900
1066 919
1066 921
1066 924
1066 927
1066 928
1066 931
1066 932
1066 956
1066 958
1066 961
1066 963
1066 966
1066 991
1066 1001
1066 1017
1066 1030
1066 1031
1066 1033
1066 1046
1066 1049
1066 1062
1066 1073
1066 1076
1066 1080
1066 1656
1066 1765
1066 3735
1066 4300
4013 526
4013 1764
4013 3502
4013 3763
4013 3935
4013 3990
4013 4085
4013 4191
4013 4270
4013 4274
4013 4277
4013 4279
4335 2098
4335 2638
4335 3452
4335 3547
4335 3564
4335 3603
4335 3659
4335 3683
4335 3684
4335 3783
4335 3855
4335 3904
4335 3927
4335 3983
4335 4027
4335 4041
4335 4046
4335 4065
4335 4076
4335 4078
4335 4097
4335 4108
4335 4137
4335 4160
4335 4194
4335 4213
4335 4222
4335 4251
4335 4254
4335 4260
4335 4267
4335 4295
4335 4300
4335 4326
4335 4327
4335 4333
4335 4377
4335 4403
4335 4604
4335 4660
4335 4970
4380 441
4380 552
4380 575
4380 1027
4380 2305
4380 2730
4380 2847
4380 3225
4380 3377
4380 3487
4380 3565
4380 3570
4380 3575
4380 3584
4380 3590
4380 3696
4380 3700
4380 3764
4380 3778
4380 3785
4380 3792
4380 3806
4380 3818
4380 3852
4380 3890
4380 3911
4380 3916
4380 3918
4380 3930
4380 3948
4380 3976
4380 3999
4380 4003
4380 4031
4380 4045
4380 4082
4380 4095
4380 4096
4380 4126
4380 4154
4380 4174
4380 4177
4380 4208
4380 4215
4380 4239
4380 4243
4380 4252
4380 4268
4380 4288
4380 4294
4380 4301
4380 4317
4380 4333
4380 4337
4380 4356
4380 4360
4380 4364
4380 4376
4380 4377
4380 4403
4380 4594
4380 4760
4380 4942
532 325
532 356
532 369
532 371
532 378
532 384
532 395
532 424
532 442
532 455
532 466
532 467
532 477
532 486
532 493
532 528
532 539
532 540
532 542
532 1052
532 2081
532 2810
532 4993
1761 579
1761 1151
1761 1161
1761 1304
1761 1308
1761 1396
1761 1413
1761 1423
1761 1426
1761 1430
1761 1454
1761 1535
1761 1561
1761 1592
1761 1655
1761 1674
1761 1696
1761 1705
1761 1708
1761 1734
1761 1767
1761 1769
1761 1781
1761 1794
1761 1798
1761 1820
1761 1825
1761 1826
1761 1832
1761 1836
1761 2766
1761 2986
1761 4389
1761 4687
1761 4711
2084 562
2084 1849
2084 1855
2084 1858
2084 1909
2084 1912
2084 1917
2084 1924
2084 1928
2084 1930
2084 1939
2084 1943
2084 1945
2084 1954
2084 1962
2084 1990
2084 1998
2084 2005
2084 2025
2084 2029
2084 2030
2084 2038
2084 2040
2084 2043
2084 2055
2084 2057
2084 2067
2084 2073
2084 2074
2084 2077
2084 2086
2084 2087
2084 2089
2084 2095
2084 2097
2084 2098
2084 2099
2084 2435
2084 3163
2084 3408
2084 3693
2084 3857
2084 4234
2084 4601
3452 1661
3452 1771
3452 1778
3452 2937
3452 2947
3452 3000
3452 3011
3452 3014
3452 3025
3452 3036
3452 3037
3452 3072
3452 3074
3452 3077
3452 3093
3452 3099
3452 3108
3452 3110
3452 3129
3452 3144
3452 3156
3452 3157
3452 3163
3452 3165
3452 3169
3452 3170
3452 3174
3452 3180
3452 3181
3452 3186
3452 3192
3452 3195
3452 3196
3452 3198
3452 3214
3452 3217
3452 3224
3452 3226
3452 3250
3452 3255
3452 3259
3452 3265
3452 3279
3452 3280
3452 3287
3452 3298
3452 3306
3452 3366
3452 3370
3452 3372
3452 3403
3452 3420
3452 3421
3452 3431
3452 3441
3452 3459
3452 4237
3452 4718
3452 4992
1185 1385
1185 1437
1185 1442
1185 1516
1185 1636
1185 1780
1743 230
1743 450
1743 1130
1743 1167
1743 1193
1743 1256
1743 1262
1743 1287
1743 1307
1743 1340
1743 1363
1743 1367
1743 1376
1743 1391
1743 1417
1743 1422
1743 1442
1743 1502
1743 1532
1743 1563
1743 1568
1743 1610
1743 1637
1743 1703
1743 1704
1743 1726
1743 1735
1743 2970
1743 4708
1743 4910
1813 556
1813 935
1813 1034
1813 1142
1813 1176
1813 1183
1813 1237
1813 1252
1813 1303
1813 1348
1813 1356
1813 1357
1813 1367
1813 1401
1813 1405
1813 1416
1813 1477
1813 1480
1813 1484
1813 1486
1813 1498
1813 1516
1813 1525
1813 1527
1813 1544
1813 1553
1813 1574
1813 1589
1813 1605
1813 1641
1813 1648
1813 1663
1813 1665
1813 1671
1813 1672
1813 1673
1813 1676
1813 1679
1813 1725
1813 1728
1813 1730
1813 1742
1813 1747
1813 1750
1813 1760
1813 1764
1813 1773
1813 1777
1813 1794
1813 1795
1813 1800
1813 1804
1813 1836
1813 2090
1813 2880
1813 2937
1813 3024
1813 3458
1813 3968
1813 4238
1813 4367
1813 4721
2125 1805
2125 2329
2125 2349
2125 2444
2125 2461
2125 2600
2908 468
2908 1078
2908 1217
2908 1417
2908 2151
2908 2175
2908 2353
2908 2407
2908 2550
2908 2566
2908 2628
2908 2724
2908 2740
2908 2746
2908 2747
2908 2751
2908 2803
2908 2824
2908 2831
2908 2850
2908 2857
2908 2876
2908 2904
2908 2912
2908 2916
2908 2919
2908 2952
2908 2960
2908 2971
2908 2980
2908 2981
2908 2983
2908 2986
2908 4352
2908 4868
2908 4941
3361 2078
3361 2381
3361 3024
3361 3075
3361 3135
3361 3238
3361 3308
3361 3318
3361 3333
3361 3352
3361 3385
3361 3412
3361 3417
3361 3427
3361 3428
3361 3434
3361 3437
3361 3438
3361 3456
3361 3460
3361 4225
4107 897
4107 2058
4107 4033
4107 4165
4107 4315
4107 4350
4107 4352
4107 4361
4107 4370
4107 4371
4107 4374
4107 4385
4107 4391
4107 4396
4107 4512
4928 2046
4928 4172
4928 4747
4928 4756
4928 4813
4928 4848
4928 4850
4928 4874
4928 4915
4928 4920
4928 4926
4928 4945
4928 4975
4928 4979
4928 4982
4928 4990
4928 4995
221 608
221 2800
221 2985
608 671
608 750
608 803
608 806
608 819
608 823
608 2455
2800 688
2800 2112
2800 2326
2800 2328
2800 2405
2800 2486
2800 2549
2800 2554
2800 2641
2800 2643
2800 2656
2800 2669
2800 2672
2800 2727
2800 2769
2800 2797
2800 2875
2800 2903
2800 3945
2800 4987
2985 381
2985 525
2985 652
2985 989
2985 1493
2985 1788
2985 2166
2985 2170
2985 2195
2985 2198
2985 2237
2985 2243
2985 2246
2985 2298
2985 2332
2985 2347
2985 2355
2985 2429
2985 2430
2985 2432
2985 2438
2985 2446
2985 2483
2985 2497
2985 2501
2985 2508
2985 2511
2985 2538
2985 2548
2985 2560
2985 2580
2985 2599
2985 2602
2985 2610
2985 2622
2985 2635
2985 2643
2985 2679
2985 2685
2985 2689
2985 2700
2985 2710
2985 2717
2985 2728
2985 2733
2985 2742
2985 2748
2985 2753
2985 2754
2985 2760
2985 2782
2985 2815
2985 2832
2985 2839
2985 2844
2985 2871
2985 2882
2985 2889
2985 2896
2985 2914
2985 2920
2985 2922
2985 2925
2985 2931
2985 2948
2985 2954
2985 2956
2985 2959
2985 2963
2985 2967
2985 2978
2985 2984
2985 2990
2985 3247
2985 3436
2985 3456
2985 3778
2985 4060
2985 4160
2985 4204
2985 4240
2985 4377
2985 4729
2926 1080
2926 1266
2926 2108
2926 2126
2926 2146
2926 2270
2926 2286
2926 2297
2926 2415
2926 2479
2926 2520
2926 2579
2926 2632
2926 2653
2926 2697
2926 2719
2926 2720
2926 2747
2926 2749
2926 2752
2926 2779
2926 2793
2926 2796
2926 2802
2926 2822
2926 2824
2926 2841
2926 2873
2926 2902
2926 2914
2926 2923
2926 2927
2926 2932
2926 2947
2926 2961
2926 2970
2926 2975
2926 2982
2926 2993
2926 3388
2926 3853
2926 4403
2926 4667
4211 1099
4211 2036
4211 2867
4211 2966
4211 3537
4211 3542
4211 3633
4211 3706
4211 3710
4211 3795
4211 3829
4211 3839
4211 3878
4211 3879
4211 3882
4211 3959
4211 3968
4211 4067
4211 4129
4211 4202
4211 4261
4211 4391
1466 1191
1466 1328
1466 1510
1466 1676
1466 1697
1466 1819
1466 1836
1466 4698
4651 2824
4651 4448
4651 4509
4651 4614
4651 4632
4651 4652
4651 4658
4651 4676
4651 4694
4651 4703
4651 4710
4651 4712
4651 4714
4651 4717
4651 4990
4965 507
4965 556
4965 2089
4965 2685
4965 2818
4965 4299
4965 4772
4965 4785
4965 4788
4965 4794
4965 4804
4965 4808
4965 4810
4965 4819
4965 4848
4965 4859
4965 4862
4965 4871
4965 4876
4965 4883
4965 4886
4965 4895
4965 4896
4965 4921
4965 4922
4965 4934
4965 4938
4965 4960
4965 4980
4965 4998
4965 4999
4989 545
4989 575
4989 793
4989 2376
4989 3138
4989 3194
4989 3422
4989 3428
4989 4604
4989 4768
4989 4782
4989 4783
4989 4798
4989 4807
4989 4827
4989 4831
4989 4841
4989 4875
4989 4879
4989 4885
4989 4905
4989 4906
4989 4924
4989 4927
4989 4932
4989 4933
4989 4935
4989 4940
4989 4949
4989 4959
4989 4963
4989 4967
4989 4972
4989 4973
4989 4974
4989 4977
4989 4978
4989 4980
4989 4981
4989 4984
4989 4985
4989 4986
4989 4987
4989 4988
4989 4990
4989 4991
4989 4992
4989 4993
4989 4994
4989 4995
4989 4998
4989 4999
800 598
800 618
800 619
800 622
800 634
800 635
800 643
800 666
800 668
800 697
800 727
800 732
800 737
800 768
800 776
800 783
800 789
800 790
800 791
800 802
800 808
800 814
800 815
800 816
800 824
800 2525
800 2765
800 3366
800 3861
800 4026
800 4379
800 4622
2365 2811
2365 2856
2365 2858
2365 2943
2365 2966
2365 4720
4612 1962
4612 4498
4612 4510
4612 4555
4612 4617
4612 4625
4612 4638
4612 4646
4612 4656
4612 4661
4612 4677
4612 4696
4612 4701
4922 740
4922 4785
4922 4788
4922 4794
4922 4808
4922 4810
4922 4819
4922 4862
4922 4876
4922 4886
4922 4895
4922 4908
4922 4921
4922 4960
4922 4980
543 332
543 408
543 426
543 478
543 483
543 515
543 523
543 524
543 531
543 548
543 549
543 554
543 556
543 558
543 560
543 563
543 567
543 569
543 570
543 575
543 674
543 3126
543 4078
543 4347
543 4715
3453 963
3453 1646
3453 1717
3453 1999
3453 2422
3453 2558
3453 2833
3453 2993
3453 2996
3453 3013
3453 3025
3453 3030
3453 3058
3453 3063
3453 3065
3453 3069
3453 3078
3453 3088
3453 3113
3453 3126
3453 3136
3453 3148
3453 3151
3453 3162
3453 3167
3453 3190
3453 3207
3453 3216
3453 3235
3453 3239
3453 3249
3453 3256
3453 3263
3453 3266
3453 3267
3453 3274
3453 3290
3453 3295
3453 3296
3453 3309
3453 3314
3453 3331
3453 3342
3453 3349
3453 3350
3453 3351
3453 3358
3453 3360
3453 3369
3453 3380
3453 3381
3453 3383
3453 3387
3453 3390
3453 3395
3453 3397
3453 3400
3453 3402
3453 3404
3453 3420
3453 3422
3453 3424
3453 3425
3453 3429
3453 3438
3453 3442
3453 3457
3453 3890
3453 4252
3453 4364
3453 4388
3453 4623
4534 4440
4534 4514
4534 4532
4534 4617
4534 4625
4534 4638
4534 4694
4534 4701
4626 1326
4626 1727
4626 4436
4626 4543
4626 4586
4626 4591
4626 4648
4626 4655
4626 4698
4626 4706
4626 4710
4626 4711
4626 4719
4626 4721
4977 1737
4977 1793
4977 2123
4977 3128
4977 3727
4977 4362
4977 4687
4977 4745
4977 4746
4977 4761
4977 4821
4977 4827
4977 4893
4977 4894
4977 4914
4977 4926
4977 4930
4977 4933
4977 4935
4977 4949
4977 4962
4977 4967
4977 4972
4977 4973
4977 4974
4977 4978
4977 4980
4977 4984
4977 4985
4977 4986
4977 4987
4977 4988
4977 4990
4977 4991
4977 4992
4977 4993
4977 4994
4977 4995
4977 4998
4977 4999
529 302
529 345
529 378
529 384
529 386
529 403
529 407
529 414
529 424
529 444
529 445
529 455
529 467
529 477
529 486
529 493
529 528
529 540
529 542
529 572
529 2616
529 2793
529 4041
529 4673
1774 1186
1774 1195
1774 1237
1774 1282
1774 1344
1774 1394
1774 1484
1774 1527
1774 1560
1774 1574
1774 1585
1774 1589
1774 1618
1774 1648
1774 1663
1774 1672
1774 1710
1774 1725
1774 1728
1774 1730
1774 1732
1774 1735
1774 1747
1774 1750
1774 1760
1774 1764
1774 1773
1774 1794
1774 1795
1774 1800
1774 1804
1774 1822
1774 2145
1774 2934
1774 3820
1774 4045
1774 4315
1774 4391
3230 1483
3230 3059
3230 3286
3230 3392
3230 3406
3230 3430
3230 3432
3230 3444
3230 3447
2663 2147
2663 2162
2663 2211
2663 2371
2663 2467
2663 2523
2663 2537
2663 2639
2663 2673
2663 2691
2663 2774
2663 2802
2663 2847
2663 2982
2663 4312
2986 720
2986 1588
2986 1757
2986 2092
2986 2131
2986 2141
2986 2149
2986 2151
2986 2168
2986 2175
2986 2198
2986 2201
2986 2221
2986 2229
2986 2263
2986 2273
2986 2294
2986 2309
2986 2331
2986 2342
2986 2356
2986 2366
2986 2393
2986 2407
2986 2420
2986 2428
2986 2437
2986 2440
2986 2471
2986 2530
2986 2534
2986 2550
2986 2563
2986 2566
2986 2607
2986 2616
2986 2628
2986 2658
2986 2660
2986 2675
2986 2694
2986 2724
2986 2740
2986 2745
2986 2746
2986 2751
2986 2770
2986 2785
2986 2792
2986 2802
2986 2803
2986 2824
2986 2829
2986 2831
2986 2843
2986 2849
2986 2850
2986 2857
2986 2876
2986 2890
2986 2904
2986 2907
2986 2911
2986 2912
2986 2916
2986 2919
2986 2922
2986 2929
2986 2952
2986 2960
2986 2981
2986 2983
2986 3199
2986 3200
2986 3358
2986 3830
2986 4189
2986 4274
2986 4704
2986 4712
3895 1361
3895 3841
3895 4060
3895 4217
3895 4283
3895 4323
3895 4355
3895 4382
3895 4388
4083 2093
4083 4074
4083 4092
4083 4094
4083 4096
4083 4161
4083 4298
4083 4306
4083 4324
4083 4341
4083 4402
4854 995
4854 1620
4854 4752
4854 4770
4854 4904
4854 4918
4854 4929
4854 4955
4854 4958
4854 4980
1000 338
1000 560
1000 864
1000 934
1000 971
1000 978
1000 989
1000 1045
1000 1067
1000 1071
1000 1077
1000 1078
1000 1080
2673 559
2673 1114
2673 2162
2673 2371
2673 2467
2673 2514
2673 2523
2673 2537
2673 2612
2673 2639
2673 2647
2673 2691
2673 2774
2673 2847
3444 338
3444 570
3444 1680
3444 1756
3444 2036
3444 2534
3444 2934
3444 2991
3444 2995
3444 3008
3444 3031
3444 3053
3444 3057
3444 3059
3444 3068
3444 3080
3444 3085
3444 3100
3444 3102
3444 3103
3444 3104
3444 3128
3444 3131
3444 3168
3444 3179
3444 3183
3444 3187
3444 3246
3444 3271
3444 3273
3444 3284
3444 3286
3444 3299
3444 3307
3444 3327
3444 3328
3444 3358
3444 3376
3444 3385
3444 3388
3444 3390
3444 3392
3444 3402
3444 3419
3444 3431
3444 3432
3444 3436
3444 3447
3444 3449
3444 3456
3444 3459
3444 3696
3444 4718
3444 4730
3444 4980
4282 370
4282 815
4282 1516
4282 1647
4282 2346
4282 3982
4282 4022
4282 4150
4282 4170
4282 4182
4282 4187
4282 4200
4282 4224
4282 4237
4282 4255
4282 4256
4282 4284
4282 4311
4282 4327
4282 4359
4282 4375
4282 4379
4282 4393
4282 4398
4282 4901
4563 2190
4563 4669
4563 4680
4563 4692
4563 4714
4563 4717
4563 4724
295 439
295 560
295 565
295 575
1880 2007
1880 2051
1880 2055
1880 2060
1880 2090
1880 2091
4082 816
4082 3700
4082 3863
4082 4233
4082 4294
4082 4356
4082 4364
4082 4376
4082 4393
4082 4403
4082 4596
4082 4703
4482 3263
4482 4464
4482 4611
4482 4653
4482 4664
4482 4690
4482 4709
4482 4715
4720 1497
4720 1591
4720 1822
4720 2098
4720 2643
4720 2683
4720 2758
4720 3460
4720 4167
4720 4323
4720 4411
4720 4415
4720 4423
4720 4432
4720 4445
4720 4461
4720 4469
4720 4473
4720 4483
4720 4484
4720 4488
4720 4493
4720 4497
4720 4499
4720 4504
4720 4515
4720 4533
4720 4538
4720 4540
4720 4554
4720 4557
4720 4558
4720 4568
4720 4572
4720 4579
4720 4588
4720 4593
4720 4596
4720 4599
4720 4600
4720 4615
4720 4624
4720 4630
4720 4636
4720 4641
4720 4655
4720 4660
4720 4663
4720 4666
4720 4678
4720 4686
4720 4689
4720 4695
4720 4697
4720 4703
4720 4704
4720 4708
4720 4713
4720 4715
4720 4718
4720 4719
4720 4729
230 638
230 3482
230 3723
230 4711
638 790
638 808
638 815
638 824
3482 4273
3482 4342
3482 4355
3482 4382
3482 4388
3723 4312
3723 4379
3723 4398
4711 741
4711 822
4711 922
4711 1714
4711 1792
4711 1833
4711 3328
4711 3418
4711 4427
4711 4431
4711 4434
4711 4436
4711 4438
4711 4451
4711 4465
4711 4479
4711 4521
4711 4550
4711 4560
4711 4561
4711 4569
4711 4575
4711 4586
4711 4591
4711 4595
4711 4604
4711 4607
4711 4608
4711 4609
4711 4616
4711 4627
4711 4635
4711 4637
4711 4644
4711 4648
4711 4649
4711 4662
4711 4665
4711 4667
4711 4669
4711 4673
4711 4679
4711 4682
4711 4692
4711 4698
4711 4706
4711 4707
4711 4708
4711 4710
4711 4718
4711 4719
4711 4721
972 843
972 899
972 901
972 964
972 1006
972 1035
972 1043
972 1057
972 1061
972 1075
972 2175
972 2592
2874 2155
2874 2325
2874 2368
2874 2427
2874 2606
2874 2615
2874 2630
2874 2637
2874 2756
2874 2789
2874 2810
2874 2811
2874 2819
2874 2828
2874 2835
2874 2856
2874 2870
2874 2873
2874 2907
2874 2917
2874 2943
2874 2958
2874 2962
2874 2973
2874 3057
2874 3791
2874 4021
2874 4043
4948 3426
4948 3450
4948 3722
4948 3771
4948 4747
4948 4891
4948 4932
4948 4940
4948 4973
4948 4974
4948 4980
4948 4981
4948 4984
4948 4985
4948 4990
4948 4991
4948 4992
4948 4993
4948 4994
4948 4995
4948 4998
4975 2862
4975 2948
4975 2960
4975 3835
4975 4080
4975 4371
4975 4741
4975 4747
4975 4748
4975 4755
4975 4762
4975 4763
4975 4784
4975 4790
4975 4796
4975 4797
4975 4801
4975 4807
4975 4813
4975 4842
4975 4848
4975 4866
4975 4897
4975 4910
4975 4911
4975 4912
4975 4915
4975 4919
4975 4926
4975 4930
4975 4937
4975 4945
4975 4959
4975 4979
4975 4982
4975 4988
4975 4999
458 349
458 448
458 550
458 555
458 559
458 566
458 570
458 572
458 1836
458 2089
472 298
472 303
472 333
472 338
472 440
472 498
472 504
472 526
472 534
472 545
472 552
472 575
541 321
541 410
541 427
541 430
541 436
541 459
541 470
541 481
541 482
541 489
541 495
541 499
541 500
541 502
541 524
541 527
541 536
541 539
541 550
541 555
541 562
541 564
541 570
541 572
541 1636
541 2526
541 2612
541 3456
541 4952
4177 1763
4177 2405
4177 3343
4177 3496
4177 3679
4177 3785
4177 3930
4177 3998
4177 4148
4177 4186
4177 4268
4177 4288
4177 4356
4177 4360
4177 4376
4177 4394
4177 4403
806 312
806 576
806 589
806 590
806 592
806 601
806 611
806 642
806 644
806 652
806 672
806 675
806 690
806 691
806 694
806 695
806 704
806 708
806 720
806 728
806 729
806 740
806 742
806 744
806 747
806 750
806 751
806 764
806 771
806 781
806 786
806 803
806 805
806 819
806 823
806 825
806 1825
806 3929
806 4017
806 4031
806 4331
806 4712
1822 1086
1822 1142
1822 1154
1822 1176
1822 1183
1822 1186
1822 1203
1822 1310
1822 1311
1822 1347
1822 1357
1822 1393
1822 1416
1822 1461
1822 1465
1822 1470
1822 1477
1822 1484
1822 1486
1822 1497
1822 1498
1822 1525
1822 1527
1822 1544
1822 1574
1822 1594
1822 1617
1822 1618
1822 1625
1822 1643
1822 1648
1822 1656
1822 1663
1822 1665
1822 1671
1822 1672
1822 1676
1822 1682
1822 1710
1822 1711
1822 1730
1822 1732
1822 1742
1822 1747
1822 1750
1822 1764
1822 1773
1822 1777
1822 1794
1822 1804
1822 2097
1822 2186
1822 2563
1822 2710
1822 2740
1822 2853
1822 3788
1822 4210
1822 4242
1822 4375
1822 4402
1822 4676
2751 2022
2751 2534
2751 2597
2751 2797
2751 2821
2751 2890
2751 2904
2751 2911
2751 2916
2751 2952
2751 2981
2751 2983
2751 3075
2751 3364
2802 586
2802 2091
2802 2366
2802 2440
2802 2548
2802 2628
2802 2829
2802 2831
2802 2850
2802 2876
2802 2904
2802 2911
2802 2919
2802 2952
2802 2960
2802 2981
2802 2983
2802 3443
2802 4396
2982 540
2982 1033
2982 1057
2982 1622
2982 2108
2982 2118
2982 2121
2982 2146
2982 2154
2982 2165
2982 2173
2982 2180
2982 2206
2982 2226
2982 2270
2982 2286
2982 2302
2982 2312
2982 2345
2982 2377
2982 2387
2982 2414
2982 2416
2982 2473
2982 2475
2982 2493
2982 2520
2982 2524
2982 2603
2982 2632
2982 2671
2982 2680
2982 2695
2982 2711
2982 2719
2982 2720
2982 2732
2982 2733
2982 2741
2982 2747
2982 2749
2982 2752
2982 2773
2982 2778
2982 2779
2982 2780
2982 2793
2982 2794
2982 2796
2982 2805
2982 2807
2982 2822
2982 2845
2982 2850
2982 2854
2982 2867
2982 2873
2982 2888
2982 2902
2982 2905
2982 2914
2982 2923
2982 2932
2982 2947
2982 2959
2982 2961
2982 2969
2982 2970
2982 2975
2982 3346
2982 3424
2982 3446
2982 3708
2982 3873
2982 3878
2982 4364
2982 4616
2982 4910
2982 4932
3413 1709
3413 1777
3413 1784
3413 2111
3413 2514
3413 2827
3413 3066
3413 3070
3413 3133
3413 3138
3413 3141
3413 3164
3413 3197
3413 3205
3413 3208
3413 3210
3413 3227
3413 3229
3413 3247
3413 3265
3413 3268
3413 3269
3413 3275
3413 3281
3413 3298
3413 3300
3413 3320
3413 3332
3413 3340
3413 3343
3413 3347
3413 3356
3413 3367
3413 3384
3413 3393
3413 3408
3413 3440
3413 3441
3413 4139
724 639
724 647
724 650
724 651
724 657
724 661
724 701
724 734
724 755
724 769
724 790
724 2656
724 2888
1672 1172
1672 1183
1672 1209
1672 1360
1672 1560
1672 1642
1672 1730
1672 1760
1672 1773
1672 1777
1672 1794
1672 1795
1672 1800
1672 4371
2078 1535
2078 1807
2078 1840
2078 1847
2078 1884
2078 1895
2078 1896
2078 1906
2078 1949
2078 1951
2078 1971
2078 1981
2078 1983
2078 1987
2078 1997
2078 2001
2078 2003
2078 2008
2078 2018
2078 2033
2078 2039
2078 2041
2078 2045
2078 2048
2078 2056
2078 2061
2078 2065
2078 2070
2078 2072
2078 2087
2078 2088
2078 2093
2078 2099
2078 4110
2078 4192
2078 4729
2864 1996
2864 2180
2864 2182
2864 2247
2864 2268
2864 2274
2864 2364
2864 2406
2864 2425
2864 2454
2864 2545
2864 2562
2864 2581
2864 2627
2864 2636
2864 2646
2864 2690
2864 2703
2864 2726
2864 2737
2864 2849
2864 2910
2864 2948
2864 3979
2864 4376
2864 4900
2984 997
2984 1041
2984 1649
2984 1758
2984 2120
2984 2124
2984 2138
2984 2166
2984 2209
2984 2219
2984 2243
2984 2248
2984 2299
2984 2332
2984 2347
2984 2355
2984 2376
2984 2429
2984 2432
2984 2436
2984 2438
2984 2446
2984 2497
2984 2503
2984 2507
2984 2508
2984 2516
2984 2532
2984 2538
2984 2548
2984 2560
2984 2580
2984 2602
2984 2610
2984 2617
2984 2679
2984 2689
2984 2700
2984 2710
2984 2717
2984 2723
2984 2728
2984 2733
2984 2748
2984 2753
2984 2760
2984 2761
2984 2780
2984 2782
2984 2789
2984 2815
2984 2820
2984 2839
2984 2844
2984 2852
2984 2871
2984 2882
2984 2896
2984 2904
2984 2905
2984 2920
2984 2922
2984 2925
2984 2931
2984 2954
2984 2956
2984 2959
2984 2963
2984 2978
2984 2979
2984 3154
2984 3393
2984 3438
2984 3442
2984 4078
2984 4269
2984 4625
2984 4654
2984 4713
2984 4729
2984 4974
2984 4988
3614 566
3614 3648
3614 4305
3614 4377
3614 4402
1353 1461
1353 1789
1353 1812
1353 1824
1353 3100
3446 522
3446 673
3446 1773
3446 1897
3446 2128
3446 2403
3446 2519
3446 2637
3446 2991
3446 2994
3446 3016
3446 3081
3446 3087
3446 3096
3446 3115
3446 3143
3446 3161
3446 3172
3446 3178
3446 3203
3446 3207
3446 3213
3446 3216
3446 3218
3446 3220
3446 3222
3446 3231
3446 3236
3446 3252
3446 3254
3446 3260
3446 3269
3446 3277
3446 3289
3446 3291
3446 3292
3446 3302
3446 3308
3446 3310
3446 3316
3446 3317
3446 3321
3446 3325
3446 3326
3446 3346
3446 3348
3446 3355
3446 3362
3446 3365
3446 3377
3446 3386
3446 3401
3446 3410
3446 3418
3446 3422
3446 3426
3446 3432
3446 3451
3446 3458
3446 3460
3446 4290
4931 1794
4931 1987
4931 2440
4931 4752
4931 4793
4931 4803
4931 4835
4931 4843
4931 4852
4931 4887
4931 4890
4931 4893
4931 4899
4931 4907
4931 4923
4931 4929
4931 4942
4931 4943
4931 4947
4931 4958
4990 804
4990 823
4990 1256
4990 1488
4990 1685
4990 3668
4990 4690
4990 4745
4990 4767
4990 4777
4990 4796
4990 4802
4990 4818
4990 4834
4990 4846
4990 4860
4990 4864
4990 4865
4990 4875
4990 4878
4990 4879
4990 4885
4990 4889
4990 4917
4990 4923
4990 4927
4990 4929
4990 4930
4990 4932
4990 4935
4990 4938
4990 4946
4990 4950
4990 4967
4990 4968
4990 4972
4990 4973
4990 4978
4990 4980
4990 4981
4990 4984
4990 4985
4990 4986
4990 4987
4990 4988
4990 4991
4990 4992
4990 4993
4990 4994
4990 4995
4990 4998
4990 4999
550 300
550 329
550 346
550 368
550 381
550 389
550 423
550 432
550 434
550 436
550 439
550 460
550 478
550 481
550 495
550 499
550 500
550 501
550 502
550 510
550 514
550 524
550 539
550 540
550 555
550 556
550 559
550 572
550 910
550 1704
550 1928
550 2760
550 4140
550 4214
550 4374
767 564
767 657
767 801
767 807
767 816
767 817
767 818
767 820
767 822
767 825
767 827
767 829
767 4394
4267 551
4267 831
4267 1160
4267 1724
4267 3096
4267 3504
4267 3599
4267 3855
4267 3903
4267 3939
4267 4007
4267 4041
4267 4065
4267 4076
4267 4108
4267 4159
4267 4194
4267 4204
4267 4213
4267 4222
4267 4254
4267 4295
4267 4300
4267 4326
4267 4327
4267 4333
4402 729
4402 763
4402 770
4402 1017
4402 1031
4402 1080
4402 1456
4402 1457
4402 1746
4402 1803
4402 2841
4402 2916
4402 2963
4402 2973
4402 3497
4402 3503
4402 3524
4402 3540
4402 3550
4402 3556
4402 3610
4402 3634
4402 3641
4402 3665
4402 3673
4402 3680
4402 3720
4402 3736
4402 3779
4402 3793
4402 3802
4402 3810
4402 3822
4402 3825
4402 3834
4402 3845
4402 3846
4402 3893
4402 3894
4402 3936
4402 3949
4402 3954
4402 3964
4402 3965
4402 3974
4402 3984
4402 4023
4402 4034
4402 4074
4402 4080
4402 4131
4402 4161
4402 4171
4402 4183
4402 4190
4402 4212
4402 4219
4402 4222
4402 4249
4402 4259
4402 4270
4402 4288
4402 4289
4402 4292
4402 4297
4402 4298
4402 4302
4402 4305
4402 4306
4402 4312
4402 4320
4402 4321
4402 4324
4402 4338
4402 4341
4402 4350
4402 4357
4402 4377
4402 4396
4402 4397
4402 4972
4978 615
4978 695
4978 880
4978 3459
4978 4272
4978 4303
4978 4514
4978 4732
4978 4746
4978 4827
4978 4834
4978 4865
4978 4879
4978 4886
4978 4892
4978 4897
4978 4923
4978 4927
4978 4935
4978 4940
4978 4941
4978 4967
4978 4968
4978 4972
4978 4973
4978 4974
4978 4976
4978 4980
4978 4984
4978 4985
4978 4986
4978 4987
4978 4991
4978 4992
4978 4993
4978 4994
4978 4998
4978 4999
763 359
763 732
763 776
763 787
763 789
763 790
763 793
763 802
763 807
763 808
763 814
763 815
763 816
763 824
763 4526
2658 1696
2658 2246
2658 2371
2658 2824
2658 2876
2658 2904
2658 2952
2658 2960
2658 2981
2658 2983
2923 872
2923 947
2923 1097
2923 2180
2923 2206
2923 2345
2923 2416
2923 2475
2923 2493
2923 2565
2923 2632
2923 2711
2923 2732
2923 2734
2923 2747
2923 2752
2923 2793
2923 2807
2923 2822
2923 2841
2923 2854
2923 2855
2923 2867
2923 2888
2923 2902
2923 2905
2923 2914
2923 2947
2923 2959
2923 2969
2923 2970
2923 2975
2923 2981
2923 3427
2923 3475
2923 3750
2923 4604
4321 523
4321 804
4321 1036
4321 1726
4321 1824
4321 2757
4321 3720
4321 3749
4321 3822
4321 3941
4321 3954
4321 3964
4321 3974
4321 3984
4321 4023
4321 4052
4321 4075
4321 4094
4321 4161
4321 4183
4321 4219
4321 4259
4321 4289
4321 4302
4321 4305
4321 4306
4321 4324
4321 4338
4321 4341
4321 4357
4321 4377
4321 4393
4321 4397
4321 4856
4321 4947
4364 1052
4364 1805
4364 2970
4364 3383
4364 3459
4364 3496
4364 3514
4364 3687
4364 3696
4364 3700
4364 3707
4364 3781
4364 3787
4364 3804
4364 3814
4364 3884
4364 3909
4364 3911
4364 3918
4364 4017
4364 4031
4364 4037
4364 4045
4364 4092
4364 4148
4364 4167
4364 4174
4364 4223
4364 4239
4364 4242
4364 4252
4364 4263
4364 4264
4364 4268
4364 4278
4364 4294
4364 4301
4364 4317
4364 4337
4364 4352
4364 4360
4364 4376
4364 4394
4364 4403
4364 4552
4364 4682
4364 4921
4364 4976
1431 1600
1431 1609
1431 1707
1431 1763
1431 1784
1431 1793
1431 1836
1431 2778
1710 1272
1710 1303
1710 1394
1710 1400
1710 1589
1710 1695
1710 1696
1710 1728
1710 1730
1710 1732
1710 1742
1710 1750
1710 1760
1710 1794
1710 1795
1710 1800
1710 1804
1710 2116
1710 3559
1710 4210
1710 4708
2086 1817
2086 1841
2086 1845
2086 1849
2086 1857
2086 1862
2086 1888
2086 1893
2086 1897
2086 1909
2086 1912
2086 1914
2086 1924
2086 1930
2086 1938
2086 1943
2086 1945
2086 1946
2086 1950
2086 1962
2086 1971
2086 1990
2086 1992
2086 2025
2086 2029
2086 2030
2086 2038
2086 2043
2086 2044
2086 2055
2086 2057
2086 2065
2086 2067
2086 2073
2086 2074
2086 2077
2086 2085
2086 2089
2086 2095
2086 2097
2086 2098
2086 2257
2086 2500
2086 2747
2086 2944
2086 2962
2086 4029
2086 4125
2086 4362
2086 4376
4481 2855
4481 4652
4481 4690
4481 4717
4481 4724
4999 978
4999 1024
4999 1575
4999 1634
4999 1748
4999 2630
4999 2639
4999 2733
4999 2971
4999 2979
4999 3311
4999 4097
4999 4199
4999 4207
4999 4611
4999 4650
4999 4731
4999 4744
4999 4748
4999 4766
4999 4768
4999 4769
4999 4775
4999 4782
4999 4783
4999 4815
4999 4818
4999 4821
4999 4825
4999 4826
4999 4827
4999 4828
4999 4834
4999 4838
4999 4846
4999 4847
4999 4850
4999 4860
4999 4865
4999 4867
4999 4878
4999 4879
4999 4885
4999 4889
4999 4890
4999 4891
4999 4892
4999 4894
4999 4905
4999 4909
4999 4914
4999 4917
4999 4919
4999 4923
4999 4924
4999 4927
4999 4930
4999 4932
4999 4933
4999 4935
4999 4940
4999 4942
4999 4943
4999 4946
4999 4949
4999 4957
4999 4967
4999 4972
4999 4973
4999 4974
4999 4976
4999 4980
4999 4981
4999 4984
4999 4985
4999 4986
4999 4987
4999 4988
4999 4991
4999 4992
4999 4993
4999 4994
4999 4995
4999 4998
565 310
565 322
565 330
565 338
565 342
565 343
565 355
565 369
565 373
565 382
565 383
565 385
565 393
565 395
565 411
565 413
565 422
565 426
565 447
565 451
565 454
565 462
565 463
565 465
565 482
565 483
565 484
565 491
565 496
565 515
565 521
565 523
565 527
565 530
565 531
565 535
565 546
565 548
565 551
565 556
565 558
565 560
565 563
565 567
565 569
565 570
565 575
565 849
565 1187
565 1674
565 2191
565 2273
565 2654
565 3667
565 4069
565 4074
565 4135
565 4968
1711 1596
1711 1647
1711 1667
1711 1724
1711 1731
1711 1733
1711 1768
1711 1779
1711 1789
1711 1790
1711 1792
1711 1812
1711 1817
1711 1821
1711 1824
1711 2129
1711 2847
1711 3428
2771 1246
2771 2212
2771 2422
2771 2513
2771 2613
2771 2681
2771 2714
2771 2717
2771 2718
2771 2729
2771 2777
2771 2783
2771 2786
2771 2808
2771 2813
2771 2833
2771 2868
2771 3937
2771 4129
2771 4152
3395 1804
3395 1836
3395 2509
3395 3006
3395 3058
3395 3060
3395 3088
3395 3153
3395 3184
3395 3249
3395 3259
3395 3263
3395 3297
3395 3342
3395 3350
3395 3357
3395 3360
3395 3369
3395 3380
3395 3381
3395 3383
3395 3387
3395 3397
3395 3399
3395 3400
3395 3402
3395 3420
3395 3429
3395 3457
3395 4001
3395 4015
3395 4398
4379 1595
4379 1842
4379 2483
4379 3128
4379 3436
4379 3451
4379 3467
4379 3505
4379 3536
4379 3607
4379 3679
4379 3729
4379 3784
4379 3800
4379 3808
4379 3817
4379 3869
4379 3901
4379 3932
4379 3938
4379 3973
4379 3982
4379 3993
4379 4030
4379 4033
4379 4040
4379 4070
4379 4105
4379 4109
4379 4140
4379 4144
4379 4150
4379 4153
4379 4165
4379 4170
4379 4179
4379 4182
4379 4187
4379 4210
4379 4221
4379 4224
4379 4237
4379 4246
4379 4255
4379 4256
4379 4257
4379 4284
4379 4311
4379 4318
4379 4349
4379 4359
4379 4375
4379 4393
4379 4398
4379 4708
4379 4724
4379 4870
4379 4960
2400 2244
2400 2412
2400 2453
2400 2535
2400 2567
2400 2697
2917 508
2917 1769
2917 2111
2917 2232
2917 2325
2917 2389
2917 2424
2917 2464
2917 2498
2917 2620
2917 2631
2917 2675
2917 2722
2917 2735
2917 2756
2917 2762
2917 2789
2917 2810
2917 2811
2917 2828
2917 2830
2917 2835
2917 2856
2917 2890
2917 2907
2917 2943
2917 2958
2917 2962
2917 2966
2917 2973
2917 2975
2917 3013
2917 4179
2917 4246
2917 4306
2961 393
2961 490
2961 730
2961 1678
2961 2121
2961 2126
2961 2146
2961 2154
2961 2165
2961 2241
2961 2302
2961 2345
2961 2357
2961 2377
2961 2387
2961 2402
2961 2406
2961 2475
2961 2479
2961 2493
2961 2541
2961 2589
2961 2653
2961 2719
2961 2720
2961 2732
2961 2739
2961 2747
2961 2749
2961 2767
2961 2793
2961 2794
2961 2796
2961 2807
2961 2822
2961 2839
2961 2841
2961 2854
2961 2855
2961 2873
2961 2877
2961 2902
2961 2905
2961 2947
2961 2969
2961 2970
2961 2975
2961 3248
2961 3819
2961 4124
2961 4319
2961 4897
3093 2063
3093 3000
3093 3159
3093 3255
3093 3353
3093 3443
3519 3794
3519 4000
3519 4005
3519 4077
3519 4266
3519 4332
575 293
575 301
575 304
575 308
575 313
575 322
575 332
575 350
575 352
575 357
575 364
575 365
575 367
575 382
575 385
575 390
575 393
575 398
575 404
575 407
575 408
575 415
575 419
575 422
575 426
575 437
575 438
575 446
575 447
575 451
575 454
575 465
575 466
575 470
575 474
575 476
575 480
575 483
575 484
575 496
575 497
575 505
575 509
575 515
575 517
575 523
575 527
575 530
575 531
575 535
575 537
575 548
575 549
575 551
575 554
575 556
575 558
575 559
575 560
575 563
575 566
575 567
575 569
575 570
575 1069
575 1444
575 1756
575 2566
575 2749
575 2815
575 2832
575 2983
575 3378
575 4065
575 4441
575 4666
575 4880
3417 956
3417 2848
3417 2894
3417 2970
3417 3008
3417 3095
3417 3105
3417 3106
3417 3116
3417 3125
3417 3135
3417 3176
3417 3225
3417 3270
3417 3292
3417 3297
3417 3303
3417 3311
3417 3345
3417 3368
3417 3377
3417 3378
3417 3379
3417 3394
3417 3399
3417 3404
3417 3427
3417 3434
3417 3437
3417 3438
3417 3448
3417 3450
3417 3460
3417 4300
3417 4391
3518 4074
3518 4374
3518 4385
3518 4396
3518 4593
4041 751
4041 3880
4041 3939
4041 3983
4041 4025
4041 4076
4041 4254
4041 4295
4041 4300
4041 4333
4331 844
4331 1080
4331 2056
4331 2475
4331 2954
4331 3401
4331 3546
4331 3596
4331 3623
4331 3635
4331 3639
4331 3654
4331 3682
4331 3709
4331 3722
4331 3727
4331 3753
4331 3763
4331 3765
4331 3812
4331 3831
4331 3906
4331 3989
4331 4019
4331 4048
4331 4073
4331 4134
4331 4155
4331 4168
4331 4195
4331 4269
4331 4287
4331 4320
4331 4326
4331 4336
4331 4367
4331 4398
4331 4525
4331 4713
330 499
330 523
330 551
330 563
330 567
987 874
987 915
987 941
987 948
987 954
987 977
987 1015
987 1024
987 1036
987 1050
987 1056
987 1070
987 1072
987 1080
987 3381
987 3697
1477 462
1477 1521
1477 1594
1477 1773
1477 1777
1477 1804
1911 1762
1911 1979
1911 2016
1911 2023
1911 2081
1911 2087
3145 3328
3145 3359
3145 3404
3145 3428
3145 3438
3145 3448
3145 4292
3493 4372
3493 4391
3493 4396
1102 1812
1102 1824
1764 760
1764 998
1764 1099
1764 1112
1764 1252
1764 1272
1764 1347
1764 1352
1764 1393
1764 1484
1764 1544
1764 1553
1764 1585
1764 1618
1764 1663
1764 1671
1764 1676
1764 1725
1764 1730
1764 1742
1764 1747
1764 1748
1764 1750
1764 1760
1764 1777
1764 1795
1764 1804
1764 1807
1764 2680
1764 3023
1764 4425
1764 4653
3306 530
3306 1389
3306 3004
3306 3011
3306 3017
3306 3022
3306 3037
3306 3089
3306 3186
3306 3339
3306 3418
3306 3443
3306 4142
4141 1760
4141 3311
4141 3742
4141 3854
4141 3857
4141 3921
4141 3960
4141 4054
4141 4089
4141 4091
4141 4132
4141 4157
4141 4181
4141 4262
4141 4271
4141 4286
4141 4290
738 717
738 723
738 736
738 765
738 770
738 795
738 798
738 804
738 805
738 812
738 4187
738 4206
738 4260
1173 1150
1173 1512
1173 1602
1173 1604
1173 1825
1173 3390
2850 856
2850 1700
2850 2378
2850 2628
2850 2746
2850 2803
2850 2824
2850 2829
2850 2876
2850 2890
2850 2904
2850 2911
2850 2912
2850 2916
2850 2952
2850 2960
2850 2964
2850 2981
2850 2983
2850 3463
2850 4397
3458 1122
3458 1177
3458 1327
3458 1462
3458 1479
3458 1497
3458 1690
3458 1701
3458 1918
3458 2153
3458 2681
3458 2869
3458 2991
3458 2994
3458 2999
3458 3001
3458 3016
3458 3023
3458 3038
3458 3051
3458 3055
3458 3073
3458 3077
3458 3081
3458 3084
3458 3087
3458 3090
3458 3091
3458 3096
3458 3115
3458 3139
3458 3143
3458 3161
3458 3172
3458 3178
3458 3185
3458 3194
3458 3202
3458 3203
3458 3213
3458 3218
3458 3220
3458 3222
3458 3236
3458 3260
3458 3277
3458 3289
3458 3291
3458 3292
3458 3293
3458 3302
3458 3308
3458 3316
3458 3317
3458 3325
3458 3326
3458 3346
3458 3355
3458 3362
3458 3364
3458 3365
3458 3372
3458 3377
3458 3386
3458 3401
3458 3407
3458 3409
3458 3410
3458 3418
3458 3422
3458 3426
3458 3440
3458 3448
3458 3451
3458 3834
3458 4679
4217 722
4217 3719
4217 3862
4217 3971
4217 4060
4217 4186
4217 4188
4217 4192
4217 4199
4217 4221
4217 4283
4217 4318
4217 4323
4217 4342
4217 4355
4217 4382
4217 4388
4217 4489
3328 2981
3328 3240
3328 3246
3328 3275
3328 3284
3328 3388
3328 3430
3328 3431
3328 3432
3328 3441
3328 3447
3328 4916
3457 374
3457 949
3457 1137
3457 1198
3457 1976
3457 2571
3457 2728
3457 2798
3457 2801
3457 2993
3457 3022
3457 3030
3457 3039
3457 3040
3457 3061
3457 3065
3457 3069
3457 3088
3457 3097
3457 3119
3457 3126
3457 3136
3457 3148
3457 3151
3457 3157
3457 3162
3457 3167
3457 3180
3457 3182
3457 3184
3457 3190
3457 3206
3457 3211
3457 3212
3457 3235
3457 3249
3457 3256
3457 3263
3457 3266
3457 3274
3457 3278
3457 3290
3457 3294
3457 3295
3457 3296
3457 3314
3457 3324
3457 3331
3457 3342
3457 3348
3457 3349
3457 3350
3457 3351
3457 3357
3457 3360
3457 3369
3457 3380
3457 3381
3457 3383
3457 3384
3457 3387
3457 3388
3457 3397
3457 3400
3457 3402
3457 3420
3457 3424
3457 3425
3457 3429
3457 3442
3457 3449
3457 3450
3457 4225
3457 4403
3457 4635
3457 4973
4260 1577
4260 2753
4260 2847
4260 2952
4260 3512
4260 3547
4260 3603
4260 3621
4260 3748
4260 3887
4260 3904
4260 3913
4260 3945
4260 3983
4260 4027
4260 4078
4260 4108
4260 4189
4260 4222
4260 4243
4260 4254
4260 4300
4260 4327
4260 4333
4375 540
4375 825
4375 2959
4375 3187
4375 3412
4375 3505
4375 3536
4375 3679
4375 3736
4375 3784
4375 3797
4375 3817
4375 3867
4375 3901
4375 3932
4375 3965
4375 3973
4375 3982
4375 3993
4375 4033
4375 4040
4375 4042
4375 4081
4375 4105
4375 4109
4375 4140
4375 4144
4375 4150
4375 4153
4375 4165
4375 4170
4375 4179
4375 4182
4375 4187
4375 4210
4375 4221
4375 4224
4375 4237
4375 4246
4375 4255
4375 4256
4375 4257
4375 4262
4375 4274
4375 4284
4375 4311
4375 4341
4375 4347
4375 4349
4375 4359
4375 4377
4375 4393
4375 4398
4375 4783
4375 4970
4375 4994
2882 1101
2882 2120
2882 2299
2882 2347
2882 2432
2882 2483
2882 2486
2882 2511
2882 2679
2882 2710
2882 2717
2882 2723
2882 2728
2882 2733
2882 2748
2882 2816
2882 2839
2882 2844
2882 2896
2882 2920
2882 2925
2882 2944
2882 2954
2882 2959
2882 2978
2882 3053
2882 4881
2882 4907
2919 2168
2919 2331
2919 2420
2919 2428
2919 2437
2919 2440
2919 2485
2919 2494
2919 2530
2919 2550
2919 2609
2919 2638
2919 2660
2919 2745
2919 2746
2919 2770
2919 2785
2919 2803
2919 2829
2919 2831
2919 2857
2919 2904
2919 2911
2919 2912
2919 2952
2919 2960
2919 2981
2919 2983
2919 3046
2919 3909
2919 4244
2919 4491
2919 4914
2919 4959
4365 340
4365 976
4365 982
4365 1707
4365 2953
4365 2960
4365 3297
4365 3499
4365 3513
4365 3534
4365 3578
4365 3592
4365 3605
4365 3609
4365 3622
4365 3624
4365 3627
4365 3694
4365 3725
4365 3805
4365 3838
4365 3847
4365 3869
4365 3924
4365 3932
4365 3950
4365 3961
4365 3991
4365 4058
4365 4060
4365 4081
4365 4088
4365 4090
4365 4110
4365 4113
4365 4114
4365 4122
4365 4127
4365 4163
4365 4172
4365 4180
4365 4189
4365 4242
4365 4265
4365 4273
4365 4303
4365 4319
4365 4328
4365 4333
4365 4353
4365 4376
4365 4389
4365 4819
4365 4889
4963 775
4963 1906
4963 2547
4963 4314
4963 4737
4963 4738
4963 4742
4963 4760
4963 4773
4963 4778
4963 4779
4963 4798
4963 4806
4963 4811
4963 4824
4963 4839
4963 4855
4963 4858
4963 4861
4963 4873
4963 4877
4963 4889
4963 4900
4963 4933
4963 4941
4963 4966
4963 4976
4963 4995
1706 822
1706 1487
1706 1493
1706 1606
1706 1640
1706 1677
1706 1717
1706 1738
1706 1756
1706 1765
1706 1788
1706 1790
1706 1814
1706 1825
1706 1833
1706 1838
1706 2881
1706 3393
3427 473
3427 1069
3427 2033
3427 2842
3427 3010
3427 3012
3427 3026
3427 3042
3427 3095
3427 3125
3427 3135
3427 3245
3427 3253
3427 3311
3427 3312
3427 3315
3427 3318
3427 3333
3427 3345
3427 3368
3427 3373
3427 3374
3427 3387
3427 3393
3427 3396
3427 3399
3427 3400
3427 3404
3427 3405
3427 3407
3427 3412
3427 3428
3427 3437
3427 3438
3427 3448
3427 3450
3427 3456
3427 3460
3427 4027
4290 488
4290 1713
4290 2531
4290 2978
4290 3471
4290 3523
4290 3538
4290 3574
4290 3579
4290 3628
4290 3742
4290 3778
4290 3837
4290 3854
4290 3857
4290 3885
4290 3902
4290 3921
4290 3957
4290 3960
4290 4061
4290 4089
4290 4091
4290 4132
4290 4157
4290 4158
4290 4262
4290 4271
4290 4286
4290 4324
4290 4533
4290 4710
4628 1814
4628 2633
4628 4421
4628 4508
4628 4542
4628 4631
4628 4669
4628 4673
4628 4693
4628 4694
4628 4712
4628 4714
4628 4724
4698 551
4698 1819
4698 2841
4698 4044
4698 4198
4698 4240
4698 4391
4698 4410
4698 4411
4698 4479
4698 4536
4698 4550
4698 4561
4698 4575
4698 4586
4698 4591
4698 4604
4698 4608
4698 4609
4698 4616
4698 4621
4698 4627
4698 4635
4698 4637
4698 4643
4698 4644
4698 4648
4698 4662
4698 4664
4698 4667
4698 4682
4698 4692
4698 4695
4698 4703
4698 4706
4698 4707
4698 4710
4698 4719
4698 4721
405 447
405 498
405 531
405 558
405 569
405 1199
2411 1818
2411 2601
2411 2843
2411 2937
2411 2938
2411 2967
2411 2971
2701 589
2701 2095
2701 2143
2701 2284
2701 2457
2701 2515
2701 2529
2701 2539
2701 2715
2701 2744
2701 2758
2701 2842
2701 2859
2701 2885
2701 2911
2701 3026
3295 728
3295 2983
3295 3013
3295 3078
3295 3101
3295 3216
3295 3369
3295 3377
3295 3400
3295 3424
3295 3425
3295 3429
3295 3442
4045 1574
4045 3963
4045 3981
4045 4294
4045 4301
4045 4317
4045 4337
4045 4376
441 442
441 444
441 445
441 487
441 493
441 528
441 535
917 877
917 957
917 976
917 1015
917 1027
917 1050
917 1054
917 1643
3438 1660
3438 1732
3438 2214
3438 2431
3438 2708
3438 2712
3438 2717
3438 2823
3438 3007
3438 3042
3438 3043
3438 3047
3438 3062
3438 3079
3438 3087
3438 3095
3438 3105
3438 3116
3438 3130
3438 3142
3438 3201
3438 3238
3438 3261
3438 3262
3438 3297
3438 3301
3438 3303
3438 3304
3438 3352
3438 3359
3438 3368
3438 3370
3438 3378
3438 3379
3438 3394
3438 3399
3438 3404
3438 3405
3438 3407
3438 3409
3438 3412
3438 3428
3438 3437
3438 3448
3438 3450
3438 3460
3438 4362
3507 1763
3507 4371
3507 4385
3507 4396
4350 363
4350 447
4350 509
4350 794
4350 817
4350 1881
4350 2779
4350 3617
4350 3674
4350 3687
4350 3754
4350 3789
4350 3888
4350 3966
4350 4030
4350 4043
4350 4099
4350 4142
4350 4156
4350 4162
4350 4166
4350 4193
4350 4195
4350 4208
4350 4233
4350 4276
4350 4288
4350 4299
4350 4307
4350 4309
4350 4315
4350 4352
4350 4361
4350 4370
4350 4371
4350 4372
4350 4374
4350 4385
4350 4391
4350 4396
4350 4596
4350 4979
1709 1096
1709 1132
1709 1163
1709 1174
1709 1189
1709 1277
1709 1317
1709 1380
1709 1381
1709 1450
1709 1453
1709 1462
1709 1489
1709 1491
1709 1528
1709 1537
1709 1800
1709 2865
1709 4176
1709 4341
1709 4924
1814 683
1814 705
1814 1143
1814 1157
1814 1166
1814 1194
1814 1202
1814 1236
1814 1240
1814 1241
1814 1301
1814 1313
1814 1352
1814 1359
1814 1375
1814 1387
1814 1449
1814 1455
1814 1464
1814 1478
1814 1479
1814 1488
1814 1496
1814 1541
1814 1556
1814 1559
1814 1562
1814 1571
1814 1621
1814 1623
1814 1626
1814 1638
1814 1644
1814 1670
1814 1686
1814 1699
1814 1717
1814 1738
1814 1744
1814 1765
1814 1776
1814 1788
1814 1805
1814 1825
1814 1833
1814 3232
1814 3284
1814 3399
1814 3680
1814 4000
1814 4296
1814 4389
1814 4593
1818 854
1818 958
1818 1082
1818 1105
1818 1146
1818 1147
1818 1171
1818 1184
1818 1197
1818 1210
1818 1225
1818 1230
1818 1263
1818 1282
1818 1292
1818 1294
1818 1302
1818 1314
1818 1366
1818 1432
1818 1459
1818 1460
1818 1469
1818 1476
1818 1499
1818 1511
1818 1543
1818 1564
1818 1569
1818 1590
1818 1617
1818 1627
1818 1629
1818 1632
1818 1635
1818 1669
1818 1689
1818 1717
1818 1718
1818 1719
1818 1727
1818 1737
1818 1746
1818 1749
1818 1762
1818 1769
1818 1783
1818 1803
1818 1816
1818 2386
1818 2780
1818 2903
1818 3460
1818 4215
1818 4336
1818 4357
1818 4820
3802 563
3802 3859
3802 4212
3802 4298
3802 4357
3802 4397
4289 815
4289 1679
4289 2725
4289 2963
4289 3400
4289 3506
4289 3665
4289 3859
4289 4052
4289 4074
4289 4102
4289 4190
4289 4227
4289 4244
4289 4297
4289 4298
4289 4302
4289 4305
4289 4312
4289 4324
4289 4338
4289 4341
4289 4357
4289 4377
4289 4397
4393 465
4393 480
4393 803
4393 857
4393 1790
4393 1825
4393 2618
4393 2788
4393 2832
4393 3431
4393 3463
4393 3467
4393 3505
4393 3607
4393 3643
4393 3679
4393 3715
4393 3732
4393 3735
4393 3736
4393 3760
4393 3780
4393 3797
4393 3808
4393 3817
4393 3867
4393 3901
4393 3907
4393 3932
4393 3962
4393 3982
4393 3993
4393 4001
4393 4033
4393 4040
4393 4105
4393 4109
4393 4140
4393 4144
4393 4150
4393 4153
4393 4165
4393 4170
4393 4179
4393 4182
4393 4187
4393 4210
4393 4221
4393 4224
4393 4237
4393 4246
4393 4255
4393 4256
4393 4257
4393 4284
4393 4305
4393 4311
4393 4349
4393 4359
4393 4388
4393 4398
4393 4592
4393 4658
4393 4897
4992 832
4992 1115
4992 1288
4992 1633
4992 2081
4992 2140
4992 2598
4992 2865
4992 2943
4992 3597
4992 4717
4992 4739
4992 4769
4992 4783
4992 4788
4992 4802
4992 4805
4992 4815
4992 4818
4992 4826
4992 4827
4992 4830
4992 4840
4992 4857
4992 4860
4992 4866
4992 4878
4992 4881
4992 4885
4992 4887
4992 4889
4992 4892
4992 4894
4992 4905
4992 4909
4992 4917
4992 4919
4992 4927
4992 4930
4992 4933
4992 4940
4992 4945
4992 4946
4992 4949
4992 4967
4992 4968
4992 4973
4992 4974
4992 4980
4992 4981
4992 4982
4992 4984
4992 4985
4992 4986
4992 4987
4992 4988
4992 4991
4992 4993
4992 4994
4992 4995
4992 4998
2091 482
2091 1817
2091 1838
2091 1847
2091 1851
2091 1867
2091 1871
2091 1887
2091 1889
2091 1892
2091 1898
2091 1905
2091 1908
2091 1934
2091 1935
2091 1940
2091 1963
2091 1966
2091 1968
2091 1973
2091 1977
2091 1980
2091 1982
2091 1984
2091 1988
2091 1989
2091 1995
2091 1996
2091 2001
2091 2007
2091 2012
2091 2021
2091 2024
2091 2026
2091 2036
2091 2037
2091 2039
2091 2042
2091 2044
2091 2051
2091 2058
2091 2059
2091 2060
2091 2081
2091 2090
2091 2289
2091 2687
2091 2943
2091 2978
2091 4139
2091 4338
2439 1683
2439 2187
2439 2514
2439 2523
2439 2612
2439 2691
2439 2774
2439 2811
2439 2847
2990 294
2990 496
2990 524
2990 967
2990 1026
2990 1474
2990 1565
2990 1625
2990 1849
2990 2111
2990 2123
2990 2152
2990 2183
2990 2192
2990 2272
2990 2278
2990 2306
2990 2337
2990 2341
2990 2343
2990 2359
2990 2361
2990 2378
2990 2386
2990 2418
2990 2443
2990 2459
2990 2469
2990 2484
2990 2485
2990 2522
2990 2540
2990 2541
2990 2558
2990 2564
2990 2565
2990 2569
2990 2570
2990 2578
2990 2583
2990 2595
2990 2609
2990 2611
2990 2621
2990 2640
2990 2641
2990 2642
2990 2666
2990 2688
2990 2707
2990 2734
2990 2740
2990 2784
2990 2790
2990 2799
2990 2816
2990 2827
2990 2834
2990 2843
2990 2865
2990 2880
2990 2881
2990 2887
2990 2898
2990 2906
2990 2915
2990 2931
2990 2937
2990 2938
2990 2944
2990 2963
2990 2964
2990 2967
2990 2979
2990 2980
2990 3255
2990 3409
2990 3994
2990 4192
2990 4307
2990 4701
2990 4935
3206 3040
3206 3244
3206 3357
3206 3360
3206 3369
3206 3380
3206 3381
3206 3420
3206 3437
3206 4353
3430 829
3430 1792
3430 2958
3430 3031
3430 3033
3430 3048
3430 3053
3430 3057
3430 3071
3430 3072
3430 3103
3430 3104
3430 3114
3430 3149
3430 3187
3430 3223
3430 3246
3430 3264
3430 3271
3430 3275
3430 3307
3430 3315
3430 3341
3430 3349
3430 3358
3430 3376
3430 3385
3430 3388
3430 3392
3430 3419
3430 3424
3430 3429
3430 3431
3430 3436
3430 3441
3430 3447
3430 4150
3430 4398
3430 4993
4328 1807
4328 2737
4328 2786
4328 2808
4328 3531
4328 3534
4328 3605
4328 3609
4328 3645
4328 3805
4328 3838
4328 3847
4328 3848
4328 3924
4328 3961
4328 3991
4328 4002
4328 4058
4328 4064
4328 4081
4328 4090
4328 4114
4328 4122
4328 4127
4328 4128
4328 4163
4328 4172
4328 4189
4328 4207
4328 4242
4328 4265
4328 4273
4328 4303
4328 4319
4328 4389
4328 4955
816 490
816 535
816 586
816 598
816 609
816 613
816 618
816 619
816 625
816 628
816 634
816 641
816 643
816 653
816 655
816 666
816 667
816 674
816 718
816 732
816 737
816 749
816 759
816 768
816 776
816 781
816 783
816 785
816 787
816 789
816 790
816 791
816 793
816 802
816 808
816 814
816 815
816 823
816 824
816 1263
816 3081
816 4179
816 4397
822 603
822 606
822 615
822 620
822 632
822 648
822 656
822 665
822 679
822 681
822 682
822 688
822 700
822 703
822 710
822 715
822 721
822 735
822 741
822 745
822 752
822 759
822 760
822 762
822 766
822 771
822 774
822 777
822 780
822 783
822 784
822 787
822 788
822 793
822 794
822 796
822 801
822 804
822 805
822 807
822 810
822 811
822 817
822 818
822 820
822 825
822 827
822 829
822 1777
822 1979
822 2251
822 2276
822 2805
822 3383
822 4137
822 4543
822 4656
1096 1317
1096 1491
1096 1499
1096 3730
2978 554
2978 1036
2978 1668
2978 2026
2978 2031
2978 2124
2978 2170
2978 2195
2978 2209
2978 2237
2978 2292
2978 2354
2978 2376
2978 2390
2978 2429
2978 2436
2978 2438
2978 2446
2978 2483
2978 2501
2978 2508
2978 2516
2978 2532
2978 2536
2978 2538
2978 2599
2978 2602
2978 2617
2978 2635
2978 2689
2978 2700
2978 2710
2978 2717
2978 2720
2978 2723
2978 2728
2978 2733
2978 2742
2978 2748
2978 2760
2978 2761
2978 2815
2978 2820
2978 2839
2978 2844
2978 2871
2978 2883
2978 2885
2978 2896
2978 2915
2978 2920
2978 2922
2978 2925
2978 2948
2978 2954
2978 2956
2978 2959
2978 2963
2978 3364
2978 3410
2978 4239
2978 4637
2978 4644
2978 4669
2978 4964
929 740
929 1023
929 1055
929 1062
929 1067
929 1068
929 1071
929 1077
929 1078
929 3282
1023 827
1023 849
1023 868
1023 953
1023 975
1023 1022
1023 1034
1023 1045
1023 1051
1023 1062
1023 1069
1023 1070
1023 1077
1023 1078
1023 1080
1023 1191
1023 3222
1023 4679
1335 1264
1335 1550
1335 1597
1335 1680
1335 1751
1335 1766
1335 2332
1869 2020
1869 2071
1869 2081
1869 2099
2902 1749
2902 2047
2902 2249
2902 2352
2902 2377
2902 2475
2902 2603
2902 2648
2902 2719
2902 2778
2902 2779
2902 2780
2902 2794
2902 2796
2902 2803
2902 2807
2902 2841
2902 2854
2902 2873
2902 2924
2902 2932
2902 2947
2902 2948
2902 2969
2902 2975
2902 3124
2902 3881
2902 4297
2902 4857
4111 1782
4111 2885
4111 3533
4111 3561
4111 3810
4111 3853
4111 3858
4111 3898
4111 3934
4111 4008
4111 4038
4111 4145
4111 4164
4111 4719
388 350
388 435
388 489
388 522
388 564
388 566
388 2433
1878 1853
1878 1970
1878 2023
1878 2088
1878 2093
2024 1082
2024 1908
2024 1918
2024 1957
2024 1984
2024 2019
2024 2026
2024 2042
2024 2044
2024 2051
2024 2058
2024 2063
2024 2090
2024 4349
3593 4206
3593 4223
3593 4287
3593 4292
3593 4296
3593 4325
3593 4738
4686 798
4686 1765
4686 2095
4686 3412
4686 4447
4686 4453
4686 4493
4686 4571
4686 4584
4686 4588
4686 4630
4686 4641
4686 4649
4686 4655
4686 4663
4686 4678
4686 4679
4686 4695
4686 4697
4686 4704
4686 4708
4686 4713
4686 4714
4686 4715
4686 4718
4686 4729
4686 4812
1701 380
1701 1095
1701 1106
1701 1120
1701 1170
1701 1207
1701 1269
1701 1469
1701 1609
1701 1615
1701 1625
1701 1651
1701 1678
1701 1698
1701 1763
1701 1777
1701 1778
1701 1781
1701 1784
1701 1787
1701 1793
1701 2281
1701 2298
1832 698
1832 998
1832 1050
1832 1088
1832 1098
1832 1134
1832 1151
1832 1152
1832 1161
1832 1164
1832 1168
1832 1204
1832 1216
1832 1229
1832 1243
1832 1250
1832 1253
1832 1254
1832 1263
1832 1266
1832 1276
1832 1300
1832 1304
1832 1308
1832 1309
1832 1319
1832 1361
1832 1379
1832 1386
1832 1396
1832 1413
1832 1426
1832 1430
1832 1435
1832 1438
1832 1444
1832 1454
1832 1473
1832 1495
1832 1523
1832 1524
1832 1529
1832 1535
1832 1538
1832 1545
1832 1557
1832 1561
1832 1576
1832 1592
1832 1595
1832 1632
1832 1642
1832 1646
1832 1655
1832 1674
1832 1696
1832 1705
1832 1708
1832 1723
1832 1734
1832 1742
1832 1767
1832 1769
1832 1781
1832 1798
1832 1820
1832 1826
1832 2472
1832 2929
1832 2992
1832 3270
1832 4108
1832 4319
1832 4985
2686 921
2686 1057
2686 2184
2686 2238
2686 2241
2686 2335
2686 2451
2686 2478
2686 2481
2686 2512
2686 2661
2686 2699
2686 2928
2686 2970
2686 4019
3728 2220
3728 3925
3728 4323
3728 4342
3728 4347
3728 4355
3728 4382
3728 4388
4314 732
4314 1634
4314 2674
4314 2778
4314 3466
4314 3473
4314 3486
4314 3488
4314 3494
4314 3509
4314 3530
4314 3554
4314 3563
4314 3594
4314 3620
4314 3648
4314 3690
4314 3713
4314 3729
4314 3733
4314 3752
4314 3791
4314 4051
4314 4103
4314 4173
4314 4178
4314 4181
4314 4206
4314 4223
4314 4271
4314 4278
4314 4292
4314 4296
4314 4325
4314 4988
687 785
687 787
687 789
687 808
687 814
687 815
687 818
687 824
1089 1326
1089 1392
1089 1410
1089 1559
1089 1591
1089 1742
2830 474
2830 2107
2830 2295
2830 2578
2830 2618
2830 2756
2830 2762
2830 2789
2830 2810
2830 2811
2830 2835
2830 2870
2830 2888
2830 2943
2830 2958
2830 2962
2830 2966
2830 2973
2830 4717
3275 2350
3275 3299
3275 3374
3275 3385
3275 3392
3275 3436
3275 3441
3275 3447
3275 3449
3360 304
3360 3013
3360 3078
3360 3149
3360 3254
3360 3274
3360 3324
3360 3349
3360 3350
3360 3381
3360 3383
3360 3402
3360 3420
3360 3424
3360 3425
3360 3429
3360 4254
3360 4338
3360 4586
3823 4064
3823 4283
3823 4342
3823 4347
3823 4382
3823 4388
4629 1699
4629 3348
4629 3355
4629 4486
4629 4501
4629 4523
4629 4529
4629 4669
4629 4712
4629 4713
4629 4717
4629 4724
1457 1087
1457 1234
1457 1264
1457 1378
1457 1388
1457 1402
1457 1480
1457 1652
1457 4320
2102 2614
2102 2929
2102 2949
2102 2950
2102 4193
2576 2465
2576 2729
2576 2777
2576 2808
2576 2833
2576 2868
2576 2883
2576 2947
2576 4352
3428 521
3428 1605
3428 1730
3428 2667
3428 2818
3428 3092
3428 3130
3428 3140
3428 3225
3428 3228
3428 3233
3428 3238
3428 3242
3428 3261
3428 3303
3428 3311
3428 3312
3428 3317
3428 3352
3428 3373
3428 3374
3428 3379
3428 3396
3428 3399
3428 3405
3428 3406
3428 3412
3428 3418
3428 3432
3428 3434
3428 3437
3428 3440
3428 3448
3428 3456
3428 3460
3428 4257
3428 4403
4241 325
4241 632
4241 699
4241 2320
4241 2937
4241 3477
4241 3520
4241 3531
4241 3560
4241 3591
4241 3684
4241 3703
4241 3718
4241 3721
4241 3741
4241 3815
4241 3864
4241 3892
4241 3926
4241 3946
4241 3955
4241 3979
4241 4063
4241 4115
4241 4198
4241 4226
4241 4234
4241 4303
4241 4353
4360 534
4360 853
4360 1626
4360 2246
4360 2537
4360 2720
4360 2807
4360 3466
4360 3469
4360 3575
4360 3584
4360 3671
4360 3705
4360 3761
4360 3764
4360 3785
4360 3787
4360 3873
4360 3909
4360 3915
4360 3948
4360 3958
4360 3976
4360 3994
4360 3998
4360 4017
4360 4095
4360 4096
4360 4154
4360 4167
4360 4174
4360 4243
4360 4252
4360 4264
4360 4288
4360 4294
4360 4301
4360 4317
4360 4337
4360 4356
4360 4376
4360 4394
4360 4403
4360 4467
4360 4583
666 613
666 787
666 814
666 824
666 4763
1767 1088
1767 1168
1767 1243
1767 1276
1767 1300
1767 1304
1767 1361
1767 1386
1767 1413
1767 1473
1767 1523
1767 1524
1767 1557
1767 1592
1767 1595
1767 1642
1767 1655
1767 1674
1767 1680
1767 1696
1767 1704
1767 1705
1767 1769
1767 1781
1767 1798
1767 1820
1767 1826
1767 2862
1767 4023
1767 4091
1767 4270
1767 4504
1767 4703
2633 939
2633 2172
2633 2190
2633 2193
2633 2450
2633 2676
2633 2698
2633 2862
2633 2983
4249 1561
4249 1751
4249 2074
4249 2959
4249 3558
4249 3658
4249 3822
4249 3824
4249 3825
4249 3941
4249 3985
4249 4131
4249 4233
4249 4259
4249 4298
4249 4302
4249 4305
4249 4312
4249 4338
4249 4374
4249 4377
4249 4397
4249 4721
4707 996
4707 1413
4707 2094
4707 2542
4707 3811
4707 3961
4707 4269
4707 4405
4707 4406
4707 4424
4707 4426
4707 4443
4707 4444
4707 4465
4707 4479
4707 4491
4707 4524
4707 4525
4707 4541
4707 4560
4707 4569
4707 4575
4707 4580
4707 4586
4707 4595
4707 4604
4707 4607
4707 4608
4707 4609
4707 4621
4707 4627
4707 4635
4707 4637
4707 4644
4707 4648
4707 4649
4707 4682
4707 4692
4707 4706
4707 4708
4707 4710
4707 4719
4707 4721
4707 4729
4707 4967
4839 3840
4839 4758
4839 4824
4839 4858
4839 4941
4839 4966
4839 4976
1171 1505
1171 1803
1171 1816
1171 3341
1954 1972
1954 2005
1954 2055
1954 2089
1954 2095
1954 2097
1954 2098
1954 4919
2788 2051
2788 2303
2788 2384
2788 2434
2788 2454
2788 2477
2788 2494
2788 2551
2788 2665
2788 2776
2788 2794
2788 2818
2788 2862
2788 2891
2788 2975
2788 3502
2788 4303
3776 3602
3776 3657
3776 3717
3776 4014
3776 4077
3776 4238
3776 4272
4353 337
4353 739
4353 1587
4353 1759
4353 2073
4353 2608
4353 2684
4353 2922
4353 3592
4353 3622
4353 3627
4353 3656
4353 3693
4353 3694
4353 3704
4353 3725
4353 3828
4353 3838
4353 3848
4353 3869
4353 3873
4353 3924
4353 3929
4353 3937
4353 3950
4353 3991
4353 4002
4353 4058
4353 4081
4353 4090
4353 4110
4353 4113
4353 4114
4353 4122
4353 4127
4353 4128
4353 4163
4353 4164
4353 4166
4353 4172
4353 4180
4353 4242
4353 4265
4353 4273
4353 4303
4353 4319
4353 4389
4353 4954
4687 1459
4687 1704
4687 3368
4687 3449
4687 4462
4687 4464
4687 4466
4687 4522
4687 4537
4687 4544
4687 4547
4687 4562
4687 4573
4687 4582
4687 4589
4687 4598
4687 4610
4687 4611
4687 4613
4687 4634
4687 4639
4687 4642
4687 4650
4687 4653
4687 4654
4687 4659
4687 4664
4687 4665
4687 4669
4687 4681
4687 4694
4687 4696
4687 4709
1544 1465
1544 1532
1544 1676
1544 1747
1544 1750
1544 1800
1544 2088
1544 4356
1567 1162
1567 1239
1567 1249
1567 1332
1567 1368
1567 1415
1567 1443
1567 1450
1567 1458
1567 1483
1567 1613
1567 3366
1567 4139
2554 1507
2554 2373
2554 2449
2554 2517
2554 2727
2554 2769
2554 2797
2554 2903
2554 2944
2939 395
2939 1676
2939 1939
2939 2101
2939 2103
2939 2174
2939 2222
2939 2239
2939 2258
2939 2301
2939 2317
2939 2397
2939 2495
2939 2546
2939 2571
2939 2579
2939 2587
2939 2591
2939 2624
2939 2647
2939 2650
2939 2766
2939 2768
2939 2832
2939 2837
2939 2845
2939 2848
2939 2869
2939 2875
2939 2886
2939 2895
2939 2898
2939 2918
2939 2924
2939 2928
2939 2929
2939 2932
2939 2937
2939 2949
2939 2950
2939 2953
2939 3359
2939 3761
2939 4251
2939 4337
2939 4620
2939 4987
2969 349
2969 545
2969 1427
2969 1665
2969 1794
2969 1796
2969 1960
2969 2139
2969 2146
2969 2173
2969 2232
2969 2270
2969 2387
2969 2416
2969 2493
2969 2509
2969 2520
2969 2589
2969 2648
2969 2653
2969 2670
2969 2680
2969 2711
2969 2732
2969 2739
2969 2747
2969 2749
2969 2752
2969 2767
2969 2773
2969 2778
2969 2780
2969 2793
2969 2794
2969 2805
2969 2807
2969 2822
2969 2841
2969 2854
2969 2855
2969 2867
2969 2873
2969 2888
2969 2891
2969 2898
2969 2905
2969 2914
2969 2932
2969 2949
2969 2970
2969 2975
2969 3113
2969 3393
2969 4091
2969 4584
2969 4777
3005 3102
3005 3240
3005 3419
3005 3431
3005 3447
3005 4950
3906 4214
3906 4272
3906 4334
3906 4336
3906 4367
528 302
528 309
528 319
528 325
528 371
528 380
528 386
528 442
528 445
528 452
528 466
528 477
528 493
528 516
528 542
528 567
528 572
528 823
528 1453
528 3052
528 3995
2242 2544
2242 2681
2242 2718
2242 2833
2614 2622
2614 2752
2614 2837
2614 2895
2614 2898
2614 2918
2614 2924
2614 2928
2614 2950
2614 2953
2614 3456
2614 4324
2983 503
2983 534
2983 539
2983 819
2983 1450
2983 1686
2983 2085
2983 2131
2983 2149
2983 2151
2983 2157
2983 2168
2983 2201
2983 2221
2983 2229
2983 2263
2983 2264
2983 2273
2983 2294
2983 2309
2983 2331
2983 2342
2983 2356
2983 2366
2983 2393
2983 2407
2983 2420
2983 2428
2983 2437
2983 2440
2983 2471
2983 2508
2983 2519
2983 2530
2983 2534
2983 2550
2983 2563
2983 2566
2983 2580
2983 2607
2983 2628
2983 2660
2983 2664
2983 2713
2983 2724
2983 2740
2983 2745
2983 2746
2983 2770
2983 2785
2983 2803
2983 2824
2983 2829
2983 2831
2983 2837
2983 2857
2983 2876
2983 2890
2983 2904
2983 2911
2983 2912
2983 2916
2983 2934
2983 2952
2983 2960
2983 2981
2983 3347
2983 3706
2983 3709
2983 3931
2983 3958
2983 4224
2983 4362
2983 4520
3542 3630
3542 3751
3542 4261
4394 526
4394 531
4394 552
4394 814
4394 1652
4394 1703
4394 2052
4394 2184
4394 2216
4394 3362
4394 3420
4394 3469
4394 3508
4394 3511
4394 3514
4394 3526
4394 3565
4394 3569
4394 3570
4394 3585
4394 3633
4394 3649
4394 3669
4394 3687
4394 3696
4394 3755
4394 3769
4394 3804
4394 3806
4394 3818
4394 3860
4394 3863
4394 3888
4394 3909
4394 3911
4394 3918
4394 3930
4394 3948
4394 3958
4394 3964
4394 3976
4394 3983
4394 3994
4394 3998
4394 3999
4394 4003
4394 4011
4394 4031
4394 4037
4394 4095
4394 4126
4394 4148
4394 4150
4394 4154
4394 4174
4394 4242
4394 4243
4394 4252
4394 4264
4394 4268
4394 4288
4394 4294
4394 4301
4394 4317
4394 4337
4394 4356
4394 4376
4394 4403
4394 4496
4394 4614
4394 4943
4394 4962
4513 1680
4513 4582
4513 4587
4513 4639
4513 4647
4513 4682
4513 4696
4513 4709
1019 695
1019 716
1019 870
1019 925
1019 926
1019 960
1019 970
1019 999
1019 1002
1019 1021
1019 1043
1019 1053
1019 1055
1019 1057
1019 1059
1019 1065
1019 1069
1019 1075
1019 1078
1019 3759
1019 4998
3142 2064
3142 3124
3142 3312
3142 3333
3142 3359
3142 3405
3142 3456
3272 3214
3272 3221
3272 3246
3272 3250
3272 3252
3272 3339
3272 3375
3272 3403
3272 3443
3272 3459
3272 3974
3272 4474
4274 1001
4274 1817
4274 2954
4274 3476
4274 3501
4274 3577
4274 3586
4274 3594
4274 3598
4274 3608
4274 3619
4274 3737
4274 3807
4274 3820
4274 3905
4274 3935
4274 3990
4274 4085
4274 4121
4274 4140
4274 4191
4274 4251
4274 4270
4274 4277
4274 4279
4274 4343
4274 4663
4296 616
4296 2937
4296 2943
4296 3192
4296 3466
4296 3473
4296 3486
4296 3488
4296 3509
4296 3525
4296 3530
4296 3539
4296 3563
4296 3620
4296 3648
4296 3690
4296 3713
4296 3733
4296 3791
4296 4051
4296 4103
4296 4170
4296 4173
4296 4178
4296 4206
4296 4222
4296 4223
4296 4278
4296 4292
4296 4300
4296 4325
4296 4398
4296 4673
4549 3845
4549 4510
4549 4658
4549 4680
4549 4712
4549 4717
4549 4724
4740 4732
4740 4944
4740 4957
4740 4962
4740 4970
827 582
827 596
827 606
827 614
827 615
827 617
827 620
827 626
827 629
827 631
827 632
827 633
827 648
827 653
827 658
827 665
827 667
827 679
827 682
827 683
827 684
827 685
827 692
827 700
827 703
827 706
827 710
827 711
827 721
827 729
827 736
827 742
827 745
827 759
827 760
827 762
827 766
827 771
827 774
827 780
827 784
827 788
827 791
827 793
827 794
827 796
827 801
827 805
827 807
827 810
827 811
827 817
827 818
827 819
827 820
827 825
827 829
827 1441
827 1562
827 1824
827 2412
827 2664
827 3192
827 3694
827 4040
827 4555
827 4610
827 4615
827 4806
827 4898
1025 889
1025 912
1025 1037
1025 1041
1025 1046
1025 1051
1025 1057
1025 1062
1025 1065
1025 1068
1025 1071
1025 1077
1025 1078
1025 1080
1025 1771
1025 1926
1025 4168
1025 4926
2097 519
2097 521
2097 751
2097 804
2097 1008
2097 1733
2097 1824
2097 1849
2097 1850
2097 1855
2097 1858
2097 1859
2097 1862
2097 1888
2097 1893
2097 1897
2097 1909
2097 1912
2097 1914
2097 1915
2097 1923
2097 1924
2097 1925
2097 1927
2097 1928
2097 1930
2097 1938
2097 1939
2097 1943
2097 1946
2097 1950
2097 1962
2097 1965
2097 1971
2097 1990
2097 1992
2097 1998
2097 2002
2097 2005
2097 2012
2097 2017
2097 2025
2097 2029
2097 2030
2097 2038
2097 2043
2097 2055
2097 2067
2097 2073
2097 2074
2097 2077
2097 2079
2097 2085
2097 2089
2097 2093
2097 2095
2097 2098
2097 2613
2097 2816
2097 3724
2097 4113
2097 4204
2889 1218
2889 1945
2889 2166
2889 2246
2889 2438
2889 2446
2889 2497
2889 2501
2889 2560
2889 2599
2889 2602
2889 2685
2889 2689
2889 2700
2889 2704
2889 2728
2889 2748
2889 2761
2889 2766
2889 2820
2889 2868
2889 2920
2889 2922
2889 2925
2889 2954
2889 2959
2889 3437
2889 4048
4355 531
4355 1069
4355 1480
4355 1707
4355 1800
4355 2952
4355 2979
4355 3604
4355 3636
4355 3638
4355 3660
4355 3677
4355 3734
4355 3772
4355 3788
4355 3800
4355 3801
4355 3824
4355 3826
4355 3897
4355 3971
4355 3972
4355 3976
4355 4001
4355 4044
4355 4047
4355 4060
4355 4062
4355 4104
4355 4116
4355 4171
4355 4186
4355 4188
4355 4192
4355 4199
4355 4318
4355 4323
4355 4342
4355 4347
4355 4382
4355 4388
4396 1057
4396 1068
4396 1623
4396 1984
4396 2003
4396 2452
4396 2481
4396 2533
4396 2726
4396 2836
4396 2858
4396 3437
4396 3472
4396 3489
4396 3553
4396 3580
4396 3583
4396 3590
4396 3607
4396 3617
4396 3632
4396 3650
4396 3662
4396 3697
4396 3717
4396 3731
4396 3745
4396 3749
4396 3756
4396 3761
4396 3774
4396 3777
4396 3796
4396 3798
4396 3834
4396 3836
4396 3888
4396 3931
4396 3987
4396 3997
4396 4030
4396 4043
4396 4068
4396 4081
4396 4092
4396 4099
4396 4142
4396 4156
4396 4162
4396 4166
4396 4193
4396 4208
4396 4210
4396 4233
4396 4299
4396 4307
4396 4309
4396 4315
4396 4352
4396 4361
4396 4370
4396 4371
4396 4372
4396 4374
4396 4385
4396 4391
4396 4485
4396 4556
4396 4790
1049 831
1049 856
1049 858
1049 900
1049 924
1049 928
1049 932
1049 956
1049 961
1049 962
1049 966
1049 991
1049 1011
1049 1030
1049 1031
1049 1044
1049 1046
1049 1069
1049 1073
1049 1076
1049 1077
1049 2709
1049 2894
1049 3352
1049 3381
1049 4790
1049 4828
1714 1101
1714 1297
1714 1328
1714 1336
1714 1481
1714 1503
1714 1536
1714 1607
1714 1624
1714 1649
1714 1685
1714 1695
1714 1719
1714 1757
1714 1759
1714 1805
1714 1807
1714 1828
1714 1836
1714 2956
1714 3139
2027 1965
2027 1967
2027 1972
2027 1987
2027 2021
2027 2045
2027 2050
2027 2072
2027 2081
2027 2085
2027 2087
2027 2088
2027 2099
2027 4234
2789 1636
2789 2035
2789 2205
2789 2756
2789 2762
2789 2811
2789 2835
2789 2922
2789 2943
2789 2958
2789 2962
2789 2966
2789 3441
2906 742
2906 1580
2906 1637
2906 1816
2906 2306
2906 2341
2906 2541
2906 2621
2906 2630
2906 2666
2906 2707
2906 2713
2906 2757
2906 2784
2906 2790
2906 2816
2906 2834
2906 2881
2906 2931
2906 2937
2906 2944
2906 2964
2906 2967
2906 2979
2906 2980
2906 3406
2906 3425
2906 4863
2918 812
2918 920
2918 1072
2918 1333
2918 1593
2918 2103
2918 2134
2918 2301
2918 2344
2918 2382
2918 2419
2918 2544
2918 2557
2918 2561
2918 2571
2918 2587
2918 2591
2918 2647
2918 2650
2918 2670
2918 2723
2918 2805
2918 2832
2918 2845
2918 2848
2918 2869
2918 2886
2918 2895
2918 2898
2918 2924
2918 2928
2918 2929
2918 2949
2918 2950
2918 2953
2918 4244
2918 4252
4555 4414
4555 4468
4555 4514
4555 4580
4555 4625
4555 4646
4555 4660
4555 4661
4555 4701
4582 3578
4582 4562
4582 4589
4582 4623
4582 4639
4582 4659
4582 4664
4582 4674
4582 4682
4582 4690
4582 4696
4582 4913
599 744
599 751
599 819
599 823
599 2382
1085 1305
1085 1362
1085 1410
1085 1591
1085 1745
1085 4162
1147 1627
1147 1746
1147 1783
1147 1803
1853 2032
1853 2081
1853 2089
1853 2093
2960 500
2960 787
2960 1348
2960 2198
2960 2201
2960 2221
2960 2229
2960 2275
2960 2309
2960 2331
2960 2356
2960 2420
2960 2471
2960 2489
2960 2519
2960 2534
2960 2547
2960 2566
2960 2607
2960 2628
2960 2660
2960 2724
2960 2740
2960 2745
2960 2770
2960 2785
2960 2793
2960 2803
2960 2824
2960 2829
2960 2831
2960 2844
2960 2857
2960 2876
2960 2890
2960 2896
2960 2904
2960 2911
2960 2912
2960 2916
2960 2952
2960 2981
2960 3249
2960 4349
2960 4993
3188 3320
3188 3330
3188 3332
3188 3384
3188 3391
3188 3393
3188 3408
3188 3440
3188 3764
3188 4337
3440 460
3440 558
3440 2865
3440 3009
3440 3020
3440 3035
3440 3070
3440 3086
3440 3098
3440 3112
3440 3133
3440 3138
3440 3141
3440 3147
3440 3150
3440 3160
3440 3164
3440 3166
3440 3197
3440 3205
3440 3208
3440 3209
3440 3210
3440 3227
3440 3229
3440 3247
3440 3248
3440 3268
3440 3269
3440 3281
3440 3298
3440 3300
3440 3320
3440 3329
3440 3330
3440 3332
3440 3334
3440 3340
3440 3343
3440 3347
3440 3356
3440 3367
3440 3384
3440 3393
3440 3408
3440 3411
3440 3422
3440 3424
3440 3450
3440 4152
3440 4170
3440 4210
3440 4286
3440 4370
3440 4376
3440 4859
4703 2092
4703 2371
4703 3985
4703 4336
4703 4419
4703 4432
4703 4445
4703 4469
4703 4488
4703 4508
4703 4554
4703 4556
4703 4558
4703 4568
4703 4594
4703 4596
4703 4599
4703 4600
4703 4630
4703 4641
4703 4643
4703 4660
4703 4666
4703 4678
4703 4689
4703 4696
4703 4697
4703 4704
4703 4708
4703 4713
4703 4715
4703 4718
4703 4729
1541 1354
1541 1492
1541 1765
1541 1788
1541 1825
1541 4385
1670 825
1670 1256
1670 1441
1670 1448
1670 1562
1670 1640
1670 1677
1670 1765
1670 1776
1670 1782
1670 1788
1670 1825
1670 1833
1670 3134
1670 3879
1670 4093
1790 776
1790 1114
1790 1158
1790 1172
1790 1287
1790 1323
1790 1346
1790 1390
1790 1400
1790 1468
1790 1500
1790 1551
1790 1565
1790 1570
1790 1605
1790 1611
1790 1622
1790 1624
1790 1630
1790 1643
1790 1647
1790 1654
1790 1667
1790 1716
1790 1721
1790 1724
1790 1731
1790 1733
1790 1768
1790 1779
1790 1789
1790 1792
1790 1812
1790 1817
1790 1821
1790 1824
1790 2596
1790 2698
1790 2704
1790 2762
1790 3405
1790 4002
1790 4148
1807 1104
1807 1121
1807 1175
1807 1224
1807 1278
1807 1281
1807 1337
1807 1342
1807 1345
1807 1399
1807 1418
1807 1436
1807 1445
1807 1446
1807 1467
1807 1481
1807 1513
1807 1514
1807 1538
1807 1554
1807 1568
1807 1587
1807 1601
1807 1607
1807 1633
1807 1662
1807 1685
1807 1693
1807 1695
1807 1697
1807 1699
1807 1702
1807 1739
1807 1757
1807 1758
1807 1759
1807 1779
1807 1805
1807 1819
1807 1828
1807 1836
1807 1975
1807 2376
1807 2785
1807 2805
1807 2911
1807 2950
1807 2979
1807 3276
1807 3432
1807 3738
1807 4650
3001 3373
3001 3401
3001 3409
3001 3422
3001 3426
3436 810
3436 836
3436 1587
3436 1768
3436 2050
3436 2093
3436 2996
3436 3024
3436 3031
3436 3094
3436 3103
3436 3114
3436 3122
3436 3131
3436 3132
3436 3166
3436 3168
3436 3177
3436 3187
3436 3223
3436 3234
3436 3240
3436 3271
3436 3273
3436 3284
3436 3286
3436 3299
3436 3309
3436 3315
3436 3319
3436 3323
3436 3327
3436 3337
3436 3341
3436 3358
3436 3376
3436 3388
3436 3390
3436 3392
3436 3405
3436 3419
3436 3422
3436 3432
3436 3441
3436 3447
3436 3449
3436 3460
3436 4078
3436 4658
3436 4984
4809 4673
4809 4783
4809 4793
4809 4899
4809 4906
4809 4907
4809 4955
4809 4958
4984 1618
4984 1845
4984 2402
4984 2628
4984 4252
4984 4730
4984 4732
4984 4775
4984 4822
4984 4838
4984 4840
4984 4860
4984 4892
4984 4896
4984 4909
4984 4911
4984 4919
4984 4921
4984 4923
4984 4927
4984 4935
4984 4942
4984 4955
4984 4959
4984 4967
4984 4968
4984 4972
4984 4974
4984 4981
4984 4985
4984 4986
4984 4987
4984 4988
4984 4991
4984 4993
4984 4994
4984 4995
4984 4998
679 750
679 811
679 818
679 829
679 3539
1791 1100
1791 1137
1791 1153
1791 1155
1791 1179
1791 1198
1791 1235
1791 1265
1791 1270
1791 1290
1791 1293
1791 1358
1791 1371
1791 1377
1791 1383
1791 1417
1791 1428
1791 1438
1791 1475
1791 1478
1791 1509
1791 1532
1791 1546
1791 1566
1791 1584
1791 1588
1791 1611
1791 1631
1791 1658
1791 1661
1791 1664
1791 1688
1791 1700
1791 1703
1791 1725
1791 1736
1791 1771
1791 1772
1791 1782
1791 1796
1791 2366
1791 2607
1791 2650
1791 2925
1791 3119
1791 3372
1791 3755
1791 3979
1791 4138
2441 1669
2441 2619
2441 2682
2441 2692
2441 2779
2441 2795
2441 2809
2441 2840
3731 4078
3731 4352
3731 4372
3731 4391
3864 3741
3864 3815
3864 3926
3864 3955
3864 4166
3864 4198
3864 4226
3864 4234
4099 1061
4099 2621
4099 4209
4099 4315
4099 4352
4099 4361
4099 4370
4099 4372
4099 4374
4099 4385
4099 4391
4317 1646
4317 1655
4317 1698
4317 2619
4317 2859
4317 2911
4317 3584
4317 3671
4317 3750
4317 3805
4317 3838
4317 3976
4317 4003
4317 4015
4317 4031
4317 4053
4317 4092
4317 4243
4317 4252
4317 4264
4317 4268
4317 4288
4317 4294
4317 4301
4317 4337
4317 4356
4317 4376
4317 4403
4603 3788
4603 3980
4603 4418
4603 4498
4603 4500
4603 4532
4603 4551
4603 4580
4603 4617
4603 4631
4603 4638
4603 4701
4603 4712
4697 1018
4697 1772
4697 2095
4697 3441
4697 4407
4697 4486
4697 4492
4697 4494
4697 4508
4697 4540
4697 4545
4697 4554
4697 4571
4697 4579
4697 4583
4697 4599
4697 4615
4697 4635
4697 4641
4697 4643
4697 4660
4697 4678
4697 4679
4697 4689
4697 4695
4697 4704
4697 4713
4697 4715
4697 4718
4697 4729
4697 4816
963 858
963 919
963 995
963 1011
963 1017
963 1073
963 1076
963 1078
2481 1886
2481 2238
2481 2478
2481 2661
2481 2664
2481 2699
2481 2807
2704 567
2704 2115
2704 2279
2704 2399
2704 2455
2704 2482
2704 2527
2704 2573
2704 2616
2704 2678
2704 2684
2704 2757
2704 4802
2949 1746
2949 1766
2949 2135
2949 2174
2949 2181
2949 2271
2949 2277
2949 2317
2949 2362
2949 2380
2949 2405
2949 2495
2949 2518
2949 2525
2949 2546
2949 2557
2949 2591
2949 2605
2949 2670
2949 2711
2949 2766
2949 2768
2949 2790
2949 2832
2949 2837
2949 2845
2949 2848
2949 2869
2949 2886
2949 2895
2949 2898
2949 2924
2949 2928
2949 2950
2949 2953
2949 2966
2949 2979
2949 3531
2949 4163
2949 4706
2949 4815
3538 824
3538 3957
3538 4157
3538 4286
4845 4828
4845 4925
4845 4952
4845 4957
4845 4962
4845 4964
4845 4970
1422 703
1422 1376
1422 1610
1422 1668
1422 1704
1422 1726
1422 1730
1422 1735
2039 408
2039 1075
2039 1874
2039 1892
2039 1940
2039 1966
2039 1980
2039 1988
2039 1989
2039 2007
2039 2037
2039 2051
2039 2059
2039 2063
2039 2090
2039 3805
2039 4044
2922 1033
2922 1076
2922 1485
2922 1757
2922 2089
2922 2142
2922 2170
2922 2332
2922 2354
2922 2390
2922 2430
2922 2483
2922 2526
2922 2602
2922 2617
2922 2622
2922 2700
2922 2717
2922 2753
2922 2760
2922 2782
2922 2820
2922 2839
2922 2844
2922 2847
2922 2867
2922 2871
2922 2896
2922 2925
2922 2954
2922 2956
2922 2959
2922 2963
2922 3291
2922 4671
4196 691
4196 771
4196 2943
4196 3465
4196 3571
4196 3635
4196 3654
4196 3753
4196 3773
4196 4064
4196 4214
4196 4227
4196 4269
4196 4287
4196 4334
4196 4336
4196 4367
4196 4678
4572 1825
4572 4324
4572 4544
4572 4633
4572 4712
4572 4717
4867 420
4867 1776
4867 4844
4867 4853
4867 4981
4867 4985
4867 4988
4867 4995
4867 4998
732 535
732 626
732 776
732 787
732 808
732 815
732 824
1731 1605
1731 1611
1731 1643
1731 1647
1731 1667
1731 1716
1731 1721
1731 1724
1731 1733
1731 1736
1731 1751
1731 1765
1731 1768
1731 1789
1731 1792
1731 1812
1731 1817
1731 1821
1731 1824
1731 2762
1731 3540
1731 3887
1731 4251
979 551
979 1013
979 1017
979 1034
979 1062
979 1067
979 1068
979 1071
979 1078
979 1080
979 2147
999 983
999 1002
999 1021
999 1035
999 1040
999 1043
999 1053
999 1055
999 1057
999 1061
999 1065
999 1075
999 1076
999 2380
999 4154
1053 563
1053 852
1053 899
1053 922
1053 926
1053 934
1053 945
1053 964
1053 967
1053 992
1053 1018
1053 1020
1053 1021
1053 1029
1053 1035
1053 1036
1053 1037
1053 1040
1053 1044
1053 1047
1053 1055
1053 1057
1053 1061
1053 1075
1053 1080
1053 2052
1053 2910
1053 2937
1053 3402
1053 3520
1398 1427
1398 1542
1398 1555
1398 1748
1398 1778
1398 1784
1398 1787
1398 1795
1398 4076
2665 446
2665 2487
2665 2650
2665 2676
2665 2698
2665 2776
2665 2798
2665 2862
2665 2891
2665 4490
2782 1924
2782 2209
2782 2250
2782 2516
2782 2560
2782 2607
2782 2700
2782 2754
2782 2844
2782 2871
2782 2896
2782 2920
2782 2956
2782 2959
2782 2963
3290 1182
3290 1589
3290 3126
3290 3266
3290 3338
3290 3357
3290 3383
3290 3400
3290 3419
3290 3424
3290 3425
3290 3429
3290 3442
3380 709
3380 2998
3380 3029
3380 3119
3380 3136
3380 3235
3380 3294
3380 3342
3380 3348
3380 3381
3380 3383
3380 3397
3380 3400
3380 3402
3380 3420
3380 3425
3380 3429
3380 3442
3380 3450
3380 3740
3380 4347
3380 4598
4129 936
4129 3573
4129 3633
4129 3681
4129 3829
4129 3878
4129 3879
4129 3959
4129 3963
4129 4067
4129 4108
4129 4202
4129 4261
4129 4266
4814 1454
4814 4805
4814 4908
4814 4925
4814 4944
4814 4952
4814 4957
4814 4964
4814 4970
382 323
382 386
382 527
382 570
1046 737
1046 831
1046 836
1046 853
1046 860
1046 861
1046 865
1046 869
1046 878
1046 881
1046 931
1046 986
1046 991
1046 1011
1046 1017
1046 1030
1046 1031
1046 1033
1046 1071
1046 1072
1046 1073
1046 1076
1046 2089
1046 4325
1046 4991
3261 1887
3261 3119
3261 3125
3261 3242
3261 3270
3261 3334
3261 3404
3261 3434
3261 3456
3261 3460
3769 3952
3769 3988
3769 4054
3769 4070
3769 4138
3769 4169
3769 4655
4126 2205
4126 2947
4126 3569
4126 3863
4126 3904
4126 4148
4126 4239
4126 4264
4126 4266
4126 4288
4126 4294
4126 4376
4307 796
4307 903
4307 3218
4307 3626
4307 3789
4307 4005
4307 4127
4307 4173
4307 4193
4307 4208
4307 4233
4307 4299
4307 4309
4307 4315
4307 4352
4307 4361
4307 4370
4307 4371
4307 4372
4307 4374
4307 4385
4307 4391
4307 4398
4307 4456
4307 4758
4307 4987
4721 539
4721 675
4721 1100
4721 1660
4721 1787
4721 1910
4721 2620
4721 2975
4721 3545
4721 3639
4721 4385
4721 4405
4721 4411
4721 4413
4721 4421
4721 4424
4721 4427
4721 4431
4721 4434
4721 4438
4721 4443
4721 4444
4721 4451
4721 4455
4721 4489
4721 4491
4721 4497
4721 4509
4721 4521
4721 4524
4721 4525
4721 4526
4721 4533
4721 4536
4721 4541
4721 4548
4721 4550
4721 4559
4721 4560
4721 4561
4721 4569
4721 4570
4721 4575
4721 4586
4721 4591
4721 4595
4721 4602
4721 4604
4721 4607
4721 4608
4721 4616
4721 4621
4721 4627
4721 4635
4721 4637
4721 4644
4721 4648
4721 4649
4721 4662
4721 4667
4721 4682
4721 4692
4721 4706
4721 4710
4721 4712
4721 4714
4721 4719
4818 3259
4818 4934
4818 4986
4818 4993
4818 4998
4937 2958
4937 3712
4937 4701
4937 4762
4937 4789
4937 4801
4937 4842
4937 4848
4937 4860
4937 4866
4937 4874
4937 4897
4937 4911
4937 4920
4937 4926
4937 4940
4937 4945
4937 4959
4937 4979
4937 4982
4938 910
4938 2877
4938 4343
4938 4772
4938 4785
4938 4788
4938 4804
4938 4837
4938 4859
4938 4862
4938 4871
4938 4876
4938 4883
4938 4886
4938 4896
4938 4924
4938 4934
4938 4960
562 299
562 321
562 326
562 328
562 335
562 341
562 343
562 344
562 346
562 349
562 368
562 396
562 410
562 421
562 430
562 431
562 436
562 443
562 448
562 457
562 460
562 466
562 480
562 481
562 482
562 489
562 499
562 501
562 502
562 512
562 514
562 517
562 527
562 536
562 539
562 555
562 559
562 564
562 566
562 572
562 1030
562 1240
562 1796
562 2753
562 2964
562 2994
562 3368
562 3913
562 4631
1330 1205
1330 1233
1330 1252
1330 1274
1330 1331
1330 1333
1330 1404
1330 4332
1663 791
1663 1226
1663 1356
1663 1405
1663 1618
1663 1656
1663 1676
1663 1732
1663 1760
1663 1766
1663 1794
1663 1800
1663 1804
1663 2089
2474 464
2474 2095
2474 2285
2474 2409
2474 2499
2474 2567
2474 2568
2474 2662
2474 2697
2623 1007
2623 2106
2623 2138
2623 2336
2623 2385
2623 2433
2623 2448
2623 2458
2623 2468
2623 2489
2623 2506
2623 2528
2623 2552
2623 4755
2647 1608
2647 2114
2647 2703
2647 2768
2647 2837
2647 2869
2647 2895
2647 2898
2647 2929
2647 2950
2647 2953
3894 3996
3894 4298
3894 4338
3894 4377
3894 4397
3894 4792
4606 450
4606 552
4606 4457
4606 4480
4606 4498
4606 4510
4606 4552
4606 4553
4606 4580
4606 4617
4606 4625
4606 4646
4606 4661
4606 4701
471 408
471 421
471 437
471 476
471 537
471 549
471 560
471 563
471 567
471 570
471 1997
471 2943
1157 1337
1157 1776
1157 1825
1157 1833
1449 1776
1449 1788
1449 1833
1449 3056
1449 3630
2462 2133
2462 2931
2462 2971
2462 2979
2462 2980
2462 3544
2462 4349
2729 969
2729 2088
2729 2555
2729 2572
2729 2613
2729 2674
2729 2714
2729 2718
2729 2783
2729 2813
2729 2883
2729 4152
2876 317
2876 1773
2876 2607
2876 2653
2876 2724
2876 2758
2876 2803
2876 2824
2876 2829
2876 2831
2876 2857
2876 2890
2876 2904
2876 2912
2876 2916
2876 2952
2876 2981
2876 3247
2876 3965
2876 4156
2876 4834
3256 3069
3256 3278
3256 3296
3256 3342
3256 3348
3256 3402
3256 3425
3256 4642
3922 2979
3922 3986
3922 4007
3922 4024
3922 4093
3922 4136
3922 4176
3922 4185
3922 4197
3922 4259
619 616
619 791
619 802
619 814
619 815
1598 1095
1598 1120
1598 1298
1598 1395
1598 1420
1598 1542
1598 1555
1598 1615
1598 1698
1598 1707
1598 1766
1598 1778
1598 4298
2577 2645
2577 2669
2577 2828
2577 2958
2577 2962
2577 2966
2577 2973
2577 4771
2712 2320
2712 2595
2712 2609
2712 2790
2712 2834
2712 2881
2712 2887
2712 2915
2712 2931
2712 2937
2712 2944
2712 2979
2712 2980
2911 673
2911 1699
2911 2141
2911 2534
2911 2607
2911 2724
2911 2740
2911 2745
2911 2746
2911 2770
2911 2785
2911 2801
2911 2803
2911 2824
2911 2829
2911 2856
2911 2857
2911 2890
2911 2895
2911 2904
2911 2912
2911 2916
2911 2952
2911 2981
2911 3396
2911 3780
2911 4333
2911 4970
3314 3125
3314 3190
3314 3217
3314 3263
3314 3266
3314 3338
3314 3369
3314 3387
3314 3397
3314 3420
3314 3424
3314 3425
3314 3442
3314 4377
3809 3349
3809 3695
3809 3831
3809 4093
3809 4176
3809 4185
3809 4197
3809 4305
4903 2831
4903 4771
4903 4793
4903 4815
4903 4835
4903 4843
4903 4872
4903 4887
4903 4890
4903 4910
4903 4929
4903 4943
4903 4955
4903 4958
741 737
741 783
741 787
741 790
741 791
741 798
741 808
741 814
741 815
741 824
741 4826
1391 1563
1391 1637
1391 1702
1391 1703
1391 1704
1391 1726
1391 1735
1391 3350
2050 1837
2050 1854
2050 1861
2050 1886
2050 1891
2050 1896
2050 1979
2050 2003
2050 2010
2050 2040
2050 2048
2050 2049
2050 2056
2050 2057
2050 2070
2050 2088
2050 2093
2050 2849
2050 3320
2065 311
2065 1071
2065 1654
2065 1860
2065 1884
2065 1905
2065 1919
2065 1953
2065 1961
2065 1997
2065 2008
2065 2011
2065 2023
2065 2032
2065 2037
2065 2041
2065 2063
2065 2072
2065 2087
2065 2093
2065 2099
2065 2606
2065 3234
2065 4946
2308 2715
2308 2827
2308 2894
2308 2909
2308 2934
2427 2468
2427 2870
2427 2907
2427 2962
2427 2966
2427 2973
2427 4361
3332 1281
3332 2071
3332 3035
3332 3133
3332 3160
3332 3208
3332 3340
3332 3343
3332 3383
3332 3384
3332 3393
3332 3408
3332 4398
3910 3567
3910 3827
3910 3843
3910 4021
3910 4057
3910 4152
3910 4204
3910 4332
3910 4649
4979 3426
4979 3434
4979 3886
4979 4234
4979 4302
4979 4537
4979 4741
4979 4756
4979 4762
4979 4763
4979 4784
4979 4789
4979 4790
4979 4795
4979 4796
4979 4797
4979 4801
4979 4807
4979 4813
4979 4842
4979 4843
4979 4848
4979 4850
4979 4856
4979 4866
4979 4874
4979 4891
4979 4897
4979 4910
4979 4911
4979 4912
4979 4915
4979 4920
4979 4926
4979 4941
4979 4945
4979 4959
4979 4962
4979 4982
4979 4985
4979 4998
812 378
812 577
812 578
812 582
812 583
812 591
812 595
812 600
812 612
812 616
812 630
812 633
812 645
812 649
812 669
812 677
812 681
812 691
812 696
812 699
812 705
812 717
812 719
812 723
812 730
812 731
812 736
812 743
812 752
812 754
812 765
812 770
812 777
812 795
812 798
812 804
812 815
812 817
812 1936
812 3268
812 4145
812 4284
812 4325
812 4564
1295 941
1295 1255
1295 1653
1295 1673
1295 1684
1295 1766
1295 1780
1653 1027
1653 1138
1653 1182
1653 1255
1653 1312
1653 1597
1653 1636
1653 1649
1653 1654
1653 1667
1653 1673
1653 1683
1653 1692
1653 1751
1653 1766
1653 1780
1653 2597
1653 3359
1653 3459
1795 394
1795 811
1795 1086
1795 1099
1795 1142
1795 1176
1795 1186
1795 1203
1795 1278
1795 1286
1795 1348
1795 1393
1795 1394
1795 1405
1795 1470
1795 1486
1795 1512
1795 1525
1795 1613
1795 1618
1795 1648
1795 1665
1795 1671
1795 1682
1795 1728
1795 1730
1795 1732
1795 1742
1795 1747
1795 1760
1795 1773
1795 1777
1795 1794
1795 1800
1795 1804
1795 1836
1795 2146
1795 2280
1795 2297
1795 2599
1795 2962
1795 3390
1795 4639
1795 4690
2157 2589
2157 2952
2157 2981
2828 1015
2828 1819
2828 1925
2828 2424
2828 2594
2828 2620
2828 2654
2828 2655
2828 2659
2828 2744
2828 2810
2828 2870
2828 2907
2828 2927
2828 2943
2828 2958
2828 2962
2828 2966
2828 3543
2828 3912
3966 3048
3966 3955
3966 4315
3966 4361
3966 4370
3966 4372
3966 4374
3966 4385
3966 4391
4710 1399
4710 1689
4710 1717
4710 2747
4710 2786
4710 2795
4710 3319
4710 4157
4710 4285
4710 4406
4710 4411
4710 4413
4710 4427
4710 4444
4710 4449
4710 4521
4710 4525
4710 4536
4710 4541
4710 4560
4710 4561
4710 4569
4710 4570
4710 4575
4710 4586
4710 4591
4710 4604
4710 4607
4710 4608
4710 4616
4710 4621
4710 4627
4710 4635
4710 4637
4710 4644
4710 4648
4710 4649
4710 4662
4710 4667
4710 4678
4710 4682
4710 4689
4710 4692
4710 4706
4710 4714
4710 4719
775 584
775 587
775 596
775 602
775 622
775 646
775 654
775 670
775 673
775 674
775 693
775 702
775 709
775 713
775 714
775 715
775 716
775 722
775 725
775 756
775 757
775 764
775 2929
775 3143
993 1009
993 1022
993 1026
993 1041
993 1048
993 1062
993 1071
993 1076
993 1080
993 1654
993 3094
1420 336
1420 1106
1420 1192
1420 1677
1420 1707
1420 1712
1420 1784
1420 4185
2839 334
2839 2430
2839 2438
2839 2508
2839 2599
2839 2679
2839 2717
2839 2754
2839 2815
2839 2835
2839 2871
2839 2896
2839 2925
2839 2954
2839 2956
2839 2963
2839 3012
2839 3190
2839 3246
2839 4273
2934 780
2934 841
2934 1131
2934 2268
2934 2276
2934 2281
2934 2287
2934 2293
2934 2314
2934 2339
2934 2396
2934 2413
2934 2470
2934 2490
2934 2496
2934 2505
2934 2542
2934 2604
2934 2612
2934 2667
2934 2668
2934 2696
2934 2708
2934 2709
2934 2715
2934 2745
2934 2791
2934 2804
2934 2819
2934 2823
2934 2827
2934 2877
2934 2892
2934 2894
2934 2909
2934 4717
3386 682
3386 1041
3386 2687
3386 2994
3386 2999
3386 3073
3386 3136
3386 3213
3386 3231
3386 3292
3386 3310
3386 3316
3386 3317
3386 3325
3386 3364
3386 3377
3386 3409
3386 3410
3386 3412
3386 3422
3386 3426
3386 3451
3386 3459
3386 4063
4152 2811
4152 3475
4152 3567
4152 3708
4152 3786
4152 3827
4152 3896
4152 3996
4152 4012
4152 4021
4152 4036
4152 4057
4152 4204
4152 4292
4337 530
4337 784
4337 802
4337 1189
4337 1833
4337 2664
4337 3511
4337 3569
4337 3687
4337 3705
4337 3734
4337 3764
4337 3778
4337 3982
4337 3994
4337 3998
4337 3999
4337 4017
4337 4036
4337 4092
4337 4096
4337 4098
4337 4148
4337 4167
4337 4243
4337 4252
4337 4301
4337 4309
4337 4342
4337 4356
4337 4376
4337 4403
4610 364
4610 4445
4610 4484
4610 4507
4610 4650
4610 4653
4610 4654
4610 4674
4610 4681
4610 4696
4610 4709
4774 2329
4774 4776
4774 4834
4774 4849
4774 4913
4774 4951
1018 873
1018 885
1018 899
1018 970
1018 998
1018 1016
1018 1029
1018 1035
1018 1044
1018 1047
1018 1057
1018 1068
1018 1075
1018 4908
1018 4954
1974 1863
1974 1870
1974 1937
1974 1963
1974 1975
1974 2017
1974 2085
1974 2092
1974 2094
1974 4042
1974 4254
2323 2698
2323 2801
2323 2818
2323 2891
2323 4944
2691 1819
2691 1882
2691 2187
2691 2202
2691 2211
2691 2349
2691 2370
2691 2404
2691 2514
2691 2523
2691 2594
2691 2612
2691 2639
2691 2774
2778 490
2778 2345
2778 2352
2778 2415
2778 2680
2778 2732
2778 2743
2778 2767
2778 2779
2778 2796
2778 2867
2778 2905
2778 2947
2778 2975
4181 2912
4181 3025
4181 3486
4181 3563
4181 3620
4181 3729
4181 3733
4181 4103
4181 4173
4181 4178
4181 4206
4181 4223
4181 4278
4181 4292
4181 4325
4181 4982
4569 3616
4569 4635
4569 4653
4569 4667
4569 4682
4569 4706
4569 4719
4995 783
4995 1631
4995 1769
4995 1920
4995 2519
4995 2829
4995 2868
4995 3376
4995 3396
4995 3405
4995 4264
4995 4300
4995 4388
4995 4744
4995 4756
4995 4767
4995 4775
4995 4777
4995 4786
4995 4795
4995 4802
4995 4815
4995 4825
4995 4827
4995 4834
4995 4838
4995 4840
4995 4847
4995 4860
4995 4861
4995 4865
4995 4873
4995 4875
4995 4879
4995 4885
4995 4889
4995 4894
4995 4905
4995 4909
4995 4917
4995 4919
4995 4924
4995 4927
4995 4930
4995 4932
4995 4935
4995 4939
4995 4940
4995 4942
4995 4946
4995 4949
4995 4966
4995 4967
4995 4968
4995 4972
4995 4973
4995 4974
4995 4980
4995 4981
4995 4985
4995 4986
4995 4987
4995 4988
4995 4991
4995 4993
4995 4994
4995 4998
735 621
735 805
735 807
735 810
735 820
735 825
735 829
735 4069
735 4729
1789 733
1789 1076
1789 1112
1789 1180
1789 1218
1789 1223
1789 1318
1789 1322
1789 1346
1789 1390
1789 1394
1789 1494
1789 1507
1789 1551
1789 1595
1789 1605
1789 1624
1789 1630
1789 1664
1789 1716
1789 1721
1789 1724
1789 1733
1789 1751
1789 1768
1789 1779
1789 1792
1789 1812
1789 1817
1789 1820
1789 1821
1789 1824
1789 2052
1789 2132
1789 3323
1789 4131
1789 4215
1789 4244
1789 4357
2573 572
2573 1662
2573 2455
2573 2473
2573 2527
2573 2678
2573 2684
2573 2705
2573 2757
2573 2821
2586 516
2586 2305
2586 2381
2586 2383
2586 2694
2586 2821
2586 2840
2586 2852
2586 4223
3591 3523
3591 3718
3591 4198
3591 4226
3591 4234
4024 1805
4024 2683
4024 3485
4024 3625
4024 3896
4024 3920
4024 4007
4024 4093
4024 4136
4024 4176
4024 4185
4024 4197
4398 750
4398 1226
4398 1545
4398 1627
4398 2073
4398 2094
4398 2526
4398 2656
4398 2958
4398 3205
4398 3330
4398 3463
4398 3467
4398 3505
4398 3536
4398 3607
4398 3643
4398 3679
4398 3715
4398 3735
4398 3736
4398 3760
4398 3784
4398 3797
4398 3808
4398 3817
4398 3867
4398 3907
4398 3932
4398 3958
4398 3962
4398 3973
4398 3982
4398 3993
4398 4033
4398 4039
4398 4040
4398 4105
4398 4109
4398 4140
4398 4144
4398 4150
4398 4153
4398 4165
4398 4167
4398 4170
4398 4179
4398 4182
4398 4187
4398 4210
4398 4221
4398 4224
4398 4237
4398 4246
4398 4255
4398 4256
4398 4257
4398 4284
4398 4301
4398 4311
4398 4349
4398 4359
4398 4627
4398 4906
4398 4988
4565 2637
4565 4631
4565 4644
4565 4676
4565 4680
4565 4712
4565 4717
4565 4724
4706 1614
4706 1718
4706 3421
4706 3572
4706 3918
4706 4064
4706 4413
4706 4421
4706 4424
4706 4431
4706 4435
4706 4438
4706 4450
4706 4465
4706 4489
4706 4491
4706 4521
4706 4524
4706 4541
4706 4550
4706 4560
4706 4568
4706 4591
4706 4592
4706 4607
4706 4609
4706 4616
4706 4627
4706 4635
4706 4637
4706 4644
4706 4662
4706 4667
4706 4682
4706 4692
4706 4694
4706 4719
4706 4980
4957 2516
4957 2887
4957 3450
4957 3467
4957 4734
4957 4750
4957 4751
4957 4792
4957 4821
4957 4828
4957 4831
4957 4851
4957 4864
4957 4868
4957 4881
4957 4888
4957 4908
4957 4914
4957 4925
4957 4944
4957 4952
4957 4962
4957 4964
4957 4970
1819 1094
1819 1101
1819 1123
1819 1128
1819 1160
1819 1206
1819 1214
1819 1222
1819 1224
1819 1248
1819 1278
1819 1281
1819 1294
1819 1307
1819 1315
1819 1328
1819 1336
1819 1342
1819 1343
1819 1416
1819 1421
1819 1433
1819 1436
1819 1503
1819 1514
1819 1536
1819 1538
1819 1549
1819 1575
1819 1587
1819 1601
1819 1633
1819 1652
1819 1662
1819 1685
1819 1695
1819 1699
1819 1702
1819 1719
1819 1728
1819 1757
1819 1758
1819 1759
1819 1782
1819 1798
1819 1803
1819 1805
1819 1828
1819 1836
1819 2137
1819 2561
1819 2920
1819 3124
1819 3699
1819 3842
1819 4230
1819 4266
1819 4468
1819 4611
2040 1843
2040 1937
2040 1961
2040 1979
2040 1986
2040 2010
2040 2031
2040 2032
2040 2033
2040 2072
2040 2081
2040 2087
2040 3889
2040 4286
2088 437
2088 1839
2088 1842
2088 1875
2088 1876
2088 1884
2088 1885
2088 1896
2088 1919
2088 1932
2088 1933
2088 1941
2088 1957
2088 1964
2088 1965
2088 1969
2088 1983
2088 1987
2088 1999
2088 2002
2088 2008
2088 2010
2088 2019
2088 2032
2088 2035
2088 2041
2088 2045
2088 2046
2088 2049
2088 2052
2088 2061
2088 2072
2088 2074
2088 2079
2088 2081
2088 2087
2088 2093
2088 2099
2088 2410
2088 2521
2088 2875
2088 3995
2088 4332
2088 4419
2808 569
2808 1557
2808 1570
2808 1946
2808 2140
2808 2225
2808 2412
2808 2465
2808 2513
2808 2544
2808 2558
2808 2674
2808 2681
2808 2714
2808 2718
2808 2786
2808 2813
2808 2833
2808 2868
2808 2883
2808 2927
3247 3209
3247 3228
3247 3298
3247 3330
3247 3347
3247 3356
3247 3393
3247 3408
4403 789
4403 814
4403 984
4403 1080
4403 1261
4403 1543
4403 1751
4403 2515
4403 2706
4403 2798
4403 2948
4403 3294
4403 3469
4403 3487
4403 3496
4403 3508
4403 3511
4403 3555
4403 3569
4403 3570
4403 3585
4403 3646
4403 3649
4403 3669
4403 3671
4403 3687
4403 3705
4403 3755
4403 3764
4403 3781
4403 3787
4403 3792
4403 3804
4403 3863
4403 3884
4403 3890
4403 3911
4403 3915
4403 3916
4403 3930
4403 3958
4403 3976
4403 3999
4403 4003
4403 4017
4403 4019
4403 4031
4403 4037
4403 4053
4403 4095
4403 4096
4403 4098
4403 4148
4403 4154
4403 4167
4403 4202
4403 4234
4403 4239
4403 4243
4403 4246
4403 4252
4403 4264
4403 4268
4403 4294
4403 4301
4403 4346
4403 4376
4403 4385
4403 4905
4729 1017
4729 1234
4729 1367
4729 2042
4729 2407
4729 2522
4729 2784
4729 3779
4729 4256
4729 4407
4729 4409
4729 4415
4729 4419
4729 4423
4729 4432
4729 4445
4729 4447
4729 4453
4729 4457
4729 4459
4729 4462
4729 4469
4729 4470
4729 4483
4729 4484
4729 4486
4729 4488
4729 4492
4729 4493
4729 4497
4729 4499
4729 4504
4729 4508
4729 4511
4729 4512
4729 4515
4729 4538
4729 4540
4729 4543
4729 4545
4729 4546
4729 4554
4729 4556
4729 4558
4729 4568
4729 4571
4729 4578
4729 4579
4729 4581
4729 4588
4729 4596
4729 4622
4729 4624
4729 4630
4729 4636
4729 4641
4729 4643
4729 4655
4729 4660
4729 4663
4729 4666
4729 4667
4729 4678
4729 4679
4729 4682
4729 4689
4729 4695
4729 4704
4729 4708
4729 4713
4729 4715
4729 4718
4729 4724
4729 4799
4729 4980
4964 549
4964 1780
4964 3076
4964 3662
4964 4730
4964 4734
4964 4735
4964 4750
4964 4751
4964 4757
4964 4761
4964 4792
4964 4828
4964 4831
4964 4851
4964 4864
4964 4868
4964 4881
4964 4888
4964 4908
4964 4925
4964 4927
4964 4944
4964 4952
4964 4962
4964 4970
4964 4972
4964 4974
474 315
474 338
474 363
474 390
474 429
474 453
474 498
474 526
474 531
474 534
474 552
474 3521
501 360
501 399
501 432
501 469
501 491
501 502
501 548
501 559
501 564
501 566
501 572
501 3920
501 4985
1252 1732
1252 1773
1451 1145
1451 1351
1451 1437
1451 1540
1451 1673
1451 1724
1451 1751
1451 1780
1909 1923
1909 2077
1909 2089
1909 3781
2755 507
2755 1080
2755 1738
2755 2179
2755 2196
2755 2284
2755 2288
2755 2423
2755 2501
2755 2515
2755 2529
2755 2644
2755 2706
2755 2730
2755 2744
2755 2792
2755 2861
2755 2885
3130 563
3130 3343
3130 3407
3130 3448
3130 3460
3375 570
3375 794
3375 808
3375 3015
3375 3019
3375 3032
3375 3053
3375 3099
3375 3118
3375 3129
3375 3224
3375 3250
3375 3259
3375 3282
3375 3324
3375 3353
3375 3366
3375 3370
3375 3372
3375 3381
3375 3443
3375 3459
3375 4621
3780 3876
3780 4135
3780 4175
3780 4205
3780 4228
3780 4285
3780 4346
4102 1392
4102 3770
4102 3822
4102 4051
4102 4075
4102 4212
4102 4305
4102 4312
4102 4356
4102 4377
4102 4397
4912 2095
4912 2931
4912 2973
4912 4784
4912 4813
4912 4866
4912 4909
4912 4910
4912 4915
4912 4920
4912 4945
4912 4959
4912 4982
445 331
445 386
445 416
445 442
445 455
445 487
445 540
445 542
445 1816
521 333
521 363
521 372
521 390
521 413
521 429
521 473
521 475
521 485
521 498
521 503
521 504
521 526
521 533
521 534
521 537
521 545
521 4980
2580 2526
2580 2548
2580 2733
2580 2871
2580 2954
2580 2963
2580 3424
2580 4689
2837 1071
2837 1784
2837 2277
2837 2525
2837 2561
2837 2605
2837 2766
2837 2768
2837 2845
2837 2848
2837 2886
2837 2898
2837 2924
2837 2928
2837 2929
2837 2950
2837 2953
2837 3736
2837 4103
3351 1900
3351 3097
3351 3179
3351 3183
3351 3212
3351 3216
3351 3239
3351 3331
3351 3350
3351 3357
3351 3369
3351 3387
3351 3397
3351 3424
3351 3425
3351 3442
3351 4754
3768 1671
3768 3517
3768 3795
3768 3799
3768 3803
3768 4025
3768 4069
3768 4084
3768 4332
4228 667
4228 3052
4228 3474
4228 3637
4228 3661
4228 3724
4228 3772
4228 3979
4228 4018
4228 4117
4228 4230
4228 4263
4228 4276
4228 4280
4228 4285
4228 4323
4228 4332
4228 4343
4228 4346
4228 4362
4228 4578
4228 4919
4302 406
4302 1300
4302 2067
4302 2073
4302 2092
4302 2099
4302 3673
4302 3779
4302 3856
4302 3893
4302 3974
4302 3985
4302 3991
4302 4140
4302 4205
4302 4219
4302 4238
4302 4244
4302 4259
4302 4286
4302 4297
4302 4298
4302 4305
4302 4306
4302 4324
4302 4341
4302 4377
4302 4397
1077 754
1077 755
1077 842
1077 845
1077 846
1077 859
1077 864
1077 882
1077 889
1077 893
1077 895
1077 904
1077 907
1077 912
1077 916
1077 920
1077 933
1077 943
1077 947
1077 948
1077 971
1077 978
1077 982
1077 984
1077 995
1077 996
1077 1001
1077 1003
1077 1008
1077 1009
1077 1010
1077 1014
1077 1026
1077 1034
1077 1036
1077 1037
1077 1041
1077 1045
1077 1047
1077 1048
1077 1051
1077 1052
1077 1055
1077 1059
1077 1060
1077 1062
1077 1067
1077 1068
1077 1069
1077 1073
1077 1076
1077 1078
1077 1080
1077 1151
1077 1674
1077 1716
1077 1976
1077 2057
1077 3113
1077 3449
1077 4105
1077 4696
1077 4895
1243 1630
1243 1734
1243 1820
1243 1826
1860 1956
1860 2052
1860 2071
1860 2076
2257 2636
2257 2910
2257 2927
2257 2938
2709 2281
2709 2490
2709 2628
2709 2668
2709 2708
2709 2804
2709 2819
2709 2877
2709 2892
2709 2894
2709 2909
2709 3760
2709 4623
2732 711
2732 2312
2732 2589
2732 2603
2732 2735
2732 2779
2732 2796
2732 2905
2732 2932
2732 2970
2732 3331
2732 4835
2754 1342
2754 1928
2754 2087
2754 2246
2754 2355
2754 2588
2754 2610
2754 2685
2754 2733
2754 2832
2754 2925
2754 2954
2754 2959
2754 2963
2754 4005
2831 1484
2831 1680
2831 2593
2831 2803
2831 2829
2831 2857
2831 2890
2831 2904
2831 2912
2831 2916
2831 2952
2831 2970
2831 2981
2831 4169
2831 4540
2904 546
2904 633
2904 808
2904 2263
2904 2310
2904 2342
2904 2450
2904 2724
2904 2740
2904 2746
2904 2803
2904 2824
2904 2829
2904 2857
2904 2890
2904 2912
2904 2943
2904 2952
2904 2981
2904 3989
2904 4694
2904 4742
3356 1222
3356 3049
3356 3070
3356 3197
3356 3209
3356 3227
3356 3269
3356 3281
3356 3298
3356 3330
3356 3347
3356 3353
3356 3367
3356 3393
3356 3411
3356 3419
3356 3921
3356 4003
3356 4648
3704 4113
3704 4114
3704 4122
3704 4128
3704 4170
3704 4389
3704 4473
4191 793
4191 1744
4191 3608
4191 3619
4191 3645
4191 3737
4191 3807
4191 3820
4191 3832
4191 3877
4191 3905
4191 4085
4191 4116
4191 4121
4191 4251
4191 4270
4191 4277
4191 4279
4982 1529
4982 1727
4982 1982
4982 2591
4982 3065
4982 3474
4982 4035
4982 4741
4982 4747
4982 4748
4982 4755
4982 4756
4982 4762
4982 4763
4982 4784
4982 4789
4982 4790
4982 4795
4982 4796
4982 4797
4982 4801
4982 4807
4982 4813
4982 4842
4982 4848
4982 4850
4982 4856
4982 4866
4982 4874
4982 4891
4982 4897
4982 4910
4982 4911
4982 4915
4982 4917
4982 4920
4982 4926
4982 4945
4982 4959
4982 4967
4982 4993
390 473
390 475
390 552
390 3770
981 918
981 937
981 955
981 957
981 1027
981 1036
981 1056
981 1070
981 1072
981 2871
981 4370
1196 1385
1196 1636
1196 1654
1196 1679
1196 1780
1196 3419
1804 434
1804 517
1804 545
1804 1134
1804 1135
1804 1136
1804 1176
1804 1177
1804 1183
1804 1303
1804 1348
1804 1393
1804 1394
1804 1416
1804 1461
1804 1465
1804 1470
1804 1484
1804 1498
1804 1525
1804 1574
1804 1585
1804 1594
1804 1618
1804 1641
1804 1656
1804 1665
1804 1671
1804 1676
1804 1730
1804 1732
1804 1747
1804 1750
1804 1777
1804 1784
1804 1794
1804 1800
1804 2313
1804 2550
1804 3211
1804 3451
1804 3821
1804 3898
1804 4676
2010 1516
2010 1873
2010 1949
2010 1986
2010 2018
2010 2061
2010 2072
2010 2093
2010 2486
2915 1529
2915 2127
2915 2359
2915 2395
2915 2443
2915 2469
2915 2569
2915 2621
2915 2642
2915 2688
2915 2784
2915 2799
2915 2816
2915 2834
2915 2843
2915 2861
2915 2880
2915 2931
2915 2937
2915 2944
2915 2964
2915 2967
2915 2971
2915 2979
2915 2980
2915 3277
2915 3365
2915 4277
2915 4558
3472 776
3472 4385
3472 4391
4208 2854
4208 2981
4208 4233
4208 4299
4208 4309
4208 4315
4208 4352
4208 4361
4208 4370
4208 4371
4208 4372
4208 4374
4208 4385
4208 4391
4208 4998
4279 1608
4279 2279
4279 2524
4279 3239
4279 3476
4279 3501
4279 3559
4279 3572
4279 3577
4279 3586
4279 3598
4279 3608
4279 3619
4279 3807
4279 3820
4279 3832
4279 3877
4279 3905
4279 3935
4279 3990
4279 4076
4279 4085
4279 4121
4279 4251
4279 4270
4279 4277
4279 4298
4279 4798
4279 4860
4553 510
4553 4552
4553 4602
4553 4615
4553 4625
4553 4638
4553 4656
4553 4661
4553 4677
4553 4701
1144 1652
1144 1758
1144 1805
1144 1828
1144 1836
1144 4371
1640 1623
1640 1625
1640 1679
1640 1738
1640 1756
1640 1765
1640 1776
1640 1788
1640 1833
1640 2288
1640 2997
1651 546
1651 1227
1651 1324
1651 1427
1651 1542
1651 1577
1651 1616
1651 1707
1651 1712
1651 1748
1651 1763
1651 1778
1651 1784
1651 1793
1651 4847
1734 1094
1734 1098
1734 1187
1734 1250
1734 1300
1734 1396
1734 1430
1734 1454
1734 1488
1734 1529
1734 1576
1734 1592
1734 1642
1734 1674
1734 1696
1734 1705
1734 1708
1734 1769
1734 1781
1734 1798
1734 1820
1734 1826
1734 2653
1734 2809
1794 537
1794 789
1794 829
1794 1135
1794 1176
1794 1195
1794 1347
1794 1348
1794 1393
1794 1401
1794 1461
1794 1465
1794 1497
1794 1553
1794 1560
1794 1574
1794 1589
1794 1594
1794 1641
1794 1648
1794 1665
1794 1682
1794 1725
1794 1742
1794 1747
1794 1750
1794 1773
1794 1777
1794 1793
1794 1800
1794 1816
1794 1826
1794 2059
1794 2779
1794 4150
1794 4270
1963 2021
1963 2044
1963 2048
1963 2060
1963 2063
1963 2090
1963 4175
1994 1777
1994 1894
1994 1902
1994 1958
1994 2064
1994 2066
1994 2070
1994 2079
1994 2092
1994 2094
2956 1101
2956 1172
2956 1549
2956 1766
2956 1781
2956 1896
2956 2124
2956 2138
2956 2216
2956 2243
2956 2343
2956 2347
2956 2355
2956 2432
2956 2483
2956 2501
2956 2511
2956 2526
2956 2532
2956 2538
2956 2560
2956 2599
2956 2602
2956 2610
2956 2679
2956 2685
2956 2689
2956 2700
2956 2705
2956 2717
2956 2733
2956 2742
2956 2748
2956 2753
2956 2760
2956 2764
2956 2790
2956 2796
2956 2820
2956 2871
2956 2896
2956 2925
2956 2954
2956 2959
2956 2963
2956 4581
3399 1591
3399 1828
3399 2465
3399 3026
3399 3258
3399 3284
3399 3297
3399 3311
3399 3368
3399 3378
3399 3394
3399 3404
3399 3405
3399 3412
3399 3429
3399 3434
3399 3437
3399 3448
3399 3456
3399 3460
3399 4170
3902 3732
3902 3747
3902 3934
3902 4008
3902 4038
3902 4145
3902 4899
3960 1031
3960 3544
3960 3854
3960 3857
3960 4132
3960 4262
3960 4271
3960 4286
3960 4696
4332 1543
4332 1692
4332 1800
4332 2963
4332 3516
4332 3557
4332 3642
4332 3661
4332 3668
4332 3724
4332 3757
4332 3811
4332 3840
4332 3865
4332 3876
4332 3889
4332 3977
4332 3978
4332 3979
4332 4010
4332 4018
4332 4100
4332 4117
4332 4124
4332 4135
4332 4163
4332 4205
4332 4230
4332 4263
4332 4276
4332 4280
4332 4285
4332 4343
4332 4346
4332 4362
4332 4463
1062 554
1062 923
1062 930
1062 933
1062 945
1062 976
1062 989
1062 995
1062 1002
1062 1007
1062 1008
1062 1009
1062 1010
1062 1014
1062 1037
1062 1041
1062 1044
1062 1052
1062 1060
1062 1067
1062 1068
1062 1071
1062 1072
1062 1078
1062 1080
1062 1379
1062 1476
1062 1986
1062 2975
1062 4257
1546 1588
1546 1631
1546 1658
1546 1661
1546 1736
1546 1746
1546 1771
1546 1772
1546 1782
1546 3889
1695 1109
1695 1191
1695 1246
1695 1289
1695 1339
1695 1479
1695 1513
1695 1558
1695 1607
1695 1697
1695 1699
1695 1805
1695 1828
1695 1836
1695 2542
1695 2928
1695 3424
2094 465
2094 810
2094 1448
2094 1837
2094 1843
2094 1852
2094 1864
2094 1868
2094 1870
2094 1882
2094 1883
2094 1891
2094 1894
2094 1902
2094 1904
2094 1907
2094 1910
2094 1926
2094 1927
2094 1929
2094 1936
2094 1937
2094 1942
2094 1947
2094 1952
2094 1970
2094 1975
2094 1976
2094 1997
2094 2000
2094 2009
2094 2022
2094 2034
2094 2035
2094 2036
2094 2046
2094 2047
2094 2052
2094 2060
2094 2064
2094 2066
2094 2070
2094 2071
2094 2076
2094 2079
2094 2083
2094 2085
2094 2092
2094 2339
2094 3421
2094 4053
2094 4192
2204 1836
2204 2399
2204 2455
2204 2684
2204 2757
2639 1181
2639 2147
2639 2162
2639 2213
2639 2371
2639 2404
2639 2467
2639 2612
2639 2774
2639 2847
2639 2953
2777 710
2777 1744
2777 2098
2777 2208
2777 2235
2777 2252
2777 2521
2777 2544
2777 2572
2777 2613
2777 2674
2777 2714
2777 2783
2777 2786
2777 2833
2777 2868
2777 2964
2777 3339
3349 639
3349 3065
3349 3076
3349 3267
3349 3274
3349 3278
3349 3279
3349 3331
3349 3348
3349 3400
3349 3402
3349 3424
3349 3425
3349 3429
3349 3442
3349 4588
3410 919
3410 1719
3410 2171
3410 3051
3410 3055
3410 3073
3410 3081
3410 3171
3410 3175
3410 3178
3410 3212
3410 3222
3410 3260
3410 3277
3410 3289
3410 3302
3410 3316
3410 3325
3410 3326
3410 3347
3410 3362
3410 3364
3410 3365
3410 3377
3410 3394
3410 3409
3410 3418
3410 3422
3410 3424
3410 3426
3410 3451
3410 4077
3410 4713
3443 927
3443 1395
3443 1798
3443 3003
3443 3011
3443 3015
3443 3027
3443 3046
3443 3054
3443 3062
3443 3072
3443 3074
3443 3108
3443 3109
3443 3110
3443 3129
3443 3140
3443 3144
3443 3157
3443 3174
3443 3191
3443 3192
3443 3195
3443 3198
3443 3204
3443 3215
3443 3224
3443 3226
3443 3232
3443 3248
3443 3252
3443 3259
3443 3265
3443 3276
3443 3279
3443 3280
3443 3282
3443 3287
3443 3339
3443 3366
3443 3391
3443 3403
3443 3421
3443 3432
3443 3459
3443 3545
3443 4043
3443 4093
3443 4183
3443 4284
3443 4457
3443 4618
3443 4933
3479 1826
3479 3517
3479 3782
3479 3919
3479 4069
3479 4084
4213 650
4213 1035
4213 3426
4213 3461
4213 3568
4213 3644
4213 3692
4213 3748
4213 3880
4213 3904
4213 4027
4213 4078
4213 4137
4213 4273
4213 4295
4213 4326
4213 4327
4213 4333
4787 4543
4787 4816
4787 4898
4787 4913
4787 4916
4787 4951
4787 4974
4942 1658
4942 4173
4942 4909
4942 4917
4942 4918
4942 4933
4942 4974
4942 4980
4942 4981
4942 4986
4942 4987
4942 4991
4942 4994
4942 4998
610 795
610 810
610 825
610 829
610 3422
861 1031
861 1073
861 1078
2106 2350
2106 2458
2106 2489
2106 3532
3297 1702
3297 3170
3297 3225
3297 3304
3297 3368
3297 3406
3297 3434
3297 3450
3297 3460
3369 2090
3369 2689
3369 2764
3369 2925
3369 3119
3369 3162
3369 3207
3369 3244
3369 3249
3369 3321
3369 3350
3369 3397
3369 3400
3369 3402
3369 3405
3369 3420
3369 3424
3369 3429
3373 2912
3373 3228
3373 3237
3373 3262
3373 3270
3373 3352
3373 3353
3373 3379
3373 3390
3373 3396
3373 3405
3373 3407
3373 3412
3373 3434
3373 3437
3373 3450
3373 3456
3373 3460
3373 4599
3373 4874
4014 755
4014 2859
4014 3566
4014 3719
4014 3980
4014 4067
4014 4149
4014 4238
4014 4240
4014 4266
4014 4272
4014 4377
4073 3155
4073 3564
4073 3938
4073 4134
4073 4195
4073 4225
4073 4269
4073 4334
4073 4336
4073 4367
4073 4945
4124 983
4124 2155
4124 3699
4124 4022
4124 4028
4124 4159
4124 4205
4124 4230
4124 4263
4124 4320
4124 4343
4124 4346
4124 4362
4202 2883
4202 2907
4202 3418
4202 3541
4202 3551
4202 3573
4202 3587
4202 3630
4202 3710
4202 3829
4202 3878
4202 3879
4202 3882
4202 3959
4202 3963
4202 3968
4202 4067
4202 4261
4202 4388
4207 1169
4207 1331
4207 2891
4207 3483
4207 3562
4207 3588
4207 3589
4207 3631
4207 3653
4207 3711
4207 3740
4207 3830
4207 3866
4207 3956
4207 3992
4207 4006
4207 4016
4207 4029
4207 4139
4207 4200
4207 4326
4962 327
4962 2568
4962 3460
4962 3635
4962 4734
4962 4750
4962 4751
4962 4757
4962 4761
4962 4792
4962 4828
4962 4851
4962 4864
4962 4868
4962 4881
4962 4888
4962 4892
4962 4908
4962 4925
4962 4944
4962 4952
4962 4970
443 387
443 460
443 539
443 555
443 559
443 564
443 572
443 1043
443 2909
750 424
750 576
750 607
750 704
750 740
750 742
750 747
750 786
750 803
750 811
750 819
750 823
750 3288
1759 1160
1759 1222
1759 1238
1759 1418
1759 1433
1759 1436
1759 1445
1759 1458
1759 1486
1759 1520
1759 1522
1759 1536
1759 1549
1759 1587
1759 1633
1759 1662
1759 1693
1759 1705
1759 1719
1759 1726
1759 1757
1759 1758
1759 1805
1759 1828
1759 1836
1759 2847
1759 3347
1759 3879
1759 4973
1768 467
1768 549
1768 1081
1768 1468
1768 1494
1768 1507
1768 1547
1768 1565
1768 1570
1768 1611
1768 1622
1768 1624
1768 1630
1768 1633
1768 1643
1768 1667
1768 1696
1768 1721
1768 1724
1768 1733
1768 1792
1768 1805
1768 1812
1768 1816
1768 1817
1768 1821
1768 1824
1768 2662
1768 4117
2244 2351
2244 2404
2244 2568
2244 2651
2244 2662
2244 2697
2370 1148
2370 2213
2370 2269
2370 2523
2370 2612
2370 2774
2370 2847
2653 2767
2653 2780
2653 2807
2653 2822
2653 2873
2653 2975
2653 4973
3936 3394
3936 4221
3936 4259
3936 4298
3936 4305
3936 4324
3936 4397
4052 1812
4052 2797
4052 3626
4052 4224
4052 4297
4052 4298
4052 4338
4052 4357
4052 4377
4052 4397
4311 639
4311 1178
4311 1821
4311 2865
4311 2927
4311 3411
4311 4040
4311 4105
4311 4115
4311 4150
4311 4175
4311 4179
4311 4182
4311 4210
4311 4221
4311 4237
4311 4243
4311 4246
4311 4255
4311 4256
4311 4257
4311 4284
4311 4349
4311 4359
4311 4389
4311 4562
4695 385
4695 810
4695 957
4695 2694
4695 3273
4695 4458
4695 4492
4695 4508
4695 4540
4695 4557
4695 4558
4695 4574
4695 4588
4695 4599
4695 4622
4695 4624
4695 4643
4695 4655
4695 4663
4695 4666
4695 4678
4695 4679
4695 4704
4695 4708
4695 4713
4695 4714
4695 4715
4695 4718
4695 4719
4695 4724
4695 4864
386 397
386 487
386 978
450 307
450 374
450 475
450 485
450 498
450 526
450 533
450 545
450 552
722 584
722 623
722 693
722 716
722 725
722 726
722 756
722 757
722 764
722 815
722 4276
776 641
776 660
776 662
776 768
776 783
776 785
776 787
776 789
776 791
776 796
776 814
776 815
776 824
776 829
776 1010
776 1825
776 3341
1061 847
1061 885
1061 886
1061 899
1061 901
1061 902
1061 913
1061 926
1061 940
1061 947
1061 952
1061 960
1061 967
1061 970
1061 992
1061 998
1061 1002
1061 1006
1061 1020
1061 1021
1061 1035
1061 1043
1061 1047
1061 1051
1061 1057
1061 1059
1061 1065
1061 1075
1061 3392
1061 3898
1061 4660
1061 4661
1061 4855
1503 402
1503 1231
1503 1482
1503 1697
1503 1757
1503 1828
1503 1836
1503 1927
1631 1382
1631 1532
1631 1584
1631 1658
1631 1664
1631 1688
1631 1700
1631 1736
1631 1771
1631 1782
1631 1796
1631 2045
1685 1278
1685 1307
1685 1434
1685 1510
1685 1587
1685 1601
1685 1607
1685 1615
1685 1626
1685 1697
1685 1739
1685 1805
1685 1828
1685 1836
1685 2669
1685 2925
1685 4397
1738 873
1738 1299
1738 1311
1738 1402
1738 1456
1738 1487
1738 1571
1738 1621
1738 1626
1738 1638
1738 1644
1738 1686
1738 1717
1738 1728
1738 1765
1738 1776
1738 1783
1738 1788
1738 1825
1738 1833
1738 2407
1738 4388
2085 1015
2085 1415
2085 1721
2085 1845
2085 1873
2085 1882
2085 1883
2085 1891
2085 1894
2085 1899
2085 1902
2085 1904
2085 1907
2085 1910
2085 1912
2085 1916
2085 1920
2085 1926
2085 1931
2085 1936
2085 1947
2085 1970
2085 1976
2085 1985
2085 2000
2085 2015
2085 2022
2085 2034
2085 2036
2085 2041
2085 2046
2085 2047
2085 2064
2085 2070
2085 2071
2085 2076
2085 2079
2085 2083
2085 3703
2085 4715
2852 2044
2852 2203
2852 2207
2852 2218
2852 2228
2852 2234
2852 2261
2852 2280
2852 2283
2852 2290
2852 2313
2852 2340
2852 2360
2852 2383
2852 2419
2852 2574
2852 2598
2852 2641
2852 2662
2852 2694
2852 2741
2852 2821
2852 3033
2852 3038
2980 507
2980 1619
2980 1664
2980 2111
2980 2152
2980 2197
2980 2259
2980 2278
2980 2310
2980 2337
2980 2361
2980 2395
2980 2409
2980 2418
2980 2443
2980 2522
2980 2564
2980 2569
2980 2578
2980 2595
2980 2609
2980 2611
2980 2630
2980 2641
2980 2642
2980 2652
2980 2666
2980 2672
2980 2688
2980 2707
2980 2713
2980 2719
2980 2730
2980 2734
2980 2744
2980 2784
2980 2790
2980 2799
2980 2816
2980 2834
2980 2843
2980 2865
2980 2880
2980 2887
2980 2896
2980 2931
2980 2937
2980 2938
2980 2944
2980 2964
2980 2967
2980 2971
2980 2979
2980 3219
2980 3393
2980 3575
2980 3699
2980 3711
2980 3952
2980 4139
2980 4272
2980 4605
2980 4621
2980 4813
3339 817
3339 3163
3339 3180
3339 3276
3339 3279
3339 3280
3339 3366
3339 3370
3339 3372
3339 3437
3339 3449
3339 4288
3998 1694
3998 3814
3998 4044
3998 4356
4023 3693
4023 3738
4023 4094
4023 4219
4023 4259
4023 4297
4023 4357
4023 4397
4866 4910
4866 4911
4866 4959
291 381
291 387
291 533
291 566
291 1605
291 3459
381 524
381 563
381 564
381 566
381 4064
387 428
387 457
387 482
387 555
387 566
387 572
387 2967
533 294
533 314
533 315
533 318
533 327
533 359
533 372
533 374
533 440
533 453
533 473
533 485
533 498
533 503
533 504
533 523
533 526
533 534
533 569
533 928
533 1224
533 1769
533 2454
533 2652
566 292
566 299
566 311
566 324
566 328
566 329
566 357
566 368
566 399
566 404
566 410
566 412
566 415
566 421
566 423
566 425
566 426
566 427
566 430
566 431
566 433
566 436
566 459
566 460
566 464
566 469
566 478
566 481
566 495
566 496
566 499
566 500
566 502
566 510
566 512
566 514
566 522
566 524
566 536
566 537
566 539
566 555
566 558
566 559
566 564
566 572
566 820
566 1009
566 1075
566 1384
566 1436
566 1551
566 1756
566 2260
566 2962
566 4194
566 4234
566 4295
566 4431
1605 1570
1605 1779
1605 1792
1605 1812
1605 1817
1605 1821
1605 1824
1605 4970
3459 560
3459 572
3459 1075
3459 2357
3459 2486
3459 2909
3459 2998
3459 3004
3459 3014
3459 3015
3459 3027
3459 3036
3459 3037
3459 3041
3459 3046
3459 3054
3459 3074
3459 3077
3459 3109
3459 3118
3459 3134
3459 3137
3459 3144
3459 3156
3459 3157
3459 3159
3459 3163
3459 3165
3459 3170
3459 3174
3459 3181
3459 3186
3459 3192
3459 3196
3459 3198
3459 3199
3459 3200
3459 3204
3459 3215
3459 3217
3459 3221
3459 3224
3459 3226
3459 3232
3459 3250
3459 3255
3459 3259
3459 3265
3459 3279
3459 3280
3459 3282
3459 3288
3459 3341
3459 3366
3459 3370
3459 3372
3459 3391
3459 3396
3459 3403
3459 3421
3459 3424
3459 3451
3459 3499
3459 3541
3459 4001
3459 4397
3459 4656
3459 4896
292 460
292 564
292 1004
292 3066
460 448
460 478
460 536
460 569
460 781
460 3794
564 298
564 317
564 321
564 337
564 349
564 357
564 368
564 379
564 383
564 389
564 412
564 415
564 417
564 425
564 427
564 431
564 432
564 433
564 448
564 457
564 464
564 469
564 480
564 481
564 489
564 491
564 499
564 500
564 509
564 512
564 514
564 522
564 524
564 536
564 539
564 555
564 560
564 572
564 1045
564 1784
564 1931
564 2372
564 2538
564 2713
564 2885
564 3103
564 3432
1004 842
1004 881
1004 927
1004 985
1004 989
1004 1008
1004 1022
1004 1048
1004 1067
1004 1068
1004 1069
1004 1071
1004 1078
1004 1080
1004 1210
1004 4285
1004 4715
3066 1067
3066 3225
3066 3434
3066 3450
293 499
293 560
293 563
293 569
293 570
293 4210
499 335
499 396
499 510
499 522
499 536
499 555
499 572
499 1075
499 1941
560 301
560 309
560 347
560 352
560 355
560 364
560 365
560 383
560 391
560 393
560 413
560 418
560 419
560 437
560 449
560 470
560 489
560 493
560 515
560 517
560 527
560 549
560 551
560 554
560 556
560 558
560 559
560 563
560 567
560 569
560 570
560 920
560 2083
560 2537
560 2859
560 2920
560 3337
560 3773
560 4223
560 4951
563 322
563 367
563 385
563 395
563 398
563 407
563 414
563 419
563 426
563 428
563 446
563 452
563 463
563 483
563 484
563 487
563 497
563 509
563 516
563 517
563 523
563 524
563 530
563 531
563 535
563 537
563 546
563 548
563 549
563 554
563 555
563 556
563 558
563 567
563 569
563 570
563 795
563 2034
563 2597
563 3920
563 4131
563 4347
563 4382
563 4388
569 305
569 320
569 336
569 343
569 347
569 354
569 362
569 383
569 395
569 398
569 408
569 422
569 428
569 435
569 446
569 447
569 454
569 457
569 462
569 465
569 468
569 476
569 483
569 488
569 497
569 505
569 515
569 517
569 523
569 527
569 530
569 531
569 535
569 537
569 540
569 548
569 549
569 551
569 554
569 556
569 558
569 567
569 570
569 624
569 960
569 1993
569 2572
569 2740
569 3125
569 3442
569 3919
569 4048
569 4128
569 4158
569 4336
569 4372
570 312
570 325
570 339
570 350
570 358
570 365
570 367
570 384
570 385
570 393
570 411
570 413
570 416
570 417
570 418
570 426
570 446
570 463
570 470
570 476
570 483
570 484
570 495
570 496
570 497
570 505
570 509
570 515
570 517
570 523
570 530
570 535
570 537
570 546
570 548
570 549
570 551
570 554
570 556
570 558
570 567
570 572
570 597
570 815
570 1576
570 1956
570 2538
570 2803
570 2815
570 2880
570 3159
570 3777
570 4219
570 4374
570 4842
4210 2406
4210 3394
4210 3987
4210 4214
4210 4257
4210 4284
4210 4349
4210 4359
294 419
294 429
294 453
294 552
294 4155
419 517
419 546
419 551
419 3397
419 3984
419 4890
429 303
429 334
429 526
429 545
429 552
429 4336
453 307
453 434
453 485
453 512
453 526
453 534
453 552
453 4352
453 4388
552 303
552 318
552 327
552 333
552 334
552 338
552 353
552 363
552 364
552 372
552 374
552 376
552 377
552 394
552 434
552 440
552 456
552 473
552 475
552 478
552 485
552 503
552 504
552 534
552 545
552 554
552 567
552 1773
552 2074
552 3287
552 4180
552 4745
4155 1828
4155 3449
4155 3981
4155 4064
4155 4118
4155 4214
4155 4222
4155 4225
4155 4269
4155 4287
4155 4320
4155 4334
4155 4336
4155 4367
439 425
439 448
439 469
439 524
439 536
439 572
439 801
439 2975
439 3303
296 370
296 409
296 442
296 516
296 554
296 2746
296 3938
370 337
370 371
370 442
370 455
370 466
370 542
409 369
409 424
409 487
409 516
409 540
442 336
442 467
442 540
442 542
442 2409
442 2818
516 345
516 371
516 378
516 397
516 414
516 444
516 452
516 467
516 477
516 486
516 537
516 540
516 542
516 2468
516 3195
516 4280
554 320
554 323
554 336
554 354
554 372
554 391
554 395
554 403
554 428
554 447
554 463
554 468
554 484
554 509
554 517
554 523
554 527
554 530
554 531
554 535
554 537
554 556
554 558
554 1022
554 1423
554 2206
554 2671
554 2932
554 4994
2746 2262
2746 2437
2746 2723
2746 2890
2746 2916
2746 2981
2746 3437
2746 4256
2746 4535
3938 3623
3938 4048
3938 4195
3938 4287
3938 4320
3938 4367
3938 4480
297 461
297 492
297 505
297 507
297 508
297 525
297 1080
461 332
461 379
461 449
461 479
461 488
461 490
461 506
461 507
461 508
461 520
461 525
461 1730
492 400
492 406
492 449
492 456
492 479
492 488
492 490
492 506
492 507
492 508
492 519
492 520
492 525
492 810
492 2697
492 4409
505 322
505 407
505 503
505 523
505 546
505 558
505 567
505 1650
505 4038
505 4134
507 316
507 348
507 351
507 402
507 420
507 479
507 488
507 490
507 506
507 510
507 519
507 525
507 572
507 3367
508 392
508 402
508 420
508 449
508 479
508 488
508 490
508 506
508 519
508 520
508 525
508 851
508 1065
508 3948
525 316
525 348
525 351
525 392
525 400
525 402
525 420
525 479
525 488
525 490
525 506
525 519
525 520
525 546
525 1726
525 4388
1080 795
1080 837
1080 838
1080 843
1080 845
1080 850
1080 851
1080 859
1080 863
1080 864
1080 879
1080 880
1080 882
1080 891
1080 893
1080 895
1080 904
1080 916
1080 918
1080 920
1080 923
1080 928
1080 930
1080 933
1080 948
1080 950
1080 951
1080 959
1080 975
1080 976
1080 978
1080 982
1080 984
1080 985
1080 989
1080 995
1080 996
1080 998
1080 1001
1080 1003
1080 1007
1080 1008
1080 1010
1080 1021
1080 1022
1080 1026
1080 1034
1080 1037
1080 1041
1080 1044
1080 1045
1080 1048
1080 1051
1080 1052
1080 1055
1080 1067
1080 1068
1080 1069
1080 1071
1080 1075
1080 1078
1080 1395
1080 2174
1080 2422
1080 2499
1080 2734
1080 3082
1080 3292
1080 3530
1080 3873
1080 4053
1080 4162
1080 4480
298 396
298 539
298 559
298 572
298 774
396 433
396 436
396 524
396 572
396 1611
539 340
539 417
539 457
539 469
539 478
539 495
539 500
539 510
539 514
539 536
539 559
539 572
539 2107
539 3564
539 4986
559 313
559 317
559 326
559 328
559 340
559 357
559 361
559 389
559 417
559 425
559 427
559 433
559 435
559 438
559 459
559 469
559 480
559 482
559 489
559 491
559 495
559 500
559 502
559 510
559 514
559 522
559 546
559 555
559 572
559 898
559 1865
559 2180
559 2354
559 3359
559 4312
559 4981
572 299
572 317
572 324
572 326
572 329
572 340
572 344
572 346
572 357
572 361
572 368
572 389
572 400
572 410
572 417
572 421
572 423
572 425
572 430
572 431
572 433
572 435
572 448
572 459
572 464
572 469
572 478
572 480
572 481
572 482
572 491
572 495
572 502
572 510
572 512
572 514
572 522
572 524
572 536
572 549
572 555
572 558
572 823
572 1029
572 1285
572 1765
572 1896
572 2716
572 2790
572 3784
572 4117
572 4647
572 4786
774 481
774 644
774 751
774 793
774 796
774 801
774 805
774 807
774 810
774 811
774 817
774 818
774 820
774 825
774 829
774 1783
774 3105
774 4280
299 337
299 459
299 496
299 1048
337 457
337 2954
459 362
459 380
459 489
459 500
459 514
459 645
459 1052
496 468
496 517
496 535
496 537
496 556
496 567
496 2056
496 3422
1048 882
1048 887
1048 904
1048 907
1048 936
1048 949
1048 950
1048 975
1048 985
1048 1001
1048 1013
1048 1024
1048 1035
1048 1060
1048 1067
1048 1068
1048 1071
1048 1078
1048 1562
1048 2605
1048 2858
1048 3737
1048 4224
1048 4294
300 392
300 512
300 524
300 4166
392 379
392 488
392 506
392 519
392 2281
392 4724
512 349
512 399
512 430
512 482
512 489
512 510
512 524
512 2041
512 2932
512 3209
512 4156
524 495
524 500
524 522
524 536
524 551
524 555
524 994
524 1732
524 3175
524 4596
4166 1745
4166 1953
4166 4352
4166 4361
4166 4370
4166 4371
4166 4372
4166 4374
4166 4385
4166 4391
4166 4633
301 399
301 567
301 2703
301 4830
399 489
399 491
399 510
399 994
399 1510
567 313
567 316
567 320
567 336
567 343
567 352
567 354
567 373
567 383
567 393
567 411
567 416
567 426
567 438
567 448
567 451
567 454
567 462
567 463
567 465
567 468
567 470
567 481
567 497
567 509
567 527
567 530
567 531
567 535
567 545
567 546
567 548
567 551
567 556
567 558
567 954
567 997
567 1020
567 1418
567 2512
567 2582
567 3056
567 3434
567 4285
567 4490
2703 584
2703 2640
2703 2657
2703 2726
2703 2737
2703 2764
2703 2849
2703 2910
2703 2927
2703 2948
2703 3337
4830 2833
4830 4773
4830 4778
4830 4853
4830 4950
4830 4976
302 345
302 467
302 542
302 1629
302 2505
345 466
345 486
345 3742
345 4955
467 380
467 486
467 540
467 546
467 683
542 319
542 371
542 380
542 397
542 414
542 424
542 444
542 452
542 455
542 464
542 466
542 487
542 493
542 540
542 551
542 807
542 2954
542 3304
542 3915
542 4908
1629 1224
1629 1460
1629 1511
1629 1632
1629 1635
1629 1737
1629 1783
1629 1793
1629 1803
1629 1816
1629 1840
1629 3442
1629 4336
2505 2205
2505 2667
2505 2804
2505 2892
2505 2909
2505 3756
303 534
303 545
303 2328
303 3377
534 353
534 372
534 374
534 376
534 398
534 440
534 456
534 485
534 503
534 504
534 526
534 545
534 549
534 558
534 1836
534 2948
534 3158
545 307
545 314
545 318
545 333
545 353
545 354
545 359
545 363
545 376
545 377
545 394
545 434
545 456
545 473
545 479
545 498
545 503
545 504
545 526
545 549
545 1078
545 1841
545 2604
545 4547
2328 2405
2328 2537
2328 2769
2328 2903
3377 2055
3377 3090
3377 3110
3377 3139
3377 3171
3377 3175
3377 3202
3377 3222
3377 3293
3377 3308
3377 3310
3377 3362
3377 3409
3377 3426
3377 3451
3377 3891
304 491
304 546
491 340
491 410
491 500
491 502
491 522
491 840
491 1980
491 4998
546 320
546 418
546 447
546 462
546 497
546 515
546 531
546 537
546 549
546 556
546 558
546 2842
546 3227
546 4070
305 335
305 4352
335 555
335 1828
4352 2076
4352 2661
4352 2739
4352 2898
4352 3640
4352 3735
4352 3756
4352 3777
4352 3789
4352 3798
4352 3836
4352 3931
4352 4030
4352 4068
4352 4142
4352 4156
4352 4162
4352 4193
4352 4219
4352 4233
4352 4299
4352 4309
4352 4315
4352 4334
4352 4361
4352 4370
4352 4371
4352 4372
4352 4374
4352 4385
4352 4391
4352 4661
447 333
447 473
447 4680
527 404
527 468
527 515
527 531
527 548
527 551
527 558
527 2543
527 3606
527 4616
1719 994
1719 1128
1719 1337
1719 1399
1719 1418
1719 1421
1719 1434
1719 1471
1719 1633
1719 1662
1719 1697
1719 1739
1719 1805
1719 1828
1719 1836
1719 3836
1719 4551
1719 4994
307 473
307 485
473 412
473 485
473 504
473 526
473 1594
473 3958
485 359
485 483
485 504
485 526
485 1724
485 2672
485 2811
308 551
551 347
551 408
551 413
551 444
551 462
551 463
551 476
551 484
551 486
551 503
551 517
551 530
551 537
551 548
551 549
551 556
551 558
551 1359
551 1821
551 2648
551 4709
309 403
309 493
309 540
309 3388
403 397
403 424
403 540
493 384
493 424
493 452
493 477
493 540
493 2007
493 4367
493 4397
493 4682
540 375
540 380
540 384
540 414
540 424
540 444
540 452
540 477
540 486
540 510
540 1468
540 2431
540 4362
540 4949
3388 977
3388 2995
3388 3132
3388 3154
3388 3169
3388 3183
3388 3240
3388 3327
3388 3365
3388 3385
3388 3390
3388 3419
3388 3431
3388 3441
3388 3449
3388 3962
3388 4850
310 336
310 375
310 556
310 4669
336 556
375 397
375 444
375 452
375 486
375 3721
375 4294
556 339
556 352
556 358
556 364
556 416
556 422
556 430
556 462
556 465
556 470
556 484
556 486
556 515
556 523
556 531
556 535
556 548
556 549
556 558
556 1578
556 1780
556 2083
556 2909
556 3401
556 4326
556 4940
4669 2485
4669 2533
4669 3855
4669 4410
4669 4429
4669 4464
4669 4593
4669 4632
4669 4673
4669 4676
4669 4680
4669 4694
4669 4712
4669 4714
4669 4717
311 436
311 481
311 502
311 555
436 415
436 423
436 558
436 3307
481 360
481 417
481 522
481 3450
481 3948
502 415
502 468
502 555
502 1029
502 1260
502 2971
502 3073
555 324
555 328
555 361
555 367
555 412
555 421
555 431
555 435
555 448
555 464
555 480
555 482
555 484
555 489
555 514
555 530
555 536
555 796
555 1960
555 2168
555 2613
555 2853
555 3279
555 3569
555 3605
555 4819
312 411
312 448
312 517
411 408
411 477
411 1447
411 2109
448 480
448 1686
448 2773
448 2975
517 364
517 393
517 397
517 407
517 530
517 531
517 558
517 3407
517 4469
313 531
313 548
313 1511
313 1932
531 389
531 427
531 470
531 484
531 548
531 2531
531 2743
531 2875
548 347
548 391
548 395
548 404
548 410
548 416
548 423
548 476
548 497
548 509
548 523
548 530
548 535
548 536
548 701
548 1036
548 1241
548 1366
548 1934
548 3447
1511 1669
1511 1718
1511 1746
1511 1783
1511 1816
1511 4955
1932 1913
1932 1969
1932 2033
1932 2070
1932 2093
1932 2099
1932 3854
314 334
314 475
314 503
314 636
334 327
334 338
334 2603
475 315
475 372
475 434
475 456
475 504
475 535
475 2565
475 2768
475 3628
503 377
503 394
503 440
503 456
503 498
503 526
503 693
503 1216
503 1299
636 810
636 820
636 829
636 2883
315 359
315 456
315 500
315 2636
359 498
359 526
359 2099
456 318
456 377
456 526
456 2049
456 2098
456 2373
500 480
500 515
500 536
500 1933
500 2877
500 4709
2636 787
2636 1777
2636 2652
2636 2690
2636 2737
2636 2836
2636 2849
2636 2927
2636 2948
316 406
316 519
316 520
316 4233
406 449
406 479
406 506
406 519
406 520
406 825
519 329
519 348
519 379
519 402
519 420
519 423
519 449
519 479
519 488
519 506
519 520
519 885
519 1765
519 1877
519 2971
520 348
520 351
520 400
520 402
520 420
520 449
520 488
520 490
520 558
520 1747
520 2604
520 3127
520 3972
520 4356
4233 681
4233 1231
4233 1648
4233 3909
4233 4299
4233 4309
4233 4315
4233 4361
4233 4370
4233 4371
4233 4372
4233 4374
4233 4385
4233 4391
317 365
317 432
365 3993
432 361
432 480
432 514
432 522
432 1241
318 440
440 374
440 504
440 1635
440 4346
319 378
319 1826
378 369
378 487
1826 477
1826 713
1826 966
1826 1088
1826 1098
1826 1105
1826 1151
1826 1152
1826 1161
1826 1164
1826 1168
1826 1204
1826 1229
1826 1250
1826 1253
1826 1254
1826 1276
1826 1319
1826 1379
1826 1386
1826 1413
1826 1423
1826 1426
1826 1438
1826 1444
1826 1454
1826 1473
1826 1495
1826 1523
1826 1524
1826 1529
1826 1535
1826 1545
1826 1557
1826 1561
1826 1576
1826 1592
1826 1595
1826 1642
1826 1647
1826 1649
1826 1655
1826 1674
1826 1696
1826 1705
1826 1708
1826 1750
1826 1765
1826 1769
1826 1781
1826 1798
1826 1817
1826 1820
1826 2829
1826 2890
1826 2916
1826 3666
1826 4033
1826 4292
1826 4622
1826 4944
320 549
549 355
549 367
549 383
549 418
549 422
549 438
549 446
549 465
549 484
549 497
549 515
549 530
549 535
549 558
549 648
549 2369
549 2981
549 3088
549 4022
321 497
321 2819
321 3054
497 535
497 1820
497 2035
2819 2339
2819 2413
2819 2490
2819 2496
2819 2559
2819 2604
2819 2667
2819 2696
2819 2708
2819 2720
2819 2823
2819 2827
2819 2877
2819 2894
2819 2909
2819 3148
2819 4084
2819 4153
2819 4865
3054 3157
3054 3421
322 358
322 1305
358 1703
1305 1355
1305 1392
1305 1410
1305 1559
1305 1591
1305 3465
323 341
323 3341
323 4696
341 412
341 510
341 1973
3341 327
3341 1070
3341 3184
3341 3337
3341 3358
3341 3376
3341 3392
3341 3419
3341 3431
3341 3441
3341 3447
3341 3449
4696 1728
4696 1779
4696 3705
4696 3748
4696 4190
4696 4397
4696 4432
4696 4437
4696 4474
4696 4475
4696 4507
4696 4522
4696 4537
4696 4548
4696 4562
4696 4573
4696 4584
4696 4589
4696 4598
4696 4601
4696 4611
4696 4613
4696 4634
4696 4639
4696 4642
4696 4650
4696 4653
4696 4654
4696 4659
4696 4664
4696 4665
4696 4671
4696 4674
4696 4681
4696 4690
4696 4709
4696 4715
324 470
324 536
324 4130
470 342
470 463
470 558
470 1478
470 4880
536 361
536 408
536 415
536 464
536 478
536 482
536 523
536 2160
536 2589
536 2745
536 3043
536 4631
4130 1528
4130 3484
4130 3533
4130 3611
4130 3833
4130 3891
4130 3952
4130 3969
4130 3988
4130 4035
4130 4054
4130 4070
4130 4131
4130 4138
4130 4169
4130 4994
325 371
325 486
325 2081
371 820
371 945
486 2689
486 3563
2081 1073
2081 1563
2081 1884
2081 1885
2081 1899
2081 1900
2081 1916
2081 1919
2081 1949
2081 1959
2081 1964
2081 1966
2081 1981
2081 1987
2081 2008
2081 2019
2081 2031
2081 2032
2081 2033
2081 2045
2081 2048
2081 2049
2081 2056
2081 2072
2081 2087
2081 2098
2081 2099
2081 2443
2081 2967
2081 4125
326 426
326 2794
426 1602
426 2098
2794 1392
2794 2749
2794 2773
2794 2793
2794 2807
2794 2840
2794 2888
2794 2905
2794 2932
2794 2947
2794 2970
2794 2975
2794 3085
2794 4135
327 504
504 346
504 434
504 498
504 1123
504 1694
504 4305
328 522
522 417
522 446
522 457
522 469
522 482
522 489
522 803
522 2401
522 3131
329 423
329 2892
423 2928
423 4077
2892 1461
2892 1626
2892 2287
2892 2333
2892 2396
2892 2413
2892 2470
2892 2496
2892 2592
2892 2604
2892 2631
2892 2668
2892 2696
2892 2715
2892 2760
2892 2776
2892 2804
2892 2823
2892 2827
2892 2877
2892 2894
2892 2909
2892 2943
2892 3871
2892 4930
523 484
523 490
523 530
523 2126
523 2275
523 4036
331 380
331 414
331 444
331 451
331 4030
414 424
414 466
414 3045
444 356
444 1742
444 2970
451 350
451 469
451 1460
451 3403
4030 348
4030 1043
4030 3690
4030 4361
4030 4370
4030 4372
4030 4374
4030 4385
333 498
333 1538
498 353
498 376
498 434
498 465
498 951
498 2887
498 4671
1538 912
1538 1315
1538 1418
1538 1601
1538 1702
1538 1796
1538 1805
1538 1828
1538 2853
338 394
2603 1821
2603 2749
2603 2855
2603 2873
2603 2888
2603 2947
2603 2970
1828 923
1828 995
1828 1008
1828 1104
1828 1109
1828 1121
1828 1125
1828 1175
1828 1206
1828 1238
1828 1246
1828 1248
1828 1267
1828 1281
1828 1297
1828 1306
1828 1315
1828 1337
1828 1339
1828 1342
1828 1345
1828 1360
1828 1389
1828 1399
1828 1418
1828 1433
1828 1446
1828 1474
1828 1513
1828 1514
1828 1520
1828 1522
1828 1536
1828 1549
1828 1554
1828 1575
1828 1601
1828 1607
1828 1652
1828 1662
1828 1693
1828 1697
1828 1699
1828 1702
1828 1757
1828 1758
1828 1769
1828 1784
1828 1803
1828 1836
1828 2840
1828 3281
1828 3357
1828 3643
1828 3931
1828 4186
1828 4370
1828 4973
457 478
457 515
457 2165
2954 630
2954 1060
2954 1899
2954 2012
2954 2145
2954 2170
2954 2171
2954 2237
2954 2430
2954 2431
2954 2436
2954 2446
2954 2497
2954 2501
2954 2538
2954 2560
2954 2622
2954 2635
2954 2689
2954 2710
2954 2723
2954 2728
2954 2753
2954 2761
2954 2820
2954 2843
2954 2871
2954 2891
2954 2896
2954 2920
2954 2925
2954 2948
2954 2959
2954 2963
2954 3401
2954 3447
394 434
394 476
394 526
394 1635
339 343
339 404
339 1083
339 1939
343 2928
343 4893
404 537
404 558
404 2232
1083 1139
1083 1415
1083 1443
1083 1485
1083 1613
1083 2099
1939 1900
1939 2067
1939 2073
1939 2089
1939 2095
1939 2098
340 462
340 3218
462 454
462 537
462 2907
462 4349
3218 3091
3218 3316
3218 3422
3218 3426
3218 3451
3218 4367
412 2149
412 2385
510 344
510 389
510 433
510 514
510 2903
510 4709
1973 1928
1973 1934
1973 1985
1973 2051
1973 2058
1973 2060
1973 2063
1973 2090
1973 3243
342 509
342 558
342 747
342 3884
509 395
509 490
509 530
509 558
509 697
509 2786
558 364
558 367
558 416
558 465
558 468
558 476
558 535
558 537
558 715
558 1793
558 1800
558 2092
558 2920
558 4125
558 4765
747 607
747 652
747 683
747 728
747 739
747 742
747 744
747 751
747 793
747 817
747 823
747 1450
3884 3941
3884 4294
3884 4356
2928 628
2928 807
2928 2103
2928 2136
2928 2277
2928 2301
2928 2380
2928 2397
2928 2495
2928 2518
2928 2525
2928 2557
2928 2571
2928 2591
2928 2605
2928 2627
2928 2650
2928 2762
2928 2766
2928 2768
2928 2832
2928 2845
2928 2869
2928 2886
2928 2895
2928 2898
2928 2924
2928 2929
2928 2950
2928 2953
2928 2966
2928 3562
2928 3846
2928 4058
2928 4367
4893 4057
4893 4717
4893 4799
4893 4817
4893 4829
4893 4844
4893 4887
4893 4918
4893 4929
4893 4955
4893 4968
344 385
344 480
344 2963
344 3449
385 3451
480 514
480 3240
480 4336
2963 1344
2963 2044
2963 2120
2963 2192
2963 2213
2963 2237
2963 2248
2963 2332
2963 2354
2963 2376
2963 2390
2963 2430
2963 2432
2963 2497
2963 2508
2963 2599
2963 2610
2963 2622
2963 2667
2963 2689
2963 2710
2963 2717
2963 2733
2963 2742
2963 2748
2963 2753
2963 2761
2963 2815
2963 2820
2963 2844
2963 2871
2963 2880
2963 2896
2963 2920
2963 2925
2963 2959
2963 3008
2963 3963
2963 4053
2963 4237
3449 892
3449 1386
3449 1540
3449 1803
3449 2973
3449 3031
3449 3033
3449 3048
3449 3052
3449 3068
3449 3071
3449 3083
3449 3084
3449 3085
3449 3094
3449 3103
3449 3104
3449 3121
3449 3128
3449 3132
3449 3137
3449 3169
3449 3177
3449 3183
3449 3243
3449 3246
3449 3273
3449 3286
3449 3299
3449 3307
3449 3309
3449 3315
3449 3319
3449 3323
3449 3337
3449 3355
3449 3358
3449 3367
3449 3381
3449 3385
3449 3390
3449 3392
3449 3419
3449 3431
3449 3432
3449 3441
3449 3447
3449 4098
3449 4251
3449 4712
3449 4841
466 369
466 384
466 477
466 1052
466 4708
3742 4089
3742 4262
3742 4271
3742 4286
3742 4500
4955 3899
4955 4775
4955 4793
4955 4799
4955 4812
4955 4843
4955 4844
4955 4852
4955 4872
4955 4890
4955 4899
4955 4904
4955 4906
4955 4907
4955 4918
4955 4929
4955 4943
4955 4947
4955 4958
346 1717
346 1778
1717 1143
1717 1202
1717 1268
1717 1448
1717 1621
1717 1686
1717 1696
1717 1704
1717 1744
1717 1756
1717 1765
1717 1788
1717 1825
1717 1833
1717 2784
1717 3086
1778 1192
1778 1207
1778 1217
1778 1221
1778 1260
1778 1269
1778 1298
1778 1324
1778 1325
1778 1326
1778 1354
1778 1397
1778 1408
1778 1454
1778 1455
1778 1490
1778 1555
1778 1600
1778 1609
1778 1616
1778 1677
1778 1678
1778 1700
1778 1707
1778 1712
1778 1748
1778 1763
1778 1784
1778 1787
1778 2938
1778 3961
1778 4068
1778 4252
1778 4295
1778 4666
1778 4692
347 455
347 3965
455 356
455 452
455 477
455 487
455 2720
3965 4131
3965 4306
3965 4312
3965 4338
3965 4357
3965 4377
3965 4442
348 351
348 506
348 1065
351 402
351 490
351 506
506 400
506 418
506 420
506 438
506 488
506 490
506 2672
506 3090
506 4061
1065 637
1065 847
1065 852
1065 867
1065 870
1065 873
1065 886
1065 905
1065 909
1065 910
1065 914
1065 922
1065 940
1065 960
1065 967
1065 969
1065 970
1065 983
1065 994
1065 1001
1065 1002
1065 1007
1065 1016
1065 1020
1065 1029
1065 1035
1065 1040
1065 1043
1065 1047
1065 1050
1065 1055
1065 1057
1065 1059
1065 1075
1065 1800
1065 1913
1065 2744
1065 3059
1065 3781
349 435
349 3456
435 464
435 1792
435 2020
435 4144
3456 1219
3456 1220
3456 1458
3456 1762
3456 1792
3456 1803
3456 1812
3456 2061
3456 2351
3456 2868
3456 2881
3456 3002
3456 3010
3456 3020
3456 3034
3456 3047
3456 3062
3456 3075
3456 3079
3456 3105
3456 3117
3456 3127
3456 3140
3456 3158
3456 3176
3456 3186
3456 3191
3456 3201
3456 3225
3456 3233
3456 3238
3456 3242
3456 3258
3456 3262
3456 3270
3456 3303
3456 3304
3456 3311
3456 3312
3456 3318
3456 3337
3456 3345
3456 3352
3456 3353
3456 3359
3456 3368
3456 3374
3456 3378
3456 3379
3456 3390
3456 3396
3456 3404
3456 3405
3456 3406
3456 3407
3456 3412
3456 3420
3456 3437
3456 3448
3456 3450
3456 3460
3456 3868
350 1184
350 4701
1184 1467
1184 1737
1184 1803
1184 3378
4701 744
4701 1487
4701 1769
4701 1803
4701 2880
4701 2979
4701 4414
4701 4418
4701 4420
4701 4440
4701 4454
4701 4456
4701 4466
4701 4468
4701 4472
4701 4478
4701 4480
4701 4498
4701 4500
4701 4510
4701 4514
4701 4516
4701 4532
4701 4551
4701 4552
4701 4580
4701 4602
4701 4617
4701 4625
4701 4638
4701 4640
4701 4646
4701 4656
4701 4661
4701 4677
4701 4681
4701 4709
402 490
402 4172
490 479
490 488
352 418
352 3203
418 2973
418 4010
418 4958
3203 2973
3203 3048
3203 3087
3203 3321
3203 3426
3203 3451
3203 3471
353 434
353 526
353 768
353 3214
434 2296
434 2496
526 355
526 376
526 377
526 1644
526 3716
768 707
768 780
768 783
768 785
768 790
768 791
768 808
768 814
768 815
768 824
768 4298
768 4361
768 4577
3214 2071
3214 2450
3214 3070
3214 3265
3214 3391
3214 3403
3214 3421
354 3396
3396 2649
3396 2668
3396 2790
3396 3023
3396 3024
3396 3128
3396 3228
3396 3241
3396 3242
3396 3258
3396 3301
3396 3327
3396 3345
3396 3352
3396 3406
3396 3407
3396 3434
3396 3437
3396 3448
3396 3450
3396 3460
3396 3765
355 437
437 449
437 468
437 1805
356 487
356 1784
487 369
487 452
487 477
487 1667
487 2529
487 3246
487 4870
1784 1108
1784 1192
1784 1207
1784 1221
1784 1226
1784 1354
1784 1397
1784 1408
1784 1469
1784 1542
1784 1577
1784 1600
1784 1609
1784 1615
1784 1616
1784 1625
1784 1673
1784 1678
1784 1698
1784 1707
1784 1712
1784 1723
1784 1748
1784 1763
1784 1787
1784 1793
1784 2336
1784 3252
1784 3381
1784 3567
1784 4919
357 1682
1682 807
1682 1086
1682 1245
1682 1656
1682 1676
1682 1742
1682 1747
1682 1750
1682 1751
1682 1760
1682 1777
1682 1788
1682 1800
1682 3179
1682 4284
1682 4318
1703 477
1703 1110
1703 1130
1703 1167
1703 1262
1703 1363
1703 1367
1703 1554
1703 1563
1703 1568
1703 1610
1703 1637
1703 1668
1703 1704
1703 1726
1703 1773
1703 4265
2099 796
2099 823
2099 1098
2099 1648
2099 1840
2099 1842
2099 1844
2099 1847
2099 1854
2099 1856
2099 1876
2099 1885
2099 1895
2099 1896
2099 1919
2099 1935
2099 1941
2099 1942
2099 1949
2099 1951
2099 1959
2099 1960
2099 1964
2099 1969
2099 1972
2099 1979
2099 1980
2099 1983
2099 1985
2099 1986
2099 1993
2099 1997
2099 2002
2099 2003
2099 2008
2099 2009
2099 2018
2099 2019
2099 2020
2099 2032
2099 2033
2099 2041
2099 2043
2099 2045
2099 2048
2099 2056
2099 2057
2099 2066
2099 2072
2099 2087
2099 2093
2099 2883
2099 3515
2099 4138
2099 4418
2099 4709
360 373
360 421
360 495
360 1648
373 428
373 463
373 535
373 3745
421 374
421 478
421 2944
421 4326
495 417
495 478
495 918
495 1742
495 2699
495 3533
1648 1286
1648 1401
1648 1443
1648 1535
1648 1574
1648 1656
1648 1750
1648 1773
1648 1777
1648 1800
1648 3568
1648 4776
361 431
361 1446
431 955
431 3133
1446 1278
1446 1389
1446 1399
1446 1505
1446 1522
1446 1780
1446 1836
1446 2388
362 1718
362 3151
1718 1103
1718 1366
1718 1499
1718 1543
1718 1583
1718 1617
1718 1627
1718 1632
1718 1635
1718 1669
1718 1689
1718 1727
1718 1737
1718 1746
1718 1749
1718 1783
1718 1803
1718 1816
1718 3754
1718 4446
3151 3029
3151 3178
3151 3425
3151 3429
3151 3442
363 422
422 1081
422 4888
3993 819
3993 1577
3993 4000
3993 4132
367 3384
367 4724
3384 1168
3384 1211
3384 2713
3384 3011
3384 3098
3384 3109
3384 3112
3384 3133
3384 3138
3384 3160
3384 3197
3384 3209
3384 3229
3384 3269
3384 3281
3384 3300
3384 3340
3384 3367
3384 3393
3384 3408
3384 3411
3384 3831
4724 449
4724 1658
4724 1750
4724 1796
4724 2862
4724 2903
4724 4075
4724 4288
4724 4376
4724 4388
4724 4425
4724 4429
4724 4430
4724 4433
4724 4448
4724 4452
4724 4487
4724 4490
4724 4495
4724 4498
4724 4503
4724 4509
4724 4517
4724 4518
4724 4519
4724 4523
4724 4526
4724 4527
4724 4529
4724 4544
4724 4556
4724 4566
4724 4577
4724 4578
4724 4581
4724 4583
4724 4592
4724 4593
4724 4594
4724 4614
4724 4618
4724 4619
4724 4620
4724 4630
4724 4631
4724 4632
4724 4633
4724 4636
4724 4640
4724 4652
4724 4658
4724 4671
4724 4673
4724 4676
4724 4693
4724 4694
4724 4712
4724 4714
4724 4717
368 463
368 3504
463 2031
463 4219
3504 3692
3504 3995
3504 4137
3504 4320
369 2434
2434 2172
2434 2551
2434 2776
2434 2818
2434 2891
2434 2910
2434 3988
820 391
820 588
820 596
820 620
820 629
820 640
820 653
820 671
820 682
820 688
820 692
820 700
820 706
820 711
820 715
820 718
820 727
820 759
820 760
820 762
820 766
820 771
820 780
820 784
820 788
820 789
820 793
820 794
820 796
820 801
820 805
820 807
820 810
820 811
820 814
820 817
820 818
820 824
820 825
820 829
820 1044
820 1094
820 2070
820 2551
820 2854
820 3852
820 4161
820 4377
820 4692
945 926
945 960
945 1002
945 1020
945 1035
945 1047
945 1075
945 3270
945 3970
372 1307
372 2118
1307 1278
1307 1757
1307 1758
1307 2482
2118 1315
2118 2466
2118 2970
2118 2975
428 395
428 413
428 2090
535 465
535 530
535 1084
535 1404
535 3862
535 4326
3745 4297
3745 4370
3745 4371
3745 4372
3745 4374
374 4712
4712 721
4712 1729
4712 1805
4712 2112
4712 2475
4712 2532
4712 2948
4712 3847
4712 4333
4712 4359
4712 4416
4712 4422
4712 4437
4712 4439
4712 4448
4712 4452
4712 4476
4712 4496
4712 4501
4712 4506
4712 4517
4712 4529
4712 4564
4712 4566
4712 4578
4712 4583
4712 4593
4712 4594
4712 4618
4712 4619
4712 4620
4712 4621
4712 4631
4712 4632
4712 4633
4712 4640
4712 4643
4712 4652
4712 4658
4712 4661
4712 4676
4712 4680
4712 4693
4712 4694
4712 4714
4712 4717
397 477
397 1625
397 1683
452 3115
452 4096
3721 2448
3721 3892
3721 4063
3721 4198
3721 4226
3721 4234
4294 2975
4294 3606
4294 3792
4294 3860
4294 3882
4294 4148
4294 4167
4294 4197
4294 4243
4294 4264
4294 4268
4294 4288
4294 4301
4294 4376
376 707
376 2587
707 515
707 644
707 663
707 720
707 744
707 803
707 819
707 823
707 4204
2587 2287
2587 2344
2587 2845
2587 2953
2587 4115
2587 4914
377 454
377 1290
377 4212
454 514
454 1321
454 4193
1290 1194
1290 1688
1290 1736
1290 1771
1290 1782
1290 1796
1290 3483
4212 1773
4212 3714
4212 4075
4212 4161
4212 4183
4212 4187
4212 4219
4212 4252
4212 4306
4212 4312
4212 4357
4212 4377
4212 4397
379 420
379 479
379 488
379 2873
379 3178
420 400
420 446
420 2579
479 400
479 488
479 514
479 1057
479 4323
488 449
488 2247
488 2582
2873 757
2873 2139
2873 2245
2873 2272
2873 2402
2873 2416
2873 2747
2873 2779
2873 2793
2873 2841
2873 2867
2873 2888
2873 2905
2873 2932
2873 2947
2873 2959
2873 2975
2873 3752
2873 3929
2873 4157
2873 4219
3178 3418
3178 3422
3178 3451
3178 4627
4064 996
4064 3387
4064 3682
4064 4050
4064 4195
4064 4269
4064 4287
4064 4367
383 1467
383 4382
1467 1224
1467 1633
1467 1702
1467 1805
1467 1836
1467 4887
4382 825
4382 938
4382 1139
4382 1788
4382 1816
4382 1971
4382 2071
4382 2708
4382 2856
4382 2875
4382 3401
4382 3492
4382 3521
4382 3532
4382 3636
4382 3638
4382 3660
4382 3677
4382 3691
4382 3701
4382 3716
4382 3734
4382 3746
4382 3766
4382 3772
4382 3788
4382 3800
4382 3816
4382 3826
4382 3850
4382 3862
4382 3897
4382 3899
4382 3925
4382 3953
4382 3970
4382 3971
4382 3972
4382 4001
4382 4044
4382 4047
4382 4060
4382 4062
4382 4104
4382 4116
4382 4122
4382 4171
4382 4186
4382 4188
4382 4192
4382 4199
4382 4239
4382 4266
4382 4283
4382 4318
4382 4323
4382 4341
4382 4342
4382 4347
4382 4376
4382 4388
4382 4528
4382 4647
4382 4714
384 3195
384 3548
3195 3019
3195 3144
3195 3287
3195 3370
3195 3451
3548 4029
3548 4371
3548 4385
3548 4634
3451 514
3451 1109
3451 1526
3451 1702
3451 1812
3451 2991
3451 3038
3451 3073
3451 3087
3451 3091
3451 3115
3451 3124
3451 3134
3451 3146
3451 3171
3451 3172
3451 3175
3451 3194
3451 3202
3451 3213
3451 3219
3451 3224
3451 3231
3451 3236
3451 3241
3451 3254
3451 3260
3451 3277
3451 3289
3451 3291
3451 3293
3451 3302
3451 3308
3451 3310
3451 3316
3451 3321
3451 3325
3451 3326
3451 3346
3451 3355
3451 3362
3451 3364
3451 3365
3451 3367
3451 3401
3451 3409
3451 3418
3451 3422
3451 3426
3451 3441
3451 4029
3451 4158
3451 4261
3451 4287
3451 4288
3451 4372
978 682
978 911
978 970
978 989
978 1026
978 1034
978 1052
978 1069
978 1073
978 1078
482 430
482 2966
2967 696
2967 770
2967 1749
2967 1800
2967 2072
2967 2123
2967 2159
2967 2310
2967 2341
2967 2343
2967 2361
2967 2372
2967 2378
2967 2401
2967 2469
2967 2540
2967 2541
2967 2563
2967 2570
2967 2583
2967 2621
2967 2630
2967 2641
2967 2642
2967 2652
2967 2666
2967 2688
2967 2699
2967 2707
2967 2734
2967 2784
2967 2790
2967 2799
2967 2816
2967 2834
2967 2857
2967 2880
2967 2881
2967 2887
2967 2916
2967 2931
2967 2937
2967 2938
2967 2944
2967 2964
2967 2971
2967 2979
2967 3309
2967 4646
2967 4807
489 530
489 1410
489 2803
489 4427
2433 2348
2433 2448
2433 2506
2433 2528
2433 2552
2433 2932
2433 4300
389 433
389 3291
433 393
433 4357
433 4558
433 4764
3291 3076
3291 3185
3291 3277
3291 3346
3291 3364
3291 3397
3291 3409
3291 3422
3770 2261
3770 3994
3770 4259
3770 4306
3770 4377
391 2506
2506 2336
2506 2385
2506 2458
2506 2468
2506 2480
2281 2827
2281 2909
2281 2962
393 4883
4883 3856
4883 4312
4883 4788
4883 4810
4883 4862
4883 4876
4883 4885
4883 4895
4883 4934
4883 4960
476 464
476 2121
476 4287
1635 1289
1635 1432
1635 1460
1635 1590
1635 1617
1635 1723
1635 1749
1635 1762
1635 1783
1635 1803
1635 1816
1635 4475
1635 4952
395 1584
1584 1137
1584 1463
1584 1475
1584 1509
1584 1658
1584 1737
1584 1771
1584 1772
1584 1782
1584 1796
1584 2856
1584 4295
1584 4361
1611 1588
1611 1792
1611 1812
1611 1817
1611 1821
1611 1824
1611 4172
1611 4240
477 1929
1625 889
1625 1226
1625 1288
1625 1609
1625 1615
1625 1678
1625 1723
1625 1748
1625 1763
1625 1793
1625 4472
1683 1091
1683 1092
1683 1117
1683 1156
1683 1182
1683 1283
1683 1316
1683 1382
1683 1473
1683 1521
1683 1634
1683 1679
1683 1684
1683 1692
1683 1751
1683 1766
1683 1780
1683 1971
1683 3144
1683 3622
398 1771
398 2824
1771 848
1771 1069
1771 1137
1771 1148
1771 1153
1771 1155
1771 1190
1771 1198
1771 1293
1771 1321
1771 1356
1771 1358
1771 1371
1771 1440
1771 1463
1771 1475
1771 1478
1771 1509
1771 1532
1771 1553
1771 1566
1771 1588
1771 1664
1771 1688
1771 1700
1771 1736
1771 1772
1771 1782
1771 1796
1771 2194
1771 3567
1771 4656
2824 2770
2824 2773
2824 2857
2824 2890
2824 2912
2824 2916
2824 2952
2824 2981
2824 4693
994 873
994 905
994 992
994 998
994 1020
994 1029
994 1040
994 1043
994 1047
994 1055
994 1075
994 1884
1510 1283
1510 1702
1510 1739
1510 1757
1510 1805
1510 3111
1510 4305
400 449
400 1128
400 3774
449 1348
1128 1505
1128 1633
3774 1721
3774 4295
3774 4371
3774 4374
3774 4385
3774 4391
4172 1578
4172 3513
4172 3751
4172 3873
4172 3924
4172 3929
4172 4110
4172 4127
4172 4128
4172 4257
4172 4273
4172 4303
4172 4319
4172 4389
424 2847
537 438
537 468
537 483
537 1236
537 2470
537 2560
537 2717
537 4993
2232 2962
2232 3927
1199 1238
1199 1348
1199 1693
1199 1739
1199 1836
825 579
825 580
825 582
825 588
825 603
825 605
825 614
825 617
825 626
825 631
825 633
825 642
825 648
825 671
825 675
825 682
825 688
825 692
825 700
825 703
825 706
825 710
825 715
825 727
825 743
825 745
825 759
825 762
825 766
825 771
825 780
825 784
825 788
825 793
825 794
825 796
825 801
825 805
825 807
825 810
825 811
825 817
825 818
825 823
825 829
825 1419
825 1816
825 2414
825 2552
825 2807
825 2827
825 3264
825 3937
825 4389
407 484
407 1833
407 4134
484 2179
484 2655
484 3450
1833 798
1833 1034
1833 1067
1833 1082
1833 1119
1833 1140
1833 1143
1833 1166
1833 1202
1833 1215
1833 1241
1833 1247
1833 1268
1833 1275
1833 1293
1833 1299
1833 1301
1833 1311
1833 1313
1833 1320
1833 1352
1833 1359
1833 1375
1833 1403
1833 1408
1833 1441
1833 1455
1833 1464
1833 1479
1833 1487
1833 1488
1833 1492
1833 1493
1833 1496
1833 1556
1833 1562
1833 1571
1833 1621
1833 1623
1833 1626
1833 1638
1833 1644
1833 1677
1833 1679
1833 1686
1833 1744
1833 1756
1833 1765
1833 1776
1833 1777
1833 1788
1833 1820
1833 1825
1833 2269
1833 2272
1833 2780
1833 3688
1833 3738
1833 3765
1833 3810
1833 4085
4134 771
4134 3558
4134 3612
4134 3722
4134 4048
4134 4168
4134 4195
4134 4214
4134 4224
4134 4269
4134 4320
4134 4336
4134 4367
4134 4764
408 483
408 2233
483 425
483 515
483 1783
483 2867
2233 671
2233 2743
2233 2826
2233 2853
2233 2858
1447 1403
1447 1474
1447 1628
1447 1650
1447 1660
1447 1727
1447 1729
1447 4246
1447 4987
2109 2801
2109 2862
2109 2891
2149 2477
2149 2981
2385 2336
2385 2458
2385 2528
2385 2552
2385 4176
413 1068
413 1381
1068 843
1068 846
1068 923
1068 943
1068 947
1068 950
1068 961
1068 971
1068 1003
1068 1006
1068 1007
1068 1008
1068 1014
1068 1022
1068 1026
1068 1034
1068 1037
1068 1041
1068 1044
1068 1050
1068 1051
1068 1052
1068 1067
1068 1069
1068 1071
1068 1072
1068 2810
1068 3844
1068 3912
1068 3919
1068 4341
1068 4704
1068 4803
1381 1163
1381 1455
1381 1462
1381 1491
1381 2767
3045 3198
3045 3431
3045 3441
415 425
415 2953
415 4613
425 464
425 815
425 2743
2953 1820
2953 1873
2953 2103
2953 2134
2953 2174
2953 2189
2953 2216
2953 2222
2953 2317
2953 2344
2953 2397
2953 2495
2953 2518
2953 2525
2953 2561
2953 2605
2953 2650
2953 2670
2953 2768
2953 2810
2953 2815
2953 2832
2953 2845
2953 2869
2953 2883
2953 2886
2953 2895
2953 2898
2953 2924
2953 2929
2953 2950
2953 4391
2953 4458
2953 4713
2953 4918
2953 4988
4613 3259
4613 4449
4613 4467
4613 4494
4613 4605
4613 4654
4613 4659
4613 4665
4613 4681
4613 4690
4613 4709
4613 4974
416 2905
416 4301
2905 697
2905 1716
2905 2126
2905 2200
2905 2274
2905 2479
2905 2524
2905 2648
2905 2680
2905 2752
2905 2773
2905 2779
2905 2793
2905 2805
2905 2807
2905 2820
2905 2841
2905 2867
2905 2888
2905 2914
2905 2947
2905 2970
2905 3469
2905 3996
2905 4318
2905 4391
4301 700
4301 1725
4301 2898
4301 3514
4301 3785
4301 3814
4301 3918
4301 4167
4301 4190
4301 4239
4301 4243
4301 4264
4301 4268
4301 4336
4301 4356
4301 4376
4301 4523
4301 4544
4301 4634
2973 1060
2973 1585
2973 1972
2973 2105
2973 2119
2973 2122
2973 2155
2973 2171
2973 2227
2973 2259
2973 2295
2973 2296
2973 2316
2973 2327
2973 2346
2973 2389
2973 2424
2973 2431
2973 2493
2973 2504
2973 2590
2973 2606
2973 2615
2973 2618
2973 2620
2973 2637
2973 2645
2973 2654
2973 2655
2973 2656
2973 2659
2973 2675
2973 2695
2973 2722
2973 2735
2973 2756
2973 2762
2973 2768
2973 2810
2973 2835
2973 2856
2973 2869
2973 2870
2973 2896
2973 2907
2973 2943
2973 2958
2973 2962
2973 2966
2973 3613
2973 4391
4010 1037
4010 1825
4010 3683
4010 3879
4010 4018
4010 4022
4010 4125
4010 4276
4010 4280
4010 4343
4010 4362
4958 1293
4958 2692
4958 4255
4958 4327
4958 4752
4958 4770
4958 4803
4958 4812
4958 4817
4958 4835
4958 4843
4958 4844
4958 4852
4958 4899
4958 4904
4958 4907
4958 4918
4958 4929
4958 4943
4958 4947
4958 4991
4958 4993
3397 2357
3397 2628
3397 3025
3397 3030
3397 3101
3397 3143
3397 3239
3397 3267
3397 3270
3397 3299
3397 3324
3397 3348
3397 3357
3397 3381
3397 3402
3397 3420
3397 3424
3397 3425
3397 3442
3397 4199
3397 4832
3397 4872
3984 1056
3984 3238
3984 4080
3984 4183
3984 4357
3984 4377
3984 4397
4890 3516
4890 4070
4890 4771
4890 4793
4890 4803
4890 4817
4890 4943
4890 4947
4890 4968
446 1788
446 3568
2579 2377
2579 2793
2579 2854
2579 2855
2579 2888
2579 2914
2579 2975
2579 4568
478 902
478 1610
478 2123
2944 815
2944 1787
2944 1969
2944 2123
2944 2192
2944 2197
2944 2337
2944 2341
2944 2343
2944 2378
2944 2453
2944 2484
2944 2564
2944 2611
2944 2630
2944 2642
2944 2666
2944 2667
2944 2765
2944 2784
2944 2816
2944 2843
2944 2865
2944 2880
2944 2881
2944 2887
2944 2931
2944 2932
2944 2937
2944 2938
2944 2964
2944 2971
2944 2979
2944 3258
2944 3462
2944 4135
2944 4594
4326 1125
4326 1676
4326 1705
4326 2141
4326 2454
4326 2798
4326 3461
4326 3512
4326 3545
4326 3599
4326 3855
4326 3887
4326 3927
4326 3945
4326 3983
4326 4027
4326 4046
4326 4065
4326 4076
4326 4078
4326 4097
4326 4137
4326 4159
4326 4160
4326 4179
4326 4194
4326 4222
4326 4254
4326 4295
4326 4300
4326 4327
4326 4333
1081 1792
1081 1817
4888 2881
4888 4735
4888 4868
4888 4908
4888 4925
4888 4944
4888 4952
4888 4970
4888 4986
4077 1739
4077 3543
4077 3552
4077 3980
4077 4000
4077 4005
4077 4149
4077 4157
4077 4240
4077 4266
4077 4272
2847 1636
2847 2133
2847 2147
2847 2187
2847 2202
2847 2211
2847 2213
2847 2307
2847 2371
2847 2404
2847 2467
2847 2514
2847 2523
2847 2537
2847 2594
2847 2612
2847 2719
2847 2774
2847 3400
464 427
464 514
464 2766
464 3772
815 586
815 609
815 613
815 618
815 628
815 643
815 655
815 662
815 668
815 676
815 717
815 718
815 737
815 783
815 785
815 787
815 789
815 790
815 791
815 802
815 808
815 810
815 814
815 819
815 824
815 829
815 1788
815 2011
815 2058
815 2503
815 2765
815 4262
2743 681
2743 1502
2743 2177
2743 2188
2743 2199
2743 2318
2743 2375
2743 2398
2743 2408
2743 2593
2743 2638
2743 2725
2743 2731
2743 2853
2743 2858
1602 1097
1602 1115
1602 1141
1602 1150
1602 1211
1602 1228
1602 1349
1602 1396
1602 1426
1602 1482
1602 1512
1602 1604
1602 2032
1602 4608
2098 1069
2098 1694
2098 1841
2098 1849
2098 1850
2098 1855
2098 1857
2098 1858
2098 1859
2098 1862
2098 1893
2098 1897
2098 1912
2098 1915
2098 1917
2098 1923
2098 1924
2098 1925
2098 1928
2098 1930
2098 1938
2098 1940
2098 1943
2098 1945
2098 1946
2098 1959
2098 1962
2098 1971
2098 1981
2098 1990
2098 1992
2098 1998
2098 2003
2098 2005
2098 2007
2098 2015
2098 2017
2098 2025
2098 2029
2098 2030
2098 2038
2098 2043
2098 2052
2098 2055
2098 2057
2098 2067
2098 2073
2098 2074
2098 2077
2098 2089
2098 2095
2098 2679
2098 3494
2098 3793
2098 3987
2098 4215
2098 4286
2098 4654
427 814
427 2199
427 4376
814 586
814 594
814 641
814 660
814 664
814 667
814 669
814 674
814 676
814 690
814 697
814 718
814 749
814 783
814 785
814 787
814 789
814 790
814 791
814 795
814 802
814 808
814 817
814 824
814 1518
814 1583
814 2948
814 3138
814 4257
814 4632
2199 2375
2199 2826
2199 2853
2199 2858
4376 1320
4376 1700
4376 1728
4376 1798
4376 2057
4376 3512
4376 3526
4376 3585
4376 3602
4376 3618
4376 3646
4376 3696
4376 3705
4376 3707
4376 3778
4376 3785
4376 3915
4376 3916
4376 3918
4376 3948
4376 3976
4376 3999
4376 4028
4376 4053
4376 4092
4376 4095
4376 4096
4376 4098
4376 4148
4376 4154
4376 4167
4376 4174
4376 4243
4376 4252
4376 4264
4376 4268
4376 4288
4376 4356
4376 4388
4376 4519
4376 4638
4376 4643
4376 4713
4376 4821
4376 4994
2090 801
2090 1838
2090 1851
2090 1856
2090 1867
2090 1871
2090 1872
2090 1877
2090 1881
2090 1882
2090 1889
2090 1892
2090 1898
2090 1908
2090 1918
2090 1922
2090 1934
2090 1940
2090 1966
2090 1968
2090 1977
2090 1980
2090 1982
2090 1984
2090 1988
2090 1996
2090 2007
2090 2012
2090 2021
2090 2026
2090 2037
2090 2038
2090 2042
2090 2044
2090 2051
2090 2058
2090 2059
2090 2060
2090 2093
2090 2836
2090 2898
2090 3789
2090 3793
2090 3877
2090 4021
4336 1014
4336 2277
4336 2907
4336 3465
4336 3510
4336 3544
4336 3623
4336 3688
4336 3709
4336 3763
4336 3796
4336 3812
4336 3813
4336 3842
4336 3989
4336 4048
4336 4118
4336 4168
4336 4195
4336 4214
4336 4225
4336 4227
4336 4269
4336 4287
4336 4320
4336 4334
4336 4367
4336 4371
4336 4991
430 469
430 3318
469 4991
3318 838
3318 1361
3318 3094
3318 3155
3318 3191
3318 3345
3318 3378
3318 3407
3318 3434
3318 3437
3318 3450
3318 3460
3318 4433
955 845
955 942
955 980
955 1024
955 1027
955 1070
955 1072
955 1907
955 4430
3133 1894
3133 3196
3133 3269
3133 3330
514 1908
514 2950
514 4917
1241 1776
1241 1825
4357 1124
4357 2093
4357 2558
4357 2687
4357 2826
4357 3233
4357 3550
4357 3613
4357 3641
4357 3658
4357 3661
4357 3665
4357 3834
4357 3846
4357 3856
4357 3859
4357 3872
4357 3941
4357 3942
4357 3964
4357 3985
4357 4016
4357 4034
4357 4074
4357 4131
4357 4190
4357 4219
4357 4288
4357 4297
4357 4298
4357 4306
4357 4312
4357 4338
4357 4341
4357 4377
4357 4397
4357 4575
4558 2351
4558 4654
4558 4679
4558 4708
4558 4715
4764 4777
4764 4780
4764 4863
4764 4898
4764 4939
2296 2943
2296 2958
2296 4587
2496 1824
2496 2710
2496 2827
2496 2894
2496 2909
1792 1111
1792 1167
1792 1242
1792 1251
1792 1280
1792 1390
1792 1424
1792 1507
1792 1545
1792 1547
1792 1551
1792 1565
1792 1596
1792 1622
1792 1630
1792 1636
1792 1643
1792 1647
1792 1667
1792 1716
1792 1721
1792 1724
1792 1733
1792 1779
1792 1787
1792 1812
1792 1817
1792 1821
1792 1824
1792 1947
1792 3447
1792 3957
1792 4292
1792 4810
2020 769
2020 1772
2020 1837
2020 1875
2020 1942
2020 1950
2020 1959
2020 1961
2020 2016
2020 2032
2020 2056
2020 2057
2020 2087
4144 1942
4144 3977
4144 4153
4144 4255
4144 4284
4144 4349
4144 4359
4144 4594
3307 1623
3307 3102
3307 3154
3307 3169
3307 3299
3307 3309
3307 3372
3307 3376
3307 3441
3307 3447
3307 3448
3307 3758
468 1056
468 1112
1805 824
1805 1115
1805 1121
1805 1131
1805 1160
1805 1191
1805 1222
1805 1224
1805 1231
1805 1248
1805 1259
1805 1297
1805 1342
1805 1389
1805 1421
1805 1445
1805 1505
1805 1514
1805 1518
1805 1536
1805 1549
1805 1575
1805 1587
1805 1607
1805 1633
1805 1643
1805 1652
1805 1668
1805 1693
1805 1697
1805 1702
1805 1739
1805 1757
1805 1758
1805 1836
1805 1972
1805 2522
1805 2674
1805 3175
1805 3679
1805 4000
438 1733
438 4069
1733 601
1733 1216
1733 1304
1733 1404
1733 1624
1733 1630
1733 1667
1733 1716
1733 1721
1733 1724
1733 1779
1733 1812
1733 1817
1733 1821
1733 1824
1733 3695
1733 3707
4069 3517
4069 3782
4069 3795
4069 3799
4069 3803
4069 3814
4069 3841
4069 3912
4069 3919
4069 4025
4069 4084
801 637
801 711
801 720
801 766
801 780
801 784
801 786
801 788
801 793
801 794
801 796
801 805
801 807
801 810
801 811
801 817
801 818
801 823
801 829
801 1069
801 1723
801 2785
801 3437
801 3673
801 4089
2975 1163
2975 1803
2975 2121
2975 2139
2975 2154
2975 2180
2975 2249
2975 2286
2975 2312
2975 2403
2975 2493
2975 2509
2975 2520
2975 2565
2975 2680
2975 2695
2975 2700
2975 2711
2975 2719
2975 2720
2975 2739
2975 2747
2975 2749
2975 2773
2975 2779
2975 2780
2975 2793
2975 2796
2975 2805
2975 2807
2975 2822
2975 2841
2975 2854
2975 2855
2975 2867
2975 2888
2975 2914
2975 2932
2975 2947
2975 2964
2975 2970
2975 2979
2975 2994
2975 3722
2975 3848
2975 4261
2975 4385
2975 4529
3303 1254
3303 1406
3303 3098
3303 3304
3303 3378
3303 3407
3303 3434
3303 3447
3303 3448
3303 3450
4346 1665
4346 1726
4346 1879
4346 2571
4346 2640
4346 2827
4346 3357
4346 3393
4346 3516
4346 3637
4346 3642
4346 3668
4346 3712
4346 3771
4346 3811
4346 3871
4346 3876
4346 3889
4346 3925
4346 3942
4346 3977
4346 3978
4346 4018
4346 4022
4346 4028
4346 4100
4346 4117
4346 4125
4346 4135
4346 4162
4346 4175
4346 4214
4346 4230
4346 4263
4346 4276
4346 4280
4346 4285
4346 4343
4346 4362
4346 4614
2409 2642
2409 2790
2409 2880
2409 2971
2409 4118
2818 2252
2818 2303
2818 2331
2818 2392
2818 2477
2818 2494
2818 2671
2818 2698
2818 2774
2818 2776
2818 2801
2818 2862
2818 2891
2818 4019
1043 935
1043 967
1043 983
1043 998
1043 1002
1043 1006
1043 1016
1043 1029
1043 1035
1043 1040
1043 1047
1043 1055
1043 1057
1043 1059
1043 1067
1043 1075
1043 1078
1043 4370
2909 1349
2909 2190
2909 2219
2909 2268
2909 2291
2909 2293
2909 2339
2909 2413
2909 2470
2909 2542
2909 2559
2909 2604
2909 2631
2909 2667
2909 2668
2909 2696
2909 2715
2909 2756
2909 2791
2909 2823
2909 2827
2909 2865
2909 2877
2909 3682
2909 4914
2909 4947
1742 817
1742 1245
1742 1347
1742 1359
1742 1486
1742 1497
1742 1553
1742 1594
1742 1671
1742 1732
1742 1750
1742 1760
1742 1773
1742 1777
1742 1800
1742 2095
1742 2731
1742 4004
1742 4837
2970 934
2970 1521
2970 2206
2970 2245
2970 2286
2970 2297
2970 2312
2970 2340
2970 2352
2970 2387
2970 2403
2970 2415
2970 2475
2970 2493
2970 2520
2970 2524
2970 2562
2970 2600
2970 2680
2970 2687
2970 2695
2970 2719
2970 2739
2970 2767
2970 2773
2970 2779
2970 2780
2970 2793
2970 2796
2970 2805
2970 2807
2970 2822
2970 2854
2970 2855
2970 2867
2970 2888
2970 2914
2970 2932
2970 2947
2970 3664
2970 4221
2970 4334
2970 4370
2970 4648
2970 4881
1816 791
1816 795
1816 1082
1816 1105
1816 1146
1816 1197
1816 1212
1816 1225
1816 1230
1816 1263
1816 1282
1816 1292
1816 1294
1816 1302
1816 1306
1816 1312
1816 1314
1816 1351
1816 1366
1816 1370
1816 1384
1816 1432
1816 1459
1816 1460
1816 1476
1816 1499
1816 1543
1816 1547
1816 1564
1816 1569
1816 1590
1816 1617
1816 1627
1816 1632
1816 1669
1816 1689
1816 1727
1816 1737
1816 1746
1816 1749
1816 1762
1816 1780
1816 1783
1816 1803
1816 2767
1816 3352
1816 3358
1816 3374
1816 3646
1816 4174
1816 4197
1816 4222
1816 4361
1788 1154
1788 1215
1788 1313
1788 1455
1788 1456
1788 1487
1788 1493
1788 1556
1788 1562
1788 1621
1788 1623
1788 1638
1788 1644
1788 1677
1788 1686
1788 1721
1788 1744
1788 1751
1788 1756
1788 1765
1788 1825
1788 2734
1788 3169
1788 4148
1788 4397
3568 4065
3568 4159
3568 4222
3568 4333
4680 1056
4680 2539
4680 2552
4680 2932
4680 3637
4680 3640
4680 4476
4680 4503
4680 4505
4680 4519
4680 4577
4680 4583
4680 4593
4680 4614
4680 4618
4680 4620
4680 4631
4680 4640
4680 4693
4680 4708
4680 4714
4680 4719
1686 1331
1686 1441
1686 1455
1686 1623
1686 1626
1686 1638
1686 1644
1686 1744
1686 1756
1686 1760
1686 1765
1686 1825
1686 2683
1686 2883
1686 4371
2773 1632
2773 2472
2773 2695
2773 2805
2773 2807
2773 2867
2773 2932
2773 2947
2773 3381
2773 3903
2773 4110
1348 1525
1460 1292
1460 1445
1460 1727
1460 1746
1460 1783
3403 2595
3403 3014
3403 3029
3403 3072
3403 3109
3403 3110
3403 3163
3403 3165
3403 3192
3403 3200
3403 3226
3403 3243
3403 3252
3403 3255
3403 3265
3403 3280
3403 3353
3403 3391
3403 3442
3403 3450
3403 3968
3403 4278
3403 4521
3403 4693
3115 3220
3115 3226
3115 3321
3115 3409
4096 788
4096 2886
4096 3852
4096 3860
4096 4288
4096 4769
4388 1055
4388 1593
4388 1864
4388 2574
4388 2640
4388 2791
4388 2959
4388 3492
4388 3521
4388 3532
4388 3545
4388 3604
4388 3636
4388 3638
4388 3660
4388 3677
4388 3701
4388 3702
4388 3716
4388 3734
4388 3746
4388 3766
4388 3772
4388 3788
4388 3800
4388 3816
4388 3824
4388 3826
4388 3850
4388 3859
4388 3862
4388 3897
4388 3899
4388 3925
4388 3953
4388 3970
4388 3971
4388 3972
4388 4001
4388 4044
4388 4047
4388 4060
4388 4062
4388 4104
4388 4116
4388 4171
4388 4186
4388 4188
4388 4192
4388 4199
4388 4283
4388 4318
4388 4323
4388 4342
4388 4347
4388 4930
4388 4994
1321 1779
1321 1817
1321 1824
1321 3726
4193 1696
4193 3201
4193 4309
4193 4315
4193 4349
4193 4361
4193 4370
4193 4371
4193 4372
4193 4374
4193 4385
4193 4391
2720 1735
2720 2416
2720 2711
2720 2719
2720 2854
2720 2855
2720 2888
2720 2932
2720 3565
2049 1760
2049 1886
2049 1895
2049 1898
2049 1935
2049 1960
2049 1967
2049 1972
2049 1997
2049 2023
2049 2041
2049 2092
2049 2093
2049 2390
2373 1748
2373 2486
2373 2530
2373 2875
2373 2903
515 465
515 1746
515 2745
515 4988
2165 2529
2165 2739
2165 2855
1836 1094
1836 1101
1836 1160
1836 1191
1836 1206
1836 1208
1836 1222
1836 1231
1836 1235
1836 1238
1836 1267
1836 1281
1836 1289
1836 1297
1836 1315
1836 1327
1836 1328
1836 1336
1836 1339
1836 1342
1836 1345
1836 1384
1836 1389
1836 1399
1836 1406
1836 1421
1836 1433
1836 1434
1836 1481
1836 1518
1836 1520
1836 1522
1836 1549
1836 1554
1836 1558
1836 1575
1836 1587
1836 1597
1836 1601
1836 1607
1836 1652
1836 1656
1836 1662
1836 1664
1836 1693
1836 1697
1836 1699
1836 1702
1836 1739
1836 1757
1836 1758
1836 2611
1836 2679
1836 3534
1836 4108
1836 4137
1836 4165
1836 4223
1836 4259
1836 4690
1836 4718
1836 4719
1836 4994
2089 1554
2089 1841
2089 1850
2089 1858
2089 1859
2089 1893
2089 1897
2089 1914
2089 1917
2089 1919
2089 1923
2089 1925
2089 1927
2089 1928
2089 1930
2089 1945
2089 1950
2089 1962
2089 1971
2089 1990
2089 1993
2089 1998
2089 2000
2089 2005
2089 2017
2089 2029
2089 2030
2089 2038
2089 2055
2089 2057
2089 2067
2089 2073
2089 2074
2089 2077
2089 2083
2089 2095
2089 2725
2089 2895
2089 3524
2089 4214
2089 4940
645 736
645 777
645 798
645 804
645 818
645 3698
1052 911
1052 933
1052 959
1052 985
1052 989
1052 996
1052 1014
1052 1024
1052 1026
1052 1044
1052 1051
1052 1060
1052 1067
1052 1069
1052 1071
1052 1078
1052 1444
781 601
781 605
781 611
781 637
781 652
781 672
781 690
781 695
781 698
781 699
781 733
781 739
781 740
781 742
781 751
781 786
781 803
781 819
781 823
781 1490
781 1997
781 4067
3794 3980
3794 4120
3794 4238
3794 4240
3794 4266
3794 4272
3794 4991
1730 1099
1730 1136
1730 1233
1730 1498
1730 1527
1730 1641
1730 1676
1730 1725
1730 1728
1730 1732
1730 1747
1730 1749
1730 1760
1730 1800
1730 2779
1730 2862
1730 3095
1730 3342
1730 4561
2907 1475
2907 1704
2907 2107
2907 2120
2907 2153
2907 2240
2907 2531
2907 2590
2907 2615
2907 2645
2907 2654
2907 2655
2907 2722
2907 2735
2907 2756
2907 2762
2907 2810
2907 2835
2907 2856
2907 2943
2907 2958
2907 2962
2907 2966
2907 3049
2907 4200
2907 4303
2907 4872
4349 865
4349 1284
4349 2243
4349 2375
4349 2979
4349 3516
4349 3715
4349 3797
4349 3817
4349 3863
4349 3962
4349 4105
4349 4140
4349 4150
4349 4153
4349 4165
4349 4170
4349 4179
4349 4182
4349 4187
4349 4221
4349 4224
4349 4237
4349 4246
4349 4255
4349 4256
4349 4257
4349 4284
4349 4297
4349 4359
4349 4807
2031 702
2031 1644
2031 1885
2031 1908
2031 1953
2031 1972
2031 2016
2031 2045
2031 2056
2031 2087
2031 2095
4219 642
4219 790
4219 3680
4219 3753
4219 3846
4219 3872
4219 4297
4219 4298
4219 4305
4219 4324
4219 4338
4219 4377
4219 4397
2766 1120
2766 2167
2766 2181
2766 2525
2766 2571
2766 2848
2766 2869
2766 2886
2766 2895
2766 2898
2766 2929
2766 2950
2766 3321
3772 2810
3772 3492
3772 4062
3772 4318
3772 4347
465 3002
3002 2362
3002 3237
3002 3253
3002 3319
3002 3450
4708 1072
4708 2618
4708 3367
4708 3409
4708 3419
4708 4385
4708 4407
4708 4442
4708 4453
4708 4461
4708 4484
4708 4486
4708 4538
4708 4543
4708 4550
4708 4554
4708 4557
4708 4574
4708 4588
4708 4599
4708 4600
4708 4622
4708 4641
4708 4643
4708 4655
4708 4660
4708 4663
4708 4666
4708 4678
4708 4704
4708 4713
4708 4715
4708 4718
4708 4719
683 624
683 729
683 739
683 740
683 819
683 823
1056 841
1056 844
1056 868
1056 884
1056 890
1056 896
1056 903
1056 936
1056 939
1056 941
1056 942
1056 953
1056 954
1056 957
1056 977
1056 980
1056 989
1056 997
1056 1013
1056 1015
1056 1024
1056 1027
1056 1050
1056 1054
1056 1060
1056 1070
1056 1072
1056 1483
1056 2038
1056 2710
1056 3324
1112 1812
1112 1817
1112 1824
1112 2826
4991 1389
4991 1766
4991 1777
4991 2363
4991 2536
4991 2943
4991 4150
4991 4180
4991 4269
4991 4689
4991 4738
4991 4745
4991 4746
4991 4766
4991 4767
4991 4768
4991 4771
4991 4777
4991 4791
4991 4826
4991 4841
4991 4847
4991 4852
4991 4859
4991 4874
4991 4875
4991 4892
4991 4905
4991 4914
4991 4917
4991 4923
4991 4930
4991 4932
4991 4933
4991 4940
4991 4946
4991 4949
4991 4960
4991 4967
4991 4968
4991 4972
4991 4973
4991 4974
4991 4980
4991 4981
4991 4985
4991 4986
4991 4987
4991 4988
4991 4993
4991 4994
4991 4998
1478 1051
1478 1588
1478 1736
1478 1772
1478 1782
1478 1796
1478 2508
4880 4781
4880 4823
4880 4857
4880 4870
4880 4898
4880 4913
4880 4939
4880 4951
4880 4954
4880 4981
1997 2011
1997 2018
1997 2048
1997 2059
1997 4299
2943 1724
2943 1762
2943 2119
2943 2153
2943 2159
2943 2171
2943 2205
2943 2316
2943 2325
2943 2357
2943 2498
2943 2606
2943 2637
2943 2645
2943 2655
2943 2659
2943 2675
2943 2722
2943 2745
2943 2756
2943 2810
2943 2811
2943 2835
2943 2870
2943 2924
2943 2958
2943 2962
2943 2966
2943 3412
2943 4153
2943 4367
1594 1461
1594 1632
1594 1641
1594 1732
1594 1747
1594 1773
1594 3405
3958 3890
3958 3909
3958 3999
3958 4264
3958 4268
3521 4156
3521 4323
2565 1592
2565 1716
2565 2779
2565 2805
2565 2914
2565 2932
2565 2947
2768 594
2768 1908
2768 2546
2768 2571
2768 2610
2768 2845
2768 2848
2768 2869
2768 2886
2768 2898
2768 2950
3628 1419
3628 4157
3628 4262
3628 4271
3628 4286
2121 2799
2121 2867
4287 613
4287 829
4287 1600
4287 1607
4287 3480
4287 3510
4287 3544
4287 3639
4287 3727
4287 3765
4287 3801
4287 3874
4287 3981
4287 3989
4287 4048
4287 4050
4287 4225
4287 4227
4287 4320
4287 4334
4287 4367
1929 1931
1929 2022
1929 2045
1929 2064
1929 2071
1929 2076
1929 2079
1929 2856
902 870
902 1021
902 1040
902 1047
902 1055
902 1078
1610 1376
1610 1563
1610 1568
1610 1637
1610 1704
1610 1726
1610 1825
1610 3558
1610 4284
2123 2937
2123 2971
1057 873
1057 909
1057 910
1057 922
1057 925
1057 933
1057 934
1057 935
1057 940
1057 952
1057 960
1057 964
1057 970
1057 991
1057 1002
1057 1016
1057 1027
1057 1029
1057 1040
1057 1047
1057 1059
1057 1729
1057 2971
1057 3448
4323 2334
4323 3077
4323 3659
4323 3701
4323 3716
4323 3734
4323 3766
4323 3866
4323 3867
4323 3899
4323 3925
4323 3970
4323 3972
4323 4001
4323 4047
4323 4104
4323 4171
4323 4186
4323 4188
4323 4192
4323 4199
4323 4283
4323 4318
4323 4342
4323 4347
4323 4362
4323 4511
4323 4690
3240 3146
3240 3243
3240 3419
3240 3432
3240 3441
3240 3447
3240 3893
3450 530
3450 817
3450 1606
3450 2136
3450 2958
3450 2979
3450 3003
3450 3010
3450 3023
3450 3026
3450 3034
3450 3039
3450 3042
3450 3056
3450 3079
3450 3082
3450 3116
3450 3117
3450 3125
3450 3162
3450 3237
3450 3241
3450 3245
3450 3253
3450 3255
3450 3258
3450 3270
3450 3301
3450 3312
3450 3316
3450 3333
3450 3345
3450 3352
3450 3359
3450 3368
3450 3378
3450 3379
3450 3394
3450 3406
3450 3407
3450 3412
3450 3434
3450 3437
3450 3448
3450 3460
3450 3675
3450 4174
3450 4318
3948 4239
3948 4356
2966 1003
2966 1642
2966 1669
2966 1766
2966 2015
2966 2051
2966 2105
2966 2107
2966 2122
2966 2153
2966 2155
2966 2205
2966 2240
2966 2259
2966 2346
2966 2368
2966 2389
2966 2431
2966 2464
2966 2498
2966 2504
2966 2590
2966 2606
2966 2611
2966 2615
2966 2620
2966 2637
2966 2654
2966 2655
2966 2659
2966 2675
2966 2735
2966 2762
2966 2811
2966 2853
2966 2856
2966 2870
2966 2950
2966 2958
2966 2962
2966 3242
2966 3392
2966 3412
2966 4605
2966 4993
1783 1105
1783 1120
1783 1212
1783 1263
1783 1282
1783 1294
1783 1322
1783 1366
1783 1384
1783 1459
1783 1476
1783 1564
1783 1569
1783 1590
1783 1627
1783 1632
1783 1669
1783 1689
1783 1700
1783 1727
1783 1737
1783 1746
1783 1749
1783 1762
1783 1803
1783 1825
1783 3394
1783 3919
1783 4169
1783 4223
1783 4757
1783 4897
2867 1187
2867 2025
2867 2107
2867 2312
2867 2387
2867 2403
2867 2520
2867 2632
2867 2642
2867 2739
2867 2747
2867 2752
2867 2796
2867 2854
2867 2855
2867 2914
2867 2947
2867 3532
2867 3585
2179 2260
2179 2304
2179 2529
2179 2859
2179 4142
2655 2676
2655 2762
2655 2861
2655 2958
2655 2962
2655 3434
2655 4709
1724 1050
1724 1180
1724 1389
1724 1596
1724 1716
1724 1721
1724 1763
1724 1777
1724 1779
1724 1812
1724 1817
1724 1821
1724 1824
1724 3962
1724 4577
2672 2127
2672 2517
2672 2588
2672 2643
2672 2687
2672 2769
2672 2836
2672 2903
2672 4325
2811 2227
2811 2535
2811 2762
2811 2810
2811 2835
2811 2856
2811 2870
2811 2958
2811 2962
2811 3869
2811 4273
2811 4773
2689 2327
2689 2332
2689 2815
2689 2920
2689 2959
2689 4266
3563 4178
3563 4292
3563 4325
1667 1206
1667 1779
1667 1812
1667 1817
1667 1821
1667 1824
1667 2043
1667 3136
1667 4116
1667 4420
2529 1712
2529 2391
2529 2716
2529 2730
2529 2859
2529 2885
3246 3234
3246 3419
3246 3432
3246 3441
3246 4333
4870 4776
4870 4823
4870 4832
4870 4884
4870 4898
4870 4901
4870 4913
4870 4951
4870 4954
4870 4998
2247 2469
2247 2567
2247 2646
2247 2948
2247 3817
2582 2251
2582 2608
2582 2619
2582 2682
2582 2683
2582 2692
2582 2795
2582 2803
2582 2809
2582 2840
2582 3267
530 2621
530 3747
1410 1355
1410 1392
1410 1559
1410 1591
1410 1757
1410 2861
2803 2829
2803 2890
2803 2912
2803 2916
2803 2952
2803 2981
2803 4104
2803 4966
4427 4719
840 1017
840 1033
840 1073
840 1076
840 2497
1980 1875
1980 1977
1980 2044
1980 2051
1980 2063
1980 2252
4998 611
4998 1245
4998 1604
4998 1825
4998 1986
4998 2033
4998 2321
4998 2429
4998 2886
4998 2925
4998 4025
4998 4179
4998 4377
4998 4664
4998 4731
4998 4744
4998 4745
4998 4746
4998 4754
4998 4766
4998 4775
4998 4783
4998 4786
4998 4805
4998 4812
4998 4813
4998 4821
4998 4822
4998 4825
4998 4838
4998 4841
4998 4846
4998 4865
4998 4878
4998 4879
4998 4885
4998 4889
4998 4892
4998 4894
4998 4896
4998 4900
4998 4905
4998 4909
4998 4917
4998 4919
4998 4920
4998 4924
4998 4927
4998 4932
4998 4933
4998 4935
4998 4940
4998 4946
4998 4949
4998 4967
4998 4968
4998 4972
4998 4973
4998 4974
4998 4976
4998 4980
4998 4981
4998 4985
4998 4986
4998 4987
4998 4988
4998 4993
4998 4994
810 580
810 656
810 692
810 730
810 745
810 754
810 757
810 759
810 760
810 762
810 766
810 771
810 777
810 780
810 784
810 788
810 793
810 794
810 796
810 805
810 807
810 811
810 817
810 818
810 829
810 1284
810 1967
810 2710
810 3899
810 4704
810 4905
810 4976
2697 2148
2697 2285
2697 2351
2697 2453
2697 2499
2697 2535
2697 2556
2697 2567
2697 2568
2697 2651
2697 2662
2697 4003
2697 4665
4409 2865
4409 4718
2007 1442
2007 1867
2007 1968
2007 2037
2007 2042
2007 2059
2007 2714
4367 1403
4367 1520
4367 1619
4367 2896
4367 2938
4367 3418
4367 3510
4367 3596
4367 3612
4367 3623
4367 3635
4367 3639
4367 3664
4367 3688
4367 3722
4367 3727
4367 3763
4367 3765
4367 3773
4367 3801
4367 3812
4367 3813
4367 3817
4367 3874
4367 3981
4367 3989
4367 4019
4367 4050
4367 4118
4367 4168
4367 4195
4367 4214
4367 4225
4367 4227
4367 4237
4367 4239
4367 4269
4367 4284
4367 4320
4367 4334
4367 4599
4367 4835
4367 4972
4397 736
4397 1558
4397 1749
4397 2248
4397 2758
4397 2958
4397 3309
4397 3409
4397 3524
4397 3550
4397 3610
4397 3665
4397 3673
4397 3720
4397 3738
4397 3779
4397 3799
4397 3810
4397 3822
4397 3825
4397 3846
4397 3856
4397 3859
4397 3872
4397 3878
4397 3893
4397 3941
4397 3949
4397 3954
4397 3955
4397 3964
4397 3974
4397 3985
4397 4075
4397 4080
4397 4094
4397 4122
4397 4131
4397 4161
4397 4183
4397 4190
4397 4244
4397 4259
4397 4297
4397 4298
4397 4303
4397 4306
4397 4312
4397 4324
4397 4338
4397 4341
4397 4343
4397 4377
4397 4602
4397 4640
4397 4860
4682 958
4682 1035
4682 1592
4682 3221
4682 3911
4682 4500
4682 4521
4682 4533
4682 4550
4682 4561
4682 4570
4682 4595
4682 4607
4682 4637
4682 4644
4682 4648
4682 4649
4682 4662
4682 4667
4682 4719
1209 1465
1209 1725
1209 1747
1209 1824
1209 2849
4945 595
4945 770
4945 4755
4945 4763
4945 4795
4945 4848
4945 4874
4945 4891
4945 4897
4945 4920
4945 4959
4945 4973
4945 4986
918 1001
918 1008
918 1010
918 1014
918 1078
2699 1509
2699 2184
2699 2238
2699 2241
2699 2335
2699 2374
2699 2451
2699 2478
2699 2661
2699 2664
3533 2792
3533 4138
3533 4169
2056 1857
2056 1879
2056 1913
2056 1960
2056 2002
2056 2041
2056 2045
2056 2072
2056 2083
2056 2087
2056 2093
2056 4209
2056 4272
2056 4545
3422 711
3422 3016
3422 3038
3422 3073
3422 3090
3422 3107
3422 3139
3422 3213
3422 3220
3422 3222
3422 3231
3422 3236
3422 3254
3422 3268
3422 3292
3422 3293
3422 3302
3422 3310
3422 3355
3422 3362
3422 3364
3422 3401
3422 3409
3422 3426
3422 3434
3422 3939
3422 3969
3422 4581
3422 4608
1820 623
1820 648
1820 1088
1820 1098
1820 1134
1820 1151
1820 1152
1820 1164
1820 1229
1820 1250
1820 1253
1820 1266
1820 1276
1820 1300
1820 1304
1820 1308
1820 1309
1820 1319
1820 1379
1820 1413
1820 1415
1820 1423
1820 1426
1820 1430
1820 1435
1820 1438
1820 1444
1820 1495
1820 1523
1820 1529
1820 1535
1820 1545
1820 1557
1820 1561
1820 1576
1820 1592
1820 1595
1820 1642
1820 1660
1820 1674
1820 1696
1820 1705
1820 1708
1820 1769
1820 1781
1820 1798
1820 1817
1820 2044
1820 2650
1820 2914
1820 3441
1820 4239
1820 4306
1820 4635
2035 784
2035 1883
2035 1910
2035 1945
2035 1949
2035 1958
2035 1975
2035 2036
2035 2046
2035 2047
2035 2064
2035 2070
2035 2071
2035 2079
2035 2083
2035 2092
2035 2589
951 849
951 905
951 971
951 1067
951 1069
951 1078
2887 769
2887 1072
2887 2306
2887 2522
2887 2568
2887 2570
2887 2666
2887 2683
2887 2713
2887 2816
2887 2834
2887 2843
2887 2865
2887 2880
2887 2881
2887 2920
2887 2937
2887 2938
2887 2964
2887 2971
2887 2979
2887 3448
2887 3550
2887 4113
2887 4190
4671 2741
4671 2797
4671 4007
4671 4441
4671 4490
4671 4529
4671 4564
4671 4592
4671 4619
4671 4631
4671 4652
4671 4653
4671 4673
4671 4676
4671 4694
4671 4713
4671 4714
4671 4717
1075 656
1075 847
1075 848
1075 852
1075 867
1075 877
1075 885
1075 886
1075 897
1075 899
1075 901
1075 905
1075 909
1075 910
1075 911
1075 914
1075 922
1075 925
1075 926
1075 934
1075 935
1075 952
1075 964
1075 967
1075 970
1075 992
1075 998
1075 1002
1075 1006
1075 1016
1075 1020
1075 1021
1075 1029
1075 1030
1075 1040
1075 1047
1075 1055
1075 1059
1075 1071
1075 1580
1075 2269
1075 2388
1075 2769
1075 4185
1075 4616
1075 4924
1941 1953
1941 2051
1941 2072
1941 2093
1933 1844
1933 1879
1933 1957
1933 2087
1933 2095
1933 2520
2877 2262
2877 2268
2877 2291
2877 2333
2877 2470
2877 2542
2877 2592
2877 2668
2877 2696
2877 2708
2877 2791
2877 2804
2877 2823
2877 2827
2877 2894
2877 2947
2877 3035
2877 3345
2877 4132
2877 4154
2877 4895
4709 1070
4709 1090
4709 1230
4709 1518
4709 4437
4709 4446
4709 4449
4709 4463
4709 4474
4709 4475
4709 4477
4709 4485
4709 4502
4709 4505
4709 4511
4709 4522
4709 4537
4709 4547
4709 4548
4709 4573
4709 4584
4709 4587
4709 4589
4709 4595
4709 4598
4709 4601
4709 4605
4709 4623
4709 4624
4709 4633
4709 4634
4709 4639
4709 4647
4709 4653
4709 4654
4709 4659
4709 4664
4709 4674
4709 4681
4709 4690
4709 4756
3920 1848
3920 3831
3920 3881
3920 4093
3920 4136
3920 4176
3920 4185
3920 4197
3920 4385
4985 1060
4985 1568
4985 1601
4985 1766
4985 2234
4985 2410
4985 2714
4985 3409
4985 4732
4985 4735
4985 4745
4985 4815
4985 4847
4985 4892
4985 4895
4985 4901
4985 4909
4985 4914
4985 4919
4985 4924
4985 4930
4985 4935
4985 4944
4985 4946
4985 4967
4985 4968
4985 4972
4985 4974
4985 4980
4985 4981
4985 4986
4985 4987
4985 4988
4985 4993
4985 4994
1029 598
1029 848
1029 897
1029 960
1029 961
1029 992
1029 998
1029 1016
1029 1021
1029 1040
1029 1047
1029 1055
1029 1059
1029 2615
1029 2696
1260 1513
1260 1707
1260 1712
1260 1787
2971 1736
2971 2152
2971 2178
2971 2310
2971 2337
2971 2361
2971 2386
2971 2469
2971 2484
2971 2485
2971 2540
2971 2541
2971 2564
2971 2570
2971 2583
2971 2595
2971 2598
2971 2609
2971 2621
2971 2642
2971 2652
2971 2688
2971 2713
2971 2734
2971 2737
2971 2784
2971 2786
2971 2799
2971 2816
2971 2834
2971 2843
2971 2858
2971 2880
2971 2881
2971 2885
2971 2920
2971 2938
2971 2964
2971 2979
2971 3224
2971 3385
2971 3617
2971 4039
2971 4300
2971 4673
3073 1485
3073 3409
693 646
693 654
693 695
693 713
693 756
693 764
693 2205
693 4342
1216 1824
1216 4619
1299 1765
1299 1825
1299 2770
1123 1382
1123 1583
1123 1684
1123 1751
1694 1084
1694 1124
1694 1129
1694 1341
1694 1374
1694 1403
1694 1418
1694 1472
1694 1474
1694 1578
1694 1628
1694 1646
1694 1650
1694 1660
1694 1690
1694 1713
1694 1745
1694 3069
1694 3244
1694 3815
4305 1558
4305 1587
4305 1967
4305 2391
4305 2556
4305 3503
4305 3720
4305 3834
4305 4161
4305 4183
4305 4195
4305 4244
4305 4297
4305 4298
4305 4306
4305 4338
1650 1084
1650 1169
1650 1327
1650 1341
1650 1374
1650 1481
1650 1578
1650 1628
1650 1646
1650 1660
1650 1669
1650 1713
1650 1729
1650 1745
1650 3757
1650 4429
1650 4923
4038 1608
4038 1803
4038 3478
4038 3732
4038 3870
4038 4004
4038 4103
4038 4164
3090 3150
3090 3289
3090 3293
4061 2255
4061 3885
4061 3957
4061 4089
4061 4091
4061 4157
4061 4189
4061 4262
4061 4271
4061 4286
4061 4361
3367 3141
3367 3229
3367 3269
3367 3281
3367 3300
3367 3320
3367 3329
3367 3330
3367 3334
3367 3343
3367 3347
3367 3411
3367 3680
3367 4171
3367 4575
851 910
697 668
697 713
697 808
697 824
697 829
2786 965
2786 2208
2786 2212
2786 2422
2786 2465
2786 2674
2786 2681
2786 2718
2786 2730
2786 2813
2786 2868
2786 2883
2786 3400
2903 1078
2903 1152
2903 2112
2903 2191
2903 2214
2903 2220
2903 2326
2903 2405
2903 2410
2903 2449
2903 2486
2903 2597
2903 2626
2903 2643
2903 2649
2903 2656
2903 2669
2903 2687
2903 2727
2903 2769
2903 2772
2903 2797
2903 2804
2903 2875
2903 4195
2903 4542
1278 1406
1278 2300
3131 3168
3131 3425
3131 3431
3131 3441
3131 3447
3168 3126
3168 3271
3168 3432
3168 3441
3168 4256
2041 1879
2041 2030
2041 2033
2041 2048
2041 2087
2041 2093
2041 2440
2041 3199
2932 1646
2932 2079
2932 2108
2932 2226
2932 2377
2932 2524
2932 2589
2932 2648
2932 2711
2932 2749
2932 2752
2932 2779
2932 2780
2932 2793
2932 2813
2932 2822
2932 2841
2932 2854
2932 2888
2932 2914
2932 2947
2932 3099
2932 3437
2932 3600
2932 3691
2932 4182
3209 1393
3209 3329
3209 3343
3209 3347
3209 3366
3209 3411
4156 2518
4156 4153
4156 4315
4156 4361
4156 4370
4156 4371
4156 4372
4156 4374
4156 4385
4156 4391
1919 2008
1919 2508
2938 640
2938 1283
2938 1458
2938 2016
2938 2272
2938 2378
2938 2418
2938 2443
2938 2452
2938 2541
2938 2570
2938 2595
2938 2627
2938 2674
2938 2688
2938 2707
2938 2713
2938 2734
2938 2784
2938 2790
2938 2799
2938 2816
2938 2834
2938 2843
2938 2865
2938 2881
2938 2937
2938 2964
2938 2979
2938 2981
2938 3000
2938 3072
2938 3634
2938 4292
4757 4944
4757 4970
1908 1887
1908 1989
2950 1721
2950 1736
2950 1992
2950 1998
2950 2114
2950 2135
2950 2167
2950 2189
2950 2222
2950 2239
2950 2258
2950 2271
2950 2301
2950 2362
2950 2428
2950 2457
2950 2495
2950 2518
2950 2546
2950 2557
2950 2605
2950 2670
2950 2829
2950 2832
2950 2848
2950 2886
2950 2895
2950 2898
2950 2924
2950 2929
2950 3955
2950 4624
2950 4715
4917 1469
4917 3202
4917 4655
4917 4987
4917 4988
4917 4993
1746 986
1746 1082
1746 1146
1746 1298
1746 1306
1746 1366
1746 1370
1746 1384
1746 1574
1746 1590
1746 1617
1746 1627
1746 1669
1746 1737
1746 1749
1746 1762
1746 1803
1746 2473
1746 3418
1746 4306
2745 1689
2745 2724
2745 2857
2745 2890
2745 2916
2745 2952
2745 2981
2745 4872
4988 1557
4988 1751
4988 2152
4988 3488
4988 3844
4988 4650
4988 4769
4988 4815
4988 4822
4988 4825
4988 4874
4988 4875
4988 4878
4988 4904
4988 4905
4988 4909
4988 4914
4988 4923
4988 4927
4988 4929
4988 4932
4988 4933
4988 4935
4988 4943
4988 4946
4988 4949
4988 4959
4988 4967
4988 4972
4988 4973
4988 4974
4988 4980
4988 4981
4988 4986
4988 4987
4988 4993
4988 4994
2468 2336
2468 2348
2468 2350
2468 2489
2468 2552
2468 2708
4280 2929
4280 3495
4280 3571
4280 3642
4280 3668
4280 3724
4280 3811
4280 3865
4280 3942
4280 3978
4280 3979
4280 4018
4280 4100
4280 4105
4280 4117
4280 4230
4280 4240
4280 4263
4280 4276
4280 4285
4280 4343
4280 4362
4280 4643
3407 2005
3407 2495
3407 2659
3407 2774
3407 3012
3407 3135
3407 3245
3407 3277
3407 3300
3407 3304
3407 3333
3407 3352
3407 3359
3407 3368
3407 3374
3407 3378
3407 3379
3407 3404
3407 3406
3407 3412
3407 3437
3407 3447
3407 3448
3407 4704
4469 2425
4469 4678
4469 4704
4469 4715
4469 4718
711 824
723 583
723 630
723 669
723 754
723 770
723 795
723 798
723 804
4006 2682
4006 3711
4006 3740
4006 3866
4006 3874
4006 3992
4006 4139
4006 4145
4006 4200
4006 4437
885 992
885 998
885 1035
1765 1103
1765 1240
1765 1257
1765 1320
1765 1464
1765 1488
1765 1556
1765 1623
1765 1638
1765 1644
1765 1677
1765 1697
1765 1744
1765 1756
1765 1825
1765 3302
1765 3688
1765 4048
1765 4277
1877 1898
1877 2051
1877 2058
1877 3174
1747 1110
1747 1135
1747 1142
1747 1183
1747 1553
1747 1665
1747 1671
1747 1728
1747 1732
1747 1744
1747 1750
1747 1800
1747 1812
1747 1817
1747 2350
1747 2962
1747 3084
2604 2158
2604 2339
2604 2544
2604 2631
2604 2715
2604 2894
3127 3049
3127 3185
3127 3448
3972 3447
3972 3822
3972 4188
3972 4342
3972 4347
4356 719
4356 1368
4356 1623
4356 2083
4356 2235
4356 2888
4356 2912
4356 3273
4356 3418
4356 3468
4356 3555
4356 3565
4356 3606
4356 3705
4356 3707
4356 3791
4356 3863
4356 3911
4356 3930
4356 3970
4356 3976
4356 3997
4356 3999
4356 4003
4356 4008
4356 4017
4356 4031
4356 4092
4356 4148
4356 4154
4356 4174
4356 4239
4356 4252
4356 4268
4356 4288
4356 4817
4980 1030
4980 1459
4980 3345
4980 3701
4980 4763
4980 4865
4980 4875
4980 4885
4980 4913
4980 4914
4980 4923
4980 4930
4980 4932
4980 4933
4980 4940
4980 4946
4980 4967
4980 4972
4980 4973
4980 4981
4980 4986
4980 4987
4980 4993
4980 4994
803 576
803 590
803 591
803 592
803 593
803 605
803 611
803 627
803 634
803 637
803 652
803 663
803 672
803 675
803 690
803 692
803 698
803 704
803 708
803 720
803 739
803 745
803 751
803 786
803 819
803 823
803 3421
803 3675
803 4277
803 4347
803 4665
803 4679
2401 2186
2401 2801
2401 2862
2401 3907
2126 2154
2126 2570
2126 4342
2275 2300
2275 2619
2275 2682
2275 2795
2275 2809
2275 2840
4036 3502
4036 3639
4036 3708
4036 3842
4036 3896
4036 3996
4036 4021
4036 4057
4036 4204
4036 4795
1732 1076
1732 1186
1732 1302
1732 1394
1732 1484
1732 1527
1732 1725
1732 1773
1732 1777
1732 1800
1732 1824
1732 2690
1732 2730
1732 2756
3175 3052
3175 3254
3175 3293
3175 3326
3175 3418
4596 4497
4596 4609
4596 4713
4596 4715
4596 4718
1726 1167
1726 1256
1726 1262
1726 1363
1726 1367
1726 1376
1726 1417
1726 1502
1726 1529
1726 1563
1726 1568
1726 1668
1726 1704
1726 1735
1726 1756
1726 2274
1726 2511
1726 4090
1726 4547
1644 620
1644 1215
1644 1352
1644 1432
1644 1825
1644 2916
3716 2073
3716 4116
3716 4173
3716 4347
2543 2472
2543 2503
2543 2724
2543 2753
2543 2758
2543 2798
2543 2842
2543 2859
2543 2861
2543 3013
3606 3515
3606 4252
4616 2854
4616 4560
4616 4662
4616 4678
4616 4692
4616 4704
4616 4719
823 576
823 589
823 590
823 592
823 593
823 597
823 601
823 605
823 607
823 611
823 624
823 627
823 637
823 642
823 644
823 652
823 663
823 672
823 675
823 690
823 691
823 694
823 695
823 698
823 704
823 708
823 709
823 720
823 728
823 729
823 733
823 739
823 740
823 742
823 744
823 751
823 769
823 786
823 788
823 819
823 1069
823 1103
823 1570
823 1800
823 1952
823 2079
823 2487
823 3245
823 3408
1453 1277
1453 1489
1453 1491
1453 1528
1453 1537
1453 1571
1453 3824
3052 3264
3052 3299
3995 2030
3995 3520
3995 4093
3995 4097
3995 4160
3995 4254
3995 4300
3995 4327
2616 2160
2616 2399
2616 2473
2616 2482
2616 2527
2616 2684
2616 2698
2616 2705
2616 2757
2616 3182
2616 4277
2793 691
2793 1894
2793 2180
2793 2822
2793 2914
2793 4632
4673 2883
4673 4503
4673 4525
4673 4544
4673 4583
4673 4620
4673 4631
4673 4633
4673 4676
4673 4693
4673 4694
4673 4714
4673 4717
4673 4718
2621 760
2621 2307
2621 2484
2621 2964
2621 2979
3747 3638
3747 3853
3747 3868
3747 4004
3747 4011
3747 4164
2531 2158
2531 2188
2531 2318
2531 2593
2531 2638
2531 2725
2531 2731
2531 2858
2531 3267
2875 788
2875 1044
2875 2191
2875 2220
2875 2397
2875 2405
2875 2442
2875 2449
2875 2486
2875 2533
2875 2549
2875 2588
2875 2597
2875 2626
2875 2643
2875 2649
2875 2656
2875 2669
2875 2727
2875 2772
2875 2797
2875 2836
2875 2857
2875 4159
2810 2659
2810 2762
2810 2835
2810 2856
2810 2895
2810 2958
2810 3746
2810 4377
4993 634
4993 756
4993 817
4993 1013
4993 1304
4993 1521
4993 1669
4993 2753
4993 3903
4993 4179
4993 4324
4993 4731
4993 4744
4993 4745
4993 4768
4993 4777
4993 4783
4993 4791
4993 4799
4993 4801
4993 4802
4993 4815
4993 4821
4993 4822
4993 4824
4993 4826
4993 4827
4993 4840
4993 4846
4993 4847
4993 4875
4993 4879
4993 4885
4993 4889
4993 4894
4993 4905
4993 4909
4993 4914
4993 4919
4993 4923
4993 4930
4993 4932
4993 4933
4993 4940
4993 4949
4993 4951
4993 4952
4993 4967
4993 4968
4993 4972
4993 4973
4993 4974
4993 4981
4993 4986
4993 4987
4993 4994
928 808
928 965
928 1031
928 1033
928 1073
928 1076
1224 1607
1769 1151
1769 1250
1769 1253
1769 1254
1769 1300
1769 1319
1769 1379
1769 1430
1769 1435
1769 1444
1769 1454
1769 1473
1769 1495
1769 1561
1769 1576
1769 1642
1769 1655
1769 1696
1769 1708
1769 1782
1769 1798
1769 2762
1769 2791
1769 4149
1769 4205
2454 2657
2454 2849
2454 2927
2454 2948
2652 2390
2652 2418
2652 2816
2652 2931
2652 2964
2652 3950
2652 4391
2948 2117
2948 2130
2948 2156
2948 2169
2948 2182
2948 2256
2948 2274
2948 2322
2948 2352
2948 2364
2948 2381
2948 2406
2948 2425
2948 2545
2948 2562
2948 2581
2948 2627
2948 2640
2948 2646
2948 2657
2948 2690
2948 2726
2948 2737
2948 2764
2948 2765
2948 2849
2948 2910
2948 2927
2948 3310
2948 4234
2948 4277
2948 4453
2948 4986
3158 3238
3158 3365
3158 3404
3158 3412
3158 3460
1084 1387
1084 1646
1084 1713
1084 1745
1404 1107
1404 1200
1404 1205
1404 1251
1404 1271
1404 1580
1404 2092
3862 4047
3862 4171
3862 4199
3862 4283
3862 4338
2160 2678
2160 2684
2160 2705
2589 2403
2589 2711
2589 2888
2589 2947
2589 4781
3043 1133
3043 3304
3043 3437
3043 3460
4631 2813
4631 4607
4631 4693
4631 4694
4631 4784
1236 1736
1236 1772
1236 1782
1236 1796
2470 2270
2470 2287
2470 2293
2470 2827
2470 3631
2560 2958
2560 4075
2717 2332
2717 2532
2717 2670
2717 2760
2717 3353
2717 4973
2093 647
2093 656
2093 1526
2093 1597
2093 1787
2093 1839
2093 1861
2093 1881
2093 1884
2093 1886
2093 1901
2093 1906
2093 1942
2093 1951
2093 1953
2093 1956
2093 1959
2093 1965
2093 1972
2093 1979
2093 1981
2093 1983
2093 1999
2093 2002
2093 2008
2093 2016
2093 2019
2093 2023
2093 2032
2093 2033
2093 2047
2093 2048
2093 2061
2093 2087
2093 2092
2093 2843
2093 4187
2120 2925
3787 2498
3787 3797
4568 1518
4568 4536
4568 4624
4568 4713
4568 4715
4568 4718
2107 2958
2107 2962
3564 3903
3564 3939
3564 4254
3564 4333
4986 2798
4986 2885
4986 3229
4986 3345
4986 4170
4986 4197
4986 4734
4986 4782
4986 4805
4986 4819
4986 4825
4986 4834
4986 4847
4986 4865
4986 4914
4986 4920
4986 4924
4986 4933
4986 4940
4986 4949
4986 4967
4986 4968
4986 4973
4986 4974
4986 4981
4986 4987
4986 4994
1468 1812
1468 1817
1468 1821
1468 3385
2431 2835
2431 2958
2431 2962
4362 762
4362 1205
4362 1306
4362 2494
4362 3406
4362 3464
4362 3474
4362 3495
4362 3516
4362 3557
4362 3637
4362 3642
4362 3668
4362 3688
4362 3699
4362 3724
4362 3757
4362 3771
4362 3840
4362 3865
4362 3871
4362 3876
4362 3889
4362 3942
4362 3978
4362 4018
4362 4022
4362 4028
4362 4053
4362 4100
4362 4117
4362 4125
4362 4135
4362 4162
4362 4175
4362 4205
4362 4230
4362 4263
4362 4276
4362 4285
4362 4343
4362 4464
4362 4858
4362 4968
4949 1433
4949 3280
4949 4034
4949 4385
4949 4759
4949 4770
4949 4914
4949 4933
4949 4981
4949 4987
4949 4994
1636 867
1636 1255
1636 1312
1636 1350
1636 1385
1636 1409
1636 1516
1636 1540
1636 1583
1636 1622
1636 1684
1636 1751
1636 1766
2526 2170
2526 2215
2526 2436
2526 2548
2526 2855
2526 2920
2612 2133
2612 2187
2612 2537
2612 2774
2612 3325
4952 2052
4952 4557
4952 4730
4952 4735
4952 4751
4952 4792
4952 4828
4952 4831
4952 4851
4952 4864
4952 4868
4952 4881
4952 4908
4952 4925
4952 4944
4952 4970
807 580
807 705
807 715
807 721
807 727
807 728
807 759
807 760
807 771
807 780
807 784
807 788
807 793
807 794
807 796
807 798
807 805
807 811
807 817
807 818
807 824
807 829
807 3401
807 4693
807 4873
3304 3237
3304 3333
3304 3359
3304 3404
3304 3405
3304 3437
3304 3448
3304 4865
3304 4976
3915 641
3915 4053
3915 4239
3915 4252
3915 4374
4908 1649
4908 4761
4908 4831
4908 4881
4908 4925
4908 4944
4908 4970
674 785
674 824
674 2015
3126 2076
3126 3296
3126 3425
3126 3442
4078 3347
4078 3527
4078 4160
4078 4300
4078 4333
4347 878
4347 2289
4347 2790
4347 3604
4347 3638
4347 3660
4347 3677
4347 3701
4347 3734
4347 3800
4347 3816
4347 3824
4347 3826
4347 3850
4347 3970
4347 3971
4347 4001
4347 4044
4347 4047
4347 4062
4347 4091
4347 4094
4347 4171
4347 4186
4347 4192
4347 4199
4347 4283
4347 4318
4347 4342
4347 4495
4347 4630
4347 4665
4715 785
4715 855
4715 1341
4715 1700
4715 2855
4715 2964
4715 3812
4715 4008
4715 4016
4715 4442
4715 4447
4715 4457
4715 4458
4715 4459
4715 4461
4715 4465
4715 4470
4715 4493
4715 4494
4715 4504
4715 4507
4715 4512
4715 4543
4715 4554
4715 4574
4715 4579
4715 4599
4715 4600
4715 4622
4715 4624
4715 4630
4715 4636
4715 4640
4715 4641
4715 4643
4715 4655
4715 4660
4715 4663
4715 4666
4715 4679
4715 4689
4715 4692
4715 4704
4715 4713
4715 4718
4715 4849
1303 1086
1303 1665
1303 1796
2823 796
2823 817
2823 965
2823 2262
2823 2263
2823 2291
2823 2332
2823 2396
2823 2559
2823 2696
2823 2708
2823 2791
2823 2804
2823 2827
2823 2894
2823 3510
3254 2821
3254 3317
3254 3321
3254 3326
3254 3426
1078 783
1078 833
1078 837
1078 842
1078 849
1078 850
1078 868
1078 880
1078 893
1078 895
1078 904
1078 912
1078 915
1078 920
1078 921
1078 933
1078 947
1078 948
1078 949
1078 959
1078 971
1078 975
1078 976
1078 982
1078 985
1078 995
1078 996
1078 1003
1078 1006
1078 1008
1078 1009
1078 1010
1078 1013
1078 1014
1078 1022
1078 1026
1078 1037
1078 1041
1078 1044
1078 1045
1078 1047
1078 1051
1078 1060
1078 1069
1078 1071
1078 1159
1078 1382
1078 2113
1078 2243
1078 2279
1078 2711
1078 3526
1078 3657
1078 3678
1078 3694
1078 4034
1841 2073
1841 2074
1841 2095
4547 4601
4547 4634
4547 4642
4547 4650
4547 4654
4547 4665
4547 4690
2842 1448
2842 2145
2842 2273
2842 2292
2842 2304
2842 2391
2842 2426
2842 2452
2842 2466
2842 2472
2842 2634
2842 2644
2842 2716
2842 2730
2842 2744
2842 2758
2842 2792
2842 2798
2842 2859
2842 2861
2842 2885
2842 4127
2842 4209
2842 4601
3227 1777
3227 3042
3227 3150
3227 3155
3227 3281
3227 3340
3227 3408
3227 3411
4070 3484
4070 3651
4070 3952
4070 3988
4070 4035
4070 4054
4070 4138
4070 4169
4070 4448
4070 4762
1443 1162
1443 1368
1443 1415
1443 1458
1443 1483
1443 1613
1443 3329
1560 1482
1560 1725
1560 1750
1560 1777
1560 1800
1560 3157
4389 676
4389 788
4389 961
4389 1059
4389 1371
4389 1773
4389 2756
4389 2910
4389 2916
4389 3420
4389 3468
4389 3499
4389 3513
4389 3534
4389 3535
4389 3578
4389 3592
4389 3605
4389 3609
4389 3622
4389 3624
4389 3645
4389 3656
4389 3693
4389 3694
4389 3714
4389 3725
4389 3805
4389 3828
4389 3838
4389 3839
4389 3844
4389 3847
4389 3848
4389 3856
4389 3869
4389 3873
4389 3924
4389 3929
4389 3933
4389 3950
4389 3961
4389 3991
4389 4002
4389 4058
4389 4076
4389 4081
4389 4088
4389 4090
4389 4113
4389 4114
4389 4120
4389 4122
4389 4127
4389 4128
4389 4163
4389 4180
4389 4189
4389 4242
4389 4255
4389 4265
4389 4273
4389 4278
4389 4303
4389 4319
4389 4801
4389 4904
701 639
701 650
701 657
701 686
701 712
701 755
701 769
701 789
701 4259
1036 835
1036 871
1036 877
1036 884
1036 915
1036 944
1036 977
1036 980
1036 997
1036 1027
1036 1031
1036 1050
1036 1054
1036 1070
1036 1072
1036 2764
1036 2840
1366 1716
1366 3390
1934 1966
1934 1988
1934 2018
1934 2044
1934 2880
3447 1105
3447 1744
3447 2995
3447 3033
3447 3048
3447 3057
3447 3063
3447 3071
3447 3094
3447 3100
3447 3104
3447 3137
3447 3149
3447 3154
3447 3169
3447 3177
3447 3179
3447 3187
3447 3264
3447 3271
3447 3273
3447 3284
3447 3309
3447 3319
3447 3327
3447 3337
3447 3358
3447 3368
3447 3376
3447 3385
3447 3390
3447 3392
3447 3419
3447 3421
3447 3425
3447 3431
3447 3432
3447 3441
3447 3448
3447 3637
3447 4271
3447 4284
3447 4692
648 829
2369 2150
2369 2176
2369 2388
2369 2500
2369 2596
2369 2624
2369 2632
2369 3362
2981 805
2981 1277
2981 1654
2981 1655
2981 1793
2981 1956
2981 2141
2981 2151
2981 2168
2981 2175
2981 2184
2981 2198
2981 2201
2981 2221
2981 2229
2981 2263
2981 2267
2981 2273
2981 2294
2981 2309
2981 2331
2981 2356
2981 2366
2981 2407
2981 2428
2981 2437
2981 2471
2981 2519
2981 2530
2981 2534
2981 2550
2981 2563
2981 2566
2981 2592
2981 2607
2981 2628
2981 2660
2981 2724
2981 2740
2981 2770
2981 2785
2981 2799
2981 2826
2981 2829
2981 2857
2981 2890
2981 2912
2981 2916
2981 2929
2981 2952
2981 3317
2981 4299
2981 4607
2981 4877
2981 4901
3088 3167
3088 3393
4022 1040
4022 3840
4022 4135
4022 4175
4022 4205
4022 4255
4022 4343
4022 4892
910 1016
910 1021
910 1059
1704 1130
1704 1167
1704 1193
1704 1287
1704 1340
1704 1367
1704 1417
1704 1502
1704 1563
1704 1568
1704 1637
1704 1735
1704 2301
1928 2067
1928 2073
1928 2074
2760 2511
2760 2635
2760 2710
2760 2753
2760 2762
2760 2820
2760 2920
2760 2925
2760 4060
4140 1641
4140 3316
4140 4359
4140 4666
4214 1745
4214 2017
4214 3465
4214 3989
4214 4019
4214 4050
4214 4168
4214 4195
4214 4269
4214 4320
4214 4334
4214 4538
4374 961
4374 1026
4374 1100
4374 1280
4374 1523
4374 1763
4374 2366
4374 2570
4374 3190
4374 3412
4374 3489
4374 3590
4374 3674
4374 3697
4374 3749
4374 3754
4374 3761
4374 3777
4374 3796
4374 3888
4374 3931
4374 3997
4374 4043
4374 4068
4374 4142
4374 4162
4374 4297
4374 4299
4374 4309
4374 4315
4374 4320
4374 4361
4374 4370
4374 4371
4374 4372
4374 4385
4374 4391
1359 1638
1359 1756
1359 1825
1821 1111
1821 1133
1821 1158
1821 1172
1821 1180
1821 1181
1821 1188
1821 1218
1821 1223
1821 1291
1821 1323
1821 1346
1821 1373
1821 1390
1821 1400
1821 1419
1821 1424
1821 1459
1821 1494
1821 1501
1821 1507
1821 1547
1821 1551
1821 1570
1821 1577
1821 1596
1821 1622
1821 1624
1821 1643
1821 1647
1821 1680
1821 1707
1821 1716
1821 1721
1821 1773
1821 1779
1821 1800
1821 1812
1821 1817
1821 1824
1821 2624
1821 2833
1821 3215
1821 3464
1821 3602
1821 4372
1821 4713
1821 4769
2648 1015
2648 2180
2648 2270
2648 2387
2648 2854
2648 2888
2648 2914
2648 2924
2648 2947
2648 4617
1773 1135
1773 1139
1773 1195
1773 1347
1773 1401
1773 1461
1773 1498
1773 1585
1773 1641
1773 1656
1773 1665
1773 1676
1773 1688
1773 1725
1773 1777
1773 1800
1773 1839
1773 2515
1773 3263
1773 4719
2074 1045
2074 1179
2074 1850
2074 1859
2074 1917
2074 1923
2074 1924
2074 1925
2074 1927
2074 1930
2074 1998
2074 2000
2074 2017
2074 2029
2074 2030
2074 2038
2074 2043
2074 2055
2074 2057
2074 2067
2074 2070
2074 2073
2074 2077
2074 2092
2074 2095
2074 2239
2074 2833
2074 3981
2074 4194
3287 2997
3287 3099
3287 3163
3287 3170
3287 3182
3287 3221
3287 3232
3287 3276
3287 3280
3287 3353
3287 4116
4180 1217
4180 1596
4180 3535
4180 3656
4180 3805
4180 3843
4180 3844
4180 3924
4180 3933
4180 4163
4180 4265
4180 4273
4180 4303
4180 4319
1076 831
1076 832
1076 836
1076 839
1076 853
1076 854
1076 855
1076 856
1076 858
1076 860
1076 863
1076 865
1076 869
1076 872
1076 878
1076 881
1076 891
1076 892
1076 900
1076 913
1076 919
1076 924
1076 927
1076 931
1076 932
1076 956
1076 958
1076 961
1076 962
1076 965
1076 966
1076 986
1076 991
1076 1011
1076 1017
1076 1030
1076 1031
1076 1033
1076 1051
1076 1073
1076 1126
1076 1409
1076 1787
1076 3242
1076 3689
1076 4343
1129 1130
1129 1729
1129 1745
1129 2813
1698 1055
1698 1100
1698 1170
1698 1192
1698 1207
1698 1220
1698 1324
1698 1325
1698 1469
1698 1483
1698 1526
1698 1615
1698 1616
1698 1723
1698 1748
1698 1787
1698 1793
1698 2419
1698 3107
2844 1399
2844 1966
2844 2390
2844 2511
2844 2599
2844 2622
2844 2710
2844 2753
2844 2761
2844 2815
2844 2871
2844 2920
2844 2925
2844 2959
2844 3262
2844 4108
2844 4659
2885 2079
2885 2145
2885 2196
2885 2260
2885 2284
2885 2288
2885 2304
2885 2338
2885 2391
2885 2452
2885 2466
2885 2515
2885 2539
2885 2644
2885 2706
2885 2716
2885 2744
2885 2758
2885 2792
2885 2798
2885 2859
2885 2861
2885 3662
2885 3918
2885 3997
4689 780
4689 2392
4689 3535
4689 4470
4689 4497
4689 4504
4689 4515
4689 4542
4689 4546
4689 4557
4689 4588
4689 4622
4689 4636
4689 4641
4689 4655
4689 4663
4689 4666
4689 4678
4689 4704
4689 4713
1022 909
1022 941
1022 950
1022 984
1022 1037
1022 1041
1022 1051
1022 1060
1022 1067
1022 1069
1022 2849
1022 3432
1423 790
1423 1528
1423 1655
2206 2753
2206 2822
2671 1210
2671 2289
2671 2547
2671 2551
2671 2776
2671 2862
2671 2891
4994 714
4994 915
4994 1003
4994 1540
4994 2415
4994 2632
4994 2947
4994 4097
4994 4338
4994 4732
4994 4739
4994 4746
4994 4760
4994 4766
4994 4768
4994 4775
4994 4777
4994 4783
4994 4786
4994 4816
4994 4822
4994 4826
4994 4834
4994 4838
4994 4840
4994 4846
4994 4847
4994 4863
4994 4865
4994 4885
4994 4889
4994 4892
4994 4894
4994 4898
4994 4904
4994 4914
4994 4919
4994 4923
4994 4924
4994 4927
4994 4930
4994 4932
4994 4933
4994 4934
4994 4935
4994 4940
4994 4944
4994 4946
4994 4950
4994 4967
4994 4968
4994 4972
4994 4973
4994 4974
4994 4981
796 664
796 757
796 780
796 784
796 788
796 793
796 794
796 802
796 805
796 811
796 817
796 818
796 829
796 1069
796 1527
796 3448
1960 1846
1960 1964
1960 1986
1960 2077
1960 2087
2168 2912
2613 982
2613 2484
2613 2513
2613 2555
2613 2813
2613 2868
2853 749
2853 1571
2853 1585
2853 2144
2853 2158
2853 2188
2853 2215
2853 2295
2853 2318
2853 2374
2853 2375
2853 2398
2853 2408
2853 2463
2853 2482
2853 2550
2853 2593
2853 2638
2853 2725
2853 2731
2853 2826
2853 2858
3279 1749
3279 3110
3279 3200
3279 3255
3279 3421
3279 4295
3569 1707
3569 4138
3605 1213
3605 3821
3605 4242
3605 4273
4819 4794
4819 4934
4819 4960
1578 1116
1578 1327
1578 1471
1578 1474
1578 1628
1578 1646
1578 1690
1578 1729
1578 1745
1578 3031
1578 3376
1780 1091
1780 1092
1780 1145
1780 1220
1780 1246
1780 1273
1780 1283
1780 1350
1780 1351
1780 1409
1780 1411
1780 1442
1780 1516
1780 1537
1780 1540
1780 1548
1780 1550
1780 1552
1780 1583
1780 1634
1780 1649
1780 1673
1780 1684
1780 1692
1780 1757
1780 1766
1780 1993
1780 4325
1780 4552
1780 4652
1780 4886
2083 1035
2083 1863
2083 1864
2083 1865
2083 1873
2083 1882
2083 1902
2083 1904
2083 1907
2083 1936
2083 1952
2083 1956
2083 1975
2083 1985
2083 1992
2083 1996
2083 2009
2083 2015
2083 2022
2083 2028
2083 2034
2083 2036
2083 2047
2083 2052
2083 2064
2083 2066
2083 2070
2083 2071
2083 2076
2083 2079
2083 2092
2083 2910
2083 2937
2083 4557
3401 1798
3401 3038
3401 3055
3401 3087
3401 3091
3401 3134
3401 3139
3401 3202
3401 3211
3401 3239
3401 3260
3401 3302
3401 3308
3401 3316
3401 3321
3401 3326
3401 3355
3401 3362
3401 3365
3401 3385
3401 3409
3401 3418
3401 3426
3401 3434
3401 4200
4940 895
4940 4923
4940 4946
4940 4954
4940 4974
1548 725
1548 1182
1548 1350
1548 1437
1548 1521
1548 1654
1548 1673
1548 1684
1548 1766
2602 1995
2602 2723
2602 2815
2602 2925
2602 2959
2602 4933
3298 3160
3298 3205
3298 3248
3298 3347
3298 3393
3298 3408
3298 3409
3298 3411
3298 4377
3298 4508
4447 4578
4447 4660
4447 4718
4463 4466
4463 4589
4463 4650
4463 4653
715 811
715 817
715 829
715 4044
1793 1095
1793 1106
1793 1108
1793 1217
1793 1219
1793 1221
1793 1288
1793 1298
1793 1324
1793 1395
1793 1397
1793 1408
1793 1427
1793 1433
1793 1469
1793 1490
1793 1526
1793 1529
1793 1542
1793 1577
1793 1600
1793 1609
1793 1615
1793 1678
1793 1712
1793 1723
1793 1748
1793 1763
1793 1787
1793 2797
1793 2924
1793 3833
1793 4436
1793 4571
1793 4946
1800 1177
1800 1203
1800 1272
1800 1286
1800 1310
1800 1356
1800 1416
1800 1437
1800 1461
1800 1470
1800 1484
1800 1486
1800 1585
1800 1589
1800 1618
1800 1656
1800 1665
1800 1671
1800 1676
1800 1728
1800 1750
1800 1777
1800 2556
1800 2645
1800 2731
1800 2880
1800 3590
1800 3939
1800 4747
2092 1844
2092 1852
2092 1868
2092 1870
2092 1873
2092 1882
2092 1891
2092 1899
2092 1904
2092 1920
2092 1926
2092 1931
2092 1944
2092 1947
2092 1952
2092 1956
2092 1958
2092 1975
2092 1976
2092 2000
2092 2009
2092 2015
2092 2022
2092 2028
2092 2030
2092 2034
2092 2036
2092 2046
2092 2047
2092 2052
2092 2064
2092 2066
2092 2070
2092 2071
2092 2073
2092 2076
2092 2079
2092 3437
2092 4153
2092 4500
2092 4674
2920 1070
2920 1728
2920 1751
2920 2248
2920 2366
2920 2508
2920 2511
2920 2599
2920 2617
2920 2685
2920 2700
2920 2742
2920 2748
2920 2753
2920 2809
2920 2815
2920 2836
2920 2896
2920 2925
2920 2959
2920 3058
2920 3249
2920 3431
2920 4639
4125 798
4125 3464
4125 3865
4125 3942
4125 3977
4125 3978
4125 4117
4125 4205
4125 4230
4125 4252
4125 4263
4125 4342
4765 4743
4765 4877
4765 4966
4765 4976
898 896
898 997
898 1050
898 1054
898 1070
898 1072
1865 1863
1865 1873
1865 1968
1865 2066
1865 2071
2354 2635
2354 2710
2354 2820
3359 3012
3359 3075
3359 3215
3359 3258
3359 3404
3359 3405
3359 3432
3359 3437
3359 3448
3359 3460
3359 3997
3359 4853
4312 672
4312 2239
4312 3419
4312 3793
4312 3825
4312 3846
4312 3856
4312 4050
4312 4094
4312 4114
4312 4131
4312 4190
4312 4244
4312 4259
4312 4268
4312 4297
4312 4298
4312 4306
4312 4324
4312 4334
4312 4377
4312 4663
4312 4966
4981 771
4981 787
4981 1380
4981 1606
4981 1945
4981 2048
4981 2826
4981 3270
4981 4731
4981 4751
4981 4782
4981 4786
4981 4793
4981 4846
4981 4864
4981 4873
4981 4905
4981 4919
4981 4927
4981 4933
4981 4946
4981 4968
4981 4972
4981 4973
920 967
920 1034
920 1067
2537 2307
2537 2371
2537 2774
2537 2854
2859 2130
2859 2145
2859 2223
2859 2260
2859 2288
2859 2292
2859 2304
2859 2457
2859 2466
2859 2472
2859 2508
2859 2539
2859 2706
2859 2716
2859 2730
2859 2735
2859 2758
2859 2792
2859 2861
2859 3331
2859 3441
2859 3732
3337 1027
3337 3059
3337 3068
3337 3197
3337 3264
3337 3271
3337 3385
3337 3441
3773 2670
3773 4168
3773 4221
3773 4227
4223 1692
4223 3494
4223 3690
4223 3729
4223 3733
4223 3752
4223 4051
4223 4103
4223 4173
4223 4178
4223 4189
4223 4206
4223 4278
4223 4292
4223 4325
4223 4846
4951 1200
4951 2562
4951 3228
4951 4759
4951 4780
4951 4781
4951 4816
4951 4823
4951 4832
4951 4849
4951 4857
4951 4863
4951 4884
4951 4898
4951 4901
4951 4916
4951 4939
4951 4954
4951 4972
1601 1513
1601 1549
1601 1662
1601 1757
1601 2383
1601 4850
3352 2188
3352 3039
3352 3167
3352 3228
3352 3237
3352 3258
3352 3379
3352 3437
3352 3460
3352 4341
3491 4136
3491 4176
3491 4185
3491 4263
3638 4318
3941 3634
3941 4306
3941 4341
3941 4959
4091 847
4091 3837
4091 3921
4091 4089
4091 4132
4091 4157
4091 4158
4091 4262
4091 4271
4091 4286
4841 4342
4841 4915
4841 4968
4841 4987
1030 836
1030 856
1030 913
1030 924
1030 927
1030 956
1030 958
1030 977
1030 1017
1030 1031
1030 1073
1030 2813
1030 4297
1240 1376
1240 1744
1240 1776
1796 1100
1796 1113
1796 1137
1796 1148
1796 1153
1796 1179
1796 1190
1796 1198
1796 1235
1796 1265
1796 1270
1796 1293
1796 1358
1796 1371
1796 1377
1796 1383
1796 1428
1796 1440
1796 1463
1796 1475
1796 1497
1796 1509
1796 1532
1796 1566
1796 1588
1796 1658
1796 1661
1796 1664
1796 1688
1796 1700
1796 1713
1796 1736
1796 1772
1796 1782
1796 2446
1796 2617
1796 3720
1796 3801
1796 4472
1796 4664
1796 4690
2753 2248
2753 2599
2753 2815
2753 2896
2753 2959
2753 4638
2964 1676
2964 2034
2964 2072
2964 2238
2964 2272
2964 2359
2964 2386
2964 2418
2964 2469
2964 2540
2964 2541
2964 2569
2964 2609
2964 2630
2964 2641
2964 2642
2964 2666
2964 2688
2964 2707
2964 2734
2964 2784
2964 2790
2964 2799
2964 2834
2964 2843
2964 2865
2964 2880
2964 2881
2964 2931
2964 2937
2964 2979
2964 3160
2964 3269
2964 3408
2964 3441
2964 4255
2964 4361
2964 4934
2994 3364
3368 2058
3368 2958
3368 3047
3368 3233
3368 3242
3368 3327
3368 3357
3368 3379
3368 3405
3368 3412
3368 3448
3913 3782
3913 3927
3913 4027
3913 4097
3913 4254
3913 4300
3913 4327
3913 4333
3913 4714
795 577
795 578
795 583
795 591
795 595
795 612
795 616
795 649
795 669
795 696
795 717
795 719
795 730
795 731
795 736
795 752
795 754
795 759
795 770
795 777
795 798
795 804
795 976
795 2952
795 4186
795 4825
2034 635
2034 1896
2034 1907
2034 1924
2034 2022
2034 2036
2034 2046
2034 2047
2034 2064
2034 2070
2034 2071
2034 2076
2034 2079
2034 2735
2597 759
2597 2588
2597 2643
2597 2649
2597 2836
2597 2862
4131 684
4131 2073
4131 4190
4131 4259
4131 4306
4131 4377
1045 911
1045 925
1045 943
1045 949
1045 959
1045 982
1045 984
1045 992
1045 996
1045 1007
1045 1013
1045 1051
1045 1060
1045 1069
1045 1071
1045 1739
1045 2150
1045 3326
1045 4138
1931 2009
1931 2076
2372 2726
2372 2790
2372 2979
2372 3166
2538 2166
2538 2635
2538 2767
2538 2959
2713 1496
2713 2707
2713 2816
2713 2845
2713 2937
3103 3431
3432 786
3432 811
3432 1059
3432 2609
3432 2992
3432 3059
3432 3063
3432 3085
3432 3137
3432 3177
3432 3179
3432 3183
3432 3187
3432 3223
3432 3243
3432 3271
3432 3273
3432 3284
3432 3299
3432 3309
3432 3323
3432 3327
3432 3358
3432 3376
3432 3385
3432 3392
3432 3406
3432 3419
3432 3431
3432 3441
3432 4005
849 1060
849 1073
1187 1411
1187 1442
1187 1673
1187 1680
1674 991
1674 1426
1674 1535
1674 1576
1674 1620
1674 1655
1674 1708
1674 1781
1674 1798
1674 4174
1674 4676
2191 2727
2191 2836
2273 2660
2273 2857
2273 2912
2654 2493
2654 2637
2654 2870
2654 2962
2654 4433
2654 4966
3667 3387
3667 3973
3667 4361
3667 4371
3667 4391
4074 2692
4074 3101
4074 3658
4074 3949
4074 4188
4074 4190
4074 4338
4074 4377
4135 3442
4135 3474
4135 3516
4135 3963
4135 4100
4135 4230
4135 4285
4135 4343
4135 4361
4968 613
4968 630
4968 1558
4968 1708
4968 4739
4968 4755
4968 4879
4968 4914
4968 4932
4968 4935
4968 4946
4968 4972
4968 4973
4968 4987
1009 842
1009 943
1009 984
1009 1003
1009 1044
1009 1059
1009 1067
1009 1069
1009 1373
1009 1664
1384 1727
1384 1749
1384 1803
1384 2785
1436 1181
1436 1267
1436 1575
1436 1699
1436 3837
1551 1812
1551 1817
1551 1824
1551 4391
1756 1194
1756 1371
1756 1448
1756 1464
1756 1479
1756 1556
1756 1609
1756 1623
1756 1626
1756 1638
1756 1677
1756 1744
1756 1776
1756 1779
1756 1825
1756 1895
1756 2545
1756 3310
1756 3429
1756 3520
2260 2666
2260 2730
2260 2798
2260 4432
2962 1140
2962 1141
2962 1642
2962 2227
2962 2240
2962 2259
2962 2327
2962 2357
2962 2384
2962 2424
2962 2464
2962 2504
2962 2590
2962 2615
2962 2618
2962 2620
2962 2637
2962 2645
2962 2659
2962 2722
2962 2727
2962 2735
2962 2739
2962 2756
2962 2762
2962 2769
2962 2835
2962 2848
2962 2856
2962 2870
2962 2958
2962 3253
2962 3333
2962 4704
2962 4781
4194 1868
4194 1910
4194 3527
4194 3595
4194 3904
4194 3927
4194 3983
4194 4046
4194 4159
4194 4222
4194 4265
4194 4300
4194 4327
4194 4333
4234 3477
4234 3520
4234 3531
4234 3560
4234 3684
4234 3703
4234 3718
4234 3815
4234 3892
4234 3903
4234 3926
4234 3946
4234 3955
4234 4063
4234 4115
4234 4198
4234 4226
4295 3603
4295 3613
4295 3659
4295 3683
4295 3692
4295 3783
4295 3903
4295 3904
4295 3927
4295 4065
4295 4108
4295 4136
4295 4137
4295 4159
4295 4222
4295 4254
4295 4300
4295 4327
4295 4333
4295 4466
4431 4583
4431 4719
954 874
954 894
954 938
954 960
954 1027
954 1054
954 1070
954 3197
997 903
997 944
997 947
997 953
997 957
997 977
997 1015
997 1054
997 1070
997 3655
997 4292
1020 804
1020 867
1020 925
1020 935
1020 952
1020 970
1020 1035
1020 1040
1020 1041
1020 1055
1020 1059
1020 1071
1020 4127
1020 4679
1418 1505
1418 1518
1418 4007
2512 2184
2512 2335
2512 2451
2512 2661
2512 2664
2512 2752
3056 3123
3056 3394
3056 3434
3434 790
3434 808
3434 977
3434 1067
3434 1517
3434 2076
3434 3007
3434 3042
3434 3047
3434 3049
3434 3083
3434 3092
3434 3125
3434 3176
3434 3191
3434 3237
3434 3241
3434 3253
3434 3311
3434 3345
3434 3374
3434 3378
3434 3379
3434 3394
3434 3405
3434 3408
3434 3412
3434 3437
3434 3441
3434 3448
3434 3460
3434 3464
3434 4315
3434 4343
4285 1725
4285 2457
4285 2466
4285 3474
4285 3495
4285 3557
4285 3661
4285 3668
4285 3712
4285 3876
4285 3942
4285 3994
4285 4018
4285 4028
4285 4117
4285 4205
4285 4263
4285 4276
4285 4327
4285 4338
4285 4343
4490 4424
1812 971
1812 1111
1812 1133
1812 1172
1812 1180
1812 1188
1812 1213
1812 1218
1812 1223
1812 1280
1812 1291
1812 1318
1812 1350
1812 1416
1812 1424
1812 1494
1812 1501
1812 1565
1812 1622
1812 1624
1812 1630
1812 1643
1812 1646
1812 1647
1812 1716
1812 1721
1812 1729
1812 1760
1812 1779
1812 1798
1812 1817
1812 1824
1812 2700
1812 3858
1812 4268
1812 4452
1812 4678
2060 1255
2060 1966
2060 1977
2060 1984
2060 1988
2060 1989
2060 1996
2060 2001
2060 2012
2060 2037
2060 2042
2060 2055
2060 2059
2060 2063
2060 2649
2060 2880
2060 4911
3878 3587
3878 3839
3878 3963
3878 4261
4325 1583
4325 2451
4325 3466
4325 3473
4325 3486
4325 3494
4325 3509
4325 3525
4325 3530
4325 3554
4325 3620
4325 3648
4325 3690
4325 3713
4325 3729
4325 3733
4325 3752
4325 3791
4325 4051
4325 4103
4325 4173
4325 4178
4325 4206
4325 4209
4325 4278
4325 4292
4325 4334
4325 4371
4325 4372
4325 4516
4520 4526
4520 4552
4520 4693
4520 4714
4718 1561
4718 1588
4718 2546
4718 2895
4718 3236
4718 3355
4718 3782
4718 3987
4718 4209
4718 4255
4718 4415
4718 4423
4718 4426
4718 4483
4718 4486
4718 4491
4718 4494
4718 4499
4718 4504
4718 4512
4718 4540
4718 4543
4718 4545
4718 4546
4718 4554
4718 4556
4718 4557
4718 4571
4718 4579
4718 4599
4718 4600
4718 4615
4718 4622
4718 4624
4718 4630
4718 4636
4718 4641
4718 4643
4718 4660
4718 4663
4718 4666
4718 4678
4718 4679
4718 4681
4718 4704
4718 4713
4718 4717
4967 788
4967 1607
4967 3551
4967 4333
4967 4781
4967 4821
4967 4849
4967 4878
4967 4972
4967 4973
4967 4974
4967 4987
624 650
624 672
624 786
624 819
624 3132
960 964
960 970
960 1040
960 4664
1993 606
1993 1957
1993 1986
1993 2023
1993 2072
1993 2095
2572 2544
2572 2555
2572 2674
2572 2714
2572 2783
2572 2883
2572 4068
2740 621
2740 2211
2740 2890
2740 2912
2740 2916
2740 2952
2740 4372
3442 631
3442 1514
3442 2226
3442 2566
3442 2578
3442 2996
3442 3025
3442 3029
3442 3040
3442 3044
3442 3061
3442 3069
3442 3071
3442 3076
3442 3101
3442 3136
3442 3147
3442 3148
3442 3153
3442 3162
3442 3182
3442 3190
3442 3207
3442 3211
3442 3235
3442 3239
3442 3244
3442 3249
3442 3263
3442 3267
3442 3274
3442 3278
3442 3294
3442 3324
3442 3338
3442 3342
3442 3357
3442 3383
3442 3400
3442 3405
3442 3420
3442 3424
3442 3425
3442 3429
3442 4693
3442 4779
3442 4793
3919 3750
3919 3752
3919 3782
3919 3795
3919 3912
3919 4025
3919 4084
4048 3949
4048 4019
4048 4225
4048 4269
4048 4334
4128 2646
4128 2705
4128 3191
4128 3838
4128 3848
4128 3869
4128 3980
4128 3991
4128 4002
4128 4122
4128 4154
4128 4303
4128 4319
4158 1003
4158 1766
4158 3471
4158 3857
4158 3921
4158 3957
4158 4089
4158 4132
4158 4157
4158 4262
4158 4271
4158 4286
4158 4950
4372 1697
4372 1882
4372 1982
4372 2029
4372 2675
4372 3471
4372 3480
4372 3527
4372 3549
4372 3626
4372 3632
4372 3640
4372 3674
4372 3691
4372 3697
4372 3756
4372 3796
4372 3888
4372 3987
4372 3997
4372 4043
4372 4142
4372 4162
4372 4299
4372 4309
4372 4315
4372 4361
4372 4370
4372 4371
4372 4385
4372 4391
4372 4719
4372 4959
597 637
597 729
597 733
597 819
1576 1276
1576 1618
1576 1705
1576 1781
1576 3122
1576 4550
1956 1920
1956 1975
1956 2047
1956 2076
1956 2079
2815 1787
2815 1843
2815 2432
2815 2685
2815 2742
2815 2761
2815 2820
2815 2925
2815 3135
2815 4300
2880 2159
2880 2310
2880 2540
2880 2583
2880 2641
2880 2799
2880 2843
2880 2881
2880 2931
2880 2937
2880 2979
3159 1512
3159 2997
3159 3082
3159 3110
3159 3353
3159 3421
3777 4318
3777 4371
3777 4385
4842 2914
4842 4789
4842 4897
4842 4920
1844 1999
1844 2927
3221 3047
3221 3074
3221 3192
3221 3224
3221 3226
3221 3421
3712 4175
3712 4186
3712 4343
3807 4251
3807 4270
3807 4277
4199 819
4199 3816
4199 3897
4199 4190
4199 4205
4199 4283
4199 4318
4199 4342
4199 4361
4199 4693
4546 4619
4546 4659
4602 4169
4602 4454
4602 4456
4602 4551
4602 4617
4602 4646
4602 4656
4602 4661
4602 4677
1285 1087
1285 1159
1285 1264
1285 1378
1285 1402
1285 1480
1285 1634
1285 4713
2716 794
2716 2173
2716 2503
2716 2539
2716 2644
2716 2706
2716 2730
2716 2758
2716 2792
2716 2795
2716 2798
2716 2861
2716 4941
2790 2197
2790 2564
2790 2620
2790 2734
2790 2799
2790 2979
2790 4656
3784 3465
3784 4359
4117 2183
4117 2393
4117 3779
4117 3981
4117 4100
4117 4175
4117 4276
4117 4343
4647 2559
4647 2590
4647 2849
4647 4437
4647 4441
4647 4466
4647 4507
4647 4522
4647 4584
4647 4598
4647 4639
4647 4650
4647 4653
4647 4664
4647 4674
4647 4690
4647 4713
4786 2799
4786 4972
706 744
706 811
706 829
706 1194
787 621
787 662
787 783
787 785
787 789
787 791
787 802
787 808
787 811
787 824
787 2483
787 3874
1107 1205
1107 1233
1107 1257
1107 1527
1107 1580
1190 829
1190 1772
1190 1782
1607 1214
1607 1345
1607 1360
1607 1652
1607 1787
1607 3830
2910 846
2910 1070
2910 1262
2910 1817
2910 2117
2910 2130
2910 2156
2910 2169
2910 2256
2910 2322
2910 2330
2910 2381
2910 2406
2910 2425
2910 2510
2910 2545
2910 2562
2910 2581
2910 2627
2910 2646
2910 2690
2910 2714
2910 2726
2910 2737
2910 2748
2910 2764
2910 2765
2910 2849
2910 2927
2910 4632
3080 3057
3080 3243
3080 3364
3080 3385
3080 3431
3419 3085
3419 3105
3419 3121
3419 3122
3419 3149
3419 3187
3419 3223
3419 3234
3419 3243
3419 3271
3419 3273
3419 3319
3419 3362
3419 3376
3419 3385
3419 3390
3419 3392
3419 3441
3419 4106
3419 4116
3419 4848
3419 4933
4694 802
4694 1206
4694 1437
4694 1669
4694 2304
4694 4263
4694 4450
4694 4503
4694 4518
4694 4519
4694 4523
4694 4526
4694 4527
4694 4559
4694 4570
4694 4578
4694 4581
4694 4592
4694 4614
4694 4618
4694 4620
4694 4633
4694 4637
4694 4676
4694 4717
790 621
790 625
790 737
790 749
790 765
790 769
790 783
790 785
790 789
790 791
790 808
790 824
790 1323
790 3865
1031 832
1031 855
1031 878
1031 892
1031 919
1031 931
1031 943
1031 962
1031 965
1031 1011
1031 1033
1031 1565
1031 1571
1067 847
1067 863
1067 889
1067 934
1067 949
1067 959
1067 975
1067 982
1067 983
1067 984
1067 995
1067 1003
1067 1010
1067 1014
1067 1034
1067 1037
1067 1041
1067 1051
1067 1054
1067 1060
1067 1069
1067 1071
1067 2726
1067 2752
1067 3986
1067 4187
1215 1090
1634 1117
1634 1437
1634 1540
1634 1583
1634 1597
1634 1649
1634 1673
1634 1692
1634 1751
1634 1766
1634 2302
1634 4159
1647 1136
1647 1708
1647 1721
1647 1779
1647 1817
1647 1824
1647 2924
1647 4416
2670 805
2670 2605
2670 2832
2670 2895
2670 2898
2670 2924
2779 2410
2779 2695
2779 2807
2779 2914
2779 3561
2857 710
2857 1600
2857 1870
2857 1938
2857 2393
2857 2649
2857 2785
2857 2890
2857 2912
2857 2916
2857 2952
2857 3813
3425 1233
3425 2063
3425 2292
3425 3006
3425 3025
3425 3040
3425 3061
3425 3069
3425 3113
3425 3182
3425 3207
3425 3211
3425 3239
3425 3250
3425 3324
3425 3333
3425 3342
3425 3348
3425 3350
3425 3362
3425 3381
3425 3387
3425 3400
3425 3402
3425 3420
3425 3424
3425 3654
3425 3874
4674 808
4674 1180
4674 2749
4674 4446
4674 4474
4674 4485
4674 4511
4674 4518
4674 4528
4674 4548
4674 4573
4674 4584
4674 4586
4674 4601
4674 4623
4674 4653
4674 4659
4674 4664
4674 4665
4674 4690
4674 4717
1069 745
1069 845
1069 868
1069 880
1069 887
1069 889
1069 907
1069 930
1069 933
1069 939
1069 943
1069 950
1069 976
1069 980
1069 995
1069 1001
1069 1007
1069 1008
1069 1014
1069 1034
1069 1037
1069 1041
1069 1059
1069 1060
1069 3982
1444 1229
1444 1268
1444 1473
1444 1592
2566 2854
2566 2952
2566 4973
2749 709
2749 1552
2749 2226
2749 2661
2749 2711
2749 2854
2749 2914
2749 4182
2832 2046
2832 2525
2832 2591
2832 2780
2832 2845
2832 2848
2832 2869
2832 2886
2832 2895
2832 2924
2832 2929
2832 3448
2832 4578
3378 1739
3378 1952
3378 2785
3378 3140
3378 3253
3378 3311
3378 3331
3378 3374
3378 3394
3378 3409
3378 3437
3378 3448
3378 3460
4065 2001
4065 3408
4065 3804
4065 4046
4065 4137
4065 4159
4065 4262
4065 4300
4065 4327
4441 4693
4666 762
4666 2071
4666 3673
4666 4494
4666 4538
4666 4556
4666 4601
4666 4618
4666 4643
4666 4660
4666 4679
4666 4704
4666 4713
576 662
576 1071
662 791
662 824
662 2627
662 4288
1071 839
1071 850
1071 893
1071 895
1071 907
1071 916
1071 930
1071 943
1071 948
1071 971
1071 975
1071 985
1071 996
1071 1001
1071 1008
1071 1010
1071 1011
1071 1026
1071 1033
1071 1034
1071 1037
1071 1041
1071 1051
1071 1060
1071 1139
1071 1234
1071 1564
1071 1588
1071 1893
1071 2527
1071 4556
1071 4618
577 765
577 804
577 890
765 578
765 632
765 677
765 717
765 719
765 730
765 752
765 754
765 798
765 804
765 1690
765 1891
765 4900
804 595
804 600
804 612
804 616
804 630
804 649
804 660
804 669
804 681
804 696
804 699
804 717
804 719
804 730
804 731
804 736
804 743
804 752
804 754
804 770
804 777
804 791
804 798
804 2752
804 3324
804 4542
890 835
890 977
890 1070
890 1072
578 794
578 798
794 756
794 784
794 785
794 788
794 793
794 805
794 811
794 817
794 818
794 829
794 976
794 1861
794 1992
794 3970
798 583
798 591
798 595
798 612
798 616
798 620
798 649
798 681
798 696
798 699
798 705
798 726
798 730
798 731
798 743
798 754
798 770
798 777
798 2067
798 2959
798 3636
798 4026
579 818
579 829
818 588
818 620
818 626
818 631
818 649
818 656
818 658
818 665
818 708
818 710
818 727
818 745
818 760
818 762
818 766
818 771
818 780
818 784
818 788
818 793
818 805
818 811
818 817
818 829
818 1164
818 2301
818 2345
818 2448
818 2657
818 2669
818 3684
818 4047
818 4407
818 4973
829 580
829 582
829 588
829 596
829 603
829 606
829 614
829 617
829 618
829 626
829 632
829 633
829 653
829 654
829 656
829 658
829 665
829 671
829 682
829 684
829 685
829 688
829 698
829 703
829 721
829 727
829 745
829 759
829 760
829 762
829 766
829 771
829 780
829 784
829 788
829 793
829 805
829 808
829 811
829 817
829 824
829 2229
829 2338
829 3276
829 3347
829 3409
829 3689
829 3761
829 4171
829 4849
829 4909
580 670
670 587
670 646
670 709
670 713
670 714
670 756
670 956
670 989
770 669
770 681
770 699
770 705
770 719
770 721
770 730
770 743
770 752
770 777
770 3294
582 2418
582 3992
2418 2524
2418 2979
2418 3420
3992 1294
3992 3494
3992 3562
3992 3588
3992 3616
3992 3830
3992 4016
3992 4029
3992 4200
583 777
583 2479
583 3324
777 591
777 612
777 630
777 649
777 681
777 688
777 705
777 730
777 731
777 754
777 2646
777 2820
777 3040
777 3296
777 4775
2479 1721
2479 2245
2479 2739
2479 2870
2479 4320
3324 3113
3324 3153
3324 3181
3324 3244
3324 3278
3324 3348
3324 3420
3324 3429
584 623
584 725
584 756
584 757
623 714
623 716
623 757
623 791
623 1618
725 622
725 654
725 709
725 713
725 714
725 733
725 756
725 757
725 805
725 2947
756 622
756 629
756 673
756 702
756 716
756 726
756 757
756 764
756 1493
756 3448
756 4677
757 587
757 646
757 654
757 702
757 709
757 714
757 726
757 764
757 1803
757 2822
585 659
585 734
585 755
585 769
585 2680
585 4095
659 640
659 712
659 734
659 755
659 769
659 784
659 2718
734 607
734 639
734 647
734 650
734 712
734 755
734 769
734 811
734 2914
734 3167
755 640
755 647
755 651
755 661
755 686
755 712
755 769
755 824
755 3715
755 4805
769 639
769 640
769 647
769 650
769 651
769 656
769 657
769 661
769 686
769 712
769 4149
769 4681
2680 2113
2680 2632
2680 2695
2680 2767
2680 2805
2680 2888
2680 2947
2680 4591
4095 1051
4095 1336
4095 4154
4095 4240
4095 4327
4095 4471
586 789
586 808
586 824
789 613
789 614
789 737
789 749
789 780
789 783
789 791
789 802
789 808
789 824
789 1609
789 1638
789 2108
789 3799
808 600
808 609
808 615
808 634
808 655
808 664
808 667
808 676
808 684
808 718
808 749
808 783
808 785
808 791
808 802
808 824
808 1975
808 3180
808 3795
808 4901
824 594
824 598
824 609
824 613
824 618
824 621
824 625
824 628
824 634
824 641
824 643
824 655
824 660
824 664
824 667
824 668
824 676
824 718
824 733
824 737
824 743
824 749
824 783
824 785
824 791
824 802
824 1419
824 1455
824 2343
824 2690
824 2692
824 2784
824 3903
824 4238
824 4519
824 4589
587 622
587 726
587 752
622 713
622 764
622 3387
726 602
726 646
726 702
726 709
726 713
726 714
726 764
726 1221
726 1616
726 1763
752 600
752 677
752 717
752 719
752 731
752 736
752 743
752 754
752 2341
752 2607
752 3839
588 4452
589 751
589 819
751 675
751 708
751 729
751 786
751 819
751 2681
819 590
819 592
819 593
819 601
819 605
819 627
819 637
819 642
819 643
819 644
819 652
819 663
819 672
819 675
819 685
819 690
819 691
819 694
819 695
819 698
819 704
819 708
819 720
819 728
819 729
819 733
819 740
819 742
819 744
819 784
819 786
819 817
819 2916
819 4021
819 4579
590 3330
3330 1270
3330 1294
3330 3205
3330 3229
3330 3268
3330 3334
3330 3343
3330 3385
3330 3408
3330 3411
591 4440
4440 4514
4440 4580
4440 4607
4440 4656
592 690
592 733
690 731
690 1950
690 2991
733 675
733 728
733 739
733 786
733 1825
733 2870
593 729
593 786
593 1707
593 3146
729 739
729 744
729 786
729 3624
786 642
786 644
786 652
786 691
786 698
786 704
786 708
786 720
786 728
786 739
786 740
786 742
786 817
786 1465
786 3144
786 4495
1707 1272
1707 1288
1707 1395
1707 1526
1707 1600
1707 1616
1707 1723
1707 1748
1707 1763
1707 1787
1707 2632
1707 4960
3146 3134
3146 3277
3146 3310
3146 3364
3146 3859
594 2423
2423 2061
2423 2223
2423 2288
2423 2457
2423 2464
2423 2706
2423 2758
595 705
705 677
705 694
705 717
705 743
596 817
817 615
817 626
817 635
817 684
817 685
817 692
817 712
817 727
817 745
817 759
817 760
817 762
817 766
817 771
817 780
817 784
817 788
817 793
817 805
817 811
817 985
817 1318
817 1621
817 1951
817 4225
744 627
744 663
744 695
744 740
744 760
744 1867
744 4161
744 4341
2382 1624
2382 2698
2382 2848
2382 2869
2382 2924
2382 2929
600 2804
600 4284
2804 1055
2804 2268
2804 2542
2804 2592
2804 2631
2804 2667
2804 2668
2804 2696
2804 2715
2804 2724
2804 2791
2804 2894
2804 3631
2804 4031
2804 4209
4284 1782
4284 3674
4284 3918
4284 4109
4284 4165
4284 4170
4284 4187
4284 4237
4284 4256
4284 4359
601 607
601 691
607 695
607 2688
607 4592
691 698
691 739
602 673
602 713
602 716
602 811
602 3448
673 702
673 709
673 714
673 721
673 764
713 702
713 764
713 4195
716 654
716 709
716 714
716 764
716 3517
716 4187
811 632
811 671
811 682
811 684
811 700
811 727
811 745
811 759
811 762
811 771
811 780
811 784
811 788
811 793
811 805
811 887
811 1322
811 1464
811 4230
811 4319
811 4713
3448 1273
3448 1593
3448 2780
3448 2883
3448 2992
3448 3012
3448 3042
3448 3092
3448 3105
3448 3116
3448 3135
3448 3155
3448 3191
3448 3201
3448 3225
3448 3238
3448 3242
3448 3258
3448 3260
3448 3267
3448 3270
3448 3296
3448 3311
3448 3333
3448 3345
3448 3394
3448 3404
3448 3405
3448 3406
3448 3412
3448 3437
3448 3460
3448 3991
3448 4110
3448 4271
3448 4487
603 2795
603 3392
2795 671
2795 1352
2795 2132
2795 2194
2795 2217
2795 2269
2795 2300
2795 2353
2795 2416
2795 2435
2795 2480
2795 2540
2795 2608
2795 2682
2795 2683
2795 2809
2795 2840
2795 3211
3392 3048
3392 3100
3392 3154
3392 3179
3392 3242
3392 3264
3392 3276
3392 3284
3392 3358
3392 3390
3392 3426
3392 3431
3392 3441
3392 3552
665 2742
742 672
742 1898
742 3792
2498 2735
2498 2958
605 2891
605 4619
2891 1325
2891 1979
2891 2142
2891 2163
2891 2172
2891 2289
2891 2303
2891 2363
2891 2384
2891 2392
2891 2477
2891 2487
2891 2551
2891 2676
2891 2698
2891 2762
2891 2776
2891 2801
2891 2862
2891 3826
2891 4617
4619 3197
4619 4633
4619 4693
4619 4704
4619 4714
4619 4717
606 714
714 737
714 764
695 720
2688 1537
2688 2043
2688 2784
2688 2881
2688 2979
2688 4972
4592 4535
4592 4564
4592 4714
4592 4717
2455 2250
2455 2473
2455 2678
2455 2705
2455 4259
609 802
609 1008
609 3660
802 621
802 625
802 643
802 655
802 660
802 664
802 667
802 676
802 749
802 783
802 784
802 785
802 791
802 1051
802 1782
802 2005
802 3852
802 4829
802 4886
1008 901
1008 959
1008 975
1008 976
1008 1001
1008 1041
1008 4186
3660 3892
611 627
611 728
627 4115
728 694
728 740
728 762
728 1011
728 3264
612 1229
1229 1454
1229 1736
613 631
631 1488
614 4414
4414 4298
4414 4418
4414 4605
4414 4646
616 1913
1913 1847
1913 2002
1913 2011
1913 2061
1913 2087
617 2443
2443 2523
2443 2937
2443 2979
618 791
618 3954
791 625
791 718
791 737
791 749
791 783
791 785
791 1150
791 1798
791 2678
791 4269
791 4333
3954 2592
3954 3429
3954 3720
3954 4324
3954 4377
621 4377
4377 992
4377 1095
4377 1132
4377 1280
4377 1684
4377 2737
4377 3134
4377 3420
4377 3481
4377 3503
4377 3556
4377 3558
4377 3610
4377 3641
4377 3810
4377 3834
4377 3845
4377 3846
4377 3872
4377 3897
4377 3964
4377 3985
4377 4075
4377 4080
4377 4094
4377 4183
4377 4190
4377 4244
4377 4259
4377 4297
4377 4298
4377 4306
4377 4338
4377 4341
764 646
764 654
764 702
764 784
764 785
764 1958
764 2520
764 3268
764 4391
3387 959
3387 2067
3387 2304
3387 2993
3387 3055
3387 3076
3387 3187
3387 3190
3387 3212
3387 3266
3387 3274
3387 3278
3387 3296
3387 3331
3387 3348
3387 3381
3387 3383
3387 3400
3387 3402
3387 3424
1618 1671
1618 1750
1618 1760
1618 2509
1618 3980
650 712
672 3710
3132 3094
3132 3122
3132 3273
3132 3319
3132 3365
625 1360
1360 1222
1360 1558
1360 2583
4115 3346
4115 3437
4115 3477
4115 3531
4115 3684
4115 3718
4115 3815
4115 3926
4115 3946
4115 3955
4115 4063
4115 4198
4115 4226
628 710
628 783
710 4309
783 667
783 686
783 766
783 785
783 2675
629 4120
4120 1825
4120 2008
4120 3431
4120 3468
4120 3535
4120 3578
4120 3829
4120 3847
4120 4081
4120 4110
4120 4163
4120 4242
4120 4265
4120 4273
4120 4303
630 702
702 709
702 2849
1488 1569
1488 1744
632 1553
1553 1272
1553 1656
1553 1665
1553 1750
1553 1787
1553 2881
633 4011
4011 1204
4011 4008
4011 4015
4011 4026
4011 4145
4011 4164
634 749
749 785
749 1760
749 4361
635 1557
1557 1155
1557 1545
1557 1696
1557 1705
1557 1708
1557 1798
2883 1535
2883 1763
2883 2177
2883 2212
2883 2422
2883 2465
2883 2513
2883 2544
2883 2555
2883 2601
2883 2674
2883 2681
2883 2714
2883 2718
2883 2783
2883 2813
2883 2833
2883 2868
639 657
639 686
657 647
657 2661
657 3808
686 647
686 651
686 661
686 2464
686 3161
640 712
640 4106
712 651
712 661
712 4251
4106 2807
4106 3561
4106 3644
4106 3819
4106 3853
4106 3868
4106 3870
4106 4004
4106 4008
4106 4164
4106 4278
4106 4391
641 4492
4492 2608
4492 4470
4492 4560
4492 4655
4492 4660
643 2731
2731 2215
2731 2375
2731 2398
2731 2408
2731 2463
2731 2593
2731 2678
2731 2706
2731 2725
2731 2826
2731 2858
2731 4514
644 739
644 2446
644 2552
739 698
739 720
739 1723
739 4320
2446 2931
2446 2959
2552 2350
2552 2489
2552 2528
2552 2833
736 677
736 696
736 1689
736 4042
3698 3566
3698 3600
3698 4149
3698 4238
3698 4240
3698 4266
646 788
646 2841
646 4017
788 719
788 784
788 793
788 805
788 2499
788 3418
2841 1324
2841 2108
2841 2200
2841 2270
2841 2306
2841 2402
2841 2715
2841 2719
2841 2767
2841 2780
2841 2807
2841 2888
2841 2914
2841 3201
4017 2739
649 743
649 1248
649 1924
743 717
743 719
743 731
743 4385
743 4615
1248 1662
1248 1697
1248 2726
1924 2073
1924 2095
651 805
651 1646
651 2270
805 759
805 760
805 762
805 766
805 771
805 780
805 784
805 793
805 1728
805 2127
805 2890
805 3536
805 4589
805 4959
1646 1090
1646 1341
1646 1471
1646 1628
1646 1660
1646 1690
1646 1713
1646 1729
1646 1745
1646 4562
2270 2947
654 2344
2344 2380
2344 2869
2344 2898
2344 2929
2344 3186
655 771
655 4562
771 730
771 3429
4562 4573
4562 4587
4562 4659
4562 4676
4562 4681
4562 4690
2661 1268
2661 1661
2661 2238
2661 2335
2661 2451
2661 2478
2661 2664
3808 2722
3808 3592
3808 4237
658 740
658 4662
740 694
740 1037
740 3289
4662 874
4662 1817
4662 2215
4662 2465
4662 4524
4662 4561
4662 4621
4662 4644
4662 4648
4662 4649
4662 4667
4662 4692
784 793
784 2888
784 2929
784 4104
784 4768
2718 660
2718 1824
2718 2601
2718 2635
2718 2813
2718 2868
2718 4635
660 785
660 4754
785 664
785 718
785 737
785 1727
785 2381
785 3129
785 4160
4754 4973
4754 4974
661 1175
661 3751
1175 1246
1175 1522
1175 1817
3751 1181
3751 3839
3751 3882
3751 4067
3751 4261
2627 1678
2627 1996
2627 2765
2627 2849
2627 2927
4288 3792
4288 3814
4288 3890
4288 3909
4288 4003
4288 4031
4288 4037
4288 4167
4288 4264
4288 4714
664 4261
4261 893
4261 2774
4261 3537
4261 3551
4261 3573
4261 3587
4261 3630
4261 3633
4261 3681
4261 3710
4261 3713
4261 3829
4261 3839
4261 3879
4261 3882
4261 3963
4261 3968
4261 4067
2742 2045
2742 2338
2742 2622
2742 2685
2742 2748
2742 2896
2742 2959
2742 3007
4763 4790
4763 4959
668 2018
668 2463
2018 965
2018 1517
2018 1858
2018 1900
2018 1901
2018 1965
2018 1969
2018 2033
2018 2087
2463 2374
2463 2519
2463 2638
2463 2725
2463 2826
2463 2858
2463 3601
669 754
754 696
754 699
754 730
754 731
754 3172
754 4677
709 3323
956 869
956 961
956 986
956 1011
956 1041
956 1073
989 838
989 865
989 1007
989 4244
3710 3573
3710 3743
3710 3959
3710 4900
721 2467
2015 1842
2015 1936
2015 1944
2015 1985
2015 2036
2015 2052
2015 2070
2015 2079
2015 4624
675 720
720 1205
720 3818
676 1757
1757 1160
1757 1208
1757 1231
1757 1234
1757 1267
1757 1399
1757 1481
1757 1554
1757 1587
1757 1606
1757 1662
1757 1693
1757 1702
1757 1739
1757 1758
1757 2584
1757 3411
1757 4327
1757 4338
1757 4823
677 719
677 745
677 3945
677 4286
719 3280
745 2064
745 4704
3945 4300
3945 4327
3945 4333
3945 4681
4286 727
4286 2095
4286 3441
4286 3471
4286 3574
4286 3579
4286 3837
4286 3854
4286 3857
4286 3885
4286 3921
4286 3957
4286 4063
4286 4089
4286 4132
4286 4157
4286 4262
4286 4269
4286 4271
4286 4515
3539 2536
3539 4027
3539 4178
3539 4278
3539 4292
766 1702
766 4564
766 4622
681 696
696 2420
684 2822
2822 780
2822 843
2822 2101
2822 2249
2822 2302
2822 2315
2822 2363
2822 2780
2822 2855
2822 2888
2822 2914
2822 2947
2822 4257
685 3959
685 4263
3959 3044
3959 3541
3959 3633
3959 3743
3959 4067
4263 1024
4263 1744
4263 2396
4263 2912
4263 3309
4263 3557
4263 3757
4263 3806
4263 3977
4263 3979
4263 4028
4263 4100
4263 4205
4263 4230
4263 4276
4263 4343
2464 2618
3161 3194
3161 3310
3161 3418
3161 3426
3161 4188
688 2762
2762 2856
731 708
731 3014
1950 1851
1950 2055
1950 2067
1950 2077
1950 2095
1950 2601
2991 3409
698 2061
692 3340
692 4939
3340 3229
3340 3232
3340 3237
3340 3281
3340 3300
3340 3329
3340 3347
3340 3408
3340 3411
3340 3735
3340 4270
4939 2674
4939 2737
4939 3944
4939 4776
4939 4780
4939 4816
4939 4823
4939 4832
4939 4849
4939 4857
4939 4863
4939 4884
4939 4898
4939 4916
4939 4954
4342 1824
4342 1989
4342 2776
4342 2829
4342 2870
4342 3421
4342 3701
4342 3746
4342 3800
4342 3816
4342 3824
4342 3826
4342 3850
4342 3925
4342 3953
4342 3970
4342 3971
4342 4001
4342 4044
4342 4060
4342 4062
4342 4068
4342 4116
4342 4171
4342 4186
4342 4188
4342 4192
4342 4283
4342 4704
694 704
694 708
694 4516
694 4923
704 708
704 780
704 1291
704 3888
708 2404
708 4319
4516 4500
4516 4632
4516 4646
4516 4656
4516 4661
4516 4677
4923 2776
4923 4804
4923 4946
2420 2163
2420 4821
2061 1846
2061 1852
2061 1875
2061 1901
2061 1942
2061 1961
2061 1986
2061 2003
2061 2008
2061 2011
2061 2019
2061 2023
2061 2063
2061 2073
2061 2087
2061 4315
699 2238
699 3097
2238 2664
3097 3267
3097 3293
3097 3342
3097 3383
700 3191
3191 3238
3191 3412
3191 3437
3191 3460
4259 1026
4259 2739
4259 3379
4259 3469
4259 3641
4259 3949
4259 4161
4259 4297
4259 4324
4259 4370
2849 1204
2849 2117
2849 2545
2849 2581
2849 2640
2849 2646
2849 2690
2849 2726
2849 2737
2849 2761
2849 2764
2849 2765
2849 2807
2849 2927
780 793
780 2868
780 4189
1291 1817
1291 1824
3888 1736
3888 4361
3888 4385
3888 4391
717 2937
717 3505
1194 1638
1194 1776
1194 1825
4204 2048
4204 3475
4204 3484
4204 3502
4204 3528
4204 3581
4204 3708
4204 3786
4204 3827
4204 3842
4204 3843
4204 3896
4204 3996
4204 4012
4204 4021
4204 4057
2404 1749
2404 2147
2404 2514
2404 2594
2404 2774
4319 1304
4319 2925
4319 3468
4319 3513
4319 3622
4319 3656
4319 3725
4319 3844
4319 3848
4319 3873
4319 3933
4319 3961
4319 3991
4319 4002
4319 4015
4319 4058
4319 4088
4319 4090
4319 4110
4319 4122
4319 4127
4319 4190
4319 4242
4319 4273
4319 4303
4319 4461
3323 2058
3323 3033
3323 3243
3323 3271
3323 3284
3323 3319
3323 3350
3323 3385
3323 3390
3323 3441
3323 3619
4309 1051
4309 1254
4309 1486
4309 2070
4309 2599
4309 3441
4309 3939
4309 4105
4309 4299
4309 4315
4309 4361
4309 4370
4309 4371
4309 4385
4309 4391
4251 1876
4251 2979
4251 3009
4251 3476
4251 3577
4251 3586
4251 3594
4251 3598
4251 3619
4251 3832
4251 3877
4251 3905
4251 3935
4251 3982
4251 3990
4251 4085
4251 4121
4251 4270
4251 4277
4195 2038
4195 2459
4195 3813
4195 4118
4195 4168
4195 4269
4195 4320
737 4268
4044 3781
4044 3800
4044 4188
4044 4192
3517 3750
3517 3877
3517 4084
4187 2450
4187 4178
4187 4255
4187 4359
2937 907
2937 1014
2937 2159
2937 2186
2937 2343
2937 2386
2937 2430
2937 2485
2937 2583
2937 2611
2937 2641
2937 2666
2937 2834
2937 2843
2937 2865
2937 2925
2937 2931
2937 2979
2937 4361
718 2119
718 3278
718 3529
2119 2201
2119 2870
2119 4545
3278 3235
3278 3244
3278 3260
3278 3420
3278 3424
3278 3429
3529 3475
3529 3786
3529 3996
3529 4012
3529 4057
3280 3003
3280 3036
3280 3196
3280 3353
3280 3408
3280 4185
1205 1251
1205 1333
1205 1580
3818 3806
3818 4171
3818 4838
2467 2213
2467 2307
2467 2594
2467 2774
2467 2929
2467 4497
4276 1554
4276 1760
4276 2761
4276 3044
4276 3075
4276 3557
4276 3637
4276 3661
4276 3699
4276 3759
4276 3840
4276 3865
4276 3876
4276 3977
4276 3979
4276 3989
4276 4007
4276 4028
4276 4100
4276 4205
4276 4343
2656 1626
2656 2410
2656 2549
2656 2769
2656 2772
2656 2797
2656 3598
2888 1463
2888 1559
2888 2435
2888 2513
2888 2524
2888 2632
2888 2695
2888 2747
2888 2854
2888 2855
2888 2947
2888 2952
2888 3394
2888 3876
2947 1086
2947 1641
2947 1798
2947 2226
2947 2297
2947 2345
2947 2352
2947 2377
2947 2493
2947 2509
2947 2514
2947 2520
2947 2660
2947 2683
2947 2711
2947 2719
2947 2747
2947 2767
2947 2796
2947 3338
2947 4896
1221 1408
1221 1677
1221 1723
1616 1217
1616 1397
1616 1490
1616 1526
1616 1716
1616 1723
1616 1748
1616 1787
1616 4484
1616 4843
1763 1108
1763 1217
1763 1227
1763 1298
1763 1325
1763 1354
1763 1427
1763 1469
1763 1555
1763 1577
1763 1600
1763 1609
1763 1678
1763 1705
1763 1712
1763 1723
1763 1748
1763 1787
1763 3626
1763 3746
1763 3762
727 1409
727 2927
1409 1550
1409 1583
1409 1604
1409 1751
1409 1766
2927 1072
2927 1824
2927 2130
2927 2156
2927 2169
2927 2182
2927 2256
2927 2322
2927 2330
2927 2364
2927 2381
2927 2406
2927 2425
2927 2562
2927 2581
2927 2640
2927 2646
2927 2657
2927 2685
2927 2690
2927 2726
2927 2737
2927 2764
2927 2765
2927 3370
2927 3825
2927 4097
1011 839
1011 865
1011 900
1011 986
1011 1033
1011 1059
1011 1073
1011 1292
1011 1772
1011 4338
3264 1985
3264 3286
3264 3394
3264 3412
3264 3441
3624 2514
3624 3622
3624 3725
3624 4114
3624 4265
730 3741
3741 3926
3741 3955
3741 4198
3741 4226
3014 3156
3014 3255
1825 892
1825 1044
1825 1143
1825 1219
1825 1275
1825 1311
1825 1313
1825 1317
1825 1320
1825 1375
1825 1387
1825 1441
1825 1448
1825 1455
1825 1456
1825 1464
1825 1476
1825 1487
1825 1492
1825 1493
1825 1496
1825 1556
1825 1571
1825 1621
1825 1626
1825 1638
1825 1677
1825 1737
1825 1744
1825 1776
1825 3006
1825 3782
1825 3971
1825 4051
1825 4904
2870 1122
2870 1676
2870 2357
2870 2376
2870 2590
2870 2606
2870 2675
2870 2690
2870 2722
2870 2735
2870 2820
2870 2856
2870 2958
2870 4817
2914 1643
2914 2302
2914 2469
2914 2524
2914 2695
2914 2711
2914 2719
2914 2739
2914 2752
2914 2780
2914 2805
2914 2807
2914 2854
2914 2952
2914 4244
2914 4622
3167 2348
3167 3182
3167 3184
3167 3357
3167 3402
1689 1210
1689 1306
1689 1476
1689 1569
1689 1590
1689 1669
1689 1727
1689 1729
1689 1739
1689 1749
1689 1762
1689 1803
1689 2578
1689 3495
4042 3437
4042 3462
4042 3506
4042 3917
4042 3937
4042 3944
4042 3967
4042 4039
4042 4215
4268 2478
4268 2952
4268 3426
4268 3813
4268 3860
4268 3863
4268 3909
4268 4031
4268 4098
4268 4243
4268 4264
4268 4946
4206 2925
4206 3020
4206 3424
4206 3466
4206 3530
4206 3554
4206 3620
4206 3631
4206 3791
4206 4051
4206 4103
4206 4173
4206 4178
4206 4278
4206 4292
1723 1047
1723 1207
1723 1227
1723 1269
1723 1354
1723 1427
1723 1486
1723 1490
1723 1555
1723 1577
1723 1712
1723 1748
1723 2262
1723 2284
1723 3963
4320 847
4320 2095
4320 3391
4320 3544
4320 3596
4320 3639
4320 3664
4320 3753
4320 3763
4320 3981
4320 3989
4320 4050
4320 4118
4320 4168
4320 4225
4320 4227
4320 4242
4320 4269
4320 4334
4320 4630
1037 833
1037 886
1037 944
1037 950
1037 995
1037 996
1037 1044
1037 2211
1037 3953
1037 3997
1037 4189
3289 2534
3289 3104
3289 3219
3289 3317
3289 3321
3289 3362
4826 2715
4826 4987
1898 2037
1898 2042
4385 1343
4385 2723
4385 3030
4385 3408
4385 3437
4385 3480
4385 3486
4385 3580
4385 3590
4385 3617
4385 3626
4385 3632
4385 3636
4385 3674
4385 3691
4385 3706
4385 3717
4385 3749
4385 3756
4385 3798
4385 3836
4385 3875
4385 3905
4385 3931
4385 3987
4385 3997
4385 4043
4385 4068
4385 4142
4385 4162
4385 4264
4385 4299
4385 4315
4385 4359
4385 4361
4385 4370
4385 4371
4385 4391
4385 4443
4385 4501
4385 4507
4615 1072
4615 2772
4615 4415
4615 4453
4615 4557
4615 4559
4615 4574
4615 4679
760 1073
760 3022
1867 1889
1867 2058
4161 4165
4161 4324
4161 4341
4161 4714
4341 1577
4341 2360
4341 2624
4341 3524
4341 3540
4341 3634
4341 3702
4341 3738
4341 3810
4341 3825
4341 3834
4341 3845
4341 3856
4341 3893
4341 3974
4341 3983
4341 4080
4341 4179
4341 4190
4341 4244
4341 4297
4341 4298
4341 4306
4341 4338
4341 4474
4341 4679
4341 4732
2064 1223
2064 1679
2064 1864
2064 1904
2064 1920
2064 1975
2064 2005
2064 2009
2064 2025
2064 2028
2064 2036
2064 2047
2064 2052
2064 2070
2064 2076
2064 2079
4704 1316
4704 1705
4704 3061
4704 4407
4704 4426
4704 4445
4704 4453
4704 4504
4704 4508
4704 4515
4704 4538
4704 4556
4704 4600
4704 4624
4704 4627
4704 4636
4704 4643
4704 4646
4704 4655
4704 4663
4704 4679
4704 4713
2801 1203
2801 1597
2801 2172
2801 2186
2801 2193
2801 2494
2801 2553
2801 2676
2801 2698
2801 2707
2801 2862
2801 3441
793 1824
793 2070
793 2590
793 4104
793 4136
1450 1343
1450 1489
1450 1491
1450 1528
3315 1716
3315 3102
3315 3179
3315 3223
3315 3299
3315 3309
3315 3390
3315 3441
3315 4303
1760 1245
1760 1393
1760 1435
1760 1486
1760 1498
1760 1585
1760 1656
1760 1665
1760 1671
1760 1693
1760 1725
1760 1728
1760 1750
1760 3418
1760 3645
1760 3907
1760 4103
4361 869
4361 1566
4361 1772
4361 3583
4361 3617
4361 3662
4361 3674
4361 3875
4361 3891
4361 3987
4361 3997
4361 4043
4361 4068
4361 4142
4361 4162
4361 4240
4361 4299
4361 4315
4361 4370
4361 4371
4361 4391
4361 4960
3288 1350
3288 3004
3288 3036
3288 3215
3288 3224
3288 3265
3288 3276
3288 3366
3288 3391
2681 2412
2681 2555
2681 2783
2681 2813
2681 2833
2341 1904
2341 2569
2607 2230
2607 2785
3839 3587
3839 3829
3839 3968
3839 4067
3725 3570
3725 3592
3725 4719
3172 3231
3172 3310
3172 3321
3172 3460
4677 2783
4677 3421
4677 4299
4677 4418
4677 4420
4677 4454
4677 4468
4677 4478
4677 4480
4677 4500
4677 4510
4677 4514
4677 4532
4677 4543
4677 4552
4677 4605
4677 4617
4677 4625
4677 4638
4677 4646
4677 4661
3715 1520
4805 4987
1493 1713
1493 1776
1493 3186
1803 1059
1803 1073
1803 1105
1803 1197
1803 1210
1803 1225
1803 1230
1803 1263
1803 1282
1803 1292
1803 1302
1803 1314
1803 1370
1803 1379
1803 1406
1803 1413
1803 1432
1803 1459
1803 1476
1803 1543
1803 1564
1803 1569
1803 1590
1803 1617
1803 1627
1803 1632
1803 1669
1803 1727
1803 1737
1803 1749
1803 1762
1803 1781
1803 2730
1803 3604
1803 4593
3621 3861
3621 3917
3621 3967
3621 4215
4595 1016
4595 1673
4595 4489
4595 4627
4595 4635
4595 4719
759 2196
759 3876
759 4371
2196 2338
2196 2515
2196 2861
2196 4933
3876 3543
4371 1203
4371 1966
4371 2033
4371 2201
4371 3171
4371 3480
4371 3617
4371 3640
4371 3650
4371 3662
4371 3697
4371 3700
4371 3717
4371 3756
4371 3761
4371 3987
4371 3997
4371 4068
4371 4142
4371 4162
4371 4225
4371 4269
4371 4299
4371 4315
4371 4370
4371 4391
4371 4678
4371 4927
1073 831
1073 832
1073 839
1073 848
1073 853
1073 854
1073 855
1073 856
1073 858
1073 860
1073 865
1073 872
1073 881
1073 891
1073 892
1073 907
1073 919
1073 924
1073 927
1073 931
1073 932
1073 958
1073 962
1073 965
1073 966
1073 986
1073 991
1073 1362
1073 2493
1073 3165
1073 3674
1073 4522
1073 4863
3022 2997
3022 3072
3022 3391
3022 3421
1040 897
1040 901
1040 914
1040 931
1040 964
1040 970
1040 1002
1040 1006
1040 1035
1040 1070
1040 2657
1040 3597
1040 4972
2077 1542
2077 1862
2077 1888
2077 1897
2077 1915
2077 1917
2077 1927
2077 1930
2077 1938
2077 1946
2077 1992
2077 1998
2077 2025
2077 2029
2077 2033
2077 2043
2077 2055
2077 2057
2077 2073
2077 2079
2077 2095
2077 2105
2077 2952
2077 2959
2077 3321
2077 3550
4243 1021
4243 1509
4243 1679
4243 2219
4243 2865
4243 3890
4243 4154
4243 4167
4243 4283
4526 4658
4526 4676
4526 4717
1958 1946
1958 2066
1958 2070
1958 2071
1958 2079
1958 4810
3268 3300
3268 3343
3268 3347
3268 3408
3268 3411
3268 4240
4391 980
4391 1174
4391 1197
4391 2009
4391 2200
4391 2848
4391 3271
4391 3480
4391 3489
4391 3549
4391 3553
4391 3580
4391 3626
4391 3640
4391 3650
4391 3674
4391 3697
4391 3717
4391 3754
4391 3789
4391 3796
4391 3836
4391 3853
4391 3875
4391 3931
4391 3997
4391 4043
4391 4057
4391 4062
4391 4068
4391 4142
4391 4162
4391 4182
4391 4226
4391 4299
4391 4315
4391 4370
1690 1054
1690 1124
1690 1126
1690 1169
1690 1327
1690 1403
1690 1471
1690 1472
1690 1474
1690 1517
1690 1628
1690 1660
1690 1713
1690 1729
1690 1745
1690 1798
1690 3137
1891 2047
1891 2071
1891 2076
4900 4749
4900 4800
4900 4853
4900 4873
4900 4941
4900 4950
4900 4966
4900 4976
1702 984
1702 1231
1702 1336
1702 1633
1702 1662
1702 1693
1702 1739
1702 1758
1702 4298
4564 4434
4564 4460
4564 4714
4564 4717
4622 4540
4622 4543
4622 4579
4622 4679
4622 4692
4622 4714
4298 1688
4298 1737
4298 2924
4298 3412
4298 3964
4298 3974
4298 4075
4298 4094
4298 4097
4298 4183
4298 4338
4577 4495
4577 4518
4577 4618
4577 4714
4577 4717
4149 941
4149 3543
4149 3602
4149 3647
4149 3657
4149 3758
4149 3844
4149 3923
4149 4005
4149 4238
4149 4240
4149 4266
4149 4272
4149 4278
4681 3587
4681 3640
4681 3690
4681 3828
4681 4435
4681 4449
4681 4464
4681 4467
4681 4475
4681 4511
4681 4548
4681 4584
4681 4589
4681 4605
4681 4611
4681 4623
4681 4634
4681 4650
4681 4654
4681 4664
4681 4665
4681 4679
4681 4690
4681 4717
4681 4909
3294 3113
3294 3225
3294 3266
3294 3348
3294 3357
3294 3402
3294 3424
3294 3429
3294 3437
3429 1401
3429 1713
3429 1749
3429 3013
3429 3058
3429 3101
3429 3119
3429 3148
3429 3182
3429 3211
3429 3216
3429 3235
3429 3249
3429 3250
3429 3263
3429 3267
3429 3338
3429 3342
3429 3348
3429 3357
3429 3383
3429 3400
3429 3402
3429 3420
3429 3424
3429 3460
3429 3848
3429 3978
3429 4638
1872 1871
1872 2009
1872 2059
1872 2063
1872 2931
3843 3528
3843 3827
3843 3842
3843 3896
3843 3996
3843 4021
3105 3241
3105 3460
2929 2135
2929 2167
2929 2189
2929 2216
2929 2301
2929 2380
2929 2397
2929 2525
2929 2546
2929 2571
2929 2591
2929 2605
2929 2650
2929 2776
2929 2845
2929 2848
2929 2895
2929 2898
2929 2924
2929 2952
2929 3838
2929 4483
2929 4524
2929 4881
3143 3051
3143 3194
3143 3220
3143 3365
3143 3409
1010 843
1010 882
1010 919
1010 1014
1010 1034
1010 1044
1010 1728
2646 2330
2646 2381
2646 2483
2646 2657
2646 2737
2646 3964
2820 1787
2820 2217
2820 2516
2820 2532
2820 2723
2820 2761
2820 2896
2820 2925
2820 4254
2820 4318
2820 4359
3040 3190
3040 3592
3296 1782
3296 3266
3296 3331
3296 3342
3296 3381
3296 3383
3296 3402
3296 3420
3296 3426
3296 4105
937 894
937 936
937 938
937 976
937 1050
937 1070
937 1072
937 2189
3262 3023
3262 3192
3262 3394
3262 3405
3262 3406
3262 3460
2651 2148
2651 2210
2651 2285
2651 2351
2651 2453
2651 2535
2651 2556
2651 2567
2651 2662
2651 2854
2651 3208
2651 3641
2651 4273
2868 1569
2868 1637
2868 2177
2868 2255
2868 2290
2868 2377
2868 2412
2868 2422
2868 2465
2868 2558
2868 2601
2868 2714
2868 2783
2868 2813
2868 2833
4189 3468
4189 3592
4189 3828
4189 3838
4189 4002
4189 4058
4189 4114
4189 4122
4189 4154
4189 4273
4189 4303
4189 4834
1490 1288
1490 1346
1490 1787
1490 3411
4067 2347
4067 2861
4067 3402
4067 3587
4067 3630
4067 3743
4067 3879
1317 1343
1317 1380
1543 1536
1543 1727
1543 1737
1543 1762
2836 1486
2836 1824
2836 2410
2836 2442
2836 2449
2836 2486
2836 2517
2836 2533
2836 2549
2836 2588
2836 2626
2836 2643
2836 2649
2836 2727
2836 2772
2836 2797
2675 2325
2675 2504
2675 2606
2675 2835
2675 2958
2675 4089
4104 2728
4104 3897
4104 3899
4104 3953
4104 4060
4104 4116
4104 4188
4104 4205
4104 4283
4104 4318
4768 4837
1727 1097
1727 1496
1727 1499
1727 1569
1727 1617
1727 1632
1727 1669
1727 1737
1727 1749
1727 1762
1727 2008
1727 2618
1727 4692
3129 3111
3129 3276
3129 3338
4160 1121
4160 1549
4160 3683
4160 3757
4160 3887
4160 4108
4160 4159
4160 4254
4160 4327
4160 4333
1465 1497
1465 1758
1465 1777
1465 1873
3144 3406
4495 4714
4495 4717
2483 1906
2483 2748
2483 2959
3874 4269
3874 4334
2499 2249
2499 2285
2499 2453
2499 2535
2499 2556
2499 2567
2499 2568
3418 1697
3418 3096
3418 3171
3418 3219
3418 3220
3418 3222
3418 3231
3418 3236
3418 3292
3418 3302
3418 3308
3418 3310
3418 3316
3418 3317
3418 3326
3418 3346
3418 3355
3418 3362
3418 3364
3418 3370
3418 3405
3418 3409
3418 3426
1609 1269
1609 1354
1609 1408
1609 1748
1609 2516
1609 2741
1609 3405
1638 1455
1638 1589
1638 1593
1638 1776
1638 2641
3799 3782
3799 3803
3799 3841
3799 4025
3799 4084
1323 1380
1323 1824
3865 2952
3865 3871
3865 4205
3865 4318
3865 4343
1150 1349
1150 1604
1150 1678
1798 934
1798 1134
1798 1152
1798 1161
1798 1164
1798 1204
1798 1253
1798 1265
1798 1276
1798 1300
1798 1309
1798 1319
1798 1361
1798 1374
1798 1379
1798 1386
1798 1396
1798 1430
1798 1438
1798 1454
1798 1495
1798 1523
1798 1524
1798 1529
1798 1535
1798 1561
1798 1595
1798 1642
1798 1655
1798 1688
1798 1696
1798 1705
1798 1708
1798 1781
1798 2858
1798 3079
1798 3086
1798 3506
2678 1632
2678 2116
2678 2250
2678 2317
2678 2527
2678 2684
2678 2705
2678 2757
2678 3081
2678 4420
4269 3682
4269 3709
4269 3765
4269 3981
4269 4225
4269 4227
4269 4334
4333 1286
4333 2649
4333 3311
4333 3460
4333 3461
4333 3525
4333 3595
4333 3603
4333 3613
4333 3659
4333 3692
4333 3748
4333 3855
4333 3880
4333 3939
4333 3946
4333 4046
4333 4076
4333 4137
4333 4157
4333 4159
4333 4254
4333 4300
4333 4327
4333 4719
1197 1517
4174 3421
4174 3585
4174 4085
4174 4239
4174 4292
4183 2649
4183 3063
4183 3889
4183 4244
4183 4297
4183 4324
4183 4327
4559 1394
4559 4416
4559 4714
4559 4717
1824 1133
1824 1223
1824 1239
1824 1259
1824 1280
1824 1318
1824 1322
1824 1346
1824 1373
1824 1400
1824 1419
1824 1494
1824 1501
1824 1507
1824 1558
1824 1565
1824 1570
1824 1575
1824 1595
1824 1596
1824 1622
1824 1630
1824 1643
1824 1712
1824 1716
1824 1721
1824 1779
1824 1781
1824 1817
1824 2359
1824 2854
1824 3271
1824 3421
1824 4028
1824 4421
2070 1055
2070 1693
2070 1852
2070 1868
2070 1883
2070 1916
2070 1920
2070 1926
2070 1944
2070 1975
2070 1985
2070 2000
2070 2022
2070 2046
2070 2047
2070 2052
2070 2066
2070 2071
2070 4782
2590 2525
2590 2826
4136 1070
4136 1512
4136 3695
4136 3759
4136 3831
4136 3881
4136 3986
4136 4007
4136 4093
4136 4176
4136 4185
4136 4197
4136 4748
976 1007
976 1041
1861 2032
1992 1914
1992 2017
1992 2057
1992 2073
1992 2095
1992 4145
2952 2151
2952 2283
2952 2294
2952 2356
2952 2530
2952 2563
2952 2628
2952 2724
2952 2770
2952 2785
2952 2829
2952 2890
2952 2912
2952 2916
2952 3267
2952 3409
2952 4075
4186 1473
4186 3601
4186 4062
4186 4171
4186 4188
4186 4192
4186 4283
4186 4318
4825 2067
4825 4741
1527 1154
1527 1177
1527 1712
1527 1728
1527 3574
1143 1377
1188 1817
1188 4121
3803 2364
3803 3750
3803 3912
3803 4025
3803 4084
3814 4987
4272 1949
4272 3515
4272 3543
4272 3566
4272 3600
4272 3647
4272 3657
4272 3678
4272 3719
4272 3758
4272 3923
4272 3980
4272 4000
4272 4005
4272 4100
4272 4238
4272 4240
4272 4266
4272 4654
4272 4856
2067 1033
2067 1862
2067 1912
2067 1925
2067 1927
2067 1961
2067 1971
2067 1998
2067 2005
2067 2017
2067 2030
2067 2038
2067 2048
2067 2055
2067 2073
2067 2095
2067 2542
2067 3671
2959 1411
2959 1573
2959 1697
2959 1737
2959 2105
2959 2209
2959 2243
2959 2248
2959 2298
2959 2376
2959 2429
2959 2432
2959 2516
2959 2548
2959 2610
2959 2617
2959 2622
2959 2635
2959 2733
2959 2761
2959 2871
2959 2896
2959 2925
2959 3141
2959 3265
2959 4759
3636 3746
4026 3478
4026 3597
4026 3689
4026 3835
4026 3858
4026 3898
4026 4015
4026 4209
4026 4338
3027 2679
3027 3282
3233 1437
3233 3374
3233 3406
3233 3460
4192 1380
4192 3800
4192 4060
4192 4116
4192 4188
4192 4200
4192 4318
4488 2283
4488 4537
4488 4679
2525 2886
2525 2924
2525 3502
2765 1495
2765 2169
2765 2562
2765 2640
2765 2690
2765 2726
2765 2737
2765 2869
3366 1161
3366 1167
3366 3003
3366 3111
3366 3165
3366 3174
3366 3180
3366 3198
3366 3215
3366 3217
3366 3250
3366 3265
3366 3331
3366 3408
3366 3421
3366 3983
3861 1627
3861 3655
3861 3762
3861 3937
3861 4037
3861 4116
3861 4215
2785 2550
2785 2659
2785 2912
2785 2916
2785 4040
3437 1622
3437 2807
3437 3007
3437 3023
3437 3047
3437 3092
3437 3106
3437 3118
3437 3123
3437 3155
3437 3176
3437 3194
3437 3201
3437 3237
3437 3241
3437 3299
3437 3334
3437 3374
3437 3379
3437 3394
3437 3404
3437 3406
3437 3412
3437 4318
3673 4300
4089 1575
4089 4003
4089 4132
4089 4157
4089 4238
4089 4262
4089 4271
1051 833
1051 837
1051 880
1051 921
1051 964
1051 984
1051 1001
1051 1007
1051 1013
1051 1026
1051 1044
1051 2588
1782 1113
1782 1198
1782 1235
1782 1265
1782 1270
1782 1293
1782 1358
1782 1383
1782 1428
1782 1440
1782 1475
1782 1509
1782 1532
1782 1566
1782 1588
1782 1658
1782 1661
1782 1664
1782 1688
1782 1700
1782 1736
1782 1772
1782 2444
1782 3829
1782 3917
1782 4297
2005 1749
2005 2017
2005 2057
2005 2073
2005 2095
3852 1041
3852 4209
3852 4252
3852 4264
4829 4334
4829 4771
4829 4904
4829 4906
4829 4907
4829 4929
4829 4947
4886 1708
4886 4794
4886 4859
4886 4896
4886 4905
4886 4921
4886 4960
3421 3004
3421 3012
3421 3017
3421 3041
3421 3106
3421 3108
3421 3157
3421 3165
3421 3174
3421 3180
3421 3181
3421 3199
3421 3200
3421 3250
3421 3252
3421 3286
3421 3370
3421 3372
3421 3391
3421 3681
3421 3990
3675 3903
3675 4097
3675 4222
3675 4271
4277 3400
4277 3476
4277 3559
4277 3572
4277 3594
4277 3598
4277 3608
4277 3619
4277 3737
4277 3820
4277 3832
4277 3877
4277 3905
4277 3935
4277 3990
4277 4085
4277 4121
4277 4270
4277 4283
4277 4665
4665 4197
4665 4477
4665 4485
4665 4548
4665 4573
4665 4584
4665 4611
4665 4634
4665 4653
4665 4654
4665 4659
4665 4664
4679 3669
4679 3930
4679 4423
4679 4459
4679 4484
4679 4643
4679 4655
4679 4663
4679 4717
2752 1817
2752 2352
2752 2780
2752 2855
2752 3194
2752 4455
4542 2523
4542 4433
4542 4588
4542 4717
1728 1195
1728 1310
1728 1574
1728 1585
1728 1592
1728 1665
1728 1676
1728 1725
1728 1777
1728 2816
1728 3785
2127 2669
2890 952
2890 2141
2890 2146
2890 2428
2890 2568
2890 2829
2890 2912
2890 2916
2890 2925
2890 4851
3536 2225
4589 2241
4589 4449
4589 4521
4589 4532
4589 4654
4589 4690
4959 1693
4959 4283
4959 4747
4959 4755
4959 4762
4959 4795
4959 4807
4959 4813
4959 4850
4959 4856
4959 4911
4959 4915
4959 4920
4959 4926
3929 4088
3929 4163
3929 4265
4031 2532
4031 3700
4031 4034
4693 1115
4693 2163
4693 2489
4693 4422
4693 4430
4693 4459
4693 4460
4693 4471
4693 4505
4693 4519
4693 4557
4693 4566
4693 4581
4693 4593
4693 4611
4693 4648
4693 4652
4693 4658
4693 4676
4693 4714
4693 4717
4873 3987
4873 4760
4873 4941
4873 4950
4873 4966
4873 4976
1975 1894
1975 2072
1975 2079
3180 1735
3180 3174
3795 1712
3795 3750
3795 3841
3795 3912
3795 4084
4901 4759
4901 4781
4901 4838
4901 4849
4901 4884
4901 4913
4901 4916
4901 4954
896 870
896 1054
896 1070
896 1072
975 916
975 1016
975 1035
975 1660
1230 1499
1585 1272
1585 1310
1585 1777
1617 1397
1617 1737
1617 1749
1617 1762
1617 2111
1617 3243
2541 4503
3370 2303
3370 2997
3370 2998
3370 3089
3370 3181
3370 3186
3370 3199
3370 3282
3370 3391
3370 4303
3370 4499
3771 4028
3771 4230
3771 4299
3771 4343
1284 1570
1284 1573
1284 1593
1284 1606
1284 1614
1284 1619
1284 1620
1967 1839
1967 1935
1967 1959
1967 1987
1967 1995
1967 2045
2710 2334
2710 2376
2710 2390
2710 4714
3899 926
3899 3850
3899 4116
3899 4315
4905 4785
4976 930
4976 2059
4976 2066
4976 2617
4976 2764
4976 4737
4976 4743
4976 4749
4976 4758
4976 4760
4976 4773
4976 4778
4976 4779
4976 4798
4976 4800
4976 4806
4976 4811
4976 4820
4976 4824
4976 4853
4976 4858
4976 4861
4976 4877
4976 4941
4976 4950
4976 4966
887 969
887 1044
887 2561
1322 1817
1322 3887
1464 1621
1464 1979
4230 1383
4230 2896
4230 3571
4230 3811
4230 3889
4230 3956
4230 3979
4230 4100
4230 4205
4230 4343
4713 1024
4713 1779
4713 2299
4713 2855
4713 3752
4713 4419
4713 4423
4713 4426
4713 4445
4713 4448
4713 4458
4713 4459
4713 4461
4713 4470
4713 4483
4713 4486
4713 4494
4713 4497
4713 4508
4713 4538
4713 4540
4713 4543
4713 4554
4713 4557
4713 4571
4713 4574
4713 4593
4713 4630
4713 4636
4713 4641
4713 4655
4713 4659
4713 4660
4713 4663
4713 4678
4713 4714
4713 4920
1936 1952
1936 2021
1936 2066
1936 2076
1936 2684
4145 1016
4145 2134
4145 3561
4145 3835
4145 3850
4145 3853
4145 3934
4145 4004
4145 4015
4145 4209
4145 4315
2079 1864
2079 1868
2079 1873
2079 1883
2079 1899
2079 1904
2079 1907
2079 1926
2079 1937
2079 1970
2079 1976
2079 2000
2079 2036
2079 2046
2079 2047
2079 2066
2079 2071
2079 2076
2079 3079
2079 3404
2079 3892
2079 4429
3431 1168
3431 1344
3431 2174
3431 2995
3431 3053
3431 3083
3431 3102
3431 3121
3431 3122
3431 3128
3431 3149
3431 3187
3431 3234
3431 3238
3431 3243
3431 3284
3431 3286
3431 3309
3431 3319
3431 3327
3431 3383
3431 3385
3431 3441
3431 4811
4894 833
4894 4742
4894 4987
1518 1339
1518 1662
1518 1697
1518 1758
1583 1255
1583 1273
1583 1654
1583 1673
1583 1766
1583 1914
3138 3150
3138 3210
3138 3266
3138 3411
4257 3258
4257 3374
4257 4027
4257 4150
4257 4153
4257 4224
4257 4246
4257 4255
4257 4300
4257 4359
4632 2608
4632 4519
4632 4523
4632 4633
4632 4652
4632 4717
2011 1935
2011 1947
2011 1951
2011 1964
2011 1986
2011 2087
2011 2739
2058 1838
2058 1870
2058 1887
2058 1918
2058 1922
2058 1984
2058 1996
2058 2021
2058 2026
2058 2044
2058 2051
2058 2063
2058 3326
2058 4749
2503 2452
2503 2644
2503 2706
2503 2792
2503 2861
4262 1499
4262 1569
4262 3277
4262 3402
4262 3460
4262 3471
4262 3523
4262 3574
4262 3579
4262 3671
4262 3837
4262 3854
4262 3885
4262 3921
4262 4157
4262 4271
1263 2072
3081 3122
3081 3293
3081 3426
4179 4221
4179 4237
4179 4359
4179 4772
985 835
985 863
985 959
985 971
1318 1597
1318 1779
1621 1193
1621 1219
1621 1562
1621 1776
1621 3185
1621 3833
1621 4911
1951 1957
1951 2026
1951 2048
4225 2707
4225 2886
4225 3623
4225 3654
4225 3709
4225 3727
4225 3753
4225 3840
4225 4019
4225 4227
4225 4334
4225 4941
1164 1628
2448 2348
2448 2350
2448 2458
2448 2489
2448 2528
2657 1506
2657 2581
2657 2726
2657 2776
2669 2055
2669 2326
2669 2449
2669 2626
2669 2687
2669 2772
2669 2797
3684 3946
3684 4063
3684 4198
3684 4226
4047 897
4047 2610
4047 4062
4047 4237
4047 4283
4407 4630
4973 1700
4973 4750
4973 4791
4973 4885
4973 4895
4973 4897
4973 4924
4973 4935
4973 4946
4973 4987
2916 2254
2916 2348
2916 2407
2916 2519
2916 2530
2916 2724
2916 2770
2916 2829
2916 2912
2916 2958
2916 3220
2916 3327
2916 4719
4021 3842
4021 3896
4021 4012
4021 4057
4021 4338
4579 2606
4579 4470
4579 4483
4579 4522
4579 4599
4579 4889
1044 859
1044 868
1044 871
1044 982
1044 984
1044 1003
1044 1041
1044 1060
1044 1977
1044 2568
1044 4477
1094 1421
1094 1662
1094 3187
2551 2487
2551 2862
2854 2302
2854 2632
2854 2719
2854 2767
2854 3177
2854 3971
2854 4714
4692 2684
4692 2805
4692 3877
4692 4167
4692 4405
4692 4421
4692 4465
4692 4525
4692 4536
4692 4541
4692 4571
4692 4586
4692 4604
4692 4607
4692 4608
4692 4609
4692 4635
4692 4644
4692 4649
4692 4667
4692 4719
1473 1705
1473 1781
1473 2280
1552 1382
1552 1385
1552 1521
1552 1597
1552 1661
1552 1692
1552 1751
1552 1766
1552 2333
2776 2392
2776 2494
2776 2553
2776 2676
3420 1613
3420 2003
3420 2996
3420 3013
3420 3058
3420 3060
3420 3113
3420 3160
3420 3216
3420 3231
3420 3235
3420 3263
3420 3274
3420 3338
3420 3342
3420 3350
3420 3357
3420 3383
3420 3400
3420 3424
3420 3441
3420 3944
3487 2886
3487 4148
4076 1275
4076 3659
4076 4222
4076 4254
4076 4300
4121 2042
4121 2477
4121 3572
4121 3617
4121 3619
4121 3927
4121 3935
4121 3990
4121 4085
4121 4270
4338 1047
4338 3405
4338 3481
4338 3556
4338 3793
4338 3822
4338 3845
4338 3893
4338 3949
4338 3974
4338 4094
4338 4190
4338 4244
4338 4297
4338 4324
4752 4817
4752 4918
4752 4954
4934 1484
4934 3148
4934 3720
4934 4753
4934 4785
4934 4804
4934 4862
4934 4871
4934 4895
4934 4896
4934 4960
1777 1212
1777 1237
1777 1394
1777 1497
1777 1498
1777 1519
1777 1589
1777 1656
1777 1671
1777 1676
1777 1725
1777 3122
1777 4169
1979 1986
1979 2066
1979 2087
2251 2132
2251 2435
2251 2682
2251 2683
2251 2761
2251 2840
2276 2495
2276 2542
2276 2667
2276 2894
2805 2249
2805 2347
2805 2414
2805 2632
2805 2711
2805 2796
2805 2855
2805 3016
3383 2796
3383 3239
3383 3274
3383 3346
3383 3348
3383 3350
3383 3357
3383 3381
3383 3400
3383 3424
3383 4114
4137 1750
4137 2416
4137 3461
4137 3473
4137 3603
4137 3886
4137 4027
4137 4050
4656 4012
4656 4454
4656 4456
4656 4480
4656 4498
4656 4500
4656 4510
4656 4580
4656 4638
4656 4646
1103 1448
1103 1744
1103 3955
1570 1817
1952 1904
1952 2028
1952 2071
1952 2076
2487 2318
2487 2494
2487 2862
2487 4667
3245 3165
3245 3292
3245 3394
3245 3405
3245 3412
3245 3460
3245 4283
3408 3020
3408 3044
3408 3086
3408 3098
3408 3166
3408 3197
3408 3205
3408 3210
3408 3248
3408 3281
3408 3320
3408 3334
3408 3343
3408 3393
3408 3411
3408 3651
3408 4278
1419 1615
1455 992
1455 1776
2343 2979
2343 4479
2690 943
2690 2764
2690 2862
2690 4918
2692 2129
2692 2194
2692 2269
2692 2300
2692 2435
2692 2619
2692 2682
2692 2683
2692 2809
2692 2840
2692 2979
2692 4103
2784 2280
2784 2666
2784 2734
2784 2834
2784 2896
2784 2931
2784 2979
2784 4002
3903 3547
3903 4046
3903 4300
3903 4327
4238 1614
4238 2791
4238 2931
4238 3515
4238 3552
4238 3566
4238 3647
4238 3678
4238 3719
4238 3758
4238 3923
4238 3980
4238 4000
4238 4005
4238 4240
4238 4266
4238 4929
4519 4599
2414 2154
2414 2386
2414 2739
2414 2747
2414 4278
2807 2695
2807 2809
2807 2855
2807 3825
2807 4848
2827 2333
2827 2559
2827 2592
2827 2631
2827 2708
2827 2715
2827 2894
2827 3083
2827 4029
2827 4505
3937 3666
3937 3726
3937 3730
3937 3944
3937 3967
3937 4215
1971 2043
1971 2055
1971 2095
2660 1238
2660 1608
2660 2881
2660 2912
1441 1427
1441 1744
1562 1203
1562 1577
1562 1776
1562 2336
2412 2783
2412 2813
2412 2833
2412 4533
2664 2184
2664 2241
2664 2335
2664 2451
2664 2478
2664 4560
3192 3038
3192 3224
3192 3353
3694 4088
3694 4113
4040 4237
4040 4359
4806 3523
4806 4742
4806 4773
4806 4941
4806 4966
4898 2816
4898 3926
4898 4832
4898 4849
4898 4884
4898 4913
4898 4916
888 879
888 1050
888 1054
888 1070
888 1072
1258 1339
1258 1405
1258 1520
1258 1652
1258 1739
1470 1286
1470 1525
1470 1554
2223 2364
2223 2798
2223 2861
2871 984
2871 1787
2871 2195
2871 2298
2871 2342
2871 2376
2871 2438
2871 2548
2871 2630
2871 2723
2871 2733
2871 2748
2871 2896
2871 2925
2871 4334
2871 4944
3334 2723
3334 3009
3334 3166
3334 3205
3334 3248
3334 3269
3334 3281
3334 3320
3334 3329
3334 3411
3797 1633
3897 4283
3897 4318
4246 1166
4246 1566
4246 3978
4246 4165
4246 4182
4246 4237
4246 4256
4246 4359
4246 4462
2338 2426
2338 2730
2338 2744
2338 2758
3276 3015
3276 3026
3276 3196
3276 3199
3276 3200
3347 3020
3347 3160
3347 3208
3347 3320
3347 3411
3409 1469
3409 2999
3409 3084
3409 3124
3409 3171
3409 3220
3409 3222
3409 3236
3409 3277
3409 3302
3409 3355
3409 3362
3409 3365
3409 3426
3409 3460
3409 4221
3689 3739
3689 3870
3689 4004
3689 4008
3689 4114
3761 4370
4171 2047
4171 2144
4171 3766
4171 4001
4171 4188
4171 4283
4171 4318
4849 4780
4849 4863
4849 4954
4909 1047
4909 4987
2389 2299
2389 2958
2389 4932
2666 2843
2666 4501
2809 879
2809 2129
2809 2132
2809 2194
2809 2217
2809 2269
2809 2314
2809 2353
2809 2435
2809 2480
2809 2608
2809 2682
2809 2683
2809 2840
2809 3598
3559 3905
3559 4244
3559 4270
3806 2895
3806 4252
4237 1007
4237 4221
4237 4359
4714 2698
4714 2761
4714 2912
4714 3811
4714 4416
4714 4422
4714 4450
4714 4471
4714 4473
4714 4476
4714 4487
4714 4496
4714 4506
4714 4517
4714 4518
4714 4527
4714 4566
4714 4574
4714 4578
4714 4581
4714 4583
4714 4593
4714 4594
4714 4614
4714 4618
4714 4633
4714 4640
4714 4652
4714 4658
4714 4676
4714 4717
831 967
831 1017
967 998
967 1002
967 1047
967 2384
967 2501
1017 853
1017 913
1017 927
1017 991
1017 3402
1017 3709
833 959
833 1013
959 922
959 1007
959 1492
1013 879
1013 940
1013 971
1013 1001
1013 1003
1013 1007
1013 1060
1013 2553
1013 2774
1013 3163
834 894
834 939
834 1050
834 1070
834 1072
834 3645
834 3832
894 938
894 1060
894 1072
894 2076
894 2748
939 953
939 1015
939 1050
939 1054
939 1070
939 1072
939 2138
1050 844
1050 857
1050 874
1050 936
1050 941
1050 942
1050 957
1050 969
1050 996
1050 1015
1050 1024
1050 1054
1050 1070
1050 1072
1050 1146
1050 2861
1050 3216
1050 4508
1070 841
1070 844
1070 857
1070 871
1070 877
1070 880
1070 884
1070 915
1070 936
1070 938
1070 941
1070 944
1070 953
1070 969
1070 977
1070 980
1070 1015
1070 1024
1070 1027
1070 1034
1070 1054
1070 1072
1070 3885
1070 4222
1072 835
1072 844
1072 857
1072 871
1072 874
1072 877
1072 903
1072 915
1072 936
1072 941
1072 942
1072 944
1072 950
1072 953
1072 957
1072 969
1072 977
1072 980
1072 1015
1072 1024
1072 1027
1072 1054
1072 1055
1072 1434
1072 1590
1072 1665
1072 2706
1072 2724
1072 3589
1072 4182
3645 3869
3645 4242
3645 4303
3832 3310
3832 3501
3832 4270
835 871
835 1054
835 4843
871 844
871 2026
1054 837
1054 884
1054 915
1054 938
1054 957
1054 969
1054 977
1054 980
1054 1014
1054 1024
1054 1027
1054 1060
1054 1863
1054 2116
1054 3620
1054 4646
1054 4878
4843 4844
4843 4852
4843 4872
4843 4947
836 986
836 1033
986 865
986 893
986 991
986 1033
986 1378
1033 855
1033 878
1033 891
1033 892
1033 913
1033 932
1033 965
1033 966
1033 995
1033 1060
1033 1130
1033 4916
839 4646
4646 1977
4646 2667
4646 4418
4646 4456
4646 4472
4646 4510
4646 4617
4646 4641
2497 2516
2497 2912
841 977
841 1024
841 1027
977 941
1024 874
1024 903
1024 938
1024 944
1024 969
1024 980
1024 1027
1024 2796
1024 4190
1027 904
1027 942
1027 953
1027 957
1027 969
1027 1015
1027 3249
1027 4265
842 982
842 1060
842 1661
982 843
982 916
982 923
982 953
982 1016
1060 859
1060 879
1060 895
1060 923
1060 930
1060 948
1060 971
1060 996
1060 1001
1060 1003
1060 1026
1060 1416
1060 1673
1060 2601
1060 4929
1661 1383
1661 1428
1661 1475
1661 1566
1661 1588
1661 1658
1661 1688
1661 1736
1661 1772
1661 4642
843 950
950 2924
950 3999
845 3702
3702 2095
3702 4297
846 878
846 949
878 2724
949 983
949 1007
949 1281
949 4025
847 1055
1055 867
1055 870
1055 897
1055 899
1055 905
1055 914
1055 922
1055 935
1055 940
1055 964
1055 1002
1055 1006
1055 1021
1055 1035
1055 1059
1055 2855
1055 4598
1055 4840
848 983
848 1047
848 1059
983 914
983 934
983 935
983 1035
983 1047
983 1059
983 1983
1047 909
1047 924
1047 934
1047 940
1047 970
1047 992
1047 1016
1047 1035
1047 1059
1047 1266
1047 2234
1047 2772
1059 867
1059 873
1059 886
1059 897
1059 899
1059 901
1059 926
1059 934
1059 952
1059 992
1059 998
1059 1006
1059 1021
1059 1035
1059 1251
1059 1302
1059 4090
1059 4175
1059 4343
1059 4620
850 903
850 930
850 1014
850 1679
903 936
903 3925
930 1015
930 1034
1014 858
1014 1026
1014 1154
1014 2268
1679 1125
1679 1312
1679 1351
1679 1411
1679 1516
1679 1540
1679 1649
1679 1654
1679 1680
1679 1692
1679 1751
1679 1766
1679 2813
852 925
852 984
852 2727
925 992
925 1006
925 2758
925 3426
984 863
984 912
984 971
2727 1871
2727 2549
2727 2687
2727 2769
2727 2797
2727 2881
2727 4148
2727 4240
853 966
966 854
966 856
966 860
966 912
966 927
966 3822
858 1851
1851 2021
1851 4334
859 932
859 1237
932 924
932 1491
932 3391
1237 1421
1237 1574
1237 3412
860 3783
3783 1556
3783 3886
3783 4222
3783 4315
3783 4327
863 1259
1259 1817
1259 2122
864 947
864 1371
864 3160
947 907
947 4914
1371 1664
1371 1736
3160 3343
3857 4271
867 1035
1035 886
1035 1016
1035 1026
1035 1606
1035 2026
1035 3890
868 1575
868 3647
1575 1289
1575 1633
1575 1699
1575 1739
1575 4815
3647 3510
3647 4266
869 924
869 2363
924 1524
924 4510
2363 2450
2363 2553
2363 2676
870 998
870 3976
998 934
998 940
998 971
998 1574
3976 3196
3976 4264
2026 1889
2026 1989
2026 1996
2026 2012
2026 2021
2026 2042
2026 2051
2026 2059
2026 2073
872 4875
4875 4855
4875 4987
873 1021
1021 914
1021 1002
1021 1003
1021 1499
1021 3718
1021 3796
1021 4891
874 1705
1705 1098
1705 1426
1705 1472
1705 1524
1705 1545
1705 1592
1705 4794
2486 2772
942 944
942 2714
877 1095
877 3840
1095 1520
1095 1526
3840 3871
3840 3977
2724 2829
2724 3357
2724 4972
880 911
880 1643
911 1628
911 2016
1643 1716
1643 1721
1643 1817
1643 1990
881 962
962 900
962 965
962 1034
962 2042
962 3181
882 935
935 926
935 1016
931 913
931 2772
884 900
884 980
884 2122
900 1915
900 3973
980 941
980 969
980 2051
980 3412
2122 2645
992 940
992 1002
992 1592
886 901
886 3627
901 3926
3627 1555
3627 3726
3627 4242
969 944
969 1015
969 3523
2561 2399
2561 2599
2561 2845
2561 2869
2561 2895
2561 2924
889 921
889 3528
921 995
3528 3581
3528 3996
3528 4057
3528 4660
891 4173
4173 1684
4173 1737
4173 3488
4173 3494
4173 3556
4173 3713
4173 4103
4173 4178
4173 4278
4173 4292
892 923
923 2858
893 1001
1001 948
1001 1472
1001 3068
938 957
938 1007
938 1015
938 1269
2076 1845
2076 1870
2076 1895
2076 1916
2076 1947
2076 1962
2076 1970
2076 1976
2076 2000
2076 2009
2076 2016
2076 2022
2076 2036
2076 2046
2076 2048
2076 2052
2076 2066
2076 2071
2076 2684
2076 2707
2076 3355
2076 3935
2748 1593
2748 1864
2748 2532
2748 2679
2748 2816
2748 3309
897 991
991 927
991 958
899 2855
2855 2475
2855 2509
2855 2521
2855 2608
2855 2767
2855 3212
1915 1888
1915 2055
1915 2073
1915 2095
1915 4801
3973 3557
3973 4359
3926 3786
3926 3955
3926 4063
3926 4198
3926 4226
936 1015
3925 3604
3925 3968
3925 4915
904 3284
3284 3104
3284 3128
3284 3358
3284 4637
905 1002
905 1006
905 2240
1002 3983
1002 4318
1002 4503
1006 909
1006 914
1006 922
1006 952
1006 2066
1006 4536
1006 4652
907 1034
1034 912
1034 958
1034 1026
1034 1041
1034 1491
1034 1758
1034 2861
1034 3535
957 2696
3829 3743
909 952
909 1179
909 1852
952 964
952 1016
952 1668
1179 1558
1179 1693
1852 1910
1852 2009
1016 926
1016 940
1016 1271
1016 2997
1628 1324
1628 1472
1628 1517
1628 1660
1628 1713
1628 1729
1628 1745
1628 4859
2016 1900
2016 1961
2016 1977
2016 2002
2016 2032
2016 2139
2016 3949
912 2843
2843 2386
2843 2451
2843 2816
2843 2865
2843 2931
2843 2979
2843 3009
2843 3329
2843 4412
913 961
913 1606
961 958
961 965
1606 1344
1606 1500
1606 1506
1606 1519
1606 1573
1606 1593
1606 1608
1606 1614
1606 1619
1606 1620
914 3393
914 4271
3393 3009
3393 3020
3393 3112
3393 3147
3393 3164
3393 3166
3393 3197
3393 3236
3393 3244
3393 3248
3393 3269
3393 3300
3393 3320
3393 3329
3393 3411
4271 2723
4271 3199
4271 3523
4271 3574
4271 3579
4271 3837
4271 3854
4271 3870
4271 3885
4271 3957
4271 4025
4271 4132
4271 4157
915 941
915 944
915 2469
941 2912
944 965
944 2695
944 4265
2469 2979
2469 3974
916 926
916 1916
916 4524
926 4944
1916 2028
1916 2052
1916 2071
1916 2674
4524 2747
4524 4412
4524 4719
1015 953
1015 1026
1015 1342
919 958
919 2403
2403 2739
995 996
995 1026
995 1587
2858 2029
2858 2144
2858 2158
2858 2188
2858 2215
2858 2318
2858 2374
2858 2375
2858 2398
2858 2408
2858 2593
2858 2638
2858 2725
2858 2826
2858 4884
1524 1168
1524 1696
1524 1781
1524 3753
2758 2143
2758 2466
2758 2706
2758 2744
2758 2792
2758 2798
2758 2861
2758 3985
3426 1559
3426 1781
3426 2087
3426 3055
3426 3084
3426 3124
3426 3134
3426 3171
3426 3194
3426 3222
3426 3231
3426 3292
3426 3308
3426 3317
3426 3321
3426 3325
3426 3355
3426 3362
3426 3364
3426 3365
3426 4359
3426 4370
4944 1574
4944 4734
4944 4792
4944 4851
4944 4864
4944 4868
4944 4881
4944 4925
4944 4970
927 3394
3394 1984
3394 3007
3394 3039
3394 3079
3394 3220
3394 3225
3394 3253
3394 3312
3394 3374
3394 3406
3394 3412
3282 1817
3282 2563
3282 3077
3282 3107
3282 3224
3282 3259
2772 2442
2772 2533
2772 2571
2772 2584
2772 2649
2772 2687
2772 2769
2772 2797
2772 3460
2772 4327
1491 1158
1491 1380
1491 1462
3391 3000
3391 3046
3391 3074
3391 3156
3391 3165
3391 3198
3391 3204
3391 3232
3391 3263
3391 3265
3391 3353
3391 3891
933 4058
933 4865
4058 1382
4058 4090
4058 4110
4058 4175
4058 4265
4058 4303
4865 4970
2189 2518
2189 2650
2189 2898
1007 2156
1007 3907
1269 1153
1269 1555
1269 1748
1269 1787
953 4493
2138 2429
2138 2925
2138 4926
940 2023
2023 1402
2023 1943
2023 1969
2023 4648
2912 1165
2912 2263
2912 2326
2912 2432
2912 2440
2912 2471
2912 2519
2912 2770
2912 3836
2912 4081
2714 1346
2714 2208
2714 2549
2714 2555
2714 2601
2695 2415
2695 2780
2695 4176
2695 4717
4265 1662
4265 2258
4265 3499
4265 3534
4265 3714
4265 3785
4265 3835
4265 3869
4265 3991
4265 4002
4265 4081
4265 4110
4265 4122
4265 4127
4265 4242
4265 4303
3270 3405
3270 3460
964 1367
964 2715
964 3916
1696 1152
1696 1361
1696 1592
1696 1781
1696 2728
1696 3766
948 1377
948 1658
948 3162
1377 1463
1377 1688
1377 1700
1377 1772
1658 1113
1658 1566
1658 1641
1658 1664
1658 1688
1658 1700
1658 1736
1658 1772
1658 1965
3162 3244
3162 3338
3162 3400
3162 4168
1281 1214
4025 3750
4025 3782
4025 3841
4025 3912
4025 4084
2924 1041
2924 1166
2924 2101
2924 2136
2924 2176
2924 2216
2924 2258
2924 2271
2924 2317
2924 2380
2924 2518
2924 2522
2924 2557
2924 2591
2924 2848
2924 2869
2924 2886
2924 2895
2924 2898
2924 2996
2924 3729
3999 3035
971 1041
1668 1193
1668 1256
1668 1262
1668 1287
1668 1313
1668 1376
1668 1385
1668 1502
1668 1637
1668 1735
1668 3372
1668 4256
4493 3316
4493 4458
4493 4501
4493 4600
3197 3208
1907 1736
1907 2047
1041 1003
1041 1725
1041 4878
2696 2112
2696 2136
2696 2396
2696 2791
2696 2894
2696 4517
1492 1342
1492 1540
1492 4306
970 2642
970 2770
4664 1758
4664 4462
4664 4477
4664 4502
4664 4611
4664 4634
4664 4642
4664 4654
4664 4659
4664 4717
2042 1881
2042 1914
2042 1918
2042 1920
2042 1982
2042 2012
2042 2037
2042 2059
2042 2063
2042 4109
3181 3252
1367 1193
1367 1340
1367 1735
2715 2262
2715 2708
2715 2894
2715 3329
2715 3871
3916 3016
3916 3599
3916 3696
2384 2862
2501 1630
2501 2723
1003 1959
2642 2931
2642 2979
2642 3381
2770 1678
2770 2178
2770 2829
2770 2886
2770 2931
2770 3109
2175 2298
2592 2413
2592 2559
2592 2668
2592 2791
2592 2894
1026 996
1026 3592
1026 4419
4505 4652
1660 1116
1660 1357
1660 1472
1660 1474
1660 1517
1660 1713
1660 1729
1660 1745
1660 4423
1660 4960
2147 1542
2147 2676
2051 1604
2051 1922
2051 1940
2051 1982
2051 1995
2051 2044
2051 2059
2051 2071
2051 2212
3412 2992
3412 3024
3412 3117
3412 3164
3412 3312
3412 3333
3412 3374
3412 3406
4370 2610
4370 2705
4370 2886
4370 3441
4370 3489
4370 3553
4370 3583
4370 3590
4370 3632
4370 3691
4370 3717
4370 3749
4370 3758
4370 3796
4370 3798
4370 3875
4370 3912
4370 3933
4370 3987
4370 4043
4370 4068
4370 4162
4370 4264
4370 4299
4370 4315
4370 4892
1983 1900
1983 1987
1983 2003
1983 2045
1983 2071
1983 2087
1983 4885
1378 1122
1378 1234
1378 1264
1378 1402
1378 1480
1378 1736
1378 2493
3381 3006
3381 3101
3381 3136
3381 3263
3381 3267
3381 3345
3381 3348
3381 3350
3381 3402
3381 3424
3697 3362
4244 1350
4244 3481
4244 3497
4244 3540
4244 3610
4244 3810
4244 3856
4244 4108
4244 4324
4303 2046
4303 2594
4303 3499
4303 3609
4303 3693
4303 3714
4303 3805
4303 3828
4303 3848
4303 3933
4303 3961
4303 4033
4303 4088
4303 4113
4303 4114
4303 4127
4303 4273
1592 1655
1592 3942
1654 1125
1654 1283
1654 1411
1654 1437
1654 1462
1654 1649
1654 1656
1654 1692
1654 1751
1654 4584
3094 3122
3094 3385
1884 1879
1587 1536
1587 1693
1587 1739
1587 1744
3655 3944
3655 3967
3655 4035
3655 4215
4292 1387
4292 1846
4292 3473
4292 3509
4292 3525
4292 3530
4292 3554
4292 3648
4292 3690
4292 3713
4292 3729
4292 3791
4292 4051
4292 4103
4292 4178
4292 4278
1574 1405
1574 1565
1574 2925
2380 2383
2380 2898
4154 3830
4154 4053
4154 4415
1472 1713
1472 1729
1472 1745
1472 3157
3068 2931
3068 3390
3068 3441
3983 4254
3983 4789
4318 1319
4318 3532
4318 3677
4318 3734
4318 3746
4318 3766
4318 3788
4318 3816
4318 3850
4318 3953
4318 3971
4318 4001
4318 4060
4318 4283
4318 4527
4503 4535
4503 4661
1959 2958
1210 1151
2066 1864
2066 1870
2066 1894
2066 1976
2066 2009
2066 2022
2066 2028
2066 2036
2066 2046
2066 2047
2066 2052
2066 2071
2066 2087
2066 4242
2066 4966
4536 3635
4536 4424
4536 4719
4536 4879
4652 4504
4652 4594
4652 4644
4652 4676
2156 2044
3907 4002
3907 4224
1373 1286
1373 1779
1373 1817
1373 1995
1664 1153
1664 1293
1664 1428
1664 1588
1664 1688
1664 1700
1664 1766
1664 1772
1664 3325
1664 4499
1292 1370
1292 1525
1292 1762
1772 1100
1772 1148
1772 1198
1772 1265
1772 1270
1772 1293
1772 1358
1772 1434
1772 1440
1772 1463
1772 1509
1772 1514
1772 1532
1772 1573
1772 1588
1772 1637
1772 1688
1772 1700
1772 1736
1772 1968
1772 2521
1772 2757
1772 4970
2553 2339
2553 2392
2553 2477
2553 2494
2553 2862
2553 4491
2774 1537
2774 2133
2774 2162
2774 2202
2774 2307
2774 2514
2774 4084
3163 3112
3163 3232
1154 1589
1271 1138
1271 1200
1271 1331
1271 1333
1271 1580
1271 2192
2997 3376
3402 2632
3402 3006
3402 3076
3402 3089
3402 3136
3402 3211
3402 3244
3402 3266
3402 3331
3402 3338
3402 3348
3402 3357
3402 3362
3402 3466
3402 4535
3709 4227
3709 4334
4954 1855
4954 2044
4954 3164
4954 4550
4954 4759
4954 4776
4954 4780
4954 4781
4954 4816
4954 4823
4954 4832
4954 4857
4954 4863
4954 4884
4954 4913
4954 4916
3759 3625
3759 3986
3759 4093
3759 4176
3759 4185
4127 1368
4127 3991
4127 4081
4127 4090
4127 4110
4127 4114
4127 4200
4127 4498
1499 1627
1499 4240
3718 3560
3718 4198
3718 4226
3718 4858
3796 1545
4891 4848
4891 4856
4891 4911
4891 4920
4891 4926
1191 1206
1191 1604
3222 2095
3222 3134
3222 3258
2796 1712
2796 2249
2796 2626
2796 2739
2796 2747
2796 3713
4190 2295
4190 3497
4190 4306
1926 1970
1926 2038
1926 2046
1926 3617
4168 3404
4168 3711
4168 3753
4168 3819
4168 4050
4168 4182
4168 4334
4926 1192
4926 4795
4926 4796
4926 4813
4926 4856
4926 4874
4926 4910
4926 4920
4419 4636
4419 4661
3249 3274
3249 3338
3249 3400
3385 1935
3385 3149
3385 3187
3385 3286
3385 3319
3385 3441
3385 3588
2615 2095
2615 2756
2615 2791
2615 2856
2615 2958
2615 3470
2813 2140
2813 2255
2813 2513
2813 2517
2813 2521
2813 2555
2813 2674
2813 2682
2813 2783
2813 3118
4297 1332
4297 1513
4297 2895
4297 3634
4297 3859
4297 4034
4297 4306
4297 4324
1565 1779
1565 2783
1571 1456
1571 1496
1571 1744
1571 2634
3949 3893
4930 4315
4930 4913
4930 4972
4930 4987
1130 1735
4916 2087
4916 3847
4916 4744
4916 4759
4916 4776
4916 4832
4916 4863
4916 4884
4916 4889
4916 4913
1758 1109
1758 1208
1758 1225
1758 1261
1758 1315
1758 1345
1758 1389
1758 1523
1758 1633
1758 1652
1758 1662
1758 1693
1758 1699
1758 1739
1758 1998
1758 2263
1758 3212
2861 2284
2861 2288
2861 2426
2861 2452
2861 2457
2861 2466
2861 2472
2861 2515
2861 2539
2861 2644
2861 2725
2861 2730
2861 2744
2861 2792
2861 3070
2861 3301
3535 4273
3890 2555
3890 3534
2764 2274
2764 2322
2764 2364
2764 2425
2764 2562
2764 2640
2764 2757
2840 2129
2840 2132
2840 2194
2840 2217
2840 2269
2840 2300
2840 2353
2840 2435
2840 2480
2840 2608
2840 2619
2840 2682
2840 2683
2840 4918
2211 2514
2211 2594
3953 1652
3953 2352
3953 3824
3953 4037
3953 4283
3997 4197
1267 1166
1267 1222
4182 1513
4182 4153
4182 4255
4182 4359
4438 1736
4438 4614
4438 4719
4601 1725
4601 4605
4601 4634
4601 4642
4601 4690
2048 1289
2048 1839
2048 1949
2048 1953
2048 2003
2048 4876
2797 2321
2797 2410
2797 2442
2797 2588
2797 2643
2797 2649
2797 2687
4027 1589
4027 4222
3597 3853
3597 4164
3597 4205
4972 1750
4972 3357
4972 4739
4972 4838
4972 4881
4972 4946
4972 4974
4972 4987
1725 1099
1725 1347
1725 1401
1725 1456
1725 1569
1725 1641
1725 1656
1725 1750
1725 2047
1725 4343
4878 4068
4878 4832
4878 4933
4878 4987
4625 2862
4625 4359
4625 4472
4625 4551
4625 4552
4625 4580
4625 4614
4625 4638
4625 4661
4642 4412
4642 4466
4642 4467
4642 4502
4642 4511
4642 4529
4642 4623
4642 4650
4642 4690
1977 1996
1977 2012
1977 2059
1977 4043
2568 2148
2568 2351
2568 2453
2568 2567
2568 2662
4477 1968
4477 4485
4477 4639
4477 4659
1739 1238
1739 1339
1739 1406
1739 1433
1739 1434
1739 1505
1739 1514
1739 1520
1739 1566
1739 1693
1739 1989
1739 4092
1739 4114
1739 4779
2150 2113
2150 2230
2150 2500
2150 2596
2150 2624
3326 2177
3326 2535
3326 3213
3326 3310
3326 3321
3326 3355
3326 3404
4138 2596
4138 3651
4138 3821
4138 3891
4138 3952
4138 3969
4138 4035
4138 4054
4138 4324
1266 1347
1266 1655
1266 1781
2234 2305
2234 2694
2234 2821
2605 2617
2605 2845
2605 2895
2605 3946
2605 4334
3737 4270
3737 4521
4224 2835
4224 4109
4224 4221
4224 4359
4224 4820
2894 1282
2894 1375
2894 2087
2894 2339
2894 2396
2894 2413
2894 2436
2894 2440
2894 2542
2894 2559
2894 2668
2894 2783
2894 2791
2894 3338
4790 4747
4790 4919
4828 2635
4828 4831
4828 4970
1146 1749
1146 1762
3216 3078
3216 3113
3216 3212
3216 3424
2588 1352
2588 2449
2588 2769
2588 3101
2052 1883
2052 1887
2052 1920
2052 1947
2052 2000
2052 2028
2052 2036
2052 2071
2052 3424
3520 4063
3520 4226
1863 1910
1863 2028
1863 2072
2116 2705
2116 2757
2116 2886
3620 2548
4598 1982
4598 4449
4598 4462
4598 4502
4598 4522
4598 4528
4598 4548
4598 4663
4598 4690
4840 1854
4840 4918
4840 4987
1483 1249
1483 1332
1483 1368
1483 1415
1483 1458
1483 1485
1483 1613
2038 1927
2038 1943
2038 2017
2038 2025
2038 2055
2038 2073
2038 2095
2038 3692
2038 4573
1729 1090
1729 1116
1729 1124
1729 1169
1729 1327
1729 1341
1729 1374
1729 1403
1729 1471
1729 1474
1729 1517
1729 1713
1729 1716
1729 1745
1729 3607
1729 3687
1729 3933
1729 4221
3060 3212
3060 3342
3060 3424
1251 1114
1251 1331
1251 1333
1251 1580
1302 1737
1302 1749
4090 3805
4090 3869
4090 3991
4090 4002
4090 4122
4090 4273
4090 4306
4175 1480
4175 3464
4175 3571
4175 3661
4175 3889
4175 3977
4175 3978
4175 4028
4343 1762
4343 2167
4343 2583
4343 3464
4343 3495
4343 3637
4343 3661
4343 3699
4343 3724
4343 3748
4343 3757
4343 3811
4343 3889
4343 3978
4343 3979
4343 4018
4343 4100
4343 4205
4343 4862
4343 4925
4620 1276
4620 3077
4620 4473
4620 4583
4620 4676
4620 4719
1416 1486
1416 1641
1416 1671
1416 2103
1673 1182
1673 1220
1673 1273
1673 1597
1673 1680
1673 1684
1673 1692
1673 1751
1673 2055
1673 3869
2601 2255
2601 2465
2601 2783
2601 2833
4929 2544
4929 4717
4929 4770
4929 4799
4929 4817
4929 4852
4929 4872
4929 4906
4929 4907
4929 4943
3898 3858
3898 3870
3898 4004
3898 4164
3898 4209
4660 1692
4660 3023
4660 4575
4660 4630
4660 4636
4660 4641
4660 4678
4661 1272
4661 1277
4661 4088
4661 4420
4661 4454
4661 4468
4661 4472
4661 4532
4661 4617
4661 4638
4855 4227
4855 4798
4855 4811
4855 4824
4855 4941
4855 4950
1379 1708
1379 2212
1476 1737
1476 1749
1986 1855
1986 2033
1986 4188
3406 1481
3406 1750
3406 2769
3406 3007
3406 3034
3406 3078
3406 3117
3406 3176
3406 3345
3406 3374
3406 3379
3406 3405
3406 3460
3406 3656
3406 3904
2679 2355
2679 2617
2679 2722
2679 2728
3872 4113
3872 4454
3996 1514
3996 3567
3996 3581
3996 4057
4306 3150
4306 3558
4306 3657
4306 3692
4306 3825
4306 3845
4306 4034
4306 4080
4306 4324
4306 4359
4306 4633
4306 4717
2744 1427
2744 1684
2744 2143
2744 2452
2744 2472
2744 2644
2744 2792
2744 2798
2744 4315
2744 4580
3059 3202
3781 4053
3781 4167
3781 4239
1656 1195
1656 1461
1656 1633
1656 2287
1656 3102
1656 3863
4300 1333
4300 3545
4300 3599
4300 3613
4300 3904
4300 3927
4300 4046
4300 4108
4300 4159
4300 4324
4300 4327
2726 1339
2726 2256
2726 2640
3986 1573
3986 3485
3986 3686
3986 3831
3986 3881
3986 4176
3986 4185
3986 4197
3844 3924
3844 3933
3844 4110
3844 4113
3912 3746
3912 3841
3912 4012
3912 4084
4803 1535
4803 4835
4803 4899
4803 4906
4803 4918
3982 1713
3982 1751
3885 3460
3885 3764
3885 3837
3885 4132
4222 2600
4222 3302
4222 3512
4222 3904
4222 4097
4222 4159
4222 4254
4222 4327
1139 1239
1139 1485
1139 1613
1234 1122
1234 1388
1234 1480
1564 1627
1564 1669
1564 1737
1564 1749
1564 1762
1564 4649
1588 1736
1588 2235
1893 2045
1893 2095
1893 4641
2527 2115
2527 2279
2527 2705
2527 2757
4556 4571
4556 4624
4556 4643
4618 1787
4618 4406
4618 4717
1434 1536
1434 1697
1434 2728
1590 1512
1590 1627
1590 1737
1590 1749
1590 1762
1590 3156
1665 1401
1665 1600
1665 1641
1665 1676
1665 1750
1665 2979
2706 2304
2706 2466
2706 2472
2706 2644
2706 2730
2706 2798
2706 4046
2706 4299
3589 3562
3589 3866
3589 3956
3589 4016
1362 1316
1362 1326
1362 1355
1362 1392
1362 1559
1362 1591
1362 4242
3165 3003
3165 3727
4522 1253
4522 4587
4522 4659
4863 4884
4863 4913
1375 1671
4315 2799
4315 3756
4315 3875
4315 4043
4315 4142
4315 4162
4315 4299
4315 4327
4638 4418
4638 4498
4638 4532
4638 4551
4638 4554
4638 4617
4946 2072
4946 4950
4946 4970
1580 1114
1580 1163
1580 1178
1580 1200
1580 1233
1580 1257
1580 1274
1580 1331
1580 2316
2269 2682
2388 2253
2388 2315
2388 2500
2388 2596
2388 2624
2769 2220
2769 2517
2769 2549
2769 2626
2769 2649
2769 2833
2769 3219
2769 4578
4185 1615
4185 3686
4185 3695
4185 3762
4185 3831
4185 3854
4185 3881
4185 4007
4185 4176
4185 4197
4924 1351
4924 4611
4924 4776
4924 4933
4924 4974
1126 1253
1126 1517
1126 1713
1126 1745
1787 1106
1787 1168
1787 1170
1787 1192
1787 1207
1787 1217
1787 1227
1787 1324
1787 1325
1787 1397
1787 1408
1787 1427
1787 1469
1787 1526
1787 1542
1787 1555
1787 1577
1787 1600
1787 1608
1787 1678
1787 1712
1787 1748
1787 4574
1787 4846
3242 3116
3242 3228
3242 3357
1716 1507
1716 1721
1716 1779
1716 1817
1716 1976
1716 4512
1976 1970
1976 2087
2057 1914
2057 1962
2057 1990
2057 2025
2057 2029
2057 2030
2057 2043
2057 2055
2057 2073
2057 2095
2057 2271
2057 2312
2057 2780
4105 2424
4105 4359
4895 4205
4895 4772
4895 4808
4895 4859
4895 4896
4895 4921
1159 1122
1159 1264
1159 1388
1159 1402
1159 1480
1382 1091
1382 1540
1382 1649
1382 1751
2113 2230
2113 2315
2113 2500
2113 2624
2243 2569
2279 2115
2279 2424
2279 2684
2279 2757
2711 2214
2711 2245
2711 4413
2711 4467
3526 4252
3657 3923
3657 4240
3678 3600
3678 3923
3678 4240
3678 4266
4034 1902
4034 3703
2046 1845
2046 1883
2046 1902
2046 1947
2046 2009
2046 2047
2046 2071
4057 2331
4057 3475
4057 3708
4057 3842
4057 4012
4283 1501
4283 1615
4283 3252
4283 3788
4283 3826
4283 4001
4283 4062
4283 4116
4283 4188
1395 1501
1395 1615
1395 1748
2174 2285
2174 2546
2422 2187
2422 2783
2422 2833
2734 1671
2734 2293
2734 2609
2734 2881
2734 2979
2734 3117
3082 3404
3082 3460
3292 1390
3292 2650
3292 3038
3292 3139
3292 3231
3292 3316
3873 1961
3873 3961
3873 4242
3873 4273
4053 3570
4162 1213
4162 2352
4480 4500
4480 4551
4480 4641
1817 1133
1817 1158
1817 1213
1817 1280
1817 1424
1817 1494
1817 1501
1817 1507
1817 1550
1817 1596
1817 1614
1817 1622
1817 1624
1817 1630
1817 1721
1817 1779
1817 2198
1817 2634
1817 3372
1817 3633
1817 3946
1817 4227
1415 1368
1415 1458
1415 1485
1415 1613
1415 2190
1485 1162
1485 1239
1485 1249
1485 1332
1485 1613
1613 1162
1613 1239
1613 1249
1613 1332
1613 1368
1613 1458
1613 1737
1613 4478
1387 1448
1387 4518
1713 1090
1713 1116
1713 1374
1713 1403
1713 1471
1713 1474
1713 1517
1713 1745
1713 2315
1713 2368
1713 3250
1745 1090
1745 1124
1745 1169
1745 1327
1745 1341
1745 1374
1745 1403
1745 1471
1745 1474
1745 1517
1745 1776
1745 3358
1745 3501
1745 4487
1591 1119
1591 1316
1591 1326
1591 1355
1591 1392
1591 1559
1591 1563
1591 1692
1591 2055
1086 3911
3911 2181
1087 1388
1087 1402
1087 1480
1388 1122
1388 1156
1388 1264
1388 1480
1388 2515
1388 3625
1402 1122
1402 1480
1480 1264
1088 3495
1326 1119
1326 1316
1326 1559
1392 1316
1392 1559
1559 1119
1559 1316
1559 1355
1559 4970
1090 2176
2176 2253
2176 2596
2176 2624
2176 3952
1091 1189
1091 1680
1091 4509
1189 1343
1189 1528
1680 1092
1680 1125
1680 1165
1680 1350
1680 1521
1680 1550
1680 1649
1680 1692
1680 1766
1680 2517
4509 1923
4509 4717
1092 4633
4633 1600
4633 4717
1421 1513
1421 1558
1421 1937
1421 2008
1662 1246
1662 1522
1662 1589
1662 3235
1662 3547
1520 1349
1520 1481
1520 1699
1526 1427
1526 1624
1526 1678
1526 1748
1526 4456
3730 3726
3730 3944
3730 4215
1097 1141
1097 1228
1097 1604
1097 3374
1141 1482
1141 1604
1228 1489
1228 1512
1228 1604
1228 3618
1228 4255
1604 1115
1604 1211
1604 1349
1604 1482
1604 1512
1604 4164
3374 1987
3374 3208
3374 3258
3374 3301
3374 3329
3374 3404
3374 3460
3374 4974
1098 1177
1099 1405
1099 1497
1405 1142
1405 3300
1497 1186
1497 1393
1100 1736
1736 1137
1736 1358
1736 1383
1736 1509
1736 1532
1736 1688
1736 1700
1736 4114
1448 1762
1744 1117
1744 1247
1744 1623
1744 1626
1744 1677
1744 1776
1744 2130
3955 2548
3955 3946
3955 4226
1104 1433
1104 2593
1433 4200
2593 2043
2593 2374
2593 2638
2593 2725
2593 2826
2593 3424
1105 1669
1669 1459
1669 1749
1669 1762
1106 1655
1106 1678
1106 2567
1655 1535
1655 1545
1655 1762
1655 1781
1655 2482
1655 2821
1678 1192
1678 1463
1678 1615
1678 1712
1678 1748
1678 2767
1678 3355
2567 2285
2567 2535
2567 2556
2567 2662
1233 1114
1233 1257
1233 1274
1257 1114
1257 1138
1257 1274
1257 4663
1108 1324
1108 2458
2458 2348
2458 2489
2458 2528
2458 2816
1109 1692
1692 1156
1692 1351
1692 1440
1692 1516
1692 1649
1692 1684
1692 2856
1110 1502
1110 1637
1110 1735
1502 1288
1502 1340
1502 1637
1502 1735
1502 3477
1637 1256
1637 1340
1637 1417
1637 1568
1637 1614
1637 1735
1637 2733
1735 1193
1735 1287
1735 1363
1735 1376
1735 1417
1735 1549
1735 1563
1735 1568
1735 1999
1735 2021
1735 3241
1735 4587
1735 4913
1111 3250
3250 1494
3250 3198
2826 1413
2826 2144
2826 2158
2826 2215
2826 2288
2826 2318
2826 2374
2826 2375
2826 2398
2826 2408
2826 2638
2826 2725
2826 3896
1113 1440
1113 1463
1440 3758
1440 4496
1463 1688
1463 3037
1114 1331
1331 1200
1331 3571
1115 1482
1482 1211
1482 1349
1482 1512
1482 2271
1116 1327
1116 3365
3365 2494
3365 2999
3365 3124
3365 3185
3365 3302
3365 3325
3365 3346
3365 4588
1117 1273
1117 1550
1273 1684
1273 1766
1273 3611
1550 1312
1550 1385
1550 1597
1550 1751
1550 3931
1550 4552
1119 1355
1119 4165
1119 4667
1355 1316
1355 2029
1355 2292
4165 1445
4165 2507
4165 3754
4667 1737
4667 1781
4667 3085
4667 4591
4667 4627
4667 4637
4667 4644
4667 4649
4667 4719
1120 1712
1120 3327
1712 1298
1712 1325
1712 1397
1712 1469
1712 1542
1712 1748
1712 3234
1712 4475
3327 2761
3327 3358
3327 3376
3327 3390
3327 3441
1121 1699
1121 3269
1699 1165
1699 1336
1699 1337
1699 1514
1699 1652
1699 1693
1699 3179
1699 3642
1699 3882
3269 3164
3269 3210
1684 1125
1684 1156
1684 1220
1684 1385
1684 1516
1684 1517
1684 1597
1684 1649
1684 1751
1684 1766
1684 1779
1684 4299
1684 4650
1751 1145
1751 1220
1751 1283
1751 1351
1751 1385
1751 1516
1751 1597
1751 1649
1751 1766
1751 2250
1751 2517
1751 4911
1124 1132
1124 1341
1132 1277
1341 1170
1341 1474
1341 3089
1517 1374
3577 4270
1505 1693
1505 1697
1505 2834
1505 3880
1633 1558
1633 1693
1633 1988
1633 2624
1131 1549
1131 1697
1549 1652
1697 1277
1697 1513
1697 1558
1697 1965
1134 4719
4719 1438
4719 1498
4719 1839
4719 3651
4719 4109
4719 4227
4719 4405
4719 4406
4719 4411
4719 4413
4719 4434
4719 4436
4719 4443
4719 4444
4719 4451
4719 4455
4719 4465
4719 4479
4719 4489
4719 4491
4719 4521
4719 4533
4719 4550
4719 4560
4719 4561
4719 4570
4719 4575
4719 4586
4719 4591
4719 4604
4719 4607
4719 4608
4719 4609
4719 4621
4719 4627
4719 4635
4719 4637
4719 4648
4719 4649
4719 4690
1135 1641
1135 2513
1641 1525
1641 1750
1641 1892
1641 3473
2513 2140
2513 2674
1136 1310
1136 2303
1310 2290
1310 3139
1137 4899
4899 1596
4899 4812
4899 4844
4899 4906
4899 4918
4899 4943
4899 4947
4899 4960
1138 1178
1138 1274
1138 1333
1138 3881
1178 1200
1178 1274
1178 1401
1178 2896
1274 1333
1274 3616
1274 4299
3881 3967
3881 4007
3881 4093
3881 4176
3881 4197
1239 1458
1239 4753
1140 4449
4449 4462
1142 1652
1142 2563
1652 1406
1652 1445
1652 4947
1145 3293
1145 3686
3293 3010
3293 3236
3293 3302
3293 3346
3293 3355
3293 4122
3686 3213
3686 3485
3686 4093
3686 4176
3686 4197
1749 1282
1749 1383
1749 1459
1749 1569
1749 1627
1749 1632
1749 1762
1762 1225
1762 1306
1762 1314
1762 1368
1762 1370
1762 1432
1762 1459
1762 1632
1762 1737
1762 2650
1762 3348
1762 3557
1762 3826
1627 2472
1627 2569
1615 1555
1615 1748
1615 1965
1748 1227
1748 1250
1748 1300
1748 1325
1748 1354
1748 1600
1748 3232
1748 3319
1748 4802
4334 2387
4334 2733
4334 3546
4334 3555
4334 3596
4334 3635
4334 3639
4334 3664
4334 3682
4334 3688
4334 3765
4334 3801
4334 3813
4334 3981
4334 3989
4334 4019
4334 4050
4334 4118
4334 4227
4334 4879
1349 1211
1349 1512
1349 3785
1589 1356
1589 1750
1155 1688
1155 1700
1155 2142
1688 1265
1688 1700
1688 2393
1688 3047
1688 3896
1700 1198
1700 1428
1700 1509
1700 1566
1700 1990
2142 2862
1156 1597
1156 1766
1156 2172
1597 1312
1597 1766
1597 3123
1766 1165
1766 1220
1766 1283
1766 1350
1766 1351
1766 1411
1766 1437
1766 1442
1766 1521
1766 1540
1766 1649
1766 4659
1337 4717
1776 1247
1776 1255
1776 1479
1776 1547
1776 1555
1776 1626
1776 1677
1776 2003
1776 2237
1776 2685
1776 4163
1158 1944
1944 1899
1944 2000
1944 2071
1944 4600
1264 2326
1161 1781
1781 1254
1781 1304
1781 1319
1781 1430
1781 1435
1781 1438
1781 1454
1781 1495
1781 1529
1781 1535
1781 1561
1781 1595
1781 1708
1781 3932
1781 3933
1781 3990
1781 4935
1162 1249
1162 2398
1162 4188
1249 1332
1249 1368
1249 3845
2398 2725
4188 3376
4188 3824
1165 1442
1165 2128
1442 1182
1442 1649
1442 1938
2128 2264
2128 2510
2128 2536
2128 2634
1167 1563
1563 1193
1563 4459
1169 2435
2435 2608
2435 2619
1170 4109
4109 3977
4109 4359
1512 1211
3390 3179
3390 3286
3390 3309
3390 3319
3390 3358
3390 3441
3390 4080
1174 1489
1174 1537
1489 1462
1489 1537
1489 3325
1537 1343
1537 1528
1246 1554
1246 4324
1522 1389
1522 1521
1522 2723
1522 4159
1200 1275
1200 2332
1401 3579
2896 2043
2896 2166
2896 2532
2896 2548
2896 2610
2896 2700
2896 2728
2896 4327
1558 1513
1693 1289
1693 2032
1693 4264
1693 4831
1180 1779
1779 1213
1779 1547
1779 1596
1779 1622
1779 1624
1779 1630
1779 1708
1779 1721
1779 2430
1779 2821
1779 3235
1779 4016
1779 4359
1779 4733
1183 1484
1183 4100
1484 1494
4100 1408
4100 3811
4100 4857
1737 1314
1737 1569
1737 2000
1737 4033
1385 3300
1385 3893
1437 1350
1516 1312
1186 1204
1186 3478
1204 1523
3478 1989
1411 1540
1411 3681
1528 1380
1528 4658
1206 1214
1192 1750
1750 1314
1750 1357
1750 1506
1750 1525
1750 1671
1750 2371
1750 4255
1193 3364
3364 2330
3364 3051
3364 3194
3364 3277
3364 3308
3364 3325
3364 3338
3364 3362
1195 1198
1195 2307
2307 2202
2307 2213
1238 4132
1275 2471
1357 4327
1357 4987
1202 2484
2484 2865
2484 2979
1523 1708
1523 2322
1214 3062
1207 1708
1207 2124
1708 1386
1708 1435
1708 1438
1708 1545
1708 1561
1708 2210
1708 4785
1208 3924
1208 4178
3924 2012
3924 3850
3924 4273
4178 2277
4178 2386
4178 3184
4178 3791
4178 4051
4178 4075
4178 4103
4178 4278
1211 1542
1542 1427
1542 1642
1212 1632
1212 2114
1212 3489
1632 4717
2114 2397
2114 2869
2114 2886
3489 3460
3062 3049
1408 1577
1408 3734
1677 1556
1677 2063
1677 2767
1677 3607
1677 3778
1222 1462
1462 1380
1223 2644
2644 2426
2644 2792
2644 3934
1225 2133
2133 2187
2133 2594
1226 1288
1226 1577
1288 1600
1577 1397
1577 1600
1227 1593
1227 3424
1593 1261
1593 1500
1593 1506
1593 1573
1593 1608
1593 1614
1593 1619
1593 1620
3424 1235
3424 2993
3424 3029
3424 3069
3424 3101
3424 3176
3424 3182
3424 3184
3424 3212
3424 3244
3424 3338
3424 3342
3424 3348
3424 3350
3424 4636
3424 4637
3618 3567
4255 4221
4255 4256
4255 4359
1454 2214
1235 3460
3460 2285
3460 2856
3460 2992
3460 3007
3460 3010
3460 3012
3460 3024
3460 3026
3460 3039
3460 3092
3460 3116
3460 3117
3460 3123
3460 3140
3460 3155
3460 3176
3460 3225
3460 3228
3460 3238
3460 3241
3460 3253
3460 3266
3460 3301
3460 3312
3460 3333
3460 3343
3460 3345
3460 3379
3460 3404
3460 3405
3460 3441
3460 4153
3460 4324
3460 4635
3460 4746
4132 2036
4132 3854
4132 3921
4132 3957
4132 4459
1458 1332
1458 1368
4753 4871
4753 4921
4753 4960
1376 1287
1376 3974
1242 3198
3198 2264
1630 1336
1630 1999
1630 4088
1521 4164
1649 1312
1649 1540
1649 3312
1554 1514
1554 2330
4324 3156
4324 3481
4324 3556
4324 3680
4324 3720
4324 4075
4324 4094
4324 4148
4324 4437
4324 4889
4324 4925
1247 4122
4122 3805
4122 4088
4122 4273
4122 4800
1250 1595
1250 2353
1595 2193
1595 2848
2353 2480
2353 2608
2353 2619
2353 2682
1254 1506
1254 1642
1506 1344
1506 1573
1506 1608
1506 1614
1506 1619
1506 1620
1506 3648
1642 1300
1642 1361
1642 1495
1642 1561
1642 4226
1642 4641
1255 1940
1940 1995
1940 2021
1256 1847
4663 2645
4663 3619
4663 4476
4663 4497
4663 4538
4663 4571
4663 4630
4663 4678
1513 3441
1261 1573
1261 1614
1261 1620
1261 3967
1573 1500
1573 1519
1573 1608
1573 1619
1573 1620
1573 3041
1614 1344
1614 1500
1614 1519
1614 1608
1614 1619
1614 1620
1614 3219
1614 4359
1620 1344
1620 1500
1620 1519
1620 1608
1620 1619
1620 2213
1620 2286
3967 3462
3967 3666
3967 3917
3967 4039
3967 4215
3967 4560
1262 1363
1363 1507
1363 1568
1363 2528
1363 3342
2072 1500
2072 1839
2072 1840
2072 1842
2072 1886
2072 1942
2072 1972
2072 1981
2072 2003
2072 2008
2072 2032
2072 2033
2072 2044
2072 2087
2072 2835
2326 2449
2326 2643
1265 4435
4435 4623
4435 4659
4435 4690
4435 4864
1347 3379
1268 4150
4150 3553
1270 1340
1340 3182
1340 3719
1272 3749
3749 4906
3611 3651
3611 3821
3611 3988
3611 4169
3611 4240
3616 3830
3616 3956
3616 4029
3616 4139
3616 4200
4299 4113
4299 4871
2471 2518
2471 3835
1276 3228
3228 3609
1406 4987
2300 2619
2300 2835
2300 4486
1282 4015
4015 3029
4015 3858
4015 3868
4015 4164
4015 4209
1283 3650
3650 3501
1619 1344
1619 1500
1619 1519
1619 1545
1619 1608
1619 3726
1286 4054
4054 2619
4054 3319
4054 3952
4054 3969
4054 4169
1287 1417
1287 3217
1417 4791
3217 3089
3217 3170
3217 3186
3217 3353
3217 4198
1600 1298
1289 1536
1536 1328
1536 1445
1536 3015
1536 3927
1536 4737
3483 3830
3483 3866
3483 4029
1370 1623
1370 2694
1370 4197
1525 2256
1525 2756
1297 3312
3312 2182
3312 3099
3312 3135
3312 3372
3312 3379
1298 3108
1298 4915
3108 3037
3108 3091
3108 3259
3108 3372
4915 2638
4915 2643
4915 4797
4915 4801
4915 4856
4915 4874
4915 4910
1301 2186
1306 4527
4527 4544
4527 4574
4527 4578
4527 4717
2482 2115
2482 2399
2482 2684
2482 2705
2482 2757
1308 2399
1308 2730
2399 2705
2399 2757
2730 2292
2730 2539
2730 2792
2730 2798
1309 1396
1309 4737
1396 1535
1396 4060
4737 4925
4737 4966
2290 2694
2290 2741
2290 2821
3139 3069
1311 2609
1311 2791
2609 2979
2791 2286
2791 2333
2791 2631
2791 2667
2791 2668
2791 2708
2791 3714
1313 3669
1314 4921
4921 4788
4921 4808
4921 4810
4921 4837
4921 4859
4921 4862
4921 4871
4921 4960
1315 3831
3831 4007
3831 4197
1316 3237
3237 1943
3237 3311
3237 3405
3237 3981
3726 3762
3726 4039
3726 4215
3887 3827
3887 3939
3887 4327
1325 1393
1325 4264
4264 2429
4264 3210
4264 3994
4264 4037
4264 4252
1328 3224
1328 3263
3224 3252
3263 3338
3263 3400
3571 3699
1336 2131
2131 3321
4717 1428
4717 1532
4717 2329
4717 3076
4717 3137
4717 4410
4717 4417
4717 4433
4717 4460
4717 4471
4717 4496
4717 4501
4717 4506
4717 4544
4717 4581
4717 4591
4717 4593
4717 4594
4717 4614
4717 4640
4717 4654
4717 4658
3182 3350
3719 1354
3719 4005
3719 4240
3719 4266
1474 2931
3089 3372
1344 1519
1344 1608
1519 1500
1519 1608
1519 3486
1519 3623
1608 1500
1608 1671
1345 1498
1345 2374
1498 3185
2374 2725
1346 2073
2073 1849
2073 1923
2073 1938
2073 1990
2073 1998
2073 2017
2073 2025
2073 2030
2073 2043
2073 2063
2073 2095
2073 4609
3379 2025
3379 2523
3379 3033
3379 3106
3379 3241
3379 3302
3379 3311
3379 4486
1351 4600
1461 4614
3100 3169
3100 3190
3100 3376
1354 1469
1354 2524
1469 3581
2524 3239
2029 1901
2029 1914
2029 1987
2029 1990
2029 2030
2029 2095
2029 3632
2292 2515
1356 4033
1356 4063
4033 4359
4063 3724
4063 3815
4063 3892
4063 4198
4063 4226
4327 3140
4327 3512
4327 3527
4327 3692
4327 3855
4327 3880
4327 3886
4327 4046
4327 4159
4327 4254
4987 2246
4987 3317
4987 4766
4987 4767
4987 4791
4987 4810
4987 4872
4987 4925
4987 4927
4987 4935
4987 4970
4987 4974
1358 1413
1358 2022
2022 1868
2022 1947
2022 2000
2022 2071
2022 4502
2583 2140
2583 2522
2583 2881
2583 2895
2583 3703
4242 2087
4242 2545
4242 3693
4242 3933
4242 3950
4242 3961
4242 4110
4242 4113
4242 4163
4242 4273
1507 3649
1568 4832
2528 1889
2528 2348
2528 2350
2528 2845
3342 3017
3342 3338
3342 3400
3342 3732
2033 2017
2033 2019
2033 2032
4359 2009
4359 2361
4359 3111
4359 3229
4359 3537
4359 3565
4359 3760
4359 3793
4359 3901
4359 3932
4359 3962
4359 4046
4359 4153
4359 4170
4359 4221
4359 4256
1623 1626
1623 3622
2694 2207
2694 2360
2694 2383
2694 2419
2694 2598
2694 2741
2694 2821
2694 4735
4197 2835
4197 3485
4197 3625
4197 3695
4197 4007
4197 4093
4197 4176
1995 1881
1995 1918
1995 1988
1995 2001
1995 2063
1995 3106
1374 1471
1374 1953
1374 4167
1471 2059
1471 4808
1953 1904
1953 1999
1953 2087
1953 2834
4167 3707
1671 1475
1671 3594
1671 4450
3974 4075
2212 2632
2767 2509
2767 2780
2767 2979
2767 4540
1383 1566
1383 3404
1566 1532
1566 2135
3404 1487
3404 2992
3404 3010
3404 3015
3404 3123
3404 3155
3404 3301
3404 3333
3404 3405
3404 3633
3404 3880
3300 3166
3300 3208
3300 3248
3300 3329
3300 3411
3893 2299
3893 4110
1386 2925
2925 2209
2925 2219
2925 2228
2925 2438
2925 2635
2925 2685
2925 2723
2925 2761
2925 2898
2925 3241
2925 4734
4518 4658
2515 2143
2515 2360
2515 2798
3625 4007
3625 4093
1390 3860
3860 3092
3350 2195
3350 3061
3350 3148
3350 3253
3350 3400
3350 4856
1394 3512
1501 3791
1501 3867
4060 4002
1397 3717
3717 3153
1400 2203
1400 3034
2203 2419
2203 2598
2203 2821
3034 3241
3579 4157
1403 4974
4974 3204
4974 3346
4974 4617
4974 4780
4974 4808
4974 4815
1428 4094
4766 4800
3681 3541
3681 3882
3681 3968
2574 2305
2574 2340
2574 2360
2574 2598
2574 2741
2574 2821
2574 2958
2574 3755
2207 2741
2207 2821
2190 2676
2190 2698
2103 2898
4791 4871
4007 2377
4007 4176
1937 1970
1937 2071
2008 1905
2008 1982
1424 2550
1424 4039
2550 4659
4039 2197
4039 3462
4039 3506
4039 3762
4039 3944
4039 4215
1426 2546
2546 2167
2546 2248
2546 2898
4094 2166
4094 2507
1430 1556
1430 2071
1430 2395
2071 1870
2071 1882
2071 1985
2071 2047
2071 2610
2071 3816
2395 2611
2395 2659
2395 2931
2395 3810
1432 2821
1432 4544
2821 2218
2821 2228
2821 2261
2821 2283
2821 2305
2821 2313
2821 2340
2821 2387
2821 2598
2821 3736
4200 3588
4200 3631
4200 3653
4200 3711
4200 3740
4200 3830
4200 3866
4200 3956
4200 4016
4200 4029
4200 4139
2728 2355
2728 2429
2728 2668
2728 2761
1435 2799
1435 4273
2799 2337
2799 2522
2799 2595
2799 2865
2799 2979
2799 4470
2799 4822
4273 2735
4273 3714
4273 3847
4273 3858
4273 4081
4273 4088
4273 4110
4273 4163
4273 4586
3837 2167
3837 3153
3837 3961
1438 3990
3990 3467
3990 3877
3990 4085
3990 4270
1500 3480
3758 4000
3758 4240
3758 4266
4496 4455
1938 2055
1938 2087
1938 2095
3329 3070
3329 3086
3329 3147
3329 3148
3329 3248
3329 3411
3329 4471
1445 1481
1481 3932
3630 1529
3630 3551
2214 2687
1456 3149
3149 3104
3149 3441
4614 4640
4614 4658
4614 4676
3037 3006
3037 3118
1676 2523
4887 2829
4887 4799
4887 4817
4887 4872
4887 4904
4887 4918
4887 4943
4887 4947
3581 3567
2059 1892
2059 1917
2059 2012
2059 2021
2059 2032
2059 2037
2059 2044
2059 2063
2059 2999
4808 2356
4808 4871
2280 2741
2931 1626
2931 2111
2931 2278
2931 2485
2931 2564
2931 2578
2931 2611
2931 2630
2931 2641
2931 2725
2931 2834
2931 2865
2931 2881
2931 2979
2931 4504
1475 4266
4266 2722
4266 2845
4266 3515
4266 3543
4266 3552
4266 3566
4266 3602
4266 3923
4266 3980
4266 4000
4266 4005
4266 4240
2508 2622
1494 2619
1487 1622
1622 1721
1569 2442
3325 3260
3325 3317
3325 3320
3325 3362
3411 2834
3411 3030
3411 3035
3411 3044
3411 3086
3411 3112
3411 3116
3411 3141
3411 3147
3411 3164
3411 3166
3411 3210
3411 3229
3411 3311
3411 3343
3411 3653
3411 3923
3411 4270
3411 4655
3186 3156
2619 2217
2619 2314
2619 2608
1495 1596
1596 2220
1496 2562
2562 2640
3185 3219
3185 3277
3185 3346
4240 3552
4240 3600
4240 3602
4240 3923
4240 3980
4240 4000
4240 4005
3791 4278
3867 3584
3477 3566
3477 4198
3477 4226
1927 2095
2453 2556
2453 2662
2453 3701
2834 2045
2834 2183
2834 2321
2834 2578
2834 2630
2834 2643
2834 2816
2834 2829
2834 2881
2834 2979
2834 3281
2834 3748
3880 4108
3648 1859
3648 4278
3649 3570
4636 2278
4636 2359
4636 4416
4636 4655
3111 3041
3111 3099
3441 2012
3441 3031
3441 3063
3441 3085
3441 3121
3441 3122
3441 3137
3441 3154
3441 3183
3441 3223
3441 3234
3441 3243
3441 3286
3441 3299
3441 3309
3441 3319
3441 3333
4164 2000
4164 2426
4164 3739
4164 3853
4164 3908
4164 4209
2723 2219
2723 2617
4159 2519
4159 3683
4159 3816
2322 2845
2256 2115
2256 4084
2756 2346
2756 2645
2756 2739
2756 2958
1624 1721
1624 3170
1624 4639
4456 4617
3574 4580
4658 1981
4658 4475
4658 4593
4658 4640
4658 4678
1532 4876
4876 2895
4876 4767
4876 4871
4876 4877
4876 4896
4876 4960
4198 2349
4198 2848
4198 3531
4198 3703
4198 3815
4198 3892
4198 3946
4198 4019
4198 4226
2362 2135
2362 2886
2898 2134
2898 2490
2898 2845
2898 2886
2898 2895
2898 3317
2898 3400
2898 4541
3584 4581
1547 2761
1547 4221
2761 4877
4221 2408
4221 4256
4221 4653
4552 4478
2333 2346
2333 4252
2881 2159
2881 2183
2881 2570
2881 2707
2881 2816
2881 2865
2881 2979
4970 2406
4970 3942
4970 4730
4970 4734
4970 4735
4970 4750
4970 4751
4970 4761
4970 4792
4970 4831
4970 4851
4970 4864
4970 4868
4970 4881
4970 4925
2336 2348
2336 2489
2336 2620
4649 3904
4649 4417
4649 4570
4649 4607
4649 4608
4649 4648
2783 2255
2783 2521
2783 2558
2783 2833
2783 4227
2783 4584
4139 3461
4139 3562
4139 3588
4139 3653
4139 3711
4139 3740
4139 3866
4139 3956
4139 4029
4832 4823
2442 2220
2442 3331
2634 2225
2634 2264
2634 2320
2634 2334
2634 2459
2634 2510
2634 2536
2634 2547
2634 2584
2634 3870
3345 3019
3345 3155
3345 3405
3041 3019
3041 3259
3041 3353
4550 4444
3376 2009
3376 3063
3376 3071
3376 3096
3376 3114
3376 3183
3376 3234
3376 3286
3376 3957
2316 2620
1914 3183
2856 2570
2856 2618
2856 2707
2856 2722
2856 2735
2856 2835
2856 2958
2856 3110
2856 3527
2235 2521
2235 2833
3156 3265
3156 3310
2055 2095
2055 3683
3942 3474
3942 3757
3942 4205
3405 3135
3405 3258
3405 4035
3405 4528
2193 2162
2193 2862
2848 2222
2848 2258
2848 2571
2848 2835
2848 2845
2848 2869
2848 2886
2848 2895
2848 3950
3123 3801
2383 2741
4850 4789
4850 4920
2032 1981
2032 2002
2032 2087
2032 2095
2032 2293
4608 4485
4608 4560
4608 4561
2516 2237
2516 3560
2741 2261
2741 2283
2741 2340
2741 2360
2741 2419
2741 2598
2741 3372
2741 3677
3558 2659
4478 2635
4478 4498
4478 4523
4478 4551
3219 3194
3219 3355
1965 2087
4484 3204
2509 2739
3980 3207
3980 3602
3980 4005
2286 4571
3833 3578
3833 3651
3833 3891
3833 3952
3833 3969
3833 4035
4911 4789
4911 4807
4911 4856
4911 4910
4911 4932
1721 2202
1721 4489
3170 3011
3170 3372
3170 3978
4639 1996
4639 3215
4639 4446
4639 4461
4639 4485
4639 4584
4639 4634
4639 4653
4639 4654
4472 4532
4472 4545
2472 2452
2472 2792
2569 2979
4859 4794
4859 4802
4859 4862
4859 4960
1840 4851
1999 1837
1999 1949
1999 1998
1999 2037
1999 2087
4088 2047
4088 3693
4088 3908
4088 3950
4088 4062
2045 1942
2045 1957
2045 2087
2045 2594
1988 1892
1988 2001
1988 2063
1988 3226
2624 2230
2624 2253
2624 2315
2624 2500
2624 2596
2302 2356
4475 4634
4475 4650
4475 4654
2733 2700
2733 2979
2733 4081
2641 2979
2641 4731
3713 4278
2288 2539
4226 1862
4226 3253
4226 3560
4226 3703
4226 3815
4226 3848
4226 3892
4226 3946
4226 4080
4226 4445
4641 2063
4641 2835
1990 2025
1990 2095
1990 3682
3757 2631
3757 3871
4429 4690
4847 3962
4847 4858
4947 2829
4947 4731
4947 4770
4947 4771
4947 4812
4947 4817
4947 4835
4947 4852
4947 4904
4947 4906
4947 4907
4947 4935
4947 4943
4584 4466
4584 4605
4584 4659
4584 4690
2287 2667
3102 2617
3102 3358
3174 3171
3174 3196
3664 4227
4423 4512
4960 4278
4960 4746
4960 4772
4960 4794
4960 4804
4960 4810
4960 4837
4960 4862
4960 4871
3235 3006
3235 3212
3235 3357
3547 3886
3547 4583
4499 4432
2979 2178
2979 2197
2979 2200
2979 2272
2979 2278
2979 2306
2979 2359
2979 2361
2979 2511
2979 2522
2979 2540
2979 2564
2979 2595
2979 2611
2979 2707
2979 2816
2979 2865
2979 3121
2979 3789
2043 1857
2043 1917
2043 1945
2043 1946
2043 2025
2043 2095
2043 3841
3136 3119
4116 1962
4116 3746
4420 4617
3372 3004
3372 3036
3372 3265
3372 3353
3372 3510
4256 2430
4256 3231
4256 4170
3879 3541
3879 3706
3879 3882
4093 2631
4093 3485
4093 3695
4093 4176
3594 3586
3594 4270
3594 4852
4676 2361
4676 3870
4676 4528
4676 4581
4676 4640
4676 4644
4676 4892
3032 3017
3032 3213
2523 2514
2523 2594
2063 1838
2063 1874
2063 1961
2063 1989
2063 1996
2063 2012
2063 2021
2063 2037
2063 2044
2063 4574
3355 3107
3355 3201
3355 3213
3355 3260
3355 3311
3355 4270
2517 2410
1912 2095
1912 2416
3603 3756
3603 3939
4650 2862
4650 4485
4650 4507
4650 4515
4650 4537
4650 4573
4650 4611
4650 4617
4650 4659
2683 2129
2683 2132
2683 2480
2683 2608
2683 2682
1858 2095
2393 2500
3896 3475
3896 3502
3896 3727
2578 2152
2578 2865
2578 3905
3137 3309
2510 2264
2510 2334
2510 2459
2510 2536
2510 2584
2547 2225
2547 2264
2547 2320
2547 2459
2547 2536
2547 2584
4831 3641
4831 4730
3244 2620
3244 2707
3244 2993
3815 2845
3815 3855
2542 2708
3107 3096
3107 3260
3107 3321
3642 3979
3882 2101
3882 3537
3882 3706
2298 2700
2632 2747
2210 2137
2210 2267
2210 2507
2210 2600
4785 4804
2865 2261
2865 2485
2865 2564
2865 2611
2865 3509
4176 3104
4176 3695
4176 3739
2129 2314
2129 4561
3234 3083
3234 3114
2315 2230
2315 2253
2315 2596
2368 2253
2368 2327
2368 2735
2144 2638
2144 2725
3353 2025
3353 3255
3353 4797
4868 4782
4868 4881
4868 4925
4512 4574
3086 3147
3754 3358
4446 4412
4446 4474
4446 4623
4551 3763
4551 4580
4551 4627
2202 2594
4515 4554
2262 2631
2284 2426
2284 2792
3963 3551
3963 3573
3963 3587
3963 3633
3963 3706
3962 4008
2047 1885
2047 1970
2047 2036
2047 3850
2274 2737
2511 4823
2618 2958
3687 2595
3933 3468
3933 3991
2862 2163
2862 2252
2862 2313
2862 2477
2862 2676
4561 3042
4561 4474
3540 4634
3695 1970
3695 3811
2021 1922
2021 1968
2021 2044
2021 2217
4587 4278
4587 4464
4587 4502
4587 4634
4587 4690
4913 3917
4913 4857
4913 4884
4114 3656
4114 3847
4114 4002
4114 4081
4114 4163
2000 2667
1989 1922
1989 1982
1989 2019
4092 1845
4092 2252
4092 3470
4779 4941
4779 4966
3484 3969
3484 4169
2095 1849
2095 1850
2095 1855
2095 1857
2095 1859
2095 1897
2095 1917
2095 1922
2095 1923
2095 1925
2095 1946
2095 1969
2095 1998
2095 2017
2095 2028
2095 2030
2095 3281
2095 4254
4004 2425
4004 2432
4004 3541
4004 4209
4837 2705
4837 4788
4837 4871
4837 4896
4910 4795
4910 4797
4910 4801
3358 3057
3358 3223
2473 2250
2473 2684
2473 2705
2473 2757
2473 3877
2350 2489
3084 3016
3084 3308
3232 3077
3319 3114
3319 3223
2371 2594
2250 2705
2250 2757
3968 3587
3968 3743
2545 2277
3147 4254
2397 2495
2397 2869
4571 4678
2581 2640
2581 4966
1895 2087
3310 3308
3310 4950
2584 2264
2584 2320
2584 2334
2584 2459
2584 2536
2584 4653
2584 4741
4823 4781
1998 1945
1998 3886
3212 3184
3212 3274
4103 3729
4103 4051
4103 4278
2650 2557
2650 2845
2650 2869
3348 3266
3348 3267
3348 3273
3826 3585
3626 4455
3762 3666
3762 4215
4425 4502
4425 4583
4653 2002
4653 4467
4653 4528
4653 4537
4653 4573
4653 4623
4653 4630
4653 4690
3302 1918
3302 3317
3688 4227
4659 3211
4659 4511
4659 4554
4659 4605
4270 2530
4270 3470
4270 3476
4270 3608
4270 3609
4270 3820
4270 3877
4270 3905
4270 3935
4270 4085
4504 4655
2662 2285
2662 2351
2662 2535
2662 2556
4205 2682
4205 3208
4205 3977
4205 4541
3985 3658
2194 2480
1968 2037
1968 2044
1968 3956
2521 2140
2521 2177
2521 2833
2521 4098
2757 2115
2757 2684
2757 2705
2757 3714
2145 2798
2145 3164
3820 2413
3820 4085
2208 2833
2003 2019
2685 2155
2685 2617
2685 2700
2685 3549
2685 4852
4163 1874
4163 3485
4163 3578
4163 3656
4163 3838
4163 4439
4169 3651
4169 3821
4169 3969
4169 3988
4169 4035
3961 4113
4252 3825
4252 4239
2430 2532
4016 3140
4016 3588
4016 3631
4016 3653
4016 3740
4016 3866
4016 3956
4733 2293
4733 4861
4733 4877
4935 1917
4935 3092
4935 4966
2444 2254
2444 2267
2444 2329
2444 2349
2444 2461
2444 2600
3917 3462
3917 3944
3917 4215
4897 4741
4897 4748
4897 4796
3252 3011
3252 3099
3286 2241
3286 3177
3286 4644
3934 3654
3934 3739
3934 4008
3934 4080
4118 2620
4118 3635
4118 3812
4118 3847
4118 4227
3989 3722
3989 4227
4483 4422
4846 4820
3169 3083
4148 3901
4148 4239
4148 4871
2132 2608
4215 2258
4215 3462
4215 3506
4215 3666
4215 3760
4215 3944
4215 4941
2596 2230
2596 2253
2596 2500
2596 2637
2596 3299
2698 2450
2698 3135
2698 4966
3119 3211
3755 3481
3979 4018
3979 4028
3957 2598
3957 4157
2297 2019
2599 4648
4690 3061
4690 3171
4690 4467
4690 4474
4690 4502
4690 4507
4690 4537
4690 4573
4690 4634
4690 4654
2617 2299
2617 2347
3801 3544
3801 3981
3801 4227
4770 4771
4770 4835
3079 3238
3079 3273
3506 3944
2181 2475
2181 2557
2181 2895
2556 2351
2556 2535
2645 2958
3939 3610
3939 4605
2631 2667
2631 2705
3988 3708
3988 3821
3988 3891
3988 3969
3988 4035
3211 3030
3211 3338
3821 2426
3821 3891
1972 2087
1972 2259
2674 2833
4000 1846
4000 3552
4000 3600
4000 4005
3554 3210
4824 2115
4824 4820
4824 4853
4824 4950
3738 3658
2722 2227
2722 2465
2722 2735
2722 2958
2722 4426
3121 3063
2002 1964
2002 4609
2958 2153
2958 2295
2958 2327
2958 2424
2958 2606
2958 2637
2958 2659
2958 2735
2958 2835
2958 2869
2958 3074
3555 1843
3969 3952
3969 4035
4050 2356
4050 2489
2466 2539
2466 2798
4461 4678
2314 2682
2700 2425
2700 3078
2700 3200
3858 3644
3858 4209
4678 3700
4678 4037
4678 4432
4678 4457
4678 4538
4678 4624
4678 4811
2449 3114
4142 2518
4142 3935
3646 4037
3946 2480
3946 3703
4227 2676
4227 3544
4227 4605
2780 4838
4820 4861
4820 4877
4820 4950
4820 4966
2137 2139
2137 2254
2137 2461
2137 2507
2137 3956
3699 3668
3699 4084
3842 3786
3842 3827
3842 4012
4611 3357
4611 4502
4611 4605
4611 4623
4611 4635
2044 1982
4239 2134
4239 4532
4239 4604
4239 4877
2833 2177
2833 2558
3215 3196
3215 3226
4769 4772
2359 2254
3271 3274
3782 3841
3782 4084
3971 3875
4051 1981
4051 3039
4051 3525
4051 3733
4051 4278
4904 3750
4904 4793
4904 4835
4904 4844
4904 4907
4904 4918
3666 3462
3154 3128
3733 3846
3281 3044
3357 3207
2630 2595
2630 3497
2668 2490
2895 2239
2895 2317
2895 2557
2895 2571
2895 2591
2895 2869
2895 2886
2895 3950
4157 3921
4157 4444
4108 2173
4108 3659
4108 3855
2272 2611
3765 3789
4085 2318
4085 3586
4085 3608
4085 3935
3265 2500
1885 4460
3923 3515
4570 2320
4570 4575
4643 4599
4643 4655
2611 3868
4851 4864
4851 4925
1842 2087
2087 1848
2087 1862
2087 1876
2087 1905
2087 1906
2087 1935
2087 1981
2087 2480
2087 2869
2087 3320
2087 3572
2087 3804
1843 1900
1843 1901
1900 1935
1845 2028
2028 1846
2028 1985
2028 2009
2028 2036
2028 3551
2028 3656
2028 3875
1846 1957
1846 1987
1957 1875
1987 1935
1987 2019
1987 2178
1848 1889
1848 2019
1848 3025
2019 1854
2019 2169
2019 3706
1850 2017
2017 1859
2017 4575
2017 4655
1910 1902
1854 1902
1855 2030
2030 1943
2030 3817
2030 3921
1856 3855
1857 1946
1868 2037
2037 1887
2037 1984
2037 3320
2037 3333
2037 4884
1871 1874
1871 2001
1874 1881
1874 2001
2001 1887
2001 1925
2001 1996
2001 3496
2001 4566
1881 2306
1876 2438
2438 2687
1970 1899
1879 1905
1905 3343
1883 2428
2428 3223
1886 1918
1888 2025
2025 1966
2025 4634
1894 2036
1897 2659
1899 1985
1985 3099
1935 4758
3343 3009
3343 3098
3343 3164
3343 3166
3343 3583
1906 1930
1906 1964
1930 2682
1930 4966
1964 1923
1964 3653
2416 2245
3183 2143
1917 2408
2408 2402
2408 2638
1922 1982
1925 3708
3708 3786
3708 4012
2682 2217
4966 4738
4966 4743
4966 4758
4966 4773
4966 4798
4966 4800
4966 4811
4966 4853
4966 4858
4966 4879
4966 4941
4966 4950
1969 1949
1969 4630
3854 4861
1966 3805
4758 4800
2684 2705
1943 1962
1962 2355
1949 2337
2337 3019
1961 3905
3905 3572
3653 4029
3956 3711
3956 4029
4630 2998
4630 4655
2259 2835
4254 3316
4254 3748
4254 4046
4254 4097
2012 1984
2012 4800
4043 3665
1981 1984
1984 2346
3226 2267
3226 3000
3226 3200
3886 3524
3886 3748
4566 4453
4566 4535
4566 4640
4609 4454
4609 4541
4609 4586
2143 2798
2739 2173
4800 4798
4624 2622
4624 4541
4624 4588
2139 2415
4575 4621
4655 4471
3706 3537
4648 4525
4648 4621
4634 4412
4634 4537
3875 2886
2293 2396
2735 2637
2735 3248
2735 4925
3320 3208
3320 3229
3320 3248
3333 3039
4884 4816
4884 4857
3692 2708
4573 4517
4573 4623
3199 3061
3199 3204
3841 3750
3841 4084
2594 2514
2594 4784
3850 2335
3683 3176
4209 2457
4209 3561
4209 3601
4209 3739
4209 3819
4209 3853
4209 3870
4209 4008
4545 3196
4749 4861
4749 4877
2999 2294
2649 2329
2649 2533
2649 2687
2606 2258
2606 2792
2610 2219
2239 2101
2239 2608
3856 4950
2707 2485
3935 3098
3321 3236
4110 3205
4110 3828
4110 3930
4110 4081
3892 3141
3892 3531
3892 3560
2719 4637
4767 3004
3908 2391
3908 3509
3908 3601
3908 3870
3908 4008
3908 4853
3703 3560
2500 2253
2500 4457
2747 3599
4029 3562
4029 3631
2869 2101
2869 2222
2869 2277
2869 2539
2869 2845
2869 3711
2869 4062
2869 4812
3572 3668
2410 2112
2725 2638
2725 3659
2725 4062
2289 2182
2687 2549
2687 3760
4500 4514
2339 3834
3786 4012
4623 4466
4623 4506
4623 4548
4623 4605
4113 3019
4113 3513
4113 3847
3494 4278
4654 2539
4654 2571
4654 4511
4654 4528
2792 2304
2792 2391
2792 2457
2792 2798
2792 3091
2792 4799
2101 2886
2886 2216
2886 2391
2886 2495
2886 2518
2886 2591
2886 2845
2886 3901
2886 4538
3532 4084
2535 2148
2535 2993
2117 4583
4583 4594
4583 4640
2329 2254
2329 2267
2329 2461
2329 2600
2349 2267
2349 2461
2349 2507
2349 2600
2461 2267
2461 2507
2461 2600
2461 3308
2461 3468
2600 2254
2600 2507
2600 3260
2600 3909
2570 2310
2264 2459
2536 2225
2536 2320
2536 2459
2187 3866
2136 2845
2845 2258
2845 2518
2845 3004
2254 4451
2507 2267
2415 2475
2798 2391
2798 2457
2798 2534
2798 4932
2638 2188
2638 2318
2638 3476
2676 2450
2676 3800
2148 2351
2477 3677
2151 3508
2152 2533
2533 2321
2533 2405
2533 2591
2159 2564
2159 3223
2564 4644
3223 3177
3223 3229
2162 3087
2162 3238
3087 3346
3238 3613
2163 2450
2170 4591
4591 2451
4591 4621
2253 3691
2475 4907
2557 2595
2557 3586
2188 2222
2195 2548
4933 4862
2200 4750
4750 4864
2598 2218
2598 2283
2209 4627
4627 2544
4627 4604
2225 2334
2334 2320
2334 2459
2226 3331
3331 3184
3331 3190
3331 3207
3331 3338
3331 3400
2227 3608
2228 4580
2305 2361
2241 2335
2335 3220
2544 2555
2246 2622
2622 2248
2622 4278
4451 4637
4084 3098
2737 3588
2495 4735
2278 3779
2424 3112
2426 2457
2396 3036
2309 3901
2310 3091
2317 3819
3819 3644
3819 3732
2321 3705
3705 4018
2405 2626
2405 4517
3220 3308
3220 3346
2340 3566
2340 4640
4640 2392
2342 3798
3798 2637
4479 3827
2635 4778
3362 3096
3362 3317
3166 4170
4932 3078
4932 4797
2391 2457
2559 2708
2402 4081
4081 3714
4081 3828
2626 2549
2626 4012
2626 4507
2626 4862
4533 4443
4533 4617
4533 4644
4278 3466
4278 3488
4278 3509
4278 3525
4278 3690
4278 3752
3112 3210
2432 3301
3301 3140
2436 3549
2708 2490
2708 3207
2478 3596
3308 2591
3308 3210
3601 3017
3601 3739
3835 3739
3835 4008
4907 3978
4907 4872
4907 4906
4907 4918
4907 4943
3596 3944
2490 3117
2490 3696
3696 3740
2504 3202
2504 3595
3202 3096
3202 3260
3202 3316
3595 4097
4098 3474
4098 3909
4098 3918
3239 3065
3239 3153
3267 3400
2558 3580
4075 3065
2640 4925
4644 4443
4771 4943
4741 4748
4784 4739
4784 4756
3299 3008
3299 4941
3260 4019
3260 4896
4755 4874
4012 3827
4012 4035
4507 4464
4778 4941
4925 4761
4925 4881
3964 4827
3208 3070
3208 4494
3950 3609
3950 3847
3598 3665
3800 4879
4852 4812
4852 4918
4019 3871
4918 4793
4918 4872
4918 4943
3078 3400
4046 3248
3207 3065
4467 4535
3871 3978
4941 4853
4941 4858
4941 4861
4941 4950
4062 4950
4835 4943
3588 3740
4872 4906
4872 4943
4535 4581
4535 4621
3075 3255
4005 3600
3714 3828
4877 4742
4877 4827
4877 4950
4920 3274
4920 4789
4920 4848
3400 2996
3400 3061
3400 3085
3400 3092
3400 3148
3400 4525
4799 4906
4799 4943
4822 4762
3266 3848
4773 4950
3118 3204
3083 4554
3201 3311
3009 3141
4412 4437
4037 3049
3177 3556
3316 3231
3711 3740
4812 4943
3546 4548
4538 3570
3338 3153
3317 3213
4541 4525
4857 4780
4857 4816
3277 4599
2996 3076
3846 4494
3600 3259
3610 4761
3000 3658
2995 4434
4594 4523
4453 4588
3150 3020
3150 3210
3074 3051
4605 4511
4605 4528
4529 3827
3236 3171
3236 3346
4621 4521
3346 3231
4506 3274
4906 4792
4906 4844
4906 4943
4950 4738
4950 4760
4950 4811
4950 4861
3011 3488
3204 4743
3029 3030
3051 3661
3055 4405
3153 3184
3184 4537
3155 4473
3231 4943
3176 3665
4537 4528
4743 4858
4588 4443
4797 3930
4797 4796
4035 4795
4528 4485
3991 4816
4844 3812
3499 3578
3461 4417
3514 4860
4548 4780
4858 4861
4464 4796
