0 118
0 205
0 226
0 342
0 343
0 1318
0 3678
118 246
118 270
118 286
118 289
118 307
118 319
118 327
118 3549
118 4799
205 84
205 204
205 266
205 310
205 316
205 318
205 323
205 324
205 327
205 347
205 2350
205 3761
205 4976
226 186
226 277
226 288
226 301
226 312
226 313
226 325
226 330
226 332
226 342
226 343
226 345
226 1593
226 2959
226 3770
226 3802
342 8
342 12
342 21
342 22
342 23
342 27
342 41
342 48
342 68
342 79
342 82
342 90
342 91
342 98
342 102
342 106
342 112
342 113
342 126
342 127
342 138
342 141
342 144
342 151
342 153
342 157
342 161
342 163
342 167
342 174
342 175
342 180
342 186
342 192
342 193
342 194
342 198
342 229
342 235
342 246
342 248
342 257
342 269
342 274
342 277
342 278
342 282
342 288
342 296
342 298
342 299
342 300
342 301
342 302
342 305
342 311
342 313
342 314
342 315
342 316
342 320
342 321
342 325
342 334
342 337
342 338
342 341
342 343
342 344
342 345
342 725
342 831
342 972
342 982
342 1396
342 1772
342 1796
342 1801
342 2051
342 2752
342 2899
342 3652
342 3801
342 4115
342 4155
342 4859
342 4992
343 8
343 12
343 21
343 23
343 44
343 58
343 68
343 79
343 82
343 83
343 90
343 98
343 106
343 112
343 113
343 127
343 138
343 141
343 145
343 151
343 153
343 155
343 157
343 158
343 161
343 163
343 167
343 174
343 175
343 180
343 186
343 192
343 193
343 207
343 209
343 215
343 218
343 219
343 229
343 235
343 238
343 244
343 248
343 257
343 274
343 276
343 277
343 278
343 282
343 287
343 288
343 296
343 298
343 301
343 302
343 303
343 305
343 313
343 314
343 315
343 320
343 325
343 326
343 332
343 334
343 335
343 345
343 346
343 1263
343 1466
343 1548
343 1656
343 2439
343 2453
343 2507
343 2615
343 2735
343 3809
343 4102
343 4221
343 4438
343 4618
343 4665
343 4951
343 4966
343 4977
1318 665
1318 703
1318 730
1318 784
1318 912
1318 978
1318 1031
1318 1083
1318 1135
1318 1156
1318 1219
1318 1258
1318 1415
1318 1508
1318 1554
1318 3727
1318 4071
1318 4795
3678 235
3678 1419
3678 1753
3678 2917
3678 3119
3678 3157
3678 3196
3678 3228
3678 3337
3678 3561
3678 3568
3678 3611
3678 3615
3678 3626
3678 3630
3678 3647
3678 3653
3678 3673
3678 3695
3678 3712
3678 3714
3678 3715
3678 3752
3678 3765
3678 3778
3678 3786
3678 3828
3678 4171
1 5
1 245
1 285
1 299
1 317
1 338
1 1434
5 132
5 217
5 318
5 341
5 1510
5 2918
245 109
245 156
245 173
245 216
245 230
245 247
245 251
245 253
245 259
245 262
245 332
245 335
245 338
245 344
245 3821
245 3827
245 4846
245 4973
285 14
285 46
285 121
285 165
285 174
285 177
285 191
285 237
285 264
285 294
285 297
285 308
285 316
285 322
285 328
285 330
285 333
285 334
285 344
285 346
285 347
285 415
285 584
285 848
285 3017
285 3999
285 4984
299 78
299 117
299 121
299 134
299 142
299 164
299 170
299 173
299 178
299 182
299 184
299 192
299 230
299 242
299 295
299 308
299 312
299 317
299 332
299 335
299 338
299 339
299 347
299 1531
299 1550
299 3714
299 3776
299 4046
299 4438
299 4888
317 7
317 20
317 78
317 103
317 117
317 134
317 144
317 159
317 170
317 173
317 182
317 184
317 199
317 200
317 209
317 216
317 230
317 233
317 241
317 247
317 262
317 272
317 275
317 292
317 293
317 297
317 312
317 314
317 318
317 332
317 338
317 1343
317 1702
317 1899
317 1960
317 3729
317 3737
317 3798
317 4900
338 6
338 7
338 9
338 20
338 31
338 37
338 59
338 75
338 76
338 78
338 96
338 103
338 109
338 114
338 117
338 121
338 134
338 156
338 164
338 173
338 178
338 182
338 184
338 189
338 199
338 209
338 216
338 230
338 233
338 241
338 242
338 247
338 262
338 272
338 281
338 283
338 284
338 304
338 305
338 307
338 312
338 316
338 326
338 332
338 335
338 341
338 604
338 941
338 1453
338 1622
338 1623
338 1645
338 1775
338 2097
338 2665
338 3114
338 3720
338 4229
338 4928
1434 201
1434 560
1434 568
1434 709
1434 711
1434 762
1434 854
1434 953
1434 993
1434 1016
1434 1159
1434 1165
1434 1191
1434 1197
1434 1254
1434 1264
1434 1307
1434 1317
1434 1392
1434 1394
1434 1398
1434 1467
1434 1474
1434 1486
1434 1510
1434 1514
1434 1519
1434 1557
1434 2911
1434 4220
2 309
2 333
2 336
2 337
2 339
2 1512
2 4313
309 25
309 74
309 107
309 196
309 227
309 238
309 239
309 253
309 257
309 268
309 287
309 296
309 304
309 311
309 316
309 322
309 325
309 326
309 328
309 329
309 330
309 331
309 334
309 335
309 339
309 340
309 345
309 346
309 347
309 1213
309 1371
309 1503
309 2271
309 3245
309 3921
309 4055
333 16
333 60
333 78
333 87
333 88
333 141
333 145
333 165
333 172
333 184
333 187
333 188
333 193
333 196
333 207
333 210
333 239
333 243
333 260
333 268
333 278
333 283
333 294
333 296
333 306
333 308
333 310
333 311
333 313
333 316
333 328
333 331
333 337
333 339
333 340
333 341
333 344
333 347
333 1133
333 1166
333 1409
333 1555
333 1725
333 2268
333 2885
333 2910
333 3060
333 3956
333 4631
336 34
336 51
336 52
336 61
336 65
336 67
336 79
336 94
336 101
336 114
336 125
336 127
336 130
336 149
336 150
336 159
336 160
336 166
336 168
336 169
336 181
336 194
336 198
336 203
336 223
336 225
336 227
336 251
336 254
336 255
336 258
336 259
336 266
336 267
336 293
336 304
336 306
336 310
336 313
336 321
336 323
336 324
336 327
336 330
336 341
336 344
336 1465
336 1492
336 2968
336 3082
336 3525
336 3596
336 3663
336 3719
336 4211
336 4224
336 4753
336 4985
337 15
337 50
337 54
337 55
337 57
337 80
337 88
337 92
337 108
337 110
337 119
337 126
337 140
337 172
337 179
337 193
337 196
337 198
337 206
337 216
337 223
337 232
337 246
337 258
337 260
337 264
337 271
337 280
337 283
337 287
337 289
337 292
337 294
337 302
337 303
337 304
337 311
337 322
337 323
337 329
337 330
337 334
337 335
337 339
337 340
337 344
337 346
337 347
337 1153
337 1207
337 1447
337 2217
337 2263
337 2902
337 3808
337 3827
337 4083
337 4175
337 4211
337 4261
339 13
339 25
339 29
339 30
339 38
339 68
339 89
339 107
339 108
339 110
339 126
339 128
339 140
339 145
339 149
339 179
339 184
339 188
339 204
339 212
339 217
339 232
339 239
339 250
339 254
339 258
339 262
339 275
339 276
339 279
339 282
339 290
339 292
339 295
339 297
339 304
339 311
339 312
339 322
339 324
339 328
339 331
339 344
339 345
339 346
339 347
339 420
339 590
339 657
339 675
339 1539
339 1817
339 2988
339 3685
339 3696
339 4082
339 4183
339 4344
339 4551
1512 228
1512 618
1512 746
1512 812
1512 840
1512 885
1512 898
1512 925
1512 952
1512 1075
1512 1093
1512 1118
1512 1123
1512 1128
1512 1145
1512 1182
1512 1198
1512 1206
1512 1228
1512 1241
1512 1272
1512 1278
1512 1315
1512 1332
1512 1365
1512 1379
1512 1382
1512 1411
1512 1416
1512 1424
1512 1457
1512 1467
1512 1478
1512 1493
1512 1504
1512 1505
1512 1508
1512 1511
1512 1521
1512 1532
1512 1535
1512 1538
1512 1544
1512 1552
1512 1911
1512 2238
1512 2367
1512 2441
1512 2453
1512 3630
1512 4581
1512 4986
4313 4620
4313 4917
4313 4966
4313 4968
4313 4971
4313 4980
3 40
3 75
3 248
3 313
3 345
3 3619
3 4699
40 133
40 152
40 171
40 214
40 219
40 3435
75 193
75 283
75 295
75 326
75 340
75 548
248 110
248 174
248 275
248 278
248 296
248 298
248 302
248 305
248 311
248 315
248 325
248 345
248 346
248 2448
248 3707
248 4019
313 36
313 98
313 106
313 113
313 151
313 166
313 167
313 180
313 192
313 215
313 218
313 229
313 235
313 277
313 282
313 288
313 289
313 291
313 296
313 302
313 310
313 314
313 320
313 345
313 346
313 641
313 773
313 1522
313 3267
313 4067
313 4672
313 4884
345 8
345 21
345 27
345 41
345 48
345 58
345 68
345 79
345 82
345 83
345 90
345 91
345 98
345 102
345 106
345 112
345 113
345 127
345 129
345 138
345 140
345 141
345 151
345 153
345 157
345 161
345 163
345 167
345 174
345 175
345 180
345 186
345 188
345 190
345 195
345 208
345 215
345 218
345 229
345 235
345 241
345 251
345 252
345 257
345 274
345 277
345 278
345 279
345 282
345 286
345 288
345 290
345 296
345 298
345 301
345 302
345 305
345 308
345 310
345 314
345 315
345 318
345 320
345 325
345 329
345 489
345 607
345 637
345 1030
345 1733
345 1833
345 1880
345 2107
345 2253
345 2742
345 3435
345 3508
345 3692
345 3806
345 3829
345 4104
345 4174
345 4389
3619 976
3619 1386
3619 3097
3619 3111
3619 3165
3619 3335
3619 3536
3619 3541
3619 3542
3619 3687
3619 3706
3619 3731
3619 3742
3619 3759
3619 3761
3619 3790
3619 3796
3619 3808
3619 3816
3619 4440
3619 4705
4699 2265
4699 4231
4699 4367
4699 4372
4699 4448
4699 4470
4699 4503
4699 4638
4699 4659
4699 4685
4699 4689
4699 4757
4699 4999
4 71
4 139
4 225
4 262
4 269
4 347
4 1532
71 142
71 225
71 234
71 263
71 304
71 4625
71 4845
139 90
139 111
139 116
139 222
139 263
139 269
139 271
139 742
139 4218
225 43
225 69
225 85
225 94
225 187
225 221
225 222
225 234
225 263
225 269
225 271
225 2189
225 4081
225 4832
262 96
262 209
262 230
262 241
262 242
262 272
262 306
262 312
262 329
262 332
262 335
262 883
262 3434
262 3690
262 4158
262 4865
269 12
269 43
269 63
269 74
269 85
269 111
269 142
269 221
269 222
269 234
269 240
269 263
269 271
269 329
269 331
269 2095
269 2429
269 2865
269 3607
347 16
347 21
347 32
347 44
347 45
347 49
347 50
347 72
347 77
347 80
347 87
347 92
347 97
347 100
347 103
347 107
347 112
347 126
347 137
347 146
347 156
347 165
347 179
347 188
347 196
347 207
347 208
347 212
347 217
347 231
347 232
347 237
347 239
347 242
347 252
347 253
347 254
347 257
347 258
347 260
347 271
347 273
347 274
347 279
347 280
347 282
347 283
347 287
347 290
347 294
347 295
347 296
347 297
347 298
347 304
347 308
347 311
347 316
347 322
347 326
347 328
347 329
347 330
347 331
347 334
347 340
347 344
347 346
347 467
347 636
347 676
347 864
347 881
347 1370
347 1477
347 1908
347 2073
347 2423
347 2587
347 2667
347 3481
347 3604
347 3624
347 3819
347 3825
347 4207
347 4208
347 4510
1532 316
1532 604
1532 674
1532 687
1532 727
1532 737
1532 758
1532 794
1532 808
1532 820
1532 824
1532 838
1532 839
1532 858
1532 865
1532 866
1532 875
1532 876
1532 879
1532 893
1532 921
1532 951
1532 964
1532 981
1532 1022
1532 1067
1532 1071
1532 1092
1532 1099
1532 1213
1532 1236
1532 1249
1532 1274
1532 1287
1532 1342
1532 1343
1532 1352
1532 1363
1532 1377
1532 1407
1532 1415
1532 1419
1532 1429
1532 1438
1532 1442
1532 1446
1532 1455
1532 1470
1532 1473
1532 1491
1532 1501
1532 1504
1532 1519
1532 1525
1532 1537
1532 1539
1532 1548
1532 1579
1532 2252
1532 2597
1532 2827
1532 3566
1532 3615
1532 3660
1532 3825
1532 4831
1532 4855
1532 4990
132 154
132 231
132 310
132 323
132 324
132 327
132 341
132 3759
132 4900
217 89
217 235
217 253
217 278
217 292
217 295
217 330
217 331
217 344
217 2139
217 2846
217 3586
217 4983
318 34
318 42
318 49
318 122
318 149
318 166
318 180
318 183
318 198
318 218
318 223
318 227
318 228
318 251
318 254
318 255
318 259
318 273
318 277
318 284
318 300
318 304
318 306
318 310
318 321
318 323
318 324
318 341
318 960
318 1191
318 1506
318 1519
318 1929
318 3335
318 3616
318 4042
318 4128
341 41
341 51
341 52
341 55
341 61
341 65
341 67
341 73
341 84
341 86
341 94
341 101
341 114
341 120
341 122
341 125
341 130
341 134
341 141
341 150
341 166
341 168
341 169
341 183
341 194
341 198
341 202
341 203
341 204
341 208
341 223
341 227
341 228
341 230
341 251
341 254
341 255
341 259
341 266
341 273
341 279
341 289
341 293
341 300
341 306
341 310
341 320
341 321
341 323
341 324
341 327
341 340
341 346
341 731
341 1037
341 1832
341 1890
341 2038
341 2206
341 2220
341 2284
341 2522
341 3649
341 3672
341 3811
341 3815
341 4187
341 4992
1510 620
1510 657
1510 669
1510 673
1510 720
1510 762
1510 834
1510 845
1510 854
1510 869
1510 874
1510 891
1510 899
1510 910
1510 913
1510 953
1510 954
1510 993
1510 1038
1510 1124
1510 1159
1510 1165
1510 1174
1510 1191
1510 1197
1510 1228
1510 1254
1510 1264
1510 1307
1510 1317
1510 1355
1510 1392
1510 1394
1510 1449
1510 1461
1510 1474
1510 1486
1510 1500
1510 1514
1510 1526
1510 1540
1510 1541
1510 1556
1510 1745
1510 2026
1510 2422
1510 2699
1510 3661
1510 3786
1510 3831
1510 4059
2918 289
2918 667
2918 2139
2918 2469
2918 2604
2918 2624
2918 2627
2918 2655
2918 2686
2918 2690
2918 2740
2918 2742
2918 2809
2918 2830
2918 2838
2918 2847
2918 2855
2918 2910
2918 2963
2918 2984
2918 2993
2918 3001
2918 3003
2918 3005
2918 3006
2918 3441
2918 4863
6 123
6 159
6 184
6 332
6 3179
6 4380
123 14
123 199
123 287
123 295
123 304
123 326
123 328
123 4187
123 4991
159 173
159 199
159 230
159 256
159 272
159 335
159 1046
159 4985
184 182
184 247
184 332
184 335
184 1881
184 2129
184 2872
332 7
332 20
332 31
332 59
332 76
332 92
332 95
332 96
332 103
332 109
332 113
332 117
332 134
332 164
332 170
332 178
332 189
332 199
332 209
332 230
332 233
332 242
332 247
332 252
332 257
332 271
332 272
332 305
332 312
332 335
332 532
332 1433
332 2396
332 3623
332 3748
332 4109
332 4149
332 4165
332 4219
332 4679
3179 3649
3179 3662
3179 3709
3179 3778
3179 3781
3179 3784
3179 3823
4380 2838
4380 4437
4380 4615
4380 4884
4380 4937
4380 4971
4380 4994
7 182
7 303
7 335
7 1334
182 57
182 126
182 242
182 312
182 335
182 346
182 661
182 2982
303 33
303 36
303 46
303 95
303 104
303 116
303 120
303 124
303 128
303 137
303 143
303 160
303 162
303 179
303 195
303 202
303 206
303 211
303 220
303 231
303 265
303 281
303 284
303 293
303 626
303 1857
303 2361
303 2448
303 3660
303 3757
303 4224
335 9
335 31
335 37
335 50
335 59
335 76
335 78
335 103
335 109
335 121
335 134
335 156
335 161
335 163
335 164
335 170
335 178
335 199
335 209
335 216
335 218
335 230
335 233
335 241
335 242
335 247
335 249
335 272
335 279
335 291
335 294
335 312
335 340
335 1006
335 1228
335 1504
335 1924
335 2944
335 3486
335 3676
335 3801
335 4131
335 4982
335 4994
1334 1009
1334 1098
1334 1144
1334 1155
1334 1248
1334 1266
1334 1350
1334 1398
1334 1412
1334 1452
1334 1456
1334 1476
1334 1481
1334 1502
1334 1531
1334 1538
1334 1553
1334 2652
1334 2945
1334 4974
8 250
8 314
8 2335
8 3086
250 119
250 143
250 209
250 216
250 279
250 290
250 297
250 304
250 311
250 326
250 331
250 340
250 344
250 346
250 1345
250 1456
250 1509
250 3591
314 12
314 48
314 98
314 127
314 151
314 161
314 200
314 215
314 229
314 235
314 241
314 257
314 264
314 281
314 282
314 286
314 288
314 296
314 301
314 302
314 305
314 315
314 325
314 328
314 344
314 351
314 1453
314 2982
314 3240
314 3700
314 4116
314 4179
314 4982
2335 1961
2335 2029
2335 2073
2335 2080
2335 2175
2335 2315
2335 2338
2335 2364
2335 2379
2335 2401
2335 2406
2335 2414
2335 2417
2335 2422
2335 2433
2335 2441
2335 2442
2335 2443
2335 2873
2335 4551
2335 4891
3086 3454
3086 3618
3086 3703
3086 3719
3086 3736
3086 3797
9 215
9 247
9 327
9 1839
9 3163
215 39
215 83
215 167
215 297
215 301
215 315
215 320
215 2421
215 4200
215 4264
215 4684
247 145
247 156
247 158
247 164
247 170
247 189
247 241
247 288
247 1495
247 1541
247 3811
247 4042
327 42
327 52
327 84
327 94
327 125
327 130
327 149
327 168
327 183
327 198
327 204
327 209
327 228
327 242
327 251
327 254
327 255
327 260
327 270
327 273
327 293
327 300
327 306
327 310
327 321
327 323
327 328
327 329
327 330
327 696
327 1387
327 1529
327 1530
327 1686
327 2384
327 3423
327 3628
327 4230
1839 767
1839 1593
1839 1634
1839 1641
1839 1673
1839 1806
1839 1810
1839 1811
1839 1843
1839 1845
1839 1850
1839 1859
1839 1870
1839 1874
1839 1877
1839 1880
1839 1887
1839 1899
1839 1917
1839 2282
1839 2427
1839 4669
3163 3649
3163 3721
3163 3749
3163 3768
3163 3769
3163 3772
3163 3793
10 207
10 270
10 307
10 319
10 320
10 1459
10 4200
207 99
207 252
207 287
207 295
207 328
207 334
207 344
207 346
207 3005
207 3574
207 4007
270 32
270 99
270 105
270 135
270 151
270 191
270 197
270 238
270 240
270 261
270 276
270 286
270 289
270 291
270 307
270 319
270 455
270 1530
270 2309
270 4797
307 15
307 28
307 76
307 81
307 99
307 135
307 136
307 197
307 213
307 224
307 236
307 238
307 246
307 255
307 261
307 276
307 286
307 288
307 289
307 291
307 297
307 311
307 319
307 334
307 571
307 1558
307 2400
307 3518
307 3779
307 3926
307 4604
319 15
319 20
319 28
319 32
319 39
319 81
319 91
319 93
319 99
319 105
319 135
319 136
319 197
319 213
319 224
319 236
319 238
319 246
319 261
319 275
319 276
319 280
319 286
319 289
319 291
319 294
319 315
319 326
319 334
319 1489
319 2237
319 3767
319 3796
319 3936
319 4013
319 4539
319 4886
320 82
320 90
320 106
320 152
320 161
320 174
320 180
320 186
320 190
320 191
320 192
320 229
320 257
320 258
320 278
320 282
320 288
320 293
320 296
320 298
320 301
320 302
320 305
320 315
320 325
320 331
320 346
320 1414
320 1535
320 1652
320 2673
320 3391
320 3473
320 4648
320 4655
1459 116
1459 707
1459 748
1459 833
1459 959
1459 965
1459 978
1459 983
1459 1057
1459 1082
1459 1096
1459 1123
1459 1168
1459 1192
1459 1243
1459 1270
1459 1290
1459 1302
1459 1319
1459 1330
1459 1396
1459 1413
1459 1421
1459 1448
1459 1483
1459 1487
1459 1489
1459 1495
1459 1538
1459 1549
1459 2142
1459 2213
1459 2572
1459 2949
1459 4224
4200 2232
4200 2418
4200 3811
4200 3852
4200 3875
4200 3905
4200 3909
4200 3958
4200 3962
4200 3964
4200 3976
4200 4000
4200 4004
4200 4019
4200 4025
4200 4034
4200 4036
4200 4039
4200 4050
4200 4051
4200 4055
4200 4092
4200 4093
4200 4106
4200 4110
4200 4116
4200 4139
4200 4147
4200 4156
4200 4170
4200 4172
4200 4175
4200 4177
4200 4183
4200 4186
4200 4193
4200 4197
4200 4203
4200 4207
4200 4208
4200 4209
4200 4210
4200 4212
4200 4214
4200 4216
4200 4218
4200 4219
4200 4223
4200 4224
4200 4226
4200 4227
4200 4649
4200 4724
4200 4729
4200 4820
4200 4847
4200 4892
4200 4952
11 36
11 125
11 304
11 330
11 344
11 2391
11 3676
36 202
36 243
36 265
36 1315
125 80
125 293
125 310
125 324
125 1748
125 2666
304 97
304 115
304 187
304 193
304 201
304 268
304 294
304 308
304 311
304 316
304 322
304 325
304 326
304 330
304 331
304 344
304 346
304 1554
304 3172
304 3559
304 3766
304 4659
304 4823
330 18
330 58
330 89
330 99
330 129
330 140
330 145
330 168
330 178
330 190
330 222
330 237
330 244
330 260
330 268
330 275
330 280
330 283
330 292
330 294
330 295
330 300
330 311
330 321
330 326
330 331
330 340
330 344
330 346
330 791
330 1447
330 1547
330 2011
330 2445
330 2450
330 2999
330 3671
330 4225
344 13
344 15
344 17
344 25
344 34
344 38
344 45
344 50
344 54
344 55
344 57
344 60
344 87
344 108
344 115
344 119
344 126
344 137
344 143
344 145
344 172
344 179
344 189
344 190
344 210
344 212
344 218
344 232
344 236
344 244
344 252
344 253
344 255
344 258
344 260
344 268
344 278
344 279
344 280
344 283
344 284
344 287
344 292
344 293
344 294
344 297
344 308
344 311
344 312
344 315
344 316
344 322
344 323
344 326
344 328
344 331
344 346
344 653
344 1428
344 1450
344 1463
344 1515
344 1794
344 2178
344 2958
344 2960
344 3061
344 3395
344 3964
344 3967
344 4207
344 4743
344 4809
344 4892
344 4999
2391 1400
2391 1539
2391 2024
2391 2038
2391 2100
2391 2205
2391 2216
2391 2219
2391 2225
2391 2235
2391 2274
2391 2279
2391 2303
2391 2305
2391 2314
2391 2332
2391 2349
2391 2350
2391 2365
2391 2378
2391 2381
2391 2386
2391 2396
2391 2398
2391 2427
2391 2431
2391 2449
2391 2451
2391 2453
2391 3815
2391 4106
2391 4993
3676 1422
3676 1538
3676 3046
3676 3184
3676 3195
3676 3206
3676 3302
3676 3405
3676 3492
3676 3512
3676 3519
3676 3569
3676 3603
3676 3623
3676 3652
3676 3680
3676 3684
3676 3702
3676 3707
3676 3722
3676 3738
3676 3745
3676 3766
3676 3769
3676 4219
3676 4634
12 140
12 302
12 661
140 306
140 311
140 331
140 346
140 2994
140 3460
302 21
302 58
302 135
302 141
302 142
302 161
302 167
302 171
302 193
302 235
302 242
302 274
302 282
302 297
302 298
302 305
302 315
302 325
302 1230
302 1483
302 1666
302 2793
302 4582
302 4780
302 4829
661 197
661 272
661 349
661 371
661 390
661 421
661 428
661 434
661 445
661 455
661 456
661 460
661 462
661 470
661 475
661 482
661 488
661 489
661 495
661 496
661 502
661 504
661 514
661 516
661 522
661 523
661 527
661 531
661 533
661 541
661 544
661 546
661 560
661 564
661 566
661 567
661 577
661 581
661 583
661 586
661 587
661 589
661 592
661 594
661 598
661 599
661 600
661 602
661 611
661 613
661 616
661 618
661 620
661 623
661 630
661 634
661 635
661 637
661 640
661 641
661 645
661 646
661 649
661 652
661 653
661 654
661 655
661 656
661 657
661 658
661 662
661 1531
661 1588
661 2061
661 2118
661 2373
661 2537
661 2608
661 2714
661 3014
661 4120
661 4172
661 4934
661 4975
13 276
13 329
13 346
13 1458
13 3047
276 18
276 28
276 32
276 93
276 99
276 213
276 224
276 236
276 238
276 246
276 259
276 286
276 289
276 291
276 1454
276 1527
276 1788
276 4192
276 4896
329 30
329 54
329 61
329 76
329 126
329 134
329 137
329 179
329 214
329 231
329 237
329 244
329 264
329 277
329 279
329 280
329 283
329 287
329 290
329 292
329 294
329 295
329 308
329 316
329 325
329 326
329 328
329 334
329 340
329 346
329 931
329 940
329 1479
329 1870
329 2960
329 3565
329 3587
329 3701
329 4202
329 4847
346 21
346 24
346 25
346 29
346 38
346 55
346 57
346 60
346 66
346 72
346 77
346 82
346 84
346 87
346 88
346 97
346 100
346 110
346 126
346 129
346 144
346 147
346 155
346 172
346 179
346 188
346 196
346 199
346 210
346 214
346 232
346 240
346 244
346 246
346 252
346 254
346 257
346 258
346 268
346 279
346 280
346 287
346 290
346 292
346 294
346 295
346 297
346 305
346 311
346 316
346 322
346 325
346 326
346 328
346 331
346 334
346 340
346 386
346 564
346 877
346 1119
346 1271
346 1428
346 1528
346 1537
346 2424
346 2887
346 2920
346 2953
346 2975
346 3003
346 3008
346 3686
346 3803
346 4087
346 4733
1458 306
1458 670
1458 775
1458 798
1458 811
1458 818
1458 900
1458 946
1458 1005
1458 1060
1458 1112
1458 1140
1458 1160
1458 1161
1458 1173
1458 1177
1458 1218
1458 1220
1458 1251
1458 1303
1458 1324
1458 1326
1458 1340
1458 1377
1458 1383
1458 1418
1458 1438
1458 1461
1458 1539
1458 1679
1458 2356
1458 2838
1458 3773
1458 4080
1458 4178
3047 2872
3047 3729
3047 3769
3047 3771
3047 3795
3047 3815
14 69
14 311
14 340
14 3337
14 3462
69 142
69 234
69 271
69 326
69 2302
69 3829
311 49
311 97
311 130
311 150
311 165
311 187
311 198
311 231
311 244
311 252
311 287
311 292
311 315
311 326
311 340
311 657
311 1197
311 1831
311 1929
311 2521
311 4818
311 4912
311 4993
340 18
340 22
340 27
340 44
340 72
340 107
340 119
340 137
340 144
340 145
340 147
340 153
340 172
340 177
340 187
340 210
340 222
340 232
340 239
340 249
340 258
340 260
340 268
340 273
340 275
340 279
340 280
340 283
340 287
340 289
340 290
340 292
340 294
340 295
340 296
340 297
340 300
340 306
340 308
340 316
340 326
340 334
340 769
340 1048
340 1223
340 1289
340 1541
340 1881
340 2433
340 2886
340 2941
340 3658
340 3783
340 4574
340 4889
3337 3228
3337 3559
3337 3714
3337 3740
3337 3752
3337 3765
3337 3801
3337 4181
3462 541
3462 3029
3462 3056
3462 3120
3462 3127
3462 3218
3462 3407
3462 3437
3462 3546
3462 3564
3462 3584
3462 3824
15 246
15 291
15 3594
246 81
246 102
246 213
246 224
246 261
246 286
246 289
246 291
246 2022
246 2895
246 4942
291 32
291 39
291 93
291 105
291 136
291 197
291 213
291 224
291 236
291 238
291 239
291 256
291 261
291 289
291 295
291 297
291 1016
291 1884
291 3814
291 4212
291 4393
291 4941
3594 1922
3594 2382
3594 2987
3594 3098
3594 3238
3594 3597
3594 3680
3594 3726
3594 3734
3594 3755
3594 3770
3594 3777
3594 3793
3594 3799
3594 3803
3594 3825
3594 3828
3594 3830
3594 3831
16 70
16 112
16 292
16 2105
16 2912
70 185
70 200
70 256
70 267
70 294
70 1876
70 4259
112 153
112 288
112 325
112 4228
292 55
292 60
292 98
292 105
292 129
292 173
292 181
292 229
292 237
292 239
292 260
292 297
292 316
292 1159
292 2171
292 3446
292 3653
292 4013
292 4237
2105 2144
2105 2303
2105 2339
2105 2424
2105 2438
2105 2440
2105 2450
2105 3680
2912 651
2912 1171
2912 1310
2912 2354
2912 2533
2912 2618
2912 2629
2912 2648
2912 2675
2912 2681
2912 2719
2912 2723
2912 2759
2912 2788
2912 2812
2912 2824
2912 2851
2912 2877
2912 2878
2912 2880
2912 2887
2912 2916
2912 2936
2912 2982
2912 2989
2912 3004
17 154
17 177
17 249
17 267
17 315
17 1092
154 19
154 129
154 185
154 200
154 214
154 219
154 256
154 3766
154 4941
177 19
177 64
177 147
177 185
177 249
177 256
177 267
177 1326
177 4222
177 4876
249 64
249 131
249 133
249 152
249 171
249 200
249 214
249 219
249 251
249 256
249 267
249 310
249 875
249 1191
249 1513
249 4923
267 19
267 131
267 152
267 171
267 185
267 200
267 210
267 213
267 214
267 219
267 230
267 256
267 3787
267 3802
267 4165
267 4371
267 4962
315 48
315 97
315 102
315 141
315 163
315 174
315 175
315 180
315 192
315 235
315 240
315 277
315 282
315 290
315 295
315 296
315 298
315 301
315 305
315 325
315 1446
315 2385
315 3520
315 3641
315 3807
315 4210
315 4899
315 4993
1092 891
1092 1259
1092 1287
1092 1479
1092 1491
1092 1519
1092 1537
1092 1539
1092 4715
18 224
18 322
18 334
18 2893
224 81
224 146
224 213
224 236
224 238
224 286
224 289
224 312
224 829
224 992
224 1917
322 23
322 26
322 97
322 101
322 107
322 128
322 131
322 145
322 169
322 188
322 193
322 213
322 241
322 252
322 253
322 275
322 279
322 280
322 281
322 284
322 287
322 297
322 328
322 334
322 1414
322 1619
322 1808
322 2445
322 2602
322 2867
322 3821
322 4220
322 4716
334 49
334 77
334 92
334 100
334 108
334 171
334 179
334 193
334 196
334 231
334 255
334 258
334 264
334 273
334 275
334 280
334 283
334 294
334 297
334 298
334 305
334 308
334 310
334 316
334 326
334 331
334 1015
334 2014
334 2904
334 2917
334 3521
334 3527
334 4127
334 4871
334 4926
334 4965
334 4997
2893 2526
2893 2588
2893 2610
2893 2612
2893 2615
2893 2629
2893 2749
2893 2763
2893 2908
2893 2914
2893 2927
2893 2950
2893 2958
2893 2967
2893 2970
2893 2974
2893 2986
2893 2995
2893 2998
2893 3646
2893 4214
2893 4791
19 185
19 219
19 258
19 2357
185 64
185 86
185 97
185 180
185 219
185 256
185 650
185 2293
219 133
219 135
219 152
219 160
219 200
219 214
219 2446
219 3538
219 4830
258 31
258 144
258 237
258 244
258 268
258 326
258 331
258 1397
258 1647
258 2978
258 4909
2357 193
2357 1932
2357 1944
2357 1960
2357 2009
2357 2037
2357 2053
2357 2076
2357 2106
2357 2180
2357 2230
2357 2268
2357 2273
2357 2301
2357 2304
2357 2308
2357 2412
2357 2421
2357 2423
2357 2430
2357 2444
2357 2809
2357 2972
2357 4957
2357 4970
20 239
20 997
20 3798
239 102
239 136
239 196
239 252
239 253
239 264
239 295
239 1399
239 1504
239 1549
997 1125
997 1492
997 1507
997 1541
997 1543
997 1551
997 1553
997 1554
997 3490
3798 143
3798 569
3798 1076
3798 1273
3798 1944
3798 2990
3798 3062
3798 3095
3798 3147
3798 3164
3798 3260
3798 3281
3798 3287
3798 3300
3798 3315
3798 3320
3798 3354
3798 3381
3798 3446
3798 3456
3798 3496
3798 3498
3798 3527
3798 3531
3798 3573
3798 3588
3798 3597
3798 3627
3798 3631
3798 3667
3798 3685
3798 3687
3798 3690
3798 3691
3798 3696
3798 3701
3798 3708
3798 3723
3798 3728
3798 3729
3798 3733
3798 3734
3798 3740
3798 3756
3798 3764
3798 3768
3798 3770
3798 3792
3798 3799
3798 3808
3798 3816
3798 3817
3798 3825
3798 3828
3798 3830
3798 3831
3798 3837
3798 4433
3798 4625
3798 4891
3798 4967
21 1023
1023 1175
1023 1240
1023 1363
1023 1460
1023 1480
1023 1494
1023 1506
1023 1531
1023 3504
22 162
22 195
22 206
22 243
22 3817
162 48
162 95
162 124
162 211
162 243
162 261
162 265
162 1860
162 4153
195 120
195 143
195 203
195 206
195 220
195 265
195 281
195 312
195 857
195 3131
195 4658
206 24
206 95
206 143
206 265
206 281
206 284
206 298
206 324
206 1808
206 3306
243 46
243 104
243 116
243 124
243 202
243 211
243 265
243 280
243 284
243 308
243 321
243 1937
243 2018
243 3962
3817 1192
3817 1391
3817 1398
3817 1504
3817 1507
3817 1784
3817 2318
3817 2388
3817 2767
3817 2915
3817 2942
3817 3033
3817 3051
3817 3085
3817 3094
3817 3136
3817 3161
3817 3167
3817 3175
3817 3183
3817 3233
3817 3237
3817 3278
3817 3292
3817 3293
3817 3294
3817 3350
3817 3353
3817 3360
3817 3384
3817 3385
3817 3400
3817 3418
3817 3420
3817 3423
3817 3428
3817 3443
3817 3458
3817 3472
3817 3526
3817 3534
3817 3538
3817 3577
3817 3580
3817 3582
3817 3593
3817 3607
3817 3621
3817 3622
3817 3634
3817 3667
3817 3670
3817 3696
3817 3698
3817 3703
3817 3713
3817 3717
3817 3724
3817 3725
3817 3735
3817 3745
3817 3755
3817 3756
3817 3763
3817 3774
3817 3776
3817 3778
3817 3782
3817 3800
3817 3801
3817 3811
3817 3819
3817 3821
3817 3824
3817 3825
3817 4223
3817 4225
3817 4277
3817 4798
3817 4973
23 91
23 296
23 1048
23 3631
91 157
91 275
91 325
91 2405
91 4168
296 41
296 83
296 127
296 175
296 218
296 266
296 274
296 282
296 298
296 300
296 301
296 323
296 368
296 1210
296 1917
296 2392
296 2914
296 3543
296 3814
1048 732
1048 835
1048 960
1048 1029
1048 1181
1048 1186
1048 1366
1048 1542
3631 1114
3631 3041
3631 3229
3631 3254
3631 3305
3631 3358
3631 3369
3631 3377
3631 3521
3631 3578
3631 3587
3631 3605
3631 3649
3631 3683
3631 3746
3631 3785
3631 3789
3631 3826
3631 3891
3631 4116
3631 4977
24 104
24 128
24 265
24 281
24 1267
104 33
104 210
104 265
104 284
104 4587
104 4832
128 95
128 202
128 281
128 284
128 3376
128 4442
265 117
265 143
265 192
265 202
265 211
265 220
265 237
265 281
265 284
265 328
265 2403
265 3765
265 4027
265 4999
281 33
281 46
281 95
281 116
281 120
281 143
281 160
281 211
281 220
281 275
281 282
281 284
281 324
281 622
281 1008
281 4769
281 4891
281 4997
1267 553
1267 878
1267 1003
1267 1218
1267 1311
1267 1347
1267 1367
1267 1368
1267 1390
1267 1405
1267 1419
1267 1428
1267 1436
1267 1503
1267 4194
1267 4939
25 169
25 253
25 2765
169 61
169 166
169 223
169 323
169 324
169 331
169 1280
169 1490
253 186
253 193
253 274
253 282
253 295
253 308
253 328
253 331
253 2188
253 2446
253 2990
253 4194
2765 1682
2765 2695
2765 2903
2765 2911
2765 2943
2765 2962
2765 2965
2765 2980
2765 2981
2765 2987
2765 3009
2765 4215
26 87
26 100
26 189
26 244
26 1449
26 3813
87 43
87 49
87 274
87 3946
100 35
100 233
100 287
100 948
100 1830
189 103
189 216
189 241
189 277
189 312
189 1438
189 3424
189 3831
244 28
244 77
244 113
244 326
244 328
244 331
244 1168
244 1556
244 1805
244 4939
1449 657
1449 713
1449 767
1449 934
1449 1063
1449 1283
1449 1284
1449 1305
1449 1336
1449 1364
1449 1371
1449 1425
1449 1429
1449 1430
1449 1440
1449 1462
1449 1463
1449 1479
1449 1485
1449 1497
1449 1500
1449 1508
1449 1520
1449 1527
1449 1548
1449 1556
1449 1559
1449 1888
1449 2998
1449 3474
1449 3761
1449 4935
3813 316
3813 328
3813 544
3813 1285
3813 1494
3813 1548
3813 1695
3813 1791
3813 2463
3813 3023
3813 3040
3813 3045
3813 3154
3813 3170
3813 3176
3813 3197
3813 3217
3813 3243
3813 3244
3813 3249
3813 3262
3813 3280
3813 3296
3813 3340
3813 3348
3813 3392
3813 3401
3813 3415
3813 3422
3813 3431
3813 3436
3813 3455
3813 3477
3813 3488
3813 3514
3813 3518
3813 3533
3813 3571
3813 3574
3813 3595
3813 3596
3813 3639
3813 3648
3813 3651
3813 3661
3813 3666
3813 3674
3813 3705
3813 3710
3813 3716
3813 3719
3813 3730
3813 3750
3813 3751
3813 3757
3813 3760
3813 3762
3813 3766
3813 3768
3813 3778
3813 3784
3813 3788
3813 3791
3813 3808
3813 3811
3813 3812
3813 3814
3813 3820
3813 3822
3813 3827
3813 3831
3813 4177
3813 4179
3813 4201
3813 4668
3813 4838
3813 4971
27 58
27 59
27 305
27 1569
58 240
58 278
58 4970
59 96
59 233
59 241
59 4211
305 79
305 83
305 186
305 192
305 218
305 229
305 252
305 274
305 277
305 278
305 288
305 301
305 325
305 328
305 1167
305 1389
305 1524
305 3002
305 3425
305 4210
305 4831
1569 1805
1569 1851
1569 1867
1569 1900
1569 1920
1569 4221
28 63
28 286
28 3954
63 222
63 240
63 263
63 271
63 2389
63 3358
286 39
286 82
286 93
286 99
286 197
286 213
286 236
286 238
286 261
286 264
286 289
286 324
286 1416
286 1717
286 2948
286 3165
286 3763
286 3832
3954 4101
3954 4167
3954 4177
3954 4178
3954 4181
3954 4187
3954 4189
3954 4759
29 208
29 283
29 287
29 301
29 1557
208 181
208 194
208 223
208 300
208 306
208 310
208 321
208 323
208 735
208 1497
208 1962
283 51
283 88
283 92
283 120
283 216
283 231
283 261
283 279
283 290
283 297
283 308
283 328
283 874
283 1484
283 1865
283 2240
283 2986
287 42
287 45
287 165
287 174
287 181
287 221
287 295
287 325
287 328
287 1498
287 2986
287 3395
287 3698
287 3809
287 4790
301 68
301 151
301 163
301 181
301 186
301 192
301 231
301 235
301 257
301 268
301 274
301 282
301 288
301 290
301 328
301 1084
301 1265
301 2828
301 2982
301 3815
301 4217
301 4878
1557 236
1557 682
1557 694
1557 702
1557 705
1557 723
1557 728
1557 740
1557 763
1557 783
1557 788
1557 790
1557 813
1557 815
1557 826
1557 872
1557 884
1557 889
1557 916
1557 931
1557 943
1557 948
1557 955
1557 969
1557 970
1557 982
1557 1004
1557 1028
1557 1036
1557 1037
1557 1054
1557 1056
1557 1078
1557 1080
1557 1088
1557 1106
1557 1114
1557 1116
1557 1143
1557 1150
1557 1161
1557 1169
1557 1187
1557 1196
1557 1207
1557 1212
1557 1226
1557 1249
1557 1275
1557 1288
1557 1320
1557 1336
1557 1349
1557 1372
1557 1378
1557 1384
1557 1386
1557 1388
1557 1395
1557 1412
1557 1433
1557 1443
1557 1445
1557 1470
1557 1484
1557 1491
1557 1503
1557 1526
1557 1528
1557 1534
1557 1536
1557 1542
1557 1547
1557 1549
1557 1555
1557 1559
1557 1650
1557 1876
1557 2153
1557 2248
1557 2362
1557 2392
1557 2407
1557 2429
1557 2968
1557 3148
1557 3175
1557 3531
1557 3550
1557 3725
1557 4136
1557 4468
1557 4575
30 188
30 214
30 308
30 3749
30 4110
188 60
188 103
188 183
188 331
188 1526
188 3822
214 131
214 133
214 200
214 256
214 1410
214 1884
214 2991
214 4873
308 115
308 129
308 137
308 157
308 172
308 186
308 212
308 229
308 232
308 237
308 275
308 277
308 279
308 328
308 649
308 1859
308 2431
308 2822
308 3001
308 4119
308 4999
3749 1395
3749 1582
3749 1901
3749 2071
3749 2250
3749 3070
3749 3073
3749 3137
3749 3199
3749 3256
3749 3345
3749 3363
3749 3390
3749 3402
3749 3441
3749 3537
3749 3551
3749 3591
3749 3598
3749 3605
3749 3654
3749 3677
3749 3699
3749 3700
3749 3721
3749 3727
3749 3743
3749 3758
3749 3762
3749 3769
3749 3772
3749 3787
3749 3793
3749 3794
3749 3828
3749 3832
3749 4215
3749 4219
3749 4686
4110 756
4110 1294
4110 1629
4110 3935
4110 3959
4110 3960
4110 4035
4110 4041
4110 4057
4110 4066
4110 4078
4110 4091
4110 4114
4110 4125
4110 4130
4110 4132
4110 4181
4110 4194
4110 4205
31 78
31 220
31 1407
78 3815
78 4830
220 33
220 46
220 56
220 160
220 202
220 211
220 233
220 284
220 1441
220 3418
220 4134
1407 712
1407 782
1407 829
1407 883
1407 939
1407 992
1407 1017
1407 1122
1407 1134
1407 1142
1407 1209
1407 1232
1407 1266
1407 1271
1407 1282
1407 1308
1407 1337
1407 1360
1407 1401
1407 1454
1407 1545
1407 3806
1407 4099
1407 4385
1407 4454
32 289
32 2275
289 81
289 99
289 105
289 108
289 135
289 136
289 152
289 197
289 238
289 261
289 617
289 1377
289 1408
289 1470
289 4026
2275 2050
2275 2146
2275 2171
2275 2315
2275 2364
2275 2379
2275 2389
2275 2407
2275 2414
2275 2424
2275 2425
2275 2442
2275 2443
2275 2448
2275 4149
2275 4906
33 187
33 284
33 2845
187 66
187 279
187 295
187 328
187 539
187 1450
187 4540
284 53
284 116
284 120
284 124
284 143
284 160
284 204
284 211
284 260
284 592
284 1124
284 1339
284 1914
284 2443
284 4427
2845 1585
2845 2568
2845 2792
2845 2817
2845 2838
2845 2879
2845 2892
2845 2902
2845 2938
2845 2962
2845 2965
2845 2970
2845 2987
2845 3000
2845 3002
2845 3896
2845 4739
34 259
34 316
34 323
34 1358
259 101
259 149
259 150
259 228
259 251
259 255
259 268
259 297
259 306
259 321
259 324
259 531
259 1436
259 3816
259 4970
316 54
316 110
316 115
316 147
316 199
316 210
316 234
316 242
316 275
316 279
316 280
316 290
316 295
316 306
316 326
316 328
316 331
316 495
316 1424
316 1785
316 2505
316 3003
316 4513
323 101
323 111
323 130
323 149
323 150
323 171
323 176
323 181
323 203
323 204
323 223
323 234
323 251
323 254
323 266
323 273
323 300
323 306
323 310
323 321
323 324
323 331
323 351
323 1506
323 1751
323 2908
323 3625
323 3796
323 3868
323 4883
1358 1142
1358 1162
1358 1229
1358 1280
1358 1370
1358 1431
1358 1477
1358 1482
1358 1511
1358 1516
1358 1517
1358 1529
1358 1530
1358 1539
1358 1545
1358 1546
1358 1550
1358 1558
1358 3316
1358 3825
1358 4909
35 47
35 146
35 148
35 176
35 210
35 1797
47 56
47 148
47 167
47 191
47 201
47 2241
47 4938
146 56
146 62
146 155
146 176
146 191
146 201
146 4181
146 4939
148 62
148 110
148 155
148 176
148 201
148 233
148 2452
148 3556
148 4021
176 67
176 150
176 155
176 158
176 191
176 201
176 1409
176 1853
176 1905
210 290
210 295
210 326
210 328
210 1390
210 2900
210 4990
1797 1012
1797 1218
1797 1787
1797 1817
1797 1820
1797 1831
1797 1863
1797 1869
1797 1872
1797 1882
1797 1901
1797 1906
1797 1908
1797 1909
1797 1911
1797 1920
202 53
202 124
202 147
202 160
202 231
202 4580
202 4676
1315 391
1315 721
1315 757
1315 858
1315 909
1315 928
1315 960
1315 1068
1315 1119
1315 1146
1315 1181
1315 1186
1315 1204
1315 1514
1315 1536
1315 3758
1315 4243
37 156
37 170
37 172
37 272
37 2469
156 108
156 173
156 312
156 1523
156 3964
170 242
170 306
170 312
170 324
170 3751
170 4213
172 294
172 298
172 1414
172 3005
172 4548
272 81
272 121
272 164
272 178
272 199
272 209
272 228
272 233
272 293
272 312
272 324
272 2343
272 3106
272 4227
272 4906
2469 2948
2469 2990
2469 2998
2469 3005
2469 3006
38 41
38 213
38 2757
38 3818
41 278
41 1375
213 92
213 236
213 238
213 2957
213 3123
213 4084
2757 375
2757 2876
2757 2880
2757 2930
2757 2955
2757 2967
2757 2971
2757 2974
2757 2986
2757 2992
2757 2998
2757 4866
3818 295
3818 649
3818 901
3818 1379
3818 1517
3818 1888
3818 2227
3818 2340
3818 2377
3818 2783
3818 2972
3818 3038
3818 3057
3818 3081
3818 3084
3818 3109
3818 3110
3818 3141
3818 3161
3818 3169
3818 3203
3818 3257
3818 3264
3818 3274
3818 3289
3818 3314
3818 3316
3818 3324
3818 3383
3818 3399
3818 3448
3818 3470
3818 3471
3818 3481
3818 3487
3818 3488
3818 3497
3818 3502
3818 3503
3818 3520
3818 3528
3818 3560
3818 3563
3818 3567
3818 3569
3818 3576
3818 3577
3818 3583
3818 3599
3818 3612
3818 3632
3818 3641
3818 3644
3818 3663
3818 3673
3818 3679
3818 3686
3818 3689
3818 3699
3818 3711
3818 3723
3818 3741
3818 3754
3818 3760
3818 3771
3818 3773
3818 3775
3818 3777
3818 3781
3818 3789
3818 3803
3818 3805
3818 3809
3818 3810
3818 3811
3818 3821
3818 3829
3818 3832
3818 4469
3818 4492
3818 4750
3818 4922
3818 4983
39 109
39 4108
39 4837
109 167
109 230
109 1914
109 2278
4108 377
4108 821
4108 3217
4108 3943
4108 3949
4108 4092
4108 4130
4108 4172
4108 4181
4108 4183
4108 4184
4108 4201
4108 4202
4108 4204
4108 4205
4108 4209
4108 4210
4108 4212
4108 4214
4108 4227
4837 677
4837 866
4837 1534
4837 3482
4837 4229
4837 4235
4837 4521
4837 4765
4837 4868
4837 4882
4837 4889
4837 4911
4837 4930
4837 4939
4837 4940
4837 4963
4837 4965
4837 4967
4837 4973
4837 4985
4837 4990
4837 4994
4837 4995
133 200
133 256
133 294
133 325
133 617
133 3991
152 131
152 222
152 256
152 2940
152 3513
171 64
171 131
171 256
171 1111
171 1865
171 3558
3435 2863
3435 3591
3435 3667
3435 3718
3435 3723
3435 3756
3435 3764
3435 3811
3435 3828
3435 3830
3435 3831
278 141
278 173
278 175
278 180
278 192
278 229
278 274
278 310
278 325
278 331
278 957
278 1129
278 1492
278 4217
278 4913
1375 803
1375 809
1375 967
1375 980
1375 1010
1375 1030
1375 1163
1375 1239
1375 1240
1375 1298
1375 1304
1375 1389
1375 1421
1375 1460
1375 1469
1375 1480
1375 1494
1375 1506
1375 1536
1375 1750
1375 2475
1375 2522
1375 4140
42 111
42 228
42 324
42 4557
111 221
111 234
111 271
111 2933
111 4254
228 175
228 198
228 229
228 251
228 310
228 321
228 324
228 328
228 4015
228 4988
324 86
324 94
324 106
324 130
324 166
324 168
324 181
324 183
324 198
324 251
324 254
324 255
324 266
324 268
324 273
324 293
324 306
324 1041
324 1125
324 1903
324 2426
324 3544
324 3916
324 4068
324 4226
324 4882
4557 1491
4557 3460
4557 4316
4557 4580
4557 4646
4557 4741
4557 4812
4557 4954
4557 4988
4557 4996
43 234
43 240
43 4228
43 4388
234 74
234 222
234 240
234 263
234 271
234 328
234 1142
234 2099
234 2956
234 2970
240 85
240 142
240 221
240 222
240 263
240 271
240 1096
240 2091
240 2934
240 3733
4228 117
4228 624
4228 648
4228 837
4228 1300
4228 1473
4228 1918
4228 2396
4228 2425
4228 2711
4228 3550
4228 3756
4228 3790
4228 3809
4228 3827
4228 3839
4228 3860
4228 3867
4228 3868
4228 3884
4228 3885
4228 3893
4228 3895
4228 3896
4228 3897
4228 3903
4228 3911
4228 3922
4228 3926
4228 3927
4228 3933
4228 3935
4228 3946
4228 3951
4228 3962
4228 3968
4228 3980
4228 3983
4228 3984
4228 3989
4228 3998
4228 4006
4228 4009
4228 4010
4228 4024
4228 4032
4228 4041
4228 4044
4228 4058
4228 4064
4228 4075
4228 4077
4228 4082
4228 4085
4228 4088
4228 4103
4228 4104
4228 4114
4228 4121
4228 4123
4228 4126
4228 4128
4228 4129
4228 4137
4228 4144
4228 4148
4228 4149
4228 4152
4228 4154
4228 4155
4228 4158
4228 4161
4228 4164
4228 4168
4228 4175
4228 4176
4228 4182
4228 4185
4228 4190
4228 4193
4228 4195
4228 4196
4228 4206
4228 4211
4228 4212
4228 4213
4228 4214
4228 4218
4228 4221
4228 4223
4228 4224
4228 4227
4228 4793
4228 4926
4228 4995
4388 2582
4388 4407
4388 4470
4388 4685
4388 4689
4388 4818
4388 4995
44 53
44 294
44 331
44 4054
53 46
53 211
53 266
53 1511
294 80
294 168
294 190
294 196
294 254
294 255
294 264
294 290
294 326
294 1401
294 1535
294 4112
294 4706
294 4818
294 4936
331 66
331 72
331 77
331 80
331 121
331 165
331 190
331 218
331 227
331 237
331 260
331 275
331 279
331 280
331 298
331 326
331 587
331 1654
331 1840
331 2160
331 2447
331 3640
331 3756
331 4218
331 4449
4054 191
4054 3910
4054 3912
4054 4125
4054 4152
4054 4163
4054 4165
4054 4182
4054 4198
4054 4199
4054 4204
4054 4218
4054 4222
4054 4973
45 164
45 227
45 1856
45 3757
164 60
164 121
164 312
164 1538
164 1546
227 122
227 203
227 254
227 273
227 293
227 300
227 310
227 321
227 1481
227 1552
227 2971
1856 1486
1856 1580
1856 1591
1856 1601
1856 1605
1856 1626
1856 1639
1856 1666
1856 1693
1856 1697
1856 1710
1856 1714
1856 1772
1856 1813
1856 1829
1856 1847
1856 1889
1856 1894
1856 1897
1856 1898
1856 1920
1856 2923
1856 4172
1856 4988
3757 263
3757 1897
3757 2154
3757 2410
3757 2776
3757 3021
3757 3128
3757 3201
3757 3243
3757 3259
3757 3436
3757 3511
3757 3518
3757 3574
3757 3596
3757 3617
3757 3639
3757 3640
3757 3648
3757 3651
3757 3666
3757 3673
3757 3674
3757 3705
3757 3710
3757 3730
3757 3750
3757 3751
3757 3760
3757 3766
3757 3768
3757 3788
3757 3791
3757 3801
3757 3812
3757 3814
3757 3820
3757 3822
3757 3827
3757 4831
46 1412
1412 221
1412 989
1412 1184
1412 1196
1412 1212
1412 1249
1412 1271
1412 1349
1412 1372
1412 1384
1412 1388
1412 1433
1412 1436
1412 1443
1412 1484
1412 1529
1412 1542
1412 1547
1412 1549
1412 1555
1412 1958
1412 2427
1412 3006
1412 4891
56 158
56 191
56 326
56 424
56 4565
167 288
167 325
167 4131
167 4965
191 62
191 155
191 158
191 201
191 985
201 62
201 136
201 155
201 158
201 325
201 956
201 2347
2241 1776
2241 1971
2241 1985
2241 2272
2241 2277
2241 2326
2241 2344
2241 2392
2241 2411
2241 2439
2241 2440
2241 2450
2241 2453
2241 4734
4938 1275
4938 1703
4938 1908
4938 2441
4938 2452
4938 3690
4938 3782
4938 3926
4938 4205
4938 4243
4938 4345
4938 4377
4938 4421
4938 4529
4938 4560
4938 4662
4938 4664
4938 4673
4938 4703
4938 4719
4938 4738
4938 4741
4938 4758
4938 4759
4938 4763
4938 4778
4938 4780
4938 4785
4938 4814
4938 4819
4938 4824
4938 4830
4938 4831
4938 4836
4938 4839
4938 4853
4938 4861
4938 4866
4938 4874
4938 4912
4938 4924
4938 4932
4938 4954
4938 4962
4938 4971
4938 4988
4938 4989
4938 4996
48 2982
48 4391
2982 521
2982 1337
2982 1410
2982 1517
2982 1547
2982 1907
2982 2490
2982 2504
2982 2529
2982 2542
2982 2564
2982 2565
2982 2566
2982 2589
2982 2621
2982 2629
2982 2642
2982 2646
2982 2654
2982 2709
2982 2729
2982 2778
2982 2781
2982 2819
2982 2826
2982 2832
2982 2835
2982 2837
2982 2854
2982 2887
2982 2890
2982 2891
2982 2899
2982 2900
2982 2904
2982 2907
2982 2920
2982 2941
2982 2944
2982 2947
2982 2951
2982 2956
2982 2962
2982 2972
2982 2973
2982 2974
2982 2975
2982 2983
2982 2987
2982 2988
2982 2990
2982 2999
2982 3005
2982 3675
2982 4038
4391 2934
4391 4885
4391 4890
4391 4906
4391 4915
4391 4916
4391 4923
49 275
49 1919
275 66
275 264
275 268
275 297
275 328
275 1895
275 1896
275 2926
275 3591
275 4768
1919 642
1919 818
1919 1210
1919 1462
1919 1500
1919 1529
1919 1562
1919 1564
1919 1565
1919 1573
1919 1588
1919 1597
1919 1606
1919 1615
1919 1618
1919 1633
1919 1636
1919 1645
1919 1646
1919 1653
1919 1655
1919 1664
1919 1673
1919 1678
1919 1679
1919 1697
1919 1704
1919 1709
1919 1710
1919 1721
1919 1727
1919 1732
1919 1735
1919 1737
1919 1740
1919 1741
1919 1748
1919 1750
1919 1756
1919 1768
1919 1776
1919 1790
1919 1799
1919 1819
1919 1827
1919 1828
1919 1834
1919 1849
1919 1850
1919 1861
1919 1868
1919 1871
1919 1875
1919 1885
1919 1889
1919 1892
1919 1893
1919 1895
1919 1899
1919 1902
1919 1905
1919 1912
1919 1914
1919 1916
1919 1917
1919 1922
1919 1923
1919 2928
1919 2995
1919 3325
1919 3710
1919 4726
1919 4793
1919 4928
1919 4997
50 231
50 1660
50 2987
231 264
231 268
231 295
231 326
231 2431
231 3426
231 4208
1660 1582
1660 1757
1660 1854
1660 1862
1660 1899
1660 1903
1660 1920
2987 542
2987 654
2987 1552
2987 1669
2987 1964
2987 2457
2987 2523
2987 2525
2987 2530
2987 2567
2987 2614
2987 2622
2987 2638
2987 2683
2987 2687
2987 2706
2987 2710
2987 2711
2987 2721
2987 2728
2987 2734
2987 2758
2987 2759
2987 2771
2987 2777
2987 2782
2987 2792
2987 2807
2987 2809
2987 2816
2987 2831
2987 2842
2987 2863
2987 2877
2987 2878
2987 2880
2987 2892
2987 2896
2987 2902
2987 2903
2987 2905
2987 2910
2987 2911
2987 2919
2987 2926
2987 2937
2987 2959
2987 2965
2987 2979
2987 3000
2987 3002
2987 3004
2987 3665
2987 4193
2987 4428
2987 4479
2987 4554
2987 4997
51 310
51 321
51 1823
51 3773
310 84
310 107
310 149
310 194
310 223
310 251
310 266
310 280
310 293
310 300
310 306
310 321
310 1335
310 1515
310 2943
310 3687
310 3822
310 4244
310 4303
310 4945
321 61
321 65
321 67
321 73
321 114
321 150
321 168
321 178
321 181
321 203
321 211
321 212
321 232
321 266
321 273
321 280
321 293
321 300
321 306
321 328
321 1804
321 1889
321 2205
321 2404
321 3183
321 3680
321 3812
321 4207
1823 1539
1823 1700
1823 1711
1823 1724
1823 1758
1823 1770
1823 1804
1823 1864
1823 1891
1823 1896
1823 1907
1823 1910
1823 1916
1823 1917
1823 1921
1823 1922
1823 1923
1823 2439
1823 4971
3773 589
3773 692
3773 1223
3773 1575
3773 3027
3773 3137
3773 3142
3773 3145
3773 3154
3773 3177
3773 3184
3773 3219
3773 3220
3773 3223
3773 3235
3773 3240
3773 3285
3773 3306
3773 3344
3773 3382
3773 3393
3773 3394
3773 3396
3773 3432
3773 3457
3773 3490
3773 3529
3773 3553
3773 3555
3773 3570
3773 3593
3773 3613
3773 3692
3773 3694
3773 3704
3773 3706
3773 3725
3773 3728
3773 3744
3773 3799
3773 3803
3773 3831
3773 4398
3773 4728
3773 4829
3773 4961
52 196
52 254
52 3812
52 4227
196 273
196 277
196 1716
196 2441
196 3256
254 183
254 203
254 273
254 293
254 3399
254 3768
254 4091
254 4998
3812 1254
3812 1528
3812 1989
3812 2220
3812 2251
3812 2400
3812 2443
3812 2805
3812 2902
3812 3064
3812 3094
3812 3142
3812 3148
3812 3170
3812 3217
3812 3241
3812 3244
3812 3267
3812 3271
3812 3296
3812 3312
3812 3313
3812 3323
3812 3331
3812 3340
3812 3392
3812 3401
3812 3415
3812 3431
3812 3436
3812 3455
3812 3509
3812 3511
3812 3518
3812 3533
3812 3541
3812 3574
3812 3584
3812 3595
3812 3596
3812 3639
3812 3648
3812 3651
3812 3661
3812 3666
3812 3674
3812 3705
3812 3710
3812 3730
3812 3750
3812 3751
3812 3753
3812 3759
3812 3764
3812 3765
3812 3766
3812 3768
3812 3772
3812 3788
3812 3791
3812 3796
3812 3799
3812 3814
3812 3820
3812 3822
3812 3827
3812 3828
3812 3933
3812 4646
3812 4833
3812 4975
4227 509
4227 994
4227 1244
4227 1499
4227 1923
4227 2289
4227 2634
4227 2913
4227 2938
4227 2991
4227 3004
4227 3385
4227 3588
4227 3730
4227 3834
4227 3841
4227 3846
4227 3851
4227 3853
4227 3864
4227 3875
4227 3877
4227 3886
4227 3919
4227 3921
4227 3949
4227 3950
4227 3958
4227 3967
4227 3970
4227 3976
4227 3982
4227 3985
4227 4001
4227 4015
4227 4017
4227 4022
4227 4028
4227 4034
4227 4039
4227 4044
4227 4055
4227 4071
4227 4085
4227 4090
4227 4092
4227 4095
4227 4097
4227 4099
4227 4106
4227 4112
4227 4116
4227 4123
4227 4127
4227 4131
4227 4132
4227 4134
4227 4151
4227 4155
4227 4166
4227 4170
4227 4175
4227 4176
4227 4178
4227 4180
4227 4181
4227 4183
4227 4186
4227 4191
4227 4194
4227 4196
4227 4201
4227 4202
4227 4203
4227 4205
4227 4207
4227 4208
4227 4209
4227 4210
4227 4212
4227 4214
4227 4219
4227 4220
4227 4224
4227 4225
4227 4226
4227 4237
4227 4857
4227 4956
211 62
211 105
211 160
211 1540
211 2978
211 2983
266 163
266 168
266 194
266 198
266 204
266 273
266 293
266 306
266 312
266 554
266 2789
266 4355
266 4878
1511 719
1511 725
1511 729
1511 731
1511 747
1511 768
1511 778
1511 786
1511 805
1511 831
1511 855
1511 885
1511 950
1511 990
1511 1063
1511 1097
1511 1105
1511 1114
1511 1155
1511 1167
1511 1170
1511 1179
1511 1222
1511 1235
1511 1266
1511 1292
1511 1350
1511 1353
1511 1380
1511 1430
1511 1452
1511 1453
1511 1456
1511 1464
1511 1472
1511 1481
1511 1502
1511 1531
1511 1535
1511 1538
1511 1549
1511 2378
1511 3530
1511 3606
1511 3657
1511 3789
1511 3925
1511 4368
1511 4955
1511 4982
54 260
54 288
54 3815
54 4505
260 179
260 203
260 204
260 252
260 290
260 328
260 635
260 3336
260 3726
260 4646
288 82
288 115
288 153
288 175
288 218
288 238
288 282
288 298
288 325
288 1187
288 1871
288 2039
288 2468
288 3790
288 3832
3815 1070
3815 1428
3815 1443
3815 1456
3815 2302
3815 2726
3815 3011
3815 3012
3815 3054
3815 3071
3815 3079
3815 3090
3815 3096
3815 3125
3815 3151
3815 3156
3815 3214
3815 3239
3815 3246
3815 3247
3815 3254
3815 3261
3815 3264
3815 3266
3815 3295
3815 3299
3815 3325
3815 3328
3815 3349
3815 3361
3815 3375
3815 3386
3815 3397
3815 3408
3815 3451
3815 3479
3815 3504
3815 3507
3815 3514
3815 3545
3815 3569
3815 3572
3815 3575
3815 3590
3815 3596
3815 3597
3815 3609
3815 3616
3815 3628
3815 3681
3815 3685
3815 3693
3815 3718
3815 3729
3815 3732
3815 3736
3815 3737
3815 3741
3815 3760
3815 3775
3815 3794
3815 3795
3815 3802
3815 3809
3815 3810
3815 3811
3815 3826
3815 3827
3815 4267
3815 4324
3815 4717
3815 4893
3815 4995
4505 484
4505 4523
4505 4643
4505 4721
4505 4746
4505 4801
4505 4895
4505 4929
4505 4932
55 256
55 3577
55 3725
256 64
256 117
256 131
256 629
256 1421
256 1659
256 2640
3577 1264
3577 1922
3577 3172
3577 3464
3577 3484
3577 3489
3577 3739
3577 3782
3577 3785
3577 3786
3577 3787
3577 3794
3577 3804
3577 3826
3577 3829
3577 4225
3725 646
3725 1442
3725 1609
3725 2343
3725 3225
3725 3234
3725 3241
3725 3353
3725 3385
3725 3538
3725 3565
3725 3566
3725 3593
3725 3607
3725 3621
3725 3622
3725 3634
3725 3696
3725 3698
3725 3717
3725 3724
3725 3743
3725 3755
3725 3763
3725 3774
3725 3776
3725 3781
3725 3800
3725 3819
3725 3821
3725 3824
3725 4980
158 57
158 62
158 155
158 1465
158 2751
326 89
326 93
326 101
326 119
326 197
326 236
326 264
326 279
326 290
326 297
326 644
326 657
326 2128
326 2684
326 2875
326 3541
326 3993
326 4660
326 4810
424 538
424 548
424 555
424 587
424 605
424 626
424 658
4565 3779
4565 4417
4565 4510
4565 4531
4565 4569
4565 4744
4565 4862
4565 4913
4565 4943
4565 4981
57 279
57 3236
57 3635
279 86
279 114
279 297
279 646
279 1323
279 3983
279 4972
279 4992
3236 3112
3236 3271
3236 3433
3236 3509
3236 3645
3236 3799
3236 4456
3635 1003
3635 1340
3635 2676
3635 3038
3635 3157
3635 3269
3635 3367
3635 3412
3635 3465
3635 3585
3635 3607
3635 3638
3635 3644
3635 3664
3635 3669
3635 3719
3635 3736
3635 3740
3635 3780
3635 3786
3635 3797
3635 3824
3635 4194
4970 585
4970 595
4970 1050
4970 1513
4970 1551
4970 1601
4970 2645
4970 3226
4970 3786
4970 3821
4970 4189
4970 4289
4970 4301
4970 4322
4970 4354
4970 4356
4970 4373
4970 4403
4970 4411
4970 4412
4970 4452
4970 4499
4970 4506
4970 4519
4970 4524
4970 4602
4970 4653
4970 4672
4970 4695
4970 4710
4970 4712
4970 4718
4970 4723
4970 4736
4970 4744
4970 4745
4970 4762
4970 4766
4970 4773
4970 4780
4970 4786
4970 4820
4970 4821
4970 4833
4970 4840
4970 4842
4970 4844
4970 4856
4970 4860
4970 4880
4970 4910
4970 4914
4970 4915
4970 4916
4970 4926
4970 4933
4970 4935
4970 4937
4970 4946
4970 4957
4970 4964
4970 4971
4970 4972
4970 4981
4970 4984
4970 4991
4970 4993
4970 4995
96 137
96 274
96 312
96 4189
96 4980
233 83
233 121
233 178
233 216
233 312
233 1350
233 3382
233 3520
241 212
241 216
241 242
241 312
241 1416
241 2443
241 3506
241 3810
4211 183
4211 1164
4211 1545
4211 1846
4211 2300
4211 2439
4211 2984
4211 3211
4211 3220
4211 3655
4211 3835
4211 3844
4211 3845
4211 3856
4211 3879
4211 3890
4211 3913
4211 3916
4211 3940
4211 3953
4211 3963
4211 3968
4211 3972
4211 3997
4211 4011
4211 4030
4211 4035
4211 4038
4211 4045
4211 4049
4211 4050
4211 4068
4211 4084
4211 4093
4211 4102
4211 4115
4211 4117
4211 4119
4211 4135
4211 4137
4211 4141
4211 4143
4211 4145
4211 4146
4211 4147
4211 4149
4211 4150
4211 4154
4211 4158
4211 4163
4211 4167
4211 4172
4211 4179
4211 4184
4211 4197
4211 4199
4211 4204
4211 4209
4211 4212
4211 4217
4211 4218
4211 4220
4211 4222
4211 4225
4211 4922
60 312
60 4975
312 103
312 147
312 173
312 178
312 179
312 199
312 209
312 216
312 242
312 920
312 1069
312 1591
312 2130
312 2927
312 3437
312 4484
4975 1487
4975 1513
4975 1854
4975 2178
4975 2355
4975 2864
4975 2924
4975 2944
4975 3512
4975 3657
4975 3662
4975 3807
4975 4233
4975 4239
4975 4252
4975 4288
4975 4290
4975 4317
4975 4336
4975 4376
4975 4382
4975 4402
4975 4416
4975 4443
4975 4456
4975 4474
4975 4487
4975 4498
4975 4532
4975 4537
4975 4577
4975 4650
4975 4655
4975 4673
4975 4678
4975 4682
4975 4701
4975 4713
4975 4719
4975 4727
4975 4729
4975 4754
4975 4774
4975 4786
4975 4794
4975 4797
4975 4803
4975 4815
4975 4818
4975 4831
4975 4832
4975 4873
4975 4881
4975 4896
4975 4919
4975 4921
4975 4927
4975 4931
4975 4942
4975 4944
4975 4947
4975 4949
4975 4959
4975 4961
4975 4962
4975 4973
4975 4974
4975 4977
4975 4978
4975 4979
4975 4982
4975 4996
4975 4999
61 73
61 1489
61 2706
73 138
73 237
73 255
73 1001
73 2988
1489 688
1489 707
1489 748
1489 879
1489 959
1489 965
1489 975
1489 983
1489 984
1489 1013
1489 1057
1489 1074
1489 1082
1489 1123
1489 1125
1489 1168
1489 1192
1489 1270
1489 1290
1489 1302
1489 1319
1489 1335
1489 1371
1489 1391
1489 1396
1489 1413
1489 1421
1489 1447
1489 1448
1489 1454
1489 1483
1489 1487
1489 1527
1489 1534
1489 1552
1489 2218
1489 2227
1489 2577
1489 3449
1489 3567
1489 3585
1489 4773
2706 2588
2706 2734
2706 2892
2706 2896
2706 2905
2706 2919
2706 2979
2706 3003
2706 4863
62 155
62 3472
155 1514
155 1875
3472 3022
3472 3427
3472 3538
3472 3558
3472 3696
3472 3703
3472 3791
3472 3800
3472 3819
3472 3821
3472 3824
3472 4870
222 74
222 221
222 263
222 271
222 931
222 1518
222 4916
263 65
263 74
263 85
263 127
263 142
263 221
263 271
263 290
263 295
263 431
263 1970
263 2996
263 4960
271 74
271 85
271 142
271 153
271 221
271 1884
271 2344
271 2696
271 4885
271 4972
2389 1169
2389 1527
2389 1802
2389 1938
2389 1982
2389 2002
2389 2091
2389 2109
2389 2121
2389 2191
2389 2205
2389 2240
2389 2280
2389 2292
2389 2303
2389 2332
2389 2349
2389 2350
2389 2368
2389 2378
2389 2385
2389 2386
2389 2396
2389 2399
2389 2427
2389 2431
2389 2436
2389 2449
2389 2915
2389 4441
2389 4775
3358 3268
3358 3282
3358 3461
3358 3659
3358 3737
3358 3778
3358 3787
3358 3823
3358 4788
64 200
64 268
64 751
200 328
200 771
200 2394
200 3803
268 130
268 237
268 252
268 280
268 328
268 609
268 1221
268 4126
268 4903
751 799
751 841
751 1217
751 1302
751 1422
751 4754
65 183
65 192
65 1361
65 2786
183 107
183 194
183 293
183 1982
183 2959
192 90
192 1446
192 3973
1361 780
1361 836
1361 994
1361 1294
1361 1300
1361 1420
1361 1442
1361 1473
1361 1488
1361 1496
1361 1501
1361 1518
1361 1523
1361 1540
1361 1541
1361 1542
1361 1543
1361 1551
1361 1873
1361 3825
1361 4181
2786 1453
2786 1524
2786 2488
2786 2609
2786 2643
2786 2778
2786 2875
2786 2887
2786 2951
2786 2961
2786 2975
2786 2981
2786 3007
66 89
66 168
66 3777
66 4223
89 122
89 190
89 282
89 4559
168 67
168 1807
168 3466
3777 842
3777 1088
3777 1727
3777 1867
3777 2993
3777 3034
3777 3036
3777 3095
3777 3147
3777 3153
3777 3285
3777 3351
3777 3398
3777 3446
3777 3485
3777 3492
3777 3495
3777 3496
3777 3498
3777 3531
3777 3535
3777 3553
3777 3573
3777 3588
3777 3597
3777 3647
3777 3680
3777 3690
3777 3708
3777 3720
3777 3723
3777 3734
3777 3738
3777 3756
3777 3764
3777 3770
3777 3792
3777 3799
3777 3820
3777 3822
3777 3825
3777 3828
3777 3829
3777 3831
3777 4654
3777 4907
3777 4967
3777 4981
4223 115
4223 230
4223 625
4223 656
4223 1200
4223 1421
4223 1551
4223 2360
4223 2404
4223 2952
4223 3422
4223 3496
4223 3629
4223 3824
4223 3839
4223 3842
4223 3847
4223 3868
4223 3884
4223 3885
4223 3893
4223 3896
4223 3897
4223 3903
4223 3904
4223 3908
4223 3922
4223 3926
4223 3929
4223 3951
4223 3955
4223 3968
4223 3983
4223 3989
4223 3998
4223 4003
4223 4005
4223 4006
4223 4007
4223 4010
4223 4032
4223 4044
4223 4051
4223 4058
4223 4064
4223 4075
4223 4077
4223 4082
4223 4085
4223 4088
4223 4103
4223 4105
4223 4106
4223 4109
4223 4121
4223 4123
4223 4126
4223 4128
4223 4129
4223 4134
4223 4144
4223 4149
4223 4155
4223 4161
4223 4164
4223 4168
4223 4172
4223 4176
4223 4185
4223 4190
4223 4191
4223 4193
4223 4195
4223 4196
4223 4197
4223 4206
4223 4207
4223 4208
4223 4213
4223 4219
4223 4221
4223 4989
4223 4994
67 293
67 295
67 2689
293 194
293 198
293 203
293 251
293 280
293 300
293 306
293 1599
293 1764
293 2984
293 3511
293 4776
293 4984
293 4995
295 194
295 221
295 290
295 691
295 1721
295 2726
295 3648
295 4182
295 4362
2689 2471
2689 2606
2689 2693
2689 2745
2689 2797
2689 2855
2689 2937
2689 2976
2689 2977
2689 4084
68 277
68 1554
68 2431
277 127
277 157
277 163
277 218
277 257
277 282
277 325
277 1483
277 1858
277 1910
277 2384
277 3824
277 4999
1554 501
1554 605
1554 645
1554 683
1554 684
1554 697
1554 701
1554 736
1554 791
1554 802
1554 822
1554 842
1554 859
1554 869
1554 887
1554 933
1554 962
1554 994
1554 1006
1554 1016
1554 1035
1554 1046
1554 1065
1554 1076
1554 1104
1554 1117
1554 1126
1554 1132
1554 1137
1554 1154
1554 1174
1554 1205
1554 1211
1554 1228
1554 1245
1554 1280
1554 1282
1554 1285
1554 1291
1554 1294
1554 1306
1554 1324
1554 1328
1554 1333
1554 1338
1554 1345
1554 1346
1554 1354
1554 1359
1554 1387
1554 1406
1554 1409
1554 1416
1554 1420
1554 1442
1554 1450
1554 1454
1554 1473
1554 1475
1554 1488
1554 1492
1554 1496
1554 1501
1554 1517
1554 1518
1554 1540
1554 1541
1554 1543
1554 1544
1554 1545
1554 1547
1554 1548
1554 1551
1554 1553
1554 1884
1554 1915
1554 1933
1554 2193
1554 2195
1554 2286
1554 2381
1554 2440
1554 3465
1554 3720
1554 3787
1554 4178
1554 4637
1554 4944
2431 1063
2431 1126
2431 1351
2431 1446
2431 1925
2431 1967
2431 1994
2431 2024
2431 2025
2431 2042
2431 2046
2431 2100
2431 2144
2431 2157
2431 2162
2431 2205
2431 2216
2431 2242
2431 2246
2431 2248
2431 2274
2431 2280
2431 2303
2431 2309
2431 2314
2431 2321
2431 2332
2431 2343
2431 2348
2431 2349
2431 2350
2431 2367
2431 2368
2431 2375
2431 2377
2431 2385
2431 2396
2431 2407
2431 2408
2431 2414
2431 2427
2431 2446
2431 2449
2431 3745
2431 4158
2431 4954
142 221
142 986
142 4958
2302 1942
2302 1951
2302 1960
2302 1987
2302 2066
2302 2074
2302 2184
2302 2268
2302 2284
2302 2406
2302 2416
2302 2423
2302 2430
2302 2444
2302 2445
2302 3415
2302 4986
3829 297
3829 928
3829 1162
3829 1206
3829 1912
3829 2368
3829 2719
3829 2861
3829 2862
3829 3004
3829 3017
3829 3049
3829 3084
3829 3108
3829 3114
3829 3125
3829 3138
3829 3160
3829 3162
3829 3169
3829 3178
3829 3203
3829 3222
3829 3251
3829 3257
3829 3274
3829 3276
3829 3289
3829 3324
3829 3352
3829 3377
3829 3383
3829 3399
3829 3412
3829 3430
3829 3448
3829 3471
3829 3475
3829 3476
3829 3487
3829 3488
3829 3497
3829 3505
3829 3520
3829 3528
3829 3530
3829 3547
3829 3549
3829 3557
3829 3560
3829 3563
3829 3565
3829 3581
3829 3583
3829 3600
3829 3608
3829 3612
3829 3632
3829 3644
3829 3663
3829 3673
3829 3679
3829 3686
3829 3689
3829 3700
3829 3704
3829 3716
3829 3735
3829 3741
3829 3754
3829 3760
3829 3765
3829 3767
3829 3771
3829 3776
3829 3781
3829 3789
3829 3803
3829 3805
3829 3811
3829 3814
3829 3821
3829 3826
3829 3827
3829 3832
3829 3898
3829 4198
3829 4568
3829 4637
3829 4718
3829 4745
3829 4903
3829 4955
1876 1623
1876 1633
1876 1676
1876 1747
1876 1753
1876 1775
1876 1777
1876 1807
1876 1825
1876 1832
1876 1845
1876 1860
1876 1862
1876 1866
1876 1885
1876 1890
1876 1891
1876 1894
1876 1896
1876 1913
1876 1916
1876 1918
1876 1921
1876 1922
1876 1923
1876 2999
1876 3008
1876 3265
1876 4966
4259 4969
4259 4976
4259 4986
4259 4987
4259 4995
4259 4998
4625 4768
4625 4775
4625 4912
4625 4916
4625 4958
4625 4960
4625 4974
4625 4986
4625 4987
4625 4997
4845 1885
4845 2442
4845 3625
4845 4142
4845 4282
4845 4346
4845 4359
4845 4373
4845 4395
4845 4415
4845 4437
4845 4510
4845 4531
4845 4556
4845 4683
4845 4687
4845 4698
4845 4761
4845 4877
4845 4913
4845 4943
4845 4973
4845 4983
4845 4989
72 197
72 221
72 2101
72 4012
197 212
197 236
197 261
197 2181
197 4689
221 165
221 264
221 607
221 4815
2101 1414
2101 2220
2101 2355
2101 2392
2101 2402
2101 2424
2101 2445
2101 2453
4012 2440
4012 3887
4012 4046
4012 4075
4012 4118
4012 4130
4012 4136
4012 4159
4012 4162
4012 4174
4012 4221
138 119
138 235
138 298
138 325
138 2135
138 3826
237 129
237 150
237 252
237 325
237 2147
237 3378
237 3781
255 86
255 166
255 203
255 300
255 306
255 1539
255 2815
255 2980
255 4095
1001 664
1001 1101
1001 1143
1001 1200
1001 1217
1001 1335
1001 1422
1001 1534
1001 2983
2988 612
2988 642
2988 991
2988 1383
2988 1504
2988 1522
2988 1707
2988 1858
2988 2336
2988 2384
2988 2534
2988 2576
2988 2587
2988 2596
2988 2618
2988 2645
2988 2655
2988 2659
2988 2672
2988 2676
2988 2688
2988 2742
2988 2783
2988 2804
2988 2808
2988 2818
2988 2822
2988 2823
2988 2847
2988 2864
2988 2867
2988 2868
2988 2871
2988 2872
2988 2884
2988 2906
2988 2910
2988 2911
2988 2913
2988 2914
2988 2931
2988 2936
2988 2937
2988 2939
2988 2945
2988 2953
2988 2963
2988 2966
2988 2969
2988 2976
2988 2984
2988 2990
2988 2992
2988 2993
2988 2995
2988 2997
2988 2999
2988 3001
2988 3003
2988 3005
2988 3006
2988 4817
74 257
74 2730
257 102
257 174
257 218
257 274
257 298
257 1811
257 3684
257 3763
257 4949
2730 1093
2730 2717
2730 2780
2730 2801
2730 2848
2730 2933
2730 2956
2730 2978
2730 2985
2730 2996
2730 3002
193 280
193 2262
193 2448
548 370
548 384
548 440
548 543
548 555
548 556
548 563
548 605
548 621
548 637
548 640
548 4202
76 216
76 658
76 1548
216 199
216 1187
216 3487
216 4986
658 354
658 355
658 375
658 393
658 409
658 411
658 428
658 434
658 455
658 460
658 462
658 480
658 488
658 489
658 496
658 502
658 504
658 514
658 516
658 523
658 526
658 533
658 541
658 543
658 546
658 557
658 560
658 564
658 566
658 567
658 575
658 577
658 583
658 586
658 589
658 590
658 592
658 599
658 602
658 611
658 612
658 613
658 614
658 616
658 617
658 623
658 632
658 634
658 635
658 637
658 641
658 647
658 651
658 652
658 654
658 655
658 656
658 657
658 660
658 662
658 902
658 1524
658 2296
658 2777
658 2985
658 2992
658 2993
658 3863
658 4176
658 4235
658 4822
658 4842
658 4893
658 4978
1548 690
1548 691
1548 699
1548 735
1548 750
1548 797
1548 871
1548 878
1548 880
1548 886
1548 934
1548 963
1548 972
1548 979
1548 1008
1548 1039
1548 1055
1548 1063
1548 1066
1548 1106
1548 1127
1548 1136
1548 1147
1548 1180
1548 1188
1548 1210
1548 1233
1548 1238
1548 1239
1548 1243
1548 1246
1548 1248
1548 1269
1548 1283
1548 1301
1548 1310
1548 1329
1548 1336
1548 1359
1548 1364
1548 1371
1548 1385
1548 1397
1548 1401
1548 1403
1548 1420
1548 1422
1548 1425
1548 1429
1548 1440
1548 1446
1548 1462
1548 1463
1548 1471
1548 1476
1548 1479
1548 1485
1548 1500
1548 1522
1548 1527
1548 1528
1548 1537
1548 1549
1548 1550
1548 1556
1548 1559
1548 1921
1548 2441
1548 2937
1548 2957
1548 3115
1548 3374
1548 3524
1548 3653
1548 3740
1548 3786
1548 3811
1548 3826
1548 3927
1548 4217
1548 4732
77 116
77 149
77 1232
116 95
116 120
116 2971
149 85
149 2533
149 3730
1232 127
1232 806
1232 829
1232 988
1232 1271
1232 1290
1232 1308
1232 1337
1232 1360
1232 1401
1232 1454
1232 1537
1232 2985
4830 1539
4830 2936
4830 3741
4830 4290
4830 4422
4830 4560
4830 4662
4830 4664
4830 4702
4830 4776
4830 4810
4830 4853
4830 4861
4830 4928
4830 4953
4830 4954
4830 4959
4830 4976
4830 4988
4830 4996
79 298
79 1491
79 1640
298 83
298 113
298 145
298 151
298 161
298 175
298 235
298 274
298 325
298 987
298 1633
298 1789
298 2398
298 2556
298 3986
1491 737
1491 794
1491 808
1491 820
1491 838
1491 879
1491 892
1491 920
1491 921
1491 951
1491 955
1491 971
1491 974
1491 981
1491 1071
1491 1099
1491 1261
1491 1331
1491 1342
1491 1343
1491 1346
1491 1360
1491 1363
1491 1393
1491 1415
1491 1438
1491 1446
1491 1455
1491 1483
1491 1519
1491 1525
1491 1537
1491 1539
1491 1805
1491 2514
1491 2941
1491 4689
1491 4757
1491 4764
1491 4883
1640 659
1640 1656
1640 1759
1640 1785
1640 1806
1640 1807
1640 1872
80 264
80 2545
80 3849
264 137
264 212
264 223
264 235
264 297
264 1923
264 2909
264 3444
264 3464
2545 2520
2545 2654
2545 2854
2545 2907
2545 2983
2545 2999
2545 3001
3849 1529
3849 3850
3849 4097
3849 4159
3849 4181
3849 4209
81 1442
81 3756
1442 652
1442 1211
1442 1309
1442 1324
1442 1328
1442 1333
1442 1354
1442 1359
1442 1379
1442 1384
1442 1387
1442 1406
1442 1446
1442 1462
1442 1475
1442 1488
1442 1492
1442 1496
1442 1503
1442 1518
1442 1540
1442 1541
1442 1543
1442 1551
1442 1553
1442 2203
1442 2250
1442 3393
3756 1217
3756 1807
3756 2242
3756 2428
3756 2984
3756 3258
3756 3285
3756 3315
3756 3320
3756 3383
3756 3517
3756 3523
3756 3530
3756 3547
3756 3573
3756 3643
3756 3690
3756 3691
3756 3708
3756 3716
3756 3723
3756 3726
3756 3731
3756 3734
3756 3738
3756 3764
3756 3787
3756 3792
3756 3799
3756 3800
3756 3822
3756 3825
3756 3828
3756 3830
3756 3831
3756 4920
82 499
499 397
499 486
499 614
499 615
499 640
499 643
499 648
499 659
499 660
499 4655
83 2869
2869 1566
2869 2515
2869 2542
2869 2709
2869 2805
2869 2832
2869 2855
2869 2920
2869 2941
2869 2956
2869 2961
2869 2964
2869 2973
2869 2980
2869 2983
2869 2999
2869 3008
2869 3439
2869 3525
84 300
84 1545
84 1553
300 114
300 122
300 165
300 166
300 190
300 198
300 203
300 204
300 251
300 261
300 306
300 993
300 1028
300 1338
300 1874
300 2628
300 4029
300 4039
1545 163
1545 678
1545 695
1545 698
1545 704
1545 817
1545 850
1545 864
1545 914
1545 924
1545 947
1545 1021
1545 1044
1545 1077
1545 1078
1545 1122
1545 1145
1545 1183
1545 1185
1545 1191
1545 1216
1545 1222
1545 1229
1545 1231
1545 1234
1545 1237
1545 1243
1545 1260
1545 1261
1545 1268
1545 1276
1545 1291
1545 1313
1545 1316
1545 1327
1545 1332
1545 1346
1545 1366
1545 1368
1545 1370
1545 1376
1545 1381
1545 1386
1545 1387
1545 1390
1545 1391
1545 1398
1545 1417
1545 1431
1545 1432
1545 1441
1545 1468
1545 1477
1545 1493
1545 1513
1545 1515
1545 1516
1545 1517
1545 1529
1545 1530
1545 1533
1545 1536
1545 1547
1545 1550
1545 1558
1545 1912
1545 2445
1545 2649
1545 2740
1545 3612
1545 3650
1545 4166
1545 4252
1545 4496
1545 4838
1545 4894
1545 4906
1545 4990
1553 691
1553 697
1553 701
1553 708
1553 774
1553 791
1553 802
1553 822
1553 824
1553 842
1553 868
1553 887
1553 966
1553 994
1553 1006
1553 1007
1553 1016
1553 1035
1553 1046
1553 1065
1553 1076
1553 1104
1553 1126
1553 1132
1553 1137
1553 1153
1553 1154
1553 1174
1553 1205
1553 1219
1553 1228
1553 1245
1553 1280
1553 1294
1553 1306
1553 1317
1553 1324
1553 1328
1553 1333
1553 1338
1553 1345
1553 1354
1553 1359
1553 1387
1553 1406
1553 1420
1553 1431
1553 1438
1553 1456
1553 1467
1553 1472
1553 1473
1553 1474
1553 1475
1553 1482
1553 1488
1553 1492
1553 1496
1553 1501
1553 1514
1553 1518
1553 1519
1553 1537
1553 1540
1553 1541
1553 1543
1553 1544
1553 1551
1553 2074
1553 2123
1553 2196
1553 2246
1553 2374
1553 2973
1553 2990
1553 3731
1553 3790
1553 3807
1553 3816
1553 3826
1553 4066
1553 4217
1553 4547
1553 4674
1553 4797
85 1444
85 2978
1444 667
1444 826
1444 832
1444 852
1444 890
1444 896
1444 908
1444 985
1444 1037
1444 1041
1444 1081
1444 1087
1444 1117
1444 1157
1444 1162
1444 1259
1444 1265
1444 1378
1444 1400
1444 1414
1444 1426
1444 1439
1444 1451
1444 1476
1444 1515
1444 1541
1444 1549
1444 1978
1444 3002
1444 3709
1444 4033
1444 4795
2978 576
2978 1796
2978 1854
2978 2348
2978 2360
2978 2459
2978 2516
2978 2546
2978 2584
2978 2586
2978 2590
2978 2599
2978 2628
2978 2650
2978 2695
2978 2722
2978 2759
2978 2761
2978 2780
2978 2801
2978 2803
2978 2846
2978 2866
2978 2876
2978 2887
2978 2898
2978 2901
2978 2906
2978 2917
2978 2921
2978 2924
2978 2926
2978 2933
2978 2935
2978 2945
2978 2947
2978 2952
2978 2954
2978 2958
2978 2960
2978 2964
2978 2967
2978 2981
2978 2985
2978 2991
2978 2996
2978 2997
2978 2999
2978 3007
2978 3009
2978 3011
2978 3157
2978 3415
86 273
86 306
86 678
86 4912
273 130
273 144
273 150
273 204
273 306
273 537
273 1231
273 1418
273 3819
273 4437
306 94
306 119
306 194
306 204
306 223
306 1138
306 1264
306 3810
306 4638
306 4912
306 4985
678 945
678 1172
678 1422
678 1530
678 3810
4912 1043
4912 3007
4912 3682
4912 4189
4912 4233
4912 4268
4912 4370
4912 4545
4912 4561
4912 4670
4912 4715
4912 4738
4912 4775
4912 4851
4912 4865
4912 4870
4912 4871
4912 4908
4912 4920
4912 4928
4912 4952
4912 4958
4912 4960
4912 4965
4912 4969
4912 4978
4912 4982
4912 4986
4912 4987
4912 4992
4912 4995
4912 4997
4912 4998
274 157
274 229
274 282
274 290
274 325
274 1502
274 1895
274 3586
274 3764
274 4198
3946 3125
3946 4093
3946 4141
3946 4142
3946 4155
3946 4215
3946 4220
88 92
88 122
88 178
88 2973
88 2991
92 1031
92 1312
122 114
122 194
122 1867
122 3731
178 1321
178 2211
178 2437
2973 174
2973 632
2973 673
2973 785
2973 1472
2973 1480
2973 1522
2973 2460
2973 2467
2973 2520
2973 2530
2973 2560
2973 2637
2973 2643
2973 2654
2973 2661
2973 2677
2973 2704
2973 2708
2973 2709
2973 2727
2973 2750
2973 2758
2973 2772
2973 2798
2973 2805
2973 2814
2973 2815
2973 2826
2973 2833
2973 2856
2973 2860
2973 2920
2973 2942
2973 2946
2973 2947
2973 2951
2973 2956
2973 2972
2973 2975
2973 2983
2973 2993
2973 2997
2973 2999
2973 3007
2973 3009
2973 4977
2991 988
2991 1546
2991 2262
2991 2394
2991 2482
2991 2512
2991 2516
2991 2527
2991 2535
2991 2537
2991 2544
2991 2573
2991 2577
2991 2581
2991 2588
2991 2625
2991 2630
2991 2650
2991 2691
2991 2696
2991 2702
2991 2736
2991 2753
2991 2762
2991 2766
2991 2770
2991 2772
2991 2790
2991 2791
2991 2800
2991 2803
2991 2811
2991 2821
2991 2843
2991 2846
2991 2876
2991 2881
2991 2889
2991 2901
2991 2917
2991 2919
2991 2921
2991 2924
2991 2926
2991 2931
2991 2933
2991 2949
2991 2954
2991 2958
2991 2960
2991 2980
2991 2985
2991 2996
2991 3001
2991 3008
2991 3009
2991 3719
2991 3821
2991 3848
2991 4870
2991 4943
2991 4987
190 147
190 232
190 2315
190 2998
190 3742
282 153
282 179
282 229
282 325
282 1418
282 2984
282 3088
282 3251
282 4687
4559 2499
4559 3854
4559 4737
4559 4881
4559 4958
4559 4978
4559 4987
4559 4995
4559 4997
4559 4998
90 153
90 1140
90 3099
153 2962
153 4863
1140 1112
1140 1173
1140 1177
1140 1220
1140 1251
1140 1381
1140 1383
1140 1391
1140 1461
1140 1882
3099 1911
3099 3376
3099 3477
3099 3485
3099 3629
3099 3657
157 124
157 325
157 3368
157 4751
325 98
325 102
325 141
325 163
325 186
325 218
325 426
325 655
325 2448
325 2951
325 3003
325 3351
325 3666
325 4333
325 4607
2405 619
2405 1425
2405 1502
2405 1713
2405 1929
2405 2016
2405 2031
2405 2043
2405 2068
2405 2114
2405 2118
2405 2131
2405 2140
2405 2224
2405 2234
2405 2250
2405 2278
2405 2291
2405 2301
2405 2313
2405 2316
2405 2319
2405 2345
2405 2348
2405 2351
2405 2361
2405 2384
2405 2388
2405 2399
2405 2428
2405 2429
2405 2441
2405 2446
2405 2447
2405 2862
2405 3547
2405 4522
4168 1913
4168 2043
4168 2378
4168 3009
4168 3354
4168 3880
4168 3895
4168 3897
4168 3933
4168 4004
4168 4026
4168 4044
4168 4062
4168 4075
4168 4088
4168 4096
4168 4103
4168 4121
4168 4123
4168 4126
4168 4144
4168 4149
4168 4155
4168 4161
4168 4185
4168 4189
4168 4190
4168 4193
4168 4195
4168 4196
4168 4198
4168 4206
4168 4210
4168 4213
4168 4221
4168 4732
1031 703
1031 1083
1031 1135
1031 1219
1031 1258
1031 1274
1031 1479
1031 3707
1312 459
1312 845
1312 1108
1312 1172
1312 1280
1312 1356
1312 1362
1312 1410
1312 1435
1312 1472
1312 1495
1312 1497
1312 1503
1312 1509
1312 1520
1312 1524
1312 3578
1312 4827
93 232
93 236
93 1165
93 2207
232 108
232 203
232 290
232 1737
232 1878
232 3584
232 4983
236 136
236 151
236 261
236 1546
236 2015
236 3466
1165 993
1165 1021
1165 1080
1165 1392
1165 1394
1165 1474
1165 1486
1165 1502
1165 1514
1165 3055
2207 1073
2207 2163
2207 2210
2207 2248
2207 2330
2207 2347
2207 2367
2207 2396
2207 2440
2207 2445
2207 2450
2207 2453
94 181
94 1803
94 3679
181 223
181 1552
181 2438
181 4685
1803 502
1803 1648
1803 1672
1803 1706
1803 1742
1803 1761
1803 1809
1803 1811
1803 1842
1803 1859
1803 1865
1803 1874
1803 1877
1803 1887
1803 1912
1803 3806
1803 4073
3679 2954
3679 3482
3679 3527
3679 3549
3679 3567
3679 3630
3679 3641
3679 3663
3679 3673
3679 3686
3679 3687
3679 3716
3679 3760
3679 3766
3679 3767
3679 3771
3679 3772
3679 3781
3679 3789
3679 3803
3679 3811
3679 3832
3679 4214
3679 4346
3679 4963
3679 4990
95 989
95 3117
989 1319
989 1435
989 1495
989 1497
989 1503
989 1509
989 1520
989 1783
3117 1076
3117 3747
3117 3801
3117 3806
3117 3807
3117 3823
137 1062
137 4812
4189 1300
4189 1485
4189 2416
4189 2935
4189 3488
4189 3762
4189 3833
4189 3854
4189 3857
4189 3862
4189 3865
4189 3876
4189 3915
4189 3917
4189 3934
4189 3943
4189 3952
4189 3971
4189 3996
4189 4029
4189 4040
4189 4060
4189 4070
4189 4072
4189 4083
4189 4090
4189 4101
4189 4118
4189 4120
4189 4122
4189 4124
4189 4138
4189 4140
4189 4153
4189 4157
4189 4166
4189 4167
4189 4170
4189 4177
4189 4178
4189 4187
4189 4190
4189 4191
4189 4209
4189 4221
4189 4875
4980 551
4980 860
4980 968
4980 1175
4980 1346
4980 1409
4980 1555
4980 1559
4980 2225
4980 2257
4980 2313
4980 2367
4980 2394
4980 2787
4980 3726
4980 4232
4980 4249
4980 4263
4980 4298
4980 4308
4980 4310
4980 4316
4980 4324
4980 4343
4980 4436
4980 4438
4980 4459
4980 4481
4980 4495
4980 4509
4980 4510
4980 4512
4980 4554
4980 4555
4980 4586
4980 4590
4980 4593
4980 4603
4980 4615
4980 4646
4980 4658
4980 4670
4980 4671
4980 4675
4980 4684
4980 4698
4980 4715
4980 4750
4980 4756
4980 4783
4980 4787
4980 4794
4980 4800
4980 4802
4980 4817
4980 4829
4980 4850
4980 4872
4980 4877
4980 4884
4980 4891
4980 4900
4980 4909
4980 4910
4980 4917
4980 4918
4980 4920
4980 4922
4980 4925
4980 4936
4980 4937
4980 4966
4980 4968
4980 4971
4980 4973
4980 4981
4980 4986
4980 4989
4980 4992
97 492
97 3729
492 349
492 371
492 449
492 609
492 626
492 627
492 639
492 647
492 808
3729 411
3729 650
3729 1247
3729 2366
3729 2672
3729 3028
3729 3090
3729 3248
3729 3258
3729 3264
3729 3361
3729 3375
3729 3386
3729 3451
3729 3453
3729 3504
3729 3514
3729 3572
3729 3590
3729 3609
3729 3616
3729 3651
3729 3681
3729 3685
3729 3693
3729 3728
3729 3732
3729 3795
3729 3802
3729 3809
3729 3810
98 1841
98 4987
1841 1003
1841 1432
1841 1578
1841 1635
1841 1701
1841 1719
1841 1784
1841 1796
1841 1799
1841 1814
1841 1821
1841 1833
1841 1837
1841 1879
1841 1884
1841 1891
1841 1898
1841 1910
1841 1911
1841 1912
1841 3700
1841 4948
4987 490
4987 629
4987 874
4987 1322
4987 1693
4987 1791
4987 1800
4987 1889
4987 2233
4987 2243
4987 2777
4987 2895
4987 3299
4987 3626
4987 3765
4987 4216
4987 4241
4987 4244
4987 4269
4987 4304
4987 4306
4987 4328
4987 4329
4987 4331
4987 4352
4987 4378
4987 4397
4987 4449
4987 4459
4987 4517
4987 4528
4987 4534
4987 4546
4987 4548
4987 4553
4987 4572
4987 4582
4987 4586
4987 4587
4987 4594
4987 4601
4987 4632
4987 4636
4987 4671
4987 4693
4987 4704
4987 4738
4987 4747
4987 4750
4987 4754
4987 4768
4987 4798
4987 4804
4987 4834
4987 4851
4987 4865
4987 4871
4987 4878
4987 4892
4987 4893
4987 4899
4987 4902
4987 4903
4987 4908
4987 4920
4987 4923
4987 4928
4987 4948
4987 4952
4987 4958
4987 4962
4987 4965
4987 4969
4987 4971
4987 4978
4987 4982
4987 4983
4987 4986
4987 4995
4987 4997
4987 4998
99 4889
4889 893
4889 2947
4889 3003
4889 3620
4889 4384
4889 4556
4889 4563
4889 4626
4889 4640
4889 4762
4889 4778
4889 4882
4889 4887
4889 4888
4889 4907
4889 4911
4889 4918
4889 4920
4889 4930
4889 4934
4889 4939
4889 4940
4889 4956
4889 4963
4889 4965
4889 4967
4889 4985
4889 4990
4889 4994
948 652
948 1364
948 1388
948 1534
948 1542
948 1547
948 1555
1830 543
1830 886
1830 1683
1830 1695
1830 1733
1830 1734
1830 1787
1830 1793
1830 1802
1830 1843
1830 1854
1830 1867
1830 1873
1830 1882
1830 1900
1830 1915
1830 1920
1830 1923
1830 1944
1830 2835
101 204
101 1237
101 1902
204 1779
204 2450
1237 704
1237 1121
1237 1308
1237 1432
1237 1477
1237 1479
1237 1517
1237 1530
1237 1546
1237 1550
1237 1558
1237 1893
1237 3259
1902 1158
1902 1524
1902 1562
1902 1573
1902 1597
1902 1606
1902 1671
1902 1704
1902 1721
1902 1727
1902 1740
1902 1741
1902 1751
1902 1758
1902 1776
1902 1781
1902 1799
1902 1819
1902 1820
1902 1827
1902 1834
1902 1849
1902 1861
1902 1864
1902 1868
1902 1871
1902 1875
1902 1883
1902 1885
1902 1889
1902 1893
1902 1895
1902 1897
1902 1904
1902 1905
1902 1909
1902 1912
1902 1914
1902 2239
1902 2617
1902 3027
1902 3720
1902 4983
1902 4984
102 1108
102 3770
1108 1025
1108 1205
1108 1348
1108 1482
1108 1529
1108 1536
1108 1550
1108 1558
1108 3359
1108 4202
3770 605
3770 1546
3770 1556
3770 1798
3770 3042
3770 3115
3770 3123
3770 3164
3770 3281
3770 3291
3770 3307
3770 3315
3770 3359
3770 3370
3770 3398
3770 3430
3770 3450
3770 3504
3770 3517
3770 3578
3770 3588
3770 3591
3770 3666
3770 3680
3770 3690
3770 3691
3770 3720
3770 3723
3770 3726
3770 3733
3770 3735
3770 3738
3770 3764
3770 3792
3770 3799
3770 3806
3770 3825
3770 3828
3770 3830
3770 3831
3770 4493
3770 4724
3770 4977
103 580
580 403
580 438
580 445
580 449
580 518
580 569
580 585
580 601
580 608
580 615
580 628
580 631
580 634
580 642
580 653
580 1916
580 2728
580 3675
4587 2994
4587 3538
4587 4276
4587 4400
4587 4406
4587 4714
4587 4797
4587 4857
4587 4988
4832 1807
4832 3003
4832 3470
4832 4623
4832 4662
4832 4752
4832 4790
4832 4840
4832 4875
4832 4888
4832 4926
4832 4930
4832 4934
4832 4939
4832 4940
4832 4953
4832 4956
4832 4965
4832 4967
4832 4990
4832 4994
105 136
105 261
105 4197
136 1441
136 3790
261 131
261 135
261 238
261 634
261 1373
261 3296
261 3319
261 4969
4197 1278
4197 1900
4197 1906
4197 1922
4197 2134
4197 2281
4197 2323
4197 2872
4197 3866
4197 3897
4197 3921
4197 3937
4197 3978
4197 3989
4197 3993
4197 3997
4197 4005
4197 4007
4197 4009
4197 4024
4197 4033
4197 4043
4197 4057
4197 4074
4197 4084
4197 4093
4197 4095
4197 4096
4197 4104
4197 4109
4197 4133
4197 4138
4197 4141
4197 4147
4197 4152
4197 4158
4197 4170
4197 4171
4197 4173
4197 4179
4197 4180
4197 4182
4197 4184
4197 4198
4197 4199
4197 4204
4197 4215
4197 4217
4197 4218
4197 4220
4197 4530
4197 4934
4197 4981
106 251
106 2399
106 3400
251 166
251 692
251 1194
251 1629
251 3674
2399 1306
2399 1522
2399 2008
2399 2043
2399 2088
2399 2128
2399 2155
2399 2179
2399 2183
2399 2200
2399 2214
2399 2234
2399 2235
2399 2250
2399 2269
2399 2301
2399 2313
2399 2319
2399 2334
2399 2384
2399 2388
2399 2394
2399 2397
2399 2414
2399 2422
2399 2428
2399 2444
2399 2446
2399 2447
2399 3028
2399 3168
2399 3713
2399 4357
3400 3201
3400 3755
3400 3763
3400 3776
3400 3800
3400 3819
3400 3821
3400 3824
3400 3827
3400 4425
107 1211
107 4009
1211 693
1211 1071
1211 1492
1211 1496
1211 1518
1211 1525
1211 1540
1211 1541
1211 1543
1211 1551
1211 3728
1211 4969
4009 1501
4009 2349
4009 4126
4009 4135
4009 4155
4009 4176
4009 4185
4009 4206
4009 4213
108 1504
108 2432
1504 725
1504 840
1504 856
1504 898
1504 937
1504 950
1504 1053
1504 1100
1504 1107
1504 1128
1504 1206
1504 1241
1504 1270
1504 1272
1504 1285
1504 1300
1504 1332
1504 1348
1504 1351
1504 1379
1504 1393
1504 1399
1504 1416
1504 1424
1504 1428
1504 1447
1504 1457
1504 1476
1504 1493
1504 1505
1504 1520
1504 1521
1504 1526
1504 1534
1504 1535
1504 1540
1504 1544
1504 1551
1504 1552
1504 2452
1504 2674
1504 3988
1504 4174
1504 4946
2432 1266
2432 1945
2432 1971
2432 2009
2432 2042
2432 2115
2432 2130
2432 2132
2432 2149
2432 2159
2432 2162
2432 2177
2432 2183
2432 2191
2432 2196
2432 2198
2432 2213
2432 2236
2432 2238
2432 2253
2432 2265
2432 2270
2432 2289
2432 2291
2432 2293
2432 2300
2432 2307
2432 2320
2432 2333
2432 2338
2432 2374
2432 2387
2432 2395
2432 2403
2432 2409
2432 2415
2432 2419
2432 2425
2432 2428
2432 2447
2432 2451
2432 2452
2432 2549
2432 3178
2432 3622
2432 3633
2432 3794
2432 3828
2432 4867
2432 4973
2432 4984
230 115
230 209
230 242
230 643
230 1320
1914 482
1914 844
1914 1149
1914 1453
1914 1556
1914 1562
1914 1564
1914 1565
1914 1573
1914 1597
1914 1615
1914 1645
1914 1653
1914 1655
1914 1664
1914 1673
1914 1679
1914 1704
1914 1707
1914 1710
1914 1721
1914 1725
1914 1732
1914 1735
1914 1736
1914 1737
1914 1768
1914 1776
1914 1779
1914 1790
1914 1799
1914 1819
1914 1824
1914 1827
1914 1828
1914 1834
1914 1846
1914 1848
1914 1849
1914 1851
1914 1855
1914 1861
1914 1868
1914 1871
1914 1875
1914 1884
1914 1885
1914 1886
1914 1888
1914 1889
1914 1893
1914 1895
1914 1900
1914 1905
1914 1912
1914 2420
1914 3553
1914 3914
1914 4656
1914 4988
2278 384
2278 660
2278 1973
2278 2086
2278 2114
2278 2128
2278 2269
2278 2273
2278 2345
2278 2366
2278 2377
2278 2384
2278 2417
2278 2428
2278 2429
110 290
110 1918
110 4901
290 223
290 280
290 297
290 328
290 1039
290 1546
290 1816
290 2733
290 3810
290 3830
1918 628
1918 1046
1918 1415
1918 1574
1918 1616
1918 1623
1918 1645
1918 1663
1918 1676
1918 1681
1918 1682
1918 1685
1918 1689
1918 1694
1918 1699
1918 1704
1918 1706
1918 1708
1918 1711
1918 1712
1918 1730
1918 1735
1918 1742
1918 1750
1918 1751
1918 1758
1918 1763
1918 1766
1918 1769
1918 1771
1918 1775
1918 1777
1918 1778
1918 1779
1918 1785
1918 1792
1918 1801
1918 1804
1918 1805
1918 1807
1918 1825
1918 1832
1918 1837
1918 1852
1918 1863
1918 1864
1918 1877
1918 1881
1918 1882
1918 1883
1918 1886
1918 1891
1918 1896
1918 1903
1918 1904
1918 1910
1918 1916
1918 1917
1918 1921
1918 1922
1918 1923
1918 2205
1918 2222
1918 2331
1918 2601
1918 2916
1918 3030
1918 3439
1918 4877
1918 4892
1918 4967
4901 917
4901 3695
4901 3704
4901 4041
4901 4219
4901 4245
4901 4270
4901 4295
4901 4348
4901 4358
4901 4381
4901 4484
4901 4521
4901 4584
4901 4646
4901 4676
4901 4711
4901 4717
4901 4732
4901 4734
4901 4740
4901 4746
4901 4767
4901 4801
4901 4806
4901 4848
4901 4864
4901 4895
4901 4929
4901 4932
4901 4954
4901 4985
4901 4990
2933 134
2933 1847
2933 1959
2933 2519
2933 2602
2933 2617
2933 2674
2933 2679
2933 2700
2933 2753
2933 2764
2933 2800
2933 2837
2933 2859
2933 2922
2933 2924
2933 2926
2933 2935
2933 2951
2933 2958
2933 2968
2933 2980
2933 2985
2933 2996
2933 2997
2933 3006
2933 3823
2933 4880
4254 2373
4254 4253
4254 4516
4254 4818
4254 4850
4254 4866
113 2400
113 2502
2400 1809
2400 1961
2400 1999
2400 2029
2400 2033
2400 2129
2400 2134
2400 2143
2400 2240
2400 2244
2400 2262
2400 2271
2400 2284
2400 2315
2400 2338
2400 2341
2400 2364
2400 2379
2400 2383
2400 2385
2400 2394
2400 2395
2400 2404
2400 2417
2400 2425
2400 2433
2400 2441
2400 2443
2400 2448
2400 4178
2400 4224
2400 4974
2400 4991
2502 2238
2502 2815
2502 2909
2502 2923
2502 2944
2502 2983
114 582
114 1976
582 357
582 460
582 573
582 576
582 591
582 617
582 625
582 633
582 634
582 640
582 645
582 648
582 651
582 659
582 660
582 2175
582 4799
582 4950
1976 2048
1976 2338
1976 2417
1976 2440
1976 2442
1976 2448
115 212
115 2853
212 144
212 252
212 328
212 436
212 1477
212 2603
2853 1518
2853 2473
2853 2595
2853 2719
2853 2733
2853 2756
2853 2827
2853 2865
2853 2879
2853 2887
2853 2942
2853 2989
2853 3003
2853 3004
2853 3007
2853 3799
2853 4661
120 143
120 1356
120 2609
2971 1481
2971 1771
2971 2349
2971 2531
2971 2562
2971 2585
2971 2604
2971 2606
2971 2608
2971 2610
2971 2612
2971 2680
2971 2718
2971 2723
2971 2724
2971 2745
2971 2763
2971 2789
2971 2823
2971 2828
2971 2841
2971 2857
2971 2862
2971 2894
2971 2897
2971 2909
2971 2925
2971 2928
2971 2942
2971 2948
2971 2950
2971 2951
2971 2955
2971 2967
2971 2968
2971 2970
2971 2974
2971 2986
2971 2992
2971 2995
2971 2998
2971 3181
2971 3822
2971 4774
2971 4881
117 134
117 242
117 4494
134 898
242 1476
242 1493
242 1541
4494 4357
4494 4540
4494 4585
4494 4835
4494 4881
4494 4898
4494 4902
4494 4941
3549 491
3549 2483
3549 3191
3549 3487
3549 3567
3549 3677
3549 3686
3549 3730
3549 3760
3549 3803
3549 3805
3549 3811
3549 3830
3549 3832
4799 2679
4799 3248
4799 4286
4799 4293
4799 4453
4799 4526
4799 4566
4799 4648
4799 4654
4799 4674
4799 4724
4799 4737
4799 4742
4799 4791
4799 4792
4799 4917
4799 4971
4799 4992
119 297
119 1522
119 1851
297 144
297 252
297 1763
297 2402
297 3438
297 4098
297 4198
297 4962
1522 160
1522 679
1522 726
1522 754
1522 759
1522 764
1522 830
1522 870
1522 897
1522 923
1522 925
1522 995
1522 1089
1522 1095
1522 1149
1522 1153
1522 1201
1522 1203
1522 1209
1522 1224
1522 1253
1522 1289
1522 1299
1522 1307
1522 1323
1522 1330
1522 1331
1522 1339
1522 1344
1522 1374
1522 1404
1522 1418
1522 1423
1522 1437
1522 1465
1522 1466
1522 1470
1522 1485
1522 1498
1522 1507
1522 1508
1522 1513
1522 1526
1522 1531
1522 1547
1522 1556
1522 2330
1522 2652
1522 2981
1522 3668
1522 3796
1851 1452
1851 1552
1851 1596
1851 1678
1851 1683
1851 1695
1851 1760
1851 1762
1851 1802
1851 1838
1851 1857
1851 1873
1851 1878
1851 1880
1851 1888
1851 1900
1851 1903
1851 1915
1851 1920
1851 3708
1851 4841
143 1547
1356 1175
1356 1247
1356 1295
1356 1352
1356 1410
1356 1435
1356 1472
1356 1486
1356 1490
1356 1495
1356 1497
1356 1503
1356 1509
1356 1517
1356 1520
1356 1524
1356 1549
1356 2451
1356 2951
1356 3684
2609 2442
2609 2498
2609 2649
2609 2951
2609 3007
2609 3008
2609 3009
121 1331
121 3816
1331 1113
1331 1206
1331 1276
1331 1316
1331 1346
1331 1432
1331 1447
1331 1482
1331 1517
1331 1529
1331 1533
1331 1539
1331 1546
1331 1550
1331 1558
1331 1899
1331 2429
1331 4647
3816 433
3816 435
3816 813
3816 1385
3816 1509
3816 1910
3816 1916
3816 2703
3816 2896
3816 3042
3816 3052
3816 3076
3816 3122
3816 3126
3816 3129
3816 3135
3816 3171
3816 3182
3816 3198
3816 3211
3816 3253
3816 3278
3816 3293
3816 3298
3816 3316
3816 3339
3816 3355
3816 3362
3816 3368
3816 3389
3816 3391
3816 3409
3816 3449
3816 3450
3816 3456
3816 3466
3816 3470
3816 3532
3816 3536
3816 3542
3816 3544
3816 3554
3816 3562
3816 3564
3816 3593
3816 3622
3816 3623
3816 3625
3816 3626
3816 3655
3816 3658
3816 3675
3816 3682
3816 3685
3816 3687
3816 3697
3816 3731
3816 3737
3816 3759
3816 3761
3816 3775
3816 3778
3816 3781
3816 3783
3816 3788
3816 3790
3816 3794
3816 3796
3816 3807
3816 3808
3816 3809
3816 3919
3816 4258
3816 4743
3816 4931
194 175
194 1913
194 4678
1867 1187
1867 1625
1867 1649
1867 1667
1867 1762
1867 1765
1867 1773
1867 1783
1867 1789
1867 1795
1867 1802
1867 1854
1867 1862
1867 1872
1867 1873
1867 1875
1867 1888
1867 1900
1867 1915
1867 1916
1867 1920
1867 1950
1867 4206
1867 4221
3731 2362
3731 2437
3731 3044
3731 3131
3731 3362
3731 3389
3731 3449
3731 3457
3731 3500
3731 3518
3731 3532
3731 3544
3731 3554
3731 3655
3731 3658
3731 3674
3731 3675
3731 3687
3731 3697
3731 3742
3731 3761
3731 3775
3731 3783
3731 3787
3731 3790
3731 3796
3731 3808
3731 3823
3731 4163
3731 4608
3731 4959
199 1550
199 4718
199 4795
328 129
328 147
328 280
328 1367
328 1474
328 1542
328 3011
328 3710
328 3766
328 4867
328 4963
4187 1133
4187 3194
4187 3709
4187 3801
4187 3806
4187 3833
4187 3854
4187 3857
4187 3862
4187 3865
4187 3876
4187 3915
4187 3917
4187 3934
4187 3941
4187 3943
4187 3952
4187 3971
4187 3996
4187 4006
4187 4029
4187 4040
4187 4059
4187 4060
4187 4070
4187 4072
4187 4083
4187 4090
4187 4101
4187 4120
4187 4124
4187 4138
4187 4140
4187 4142
4187 4153
4187 4159
4187 4167
4187 4177
4187 4178
4187 4181
4187 4209
4187 4210
4187 4213
4187 4226
4187 4311
4187 4516
4187 4914
4991 198
4991 466
4991 600
4991 646
4991 1538
4991 1542
4991 1864
4991 1922
4991 2419
4991 2839
4991 2856
4991 2898
4991 3386
4991 3416
4991 3649
4991 3728
4991 3972
4991 4246
4991 4272
4991 4284
4991 4289
4991 4299
4991 4301
4991 4315
4991 4322
4991 4354
4991 4356
4991 4394
4991 4403
4991 4411
4991 4412
4991 4414
4991 4433
4991 4493
4991 4499
4991 4506
4991 4511
4991 4519
4991 4524
4991 4562
4991 4570
4991 4602
4991 4635
4991 4640
4991 4646
4991 4650
4991 4653
4991 4658
4991 4672
4991 4695
4991 4710
4991 4718
4991 4723
4991 4745
4991 4766
4991 4773
4991 4779
4991 4780
4991 4781
4991 4786
4991 4795
4991 4796
4991 4800
4991 4820
4991 4821
4991 4840
4991 4842
4991 4844
4991 4848
4991 4856
4991 4860
4991 4880
4991 4885
4991 4886
4991 4893
4991 4916
4991 4926
4991 4933
4991 4942
4991 4946
4991 4957
4991 4964
4991 4972
4991 4973
4991 4977
4991 4981
4991 4984
4991 4993
4991 4996
124 160
124 223
124 3632
124 4858
160 434
223 1486
223 1568
223 2396
223 4716
3632 919
3632 1101
3632 1462
3632 3451
3632 3503
3632 3668
3632 3711
3632 3720
3632 3754
3632 3760
3632 3767
3632 3771
3632 3781
3632 3789
3632 3803
3632 3805
3632 3811
3632 3830
3632 3832
3632 4510
4858 1277
4858 2857
4858 3680
4858 4073
4858 4275
4858 4311
4858 4395
4858 4446
4858 4467
4858 4490
4858 4504
4858 4538
4858 4585
4858 4607
4858 4624
4858 4666
4858 4676
4858 4751
4858 4769
4858 4859
4858 4898
4858 4902
4858 4934
4858 4941
4858 4949
4858 4964
1748 1607
1748 1656
1748 1674
1748 1747
1748 1759
1748 1785
1748 1806
1748 1807
1748 1897
1748 1921
1748 3638
2666 1556
2666 2725
2666 2903
2666 2905
2666 2928
2666 2932
2666 2965
2666 3000
2666 3002
126 2415
126 3804
2415 1467
2415 1844
2415 1924
2415 2006
2415 2015
2415 2042
2415 2072
2415 2083
2415 2112
2415 2113
2415 2119
2415 2122
2415 2132
2415 2159
2415 2162
2415 2213
2415 2215
2415 2223
2415 2236
2415 2238
2415 2253
2415 2260
2415 2282
2415 2283
2415 2300
2415 2307
2415 2342
2415 2352
2415 2374
2415 2390
2415 2403
2415 2409
2415 2451
2415 2452
2415 2683
2415 3808
2415 3991
2415 4486
2415 4999
3804 1152
3804 1197
3804 1430
3804 1502
3804 1517
3804 1777
3804 1912
3804 2379
3804 2451
3804 2810
3804 3075
3804 3103
3804 3107
3804 3136
3804 3172
3804 3197
3804 3242
3804 3327
3804 3345
3804 3347
3804 3350
3804 3374
3804 3394
3804 3395
3804 3405
3804 3421
3804 3463
3804 3464
3804 3482
3804 3501
3804 3550
3804 3556
3804 3561
3804 3578
3804 3587
3804 3602
3804 3636
3804 3649
3804 3656
3804 3659
3804 3660
3804 3684
3804 3689
3804 3709
3804 3735
3804 3739
3804 3746
3804 3748
3804 3764
3804 3778
3804 3782
3804 3785
3804 3786
3804 3787
3804 3794
3804 3802
3804 3821
3804 3822
3804 3823
3804 3826
3804 3827
3804 4138
3804 4161
3804 4999
127 3182
3182 3449
3182 3687
3182 3719
3182 3747
3182 3808
3182 4946
3376 3106
3376 3310
3376 3477
3376 3486
3376 3611
3376 3629
3376 3657
3376 3826
3376 4843
4442 3515
4442 4295
4442 4793
4442 4822
4442 4863
4442 4965
4442 4977
4442 4989
129 4163
129 4976
4163 1357
4163 2079
4163 2421
4163 3976
4163 3992
4163 3993
4163 4007
4163 4021
4163 4033
4163 4040
4163 4091
4163 4095
4163 4106
4163 4107
4163 4109
4163 4138
4163 4141
4163 4152
4163 4173
4163 4179
4163 4184
4163 4186
4163 4188
4163 4199
4163 4203
4163 4204
4163 4215
4163 4217
4163 4218
4163 4220
4163 4447
4163 4973
4976 747
4976 897
4976 1461
4976 1801
4976 1896
4976 2342
4976 2373
4976 2448
4976 2775
4976 2975
4976 3411
4976 3723
4976 3793
4976 4235
4976 4267
4976 4283
4976 4294
4976 4340
4976 4369
4976 4377
4976 4386
4976 4392
4976 4408
4976 4410
4976 4418
4976 4421
4976 4427
4976 4444
4976 4464
4976 4472
4976 4513
4976 4560
4976 4580
4976 4608
4976 4620
4976 4635
4976 4652
4976 4653
4976 4654
4976 4662
4976 4674
4976 4702
4976 4703
4976 4719
4976 4720
4976 4741
4976 4751
4976 4758
4976 4759
4976 4763
4976 4776
4976 4778
4976 4784
4976 4810
4976 4812
4976 4819
4976 4821
4976 4824
4976 4831
4976 4836
4976 4853
4976 4861
4976 4862
4976 4924
4976 4953
4976 4954
4976 4965
4976 4977
4976 4988
4976 4996
4976 4997
4976 4999
130 1174
130 3672
1174 1281
1174 1475
1174 1492
1174 1496
1174 1540
1174 1541
1174 1551
1174 3557
1174 3738
3672 1120
3672 1754
3672 2737
3672 3181
3672 3322
3672 3403
3672 3494
3672 3589
3672 3614
3672 3628
3672 3640
3672 3644
3672 3668
3672 3670
3672 3747
3672 3753
3672 3779
3672 3780
3672 3784
3672 3787
3672 3801
3672 3802
3672 3806
3672 3807
3672 3826
3672 4657
131 1906
131 3741
1906 690
1906 1308
1906 1352
1906 1517
1906 1561
1906 1563
1906 1589
1906 1608
1906 1613
1906 1616
1906 1620
1906 1624
1906 1637
1906 1647
1906 1668
1906 1677
1906 1684
1906 1691
1906 1709
1906 1713
1906 1731
1906 1749
1906 1778
1906 1787
1906 1806
1906 1808
1906 1809
1906 1820
1906 1826
1906 1831
1906 1832
1906 1840
1906 1844
1906 1869
1906 1872
1906 1882
1906 1888
1906 1901
1906 1907
1906 1908
1906 1909
1906 1912
1906 1922
1906 2990
1906 3402
1906 3786
1906 3894
3741 412
3741 1329
3741 1860
3741 3017
3741 3026
3741 3138
3741 3169
3741 3194
3741 3251
3741 3314
3741 3421
3741 3448
3741 3470
3741 3503
3741 3520
3741 3528
3741 3581
3741 3606
3741 3612
3741 3644
3741 3673
3741 3689
3741 3706
3741 3754
3741 3771
3741 3789
3741 3803
3741 3805
3741 3807
3741 3819
3741 3830
3741 3832
3741 4502
3741 4887
3759 400
3759 1169
3759 1802
3759 2626
3759 3009
3759 3132
3759 3165
3759 3171
3759 3188
3759 3203
3759 3253
3759 3298
3759 3315
3759 3370
3759 3371
3759 3428
3759 3449
3759 3478
3759 3538
3759 3542
3759 3554
3759 3562
3759 3564
3759 3658
3759 3675
3759 3682
3759 3687
3759 3691
3759 3714
3759 3737
3759 3738
3759 3742
3759 3761
3759 3775
3759 3783
3759 3796
3759 3808
3759 4164
3759 4193
3759 4207
4900 1580
4900 2952
4900 2983
4900 2993
4900 3033
4900 4424
4900 4438
4900 4554
4900 4586
4900 4603
4900 4621
4900 4656
4900 4675
4900 4687
4900 4726
4900 4730
4900 4755
4900 4775
4900 4783
4900 4787
4900 4817
4900 4878
4900 4891
4900 4910
4900 4917
4900 4931
4900 4937
4900 4966
4900 4968
4900 4971
4900 4995
617 416
617 420
617 435
617 458
617 503
617 542
617 546
617 591
617 610
617 615
617 633
617 642
617 643
617 645
617 649
617 651
617 653
617 659
617 660
617 662
617 1304
617 2264
617 3948
3991 3822
3991 4034
3991 4076
3991 4084
3991 4134
3991 4180
3991 4205
3991 4219
3991 4225
898 1327
898 1521
898 1535
898 1544
898 4423
135 238
135 1462
135 4377
238 235
238 2794
238 3002
238 4450
1462 450
1462 698
1462 903
1462 1026
1462 1178
1462 1180
1462 1210
1462 1233
1462 1246
1462 1269
1462 1305
1462 1329
1462 1339
1462 1385
1462 1397
1462 1403
1462 1440
1462 1463
1462 1471
1462 1479
1462 1485
1462 1498
1462 1500
1462 1503
1462 1527
1462 1528
1462 1556
1462 1559
1462 3394
1462 3775
1462 4896
4377 1912
4377 4919
4377 4953
4377 4988
4377 4996
1441 636
1441 901
1441 906
1441 1006
1441 1019
1441 1102
1441 1126
1441 1152
1441 1182
1441 1234
1441 1276
1441 1293
1441 1316
1441 1348
1441 1391
1441 1417
1441 1425
1441 1431
1441 1468
1441 1516
1441 1529
1441 1530
1441 1533
1441 1546
1441 1550
1441 1558
1441 1559
1441 1915
1441 3668
1441 4471
3790 1257
3790 1533
3790 1758
3790 2070
3790 2722
3790 3044
3790 3052
3790 3076
3790 3106
3790 3122
3790 3187
3790 3188
3790 3210
3790 3211
3790 3298
3790 3339
3790 3355
3790 3368
3790 3371
3790 3389
3790 3425
3790 3426
3790 3449
3790 3461
3790 3466
3790 3531
3790 3532
3790 3536
3790 3542
3790 3554
3790 3564
3790 3613
3790 3624
3790 3625
3790 3636
3790 3655
3790 3658
3790 3682
3790 3686
3790 3687
3790 3705
3790 3712
3790 3742
3790 3761
3790 3775
3790 3783
3790 3796
3790 3799
3790 3808
3790 4119
3790 4809
3790 4834
1062 769
1062 777
1062 961
1062 1079
1062 1139
1062 1158
1062 1199
1062 1242
1062 1507
1062 4851
4812 503
4812 722
4812 1583
4812 4362
4812 4583
4812 4759
4812 4775
4812 4776
4812 4819
4812 4824
4812 4831
4812 4862
4812 4874
4812 4924
4812 4954
4812 4968
4812 4985
4812 4988
4812 4996
235 180
235 1585
235 1826
235 2216
2135 2042
2135 2185
2135 2244
2135 2350
2135 2361
2135 2403
2135 2451
2135 2452
2135 4132
3826 621
3826 654
3826 925
3826 1168
3826 1301
3826 1508
3826 1714
3826 1842
3826 2360
3826 2387
3826 2450
3826 2998
3826 3009
3826 3036
3826 3103
3826 3118
3826 3139
3826 3140
3826 3172
3826 3174
3826 3186
3826 3189
3826 3197
3826 3201
3826 3202
3826 3229
3826 3242
3826 3268
3826 3282
3826 3305
3826 3312
3826 3317
3826 3327
3826 3361
3826 3369
3826 3374
3826 3377
3826 3380
3826 3388
3826 3442
3826 3444
3826 3461
3826 3463
3826 3464
3826 3469
3826 3484
3826 3501
3826 3548
3826 3556
3826 3557
3826 3561
3826 3587
3826 3602
3826 3609
3826 3618
3826 3636
3826 3649
3826 3655
3826 3656
3826 3660
3826 3662
3826 3671
3826 3683
3826 3688
3826 3696
3826 3701
3826 3704
3826 3709
3826 3711
3826 3737
3826 3739
3826 3775
3826 3778
3826 3782
3826 3785
3826 3787
3826 3794
3826 3823
3826 3827
3826 3832
3826 4205
3826 4407
3826 4693
742 1208
742 1373
742 1450
742 1492
742 1499
742 1523
4218 664
4218 1508
4218 1913
4218 2119
4218 2233
4218 2703
4218 3293
4218 3701
4218 3733
4218 3835
4218 3866
4218 3877
4218 3888
4218 3920
4218 3945
4218 3963
4218 3964
4218 3972
4218 3977
4218 3985
4218 3997
4218 4021
4218 4030
4218 4038
4218 4042
4218 4048
4218 4049
4218 4052
4218 4058
4218 4061
4218 4095
4218 4096
4218 4102
4218 4107
4218 4115
4218 4126
4218 4127
4218 4133
4218 4135
4218 4137
4218 4146
4218 4153
4218 4157
4218 4158
4218 4161
4218 4166
4218 4171
4218 4172
4218 4173
4218 4179
4218 4182
4218 4184
4218 4188
4218 4199
4218 4204
4218 4210
4218 4214
4218 4215
4218 4216
4218 4217
4218 4220
4218 4222
4218 4224
4218 4627
4218 4821
4218 4920
4218 4945
2994 1478
2994 1496
2994 1540
2994 1558
2994 1882
2994 2065
2994 2293
2994 2318
2994 2337
2994 2454
2994 2463
2994 2467
2994 2477
2994 2496
2994 2517
2994 2550
2994 2552
2994 2562
2994 2581
2994 2604
2994 2630
2994 2631
2994 2638
2994 2656
2994 2673
2994 2684
2994 2688
2994 2720
2994 2732
2994 2766
2994 2769
2994 2789
2994 2811
2994 2823
2994 2841
2994 2857
2994 2862
2994 2880
2994 2882
2994 2883
2994 2894
2994 2897
2994 2903
2994 2908
2994 2909
2994 2920
2994 2923
2994 2927
2994 2928
2994 2930
2994 2948
2994 2949
2994 2950
2994 2955
2994 2967
2994 2968
2994 2970
2994 2972
2994 2974
2994 2977
2994 2986
2994 2995
2994 2998
2994 2999
2994 3003
2994 3006
2994 3484
2994 3788
2994 4926
2994 4984
3460 3323
3460 3409
3460 3429
3460 3452
3460 3499
3460 3540
3460 3579
3460 3671
3460 3758
3460 3814
3460 4996
141 991
141 2998
991 664
991 803
991 930
991 1100
991 1138
991 1422
991 1439
991 1497
2998 659
2998 662
2998 1494
2998 1556
2998 1857
2998 2476
2998 2479
2998 2495
2998 2496
2998 2515
2998 2517
2998 2532
2998 2552
2998 2562
2998 2578
2998 2601
2998 2612
2998 2631
2998 2633
2998 2634
2998 2637
2998 2664
2998 2704
2998 2712
2998 2732
2998 2766
2998 2769
2998 2788
2998 2789
2998 2793
2998 2823
2998 2828
2998 2837
2998 2862
2998 2870
2998 2873
2998 2882
2998 2883
2998 2886
2998 2894
2998 2897
2998 2908
2998 2909
2998 2921
2998 2925
2998 2928
2998 2949
2998 2950
2998 2951
2998 2955
2998 2959
2998 2964
2998 2967
2998 2968
2998 2970
2998 2974
2998 2980
2998 2983
2998 2984
2998 2986
2998 2992
2998 3005
2998 3262
2998 3915
2998 4101
2998 4212
2998 4345
2998 4852
2998 4949
986 683
986 685
986 706
986 837
986 888
986 1128
986 1189
986 1221
986 2306
4958 447
4958 1162
4958 1474
4958 1517
4958 1785
4958 1904
4958 2002
4958 2379
4958 3734
4958 3738
4958 3786
4958 4328
4958 4331
4958 4335
4958 4379
4958 4429
4958 4457
4958 4481
4958 4519
4958 4594
4958 4601
4958 4632
4958 4636
4958 4660
4958 4691
4958 4704
4958 4769
4958 4775
4958 4796
4958 4804
4958 4822
4958 4843
4958 4849
4958 4856
4958 4870
4958 4871
4958 4893
4958 4908
4958 4920
4958 4921
4958 4928
4958 4943
4958 4948
4958 4952
4958 4960
4958 4966
4958 4969
4958 4978
4958 4982
4958 4986
4958 4993
4958 4995
4958 4997
4958 4998
1547 694
1547 699
1547 705
1547 728
1547 740
1547 763
1547 783
1547 788
1547 815
1547 839
1547 884
1547 916
1547 931
1547 943
1547 955
1547 969
1547 982
1547 1004
1547 1036
1547 1037
1547 1042
1547 1054
1547 1056
1547 1078
1547 1080
1547 1116
1547 1150
1547 1154
1547 1157
1547 1161
1547 1169
1547 1184
1547 1187
1547 1196
1547 1212
1547 1226
1547 1249
1547 1275
1547 1288
1547 1302
1547 1320
1547 1333
1547 1336
1547 1349
1547 1351
1547 1372
1547 1384
1547 1386
1547 1388
1547 1395
1547 1433
1547 1443
1547 1445
1547 1452
1547 1455
1547 1484
1547 1505
1547 1524
1547 1542
1547 1549
1547 1550
1547 1555
1547 1559
1547 1778
1547 1875
1547 1890
1547 2823
1547 3257
1547 3750
1547 3774
1547 3795
1547 4145
1547 4216
1547 4705
1547 4801
1547 4872
1547 4977
144 147
144 2225
144 4503
147 762
147 3821
2225 2280
2225 2305
2225 2310
2225 2340
2225 2343
2225 2350
2225 2375
2225 2427
2225 2446
2225 2449
2225 4184
4503 3444
4503 4407
4503 4476
4503 4477
4503 4685
4503 4757
4503 4851
4503 4994
145 1490
145 4413
1490 741
1490 753
1490 804
1490 843
1490 852
1490 932
1490 935
1490 954
1490 971
1490 1012
1490 1064
1490 1069
1490 1072
1490 1190
1490 1227
1490 1247
1490 1272
1490 1277
1490 1285
1490 1295
1490 1297
1490 1352
1490 1362
1490 1384
1490 1410
1490 1411
1490 1435
1490 1448
1490 1472
1490 1495
1490 1497
1490 1503
1490 1509
1490 1520
1490 1524
1490 1726
1490 1922
1490 2295
1490 2880
1490 2999
1490 3365
1490 3688
4413 2379
4413 4518
4413 4611
4413 4814
4413 4855
4413 4878
4413 4904
4181 748
4181 1871
4181 2939
4181 3001
4181 3689
4181 3755
4181 3894
4181 3984
4181 4034
4181 4040
4181 4050
4181 4056
4181 4079
4181 4097
4181 4124
4181 4145
4181 4156
4181 4164
4181 4166
4181 4172
4181 4175
4181 4183
4181 4186
4181 4191
4181 4201
4181 4202
4181 4203
4181 4204
4181 4205
4181 4207
4181 4208
4181 4210
4181 4214
4181 4216
4181 4219
4181 4224
4181 4225
4181 4226
4181 4731
4939 1506
4939 1523
4939 1535
4939 2260
4939 3553
4939 3620
4939 4096
4939 4241
4939 4292
4939 4362
4939 4415
4939 4481
4939 4496
4939 4623
4939 4638
4939 4665
4939 4709
4939 4725
4939 4752
4939 4767
4939 4777
4939 4782
4939 4786
4939 4790
4939 4806
4939 4811
4939 4868
4939 4879
4939 4882
4939 4888
4939 4907
4939 4911
4939 4914
4939 4918
4939 4930
4939 4934
4939 4940
4939 4943
4939 4956
4939 4963
4939 4965
4939 4967
4939 4985
4939 4990
4939 4994
762 1184
762 1486
762 1514
762 3669
3821 879
3821 1592
3821 1598
3821 1791
3821 1873
3821 2745
3821 3050
3821 3051
3821 3058
3821 3085
3821 3128
3821 3136
3821 3161
3821 3167
3821 3183
3821 3211
3821 3233
3821 3234
3821 3237
3821 3267
3821 3278
3821 3292
3821 3350
3821 3353
3821 3355
3821 3360
3821 3384
3821 3385
3821 3406
3821 3418
3821 3420
3821 3423
3821 3427
3821 3428
3821 3443
3821 3458
3821 3523
3821 3526
3821 3538
3821 3580
3821 3582
3821 3593
3821 3607
3821 3621
3821 3622
3821 3634
3821 3649
3821 3665
3821 3667
3821 3688
3821 3696
3821 3698
3821 3703
3821 3713
3821 3717
3821 3724
3821 3733
3821 3755
3821 3761
3821 3763
3821 3774
3821 3776
3821 3784
3821 3800
3821 3808
3821 3819
3821 3824
3821 3827
3821 4121
3821 4641
3821 4840
3821 4863
3821 4965
3821 4981
2452 488
2452 805
2452 958
2452 1433
2452 1506
2452 1542
2452 1890
2452 1930
2452 1941
2452 1945
2452 1971
2452 1978
2452 2015
2452 2039
2452 2042
2452 2059
2452 2069
2452 2093
2452 2099
2452 2115
2452 2117
2452 2119
2452 2122
2452 2132
2452 2136
2452 2156
2452 2159
2452 2162
2452 2163
2452 2177
2452 2183
2452 2185
2452 2196
2452 2198
2452 2218
2452 2223
2452 2236
2452 2238
2452 2244
2452 2253
2452 2263
2452 2265
2452 2270
2452 2273
2452 2282
2452 2289
2452 2300
2452 2303
2452 2304
2452 2307
2452 2320
2452 2346
2452 2349
2452 2370
2452 2374
2452 2384
2452 2386
2452 2387
2452 2390
2452 2403
2452 2409
2452 2411
2452 2419
2452 2426
2452 2434
2452 2442
2452 2444
2452 2451
2452 3783
2452 3806
2452 4159
2452 4279
2452 4887
2452 4998
3556 636
3556 2579
3556 3149
3556 3317
3556 3388
3556 3444
3556 3489
3556 3550
3556 3587
3556 3622
3556 3629
3556 3709
3556 3768
3556 3823
3556 4813
4021 1822
4021 1996
4021 3948
4021 4103
4021 4111
4021 4115
4021 4179
4021 4215
4021 4217
2533 1859
2533 2795
2533 2992
2533 3001
2533 3003
2533 3005
3730 2440
3730 2446
3730 3327
3730 3348
3730 3415
3730 3425
3730 3455
3730 3596
3730 3597
3730 3648
3730 3651
3730 3666
3730 3688
3730 3701
3730 3704
3730 3710
3730 3750
3730 3751
3730 3766
3730 3768
3730 3788
3730 3791
3730 3814
3730 3820
3730 3822
3730 3827
3730 3831
3730 4652
3730 4956
3730 4996
150 1310
150 1898
1310 1067
1310 1106
1310 1194
1310 1343
1310 1363
1310 1364
1310 1425
1310 1452
1310 1463
1310 1479
1310 1500
1310 1528
1310 1556
1310 1559
1310 1908
1310 3580
1898 654
1898 1316
1898 1546
1898 1565
1898 1570
1898 1578
1898 1579
1898 1592
1898 1621
1898 1622
1898 1628
1898 1682
1898 1700
1898 1701
1898 1715
1898 1717
1898 1719
1898 1728
1898 1752
1898 1796
1898 1809
1898 1814
1898 1816
1898 1821
1898 1829
1898 1833
1898 1836
1898 1846
1898 1863
1898 1879
1898 1884
1898 1892
1898 1907
1898 1910
1898 1911
1898 1921
1898 2885
1898 3363
1898 3753
1898 4188
1898 4702
151 590
151 4095
590 421
590 478
590 534
590 536
590 561
590 572
590 588
590 628
590 632
590 638
590 642
590 644
590 646
590 653
590 655
590 3808
590 4367
4095 3810
4095 3834
4095 3836
4095 3862
4095 4093
4095 4107
4095 4146
4095 4179
4095 4188
4095 4204
4095 4215
4095 4220
4095 4999
2940 587
2940 621
2940 1541
2940 2546
2940 2551
2940 2592
2940 2607
2940 2613
2940 2697
2940 2698
2940 2699
2940 2712
2940 2725
2940 2737
2940 2738
2940 2767
2940 2779
2940 2797
2940 2814
2940 2832
2940 2834
2940 2851
2940 2874
2940 2911
2940 2929
2940 2934
2940 2937
2940 2962
2940 2976
2940 2977
2940 4115
2940 4984
3513 2270
3513 2388
3513 3038
3513 3204
3513 3562
3513 3581
3513 3638
3513 3664
3513 3719
3513 3733
3513 3736
3513 3780
3513 3786
3513 3797
2962 932
2962 1468
2962 1544
2962 2484
2962 2523
2962 2531
2962 2567
2962 2598
2962 2667
2962 2670
2962 2690
2962 2715
2962 2782
2962 2804
2962 2825
2962 2831
2962 2842
2962 2843
2962 2863
2962 2872
2962 2877
2962 2903
2962 2905
2962 2932
2962 2935
2962 2943
2962 2965
2962 2968
2962 2977
2962 2979
2962 2983
2962 3000
2962 3002
2962 3238
2962 3468
2962 4142
2962 4208
2962 4884
4863 616
4863 3625
4863 4262
4863 4265
4863 4707
4863 4716
4863 4752
4863 4764
4863 4772
4863 4807
4863 4808
4863 4841
4863 4846
4863 4891
4863 4897
4863 4918
4863 4935
4863 4947
4863 4950
4863 4977
4863 4983
4863 4989
3766 1226
3766 1431
3766 1881
3766 2337
3766 2437
3766 3040
3766 3092
3766 3148
3766 3296
3766 3341
3766 3401
3766 3511
3766 3518
3766 3574
3766 3595
3766 3648
3766 3651
3766 3655
3766 3661
3766 3666
3766 3673
3766 3674
3766 3690
3766 3705
3766 3710
3766 3744
3766 3750
3766 3751
3766 3768
3766 3784
3766 3788
3766 3791
3766 3814
3766 3820
3766 3822
3766 3827
3766 4517
3766 4953
4941 1221
4941 1311
4941 1384
4941 2120
4941 2948
4941 3430
4941 3746
4941 3940
4941 4267
4941 4275
4941 4287
4941 4318
4941 4365
4941 4390
4941 4429
4941 4446
4941 4490
4941 4491
4941 4504
4941 4527
4941 4530
4941 4533
4941 4545
4941 4585
4941 4595
4941 4605
4941 4607
4941 4612
4941 4617
4941 4624
4941 4666
4941 4753
4941 4756
4941 4769
4941 4776
4941 4789
4941 4801
4941 4835
4941 4859
4941 4880
4941 4898
4941 4902
4941 4927
4941 4967
4941 4984
4941 4994
4941 4998
1514 669
1514 673
1514 690
1514 709
1514 720
1514 834
1514 845
1514 854
1514 869
1514 874
1514 891
1514 910
1514 913
1514 953
1514 954
1514 993
1514 1038
1514 1096
1514 1124
1514 1159
1514 1191
1514 1197
1514 1253
1514 1254
1514 1257
1514 1264
1514 1288
1514 1307
1514 1317
1514 1355
1514 1392
1514 1394
1514 1414
1514 1474
1514 1483
1514 1486
1514 1552
1514 2204
1514 2607
1514 2838
1514 2970
1514 4130
1514 4186
1514 4266
1514 4480
1514 4750
1514 4948
1875 1540
1875 1653
1875 1673
1875 1679
1875 1690
1875 1710
1875 1740
1875 1776
1875 1799
1875 1819
1875 1828
1875 1849
1875 1855
1875 1868
1875 1871
1875 1885
1875 1895
1875 1901
1875 1905
1875 1910
1875 1912
1875 1916
1875 2121
1875 2752
1875 4578
173 209
173 1549
173 2279
1523 677
1523 689
1523 734
1523 795
1523 801
1523 870
1523 904
1523 917
1523 936
1523 964
1523 968
1523 999
1523 1000
1523 1026
1523 1028
1523 1047
1523 1049
1523 1065
1523 1085
1523 1086
1523 1111
1523 1119
1523 1166
1523 1208
1523 1216
1523 1223
1523 1250
1523 1257
1523 1262
1523 1284
1523 1299
1523 1309
1523 1313
1523 1373
1523 1402
1523 1408
1523 1426
1523 1450
1523 1457
1523 1470
1523 1499
1523 1534
1523 1537
1523 1543
1523 2106
1523 2346
1523 2829
1523 2997
1523 3300
1523 3404
1523 3776
1523 4989
1523 4994
3964 3881
3964 3892
3964 4042
3964 4182
3964 4184
3964 4217
3368 2449
3368 3389
3368 3742
3368 3754
3368 3761
3368 3783
3368 3796
3368 3825
4751 638
4751 1417
4751 1536
4751 4271
4751 4429
4751 4490
4751 4491
4751 4595
4751 4607
4751 4753
4751 4859
4751 4898
4751 4956
1465 684
1465 686
1465 714
1465 755
1465 807
1465 812
1465 830
1465 925
1465 1090
1465 1095
1465 1115
1465 1121
1465 1130
1465 1306
1465 1314
1465 1329
1465 1330
1465 1344
1465 1374
1465 1389
1465 1404
1465 1437
1465 1466
1465 1470
1465 1498
1465 1507
1465 1513
1465 1518
1465 1526
1465 1543
1465 1556
1465 3000
1465 3016
1465 3499
1465 3780
1465 4592
1465 4739
2751 1668
2751 2162
2751 2531
2751 2721
2751 2769
2751 2820
2751 2860
2751 2902
2751 2932
2751 2941
2751 2952
2751 2979
1046 1299
1046 1468
1046 1496
1046 1540
1046 1543
1046 1551
4985 636
4985 1233
4985 1550
4985 1937
4985 2115
4985 2402
4985 2470
4985 3069
4985 3566
4985 3782
4985 3967
4985 4069
4985 4097
4985 4156
4985 4238
4985 4280
4985 4288
4985 4314
4985 4325
4985 4339
4985 4362
4985 4369
4985 4422
4985 4458
4985 4461
4985 4489
4985 4543
4985 4567
4985 4599
4985 4623
4985 4626
4985 4638
4985 4668
4985 4709
4985 4712
4985 4720
4985 4725
4985 4728
4985 4732
4985 4747
4985 4752
4985 4765
4985 4777
4985 4781
4985 4782
4985 4784
4985 4806
4985 4811
4985 4836
4985 4849
4985 4868
4985 4875
4985 4882
4985 4887
4985 4888
4985 4899
4985 4907
4985 4911
4985 4925
4985 4930
4985 4934
4985 4940
4985 4945
4985 4954
4985 4956
4985 4959
4985 4963
4985 4964
4985 4965
4985 4967
4985 4978
4985 4984
4985 4988
4985 4990
4985 4993
4985 4994
4985 4996
434 596
434 655
434 656
434 662
434 2671
161 165
161 639
161 2332
165 280
165 2427
165 3752
639 352
639 367
639 395
639 481
639 498
639 500
639 501
639 520
639 524
639 529
639 551
639 563
639 568
639 571
639 574
639 579
639 583
639 592
639 604
639 612
639 620
639 626
639 627
639 647
639 650
639 653
639 657
639 662
639 1398
639 3313
639 3659
639 3806
639 3968
639 4171
639 4957
2332 477
2332 1942
2332 2093
2332 2151
2332 2219
2332 2262
2332 2305
2332 2343
2332 2348
2332 2349
2332 2368
2332 2378
2332 2396
2332 2403
2332 2407
2332 2413
2332 3434
2332 4630
1860 529
1860 1659
1860 1749
1860 1792
1860 1798
1860 1802
1860 1862
1860 1864
1860 1890
1860 1891
1860 1900
1860 1903
1860 1904
1860 1905
1860 1907
1860 1913
1860 1916
1860 1917
1860 1920
1860 1921
1860 1922
1860 1923
1860 2701
1860 3599
4153 555
4153 1338
4153 1423
4153 2811
4153 3854
4153 3915
4153 3934
4153 3971
4153 4040
4153 4072
4153 4083
4153 4090
4153 4101
4153 4120
4153 4124
4153 4138
4153 4140
4153 4145
4153 4167
4153 4177
4153 4178
4153 4212
4153 4215
4153 4219
4153 4220
4153 4834
4153 4902
163 4672
4672 3865
4672 4737
4672 4898
4672 4933
4672 4946
4672 4964
4672 4972
4672 4984
4672 4993
1538 675
1538 719
1538 729
1538 747
1538 768
1538 778
1538 786
1538 805
1538 810
1538 821
1538 831
1538 843
1538 863
1538 885
1538 988
1538 1059
1538 1073
1538 1097
1538 1098
1538 1105
1538 1114
1538 1144
1538 1158
1538 1170
1538 1171
1538 1175
1538 1189
1538 1222
1538 1235
1538 1248
1538 1266
1538 1292
1538 1325
1538 1350
1538 1353
1538 1357
1538 1367
1538 1380
1538 1382
1538 1398
1538 1430
1538 1452
1538 1453
1538 1456
1538 1464
1538 1476
1538 1481
1538 1497
1538 1500
1538 1502
1538 1516
1538 1526
1538 1531
1538 1544
1538 2131
1538 2434
1538 2635
1538 2851
1538 3511
1538 3801
1538 3824
1538 3831
1538 3898
1538 4186
1538 4247
1538 4885
1546 544
1546 545
1546 686
1546 695
1546 698
1546 766
1546 770
1546 781
1546 792
1546 800
1546 825
1546 864
1546 919
1546 924
1546 940
1546 944
1546 966
1546 990
1546 995
1546 1018
1546 1020
1546 1067
1546 1075
1546 1109
1546 1113
1546 1122
1546 1146
1546 1152
1546 1185
1546 1216
1546 1222
1546 1227
1546 1229
1546 1231
1546 1239
1546 1243
1546 1289
1546 1293
1546 1314
1546 1327
1546 1348
1546 1357
1546 1370
1546 1376
1546 1383
1546 1391
1546 1396
1546 1397
1546 1398
1546 1409
1546 1417
1546 1427
1546 1429
1546 1431
1546 1432
1546 1468
1546 1477
1546 1482
1546 1515
1546 1529
1546 1530
1546 1533
1546 1536
1546 1550
1546 1558
1546 2008
1546 2218
1546 2433
1546 2926
1546 2943
1546 4166
1546 4549
1546 4599
280 2573
280 2837
280 2900
280 3638
280 4593
280 4880
2427 1543
2427 2002
2427 2025
2427 2032
2427 2033
2427 2037
2427 2054
2427 2072
2427 2096
2427 2121
2427 2130
2427 2151
2427 2157
2427 2191
2427 2208
2427 2219
2427 2246
2427 2267
2427 2280
2427 2284
2427 2285
2427 2303
2427 2305
2427 2331
2427 2340
2427 2343
2427 2348
2427 2350
2427 2368
2427 2378
2427 2386
2427 2396
2427 2423
2427 2444
2427 2445
2427 2449
2427 2585
2427 3233
2427 3755
2427 3930
2427 4875
3752 1079
3752 1551
3752 2361
3752 3119
3752 3158
3752 3173
3752 3196
3752 3212
3752 3220
3752 3228
3752 3275
3752 3303
3752 3444
3752 3467
3752 3510
3752 3516
3752 3559
3752 3565
3752 3568
3752 3611
3752 3615
3752 3625
3752 3626
3752 3630
3752 3637
3752 3647
3752 3653
3752 3695
3752 3712
3752 3714
3752 3715
3752 3765
3752 3769
3752 3788
3752 3802
3752 4058
3752 4264
3752 4501
3752 4977
166 252
166 1866
166 2980
252 361
252 1556
252 1923
252 3649
1866 1648
1866 1665
1866 1761
1866 1767
1866 1778
1866 1781
1866 1786
1866 1810
1866 1811
1866 1815
1866 1822
1866 1843
1866 1845
1866 1847
1866 1850
1866 1859
1866 1874
1866 1877
1866 1887
1866 1888
1866 1899
1866 1917
1866 2264
1866 3126
1866 3656
1866 4954
2980 581
2980 1332
2980 1467
2980 2199
2980 2261
2980 2472
2980 2516
2980 2541
2980 2555
2980 2561
2980 2575
2980 2584
2980 2599
2980 2611
2980 2617
2980 2639
2980 2650
2980 2695
2980 2722
2980 2744
2980 2752
2980 2753
2980 2761
2980 2764
2980 2772
2980 2789
2980 2790
2980 2796
2980 2803
2980 2846
2980 2881
2980 2901
2980 2921
2980 2922
2980 2926
2980 2935
2980 2945
2980 2954
2980 2960
2980 2977
2980 2984
2980 2985
2980 2989
2980 2996
2980 2997
2980 3003
2980 3007
2980 3803
2980 3814
2980 3827
2980 4215
4131 1820
4131 3381
4131 3957
4131 4056
4131 4086
4131 4093
4131 4151
4131 4156
4131 4175
4131 4191
4131 4198
4131 4203
4131 4205
4131 4207
4131 4210
4131 4212
4131 4216
4131 4219
4131 4224
4131 4225
4131 4226
4131 4760
4965 534
4965 674
4965 2435
4965 2446
4965 3520
4965 3772
4965 3832
4965 3919
4965 4079
4965 4204
4965 4280
4965 4288
4965 4415
4965 4467
4965 4567
4965 4638
4965 4662
4965 4668
4965 4694
4965 4712
4965 4720
4965 4725
4965 4728
4965 4765
4965 4773
4965 4777
4965 4781
4965 4782
4965 4784
4965 4790
4965 4806
4965 4811
4965 4828
4965 4857
4965 4868
4965 4875
4965 4882
4965 4887
4965 4888
4965 4907
4965 4911
4965 4930
4965 4934
4965 4940
4965 4943
4965 4945
4965 4946
4965 4956
4965 4963
4965 4967
4965 4988
4965 4990
4965 4994
1807 1586
1807 1607
1807 1614
1807 1658
1807 1699
1807 1747
1807 1754
1807 1759
1807 1785
1807 1806
1807 3628
3466 1389
3466 3072
3466 3105
3466 3286
3466 3675
3466 3697
3466 3761
3466 3775
3466 3808
1280 1294
1280 1370
1280 1475
1280 1492
1280 1501
1280 1518
1280 1540
1280 1541
1280 1543
1280 1551
1280 1887
1280 4219
3751 608
3751 1297
3751 1496
3751 1881
3751 2369
3751 2832
3751 3375
3751 3423
3751 3425
3751 3496
3751 3533
3751 3574
3751 3581
3751 3612
3751 3639
3751 3648
3751 3651
3751 3661
3751 3666
3751 3674
3751 3705
3751 3710
3751 3734
3751 3750
3751 3753
3751 3768
3751 3788
3751 3791
3751 3805
3751 3814
3751 3819
3751 3820
3751 3822
3751 3827
3751 4860
3751 4935
4213 660
4213 1305
4213 1324
4213 1374
4213 1479
4213 1535
4213 1942
4213 2353
4213 2946
4213 3543
4213 3860
4213 3868
4213 3873
4213 3884
4213 3895
4213 3897
4213 3903
4213 3911
4213 3922
4213 3927
4213 3968
4213 3980
4213 3983
4213 3995
4213 4006
4213 4008
4213 4022
4213 4037
4213 4044
4213 4052
4213 4058
4213 4064
4213 4075
4213 4076
4213 4077
4213 4082
4213 4085
4213 4103
4213 4121
4213 4123
4213 4126
4213 4128
4213 4129
4213 4144
4213 4149
4213 4155
4213 4161
4213 4164
4213 4176
4213 4185
4213 4190
4213 4193
4213 4195
4213 4196
4213 4201
4213 4205
4213 4206
4213 4207
4213 4212
4213 4216
4213 4221
4213 4224
4213 4580
4213 4888
4213 4924
1111 801
1111 936
1111 1024
1111 1250
1111 1262
1111 1279
1111 1473
1111 1499
1111 4154
1111 4904
1865 1560
1865 1580
1865 1585
1865 1604
1865 1632
1865 1643
1865 1688
1865 1696
1865 1736
1865 1737
1865 1770
1865 1780
1865 1794
1865 1840
1865 1845
1865 1848
1865 1849
1865 1853
1865 1857
1865 1858
1865 3648
1865 4639
1865 4947
1865 4999
3558 1521
3558 3082
3558 3134
3558 3143
3558 3158
3558 3270
3558 3343
3558 3378
3558 3395
3558 3419
3558 3447
3558 3543
3558 3566
3558 3765
3558 3796
3558 4180
1414 667
1414 832
1414 852
1414 862
1414 873
1414 890
1414 896
1414 955
1414 1081
1414 1094
1414 1117
1414 1157
1414 1162
1414 1265
1414 1378
1414 1400
1414 1439
1414 1451
1414 1482
1414 1533
1414 3768
1414 4882
3005 770
3005 1309
3005 1492
3005 1549
3005 1834
3005 2255
3005 2279
3005 2474
3005 2485
3005 2511
3005 2549
3005 2580
3005 2596
3005 2605
3005 2636
3005 2645
3005 2647
3005 2655
3005 2657
3005 2669
3005 2686
3005 2692
3005 2705
3005 2739
3005 2775
3005 2791
3005 2804
3005 2808
3005 2812
3005 2813
3005 2822
3005 2830
3005 2836
3005 2839
3005 2840
3005 2850
3005 2856
3005 2859
3005 2866
3005 2867
3005 2868
3005 2870
3005 2871
3005 2872
3005 2884
3005 2891
3005 2896
3005 2903
3005 2910
3005 2913
3005 2929
3005 2936
3005 2939
3005 2946
3005 2953
3005 2957
3005 2959
3005 2963
3005 2966
3005 2969
3005 2984
3005 2986
3005 2990
3005 2992
3005 2993
3005 2999
3005 3000
3005 3001
3005 3003
3005 3004
3005 3006
3005 3377
3005 3555
3005 3598
3005 3693
3005 3825
3005 4099
3005 4450
3005 4946
4548 2990
4548 4784
4548 4962
4548 4969
4548 4978
4548 4986
4548 4995
4548 4997
209 395
209 2565
209 2896
1549 682
1549 705
1549 723
1549 728
1549 740
1549 788
1549 790
1549 813
1549 815
1549 846
1549 872
1549 884
1549 889
1549 916
1549 931
1549 943
1549 955
1549 969
1549 970
1549 982
1549 1004
1549 1036
1549 1037
1549 1054
1549 1056
1549 1059
1549 1078
1549 1080
1549 1106
1549 1107
1549 1113
1549 1116
1549 1150
1549 1161
1549 1169
1549 1184
1549 1187
1549 1196
1549 1206
1549 1212
1549 1226
1549 1252
1549 1275
1549 1288
1549 1290
1549 1320
1549 1349
1549 1372
1549 1384
1549 1386
1549 1388
1549 1395
1549 1433
1549 1443
1549 1445
1549 1446
1549 1448
1549 1474
1549 1484
1549 1537
1549 1542
1549 1550
1549 1555
1549 1778
1549 2309
1549 2330
1549 2434
1549 2445
1549 2894
1549 3458
1549 3510
1549 3689
1549 3743
1549 3807
1549 4300
1549 4524
1549 4779
1549 4954
2279 558
2279 1937
2279 1942
2279 2000
2279 2243
2279 2283
2279 2286
2279 2306
2279 2322
2279 2324
2279 2326
2279 2353
2279 2398
2279 2426
174 1332
174 2445
1332 826
1332 846
1332 1042
1332 1182
1332 1320
1332 1411
1332 1416
1332 1478
1332 1493
1332 1505
1332 1521
1332 1534
1332 1544
1332 1552
1332 1567
1332 4353
2445 1956
2445 1968
2445 1990
2445 2016
2445 2018
2445 2052
2445 2055
2445 2113
2445 2117
2445 2123
2445 2124
2445 2142
2445 2150
2445 2189
2445 2204
2445 2210
2445 2217
2445 2220
2445 2235
2445 2239
2445 2248
2445 2254
2445 2259
2445 2272
2445 2276
2445 2308
2445 2312
2445 2326
2445 2329
2445 2330
2445 2342
2445 2347
2445 2356
2445 2367
2445 2371
2445 2382
2445 2398
2445 2402
2445 2411
2445 2412
2445 2420
2445 2422
2445 2429
2445 2436
2445 2438
2445 2440
2445 2450
2445 2453
2445 2889
2445 3054
2445 3487
2445 3820
2445 4796
2445 4947
2445 4972
2445 4989
175 506
175 4945
506 381
506 643
506 645
506 649
506 651
506 652
506 659
506 660
506 2921
506 4959
4945 807
4945 1057
4945 1454
4945 1543
4945 1657
4945 3045
4945 4207
4945 4210
4945 4258
4945 4326
4945 4334
4945 4355
4945 4357
4945 4363
4945 4399
4945 4424
4945 4432
4945 4434
4945 4439
4945 4445
4945 4478
4945 4500
4945 4522
4945 4535
4945 4539
4945 4575
4945 4612
4945 4622
4945 4686
4945 4700
4945 4736
4945 4747
4945 4758
4945 4762
4945 4809
4945 4833
4945 4852
4945 4870
4945 4876
4945 4877
4945 4879
4945 4922
4945 4927
4945 4951
4945 4955
4945 4957
4945 4963
4945 4988
1409 711
1409 1019
1409 1077
1409 1152
1409 1183
1409 1208
1409 1223
1409 1240
1409 1348
1409 1377
1409 1468
1409 1477
1409 1517
1409 1529
1409 1530
1409 1533
1409 1536
1409 1540
1409 1550
1409 1558
1409 2359
1409 3113
1853 779
1853 1560
1853 1585
1853 1594
1853 1632
1853 1643
1853 1688
1853 1696
1853 1736
1853 1756
1853 1770
1853 1780
1853 1794
1853 1840
1853 1848
1853 1857
1853 1858
1853 1907
1853 1909
1853 1915
1853 2966
1853 3609
1853 4967
1905 437
1905 1168
1905 1277
1905 1562
1905 1588
1905 1606
1905 1615
1905 1626
1905 1636
1905 1645
1905 1664
1905 1678
1905 1709
1905 1710
1905 1721
1905 1735
1905 1737
1905 1741
1905 1759
1905 1799
1905 1827
1905 1828
1905 1834
1905 1849
1905 1858
1905 1859
1905 1861
1905 1868
1905 1885
1905 1889
1905 1890
1905 1893
1905 1895
1905 1899
1905 1900
1905 1908
1905 1912
1905 2561
1905 2928
1905 3492
1905 3595
1905 4097
1326 599
1326 670
1326 718
1326 760
1326 798
1326 946
1326 1041
1326 1173
1326 1220
1326 1251
1326 1340
1326 1377
1326 1383
1326 1460
1326 1461
1326 1559
1326 4118
1326 4656
4222 828
4222 1245
4222 1278
4222 1438
4222 1473
4222 1890
4222 2341
4222 2954
4222 3734
4222 3795
4222 3803
4222 3810
4222 3835
4222 3836
4222 3856
4222 3863
4222 3864
4222 3866
4222 3890
4222 3903
4222 3921
4222 3932
4222 3940
4222 3942
4222 3963
4222 3972
4222 3979
4222 3992
4222 3993
4222 4007
4222 4023
4222 4038
4222 4042
4222 4045
4222 4048
4222 4050
4222 4052
4222 4060
4222 4069
4222 4078
4222 4084
4222 4093
4222 4104
4222 4115
4222 4117
4222 4125
4222 4137
4222 4139
4222 4140
4222 4141
4222 4143
4222 4147
4222 4158
4222 4161
4222 4165
4222 4171
4222 4173
4222 4174
4222 4178
4222 4179
4222 4182
4222 4184
4222 4188
4222 4198
4222 4199
4222 4204
4222 4205
4222 4214
4222 4215
4222 4217
4222 4220
4222 4226
4222 4615
4222 4876
4222 4946
4876 2384
4876 2884
4876 3955
4876 4199
4876 4326
4876 4334
4876 4434
4876 4439
4876 4483
4876 4539
4876 4604
4876 4622
4876 4693
4876 4700
4876 4736
4876 4774
4876 4807
4876 4809
4876 4827
4876 4852
4876 4879
4876 4904
4876 4922
4876 4934
4876 4936
4876 4951
4876 4955
1321 668
1321 675
1321 998
1321 1005
1321 1011
1321 1061
1321 1129
1321 1195
1321 1202
1321 1244
1321 1255
1321 1322
1321 1341
1321 1369
1321 1383
1321 1531
1321 1838
1321 3771
1321 4703
2211 1552
2211 1927
2211 1955
2211 2238
2211 2296
2211 2383
2211 2398
2211 2401
2211 2406
2211 2410
2211 2426
2211 3431
2437 614
2437 636
2437 1158
2437 1911
2437 1927
2437 1928
2437 1955
2437 1992
2437 2007
2437 2047
2437 2097
2437 2138
2437 2164
2437 2167
2437 2178
2437 2215
2437 2226
2437 2233
2437 2240
2437 2259
2437 2261
2437 2281
2437 2283
2437 2287
2437 2296
2437 2306
2437 2308
2437 2309
2437 2324
2437 2326
2437 2352
2437 2354
2437 2355
2437 2366
2437 2369
2437 2383
2437 2385
2437 2402
2437 2410
2437 2419
2437 2420
2437 2426
2437 2433
2437 2434
2437 2438
2437 2444
2437 2447
2437 2453
2437 3293
2437 3712
2437 4116
2437 4199
179 4124
179 4144
4124 1262
4124 1728
4124 2497
4124 3820
4124 3952
4124 3996
4124 4029
4124 4052
4124 4060
4124 4072
4124 4083
4124 4102
4124 4120
4124 4138
4124 4144
4124 4167
4124 4177
4124 4178
4124 4214
4144 496
4144 610
4144 2137
4144 3671
4144 3674
4144 3904
4144 3919
4144 4032
4144 4077
4144 4128
4144 4129
4144 4146
4144 4152
4144 4164
4144 4176
4144 4185
4144 4190
4144 4195
4144 4196
4144 4206
4144 4217
4144 4221
180 1053
180 3721
180 4119
1053 1204
1053 1306
1053 1493
1053 1505
1053 1521
1053 1534
1053 1544
1053 1552
1053 3003
3721 630
3721 1373
3721 1534
3721 2526
3721 3088
3721 3137
3721 3213
3721 3390
3721 3441
3721 3496
3721 3537
3721 3551
3721 3557
3721 3598
3721 3605
3721 3638
3721 3654
3721 3670
3721 3677
3721 3700
3721 3722
3721 3727
3721 3743
3721 3758
3721 3762
3721 3769
3721 3772
3721 3780
3721 3793
3721 3823
3721 4848
3721 4910
4119 1529
4119 3051
4119 3842
4119 3843
4119 3902
4119 3906
4119 3973
4119 4016
4119 4060
4119 4066
4119 4076
4119 4091
4119 4103
4119 4112
4119 4125
4119 4145
4119 4151
4119 4179
4119 4194
1552 667
1552 671
1552 709
1552 725
1552 744
1552 746
1552 759
1552 796
1552 840
1552 851
1552 856
1552 866
1552 880
1552 887
1552 903
1552 933
1552 937
1552 950
1552 969
1552 973
1552 1042
1552 1044
1552 1075
1552 1093
1552 1107
1552 1118
1552 1128
1552 1129
1552 1130
1552 1136
1552 1164
1552 1176
1552 1182
1552 1198
1552 1206
1552 1212
1552 1241
1552 1252
1552 1262
1552 1272
1552 1285
1552 1300
1552 1351
1552 1365
1552 1379
1552 1382
1552 1393
1552 1411
1552 1416
1552 1419
1552 1424
1552 1447
1552 1457
1552 1467
1552 1469
1552 1478
1552 1481
1552 1487
1552 1493
1552 1505
1552 1521
1552 1534
1552 1535
1552 1537
1552 1540
1552 1544
1552 1600
1552 2346
1552 2396
1552 2414
1552 2424
1552 3537
1552 3941
1552 4125
1552 4325
1552 4709
1552 4802
1552 4836
1552 4862
2438 1388
2438 1488
2438 1495
2438 1923
2438 1930
2438 1953
2438 2016
2438 2113
2438 2116
2438 2125
2438 2142
2438 2174
2438 2184
2438 2189
2438 2199
2438 2210
2438 2217
2438 2224
2438 2228
2438 2239
2438 2245
2438 2248
2438 2252
2438 2254
2438 2272
2438 2310
2438 2316
2438 2327
2438 2340
2438 2342
2438 2347
2438 2355
2438 2356
2438 2367
2438 2369
2438 2371
2438 2392
2438 2393
2438 2398
2438 2411
2438 2412
2438 2421
2438 2422
2438 2424
2438 2439
2438 2440
2438 2450
2438 2453
2438 2813
2438 2818
2438 2999
2438 3787
2438 4146
2438 4533
2438 4966
4685 2221
4685 4231
4685 4470
4685 4476
4685 4659
4685 4689
4685 4757
4685 4790
4685 4960
1982 2221
1982 2227
1982 2344
1982 2370
1982 2435
2959 1513
2959 1892
2959 1991
2959 2477
2959 2496
2959 2517
2959 2538
2959 2593
2959 2610
2959 2688
2959 2749
2959 2792
2959 2823
2959 2841
2959 2856
2959 2873
2959 2880
2959 2882
2959 2908
2959 2925
2959 2927
2959 2930
2959 2942
2959 2948
2959 2950
2959 2967
2959 2968
2959 2970
2959 2974
2959 2986
2959 2995
2959 2997
2959 3008
2959 3432
2959 3720
2959 4543
2959 4891
1881 1598
1881 1711
1881 1733
1881 1744
1881 1753
1881 1775
1881 1787
1881 1837
1881 1846
1881 1852
1881 1858
1881 1863
1881 1864
1881 1877
1881 1890
1881 1891
1881 1895
1881 1896
1881 1904
1881 1907
1881 1913
1881 1916
1881 1917
1881 1921
1881 1922
1881 3326
1881 4283
2129 1765
2129 2353
2129 2364
2129 2395
2129 2419
2129 2425
2129 2441
2129 2448
2872 2365
2872 2475
2872 2640
2872 2685
2872 2888
2872 2891
2872 2906
2872 2914
2872 2972
2872 2990
2872 2993
2872 3001
2872 3003
2872 3006
650 350
650 352
650 356
650 367
650 371
650 382
650 384
650 393
650 395
650 396
650 399
650 404
650 436
650 437
650 459
650 472
650 491
650 498
650 500
650 501
650 511
650 520
650 524
650 529
650 551
650 562
650 563
650 568
650 571
650 579
650 604
650 606
650 609
650 611
650 612
650 620
650 626
650 627
650 632
650 647
650 652
650 653
650 657
650 659
650 1082
650 1360
650 1938
650 2658
650 3294
650 3739
650 3824
650 4790
650 4908
2293 2034
2293 2082
2293 2128
2293 2148
2293 2285
2293 2310
2293 2366
2293 2388
2293 2397
2293 2406
2293 2429
2293 2446
2293 2447
2293 3434
2293 4379
186 534
186 2029
186 4135
534 427
534 515
534 520
534 569
534 596
534 628
534 638
534 652
534 653
534 2353
2029 1933
2029 2087
2029 2089
2029 2417
2029 2441
4135 1252
4135 2000
4135 3189
4135 3464
4135 3958
4135 4005
4135 4052
4135 4087
4135 4092
4135 4107
4135 4120
4135 4146
4135 4171
4135 4173
4135 4179
4135 4182
4135 4184
4135 4198
4135 4199
4135 4215
4135 4220
539 348
539 368
539 373
539 417
539 486
539 525
539 549
539 575
539 576
539 625
539 645
539 3366
1450 689
1450 713
1450 870
1450 917
1450 964
1450 1026
1450 1049
1450 1085
1450 1086
1450 1208
1450 1231
1450 1245
1450 1250
1450 1257
1450 1262
1450 1279
1450 1284
1450 1299
1450 1309
1450 1373
1450 1499
1450 1519
1450 1537
1450 1540
1450 1565
1450 2451
1450 2770
1450 3665
1450 4604
4540 3254
4540 4311
4540 4459
4540 4789
4540 4859
4540 4902
4540 4962
4540 4971
1526 454
1526 583
1526 684
1526 714
1526 747
1526 754
1526 755
1526 764
1526 830
1526 923
1526 925
1526 999
1526 1052
1526 1065
1526 1077
1526 1089
1526 1115
1526 1130
1526 1149
1526 1193
1526 1201
1526 1203
1526 1230
1526 1253
1526 1289
1526 1295
1526 1314
1526 1323
1526 1330
1526 1337
1526 1339
1526 1344
1526 1374
1526 1404
1526 1419
1526 1423
1526 1437
1526 1466
1526 1470
1526 1498
1526 1507
1526 1508
1526 1513
1526 1779
1526 1784
1526 2818
1526 2850
1526 3575
1526 3789
1526 4064
1526 4504
1526 4936
3822 852
3822 1005
3822 1895
3822 1923
3822 2441
3822 2548
3822 3015
3822 3023
3822 3040
3822 3058
3822 3080
3822 3094
3822 3135
3822 3170
3822 3176
3822 3185
3822 3227
3822 3243
3822 3244
3822 3249
3822 3271
3822 3296
3822 3313
3822 3329
3822 3331
3822 3338
3822 3340
3822 3348
3822 3392
3822 3401
3822 3415
3822 3416
3822 3422
3822 3425
3822 3431
3822 3436
3822 3455
3822 3482
3822 3510
3822 3511
3822 3518
3822 3533
3822 3550
3822 3574
3822 3595
3822 3596
3822 3598
3822 3621
3822 3639
3822 3648
3822 3651
3822 3661
3822 3666
3822 3674
3822 3705
3822 3710
3822 3724
3822 3750
3822 3753
3822 3768
3822 3788
3822 3791
3822 3805
3822 3810
3822 3814
3822 3820
3822 3827
3822 4060
3822 4221
3822 4712
3822 4731
3822 4910
3822 4940
3822 4968
3822 4984
1438 758
1438 810
1438 865
1438 875
1438 876
1438 879
1438 913
1438 1246
1438 1274
1438 1342
1438 1343
1438 1363
1438 1415
1438 1425
1438 1446
1438 1455
1438 1519
1438 1525
1438 1537
1438 1539
1438 1555
1438 2891
1438 3637
1438 3683
1438 3911
1438 4096
3424 533
3424 965
3424 3409
3424 3453
3424 3499
3424 3524
3424 3541
3424 3579
3424 3586
3424 3633
3424 3805
3831 1324
3831 1517
3831 1518
3831 1821
3831 1862
3831 2234
3831 2370
3831 2450
3831 2717
3831 2864
3831 2946
3831 2950
3831 3015
3831 3019
3831 3059
3831 3069
3831 3100
3831 3115
3831 3146
3831 3147
3831 3164
3831 3258
3831 3259
3831 3281
3831 3285
3831 3286
3831 3288
3831 3291
3831 3300
3831 3320
3831 3342
3831 3351
3831 3354
3831 3381
3831 3398
3831 3421
3831 3430
3831 3446
3831 3456
3831 3484
3831 3495
3831 3496
3831 3498
3831 3517
3831 3519
3831 3523
3831 3531
3831 3535
3831 3547
3831 3573
3831 3575
3831 3588
3831 3591
3831 3597
3831 3614
3831 3627
3831 3647
3831 3680
3831 3689
3831 3690
3831 3691
3831 3699
3831 3701
3831 3708
3831 3711
3831 3713
3831 3718
3831 3720
3831 3722
3831 3723
3831 3726
3831 3733
3831 3734
3831 3738
3831 3764
3831 3792
3831 3799
3831 3800
3831 3802
3831 3825
3831 3827
3831 3828
3831 3830
3831 3877
3831 3986
3831 4056
3831 4566
2315 808
2315 1911
2315 2044
2315 2139
2315 2174
2315 2311
2315 2343
2315 2373
2315 2379
2315 2390
2315 2425
2315 2433
2315 2441
2315 2448
2315 2450
2315 4620
3742 655
3742 1869
3742 2449
3742 2690
3742 2965
3742 3028
3742 3076
3742 3097
3742 3135
3742 3171
3742 3198
3742 3293
3742 3365
3742 3401
3742 3476
3742 3532
3742 3554
3742 3564
3742 3625
3742 3658
3742 3675
3742 3697
3742 3713
3742 3719
3742 3737
3742 3743
3742 3775
3742 3783
3742 3788
3742 3789
3742 3796
3742 3808
3742 4048
3742 4859
985 1378
985 1400
985 1439
985 1451
985 1467
985 1558
985 1800
1446 794
1446 808
1446 824
1446 833
1446 858
1446 951
1446 1213
1446 1236
1446 1274
1446 1323
1446 1327
1446 1342
1446 1343
1446 1363
1446 1415
1446 1447
1446 1455
1446 1475
1446 1519
1446 1525
1446 1537
1446 1539
1446 2406
1446 2920
1446 4950
3973 3987
3973 4013
3973 4059
3973 4067
3973 4091
3973 4132
3973 4205
3973 4910
2262 1328
2262 2139
2262 2281
2262 2292
2262 2364
2262 2386
2262 2425
2262 2433
2262 2441
2262 2443
2262 2447
2262 2448
2448 606
2448 662
2448 1634
2448 1929
2448 1965
2448 1997
2448 2031
2448 2050
2448 2057
2448 2071
2448 2086
2448 2087
2448 2096
2448 2107
2448 2108
2448 2123
2448 2125
2448 2134
2448 2139
2448 2143
2448 2155
2448 2160
2448 2171
2448 2172
2448 2175
2448 2193
2448 2194
2448 2195
2448 2209
2448 2232
2448 2243
2448 2245
2448 2260
2448 2271
2448 2284
2448 2308
2448 2321
2448 2338
2448 2341
2448 2342
2448 2358
2448 2363
2448 2364
2448 2370
2448 2373
2448 2379
2448 2392
2448 2395
2448 2404
2448 2414
2448 2425
2448 2441
2448 2442
2448 2443
2448 2446
2448 2961
2448 3001
2448 3732
2448 4455
2448 4528
2448 4988
1913 1566
1913 1577
1913 1599
1913 1618
1913 1650
1913 1670
1913 1697
1913 1707
1913 1711
1913 1722
1913 1742
1913 1750
1913 1751
1913 1753
1913 1754
1913 1771
1913 1775
1913 1777
1913 1778
1913 1779
1913 1786
1913 1792
1913 1798
1913 1801
1913 1802
1913 1837
1913 1857
1913 1862
1913 1863
1913 1873
1913 1883
1913 1886
1913 1890
1913 1891
1913 1894
1913 1896
1913 1901
1913 1903
1913 1904
1913 1907
1913 1915
1913 1916
1913 1917
1913 1921
1913 1922
1913 1923
1913 2076
1913 2338
1913 2657
1913 2809
1913 2926
1913 3010
1913 3732
1913 4141
1913 4220
1913 4982
4678 2133
4678 2197
4678 4321
4678 4629
4678 4738
4678 4947
4678 4949
4678 4962
4678 4974
4678 4979
4678 4999
203 2661
203 4937
857 861
857 938
857 1050
857 1088
857 1263
857 1399
857 1457
3131 2970
3131 3253
3131 3450
3131 3588
3131 3808
4658 3607
4658 4512
4658 4698
4658 4715
4658 4935
4658 4937
4658 4968
4658 4971
4658 4992
4658 4995
1716 1766
1716 1812
1716 1832
1716 1854
1716 1873
1716 1900
1716 1903
1716 1915
1716 1920
1716 4851
2441 430
2441 806
2441 1377
2441 1378
2441 1555
2441 1877
2441 1929
2441 1931
2441 2023
2441 2048
2441 2064
2441 2071
2441 2087
2441 2095
2441 2125
2441 2130
2441 2131
2441 2143
2441 2155
2441 2158
2441 2171
2441 2172
2441 2189
2441 2195
2441 2255
2441 2260
2441 2276
2441 2294
2441 2338
2441 2341
2441 2362
2441 2364
2441 2373
2441 2379
2441 2395
2441 2410
2441 2414
2441 2417
2441 2422
2441 2425
2441 2429
2441 2433
2441 2442
2441 2443
2441 2451
2441 2453
2441 4405
2441 4936
3256 1528
3256 3329
3256 3501
3256 3660
3256 3719
3256 3748
3256 3823
2181 1398
2181 2025
2181 2046
2181 2205
2181 2214
2181 2219
2181 2368
2181 2376
2181 2378
2181 2449
4689 2650
4689 4367
4689 4476
4689 4477
4689 4659
4689 4757
4689 4768
4689 4823
198 3564
3564 809
3564 2886
3564 3142
3564 3210
3564 3562
3564 3682
3564 3737
3564 3739
3564 3796
3564 3808
3564 3814
3564 4239
1550 673
1550 685
1550 704
1550 711
1550 766
1550 770
1550 773
1550 781
1550 800
1550 818
1550 850
1550 990
1550 995
1550 1007
1550 1009
1550 1018
1550 1021
1550 1044
1550 1088
1550 1094
1550 1102
1550 1122
1550 1127
1550 1152
1550 1183
1550 1193
1550 1229
1550 1230
1550 1234
1550 1243
1550 1261
1550 1291
1550 1293
1550 1316
1550 1327
1550 1336
1550 1346
1550 1348
1550 1354
1550 1370
1550 1376
1550 1391
1550 1417
1550 1427
1550 1431
1550 1432
1550 1436
1550 1443
1550 1456
1550 1468
1550 1477
1550 1482
1550 1506
1550 1517
1550 1521
1550 1528
1550 1529
1550 1533
1550 1536
1550 1558
1550 1779
1550 2425
1550 2462
1550 2753
1550 2805
1550 2960
1550 3062
1550 3246
1550 3483
1550 3601
1550 3642
1550 3663
1550 3732
1550 4472
1550 4738
4718 4257
4718 4926
4718 4946
4718 4964
4718 4966
4718 4972
4718 4981
4718 4984
4718 4993
4718 4994
4795 1443
4795 4255
4795 4297
4795 4321
4795 4335
4795 4374
4795 4447
4795 4454
4795 4516
4795 4554
4795 4669
4795 4733
4795 4847
4795 4866
4795 4972
4795 4989
771 680
771 1166
771 1189
771 1221
771 1482
771 1527
2394 553
2394 1349
2394 1521
2394 1928
2394 2017
2394 2055
2394 2081
2394 2131
2394 2147
2394 2182
2394 2231
2394 2234
2394 2250
2394 2269
2394 2301
2394 2319
2394 2334
2394 2343
2394 2345
2394 2375
2394 2388
2394 2392
2394 2397
2394 2426
2394 2428
2394 2429
2394 2446
2394 2447
2394 3794
3803 1468
3803 2307
3803 2422
3803 2425
3803 3057
3803 3070
3803 3125
3803 3245
3803 3258
3803 3276
3803 3290
3803 3324
3803 3352
3803 3383
3803 3407
3803 3430
3803 3448
3803 3468
3803 3471
3803 3487
3803 3488
3803 3503
3803 3505
3803 3528
3803 3565
3803 3567
3803 3576
3803 3583
3803 3644
3803 3652
3803 3658
3803 3663
3803 3673
3803 3689
3803 3699
3803 3712
3803 3716
3803 3754
3803 3760
3803 3767
3803 3771
3803 3787
3803 3789
3803 3800
3803 3805
3803 3808
3803 3811
3803 3832
3803 4212
3803 4217
3803 4434
3803 4464
3803 4748
956 1463
956 1497
956 1503
956 1509
956 1520
956 1524
956 1542
956 2425
2347 1509
2347 1957
2347 1998
2347 2119
2347 2184
2347 2252
2347 2310
2347 2344
2347 2349
2347 2356
2347 2411
2347 2422
2347 2424
2347 2434
2347 2439
2347 2450
2347 2453
2347 3484
2347 4052
2347 4826
4580 4440
4580 4575
4580 4839
4580 4924
4580 4953
4580 4988
4580 4996
4676 918
4676 4381
4676 4721
4676 4740
4676 4767
4676 4842
4676 4864
4676 4929
4676 4932
4676 4954
2661 2463
2661 2726
2661 2814
2661 2944
2661 2972
2661 2975
2661 2999
2661 3118
4937 888
4937 1499
4937 1540
4937 1949
4937 2435
4937 2942
4937 3173
4937 3409
4937 4191
4937 4230
4937 4240
4937 4263
4937 4436
4937 4450
4937 4491
4937 4501
4937 4534
4937 4555
4937 4593
4937 4603
4937 4631
4937 4646
4937 4663
4937 4671
4937 4675
4937 4749
4937 4750
4937 4755
4937 4779
4937 4792
4937 4865
4937 4884
4937 4886
4937 4898
4937 4899
4937 4909
4937 4910
4937 4917
4937 4936
4937 4966
4937 4968
4937 4971
4937 4992
1779 1598
1779 1869
1779 1880
1779 1886
1779 1891
1779 1904
1779 1907
1779 1921
1779 1922
1779 4990
2450 936
2450 1034
2450 1172
2450 1935
2450 1953
2450 1975
2450 1981
2450 2023
2450 2052
2450 2055
2450 2077
2450 2102
2450 2117
2450 2124
2450 2141
2450 2150
2450 2152
2450 2183
2450 2189
2450 2192
2450 2201
2450 2217
2450 2220
2450 2228
2450 2237
2450 2239
2450 2245
2450 2247
2450 2252
2450 2256
2450 2272
2450 2277
2450 2281
2450 2287
2450 2290
2450 2327
2450 2337
2450 2338
2450 2339
2450 2342
2450 2356
2450 2367
2450 2382
2450 2384
2450 2392
2450 2393
2450 2411
2450 2412
2450 2422
2450 2424
2450 2439
2450 2440
2450 2447
2450 2453
2450 2941
2450 3716
2450 3783
2450 4820
2450 4824
2450 4925
2450 4983
2350 1559
2350 1916
2350 1938
2350 2191
2350 2208
2350 2318
2350 2348
2350 2378
2350 2381
2350 2386
2350 2396
2350 2402
2350 2407
2350 2417
2350 2420
2350 2449
2350 4193
2350 4990
3761 1125
3761 1396
3761 1495
3761 2683
3761 2820
3761 3052
3761 3132
3761 3135
3761 3188
3761 3261
3761 3355
3761 3362
3761 3382
3761 3390
3761 3449
3761 3450
3761 3532
3761 3544
3761 3595
3761 3625
3761 3658
3761 3675
3761 3687
3761 3697
3761 3737
3761 3767
3761 3768
3761 3771
3761 3775
3761 3783
3761 3796
3761 3808
3761 3814
3761 3928
3761 4159
1808 1355
1808 1820
1808 1831
1808 1844
1808 1864
1808 1869
1808 1872
1808 1882
1808 1890
1808 1901
1808 1903
1808 1908
1808 1909
1808 1923
1808 4172
3306 1376
3306 3119
3306 3396
3306 3694
3306 3704
3306 3706
3306 3744
3306 3779
3574 2429
3574 3155
3574 3311
3574 3705
3574 3780
3574 3788
3574 3791
3574 3814
3574 3820
3574 3827
3574 3994
3574 4996
4007 4063
4007 4179
4007 4182
4007 4199
4007 4204
4007 4611
735 1022
735 1428
735 1556
735 1559
735 3509
1497 655
1497 753
1497 804
1497 836
1497 848
1497 918
1497 941
1497 998
1497 1051
1497 1069
1497 1072
1497 1144
1497 1190
1497 1277
1497 1295
1497 1297
1497 1352
1497 1354
1497 1362
1497 1410
1497 1435
1497 1472
1497 1478
1497 1495
1497 1503
1497 1509
1497 1517
1497 1520
1497 1524
1497 1556
1497 1694
1497 2114
1497 2322
1497 2511
1497 2859
1497 3004
1497 4048
1497 4990
1962 2070
1962 2167
1962 2269
1962 2319
1962 2446
1962 2447
395 626
395 638
395 647
395 1824
2565 1171
2565 2494
2565 2557
2565 2678
2565 2745
2565 2748
2896 1501
2896 2461
2896 2464
2896 2528
2896 2538
2896 2687
2896 2716
2896 2820
2896 2843
2896 2850
2896 2892
2896 2911
2896 2943
2896 2952
2896 2965
2896 3000
2896 3002
2896 3780
1390 598
1390 745
1390 765
1390 906
1390 915
1390 922
1390 1043
1390 1136
1390 1218
1390 1311
1390 1347
1390 1353
1390 1367
1390 1368
1390 1405
1390 1428
1390 1436
1390 1453
1390 1472
1390 3796
1390 4835
1390 4999
2900 1254
2900 2124
2900 2520
2900 2556
2900 2626
2900 2646
2900 2647
2900 2669
2900 2779
2900 2781
2900 2802
2900 2835
2900 2857
2900 2899
2900 2941
2900 2947
2900 2951
2900 2999
2900 3007
2900 3008
2900 3403
4990 1061
4990 1559
4990 2383
4990 2981
4990 3006
4990 3641
4990 3658
4990 3811
4990 3900
4990 4225
4990 4226
4990 4238
4990 4261
4990 4280
4990 4314
4990 4339
4990 4362
4990 4369
4990 4415
4990 4416
4990 4422
4990 4458
4990 4461
4990 4467
4990 4489
4990 4543
4990 4563
4990 4567
4990 4584
4990 4599
4990 4611
4990 4623
4990 4626
4990 4638
4990 4655
4990 4665
4990 4668
4990 4712
4990 4720
4990 4725
4990 4728
4990 4752
4990 4765
4990 4775
4990 4777
4990 4781
4990 4782
4990 4784
4990 4790
4990 4806
4990 4811
4990 4827
4990 4855
4990 4860
4990 4868
4990 4874
4990 4875
4990 4882
4990 4887
4990 4888
4990 4895
4990 4907
4990 4911
4990 4922
4990 4930
4990 4934
4990 4940
4990 4942
4990 4956
4990 4959
4990 4963
4990 4967
4990 4972
4990 4994
4990 4996
4990 4998
1540 683
1540 701
1540 736
1540 780
1540 781
1540 802
1540 822
1540 862
1540 868
1540 887
1540 962
1540 966
1540 994
1540 1007
1540 1098
1540 1126
1540 1132
1540 1154
1540 1198
1540 1205
1540 1218
1540 1245
1540 1294
1540 1306
1540 1324
1540 1328
1540 1333
1540 1338
1540 1345
1540 1354
1540 1359
1540 1387
1540 1404
1540 1406
1540 1420
1540 1473
1540 1475
1540 1487
1540 1488
1540 1492
1540 1496
1540 1501
1540 1508
1540 1518
1540 1533
1540 1541
1540 1542
1540 1543
1540 1551
1540 1558
1540 1740
1540 1846
1540 2045
1540 2402
1540 2516
1540 3000
1540 3111
1540 3717
1540 4644
1540 4687
1540 4861
1540 4947
2983 1530
2983 2161
2983 2284
2983 2475
2983 2510
2983 2534
2983 2570
2983 2626
2983 2642
2983 2643
2983 2658
2983 2677
2983 2682
2983 2693
2983 2701
2983 2713
2983 2716
2983 2744
2983 2760
2983 2790
2983 2794
2983 2798
2983 2815
2983 2823
2983 2826
2983 2832
2983 2833
2983 2890
2983 2899
2983 2907
2983 2920
2983 2924
2983 2941
2983 2944
2983 2946
2983 2947
2983 2956
2983 2961
2983 2972
2983 2975
2983 2986
2983 2989
2983 2992
2983 3003
2983 3007
2983 3162
2983 3307
2983 3548
2983 4134
2983 4159
2983 4588
436 359
436 379
436 483
436 588
436 606
436 622
1477 614
1477 973
1477 1083
1477 1094
1477 1193
1477 1221
1477 1223
1477 1241
1477 1265
1477 1268
1477 1276
1477 1303
1477 1316
1477 1327
1477 1349
1477 1370
1477 1391
1477 1398
1477 1431
1477 1432
1477 1468
1477 1482
1477 1516
1477 1521
1477 1529
1477 1530
1477 1536
1477 1542
1477 2944
1477 3422
1477 3503
1477 3633
1477 4177
1477 4271
2603 2651
2603 2698
2603 2902
2603 2911
2603 2985
2603 3000
2603 3002
2603 4956
2957 1110
2957 1518
2957 1770
2957 2463
2957 2468
2957 2528
2957 2589
2957 2608
2957 2640
2957 2647
2957 2686
2957 2740
2957 2808
2957 2835
2957 2836
2957 2839
2957 2847
2957 2867
2957 2871
2957 2906
2957 2908
2957 2911
2957 2913
2957 2914
2957 2939
2957 2943
2957 2963
2957 2966
2957 2969
2957 2984
2957 2992
2957 3000
2957 3001
2957 3003
2957 3006
2957 3357
2957 3367
2957 4242
3123 3509
3123 3608
3123 3628
3123 3645
3123 4205
4084 1743
4084 2240
4084 3921
4084 4043
4084 4109
4084 4134
4084 4151
4084 4152
4084 4165
4084 4182
4084 4188
4084 4220
1410 828
1410 1002
1410 1119
1410 1227
1410 1277
1410 1307
1410 1313
1410 1352
1410 1420
1410 1423
1410 1435
1410 1472
1410 1495
1410 1503
1410 1509
1410 1520
1410 1524
1410 2862
1410 4336
1410 4769
1410 4916
1884 1290
1884 1577
1884 1578
1884 1615
1884 1690
1884 1715
1884 1723
1884 1725
1884 1726
1884 1745
1884 1752
1884 1793
1884 1796
1884 1814
1884 1816
1884 1817
1884 1821
1884 1833
1884 1836
1884 1892
1884 1907
1884 1910
1884 1911
1884 1912
1884 3498
1884 3771
4873 2493
4873 2794
4873 3453
4873 3579
4873 4207
4873 4266
4873 4304
4873 4318
4873 4460
4873 4469
4873 4536
4873 4541
4873 4579
4873 4677
4873 4708
4873 4735
4873 4770
4873 4811
4873 4854
4873 4872
4873 4885
4873 4890
4873 4906
4873 4915
4873 4923
4873 4969
4873 4973
2421 620
2421 1932
2421 1939
2421 1946
2421 1948
2421 2005
2421 2037
2421 2074
2421 2076
2421 2092
2421 2163
2421 2176
2421 2187
2421 2203
2421 2230
2421 2235
2421 2251
2421 2264
2421 2268
2421 2271
2421 2288
2421 2297
2421 2336
2421 2352
2421 2353
2421 2360
2421 2376
2421 2380
2421 2406
2421 2416
2421 2423
2421 2424
2421 2430
2421 2444
2421 2449
2421 2985
2421 3454
2421 3802
2421 4162
2421 4598
2421 4979
4264 4608
4264 4613
4264 4909
4264 4966
4264 4968
4684 2698
4684 3114
4684 4507
4684 4755
4684 4892
4684 4919
4684 4925
4684 4936
4684 4966
4684 4967
4684 4971
1187 871
1187 1202
1187 1249
1187 1433
1187 1443
1187 1542
1187 1551
1187 1555
3487 2395
3487 3475
3487 3641
3487 3642
3487 3686
3487 3714
3487 3789
3487 3809
3487 3832
4986 981
4986 999
4986 1121
4986 1551
4986 1756
4986 2143
4986 2303
4986 2384
4986 2711
4986 3113
4986 3781
4986 3981
4986 4202
4986 4216
4986 4256
4986 4277
4986 4304
4986 4306
4986 4329
4986 4331
4986 4368
4986 4393
4986 4404
4986 4408
4986 4412
4986 4436
4986 4474
4986 4524
4986 4528
4986 4561
4986 4594
4986 4614
4986 4623
4986 4632
4986 4660
4986 4692
4986 4693
4986 4704
4986 4738
4986 4746
4986 4747
4986 4748
4986 4768
4986 4775
4986 4811
4986 4813
4986 4822
4986 4834
4986 4843
4986 4851
4986 4865
4986 4870
4986 4871
4986 4878
4986 4883
4986 4893
4986 4903
4986 4908
4986 4920
4986 4928
4986 4931
4986 4933
4986 4935
4986 4944
4986 4948
4986 4952
4986 4960
4986 4963
4986 4969
4986 4974
4986 4978
4986 4982
4986 4994
4986 4995
4986 4997
4986 4998
2139 2364
2139 2380
2139 2395
2139 2443
2139 2449
2846 2651
2846 2696
2846 2721
2846 2752
2846 2776
2846 2806
2846 2808
2846 2917
2846 2945
2846 2985
2846 2996
2846 2997
2846 3325
2846 4753
3586 532
3586 2965
3586 3098
3586 3239
3586 3367
3586 3429
3586 3452
3586 3453
3586 3524
3586 3540
3586 3541
3586 3579
3586 3604
3586 3671
3586 3691
3586 3753
4983 615
4983 1204
4983 1217
4983 1513
4983 1916
4983 2412
4983 2551
4983 3500
4983 3503
4983 3716
4983 4098
4983 4219
4983 4229
4983 4236
4983 4260
4983 4265
4983 4274
4983 4277
4983 4295
4983 4300
4983 4312
4983 4316
4983 4349
4983 4351
4983 4405
4983 4435
4983 4448
4983 4455
4983 4462
4983 4497
4983 4520
4983 4588
4983 4606
4983 4616
4983 4618
4983 4634
4983 4679
4983 4688
4983 4691
4983 4694
4983 4705
4983 4706
4983 4707
4983 4716
4983 4749
4983 4754
4983 4758
4983 4760
4983 4764
4983 4785
4983 4793
4983 4805
4983 4808
4983 4823
4983 4828
4983 4841
4983 4846
4983 4867
4983 4887
4983 4894
4983 4897
4983 4918
4983 4921
4983 4934
4983 4935
4983 4943
4983 4947
4983 4948
4983 4950
4983 4952
4983 4967
4983 4977
4983 4978
4983 4989
4983 4998
218 3587
218 4359
218 4384
3587 610
3587 699
3587 3140
3587 3374
3587 3413
3587 3463
3587 3469
3587 3480
3587 3592
3587 3664
3587 3683
3587 3787
3587 3805
4359 4164
4359 4556
4359 4619
4359 4849
4359 4913
4359 4943
4384 4281
4384 4610
4384 4742
4384 4917
4384 4925
4384 4968
2446 629
2446 653
2446 1137
2446 1838
2446 1922
2446 1946
2446 1957
2446 1984
2446 1993
2446 2004
2446 2017
2446 2034
2446 2043
2446 2049
2446 2075
2446 2114
2446 2127
2446 2131
2446 2133
2446 2145
2446 2161
2446 2202
2446 2224
2446 2231
2446 2234
2446 2235
2446 2250
2446 2269
2446 2285
2446 2291
2446 2316
2446 2317
2446 2319
2446 2327
2446 2351
2446 2359
2446 2360
2446 2366
2446 2373
2446 2375
2446 2384
2446 2387
2446 2388
2446 2393
2446 2417
2446 2428
2446 2429
2446 2442
2446 2447
2446 2449
2446 2929
2446 3993
2446 4014
2446 4659
2446 4790
3538 2984
3538 3565
3538 3607
3538 3671
3538 3724
3538 3755
3538 3776
3538 3819
3538 3824
3538 4829
3418 1472
3418 3027
3418 3442
3418 3634
3418 3774
3418 3784
3418 3800
3418 3819
3418 3824
4134 3792
4134 4036
4134 4056
4134 4112
4134 4160
4134 4162
4134 4166
4134 4183
4134 4201
4134 4202
4134 4203
4134 4204
4134 4210
4134 4216
4134 4224
4134 4225
4134 4226
4134 4281
4134 4822
607 389
607 402
607 415
607 427
607 443
607 449
607 511
607 526
607 558
607 565
607 569
607 584
607 628
607 631
607 633
607 642
607 644
607 646
607 654
607 2342
607 2530
607 3353
4815 662
4815 1933
4815 2393
4815 4285
4815 4675
4815 4885
4815 4907
4815 4919
4815 4921
4815 4931
4815 4942
4815 4944
4815 4949
4815 4959
4815 4961
4815 4962
4815 4973
4815 4974
4815 4979
4815 4999
931 978
931 1191
931 1542
931 1555
1518 353
1518 842
1518 911
1518 927
1518 1016
1518 1076
1518 1104
1518 1125
1518 1137
1518 1154
1518 1228
1518 1245
1518 1254
1518 1306
1518 1317
1518 1324
1518 1328
1518 1333
1518 1345
1518 1359
1518 1374
1518 1387
1518 1399
1518 1406
1518 1415
1518 1420
1518 1473
1518 1475
1518 1479
1518 1482
1518 1488
1518 1492
1518 1496
1518 1501
1518 1531
1518 1541
1518 1543
1518 1551
1518 1697
1518 2366
1518 2960
1518 3786
1518 4421
1518 4928
4916 432
4916 668
4916 2256
4916 3015
4916 3655
4916 3968
4916 4253
4916 4477
4916 4710
4916 4773
4916 4780
4916 4797
4916 4798
4916 4820
4916 4821
4916 4840
4916 4842
4916 4844
4916 4856
4916 4860
4916 4880
4916 4926
4916 4933
4916 4946
4916 4957
4916 4960
4916 4964
4916 4972
4916 4981
4916 4984
4916 4993
4916 4994
1486 669
1486 673
1486 709
1486 720
1486 834
1486 845
1486 860
1486 869
1486 874
1486 910
1486 913
1486 954
1486 1104
1486 1124
1486 1151
1486 1159
1486 1191
1486 1197
1486 1254
1486 1264
1486 1307
1486 1317
1486 1355
1486 1392
1486 1430
1486 1474
1486 1480
1486 1519
1486 1520
1486 1535
1486 1899
1486 2985
1486 2996
1486 3367
1486 3478
1486 4297
1486 4491
1568 1772
1568 1826
1568 1847
1568 1894
1568 1897
1568 1915
2396 717
2396 1215
2396 1942
2396 2098
2396 2151
2396 2205
2396 2208
2396 2215
2396 2240
2396 2264
2396 2267
2396 2280
2396 2305
2396 2307
2396 2321
2396 2339
2396 2340
2396 2348
2396 2368
2396 2386
2396 2407
2396 2416
2396 2449
2396 4829
4716 1456
4716 4488
4716 4576
4716 4749
4716 4841
4716 4950
4716 4971
4716 4977
4716 4989
4716 4999
829 864
829 1337
829 1401
829 1454
829 3624
992 782
992 1134
992 1142
992 1239
992 1401
992 1454
992 1464
992 3688
1917 358
1917 575
1917 1152
1917 1501
1917 1598
1917 1599
1917 1609
1917 1611
1917 1618
1917 1628
1917 1643
1917 1654
1917 1663
1917 1720
1917 1742
1917 1750
1917 1751
1917 1754
1917 1758
1917 1763
1917 1771
1917 1775
1917 1777
1917 1778
1917 1791
1917 1792
1917 1796
1917 1804
1917 1810
1917 1818
1917 1825
1917 1826
1917 1835
1917 1844
1917 1852
1917 1862
1917 1863
1917 1864
1917 1886
1917 1889
1917 1890
1917 1891
1917 1896
1917 1904
1917 1907
1917 1908
1917 1911
1917 1916
1917 1921
1917 1922
1917 1923
1917 2198
1917 2424
1917 3764
1917 4205
1917 4647
1917 4911
1917 4982
1917 4995
2189 2217
2189 2248
2189 2310
2189 2408
2189 2439
2189 2453
2189 3914
4081 1886
4081 3887
4081 3960
4081 3979
4081 3986
4081 4047
4081 4061
4081 4080
4081 4098
4081 4106
4081 4113
4081 4130
4081 4162
4081 4174
4081 4375
4081 4631
1593 1631
1593 1651
1593 1877
1593 1899
1593 2910
3802 659
3802 916
3802 1185
3802 1367
3802 1498
3802 1854
3802 2667
3802 3011
3802 3071
3802 3079
3802 3090
3802 3151
3802 3214
3802 3239
3802 3246
3802 3247
3802 3254
3802 3261
3802 3264
3802 3266
3802 3325
3802 3328
3802 3361
3802 3375
3802 3386
3802 3397
3802 3408
3802 3425
3802 3451
3802 3479
3802 3489
3802 3504
3802 3507
3802 3545
3802 3546
3802 3569
3802 3572
3802 3575
3802 3585
3802 3590
3802 3609
3802 3677
3802 3681
3802 3693
3802 3705
3802 3718
3802 3732
3802 3735
3802 3792
3802 3795
3802 3800
3802 3809
3802 3810
3802 4170
3802 4225
3802 4931
1481 675
1481 729
1481 778
1481 805
1481 821
1481 843
1481 863
1481 988
1481 1098
1481 1105
1481 1144
1481 1170
1481 1198
1481 1222
1481 1266
1481 1286
1481 1325
1481 1357
1481 1430
1481 1436
1481 1453
1481 1456
1481 1464
1481 1466
1481 1476
1481 1487
1481 1492
1481 1502
1481 1525
1481 1531
1481 1687
1481 1888
1481 2947
1481 3432
1481 3451
1481 4541
1481 4963
229 463
229 3235
229 3788
229 4664
4015 3870
4015 3915
4015 4071
4015 4209
4015 4210
4015 4219
4015 4224
4015 4225
4015 4226
4015 4952
4988 503
4988 802
4988 1541
4988 1685
4988 1704
4988 1756
4988 2202
4988 2253
4988 2379
4988 2419
4988 3671
4988 3985
4988 4093
4988 4206
4988 4235
4988 4243
4988 4283
4988 4294
4988 4302
4988 4340
4988 4345
4988 4355
4988 4386
4988 4406
4988 4408
4988 4410
4988 4421
4988 4427
4988 4444
4988 4472
4988 4513
4988 4529
4988 4560
4988 4608
4988 4620
4988 4634
4988 4652
4988 4662
4988 4664
4988 4691
4988 4702
4988 4703
4988 4719
4988 4729
4988 4741
4988 4758
4988 4759
4988 4763
4988 4776
4988 4778
4988 4784
4988 4785
4988 4802
4988 4810
4988 4824
4988 4831
4988 4836
4988 4839
4988 4853
4988 4861
4988 4862
4988 4874
4988 4892
4988 4922
4988 4924
4988 4927
4988 4929
4988 4953
4988 4954
4988 4967
4988 4981
4988 4996
463 369
463 407
463 426
463 459
463 477
463 555
463 635
463 3975
3235 2425
3235 3153
3235 3387
3235 3694
3235 3704
3235 3706
3788 629
3788 838
3788 1305
3788 1313
3788 1524
3788 1880
3788 3064
3788 3082
3788 3176
3788 3227
3788 3243
3788 3249
3788 3271
3788 3273
3788 3381
3788 3401
3788 3425
3788 3431
3788 3436
3788 3467
3788 3511
3788 3533
3788 3595
3788 3614
3788 3639
3788 3648
3788 3651
3788 3666
3788 3704
3788 3705
3788 3710
3788 3712
3788 3750
3788 3768
3788 3779
3788 3791
3788 3797
3788 3814
3788 3820
3788 3827
3788 4836
3788 4854
3788 4890
4664 2239
4664 2266
4664 4633
4664 4662
4664 4874
4664 4953
4664 4954
4664 4982
4664 4996
643 377
643 406
643 420
643 426
643 435
643 450
643 461
643 473
643 479
643 490
643 497
643 516
643 528
643 541
643 566
643 572
643 574
643 581
643 585
643 591
643 610
643 614
643 615
643 625
643 640
643 645
643 648
643 649
643 651
643 654
643 659
643 660
643 1314
643 2744
643 2830
643 3279
643 3546
643 4765
643 4822
1320 657
1320 1288
1320 1381
1320 1388
1320 1395
1320 1433
1320 1445
1320 1469
1320 1484
1320 1542
1320 1544
1320 1555
1320 2937
1320 4193
3426 723
3426 3542
3426 3675
3426 3682
3426 3780
3426 3783
3426 3796
3426 3808
3426 3819
3426 4217
4208 560
4208 873
4208 1457
4208 1772
4208 2759
4208 3247
4208 3481
4208 3760
4208 3846
4208 3901
4208 3950
4208 3958
4208 3977
4208 4000
4208 4017
4208 4018
4208 4030
4208 4034
4208 4036
4208 4055
4208 4056
4208 4065
4208 4071
4208 4079
4208 4087
4208 4097
4208 4099
4208 4101
4208 4106
4208 4112
4208 4123
4208 4139
4208 4162
4208 4172
4208 4177
4208 4180
4208 4183
4208 4186
4208 4190
4208 4201
4208 4202
4208 4203
4208 4205
4208 4206
4208 4207
4208 4209
4208 4210
4208 4212
4208 4214
4208 4216
4208 4219
4208 4221
4208 4224
4208 4225
4208 4226
4208 4761
4208 4848
1737 995
1737 1337
1737 1834
1737 1889
1737 1895
1737 1896
1737 1912
1878 438
1878 1225
1878 1575
1878 1627
1878 1629
1878 1649
1878 1717
1878 1731
1878 1734
1878 1738
1878 1746
1878 1760
1878 1765
1878 1788
1878 1792
1878 1795
1878 1802
1878 1813
1878 1818
1878 1838
1878 1888
1878 1892
1878 1903
1878 1915
1878 1920
1878 1922
1878 2226
1878 3291
1878 3747
1878 4907
3584 1367
3584 2407
3584 2564
3584 3029
3584 3056
3584 3120
3584 3127
3584 3209
3584 3218
3584 3234
3584 3312
3584 3336
3584 3407
3584 3437
3584 3454
3584 3546
1350 799
1350 832
1350 1010
1350 1171
1350 1235
1350 1325
1350 1353
1350 1357
1350 1380
1350 1417
1350 1452
1350 1456
1350 1476
1350 1502
1350 1531
1350 1932
1350 2372
1350 2855
3382 2714
3382 3042
3382 3508
3382 3529
3382 3692
3382 3706
3382 3728
3382 4031
3520 3138
3520 3380
3520 3476
3520 3478
3520 3612
3520 3699
3520 3754
3520 3767
3520 3774
3520 3781
1142 739
1142 883
1142 1183
1142 1308
1142 1360
1142 1401
1142 1454
1142 2660
2099 619
2099 2083
2099 2223
2099 2232
2099 2317
2099 2409
2099 2451
2956 457
2956 623
2956 1632
2956 1915
2956 2023
2956 2458
2956 2497
2956 2643
2956 2654
2956 2669
2956 2697
2956 2729
2956 2794
2956 2826
2956 2837
2956 2849
2956 2852
2956 2904
2956 2907
2956 2923
2956 2944
2956 2946
2956 2961
2956 2972
2956 2985
2956 2996
2956 2999
2956 3001
2956 3004
2956 3007
2956 3008
2956 3677
2956 4821
2970 1447
2970 1592
2970 1908
2970 1912
2970 2430
2970 2486
2970 2536
2970 2634
2970 2638
2970 2688
2970 2700
2970 2720
2970 2763
2970 2766
2970 2769
2970 2789
2970 2796
2970 2797
2970 2811
2970 2862
2970 2873
2970 2880
2970 2883
2970 2908
2970 2909
2970 2927
2970 2948
2970 2949
2970 2955
2970 2968
2970 2972
2970 2974
2970 2975
2970 2986
2970 2995
2970 3009
2970 3241
2970 3397
1585 1732
1585 1782
1585 1858
1826 376
1826 1340
1826 1576
1826 1580
1826 1666
1826 1669
1826 1687
1826 1693
1826 1769
1826 1776
1826 1782
1826 1813
1826 1824
1826 1847
1826 1894
1826 1897
1826 2777
2216 1536
2216 1938
2216 2002
2216 2242
2216 2340
2216 2359
2216 2381
2216 2435
2216 2449
2216 3603
2015 2026
2015 2128
2015 2238
2015 2300
2015 2986
2147 1784
2147 2055
2147 2291
2147 2361
2147 2397
2147 2428
2147 2429
2147 2449
3378 3158
3378 3232
3378 3270
3378 3395
3378 3447
3378 3467
3378 3543
3378 3830
3378 4483
3781 672
3781 704
3781 871
3781 1519
3781 1768
3781 1894
3781 3108
3781 3143
3781 3203
3781 3245
3781 3257
3781 3274
3781 3290
3781 3310
3781 3314
3781 3475
3781 3497
3781 3560
3781 3565
3781 3583
3781 3612
3781 3644
3781 3645
3781 3663
3781 3673
3781 3686
3781 3699
3781 3706
3781 3711
3781 3716
3781 3753
3781 3754
3781 3760
3781 3767
3781 3771
3781 3780
3781 3789
3781 3811
3781 3819
3781 3832
3781 4118
3781 4240
3781 4921
2794 2493
2794 2549
2794 2710
2794 2778
2794 2944
2794 2951
2794 2972
2794 2975
2794 2999
2794 3008
2794 3796
3002 693
3002 1287
3002 1470
3002 1700
3002 1895
3002 2393
3002 2457
3002 2470
3002 2484
3002 2491
3002 2493
3002 2504
3002 2530
3002 2539
3002 2548
3002 2558
3002 2559
3002 2567
3002 2585
3002 2619
3002 2638
3002 2649
3002 2667
3002 2670
3002 2687
3002 2694
3002 2702
3002 2714
3002 2721
3002 2734
3002 2771
3002 2777
3002 2782
3002 2787
3002 2792
3002 2793
3002 2796
3002 2820
3002 2825
3002 2831
3002 2842
3002 2843
3002 2848
3002 2850
3002 2851
3002 2852
3002 2858
3002 2865
3002 2868
3002 2902
3002 2903
3002 2905
3002 2911
3002 2919
3002 2925
3002 2932
3002 2937
3002 2938
3002 2943
3002 2952
3002 2958
3002 2965
3002 2981
3002 3000
3002 3004
3002 3427
3002 3618
3002 3778
3002 3811
3002 4113
3002 4722
3002 4964
4450 4650
4450 4755
4450 4817
4450 4897
4450 4909
4450 4910
1399 827
1399 861
1399 882
1399 895
1399 927
1399 977
1399 1002
1399 1015
1399 1032
1399 1050
1399 1096
1399 1103
1399 1121
1399 1225
1399 1260
1399 1263
1399 1385
1399 1443
1399 1852
1399 2273
1399 2596
1399 2996
1096 460
1096 722
1096 823
1096 1002
1096 1103
1096 1121
1096 1263
2091 612
2091 1934
2091 2274
2091 2340
2091 2346
2091 2385
2091 2449
2934 417
2934 1216
2934 1921
2934 2485
2934 2489
2934 2569
2934 2592
2934 2597
2934 2683
2934 2712
2934 2713
2934 2737
2934 2767
2934 2774
2934 2797
2934 2805
2934 2807
2934 2834
2934 2855
2934 2874
2934 2876
2934 2895
2934 2937
2934 2961
2934 2976
2934 2977
2934 2993
2934 3008
2934 3787
3733 642
3733 1026
3733 1771
3733 2979
3733 2999
3733 3034
3733 3260
3733 3286
3733 3428
3733 3456
3733 3475
3733 3517
3733 3523
3733 3535
3733 3588
3733 3662
3733 3680
3733 3690
3733 3691
3733 3701
3733 3720
3733 3738
3733 3763
3733 3764
3733 3792
3733 3799
3733 3811
3733 3825
3733 3828
3733 3830
1416 856
1416 862
1416 1252
1416 1328
1416 1365
1416 1379
1416 1394
1416 1411
1416 1424
1416 1467
1416 1493
1416 1505
1416 1507
1416 1521
1416 1534
1416 1535
1416 1544
1416 2377
1416 2924
1416 2963
1416 4161
2443 1281
2443 1484
2443 1943
2443 1965
2443 1997
2443 2033
2443 2044
2443 2050
2443 2056
2443 2071
2443 2103
2443 2108
2443 2130
2443 2134
2443 2146
2443 2154
2443 2160
2443 2171
2443 2195
2443 2202
2443 2209
2443 2243
2443 2255
2443 2260
2443 2284
2443 2289
2443 2297
2443 2311
2443 2338
2443 2341
2443 2362
2443 2370
2443 2373
2443 2379
2443 2395
2443 2397
2443 2404
2443 2414
2443 2417
2443 2422
2443 2425
2443 2433
2443 2434
2443 2442
2443 2447
2443 2451
2443 2453
2443 2894
2443 3704
2443 3785
2443 3814
2443 3823
2443 4164
2443 4996
3506 2883
3506 2968
3506 3026
3506 3155
3506 3159
3506 3273
3506 3318
3506 3353
3506 3438
3506 3465
3506 3489
3506 3620
3506 3665
3506 3820
3810 823
3810 1009
3810 1218
3810 1907
3810 1923
3810 2824
3810 2977
3810 3011
3810 3054
3810 3071
3810 3079
3810 3090
3810 3096
3810 3148
3810 3151
3810 3239
3810 3246
3810 3247
3810 3254
3810 3261
3810 3264
3810 3266
3810 3299
3810 3325
3810 3328
3810 3361
3810 3386
3810 3397
3810 3408
3810 3451
3810 3456
3810 3479
3810 3504
3810 3507
3810 3514
3810 3545
3810 3569
3810 3572
3810 3575
3810 3590
3810 3592
3810 3599
3810 3609
3810 3616
3810 3665
3810 3681
3810 3685
3810 3686
3810 3693
3810 3718
3810 3732
3810 3744
3810 3775
3810 3795
3810 3806
3810 3809
3810 3819
3810 3825
3810 3828
3810 4680
3810 4891
1476 731
1476 768
1476 810
1476 831
1476 885
1476 902
1476 1034
1476 1098
1476 1105
1476 1122
1476 1155
1476 1222
1476 1266
1476 1292
1476 1325
1476 1353
1476 1357
1476 1394
1476 1403
1476 1430
1476 1452
1476 1453
1476 1456
1476 1502
1476 1509
1476 1531
1476 1880
1476 2434
1476 2899
1476 3009
1476 4092
1476 4270
1476 4707
1493 533
1493 767
1493 903
1493 933
1493 1145
1493 1176
1493 1182
1493 1213
1493 1251
1493 1272
1493 1278
1493 1281
1493 1300
1493 1351
1493 1379
1493 1393
1493 1411
1493 1419
1493 1424
1493 1428
1493 1431
1493 1447
1493 1457
1493 1467
1493 1500
1493 1505
1493 1521
1493 1530
1493 1534
1493 1535
1493 1541
1493 3205
1493 3291
1493 3768
1493 4086
1493 4408
1493 4712
1493 4972
1541 466
1541 697
1541 708
1541 780
1541 802
1541 813
1541 859
1541 887
1541 916
1541 966
1541 1006
1541 1016
1541 1035
1541 1065
1541 1076
1541 1097
1541 1104
1541 1126
1541 1132
1541 1154
1541 1194
1541 1205
1541 1228
1541 1245
1541 1269
1541 1294
1541 1300
1541 1306
1541 1324
1541 1328
1541 1333
1541 1338
1541 1345
1541 1354
1541 1359
1541 1373
1541 1387
1541 1406
1541 1418
1541 1420
1541 1470
1541 1473
1541 1475
1541 1484
1541 1488
1541 1492
1541 1500
1541 1501
1541 1517
1541 1533
1541 1539
1541 1543
1541 1551
1541 2272
1541 2284
1541 2417
1541 2914
1541 3197
1541 3292
1541 4148
1541 4190
1541 4767
1541 4800
1937 2167
1937 2326
1937 2436
1937 2444
2018 951
2018 2342
2018 2409
2018 2424
2018 2426
2018 2453
3962 1471
3962 3883
3962 4017
3962 4139
3962 4205
3962 4214
3962 4219
1168 1192
1168 1290
1168 1393
1168 1396
1168 1403
1168 1421
1168 1483
1168 1487
1556 665
1556 676
1556 690
1556 691
1556 699
1556 713
1556 724
1556 750
1556 797
1556 819
1556 871
1556 878
1556 905
1556 934
1556 942
1556 963
1556 979
1556 1007
1556 1008
1556 1039
1556 1045
1556 1055
1556 1063
1556 1066
1556 1106
1556 1125
1556 1147
1556 1178
1556 1180
1556 1188
1556 1194
1556 1210
1556 1233
1556 1238
1556 1248
1556 1253
1556 1269
1556 1283
1556 1301
1556 1305
1556 1329
1556 1336
1556 1341
1556 1364
1556 1365
1556 1371
1556 1385
1556 1397
1556 1403
1556 1425
1556 1429
1556 1436
1556 1440
1556 1443
1556 1457
1556 1463
1556 1464
1556 1466
1556 1471
1556 1479
1556 1485
1556 1498
1556 1500
1556 1516
1556 1528
1556 1533
1556 1559
1556 1827
1556 1886
1556 2270
1556 2780
1556 3287
1556 3410
1556 3502
1556 3695
1556 4186
1556 4279
1556 4452
1556 4764
1556 4997
1805 1595
1805 1730
1805 1771
1805 1819
1805 1852
1805 1883
1805 1886
1805 1890
1805 1891
1805 1896
1805 1916
1805 1921
1805 1923
1805 4735
3827 652
3827 656
3827 710
3827 1335
3827 2051
3827 2186
3827 2294
3827 2543
3827 3008
3827 3021
3827 3023
3827 3040
3827 3045
3827 3051
3827 3058
3827 3064
3827 3094
3827 3148
3827 3170
3827 3171
3827 3176
3827 3227
3827 3241
3827 3243
3827 3244
3827 3271
3827 3280
3827 3313
3827 3331
3827 3338
3827 3340
3827 3348
3827 3392
3827 3401
3827 3415
3827 3422
3827 3425
3827 3431
3827 3436
3827 3455
3827 3459
3827 3492
3827 3497
3827 3499
3827 3511
3827 3518
3827 3533
3827 3547
3827 3595
3827 3596
3827 3599
3827 3623
3827 3639
3827 3648
3827 3651
3827 3661
3827 3666
3827 3674
3827 3705
3827 3710
3827 3748
3827 3750
3827 3768
3827 3791
3827 3805
3827 3814
3827 3820
3827 3830
3827 4002
3827 4196
3827 4221
3827 4420
3827 4567
3827 4906
4846 994
4846 2228
4846 2929
4846 3784
4846 4326
4846 4618
4846 4634
4846 4665
4846 4688
4846 4714
4846 4764
4846 4793
4846 4808
4846 4823
4846 4841
4846 4867
4846 4897
4846 4918
4846 4935
4846 4942
4846 4989
4846 4997
4973 1246
4973 1544
4973 1890
4973 2146
4973 2300
4973 3569
4973 3701
4973 3702
4973 3760
4973 3800
4973 4252
4973 4287
4973 4317
4973 4396
4973 4405
4973 4410
4973 4414
4973 4425
4973 4465
4973 4525
4973 4537
4973 4558
4973 4577
4973 4618
4973 4637
4973 4639
4973 4644
4973 4650
4973 4655
4973 4673
4973 4677
4973 4679
4973 4682
4973 4701
4973 4722
4973 4726
4973 4727
4973 4729
4973 4731
4973 4794
4973 4803
4973 4865
4973 4881
4973 4896
4973 4908
4973 4914
4973 4919
4973 4921
4973 4927
4973 4931
4973 4942
4973 4944
4973 4947
4973 4949
4973 4959
4973 4961
4973 4962
4973 4974
4973 4979
4973 4999
2022 1975
2022 1995
2022 2092
2022 2212
2022 2258
2022 2333
2022 2337
2895 2244
2895 2470
2895 2633
2895 2698
2895 2712
2895 2733
2895 2737
2895 2767
2895 2773
2895 2799
2895 2807
2895 2855
2895 2925
2895 2929
2895 2937
2895 2968
2895 2976
2895 2977
2895 3100
2895 4125
4942 797
4942 1453
4942 3491
4942 3784
4942 4090
4942 4145
4942 4190
4942 4192
4942 4202
4942 4336
4942 4364
4942 4463
4942 4465
4942 4532
4942 4542
4942 4593
4942 4633
4942 4635
4942 4647
4942 4650
4942 4682
4942 4701
4942 4729
4942 4794
4942 4825
4942 4856
4942 4881
4942 4885
4942 4896
4942 4914
4942 4919
4942 4921
4942 4927
4942 4928
4942 4931
4942 4944
4942 4947
4942 4949
4942 4959
4942 4961
4942 4962
4942 4963
4942 4974
4942 4979
4942 4999
1495 761
1495 804
1495 835
1495 855
1495 918
1495 935
1495 941
1495 998
1495 1043
1495 1050
1495 1107
1495 1163
1495 1166
1495 1190
1495 1227
1495 1247
1495 1271
1495 1277
1495 1295
1495 1297
1495 1352
1495 1362
1495 1387
1495 1435
1495 1472
1495 1503
1495 1509
1495 1520
1495 1524
1495 1551
1495 1983
1495 2423
1495 2447
1495 2930
1495 3627
1495 3772
3811 597
3811 896
3811 1283
3811 1542
3811 1829
3811 2778
3811 3050
3811 3107
3811 3138
3811 3141
3811 3178
3811 3191
3811 3203
3811 3209
3811 3251
3811 3276
3811 3280
3811 3290
3811 3324
3811 3352
3811 3383
3811 3399
3811 3440
3811 3448
3811 3471
3811 3475
3811 3476
3811 3488
3811 3497
3811 3502
3811 3503
3811 3528
3811 3563
3811 3576
3811 3581
3811 3583
3811 3602
3811 3612
3811 3641
3811 3644
3811 3663
3811 3666
3811 3673
3811 3689
3811 3699
3811 3716
3811 3754
3811 3771
3811 3778
3811 3805
3811 3820
3811 3828
3811 3832
3811 4602
3811 4816
3811 4951
4042 900
4042 4022
4042 4043
4042 4094
4042 4096
4042 4184
4042 4199
4042 4202
4042 4220
3707 1443
3707 1904
3707 3024
3707 3046
3707 3156
3707 3184
3707 3195
3707 3272
3707 3288
3707 3366
3707 3388
3707 3422
3707 3481
3707 3483
3707 3492
3707 3512
3707 3519
3707 3623
3707 3625
3707 3652
3707 3684
3707 3702
3707 3708
3707 3722
3707 3723
3707 3744
3707 3745
3707 3961
3707 4823
3707 4977
4019 2513
4019 3624
4019 3863
4019 3995
4019 4003
4019 4067
4019 4076
4019 4145
4019 4192
4019 4194
875 1255
875 1381
875 1525
875 1537
875 1539
1191 1197
1191 1355
1191 1394
1191 1474
1191 1536
1191 1762
1513 679
1513 714
1513 785
1513 807
1513 897
1513 923
1513 925
1513 945
1513 963
1513 1090
1513 1095
1513 1149
1513 1153
1513 1201
1513 1203
1513 1216
1513 1217
1513 1224
1513 1230
1513 1253
1513 1289
1513 1314
1513 1323
1513 1330
1513 1339
1513 1354
1513 1374
1513 1404
1513 1418
1513 1435
1513 1437
1513 1451
1513 1466
1513 1470
1513 1498
1513 1507
1513 1508
1513 1525
1513 1931
1513 2710
1513 2746
1513 3110
1513 3603
1513 4158
4923 1253
4923 1909
4923 2629
4923 3000
4923 3713
4923 4086
4923 4203
4923 4251
4923 4266
4923 4271
4923 4281
4923 4419
4923 4430
4923 4440
4923 4460
4923 4469
4923 4518
4923 4536
4923 4541
4923 4579
4923 4677
4923 4708
4923 4735
4923 4770
4923 4772
4923 4848
4923 4854
4923 4872
4923 4885
4923 4890
4923 4906
4923 4915
4923 4917
4923 4936
4923 4955
4923 4992
1345 637
1345 1364
1345 1369
1345 1387
1345 1400
1345 1406
1345 1475
1345 1483
1345 1488
1345 1492
1345 1501
1345 1543
1345 1551
1345 3389
1345 3772
1456 843
1456 924
1456 1034
1456 1073
1456 1105
1456 1179
1456 1199
1456 1222
1456 1266
1456 1292
1456 1325
1456 1357
1456 1430
1456 1439
1456 1452
1456 1464
1456 1502
1456 1524
1456 1531
1456 1543
1456 2060
1456 3510
1456 3711
1456 3780
1509 773
1509 804
1509 828
1509 848
1509 935
1509 941
1509 960
1509 971
1509 998
1509 1012
1509 1051
1509 1064
1509 1072
1509 1076
1509 1086
1509 1094
1509 1115
1509 1227
1509 1277
1509 1295
1509 1297
1509 1352
1509 1362
1509 1386
1509 1431
1509 1435
1509 1445
1509 1472
1509 1474
1509 1503
1509 1520
1509 1524
1509 1542
1509 1658
1509 1852
1509 2418
1509 3604
1509 3792
1509 4173
1509 4894
3591 1525
3591 1923
3591 3053
3591 3078
3591 3193
3591 3692
3591 3723
3591 3726
3591 3734
3591 3782
3591 3792
3591 3799
3591 3830
692 1101
692 1127
692 1143
692 1335
692 1422
1194 982
1194 1180
1194 1336
1194 1371
1194 1424
1194 1479
1194 1500
1194 1527
1194 1559
1194 3704
1629 1717
1629 1894
1629 1903
1629 1910
1629 1920
3674 2619
3674 3387
3674 3445
3674 3572
3674 3595
3674 3626
3674 3661
3674 3686
3674 3705
3674 3710
3674 3750
3674 3768
3674 3791
3674 3814
3674 3820
3674 4158
3674 4552
3674 4998
361 521
361 552
361 567
361 654
361 662
361 4089
1923 1102
1923 1309
1923 1525
1923 1527
1923 1567
1923 1572
1923 1579
1923 1584
1923 1594
1923 1600
1923 1609
1923 1611
1923 1623
1923 1634
1923 1637
1923 1642
1923 1644
1923 1650
1923 1652
1923 1663
1923 1676
1923 1677
1923 1681
1923 1685
1923 1692
1923 1693
1923 1699
1923 1705
1923 1707
1923 1712
1923 1730
1923 1734
1923 1742
1923 1750
1923 1751
1923 1753
1923 1754
1923 1758
1923 1763
1923 1768
1923 1771
1923 1775
1923 1784
1923 1786
1923 1791
1923 1792
1923 1798
1923 1825
1923 1832
1923 1837
1923 1847
1923 1852
1923 1862
1923 1863
1923 1864
1923 1880
1923 1883
1923 1886
1923 1888
1923 1889
1923 1890
1923 1891
1923 1892
1923 1895
1923 1896
1923 1904
1923 1907
1923 1908
1923 1911
1923 1916
1923 1921
1923 1922
1923 2308
1923 2319
1923 2368
1923 2995
1923 3786
1923 3809
1923 4146
1923 4174
1923 4507
3649 1122
3649 3003
3649 3197
3649 3312
3649 3405
3649 3557
3649 3566
3649 3659
3649 3660
3649 3668
3649 3739
3649 3758
3649 3782
3649 3787
3649 3795
3649 3823
2188 1383
2188 1938
2188 2077
2188 2094
2188 2111
2188 2192
2188 2333
2188 2408
2188 2418
2188 2435
2188 3832
2990 397
2990 1146
2990 1963
2990 2385
2990 2474
2990 2488
2990 2489
2990 2528
2990 2549
2990 2580
2990 2596
2990 2605
2990 2612
2990 2618
2990 2623
2990 2627
2990 2636
2990 2656
2990 2669
2990 2685
2990 2739
2990 2743
2990 2795
2990 2808
2990 2813
2990 2816
2990 2818
2990 2822
2990 2826
2990 2840
2990 2856
2990 2859
2990 2884
2990 2897
2990 2910
2990 2913
2990 2930
2990 2936
2990 2939
2990 2945
2990 2953
2990 2955
2990 2963
2990 2966
2990 2969
2990 2979
2990 2984
2990 2993
2990 3001
2990 3003
2990 3006
2990 3009
2990 3105
2990 3511
2990 3669
2990 4981
4194 514
4194 584
4194 2833
4194 3231
4194 3340
4194 3809
4194 3870
4194 3871
4194 3901
4194 3906
4194 3932
4194 3935
4194 3941
4194 3947
4194 3957
4194 3959
4194 3960
4194 3974
4194 3982
4194 4016
4194 4026
4194 4035
4194 4041
4194 4053
4194 4057
4194 4059
4194 4065
4194 4073
4194 4076
4194 4078
4194 4097
4194 4105
4194 4113
4194 4114
4194 4117
4194 4125
4194 4129
4194 4132
4194 4145
4194 4151
4194 4156
4194 4166
4194 4169
4194 4192
4194 4201
4194 4212
4194 4934
4194 4960
3399 3465
3399 3565
3399 3767
3399 3794
3399 3805
3399 3832
3399 3938
3399 4016
3768 688
3768 712
3768 869
3768 2191
3768 2395
3768 2449
3768 2482
3768 3045
3768 3280
3768 3338
3768 3422
3768 3455
3768 3511
3768 3518
3768 3533
3768 3567
3768 3596
3768 3639
3768 3641
3768 3651
3768 3654
3768 3661
3768 3666
3768 3701
3768 3705
3768 3750
3768 3791
3768 3807
3768 3814
3768 3820
3768 3832
4091 1559
4091 3575
4091 3882
4091 3982
4091 4059
4091 4067
4091 4113
4091 4114
4091 4132
4091 4175
4091 4192
4091 4221
4091 4917
4998 530
4998 827
4998 1388
4998 1461
4998 1471
4998 1544
4998 1915
4998 2276
4998 2348
4998 2547
4998 2936
4998 2937
4998 3398
4998 3657
4998 3762
4998 4219
4998 4291
4998 4328
4998 4352
4998 4360
4998 4368
4998 4378
4998 4393
4998 4397
4998 4404
4998 4407
4998 4412
4998 4449
4998 4457
4998 4466
4998 4481
4998 4517
4998 4534
4998 4544
4998 4547
4998 4551
4998 4553
4998 4561
4998 4572
4998 4582
4998 4601
4998 4605
4998 4614
4998 4621
4998 4632
4998 4660
4998 4667
4998 4692
4998 4693
4998 4706
4998 4709
4998 4734
4998 4736
4998 4748
4998 4779
4998 4793
4998 4798
4998 4804
4998 4813
4998 4822
4998 4834
4998 4843
4998 4851
4998 4865
4998 4870
4998 4871
4998 4883
4998 4892
4998 4893
4998 4894
4998 4903
4998 4908
4998 4914
4998 4920
4998 4928
4998 4932
4998 4948
4998 4950
4998 4952
4998 4957
4998 4960
4998 4969
4998 4978
4998 4982
4998 4992
4998 4995
4998 4997
1539 430
1539 519
1539 575
1539 674
1539 687
1539 727
1539 737
1539 758
1539 794
1539 804
1539 808
1539 820
1539 824
1539 833
1539 838
1539 839
1539 858
1539 860
1539 865
1539 866
1539 876
1539 892
1539 893
1539 920
1539 921
1539 951
1539 967
1539 974
1539 981
1539 1022
1539 1067
1539 1071
1539 1099
1539 1135
1539 1172
1539 1213
1539 1217
1539 1236
1539 1260
1539 1274
1539 1287
1539 1339
1539 1342
1539 1343
1539 1363
1539 1415
1539 1430
1539 1452
1539 1455
1539 1463
1539 1499
1539 1519
1539 1525
1539 1537
1539 2841
1539 3043
1539 3049
1539 3214
1539 3712
1539 4139
1539 4297
2815 1309
2815 1819
2815 2503
2815 2703
2815 2809
2815 2830
2815 2941
2815 2944
2815 2951
2815 2999
2815 3008
2815 3071
629 359
629 364
629 365
629 368
629 385
629 411
629 448
629 451
629 454
629 457
629 468
629 472
629 512
629 522
629 530
629 554
629 578
629 581
629 588
629 595
629 622
629 624
629 633
629 657
629 659
629 2808
629 3130
629 3732
1421 810
1421 837
1421 965
1421 975
1421 978
1421 1013
1421 1057
1421 1074
1421 1236
1421 1249
1421 1270
1421 1302
1421 1319
1421 1396
1421 1413
1421 1448
1421 1475
1421 1483
1421 1487
1421 2444
1421 3626
1421 4209
1421 4354
1659 1648
1659 1650
1659 1786
1659 1907
1659 1921
1659 2449
2640 2625
2640 2921
2640 3001
2640 3003
2640 3006
2640 3560
1811 1256
1811 1798
1811 1800
1811 1818
1811 1850
1811 1855
1811 1874
1811 1877
1811 1887
1811 1892
1811 1899
1811 1910
1811 1920
1811 4522
1811 4950
3684 2999
3684 3083
3684 3102
3684 3184
3684 3206
3684 3277
3684 3301
3684 3356
3684 3411
3684 3431
3684 3481
3684 3492
3684 3512
3684 3519
3684 3583
3684 3603
3684 3623
3684 3652
3684 3702
3684 3745
3684 3814
3684 4040
3684 4173
3684 4833
3763 783
3763 1400
3763 1507
3763 1872
3763 2368
3763 3063
3763 3183
3763 3294
3763 3350
3763 3360
3763 3385
3763 3427
3763 3428
3763 3503
3763 3507
3763 3518
3763 3528
3763 3580
3763 3593
3763 3634
3763 3659
3763 3667
3763 3689
3763 3696
3763 3698
3763 3703
3763 3713
3763 3717
3763 3724
3763 3755
3763 3774
3763 3776
3763 3787
3763 3800
3763 3819
3763 3824
3763 4117
3763 4202
4949 1299
4949 1574
4949 1812
4949 1921
4949 3489
4949 3832
4949 4047
4949 4087
4949 4237
4949 4324
4949 4398
4949 4416
4949 4418
4949 4525
4949 4532
4949 4558
4949 4637
4949 4639
4949 4645
4949 4682
4949 4727
4949 4731
4949 4769
4949 4803
4949 4825
4949 4896
4949 4898
4949 4914
4949 4919
4949 4921
4949 4927
4949 4929
4949 4931
4949 4944
4949 4947
4949 4951
4949 4959
4949 4960
4949 4961
4949 4962
4949 4974
4949 4979
4949 4989
4949 4992
4949 4997
4949 4999
1397 737
1397 886
1397 1178
1397 1248
1397 1282
1397 1283
1397 1336
1397 1371
1397 1429
1397 1431
1397 1463
1397 1479
1397 1483
1397 1500
1397 1527
1397 1528
1397 1559
1397 2408
1397 3079
1397 3443
1397 4207
1647 1644
1647 1882
1647 1901
1647 1908
1647 1909
1647 4649
4909 730
4909 1360
4909 2027
4909 2308
4909 2712
4909 4011
4909 4431
4909 4555
4909 4586
4909 4610
4909 4656
4909 4675
4909 4736
4909 4742
4909 4750
4909 4787
4909 4800
4909 4817
4909 4829
4909 4850
4909 4899
4909 4906
4909 4919
4909 4925
4909 4966
4909 4967
4909 4968
4909 4971
4909 4979
4909 4992
4909 4993
4909 4999
531 388
531 430
531 526
531 611
531 634
531 654
531 655
531 657
531 662
531 2769
531 3380
1436 732
1436 745
1436 765
1436 906
1436 915
1436 922
1436 932
1436 949
1436 1043
1436 1215
1436 1218
1436 1311
1436 1347
1436 1349
1436 1367
1436 1368
1436 1405
1436 1428
1436 1531
1436 2354
1436 2424
1436 3996
1436 4098
1436 4898
635 370
635 502
635 524
635 560
635 565
635 566
635 567
635 572
635 592
635 594
635 599
635 601
635 611
635 613
635 616
635 623
635 633
635 634
635 641
635 652
635 654
635 655
635 656
635 657
635 662
635 795
635 1430
635 1899
635 3828
635 4044
635 4385
3336 1079
3336 3029
3336 3218
3336 3328
3336 3437
3336 3546
3336 3553
3336 3767
3726 621
3726 1077
3726 2333
3726 2855
3726 2860
3726 3014
3726 3059
3726 3381
3726 3396
3726 3398
3726 3444
3726 3527
3726 3535
3726 3573
3726 3575
3726 3588
3726 3680
3726 3690
3726 3701
3726 3702
3726 3708
3726 3764
3726 3765
3726 3792
3726 3799
3726 3814
3726 3824
3726 3828
3726 3830
4646 4501
4646 4925
4646 4966
4646 4968
4646 4992
634 355
634 408
634 431
634 507
634 517
634 532
634 533
634 566
634 567
634 586
634 594
634 599
634 611
634 613
634 623
634 637
634 646
634 652
634 655
634 656
634 657
634 662
634 1298
634 1373
634 4008
634 4675
634 4746
634 4952
1373 756
1373 801
1373 1000
1373 1208
1373 1250
1373 1257
1373 1279
1373 1281
1373 1299
1373 1309
1373 1408
1373 1418
1373 1426
1373 1498
1373 1499
1373 2807
1373 3483
3296 954
3296 3321
3296 3347
3296 3820
3319 3152
3319 3192
3319 3249
3319 3279
3319 3308
3319 3445
3319 3478
3319 3517
3319 4203
4969 783
4969 854
4969 1180
4969 1464
4969 1590
4969 1785
4969 2374
4969 2378
4969 2693
4969 2844
4969 2955
4969 3198
4969 4157
4969 4256
4969 4266
4969 4278
4969 4304
4969 4306
4969 4352
4969 4404
4969 4485
4969 4517
4969 4528
4969 4536
4969 4544
4969 4547
4969 4579
4969 4609
4969 4623
4969 4693
4969 4710
4969 4747
4969 4775
4969 4798
4969 4813
4969 4822
4969 4834
4969 4841
4969 4843
4969 4851
4969 4865
4969 4870
4969 4871
4969 4874
4969 4880
4969 4883
4969 4892
4969 4893
4969 4903
4969 4908
4969 4915
4969 4917
4969 4920
4969 4924
4969 4928
4969 4952
4969 4960
4969 4978
4969 4982
4969 4995
4969 4997
883 806
883 1360
883 1401
883 1454
883 1535
3434 3273
3434 3438
3434 3471
3434 3474
3434 3491
3434 3527
3434 3552
3434 3620
3434 3665
3434 3696
3690 725
3690 2582
3690 2932
3690 3211
3690 3258
3690 3263
3690 3301
3690 3341
3690 3342
3690 3446
3690 3530
3690 3590
3690 3680
3690 3720
3690 3738
3690 3745
3690 3825
3690 3828
3690 3830
3690 4841
4158 2965
4158 3540
4158 3920
4158 3997
4158 4023
4158 4080
4158 4115
4158 4117
4158 4139
4158 4143
4158 4146
4158 4147
4158 4155
4158 4171
4158 4177
4158 4182
4158 4188
4158 4199
4158 4204
4158 4215
4158 4216
4158 4217
4158 4220
4865 546
4865 1249
4865 2124
4865 3546
4865 4014
4865 4250
4865 4614
4865 4692
4865 4693
4865 4747
4865 4893
4865 4948
4865 4952
4865 4957
4865 4960
4865 4978
4865 4982
4865 4989
4865 4997
431 648
431 649
431 651
431 659
431 660
431 4906
1970 1034
1970 2234
1970 2363
1970 2370
1970 2408
1970 2435
2996 702
2996 2195
2996 2465
2996 2506
2996 2527
2996 2532
2996 2535
2996 2537
2996 2550
2996 2553
2996 2573
2996 2575
2996 2586
2996 2594
2996 2600
2996 2611
2996 2628
2996 2650
2996 2679
2996 2687
2996 2696
2996 2700
2996 2722
2996 2740
2996 2741
2996 2754
2996 2785
2996 2796
2996 2800
2996 2801
2996 2808
2996 2821
2996 2829
2996 2838
2996 2876
2996 2877
2996 2881
2996 2889
2996 2894
2996 2898
2996 2913
2996 2919
2996 2921
2996 2924
2996 2926
2996 2935
2996 2945
2996 2958
2996 2960
2996 2963
2996 2964
2996 2985
2996 2989
2996 2997
2996 3009
2996 3493
2996 3566
2996 3643
2996 3653
2996 3717
2996 4793
2996 4925
2996 4930
2996 4951
2996 4979
4960 1363
4960 1484
4960 2905
4960 2942
4960 2989
4960 3116
4960 3528
4960 3708
4960 3744
4960 4192
4960 4241
4960 4256
4960 4278
4960 4325
4960 4352
4960 4368
4960 4378
4960 4379
4960 4457
4960 4481
4960 4534
4960 4569
4960 4692
4960 4728
4960 4733
4960 4768
4960 4798
4960 4804
4960 4813
4960 4834
4960 4851
4960 4871
4960 4872
4960 4883
4960 4886
4960 4892
4960 4893
4960 4903
4960 4920
4960 4928
4960 4933
4960 4948
4960 4950
4960 4952
4960 4978
4960 4982
4960 4984
4960 4995
4960 4997
2909 1010
2909 1148
2909 1527
2909 1890
2909 2463
2909 2473
2909 2578
2909 2748
2909 2831
2909 2857
2909 2883
2909 2886
2909 2894
2909 2908
2909 2927
2909 2949
2909 2950
2909 2967
2909 2984
2909 2995
3444 3421
3444 3548
3444 3656
3444 3778
3444 3779
3444 3785
3444 4968
3464 3208
3464 3344
3464 3458
3464 3521
3464 3662
3464 3735
3464 3823
3464 4024
2403 1311
2403 1473
2403 1723
2403 1887
2403 2039
2403 2069
2403 2074
2403 2083
2403 2162
2403 2163
2403 2164
2403 2183
2403 2185
2403 2198
2403 2204
2403 2213
2403 2263
2403 2270
2403 2282
2403 2289
2403 2317
2403 2368
2403 2374
2403 2390
2403 2404
2403 2409
2403 2413
2403 2419
2403 2451
2403 2936
2403 4216
3765 677
3765 1250
3765 2090
3765 2504
3765 2539
3765 3075
3765 3119
3765 3150
3765 3173
3765 3212
3765 3228
3765 3250
3765 3275
3765 3303
3765 3374
3765 3398
3765 3445
3765 3455
3765 3467
3765 3510
3765 3512
3765 3516
3765 3559
3765 3568
3765 3611
3765 3615
3765 3626
3765 3630
3765 3637
3765 3647
3765 3653
3765 3695
3765 3712
3765 3714
3765 3715
3765 3799
3765 4204
3765 4971
4027 2198
4027 3772
4027 3910
4027 3969
4027 4089
4027 4094
4027 4118
4027 4127
4027 4154
4027 4169
4027 4182
4027 4191
4999 793
4999 1235
4999 1507
4999 1772
4999 2267
4999 3132
4999 3570
4999 3593
4999 3830
4999 4089
4999 4192
4999 4237
4999 4290
4999 4310
4999 4317
4999 4336
4999 4345
4999 4348
4999 4351
4999 4376
4999 4382
4999 4396
4999 4398
4999 4402
4999 4405
4999 4416
4999 4425
4999 4463
4999 4465
4999 4474
4999 4487
4999 4498
4999 4525
4999 4532
4999 4537
4999 4558
4999 4577
4999 4586
4999 4635
4999 4637
4999 4639
4999 4644
4999 4645
4999 4647
4999 4650
4999 4655
4999 4673
4999 4679
4999 4682
4999 4695
4999 4701
4999 4727
4999 4729
4999 4731
4999 4780
4999 4788
4999 4794
4999 4803
4999 4818
4999 4867
4999 4879
4999 4881
4999 4882
4999 4896
4999 4913
4999 4914
4999 4919
4999 4921
4999 4925
4999 4927
4999 4931
4999 4934
4999 4944
4999 4947
4999 4951
4999 4955
4999 4959
4999 4961
4999 4962
4999 4974
4999 4979
554 364
554 368
554 451
554 452
554 454
554 488
554 530
554 578
554 622
554 624
554 627
554 1461
554 1751
2789 1496
2789 2763
2789 2950
2789 2955
2789 2986
2789 2992
2789 2995
2789 3006
2789 4146
4355 4500
4355 4789
4355 4879
4355 4951
4355 4955
4878 1473
4878 1516
4878 2272
4878 2397
4878 4250
4878 4310
4878 4341
4878 4375
4878 4514
4878 4542
4878 4564
4878 4589
4878 4611
4878 4619
4878 4630
4878 4642
4878 4719
4878 4814
4878 4838
4878 4855
4878 4894
4878 4904
4878 4905
4878 4993
3787 1084
3787 1517
3787 1734
3787 2355
3787 3032
3787 3033
3787 3091
3787 3167
3787 3202
3787 3262
3787 3268
3787 3291
3787 3305
3787 3312
3787 3327
3787 3329
3787 3388
3787 3405
3787 3421
3787 3461
3787 3482
3787 3501
3787 3515
3787 3550
3787 3561
3787 3602
3787 3659
3787 3660
3787 3691
3787 3709
3787 3735
3787 3746
3787 3748
3787 3772
3787 3778
3787 3794
3787 3819
3787 3956
3787 4892
3787 4996
4165 1845
4165 1911
4165 2228
4165 3083
4165 3870
4165 3972
4165 3977
4165 3999
4165 4001
4165 4005
4165 4011
4165 4102
4165 4104
4165 4109
4165 4133
4165 4137
4165 4143
4165 4146
4165 4147
4165 4171
4165 4179
4165 4184
4165 4190
4165 4192
4165 4198
4165 4199
4165 4204
4165 4205
4165 4206
4165 4220
4165 4231
4165 4555
4371 3578
4371 4526
4371 4648
4371 4724
4371 4737
4371 4761
4371 4956
4962 422
4962 1148
4962 1551
4962 1641
4962 1899
4962 1915
4962 2883
4962 3529
4962 3653
4962 3724
4962 4008
4962 4336
4962 4396
4962 4398
4962 4405
4962 4425
4962 4456
4962 4498
4962 4537
4962 4635
4962 4645
4962 4655
4962 4673
4962 4679
4962 4701
4962 4727
4962 4794
4962 4803
4962 4825
4962 4849
4962 4850
4962 4856
4962 4896
4962 4908
4962 4914
4962 4919
4962 4921
4962 4922
4962 4926
4962 4927
4962 4931
4962 4944
4962 4947
4962 4955
4962 4959
4962 4961
4962 4968
4962 4974
4962 4979
609 399
609 501
609 551
609 560
609 562
609 563
609 568
609 571
609 578
609 594
609 604
609 620
609 626
609 627
609 632
609 640
609 642
609 647
609 1454
609 1534
609 2487
609 4403
1221 680
1221 685
1221 706
1221 717
1221 888
1221 1166
1221 1178
1221 1189
1221 1440
1221 4907
4126 2995
4126 3000
4126 4005
4126 4064
4126 4077
4126 4149
4126 4157
4126 4176
4126 4185
4126 4190
4126 4193
4126 4195
4126 4196
4126 4199
4126 4207
4126 4221
4126 4996
4903 1210
4903 2536
4903 3170
4903 3734
4903 3735
4903 4374
4903 4397
4903 4601
4903 4615
4903 4677
4903 4704
4903 4804
4903 4813
4903 4834
4903 4851
4903 4870
4903 4892
4903 4893
4903 4904
4903 4928
4903 4936
4903 4948
4903 4966
4903 4977
4903 4978
4903 4982
4903 4995
4903 4997
2095 2096
2095 2149
2095 2343
2095 2373
2095 2414
2095 2425
2095 2442
2429 1018
2429 1502
2429 1984
2429 1993
2429 2014
2429 2049
2429 2086
2429 2127
2429 2145
2429 2161
2429 2179
2429 2195
2429 2214
2429 2224
2429 2231
2429 2235
2429 2301
2429 2312
2429 2313
2429 2317
2429 2319
2429 2338
2429 2339
2429 2345
2429 2351
2429 2361
2429 2375
2429 2380
2429 2384
2429 2397
2429 2408
2429 2411
2429 2428
2429 2447
2429 2920
2429 3774
2429 4282
2865 1534
2865 2468
2865 2503
2865 2648
2865 2748
2865 2756
2865 2768
2865 2781
2865 2887
2865 2936
2865 2942
2865 2954
2865 2989
2865 2992
2865 3004
2865 4993
3607 2317
3607 3543
3607 3622
3607 3650
3607 3717
3607 3724
3607 3755
3607 3774
3607 3776
3607 3800
3607 3819
3607 3823
3607 3824
3607 4127
455 619
455 652
455 656
455 657
455 662
455 2975
1530 579
1530 627
1530 672
1530 695
1530 708
1530 940
1530 990
1530 995
1530 1009
1530 1020
1530 1093
1530 1109
1530 1127
1530 1149
1530 1152
1530 1216
1530 1229
1530 1243
1530 1260
1530 1261
1530 1269
1530 1313
1530 1323
1530 1347
1530 1365
1530 1370
1530 1376
1530 1391
1530 1398
1530 1423
1530 1431
1530 1452
1530 1468
1530 1482
1530 1499
1530 1515
1530 1516
1530 1517
1530 1520
1530 1529
1530 1533
1530 1536
1530 1558
1530 2831
1530 2984
1530 2997
1530 3664
1530 3791
1530 4642
1530 4807
1530 4943
2309 1966
2309 2079
2309 2166
2309 2238
2309 2286
2309 2287
2309 2351
2309 2365
2309 2398
2309 2401
2309 2402
2309 2410
2309 2434
2309 3927
2309 4209
4797 2363
4797 2401
4797 4276
4797 4350
4797 4353
4797 4406
4797 4426
4797 4468
4797 4479
4797 4609
4797 4661
4797 4663
4797 4714
4797 4875
4797 4981
2344 741
2344 1460
2344 1926
2344 2000
2344 2023
2344 2084
2344 2124
2344 2137
2344 2150
2344 2159
2344 2382
2344 2411
2344 2412
2344 2422
2344 2439
2344 2440
2344 2442
2344 2453
2344 3659
2344 4205
2696 1209
2696 2406
2696 2671
2696 2764
2696 2921
2696 2954
2696 2969
4885 1401
4885 2985
4885 3508
4885 3698
4885 3824
4885 4271
4885 4281
4885 4314
4885 4430
4885 4460
4885 4518
4885 4579
4885 4677
4885 4708
4885 4735
4885 4770
4885 4783
4885 4854
4885 4872
4885 4877
4885 4890
4885 4906
4885 4915
4885 4955
4972 579
4972 660
4972 1254
4972 1355
4972 1464
4972 1989
4972 3366
4972 3606
4972 3626
4972 4169
4972 4272
4972 4275
4972 4284
4972 4315
4972 4356
4972 4398
4972 4403
4972 4414
4972 4452
4972 4493
4972 4506
4972 4519
4972 4524
4972 4555
4972 4562
4972 4570
4972 4640
4972 4653
4972 4710
4972 4723
4972 4745
4972 4766
4972 4767
4972 4773
4972 4780
4972 4786
4972 4819
4972 4820
4972 4821
4972 4823
4972 4840
4972 4842
4972 4844
4972 4856
4972 4860
4972 4880
4972 4902
4972 4926
4972 4931
4972 4933
4972 4946
4972 4957
4972 4964
4972 4967
4972 4979
4972 4981
4972 4984
4972 4992
4972 4993
4972 4996
2343 1806
2343 1968
2343 2054
2343 2072
2343 2098
2343 2274
2343 2303
2343 2320
2343 2348
2343 2349
2343 2368
2343 2386
2343 2449
2343 2920
2343 4147
3106 3078
3106 3477
3106 3629
3106 3657
4906 1544
4906 1966
4906 3695
4906 4271
4906 4281
4906 4346
4906 4419
4906 4440
4906 4460
4906 4469
4906 4476
4906 4518
4906 4536
4906 4541
4906 4579
4906 4708
4906 4735
4906 4770
4906 4791
4906 4854
4906 4872
4906 4890
4906 4892
4906 4915
4906 4989
4906 4992
537 384
537 410
537 412
537 414
537 471
537 508
537 557
537 624
537 630
537 632
537 654
537 1516
1231 1034
1231 1061
1231 1193
1231 1327
1231 1417
1231 1516
1231 1533
1231 1536
1231 1558
1231 1665
1231 3599
1418 670
1418 752
1418 760
1418 811
1418 818
1418 900
1418 1060
1418 1112
1418 1160
1418 1173
1418 1177
1418 1220
1418 1377
1418 1383
1418 1461
1418 1515
1418 1531
1418 3419
1418 3879
1418 4304
1418 4669
3819 543
3819 1366
3819 1415
3819 1437
3819 1474
3819 1825
3819 1895
3819 1922
3819 2024
3819 2426
3819 3050
3819 3051
3819 3085
3819 3128
3819 3136
3819 3149
3819 3161
3819 3167
3819 3175
3819 3183
3819 3233
3819 3237
3819 3278
3819 3292
3819 3294
3819 3350
3819 3352
3819 3353
3819 3360
3819 3367
3819 3384
3819 3385
3819 3415
3819 3423
3819 3427
3819 3428
3819 3443
3819 3526
3819 3537
3819 3542
3819 3580
3819 3582
3819 3593
3819 3621
3819 3622
3819 3634
3819 3644
3819 3667
3819 3682
3819 3696
3819 3698
3819 3703
3819 3713
3819 3717
3819 3724
3819 3755
3819 3774
3819 3776
3819 3780
3819 3783
3819 3797
3819 3800
3819 3824
3819 3895
3819 4103
3819 4182
3819 4971
3819 4974
4437 2413
4437 4389
4437 4683
4437 4877
4437 4913
4437 4943
1502 719
1502 731
1502 747
1502 786
1502 843
1502 863
1502 988
1502 1059
1502 1073
1502 1098
1502 1114
1502 1144
1502 1170
1502 1171
1502 1179
1502 1266
1502 1292
1502 1296
1502 1325
1502 1339
1502 1357
1502 1372
1502 1380
1502 1398
1502 1408
1502 1451
1502 1452
1502 1453
1502 1464
1502 1473
1502 1474
1502 1531
1502 1555
1502 1800
1502 2739
1502 3727
1502 4075
1502 4234
1502 4921
1895 1259
1895 1531
1895 1565
1895 1573
1895 1597
1895 1606
1895 1611
1895 1614
1895 1653
1895 1661
1895 1664
1895 1704
1895 1721
1895 1740
1895 1776
1895 1827
1895 1834
1895 1849
1895 1861
1895 1868
1895 1871
1895 1877
1895 1885
1895 1889
1895 1893
1895 1912
1895 1920
1895 1921
1895 4523
3764 1395
3764 2387
3764 2922
3764 2926
3764 3053
3764 3238
3764 3285
3764 3430
3764 3453
3764 3523
3764 3530
3764 3535
3764 3539
3764 3627
3764 3680
3764 3691
3764 3701
3764 3720
3764 3723
3764 3734
3764 3738
3764 3748
3764 3775
3764 3776
3764 3792
3764 3799
3764 3801
3764 3806
3764 3825
3764 3828
3764 3830
3764 4671
3764 4744
3764 4842
4198 640
4198 995
4198 1469
4198 1501
4198 1558
4198 1880
4198 2249
4198 2939
4198 3785
4198 3837
4198 3844
4198 3850
4198 3851
4198 3863
4198 3895
4198 3902
4198 3918
4198 3932
4198 3945
4198 3981
4198 3997
4198 3999
4198 4011
4198 4023
4198 4043
4198 4052
4198 4090
4198 4096
4198 4104
4198 4107
4198 4117
4198 4133
4198 4137
4198 4141
4198 4142
4198 4143
4198 4147
4198 4152
4198 4157
4198 4171
4198 4173
4198 4177
4198 4184
4198 4188
4198 4199
4198 4206
4198 4217
4198 4219
4198 4220
1896 1583
1896 1587
1896 1618
1896 1637
1896 1641
1896 1650
1896 1663
1896 1689
1896 1699
1896 1750
1896 1754
1896 1804
1896 1832
1896 1837
1896 1838
1896 1863
1896 1868
1896 1877
1896 1883
1896 1894
1896 1904
1896 1912
1896 1916
1896 1921
1896 1922
1896 2372
1896 2682
1896 2793
1896 2834
1896 3289
1896 3771
1896 3807
2926 2141
2926 2506
2926 2574
2926 2656
2926 2702
2926 2761
2926 2777
2926 2800
2926 2817
2926 2866
2926 2885
2926 2889
2926 2901
2926 2921
2926 2935
2926 2964
2926 2999
2926 3000
2926 3561
4768 1225
4768 2702
4768 4599
4768 4804
4768 4871
4768 4892
4768 4966
4768 4978
4768 4992
4768 4995
4768 4997
1454 663
1454 712
1454 739
1454 788
1454 806
1454 860
1454 912
1454 926
1454 939
1454 1065
1454 1133
1454 1134
1454 1256
1454 1271
1454 1282
1454 1308
1454 1337
1454 1401
1454 1460
1454 1501
1454 2369
1454 3734
1454 4692
1454 4967
1527 676
1527 690
1527 724
1527 871
1527 881
1527 942
1527 963
1527 1008
1527 1055
1527 1056
1527 1063
1527 1132
1527 1180
1527 1210
1527 1233
1527 1238
1527 1239
1527 1248
1527 1269
1527 1283
1527 1305
1527 1329
1527 1364
1527 1371
1527 1403
1527 1419
1527 1425
1527 1427
1527 1428
1527 1429
1527 1433
1527 1440
1527 1455
1527 1463
1527 1479
1527 1485
1527 1500
1527 1521
1527 1528
1527 1558
1527 1559
1527 1814
1527 2870
1527 3753
1527 3771
1527 3784
1527 3800
1527 3880
1527 4964
1788 774
1788 1457
1788 1710
1788 1717
1788 1738
1788 1755
1788 1825
1788 1838
1788 1888
1788 1900
1788 1903
1788 1915
1788 1920
1788 3560
4192 2358
4192 2613
4192 2664
4192 3004
4192 3469
4192 3767
4192 3837
4192 3870
4192 3871
4192 3901
4192 3902
4192 3930
4192 3935
4192 3959
4192 3975
4192 3982
4192 3995
4192 4013
4192 4016
4192 4026
4192 4031
4192 4041
4192 4053
4192 4057
4192 4059
4192 4065
4192 4066
4192 4067
4192 4076
4192 4078
4192 4102
4192 4105
4192 4114
4192 4125
4192 4132
4192 4141
4192 4145
4192 4149
4192 4151
4192 4162
4192 4183
4192 4191
4192 4205
4192 4207
4192 4217
4192 4296
4896 1033
4896 2864
4896 2932
4896 3702
4896 3736
4896 4234
4896 4396
4896 4451
4896 4604
4896 4653
4896 4818
4896 4825
4896 4881
4896 4907
4896 4914
4896 4921
4896 4927
4896 4931
4896 4940
4896 4944
4896 4947
4896 4959
4896 4961
4896 4974
4896 4979
4896 4997
1483 387
1483 668
1483 681
1483 688
1483 718
1483 748
1483 901
1483 959
1483 975
1483 978
1483 983
1483 984
1483 1013
1483 1057
1483 1074
1483 1082
1483 1125
1483 1192
1483 1270
1483 1288
1483 1302
1483 1319
1483 1396
1483 1413
1483 1448
1483 1475
1483 1487
1483 1535
1483 2528
1483 2591
1483 2803
1483 4174
1483 4763
1483 4910
1858 507
1858 662
1858 1560
1858 1604
1858 1632
1858 1643
1858 1688
1858 1695
1858 1696
1858 1736
1858 1770
1858 1780
1858 1794
1858 1840
1858 1848
1858 1857
1858 1869
1858 1885
1858 2277
1910 807
1910 1293
1910 1570
1910 1579
1910 1587
1910 1592
1910 1621
1910 1638
1910 1680
1910 1682
1910 1690
1910 1700
1910 1719
1910 1720
1910 1723
1910 1725
1910 1726
1910 1728
1910 1743
1910 1752
1910 1764
1910 1775
1910 1784
1910 1814
1910 1816
1910 1817
1910 1821
1910 1829
1910 1833
1910 1836
1910 1846
1910 1848
1910 1870
1910 1874
1910 1879
1910 1892
1910 1911
1910 3064
1910 3883
1910 4445
1910 4675
1910 4681
1910 4940
2384 655
2384 1957
2384 2035
2384 2161
2384 2226
2384 2235
2384 2250
2384 2285
2384 2313
2384 2334
2384 2345
2384 2351
2384 2361
2384 2366
2384 2390
2384 2397
2384 2423
2384 2428
2384 2447
3824 1163
3824 1236
3824 1251
3824 1295
3824 1887
3824 2160
3824 2748
3824 2986
3824 3050
3824 3051
3824 3055
3824 3085
3824 3128
3824 3136
3824 3161
3824 3167
3824 3168
3824 3175
3824 3183
3824 3232
3824 3233
3824 3234
3824 3237
3824 3249
3824 3278
3824 3292
3824 3294
3824 3350
3824 3353
3824 3360
3824 3370
3824 3384
3824 3385
3824 3389
3824 3409
3824 3423
3824 3427
3824 3428
3824 3443
3824 3458
3824 3473
3824 3486
3824 3526
3824 3580
3824 3582
3824 3593
3824 3621
3824 3622
3824 3634
3824 3642
3824 3654
3824 3667
3824 3696
3824 3698
3824 3702
3824 3703
3824 3713
3824 3717
3824 3724
3824 3732
3824 3755
3824 3774
3824 3776
3824 3779
3824 3800
3824 3832
3824 3939
3824 4169
3824 4786
3824 4914
3824 4977
957 710
957 714
957 836
957 881
957 1120
957 1200
957 1286
957 1815
1129 1202
1129 1244
1129 1255
1129 1341
1129 1363
1129 1369
1129 1402
1129 4199
1129 4974
1492 400
1492 653
1492 671
1492 791
1492 962
1492 966
1492 1154
1492 1207
1492 1257
1492 1294
1492 1328
1492 1338
1492 1347
1492 1354
1492 1392
1492 1406
1492 1420
1492 1475
1492 1488
1492 1496
1492 1501
1492 1535
1492 1542
1492 1543
1492 1551
1492 3285
1492 3832
1492 4142
1492 4948
1492 4979
4217 519
4217 781
4217 786
4217 1068
4217 1704
4217 1986
4217 2037
4217 2800
4217 3832
4217 3855
4217 3863
4217 3879
4217 3880
4217 3890
4217 3895
4217 3913
4217 3918
4217 3940
4217 3953
4217 3974
4217 3977
4217 3981
4217 3993
4217 4011
4217 4018
4217 4024
4217 4030
4217 4035
4217 4038
4217 4050
4217 4068
4217 4077
4217 4093
4217 4109
4217 4115
4217 4117
4217 4133
4217 4137
4217 4140
4217 4141
4217 4142
4217 4143
4217 4146
4217 4151
4217 4152
4217 4157
4217 4171
4217 4173
4217 4180
4217 4186
4217 4188
4217 4199
4217 4204
4217 4210
4217 4215
4217 4219
4217 4220
4913 1464
4913 1474
4913 1815
4913 2301
4913 3514
4913 3758
4913 4260
4913 4331
4913 4332
4913 4346
4913 4383
4913 4395
4913 4488
4913 4531
4913 4556
4913 4569
4913 4574
4913 4651
4913 4683
4913 4687
4913 4690
4913 4743
4913 4744
4913 4761
4913 4771
4913 4780
4913 4849
4913 4877
4913 4904
4913 4926
4913 4943
4913 4981
646 363
646 372
646 381
646 389
646 425
646 439
646 449
646 465
646 481
646 483
646 509
646 515
646 530
646 547
646 556
646 565
646 569
646 572
646 588
646 596
646 606
646 613
646 618
646 619
646 628
646 631
646 633
646 636
646 638
646 644
646 648
646 653
646 655
646 2922
646 3302
646 3396
646 3704
646 4246
646 4620
1323 953
1323 1130
1323 1201
1323 1330
1323 1344
1323 1370
1323 1404
1323 1466
1323 1470
1323 1498
1323 1508
1323 2157
1323 2862
1323 3369
3983 2365
3983 4029
3983 4149
3983 4159
3983 4182
3983 4190
3983 4221
4992 1011
4992 1019
4992 1516
4992 1529
4992 2327
4992 2386
4992 2629
4992 3316
4992 3428
4992 3638
4992 3717
4992 3784
4992 3792
4992 3820
4992 3830
4992 4242
4992 4257
4992 4296
4992 4298
4992 4303
4992 4308
4992 4324
4992 4330
4992 4343
4992 4349
4992 4358
4992 4423
4992 4431
4992 4482
4992 4486
4992 4495
4992 4501
4992 4509
4992 4511
4992 4512
4992 4555
4992 4586
4992 4593
4992 4596
4992 4601
4992 4610
4992 4615
4992 4670
4992 4671
4992 4692
4992 4697
4992 4698
4992 4715
4992 4726
4992 4730
4992 4742
4992 4750
4992 4755
4992 4756
4992 4779
4992 4800
4992 4802
4992 4817
4992 4829
4992 4850
4992 4861
4992 4884
4992 4886
4992 4891
4992 4899
4992 4910
4992 4917
4992 4925
4992 4933
4992 4936
4992 4947
4992 4948
4992 4954
4992 4966
4992 4968
4992 4971
4992 4996
2573 2561
2573 2729
2573 2848
2573 2939
2573 2960
2837 974
2837 1167
2837 2601
2837 2701
2837 2708
2837 2852
2837 2920
2837 2941
2837 2964
2837 2975
2837 3007
2837 3008
3638 1163
3638 3112
3638 3157
3638 3333
3638 3446
3638 3493
3638 3567
3638 3606
3638 3618
3638 3624
3638 3633
3638 3719
3638 3736
3638 3740
3638 3780
3638 3786
3638 3797
3638 4981
4593 3947
4593 4610
4593 4750
4593 4925
4593 4951
4593 4966
4880 2620
4880 3667
4880 4064
4880 4100
4880 4444
4880 4814
4880 4820
4880 4821
4880 4840
4880 4842
4880 4844
4880 4856
4880 4860
4880 4864
4880 4926
4880 4933
4880 4946
4880 4957
4880 4963
4880 4964
4880 4981
4880 4984
4880 4993
622 364
622 365
622 366
622 368
622 385
622 411
622 454
622 457
622 468
622 472
622 512
622 522
622 530
622 578
622 595
622 610
622 624
622 649
622 655
622 660
622 1212
622 1525
622 1738
622 2967
622 4162
1008 842
1008 1147
1008 1429
1008 1453
1008 1559
1008 3794
4769 738
4769 816
4769 4275
4769 4453
4769 4459
4769 4533
4769 4585
4769 4607
4769 4801
4769 4859
4769 4879
4769 4898
4891 1520
4891 4287
4891 4482
4891 4501
4891 4509
4891 4523
4891 4528
4891 4581
4891 4615
4891 4698
4891 4708
4891 4730
4891 4756
4891 4783
4891 4794
4891 4800
4891 4850
4891 4910
4891 4925
4891 4936
4891 4966
4891 4968
4891 4971
4997 614
4997 780
4997 1300
4997 1419
4997 1426
4997 1505
4997 1542
4997 1643
4997 1868
4997 2274
4997 2377
4997 2793
4997 2942
4997 3095
4997 3758
4997 4328
4997 4360
4997 4370
4997 4378
4997 4379
4997 4387
4997 4397
4997 4412
4997 4449
4997 4457
4997 4461
4997 4466
4997 4467
4997 4481
4997 4517
4997 4528
4997 4534
4997 4535
4997 4544
4997 4547
4997 4553
4997 4561
4997 4572
4997 4601
4997 4603
4997 4636
4997 4641
4997 4660
4997 4693
4997 4735
4997 4738
4997 4748
4997 4765
4997 4775
4997 4798
4997 4800
4997 4813
4997 4822
4997 4834
4997 4843
4997 4851
4997 4870
4997 4871
4997 4883
4997 4892
4997 4893
4997 4905
4997 4908
4997 4917
4997 4920
4997 4928
4997 4940
4997 4943
4997 4948
4997 4952
4997 4974
4997 4977
4997 4978
4997 4982
4997 4995
4997 4996
2984 1374
2984 1722
2984 2436
2984 2454
2984 2489
2984 2511
2984 2528
2984 2572
2984 2636
2984 2644
2984 2645
2984 2651
2984 2676
2984 2678
2984 2718
2984 2739
2984 2746
2984 2775
2984 2813
2984 2818
2984 2822
2984 2829
2984 2840
2984 2856
2984 2859
2984 2867
2984 2868
2984 2871
2984 2891
2984 2903
2984 2906
2984 2914
2984 2932
2984 2963
2984 2966
2984 2969
2984 2985
2984 2992
2984 2993
2984 3001
2984 3003
2984 3006
2984 3008
2984 3793
2984 4221
2984 4833
2984 4838
3088 3168
3088 3537
3088 3758
3088 3762
3088 3793
3251 3224
3251 3332
3251 3805
3251 3832
3251 4877
4687 2436
4687 4417
4687 4574
4687 4743
4687 4788
4687 4849
4687 4943
4687 4977
874 913
874 1098
874 1392
1484 486
1484 703
1484 717
1484 740
1484 1037
1484 1054
1484 1080
1484 1083
1484 1150
1484 1161
1484 1169
1484 1184
1484 1202
1484 1212
1484 1226
1484 1288
1484 1349
1484 1370
1484 1372
1484 1384
1484 1386
1484 1388
1484 1395
1484 1433
1484 1440
1484 1443
1484 1445
1484 1529
1484 1533
1484 1542
1484 1555
1484 2128
1484 2143
1484 2202
1484 3601
1484 3740
2240 2167
2240 2354
2240 2358
2240 2365
2240 2398
2240 2401
2240 2420
2240 2426
2240 4226
2986 657
2986 962
2986 1392
2986 1544
2986 2340
2986 2417
2986 2476
2986 2487
2986 2538
2986 2571
2986 2601
2986 2622
2986 2634
2986 2637
2986 2673
2986 2698
2986 2700
2986 2749
2986 2766
2986 2800
2986 2811
2986 2823
2986 2828
2986 2834
2986 2841
2986 2857
2986 2862
2986 2866
2986 2867
2986 2873
2986 2880
2986 2882
2986 2897
2986 2908
2986 2925
2986 2927
2986 2930
2986 2938
2986 2948
2986 2949
2986 2950
2986 2951
2986 2967
2986 2968
2986 2974
2986 2995
2986 3044
2986 3254
2986 4440
592 464
592 519
592 527
592 552
592 560
592 637
592 645
592 654
592 655
592 656
592 657
592 662
592 1344
592 1380
592 2338
1124 850
1124 1254
1124 1307
1124 1317
1124 1392
1124 1482
1124 1519
1124 3644
1339 1115
1339 1153
1339 1167
1339 1314
1339 1344
1339 1404
1339 1437
1339 1466
1339 1498
1339 1507
1339 1508
1339 2118
1339 3693
1339 4573
4427 3640
4427 4576
4427 4839
4427 4861
4427 4996
415 414
415 511
415 547
415 570
415 644
415 3717
584 369
584 413
584 471
584 487
584 543
584 555
584 557
584 587
584 603
584 605
584 621
584 630
584 636
584 642
584 2976
584 3783
848 1195
848 1506
848 1520
848 1524
848 2333
3017 2385
3017 3554
3017 3805
3017 3832
3999 2842
3999 3840
3999 3868
3999 3981
3999 4142
3999 4204
3999 4215
3999 4220
4984 587
4984 1173
4984 1263
4984 1343
4984 1992
4984 2280
4984 2292
4984 2306
4984 2491
4984 4182
4984 4246
4984 4272
4984 4289
4984 4301
4984 4315
4984 4322
4984 4360
4984 4393
4984 4394
4984 4411
4984 4414
4984 4433
4984 4452
4984 4471
4984 4493
4984 4499
4984 4506
4984 4511
4984 4519
4984 4521
4984 4524
4984 4570
4984 4602
4984 4640
4984 4643
4984 4653
4984 4667
4984 4695
4984 4710
4984 4723
4984 4745
4984 4766
4984 4773
4984 4776
4984 4780
4984 4786
4984 4820
4984 4821
4984 4840
4984 4842
4984 4844
4984 4856
4984 4860
4984 4862
4984 4874
4984 4884
4984 4911
4984 4926
4984 4932
4984 4933
4984 4940
4984 4946
4984 4950
4984 4957
4984 4964
4984 4981
4984 4993
1717 1780
1717 1812
1717 1873
1717 1888
1717 1920
1717 3642
2948 1110
2948 1908
2948 1916
2948 2476
2948 2479
2948 2579
2948 2659
2948 2673
2948 2688
2948 2704
2948 2813
2948 2836
2948 2857
2948 2873
2948 2878
2948 2880
2948 2886
2948 2927
2948 2928
2948 2930
2948 2936
2948 2949
2948 2953
2948 2968
2948 2974
2948 2995
2948 3957
2948 4191
3165 3294
3165 3532
3165 3578
3165 3796
3165 4214
3832 372
3832 753
3832 765
3832 846
3832 1460
3832 1508
3832 2331
3832 2881
3832 3108
3832 3113
3832 3114
3832 3125
3832 3162
3832 3169
3832 3175
3832 3178
3832 3189
3832 3191
3832 3194
3832 3216
3832 3222
3832 3245
3832 3252
3832 3257
3832 3274
3832 3289
3832 3290
3832 3352
3832 3377
3832 3383
3832 3470
3832 3475
3832 3476
3832 3488
3832 3490
3832 3497
3832 3502
3832 3503
3832 3505
3832 3528
3832 3545
3832 3560
3832 3563
3832 3565
3832 3567
3832 3576
3832 3583
3832 3590
3832 3612
3832 3617
3832 3626
3832 3634
3832 3640
3832 3644
3832 3663
3832 3673
3832 3686
3832 3689
3832 3699
3832 3711
3832 3713
3832 3716
3832 3754
3832 3760
3832 3767
3832 3771
3832 3774
3832 3779
3832 3789
3832 3796
3832 3805
3832 3884
3832 3948
3832 4001
3832 4897
3832 4968
1498 679
1498 720
1498 726
1498 807
1498 812
1498 923
1498 968
1498 983
1498 1095
1498 1115
1498 1153
1498 1201
1498 1203
1498 1224
1498 1230
1498 1289
1498 1330
1498 1344
1498 1374
1498 1404
1498 1423
1498 1437
1498 1445
1498 1466
1498 1468
1498 1470
1498 1507
1498 1508
1498 1537
1498 2303
1498 2842
1498 3783
1498 3785
1498 3796
1498 4720
1498 4934
3395 3134
3395 3270
3395 3419
3395 3543
3395 3823
3395 4600
3698 784
3698 1455
3698 1587
3698 3100
3698 3113
3698 3118
3698 3294
3698 3526
3698 3580
3698 3582
3698 3616
3698 3621
3698 3658
3698 3666
3698 3667
3698 3703
3698 3713
3698 3717
3698 3724
3698 3774
3698 3776
3698 3800
3698 4356
3809 954
3809 1325
3809 1525
3809 1529
3809 1744
3809 2393
3809 3012
3809 3054
3809 3067
3809 3080
3809 3096
3809 3151
3809 3195
3809 3214
3809 3239
3809 3246
3809 3247
3809 3254
3809 3261
3809 3264
3809 3266
3809 3299
3809 3325
3809 3328
3809 3333
3809 3361
3809 3369
3809 3375
3809 3386
3809 3397
3809 3451
3809 3479
3809 3504
3809 3507
3809 3514
3809 3545
3809 3569
3809 3572
3809 3575
3809 3590
3809 3609
3809 3616
3809 3681
3809 3685
3809 3686
3809 3693
3809 3718
3809 3727
3809 3732
3809 3762
3809 3786
3809 3792
3809 3795
3809 3807
3809 4543
3809 4856
3809 4899
4790 3327
4790 4323
4790 4563
4790 4868
4790 4875
4790 4910
4790 4917
4790 4930
4790 4956
4790 4963
4790 4994
1871 1574
1871 1625
1871 1636
1871 1672
1871 1673
1871 1710
1871 1711
1871 1768
1871 1790
1871 1827
1871 1828
1871 1834
1871 1849
1871 1885
1871 1887
1871 1889
1871 1893
1871 1912
1871 1921
1871 2390
1871 2419
1871 3793
2039 2353
2039 2387
2039 2409
2039 2451
2039 4914
2468 2780
2468 2870
2468 2879
2468 3004
1377 597
1377 752
1377 811
1377 900
1377 930
1377 1060
1377 1112
1377 1160
1377 1173
1377 1251
1377 1340
1377 1383
1377 1461
1377 1551
1377 1558
1377 4527
1377 4967
1408 687
1408 689
1408 870
1408 917
1408 936
1408 964
1408 999
1408 1026
1408 1028
1408 1086
1408 1244
1408 1279
1408 1284
1408 1309
1408 1392
1408 1426
1408 1499
1408 1537
1408 1599
1408 1926
1408 3128
1408 4186
1408 4847
1470 679
1470 754
1470 1090
1470 1130
1470 1149
1470 1203
1470 1209
1470 1230
1470 1253
1470 1289
1470 1314
1470 1344
1470 1374
1470 1384
1470 1389
1470 1423
1470 1437
1470 1448
1470 1466
1470 1507
1470 1508
1470 1533
1470 2117
1470 2397
1470 3718
1470 4129
1470 4141
1470 4174
4026 1920
4026 4035
4026 4041
4026 4045
4026 4053
4026 4113
4026 4125
4026 4132
4026 4191
1039 1055
1039 1277
1039 1292
1039 1305
1039 1485
1039 1559
1039 3066
1816 1590
1816 1608
1816 1676
1816 1715
1816 1752
1816 1796
1816 1814
1816 1828
1816 1829
1816 1833
1816 1892
1816 1911
1816 2605
1816 3855
1816 4476
2733 1116
2733 2542
2733 2607
2733 2712
2733 2799
2733 2855
2733 2929
2733 2977
2733 3409
3830 525
3830 977
3830 1199
3830 1435
3830 1885
3830 1900
3830 2283
3830 2312
3830 2346
3830 2459
3830 2596
3830 2843
3830 2997
3830 3014
3830 3015
3830 3019
3830 3053
3830 3058
3830 3059
3830 3065
3830 3078
3830 3095
3830 3147
3830 3164
3830 3204
3830 3215
3830 3245
3830 3259
3830 3260
3830 3286
3830 3291
3830 3301
3830 3341
3830 3354
3830 3359
3830 3381
3830 3383
3830 3386
3830 3398
3830 3430
3830 3431
3830 3456
3830 3495
3830 3496
3830 3498
3830 3517
3830 3523
3830 3527
3830 3530
3830 3535
3830 3547
3830 3573
3830 3588
3830 3597
3830 3627
3830 3652
3830 3660
3830 3663
3830 3680
3830 3682
3830 3691
3830 3692
3830 3701
3830 3708
3830 3718
3830 3720
3830 3723
3830 3734
3830 3735
3830 3738
3830 3791
3830 3792
3830 3799
3830 3825
3830 3828
3830 3915
3830 4107
3830 4824
3830 4919
1016 1543
1016 1551
1016 1559
1016 4077
3814 605
3814 655
3814 1413
3814 1469
3814 2109
3814 2349
3814 2702
3814 2731
3814 2963
3814 3021
3814 3025
3814 3040
3814 3064
3814 3094
3814 3124
3814 3141
3814 3148
3814 3217
3814 3241
3814 3244
3814 3249
3814 3271
3814 3280
3814 3313
3814 3331
3814 3338
3814 3340
3814 3386
3814 3401
3814 3415
3814 3422
3814 3425
3814 3427
3814 3431
3814 3436
3814 3511
3814 3518
3814 3533
3814 3536
3814 3559
3814 3560
3814 3595
3814 3596
3814 3648
3814 3651
3814 3661
3814 3666
3814 3705
3814 3708
3814 3710
3814 3716
3814 3750
3814 3791
3814 3820
3814 4430
3814 4989
4212 624
4212 724
4212 1536
4212 1572
4212 2206
4212 2822
4212 3905
4212 3924
4212 3944
4212 3951
4212 3976
4212 3984
4212 3985
4212 3990
4212 4000
4212 4013
4212 4018
4212 4036
4212 4039
4212 4050
4212 4071
4212 4092
4212 4097
4212 4099
4212 4106
4212 4111
4212 4139
4212 4156
4212 4170
4212 4175
4212 4180
4212 4182
4212 4183
4212 4185
4212 4186
4212 4191
4212 4201
4212 4202
4212 4203
4212 4204
4212 4205
4212 4207
4212 4209
4212 4210
4212 4214
4212 4216
4212 4219
4212 4220
4212 4221
4212 4224
4212 4225
4212 4226
4212 4276
4212 4347
4212 4586
4212 4814
4212 4890
4393 2681
4393 4948
4393 4982
4393 4995
1159 913
1159 1003
1159 1075
1159 1307
1159 1394
1159 1474
1159 1551
1159 3639
2171 2417
2171 2426
2171 2433
2171 2436
2171 2442
2171 3696
3446 3539
3446 3708
3446 3720
3446 3739
3446 3825
3446 3828
3446 4801
3653 2324
3653 3150
3653 3217
3653 3272
3653 3303
3653 3559
3653 3588
3653 3611
3653 3615
3653 3630
3653 3637
3653 3647
3653 3695
3653 3712
3653 3714
3653 3715
3653 3717
3653 3755
3653 3784
4013 2359
4013 3902
4013 3975
4013 3995
4013 4066
4013 4151
4013 4156
4237 4383
4237 4959
4237 4974
1599 1883
1599 1894
1599 1921
1764 1707
1764 1784
1764 1794
1764 1814
1764 1836
1764 1846
1764 1879
1764 1892
1764 1911
1764 1921
1764 3314
1764 3608
3511 3700
3511 3805
3511 3820
3511 3828
4776 1806
4776 3844
4776 4249
4776 4702
4776 4759
4776 4827
4776 4853
4776 4861
4776 4953
4776 4954
4776 4996
4995 637
4995 1406
4995 1413
4995 1430
4995 1837
4995 1891
4995 2796
4995 2925
4995 2964
4995 2995
4995 3477
4995 3603
4995 3735
4995 3739
4995 3769
4995 4242
4995 4252
4995 4291
4995 4306
4995 4326
4995 4338
4995 4360
4995 4368
4995 4370
4995 4404
4995 4412
4995 4419
4995 4449
4995 4457
4995 4466
4995 4482
4995 4517
4995 4544
4995 4554
4995 4560
4995 4561
4995 4582
4995 4601
4995 4632
4995 4636
4995 4638
4995 4641
4995 4660
4995 4662
4995 4692
4995 4704
4995 4738
4995 4747
4995 4748
4995 4773
4995 4775
4995 4798
4995 4804
4995 4813
4995 4822
4995 4834
4995 4843
4995 4851
4995 4853
4995 4870
4995 4871
4995 4883
4995 4892
4995 4893
4995 4908
4995 4911
4995 4920
4995 4928
4995 4948
4995 4952
4995 4971
4995 4978
4995 4982
1401 405
1401 712
1401 939
1401 1017
1401 1025
1401 1193
1401 1214
1401 1256
1401 1271
1401 1337
1401 1360
1401 1448
1401 1507
1401 3669
1401 4786
1401 4934
1535 611
1535 671
1535 701
1535 722
1535 746
1535 759
1535 796
1535 802
1535 851
1535 933
1535 941
1535 952
1535 1042
1535 1075
1535 1118
1535 1128
1535 1145
1535 1164
1535 1169
1535 1176
1535 1182
1535 1198
1535 1244
1535 1252
1535 1272
1535 1278
1535 1285
1535 1300
1535 1351
1535 1365
1535 1376
1535 1379
1535 1382
1535 1393
1535 1411
1535 1424
1535 1447
1535 1448
1535 1457
1535 1467
1535 1478
1535 1505
1535 1521
1535 1531
1535 1534
1535 1544
1535 2316
1535 2444
1535 2748
1535 2975
1535 3430
1535 3532
1535 3959
1535 4459
1535 4947
4112 1202
4112 1288
4112 1316
4112 2767
4112 3933
4112 4090
4112 4130
4112 4166
4112 4180
4112 4186
4112 4191
4112 4202
4112 4209
4112 4210
4112 4219
4112 4224
4112 4226
4706 1025
4706 4567
4706 4707
4706 4808
4706 4828
4706 4862
4706 4894
4706 4897
4706 4918
4706 4950
4706 4989
4818 752
4818 2424
4818 3097
4818 4473
4818 4628
4818 4803
4818 4881
4818 4914
4818 4927
4818 4931
4818 4944
4818 4947
4818 4959
4818 4961
4818 4974
4936 522
4936 2233
4936 3009
4936 3221
4936 3699
4936 3701
4936 4176
4936 4240
4936 4303
4936 4343
4936 4376
4936 4486
4936 4554
4936 4590
4936 4603
4936 4671
4936 4675
4936 4715
4936 4726
4936 4742
4936 4750
4936 4774
4936 4779
4936 4789
4936 4802
4936 4823
4936 4850
4936 4875
4936 4884
4936 4886
4936 4890
4936 4899
4936 4910
4936 4917
4936 4966
4936 4971
4936 4994
691 1440
691 1471
691 1528
1721 1687
1721 1819
1721 1864
1721 1885
1721 3155
2726 2514
2726 2559
2726 2784
2726 2810
2726 2827
2726 2910
2726 2931
2726 2989
2726 3004
3648 445
3648 652
3648 3471
3648 3596
3648 3598
3648 3705
3648 3717
3648 3750
3648 3767
3648 3780
3648 3791
3648 3820
3648 4078
4182 1009
4182 1381
4182 1689
4182 1781
4182 2398
4182 2871
4182 3710
4182 3856
4182 3858
4182 3866
4182 3878
4182 3968
4182 3977
4182 3992
4182 3997
4182 4005
4182 4030
4182 4034
4182 4037
4182 4048
4182 4050
4182 4096
4182 4102
4182 4115
4182 4133
4182 4142
4182 4171
4182 4188
4182 4195
4182 4199
4182 4204
4182 4215
4362 4327
4362 4963
4362 4994
368 578
368 624
1210 741
1210 1180
1210 1226
1210 1336
1210 1471
1210 1479
1210 1480
1210 1559
2392 583
2392 1150
2392 1269
2392 1891
2392 1944
2392 1986
2392 2113
2392 2166
2392 2204
2392 2254
2392 2272
2392 2274
2392 2310
2392 2327
2392 2339
2392 2393
2392 2411
2392 2412
2392 2422
2392 2424
2392 2439
2392 2440
2392 2449
2392 2453
2392 4721
2914 1143
2914 2741
2914 2775
2914 2813
2914 2839
2914 2856
2914 2868
2914 2910
2914 2924
2914 2963
2914 2964
2914 2965
2914 2966
2914 2969
2914 2992
2914 3003
2914 3006
2914 3750
2914 3808
2914 3886
3543 2908
3543 3077
3543 3082
3543 3143
3543 3232
3543 3270
3543 3343
3543 3419
3543 3447
3543 3753
3543 4671
1763 1452
1763 1624
1763 1657
1763 1742
1763 1791
1763 1831
1763 1864
1763 1921
1763 1922
1763 1930
2402 1838
2402 1936
2402 1955
2402 2010
2402 2063
2402 2065
2402 2089
2402 2164
2402 2167
2402 2200
2402 2215
2402 2222
2402 2261
2402 2283
2402 2290
2402 2330
2402 2358
2402 2365
2402 2386
2402 2410
2402 2413
2402 2420
2402 2426
2402 2434
2402 2436
2402 3059
2402 3189
2402 4500
3438 1691
3438 2705
3438 3026
3438 3283
3438 3355
3438 3474
3438 3539
3438 3582
3438 3620
3438 3665
4098 382
4098 3872
4098 3887
4098 3979
4098 4046
4098 4047
4098 4063
4098 4080
4098 4136
4098 4160
4098 4174
4098 4185
4098 4193
4098 4210
4098 4216
987 716
987 738
987 774
987 919
987 996
987 1040
987 1148
987 1488
987 2235
1633 1363
1633 1563
1633 1766
1633 1916
1633 1922
1789 1606
1789 1733
1789 1738
1789 1762
1789 1783
1789 1786
1789 1795
1789 1836
1789 1873
1789 1903
1789 1915
1789 1920
1789 3659
1789 4229
2398 945
2398 1445
2398 2023
2398 2040
2398 2051
2398 2097
2398 2134
2398 2153
2398 2178
2398 2218
2398 2226
2398 2232
2398 2254
2398 2261
2398 2290
2398 2294
2398 2322
2398 2326
2398 2355
2398 2369
2398 2413
2398 2420
2398 2434
2398 2436
2398 2899
2398 3655
2398 4884
2556 2635
2556 2854
2556 2946
2556 2975
2556 3007
2556 3801
3986 3872
3986 4017
3986 4130
3986 4148
3986 4159
3986 4160
3986 4162
3986 4186
1531 653
1531 675
1531 719
1531 729
1531 731
1531 747
1531 768
1531 805
1531 810
1531 821
1531 831
1531 852
1531 863
1531 944
1531 988
1531 1059
1531 1073
1531 1097
1531 1098
1531 1105
1531 1114
1531 1144
1531 1155
1531 1156
1531 1170
1531 1171
1531 1179
1531 1222
1531 1235
1531 1274
1531 1292
1531 1353
1531 1357
1531 1367
1531 1380
1531 1430
1531 1452
1531 1453
1531 1464
1531 1529
1531 1698
1531 1774
1531 1834
1531 2521
1531 3290
1531 3880
1531 4526
1531 4736
1531 4993
3714 2058
3714 2365
3714 3150
3714 3212
3714 3250
3714 3305
3714 3309
3714 3414
3714 3467
3714 3516
3714 3592
3714 3611
3714 3615
3714 3616
3714 3626
3714 3630
3714 3637
3714 3647
3714 3695
3714 3712
3714 3715
3714 4167
3714 4783
3714 4881
3714 4957
3776 446
3776 1537
3776 1885
3776 1922
3776 3051
3776 3147
3776 3161
3776 3234
3776 3353
3776 3385
3776 3411
3776 3427
3776 3428
3776 3443
3776 3508
3776 3526
3776 3582
3776 3588
3776 3621
3776 3622
3776 3630
3776 3634
3776 3636
3776 3667
3776 3703
3776 3713
3776 3717
3776 3724
3776 3727
3776 3755
3776 3774
3776 3793
3776 3800
3776 4137
3776 4708
3776 4774
3776 4924
4046 1507
4046 2355
4046 3909
4046 3994
4046 4080
4046 4111
4046 4150
4046 4160
4046 4162
4046 4174
4046 4201
4438 4590
4438 4698
4438 4783
4438 4851
4438 4968
4888 570
4888 1313
4888 3650
4888 3743
4888 4184
4888 4448
4888 4683
4888 4765
4888 4811
4888 4868
4888 4875
4888 4887
4888 4907
4888 4911
4888 4930
4888 4931
4888 4934
4888 4940
4888 4953
4888 4963
4888 4967
4888 4968
4888 4979
4888 4994
993 1263
993 1392
993 1394
993 1524
993 4632
1028 677
1028 1085
1028 1279
1028 1337
1028 1499
1028 4803
1338 736
1338 827
1338 847
1338 1297
1338 1468
1338 1475
1338 1488
1338 1496
1338 1501
1338 1543
1338 1551
1338 2382
1338 4033
1338 4864
1874 1240
1874 1571
1874 1610
1874 1626
1874 1652
1874 1665
1874 1672
1874 1677
1874 1708
1874 1754
1874 1761
1874 1767
1874 1774
1874 1781
1874 1818
1874 1828
1874 1859
1874 1870
1874 1880
1874 1887
1874 2882
1874 3703
1874 3762
1874 4183
2628 2849
2628 2875
2628 2899
2628 2941
2628 3007
2628 3008
4029 1855
4029 3669
4029 4120
4029 4138
4029 4146
4029 4167
4029 4177
4029 4178
4039 516
4039 3898
4039 4100
4039 4136
4039 4203
4039 4205
4039 4219
4039 4224
4039 4226
4039 4533
1084 685
1084 884
1084 967
1084 1030
1084 1240
1084 1304
1084 1389
1084 1460
1084 1536
1265 746
1265 779
1265 854
1265 1042
1265 1081
1265 1110
1265 1117
1265 1157
1265 1378
1265 1439
1265 1451
1265 2419
1265 4605
2828 1020
2828 2664
2828 2790
2828 2875
2828 2883
2828 2915
2828 2928
2828 2949
2828 2950
2828 2955
2828 2968
2828 3673
1230 754
1230 1047
1230 1209
1230 1238
1230 1330
1230 1344
1230 1507
1230 3995
1230 4151
1666 1703
1666 1780
1666 1782
1666 1847
1666 1894
1666 3278
2793 2692
2793 2835
2793 2858
2793 2860
2793 2863
2793 2892
2793 2902
2793 2938
2793 2979
2793 3000
4582 3941
4582 4597
4582 4775
4582 4853
4582 4908
4582 4978
4582 4982
4780 2796
4780 3345
4780 4728
4780 4933
4780 4946
4780 4957
4780 4964
4780 4981
4780 4993
4829 4263
4829 4500
4829 4512
4829 4518
4829 4686
4829 4688
4829 4756
4829 4783
4829 4800
4829 4850
4829 4884
4829 4917
4829 4948
4829 4966
4829 4968
4829 4971
626 396
626 423
626 491
626 498
626 501
626 504
626 520
626 524
626 551
626 562
626 563
626 579
626 595
626 604
626 614
626 632
626 647
626 657
626 682
626 2328
626 2395
626 2435
626 4917
1857 1560
1857 1604
1857 1632
1857 1643
1857 1688
1857 1696
1857 1736
1857 1770
1857 1780
1857 1794
1857 1836
1857 1840
1857 1842
1857 1848
1857 1863
1857 3212
1857 3688
1857 4961
2361 750
2361 1984
2361 1986
2361 2037
2361 2082
2361 2118
2361 2128
2361 2235
2361 2271
2361 2291
2361 2306
2361 2326
2361 2351
2361 2388
2361 2428
2361 2447
2361 2923
2361 3007
2361 4838
3660 1715
3660 1810
3660 2439
3660 3036
3660 3394
3660 3548
3660 3592
3660 3598
3660 3618
3660 3661
3660 3666
3660 3688
3660 3739
3660 3746
3660 3748
3660 3782
3660 3785
3660 3823
4224 659
4224 758
4224 1156
4224 1741
4224 1854
4224 2433
4224 2440
4224 2924
4224 2931
4224 3588
4224 3838
4224 3840
4224 3893
4224 3897
4224 3919
4224 3924
4224 3928
4224 3930
4224 3944
4224 3963
4224 3966
4224 3970
4224 3984
4224 3990
4224 4000
4224 4004
4224 4018
4224 4020
4224 4025
4224 4043
4224 4049
4224 4051
4224 4055
4224 4062
4224 4066
4224 4069
4224 4087
4224 4096
4224 4097
4224 4099
4224 4100
4224 4114
4224 4116
4224 4127
4224 4137
4224 4156
4224 4169
4224 4170
4224 4172
4224 4175
4224 4180
4224 4183
4224 4186
4224 4191
4224 4195
4224 4201
4224 4202
4224 4203
4224 4205
4224 4207
4224 4209
4224 4210
4224 4214
4224 4216
4224 4219
4224 4225
4224 4226
4224 4653
4224 4862
4224 4932
4224 4996
3172 3347
3172 3405
3172 3664
3172 3736
3559 3510
3559 3522
3559 3568
3559 3615
3559 3639
3559 3647
3559 3695
3559 3712
3559 3715
3559 3762
3559 3881
3559 4481
4659 4367
4659 4407
4659 4470
4659 4477
4659 4478
4659 4757
4659 4831
4659 4857
4823 565
4823 659
4823 3494
4823 4232
4823 4514
4823 4749
4823 4760
4823 4772
4823 4808
4823 4869
4823 4897
4823 4918
4823 4950
4823 4956
4823 4977
4823 4989
1167 702
1167 756
1167 844
1167 1033
1167 1058
1167 1070
1167 1207
1167 1214
1167 1268
1389 790
1389 894
1389 961
1389 967
1389 1045
1389 1131
1389 1141
1389 1163
1389 1175
1389 1192
1389 1298
1389 1304
1389 1469
1389 1494
1389 1506
1389 1529
1389 2267
1389 2305
1389 4747
1524 421
1524 741
1524 744
1524 773
1524 804
1524 828
1524 855
1524 918
1524 935
1524 941
1524 965
1524 971
1524 998
1524 1002
1524 1012
1524 1051
1524 1064
1524 1069
1524 1072
1524 1190
1524 1227
1524 1247
1524 1270
1524 1277
1524 1295
1524 1297
1524 1314
1524 1352
1524 1362
1524 1393
1524 1435
1524 1472
1524 1503
1524 1520
1524 1525
1524 1559
1524 1891
1524 3311
1524 3526
1524 4784
1524 4805
1524 4924
3425 1555
3425 3791
3425 3820
4210 418
4210 651
4210 1420
4210 2174
4210 2686
4210 2886
4210 2953
4210 2969
4210 3234
4210 3767
4210 3855
4210 3865
4210 3892
4210 3916
4210 3955
4210 3985
4210 3990
4210 4001
4210 4004
4210 4017
4210 4022
4210 4024
4210 4025
4210 4040
4210 4051
4210 4062
4210 4067
4210 4071
4210 4087
4210 4090
4210 4099
4210 4116
4210 4143
4210 4166
4210 4180
4210 4183
4210 4186
4210 4191
4210 4201
4210 4202
4210 4203
4210 4205
4210 4209
4210 4214
4210 4216
4210 4219
4210 4220
4210 4225
4210 4226
4210 4773
4831 4093
4831 4152
4831 4600
4831 4759
4831 4785
4831 4810
4831 4819
4831 4853
4831 4862
4831 4869
4831 4874
4831 4881
4831 4954
4831 4996
1138 664
1138 794
1138 799
1138 816
1138 1100
1138 1143
1138 1335
1138 1422
1138 1500
1138 2938
1264 834
1264 1137
1264 1173
1264 1181
1264 1307
1264 1355
1264 1392
1264 1394
1264 1474
1264 4760
4638 1893
4638 4940
4638 4963
4638 4967
4638 4994
571 381
571 491
571 500
571 529
571 594
571 599
571 604
571 612
571 620
571 647
571 2383
571 2979
1558 591
1558 619
1558 648
1558 672
1558 686
1558 698
1558 766
1558 781
1558 792
1558 800
1558 899
1558 910
1558 944
1558 961
1558 1019
1558 1020
1558 1044
1558 1077
1558 1087
1558 1109
1558 1113
1558 1122
1558 1127
1558 1152
1558 1183
1558 1185
1558 1214
1558 1223
1558 1226
1558 1229
1558 1234
1558 1243
1558 1261
1558 1262
1558 1268
1558 1279
1558 1291
1558 1293
1558 1301
1558 1303
1558 1313
1558 1316
1558 1327
1558 1344
1558 1346
1558 1348
1558 1365
1558 1370
1558 1372
1558 1376
1558 1381
1558 1385
1558 1391
1558 1398
1558 1427
1558 1431
1558 1432
1558 1468
1558 1471
1558 1515
1558 1516
1558 1517
1558 1529
1558 1533
1558 1536
1558 1537
1558 1544
1558 1631
1558 1894
1558 2169
1558 2312
1558 2317
1558 2607
1558 2906
1558 2966
1558 3333
1558 4117
1558 4849
1558 4874
1558 4993
3518 638
3518 1460
3518 3025
3518 3791
3518 3820
3779 541
3779 594
3779 1229
3779 1642
3779 1922
3779 2440
3779 2842
3779 3025
3779 3035
3779 3060
3779 3083
3779 3140
3779 3153
3779 3180
3779 3185
3779 3231
3779 3265
3779 3284
3779 3311
3779 3322
3779 3332
3779 3394
3779 3416
3779 3440
3779 3483
3779 3494
3779 3522
3779 3571
3779 3589
3779 3599
3779 3601
3779 3614
3779 3628
3779 3640
3779 3668
3779 3670
3779 3746
3779 3747
3779 3753
3779 3784
3779 3800
3779 3801
3779 3806
3779 3807
3779 4920
3926 3936
3926 4157
3926 4195
3926 4221
4604 659
4604 4310
4604 4589
4604 4771
4604 4814
4604 4816
4604 4838
4604 4904
649 354
649 380
649 387
649 399
649 400
649 401
649 416
649 428
649 447
649 450
649 456
649 458
649 465
649 466
649 479
649 517
649 525
649 532
649 540
649 542
649 558
649 573
649 574
649 581
649 585
649 610
649 614
649 615
649 619
649 625
649 633
649 640
649 648
649 651
649 653
649 655
649 659
649 660
649 1075
649 1384
649 1572
649 1947
649 2784
649 2910
649 3013
649 3533
649 3747
1859 637
1859 1291
1859 1403
1859 1437
1859 1583
1859 1602
1859 1655
1859 1801
1859 1810
1859 1812
1859 1818
1859 1822
1859 1825
1859 1835
1859 1842
1859 1843
1859 1845
1859 1850
1859 1855
1859 1899
2822 632
2822 2598
2822 2750
2822 2840
2822 2902
2822 2966
2822 2993
2822 3001
2822 3003
2822 3006
3001 432
3001 729
3001 819
3001 1037
3001 1327
3001 1653
3001 2511
3001 2528
3001 2534
3001 2576
3001 2605
3001 2608
3001 2615
3001 2627
3001 2644
3001 2682
3001 2686
3001 2692
3001 2705
3001 2740
3001 2746
3001 2754
3001 2775
3001 2801
3001 2804
3001 2813
3001 2830
3001 2839
3001 2847
3001 2849
3001 2854
3001 2856
3001 2859
3001 2862
3001 2864
3001 2868
3001 2871
3001 2881
3001 2884
3001 2891
3001 2906
3001 2910
3001 2913
3001 2928
3001 2939
3001 2950
3001 2952
3001 2953
3001 2958
3001 2963
3001 2966
3001 2969
3001 2992
3001 2997
3001 3000
3001 3003
3001 3006
3001 3274
3001 3627
3001 3645
3001 4173
3001 4488
3001 4608
3001 4947
3001 4963
1213 1185
1213 1363
1213 1402
1213 1415
1213 1455
1213 1519
1213 1525
1213 1537
1213 2867
1213 4398
1371 770
1371 959
1371 1147
1371 1248
1371 1336
1371 1440
1371 1448
1371 1463
1371 1466
1371 1479
1371 1500
1371 1559
1371 3356
1371 3451
1371 4164
1371 4175
1503 652
1503 761
1503 828
1503 855
1503 864
1503 918
1503 935
1503 941
1503 1012
1503 1051
1503 1064
1503 1069
1503 1072
1503 1164
1503 1190
1503 1227
1503 1242
1503 1247
1503 1295
1503 1297
1503 1329
1503 1352
1503 1362
1503 1427
1503 1435
1503 1472
1503 1517
1503 1520
1503 2439
1503 3643
1503 3743
1503 3834
1503 4184
1503 4711
1503 4814
1503 4860
2271 1376
2271 1932
2271 1951
2271 1989
2271 2074
2271 2122
2271 2203
2271 2257
2271 2376
2271 2423
2271 2444
2271 3346
3245 2455
3245 3071
3245 3141
3245 3563
3921 2725
3921 4204
3921 4215
4055 2375
4055 2969
4055 3981
4055 4028
4055 4074
4055 4092
4055 4105
4055 4216
4055 4225
4055 4226
1335 816
1335 841
1335 930
1335 1100
1335 1101
1335 1143
1335 1172
1335 1217
1335 1293
1335 1347
1335 1394
1335 1422
1335 1542
1335 4575
1335 4629
1515 501
1515 686
1515 698
1515 766
1515 817
1515 924
1515 995
1515 1009
1515 1071
1515 1077
1515 1087
1515 1094
1515 1113
1515 1114
1515 1127
1515 1143
1515 1171
1515 1215
1515 1216
1515 1260
1515 1268
1515 1291
1515 1299
1515 1316
1515 1327
1515 1344
1515 1348
1515 1376
1515 1381
1515 1431
1515 1463
1515 1468
1515 1482
1515 1499
1515 1516
1515 1517
1515 1529
1515 1536
1515 2490
1515 2952
1515 3341
1515 4032
1515 4221
1515 4387
1515 4847
1515 4862
2943 618
2943 1413
2943 2300
2943 2324
2943 2454
2943 2486
2943 2539
2943 2552
2943 2564
2943 2570
2943 2662
2943 2690
2943 2710
2943 2734
2943 2771
2943 2802
2943 2825
2943 2843
2943 2892
2943 2932
2943 2938
2943 2960
2943 2965
2943 2979
2943 2981
2943 3000
2943 3570
3687 1661
3687 3253
3687 3302
3687 3457
3687 3517
3687 3544
3687 3554
3687 3562
3687 3655
3687 3659
3687 3675
3687 3697
3687 3737
3687 3775
3687 3796
3687 3808
3687 4404
3687 4487
3687 4724
3687 4964
4244 1466
4244 4571
4244 4597
4244 4605
4244 4826
4303 4312
4303 4802
4303 4918
4303 4971
657 349
657 355
657 375
657 376
657 377
657 409
657 419
657 421
657 435
657 460
657 469
657 475
657 480
657 482
657 493
657 496
657 502
657 504
657 507
657 514
657 516
657 519
657 526
657 533
657 546
657 560
657 564
657 566
657 567
657 570
657 577
657 583
657 589
657 594
657 596
657 597
657 599
657 611
657 613
657 616
657 618
657 623
657 637
657 641
657 648
657 652
657 653
657 654
657 655
657 656
657 659
657 1362
657 1425
657 1882
657 1928
657 2388
657 2453
657 2771
657 3597
1197 737
1197 1038
1197 1359
1197 1392
1197 1394
1197 1474
1197 4176
1831 1368
1831 1677
1831 1713
1831 1820
1831 1844
1831 1862
1831 1869
1831 1872
1831 1882
1831 1897
1831 1900
1831 1901
1831 1908
1831 1909
1831 2340
1831 4961
1929 2404
1929 2442
2521 2735
2521 2787
2521 2829
2521 2915
2521 2955
4993 621
4993 1054
4993 1119
4993 1251
4993 1482
4993 1904
4993 2096
4993 2349
4993 2382
4993 2548
4993 2558
4993 2946
4993 4206
4993 4246
4993 4272
4993 4284
4993 4289
4993 4299
4993 4301
4993 4315
4993 4322
4993 4354
4993 4356
4993 4390
4993 4394
4993 4403
4993 4411
4993 4414
4993 4433
4993 4452
4993 4493
4993 4499
4993 4506
4993 4511
4993 4519
4993 4524
4993 4533
4993 4549
4993 4562
4993 4570
4993 4602
4993 4640
4993 4653
4993 4695
4993 4701
4993 4710
4993 4721
4993 4723
4993 4724
4993 4745
4993 4766
4993 4773
4993 4777
4993 4786
4993 4820
4993 4821
4993 4840
4993 4842
4993 4843
4993 4844
4993 4856
4993 4860
4993 4892
4993 4893
4993 4920
4993 4926
4993 4933
4993 4943
4993 4946
4993 4950
4993 4955
4993 4957
4993 4964
4993 4979
4993 4981
920 1026
920 1287
920 1413
920 1525
920 1537
920 2871
1069 787
1069 1400
1069 1472
1069 1520
1069 3823
1069 4006
1591 1824
1591 1847
1591 1890
1591 1897
1591 4117
2130 2373
2130 2404
2130 2425
2130 2442
2130 3922
2927 1899
2927 2236
2927 2476
2927 2477
2927 2517
2927 2615
2927 2769
2927 2811
2927 2823
2927 2825
2927 2873
2927 2880
2927 2883
2927 2888
2927 2894
2927 2944
2927 2950
2927 2997
2927 3007
2927 3697
2927 4733
3437 1132
3437 1747
3437 3120
3437 3218
3437 3403
3437 3407
3437 3519
3437 3546
3437 3683
4484 4292
4484 4584
4484 4895
4484 4908
4484 4929
4484 4932
4484 4944
641 351
641 403
641 421
641 446
641 482
641 523
641 527
641 541
641 560
641 564
641 566
641 570
641 578
641 583
641 586
641 611
641 613
641 616
641 623
641 627
641 632
641 637
641 642
641 652
641 654
641 655
641 656
641 662
641 1501
641 2671
641 2949
641 3576
641 3823
641 4399
641 4871
773 1374
773 1520
773 4199
3267 2762
3267 3413
3267 3509
3267 3539
3267 3608
3267 3645
4067 1443
4067 2375
4067 3719
4067 3959
4067 4016
4067 4057
4067 4113
4067 4145
4067 4215
4067 4225
4884 963
4884 2746
4884 3681
4884 4109
4884 4298
4884 4308
4884 4473
4884 4530
4884 4586
4884 4670
4884 4781
4884 4886
4884 4899
4884 4910
4884 4925
4884 4928
4884 4930
4884 4932
4884 4966
4884 4968
4884 4971
351 394
351 559
351 597
351 600
1453 671
1453 675
1453 821
1453 1059
1453 1073
1453 1097
1453 1104
1453 1130
1453 1144
1453 1171
1453 1179
1453 1235
1453 1266
1453 1325
1453 1357
1453 1380
1453 1424
1453 1430
1453 1464
1453 3641
1453 4143
3240 1364
3240 3157
3240 3387
3240 3522
3240 3555
3240 3704
3240 3706
3700 611
3700 1718
3700 1983
3700 3326
3700 3390
3700 3402
3700 3441
3700 3551
3700 3593
3700 3598
3700 3605
3700 3654
3700 3675
3700 3677
3700 3681
3700 3694
3700 3727
3700 3743
3700 3748
3700 3758
3700 3762
3700 3769
3700 3772
3700 3793
3700 4930
4116 818
4116 3887
4116 4086
4116 4172
4116 4180
4116 4185
4116 4203
4116 4207
4116 4209
4116 4214
4116 4215
4116 4216
4116 4219
4116 4220
4116 4226
4179 1067
4179 1388
4179 2009
4179 2348
4179 2809
4179 3823
4179 3879
4179 3932
4179 3937
4179 3957
4179 4011
4179 4033
4179 4037
4179 4038
4179 4045
4179 4048
4179 4096
4179 4102
4179 4133
4179 4139
4179 4152
4179 4157
4179 4162
4179 4170
4179 4171
4179 4183
4179 4191
4179 4204
4179 4209
4179 4215
4179 4216
4179 4220
4179 4226
4179 4879
4982 684
4982 796
4982 1127
4982 1360
4982 2047
4982 2111
4982 2597
4982 2817
4982 3561
4982 3713
4982 3828
4982 4076
4982 4238
4982 4256
4982 4278
4982 4304
4982 4312
4982 4329
4982 4331
4982 4397
4982 4404
4982 4449
4982 4534
4982 4547
4982 4553
4982 4560
4982 4599
4982 4606
4982 4614
4982 4632
4982 4636
4982 4641
4982 4660
4982 4692
4982 4693
4982 4698
4982 4704
4982 4747
4982 4748
4982 4775
4982 4798
4982 4804
4982 4822
4982 4834
4982 4839
4982 4843
4982 4847
4982 4852
4982 4870
4982 4883
4982 4892
4982 4908
4982 4920
4982 4927
4982 4928
4982 4947
4982 4948
4982 4952
4982 4953
4982 4961
4982 4977
4982 4978
4982 4994
2385 811
2385 1969
2385 2025
2385 2054
2385 2061
2385 2072
2385 2121
2385 2157
2385 2208
2385 2246
2385 2305
2385 2314
2385 2321
2385 2340
2385 2381
2385 2397
2385 2407
2385 2413
2385 2439
2385 2447
2385 2449
2385 3523
2385 4092
3641 2624
3641 2701
3641 3448
3641 3471
3641 3489
3641 3563
3641 3583
3641 3617
3641 3644
3641 3663
3641 3716
3641 3748
3641 3750
3641 3754
3641 3789
3641 3805
3807 469
3807 473
3807 586
3807 1327
3807 2390
3807 2462
3807 2633
3807 2732
3807 3020
3807 3025
3807 3035
3807 3043
3807 3045
3807 3060
3807 3069
3807 3093
3807 3104
3807 3128
3807 3130
3807 3133
3807 3153
3807 3162
3807 3180
3807 3185
3807 3231
3807 3265
3807 3284
3807 3311
3807 3322
3807 3357
3807 3403
3807 3440
3807 3483
3807 3494
3807 3522
3807 3557
3807 3571
3807 3589
3807 3599
3807 3601
3807 3614
3807 3628
3807 3640
3807 3659
3807 3668
3807 3670
3807 3709
3807 3710
3807 3747
3807 3750
3807 3753
3807 3784
3807 3799
3807 3801
3807 3806
3807 4919
4899 602
4899 1555
4899 2156
4899 2435
4899 3666
4899 4282
4899 4296
4899 4308
4899 4423
4899 4426
4899 4581
4899 4610
4899 4613
4899 4636
4899 4671
4899 4732
4899 4755
4899 4886
4899 4910
4899 4917
4899 4925
4899 4932
4899 4966
4899 4968
4899 4971
495 471
495 477
495 510
495 587
495 605
495 621
495 624
495 3364
1424 598
1424 723
1424 937
1424 1107
1424 1198
1424 1366
1424 1379
1424 1382
1424 1411
1424 1419
1424 1447
1424 1496
1424 1505
1424 1519
1424 1534
1424 1544
1424 2416
1424 2727
1424 3611
1424 4149
1785 1440
1785 1586
1785 1603
1785 1614
1785 1674
1785 1747
1785 1759
1785 1814
1785 1903
2505 2631
2505 2941
2505 2999
2505 3007
2505 3008
2505 3531
3003 770
3003 1246
3003 1525
3003 2376
3003 2440
3003 2460
3003 2481
3003 2534
3003 2549
3003 2579
3003 2596
3003 2602
3003 2615
3003 2618
3003 2647
3003 2655
3003 2656
3003 2657
3003 2672
3003 2676
3003 2685
3003 2692
3003 2705
3003 2715
3003 2739
3003 2743
3003 2775
3003 2792
3003 2795
3003 2830
3003 2835
3003 2839
3003 2840
3003 2847
3003 2850
3003 2859
3003 2860
3003 2861
3003 2864
3003 2871
3003 2884
3003 2891
3003 2906
3003 2913
3003 2944
3003 2954
3003 2963
3003 2969
3003 2976
3003 2989
3003 2992
3003 2993
3003 3006
3003 3009
3003 3032
3003 3121
3003 3634
3003 4890
3003 4940
4513 3735
4513 4339
4513 4392
4513 4759
4513 4867
4513 4953
4513 4996
1343 1160
1343 1274
1343 1363
1343 1379
1343 1415
1343 1432
1343 1455
1343 1519
1343 1525
1343 1537
1343 1885
1343 3199
1343 4749
1702 1693
1702 1740
1702 1813
1702 1824
1702 1847
1702 1894
1702 1897
1702 1900
1702 3740
1899 1475
1899 1566
1899 1581
1899 1631
1899 1641
1899 1652
1899 1665
1899 1675
1899 1690
1899 1708
1899 1761
1899 1774
1899 1800
1899 1810
1899 1815
1899 1818
1899 1835
1899 1842
1899 1843
1899 1845
1899 1855
1899 1864
1899 1870
1899 1877
1899 1880
1899 1887
1899 1904
1899 1907
1899 1915
1899 2997
1899 3722
1960 1972
1960 2370
1960 2423
1960 2428
3737 636
3737 834
3737 1921
3737 3044
3737 3132
3737 3187
3737 3339
3737 3391
3737 3439
3737 3501
3737 3536
3737 3542
3737 3544
3737 3562
3737 3625
3737 3646
3737 3655
3737 3658
3737 3682
3737 3693
3737 3705
3737 3783
3737 3796
3737 3808
3737 4030
3737 4063
3737 4107
3737 4971
960 835
960 929
960 1119
960 1184
960 1366
1506 778
1506 787
1506 793
1506 821
1506 902
1506 907
1506 947
1506 980
1506 1010
1506 1018
1506 1027
1506 1030
1506 1045
1506 1091
1506 1131
1506 1136
1506 1141
1506 1148
1506 1151
1506 1163
1506 1175
1506 1235
1506 1240
1506 1273
1506 1296
1506 1298
1506 1304
1506 1460
1506 1461
1506 1469
1506 1480
1506 1494
1506 1507
1506 1528
1506 1536
1506 1542
1506 2380
1506 3162
1506 3201
1506 3338
1506 3820
1506 4286
1506 4692
1519 674
1519 727
1519 820
1519 824
1519 833
1519 838
1519 839
1519 858
1519 865
1519 866
1519 867
1519 892
1519 965
1519 981
1519 1022
1519 1067
1519 1071
1519 1099
1519 1236
1519 1245
1519 1274
1519 1287
1519 1342
1519 1363
1519 1396
1519 1415
1519 1455
1519 1500
1519 1525
1519 1537
1519 1555
1519 1563
1519 2268
1519 2329
1519 2430
1519 3527
1519 3545
1519 4838
1519 4940
1519 4948
3335 1507
3335 3092
3335 3372
3335 3459
3335 3780
3335 3786
3335 3796
3335 3797
3616 603
3616 2407
3616 2810
3616 3239
3616 3247
3616 3417
3616 3480
3616 3507
3616 3681
3616 3685
3616 3693
3616 3718
3616 3732
3616 3795
3616 4603
4128 1625
4128 2422
4128 3006
4128 3960
4128 4036
4128 4104
4128 4123
4128 4149
4128 4164
4128 4176
4128 4185
4128 4190
4128 4193
4128 4196
4128 4202
4128 4214
4128 4221
4128 4226
4128 4882
2237 1761
2237 2116
2237 2166
2237 2168
2237 2192
2237 2247
2237 2256
2237 2298
2237 2318
2237 2329
2237 2362
2237 2377
2237 3295
3767 1259
3767 2084
3767 2136
3767 2245
3767 2560
3767 3049
3767 3084
3767 3110
3767 3146
3767 3270
3767 3289
3767 3448
3767 3470
3767 3497
3767 3528
3767 3531
3767 3563
3767 3576
3767 3581
3767 3585
3767 3612
3767 3644
3767 3663
3767 3697
3767 3699
3767 3703
3767 3711
3767 3771
3767 3789
3767 3805
3767 3820
3767 4321
3767 4825
3796 1394
3796 1432
3796 2434
3796 2670
3796 2993
3796 3010
3796 3031
3796 3052
3796 3122
3796 3129
3796 3130
3796 3160
3796 3198
3796 3293
3796 3298
3796 3316
3796 3355
3796 3370
3796 3371
3796 3389
3796 3391
3796 3402
3796 3450
3796 3498
3796 3536
3796 3544
3796 3562
3796 3582
3796 3658
3796 3675
3796 3682
3796 3697
3796 3727
3796 3744
3796 3783
3796 3808
3796 3823
3796 4195
3936 4008
3936 4080
3936 4136
3936 4143
3936 4150
3936 4160
3936 4162
4539 2297
4539 4535
4539 4618
4539 4736
4539 4827
4539 4872
4539 4951
4886 425
4886 2154
4886 2326
4886 2574
4886 3755
4886 4100
4886 4242
4886 4473
4886 4581
4886 4656
4886 4670
4886 4671
4886 4697
4886 4756
4886 4800
4886 4817
4886 4850
4886 4868
4886 4871
4886 4905
4886 4966
4886 4968
4886 4971
4886 4974
1652 1668
1652 1815
1652 1880
1652 4196
2673 1282
2673 2936
2673 2949
2673 2967
2673 2981
2673 2995
3391 1093
3391 3339
3391 3412
3391 3646
3391 3775
3391 3783
3391 3808
3473 1117
3473 3367
3473 3409
3473 3410
3473 3453
3473 3540
3473 3541
3473 3579
3473 3639
3473 3671
3473 3739
3473 4506
4648 1507
4648 4453
4648 4526
4648 4630
4648 4654
4648 4724
4648 4791
4648 4792
4648 4967
4655 3572
4655 4835
4655 4944
4655 4947
4655 4959
4655 4974
1804 1359
1804 1584
1804 1674
1804 1754
1804 1827
1804 1883
1804 1888
1804 1893
1804 1916
1804 1921
1804 1922
1804 4090
1804 4849
1889 1330
1889 1500
1889 1565
1889 1588
1889 1638
1889 1679
1889 1704
1889 1727
1889 1735
1889 1818
1889 1819
1889 1827
1889 1849
1889 1861
1889 1868
1889 1885
1889 1893
1889 1909
1889 1912
1889 1920
1889 2834
1889 3007
1889 3521
1889 3723
2205 2228
2205 2381
2205 2386
2205 2424
2205 2449
2404 795
2404 1448
2404 2057
2404 2064
2404 2103
2404 2108
2404 2134
2404 2143
2404 2234
2404 2247
2404 2255
2404 2257
2404 2311
2404 2338
2404 2341
2404 2358
2404 2364
2404 2373
2404 2379
2404 2381
2404 2395
2404 2414
2404 2417
2404 2425
2404 2433
2404 2442
2404 2447
2404 2534
2404 3548
2404 4175
3183 1422
3183 3675
3680 1909
3680 2691
3680 3330
3680 3346
3680 3359
3680 3415
3680 3450
3680 3530
3680 3627
3680 3734
3680 3738
3680 3771
3680 3792
3680 3825
3680 3828
3680 3976
4207 652
4207 1852
4207 2494
4207 3782
4207 3860
4207 3882
4207 3886
4207 3905
4207 3911
4207 3924
4207 3928
4207 3955
4207 3970
4207 3980
4207 4000
4207 4002
4207 4025
4207 4028
4207 4036
4207 4048
4207 4079
4207 4106
4207 4139
4207 4156
4207 4167
4207 4170
4207 4172
4207 4174
4207 4180
4207 4183
4207 4186
4207 4188
4207 4201
4207 4202
4207 4203
4207 4205
4207 4209
4207 4214
4207 4216
4207 4219
4207 4220
4207 4225
4207 4226
4207 4918
4207 4978
1619 760
1619 1755
1619 1765
1619 1802
1619 1904
1619 1915
1619 1920
2602 2672
2602 2778
2602 2910
2602 2969
2602 3006
2602 4739
2867 2636
2867 2669
2867 2783
2867 2839
2867 2847
2867 2859
2867 2882
2867 2947
2867 2993
2867 3006
2867 3008
2867 3013
2867 3789
4220 965
4220 1255
4220 1365
4220 1439
4220 1697
4220 1786
4220 2408
4220 2449
4220 2817
4220 3534
4220 3644
4220 3793
4220 3866
4220 3877
4220 3880
4220 3892
4220 3913
4220 3937
4220 3952
4220 3963
4220 3970
4220 3981
4220 4001
4220 4011
4220 4023
4220 4024
4220 4030
4220 4033
4220 4048
4220 4068
4220 4069
4220 4093
4220 4102
4220 4109
4220 4117
4220 4133
4220 4136
4220 4141
4220 4143
4220 4147
4220 4148
4220 4152
4220 4157
4220 4171
4220 4173
4220 4184
4220 4199
4220 4201
4220 4203
4220 4205
4220 4206
4220 4225
4220 4981
1751 1863
1751 1893
1751 1907
1751 1921
1751 1922
1751 4868
2908 1244
2908 2538
2908 2558
2908 2622
2908 2704
2908 2769
2908 2881
2908 2905
2908 2925
2908 2949
2908 2955
2908 2965
2908 2967
2908 2974
2908 4546
2908 4872
3625 2979
3625 3042
3625 3330
3625 3362
3625 3371
3625 3450
3625 3544
3625 3570
3625 3658
3625 3775
3625 3783
3625 3792
3625 3808
3868 4196
3868 4221
4883 1141
4883 1773
4883 1838
4883 3495
4883 4297
4883 4531
4883 4547
4883 4556
4883 4630
4883 4693
4883 4804
4883 4805
4883 4834
4883 4859
4883 4871
4883 4892
4883 4893
4883 4911
4883 4928
4883 4948
4883 4952
4883 4978
1041 826
1041 1134
1041 1162
1041 1400
1041 1439
1041 1451
1041 1920
1125 718
1125 1302
1125 1396
1125 1413
1125 1487
1903 983
1903 1196
1903 1471
1903 1521
1903 1537
1903 1542
1903 1564
1903 1571
1903 1671
1903 1694
1903 1698
1903 1703
1903 1718
1903 1746
1903 1760
1903 1762
1903 1769
1903 1773
1903 1783
1903 1802
1903 1812
1903 1854
1903 1862
1903 1869
1903 1873
1903 1888
1903 1900
1903 1915
1903 1920
1903 1921
1903 2409
1903 3463
1903 4918
2426 778
2426 1359
2426 1864
2426 1964
2426 2012
2426 2073
2426 2078
2426 2100
2426 2102
2426 2118
2426 2126
2426 2148
2426 2169
2426 2218
2426 2232
2426 2283
2426 2287
2426 2322
2426 2326
2426 2339
2426 2352
2426 2353
2426 2354
2426 2358
2426 2365
2426 2383
2426 2401
2426 2410
2426 2413
2426 2420
2426 2423
2426 2434
2426 2436
2426 2720
2426 4043
2426 4330
2426 4542
3544 611
3544 2173
3544 3309
3544 3532
3544 3682
3544 3683
3544 3775
3544 3784
3544 3872
3916 2656
3916 4148
3916 4150
3916 4159
3916 4162
4068 2422
4068 3907
4068 3982
4068 4043
4068 4052
4068 4079
4068 4142
4068 4172
4068 4188
4068 4204
4068 4215
4068 4695
4226 595
4226 947
4226 1262
4226 1525
4226 1877
4226 1893
4226 2381
4226 2616
4226 2727
4226 2944
4226 3070
4226 3272
4226 3377
4226 3671
4226 3840
4226 3864
4226 3874
4226 3886
4226 3894
4226 3898
4226 3919
4226 3924
4226 3930
4226 3941
4226 3944
4226 3966
4226 3967
4226 3985
4226 4001
4226 4002
4226 4018
4226 4022
4226 4023
4226 4025
4226 4028
4226 4062
4226 4074
4226 4079
4226 4097
4226 4099
4226 4101
4226 4102
4226 4106
4226 4130
4226 4133
4226 4138
4226 4139
4226 4146
4226 4150
4226 4151
4226 4156
4226 4164
4226 4170
4226 4172
4226 4175
4226 4180
4226 4183
4226 4186
4226 4191
4226 4195
4226 4201
4226 4202
4226 4203
4226 4205
4226 4209
4226 4216
4226 4221
4226 4225
4226 4457
4226 4915
4882 615
4882 2219
4882 3243
4882 4483
4882 4709
4882 4752
4882 4779
4882 4791
4882 4806
4882 4868
4882 4875
4882 4911
4882 4934
4882 4940
4882 4954
4882 4956
4882 4963
4882 4967
4882 4977
4882 4994
4882 4996
426 497
426 510
426 545
426 603
426 630
655 349
655 383
655 448
655 462
655 469
655 475
655 478
655 480
655 482
655 488
655 489
655 496
655 507
655 526
655 527
655 533
655 540
655 541
655 546
655 560
655 563
655 566
655 567
655 577
655 583
655 586
655 589
655 594
655 599
655 602
655 611
655 613
655 614
655 616
655 623
655 631
655 637
655 638
655 642
655 651
655 652
655 654
655 662
655 1533
655 2093
655 2270
655 2546
655 3719
655 4253
655 4561
655 4826
655 4959
2951 505
2951 614
2951 2455
2951 2475
2951 2499
2951 2574
2951 2594
2951 2682
2951 2744
2951 2819
2951 2849
2951 2852
2951 2861
2951 2875
2951 2905
2951 2907
2951 2935
2951 2975
2951 3000
2951 3007
2951 3008
2951 4049
2951 4176
2951 4767
3351 2339
3351 3365
3351 3738
3351 3789
3351 3799
3351 3825
3351 3828
3351 4288
3666 610
3666 2901
3666 3103
3666 3661
3666 3705
3666 3738
3666 3750
3666 3791
3666 3820
3666 4395
4333 891
4333 4808
4333 4828
4333 4950
4333 4977
4333 4978
4333 4989
4607 1635
4607 2906
4607 4491
4607 4775
4607 4849
4607 4898
4607 4902
644 358
644 359
644 363
644 387
644 429
644 432
644 441
644 444
644 451
644 456
644 471
644 484
644 509
644 511
644 515
644 518
644 520
644 553
644 555
644 558
644 570
644 596
644 604
644 608
644 619
644 620
644 628
644 636
644 642
644 653
644 662
644 1130
644 1827
644 2747
644 2859
644 3646
644 4262
644 4848
2128 2272
2128 2397
2128 2447
2684 2654
2684 2798
2684 2814
2684 2864
2684 2902
2684 2972
2684 3007
2684 3008
2684 4994
2875 1505
2875 2126
2875 2760
2875 2778
2875 2805
2875 2817
2875 2833
2875 2860
2875 2920
2875 2923
2875 2999
2875 3000
2875 3007
2875 3008
2875 3061
3541 549
3541 2184
3541 3043
3541 3098
3541 3307
3541 3367
3541 3452
3541 3484
3541 3499
3541 3540
3541 3671
3993 3850
3993 4087
3993 4152
3993 4172
3993 4202
4660 1183
4660 1378
4660 4265
4660 4843
4660 4928
4660 4943
4810 704
4810 925
4810 2615
4810 3419
4810 4366
4810 4410
4810 4499
4810 4553
4810 4637
4810 4702
4810 4771
4810 4785
4810 4836
4810 4924
4810 4953
4810 4996
696 1119
696 1181
696 1204
696 1366
696 1382
696 1528
1387 576
1387 1227
1387 1283
1387 1354
1387 1420
1387 1427
1387 1473
1387 1475
1387 1496
1387 1501
1387 1543
1387 1551
1387 2945
1387 3708
1387 4946
1529 792
1529 800
1529 803
1529 940
1529 974
1529 1021
1529 1088
1529 1102
1529 1109
1529 1151
1529 1185
1529 1193
1529 1201
1529 1234
1529 1260
1529 1268
1529 1269
1529 1291
1529 1300
1529 1305
1529 1316
1529 1346
1529 1348
1529 1370
1529 1376
1529 1381
1529 1398
1529 1405
1529 1427
1529 1468
1529 1516
1529 1533
1529 1536
1529 1725
1529 1837
1529 2341
1529 2367
1529 2451
1529 3762
1529 4971
1686 1282
1686 1574
1686 1844
1686 1882
1686 1901
1686 1908
1686 1909
1686 1922
3423 611
3423 2439
3423 3717
3423 3762
3423 3774
3423 3800
3628 1429
3628 1916
3628 3500
3628 3512
3628 3571
3628 3589
3628 3599
3628 3601
3628 3668
3628 3670
3628 3747
3628 3753
3628 3784
3628 3801
3628 3806
3628 3828
4230 4507
4230 4697
4230 4713
4230 4910
4230 4933
1367 732
1367 765
1367 906
1367 922
1367 949
1367 1064
1367 1145
1367 1215
1367 1311
1367 1347
1367 1368
1367 1405
1367 1428
1367 1499
1367 3406
1474 669
1474 709
1474 763
1474 834
1474 891
1474 910
1474 913
1474 953
1474 954
1474 1038
1474 1173
1474 1254
1474 1293
1474 1307
1474 1317
1474 1355
1474 1392
1474 1394
1474 1543
1474 2038
1474 3409
1474 4857
1474 4950
1542 443
1542 550
1542 682
1542 694
1542 723
1542 740
1542 763
1542 768
1542 780
1542 783
1542 813
1542 815
1542 859
1542 872
1542 884
1542 889
1542 916
1542 943
1542 969
1542 970
1542 982
1542 1004
1542 1037
1542 1056
1542 1078
1542 1116
1542 1161
1542 1169
1542 1184
1542 1196
1542 1212
1542 1226
1542 1249
1542 1275
1542 1288
1542 1349
1542 1365
1542 1372
1542 1384
1542 1386
1542 1388
1542 1395
1542 1433
1542 1443
1542 1445
1542 1499
1542 1505
1542 1533
1542 1555
1542 1975
1542 2700
1542 2937
1542 3904
1542 4367
1542 4843
1542 4866
1542 4922
3011 3521
3011 3575
3710 2968
3710 3006
3710 3107
3710 3221
3710 3241
3710 3493
3710 3532
3710 3595
3710 3596
3710 3639
3710 3650
3710 3661
3710 3705
3710 3750
3710 3791
3710 3820
3710 4180
3710 4841
4867 486
4867 1188
4867 1381
4867 4471
4867 4568
4867 4588
4867 4606
4867 4634
4867 4694
4867 4707
4867 4754
4867 4770
4867 4793
4867 4805
4867 4828
4867 4835
4867 4897
4867 4918
4867 4935
4867 4950
4867 4977
4867 4989
4963 627
4963 660
4963 753
4963 759
4963 1683
4963 2434
4963 2553
4963 2723
4963 2979
4963 4325
4963 4458
4963 4480
4963 4543
4963 4566
4963 4585
4963 4599
4963 4623
4963 4665
4963 4668
4963 4709
4963 4725
4963 4743
4963 4752
4963 4765
4963 4781
4963 4782
4963 4784
4963 4802
4963 4806
4963 4811
4963 4824
4963 4868
4963 4875
4963 4887
4963 4911
4963 4930
4963 4933
4963 4934
4963 4940
4963 4951
4963 4956
4963 4967
4963 4994
940 623
940 946
940 963
940 1223
940 1348
1479 819
1479 905
1479 963
1479 979
1479 1066
1479 1074
1479 1106
1479 1188
1479 1203
1479 1224
1479 1238
1479 1301
1479 1329
1479 1364
1479 1385
1479 1425
1479 1429
1479 1471
1479 1485
1479 1544
1479 1559
1479 2297
1479 3618
1479 3748
1479 4374
1479 4514
1479 4800
1870 1381
1870 1566
1870 1625
1870 1642
1870 1662
1870 1712
1870 1726
1870 1761
1870 1767
1870 1777
1870 1781
1870 1800
1870 1815
1870 1822
1870 1835
1870 1842
1870 1845
1870 1850
1870 1880
1870 1891
1870 2395
1870 3455
1870 3785
1870 4840
2960 1544
2960 1778
2960 2506
2960 2583
2960 2653
2960 2695
2960 2700
2960 2754
2960 2761
2960 2785
2960 2790
2960 2798
2960 2799
2960 2800
2960 2806
2960 2866
2960 2881
2960 2889
2960 2904
2960 2913
2960 2922
2960 2924
2960 2935
2960 2958
2960 2964
2960 2975
2960 2985
2960 2997
2960 3006
2960 3009
2960 3308
2960 3769
3565 1742
3565 3525
3565 3663
3565 3716
3565 3760
3565 3771
3565 3789
3565 3805
3565 4556
3701 1520
3701 2342
3701 3078
3701 3115
3701 3255
3701 3342
3701 3346
3701 3517
3701 3530
3701 3573
3701 3627
3701 3683
3701 3734
3701 3738
3701 3792
3701 3799
3701 3808
3701 3828
4202 1333
4202 2454
4202 2938
4202 3072
4202 3516
4202 3859
4202 3864
4202 3872
4202 3924
4202 3928
4202 3944
4202 3955
4202 3963
4202 3984
4202 3985
4202 4001
4202 4002
4202 4017
4202 4023
4202 4061
4202 4092
4202 4099
4202 4102
4202 4147
4202 4149
4202 4156
4202 4166
4202 4170
4202 4172
4202 4180
4202 4191
4202 4195
4202 4201
4202 4203
4202 4209
4202 4216
4202 4219
4202 4221
4202 4225
4202 4590
4847 3995
4847 4253
4847 4255
4847 4268
4847 4274
4847 4297
4847 4321
4847 4335
4847 4342
4847 4447
4847 4516
4847 4547
4847 4669
4847 4681
4847 4733
4847 4840
4847 4866
4847 4931
4847 4957
791 897
791 1551
791 2115
1447 856
1447 880
1447 1003
1447 1107
1447 1145
1447 1241
1447 1273
1447 1285
1447 1337
1447 1351
1447 1393
1447 1467
1447 1478
1447 1501
1447 1505
1447 1521
1447 1534
1447 1544
1447 1559
1447 2044
1447 2076
1447 2923
1447 3583
2011 2044
2011 2288
2011 2341
2011 2414
2011 2425
2011 3563
2999 411
2999 868
2999 927
2999 1861
2999 2229
2999 2244
2999 2466
2999 2467
2999 2475
2999 2483
2999 2501
2999 2560
2999 2572
2999 2583
2999 2589
2999 2591
2999 2594
2999 2619
2999 2624
2999 2626
2999 2649
2999 2676
2999 2677
2999 2682
2999 2683
2999 2693
2999 2697
2999 2701
2999 2703
2999 2708
2999 2716
2999 2729
2999 2744
2999 2750
2999 2760
2999 2772
2999 2777
2999 2778
2999 2779
2999 2818
2999 2819
2999 2821
2999 2832
2999 2833
2999 2852
2999 2861
2999 2890
2999 2904
2999 2923
2999 2947
2999 2954
2999 2975
2999 3007
2999 3008
2999 3563
2999 3965
2999 4185
2999 4814
3671 402
3671 638
3671 3098
3671 3307
3671 3323
3671 3367
3671 3409
3671 3410
3671 3429
3671 3449
3671 3452
3671 3453
3671 3475
3671 3499
3671 3524
3671 3540
3671 3677
3671 3716
4225 1176
4225 1215
4225 1380
4225 1383
4225 1455
4225 1630
4225 1879
4225 2393
4225 2453
4225 3144
4225 3743
4225 3834
4225 3840
4225 3845
4225 3846
4225 3853
4225 3855
4225 3858
4225 3879
4225 3890
4225 3898
4225 3923
4225 3925
4225 3928
4225 3941
4225 3942
4225 3949
4225 3956
4225 3958
4225 3990
4225 4001
4225 4002
4225 4011
4225 4018
4225 4028
4225 4031
4225 4052
4225 4056
4225 4071
4225 4086
4225 4087
4225 4092
4225 4097
4225 4103
4225 4106
4225 4115
4225 4139
4225 4156
4225 4166
4225 4170
4225 4172
4225 4173
4225 4175
4225 4176
4225 4180
4225 4183
4225 4186
4225 4201
4225 4203
4225 4204
4225 4205
4225 4206
4225 4209
4225 4214
4225 4216
4225 4278
4225 4926
587 362
587 370
587 392
587 410
587 464
587 471
587 497
587 510
587 543
587 603
587 659
587 837
1654 1665
1654 1774
1654 1800
1654 1843
1654 1880
1654 2888
1840 1688
1840 1696
1840 1736
1840 1766
1840 1770
1840 1780
1840 1794
1840 1829
1840 1848
1840 1911
1840 2379
1840 2993
1840 3910
1840 4893
2160 1933
2160 2027
2160 2170
2160 2209
2160 2371
2160 2414
2160 2442
2447 633
2447 1534
2447 1543
2447 1562
2447 1957
2447 1984
2447 1993
2447 2020
2447 2030
2447 2034
2447 2049
2447 2075
2447 2081
2447 2082
2447 2086
2447 2118
2447 2161
2447 2179
2447 2202
2447 2224
2447 2231
2447 2234
2447 2235
2447 2250
2447 2266
2447 2285
2447 2291
2447 2313
2447 2314
2447 2317
2447 2334
2447 2345
2447 2351
2447 2360
2447 2366
2447 2368
2447 2375
2447 2388
2447 2397
2447 2417
2447 2423
2447 2428
2447 2451
2447 2963
2447 3478
2447 3735
2447 3875
2447 4059
2447 4109
2447 4989
3640 1226
3640 1272
3640 1369
3640 3093
3640 3104
3640 3332
3640 3483
3640 3522
3640 3599
3640 3656
3640 3670
3640 3747
3640 3769
3640 3772
3640 3784
3640 3801
3640 3806
4449 2894
4449 4705
4449 4978
532 392
532 505
532 610
532 625
532 633
532 645
532 659
532 660
532 3706
1433 851
1433 1056
1433 1196
1433 1226
1433 1246
1433 1288
1433 1349
1433 1359
1433 1386
1433 1388
1433 1443
1433 1445
1433 1517
1433 1520
1433 1555
1433 2451
1433 2513
1433 3009
1433 4428
3623 1413
3623 3083
3623 3156
3623 3224
3623 3230
3623 3301
3623 3356
3623 3519
3623 3604
3623 3652
3623 3665
3623 3697
3623 3722
3623 3745
3623 4045
3623 4662
3748 573
3748 2444
3748 2814
3748 3032
3748 3186
3748 3275
3748 3308
3748 3327
3748 3377
3748 3380
3748 3485
3748 3501
3748 3521
3748 3548
3748 3550
3748 3557
3748 3592
3748 3602
3748 3636
3748 3683
3748 3699
3748 3709
3748 3739
3748 3746
3748 3774
3748 3778
3748 3782
3748 3794
3748 3980
3748 4616
3748 4622
4109 3772
4109 3863
4109 4034
4109 4096
4109 4102
4109 4120
4109 4143
4109 4183
4109 4184
4109 4188
4109 4749
4149 510
4149 3147
4149 3922
4149 4089
4149 4103
4149 4104
4149 4129
4149 4140
4149 4141
4149 4155
4149 4161
4149 4176
4149 4185
4149 4206
4149 4221
4149 4994
4219 1175
4219 1241
4219 2695
4219 2976
4219 3161
4219 3841
4219 3851
4219 3859
4219 3894
4219 3899
4219 3919
4219 3943
4219 3965
4219 3967
4219 4003
4219 4004
4219 4022
4219 4025
4219 4034
4219 4060
4219 4062
4219 4076
4219 4079
4219 4085
4219 4087
4219 4106
4219 4125
4219 4139
4219 4155
4219 4156
4219 4157
4219 4166
4219 4170
4219 4172
4219 4175
4219 4177
4219 4180
4219 4186
4219 4191
4219 4201
4219 4203
4219 4205
4219 4209
4219 4214
4219 4216
4219 4853
4219 4921
4219 4924
4679 1032
4679 1998
4679 4273
4679 4696
4679 4927
4679 4947
4679 4961
4679 4974
1133 664
1133 996
1133 1025
1133 1256
1133 1271
1133 1282
1133 1301
1133 1360
1133 1752
1166 685
1166 706
1166 717
1166 837
1166 888
1166 1189
1166 1428
1166 3417
1555 577
1555 630
1555 665
1555 682
1555 694
1555 705
1555 723
1555 726
1555 728
1555 763
1555 783
1555 788
1555 790
1555 813
1555 814
1555 815
1555 825
1555 872
1555 884
1555 889
1555 916
1555 943
1555 955
1555 969
1555 970
1555 982
1555 1004
1555 1027
1555 1036
1555 1037
1555 1054
1555 1056
1555 1078
1555 1080
1555 1116
1555 1150
1555 1161
1555 1169
1555 1184
1555 1196
1555 1212
1555 1226
1555 1249
1555 1275
1555 1288
1555 1311
1555 1322
1555 1329
1555 1330
1555 1349
1555 1357
1555 1372
1555 1384
1555 1386
1555 1388
1555 1394
1555 1395
1555 1396
1555 1419
1555 1443
1555 1445
1555 1478
1555 1536
1555 1551
1555 1802
1555 2647
1555 2775
1555 3396
1555 3746
1555 3784
1555 3975
1555 4100
1555 4191
1555 4263
1555 4798
1555 4848
1725 1658
1725 1726
1725 1817
1725 1829
1725 1833
1725 1911
1725 4944
2268 1934
2268 2083
2268 2187
2268 2273
2268 2304
2268 2373
2268 2376
2268 2401
2268 2416
2268 2430
2268 4139
2885 2633
2885 2679
2885 2722
2885 2754
2885 2762
2885 2783
2885 2801
2885 2803
2885 2806
2885 2898
2885 2935
2885 2945
2885 2981
2885 2997
2885 3006
2885 3009
2885 4389
2885 4966
2910 1254
2910 1286
2910 2481
2910 2702
2910 2705
2910 2746
2910 2818
2910 2923
2910 2953
2910 2965
2910 2966
2910 2969
2910 2992
2910 3006
2910 3675
3060 3784
3060 3795
3060 3801
3060 3806
3956 4074
3956 4089
3956 4118
3956 4122
3956 4145
3956 4169
4631 578
4631 4337
4631 4551
4631 4591
4631 4629
4631 4696
4631 4722
4631 4944
4631 4971
1015 693
1015 895
1015 977
1015 1032
1015 1225
1015 1263
1015 1536
1015 2881
2014 2075
2014 2086
2014 2242
2014 2311
2014 2317
2904 1505
2904 2484
2904 2561
2904 2564
2904 2658
2904 2772
2904 2849
2904 2854
2904 2899
2904 2936
2904 2939
2904 2941
2904 2946
2904 2972
2904 2975
2904 3007
2904 3008
2904 3754
2904 4499
2904 4779
2917 2390
2917 2600
2917 2632
2917 2644
2917 2678
2917 2743
2917 2752
2917 2776
2917 2791
2917 2821
2917 2836
2917 2901
2917 2921
2917 2935
2917 2953
2917 2954
2917 2964
2917 2997
2917 3007
2917 3009
2917 3806
2917 4342
2917 4576
3521 2887
3521 3357
3521 3566
3521 3662
3521 3683
3521 3778
3521 3782
3521 3785
3521 3794
3521 3825
3527 3350
3527 3531
3527 3597
3527 3708
3527 3720
3527 3799
3527 3825
3527 3828
3527 4752
4127 1544
4127 3365
4127 3914
4127 3938
4127 3939
4127 3961
4127 3966
4127 3994
4127 4056
4127 4074
4127 4086
4127 4089
4127 4100
4127 4118
4127 4122
4127 4154
4127 4164
4127 4169
4871 1180
4871 1352
4871 3327
4871 4041
4871 4341
4871 4501
4871 4591
4871 4748
4871 4786
4871 4807
4871 4851
4871 4908
4871 4928
4871 4948
4871 4978
4926 1055
4926 2436
4926 3173
4926 3329
4926 4406
4926 4562
4926 4602
4926 4703
4926 4766
4926 4773
4926 4786
4926 4820
4926 4821
4926 4840
4926 4842
4926 4844
4926 4856
4926 4860
4926 4869
4926 4887
4926 4933
4926 4946
4926 4957
4926 4964
4926 4981
4926 4989
1006 1351
1006 1496
1006 1543
1006 1551
1006 2370
1228 980
1228 1324
1228 1475
1228 1501
1228 1543
1228 1551
1228 3324
1228 4596
1924 2246
1924 2282
1924 2387
1924 2409
1924 2419
2944 817
2944 2435
2944 2458
2944 2480
2944 2564
2944 2566
2944 2658
2944 2682
2944 2722
2944 2819
2944 2852
2944 2858
2944 2891
2944 2899
2944 2920
2944 2941
2944 2961
2944 2967
2944 3007
2944 3008
2944 4567
3486 749
3486 2787
3486 3016
3486 3263
3486 3265
3486 3379
3486 3406
3486 3414
3486 3477
3486 3629
3486 3657
3486 3782
3801 910
3801 1242
3801 1810
3801 2182
3801 2383
3801 2906
3801 3020
3801 3025
3801 3035
3801 3043
3801 3056
3801 3093
3801 3104
3801 3130
3801 3133
3801 3153
3801 3180
3801 3185
3801 3247
3801 3265
3801 3280
3801 3289
3801 3322
3801 3332
3801 3357
3801 3403
3801 3416
3801 3440
3801 3483
3801 3494
3801 3522
3801 3525
3801 3526
3801 3571
3801 3589
3801 3599
3801 3601
3801 3614
3801 3668
3801 3670
3801 3695
3801 3722
3801 3747
3801 3753
3801 3784
3801 3797
3801 3806
3801 4130
3801 4172
4994 632
4994 663
4994 1271
4994 1342
4994 1478
4994 1543
4994 1920
4994 2977
4994 3187
4994 3495
4994 3750
4994 3758
4994 3974
4994 4167
4994 4238
4994 4280
4994 4288
4994 4314
4994 4325
4994 4339
4994 4369
4994 4415
4994 4422
4994 4436
4994 4446
4994 4458
4994 4461
4994 4467
4994 4489
4994 4500
4994 4543
4994 4563
4994 4567
4994 4594
4994 4599
4994 4623
4994 4626
4994 4665
4994 4668
4994 4674
4994 4709
4994 4712
4994 4720
4994 4725
4994 4728
4994 4752
4994 4764
4994 4765
4994 4777
4994 4781
4994 4782
4994 4784
4994 4787
4994 4806
4994 4809
4994 4811
4994 4824
4994 4868
4994 4869
4994 4875
4994 4887
4994 4907
4994 4911
4994 4925
4994 4930
4994 4934
4994 4940
4994 4956
4994 4967
2968 1201
2968 2104
2968 2463
2968 2550
2968 2562
2968 2601
2968 2631
2968 2679
2968 2749
2968 2753
2968 2766
2968 2770
2968 2774
2968 2833
2968 2839
2968 2857
2968 2862
2968 2882
2968 2894
2968 2925
2968 2928
2968 2930
2968 2950
2968 2955
2968 2967
2968 2974
2968 2995
2968 3454
2968 3932
2968 4563
3082 3232
3082 3343
3082 3419
3525 3200
3525 3282
3525 3349
3525 3404
3525 3534
3525 3600
3525 3604
3525 3610
3525 3617
3525 3633
3525 3650
3525 4978
3596 601
3596 835
3596 3206
3596 3685
3596 3717
3596 3750
3596 3820
3596 4184
3663 557
3663 1298
3663 3143
3663 3169
3663 3314
3663 3475
3663 3524
3663 3746
3663 3758
3663 3771
3663 3789
3663 3805
3663 3823
3663 4737
3719 510
3719 3287
3719 3333
3719 3365
3719 3412
3719 3454
3719 3468
3719 3480
3719 3493
3719 3606
3719 3611
3719 3618
3719 3624
3719 3633
3719 3643
3719 3669
3719 3736
3719 3740
3719 3786
3719 3797
3719 3823
3719 4101
3719 4102
4753 3008
4753 4529
4753 4538
4753 4585
4753 4666
4753 4801
4753 4835
4753 4859
4753 4898
4753 4902
4753 4911
4753 4927
1153 1289
1153 1355
1153 1395
1153 1437
1153 1508
1153 2331
1153 3806
1207 743
1207 756
1207 849
1207 901
1207 1033
1207 1058
1207 1070
1207 1177
1207 1214
1207 3078
1207 3755
2217 2033
2217 2068
2217 2111
2217 2393
2217 2412
2217 2439
2217 2806
2217 3153
2263 2021
2263 2069
2263 2116
2263 2136
2263 2163
2263 2282
2263 2300
2263 2324
2263 2387
2263 2409
2263 2451
2263 3528
2263 4132
2902 2530
2902 2645
2902 2662
2902 2694
2902 2701
2902 2715
2902 2816
2902 2831
2902 2938
2902 2952
2902 2977
2902 2979
2902 3177
2902 4343
3808 429
3808 1074
3808 1897
3808 1900
3808 2484
3808 3042
3808 3052
3808 3076
3808 3097
3808 3122
3808 3126
3808 3187
3808 3198
3808 3211
3808 3316
3808 3339
3808 3362
3808 3370
3808 3371
3808 3408
3808 3449
3808 3470
3808 3532
3808 3536
3808 3542
3808 3562
3808 3579
3808 3580
3808 3606
3808 3658
3808 3675
3808 3682
3808 3688
3808 3697
3808 3728
3808 3775
3808 3782
3808 3783
3808 3791
3808 4075
3808 4102
3808 4167
3808 4373
4083 3852
4083 3882
4083 4070
4083 4090
4083 4101
4083 4120
4083 4167
4083 4177
4083 4178
4083 4221
4083 4535
4083 4956
4175 518
4175 630
4175 683
4175 2425
4175 2836
4175 3716
4175 3852
4175 3859
4175 3923
4175 3942
4175 3967
4175 3970
4175 4020
4175 4023
4175 4051
4175 4062
4175 4066
4175 4079
4175 4092
4175 4133
4175 4152
4175 4156
4175 4166
4175 4180
4175 4183
4175 4188
4175 4190
4175 4201
4175 4214
4175 4216
4261 1457
4261 4571
4261 4657
4261 4807
4261 4826
604 367
604 399
604 450
604 547
604 557
604 562
604 567
604 579
604 612
604 620
604 627
604 632
604 647
604 1405
604 2641
604 2897
941 938
941 4053
1622 1720
1622 1796
1622 1817
1622 1846
1622 1879
1622 2027
1623 1694
1623 1786
1623 1790
1623 4955
1645 1819
1645 1842
1645 1893
1775 1107
1775 1669
1775 1707
1775 1729
1775 1798
1775 1922
1775 4771
2097 1999
2097 2047
2097 2058
2097 2358
2097 2451
2097 3712
2665 2595
2665 2660
2665 2787
2665 2829
2665 2871
2665 2878
2665 2888
2665 2915
2665 4835
3114 3474
3114 3716
3114 3754
3720 2190
3720 3019
3720 3040
3720 3079
3720 3143
3720 3291
3720 3341
3720 3369
3720 3468
3720 3523
3720 3531
3720 3691
3720 3708
3720 3738
3720 3739
3720 3792
3720 3799
3720 3825
3720 3828
3720 4248
3720 4512
4229 4688
4229 4950
4229 4989
4928 1448
4928 1536
4928 1732
4928 1844
4928 4166
4928 4360
4928 4370
4928 4379
4928 4541
4928 4692
4928 4704
4928 4787
4928 4801
4928 4813
4928 4822
4928 4834
4928 4843
4928 4868
4928 4892
4928 4893
4928 4952
4928 4977
4928 4978
420 385
420 561
420 633
420 659
420 660
675 662
1817 1143
1817 1169
1817 1680
1817 1719
1817 1723
1817 1822
1817 1825
1817 1846
1817 1879
1817 1891
1817 1892
1817 1911
1817 2681
3685 784
3685 3344
3685 3361
3685 3374
3685 3408
3685 3445
3685 3479
3685 3514
3685 3545
3685 3572
3685 3590
3685 3681
3685 3693
3685 3718
3685 3732
3685 3795
3685 4050
3685 4061
3685 4257
3685 4953
3696 697
3696 1833
3696 2691
3696 2945
3696 3458
3696 3526
3696 3621
3696 3634
3696 3667
3696 3703
3696 3713
3696 3717
3696 3724
3696 3740
3696 3755
3696 3774
3696 3778
3696 3800
3696 3820
4082 2941
4082 3944
4082 3949
4082 4048
4082 4104
4082 4132
4082 4155
4082 4161
4082 4193
4082 4196
4082 4206
4082 4221
4082 4853
4183 915
4183 1706
4183 2277
4183 2340
4183 2358
4183 2571
4183 3839
4183 3841
4183 3869
4183 3930
4183 3941
4183 3958
4183 4002
4183 4020
4183 4049
4183 4132
4183 4142
4183 4156
4183 4166
4183 4167
4183 4170
4183 4186
4183 4191
4183 4195
4183 4201
4183 4203
4183 4205
4183 4209
4183 4216
4183 4221
4183 4953
4344 2810
4344 4327
4344 4683
4344 4788
4344 4877
4344 4943
4344 4967
4551 4273
4551 4337
4551 4598
4551 4600
4551 4713
4551 4947
769 893
769 1014
769 1199
769 1242
769 4750
1223 800
1223 1044
1223 1077
1223 1293
1223 1405
1223 1516
1223 1544
1223 2930
1289 830
1289 1258
1289 1374
1289 1466
1289 1507
1289 1508
1289 1516
1289 1551
1289 3652
1289 4971
2433 892
2433 1997
2433 2044
2433 2048
2433 2096
2433 2108
2433 2125
2433 2134
2433 2143
2433 2146
2433 2172
2433 2198
2433 2209
2433 2212
2433 2239
2433 2243
2433 2255
2433 2260
2433 2292
2433 2311
2433 2330
2433 2338
2433 2345
2433 2364
2433 2366
2433 2373
2433 2379
2433 2393
2433 2414
2433 2417
2433 2422
2433 2425
2433 2430
2433 2442
2433 2967
2433 3567
2433 4159
2433 4576
2433 4774
2433 4927
2886 2383
2886 2536
2886 2660
2886 2718
2886 2720
2886 2764
2886 2880
2886 2894
2886 2949
2886 2950
2886 2961
2886 2964
2886 2974
2886 2995
2886 4850
2941 1238
2941 1507
2941 2466
2941 2520
2941 2589
2941 2636
2941 2770
2941 2781
2941 2801
2941 2890
2941 2898
2941 2899
2941 2907
2941 2920
2941 2989
2941 3006
2941 3007
2941 3008
3658 1536
3658 1559
3658 3010
3658 3389
3658 3655
3658 3661
3658 3688
3658 3697
3658 3775
3658 3783
3658 3789
3658 4727
3783 746
3783 2012
3783 2583
3783 2771
3783 2966
3783 3031
3783 3097
3783 3122
3783 3126
3783 3129
3783 3187
3783 3188
3783 3210
3783 3252
3783 3298
3783 3313
3783 3355
3783 3362
3783 3403
3783 3493
3783 3501
3783 3536
3783 3542
3783 3568
3783 3639
3783 3655
3783 3675
3783 3682
3783 3697
3783 3727
3783 3769
3783 3775
3783 3789
3783 4196
4574 4201
4574 4422
4574 4569
4574 4743
4574 4744
4574 4943
4574 4978
4574 4979
731 1380
731 1544
1037 1415
1832 1252
1832 1559
1832 1584
1832 1617
1832 1754
1832 1758
1832 1777
1832 1864
1832 1879
1832 1904
1832 1907
1832 1916
1832 1922
1832 4842
1890 1095
1890 1705
1890 1720
1890 1750
1890 1771
1890 1798
1890 1820
1890 1852
1890 1862
1890 1863
1890 1883
1890 1885
1890 1886
1890 1892
1890 1904
1890 1907
1890 1916
1890 1920
1890 1921
1890 1922
1890 3636
2038 1998
2038 2229
2038 2328
2038 2423
2038 2444
2206 1980
2206 2058
2206 2089
2206 2299
2206 2325
2206 2331
2206 2333
2206 2372
2206 2408
2206 2435
2206 2616
2220 2052
2220 2106
2220 2210
2220 2291
2220 2366
2220 2393
2220 2411
2220 2422
2220 4905
2284 2071
2284 2087
2284 2088
2284 2107
2284 2341
2284 2395
2284 2417
2284 2425
2284 2442
2522 2760
2522 2797
2522 2929
2522 2937
2522 2977
725 840
725 1505
831 706
831 1521
831 3636
972 693
972 776
972 833
972 996
972 1040
972 1281
972 2234
982 1395
982 1478
1396 975
1396 978
1396 984
1396 1057
1396 1270
1396 1302
1396 1319
1396 1328
1396 1413
1396 1448
1396 1487
1396 1505
1396 3007
1396 3636
1396 3683
1772 1576
1772 1602
1772 1669
1772 1693
1772 1784
1772 1799
1772 1813
1772 1827
1772 1894
1772 1897
1796 573
1796 1698
1796 1728
1796 1824
1796 1829
1796 1879
1796 1892
1796 1911
1796 1915
1801 679
1801 1574
1801 1681
1801 1705
1801 1747
1801 1790
1801 1837
1801 1891
1801 1900
1801 1907
1801 1916
1801 1921
1801 1922
2051 2115
2051 2153
2051 2200
2051 2232
2051 2261
2752 2498
2752 2541
2752 2761
2752 2958
2752 2985
2752 2995
2752 2997
2752 3009
2899 2466
2899 2621
2899 2648
2899 2691
2899 2695
2899 2732
2899 2764
2899 2852
2899 2854
2899 2864
2899 2972
2899 3008
2899 4106
2899 4673
3652 600
3652 3184
3652 3224
3652 3230
3652 3272
3652 3356
3652 3366
3652 3406
3652 3481
3652 3492
3652 3603
3652 3702
3652 3722
3652 3728
3652 3745
3652 3794
3652 4308
3652 4591
4115 802
4115 3476
4115 3840
4115 3918
4115 4004
4115 4024
4115 4097
4115 4137
4115 4173
4115 4184
4115 4186
4115 4188
4155 577
4155 1021
4155 1330
4155 2226
4155 3281
4155 3847
4155 3893
4155 4002
4155 4058
4155 4085
4155 4103
4155 4129
4155 4161
4155 4164
4155 4176
4155 4195
4155 4196
4155 4206
4155 4215
4155 4221
4859 2197
4859 3009
4859 3828
4859 4441
4859 4459
4859 4491
4859 4504
4859 4530
4859 4568
4859 4677
4859 4712
4859 4731
4859 4789
4859 4801
4859 4835
4859 4895
4859 4898
4859 4902
1263 823
1263 827
1263 889
1263 977
1263 1103
1263 1121
1263 1430
1263 1525
1263 3795
1466 684
1466 726
1466 917
1466 923
1466 949
1466 1130
1466 1209
1466 1224
1466 1253
1466 1257
1466 1314
1466 1344
1466 1374
1466 1379
1466 1404
1466 1406
1466 1423
1466 1437
1466 1507
1466 1508
1466 2525
1466 3092
1466 3985
1466 4729
1466 4736
1466 4967
1656 469
1656 1747
1656 1759
1656 1762
1656 1806
2439 1304
2439 1771
2439 1926
2439 1935
2439 1964
2439 1983
2439 1990
2439 1998
2439 2019
2439 2023
2439 2052
2439 2068
2439 2117
2439 2124
2439 2141
2439 2180
2439 2184
2439 2227
2439 2242
2439 2243
2439 2247
2439 2248
2439 2252
2439 2255
2439 2276
2439 2277
2439 2339
2439 2356
2439 2360
2439 2367
2439 2382
2439 2387
2439 2388
2439 2393
2439 2411
2439 2418
2439 2424
2439 2430
2439 2440
2439 2453
2439 2534
2439 2921
2439 3917
2439 4726
2453 602
2453 973
2453 1128
2453 1150
2453 1440
2453 1467
2453 1935
2453 1953
2453 1956
2453 1980
2453 2023
2453 2030
2453 2040
2453 2055
2453 2068
2453 2077
2453 2084
2453 2090
2453 2123
2453 2124
2453 2141
2453 2150
2453 2152
2453 2180
2453 2184
2453 2192
2453 2204
2453 2228
2453 2245
2453 2247
2453 2253
2453 2254
2453 2257
2453 2272
2453 2276
2453 2277
2453 2296
2453 2301
2453 2310
2453 2327
2453 2330
2453 2339
2453 2342
2453 2345
2453 2356
2453 2367
2453 2371
2453 2376
2453 2378
2453 2382
2453 2393
2453 2401
2453 2411
2453 2413
2453 2422
2453 2424
2453 2428
2453 2440
2453 2442
2453 2773
2453 2876
2453 3007
2453 3569
2453 4093
2453 4104
2453 4177
2453 4673
2507 1792
2507 2471
2507 2648
2507 2955
2507 2976
2507 2977
2615 2966
2615 2969
2615 3006
2735 2509
2735 2620
2735 2671
2735 2681
2735 2787
2735 2821
2735 2833
2735 2878
2735 2888
2735 3477
4102 850
4102 3977
4102 4069
4102 4107
4102 4143
4102 4188
4221 659
4221 2049
4221 2276
4221 2907
4221 2985
4221 3592
4221 3839
4221 3867
4221 3875
4221 3884
4221 3885
4221 3896
4221 3908
4221 3911
4221 3927
4221 3929
4221 3948
4221 3951
4221 3971
4221 3980
4221 3989
4221 3998
4221 4010
4221 4032
4221 4044
4221 4058
4221 4064
4221 4077
4221 4085
4221 4088
4221 4103
4221 4104
4221 4111
4221 4121
4221 4123
4221 4129
4221 4161
4221 4164
4221 4173
4221 4176
4221 4185
4221 4186
4221 4190
4221 4193
4221 4195
4221 4196
4221 4206
4221 4209
4221 4573
4221 4698
4618 1382
4618 4322
4618 4754
4618 4894
4618 4918
4618 4935
4618 4989
4665 2945
4665 4305
4665 4817
4665 4907
4665 4930
4665 4940
4665 4967
4951 1452
4951 2411
4951 2428
4951 2430
4951 2742
4951 2976
4951 3352
4951 4307
4951 4326
4951 4334
4951 4357
4951 4399
4951 4432
4951 4434
4951 4439
4951 4445
4951 4472
4951 4478
4951 4483
4951 4500
4951 4502
4951 4535
4951 4575
4951 4622
4951 4633
4951 4686
4951 4700
4951 4736
4951 4739
4951 4762
4951 4765
4951 4774
4951 4809
4951 4821
4951 4825
4951 4827
4951 4833
4951 4852
4951 4879
4951 4922
4951 4930
4951 4955
4951 4989
4966 652
4966 654
4966 1035
4966 1467
4966 1516
4966 1692
4966 1904
4966 1909
4966 3621
4966 4240
4966 4242
4966 4249
4966 4311
4966 4330
4966 4353
4966 4390
4966 4431
4966 4436
4966 4470
4966 4473
4966 4501
4966 4507
4966 4509
4966 4531
4966 4554
4966 4581
4966 4590
4966 4595
4966 4596
4966 4613
4966 4622
4966 4683
4966 4697
4966 4698
4966 4730
4966 4783
4966 4787
4966 4910
4966 4917
4966 4925
4966 4968
4966 4971
4966 4974
4977 553
4977 705
4977 2626
4977 2690
4977 3534
4977 3585
4977 3780
4977 3784
4977 4236
4977 4260
4977 4265
4977 4277
4977 4278
4977 4295
4977 4300
4977 4316
4977 4351
4977 4435
4977 4448
4977 4454
4977 4455
4977 4462
4977 4497
4977 4520
4977 4576
4977 4588
4977 4606
4977 4616
4977 4634
4977 4688
4977 4691
4977 4694
4977 4705
4977 4707
4977 4749
4977 4760
4977 4764
4977 4770
4977 4772
4977 4793
4977 4805
4977 4808
4977 4817
4977 4828
4977 4834
4977 4841
4977 4869
4977 4894
4977 4897
4977 4918
4977 4930
4977 4935
4977 4950
4977 4971
4977 4989
653 366
653 378
653 381
653 391
653 403
653 404
653 425
653 427
653 437
653 439
653 443
653 449
653 452
653 461
653 474
653 476
653 481
653 483
653 484
653 491
653 511
653 513
653 547
653 558
653 561
653 565
653 577
653 588
653 596
653 597
653 601
653 606
653 608
653 618
653 619
653 631
653 638
653 656
653 1469
653 2836
653 2839
653 3225
653 4190
653 4624
653 4921
653 4961
1428 573
1428 732
1428 745
1428 760
1428 765
1428 915
1428 922
1428 932
1428 949
1428 1043
1428 1215
1428 1218
1428 1311
1428 1347
1428 1368
1428 1405
1428 3420
1428 4746
1463 688
1463 1141
1463 1152
1463 1180
1463 1239
1463 1248
1463 1305
1463 1329
1463 1385
1463 1417
1463 1425
1463 1429
1463 1440
1463 1471
1463 1485
1463 1500
1463 1528
1463 1559
1463 1663
1463 1770
1463 2576
1463 3664
1463 4209
1463 4376
1463 4931
1794 1603
1794 1736
1794 1770
1794 1780
1794 1786
1794 1848
1794 1887
1794 3354
1794 4824
2178 1974
2178 2259
2178 2286
2178 2294
2178 2352
2178 2365
2178 2388
2958 603
2958 618
2958 1330
2958 2413
2958 2451
2958 2483
2958 2543
2958 2546
2958 2554
2958 2582
2958 2625
2958 2762
2958 2790
2958 2803
2958 2817
2958 2831
2958 2838
2958 2848
2958 2858
2958 2866
2958 2884
2958 2889
2958 2901
2958 2945
2958 2949
2958 2964
2958 2985
2958 3008
2958 3009
2958 3414
2958 4908
3061 3307
3061 3409
3061 3452
3061 3579
3061 3789
3967 4139
3967 4176
3967 4188
3967 4216
4743 3799
4743 4424
4743 4573
4743 4651
4743 4683
4743 4744
4743 4788
4743 4834
4743 4849
4743 4943
4809 1712
4809 2224
4809 4445
4809 4464
4809 4578
4809 4686
4809 4736
4809 4774
4809 4827
4809 4833
4809 4852
4809 4879
4809 4902
4809 4914
4809 4955
4892 461
4892 1366
4892 2451
4892 4236
4892 4365
4892 4572
4892 4641
4892 4870
4892 4893
4892 4908
4892 4919
4892 4920
4892 4952
4892 4978
489 610
489 612
489 654
489 656
489 662
489 3782
637 408
637 419
637 427
637 445
637 487
637 515
637 519
637 586
637 589
637 594
637 599
637 602
637 611
637 616
637 623
637 652
637 654
637 656
637 659
637 660
637 662
637 680
637 2158
637 3561
1030 968
1030 1452
1030 1460
1030 1469
1030 1480
1030 2144
1733 1651
1733 1734
1733 1739
1733 1755
1733 1854
1733 1900
1733 1920
1733 3164
1833 443
1833 1205
1833 1579
1833 1728
1833 1752
1833 1773
1833 1790
1833 1792
1833 1821
1833 1836
1833 1846
1833 1879
1833 1891
1833 1911
1880 1257
1880 1583
1880 1648
1880 1761
1880 1810
1880 1815
1880 1819
1880 1835
1880 1842
1880 1843
1880 1845
1880 1850
1880 1877
1880 1882
1880 1886
1880 1887
1880 1907
1880 2228
1880 2824
2107 2056
2107 2155
2107 2194
2107 2341
2107 2377
2107 2414
2107 2932
2253 2042
2253 2069
2253 2196
2253 2265
2253 2320
2253 2369
2253 2387
2253 2406
2253 2451
2253 4177
2742 2126
2742 2749
2742 2813
2742 2824
2742 2844
2742 2868
2742 2953
2742 2992
3508 1314
3508 3396
3508 3419
3508 3570
3508 3613
3508 3692
3508 3694
3508 3704
3508 3728
3508 3744
3508 3782
3692 708
3692 1112
3692 1508
3692 2651
3692 3027
3692 3154
3692 3219
3692 3387
3692 3393
3692 3457
3692 3490
3692 3553
3692 3555
3692 3570
3692 3589
3692 3613
3692 3704
3692 3706
3692 3728
3692 3736
3692 3744
3692 3769
3692 3782
3692 4933
3806 1327
3806 2645
3806 2995
3806 3013
3806 3020
3806 3025
3806 3035
3806 3043
3806 3068
3806 3069
3806 3093
3806 3097
3806 3104
3806 3130
3806 3133
3806 3153
3806 3180
3806 3185
3806 3231
3806 3265
3806 3284
3806 3311
3806 3322
3806 3325
3806 3332
3806 3357
3806 3416
3806 3440
3806 3458
3806 3463
3806 3492
3806 3494
3806 3522
3806 3571
3806 3589
3806 3599
3806 3601
3806 3614
3806 3668
3806 3670
3806 3747
3806 3753
3806 3760
3806 3784
3806 3786
3806 3825
3806 4813
3806 4828
3806 4967
4104 1900
4104 4088
4104 4161
4104 4176
4104 4185
4104 4190
4104 4193
4104 4195
4104 4196
4104 4881
4174 782
4174 798
4174 3797
4174 3843
4174 3881
4174 3889
4174 3899
4174 3900
4174 3909
4174 3912
4174 3965
4174 3987
4174 3988
4174 4008
4174 4047
4174 4061
4174 4063
4174 4080
4174 4097
4174 4111
4174 4130
4174 4136
4174 4148
4174 4150
4174 4159
4174 4160
4174 4162
4174 4178
4174 4196
4174 4203
4174 4209
4389 4373
4389 4838
4389 4849
4389 4877
4389 4943
386 355
386 547
386 572
386 598
386 618
386 631
564 446
564 573
564 591
564 623
564 652
564 654
564 656
564 662
564 2851
564 3760
877 1018
877 1296
877 1306
877 1319
877 1460
877 1480
877 1494
1119 721
1119 1068
1119 1181
1119 1186
1119 1366
1271 656
1271 698
1271 806
1271 860
1271 994
1271 1256
1271 1282
1271 1337
1528 699
1528 724
1528 726
1528 750
1528 789
1528 867
1528 878
1528 905
1528 942
1528 1014
1528 1063
1528 1066
1528 1106
1528 1147
1528 1170
1528 1233
1528 1239
1528 1269
1528 1277
1528 1283
1528 1301
1528 1305
1528 1329
1528 1333
1528 1336
1528 1364
1528 1385
1528 1403
1528 1405
1528 1425
1528 1440
1528 1471
1528 1485
1528 1500
1528 1534
1528 1543
1528 1559
1528 2288
1528 2372
1528 2377
1528 2420
1528 2677
1528 2929
1528 3792
1528 3820
1528 4930
1537 674
1537 687
1537 727
1537 737
1537 758
1537 808
1537 820
1537 824
1537 833
1537 858
1537 865
1537 866
1537 867
1537 876
1537 879
1537 892
1537 893
1537 921
1537 922
1537 951
1537 974
1537 981
1537 1067
1537 1071
1537 1099
1537 1152
1537 1156
1537 1236
1537 1274
1537 1287
1537 1296
1537 1342
1537 1363
1537 1415
1537 1455
1537 1525
1537 1922
1537 2021
1537 2997
1537 3207
1537 3374
1537 3952
1537 4120
1537 4166
1537 4412
1537 4933
1537 4979
2424 1981
2424 2016
2424 2019
2424 2120
2424 2141
2424 2152
2424 2184
2424 2187
2424 2239
2424 2245
2424 2247
2424 2272
2424 2299
2424 2310
2424 2320
2424 2330
2424 2339
2424 2342
2424 2356
2424 2371
2424 2382
2424 2409
2424 2411
2424 2422
2424 2436
2424 2440
2424 3231
2424 3329
2424 3356
2424 3621
2424 3727
2887 388
2887 2380
2887 2456
2887 2674
2887 2680
2887 2723
2887 2724
2887 2747
2887 2824
2887 2851
2887 2870
2887 2942
2887 2989
2887 3004
2920 2510
2920 2557
2920 2710
2920 2778
2920 2833
2920 2852
2920 2890
2920 2897
2920 2907
2920 2923
2920 2947
2920 2964
2920 3007
2920 3008
2920 3361
2953 1097
2953 2481
2953 2501
2953 2518
2953 2627
2953 2647
2953 2654
2953 2676
2953 2755
2953 2804
2953 2813
2953 2820
2953 2856
2953 2859
2953 2884
2953 2891
2953 2906
2953 2913
2953 2916
2953 2963
2953 2969
2953 2992
2953 2993
2953 3562
2953 3778
2953 4201
2953 4338
2975 446
2975 1402
2975 1872
2975 2487
2975 2512
2975 2514
2975 2536
2975 2540
2975 2560
2975 2611
2975 2642
2975 2643
2975 2649
2975 2709
2975 2770
2975 2772
2975 2801
2975 2814
2975 2826
2975 2832
2975 2833
2975 2835
2975 2854
2975 2890
2975 2925
2975 2946
2975 2947
2975 2961
2975 2972
2975 2976
2975 2981
2975 3008
2975 3009
2975 3724
2975 4166
2975 4693
2975 4792
3008 640
3008 768
3008 787
3008 1724
3008 1814
3008 2460
3008 2467
3008 2486
3008 2487
3008 2504
3008 2508
3008 2520
3008 2542
3008 2560
3008 2571
3008 2574
3008 2589
3008 2594
3008 2597
3008 2621
3008 2624
3008 2642
3008 2646
3008 2654
3008 2658
3008 2663
3008 2682
3008 2691
3008 2701
3008 2703
3008 2709
3008 2764
3008 2770
3008 2772
3008 2778
3008 2798
3008 2805
3008 2814
3008 2826
3008 2832
3008 2833
3008 2841
3008 2848
3008 2849
3008 2861
3008 2894
3008 2907
3008 2922
3008 2923
3008 2936
3008 2938
3008 2946
3008 2961
3008 2965
3008 2972
3008 2976
3008 2997
3008 3000
3008 3007
3008 3244
3008 3436
3008 3746
3008 3762
3008 4204
3008 4370
3008 4723
3008 4817
3008 4861
3008 4971
3008 4979
3686 1382
3686 1471
3686 1822
3686 2299
3686 3149
3686 3471
3686 3502
3686 3560
3686 3644
3686 3673
3686 3689
3686 3711
3686 3716
3686 3760
3686 3789
3686 3805
3686 4497
4087 1589
4087 3667
4087 3837
4087 4172
4087 4180
4087 4186
4087 4203
4087 4209
4087 4216
4733 651
4733 4253
4733 4268
4733 4274
4733 4642
4733 4669
4733 4681
4733 4853
4733 4866
4733 4950
467 380
467 388
467 422
467 494
467 559
467 597
467 600
467 4601
636 363
636 372
636 425
636 438
636 449
636 457
636 469
636 476
636 484
636 518
636 550
636 558
636 561
636 570
636 572
636 596
636 599
636 601
636 608
636 618
636 619
636 621
636 631
636 652
636 659
636 2798
676 1082
676 1178
676 1485
676 1559
864 1185
864 1276
864 1370
881 911
881 1120
881 1286
881 1308
881 2025
1370 1103
1370 1183
1370 1429
1370 1431
1370 1468
1370 1533
1370 1536
1370 2368
1370 2740
1370 3360
1908 574
1908 928
1908 1533
1908 1563
1908 1589
1908 1601
1908 1605
1908 1608
1908 1613
1908 1616
1908 1620
1908 1624
1908 1668
1908 1676
1908 1677
1908 1684
1908 1691
1908 1709
1908 1713
1908 1731
1908 1749
1908 1787
1908 1809
1908 1820
1908 1834
1908 1844
1908 1869
1908 1872
1908 1882
1908 1886
1908 1901
1908 1909
1908 1916
1908 1921
1908 4094
1908 4167
1908 4854
2073 2136
2073 2287
2073 2352
2073 2372
2073 2410
2073 4842
2423 511
2423 623
2423 1247
2423 1425
2423 1938
2423 1946
2423 1954
2423 1959
2423 1961
2423 1974
2423 1985
2423 1988
2423 2008
2423 2031
2423 2050
2423 2060
2423 2069
2423 2112
2423 2120
2423 2229
2423 2264
2423 2273
2423 2288
2423 2308
2423 2328
2423 2376
2423 2377
2423 2380
2423 2406
2423 2416
2423 2444
2423 2858
2423 3517
2423 3753
2423 4897
2587 2555
2587 2719
2587 2876
2587 2898
2587 2997
2587 3387
2667 2515
2667 2610
2667 2850
2667 2858
2667 2952
2667 3000
3481 413
3481 3302
3481 3366
3481 3427
3481 3512
3481 3702
3481 3745
3481 3746
3604 1478
3604 2814
3604 3030
3604 3200
3604 3225
3604 3282
3604 3349
3604 3404
3604 3534
3604 3600
3604 3610
3604 3617
3604 3650
3604 3713
3604 3785
3624 620
3624 1103
3624 3068
3624 3284
3624 3442
3624 3585
3624 3618
3624 3633
3624 3642
3624 3643
3624 3664
3624 3736
3624 3755
3624 3780
3624 3786
3624 3791
3624 3797
3825 625
3825 910
3825 1769
3825 1911
3825 2444
3825 2945
3825 2952
3825 2961
3825 2979
3825 3014
3825 3015
3825 3018
3825 3019
3825 3065
3825 3078
3825 3146
3825 3147
3825 3194
3825 3215
3825 3238
3825 3258
3825 3259
3825 3260
3825 3270
3825 3286
3825 3287
3825 3300
3825 3315
3825 3320
3825 3341
3825 3353
3825 3359
3825 3372
3825 3381
3825 3430
3825 3456
3825 3471
3825 3495
3825 3496
3825 3501
3825 3517
3825 3528
3825 3529
3825 3535
3825 3547
3825 3573
3825 3588
3825 3597
3825 3627
3825 3691
3825 3705
3825 3708
3825 3715
3825 3723
3825 3738
3825 3792
3825 3793
3825 3799
3825 3805
3825 3820
3825 3828
3825 3851
3825 4512
3825 4782
3825 4827
4510 4397
4510 4417
4510 4651
4510 4877
4510 4943
348 373
348 417
348 486
348 525
348 4589
373 354
373 418
373 430
373 526
373 1995
417 526
417 576
417 593
417 645
417 4849
486 398
486 453
486 576
486 593
486 662
525 418
525 430
525 493
525 549
525 593
525 645
525 754
525 4527
4589 638
4589 1404
4589 4363
4589 4611
4589 4814
4589 4855
4589 4905
4589 4952
349 610
349 662
349 2834
610 458
610 507
610 520
610 540
610 545
610 581
610 625
610 633
610 645
610 648
610 651
610 659
610 660
610 1209
610 1269
662 355
662 390
662 401
662 409
662 419
662 428
662 445
662 458
662 460
662 462
662 469
662 475
662 480
662 485
662 488
662 502
662 504
662 507
662 514
662 516
662 519
662 523
662 527
662 533
662 541
662 546
662 560
662 566
662 567
662 569
662 574
662 577
662 583
662 589
662 591
662 594
662 599
662 611
662 613
662 615
662 616
662 619
662 621
662 623
662 631
662 632
662 638
662 642
662 652
662 654
662 656
662 1058
662 1386
662 1457
662 1534
662 1616
662 3170
662 4157
662 4172
662 4597
662 4612
662 4640
662 4697
2834 2738
2834 2755
2834 2774
2834 2779
2834 2807
2834 2874
2834 2884
2834 2889
2834 2929
2834 2937
2834 4160
350 404
350 612
350 623
350 627
350 3512
350 3618
404 500
404 612
404 647
404 2503
612 394
612 459
612 500
612 524
612 546
612 563
612 568
612 601
612 620
612 627
612 632
612 647
612 660
612 1313
612 3793
612 4185
623 462
623 471
623 473
623 530
623 540
623 551
623 586
623 589
623 602
623 611
623 616
623 652
623 656
623 2323
623 4956
627 352
627 367
627 382
627 393
627 459
627 472
627 500
627 551
627 562
627 568
627 579
627 581
627 619
627 620
627 645
627 647
627 701
627 1471
627 4905
627 4919
3512 3181
3512 3492
3512 3702
3512 3722
3512 3745
3512 3795
3512 4190
3618 2995
3618 3074
3618 3297
3618 3417
3618 3468
3618 3480
3618 3633
3618 3646
3618 3736
3618 3778
3618 3780
3618 3786
3618 3797
394 442
394 535
394 600
394 654
394 2791
559 388
559 440
559 485
559 494
559 535
559 552
559 576
559 597
559 600
559 620
559 1897
559 2218
559 2985
597 356
597 374
597 388
597 397
597 432
597 442
597 485
597 494
597 535
597 552
597 600
597 616
597 651
597 3693
597 3799
600 374
600 388
600 432
600 442
600 485
600 494
600 535
600 552
600 556
600 594
600 624
600 630
600 2186
600 2304
600 3494
352 518
352 608
352 647
352 2866
518 429
518 505
518 553
518 569
518 621
518 1212
518 3697
608 358
608 439
608 461
608 464
608 505
608 535
608 565
608 567
608 585
608 588
608 593
608 598
608 619
608 628
608 631
608 714
608 1224
608 1744
608 4996
647 371
647 393
647 396
647 459
647 491
647 498
647 514
647 520
647 524
647 527
647 529
647 542
647 551
647 562
647 563
647 568
647 579
647 602
647 613
647 616
647 620
647 632
647 640
647 660
647 757
647 1505
647 1680
647 2492
647 2890
647 2916
647 3580
647 4396
647 4869
647 4943
2866 1219
2866 2506
2866 2526
2866 2613
2866 2630
2866 2753
2866 2838
2866 2922
2866 2929
2866 2954
2866 3009
2866 3369
2866 4458
353 402
353 510
353 614
353 625
353 651
353 660
402 603
402 645
402 659
402 660
510 372
510 413
510 477
510 536
510 621
510 630
614 523
614 573
614 579
614 585
614 586
614 591
614 615
614 633
614 640
614 645
614 648
614 651
614 659
614 660
614 1723
614 3990
625 375
625 391
625 400
625 477
625 542
625 545
625 547
625 573
625 581
625 583
625 633
625 640
625 645
625 648
625 651
625 659
625 660
625 1064
625 2451
625 2774
625 3738
651 357
651 360
651 387
651 447
651 450
651 453
651 457
651 458
651 465
651 466
651 473
651 479
651 487
651 503
651 516
651 517
651 519
651 528
651 545
651 573
651 574
651 581
651 585
651 589
651 591
651 602
651 615
651 633
651 645
651 648
651 656
651 659
651 660
651 1883
651 2152
651 2408
651 2627
651 2727
651 4290
651 4502
651 4584
651 4670
660 357
660 362
660 380
660 383
660 387
660 400
660 401
660 406
660 416
660 435
660 441
660 450
660 465
660 466
660 473
660 479
660 487
660 490
660 498
660 503
660 517
660 521
660 528
660 536
660 540
660 542
660 545
660 569
660 573
660 574
660 585
660 591
660 593
660 599
660 615
660 616
660 619
660 633
660 640
660 645
660 648
660 652
660 656
660 659
660 1238
660 1482
660 1894
660 2776
660 3677
660 3762
660 3800
660 4191
660 4746
660 4844
660 4930
660 4974
354 549
354 575
354 576
354 2820
549 376
549 398
549 405
549 453
549 493
549 593
549 605
549 616
549 3266
549 4157
575 377
575 398
575 405
575 418
575 430
575 448
575 453
575 521
575 576
575 659
575 3626
575 4148
576 377
576 398
576 405
576 448
576 493
576 561
576 593
576 2058
576 4781
2820 572
2820 2554
2820 2711
2820 2816
2820 2842
2820 2863
2820 2938
2820 2974
2820 2979
2820 3000
355 478
355 3656
478 481
478 544
478 561
478 628
478 631
478 2311
478 4446
3656 2327
3656 2575
3656 3006
3656 3102
3656 3116
3656 3118
3656 3149
3656 3305
3656 3388
3656 3417
3656 3442
3656 3530
3656 3583
3656 3602
3656 3659
3656 3735
3656 3754
3656 3778
3656 3794
3656 3823
356 524
356 544
356 620
356 632
356 1877
524 632
524 659
524 2092
524 3546
524 4921
544 379
544 438
544 474
544 550
544 589
544 618
544 631
544 4629
620 371
620 393
620 396
620 399
620 498
620 520
620 529
620 562
620 579
620 586
620 628
620 1273
620 1964
620 2442
632 371
632 382
632 396
632 399
632 429
632 459
632 498
632 501
632 529
632 562
632 563
632 568
632 577
632 579
632 1907
632 2976
632 3569
632 4796
1877 1566
1877 1641
1877 1642
1877 1672
1877 1675
1877 1706
1877 1774
1877 1777
1877 1815
1877 1843
1877 1850
1877 1855
1877 1887
1877 1911
1877 3943
1877 3955
1877 4854
357 589
357 659
357 2913
357 4148
589 421
589 462
589 603
589 652
589 654
589 656
589 863
589 2298
589 3209
659 370
659 380
659 383
659 387
659 400
659 401
659 406
659 407
659 416
659 435
659 438
659 447
659 450
659 465
659 466
659 473
659 475
659 479
659 487
659 490
659 503
659 517
659 521
659 528
659 540
659 541
659 542
659 545
659 572
659 574
659 581
659 585
659 591
659 615
659 633
659 640
659 642
659 648
659 656
659 1445
659 1478
659 2083
659 2238
659 2334
659 2791
659 2965
659 3252
659 4717
2913 674
2913 2626
2913 2653
2913 2659
2913 2746
2913 2775
2913 2795
2913 2840
2913 2864
2913 2871
2913 2955
2913 2992
2913 2993
2913 3006
2913 3654
2913 3715
4148 3018
4148 3873
4148 3889
4148 3909
4148 3912
4148 3970
4148 3987
4148 4061
4148 4063
4148 4069
4148 4080
4148 4130
4148 4136
4148 4150
4148 4159
4148 4160
4148 4162
4148 4190
4148 4201
4148 4545
358 379
358 475
358 628
358 3706
379 412
379 569
379 633
379 1499
475 654
475 656
475 4143
475 4978
628 367
628 437
628 464
628 470
628 476
628 481
628 504
628 551
628 601
628 618
628 619
628 630
628 638
628 642
628 652
628 790
628 1472
628 1544
628 1620
628 1671
628 3482
3706 630
3706 1134
3706 1251
3706 1392
3706 3142
3706 3154
3706 3220
3706 3344
3706 3396
3706 3432
3706 3490
3706 3529
3706 3553
3706 3570
3706 3613
3706 3622
3706 3694
3706 3704
3706 3717
3706 3728
3706 3744
3706 3746
359 360
359 536
359 606
359 1066
360 378
360 456
360 461
360 654
360 2201
536 470
536 501
536 511
536 561
536 596
536 642
536 1366
536 2067
536 2995
606 369
606 391
606 429
606 443
606 464
606 481
606 538
606 568
606 569
606 570
606 572
606 619
606 638
606 642
606 1007
606 2062
606 3799
606 4184
1066 652
1066 1032
1066 1226
1066 1305
1066 1471
1066 1559
378 382
378 464
378 638
378 3230
378 3902
456 449
456 596
456 619
456 3191
456 3683
461 572
461 586
461 601
461 3449
654 375
654 419
654 445
654 450
654 460
654 480
654 482
654 502
654 504
654 514
654 516
654 519
654 523
654 527
654 533
654 541
654 546
654 555
654 556
654 577
654 583
654 586
654 591
654 594
654 599
654 602
654 611
654 615
654 616
654 630
654 642
654 648
654 652
654 656
654 777
654 1863
654 1920
654 2774
654 3006
654 3145
654 3989
654 4022
654 4466
654 4715
2201 1950
2201 2143
2201 2325
2201 2331
2201 2333
2201 2370
2201 2418
2201 2435
2201 4894
2201 4929
521 542
521 581
521 640
521 645
521 648
521 4422
521 4650
552 432
552 442
552 485
552 494
552 535
552 613
552 1834
552 2560
552 3479
567 451
567 454
567 656
567 1189
567 3699
567 4932
4089 2725
4089 3859
4089 3878
4089 3961
4089 3965
4089 4014
4089 4086
4089 4094
4089 4100
4089 4118
4089 4154
4089 4169
362 446
362 603
362 621
362 2242
362 2775
446 433
446 603
446 605
446 630
603 384
603 401
603 407
603 414
603 442
603 513
603 533
603 556
603 605
603 621
603 630
603 1862
603 2931
603 4480
621 384
621 410
621 413
621 422
621 423
621 433
621 485
621 497
621 511
621 513
621 538
621 556
621 591
621 630
621 3022
621 3156
2242 953
2242 2024
2242 2267
2242 2321
2242 2349
2242 2365
2242 2386
2242 2407
2242 2449
2775 2739
2775 2868
2775 2928
2775 3004
2775 3006
363 452
363 550
363 583
363 3794
452 428
452 550
452 561
452 642
452 1440
452 2539
550 439
550 523
550 558
550 565
550 579
550 601
550 638
550 1767
550 1844
583 413
583 566
583 599
583 616
583 652
583 656
583 1533
3794 1145
3794 1426
3794 1468
3794 1595
3794 1596
3794 1827
3794 2204
3794 3032
3794 3111
3794 3151
3794 3229
3794 3268
3794 3305
3794 3312
3794 3330
3794 3347
3794 3380
3794 3384
3794 3394
3794 3411
3794 3416
3794 3421
3794 3469
3794 3482
3794 3485
3794 3501
3794 3515
3794 3523
3794 3548
3794 3557
3794 3561
3794 3578
3794 3579
3794 3602
3794 3662
3794 3683
3794 3709
3794 3735
3794 3739
3794 3778
3794 3782
3794 3805
3794 3823
3794 3861
364 501
364 595
364 624
364 2120
501 382
501 568
595 365
595 451
595 454
595 457
595 468
595 470
595 522
595 528
595 530
595 578
595 618
595 624
595 2422
595 2947
595 3724
624 365
624 385
624 411
624 451
624 454
624 457
624 468
624 472
624 494
624 509
624 512
624 522
624 530
624 578
624 1573
624 3797
624 4118
624 4216
2120 2167
2120 2190
2120 2230
2120 2288
2120 2406
2120 2430
365 565
365 1398
365 4908
565 441
565 443
565 474
565 541
565 642
565 1893
565 2857
565 4188
1398 904
1398 1094
1398 1193
1398 1261
1398 1283
1398 1346
1398 1432
1398 1482
1398 1517
1398 1533
1398 1536
1398 2747
4908 561
4908 1346
4908 1711
4908 2354
4908 4241
4908 4361
4908 4594
4908 4614
4908 4641
4908 4691
4908 4704
4908 4748
4908 4749
4908 4813
4908 4822
4908 4843
4908 4947
4908 4948
4908 4953
4908 4978
366 569
366 598
366 638
366 656
366 3805
569 372
569 638
569 656
569 799
569 4331
598 381
598 389
598 403
598 477
598 483
598 505
598 507
598 553
598 563
598 574
598 596
598 618
598 638
598 642
598 1469
598 4268
638 403
638 441
638 444
638 454
638 462
638 484
638 498
638 511
638 515
638 547
638 568
638 588
638 601
638 619
638 631
638 1220
638 2465
638 3402
638 4633
656 390
656 409
656 419
656 425
656 445
656 458
656 469
656 488
656 496
656 504
656 507
656 508
656 514
656 519
656 523
656 527
656 535
656 541
656 543
656 546
656 555
656 577
656 586
656 594
656 599
656 602
656 605
656 611
656 613
656 616
656 631
656 652
656 2859
656 2906
656 2946
656 3516
656 3694
656 3745
656 4154
656 4201
656 4323
656 4720
656 4756
3805 1485
3805 1559
3805 2173
3805 2506
3805 2643
3805 2716
3805 3109
3805 3191
3805 3263
3805 3276
3805 3314
3805 3384
3805 3392
3805 3470
3805 3475
3805 3476
3805 3488
3805 3497
3805 3503
3805 3505
3805 3516
3805 3560
3805 3563
3805 3576
3805 3581
3805 3612
3805 3613
3805 3644
3805 3673
3805 3689
3805 3699
3805 3711
3805 3716
3805 3754
3805 3760
3805 3789
3805 4050
3805 4914
3805 4922
3805 4950
3805 4978
3805 4989
367 886
367 2235
886 1287
886 1471
886 1485
886 1559
2235 2114
2235 2179
2235 2334
2235 2552
578 385
578 451
578 468
578 512
578 522
578 530
578 1431
578 2657
578 3800
369 483
369 508
369 630
369 2408
483 480
483 505
483 596
483 930
483 2554
508 392
508 414
508 423
508 484
508 513
508 605
508 1249
508 1419
630 370
630 412
630 413
630 433
630 440
630 473
630 477
630 538
630 543
630 555
630 556
630 557
630 596
630 605
630 648
630 4111
630 4214
2408 1893
2408 1950
2408 1975
2408 1980
2408 2013
2408 2089
2408 2141
2408 2170
2408 2176
2408 2186
2408 2193
2408 2203
2408 2277
2408 2299
2408 2311
2408 2325
2408 2331
2408 2333
2408 2337
2408 2355
2408 2359
2408 2363
2408 2370
2408 2411
2408 2418
2408 2435
2408 3414
2408 4141
2408 4746
370 605
370 4571
605 412
605 416
605 422
605 538
605 543
605 557
605 560
605 619
605 1419
605 2444
4571 4016
4571 4578
4571 4605
4571 4657
4571 4714
4571 4757
4571 4807
4571 4826
371 2508
2508 2518
2508 2799
2508 2855
2508 2976
2508 2977
372 572
372 588
572 588
572 631
572 642
572 1520
572 2156
588 389
588 441
588 527
588 533
588 601
588 618
588 633
588 1521
588 1544
588 2964
588 4755
418 448
418 493
418 529
418 2352
430 448
430 593
526 428
526 652
526 1415
526 4171
526 4898
1995 1863
1995 2338
1995 2355
1995 2363
1995 2418
374 397
374 432
374 618
374 798
374 2320
397 389
397 485
397 4177
432 631
618 391
618 409
618 427
618 474
618 509
618 515
618 547
618 558
618 631
618 642
618 1883
618 2170
618 4195
798 892
798 946
798 1060
2320 1487
2320 2076
2320 2083
2320 2183
2320 2213
2320 2227
2320 2270
2320 2300
2320 2307
2320 2409
2320 2419
2320 2434
2320 2451
2320 3980
2320 4735
375 613
375 4895
613 390
613 433
613 476
613 496
613 514
613 577
613 599
613 652
613 1728
613 2280
613 2807
613 2874
613 4950
4895 1306
4895 2833
4895 3383
4895 3754
4895 3932
4895 4245
4895 4292
4895 4348
4895 4372
4895 4381
4895 4523
4895 4558
4895 4584
4895 4612
4895 4627
4895 4717
4895 4721
4895 4732
4895 4734
4895 4740
4895 4746
4895 4767
4895 4802
4895 4840
4895 4848
4895 4864
4895 4929
4895 4932
376 405
376 493
376 593
376 652
405 445
405 593
405 2368
493 460
493 593
493 744
493 3952
593 377
593 398
593 453
593 479
593 513
593 3353
593 3642
593 4150
593 4887
652 390
652 406
652 421
652 440
652 445
652 469
652 474
652 480
652 488
652 504
652 516
652 519
652 527
652 533
652 541
652 546
652 553
652 566
652 577
652 586
652 594
652 602
652 2305
652 2921
652 3691
652 3947
377 448
448 453
448 3793
382 923
464 570
464 642
464 687
3230 3338
3230 3411
3230 3702
3230 3722
3230 3745
3902 3938
3902 4125
3902 4145
412 414
412 476
412 556
633 383
633 465
633 479
633 503
633 505
633 528
633 545
633 615
633 645
633 648
633 1372
633 2795
633 3021
633 3771
633 4123
633 4967
1499 689
1499 734
1499 795
1499 801
1499 904
1499 917
1499 936
1499 968
1499 999
1499 1000
1499 1019
1499 1047
1499 1049
1499 1085
1499 1086
1499 1090
1499 1185
1499 1250
1499 1257
1499 1262
1499 1279
1499 1284
1499 1299
1499 1309
1499 1366
1499 1402
1499 1426
1499 1427
1499 1922
1499 4118
1499 4137
1499 4209
1499 4537
1499 4931
380 490
380 648
380 2880
490 398
490 611
490 640
490 648
490 3589
648 396
648 473
648 487
648 494
648 503
648 517
648 528
648 529
648 540
648 542
648 562
648 573
648 574
648 581
648 591
648 601
648 615
648 640
648 645
648 1920
648 2364
648 2595
648 2858
648 3119
648 4798
648 4934
2880 1611
2880 2811
2880 2892
2880 2928
2880 2950
2880 2967
2880 3006
2880 3745
2880 4791
381 484
381 2444
484 444
484 482
484 1869
2444 1517
2444 1559
2444 1939
2444 1948
2444 1954
2444 1958
2444 1967
2444 1974
2444 1977
2444 1987
2444 1988
2444 1999
2444 2005
2444 2007
2444 2028
2444 2031
2444 2053
2444 2060
2444 2066
2444 2074
2444 2075
2444 2092
2444 2170
2444 2173
2444 2187
2444 2190
2444 2203
2444 2251
2444 2257
2444 2276
2444 2297
2444 2304
2444 2308
2444 2328
2444 2336
2444 2358
2444 2376
2444 2380
2444 2387
2444 2406
2444 2416
2444 2430
2444 2434
2444 2467
2444 3795
2444 4140
2444 4357
2444 4544
923 1250
923 1508
923 2363
383 645
383 3370
383 3688
645 419
645 435
645 466
645 469
645 487
645 540
645 542
645 558
645 573
645 574
645 581
645 585
645 591
645 615
645 640
645 2069
645 2138
645 2285
645 2414
645 3196
645 3463
645 4166
645 4186
3370 3293
3370 3562
3370 3655
3370 3775
3370 4306
3688 1855
3688 3036
3688 3097
3688 3174
3688 3262
3688 3405
3688 3442
3688 3485
3688 3550
3688 3557
3688 3560
3688 3561
3688 3592
3688 3659
3688 3662
3688 3683
3688 3735
3688 3782
3688 3823
3688 4184
384 423
423 429
423 513
423 555
423 4897
385 488
385 4744
488 868
4744 2077
4744 2413
4744 4324
4744 4347
4744 4373
4744 4690
4744 4849
4744 4877
4744 4943
547 579
547 619
547 642
547 716
547 1767
547 1786
631 408
631 437
631 481
631 491
631 511
631 557
631 558
631 561
631 601
631 640
631 642
631 1516
631 3219
631 3755
631 4072
631 4199
631 4622
387 2732
2732 2537
2732 2841
2732 2894
2732 2949
2732 2950
2732 2967
2732 2997
388 535
535 442
535 485
535 494
535 1189
535 2127
389 642
389 3662
642 408
642 416
642 438
642 443
642 470
642 476
642 509
642 511
642 558
642 596
642 619
642 2295
642 2961
642 3122
642 4712
642 4862
3662 1617
3662 2993
3662 3089
3662 3197
3662 3292
3662 3295
3662 3312
3662 3484
3662 3548
3662 3561
3662 3639
3662 3709
3662 3743
3662 3782
3662 3785
3662 3823
3662 4741
3662 4978
390 500
390 908
500 502
500 579
500 1304
500 1916
908 1110
908 1162
908 1301
908 1400
908 1439
908 1451
908 2840
391 553
391 602
553 425
553 441
553 447
553 496
553 515
553 596
602 419
602 439
602 523
602 560
602 577
602 585
602 594
602 616
602 4195
602 4203
392 413
392 543
392 555
392 4762
413 433
543 409
543 557
543 4771
555 407
555 538
555 1674
555 2458
4762 3583
4762 3734
4762 4500
4762 4739
4762 4774
4762 4822
4762 4827
4762 4833
4762 4852
4762 4879
4762 4922
4762 4955
393 512
393 2449
512 411
512 425
512 472
512 530
512 2449
512 2672
512 4572
2449 1275
2449 1544
2449 1931
2449 1942
2449 1969
2449 1994
2449 2002
2449 2024
2449 2032
2449 2054
2449 2061
2449 2072
2449 2098
2449 2100
2449 2109
2449 2121
2449 2151
2449 2157
2449 2190
2449 2191
2449 2208
2449 2246
2449 2274
2449 2280
2449 2282
2449 2288
2449 2294
2449 2303
2449 2305
2449 2314
2449 2321
2449 2325
2449 2340
2449 2348
2449 2349
2449 2352
2449 2378
2449 2380
2449 2393
2449 2407
2449 2430
2449 3598
2449 3966
2449 4635
2449 4824
2449 4860
442 410
442 1044
2791 2465
2791 2496
2791 2582
2791 2801
2791 2881
2791 2889
2791 2921
2791 2931
2791 3009
2791 3795
1824 1243
1824 1605
1824 1626
1824 1639
1824 1670
1824 1703
1824 1714
1824 1724
1824 1782
1824 1813
1824 1894
1824 1897
1824 2610
1824 3081
1824 3551
396 2949
2949 944
2949 1027
2949 1347
2949 2579
2949 2634
2949 2753
2949 2838
2949 2882
2949 2883
2949 2928
2949 2930
2949 2950
2949 2955
2949 2967
2949 2972
2949 2974
2949 2995
2949 2997
2949 3349
2949 3795
485 1894
485 4397
4177 1813
4177 2586
4177 3009
4177 3833
4177 3862
4177 3876
4177 3915
4177 3917
4177 3934
4177 3943
4177 3952
4177 3971
4177 3996
4177 4040
4177 4060
4177 4062
4177 4072
4177 4090
4177 4101
4177 4120
4177 4138
4177 4140
4177 4167
4177 4178
4177 4193
4177 4205
4177 4215
4177 4247
4177 4667
398 3004
3004 619
3004 1301
3004 1488
3004 1820
3004 1934
3004 2089
3004 2162
3004 2435
3004 2456
3004 2472
3004 2473
3004 2474
3004 2478
3004 2492
3004 2494
3004 2503
3004 2514
3004 2540
3004 2544
3004 2590
3004 2591
3004 2593
3004 2595
3004 2623
3004 2629
3004 2635
3004 2641
3004 2648
3004 2653
3004 2659
3004 2663
3004 2674
3004 2675
3004 2678
3004 2681
3004 2690
3004 2719
3004 2723
3004 2725
3004 2731
3004 2747
3004 2748
3004 2756
3004 2758
3004 2759
3004 2768
3004 2784
3004 2785
3004 2797
3004 2802
3004 2810
3004 2812
3004 2824
3004 2827
3004 2847
3004 2879
3004 2911
3004 2916
3004 2931
3004 2932
3004 2936
3004 2942
3004 2964
3004 2979
3004 2989
3004 2995
3004 3567
3004 3705
3004 4620
3004 4877
399 4783
4783 2955
4783 3865
4783 4550
4783 4603
4783 4617
4783 4742
4783 4779
4783 4787
4783 4961
4783 4971
400 570
570 437
570 509
570 515
570 601
570 2905
570 3028
570 4542
401 640
401 3516
640 406
640 466
640 473
640 474
640 517
640 528
640 538
640 545
640 560
640 574
640 581
640 585
640 591
640 615
640 894
640 1911
640 2840
640 3127
640 3536
640 4196
3516 3214
3516 3275
3516 3303
3516 3467
3516 3510
3516 3601
3516 3695
3516 3712
3516 3718
403 3243
403 4180
3243 3191
3243 3791
4180 1432
4180 1517
4180 2338
4180 3697
4180 3851
4180 3869
4180 3874
4180 3898
4180 3917
4180 3920
4180 3929
4180 4099
4180 4118
4180 4122
4180 4139
4180 4156
4180 4157
4180 4166
4180 4167
4180 4185
4180 4191
4180 4201
4180 4205
4180 4209
4180 4214
4180 4258
4180 4781
2503 2591
2503 2870
2503 3769
2368 1925
2368 2024
2368 2233
2368 2246
2368 2267
2368 2303
2368 2314
2368 2322
2368 2340
2368 2378
2368 2407
2368 2440
2368 2524
406 585
406 3965
406 4058
585 435
585 540
585 601
585 615
585 2808
585 4517
3965 3912
3965 4061
3965 4080
3965 4159
3965 4162
4058 3861
4058 3929
4058 4097
4058 4190
4058 4195
4058 4206
4058 4771
407 538
407 557
407 1383
407 4853
538 444
538 477
538 513
538 4195
538 4483
557 422
557 433
557 497
557 2972
557 3535
1383 752
1383 775
1383 900
1383 1010
1383 1060
1383 1112
1383 1160
1383 1220
1383 1251
1383 1340
1383 1365
1383 1461
1383 1517
1383 4071
4853 1297
4853 2965
4853 4404
4853 4703
4853 4741
4853 4757
4853 4819
4853 4836
4853 4861
4853 4862
4853 4874
4853 4924
4853 4953
4853 4996
408 561
408 619
408 3778
408 4785
561 474
561 615
561 1297
561 3760
619 444
619 470
619 476
619 601
619 3984
619 4034
3778 1216
3778 2345
3778 2637
3778 3022
3778 3032
3778 3063
3778 3080
3778 3102
3778 3130
3778 3242
3778 3317
3778 3324
3778 3347
3778 3394
3778 3420
3778 3461
3778 3484
3778 3489
3778 3515
3778 3532
3778 3557
3778 3683
3778 3735
3778 3739
3778 3774
3778 3782
3778 3785
3778 3823
3778 3879
3778 4052
3778 4621
3778 4835
3778 4921
4785 984
4785 1132
4785 2911
4785 4409
4785 4766
4785 4836
4785 4839
4785 4840
4785 4924
4785 4953
4785 4954
4785 4956
4785 4996
409 523
409 1505
523 4707
523 4710
1505 750
1505 767
1505 841
1505 851
1505 894
1505 1003
1505 1089
1505 1164
1505 1176
1505 1182
1505 1198
1505 1208
1505 1241
1505 1245
1505 1272
1505 1278
1505 1285
1505 1300
1505 1352
1505 1365
1505 1379
1505 1382
1505 1411
1505 1457
1505 1467
1505 1521
1505 1534
1505 1544
1505 1679
1505 2964
1505 4129
1505 4767
1505 4930
410 556
410 611
410 1828
410 2137
556 414
556 477
556 513
556 2214
556 2818
556 3297
611 444
611 507
611 573
611 594
611 616
611 1533
1828 970
1828 1425
1828 1664
1828 1670
1828 1740
1828 1799
1828 1819
1828 1827
1828 1885
1828 1893
1828 1912
1828 1922
1828 4869
2137 1974
2137 2037
2137 2187
2137 2251
2137 2297
2137 2397
2137 2430
411 522
522 457
522 479
522 503
522 921
414 615
414 1501
476 601
476 1464
476 3255
433 4443
615 447
615 545
615 574
615 1544
615 3066
615 3222
615 4954
1501 774
1501 859
1501 927
1501 939
1501 1007
1501 1065
1501 1076
1501 1146
1501 1154
1501 1205
1501 1294
1501 1316
1501 1328
1501 1354
1501 1359
1501 1406
1501 1420
1501 1473
1501 1475
1501 1488
1501 1496
1501 1520
1501 1543
1501 1551
1501 1559
1501 2346
1501 3468
1501 4113
1501 4850
511 3745
3717 926
3717 1891
3717 2477
3717 3292
3717 3350
3717 3452
3717 3458
3717 3622
3717 3634
3717 3667
3717 3713
3717 3755
3717 3774
3717 3793
3717 3800
416 3480
416 3987
3480 3373
3480 3459
3480 3657
3480 3664
3480 3780
3480 3786
3480 3797
3480 4390
3480 4974
3987 3791
3987 3979
3987 4111
3987 4159
3987 4160
3987 4162
3987 4216
4849 1423
4849 3570
4849 4385
4849 4556
4849 4569
4849 4573
4849 4651
4849 4690
4849 4707
4849 4761
4849 4788
4849 4877
4849 4943
529 563
529 568
529 2297
2352 865
2352 1986
2352 2027
2352 2079
2352 2165
2352 2222
2352 2233
2352 2261
2352 2294
2352 2353
2352 2365
2352 2410
2352 2413
2352 2436
2352 3138
2352 3820
2352 4944
419 1029
1029 909
1029 928
1029 1068
1029 1146
1029 1366
1029 1508
1029 1551
1029 2566
421 2412
2412 755
2412 1351
2412 1755
2412 1968
2412 1981
2412 2054
2412 2064
2412 2080
2412 2092
2412 2094
2412 2123
2412 2142
2412 2143
2412 2150
2412 2184
2412 2192
2412 2199
2412 2239
2412 2247
2412 2249
2412 2265
2412 2276
2412 2330
2412 2367
2412 2369
2412 2371
2412 2393
2412 2411
2412 2440
2412 3126
2412 3151
2412 3585
422 440
422 586
422 3823
440 497
440 513
440 3976
586 577
586 2043
586 2967
586 2992
3823 709
3823 1496
3823 1762
3823 2317
3823 2419
3823 2425
3823 3006
3823 3022
3823 3036
3823 3039
3823 3063
3823 3102
3823 3103
3823 3111
3823 3116
3823 3140
3823 3186
3823 3218
3823 3262
3823 3305
3823 3317
3823 3327
3823 3374
3823 3377
3823 3380
3823 3397
3823 3402
3823 3405
3823 3461
3823 3463
3823 3469
3823 3482
3823 3489
3823 3497
3823 3501
3823 3515
3823 3548
3823 3550
3823 3566
3823 3578
3823 3592
3823 3602
3823 3636
3823 3643
3823 3647
3823 3659
3823 3683
3823 3709
3823 3735
3823 3739
3823 3740
3823 3743
3823 3746
3823 3754
3823 3785
3823 3828
3823 3923
3823 4080
3823 4188
3823 4274
3823 4948
429 509
429 558
513 4558
513 4770
513 4981
4897 880
4897 2110
4897 2803
4897 3150
4897 4260
4897 4425
4897 4448
4897 4520
4897 4616
4897 4707
4897 4760
4897 4772
4897 4816
4897 4841
4897 4842
4897 4854
4897 4869
4897 4894
4897 4918
4897 4946
4897 4950
4897 4954
4897 4989
425 505
505 438
505 470
505 2306
497 471
497 562
497 581
497 3532
497 4136
545 447
545 449
545 955
545 1324
427 601
427 3140
427 4136
601 443
601 566
601 1452
601 1967
601 4105
3140 1013
3140 3566
3140 3746
4136 3006
4136 3853
4136 3900
4136 3979
4136 4017
4136 4061
4136 4063
4136 4111
4136 4130
4136 4139
4136 4150
4136 4159
4136 4160
4136 4162
4136 4819
428 3344
428 3702
3344 1451
3344 3553
3344 3694
3344 3728
3344 3744
3702 1961
3702 3024
3702 3046
3702 3156
3702 3181
3702 3194
3702 3195
3702 3224
3702 3287
3702 3288
3702 3302
3702 3411
3702 3519
3702 3603
3702 3745
3702 3785
3702 3800
3702 3820
3702 3839
3702 4561
509 437
509 616
509 2903
558 482
558 1052
558 2683
4443 2325
4443 4451
4443 4597
4443 4628
4443 4639
4443 4807
4443 4826
596 444
596 496
596 579
596 1663
596 3515
596 3724
596 3791
596 4199
2671 2499
2671 2680
2671 2717
2671 2844
2671 2878
2671 2915
437 466
438 546
546 911
546 1879
439 474
439 1912
439 1915
474 4777
474 4918
1912 1294
1912 1562
1912 1564
1912 1565
1912 1588
1912 1653
1912 1655
1912 1673
1912 1679
1912 1704
1912 1710
1912 1713
1912 1732
1912 1734
1912 1735
1912 1740
1912 1741
1912 1768
1912 1776
1912 1790
1912 1799
1912 1814
1912 1819
1912 1834
1912 1849
1912 1852
1912 1861
1912 1868
1912 1885
1912 1891
1912 1893
1912 1900
1912 1920
1912 2989
1912 2995
1912 3352
1912 3743
1912 3960
1915 1571
1915 1582
1915 1596
1915 1612
1915 1627
1915 1635
1915 1649
1915 1651
1915 1662
1915 1663
1915 1671
1915 1695
1915 1698
1915 1703
1915 1718
1915 1734
1915 1738
1915 1739
1915 1746
1915 1757
1915 1760
1915 1765
1915 1769
1915 1773
1915 1774
1915 1793
1915 1812
1915 1813
1915 1827
1915 1838
1915 1854
1915 1873
1915 1886
1915 1888
1915 1900
1915 1909
1915 1920
1915 1922
1915 2976
1915 2995
1915 3009
1915 3015
1915 4080
1915 4924
1915 4947
3976 3984
3976 4031
3976 4186
3976 4209
441 2678
441 2801
2678 1135
2678 2478
2678 2724
2678 2759
2678 2989
2801 2500
2801 2785
2801 2985
2801 3009
2801 4132
2801 4161
1044 1009
1044 1011
1044 1346
1044 2718
443 519
519 468
444 515
444 2246
515 594
515 1478
515 3112
2246 1620
2246 2046
2246 2121
2246 2276
2246 2299
2246 2321
2246 2340
447 502
447 4957
502 465
502 2814
4957 950
4957 1139
4957 3007
4957 3258
4957 3522
4957 3682
4957 3735
4957 4003
4957 4284
4957 4305
4957 4354
4957 4394
4957 4414
4957 4433
4957 4499
4957 4570
4957 4605
4957 4615
4957 4635
4957 4640
4957 4653
4957 4695
4957 4710
4957 4728
4957 4766
4957 4773
4957 4786
4957 4820
4957 4821
4957 4840
4957 4842
4957 4844
4957 4856
4957 4860
4957 4902
4957 4925
4957 4933
4957 4946
4957 4964
4957 4981
4957 4996
453 516
453 1543
453 3268
3793 747
3793 1559
3793 1735
3793 2034
3793 2572
3793 2633
3793 3013
3793 3048
3793 3055
3793 3066
3793 3070
3793 3073
3793 3081
3793 3101
3793 3137
3793 3205
3793 3207
3793 3213
3793 3217
3793 3248
3793 3295
3793 3304
3793 3326
3793 3332
3793 3363
3793 3387
3793 3390
3793 3402
3793 3419
3793 3441
3793 3467
3793 3537
3793 3551
3793 3598
3793 3605
3793 3654
3793 3677
3793 3711
3793 3727
3793 3743
3793 3758
3793 3760
3793 3762
3793 3769
3793 3772
449 2480
2480 2741
2480 2897
2480 2961
2480 2972
2480 3279
450 2659
2659 1181
2659 2608
2659 2804
2659 2963
2659 3006
451 472
451 996
472 530
472 1427
472 4816
996 919
996 958
996 1040
996 1163
996 1281
996 4857
1440 979
1440 1105
1440 1147
1440 1178
1440 1239
1440 1301
1440 1319
1440 1329
1440 1403
1440 1425
1440 1439
1440 1471
1440 1500
1440 1534
1440 1559
1440 1776
1440 3448
1440 4078
1440 4734
2539 2883
2539 2938
2539 2952
2539 2981
516 599
516 2409
1543 667
1543 683
1543 722
1543 736
1543 842
1543 859
1543 868
1543 887
1543 890
1543 962
1543 964
1543 966
1543 1035
1543 1057
1543 1076
1543 1104
1543 1126
1543 1132
1543 1137
1543 1148
1543 1154
1543 1205
1543 1245
1543 1306
1543 1324
1543 1328
1543 1333
1543 1354
1543 1359
1543 1364
1543 1368
1543 1388
1543 1406
1543 1411
1543 1420
1543 1455
1543 1473
1543 1475
1543 1488
1543 1494
1543 1496
1543 1551
1543 2413
1543 2540
1543 2963
1543 2992
1543 3355
1543 3610
1543 3689
1543 4049
1543 4150
1543 4159
1543 4566
3268 3469
3268 3610
3268 3709
3268 3747
454 2756
2756 2102
2756 2455
2756 2472
2756 2478
2756 2650
2756 2747
2756 2929
2756 2942
2756 2989
3191 3645
3191 4866
3683 563
3683 2299
3683 3085
3683 3174
3683 3242
3683 3317
3683 3380
3683 3388
3683 3489
3683 3705
3683 3735
3683 3746
3683 3791
3683 4794
457 4185
4185 953
4185 2307
4185 3178
4185 3774
4185 3847
4185 3848
4185 3860
4185 3922
4185 3933
4185 3998
4185 4010
4185 4033
4185 4044
4185 4070
4185 4077
4185 4085
4185 4121
4185 4123
4185 4156
4185 4161
4185 4162
4185 4164
4185 4176
4185 4184
4185 4190
4185 4193
4185 4195
4185 4196
4185 4206
4185 4583
4185 4703
458 573
458 1664
458 1667
573 459
573 540
573 670
1664 1742
1664 1885
1664 4498
1667 1694
1667 1739
1667 1783
1667 1835
1667 1900
1667 1920
1667 3661
459 3330
3330 1145
3330 3212
3330 3377
3330 3442
3330 3578
3330 3785
460 4032
4032 4010
4032 4118
4032 4171
4032 4190
4032 4193
4032 4196
4032 4801
3449 3386
3449 3655
3449 3795
462 503
462 1534
503 496
1534 666
1534 671
1534 744
1534 759
1534 767
1534 782
1534 851
1534 903
1534 933
1534 937
1534 973
1534 1003
1534 1091
1534 1093
1534 1118
1534 1128
1534 1147
1534 1176
1534 1198
1534 1206
1534 1252
1534 1272
1534 1285
1534 1300
1534 1351
1534 1376
1534 1379
1534 1382
1534 1393
1534 1411
1534 1419
1534 1427
1534 1429
1534 1443
1534 1457
1534 1467
1534 1478
1534 1521
1534 1544
1534 2010
1534 2428
1534 2434
1534 2490
1534 3186
1534 3260
1534 4981
477 2510
3975 3842
3975 3937
3975 4066
3975 4073
3975 4145
3975 4190
687 1146
687 1525
465 2113
465 4107
2113 1249
2113 2052
2113 2065
2113 2084
2113 2422
4107 2243
4107 3846
4107 3861
4107 3977
4107 4028
4107 4069
4107 4133
4107 4173
4107 4199
4107 4205
4107 4214
4107 4700
494 3675
494 4794
4601 4096
4601 4564
4601 4978
468 514
468 3889
468 4967
514 551
514 4861
3889 4008
3889 4111
3889 4150
3889 4215
4967 1810
4967 2254
4967 2322
4967 4151
4967 4288
4967 4339
4967 4461
4967 4463
4967 4467
4967 4489
4967 4599
4967 4610
4967 4623
4967 4626
4967 4668
4967 4709
4967 4712
4967 4720
4967 4725
4967 4765
4967 4777
4967 4781
4967 4782
4967 4811
4967 4868
4967 4875
4967 4887
4967 4907
4967 4911
4967 4930
4967 4934
4967 4935
4967 4940
4967 4956
4967 4959
4967 4981
470 2341
470 2762
2341 1931
2341 2150
2341 2195
2341 2222
2341 2328
2341 2379
2341 2393
2341 2395
2341 2425
2341 2435
2341 2442
2341 2676
2341 4772
2762 2546
2762 2796
2762 2818
2762 2848
2762 2855
2762 2857
2762 2881
2762 2964
471 3216
471 3775
3216 2329
3216 3277
3216 3509
3216 3578
3216 3608
3216 3645
3775 1688
3775 2232
3775 3028
3775 3031
3775 3042
3775 3044
3775 3105
3775 3171
3775 3293
3775 3355
3775 3371
3775 3384
3775 3469
3775 3536
3775 3554
3775 3615
3775 3655
3775 3675
3775 3682
3775 3697
3775 3784
3775 3785
3775 4186
3775 4214
3775 4242
3775 4577
3775 4850
3775 4927
530 1869
530 2686
1427 1102
1427 1260
1427 1303
1427 1327
1427 1348
1427 1376
1427 1386
1427 1417
1427 1431
1427 1468
1427 1482
1427 1516
1427 1517
1427 1533
1427 1536
1427 1767
1427 2330
1427 3500
1427 3601
1427 4609
4816 2555
4816 3000
4816 4269
4816 4375
4816 4516
4816 4542
4816 4546
4816 4564
4816 4583
4816 4611
4816 4624
4816 4630
4816 4643
4816 4697
4816 4804
4816 4855
4816 4904
4816 4905
473 4954
4954 1214
4954 1464
4954 1719
4954 2397
4954 2466
4954 3484
4954 4302
4954 4345
4954 4366
4954 4410
4954 4472
4954 4476
4954 4506
4954 4529
4954 4560
4954 4608
4954 4652
4954 4654
4954 4703
4954 4741
4954 4758
4954 4759
4954 4763
4954 4778
4954 4819
4954 4824
4954 4836
4954 4839
4954 4861
4954 4862
4954 4874
4954 4905
4954 4946
4954 4953
4954 4996
4777 2972
4777 3553
4777 4422
4777 4661
4777 4781
4777 4843
4777 4850
4777 4887
4777 4934
4777 4940
4918 938
4918 1551
4918 1720
4918 4018
4918 4265
4918 4277
4918 4462
4918 4596
4918 4688
4918 4705
4918 4731
4918 4749
4918 4772
4918 4793
4918 4808
4918 4841
4918 4869
4918 4894
4918 4935
4918 4950
4918 4981
4918 4989
4918 4996
4143 1894
4143 2827
4143 3844
4143 3886
4143 3892
4143 3907
4143 3918
4143 3988
4143 4105
4143 4133
4143 4173
4143 4186
4143 4215
4143 4619
4978 1314
4978 1393
4978 2406
4978 2850
4978 3108
4978 3303
4978 3305
4978 3617
4978 3673
4978 3739
4978 3882
4978 4328
4978 4365
4978 4368
4978 4370
4978 4397
4978 4428
4978 4481
4978 4544
4978 4553
4978 4572
4978 4614
4978 4622
4978 4632
4978 4640
4978 4641
4978 4670
4978 4692
4978 4704
4978 4738
4978 4741
4978 4747
4978 4775
4978 4813
4978 4817
4978 4822
4978 4834
4978 4843
4978 4848
4978 4856
4978 4870
4978 4875
4978 4893
4978 4910
4978 4920
4978 4948
4978 4952
1464 708
1464 805
1464 806
1464 810
1464 817
1464 885
1464 988
1464 1059
1464 1144
1464 1155
1464 1160
1464 1235
1464 1292
1464 1325
1464 1353
1464 1357
1464 1380
1464 1430
1464 1452
1464 1478
1464 1507
1464 1868
1464 4737
1464 4996
3255 2273
3255 3318
3255 3439
3255 3552
3255 3569
3255 3620
3255 3665
2510 2744
2510 2835
2510 2907
2510 2963
481 517
481 4460
481 4781
2311 1961
2311 2057
2311 2292
2311 2327
2311 2338
2311 2339
2311 2379
2311 2417
2311 2442
2311 3420
2311 4833
2311 4851
4446 4196
4446 4275
4446 4526
4446 4530
4446 4617
479 1861
479 4971
1861 1615
1861 1673
1861 1718
1861 1732
1861 1735
1861 1741
1861 1776
1861 1778
1861 1790
1861 1795
1861 1799
1861 1854
1861 1868
1861 1893
1861 1909
1861 2528
1861 4490
1861 4786
4971 825
4971 2208
4971 2989
4971 3229
4971 3637
4971 4330
4971 4343
4971 4423
4971 4436
4971 4495
4971 4512
4971 4554
4971 4555
4971 4581
4971 4596
4971 4600
4971 4606
4971 4610
4971 4615
4971 4640
4971 4656
4971 4671
4971 4742
4971 4750
4971 4755
4971 4756
4971 4779
4971 4787
4971 4802
4971 4834
4971 4910
4971 4917
4971 4922
4971 4925
4971 4968
480 542
480 759
480 1809
542 581
542 3758
759 1206
1809 890
1809 1469
1809 1719
1809 1749
1809 1780
1809 1820
1809 1844
1809 1869
1809 1872
1809 1882
1809 1901
1809 1909
517 574
517 2290
517 3429
517 4979
4460 1953
4460 4890
4460 4915
4460 4956
4781 1570
4781 4657
4781 4728
4781 4745
4781 4887
4781 4907
4781 4956
482 599
482 2116
599 574
599 774
599 2269
599 3755
599 3828
2116 823
2116 2012
2116 2045
2116 2174
2116 2295
2116 2312
930 803
930 1143
930 1147
930 1217
930 1422
2554 2035
2554 2617
2554 2924
2554 2945
2554 3009
1869 1561
1869 1684
1869 1691
1869 1713
1869 1731
1869 1749
1869 1820
1869 1842
1869 1872
1869 1882
1869 1901
1869 1909
1869 1921
1869 2979
1869 3718
1869 4171
1894 1576
1894 1580
1894 1581
1894 1590
1894 1601
1894 1602
1894 1626
1894 1639
1894 1661
1894 1669
1894 1670
1894 1687
1894 1714
1894 1765
1894 1773
1894 1782
1894 1813
1894 1847
1894 1862
1894 1897
1894 2598
1894 2989
1894 4152
487 591
487 2314
487 2718
591 540
591 3006
591 4160
591 4720
2314 540
2314 885
2314 1969
2314 2006
2314 2025
2314 2204
2314 2274
2314 2280
2314 2296
2314 2348
2314 2349
2314 2386
2314 4072
2718 2198
2718 2588
2718 2622
2718 2769
2718 2811
2718 2995
2718 3009
868 1404
868 1473
868 1496
3782 1260
3782 1403
3782 1639
3782 2581
3782 2945
3782 3022
3782 3039
3782 3080
3782 3186
3782 3188
3782 3189
3782 3206
3782 3329
3782 3377
3782 3380
3782 3420
3782 3421
3782 3442
3782 3463
3782 3483
3782 3485
3782 3489
3782 3566
3782 3578
3782 3636
3782 3699
3782 3709
3782 3735
3782 3739
3782 3785
3782 3799
3782 4761
3589 1239
3589 3297
3589 3331
3589 3440
3589 3601
3589 3668
3589 3734
3589 3753
3589 3784
3589 4944
3589 4974
491 563
491 568
491 3046
563 4209
563 4989
568 566
568 2337
568 2967
3046 3603
3046 3675
3046 3797
808 1388
744 1257
744 1544
744 2050
3952 4140
3952 4190
3675 3031
3675 3532
3675 3576
3675 3655
3675 3682
3675 3689
3675 3697
3675 3736
3675 4319
4794 2277
4794 3878
4794 4504
4794 4792
4794 4921
4794 4931
4794 4944
4794 4947
4794 4959
4794 4961
4794 4979
3364 3145
3364 3168
3364 3366
3364 3417
3364 3633
3364 3643
3364 3780
3364 3786
3364 3797
3364 4114
496 4209
4209 1107
4209 1175
4209 1911
4209 2370
4209 3838
4209 3853
4209 3874
4209 3875
4209 3899
4209 3908
4209 3923
4209 3930
4209 3950
4209 3972
4209 3985
4209 4028
4209 4038
4209 4051
4209 4096
4209 4161
4209 4166
4209 4170
4209 4172
4209 4186
4209 4191
4209 4193
4209 4195
4209 4201
4209 4203
4209 4205
4209 4214
4209 4216
4209 4317
4209 4416
4209 4420
562 577
562 579
562 2338
562 2388
562 4898
581 2901
581 2947
581 3517
3532 3007
3532 3554
3532 3670
498 551
498 1328
498 3747
551 520
551 1346
551 2976
1328 1333
1328 1429
1328 1473
1328 1521
1328 1551
1328 1752
1328 2046
3747 1430
3747 1525
3747 2826
3747 3034
3747 3231
3747 3284
3747 3311
3747 3357
3747 3403
3747 3416
3747 3440
3747 3443
3747 3483
3747 3522
3747 3571
3747 3592
3747 3601
3747 3608
3747 3614
3747 3668
3747 3670
3747 3753
3747 3760
3747 3784
3747 3820
3747 4269
3747 4287
579 1422
579 4736
1304 961
1304 1064
1304 1151
1304 1163
1304 1240
1304 1296
1304 1330
1304 1348
1304 1461
1304 1469
1304 1494
1304 3797
1916 872
1916 964
1916 1574
1916 1600
1916 1605
1916 1610
1916 1644
1916 1665
1916 1675
1916 1681
1916 1685
1916 1699
1916 1705
1916 1707
1916 1712
1916 1730
1916 1742
1916 1745
1916 1777
1916 1778
1916 1792
1916 1825
1916 1837
1916 1843
1916 1850
1916 1852
1916 1863
1916 1864
1916 1879
1916 1883
1916 1886
1916 1891
1916 1904
1916 1907
1916 1909
1916 1911
1916 1921
1916 1922
1916 2397
1916 2928
1916 3529
1916 3551
2814 2624
2814 2649
2814 2717
2814 2804
2814 2961
2814 2979
2814 3007
504 821
504 1849
821 1533
1849 1651
1849 1655
1849 1678
1849 1793
1849 1819
1849 1821
1849 1885
1849 1893
1849 1921
1849 2179
1849 2888
1849 3784
1849 4412
2306 1965
2306 1992
2306 2010
2306 2047
2306 2148
2306 2159
2306 2164
2306 2233
2306 2296
2306 2354
2306 2382
2306 2434
2306 2844
2921 745
2921 2537
2921 2575
2921 2607
2921 2709
2921 2736
2921 2780
2921 2819
2921 2838
2921 2945
2921 2964
2921 2985
2921 3009
2921 3034
2921 3355
4959 694
4959 1198
4959 1305
4959 1655
4959 2354
4959 2366
4959 2457
4959 3205
4959 4133
4959 4243
4959 4402
4959 4456
4959 4532
4959 4569
4959 4577
4959 4578
4959 4641
4959 4650
4959 4673
4959 4682
4959 4701
4959 4727
4959 4729
4959 4793
4959 4803
4959 4825
4959 4842
4959 4866
4959 4870
4959 4881
4959 4914
4959 4919
4959 4921
4959 4927
4959 4931
4959 4944
4959 4947
4959 4961
4959 4974
4959 4979
507 616
507 3007
616 528
616 594
616 663
616 3338
616 3728
616 4538
3007 815
3007 1020
3007 1388
3007 1879
3007 2455
3007 2458
3007 2486
3007 2501
3007 2504
3007 2524
3007 2529
3007 2540
3007 2542
3007 2560
3007 2571
3007 2572
3007 2574
3007 2601
3007 2624
3007 2646
3007 2682
3007 2701
3007 2702
3007 2708
3007 2716
3007 2723
3007 2747
3007 2750
3007 2760
3007 2767
3007 2770
3007 2772
3007 2778
3007 2798
3007 2805
3007 2819
3007 2826
3007 2835
3007 2840
3007 2849
3007 2852
3007 2854
3007 2861
3007 2907
3007 2919
3007 2923
3007 2946
3007 2947
3007 2954
3007 2961
3007 2964
3007 2969
3007 2972
3007 2976
3007 2985
3007 2989
3007 2997
3007 3431
3007 3445
3007 3734
3007 4256
3007 4468
3007 4902
3007 4946
3007 4968
1249 1144
1249 1386
1249 1443
1249 1445
1249 2375
1419 666
1419 671
1419 973
1419 1206
1419 1252
1419 1278
1419 1365
1419 1382
1419 1393
1419 1457
1419 1467
1419 1494
1419 1521
1419 1544
1419 2663
2903 1810
2903 2353
2903 2356
2903 2454
2903 2559
2903 2727
2903 2728
2903 2831
2903 2892
2903 2963
2903 2965
2903 2979
2903 2981
2903 3000
2903 3630
3745 1516
3745 2163
3745 3024
3745 3083
3745 3156
3745 3184
3745 3202
3745 3206
3745 3224
3745 3288
3745 3301
3745 3302
3745 3356
3745 3371
3745 3411
3745 3492
3745 3519
3745 3533
3745 3603
3745 3620
3745 3722
3745 3791
3745 3820
3745 4915
3745 4950
2672 2851
2672 2874
2672 2966
2672 2969
2672 3006
4572 1781
4572 4721
4572 4732
4572 4952
4572 4981
4558 2310
4558 4827
4558 4881
4558 4944
4558 4961
4558 4979
4770 1215
4770 2559
4770 3697
4770 4431
4770 4735
4770 4854
4770 4872
4770 4890
4770 4915
4981 936
4981 1172
4981 1329
4981 1342
4981 1475
4981 1727
4981 2008
4981 2272
4981 3150
4981 4246
4981 4272
4981 4289
4981 4299
4981 4301
4981 4315
4981 4322
4981 4354
4981 4411
4981 4414
4981 4433
4981 4440
4981 4452
4981 4493
4981 4499
4981 4506
4981 4511
4981 4519
4981 4524
4981 4552
4981 4562
4981 4570
4981 4602
4981 4621
4981 4640
4981 4653
4981 4695
4981 4723
4981 4745
4981 4766
4981 4773
4981 4786
4981 4800
4981 4813
4981 4820
4981 4821
4981 4840
4981 4842
4981 4844
4981 4856
4981 4860
4981 4933
4981 4935
4981 4946
4981 4952
4981 4964
4981 4996
4861 1746
4861 1888
4861 2874
4861 4444
4861 4616
4861 4702
4861 4758
4861 4803
4861 4819
4861 4824
4861 4852
4861 4874
4861 4879
4861 4953
4861 4996
594 2414
594 2436
594 2783
1478 746
1478 880
1478 903
1478 975
1478 1093
1478 1164
1478 1182
1478 1224
1478 1241
1478 1272
1478 1278
1478 1285
1478 1351
1478 1365
1478 1374
1478 1378
1478 1379
1478 1382
1478 1393
1478 1411
1478 1457
1478 1467
1478 1521
1478 1544
1478 1819
1478 2080
1478 4031
1478 4974
3112 3334
3112 3608
3112 3645
3112 4788
2409 1487
2409 1711
2409 1941
2409 1971
2409 1973
2409 2085
2409 2145
2409 2156
2409 2177
2409 2236
2409 2238
2409 2244
2409 2252
2409 2265
2409 2282
2409 2374
2409 2387
2409 2390
2409 2418
2409 2419
2409 2428
2409 2434
2409 2451
2409 2961
2409 3570
2409 4682
2409 4701
574 1279
574 2813
2290 1928
2290 1963
2290 2030
2290 2112
2290 2162
2290 2233
2290 2286
2290 2287
2290 2354
2290 2372
2290 2401
2290 2436
2290 4171
2290 4808
3429 2167
3429 3174
3429 3257
3429 3323
3429 3410
3429 3453
3429 3540
3429 3579
4979 825
4979 1040
4979 1058
4979 1347
4979 1551
4979 1731
4979 1773
4979 1793
4979 2379
4979 2677
4979 4233
4979 4336
4979 4345
4979 4376
4979 4382
4979 4398
4979 4405
4979 4425
4979 4455
4979 4456
4979 4463
4979 4465
4979 4474
4979 4487
4979 4498
4979 4525
4979 4532
4979 4561
4979 4637
4979 4639
4979 4644
4979 4645
4979 4647
4979 4673
4979 4682
4979 4701
4979 4727
4979 4731
4979 4740
4979 4774
4979 4792
4979 4803
4979 4825
4979 4843
4979 4881
4979 4898
4979 4902
4979 4907
4979 4919
4979 4921
4979 4927
4979 4931
4979 4933
4979 4944
4979 4947
4979 4953
4979 4961
4979 4974
1212 672
1212 1004
1212 1292
1212 1443
1212 4305
3697 3076
3697 3111
3697 3135
3697 3198
3697 3209
3697 3210
3697 3316
3697 3509
3697 3657
3697 3682
3697 3723
3697 4028
3697 4711
520 1033
520 1391
520 4090
1033 702
1033 756
1033 909
1033 1058
1033 1214
1033 1445
1391 710
1391 1087
1391 1088
1391 1109
1391 1268
1391 1276
1391 1348
1391 1432
1391 1457
1391 1494
1391 1517
1391 1536
1391 2321
1391 4139
1391 4451
4090 4072
4090 4101
4090 4120
4090 4138
4090 4167
4090 4178
4422 2614
4650 1188
4650 2922
4650 4927
4650 4974
921 1342
921 1381
921 1525
921 2764
4707 1364
4707 4293
4707 4935
4707 4950
4707 4989
4710 1900
4710 4291
4710 4778
4710 4933
4710 4946
2092 2112
2092 2273
2092 2297
2092 2538
3546 3029
3546 3120
3546 3127
3546 3166
3546 3209
3546 3218
3546 3388
3546 3407
3546 3774
4921 1488
4921 3754
4921 4284
4921 4398
4921 4456
4921 4543
4921 4568
4921 4701
4921 4729
4921 4731
4921 4760
4921 4786
4921 4813
4921 4881
4921 4914
4921 4919
4921 4931
4921 4944
4921 4947
4921 4961
4921 4974
754 1115
754 1472
4527 4538
4527 4801
4527 4835
4527 4890
4527 4898
4527 4902
4527 4919
1415 816
1415 820
1415 865
1415 974
1415 1022
1415 1067
1415 1236
1415 1269
1415 1400
1415 1455
1415 1525
1415 2868
1415 4193
4171 1347
4171 1571
4171 3904
4171 3922
4171 3948
4171 3972
4171 4038
4171 4045
4171 4049
4171 4142
4171 4147
4171 4152
4171 4173
4171 4178
4171 4184
4171 4188
4171 4195
4171 4196
4171 4203
4171 4204
4171 4215
4171 4216
4171 4807
4898 1921
4898 3404
4898 3791
4898 4318
4898 4328
4898 4364
4898 4390
4898 4429
4898 4441
4898 4491
4898 4624
4898 4666
4898 4688
4898 4729
4898 4789
4898 4801
4898 4835
4898 4902
527 1319
527 1394
1319 748
1319 1074
1319 1082
1319 1270
1319 1302
1319 1422
1319 1448
1319 1487
1319 2947
1319 4612
1394 720
1394 869
1394 1254
1394 1307
1394 1317
1394 1392
1394 1402
1394 1769
1394 4101
1394 4819
528 1488
528 2328
528 4881
1488 708
1488 780
1488 822
1488 827
1488 914
1488 994
1488 1007
1488 1019
1488 1127
1488 1137
1488 1324
1488 1333
1488 1359
1488 1406
1488 1420
1488 1429
1488 1473
1488 1475
1488 1494
1488 1496
1488 1536
1488 1551
1488 1559
1488 2336
1488 2989
1488 4056
1488 4722
1488 4763
2328 1100
2328 1939
2328 2076
2328 2112
2328 2140
2328 2251
2328 2264
2328 2265
2328 2267
2328 2286
2328 2288
2328 2304
2328 2406
2328 2416
2328 4682
4881 1413
4881 1429
4881 3643
4881 4577
4881 4695
4881 4821
4881 4825
4881 4914
4881 4927
4881 4931
4881 4944
4881 4947
4881 4964
4881 4974
2297 1999
2297 2187
2297 2257
2297 2318
2297 2336
2297 2354
2297 2382
2297 2406
2297 2416
2297 2855
2686 2535
2686 2783
2686 2993
2686 3000
2686 3006
2769 1336
2769 2662
2769 2897
2769 2925
2769 2995
2769 4996
3380 1994
3380 3744
3380 3746
533 1863
1863 1572
1863 1712
1863 1739
1863 1822
1863 1825
1863 1834
1863 1891
1863 1904
1863 1921
1863 1922
1863 3665
1863 4843
2353 689
2353 2104
2353 2138
2353 2156
2353 2222
2353 2232
2353 2296
2353 2324
2353 2358
2353 2369
2353 2383
2353 2410
2353 2413
2353 2414
2353 2420
2353 3535
1189 680
1189 706
1189 717
1189 888
1189 1205
1189 1278
1189 2613
2127 1745
2127 2256
2127 2298
2127 2312
2127 2329
2127 2362
2127 2377
1366 757
1366 835
1366 839
1366 870
1366 929
1366 1068
1366 1146
1366 1181
1366 1186
1366 1204
1366 1736
1366 2136
2067 1792
2067 2168
2067 2221
2067 2249
2067 2329
2067 2340
2067 2362
2067 2377
2995 1091
2995 1113
2995 2479
2995 2515
2995 2532
2995 2578
2995 2588
2995 2591
2995 2604
2995 2607
2995 2610
2995 2612
2995 2622
2995 2631
2995 2637
2995 2663
2995 2688
2995 2704
2995 2720
2995 2749
2995 2766
2995 2804
2995 2823
2995 2841
2995 2861
2995 2862
2995 2882
2995 2894
2995 2897
2995 2916
2995 2925
2995 2930
2995 2946
2995 2947
2995 2950
2995 2955
2995 2966
2995 2967
2995 2974
2995 2977
2995 3000
2995 3490
2995 4378
2995 4677
2995 4968
1516 711
1516 850
1516 876
1516 990
1516 1021
1516 1077
1516 1122
1516 1127
1516 1183
1516 1193
1516 1235
1516 1243
1516 1268
1516 1279
1516 1313
1516 1316
1516 1327
1516 1348
1516 1364
1516 1376
1516 1381
1516 1404
1516 1417
1516 1455
1516 1482
1516 1485
1516 1533
1516 1536
1516 1544
1516 1843
1516 2326
1516 3261
1516 3989
1516 4869
4195 1235
4195 1521
4195 1732
4195 2338
4195 2915
4195 3860
4195 3896
4195 3908
4195 3928
4195 3929
4195 3933
4195 3951
4195 3968
4195 4044
4195 4056
4195 4064
4195 4077
4195 4103
4195 4121
4195 4123
4195 4129
4195 4161
4195 4164
4195 4176
4195 4190
4195 4191
4195 4193
4195 4196
4195 4206
4195 4215
4195 4562
4195 4964
4483 4575
4483 4852
4483 4879
4483 4955
3366 3346
3366 3492
3366 3603
3366 3637
3366 3722
540 716
716 693
716 738
716 1281
716 1296
3758 2482
3758 3055
3758 3073
3758 3120
3758 3199
3758 3205
3758 3213
3758 3248
3758 3295
3758 3304
3758 3363
3758 3375
3758 3402
3758 3441
3758 3537
3758 3551
3758 3598
3758 3605
3758 3610
3758 3654
3758 3677
3758 3727
3758 3743
3758 3755
3758 3762
3758 3769
3758 3772
3758 3785
3758 3786
3758 4204
3758 4613
4771 3497
4771 4234
4771 4262
4771 4375
4771 4392
4771 4428
4771 4642
4771 4814
4771 4855
4771 4904
4771 4905
4771 4933
4629 1333
4629 4273
4629 4337
4629 4598
4629 4696
4629 4713
4629 4722
4629 4788
955 1384
955 2248
1324 1007
1324 1099
1324 1120
1324 1273
1324 1354
1324 1551
1324 1920
911 710
911 772
911 1120
911 1200
911 1286
911 2562
1879 1136
1879 1577
1879 1584
1879 1587
1879 1682
1879 1715
1879 1719
1879 1720
1879 1784
1879 1821
1879 1829
1879 1836
1879 1846
1879 1888
1879 1892
1879 1897
1879 4295
1879 4381
1879 4663
1767 1708
1767 1782
1767 1800
1767 1810
1767 1818
1767 1822
1767 1835
1767 1868
1786 1766
1786 1883
1786 1904
1786 1907
1786 1922
1786 2169
1786 2981
3266 2544
3266 3322
3266 3732
3266 3795
4157 1348
4157 1783
4157 2295
4157 2854
4157 3888
4157 3918
4157 3932
4157 3945
4157 3963
4157 4048
4157 4050
4157 4052
4157 4093
4157 4137
4157 4146
4157 4188
4157 4199
4157 4203
4157 4215
1844 1127
1844 1400
1844 1573
1844 1613
1844 1709
1844 1753
1844 1787
1844 1820
1844 1872
1844 1882
1844 1901
1844 1909
1844 1911
1346 778
1346 1102
1346 1113
1346 1216
1346 1250
1346 1303
1346 1417
1346 1533
1346 4968
2976 1239
2976 1379
2976 1713
2976 2436
2976 2471
2976 2485
2976 2488
2976 2490
2976 2495
2976 2498
2976 2551
2976 2563
2976 2569
2976 2570
2976 2597
2976 2606
2976 2607
2976 2613
2976 2676
2976 2697
2976 2699
2976 2712
2976 2713
2976 2737
2976 2738
2976 2774
2976 2779
2976 2799
2976 2807
2976 2855
2976 2874
2976 2929
2976 2950
2976 2966
2976 2977
2976 2979
2976 2985
2976 3454
2976 4904
1834 1182
1834 1732
1834 1741
1834 1827
1834 1868
1834 1885
1834 1887
1834 1893
1834 1921
2560 2935
3479 1756
3479 2249
3479 3223
3479 3334
3479 3569
3479 3609
3479 3693
3479 3755
1461 670
1461 728
1461 752
1461 760
1461 775
1461 811
1461 818
1461 900
1461 946
1461 977
1461 1060
1461 1112
1461 1160
1461 1173
1461 1177
1461 1220
1461 1251
1461 1268
1461 1340
1461 1386
1461 3431
1461 3856
1461 4010
1461 4462
1461 4925
1674 1603
1674 1746
1674 1759
1674 1806
1674 4666
2458 2703
2458 2824
2458 2842
2214 1996
2214 2004
2214 2041
2214 2133
2214 2269
2214 2313
2214 2345
2214 2360
2214 4843
2818 2692
2818 2835
2818 2891
2818 2939
2818 2963
2818 2969
2818 3006
3297 2807
3297 3372
3297 3642
3297 3740
3297 3786
3297 3797
2972 979
2972 1333
2972 1703
2972 1782
2972 2318
2972 2460
2972 2538
2972 2572
2972 2594
2972 2619
2972 2649
2972 2691
2972 2703
2972 2709
2972 2755
2972 2761
2972 2770
2972 2781
2972 2798
2972 2805
2972 2819
2972 2835
2972 2849
2972 2876
2972 2946
2972 2961
2972 2969
2972 2993
2972 3792
3535 1286
3535 2710
3535 3031
3535 3354
3535 3393
3535 3573
3535 3724
3535 3799
1052 1203
1052 1305
1052 1374
1052 1395
1052 1423
1052 1507
1052 1508
1052 2891
2683 2771
2683 2842
2683 2911
2683 2952
2683 3000
1897 1123
1897 1576
1897 1580
1897 1581
1897 1590
1897 1595
1897 1601
1897 1626
1897 1635
1897 1636
1897 1639
1897 1661
1897 1670
1897 1687
1897 1693
1897 1697
1897 1714
1897 1722
1897 1782
1897 1813
1897 1847
1897 1883
1897 1886
1897 1907
1897 2406
1897 3193
1897 3797
1897 3885
1897 4833
2218 2058
2218 2104
2218 2148
2218 2383
2218 2401
2218 2407
2218 2434
2985 1451
2985 2191
2985 2482
2985 2512
2985 2537
2985 2546
2985 2551
2985 2575
2985 2581
2985 2617
2985 2625
2985 2695
2985 2722
2985 2741
2985 2746
2985 2780
2985 2785
2985 2799
2985 2803
2985 2806
2985 2810
2985 2817
2985 2838
2985 2881
2985 2898
2985 2922
2985 2924
2985 2935
2985 2963
2985 2964
2985 2993
2985 2997
2985 3006
2985 3009
2985 3308
2985 3614
2985 4206
2985 4821
560 4925
4925 924
4925 1603
4925 3315
4925 3321
4925 4596
4925 4610
4925 4656
4925 4698
4925 4715
4925 4742
4925 4757
4925 4761
4925 4787
4925 4800
4925 4802
4925 4817
4925 4850
4925 4890
4925 4894
4925 4917
4925 4961
1297 902
1297 1020
1297 1352
1297 1362
1297 1435
1297 1472
1297 1520
1297 2723
3760 1611
3760 2274
3760 2670
3760 3049
3760 3057
3760 3084
3760 3116
3760 3160
3760 3234
3760 3276
3760 3410
3760 3505
3760 3560
3760 3576
3760 3581
3760 3583
3760 3711
3760 3716
3760 3754
3760 3771
3760 3789
3760 3961
3760 4203
577 1559
577 2574
2338 2103
2338 2288
2338 2364
2338 2395
2338 2417
2338 2442
2388 1354
2388 2004
2388 2034
2388 2049
2388 2086
2388 2088
2388 2145
2388 2161
2388 2231
2388 2254
2388 2301
2388 2313
2388 2330
2388 2351
2388 2365
2388 2366
2388 2370
2388 2397
2388 2419
2388 2993
4989 781
4989 932
4989 1544
4989 1769
4989 1845
4989 2440
4989 2559
4989 2955
4989 3318
4989 3930
4989 4232
4989 4236
4989 4265
4989 4295
4989 4300
4989 4312
4989 4316
4989 4349
4989 4351
4989 4435
4989 4448
4989 4455
4989 4462
4989 4486
4989 4497
4989 4507
4989 4520
4989 4576
4989 4588
4989 4606
4989 4616
4989 4632
4989 4634
4989 4688
4989 4691
4989 4694
4989 4705
4989 4724
4989 4749
4989 4754
4989 4760
4989 4764
4989 4772
4989 4793
4989 4805
4989 4808
4989 4828
4989 4841
4989 4842
4989 4855
4989 4869
4989 4894
4989 4904
4989 4927
4989 4935
4989 4950
4989 4974
2851 2514
2851 2648
2851 2795
2851 2810
2851 2879
2851 2916
2851 2936
2851 2942
2851 2989
2851 3371
2851 3792
1893 1342
1893 1668
1893 1678
1893 1685
1893 1727
1893 1732
1893 1740
1893 1768
1893 1776
1893 1799
1893 1827
1893 1838
1893 1847
1893 1868
1893 1885
1893 1886
1893 1904
1893 3332
2857 1471
2857 2692
2857 2894
2857 2928
2857 2930
2857 2955
2857 2967
2857 2974
2857 3791
4188 1296
4188 1888
4188 2287
4188 2289
4188 2387
4188 2413
4188 2832
4188 3879
4188 3886
4188 3913
4188 3920
4188 3948
4188 3953
4188 3959
4188 4011
4188 4020
4188 4023
4188 4030
4188 4045
4188 4049
4188 4050
4188 4085
4188 4133
4188 4137
4188 4142
4188 4146
4188 4159
4188 4169
4188 4190
4188 4215
566 1024
566 1761
566 4704
1024 793
1024 809
1024 1010
1024 1018
1024 1203
1024 1460
1024 1480
1024 2304
1761 1646
1761 1792
1761 1845
1761 1855
1761 1873
1761 3034
4704 1337
4704 2254
4704 4749
4704 4869
3699 2140
3699 2411
3699 2721
3699 3006
3699 3109
3699 3115
3699 3471
3699 3475
3699 3567
3699 3576
3699 3644
3699 3673
3699 3677
3699 3689
3699 3754
3699 3771
3699 3789
4932 1291
4932 3283
4932 3303
4932 3613
4932 3917
4932 3918
4932 4043
4932 4245
4932 4247
4932 4248
4932 4270
4932 4292
4932 4327
4932 4356
4932 4381
4932 4521
4932 4523
4932 4584
4932 4627
4932 4680
4932 4717
4932 4721
4932 4726
4932 4727
4932 4732
4932 4734
4932 4740
4932 4763
4932 4767
4932 4848
4932 4864
4932 4929
2337 1347
2337 1980
2337 2094
2337 2176
2337 2186
2337 2212
2337 2221
2337 2249
2337 2258
2337 2260
2337 2325
2337 2359
2337 2362
2337 2363
2337 2370
2337 2383
2337 2435
2337 4944
2967 1135
2967 1432
2967 2470
2967 2562
2967 2604
2967 2633
2967 2749
2967 2811
2967 2862
2967 2873
2967 2894
2967 2925
2967 2928
2967 2931
2967 2939
2967 2955
2967 2963
2967 2992
2967 2993
2967 3009
2967 3452
2967 3937
2967 4944
799 1188
799 1217
799 1422
4331 4458
2905 1222
2905 2568
2905 2614
2905 2670
2905 2717
2905 2721
2905 2727
2905 2858
2905 2863
2905 2919
2905 2952
2905 2965
2905 2969
2905 2997
2905 3094
2905 4307
3028 3316
3028 3542
4542 4337
4542 4514
4542 4611
4542 4904
4542 4905
2383 672
2383 1927
2383 1977
2383 2026
2383 2165
2383 2215
2383 2258
2383 2261
2383 2286
2383 2287
2383 2294
2383 2313
2383 2346
2383 2369
2383 2401
2383 2410
2383 2435
2383 2436
2383 3820
2979 885
2979 1706
2979 2411
2979 2462
2979 2493
2979 2519
2979 2525
2979 2548
2979 2558
2979 2638
2979 2646
2979 2651
2979 2668
2979 2694
2979 2710
2979 2727
2979 2728
2979 2768
2979 2771
2979 2782
2979 2825
2979 2831
2979 2842
2979 2843
2979 2882
2979 2892
2979 2906
2979 2911
2979 2919
2979 2923
2979 2938
2979 2952
2979 2965
2979 2981
2979 3000
2979 3610
2979 3703
2979 4879
1520 741
1520 743
1520 753
1520 761
1520 828
1520 918
1520 971
1520 998
1520 1012
1520 1051
1520 1064
1520 1072
1520 1095
1520 1158
1520 1190
1520 1227
1520 1247
1520 1295
1520 1352
1520 1362
1520 1379
1520 1423
1520 1435
1520 1472
1520 1837
1520 2109
1520 2200
1520 2342
1520 3614
1520 3715
1520 4549
1520 4652
2156 1997
2156 2149
2156 2374
2156 2419
2156 2451
670 1251
670 1435
1279 917
1279 1208
1279 1299
1279 1402
1279 1485
1279 3410
1279 3630
1279 4472
2813 2482
2813 2891
2813 2907
2813 2993
2813 3006
2813 4860
3626 2831
3626 3510
3626 3568
3626 3611
3626 3615
3626 3630
3626 3637
3626 3695
3626 3712
3626 3713
3626 3715
3626 3792
2058 1992
2058 2281
2058 2369
1559 690
1559 699
1559 713
1559 750
1559 789
1559 797
1559 804
1559 819
1559 871
1559 905
1559 934
1559 939
1559 942
1559 963
1559 976
1559 979
1559 1049
1559 1055
1559 1063
1559 1102
1559 1106
1559 1147
1559 1178
1559 1180
1559 1188
1559 1233
1559 1235
1559 1238
1559 1239
1559 1240
1559 1246
1559 1248
1559 1269
1559 1283
1559 1284
1559 1301
1559 1305
1559 1329
1559 1336
1559 1364
1559 1385
1559 1403
1559 1417
1559 1425
1559 1429
1559 1467
1559 1471
1559 1485
1559 1500
1559 1517
1559 1770
1559 1922
1559 2520
1559 2566
1559 2584
1559 3259
1559 3820
1559 4035
1559 4531
1559 4914
2574 2617
2574 2947
1431 704
1431 1000
1431 1020
1431 1229
1431 1241
1431 1327
1431 1468
1431 1482
1431 1517
1431 1787
1431 1907
1431 2829
1431 3037
2657 2642
2657 2645
2657 2873
2657 2992
2657 2993
2657 3006
3800 1201
3800 1369
3800 1992
3800 2132
3800 2699
3800 2916
3800 3128
3800 3161
3800 3175
3800 3233
3800 3237
3800 3239
3800 3292
3800 3324
3800 3350
3800 3353
3800 3384
3800 3427
3800 3428
3800 3443
3800 3458
3800 3526
3800 3580
3800 3582
3800 3593
3800 3614
3800 3621
3800 3659
3800 3667
3800 3703
3800 3713
3800 3724
3800 3734
3800 3750
3800 3755
3800 3774
3800 4216
3800 4473
3800 4590
1422 664
1422 666
1422 766
1422 793
1422 803
1422 816
1422 841
1422 945
1422 1100
1422 1101
1422 1172
1422 1533
1422 3186
1422 4528
1422 4570
4736 4686
4736 4739
4736 4879
4736 4955
2728 2495
2728 2863
2728 2938
2728 2952
2728 2969
2728 2981
2728 3318
2728 4326
2901 1155
2901 1451
2901 2542
2901 2553
2901 2561
2901 2581
2901 2694
2901 2750
2901 2889
2901 2898
2901 2922
2901 2954
2901 2981
2901 2992
2901 3009
2901 4852
2947 1004
2947 1887
2947 2464
2947 2471
2947 2501
2947 2566
2947 2571
2947 2642
2947 2643
2947 2649
2947 2691
2947 2716
2947 2803
2947 2805
2947 2907
2947 2946
2947 2961
2947 3000
3517 1341
3517 3563
3517 3588
3517 3597
3517 3799
2175 1406
2175 1997
2175 2114
2175 2209
2175 2255
2175 2272
2175 2364
2175 2414
4950 1234
4950 1250
4950 1766
4950 4201
4950 4232
4950 4349
4950 4435
4950 4455
4950 4520
4950 4576
4950 4616
4950 4649
4950 4688
4950 4690
4950 4691
4950 4694
4950 4749
4950 4754
4950 4764
4950 4772
4950 4805
4950 4828
4950 4839
4950 4841
4950 4860
4950 4894
4950 4922
4950 4929
4950 4935
1533 672
1533 686
1533 703
1533 707
1533 914
1533 924
1533 1019
1533 1021
1533 1088
1533 1094
1533 1113
1533 1127
1533 1178
1533 1185
1533 1193
1533 1216
1533 1234
1533 1260
1533 1268
1533 1303
1533 1327
1533 1348
1533 1376
1533 1381
1533 1395
1533 1417
1533 1432
1533 1445
1533 1468
1533 1482
1533 1517
1533 1536
1533 1891
1533 2273
1533 2327
1533 2589
1533 2606
1533 3689
1533 4097
1533 4206
1533 4893
2808 2906
2808 2954
2808 2963
2808 2992
2808 2993
2808 3006
2808 4137
4517 4301
4517 4464
4517 4798
2043 2334
2043 2360
2043 2376
2992 1214
2992 1353
2992 1508
2992 1719
2992 1973
2992 2348
2992 2474
2992 2481
2992 2518
2992 2534
2992 2549
2992 2553
2992 2579
2992 2596
2992 2605
2992 2632
2992 2644
2992 2647
2992 2655
2992 2656
2992 2676
2992 2740
2992 2743
2992 2782
2992 2809
2992 2819
2992 2830
2992 2836
2992 2847
2992 2859
2992 2864
2992 2891
2992 2915
2992 2939
2992 2963
2992 2966
2992 2969
2992 2993
2992 3006
2992 3009
2992 3602
2992 4052
2992 4152
2992 4626
2992 4952
837 680
837 717
837 1432
1521 796
1521 872
1521 880
1521 970
1521 973
1521 1075
1521 1107
1521 1118
1521 1145
1521 1164
1521 1176
1521 1198
1521 1206
1521 1241
1521 1252
1521 1260
1521 1272
1521 1276
1521 1278
1521 1285
1521 1316
1521 1348
1521 1351
1521 1382
1521 1457
1521 1467
1521 1544
1521 3469
1521 3617
1521 4096
1521 4774
1521 4902
1521 4968
1544 666
1544 767
1544 796
1544 840
1544 856
1544 865
1544 880
1544 903
1544 918
1544 933
1544 937
1544 950
1544 1003
1544 1075
1544 1093
1544 1107
1544 1118
1544 1128
1544 1145
1544 1164
1544 1198
1544 1206
1544 1234
1544 1241
1544 1252
1544 1261
1544 1272
1544 1278
1544 1285
1544 1295
1544 1300
1544 1351
1544 1365
1544 1379
1544 1380
1544 1382
1544 1393
1544 1411
1544 1457
1544 1467
1544 1473
1544 1508
1544 1848
1544 2824
1544 4215
1544 4894
2964 1161
2964 1740
2964 2288
2964 2465
2964 2500
2964 2512
2964 2519
2964 2581
2964 2583
2964 2611
2964 2736
2964 2776
2964 2780
2964 2796
2964 2803
2964 2856
2964 2881
2964 2889
2964 2898
2964 2954
2964 3009
2964 3313
2964 4215
2964 4677
4755 3693
4755 4118
4755 4343
4755 4570
4755 4675
4755 4726
4755 4940
4755 4952
863 1235
863 1322
863 1353
2298 1979
2298 2071
2298 2222
2298 2249
2298 2256
2298 2295
2298 2312
2298 2318
2298 2329
2298 2362
2298 2377
2298 2420
2298 2442
2298 3694
2298 3988
2298 4964
3209 909
3209 3056
3209 3407
4367 4372
4367 4476
4367 4944
3006 1043
3006 1072
3006 1368
3006 1747
3006 1935
3006 2096
3006 2185
3006 2489
3006 2511
3006 2576
3006 2579
3006 2585
3006 2596
3006 2618
3006 2644
3006 2645
3006 2655
3006 2658
3006 2676
3006 2677
3006 2685
3006 2692
3006 2705
3006 2739
3006 2740
3006 2743
3006 2783
3006 2795
3006 2799
3006 2809
3006 2827
3006 2830
3006 2836
3006 2856
3006 2868
3006 2870
3006 2891
3006 2906
3006 2924
3006 2925
3006 2932
3006 2939
3006 2954
3006 2963
3006 2966
3006 2969
3006 2977
3006 2993
3006 3000
3006 4056
3006 4062
3006 4431
4160 3089
4160 3202
4160 3797
4160 3873
4160 3881
4160 3899
4160 3949
4160 3988
4160 4008
4160 4047
4160 4063
4160 4080
4160 4111
4160 4117
4160 4130
4160 4137
4160 4159
4160 4162
4160 4176
4160 4193
4160 4206
4160 4927
4720 4231
4720 4796
4720 4887
4720 4930
4720 4934
4720 4956
1344 1149
1344 1404
1344 1423
1344 1451
1344 1507
1344 1508
1344 2310
1344 2760
1344 3213
1380 749
1380 807
1380 1073
1380 1144
1380 1255
1380 1292
1380 1325
1380 1430
1380 1452
1380 1455
1380 2366
1380 3262
1380 3786
3642 1329
3642 3204
3642 3372
3642 3373
3642 3404
3642 3412
3642 3597
3642 3606
3642 3633
3642 3646
3642 3664
3642 3669
3642 3736
3642 3740
3642 3754
3642 3786
3642 3797
3642 4215
4150 1027
4150 1819
4150 3634
4150 3872
4150 3891
4150 3899
4150 3901
4150 3988
4150 3990
4150 4047
4150 4061
4150 4063
4150 4080
4150 4111
4150 4159
4150 4162
4150 4176
4150 4820
4887 1171
4887 1209
4887 2442
4887 4508
4887 4563
4887 4598
4887 4617
4887 4728
4887 4784
4887 4811
4887 4875
4887 4907
4887 4911
4887 4922
4887 4930
4887 4940
2414 815
2414 969
2414 1795
2414 1941
2414 1969
2414 2027
2414 2134
2414 2146
2414 2194
2414 2209
2414 2255
2414 2260
2414 2292
2414 2326
2414 2373
2414 2377
2414 2395
2414 2411
2414 2417
2414 2425
2414 2442
2414 2965
2414 4674
2436 1482
2436 1525
2436 1981
2436 2010
2436 2021
2436 2035
2436 2045
2436 2079
2436 2085
2436 2138
2436 2148
2436 2165
2436 2167
2436 2222
2436 2226
2436 2259
2436 2261
2436 2283
2436 2289
2436 2294
2436 2322
2436 2326
2436 2331
2436 2334
2436 2354
2436 2358
2436 2369
2436 2372
2436 2401
2436 2410
2436 2411
2436 2413
2436 2420
2436 2434
2436 2435
2436 2861
2436 3681
2436 4204
2436 4828
2783 1920
2783 2614
2783 2692
2783 2713
2783 2856
2783 2906
2783 2993
2422 1139
2422 1746
2422 1956
2422 1990
2422 2019
2422 2055
2422 2077
2422 2084
2422 2141
2422 2199
2422 2210
2422 2239
2422 2276
2422 2310
2422 2321
2422 2323
2422 2339
2422 2367
2422 2369
2422 2371
2422 2376
2422 2393
2422 2430
2422 2440
2422 2878
2422 3116
2422 3958
3724 2307
3724 2680
3724 3024
3724 3186
3724 3213
3724 3417
3724 3443
3724 3458
3724 3526
3724 3622
3724 3634
3724 3667
3724 3673
3724 3703
3724 3713
3724 3755
3724 3774
3724 3957
1663 1578
1663 1922
3515 3149
3515 3484
3515 3561
3515 3602
3515 3636
3515 3650
3515 3728
3515 3739
3515 3750
3515 4914
3791 1013
3791 1051
3791 1059
3791 2981
3791 3027
3791 3058
3791 3249
3791 3318
3791 3331
3791 3334
3791 3338
3791 3348
3791 3392
3791 3401
3791 3415
3791 3422
3791 3447
3791 3595
3791 3639
3791 3651
3791 3661
3791 3705
3791 3727
3791 3750
3791 3792
3791 3820
3791 3963
3791 4085
3791 4690
4199 2456
4199 2697
4199 3139
4199 3639
4199 3844
4199 3845
4199 3880
4199 3892
4199 3898
4199 3907
4199 3938
4199 3948
4199 3972
4199 3978
4199 3985
4199 3990
4199 3992
4199 4023
4199 4030
4199 4033
4199 4037
4199 4050
4199 4053
4199 4069
4199 4071
4199 4152
4199 4173
4199 4184
4199 4191
4199 4196
4199 4203
4199 4206
4199 4215
4199 4532
4199 4703
3693 1564
3693 3012
3693 3196
3693 3328
3693 3342
3693 3408
3693 3504
3693 3545
3693 3561
3693 3569
3693 3609
3693 3689
3693 3704
3693 3718
3693 3732
3693 3795
3693 4203
3799 878
3799 1104
3799 1676
3799 1774
3799 1980
3799 3018
3799 3044
3799 3053
3799 3062
3799 3146
3799 3188
3799 3215
3799 3281
3799 3291
3799 3300
3799 3315
3799 3341
3799 3346
3799 3398
3799 3455
3799 3495
3799 3498
3799 3530
3799 3627
3799 3691
3799 3708
3799 3727
3799 3734
3799 3735
3799 3828
3799 4525
3799 4798
3799 4907
3799 4920
1469 680
1469 715
1469 787
1469 793
1469 809
1469 847
1469 894
1469 902
1469 980
1469 1045
1469 1091
1469 1131
1469 1141
1469 1148
1469 1157
1469 1240
1469 1278
1469 1296
1469 1298
1469 1306
1469 1432
1469 1460
1469 1473
1469 1480
1469 1494
1469 3503
1469 3539
1469 4686
4268 849
4268 4335
4268 4866
774 738
774 1281
2269 1404
2269 2028
2269 2151
2269 2231
2269 2294
2269 2317
2269 2397
2269 2428
2269 2594
3755 665
3755 3103
3755 3237
3755 3278
3755 3443
3755 3509
3755 3580
3755 3582
3755 3593
3755 3621
3755 3622
3755 3667
3755 3703
3755 3754
3755 3769
3755 3774
3755 4138
3755 4924
3828 669
3828 1214
3828 1260
3828 1286
3828 1435
3828 1500
3828 1636
3828 2065
3828 2386
3828 2635
3828 2779
3828 2860
3828 3014
3828 3018
3828 3019
3828 3062
3828 3095
3828 3115
3828 3146
3828 3164
3828 3174
3828 3212
3828 3215
3828 3219
3828 3238
3828 3258
3828 3259
3828 3281
3828 3285
3828 3287
3828 3288
3828 3300
3828 3315
3828 3346
3828 3354
3828 3359
3828 3398
3828 3430
3828 3453
3828 3495
3828 3496
3828 3498
3828 3523
3828 3531
3828 3547
3828 3573
3828 3583
3828 3588
3828 3597
3828 3708
3828 3716
3828 3722
3828 3723
3828 3728
3828 3734
3828 3738
3828 3771
3828 3772
3828 3792
3828 3982
3828 4508
2186 1729
2186 2063
2186 2221
2186 2260
2186 2266
2186 2406
2186 2418
2186 2435
2304 1173
2304 2066
2304 2230
2304 2251
2304 2308
2304 2336
2304 2376
2304 2380
2304 2416
2304 2419
2304 2430
2304 3722
3494 2103
3494 3459
3494 3601
3494 3614
3494 3629
3494 3670
3494 3743
3494 3784
1452 786
1452 843
1452 1034
1452 1059
1452 1097
1452 1150
1452 1155
1452 1170
1452 1171
1452 1179
1452 1235
1452 1292
1452 1357
1452 3540
1452 3630
1967 2109
1967 2321
1967 2381
1967 2440
4105 1308
4105 1873
4105 2523
4105 3843
4105 4003
4105 4016
4105 4053
4105 4057
4105 4059
4105 4078
4105 4106
4105 4113
4105 4114
4105 4132
4105 4145
4203 895
4203 1365
4203 1487
4203 1586
4203 2155
4203 3407
4203 3789
4203 3852
4203 3864
4203 3874
4203 3942
4203 3949
4203 3984
4203 4000
4203 4028
4203 4036
4203 4106
4203 4121
4203 4133
4203 4142
4203 4151
4203 4159
4203 4161
4203 4166
4203 4186
4203 4191
4203 4201
4203 4205
4203 4214
4203 4216
1862 1536
1862 1608
1862 1753
1862 1798
1862 1852
1862 1883
1862 1886
1862 1891
1862 1904
1862 1907
1862 1921
1862 1922
1862 2811
1862 4796
2931 1765
2931 1792
2931 2411
2931 2494
2931 2544
2931 2623
2931 2663
2931 2675
2931 2724
2931 2725
2931 2745
2931 2748
2931 2758
2931 2759
2931 2788
2931 2824
2931 2827
2931 2879
2931 2889
2931 2932
2931 2989
2931 3651
4480 4285
4480 4400
4480 4472
4480 4479
4480 4714
4480 4857
1405 732
1405 866
1405 906
1405 915
1405 932
1405 949
1405 1043
1405 1215
1405 1218
1405 1293
1405 1311
1405 1347
1405 1368
1405 3009
1405 3324
1405 3691
1405 4066
1405 4172
2641 2694
2641 2707
2641 2802
2641 2810
2641 2817
2641 2824
2641 2989
2641 3371
2897 2258
2897 2612
2897 2779
2897 2823
2897 2829
2897 2873
2897 2925
2897 2930
2897 2955
2897 2974
2897 3080
2897 3229
2897 3531
1007 1551
1007 2417
2062 1423
2062 1928
2062 2044
2062 2102
2062 2294
2062 2324
2062 2413
4184 812
4184 1002
4184 1099
4184 3491
4184 3836
4184 3856
4184 3896
4184 3907
4184 3978
4184 3981
4184 4000
4184 4010
4184 4011
4184 4033
4184 4094
4184 4113
4184 4117
4184 4133
4184 4141
4184 4147
4184 4152
4184 4172
4184 4178
4184 4196
4184 4204
4184 4215
2342 1990
2342 2019
2342 2057
2342 2123
2342 2144
2342 2199
2342 2317
2342 2330
2342 2371
2342 2411
2342 2417
2342 4817
2530 2595
2530 2858
2530 2965
714 1508
714 3738
1224 764
1224 1176
1224 1253
1224 1314
1224 1437
1224 1507
1224 2112
1224 3372
1744 739
1744 1617
1744 1657
1744 1722
1744 1724
1744 1743
1744 1745
1744 1755
1744 1756
1744 1783
4996 947
4996 1002
4996 1104
4996 1653
4996 1720
4996 2045
4996 2861
4996 3190
4996 3557
4996 4034
4996 4235
4996 4243
4996 4267
4996 4283
4996 4294
4996 4302
4996 4340
4996 4345
4996 4366
4996 4372
4996 4382
4996 4386
4996 4392
4996 4405
4996 4408
4996 4409
4996 4410
4996 4418
4996 4421
4996 4444
4996 4472
4996 4529
4996 4560
4996 4608
4996 4620
4996 4652
4996 4662
4996 4702
4996 4703
4996 4708
4996 4719
4996 4741
4996 4758
4996 4759
4996 4763
4996 4778
4996 4798
4996 4802
4996 4819
4996 4824
4996 4836
4996 4839
4996 4856
4996 4862
4996 4874
4996 4924
4996 4948
4996 4953
2487 1920
2487 2455
2487 2826
4403 3715
4403 4701
4403 4964
1209 812
1209 999
1209 1089
1209 1181
1209 1374
1209 1423
1209 1508
1269 1246
1269 1364
1269 1429
1269 1471
1269 2519
1313 817
1313 1109
1313 1225
1313 1268
1313 1276
1313 1291
1313 1376
1313 1457
1313 1468
1313 2888
1728 1771
1728 1814
1728 1836
1728 1837
1728 1911
1728 4005
2280 1298
2280 1948
2280 2219
2280 2313
2280 2381
2280 2386
2280 2407
2280 2425
2807 2569
2807 2592
2807 2737
2807 2806
2807 2858
2807 2937
2807 2977
2874 2607
2874 2619
2874 2755
2874 2774
2874 2779
2874 2797
2874 2879
2874 2883
2874 2929
2874 2937
2874 2977
2874 4022
2874 4688
1723 1229
1723 1616
1723 1700
1723 1892
1723 1911
1723 1922
3990 2088
3990 3930
3990 4092
3990 4216
3066 3159
3066 3655
3066 3762
3066 3772
3222 3498
3222 3583
3222 3661
3222 3754
3222 3789
663 1025
663 1308
663 1325
663 1337
3338 3122
3338 3820
3728 934
3728 1158
3728 2390
3728 2854
3728 3089
3728 3142
3728 3145
3728 3177
3728 3219
3728 3220
3728 3223
3728 3387
3728 3396
3728 3432
3728 3457
3728 3529
3728 3553
3728 3555
3728 3570
3728 3704
3728 3744
4538 3602
4538 4318
4538 4504
4538 4533
4538 4715
4538 4904
2264 1951
2264 1972
2264 2008
2264 2019
2264 2060
2264 2112
2264 2140
2264 2231
2264 2288
2264 3504
3948 3935
3948 3963
1883 1311
1883 1595
1883 1610
1883 1628
1883 1758
1883 1791
1883 1798
1883 1815
1883 1864
1883 1882
1883 1886
1883 1904
1883 1907
1883 1921
1883 1922
1883 2731
1883 4138
1883 4576
2170 2176
2170 2212
2170 2227
2170 2333
2170 2418
2170 2435
2170 3134
3984 824
3984 4141
3984 4216
4034 4094
4034 4201
4034 4205
1273 809
1273 902
1273 947
1273 1091
1273 1136
1273 1163
1273 1196
1273 1296
1273 1342
1273 1480
1273 1494
1273 4961
1964 2358
1964 2372
1964 2434
2442 1393
2442 1931
2442 1933
2442 1965
2442 2027
2442 2044
2442 2048
2442 2056
2442 2064
2442 2108
2442 2125
2442 2143
2442 2158
2442 2243
2442 2267
2442 2292
2442 2321
2442 2325
2442 2373
2442 2374
2442 2378
2442 2379
2442 2395
2442 2407
2442 2413
2442 2417
2442 2425
2442 2497
2442 3091
2442 3359
2442 4061
2442 4352
2442 4775
2442 4872
3022 3578
3022 3677
3156 3722
3156 3743
1525 727
1525 758
1525 783
1525 794
1525 838
1525 839
1525 858
1525 867
1525 876
1525 879
1525 891
1525 893
1525 951
1525 974
1525 1022
1525 1071
1525 1099
1525 1169
1525 1236
1525 1274
1525 1282
1525 1287
1525 1342
1525 1360
1525 1363
1525 1455
1525 1471
1525 1551
1525 1969
1525 2313
1525 2451
1525 2637
1738 1618
1738 1657
1738 1662
1738 1783
1738 1838
1738 1920
1738 4956
4162 1430
4162 3416
4162 3887
4162 3899
4162 4047
4162 4061
4162 4063
4162 4080
4162 4111
4162 4130
4162 4166
4162 4201
4162 4477
4162 4616
4162 4924
2323 1947
2323 1991
2323 2059
2323 2070
2323 2166
2323 2168
2323 2174
2323 2249
2323 2301
2323 2318
2323 2329
2323 2362
2323 2371
2323 2377
2323 2379
2323 2397
2323 4372
2323 4634
4956 826
4956 1157
4956 1891
4956 2155
4956 2687
4956 2906
4956 4307
4956 4314
4956 4383
4956 4461
4956 4467
4956 4489
4956 4514
4956 4563
4956 4567
4956 4599
4956 4626
4956 4637
4956 4668
4956 4725
4956 4728
4956 4765
4956 4782
4956 4784
4956 4806
4956 4811
4956 4826
4956 4868
4956 4875
4956 4907
4956 4911
4956 4930
4956 4940
4956 4964
1573 4214
3797 779
3797 853
3797 2377
3797 2722
3797 2877
3797 2942
3797 3009
3797 3037
3797 3048
3797 3064
3797 3067
3797 3068
3797 3073
3797 3087
3797 3092
3797 3157
3797 3168
3797 3207
3797 3226
3797 3269
3797 3321
3797 3333
3797 3459
3797 3468
3797 3493
3797 3572
3797 3575
3797 3585
3797 3600
3797 3605
3797 3606
3797 3633
3797 3643
3797 3646
3797 3664
3797 3669
3797 3691
3797 3736
3797 3740
3797 3780
3797 3786
4118 3931
4118 3939
4118 3961
4118 3966
4118 3994
4118 4014
4118 4086
4118 4122
4118 4154
4118 4169
4216 891
4216 1047
4216 1636
4216 2007
4216 2417
4216 3455
4216 3846
4216 3851
4216 3855
4216 3869
4216 3871
4216 3905
4216 3923
4216 3942
4216 3944
4216 3945
4216 3955
4216 3958
4216 3970
4216 4037
4216 4056
4216 4062
4216 4071
4216 4139
4216 4145
4216 4154
4216 4156
4216 4166
4216 4169
4216 4170
4216 4172
4216 4178
4216 4186
4216 4201
4216 4214
4216 4470
4216 4961
1064 717
1064 1472
1064 3278
2451 1365
2451 1402
2451 1971
2451 1973
2451 1978
2451 2006
2451 2009
2451 2069
2451 2090
2451 2093
2451 2106
2451 2115
2451 2119
2451 2122
2451 2125
2451 2132
2451 2136
2451 2149
2451 2154
2451 2163
2451 2168
2451 2177
2451 2183
2451 2184
2451 2185
2451 2196
2451 2198
2451 2223
2451 2230
2451 2236
2451 2238
2451 2244
2451 2254
2451 2265
2451 2270
2451 2282
2451 2289
2451 2300
2451 2307
2451 2374
2451 2387
2451 2390
2451 2395
2451 2418
2451 2419
2451 2425
2451 2963
2451 3226
2451 3485
2451 3608
2451 4306
2774 2485
2774 2699
2774 2755
2774 2884
2774 2966
2774 2977
2774 3639
3738 2140
3738 2370
3738 2401
3738 3100
3738 3281
3738 3342
3738 3430
3738 3499
3738 3547
3738 3691
3738 3708
3738 3734
3738 3736
3738 3743
3738 3792
3738 3795
3738 4920
682 1363
682 1646
2395 934
2395 1931
2395 2050
2395 2086
2395 2087
2395 2090
2395 2155
2395 2234
2395 2270
2395 2292
2395 2364
2395 2373
2395 2397
2395 2417
2395 2425
2395 2977
2395 3343
2435 1074
2435 1275
2435 1357
2435 1975
2435 1980
2435 1990
2435 1996
2435 2078
2435 2089
2435 2094
2435 2098
2435 2111
2435 2154
2435 2173
2435 2182
2435 2193
2435 2194
2435 2212
2435 2221
2435 2227
2435 2266
2435 2299
2435 2319
2435 2325
2435 2331
2435 2333
2435 2355
2435 2356
2435 2359
2435 2363
2435 2370
2435 2379
2435 2418
2435 3374
2435 4740
4917 904
4917 1680
4917 2868
4917 2915
4917 3032
4917 4161
4917 4257
4917 4273
4917 4431
4917 4596
4917 4613
4917 4615
4917 4670
4917 4711
4917 4715
4917 4800
4917 4802
4917 4824
4917 4910
4917 4968
701 1475
701 1551
1471 750
1471 813
1471 984
1471 1012
1471 1239
1471 1246
1471 1286
1471 1329
1471 1336
1471 1364
1471 1385
1471 1388
1471 1403
1471 1425
1471 1480
1471 1485
1471 1500
1471 3392
1471 4020
4905 803
4905 1354
4905 2019
4905 2114
4905 2419
4905 2863
4905 4234
4905 4262
4905 4269
4905 4332
4905 4341
4905 4420
4905 4428
4905 4514
4905 4546
4905 4564
4905 4583
4905 4588
4905 4598
4905 4611
4905 4619
4905 4643
4905 4651
4905 4814
4905 4838
4905 4904
4919 929
4919 1708
4919 2593
4919 3218
4919 3246
4919 4451
4919 4487
4919 4635
4919 4639
4919 4647
4919 4729
4919 4803
4919 4825
4919 4893
4919 4914
4919 4927
4919 4931
4919 4944
4919 4947
4919 4961
4919 4974
790 1445
790 2619
1472 761
1472 855
1472 971
1472 1012
1472 1051
1472 1072
1472 1190
1472 1201
1472 1227
1472 1247
1472 1277
1472 1316
1472 1362
1472 1435
1472 1480
1472 2299
1472 4040
1472 4358
1472 4623
1472 4641
1620 1855
1620 1872
1620 1901
1620 1909
1671 873
1671 1769
1671 1791
1671 1812
1671 1920
3482 1123
3482 3041
3482 3102
3482 3540
3482 3561
3482 3659
3130 3784
3732 718
3732 939
3732 3261
3732 3352
3732 3375
3732 3397
3732 3408
3732 3504
3732 3507
3732 3514
3732 3569
3732 3572
3732 3609
3732 3610
3732 3633
3732 3681
3732 3709
3732 3718
3732 3771
3732 3774
3732 3795
3732 3992
3732 4804
4111 1494
4111 3274
4111 3873
4111 3881
4111 3887
4111 3988
4111 4159
4111 4176
4111 4201
4111 4614
4214 943
4214 1236
4214 1262
4214 2057
4214 2401
4214 3195
4214 3252
4214 3705
4214 3772
4214 3835
4214 3838
4214 3853
4214 3858
4214 3862
4214 3886
4214 3894
4214 3950
4214 3985
4214 4020
4214 4022
4214 4030
4214 4033
4214 4036
4214 4041
4214 4044
4214 4051
4214 4056
4214 4071
4214 4073
4214 4079
4214 4092
4214 4097
4214 4099
4214 4106
4214 4139
4214 4166
4214 4169
4214 4170
4214 4172
4214 4191
4214 4204
4214 4205
3219 3555
3219 3613
3219 3744
4072 1909
4072 3905
4072 4053
4072 4070
4072 4140
4072 4167
4072 4178
4072 4215
4622 4612
4622 4724
4622 4833
4622 4922
4622 4955
1907 1609
1907 1634
1907 1648
1907 1692
1907 1750
1907 1752
1907 1758
1907 1771
1907 1777
1907 1778
1907 1806
1907 1837
1907 1886
1907 1891
1907 1904
1907 1921
1907 1922
1907 2772
1907 3505
1907 3581
1907 4316
1907 4864
1907 4946
3569 2004
3569 3062
3569 3375
3569 3514
3569 3609
4796 2907
4796 4251
4796 4309
4796 4347
4796 4387
4796 4475
4796 4485
4796 4490
4796 4508
4796 4515
4796 4549
4796 4550
4796 4621
4796 4667
1372 1036
1372 1080
1372 1107
1372 1109
1372 1116
1372 1272
1372 1384
1372 1388
1372 1395
1372 1445
1372 2208
1372 2700
1372 3654
1372 3746
2795 1109
2795 1586
2795 2704
2795 2771
2795 2809
2795 2836
2795 2859
2795 2993
3021 3734
3021 3750
3021 3820
3771 1302
3771 2509
3771 2939
3771 3049
3771 3108
3771 3138
3771 3162
3771 3227
3771 3352
3771 3436
3771 3441
3771 3470
3771 3503
3771 3567
3771 3581
3771 3583
3771 3673
3771 3689
3771 3704
3771 3711
3771 3754
3771 3789
3771 4251
3771 4929
4123 1281
4123 1349
4123 1376
4123 2877
4123 3838
4123 3950
4123 4002
4123 4075
4123 4161
4123 4176
4123 4190
4123 4196
4123 4206
1298 740
1298 741
1298 902
1298 970
1298 1018
1298 1131
1298 1151
1298 1240
1298 1432
1298 1494
1298 3646
4008 3912
4008 4061
4008 4159
4008 4204
4675 3450
4675 4315
4675 4649
4675 4850
4746 4627
4746 4680
4746 4717
4746 4734
4746 4740
4746 4800
4746 4848
4746 4929
4952 775
4952 2428
4952 2455
4952 2854
4952 2963
4952 3785
4952 4166
4952 4291
4952 4298
4952 4360
4952 4468
4952 4470
4952 4481
4952 4594
4952 4610
4952 4614
4952 4663
4952 4695
4952 4723
4952 4738
4952 4747
4952 4775
4952 4798
4952 4804
4952 4813
4952 4822
4952 4843
4952 4851
4952 4870
4952 4893
4952 4920
795 739
795 1035
795 1299
1430 810
1430 1034
1430 1097
1430 1101
1430 1171
1430 1179
1430 1222
1430 1283
1430 1325
1430 1353
1430 1357
1430 2358
4044 2005
4044 4140
4044 4196
4044 4206
4385 4573
4385 4761
4385 4874
4385 4877
4385 4943
2798 2455
2798 2634
2798 2691
2798 2750
2798 2838
2798 3502
2798 4727
680 888
2158 1933
2158 2049
2158 2103
2158 2364
2158 2425
2158 2428
2158 3159
3561 2434
3561 3348
3561 3736
3561 3739
3561 3785
1220 797
1220 1036
1220 1173
1220 1177
1220 1195
1220 1340
1220 1968
1220 3769
2465 2928
2465 3009
2465 3471
3402 3651
3402 3677
3402 3762
3402 3769
4633 3711
4633 4307
4633 4535
4633 4739
4633 4745
4633 4833
4633 4879
4633 4955
3313 3233
3313 3639
3313 3820
3659 1170
3659 3420
3659 3463
3659 3484
3659 3602
3659 3691
3659 3709
3659 3735
3659 3739
3659 3746
3659 4915
3968 4190
3968 4206
894 947
894 1148
894 1151
894 1480
1911 1060
1911 1248
1911 1570
1911 1577
1911 1578
1911 1579
1911 1587
1911 1592
1911 1601
1911 1621
1911 1638
1911 1680
1911 1682
1911 1690
1911 1700
1911 1701
1911 1714
1911 1715
1911 1726
1911 1752
1911 1756
1911 1784
1911 1814
1911 1821
1911 1829
1911 1836
1911 1846
1911 1882
1911 1892
1911 2898
1911 4463
2840 2580
2840 2806
2840 2830
2840 2884
2840 2916
2840 2993
2840 2997
2840 3154
3127 2981
3127 3407
3127 3555
3536 2966
3536 3071
3536 3120
3536 3171
3536 3542
3536 3615
3536 4904
4196 1891
4196 1987
4196 2204
4196 2821
4196 3530
4196 3754
4196 3893
4196 3927
4196 3929
4196 3989
4196 3992
4196 4025
4196 4045
4196 4071
4196 4075
4196 4077
4196 4085
4196 4088
4196 4103
4196 4121
4196 4129
4196 4161
4196 4164
4196 4170
4196 4176
4196 4190
4196 4193
4196 4201
4196 4206
3576 830
3576 1144
3576 2506
3576 3164
3576 3488
3576 3568
3576 3581
3576 3713
3576 3789
4399 1196
4399 4727
4399 4879
4399 4922
4399 4955
2295 1759
2295 1947
2295 2004
2295 2012
2295 2059
2295 2070
2295 2084
2295 2168
2295 2197
2295 2318
2295 2351
2295 2362
2295 2377
2961 1364
2961 2231
2961 2486
2961 2566
2961 2583
2961 2682
2961 2709
2961 2722
2961 2729
2961 2738
2961 2750
2961 2773
2961 2802
2961 2805
2961 2819
2961 2833
2961 2849
2961 2854
2961 2861
2961 2907
2961 2935
2961 2954
2961 3134
2961 4807
4712 4417
4712 4806
4712 4907
4712 4934
4862 2041
4862 3753
4862 4461
4862 4465
4862 4608
4862 4703
4862 4719
4862 4778
4862 4836
4862 4839
4862 4874
4862 4924
4862 4953
1314 684
1314 906
1314 1201
1314 1308
1314 1404
1314 1507
1314 2981
2744 1500
2744 2529
2744 2707
2744 2819
2744 2854
2744 3568
2830 897
2830 2459
2830 2858
2830 2939
2830 2963
2830 2993
2830 4406
3279 3152
3279 3158
3279 3192
3279 3231
3279 3445
3279 3500
4765 2821
4765 3772
4765 4875
4765 4893
4765 4934
4822 3009
4822 4076
4822 4309
4822 4920
4822 4940
4822 4948
1130 1075
1130 1507
1130 1927
1130 3375
1827 721
1827 1678
1827 1692
1827 1868
1827 3371
2747 2707
2747 2749
2747 2916
2747 2930
2747 2936
2747 2989
2859 2631
2859 2825
2859 2829
2859 2871
2859 2884
2859 2939
3646 1746
3646 2797
3646 3033
3646 3208
3646 3269
3646 3412
3646 3454
3646 3459
3646 3468
3646 3585
3646 3606
3646 3664
3646 3669
3646 3740
3646 3754
3646 3780
3646 3786
4262 4489
4262 4564
4262 4904
4848 4215
4848 4245
4848 4247
4848 4248
4848 4292
4848 4381
4848 4521
4848 4627
4848 4680
4848 4721
4848 4732
4848 4767
4848 4929
4848 4944
4848 4961
2069 2390
2069 2852
2138 1386
2138 2366
2138 2372
2138 2401
2138 2418
2138 2434
2285 1957
2285 2179
2285 2301
2285 2366
2285 2372
2285 2375
2285 2397
2285 2428
2285 2440
2285 2650
2285 4433
3196 3379
3196 3611
3196 3647
3196 3695
3463 3339
3463 3592
3463 3636
3463 3746
4166 3074
4166 3851
4166 3858
4166 3876
4166 3942
4166 3989
4166 4024
4166 4141
4166 4170
4166 4186
4166 4191
4166 4205
4186 1485
4186 2763
4186 3357
4186 3852
4186 3923
4186 4017
4186 4020
4186 4099
4186 4120
4186 4132
4186 4139
4186 4141
4186 4156
4186 4170
4186 4172
4186 4191
4186 4205
4186 4215
4186 4806
2922 917
2922 1392
2922 2490
2922 2553
2922 2557
2922 2599
2922 2639
2922 2722
2922 2761
2922 2796
2922 2848
2922 2892
2922 2945
2922 2954
2922 2955
2922 2997
2922 3009
2922 3644
3302 3181
3302 3573
3302 3722
3396 1152
3396 3339
3396 3570
3396 3694
3704 2611
3704 2989
3704 3072
3704 3223
3704 3387
3704 3393
3704 3457
3704 3529
3704 3553
3704 3570
3704 3613
3704 3694
3704 3744
3704 4761
4246 1455
4246 4947
4620 4778
4620 4874
4620 4924
4620 4944
4620 4953
757 721
757 830
757 929
757 1204
1680 1587
1680 1846
1680 1873
1680 1892
2492 2457
2492 2473
2492 2788
2492 2824
2492 3899
2890 1429
2890 2166
2890 2486
2890 2529
2890 2555
2890 2571
2890 2611
2890 2619
2890 2849
2890 2919
2890 2923
2890 2946
2890 2997
2890 3712
2890 4730
2916 1985
2916 2550
2916 2569
2916 2590
2916 2593
2916 2595
2916 2653
2916 2663
2916 2745
2916 2758
2916 2768
2916 2870
2916 2879
2916 2936
2916 2942
2916 2950
2916 3393
3580 3361
3580 3566
3580 3621
3580 3713
3580 3722
3580 3774
3580 4133
3580 4667
4396 2420
4396 4340
4396 4974
4869 1050
4869 4172
4869 4236
4869 4277
4869 4300
4869 4316
4869 4455
4869 4614
4869 4760
4869 4764
4869 4772
4869 4808
4869 4828
4869 4894
4869 4935
4869 4947
4943 1259
4943 1385
4943 2111
4943 2356
4943 2796
4943 3184
4943 3271
4943 4282
4943 4332
4943 4346
4943 4373
4943 4383
4943 4395
4943 4417
4943 4531
4943 4556
4943 4569
4943 4573
4943 4651
4943 4653
4943 4683
4943 4690
4943 4761
4943 4788
4943 4814
4943 4877
4943 4931
4943 4955
1920 830
1920 1085
1920 1480
1920 1571
1920 1575
1920 1582
1920 1596
1920 1612
1920 1627
1920 1649
1920 1651
1920 1662
1920 1681
1920 1683
1920 1694
1920 1695
1920 1698
1920 1703
1920 1718
1920 1727
1920 1732
1920 1734
1920 1739
1920 1746
1920 1753
1920 1757
1920 1760
1920 1762
1920 1765
1920 1769
1920 1773
1920 1783
1920 1793
1920 1795
1920 1802
1920 1812
1920 1825
1920 1837
1920 1838
1920 1854
1920 1873
1920 1887
1920 1888
1920 1900
1920 1904
1920 1909
1920 2401
1920 2608
1920 3040
1920 3716
1920 4120
1920 4125
1920 4159
2364 727
2364 1989
2364 2079
2364 2194
2364 2210
2364 2230
2364 2255
2364 2363
2364 2379
2364 2731
2364 4322
2364 4961
2595 2745
2595 2870
2595 3475
2858 2491
2858 2816
2858 2952
2858 2965
2858 2981
2858 3000
2858 4595
2858 4766
3119 3637
3119 4206
4798 4468
4798 4544
4798 4813
4798 4844
4798 4948
4934 1010
4934 1392
4934 2963
4934 4299
4934 4430
4934 4458
4934 4462
4934 4626
4934 4709
4934 4728
4934 4752
4934 4782
4934 4784
4934 4806
4934 4907
4934 4911
4934 4922
4934 4930
4934 4940
4934 4955
1075 1457
1075 2825
1384 1116
1384 1169
1384 1229
1384 1238
1384 1275
1384 1386
1384 1395
1384 1445
1384 3203
1384 4070
1384 4534
1572 1701
1572 1921
1572 1922
1947 1979
1947 2292
1947 2377
1947 2871
2784 2420
2784 2551
2784 2724
2784 2725
2784 2810
2784 2844
2784 2870
2784 2936
2784 2952
2784 2989
2784 4974
3013 3743
3013 3769
3013 3772
3533 1290
3533 2151
3533 3573
3533 3575
3533 3705
3533 4683
1082 733
1082 1413
1082 1448
1082 1487
1082 4498
1360 748
1360 782
1360 860
1360 926
1360 1025
1360 1141
1360 1256
1360 1276
1360 1282
1360 1337
1360 2954
1938 2274
2658 2668
2658 2693
2658 2907
2658 4598
3294 3505
3294 3774
3739 2877
3739 3067
3739 3089
3739 3147
3739 3221
3739 3347
3739 3442
3739 3461
3739 3489
3739 3615
3739 3636
3739 3709
3739 3735
3739 3746
3739 3785
3739 4062
3739 4514
3739 4683
3739 4850
2152 2114
2152 2228
2152 2258
2152 2411
2152 2440
2152 3715
2627 2478
2627 2809
2627 2849
2627 2939
2727 2464
2727 2715
2727 2753
2727 2850
2727 2981
4290 4864
4290 4947
4290 4961
4502 4251
4502 4347
4502 4387
4502 4485
4502 4550
4502 4621
4502 4693
4584 1864
4584 3840
4584 4466
4584 4740
4584 4864
4670 3627
4670 4240
4670 4590
4670 4700
4670 4817
2305 1988
2305 2100
2305 2233
2305 2267
2305 2274
2305 2378
2305 2381
2305 2401
2305 2766
2305 4295
3691 1236
3691 1727
3691 1885
3691 2321
3691 3078
3691 3238
3691 3341
3691 3498
3691 3552
3691 3723
3691 3734
3691 3792
3947 3969
3947 4076
3947 4113
3947 4114
3947 4125
3947 4133
2836 2518
2836 2549
2836 2856
2836 2929
2836 2939
2836 2966
2836 3608
2836 4877
2839 2192
2839 2543
2839 2746
2839 2847
2839 2891
2839 2993
2839 3009
2839 4802
3225 3600
3225 3610
3225 3617
3225 3650
3225 3722
4190 887
4190 1060
4190 1178
4190 1369
4190 2685
4190 3839
4190 3885
4190 3893
4190 3904
4190 4006
4190 4010
4190 4085
4190 4103
4190 4129
4190 4161
4190 4164
4190 4173
4190 4176
4190 4193
4190 4205
4190 4206
4190 4250
4624 1403
4624 2785
4624 4258
4624 4364
4624 4429
4624 4568
4624 4801
4961 1184
4961 1294
4961 2594
4961 2919
4961 3820
4961 4233
4961 4309
4961 4336
4961 4376
4961 4382
4961 4405
4961 4416
4961 4465
4961 4473
4961 4498
4961 4537
4961 4590
4961 4637
4961 4641
4961 4644
4961 4673
4961 4731
4961 4803
4961 4870
4961 4893
4961 4911
4961 4914
4961 4927
4961 4931
4961 4940
4961 4944
4961 4947
4961 4974
777 705
777 1139
777 1158
777 1199
777 1242
3145 1594
3145 3142
3145 3529
3145 3744
3989 2282
3989 4176
3989 4193
4022 2322
4022 4178
4022 4201
4466 1374
4466 4418
4466 4920
4466 4948
4715 3713
4715 4235
4715 4554
4715 4802
2093 1973
2093 2085
2093 2289
2093 2419
2093 4911
2270 2177
2270 2195
2270 2265
2270 2374
2270 2387
2270 2390
2270 2406
2546 2764
2546 2935
4253 2106
4253 4866
4561 4581
4561 4636
4561 4920
4826 3555
4826 3843
4826 4279
4826 4320
4826 4323
4826 4378
4826 4401
4826 4578
4826 4592
4826 4597
4826 4605
4826 4628
4826 4657
4826 4807
4826 4813
4826 4850
2906 2517
2906 2669
2906 2729
2906 2868
2906 2871
2906 2915
2906 2969
2906 2993
2946 1618
2946 2540
2946 2571
2946 2619
2946 2621
2946 2693
2946 2703
2946 2729
2946 2737
2946 2750
2946 2781
2946 2843
2946 2854
2946 2882
2946 2911
2946 2974
2946 3356
2946 4471
3694 2260
3694 2773
3694 3027
3694 3053
3694 3178
3694 3220
3694 3341
3694 3387
3694 3393
3694 3432
3694 3531
3694 3553
3694 3555
3694 3570
3694 3613
3694 3744
3694 3789
3694 4132
3694 4904
4154 1480
4154 2889
4154 3664
4154 3878
4154 3885
4154 3910
4154 3914
4154 3924
4154 3931
4154 3938
4154 3939
4154 3966
4154 3994
4154 4014
4154 4074
4154 4075
4154 4079
4154 4086
4154 4094
4154 4100
4154 4122
4154 4169
4154 4741
4201 1311
4201 1835
4201 2355
4201 3058
4201 3331
4201 3859
4201 3869
4201 3894
4201 3942
4201 3950
4201 4001
4201 4006
4201 4020
4201 4063
4201 4099
4201 4106
4201 4117
4201 4139
4201 4156
4201 4170
4201 4172
4201 4176
4201 4191
4201 4205
4201 4493
4201 4759
4323 4451
4323 4628
4323 4657
4323 4741
4756 819
4756 3221
4756 4242
4756 4402
4756 4615
4756 4739
4756 4742
4756 4968
1362 763
1362 971
1362 1277
1362 1352
1362 1420
1362 1426
1362 1435
1362 1460
1362 3496
1362 4215
1362 4693
1425 715
1425 719
1425 871
1425 1178
1425 1227
1425 1246
1425 1305
1425 1403
1425 1429
1425 1500
1425 4047
1425 4732
1882 1563
1882 1624
1882 1677
1882 1684
1882 1731
1882 1787
1882 1820
1882 1872
1882 1885
1882 1901
1882 1909
1882 3734
1882 4337
1882 4940
1928 2336
1928 2413
2771 1750
2771 2568
2771 2894
2771 2930
2771 2981
2771 3000
3597 1276
3597 1846
3597 3065
3597 3150
3597 3530
3597 3792
3597 4722
902 1494
2296 1340
2296 1872
2296 2021
2296 2030
2296 2040
2296 2079
2296 2292
2296 2346
2296 2372
2296 2413
2296 4193
2777 2464
2777 2662
2777 2825
2777 2860
2777 2863
2777 2965
2777 2993
2993 2055
2993 2354
2993 2474
2993 2489
2993 2528
2993 2580
2993 2582
2993 2605
2993 2632
2993 2644
2993 2646
2993 2669
2993 2685
2993 2705
2993 2731
2993 2734
2993 2740
2993 2847
2993 2856
2993 2864
2993 2868
2993 2871
2993 2891
2993 2939
2993 2963
2993 2969
2993 2974
2993 3000
2993 3009
2993 3485
2993 3654
2993 4372
2993 4594
2993 4686
2993 4930
3863 4204
4176 1583
4176 1760
4176 2288
4176 3492
4176 3897
4176 4006
4176 4064
4176 4085
4176 4088
4176 4099
4176 4129
4176 4138
4176 4161
4176 4164
4176 4193
4176 4206
4176 4719
4235 1843
4842 3250
4842 4841
4842 4844
4842 4860
4842 4933
4842 4946
4842 4964
4893 1261
4893 2876
4893 3168
4893 4350
4893 4553
4893 4623
4893 4851
4893 4870
4893 4948
1445 932
1445 1054
1445 1070
1445 1080
1445 1150
1445 1161
1445 1226
1445 1275
1445 1288
1445 1386
1445 1443
1445 1698
1445 3772
1445 4696
1445 4911
1445 4920
2083 1439
2083 2307
2083 2365
2238 2119
2238 2177
2238 2374
2238 2410
2334 1090
2334 1955
2334 2231
2334 2313
2334 2316
2334 2317
2334 2351
2334 2354
2334 2375
2334 2420
2334 2428
2334 2963
2334 4120
2334 4340
2965 1432
2965 2457
2965 2470
2965 2493
2965 2499
2965 2501
2965 2614
2965 2715
2965 2734
2965 2782
2965 2844
2965 2850
2965 2863
2965 2868
2965 2891
2965 2919
2965 2952
2965 3000
2965 3651
2965 4152
3252 3349
3252 3534
3252 3600
3252 3610
3252 3650
4717 3944
4717 4421
4717 4680
4717 4711
4717 4740
4717 4767
4717 4864
4717 4879
1238 1055
1238 1385
1238 1413
1238 1485
1238 1500
1238 4407
1482 924
1482 1009
1482 1087
1482 1093
1482 1113
1482 1148
1482 1222
1482 1234
1482 1243
1482 1260
1482 1261
1482 1291
1482 1303
1482 1376
1482 1381
1482 1468
1482 1496
1482 1517
1482 2888
1482 3509
1482 4465
1482 4757
1482 4764
2776 2583
2776 2670
2776 2699
2776 2848
2776 2882
2776 2945
2776 2997
2776 3009
2776 3334
3677 2612
3677 2842
3677 3037
3677 3326
3677 3363
3677 3551
3677 3598
3677 3605
3677 3654
3677 3727
3677 3743
3677 3762
3677 3769
3677 3772
3677 4245
3762 835
3762 2371
3762 3048
3762 3055
3762 3081
3762 3136
3762 3199
3762 3205
3762 3213
3762 3248
3762 3298
3762 3326
3762 3441
3762 3537
3762 3551
3762 3583
3762 3598
3762 3605
3762 3654
3762 3703
3762 3711
3762 3727
3762 3743
3762 3769
3762 3772
3762 4057
4191 1945
4191 2274
4191 2639
4191 3167
4191 3786
4191 3852
4191 3875
4191 3905
4191 3928
4191 3949
4191 3955
4191 4025
4191 4028
4191 4079
4191 4097
4191 4129
4191 4156
4191 4170
4191 4172
4191 4204
4191 4452
4844 2133
4844 2969
4844 3447
4844 3716
4844 4280
4844 4807
4844 4856
4844 4890
4844 4910
4844 4933
4844 4946
4844 4964
4930 698
4930 1793
4930 4133
4930 4325
4930 4330
4930 4369
4930 4489
4930 4496
4930 4543
4930 4563
4930 4681
4930 4782
4930 4850
4930 4875
4930 4907
4930 4911
4930 4940
4930 4974
4974 743
4974 1081
4974 2428
4974 2688
4974 3789
4974 4252
4974 4292
4974 4317
4974 4456
4974 4463
4974 4474
4974 4487
4974 4533
4974 4537
4974 4567
4974 4577
4974 4579
4974 4635
4974 4637
4974 4644
4974 4645
4974 4647
4974 4657
4974 4682
4974 4727
4974 4731
4974 4803
4974 4820
4974 4825
4974 4914
4974 4927
4974 4931
4974 4944
4974 4947
4974 4953
1588 1699
1588 1885
2061 1090
2061 2053
2061 2098
2061 2219
2061 2244
2118 2319
2118 2375
2118 2393
2118 2397
2373 1965
2373 2064
2373 2155
2373 2193
2373 2196
2373 2243
2373 2260
2373 2274
2373 2425
2373 2540
2373 2919
2373 4839
2537 1420
2537 2954
2608 2772
2608 2963
2608 2966
2714 2509
2714 2523
2714 2616
2714 2652
2714 2717
2714 2888
2714 2915
2714 3009
3014 3436
3014 3734
4120 2694
4120 4060
4120 4070
4120 4101
4120 4138
4120 4167
4120 4178
4120 4204
4172 976
4172 3838
4172 3883
4172 3906
4172 3970
4172 4001
4172 4004
4172 4051
4172 4205
1058 733
1058 743
1058 849
1058 1070
1058 1214
1058 1349
1386 788
1386 970
1386 1226
1386 1388
1386 1443
1386 1475
1386 2588
1386 4788
1457 937
1457 950
1457 1093
1457 1128
1457 1176
1457 1247
1457 1351
1457 1365
1457 1382
1457 1411
1457 1467
1457 1536
1457 1613
1457 1677
1457 4309
1616 1901
1616 1909
3170 3627
3170 3820
4597 2026
4597 4401
4597 4592
4597 4628
4597 4827
4597 4964
4612 952
4612 4522
4612 4700
4612 4827
4612 4940
4612 4955
4640 1480
4640 4964
4697 3907
4697 4248
4697 4263
4697 4298
4697 4486
4697 4779
4697 4948
4697 4968
1025 893
1025 926
1025 1134
1025 3920
1308 712
1308 939
1308 1063
1308 1134
1308 1256
1308 1282
1308 1337
1308 3887
1308 4057
1325 706
1325 937
1325 988
1325 1078
1325 1353
1325 2007
1325 2068
1325 3754
1337 705
1337 739
1337 1017
1337 1134
1337 1256
1337 3311
664 4953
4953 706
4953 1379
4953 1577
4953 2592
4953 3158
4953 3453
4953 3523
4953 4267
4953 4283
4953 4340
4953 4409
4953 4418
4953 4444
4953 4462
4953 4590
4953 4602
4953 4652
4953 4662
4953 4702
4953 4703
4953 4741
4953 4759
4953 4764
4953 4778
4953 4789
4953 4819
4953 4836
4953 4839
4953 4924
665 1156
665 1219
665 1258
1156 730
1156 1083
1156 1091
1156 1135
1156 1219
1156 1258
1156 3966
1156 4747
1219 730
1219 912
1219 1083
1219 1135
1219 1258
1219 1353
1219 1420
1219 3780
1219 4489
1258 695
1258 703
1258 730
1258 784
1258 912
1258 1083
1258 1135
1258 1965
1258 2265
1258 4432
666 805
666 1393
666 2849
805 3592
1393 856
1393 1055
1393 1128
1393 1145
1393 1300
1393 1379
1393 1382
1393 1413
1393 1777
1393 3012
1393 4130
2849 1117
2849 1855
2849 2466
2849 2639
2849 2898
2849 3711
667 1157
667 1378
1157 779
1157 1110
1157 1378
1157 1400
1157 1451
1157 4719
1378 832
1378 852
1378 1081
1378 1117
1378 1259
1378 1287
1378 1291
1378 1368
1378 1400
1378 1439
1378 1451
1378 1829
1378 2532
1378 3735
668 828
668 1322
668 1341
668 1369
828 765
1322 700
1322 749
1322 926
1322 1005
1322 1011
1322 1115
1322 1195
1322 1202
1322 1244
1322 1255
1322 1341
1322 1369
1322 2292
1322 2974
1322 4850
1341 700
1341 749
1341 1005
1341 1011
1341 1195
1341 1202
1341 1244
1341 1255
1341 1311
1341 1340
1341 1369
1341 1467
1341 1949
1341 4035
1341 4106
1369 700
1369 749
1369 849
1369 895
1369 1005
1369 1011
1369 1061
1369 1195
1369 1202
1369 1244
1369 1255
1369 1443
1369 3740
1369 3795
669 781
669 1392
1392 709
1392 784
1392 1225
1392 1254
1392 1317
1392 1382
1392 2729
1251 760
1251 818
1251 1132
1251 1340
1251 1347
1435 753
1435 935
1435 1190
1435 1262
1435 1277
1435 1302
1435 1342
1435 1352
1435 1443
1435 1747
1435 4193
1435 4694
1435 4808
671 4856
4856 1487
4856 2621
4856 3835
4856 4346
4856 4860
4856 4933
4856 4946
4856 4964
672 1536
1536 711
1536 817
1536 850
1536 914
1536 944
1536 990
1536 1021
1536 1088
1536 1102
1536 1109
1536 1131
1536 1152
1536 1185
1536 1193
1536 1202
1536 1243
1536 1260
1536 1261
1536 1268
1536 1276
1536 1291
1536 1303
1536 1351
1536 1381
1536 1411
1536 1417
1536 1432
1536 1517
1536 2325
1536 2604
1536 2704
1536 2852
1536 3312
1536 4215
1536 4536
1536 4825
673 1137
673 1355
1137 1195
1137 1475
1137 1551
1137 2977
1355 823
1355 845
1355 854
1355 882
1355 910
1355 953
1355 1038
1355 1317
1355 1473
1355 1494
1355 2989
1355 4463
674 1404
1404 1089
1404 1253
1404 1388
1404 1423
1404 1437
1404 1507
1404 1508
1404 2053
1404 2374
1404 4935
1178 688
1178 1283
1178 2741
1485 797
1485 905
1485 1073
1485 1089
1485 1105
1485 1180
1485 1182
1485 1239
1485 1246
1485 1248
1485 1284
1485 1301
1485 1305
1485 1329
1485 1336
1485 1353
1485 1385
1485 1429
1485 1500
1485 2345
1485 2515
1485 2816
1485 3654
1485 3744
1485 4515
677 1085
677 1192
677 1208
1085 814
1085 842
1085 999
1085 1196
1085 2223
1192 983
1192 1057
1192 1218
1192 1448
1192 1487
1192 2709
1192 3970
1208 968
1208 1234
1208 1250
1208 1426
1208 1842
1208 3605
1208 4011
945 841
945 1143
945 1172
945 1243
945 4674
1172 700
1172 1100
1172 1101
1172 1143
1172 4636
679 1517
679 1848
1517 715
1517 770
1517 817
1517 914
1517 995
1517 1077
1517 1088
1517 1102
1517 1152
1517 1183
1517 1185
1517 1260
1517 1276
1517 1291
1517 1303
1517 1316
1517 1381
1517 1417
1517 1451
1517 2894
1517 2938
1848 1560
1848 1604
1848 1632
1848 1643
1848 1688
1848 1696
1848 1736
1848 1770
1848 1780
1848 1802
1848 1868
1848 3174
1848 3703
1848 4178
888 685
888 1073
681 1077
681 1413
681 1448
681 1487
681 3519
681 3715
1077 4738
1413 727
1413 959
1413 984
1413 1074
1413 1123
1413 1270
1413 1290
1413 1302
1413 1443
1413 1487
1413 1551
1448 688
1448 707
1448 718
1448 975
1448 978
1448 1013
1448 1057
1448 1123
1448 1215
1448 1270
1448 1290
1448 1487
1448 1945
1448 2938
1448 3343
1448 3620
1448 4868
1487 688
1487 707
1487 820
1487 952
1487 959
1487 965
1487 975
1487 978
1487 983
1487 984
1487 988
1487 1013
1487 1074
1487 1123
1487 1270
1487 1290
1487 1302
1487 1333
1487 1467
1487 1496
1487 2257
1487 2772
1487 2785
1487 4376
3519 1845
3519 2782
3519 3272
3519 3567
3519 3603
3519 3722
3519 4915
3715 1243
3715 3075
3715 3113
3715 3173
3715 3228
3715 3250
3715 3275
3715 3290
3715 3303
3715 3448
3715 3467
3715 3485
3715 3611
3715 3615
3715 3630
3715 3637
3715 3695
3715 3712
3715 3754
3715 4742
1363 867
1363 1291
1363 1342
1363 1455
1363 3606
1363 3789
1646 1642
1646 1648
1646 1845
1646 1887
1646 1900
683 1551
683 4103
1551 708
1551 736
1551 780
1551 786
1551 802
1551 822
1551 840
1551 859
1551 887
1551 962
1551 966
1551 1035
1551 1061
1551 1076
1551 1088
1551 1104
1551 1110
1551 1118
1551 1126
1551 1132
1551 1205
1551 1245
1551 1294
1551 1306
1551 1333
1551 1354
1551 1357
1551 1406
1551 1420
1551 1473
1551 1475
1551 1494
1551 1496
1551 1700
1551 1932
1551 3048
1551 3152
1551 3501
1551 3537
1551 3746
1551 3754
1551 3772
1551 4305
1551 4592
4103 2855
4103 3307
4103 3914
4103 4164
4103 4193
4103 4206
684 4929
4929 1455
4929 1507
4929 2060
4929 2860
4929 3290
4929 4205
4929 4247
4929 4248
4929 4270
4929 4302
4929 4327
4929 4348
4929 4358
4929 4381
4929 4487
4929 4521
4929 4523
4929 4627
4929 4680
4929 4711
4929 4721
4929 4732
4929 4734
4929 4759
4929 4767
4929 4778
4929 4782
4929 4864
4929 4924
685 2734
2734 2787
2734 2850
2734 2919
2734 3000
2734 4342
686 929
686 4169
929 1181
929 1186
929 1204
929 3439
4169 1179
4169 1765
4169 2841
4169 3059
4169 3878
4169 3883
4169 3910
4169 3914
4169 3925
4169 3931
4169 3938
4169 3939
4169 3961
4169 3966
4169 3994
4169 4014
4169 4074
4169 4086
4169 4092
4169 4094
4169 4100
4169 4122
4169 4167
4169 4170
4169 4748
1146 909
1146 1068
1146 1181
1146 1186
1146 1204
1146 2617
689 1250
689 1420
1250 811
1250 904
1250 999
1250 1309
1250 4529
1420 971
1420 1245
1420 1306
1420 1359
1420 1473
1420 1496
1420 1662
1420 4378
1420 4386
690 4792
4792 2802
4792 4156
4792 4258
4792 4286
4792 4293
4792 4392
4792 4453
4792 4654
4792 4674
4792 4724
4792 4737
4792 4791
1101 896
1101 1217
1101 3187
1101 3905
1127 1234
1143 816
1143 1351
693 919
693 1281
919 958
919 1040
919 1281
919 3412
1281 738
1281 776
1281 958
1281 1040
1281 1128
1281 4651
694 1406
694 1437
1406 723
1406 854
1406 1113
1406 1296
1406 1333
1406 1354
1406 1473
1406 1496
1406 2030
1406 3668
1406 4955
1437 720
1437 785
1437 812
1437 856
1437 994
1437 1090
1437 1193
1437 1330
1437 1359
1437 1374
1437 1423
1437 1507
1437 1508
1437 2763
1437 2873
1437 3605
1437 4170
1437 4955
695 990
695 2440
695 4927
990 1500
990 2231
990 4233
2440 983
2440 1949
2440 1975
2440 1981
2440 1983
2440 2016
2440 2077
2440 2123
2440 2144
2440 2164
2440 2180
2440 2184
2440 2197
2440 2199
2440 2226
2440 2247
2440 2248
2440 2259
2440 2272
2440 2310
2440 2316
2440 2327
2440 2330
2440 2339
2440 2345
2440 2356
2440 2367
2440 2382
2440 2393
2440 2411
2440 2420
2440 2693
2440 4178
2440 4410
2440 4904
4927 766
4927 1864
4927 2871
4927 3323
4927 4247
4927 4444
4927 4463
4927 4645
4927 4647
4927 4731
4927 4825
4927 4914
4927 4931
4927 4944
4927 4947
1181 1022
1181 1186
1181 2291
1204 721
1204 884
1204 909
1204 928
1204 1301
1204 3204
1382 909
1382 910
1382 1176
1382 1300
1382 1379
1382 1885
1382 4291
1382 4461
697 1340
697 1496
697 3526
1340 752
1340 818
1340 946
1340 1112
1340 1160
1340 1173
1340 1177
1340 1283
1340 3845
1496 844
1496 871
1496 947
1496 1079
1496 1126
1496 1245
1496 1277
1496 1294
1496 1306
1496 1333
1496 1354
1496 1473
1496 1475
1496 1507
1496 1766
1496 1971
1496 2312
1496 3970
1496 4036
3526 3257
3526 3774
3526 3780
3526 4121
699 1254
1254 949
1254 1307
700 1255
700 3780
700 4940
1255 925
1255 1011
1255 1061
1255 1195
1255 1244
1255 1739
1255 3217
3780 1116
3780 1272
3780 3038
3780 3067
3780 3087
3780 3157
3780 3190
3780 3204
3780 3226
3780 3333
3780 3365
3780 3372
3780 3373
3780 3412
3780 3452
3780 3454
3780 3468
3780 3493
3780 3585
3780 3606
3780 3633
3780 3643
3780 3664
3780 3669
3780 3711
3780 3736
3780 3786
3780 4285
3780 4586
4940 907
4940 1385
4940 2527
4940 3143
4940 4325
4940 4543
4940 4567
4940 4577
4940 4626
4940 4668
4940 4694
4940 4709
4940 4784
4940 4806
4940 4811
4940 4868
4940 4907
4940 4911
4940 4948
1475 995
1475 1065
1475 1097
1475 1275
1475 1306
1475 1333
1475 1359
1475 1376
1475 1473
1475 2376
1475 3373
1475 3918
1475 4129
1475 4469
1475 4808
702 733
702 907
702 1850
733 844
733 1070
733 1214
733 4069
907 847
907 1091
907 1100
907 1148
907 1480
907 1494
1850 1567
1850 1631
1850 1675
1850 1739
1850 1800
1850 1810
1850 1815
1850 1822
1850 1873
1850 1887
1850 1891
1850 2675
1850 3630
1850 3874
703 784
703 3249
784 912
3249 734
704 1385
1385 713
1385 959
1385 1248
1385 1272
1385 1336
1385 1403
1385 1500
1385 3735
1385 4061
707 2121
707 3244
2121 2236
2121 2299
2121 2348
3244 3210
3244 3669
710 1200
710 1286
710 1290
1200 772
1200 814
1200 836
1200 853
1200 1120
1200 1150
1200 1286
1200 4060
1200 4778
1286 772
1286 814
1286 836
1286 853
1286 984
1286 1004
1286 1120
1286 2430
1290 867
1290 965
1290 1013
1290 1270
1290 1302
1290 3560
1290 4653
711 1432
711 3288
1432 926
1432 944
1432 1009
1432 1122
1432 1185
1432 1216
1432 1307
1432 1468
1432 2687
3288 1473
3288 3181
3288 3195
712 787
712 1017
787 1480
787 1494
1017 860
1017 1078
1017 1256
1017 1261
1017 1802
1017 2382
713 3282
713 3960
3282 3534
3282 3610
3282 3617
3282 3650
3960 3957
3960 4057
3960 4073
3960 4113
1508 752
1508 807
1508 819
1508 830
1508 897
1508 942
1508 1089
1508 1090
1508 1095
1508 1115
1508 1203
1508 1253
1508 1330
1508 1374
1508 1402
1508 1423
1508 1480
1508 1507
1508 1965
1508 2283
1508 2969
1508 3314
1508 4857
1508 4933
715 1151
715 1480
715 1494
715 4914
1151 961
1151 973
1151 1460
1151 1836
1151 3404
1151 4904
1480 736
1480 825
1480 869
1480 947
1480 958
1480 967
1480 980
1480 1045
1480 1136
1480 1141
1480 1148
1480 1163
1480 1175
1480 1190
1480 1296
1480 1460
1480 1494
1480 2215
1480 2416
1480 2790
1480 3963
1480 4907
1494 809
1494 847
1494 947
1494 961
1494 967
1494 980
1494 1010
1494 1018
1494 1027
1494 1131
1494 1141
1494 1175
1494 1282
1494 1296
1494 1411
1494 1439
1494 1460
1494 2174
1494 2336
1494 3384
1494 3667
1494 4164
1494 4804
4914 4077
4914 4402
4914 4644
4914 4645
4914 4647
4914 4686
4914 4784
4914 4825
4914 4852
4914 4875
4914 4931
4914 4944
4914 4947
738 767
738 776
1296 967
1296 1091
1296 1460
1296 3529
1296 3571
1296 3670
718 1357
718 2719
1357 1155
1357 1222
1357 3603
1357 4236
1357 4737
2719 2707
2719 2831
2719 2842
2719 2879
2719 2942
2719 3310
719 1292
719 2763
1292 1098
1292 1266
1292 1507
1292 2416
1292 2878
1292 4834
2763 2547
2763 2816
2763 2863
2763 2930
2763 2955
2763 2981
720 4121
4121 1726
4121 2868
4121 3905
4121 3980
4121 4016
4121 4064
4121 4070
4121 4129
4121 4164
4121 4193
4121 4206
721 928
721 1035
928 1068
928 1186
928 1468
1035 1205
1035 4935
722 827
722 927
722 1050
827 882
827 1121
927 938
927 1121
927 1225
927 2372
1050 1032
1050 1120
1050 1121
1050 1225
724 897
724 1188
724 4033
897 1149
1188 1012
1188 1246
1188 1364
1188 1403
1188 1500
1188 3477
4033 4037
4033 4147
840 973
840 3292
726 1901
726 4004
1901 1423
1901 1561
1901 1582
1901 1589
1901 1608
1901 1613
1901 1624
1901 1649
1901 1657
1901 1668
1901 1691
1901 1709
1901 1713
1901 1731
1901 1749
1901 1762
1901 1781
1901 1787
1901 1795
1901 1819
1901 1820
1901 1872
1901 1909
1901 2177
1901 3727
1901 3750
1901 4411
1901 4667
1901 4802
4004 2606
4004 3859
4004 4164
728 1443
728 3949
1443 872
1443 889
1443 1196
1443 1275
1443 1349
1443 1395
1443 3000
1443 4691
3949 1754
729 1055
729 1059
1055 1364
1055 1835
1059 855
1059 4725
730 1021
730 1364
1021 2693
1364 942
1364 1500
1364 2461
732 1081
732 1842
1081 832
1081 1112
1081 1400
1081 1439
1081 4010
1842 1583
1842 1628
1842 1641
1842 1706
1842 1781
1842 1800
1842 1822
1842 1843
1842 1845
1842 1855
1842 1922
1842 3592
844 846
844 849
844 1417
844 2792
1070 901
1070 1177
1070 1214
1070 1353
1070 2122
1214 846
1214 849
1214 901
1214 1395
4069 1014
4069 4048
4069 4088
4069 4117
4069 4137
4069 4141
4069 4215
734 926
734 1011
734 1284
734 1299
926 1256
926 1282
1011 1195
1011 3524
1284 1026
1284 1047
1284 1262
1284 1299
1284 1402
1284 1426
1284 2125
1284 3711
1284 4603
1299 1043
1299 1049
1299 1402
1299 1426
1299 2758
1299 2981
1022 1455
1022 4164
1022 4645
3509 3124
3509 3334
3509 3539
3509 3608
3509 3645
3509 4076
736 2150
2150 2169
2150 2356
2150 3769
737 1718
1718 1561
1718 1762
1718 1793
1718 1795
1718 1900
776 958
776 998
776 3310
776 4754
739 843
739 1134
843 4140
1134 1155
1134 3012
1134 3411
740 4955
4955 1429
4955 2393
4955 2977
4955 3299
4955 3722
4955 4307
4955 4357
4955 4363
4955 4424
4955 4432
4955 4434
4955 4439
4955 4445
4955 4464
4955 4478
4955 4500
4955 4522
4955 4541
4955 4575
4955 4686
4955 4700
4955 4739
4955 4758
4955 4774
4955 4778
4955 4827
4955 4833
4955 4852
4955 4879
4955 4915
4955 4922
4955 4935
741 3505
3505 1693
3505 3057
3505 3098
3505 3502
3505 3689
3505 3711
3505 3786
743 846
743 849
743 2255
846 901
846 4841
849 2598
2255 1953
2255 2027
2255 2190
2255 2292
2255 2425
2255 4432
1257 904
1257 1049
1257 1309
1257 1402
1257 1426
1257 2844
2050 2224
2050 4911
745 1270
745 1347
745 1455
1270 1302
1270 1904
1270 3784
1270 4761
1347 922
1347 932
1347 949
1347 1215
1347 1218
1347 1311
1347 1368
1455 839
1455 951
1455 981
1455 1067
1455 1236
1455 1274
1455 1277
1455 1287
1455 1342
1455 1921
1455 3456
1455 3488
746 2749
2749 1423
2749 2704
2749 2974
748 1353
1353 1144
1353 1155
1353 1170
1353 1266
1353 2856
1353 3713
1353 4467
749 1123
749 1244
1123 983
1123 1253
1123 1836
1244 1005
1244 1202
1244 1294
1244 1754
1244 1951
841 834
841 1217
841 1782
1217 803
1217 936
1217 1100
1217 3795
1302 1195
1302 4519
1302 4694
1302 4920
4754 3394
4754 4497
4754 4588
4754 4700
4754 4764
4754 4894
4754 4935
753 792
792 1243
792 4834
792 4868
1115 785
1115 1507
1115 2031
1115 2286
755 1247
755 1266
755 1507
755 4879
1247 855
1247 1139
1247 1276
1247 1295
1247 3522
1266 1038
1266 1170
1266 1948
1266 3442
1507 764
1507 925
1507 1089
1507 1090
1507 1095
1507 1116
1507 1139
1507 1149
1507 1201
1507 1203
1507 1253
1507 1285
1507 1330
1507 1423
1507 3867
1507 4922
4879 1303
4879 2675
4879 4130
4879 4400
4879 4434
4879 4522
4879 4700
4879 4739
4879 4774
4879 4833
4879 4852
756 901
756 2176
2176 1467
2176 1950
2176 2258
2176 2331
2176 2363
2176 2382
758 1309
1309 936
1309 1171
1309 1256
1309 1262
1309 1402
1309 1426
1309 4740
1206 1164
1206 1439
1206 2557
760 3264
3264 1780
3264 3186
761 1198
761 1402
761 2662
1198 2381
1198 2977
1402 870
1402 936
1402 968
1402 1000
1402 1049
1402 1086
1402 1262
1402 1417
1402 1426
1402 2981
1402 3969
1402 4666
2662 2484
2662 2827
2662 2911
2662 3000
2662 3320
1184 934
1184 1288
1184 1349
1184 2924
1184 3242
3669 3092
3669 3200
3669 3269
3669 3321
3669 3365
3669 3454
3669 3493
3669 3502
3669 3585
3669 3633
3669 3681
3669 3727
3669 3736
3669 3740
3669 3786
3669 3795
3669 4448
763 3362
3362 3144
3362 3655
3362 3667
3362 4205
764 1400
764 1423
764 2252
1400 812
1400 826
1400 852
1400 862
1400 1110
1400 1117
1400 1259
1400 1439
1400 1451
1400 1617
1400 4564
1423 785
1423 1009
1423 1090
1423 1201
1423 1330
1423 1374
1423 1451
1423 4458
2252 2080
2252 2231
2252 2248
2252 2254
2252 2286
2252 2367
2252 2371
2252 2393
2252 4063
765 4946
4946 2592
4946 3025
4946 3483
4946 4284
4946 4343
4946 4465
4946 4511
4946 4530
4946 4537
4946 4562
4946 4613
4946 4695
4946 4723
4946 4745
4946 4766
4946 4773
4946 4786
4946 4820
4946 4821
4946 4840
4946 4843
4946 4860
4946 4933
4946 4944
4946 4964
766 1179
1179 1040
1179 1403
1179 2778
1179 4964
768 1175
1175 1163
1175 1460
893 2974
1014 899
1014 1036
1014 1139
1014 1158
1014 1199
1014 1242
1014 3709
1199 873
1199 1079
1199 1139
1199 1158
1199 1242
1199 1352
1199 3228
1199 4079
1242 873
1242 1079
1242 1103
1242 1139
1242 1158
1242 1183
1242 1329
1242 2313
1242 4400
4750 2852
4750 4652
4750 4787
4750 4850
4750 4935
770 1417
1417 1004
1417 1234
1417 1260
1417 1261
1417 1303
1417 2200
1417 2802
1417 4038
1417 4106
1417 4944
772 814
772 1218
772 1669
772 3413
814 853
814 1120
814 1673
1218 1215
1218 1368
1218 3554
1669 1670
1669 1697
1669 1854
3413 1468
3413 3193
3413 3277
3413 3334
3413 3433
3413 3507
3413 3539
3413 3608
3413 3645
1374 812
1374 924
1374 1259
1374 3346
1374 3971
775 1112
775 1234
775 3609
1112 1439
1112 1768
1234 3350
1234 4334
3609 1872
3609 2180
3609 3096
3609 3548
3609 3590
3609 3598
3609 3718
3609 3792
3609 3795
958 1040
958 1342
958 3072
998 1277
998 2907
998 3571
3310 3016
3310 3072
3310 3263
3310 3414
3310 3629
3310 3657
1139 873
1139 1079
1139 1158
1158 899
1158 1079
778 2663
2663 2768
2663 2802
2663 2989
779 900
779 1259
779 1451
900 1177
1259 822
1259 862
1259 896
1259 1110
1259 1162
1259 1439
1259 1451
1451 826
1451 832
1451 852
1451 862
1451 890
1451 896
1451 962
1451 1110
1451 1117
1451 1162
1451 1439
1451 2788
1451 3507
1451 3834
1451 4092
782 860
782 1252
1252 1042
1252 1141
1252 1365
1252 2889
1252 3545
912 1083
912 1135
912 3600
912 4260
785 1051
785 1164
1051 1110
1051 2397
1164 809
1164 1278
1164 3421
786 1672
1672 1566
1672 1625
1672 1829
1672 3735
788 2428
2428 1791
2428 2013
2428 2017
2428 2082
2428 2086
2428 2088
2428 2166
2428 2179
2428 2224
2428 2231
2428 2234
2428 2250
2428 2281
2428 2291
2428 2313
2428 2316
2428 2317
2428 2319
2428 2333
2428 2351
2428 2375
2428 2411
2428 2930
2428 4521
2428 4773
789 1013
789 1429
789 1500
789 1955
789 4455
1013 1439
1429 934
1429 1063
1429 1233
1429 1403
1429 1500
1429 3039
1429 3610
1500 934
1500 943
1500 1080
1500 1147
1500 1240
1500 1246
1500 1283
1500 1301
1500 1305
1500 1336
1500 1795
1500 2518
1500 2928
1500 3935
1500 4872
1500 4933
1955 2410
1955 4401
4455 4240
2619 2861
2115 2219
2115 2282
2115 2374
2115 2419
1243 1293
1243 4933
4834 2416
4834 4696
4834 4843
4834 4933
4834 4948
4868 1846
4868 2369
4868 4536
4868 4567
4868 4647
4868 4748
4868 4784
4868 4806
4868 4811
4868 4839
793 1148
793 3835
1148 1240
1148 1460
3835 4204
794 3681
3681 1288
3681 2054
3681 3079
3681 3096
3681 3237
3681 3316
3681 3373
3681 3451
3681 3507
3681 3545
3681 3575
3681 3590
3681 3718
3681 3789
3681 3795
3681 4075
796 1126
796 4701
1126 1376
1126 4467
4701 3102
4701 4964
797 2078
2078 1141
2078 1950
2078 2172
2078 2258
2078 2355
2078 2418
892 1294
892 4708
946 1177
946 3792
946 4137
1060 824
1060 1376
1060 2362
800 1131
800 3611
1131 1010
1131 1091
1131 1460
1131 1845
1131 4711
3611 1940
3611 3009
3611 3173
3611 3228
3611 3613
3611 3637
3611 3695
3611 3712
3611 3785
801 979
801 1233
801 1426
801 3103
979 1316
979 3972
1233 952
1233 963
1233 1068
1233 1283
1233 3654
1233 3750
1426 807
1426 815
1426 870
1426 964
1426 968
1426 999
1426 1047
1426 1086
1426 1262
1426 1311
1426 1825
1426 2339
1426 2806
1426 4602
3103 3636
803 3740
3740 854
3740 1825
3740 3068
3740 3087
3740 3207
3740 3226
3740 3321
3740 3365
3740 3459
3740 3468
3740 3493
3740 3503
3740 3585
3740 3606
3740 3633
3740 3643
3740 3664
3740 3713
3740 3735
3740 3736
3740 3786
3740 3795
804 1597
1597 1730
1597 2954
3592 2387
3592 3036
3592 3174
3592 3485
3592 3716
3592 3735
3592 3785
806 1282
806 2287
1282 939
1282 1256
1282 1846
2287 2233
2287 2286
2287 2307
2287 2346
2287 2358
2287 2416
2287 2425
2287 2630
2287 4968
1388 1068
1388 1078
1388 1169
1388 1395
1388 3263
809 1027
1027 847
1027 961
1027 1186
1027 1460
810 2406
2406 1295
2406 1943
2406 1952
2406 1958
2406 1974
2406 1988
2406 1998
2406 2008
2406 2031
2406 2053
2406 2074
2406 2229
2406 2230
2406 2288
2406 2336
2406 2376
2406 2380
2406 2386
2406 2430
2406 2799
2406 3379
811 1160
811 1203
1160 1177
1160 1757
1160 1759
1160 4497
1203 1606
1203 3151
1203 3637
813 4824
4824 4243
4824 4286
4824 4366
4824 4719
4824 4758
4824 4778
4824 4874
4824 4924
853 836
853 1120
853 1171
853 4968
1120 836
1120 3746
1673 2854
816 1100
816 3500
1100 2599
3500 3074
3500 3152
3500 3192
3500 3221
3500 3308
3500 3345
3500 3445
3500 3478
3500 3734
817 3695
3695 1147
3695 2430
3695 3133
3695 3212
3695 3262
3695 3467
3695 3552
3695 3615
3695 3630
3695 3637
3695 3647
3695 3689
3695 3712
3695 3723
3695 4740
819 878
819 1403
878 1276
878 3860
1403 1149
1403 1241
1403 1248
1403 1301
1403 2063
1403 3317
1403 4695
820 4606
4606 2884
4606 4236
4606 4698
4606 4793
4606 4894
822 2430
822 3436
2430 1943
2430 1946
2430 1948
2430 1954
2430 1958
2430 1959
2430 1985
2430 1988
2430 1989
2430 1998
2430 2005
2430 2008
2430 2037
2430 2140
2430 2153
2430 2187
2430 2190
2430 2203
2430 2230
2430 2236
2430 2251
2430 2273
2430 2333
2430 2345
2430 2346
2430 2359
2430 2376
2430 2416
2430 2759
2430 3557
2430 4509
2430 4531
3436 3177
3436 3820
823 895
823 977
823 1002
895 977
895 1379
895 2919
977 976
977 1225
1002 938
1002 1103
1002 1225
825 1045
825 1136
825 1460
1045 1190
1045 1460
1045 2193
1045 4416
1136 1141
1136 1240
1136 1460
1136 4948
1460 847
1460 953
1460 1018
1460 1076
1460 1091
1460 1278
1460 1349
1460 1892
1460 2329
1460 2950
1460 3135
1460 4890
826 1439
1439 832
1439 862
1439 890
1439 896
1439 1110
1439 1117
1439 1162
1439 1579
1439 2059
1439 2283
1439 3497
1439 4025
882 861
882 976
882 1121
882 1225
882 1836
1121 1032
1121 2165
3636 1900
3636 3107
3636 3201
3636 3421
3636 3578
3636 3600
3636 3608
3636 3746
3636 3785
3636 4478
832 4193
4193 1631
4193 2172
4193 3867
4193 3895
4193 3908
4193 3911
4193 3978
4193 3980
4193 3998
4193 4000
4193 4006
4193 4010
4193 4064
4193 4077
4193 4079
4193 4088
4193 4114
4193 4129
4193 4161
4193 4164
4193 4173
4193 4206
4193 4518
833 2781
833 3912
2781 2594
2781 2811
2781 2819
2781 2854
2781 2974
2781 4453
2781 4752
3912 4130
3912 4453
834 1307
1307 1317
1307 2148
1307 2724
1307 3295
1307 3833
835 909
835 1186
909 2098
1186 1020
1186 1348
1186 3141
1186 4894
836 4696
4696 4319
4696 4337
4696 4552
4696 4591
4696 4598
4696 4600
4696 4722
4696 4805
838 922
838 1837
922 2410
922 3019
1837 1730
1837 1791
1837 1846
1837 1904
1837 1921
1837 1922
1837 3333
839 2622
2622 2578
2622 2584
2622 2930
973 1978
1782 1580
1782 1687
1782 1697
1782 1714
1782 1762
1782 1847
1782 2623
842 4555
4555 3657
4555 4854
4555 4968
4140 1317
4140 3363
4140 3583
4140 3876
4140 3934
4140 3996
4140 4040
4140 4060
4140 4070
4140 4101
4140 4137
4140 4167
4140 4178
2792 2461
2792 2598
2792 2688
2792 2694
2792 2825
2792 2932
2792 2981
2792 3018
2792 4782
845 891
845 1205
845 1822
1205 1473
1205 3670
1822 1054
1822 1566
1822 1625
1822 1675
1822 1684
1822 1708
1822 1759
1822 1774
1822 1855
4841 1925
4841 4349
4841 4543
4841 4691
4841 4727
4841 4772
4841 4808
4841 4828
4841 4915
4841 4935
847 1868
847 4349
1868 1624
1868 1710
1868 1731
1868 1741
1868 1790
1868 1847
1868 1885
1868 2547
1868 3301
1868 3774
4349 2322
4349 4694
1195 1061
1195 1202
1195 2755
1195 2856
2333 1651
2333 1996
2333 2200
2333 2212
2333 2331
2333 2355
2333 2359
2333 2370
2333 2418
2333 3560
2598 2638
2598 2721
2598 2881
2598 3000
850 1019
850 4690
1019 1303
1019 4723
4690 4395
4690 4488
4690 4556
4690 4569
4690 4674
4690 4877
851 952
851 3000
851 3893
952 1042
952 1467
952 2720
3000 1695
3000 2258
3000 2457
3000 2461
3000 2470
3000 2523
3000 2525
3000 2531
3000 2612
3000 2614
3000 2651
3000 2668
3000 2687
3000 2690
3000 2710
3000 2711
3000 2715
3000 2782
3000 2816
3000 2821
3000 2825
3000 2831
3000 2842
3000 2850
3000 2860
3000 2864
3000 2877
3000 2889
3000 2892
3000 2911
3000 2919
3000 2932
3000 2938
3000 2952
3000 2981
3000 3146
3000 3322
3000 3497
3000 4079
3000 4617
3000 4657
3000 4806
4968 1787
4968 2367
4968 2699
4968 3065
4968 3076
4968 4249
4968 4296
4968 4423
4968 4431
4968 4436
4968 4473
4968 4482
4968 4489
4968 4495
4968 4509
4968 4520
4968 4566
4968 4573
4968 4586
4968 4596
4968 4656
4968 4692
4968 4702
4968 4719
4968 4730
4968 4735
4968 4742
4968 4779
4968 4787
4968 4800
4968 4801
4968 4802
4968 4817
4968 4820
4968 4850
4968 4933
855 4875
4875 1607
4875 2064
4875 2758
4875 4339
4875 4562
4875 4752
4875 4805
4875 4907
4875 4911
856 4447
4447 4274
4447 4297
4447 4319
4447 4342
4447 4866
861 938
861 1225
861 1275
861 1921
861 1984
938 976
938 1032
938 3298
1088 4401
858 2377
2377 1991
2377 2012
2377 2041
2377 2070
2377 2174
2377 2197
2377 2249
2377 2256
2377 2318
2377 2329
2377 2330
859 1040
859 2224
1040 2690
2224 1261
2224 1986
2224 2316
2224 2345
2224 2348
1225 1103
1225 1336
1225 4364
1275 914
1275 1074
1275 1288
1275 1395
1921 1596
1921 1600
1921 1609
1921 1611
1921 1618
1921 1628
1921 1634
1921 1637
1921 1644
1921 1650
1921 1676
1921 1685
1921 1692
1921 1704
1921 1707
1921 1711
1921 1712
1921 1720
1921 1730
1921 1742
1921 1749
1921 1750
1921 1765
1921 1774
1921 1777
1921 1778
1921 1783
1921 1791
1921 1792
1921 1800
1921 1825
1921 1845
1921 1852
1921 1864
1921 1886
1921 1904
1921 1922
1921 2185
1921 2199
1921 2848
1921 3062
1921 3471
1921 3585
1921 3634
1921 3647
1921 3785
1921 4178
1984 2410
1984 3774
862 4652
4652 4356
4652 4401
4652 4836
4652 4874
1235 1034
1235 2708
1185 3211
1185 3323
1276 1193
1276 3085
1276 4145
866 2245
2245 2068
2245 2077
2245 2084
2245 2261
2245 2339
2245 2387
2245 2411
2245 2974
867 2336
867 4681
2336 1974
2336 2076
2336 2106
2336 2112
2336 2190
2336 2251
2336 2331
2336 2367
2336 2372
2336 2376
2336 2382
2336 2416
2336 2750
4681 3673
4681 4274
4681 4374
4681 4441
4681 4516
4681 4669
4681 4819
4681 4866
1473 904
1473 994
1473 1065
1473 1104
1473 1303
1473 1306
1473 1354
1473 1359
1473 2230
1473 2234
1473 4585
869 2863
2863 2535
2863 2634
2863 2868
2863 2877
2863 2911
2863 2932
2863 4872
870 4338
4338 4347
4338 4496
4338 4515
4338 4649
4338 4667
872 3575
3575 2041
3575 3299
3575 3325
3575 3545
3575 3718
3575 3795
873 899
873 1079
899 1079
899 1892
899 4352
1079 1047
913 1468
913 2390
1098 2375
1098 2698
1381 1020
1381 1183
1381 1285
1381 1327
1381 1376
1381 1468
1381 2841
1381 3727
876 1303
876 3613
1303 1216
1303 1293
1303 2267
1303 2642
1303 4487
3613 1564
3613 3072
3613 3177
3613 3220
3613 3343
3613 3393
3613 3553
3613 3744
3613 4387
1018 3101
1306 1708
1306 3304
3860 3934
879 2324
2324 2082
2324 2102
2324 2308
2324 2326
2324 2329
2324 2346
2324 2354
2324 2358
2324 2365
2324 2410
2324 2413
2324 2420
2324 4894
880 4820
4820 3322
4820 4340
4820 4833
4820 4933
4820 4964
2025 2381
2025 2425
976 1032
976 1103
976 1468
1836 1570
1836 1621
1836 1690
1836 1700
1836 1798
1836 1829
1836 1852
1836 2417
1836 2618
884 4474
4474 4053
4474 4931
4474 4944
885 1114
1114 1034
1114 1105
1114 1705
1114 1740
1287 1071
1287 1132
1287 1342
1287 1349
1287 2712
1287 3923
1287 4000
1073 1222
1073 2386
889 2418
889 2870
2418 1843
2418 1972
2418 1975
2418 1983
2418 2003
2418 2032
2418 2089
2418 2094
2418 2173
2418 2182
2418 2212
2418 2221
2418 2227
2418 2258
2418 2299
2418 2325
2418 2331
2418 2355
2418 2356
2418 2359
2418 2363
2418 2370
2418 2434
2418 2847
2418 3718
2418 4520
2418 4673
2418 4902
2870 1202
2870 2531
2870 2681
2870 2707
2870 2748
2870 2788
2870 2936
2870 2989
2870 3855
890 1162
890 2736
1162 1161
1162 3874
2736 2292
2736 2584
2736 2816
2736 2876
2736 2929
2736 2954
2736 3009
2736 3375
1294 1032
1294 1074
1294 4099
4708 1729
4708 4299
4708 4854
4708 4872
4708 4890
4708 4915
2974 1670
2974 2257
2974 2532
2974 2552
2974 2593
2974 2601
2974 2612
2974 2631
2974 2634
2974 2664
2974 2720
2974 2746
2974 2850
2974 2862
2974 2873
2974 2883
2974 2928
2974 2942
2974 2950
2974 2955
2974 2969
2974 3432
2974 3458
2974 3888
2974 4608
2974 4714
1379 1365
1379 2362
1379 3667
2919 2056
2919 2381
2919 2484
2919 2491
2919 2523
2919 2531
2919 2555
2919 2635
2919 2721
2919 2877
2919 2892
2919 2938
2919 2981
896 1201
1201 2331
1149 1216
1149 1776
1149 2925
1327 1000
1327 1170
1327 2310
4423 4602
4423 4703
4423 4730
1892 1095
1892 1295
1892 1621
1892 1642
1892 1690
1892 1695
1892 1700
1892 1701
1892 1715
1892 1726
1892 1752
1892 1784
1892 1814
1892 1821
1892 1846
1892 1887
1892 2474
1892 2936
4352 4615
4352 4745
1177 2407
1177 3496
903 962
903 2519
962 3862
2519 2555
2519 3009
904 3853
3853 4205
905 1467
905 3615
905 4170
1467 933
1467 950
1467 967
1467 1003
1467 1042
1467 1118
1467 1278
1467 1285
1467 1300
1467 1365
1467 1411
1467 3067
1467 3547
1467 3736
3615 1000
3615 2923
3615 3029
3615 3260
3615 3510
3615 3630
3615 3637
4170 937
4170 2568
4170 3708
4170 3713
4170 3834
4170 4062
4170 4066
4170 4099
4170 4117
4170 4139
4170 4146
4170 4156
4170 4205
4170 4729
906 1825
906 4635
1825 1685
1825 1692
1825 1720
1825 1852
1825 1922
1825 4206
4635 3789
4635 4947
1091 2955
1110 1977
1301 1106
1301 1239
1301 2460
1301 4806
2098 2360
2098 2386
2098 3448
2562 2538
2562 2716
1083 1135
1083 2476
1083 3736
1135 1293
1135 4870
3600 961
3600 1798
3600 3030
3600 3121
3600 3309
3600 3404
3600 3514
3600 3534
3600 3610
3600 3617
3600 3650
3600 4085
4260 3637
4260 4948
1468 944
1468 1087
1468 1122
1468 1182
1468 1261
1468 1293
1468 1342
1468 1376
1468 2746
1468 3208
1468 4065
1468 4076
2390 1089
2390 1726
2390 1971
2390 2005
2390 2068
2390 2108
2390 2132
2390 2136
2390 2154
2390 2159
2390 2162
2390 2183
2390 2190
2390 2213
2390 2236
2390 2244
2390 2307
2390 2374
2390 2419
914 1094
914 1589
914 4315
1094 1293
1094 1604
1094 4910
1589 1627
1589 1909
915 1295
915 1311
915 1368
915 4351
1295 1180
1295 1352
1295 2907
1311 935
1311 1043
1311 1215
1311 1368
1368 949
1368 1043
1368 1090
1368 1215
1368 1268
1368 2977
1368 3286
1368 4066
4351 2929
4351 4821
4351 4894
916 1246
916 4265
1246 1329
1246 4789
917 1000
1000 1262
1000 2247
918 1351
918 4553
1351 1118
1351 1145
1351 1365
1351 2638
1351 4382
4553 3239
4553 4342
4553 4420
3412 2648
3412 3204
3412 3359
3412 3664
1026 964
1026 1047
1026 3705
2871 2564
2871 2639
2871 2700
2871 2884
2871 2969
1342 2000
1342 2841
2764 2780
2764 2924
2764 2997
2764 3545
2764 3753
2410 1581
2410 1820
2410 1992
2410 2065
2410 2085
2410 2180
2410 2182
2410 2215
2410 2233
2410 2276
2410 2286
2410 2326
2410 2329
2410 2346
2410 2354
2410 2372
2410 2380
2410 2401
2410 2434
2410 2892
2410 3038
2410 3050
2410 3514
3019 3769
2363 2012
2363 2013
2363 2193
2363 2219
2363 2227
2363 2266
2363 2299
2363 2325
2363 2355
2363 2359
2363 2366
2363 2770
2363 3612
2363 3769
2363 4947
924 2600
2600 2785
2600 2826
2600 2891
2600 2924
2600 2954
2600 3009
1256 1102
1256 1395
1256 2387
1256 3982
2372 1944
2372 2177
2372 2226
2372 2232
2372 2233
2372 2322
2372 2365
2372 2369
2372 2401
2372 2419
2372 2420
2372 2425
2372 2434
2372 4070
1068 1057
1068 4866
3439 3026
3439 3155
3439 3283
3439 3420
3439 3491
3439 3620
3439 3664
3439 3665
1147 2417
1147 3754
978 4129
932 1215
1215 1116
933 2954
933 4621
2954 2483
2954 2555
2954 2581
2954 2741
2954 2785
2954 2800
2954 2803
2954 2898
2954 2924
2954 2930
2954 2945
2954 3009
2954 3194
2954 3390
2954 4935
4621 4475
4621 4496
4621 4549
4621 4550
4621 4649
935 3633
935 3703
3633 2202
3633 3037
3633 3276
3633 3490
3633 3585
3633 3664
3633 3736
3703 2326
3703 3057
3703 3089
3703 3360
3703 3593
3703 3621
3703 3634
3703 3667
3703 3713
3703 3774
3703 3784
3703 4215
3703 4335
937 1180
1032 1886
3298 2199
3298 3655
939 3841
3841 1691
3841 4130
3841 4205
1348 1317
1348 3661
1348 4619
1348 4688
4053 2187
4053 3872
4053 3901
4053 3959
4053 3969
4053 4132
4053 4151
942 1236
942 3247
942 4669
1236 1161
1236 1274
3247 3502
4669 4255
4669 4342
4669 4454
4669 4583
4669 4804
4669 4866
943 1333
943 3493
1333 1821
3493 1872
3493 3037
3493 3126
3493 3373
3493 3786
944 969
944 4748
969 2057
4748 1103
4748 4803
4748 4910
4748 4920
4748 4948
4674 4453
4674 4526
4674 4566
4674 4654
4674 4791
3792 2647
3792 2997
3792 3018
3792 3059
3792 3100
3792 3146
3792 3164
3792 3167
3792 3260
3792 3269
3792 3287
3792 3304
3792 3342
3792 3346
3792 3354
3792 3433
3792 3495
3792 3496
3792 3498
3792 3531
3792 3540
3792 3547
3792 3620
3792 3708
3792 3723
3792 3734
3792 4142
3792 4501
3792 4579
4137 2873
4137 3850
4137 3877
4137 4005
4137 4043
4137 4088
4137 4173
4137 4215
949 1835
1835 1625
1835 1665
1835 1675
1835 1773
1835 1781
1835 1812
1835 1815
1835 1855
1835 1887
1835 1922
1835 4731
1835 4944
950 1241
950 2345
1241 1576
1241 3124
2345 1939
2345 2088
2345 2291
2345 2316
2345 2319
2345 2360
2345 2397
2345 2738
2345 4294
951 2346
2346 1951
2346 2021
2346 2164
2346 2222
2346 2226
2346 2228
2346 2358
2346 2369
2346 2413
2346 2420
2346 2434
1042 2694
1042 4560
2720 2477
2720 2685
2720 2708
2720 2766
2720 2780
954 1109
954 1317
1109 3903
1109 3950
1317 1038
1317 1072
1317 3981
1317 4870
2248 2076
2248 2090
2248 2161
2248 2367
2248 3994
2425 1926
2425 1961
2425 2048
2425 2056
2425 2103
2425 2172
2425 2208
2425 2243
2425 2300
2425 2365
2425 2417
2425 2932
2425 3657
2425 4353
1815 1610
1815 1627
1815 1783
1815 1818
1815 1845
1815 1904
1815 4142
1815 4803
3072 3457
959 1630
959 2782
1630 1607
1630 1722
1630 1724
1630 1743
1630 1755
1630 1756
2782 1715
2782 2470
2782 2654
2782 2892
2782 2997
961 3568
3568 971
3568 3030
3568 3250
3568 3510
3568 3630
3568 3647
3568 3667
3568 3712
3568 4807
3862 4178
964 3971
3971 4056
3971 4138
3971 4178
966 4698
966 4778
4698 1798
4698 4730
4778 3387
4778 3403
4778 4924
967 3349
3349 3534
3349 3610
3349 3617
3349 3650
3349 3789
968 3468
3468 3037
3468 3708
3468 3786
2057 2119
2057 2195
970 1627
1627 1793
1627 4534
2234 2075
2234 2133
2234 2397
1978 1930
1978 2036
1978 2374
974 1354
974 2656
1354 3433
1354 4835
2656 2636
2656 2963
2656 2966
975 1305
975 4852
1305 4564
4852 3606
4852 3651
4852 4334
4852 4363
4852 4424
4852 4425
4852 4431
4852 4522
4852 4686
4852 4827
4852 4833
4852 4922
1103 2378
4129 2052
4129 3953
4129 4125
4129 4204
4129 4206
1316 1229
1316 1760
1316 4519
3972 4047
980 1141
980 2387
980 4713
2387 2104
2387 2122
2387 2136
2387 2149
2387 2163
2387 2183
2387 2185
2387 2196
2387 2223
2387 2244
2387 2379
2387 2419
4713 1182
4713 3859
4713 4239
4713 4361
4713 4552
4713 4591
4713 4598
4713 4600
4713 4722
981 1291
981 4661
1291 995
1291 1183
1291 4245
4661 1285
4661 4350
4661 4406
4661 4426
4661 4609
4661 4663
4661 4714
4661 4857
4661 4890
1395 1036
1395 1116
1395 1349
1395 2210
1395 2570
1395 3931
984 3489
3489 1714
3489 3111
3489 3461
1800 1678
1800 1724
1800 1774
1800 1845
1800 1887
1800 1909
1800 2028
1128 3769
988 2301
2301 2036
2301 2075
2301 2155
2301 2317
2301 2360
2301 2397
2301 4152
2301 4779
1783 1705
1783 1760
1783 1888
1783 1900
1783 3215
2231 2114
2231 2148
4233 4944
4233 4947
1239 4933
4632 4101
4632 4379
4632 4931
1163 1010
1163 4386
4857 3593
4857 4276
4857 4285
4857 4350
4857 4353
4857 4400
4857 4406
4857 4426
4857 4468
4857 4471
4857 4479
4857 4609
4857 4656
4857 4663
4857 4714
4857 4806
4857 4894
3490 2780
3490 3177
3490 3223
3490 3410
3490 3529
3490 3553
3490 3555
3490 3744
1277 2413
2907 1852
2907 2473
2907 2475
2907 2586
2907 2596
2907 2691
2907 2707
2907 2966
3571 3228
3571 3317
3571 3354
3571 3601
3571 3614
3571 3670
3571 3753
3571 3784
3571 4910
999 3142
3142 3744
1262 4382
2247 2239
2247 2327
2247 2330
2247 2379
2247 2760
2247 3935
1003 1411
1411 1182
1411 1196
1411 1352
1411 1365
1411 2583
1411 2780
1411 3465
1411 4324
1411 4435
1004 4302
4302 4416
4302 4763
1005 1061
1005 1359
1005 2356
1061 1056
1061 1202
1061 3850
1359 1888
1359 3269
1359 4964
2356 1983
2356 2016
2356 2117
2356 2192
2356 2209
2356 2259
2356 2276
2356 2277
2356 2434
2356 4113
2370 1996
2370 2003
2370 2089
2370 2126
2370 2258
2370 2299
2370 2325
2370 2331
2370 2355
2370 2359
2370 3727
2417 2027
2417 2064
2417 2146
2417 2165
2417 2177
2417 2194
2417 2195
2417 2243
2417 2260
2417 2282
2417 2292
2417 2362
2417 2379
2417 3599
2417 3673
3524 1229
3524 3041
3524 3181
3524 3367
3524 3409
3524 3410
3524 3452
3524 3453
3524 3579
3524 4495
1012 3237
1036 2831
1036 3712
3709 1604
3709 1966
3709 3018
3709 3039
3709 3041
3709 3174
3709 3274
3709 3340
3709 3420
3709 3485
3709 3617
3709 3665
3709 3785
3709 4312
3709 4516
2881 2617
2881 2668
2881 2817
2881 2935
2881 2945
2881 2997
2881 3743
2881 4394
4077 1709
4077 4065
4077 4156
4077 4206
1078 3085
1078 3339
1261 1087
1261 2704
1802 1739
1802 1765
1802 1873
1802 1888
2382 1949
2382 1953
2382 1983
2382 2077
2382 2096
2382 2117
2382 2123
2382 2142
2382 2228
2382 2254
2382 2283
2382 2367
2382 2393
2382 4060
2382 4552
3101 3405
3101 3712
3101 3727
3101 3769
3101 3772
4723 1190
4723 4432
4723 4594
4723 4933
4723 4964
1020 1293
1293 1087
1293 2496
1293 2826
2693 2592
2693 2760
2693 2861
4164 2708
4164 3903
4164 3904
4164 3979
4164 3998
4164 4011
4164 4075
4164 4080
4164 4085
4164 4161
4164 4206
4645 3754
4645 4570
4645 4773
4645 4907
1240 2817
1240 4596
3504 2707
3504 3199
3504 3340
3504 3718
3504 3795
3920 2164
3920 4063
3920 4147
1047 1086
1047 4363
3705 2989
3705 3433
3705 3661
3705 3750
3705 3820
3705 4037
3705 4146
4803 2977
4803 3581
4803 4766
4803 4877
4803 4944
2566 2729
2566 2868
2144 1968
2144 2250
2144 2254
2144 2371
2144 2876
1274 1099
1274 1278
1274 2289
1274 2636
1274 2748
1886 1584
1886 1689
1886 1777
1886 1778
1886 1792
1886 1852
1886 1864
1886 1904
1886 1922
1886 2705
1886 3595
1886 4293
1886 4805
1034 1248
1248 3746
1248 4350
4935 2420
4935 2457
4935 2634
4935 2768
4935 4312
4935 4435
4935 4448
4935 4462
4935 4497
4935 4520
4935 4535
4935 4616
4935 4688
4935 4760
4935 4764
4935 4772
4935 4805
4935 4806
4935 4828
4935 4894
2831 2816
2831 2847
2831 2952
2831 2981
3712 2655
3712 3075
3712 3212
3712 3250
3712 3397
3712 3467
3712 3510
3712 3601
3712 3630
3712 3637
3712 3647
3712 3786
1038 1150
1038 1847
1038 4634
1150 1349
1150 3457
1847 1590
1847 1595
1847 1605
1847 1639
1847 1670
1847 1750
1847 1813
1847 2816
1847 3094
4634 4232
4634 4760
4634 4804
2690 2670
2690 2877
2690 2892
2694 2467
2694 2842
2694 2981
4560 1731
4560 4763
1190 1176
1190 2085
1190 3838
2193 2111
2193 2182
2193 2331
2193 2355
2193 2359
1086 1229
1086 1701
1086 4327
4363 4825
4363 4833
4363 4922
1049 1097
1049 1675
1049 3257
1097 2879
1675 1887
1675 3833
3257 3689
2397 2004
2397 2040
2397 2161
2397 2179
2397 2202
2397 2229
2397 2250
2397 2360
2397 3175
2397 3475
2891 2847
2891 2966
2891 3476
2891 4408
1054 1095
1054 1155
1054 2868
1095 1330
1155 2551
1155 4146
2868 2685
2868 2969
1056 1795
1056 2691
1056 3304
1795 1703
1795 1773
1795 1791
1795 1793
1795 1812
1795 1838
1795 1854
2691 2715
3304 3654
3304 3743
3304 3769
3304 3772
1057 4206
4206 1904
4206 3050
4206 3548
4206 3711
4206 3847
4206 3864
4206 3867
4206 3896
4206 3911
4206 3929
4206 3933
4206 3951
4206 3958
4206 3981
4206 3997
4206 4006
4206 4030
4206 4057
4206 4075
4206 4088
4206 4161
4206 4537
1349 1161
1349 2715
1349 2825
4725 1774
4725 3716
4725 4544
4725 4739
4725 4784
4725 4839
1376 3718
1376 4789
2362 2041
2362 2070
2362 2168
2362 2174
2362 2197
2362 2249
2362 2256
2362 2312
2362 2318
2362 2329
2362 2375
2362 3668
1202 4088
3850 3080
3850 4141
4851 2864
4851 3280
4851 4241
4851 4348
4851 4452
4851 4498
4851 4528
4851 4870
4851 4920
1063 2928
2928 2532
2928 2604
2928 2605
2928 2637
2928 2664
2928 2680
2928 2738
2928 2950
2928 3620
3278 3414
1065 2950
1065 3555
2950 1154
2950 2416
2950 2606
2950 2633
2950 2642
2950 2725
2950 2811
2950 2873
2950 2892
2950 2925
2950 3214
2950 3485
3555 3020
3555 3363
3555 3385
3555 3432
3555 3529
3555 3570
3555 3744
1226 3998
1067 1668
1067 4485
1668 1787
1668 1909
4485 3572
4485 4248
4485 4251
4485 4508
4485 4667
4866 4205
4866 4255
4866 4274
4866 4297
4866 4321
4866 4335
4866 4342
4866 4374
4866 4387
4866 4453
4866 4454
4866 4516
4866 4711
4006 4249
2122 2265
2122 2300
2122 2367
2122 3457
1071 3459
1071 3634
3459 1584
3459 2935
3459 3595
3459 3606
3459 3786
3634 3248
3634 3622
3634 3673
3634 3774
3634 3820
3634 4173
1072 1288
1072 4036
1288 1245
1288 4763
4036 4080
4036 4133
4036 4139
1222 1752
1222 2209
2386 2208
2386 2210
2386 2250
2386 2321
2386 2340
2386 2348
2386 2349
2386 2378
2386 2381
2386 2407
2386 2850
2386 2888
2386 4745
2825 1602
2825 2681
2825 2843
2825 2938
2825 2981
4738 3665
4738 4911
4738 4920
4738 4948
3339 1253
3339 3253
1080 2360
1080 3578
2360 2001
2360 2036
2360 2082
2360 2131
2360 2133
2360 2145
2360 2249
2360 2316
2360 2351
2360 2366
2360 2375
2360 4931
3578 1690
3578 3104
3578 3485
3578 3548
3578 3550
4010 2804
4010 3950
4498 4477
2476 2477
2476 2843
3736 2799
3736 3077
3736 3207
3736 3269
3736 3321
3736 3417
3736 3454
3736 3563
3736 3573
3736 3643
3736 3664
3736 3786
3736 4167
3736 4364
3736 4459
3736 4804
1196 3774
2223 1814
2223 2162
2223 2164
2223 2244
2223 2340
2223 2349
2223 2419
2223 3722
1229 1216
1229 1300
1701 1784
1701 1814
1701 1838
1701 2952
4327 4711
4327 4734
1087 1118
1087 3470
1087 4550
1118 4161
1118 4238
3470 3241
3470 3560
3470 3711
3470 4043
4550 2463
4550 4475
4550 4508
4550 4595
4550 4667
4401 4578
4401 4721
4401 4807
1089 2401
1089 4874
2401 1940
2401 1959
2401 1966
2401 2030
2401 2048
2401 2103
2401 2148
2401 2153
2401 2283
2401 2354
2401 2369
2401 2420
2401 2434
2401 3743
2401 3931
2401 4025
4874 1694
4874 1734
4874 2325
4874 2488
4874 4418
4874 4421
4874 4758
4874 4835
4874 4839
4874 4924
2955 1973
2955 2473
2955 2515
2955 2550
2955 2631
2955 2652
2955 2688
2955 2766
2955 2803
2955 2811
2955 2925
2955 3200
2955 3629
2955 4828
1093 3009
3009 1216
3009 2459
3009 2483
3009 2497
3009 2512
3009 2526
3009 2527
3009 2535
3009 2541
3009 2561
3009 2571
3009 2584
3009 2586
3009 2599
3009 2611
3009 2625
3009 2639
3009 2649
3009 2650
3009 2674
3009 2695
3009 2700
3009 2702
3009 2741
3009 2754
3009 2780
3009 2785
3009 2790
3009 2796
3009 2800
3009 2806
3009 2817
3009 2821
3009 2838
3009 2844
3009 2848
3009 2876
3009 2889
3009 2892
3009 2898
3009 2924
3009 2935
3009 2942
3009 2945
3009 2997
3009 3547
3009 3869
3009 4328
3009 4649
1604 1713
4910 1099
4910 2877
4910 4249
4910 4298
4910 4378
4910 4473
4910 4507
4910 4509
4910 4581
4910 4800
4910 4802
4910 4808
4910 4814
4910 4817
1330 1099
1330 2260
2879 2479
2879 2557
2879 2591
2879 2675
2879 2731
2879 2942
2879 2981
2879 3951
2879 4139
2879 4475
2375 2081
2375 2088
2375 2161
2375 2202
2375 2210
2375 2266
2375 2291
2375 2316
2375 2317
2375 2366
2375 2407
2375 3612
2375 4430
2698 2488
2698 2606
2698 2852
2698 2937
2698 2977
2599 2576
2599 2876
2599 2942
2599 2997
3187 3450
3187 3795
1102 3593
3593 1888
3593 3582
3593 3605
3593 3667
3593 3774
2378 2100
2378 2184
2378 2303
2378 2316
2378 2321
2378 2348
2378 2349
2378 2369
2378 2381
2378 2407
2378 2411
2378 3193
2378 3350
1105 2419
1105 3276
2419 1930
2419 2006
2419 2009
2419 2132
2419 2149
2419 2154
2419 2168
2419 2185
2419 2198
2419 2236
2419 2244
2419 2265
2419 2282
2419 2319
2419 2322
2419 2374
2419 2381
2419 4030
2419 4813
3276 3581
3276 3998
1106 3421
1106 3942
3421 3242
3421 3566
3942 3995
3359 3300
3359 3371
3359 3627
3903 2743
3903 3931
3950 3820
1977 2229
1977 2349
1977 2376
1977 2380
4904 3136
4904 4003
4904 4234
4904 4269
4904 4283
4904 4375
4904 4420
4904 4514
4904 4564
4904 4583
4904 4609
4904 4619
4904 4630
4904 4642
4904 4643
4904 4838
4904 4855
1768 1636
1768 1679
1768 1736
1768 1747
1768 1790
1768 2325
1113 1999
1113 4139
1999 1934
1999 2190
4139 3856
1705 1872
1705 1891
1705 1922
1705 1963
1740 1706
2031 2203
2031 2692
2286 2165
2286 2232
2286 2259
2286 2303
2286 2420
2286 4554
1117 1154
1117 3944
1154 2351
1154 3643
3944 4145
4161 2759
4161 3572
4161 3836
4161 3980
4161 4051
4161 4085
4161 4146
4238 3367
4238 4840
3746 3089
3746 3116
3746 3118
3746 3139
3746 3271
3746 3377
3746 3469
3746 3501
3746 3550
3746 3557
3746 3588
3746 3602
3746 3643
3746 3785
3746 3795
3746 4911
2165 2149
2165 2281
2165 2326
2165 2354
2165 3590
1122 2159
1122 2779
2159 2196
2159 2300
2159 2371
2159 3979
2779 2570
2779 2738
2779 2797
2779 2977
2779 3020
1253 2209
1253 3610
3644 2303
3644 3125
3644 3582
3644 3603
3644 3716
3644 3789
3644 4511
3769 2579
3769 3048
3769 3055
3769 3070
3769 3081
3769 3199
3769 3205
3769 3295
3769 3326
3769 3363
3769 3441
3769 3537
3769 3551
3769 3598
3769 3605
3769 3654
3769 3670
3769 3727
3769 3743
3769 3772
3769 4020
1927 2126
1927 2140
1927 2374
3375 3795
1845 1683
1845 1766
1845 1843
1845 1855
1845 1887
1845 2374
4711 4270
4711 4379
4711 4732
4711 4734
4711 4864
1132 3507
3507 2100
3507 3451
3507 3682
3507 3795
1752 1784
1752 1885
3012 3229
3012 3795
3411 2618
3411 3024
3411 3272
3411 3722
4870 1692
4870 3355
4870 4291
4870 4360
4870 4492
4870 4804
4870 4915
4870 4948
4948 1729
4948 2821
4948 3207
4948 3664
4948 4256
4948 4267
4948 4278
4948 4291
4948 4314
4948 4329
4948 4547
4948 4594
4948 4804
4948 4813
4948 4843
4948 4920
4948 4947
2977 1710
2977 2488
2977 2490
2977 2563
2977 2569
2977 2570
2977 2572
2977 2577
2977 2592
2977 2597
2977 2613
2977 2616
2977 2655
2977 2699
2977 2711
2977 2712
2977 2713
2977 2737
2977 2738
2977 2755
2977 2767
2977 2768
2977 2797
2977 2799
2977 2855
2977 2937
2977 3670
2977 3995
2938 2491
2938 2523
2938 2549
2938 2585
2938 2597
2938 2614
2938 2651
2938 2739
2938 2911
2938 2932
2938 2981
2938 2989
2938 3476
2938 4890
1173 2621
1183 1806
1183 2032
2660 1649
2660 2620
2660 2652
2660 2844
2660 2876
2660 2888
2660 2915
1144 3665
3665 2033
3665 3026
3665 3155
3665 3159
3665 3273
3665 3283
3665 3318
3665 3465
3665 3474
3665 3491
3665 3552
3665 3602
3665 3620
1145 2316
2316 1245
2316 1993
2316 2232
2316 2291
2316 2313
2316 2366
2316 2969
2617 2997
3754 3160
3754 3290
3754 3476
3754 3497
3754 3510
3754 3560
3754 3622
3754 3689
3754 3716
3754 3789
3754 4255
1776 1715
1776 1735
1776 1922
2925 1193
2925 1278
2925 2259
2925 2330
2925 2532
2925 2536
2925 2547
2925 2578
2925 2843
2925 2882
3457 3432
3457 3545
3457 3744
3457 4931
3404 3309
3404 3534
3404 3570
3404 3617
3404 3650
2331 1996
2331 2003
2331 2212
2331 2221
2331 2227
2331 2371
2351 1986
2351 2017
2351 2049
2351 2052
2351 2131
2351 2180
2351 2313
2351 2393
2351 3495
2351 3501
2351 3588
2351 3789
3643 2620
3643 3038
3643 3077
3643 3092
3643 3226
3643 3417
3643 3432
3643 3606
3643 3647
3643 3664
3643 3786
2551 2592
2551 2855
4146 3774
4146 3861
4146 4043
4146 4049
4146 4096
4146 4141
4146 4142
4146 4173
4146 4215
3966 3994
3966 4086
4747 1829
4747 4787
4747 4864
4747 4920
4719 3992
4719 4529
4719 4819
4719 4836
3639 2254
3639 2945
3639 3595
3639 3668
3639 3750
3639 3820
1757 1575
1757 1649
1757 1662
1757 1683
1757 1746
1757 1758
1757 1765
1757 1814
1757 2371
1757 3253
1759 1658
1759 1743
1759 1806
1759 4496
4497 4703
4497 4811
1161 4205
4205 1790
4205 3622
4205 3858
4205 3941
4205 3951
4205 4002
4205 4020
4205 4056
4205 4059
4205 4062
4205 4092
4205 4097
4205 4178
4205 4947
3874 3907
4386 4456
4386 4763
4386 4924
3055 3743
3417 2969
3417 3606
3417 3664
3417 3786
1268 2930
1268 3465
1268 3753
1268 3820
1170 1753
1170 2878
1753 1712
1753 1904
1753 1922
1753 2923
2878 2499
2878 2620
2878 2652
2878 2717
2878 2778
2878 2787
2878 2829
2878 2844
2878 2888
2878 2915
2878 4619
4636 2529
4636 3450
4636 4458
4636 4931
2621 2655
2621 2835
2621 2935
3557 2717
3557 3374
3557 3523
3557 3566
3557 3785
1176 3951
1176 4911
4911 2707
4911 4599
4911 4728
4911 4752
4911 4782
4911 4806
4911 4838
4911 4877
4911 4907
2407 1925
2407 1942
2407 2054
2407 2072
2407 2191
2407 2208
2407 2272
2407 2274
2407 2282
2407 2303
2407 2312
2407 2340
2407 2348
2407 2349
2407 2381
2407 2434
2407 4173
2407 4204
2407 4611
2407 4709
3496 3175
3496 3547
3496 3627
1283 4482
1283 4623
2741 1608
2741 2527
2741 2682
2741 2997
2741 3953
2778 2708
2778 4414
4964 1922
4964 2472
4964 3137
4964 3332
4964 3622
4964 3708
4964 4299
4964 4354
4964 4356
4964 4381
4964 4394
4964 4411
4964 4495
4964 4511
4964 4562
4964 4570
4964 4653
4964 4695
4964 4730
4964 4745
4964 4758
4964 4766
4964 4772
4964 4773
4964 4786
4964 4821
4964 4840
4964 4860
4964 4872
4964 4933
2291 1987
2291 2185
2291 2313
2291 2936
2291 4739
2291 4817
1182 2577
2577 2488
2577 2592
2577 2713
2577 2739
1806 1603
1806 1607
1806 1658
1806 1747
1806 1818
1806 2371
2032 1969
2032 2052
2032 2219
2032 2267
2924 1749
2924 2500
2924 2679
2924 2711
2924 2722
2924 2790
2924 2812
2924 2935
2924 2989
2924 2997
3242 2898
3242 3667
3242 3785
3211 3105
3323 3307
3323 3499
3323 3579
3323 3820
3141 3109
3141 3789
3141 4931
4894 2653
4894 4435
4894 4448
4894 4475
4894 4532
4894 4588
4894 4644
4894 4705
4894 4764
4894 4793
4894 4805
3477 3208
3477 3250
3477 3406
3477 3540
3477 3629
3477 3657
2613 2709
2613 2929
2613 2937
2085 2233
2085 2326
2085 2365
2085 2420
3838 3988
1762 1596
1762 1812
1762 1900
2709 2376
1193 4600
4600 2952
4600 4361
4600 4598
4600 4722
1336 2481
1336 3063
1336 3284
2755 2339
2755 2485
2755 2495
2755 2773
2755 2799
2755 2937
2856 2862
2856 2939
2856 2963
3774 2680
3774 3291
3774 3360
3774 3427
3774 3428
3774 3458
3774 3582
3774 3621
3774 3622
3774 3651
3774 3682
3774 3713
3774 4065
3774 4933
2381 2046
2381 2173
2381 2191
2381 2250
2381 2267
2381 2274
2381 2283
2381 2303
2381 2321
2381 2367
2381 3287
2381 4419
1352 1227
1352 1743
1352 2898
4079 3398
4079 4056
4079 4156
4060 4138
4060 4167
4060 4178
4088 2674
4088 3839
4088 4075
4088 4101
4088 4122
4088 4592
1606 2319
3151 3551
3637 3150
3637 3207
3637 3254
3637 3299
3637 3622
3637 3630
3637 3647
3637 4758
3204 3785
3204 3786
3670 2194
3670 2932
3670 3403
3670 3483
3670 3599
3670 3606
3670 3668
3670 3750
3670 3753
3670 3784
3670 4840
2557 2322
2557 2681
2557 2989
3605 1812
3605 3514
3605 3598
3605 3727
3605 3743
3605 3772
3605 4298
4305 4309
4305 4347
4305 4515
3795 2380
3795 3054
3795 3071
3795 3079
3795 3090
3795 3214
3795 3246
3795 3254
3795 3261
3795 3299
3795 3328
3795 3361
3795 3386
3795 3397
3795 3451
3795 3514
3795 3545
3795 3572
3795 3590
3795 3654
3795 3657
3795 3718
3795 3772
3795 3891
3795 4702
3795 4933
3554 1873
3554 3129
3554 3173
3554 3454
3554 3655
3554 3682
3554 3750
3554 3933
1968 2228
1968 2277
4907 2989
4907 3467
4907 4709
4907 4729
4907 4741
4907 4782
4907 4784
4907 4793
4907 4811
4907 4902
2209 2033
2209 2172
2209 2192
2209 2260
2930 2550
2930 2552
2930 2680
2930 2790
2930 2841
2930 2882
2930 2883
2930 2932
2930 3711
2930 4616
2112 2376
2112 4627
3372 2464
3372 3365
3372 3373
3372 3385
3372 3786
4364 4789
4364 4835
4364 4902
3998 2071
3998 4059
3998 4152
1227 2911
1227 4284
1227 4749
2911 2548
2911 2816
2911 2860
2911 2892
2911 2981
2911 4073
2911 4113
2911 4151
4749 4805
4749 4808
4749 4828
3324 3160
3324 3689
4596 4501
4596 4654
1300 3523
3995 3957
3995 4035
3995 4041
4151 3744
4151 3785
4151 3837
4151 3871
4151 3882
4151 3901
4151 4016
4151 4031
4151 4035
4151 4057
4151 4059
4151 4065
4151 4066
4151 4076
4151 4113
4151 4668
1665 1843
1665 4789
3599 2461
3599 3357
3599 3483
3599 3614
3599 3668
3599 3753
3599 3784
3654 3295
3654 3305
3654 3390
3654 3447
3654 3491
3654 3537
3654 3727
3654 3743
3654 3772
3750 2108
3750 2420
3750 2485
3750 2541
3750 3392
3750 3476
3750 3651
3750 3661
3750 3743
3750 3820
4334 3069
4334 4811
4334 4827
4334 4922
2708 2504
2708 2743
2708 2833
3259 3213
3259 3456
4407 4470
4407 4757
4933 3052
4933 4452
4933 4745
4933 4773
4933 4786
4933 4821
4933 4840
4933 4860
2817 2567
2817 2632
2817 2800
2817 2898
2817 2997
1576 1575
1576 3286
3124 2131
3124 3608
3124 3645
3124 3820
1329 2939
2313 2265
2313 2374
2313 3408
4400 3904
4400 4479
4400 4609
1754 1637
1754 1820
1951 2028
1951 3573
1245 2966
2966 1624
2966 2500
2966 2525
2966 2576
2966 2580
2966 2685
2966 2740
2966 2743
2966 2758
2966 2832
2966 2864
2966 2884
2966 2923
2966 2939
2966 2963
2966 2969
2966 3939
2966 4347
2966 4595
4789 2183
4789 4459
4789 4533
4789 4545
4789 4595
4789 4740
4789 4801
4789 4835
3522 3045
3522 3332
3522 3668
3522 3753
3522 3784
3522 4668
4350 2094
4350 4280
4350 4353
4529 1681
4529 4319
4529 4839
1365 2563
2889 2695
2889 2788
2889 2821
2889 2838
2889 2876
2889 2945
2889 4839
3545 3383
3545 3572
3545 3789
3610 3030
3610 3121
3610 3200
3610 3309
3610 3617
3610 3650
3610 3786
1739 1571
1739 1888
1739 1900
1739 2711
3217 3820
3982 3870
3982 4065
3982 4125
3982 4132
2844 2164
2844 2499
2844 2509
2844 2616
2844 2829
2844 2888
2844 2915
2265 2289
2265 3159
2265 4526
4432 4464
4432 4535
4432 4774
1260 2939
2939 1707
2939 2459
2939 2494
2939 2511
2939 2518
2939 2761
2939 2864
2939 2884
2939 2945
2939 3383
2704 2841
2704 3428
4382 4759
4760 3129
4760 4278
4760 4495
4760 4691
4760 4705
4760 4722
4605 2035
4605 4320
4605 4578
4605 4657
4605 4807
1948 2035
1948 2229
3442 3602
3442 3664
3442 3785
3442 3908
3465 3093
3465 3159
3465 3474
3465 3491
3465 3552
3465 3620
3753 2754
3753 2799
3753 3020
3753 3043
3753 3069
3753 3284
3753 3311
3753 3332
3753 3357
3753 3403
3753 3416
3753 3440
3753 3469
3753 3529
3753 3601
3753 3668
3753 3784
3753 4002
3820 1755
3820 2773
3820 2942
3820 3023
3820 3039
3820 3045
3820 3058
3820 3064
3820 3146
3820 3148
3820 3176
3820 3227
3820 3241
3820 3280
3820 3331
3820 3340
3820 3348
3820 3392
3820 3415
3820 3422
3820 3431
3820 3455
3820 3547
3820 3595
3820 3651
3820 3661
3820 3667
3820 3722
3820 4461
3820 4515
3820 4579
1904 1563
1904 1581
1904 1632
1904 1644
1904 1689
1904 1766
1904 1771
1904 1778
1904 1791
1904 1810
1904 1891
1904 1922
1904 2276
1904 2668
1904 3909
1904 4086
3784 2636
3784 3043
3784 3093
3784 3104
3784 3133
3784 3180
3784 3185
3784 3215
3784 3260
3784 3265
3784 3311
3784 3322
3784 3357
3784 3416
3784 3440
3784 3483
3784 3601
3784 3614
3784 3668
3784 4051
4761 4272
4761 4383
4761 4395
4761 4683
4761 4788
4761 4877
1272 2812
1272 3629
2812 2514
2812 2635
2812 2653
2812 2731
2812 2759
2812 2805
2812 2942
2812 2989
2812 4366
2812 4735
3629 3016
3629 3091
3629 3144
3629 3263
3629 3314
3629 3379
3629 3406
3629 3414
3629 3474
3629 3657
3629 4114
3629 4705
2289 1941
2289 1945
2289 2006
2289 2185
2289 2349
2289 2416
2289 4521
2636 2969
2748 2745
2748 2898
2748 2989
4145 2682
4145 3842
4145 3843
4145 4003
4145 4031
4145 4041
4145 4066
4145 4073
4145 4132
4145 4365
4145 4366
2413 1940
2413 1943
2413 1966
2413 2026
2413 2030
2413 2034
2413 2126
2413 2153
2413 2164
2413 2191
2413 2259
2413 2281
2413 2294
2413 2354
2413 2369
2413 2420
2413 2434
2413 4049
2413 4801
3410 3307
3410 3452
3410 3499
3410 3540
3630 3024
3630 3320
3630 3510
3630 3647
4472 4924
1887 1583
1887 1625
1887 1638
1887 1691
1887 1706
1887 1810
1887 1818
1887 1855
1887 2260
1887 4133
1887 4890
4651 1699
4651 4282
4651 4428
4651 4788
4651 4877
1846 1587
1846 1643
1846 1690
1846 1810
1846 1821
1846 1829
4482 3020
4482 4296
4482 4817
4482 4850
2125 2071
2125 2379
2125 4570
3711 3160
3711 3352
3711 3443
3711 3502
3711 3560
3711 3563
3711 3583
3711 3673
3711 3716
3711 3789
3711 4332
4603 4613
4603 4817
4603 4828
4603 4850
1285 2230
1285 2790
2230 2028
2230 2142
2230 2190
2230 2273
2790 2506
2790 2785
2790 2935
2790 3309
2712 2929
2712 2997
3923 3884
4000 2434
4000 4018
4763 4376
4763 4409
4763 4477
4763 4741
4763 4924
3560 3471
3560 3603
4245 4493
2416 1932
2416 1952
2416 1972
2416 1985
2416 1988
2416 2007
2416 2028
2416 2053
2416 2106
2416 2140
2416 2197
2416 2203
2416 2212
2416 2229
2416 2257
2416 2277
2416 2308
2416 2330
2416 2380
2416 2420
2416 2847
2416 3906
2416 4402
2496 2212
2496 2575
2826 2540
2826 2646
2826 2809
2826 4782
4099 2187
4099 3847
4099 4122
4099 4147
3529 3010
3529 3393
3529 3744
2723 2593
2723 2623
2723 2788
2723 2810
2723 2824
2758 1821
2758 2674
2758 2827
2758 2942
2758 2989
2981 2261
2981 2454
2981 2513
2981 2525
2981 2548
2981 2568
2981 2585
2981 2638
2981 2651
2981 2668
2981 2687
2981 2710
2981 2711
2981 2715
2981 2773
2981 2850
2981 2860
2981 2877
2981 2915
2981 2945
2981 2952
2981 4173
2981 4383
2981 4758
3523 3531
3523 3708
3523 3723
2460 2618
2460 2729
4806 3388
4806 4512
4519 4232
4694 3617
4694 4241
4694 4691
4694 4705
4920 3682
4920 4263
4920 4276
4920 4409
4920 4528
4920 4813
4920 4855
4920 4944
2267 1991
2267 2002
2267 2072
2267 2191
2642 2760
2642 4787
4487 4819
4564 4608
4564 4814
4564 4855
1708 1774
1708 1781
1708 1854
1708 1855
2148 2365
2148 3664
2724 2491
2724 2497
2724 2540
2724 2593
2724 2989
2724 3598
3295 3727
3833 3867
3833 4178
4057 3280
4057 4076
4057 4114
4057 4147
4740 3422
4740 4734
4740 4735
4740 4864
4827 3326
4827 3869
4827 4424
4827 4575
4827 4774
4827 4821
4827 4833
4827 4922
2888 2524
2888 2616
2888 2647
2888 2652
2888 2717
2888 2750
2888 2787
2888 2829
2888 2915
4243 2358
1760 1637
1760 1703
1760 1712
1760 1888
1760 1900
1760 4839
3981 4052
3727 3070
3727 3081
3727 3150
3727 3205
3727 3441
3727 3537
3727 3551
3727 3598
3727 3743
3727 3772
3727 4922
4071 2536
4071 3855
4071 3898
4071 4073
2937 2456
2937 2471
2937 2485
2937 2569
2937 2570
2937 2738
2937 2773
2937 2780
2937 2799
2937 2854
2937 2929
2937 3452
2937 3572
2937 3718
1838 1612
1838 1653
1838 1694
1838 1734
1838 1746
1838 1773
1838 1873
1838 1888
1838 4138
2292 1997
2292 2172
2292 2199
2292 2739
4850 4495
4850 4656
4850 4726
2157 2213
2157 2281
2157 2340
2157 2348
2157 4204
2862 2547
2862 2588
2862 2664
2862 2675
3369 3116
3369 3197
3369 3394
3369 3484
3369 3735
2007 1934
2007 2257
2068 1561
2068 2090
4656 2310
4656 4594
4656 4800
2310 2180
2310 2204
2310 2355
2310 2358
2310 2367
2046 2047
2046 2100
2046 4583
2260 2096
4647 4864
4647 4944
1567 1631
1567 1781
1567 1818
1567 1819
4353 4471
4353 4479
1821 1577
1821 1586
1821 1689
1821 1784
1821 1829
1821 4641
2652 2829
2652 2915
2652 2923
2945 2459
2945 2541
2945 2590
2945 2632
2945 2702
2945 2780
2945 2833
2945 2838
2945 2876
4575 4239
4575 4464
4575 4478
2481 2832
2481 2969
3063 3080
3063 3154
3063 3189
3284 3488
3284 4524
3311 3054
4864 2512
4864 3042
4864 3645
4864 3651
4864 4348
4864 4358
4864 4521
4864 4523
4864 4680
4864 4721
4864 4767
4864 4944
4573 4339
4573 4569
4573 4642
4573 4788
3845 3953
3845 4204
3845 4215
1949 1940
1949 2266
1949 2411
4035 3843
4035 3848
4035 4078
4035 4215
4106 4092
4106 4122
2000 2283
2000 2322
2000 2420
2841 2536
2841 2823
2841 2963
2841 2969
1885 1650
1885 1727
1885 1790
1885 1791
1885 3978
3199 3743
3199 3772
2760 2527
2760 2854
2760 2923
2760 3031
3213 3772
3389 3084
3389 3655
3389 4525
3772 3070
3772 3073
3772 3248
3772 3326
3772 3363
3772 3390
3772 3441
3772 3537
3772 3551
3772 3585
3772 3598
3772 3601
3772 3651
3772 3655
3772 3743
3772 4425
3661 2141
3661 2367
3661 3176
3661 3474
3661 3627
3661 3651
4619 4250
4619 4294
4619 4428
4619 4546
4619 4838
4688 4566
2715 2711
2715 3901
1932 2045
2855 2773
2855 2799
2855 2819
2855 2929
2638 2932
1743 1617
1743 1657
1743 1722
1743 1729
1743 1755
1743 1756
1743 1852
2898 2483
2898 2614
2898 2753
2898 2806
2898 2876
2898 3109
3713 3384
3713 3443
3713 3582
3713 3621
3713 3622
3713 3667
3433 3166
3433 3193
3433 3334
3433 3539
3433 3608
3433 3627
3433 3645
3433 4490
4835 3622
4835 4247
4835 4365
4835 4441
4835 4545
4835 4585
4835 4666
4835 4902
4835 4915
2989 1939
2989 2456
2989 2462
2989 2478
2989 2518
2989 2544
2989 2593
2989 2594
2989 2629
2989 2635
2989 2644
2989 2648
2989 2653
2989 2675
2989 2681
2989 2725
2989 2731
2989 2745
2989 2768
2989 2788
2989 2802
2989 2827
2989 2847
2989 2923
2989 2936
2989 2942
2989 3096
2989 3328
2989 4915
4463 4947
3603 3121
3603 3184
3603 3293
3603 3301
3603 3492
3603 3722
4737 4286
4737 4293
4737 4566
4737 4654
4737 4724
4737 4791
4737 4860
3316 3542
1888 1575
1888 1651
1888 1662
1888 1695
1888 1769
1888 1773
1888 1812
1888 1813
1888 1854
1888 1873
3269 3785
3269 4337
1873 1636
1873 1734
1873 1769
1873 1773
1873 1793
1873 1812
1873 1843
1873 1854
1873 4415
1873 4556
4215 2325
4215 2330
4215 3041
4215 3408
4215 3856
4215 3880
4215 3888
4215 3913
4215 3937
4215 3945
4215 4037
4215 4038
4215 4045
4215 4049
4215 4070
4215 4076
4215 4093
4215 4096
4215 4113
4215 4117
4215 4141
4215 4147
4215 4152
4215 4167
4215 4173
4215 4204
4215 4791
4693 4739
3606 3664
3606 3723
3606 3786
3789 1909
3789 2380
3789 3110
3789 3113
3789 3138
3789 3162
3789 3194
3789 3281
3789 3448
3789 3502
3789 3563
3789 3673
3789 3716
3789 4424
3789 4599
2461 2650
2461 2668
2563 2767
2563 2773
2563 2929
2563 2935
2563 3614
1736 1771
1736 2553
2136 2119
2136 2322
3406 3144
3406 3208
3406 3414
3406 3450
3406 3657
3406 4577
3286 3408
3286 3734
4066 3906
4066 4114
4066 4125
2740 2710
2740 4301
3360 3572
3360 3602
3360 4721
3356 3301
3356 3614
3356 3645
3356 3722
3451 3052
3451 3718
2208 2151
2208 2348
2208 2358
2700 2543
2700 2997
3483 3614
3483 3657
3346 3397
3346 3723
1750 1922
2475 2737
3718 2249
3718 3132
3718 3246
3718 3325
3718 3326
3718 3408
3718 3458
3718 3514
3718 3572
3718 3590
3718 4383
1829 1638
1829 1715
1829 1719
1829 1799
1829 2359
2532 2580
3735 3039
3735 3041
3735 3139
3735 3229
3735 3329
3735 3405
3735 3476
3735 3501
3735 3550
3667 3582
3667 4613
2366 1749
2366 2020
2366 2114
2366 2202
2366 2277
2366 2317
2366 2319
2366 4922
3262 3388
3262 3566
3786 2339
3786 3067
3786 3068
3786 3168
3786 3207
3786 3321
3786 3333
3786 3495
3786 3585
3786 3650
3786 3664
3786 4802
3203 3162
3203 3595
4070 3158
4070 4040
4070 4138
4070 4167
4070 4178
4534 4515
4534 4843
4061 4130
4061 4152
2588 3098
4788 2212
4788 4346
4788 4373
4788 4383
4788 4457
4788 4628
3708 3038
3708 3065
3708 3177
3708 3381
3708 3441
3708 3456
3708 3531
3708 3723
3708 3734
3708 4048
3263 3091
3263 3657
3263 4375
2321 1994
2321 2056
2321 2191
2321 2340
2321 2797
2321 4314
4451 2102
4451 4592
4451 4657
4451 4807
2729 1987
2729 2716
1777 1562
1777 3441
4130 3872
4130 3900
4130 3979
4130 4063
4130 4159
4130 4714
1769 1571
1769 1698
1769 1854
4101 3932
4101 4138
4101 4167
4101 4178
4819 1843
4819 2221
4819 2669
4819 4408
4819 4409
4819 4509
4819 4924
2210 2180
2210 2393
2210 3155
2210 3959
2570 2697
3931 3878
3931 4074
3931 4122
3443 2738
1852 1594
1852 1691
1852 1766
1852 1784
1852 1891
1852 1922
1852 2567
2273 1943
2273 2140
2273 2222
2273 2376
2273 2380
2273 2766
1617 1724
1617 1745
1617 1755
4786 3352
3969 2040
3969 3939
3969 4041
3969 4059
3969 4078
3969 4132
4666 2005
4666 4568
4666 4576
4666 4585
4666 4752
4666 4902
2063 2111
2063 2173
2063 2258
2063 2359
2063 2848
3317 3273
3317 3550
3317 4444
4695 2997
2053 2376
2053 3234
2374 1935
2374 2026
2374 2124
2374 2162
2374 2198
2374 2213
2374 2300
2374 4457
2030 2200
3668 2654
3668 3180
3668 3185
3668 3238
3668 3401
3668 3416
3668 3601
4454 4321
4454 4374
4454 4516
4454 4546
1926 1935
1926 2411
1926 3185
2359 1933
2359 2001
2359 2080
2359 2094
2359 2103
2359 2173
2359 2266
2359 2299
2359 2325
2359 2823
2359 3345
3113 3612
4336 4547
2583 2876
4324 4507
4435 2848
4435 4279
1958 2308
1958 2340
1958 4017
2963 2605
2963 2647
2963 2669
2963 2797
2963 2809
2963 2810
2963 2864
2963 2942
2963 3734
2200 2040
2200 2102
2200 2232
2200 2354
2200 2434
2802 2081
2802 2591
2802 2593
2802 2674
2802 2936
2802 2942
4038 2376
4038 4050
4038 4062
4038 4152
4944 2329
4944 2797
4944 3650
4944 4402
4944 4577
4944 4673
4944 4727
4944 4825
4944 4924
4944 4931
4944 4947
3419 3143
3419 3158
3419 3343
3419 3447
4304 3104
1662 1900
1662 3315
4354 4516
4528 4581
4047 2737
4047 3907
4047 3940
4047 4063
4047 4159
4732 4523
4732 4627
4732 4680
2339 2082
2339 2199
2339 2277
2339 2327
2339 2330
2339 2371
2339 2411
2806 2630
2806 2701
2806 2754
2806 2796
2806 4280
4602 4308
2330 2276
2330 2371
2330 2393
3601 2767
3601 3379
4609 1793
4609 4256
4609 4471
4609 4663
4609 4714
3420 1997
3420 3118
3420 3139
3039 3390
2358 1944
2358 2035
2358 2079
2358 2126
2358 2226
2358 2434
2358 4249
1787 1731
1787 1872
1787 1909
1787 1922
1787 3474
2829 2420
2829 2499
2829 2717
2829 2915
3037 3373
2687 2584
2687 2860
2687 2932
2513 2541
2513 2664
2513 2842
2513 2952
4428 4643
1747 1603
1747 1614
4808 2300
4808 4379
4808 4562
4808 4828
4808 4947
2354 2146
2354 2215
2354 2221
2354 2294
2354 2327
2354 2434
3996 3869
3996 3980
3996 4167
3996 4178
3996 4332
2873 2601
2873 2633
2873 2770
2873 2796
2873 2997
2873 3397
3911 3530
4096 4014
4096 4142
4096 4147
2059 1991
2059 2174
2059 2312
2059 2329
2283 1953
2283 2169
2283 2294
2283 2434
3497 3383
3497 3537
4025 2411
4025 4017
4025 4173
3448 2001
3448 3208
4078 2861
4078 3870
4078 3906
4078 4003
4078 4065
4078 4113
4078 4167
4078 4173
4734 1638
4734 4263
4734 4411
4734 4721
4471 4276
4471 4285
2203 1972
2203 2070
2203 2380
2203 4663
2250 2034
2250 2131
2250 2819
3393 3553
3393 3581
4691 3552
4691 4793
1698 1694
1698 1864
1698 1900
2044 2033
2076 2380
2923 2498
2923 2504
2923 2542
2923 2589
2923 2703
2923 2716
2923 2772
2923 2852
3583 4097
1945 1966
1945 2149
3343 3143
3343 3270
3343 3363
3620 3155
3620 3283
3620 3303
3620 3318
3620 3474
3620 3491
3620 3502
3620 3552
3620 3590
3474 2161
3474 3273
3474 3283
3474 3491
2770 2498
2770 2677
2770 2861
2770 3342
2788 2544
2788 2637
2788 2674
2788 2936
2788 3858
3834 4062
4092 3908
4092 4100
3540 3193
3540 3307
3540 3367
3540 3579
3540 4152
2369 2065
2369 2126
2369 2259
2369 2322
2369 2365
2369 2420
2369 2434
2369 3192
2369 3744
3734 3100
3734 3202
3734 3318
3734 3320
3734 3530
3734 3573
4692 4332
3456 1781
3456 3547
3456 3567
3488 2501
3488 3034
3488 3563
3488 3716
2060 2212
2060 2251
2060 2308
3510 3528
3510 4726
1613 1600
1613 1909
1677 1909
1677 2649
4309 4387
4309 4649
1679 1843
2838 2632
2838 2997
4080 4159
4178 2819
4178 3590
4178 3785
4178 3854
4178 3857
4178 3865
4178 3913
4178 3917
4178 3943
4178 4040
4178 4138
4178 4167
4178 4345
2142 1813
2142 1940
2142 1956
2142 2192
2213 2163
2213 2256
2213 2261
2213 2529
2213 2997
2572 2833
2329 2110
2329 2166
2329 2229
2329 2256
2329 2312
2329 2318
3135 3450
4890 4271
4890 4300
4890 4419
4890 4430
4890 4440
4890 4469
4890 4518
4890 4541
4890 4579
4890 4677
4890 4735
4890 4854
4890 4872
4890 4915
3431 3478
4462 3054
3394 3329
3394 3566
1770 1693
1770 1730
1770 1780
2576 2743
2576 3154
3664 3198
3664 3333
4931 2847
4931 4525
4931 4639
4931 4644
4931 4700
4931 4731
4931 4825
4931 4947
3016 3035
3016 3657
3016 4614
3499 1909
3499 2997
3499 3098
3499 3105
3499 3453
3499 3579
4592 4578
4592 4657
4592 4766
4592 4807
4592 4838
4739 4445
4739 4774
4739 4922
2525 2568
3092 3321
4729 4270
4729 4947
3067 3365
3547 2168
3547 3447
2746 2474
2746 2767
3208 3379
3208 3657
4065 3673
4065 3866
4065 3891
4065 4003
4065 4073
4065 4113
4065 4125
4076 4113
4076 4114
3503 3673
3503 3785
3539 2646
3539 2832
3539 3166
3539 3190
3539 3193
3539 3226
3539 3277
3539 3608
3539 3645
4686 4700
4686 4922
2117 2172
2117 2276
2117 3621
4141 1909
4141 3427
4141 3861
4141 3940
4141 4075
4141 4142
3392 3320
3392 4122
4020 4014
4020 4051
2299 1818
2299 2111
2299 2182
2299 2258
2299 2266
2299 2355
4040 4167
4040 4700
4358 4627
4358 4721
4358 4767
4641 4828
4585 3552
4585 4843
3409 3452
2376 1943
2376 1972
2376 2088
2376 2251
2376 2308
2376 2380
2376 2882
2376 3785
3373 3365
3373 3744
3373 4643
3918 4018
4469 4667
4469 4854
4469 4915
2434 1963
2434 2047
2434 2104
2434 2153
2434 2169
2434 2185
2434 2215
2434 2222
2434 2226
2434 2259
2434 2294
2434 2300
2434 2365
2434 2420
2434 2892
2434 4779
4270 3582
3422 3612
4271 4915
1819 1727
1819 1790
2080 2023
2080 2090
2080 2254
2080 3579
4031 3842
4031 3848
4031 3871
4031 3974
4031 4073
4031 4125
4374 2017
4374 4730
4514 4420
4514 4583
4800 2498
4800 2816
4800 4726
2215 2222
2215 2365
2215 2380
2215 2655
1687 1581
1687 1749
1687 1813
3432 3195
3432 3220
3432 3744
4541 2654
4541 4872
4541 4915
4465 1722
4757 1843
4757 4231
4757 4372
4757 4470
4757 4476
4757 4477
4764 4308
4764 4702
2591 2942
2803 1639
2803 2703
2803 2997
2202 2036
2202 2049
2202 2393
2515 2680
2816 2548
2816 2670
2816 2877
3744 1648
3744 1909
3744 2317
3744 3023
3744 3027
3744 3109
3744 3154
3744 3177
3744 3223
3744 3387
3744 3570
3744 4721
4515 4251
4515 4430
4515 4475
4515 4492
3478 2892
3478 3074
3478 3152
3478 3192
3478 3221
3478 3308
3478 3345
4491 4530
4491 4544
2257 1993
2257 2010
2257 2106
2257 2187
2257 2288
2257 2380
2772 2701
2772 3169
2785 2580
2785 2852
2785 4156
4722 4273
4722 4337
4722 4361
4722 4552
4722 4563
2227 1980
2227 2071
2227 2266
2227 4902
3567 2177
3567 3314
3567 3502
3567 3689
3585 3077
3585 3454
3585 3553
1726 1638
1726 1641
1726 1727
1922 1574
1922 1575
1922 1594
1922 1598
1922 1600
1922 1612
1922 1621
1922 1628
1922 1634
1922 1644
1922 1658
1922 1676
1922 1685
1922 1692
1922 1699
1922 1707
1922 1711
1922 1730
1922 1741
1922 1758
1922 1766
1922 1778
1922 1791
1922 1792
1922 1793
1922 1798
1922 1855
1922 1864
1922 1891
1922 1909
1922 3180
1922 3223
1922 4581
1922 4657
1922 4854
2514 2681
3285 2478
3285 3528
4142 3992
4142 4100
4142 4117
4142 4147
4142 4152
4142 4167
4142 4204
4142 4436
3205 3129
4086 3938
4086 3994
4086 4094
4086 4100
4086 4122
4086 4617
4408 4924
2174 2110
2174 2312
3384 1957
4804 3056
4804 4507
3627 1735
3627 2411
3627 3062
3627 3214
3627 3215
3627 3287
3627 3723
1766 1584
1766 1792
1766 3563
2312 1991
2312 2003
2312 2045
2312 2256
2312 2318
2312 3566
1694 1900
2322 1936
2322 1966
2322 2153
2322 2226
2322 2239
2322 2420
2511 2520
4048 3854
4048 4204
2303 1994
2303 2087
2303 2471
2842 2668
2842 2713
3785 1749
3785 3033
3785 3089
3785 3107
3785 3111
3785 3202
3785 3229
3785 3405
3785 3484
3785 3485
3785 3551
3785 3566
3785 3595
3785 3602
3785 3621
3785 4073
4537 4478
3935 3974
3935 4114
4872 2804
4872 4255
4872 4266
4872 4281
4872 4419
4872 4440
4872 4536
4872 4579
4872 4677
4872 4735
4872 4854
4872 4915
4113 3974
4113 3992
4113 4125
4113 4772
2739 2864
2739 2884
4075 2016
4075 4074
4234 4522
4234 4838
3743 3048
3743 3137
3743 3248
3743 3363
3743 3390
3743 3537
3743 3551
3743 3598
3743 4276
4814 2892
4814 4310
4814 4420
4814 4546
4814 4611
4814 4643
4814 4838
4814 4855
4860 2632
4860 4093
4860 4639
4860 4840
4860 4877
2674 2768
3988 3900
3988 3909
3988 4159
4767 4248
4767 4680
4767 4924
2380 1773
2380 1930
2380 1954
2380 1985
2380 2037
2380 2066
2380 2229
2380 2288
2380 2471
3201 3312
3201 3469
3201 4791
4286 4654
4286 4791
3867 3888
4922 2738
4922 4307
4922 4326
4922 4357
4922 4434
4922 4439
4922 4464
4922 4478
4922 4522
4922 4535
4922 4774
4922 4833
2969 2579
2969 2645
2969 2743
2969 2850
2969 2864
2969 2929
2969 3590
2969 3647
2969 3842
3314 3461
1658 1607
1658 3321
4173 2766
4173 3861
4173 3890
4173 3945
4173 3978
4173 4005
4173 4023
4173 4024
4173 4050
4173 4125
4173 4159
4173 4204
4173 4742
1745 1594
1745 1722
1745 1724
1745 1729
1745 1755
1745 1756
1745 2827
2026 1940
2026 2420
2699 2670
2699 2773
2699 2929
4059 3166
4059 3891
4059 4073
3530 3134
3530 3430
3657 3091
3657 3144
3657 3289
3657 3379
3657 3414
3657 4426
3925 3273
3925 3878
3925 3928
3925 4100
3925 4122
4368 4680
4368 4836
2367 1981
2367 2141
2367 2236
2367 2276
2367 3133
4581 2750
1931 1961
2710 2850
3110 3289
3110 3440
3110 3476
2204 2327
2204 2371
2204 2411
2607 2697
4266 1855
4266 4915
2490 2929
2952 1730
2952 2477
2952 2483
2952 2531
2952 2567
2952 2568
2952 2585
2952 2651
2952 2705
2952 2721
2952 2754
2952 2932
3341 2355
4387 4347
1843 1648
1843 1771
1843 1810
1843 1818
2326 2169
2326 2365
2326 2420
2326 4594
3261 3275
2894 2547
2894 2677
2894 2688
2894 2882
2894 4595
1697 1635
1697 1661
4421 2527
1563 1909
4838 4250
4838 4341
4838 4546
4838 4583
4838 4630
4838 4643
4838 4682
4838 4772
4838 4855
2109 2013
2109 2219
2109 2340
2109 2349
3614 3403
3614 3723
3614 4330
4549 4475
4549 4492
4549 4496
4549 4508
4549 4730
3469 3107
3469 3125
3469 4390
3617 2590
3617 3030
3617 3121
3617 3200
3617 3309
3617 3534
3617 3650
4774 4445
4902 1793
4902 4275
4902 4287
4902 4390
4902 4441
4902 4490
4902 4504
4902 4530
4902 4617
4902 4801
4902 4924
2106 1987
2997 2192
2997 2281
2997 2319
2997 2411
2997 2482
2997 2526
2997 2527
2997 2535
2997 2541
2997 2543
2997 2553
2997 2575
2997 2586
2997 2611
2997 2625
2997 2630
2997 2639
2997 2679
2997 2702
2997 2753
2997 2754
2997 2761
2997 2800
2997 2821
2997 2848
2997 2883
2997 3907
2997 4063
2997 4530
3300 3233
3300 3265
1891 1592
1891 1634
1891 1711
1891 1798
1891 4277
4784 3171
4784 3581
4805 2365
4805 4132
4805 4576
4805 4588
4805 4705
4805 4793
4805 4854
4924 3475
4924 4267
4924 4392
4924 4441
4924 4486
4924 4758
4924 4828
4924 4836
4924 4839
1969 2420
2637 2823
1784 1682
2850 2721
2850 2843
4064 2307
4064 3924
4064 4043
4064 4156
4504 3645
4504 4595
4504 4626
1814 1682
1814 1729
1814 3068
2288 1934
2288 2131
2288 2229
2288 4370
2420 2010
2420 2084
2420 2126
2420 2133
2420 2222
2420 2233
2420 2261
2420 2281
2420 2294
2420 3223
2420 4855
2677 2466
2677 2624
2929 1626
2929 2606
2929 2738
2929 2797
2929 2799
2929 3901
4642 3689
4642 4250
4642 4341
4642 4420
4642 4630
4642 4855
4807 1678
4807 4279
4807 4320
4807 4578
4807 4628
1774 1706
1774 1798
1774 1855
3290 3581
4526 4252
4526 4566
4526 4791
2597 2697
2597 2767
2827 2635
2827 2768
2827 2821
2827 2936
2827 2942
3566 3033
4855 2056
4855 2558
4855 2935
4855 3348
4855 4269
4855 4329
4855 4341
4855 4456
4855 4546
4855 4630
4855 4643
2327 1909
2327 2090
2327 2187
2327 2272
2327 2276
2327 2393
2327 2411
2589 3405
2606 2705
3689 3194
3689 3528
3689 3612
3689 4426
2010 1925
3260 1972
3959 4125
4459 4311
4947 4117
4947 4122
4947 4156
4947 4490
4947 4525
4947 4637
4947 4825
2325 1941
2325 2173
2325 2256
2325 2266
2325 2355
2604 2805
2604 2882
2852 2529
2852 2564
2852 2800
3312 3945
4536 3682
4536 4854
4536 4915
4825 2013
4825 2835
4825 4445
4825 4492
4825 4493
2021 1581
2021 2104
2021 2365
3374 3485
2635 2590
3049 1799
3049 3200
2045 2197
2045 2318
2516 2582
2516 2643
2516 2703
4644 2371
4644 4671
4644 4793
2272 2239
2272 2393
3197 3149
3904 3857
4843 4094
4049 4043
4049 4147
4049 4152
4159 3502
4159 3873
4159 3899
4159 3900
4566 4453
4566 4791
2824 2524
2824 2645
2824 2731
2824 2810
3612 3084
3612 3178
3612 3348
3612 3531
3612 4016
3650 1741
3650 1798
3650 3030
3650 3096
3650 3121
3650 3200
3650 3309
3650 3534
4252 3979
4496 4649
4496 4667
2823 2134
2823 2692
4705 4509
4705 4828
4801 4318
4801 4441
4801 4533
3115 3215
3927 4093
3927 4152
4300 2197
4524 4501
4779 4486
4779 4488
4779 4590
4779 4802
2462 2456
2462 2629
2462 2942
2753 1610
2753 2232
2753 2582
2805 2226
2805 2832
3246 3176
1700 1714
3048 3484
3152 3169
3152 3345
3152 3445
3501 2501
3537 3121
3537 4014
1600 2542
3941 4018
4125 3381
4125 3871
4125 4132
4709 4294
4709 4434
4802 4726
4836 1981
4836 2066
4836 3582
4836 4409
4836 4611
4836 4613
4836 4839
2074 2004
2074 3548
2123 2307
2123 2601
2196 1973
2196 2154
2196 2251
2196 4312
4547 1641
2195 2300
2195 2379
4637 4639
4100 3883
4100 3914
4100 3938
4100 4014
4100 4074
4100 4094
4100 4654
3502 3716
4279 4320
4279 4628
1650 2294
2153 2243
2153 4232
3148 2630
3550 3132
3550 3579
3550 3847
3550 4840
4468 4285
4468 4479
4468 4663
1631 1742
1631 1818
2169 2104
2169 2261
2169 2411
2169 3888
2317 1963
2317 2081
2317 2133
3333 3074
4117 3909
4117 3953
4117 4045
4117 4152
2584 2526
4531 4488
4531 4877
1560 4444
1561 1872
1561 1909
1872 1598
1872 1615
1872 1634
1872 1684
1872 1709
1872 1749
1872 1820
1872 1909
1872 2180
1909 1608
1909 1624
1909 1684
1909 1691
1909 1709
1909 1713
1909 1731
1909 1735
1909 1749
1909 1820
1909 3871
1564 1655
1655 1741
1781 1610
1781 1758
1781 1818
1781 1855
1818 1810
1818 2020
1818 2266
1900 1582
1900 1612
1900 1649
1900 1651
1900 1683
1900 1695
1900 1709
1900 1746
1900 1854
1900 2028
1900 4404
1900 4436
1570 1820
1570 2811
2811 2561
1577 2365
2365 2232
2365 2348
1578 2835
1578 3075
2835 2626
2835 2646
2835 2832
3075 3303
3075 3647
1582 1727
1732 1793
1732 3087
1586 1603
1586 1614
1614 1607
1614 2915
1699 1598
1699 3552
1590 1601
1590 1714
1714 1693
1592 1719
1719 1854
1594 4318
4318 4782
1595 1661
1595 3347
1661 1602
1661 1635
1661 2464
3347 1799
3347 3484
3347 3495
1596 1734
1730 1715
1730 3857
1602 1635
1602 1670
1635 1813
1713 3190
1605 1813
1605 4854
1813 1626
1813 2833
1813 4473
4854 4410
4854 4475
4854 4518
4854 4677
4854 4735
4854 4915
2319 1957
2319 1993
2319 2024
2319 2185
2319 2261
2319 4840
1609 1696
1609 1707
1696 1741
1696 2495
1696 3836
1610 1706
1706 1642
1611 1864
1864 1712
1864 1720
1864 3188
1864 4588
1612 1793
1612 2695
1793 1854
2695 2632
2915 2509
2915 2524
2915 2543
2915 2616
2915 2620
2915 2717
2915 2787
2915 2810
1615 4563
4563 4588
1724 1729
1724 1755
1724 1756
1724 3598
1755 1722
1755 1729
1618 1771
1765 1692
1765 1773
1855 1621
1855 1642
1855 1810
1855 3388
1621 2266
2266 2001
2266 2194
2266 2355
1720 1681
1790 1799
1790 3876
1790 4811
1628 3723
1628 4811
3723 1780
3723 2145
3723 2543
3723 3320
3723 3342
3723 3398
3723 3498
3723 3621
3723 3909
4811 3171
4811 4152
4811 4288
1722 1729
1722 1756
1756 1657
1756 1729
1742 1689
1742 4335
1632 1746
1746 1688
1637 2692
1637 3528
3528 3716
1638 3943
3943 4167
1639 1684
1684 4759
1644 1812
1644 2318
1812 1681
1812 1854
1812 2132
1812 3401
2318 2047
2318 2066
2318 2110
2318 2197
2318 2249
2318 4204
4649 4475
4649 4508
4649 4667
2294 2935
2294 4793
1657 1729
3321 3581
1854 1792
1854 4348
2464 2585
3315 3542
1703 1683
1780 3534
1791 1676
2854 2884
1678 4156
4156 3095
4156 3876
4156 4018
1681 4839
4839 3385
4839 4294
4839 4415
4839 4608
1682 4915
4915 3579
4915 4281
4915 4419
4915 4430
4915 4440
4915 4518
4915 4579
4915 4677
4915 4680
4915 4735
4915 4745
1683 4628
4628 3416
4628 4402
4628 4657
4759 3033
4759 4457
1685 1799
1799 2183
1799 4610
1688 1711
1689 1798
1689 3192
3192 3445
3192 3572
2495 2697
2495 2773
3836 4114
3836 4204
3552 3026
3552 3155
3552 3273
3552 3283
3552 3318
3552 3342
3552 3491
1963 2167
1963 2232
1709 2082
2082 4317
1710 3238
1712 2644
2644 2804
2644 3837
3190 3166
3190 3277
3190 3608
3190 3645
4005 2219
4005 4030
3857 4138
3857 4392
1731 3551
3551 3562
3087 3068
3087 3077
3087 3137
1735 2146
2146 2110
2146 2172
2553 2722
2711 2860
4335 4321
1758 4486
1758 4787
2371 2124
2371 2179
2371 2228
2371 2277
2371 2393
2371 2411
2371 2479
2371 4741
3253 3189
3253 3491
3253 4439
4486 4742
4787 3846
4787 4257
4787 4507
4787 4730
4787 4813
3034 3053
1930 2042
3608 2743
3608 3076
3608 3166
3608 3277
3608 3334
3563 3210
3563 3866
3534 3023
3534 3308
3534 3309
3534 3455
2623 2491
2623 2681
2623 2759
2623 2942
3354 3327
3354 3495
2183 2154
4610 3057
4610 4726
2028 2379
4073 3842
4073 3848
4073 3882
4073 3977
4522 4817
2132 2087
2132 2379
3401 2569
2833 2498
2605 2932
4476 4231
2020 2036
2020 2081
2020 2126
2020 2145
2020 2194
2610 2479
2610 2538
2610 4045
3081 1954
1944 2259
2340 2009
2340 2219
4731 4591
2618 2804
4138 3722
4138 3865
4138 4132
4138 4167
2282 2177
2282 4204
2282 4418
2379 2155
3910 4074
3910 4094
3910 4122
2179 2274
2179 2500
2675 2861
2675 2936
2567 2493
2567 2578
4348 2761
3388 3202
2277 2019
2277 2145
2277 2228
2701 3379
4490 4595
3188 3682
4639 3852
4639 4306
3126 3010
1950 1959
1950 2001
2547 2541
2547 2759
3301 3722
3455 4477
2180 2055
4415 3331
4556 4525
2882 2536
2882 2550
2882 3166
2882 3450
4578 3655
4578 4320
3265 4745
3955 3961
2226 2040
4663 4406
4663 4426
4663 4714
4663 4752
2228 1954
3326 3590
4283 4375
2731 2497
2731 2590
2731 2643
4576 4828
3498 1974
3498 3579
3498 4518
3978 2843
3978 3937
3978 3974
3978 3992
2705 2809
3595 2149
3595 4292
4293 4724
4293 4791
4133 2079
4133 3913
4133 4045
4133 4204
2936 2472
2936 2544
2936 2648
2936 2725
2936 2768
2936 2810
2936 3084
4152 4204
4523 4051
4523 4668
3289 4273
3193 3645
3885 3160
4833 4250
4833 4307
4833 4464
4833 4700
4833 4817
4702 3471
4702 4320
3722 3083
3722 3181
3722 3195
3722 3206
3722 3272
3722 3492
3722 4023
3722 4037
4667 4492
2239 2192
2239 2251
2239 3913
2668 2877
2668 3870
2561 2935
3492 4241
3894 4016
3581 3169
3581 3274
4094 3258
4094 3414
4094 3883
4094 3961
4094 4014
4094 4074
4094 4122
4167 2472
4167 3854
4167 3915
4167 3917
4167 4782
3883 4122
4445 2064
2809 2743
2809 2804
3010 3651
3010 3682
3553 3231
3553 3542
3914 4122
3015 3108
2198 2041
2198 2163
2222 2281
2222 2935
4877 1990
4877 2103
4877 4332
4877 4346
4877 4488
4877 4683
3325 3331
4726 4343
4726 4366
3716 3050
3716 3178
3716 4677
2199 2258
2199 2393
2848 2456
2848 2534
2848 2754
2848 2821
2848 2935
3647 1936
3647 2552
3647 3109
3647 3173
3647 3275
3647 4569
3180 3645
2308 1952
2308 2066
2308 2140
2308 2716
2308 3924
4507 3682
1925 2016
1925 2274
1935 2254
2411 1990
2411 2192
2411 2393
2411 3884
2042 4269
1934 1939
1939 3283
2254 2393
1936 1940
1936 2035
1936 2104
1936 2182
2035 2259
2104 2002
2182 2001
2182 2003
2182 2876
2167 2065
2167 3573
3283 3159
3283 3357
1941 2119
1941 3645
2119 3579
3645 3166
3645 3277
3645 3334
3645 3491
3645 4766
1943 4114
4114 3848
4114 3891
4114 3957
4114 4132
4114 4730
2259 2102
2259 3542
2259 4730
2149 3897
1946 1996
1946 3107
1946 4329
4329 4673
1979 2133
1979 2166
1979 2256
1979 3440
1979 4204
2229 1989
2229 1992
2229 4365
1959 1987
1959 1989
2001 2111
3573 3328
3573 3906
3573 4611
1952 2005
1952 2048
1952 2625
1952 4821
2048 3386
2625 2500
2625 2773
1954 2190
2190 3621
1956 2036
1956 2094
1956 3977
2036 2088
2036 2884
2094 2089
3977 3120
4017 3542
4017 3890
2070 2256
2070 3108
2349 1994
2349 2151
2349 2348
2349 4813
2133 2017
2166 2249
2166 2256
2166 3073
2256 4147
2256 4204
3440 3090
3440 3873
4204 3933
4204 3939
4204 3940
4204 3953
4204 3992
4204 4024
4204 4037
4204 4043
4204 4052
4204 4093
4204 4147
4204 4439
2221 2141
2221 2173
2221 2258
2221 3026
1985 2653
2653 2745
2653 2810
1986 2017
2017 2151
1988 3467
3467 3250
3467 3275
1991 2348
2348 2064
2348 3224
1993 4369
4369 3929
4369 4394
1994 2066
2066 2486
2355 2003
2355 2013
2355 2111
1998 3272
3272 3621
2003 4772
4772 4147
4772 4616
2006 3453
2006 4700
2009 2307
2307 2154
2307 2161
2307 2236
2307 2244
2012 2197
2197 2168
2013 2258
2258 2535
2075 2100
2075 3320
2075 4340
2086 2883
2300 2019
2300 2236
2151 3144
2081 2145
2081 2233
2081 3029
2145 3090
2194 2108
2194 2243
2194 4682
2212 2173
2024 3210
3210 3562
2087 2243
2087 2550
2219 4492
2033 2096
2034 2244
2244 2892
2884 2804
2884 3270
2040 2079
2041 2110
2041 2249
2110 2056
2110 2168
2110 2249
2110 3945
2047 2281
4583 4310
4583 4341
2281 2065
2281 2261
2281 3248
2281 4680
2261 3582
2054 2134
2251 2108
2251 2187
2251 2935
2251 4028
2102 2164
2065 2077
2168 4728
2090 4147
2072 2124
2072 2787
2787 2524
2787 2616
2787 2620
3548 3274
3548 3327
3548 3329
3548 3398
2172 3227
3579 3452
3029 3407
4317 4627
2084 3167
2883 2559
2883 2633
2883 2664
2883 2680
2883 2861
2883 4429
2243 4680
4147 3929
4147 3932
4147 4093
4147 4310
2932 2558
2932 2559
2932 2843
2932 2847
2932 2860
2932 2877
2932 2892
2932 3602
3945 3877
4627 4521
4627 4533
2393 4562
2236 3588
2236 4615
3922 3271
4132 3891
4132 3957
2876 2586
3144 3379
3144 3414
3159 3491
3979 3881
2163 2843
2843 2860
2843 2877
3590 3299
3590 3408
3073 3091
4728 3892
3888 4024
3134 3232
3134 3447
3227 2467
3227 3032
2500 2526
2184 2721
2721 2544
4682 4433
2616 2620
2529 2664
3153 3035
4492 4251
4492 4508
2935 2512
2935 2581
2935 2632
2935 2877
4365 4545
4365 4617
2552 2575
3588 3100
3994 3844
3994 4074
2819 2832
2819 3542
4028 2580
4028 4003
2535 2821
4730 4613
3582 2651
2766 2620
4418 4741
2650 2796
4433 4668
4554 4512
2630 2702
2630 2768
4370 4357
4817 4257
2716 2861
2797 2773
4372 4231
4630 2713
4630 4375
4630 4643
2750 2626
2750 2832
4052 4037
3224 3381
3224 4511
3495 3381
3495 3407
3345 3221
3345 3308
3345 3445
3133 3840
2524 2509
2479 4662
4419 4742
4552 4319
4552 4520
4552 4591
4552 4598
4441 3160
4775 3176
3475 3322
3655 3570
3655 3682
3655 3875
3168 3454
3059 3129
3189 3461
4500 3562
3379 3091
3379 3414
3570 3044
3514 4282
2847 4714
3906 3934
3673 3057
3673 3105
3673 3476
4520 3077
4598 4616
3329 3281
4330 4586
3930 4002
4282 4488
2759 2497
4509 4051
2861 2624
2861 2626
4828 2646
4828 3847
4544 3232
4014 4045
3226 3056
4093 3940
2454 2558
2558 2509
2459 2821
2629 2745
2942 2478
2942 2590
2942 2707
2942 2725
2466 2494
2494 2472
2473 3491
3491 3318
2737 2713
2737 2767
4662 4608
2832 2564
2482 2611
2484 2685
2685 3093
2489 2679
2489 4417
2679 2639
2679 3023
4417 4395
4417 4439
2493 2860
2860 2559
2860 2697
2697 4434
2631 4424
2648 3682
2664 4023
2680 2800
2680 3053
2582 2796
2643 4508
2517 2568
2517 4506
4506 4512
2555 4360
2531 3405
2543 2639
2548 2624
2767 2713
2745 4041
2578 2754
2578 4488
2569 4122
4122 3309
4122 3938
4122 3939
2713 3328
2754 2761
2754 3105
2586 2877
2877 2670
4045 4037
2614 3397
2804 3858
2768 3890
2707 2725
2707 4339
4508 4366
3837 3974
3682 3139
3682 3562
3118 3149
2669 4341
2717 4590
2800 3390
2800 4683
2864 2761
2688 3937
3937 4041
4342 4255
3953 3846
4041 3974
2761 3139
3031 3844
3342 4001
3334 4299
4752 3461
4782 4577
4727 3934
4714 4285
4714 4479
4595 4545
4766 3348
4766 4429
4791 4258
4791 4525
4791 4654
4791 4724
4394 4296
4429 4568
3270 3447
3403 3065
4499 4617
4546 3877
3361 4614
3651 3974
3602 3307
3602 3908
3562 3041
3562 3132
3562 3277
3562 4626
3308 3074
3308 3445
3241 4074
3157 3077
4758 3447
4758 4392
4479 4568
3848 4016
4626 4257
4530 4568
4617 4287
4617 4311
4617 4545
4062 3198
3445 3221
3445 4272
3035 4024
4614 4426
3024 3934
3407 3218
3407 4361
3036 4373
3056 4240
3065 4591
4591 4239
4591 4273
4591 4361
3069 3348
3074 4569
3232 3447
3232 4532
3083 3892
3095 3102
3149 4289
3447 3158
4289 4439
3461 3250
3461 4742
3277 4643
3202 3997
3997 3861
3997 3873
3997 4568
3206 3864
3206 4320
4511 4545
4532 4742
4074 3961
4074 4275
4074 4613
3275 4296
3273 4478
3340 4409
4361 4239
4361 4319
4390 4568
4495 4671
4671 4613
3881 3900
4239 4319
4085 3919
4085 4535
4724 4258
4724 4654
4037 3961
4287 4311
4051 3940
3843 4003
3900 3882
4018 4545
