0 32
0 93
0 103
0 140
0 198
32 103
32 140
32 161
32 190
32 326
32 4958
93 86
93 140
93 161
93 190
93 201
93 265
93 550
93 897
103 86
103 110
103 138
103 190
103 321
103 1514
103 3074
140 14
140 82
140 110
140 138
140 294
140 331
140 751
140 4918
198 14
198 58
198 75
198 82
198 110
198 129
198 138
198 161
198 190
198 322
198 1677
198 3803
198 4571
1 4
1 142
1 242
1 287
1 293
1 3156
1 4266
4 139
4 142
4 175
4 287
4 321
4 3415
142 11
142 102
142 111
142 174
142 287
142 296
142 1278
142 1718
142 4289
242 21
242 28
242 33
242 139
242 148
242 158
242 175
242 178
242 191
242 206
242 263
242 287
242 310
242 322
242 851
242 2568
242 3622
242 4375
287 28
287 33
287 78
287 79
287 80
287 111
287 131
287 139
287 148
287 150
287 158
287 174
287 175
287 178
287 191
287 206
287 230
287 246
287 256
287 264
287 270
287 300
287 311
287 325
287 331
287 1478
287 1511
287 1586
287 2597
287 2640
287 2652
287 3269
287 4328
293 72
293 121
293 123
293 137
293 159
293 168
293 188
293 190
293 194
293 213
293 220
293 223
293 228
293 239
293 251
293 255
293 266
293 279
293 295
293 296
293 301
293 307
293 308
293 315
293 317
293 319
293 322
293 326
293 328
293 329
293 330
293 331
293 1428
293 1732
293 2645
293 3073
293 3440
293 3827
293 4307
293 4892
3156 155
3156 845
3156 1711
3156 1741
3156 1998
3156 2842
3156 2877
3156 2893
3156 2917
3156 2918
3156 2925
3156 2932
3156 2949
3156 2969
3156 2985
3156 2990
3156 2992
3156 2999
3156 3006
3156 3022
3156 3028
3156 3030
3156 3035
3156 3036
3156 3044
3156 3045
3156 3069
3156 3077
3156 3085
3156 3100
3156 3107
3156 3117
3156 3119
3156 3125
3156 3127
3156 3145
3156 3146
3156 3150
3156 3155
3156 3157
3156 3160
3156 3163
3156 3165
3156 3166
3156 3167
3156 4480
3156 4514
3156 4863
4266 292
4266 1668
4266 1731
4266 2747
4266 3112
4266 3650
4266 3655
4266 3670
4266 3708
4266 3742
4266 3819
4266 3840
4266 3936
4266 3942
4266 4044
4266 4092
4266 4095
4266 4263
4266 4265
4266 4281
4266 4290
4266 4293
4266 4299
4266 4332
4266 4356
4266 4357
4266 4367
4266 4374
4266 4376
4266 4389
2 44
2 60
2 298
2 320
2 323
2 327
2 3058
44 192
44 319
44 325
44 328
44 331
44 3060
60 99
60 124
60 151
60 185
60 272
60 330
60 3784
298 24
298 77
298 114
298 134
298 146
298 154
298 183
298 187
298 202
298 203
298 204
298 209
298 215
298 216
298 223
298 229
298 236
298 249
298 257
298 266
298 268
298 273
298 277
298 286
298 302
298 304
298 305
298 308
298 318
298 320
298 323
298 325
298 327
298 328
298 1109
298 1435
298 1733
298 1870
298 3586
298 4251
298 4295
298 4925
320 13
320 24
320 29
320 34
320 35
320 43
320 61
320 71
320 76
320 77
320 92
320 114
320 118
320 125
320 133
320 134
320 136
320 146
320 152
320 161
320 168
320 183
320 185
320 187
320 197
320 199
320 204
320 205
320 209
320 215
320 221
320 223
320 224
320 229
320 232
320 236
320 246
320 248
320 249
320 257
320 259
320 263
320 268
320 271
320 273
320 276
320 278
320 288
320 297
320 302
320 303
320 305
320 318
320 323
320 324
320 327
320 328
320 723
320 1727
320 2489
320 2610
320 2640
320 2698
320 2757
320 3050
320 3057
320 3814
320 4147
320 4358
320 4370
320 4669
320 4753
323 13
323 19
323 35
323 36
323 43
323 49
323 61
323 63
323 71
323 76
323 81
323 84
323 89
323 106
323 133
323 134
323 141
323 146
323 152
323 154
323 168
323 183
323 187
323 188
323 197
323 199
323 204
323 205
323 209
323 215
323 219
323 221
323 223
323 224
323 226
323 229
323 231
323 232
323 236
323 249
323 257
323 264
323 268
323 273
323 276
323 277
323 278
323 295
323 300
323 302
323 303
323 305
323 309
323 311
323 318
323 324
323 325
323 327
323 725
323 773
323 783
323 836
323 1025
323 1717
323 1733
323 2549
323 2602
323 3006
323 4290
323 4349
323 4767
323 4845
323 4890
327 24
327 26
327 29
327 45
327 49
327 61
327 63
327 65
327 68
327 71
327 76
327 81
327 84
327 92
327 95
327 106
327 114
327 127
327 133
327 134
327 136
327 152
327 154
327 168
327 183
327 184
327 187
327 197
327 199
327 204
327 205
327 209
327 213
327 215
327 221
327 223
327 224
327 225
327 229
327 232
327 236
327 249
327 257
327 265
327 272
327 273
327 276
327 277
327 278
327 280
327 284
327 296
327 302
327 303
327 305
327 308
327 311
327 316
327 318
327 319
327 328
327 331
327 440
327 795
327 868
327 900
327 1419
327 1557
327 1564
327 1650
327 1651
327 2002
327 2649
327 3444
327 3726
327 4344
327 4611
327 4967
3058 1693
3058 2956
3058 3029
3058 3044
3058 3062
3058 3087
3058 3111
3058 3136
3058 3140
3058 3142
3058 3162
3058 3165
3058 3168
3058 4375
3 87
3 156
3 294
3 321
3 330
3 4199
3 4464
87 138
87 219
87 283
87 294
87 324
87 1346
87 3046
156 56
156 192
156 206
156 271
156 282
156 299
156 321
156 324
156 2051
156 2911
156 2959
294 19
294 43
294 57
294 59
294 96
294 135
294 143
294 145
294 150
294 164
294 192
294 193
294 208
294 237
294 240
294 248
294 261
294 262
294 263
294 282
294 286
294 289
294 291
294 300
294 311
294 314
294 321
294 322
294 324
294 330
294 789
294 859
294 924
294 1869
294 1932
294 3336
294 4731
294 4898
321 10
321 12
321 22
321 39
321 41
321 55
321 57
321 66
321 67
321 76
321 96
321 102
321 104
321 109
321 128
321 135
321 143
321 144
321 145
321 159
321 163
321 170
321 171
321 172
321 174
321 182
321 202
321 203
321 213
321 214
321 216
321 217
321 220
321 222
321 237
321 239
321 248
321 261
321 262
321 263
321 271
321 272
321 275
321 282
321 283
321 290
321 291
321 299
321 300
321 308
321 314
321 316
321 317
321 319
321 324
321 840
321 1467
321 2232
321 2512
321 2566
321 2588
321 2644
321 2807
321 3152
321 3313
321 3566
321 3742
321 4200
321 4326
321 4963
321 4996
330 7
330 20
330 25
330 36
330 38
330 40
330 50
330 53
330 64
330 67
330 75
330 100
330 114
330 117
330 121
330 128
330 149
330 152
330 153
330 157
330 165
330 167
330 176
330 180
330 188
330 193
330 194
330 201
330 211
330 213
330 220
330 227
330 229
330 240
330 241
330 247
330 252
330 253
330 254
330 256
330 258
330 259
330 262
330 265
330 266
330 270
330 272
330 276
330 279
330 280
330 282
330 284
330 295
330 296
330 301
330 307
330 308
330 309
330 311
330 312
330 315
330 316
330 317
330 318
330 319
330 322
330 325
330 326
330 328
330 329
330 331
330 908
330 1386
330 1402
330 1490
330 1606
330 1680
330 1749
330 2045
330 2594
330 3038
330 3060
330 3139
330 3463
330 4016
330 4023
330 4209
330 4321
330 4974
4199 1526
4199 2406
4199 3344
4199 3583
4199 3692
4199 3747
4199 3905
4199 4025
4199 4035
4199 4142
4199 4187
4199 4221
4199 4229
4199 4243
4199 4267
4199 4289
4199 4309
4199 4320
4199 4345
4199 4349
4199 4368
4199 4748
4464 4907
4464 4968
4464 4969
4464 4984
4464 4991
4464 4998
139 13
139 57
139 131
139 158
139 174
139 230
139 1506
139 3432
175 33
175 80
175 178
175 206
175 230
175 274
175 303
175 331
175 2572
175 3095
3415 41
3415 1619
3415 3215
3415 3260
3415 3269
3415 3277
3415 3306
3415 3344
3415 3379
3415 3380
3415 3384
3415 3394
3415 3403
3415 3405
3415 3406
3415 3416
3415 3432
3415 3435
3415 3440
3415 3458
3415 3459
3415 3460
3415 3465
3415 3466
3415 3473
3415 4345
3415 4406
5 92
5 220
5 292
5 322
5 331
5 856
5 3443
92 154
92 278
92 290
92 305
92 318
92 4397
220 269
220 309
220 311
220 316
220 318
220 319
220 325
220 326
220 329
220 331
220 2825
220 2857
220 4557
292 122
292 125
292 132
292 165
292 166
292 186
292 200
292 212
292 218
292 226
292 233
292 234
292 235
292 262
292 267
292 269
292 270
292 278
292 284
292 285
292 288
292 295
292 297
292 299
292 304
292 306
292 310
292 313
292 315
292 324
292 325
292 435
292 1630
292 3067
292 3450
292 4676
292 4762
292 4938
322 19
322 31
322 36
322 52
322 61
322 66
322 67
322 68
322 90
322 101
322 115
322 117
322 121
322 147
322 163
322 188
322 193
322 195
322 201
322 211
322 213
322 231
322 239
322 240
322 244
322 247
322 251
322 253
322 255
322 256
322 258
322 267
322 270
322 271
322 276
322 278
322 279
322 280
322 290
322 295
322 301
322 305
322 307
322 308
322 309
322 311
322 312
322 316
322 317
322 319
322 325
322 326
322 328
322 329
322 331
322 508
322 594
322 1144
322 1192
322 1389
322 1597
322 1701
322 2434
322 2543
322 3093
322 3125
322 3869
322 4609
322 4755
322 4950
331 7
331 25
331 51
331 52
331 54
331 56
331 58
331 64
331 65
331 72
331 75
331 77
331 84
331 85
331 90
331 101
331 104
331 115
331 116
331 117
331 118
331 119
331 123
331 128
331 133
331 153
331 157
331 167
331 176
331 179
331 184
331 189
331 194
331 201
331 204
331 211
331 213
331 217
331 225
331 227
331 239
331 241
331 247
331 251
331 252
331 254
331 264
331 265
331 266
331 270
331 278
331 279
331 280
331 286
331 295
331 296
331 301
331 303
331 305
331 307
331 308
331 312
331 316
331 317
331 318
331 319
331 325
331 326
331 328
331 329
331 480
331 744
331 798
331 901
331 1262
331 1570
331 1722
331 2263
331 2399
331 2645
331 2649
331 2871
331 3426
331 3645
331 4352
331 4395
331 4468
331 4516
331 4632
331 4804
856 630
856 673
856 714
856 716
856 723
856 748
856 761
856 775
856 786
856 791
856 815
856 824
856 829
856 837
856 842
856 844
856 845
856 850
856 852
856 853
856 866
856 867
856 871
856 873
856 879
856 886
856 887
856 899
856 1554
856 1740
856 3362
856 3471
856 4062
856 4375
3443 266
3443 329
3443 1289
3443 1588
3443 3175
3443 3185
3443 3187
3443 3195
3443 3205
3443 3214
3443 3218
3443 3234
3443 3246
3443 3267
3443 3268
3443 3281
3443 3284
3443 3314
3443 3315
3443 3321
3443 3322
3443 3328
3443 3352
3443 3354
3443 3362
3443 3400
3443 3401
3443 3421
3443 3422
3443 3427
3443 3430
3443 3437
3443 3451
3443 3457
3443 3463
3443 3469
3443 4248
3443 4372
3443 4456
6 91
6 169
6 180
6 199
6 244
6 281
6 4388
91 83
91 88
91 176
91 210
91 274
91 281
91 1788
91 3822
169 17
169 37
169 160
169 210
169 229
169 244
169 247
169 274
169 281
169 490
169 1637
169 4406
180 21
180 160
180 164
180 184
180 245
180 274
180 281
180 303
180 834
180 1682
180 1698
199 133
199 154
199 178
199 268
199 273
199 290
199 302
199 318
199 984
199 1641
199 2571
244 42
244 70
244 94
244 129
244 141
244 160
244 171
244 184
244 208
244 245
244 252
244 274
244 281
244 895
244 2737
244 3399
244 4311
281 17
281 21
281 37
281 42
281 46
281 70
281 83
281 85
281 88
281 94
281 110
281 129
281 135
281 141
281 145
281 195
281 210
281 217
281 229
281 245
281 274
281 318
281 1782
281 2818
281 3003
281 3422
281 3519
281 3782
281 4585
4388 874
4388 879
4388 974
4388 1556
4388 1875
4388 2063
4388 2064
4388 2409
4388 2554
4388 2732
4388 3146
4388 3436
4388 3500
4388 3524
4388 3526
4388 3533
4388 3543
4388 3589
4388 3601
4388 3643
4388 3652
4388 3665
4388 3753
4388 3758
4388 3775
4388 3783
4388 3793
4388 3833
4388 3837
4388 3848
4388 3855
4388 3864
4388 3908
4388 3925
4388 3930
4388 3964
4388 4019
4388 4046
4388 4078
4388 4099
4388 4145
4388 4163
4388 4177
4388 4183
4388 4186
4388 4193
4388 4201
4388 4207
4388 4220
4388 4237
4388 4244
4388 4262
4388 4263
4388 4280
4388 4313
4388 4318
4388 4331
4388 4351
4388 4359
4388 4360
4388 4363
4388 4378
4388 4386
4388 4396
4388 4401
4388 4402
4388 4403
4388 4404
4388 4405
4388 4897
4388 4941
7 96
7 250
7 326
7 329
7 4442
96 282
96 291
96 300
96 324
96 328
96 1034
250 19
250 101
250 187
250 202
250 237
250 243
250 261
250 283
250 286
250 290
250 291
250 299
250 300
250 314
250 324
250 594
250 1516
250 2762
250 2851
326 31
326 40
326 54
326 68
326 72
326 74
326 75
326 90
326 95
326 100
326 106
326 118
326 119
326 137
326 150
326 157
326 176
326 189
326 193
326 194
326 195
326 203
326 204
326 210
326 215
326 219
326 225
326 227
326 237
326 239
326 241
326 251
326 254
326 258
326 264
326 265
326 266
326 268
326 270
326 271
326 275
326 280
326 295
326 296
326 297
326 299
326 301
326 307
326 308
326 309
326 311
326 312
326 316
326 317
326 319
326 324
326 325
326 328
326 329
326 817
326 1538
326 1578
326 2471
326 2552
326 2613
326 2730
326 2790
326 2891
326 3669
326 3936
326 4274
326 4294
326 4510
326 4967
326 4968
329 20
329 29
329 38
329 52
329 53
329 58
329 64
329 65
329 67
329 68
329 72
329 75
329 107
329 109
329 115
329 116
329 119
329 121
329 128
329 130
329 136
329 167
329 182
329 193
329 195
329 201
329 209
329 211
329 212
329 219
329 221
329 225
329 227
329 228
329 240
329 241
329 247
329 253
329 254
329 255
329 256
329 258
329 266
329 274
329 280
329 285
329 295
329 296
329 300
329 302
329 306
329 307
329 308
329 309
329 311
329 312
329 313
329 316
329 317
329 318
329 319
329 324
329 325
329 328
329 485
329 852
329 864
329 1136
329 1585
329 1703
329 1792
329 2182
329 2287
329 2389
329 2822
329 2975
329 3309
329 3946
329 4362
329 4953
329 4987
4442 4681
4442 4906
4442 4923
4442 4954
4442 4965
4442 4970
8 288
8 297
8 310
8 312
8 313
8 315
8 3267
288 128
288 137
288 165
288 186
288 200
288 212
288 218
288 226
288 233
288 234
288 235
288 238
288 251
288 258
288 267
288 269
288 284
288 285
288 296
288 297
288 302
288 304
288 306
288 310
288 312
288 313
288 315
288 1186
288 2401
288 2841
288 3358
288 3715
288 3783
288 4396
288 4575
297 47
297 73
297 76
297 88
297 125
297 130
297 132
297 162
297 165
297 166
297 186
297 205
297 212
297 218
297 223
297 226
297 233
297 234
297 235
297 249
297 267
297 269
297 284
297 285
297 289
297 304
297 306
297 310
297 313
297 315
297 436
297 828
297 2064
297 2644
297 3064
297 4109
297 4780
297 4872
310 15
310 38
310 45
310 47
310 62
310 73
310 122
310 125
310 130
310 132
310 137
310 162
310 165
310 166
310 173
310 186
310 200
310 211
310 212
310 218
310 226
310 233
310 234
310 235
310 237
310 259
310 260
310 265
310 267
310 269
310 283
310 284
310 285
310 304
310 305
310 306
310 311
310 313
310 315
310 1223
310 2106
310 2300
310 2770
310 3087
310 3184
310 3284
310 3396
310 3870
310 4043
310 4717
312 36
312 75
312 111
312 116
312 121
312 147
312 154
312 157
312 181
312 188
312 191
312 193
312 195
312 201
312 236
312 241
312 252
312 253
312 255
312 258
312 265
312 270
312 271
312 276
312 289
312 295
312 296
312 299
312 301
312 308
312 309
312 311
312 316
312 317
312 319
312 325
312 328
312 569
312 1503
312 2834
312 2935
312 3236
312 3467
312 3858
312 4377
312 4379
312 4782
312 4808
312 4970
313 9
313 10
313 15
313 18
313 45
313 47
313 62
313 73
313 115
313 122
313 130
313 132
313 137
313 162
313 165
313 166
313 186
313 200
313 202
313 212
313 218
313 226
313 229
313 233
313 234
313 235
313 257
313 267
313 269
313 284
313 285
313 303
313 304
313 306
313 307
313 308
313 315
313 317
313 325
313 877
313 1752
313 2592
313 3150
313 3158
313 4288
313 4300
313 4347
313 4352
313 4670
313 4759
313 4994
315 9
315 15
315 18
315 45
315 47
315 62
315 73
315 122
315 124
315 125
315 130
315 132
315 137
315 162
315 165
315 166
315 186
315 200
315 212
315 218
315 219
315 226
315 233
315 234
315 235
315 238
315 249
315 258
315 266
315 267
315 269
315 284
315 285
315 286
315 296
315 302
315 304
315 306
315 309
315 1715
315 1901
315 2124
315 2856
315 2946
315 3148
315 3455
315 3467
315 4126
315 4622
315 4787
315 4945
3267 1213
3267 3328
3267 3354
3267 3437
3267 3451
3267 3454
3267 3467
9 211
9 304
9 306
9 3027
9 3457
211 126
211 176
211 307
211 309
211 319
211 328
211 419
211 664
211 3767
304 15
304 74
304 122
304 125
304 130
304 132
304 137
304 162
304 166
304 186
304 200
304 212
304 218
304 226
304 228
304 233
304 234
304 235
304 237
304 262
304 267
304 269
304 282
304 284
304 285
304 299
304 306
304 316
304 325
304 1488
304 1724
304 1755
304 1764
304 2435
304 3236
304 3286
304 4284
304 4346
306 18
306 51
306 62
306 72
306 123
306 125
306 130
306 137
306 158
306 162
306 166
306 186
306 200
306 212
306 218
306 226
306 227
306 233
306 234
306 235
306 257
306 263
306 267
306 269
306 284
306 285
306 300
306 319
306 779
306 1464
306 1582
306 1666
306 1759
306 3381
306 3772
306 4236
306 4288
306 4926
3027 1762
3027 2605
3027 3053
3027 3056
3027 3131
3027 3151
3027 3152
3027 3158
3027 3162
3027 3163
3027 3164
3457 611
3457 1081
3457 1563
3457 1630
3457 2551
3457 2794
3457 2847
3457 3128
3457 3192
3457 3269
3457 3300
3457 3302
3457 3316
3457 3320
3457 3339
3457 3350
3457 3351
3457 3363
3457 3364
3457 3369
3457 3378
3457 3389
3457 3391
3457 3398
3457 3409
3457 3410
3457 3417
3457 3421
3457 3426
3457 3433
3457 3434
3457 3437
3457 3441
3457 3444
3457 3446
3457 3447
3457 3449
3457 3451
3457 3456
3457 3461
3457 3464
3457 3467
3457 3469
3457 3471
3457 3472
3457 3473
3457 3474
3457 4807
10 208
10 299
10 314
10 324
10 3139
208 113
208 261
208 282
208 286
208 290
208 295
208 300
208 314
208 324
208 1629
208 2819
208 2993
299 19
299 39
299 41
299 48
299 122
299 143
299 144
299 145
299 159
299 164
299 171
299 202
299 217
299 223
299 236
299 240
299 261
299 262
299 263
299 271
299 275
299 282
299 286
299 289
299 305
299 314
299 324
299 380
299 861
299 1538
299 2309
299 2538
299 2971
299 3936
299 4434
299 4645
314 22
314 38
314 48
314 53
314 57
314 90
314 102
314 143
314 144
314 151
314 159
314 160
314 164
314 170
314 172
314 202
314 203
314 214
314 216
314 217
314 222
314 241
314 248
314 261
314 263
314 264
314 271
314 282
314 283
314 284
314 286
314 289
314 290
314 291
314 295
314 300
314 301
314 316
314 324
314 328
314 972
314 1763
314 1845
314 1972
314 2058
314 2863
314 2906
314 3452
314 3491
314 4024
314 4059
314 4768
324 22
324 39
324 41
324 48
324 55
324 57
324 59
324 102
324 109
324 116
324 117
324 120
324 135
324 144
324 164
324 168
324 170
324 171
324 172
324 182
324 192
324 194
324 202
324 203
324 214
324 216
324 217
324 221
324 222
324 237
324 248
324 261
324 262
324 263
324 268
324 270
324 271
324 275
324 282
324 283
324 286
324 289
324 290
324 291
324 300
324 311
324 317
324 328
324 1161
324 1558
324 1638
324 1959
324 2336
324 2504
324 2686
324 2787
324 3975
324 4280
324 4352
324 4376
324 4556
324 4801
324 4856
324 4911
3139 614
3139 1006
3139 1977
3139 2525
3139 2871
3139 2892
3139 2907
3139 2916
3139 2919
3139 2988
3139 2989
3139 3004
3139 3015
3139 3051
3139 3060
3139 3066
3139 3081
3139 3084
3139 3085
3139 3087
3139 3088
3139 3092
3139 3106
3139 3129
3139 3130
3139 3135
3139 3136
3139 3140
3139 3142
3139 3147
3139 3149
3139 3159
3139 3168
3139 4317
11 79
11 158
11 191
11 289
11 4399
11 4710
79 78
79 80
79 131
79 162
79 308
79 2062
158 130
158 148
158 150
158 230
158 317
158 623
158 4329
191 78
191 111
191 148
191 203
191 206
191 207
191 230
191 1162
191 3019
191 4262
289 22
289 55
289 59
289 109
289 129
289 145
289 164
289 182
289 192
289 203
289 216
289 222
289 262
289 263
289 271
289 275
289 277
289 283
289 291
289 300
289 301
289 307
289 311
289 857
289 1071
289 1409
289 1623
289 1933
289 2623
289 4269
289 4309
4399 613
4399 901
4399 1066
4399 1589
4399 1741
4399 1757
4399 1927
4399 2470
4399 2637
4399 2697
4399 2822
4399 2840
4399 3092
4399 3115
4399 3430
4399 3475
4399 3486
4399 3494
4399 3528
4399 3559
4399 3560
4399 3570
4399 3577
4399 3608
4399 3626
4399 3642
4399 3651
4399 3660
4399 3682
4399 3690
4399 3716
4399 3746
4399 3773
4399 3778
4399 3813
4399 3822
4399 3831
4399 3860
4399 3868
4399 3886
4399 3913
4399 3976
4399 3982
4399 3985
4399 3987
4399 4020
4399 4040
4399 4051
4399 4108
4399 4124
4399 4140
4399 4148
4399 4152
4399 4157
4399 4177
4399 4204
4399 4209
4399 4212
4399 4220
4399 4239
4399 4241
4399 4248
4399 4249
4399 4251
4399 4257
4399 4297
4399 4305
4399 4312
4399 4313
4399 4316
4399 4329
4399 4334
4399 4338
4399 4340
4399 4341
4399 4347
4399 4357
4399 4362
4399 4365
4399 4369
4399 4376
4399 4381
4399 4386
4399 4395
4399 4397
4399 4400
4399 4404
4399 4716
4399 4990
4710 1974
4710 4274
4710 4699
4710 4777
4710 4815
4710 4838
4710 4845
4710 4873
4710 4884
4710 4908
4710 4932
4710 4944
12 46
12 275
12 300
12 317
12 1017
12 1465
46 89
46 160
46 274
46 4287
46 4890
275 22
275 23
275 102
275 104
275 109
275 143
275 216
275 245
275 247
275 263
275 276
275 282
275 283
275 290
275 291
275 300
275 325
275 769
275 2813
275 3419
275 4260
275 4332
275 4938
300 55
300 66
300 86
300 114
300 144
300 145
300 164
300 171
300 172
300 202
300 203
300 214
300 218
300 222
300 248
300 262
300 271
300 282
300 283
300 290
300 308
300 328
300 532
300 585
300 1001
300 1639
300 1793
300 1812
300 2965
300 3172
300 4206
317 17
317 31
317 51
317 52
317 54
317 95
317 128
317 153
317 157
317 166
317 167
317 188
317 194
317 209
317 213
317 214
317 227
317 239
317 240
317 245
317 247
317 252
317 253
317 254
317 255
317 256
317 258
317 266
317 270
317 273
317 278
317 280
317 283
317 285
317 301
317 307
317 308
317 309
317 311
317 316
317 319
317 328
317 602
317 1387
317 1505
317 1537
317 1681
317 1710
317 1967
317 2515
317 2647
317 3133
317 3905
317 4225
317 4272
1017 1306
1017 1477
1017 1677
1017 1740
1017 1757
1017 1763
1017 4909
1465 1420
1465 1453
1465 1454
1465 1511
1465 1671
1465 1716
1465 1718
1465 1728
1465 1731
1465 1742
1465 1743
1465 1745
1465 1750
1465 1762
1465 3185
1465 3587
13 224
13 236
13 251
13 2858
224 206
224 221
224 235
224 257
224 276
224 291
224 302
224 303
224 318
224 352
224 610
224 3967
224 4295
236 119
236 183
236 187
236 268
236 277
236 301
236 303
236 305
236 318
236 1152
236 2624
236 4640
251 133
251 146
251 147
251 202
251 270
251 295
251 296
251 307
251 309
251 319
251 325
251 894
251 2033
251 2130
251 2579
2858 1217
2858 1714
2858 2017
2858 2050
2858 2051
2858 2578
2858 2650
2858 2672
2858 2678
2858 2680
2858 2681
2858 2686
2858 2687
2858 2688
2858 2692
2858 2698
2858 2701
2858 2707
2858 2710
2858 2711
2858 2714
2858 2720
2858 2723
2858 2727
2858 2734
2858 2735
2858 2737
2858 2745
2858 2752
2858 2763
2858 2770
2858 2772
2858 2773
2858 2776
2858 2782
2858 2783
2858 2784
2858 2788
2858 2794
2858 2801
2858 2802
2858 2806
2858 2810
2858 2812
2858 2818
2858 2819
2858 2821
2858 2822
2858 2825
2858 2826
2858 2828
2858 2832
2858 2833
2858 2838
2858 2840
2858 2842
2858 2844
2858 2845
2858 2850
2858 2851
2858 2852
2858 2856
2858 2857
2858 2859
2858 2860
2858 2861
2858 2862
2858 2863
2858 3168
2858 3260
2858 3274
2858 4310
2858 4436
2858 4701
2858 4910
2858 4943
14 138
14 190
14 193
14 3054
14 4263
138 23
138 45
138 82
138 218
138 1712
138 4430
190 23
190 82
190 86
190 161
190 171
190 328
190 1622
190 3830
193 262
193 295
193 319
193 328
193 1743
193 1848
193 4380
3054 1236
3054 1837
3054 2919
3054 3033
3054 3085
3054 3095
3054 3116
3054 3124
3054 3137
3054 3141
3054 3143
3054 3145
3054 3164
4263 270
4263 827
4263 1606
4263 1744
4263 2928
4263 3466
4263 3719
4263 3824
4263 3833
4263 3836
4263 3868
4263 3978
4263 4046
4263 4186
4263 4214
4263 4225
4263 4244
4263 4318
4263 4337
4263 4346
4263 4350
4263 4359
4263 4360
4263 4378
4263 4396
4263 4401
4263 4402
4263 4403
15 301
15 2035
15 3548
301 52
301 54
301 62
301 74
301 81
301 177
301 195
301 209
301 225
301 252
301 253
301 254
301 256
301 266
301 270
301 273
301 279
301 280
301 307
301 308
301 309
301 311
301 316
301 319
301 325
301 328
301 1617
301 1692
301 3441
301 3459
301 3476
301 4385
301 4394
301 4508
301 4947
2035 886
2035 1468
2035 1671
2035 1791
2035 1798
2035 1838
2035 1850
2035 1852
2035 1883
2035 1891
2035 1922
2035 1926
2035 1940
2035 1953
2035 1971
2035 1986
2035 2008
2035 2025
2035 2031
2035 2037
2035 2038
2035 2044
2035 2049
2035 2052
2035 2054
2035 2059
2035 2060
2035 2062
2035 2063
2035 2064
2035 2065
2035 2066
2035 3061
2035 3254
2035 3424
2035 3470
3548 3516
3548 3817
3548 3821
3548 4047
3548 4283
3548 4970
16 149
16 163
16 177
16 196
16 231
16 303
16 1727
149 207
149 227
149 228
149 231
149 238
149 243
149 460
149 4185
149 4990
163 50
163 98
163 105
163 228
163 231
163 238
163 243
163 2386
163 2785
177 105
177 120
177 228
177 231
177 238
177 243
177 257
177 273
177 3734
177 4210
177 4970
196 27
196 98
196 108
196 118
196 181
196 207
196 228
196 231
196 238
196 319
196 1715
196 2334
196 4032
231 50
231 69
231 108
231 207
231 238
231 241
231 243
231 2514
231 3690
231 4394
231 4907
303 29
303 56
303 63
303 65
303 71
303 81
303 97
303 106
303 133
303 135
303 146
303 152
303 197
303 204
303 205
303 209
303 221
303 256
303 257
303 268
303 273
303 276
303 277
303 302
303 305
303 316
303 318
303 680
303 1142
303 1452
303 1705
303 1760
303 2032
303 2422
303 3915
303 4345
1727 491
1727 902
1727 951
1727 958
1727 976
1727 998
1727 1000
1727 1006
1727 1090
1727 1109
1727 1118
1727 1124
1727 1126
1727 1146
1727 1178
1727 1179
1727 1201
1727 1204
1727 1218
1727 1267
1727 1277
1727 1312
1727 1324
1727 1350
1727 1363
1727 1468
1727 1471
1727 1480
1727 1498
1727 1521
1727 1529
1727 1546
1727 1566
1727 1583
1727 1587
1727 1609
1727 1616
1727 1628
1727 1633
1727 1636
1727 1641
1727 1651
1727 1666
1727 1690
1727 1696
1727 1699
1727 1732
1727 1734
1727 1735
1727 1737
1727 2518
1727 2710
1727 2782
1727 2889
1727 3472
1727 3650
1727 3938
1727 4159
1727 4986
17 88
17 160
17 253
17 3162
88 210
88 245
88 274
88 4132
160 83
160 94
160 184
160 325
160 893
160 3093
253 31
253 67
253 132
253 240
253 267
253 276
253 309
253 311
253 325
253 328
253 885
253 1581
253 4973
253 4981
3162 261
3162 538
3162 559
3162 621
3162 877
3162 1569
3162 2859
3162 2879
3162 2900
3162 2938
3162 2952
3162 2953
3162 2954
3162 2957
3162 2961
3162 2964
3162 2982
3162 2991
3162 2994
3162 2996
3162 3000
3162 3011
3162 3020
3162 3037
3162 3038
3162 3043
3162 3050
3162 3051
3162 3063
3162 3079
3162 3083
3162 3086
3162 3090
3162 3092
3162 3098
3162 3099
3162 3104
3162 3107
3162 3110
3162 3115
3162 3120
3162 3129
3162 3130
3162 3133
3162 3134
3162 3147
3162 3148
3162 3154
3162 3164
3162 3167
3162 4210
3162 4505
3162 4943
18 284
18 318
18 1216
18 4277
284 51
284 70
284 73
284 162
284 165
284 186
284 200
284 218
284 226
284 234
284 235
284 240
284 267
284 269
284 285
284 319
284 525
284 901
284 1723
284 2298
284 2476
284 2601
284 2840
284 4286
318 24
318 27
318 29
318 43
318 49
318 77
318 84
318 95
318 106
318 121
318 127
318 134
318 136
318 152
318 168
318 183
318 187
318 197
318 204
318 205
318 209
318 215
318 221
318 223
318 226
318 229
318 232
318 249
318 252
318 257
318 268
318 273
318 276
318 277
318 278
318 280
318 302
318 305
318 311
318 561
318 1618
318 1675
318 1941
318 3037
318 3066
318 3115
318 3144
318 3302
318 3547
318 4625
318 4942
318 4980
1216 1215
1216 1321
1216 1397
1216 1456
1216 1661
1216 1711
1216 1726
1216 1761
1216 4969
4277 610
4277 1524
4277 1842
4277 2615
4277 3114
4277 3664
4277 3673
4277 3676
4277 3679
4277 3717
4277 3723
4277 3842
4277 3863
4277 3873
4277 3875
4277 3880
4277 3926
4277 4019
4277 4028
4277 4060
4277 4113
4277 4185
4277 4227
4277 4229
4277 4233
4277 4245
4277 4252
4277 4286
4277 4342
4277 4349
4277 4387
4277 4940
19 283
19 844
283 135
283 161
283 170
283 182
283 214
283 216
283 217
283 243
283 262
283 263
283 282
283 286
283 290
283 291
283 309
283 311
283 319
283 901
283 1518
283 1745
283 2628
283 2776
283 3131
283 4907
844 709
844 747
844 806
844 830
844 837
844 848
844 855
844 865
844 870
844 881
844 882
844 885
844 888
844 889
844 892
844 893
844 894
844 896
844 897
844 898
844 899
844 900
844 901
844 1186
844 1994
844 4375
844 4665
844 4883
20 118
20 204
20 325
20 328
20 2838
118 279
118 307
118 328
118 615
118 1534
204 273
204 302
204 305
204 2049
204 2648
204 3829
325 25
325 30
325 51
325 58
325 90
325 99
325 101
325 107
325 115
325 116
325 117
325 119
325 121
325 123
325 128
325 174
325 189
325 194
325 213
325 219
325 234
325 239
325 240
325 241
325 247
325 252
325 254
325 255
325 256
325 265
325 266
325 270
325 274
325 280
325 282
325 285
325 286
325 295
325 296
325 308
325 309
325 311
325 316
325 319
325 328
325 432
325 1858
325 2353
325 2402
325 2473
325 2594
325 2860
325 2874
325 3359
325 3407
325 3463
325 4142
325 4345
325 4463
325 4691
325 4912
325 4998
328 36
328 53
328 56
328 58
328 68
328 72
328 95
328 112
328 116
328 117
328 119
328 128
328 147
328 153
328 154
328 157
328 162
328 167
328 176
328 181
328 188
328 194
328 195
328 225
328 227
328 235
328 239
328 240
328 241
328 248
328 255
328 256
328 265
328 266
328 278
328 279
328 282
328 296
328 305
328 307
328 309
328 311
328 316
328 319
328 642
328 800
328 825
328 839
328 855
328 1441
328 2155
328 2560
328 2638
328 2860
328 2862
328 3149
328 3151
328 4119
328 4294
328 4383
328 4798
2838 194
2838 557
2838 2630
2838 2695
2838 2701
2838 2707
2838 2724
2838 2728
2838 2738
2838 2760
2838 2780
2838 2810
2838 2811
2838 2818
2838 2820
2838 2821
2838 2823
2838 2825
2838 2832
2838 2833
2838 2834
2838 2836
2838 2837
2838 2840
2838 2841
2838 2845
2838 2848
2838 2850
2838 2851
2838 2852
2838 2856
2838 2857
2838 2859
2838 2861
2838 3050
2838 3128
2838 4384
2838 4712
21 245
21 274
21 1428
21 2502
245 42
245 89
245 129
245 141
245 184
245 210
245 246
245 274
245 277
245 838
245 1712
245 2258
245 4498
274 70
274 83
274 85
274 89
274 94
274 107
274 121
274 129
274 141
274 210
274 569
274 1279
274 1600
274 1845
274 2053
274 3448
1428 975
1428 1097
1428 1343
1428 1383
1428 1391
1428 1489
1428 1510
1428 1516
1428 1528
1428 1595
1428 1598
1428 1668
1428 4151
2502 1899
2502 2080
2502 2090
2502 2095
2502 2104
2502 2170
2502 2248
2502 2253
2502 2424
2502 2486
2502 2516
2502 2518
2502 2527
2502 2528
2502 2555
2502 2595
2502 2627
2502 3434
2502 4850
22 83
22 1689
83 141
83 148
83 515
1689 382
1689 609
1689 941
1689 943
1689 958
1689 1024
1689 1051
1689 1056
1689 1173
1689 1315
1689 1348
1689 1368
1689 1393
1689 1469
1689 1478
1689 1530
1689 1576
1689 1600
1689 1606
1689 1643
1689 1645
1689 1651
1689 1664
1689 1670
1689 1681
1689 1695
1689 1704
1689 1707
1689 1708
1689 1714
1689 1733
1689 1741
1689 1746
1689 1751
1689 1761
1689 1765
1689 2648
1689 3164
1689 4327
1689 4665
1689 4704
1689 4909
23 110
23 161
23 863
23 3719
110 82
110 86
110 887
110 1482
161 82
161 86
161 94
161 727
161 4390
863 628
863 751
863 782
863 798
863 807
863 810
863 815
863 820
863 850
863 853
863 870
863 872
863 875
863 878
863 881
863 885
863 887
863 888
863 891
863 892
863 893
863 894
863 895
863 896
863 897
863 898
863 899
863 900
863 901
863 1262
863 1304
863 1520
863 1572
863 2492
863 4339
863 4992
3719 1062
3719 3579
3719 3969
3719 4351
3719 4363
3719 4396
24 54
24 278
24 2832
54 100
54 2163
54 4994
278 26
278 35
278 84
278 127
278 133
278 168
278 215
278 223
278 232
278 268
278 273
278 305
278 308
278 413
278 1740
278 2183
278 2406
278 2577
278 2796
2832 311
2832 467
2832 2050
2832 2546
2832 2664
2832 2665
2832 2738
2832 2746
2832 2758
2832 2765
2832 2783
2832 2793
2832 2794
2832 2800
2832 2803
2832 2815
2832 2818
2832 2819
2832 2820
2832 2823
2832 2825
2832 2840
2832 2844
2832 2847
2832 2852
2832 2855
2832 2856
2832 2857
2832 2861
2832 2862
2832 3421
2832 4359
2832 4940
25 63
25 122
25 308
25 4233
63 256
63 305
63 1686
63 1929
122 269
122 2785
122 4393
308 38
308 77
308 85
308 101
308 124
308 147
308 189
308 219
308 222
308 240
308 241
308 247
308 252
308 255
308 258
308 266
308 270
308 279
308 280
308 295
308 296
308 307
308 311
308 316
308 319
308 1098
308 1724
308 1988
308 2064
308 2065
308 2623
308 2638
308 3070
308 3262
308 4251
308 4886
4233 892
4233 1637
4233 2054
4233 3635
4233 3664
4233 3673
4233 3676
4233 3679
4233 3723
4233 3739
4233 3771
4233 3840
4233 3842
4233 3873
4233 3880
4233 3926
4233 4039
4233 4223
4233 4227
4233 4245
4233 4286
4233 4368
4233 4376
4233 4933
26 117
26 267
26 276
26 305
26 852
117 280
117 2147
117 3455
267 223
267 269
267 285
267 302
267 558
267 2048
267 2621
267 3763
267 3948
276 35
276 81
276 187
276 197
276 209
276 221
276 228
276 257
276 268
276 273
276 302
276 305
276 533
276 623
276 702
276 1495
276 1616
276 3965
305 41
305 49
305 71
305 78
305 84
305 114
305 146
305 187
305 200
305 205
305 209
305 215
305 223
305 229
305 232
305 257
305 273
305 277
305 302
305 307
305 648
305 1358
305 1359
305 1764
305 2489
305 2990
305 3143
305 3470
305 3824
852 296
852 631
852 666
852 688
852 783
852 791
852 799
852 810
852 815
852 819
852 829
852 837
852 845
852 850
852 853
852 860
852 866
852 867
852 871
852 873
852 879
852 882
852 885
852 886
852 887
852 891
852 896
852 2034
852 2107
852 3607
852 4661
27 105
27 108
27 181
27 243
27 2049
105 120
105 207
105 238
105 263
105 4392
105 4814
108 228
108 238
108 277
108 319
108 4356
108 4637
181 69
181 98
181 120
181 153
181 207
181 228
181 243
181 535
181 4952
243 50
243 69
243 98
243 120
243 151
243 168
243 207
243 238
243 623
243 3537
243 4303
243 4400
2049 568
2049 899
2049 1083
2049 1101
2049 1510
2049 1777
2049 1827
2049 1842
2049 1843
2049 1850
2049 1862
2049 1867
2049 1870
2049 1872
2049 1900
2049 1936
2049 1937
2049 1940
2049 1963
2049 1973
2049 1977
2049 1984
2049 1986
2049 1992
2049 1994
2049 2004
2049 2012
2049 2014
2049 2020
2049 2021
2049 2027
2049 2031
2049 2038
2049 2039
2049 2043
2049 2044
2049 2050
2049 2052
2049 2056
2049 2059
2049 2060
2049 2063
2049 2064
2049 2065
2049 2066
2049 2989
2049 4298
2049 4815
28 174
28 230
28 279
28 1100
28 4363
174 131
174 178
174 206
174 230
174 2165
174 2626
174 3382
230 148
230 150
230 178
230 189
230 195
230 225
230 311
230 4102
230 4235
230 4270
230 4281
279 80
279 101
279 111
279 215
279 218
279 241
279 252
279 255
279 266
279 280
279 302
279 307
279 309
279 311
279 319
279 1757
279 2018
279 2623
279 3543
279 3771
279 4097
1100 1306
1100 1312
1100 1570
1100 1673
1100 1729
1100 1736
1100 1744
1100 1752
4363 255
4363 316
4363 319
4363 1090
4363 1780
4363 2020
4363 2178
4363 2576
4363 2814
4363 3380
4363 3507
4363 3601
4363 3622
4363 3630
4363 3689
4363 3703
4363 3714
4363 3734
4363 3799
4363 3855
4363 3874
4363 3889
4363 3899
4363 3908
4363 3964
4363 3972
4363 3984
4363 3998
4363 4046
4363 4120
4363 4134
4363 4145
4363 4146
4363 4163
4363 4186
4363 4201
4363 4207
4363 4230
4363 4244
4363 4254
4363 4280
4363 4296
4363 4317
4363 4318
4363 4334
4363 4349
4363 4350
4363 4351
4363 4360
4363 4378
4363 4394
4363 4396
4363 4398
4363 4401
4363 4402
4363 4403
4363 4796
29 302
29 2815
302 49
302 76
302 134
302 146
302 154
302 168
302 187
302 192
302 197
302 205
302 215
302 219
302 221
302 229
302 239
302 265
302 268
302 273
302 277
302 1637
302 1697
302 1936
302 2632
302 3702
302 4239
302 4370
302 4381
302 4723
302 4945
2815 848
2815 1748
2815 2668
2815 2671
2815 2703
2815 2719
2815 2725
2815 2727
2815 2734
2815 2780
2815 2784
2815 2800
2815 2817
2815 2826
2815 2841
2815 2844
2815 2855
2815 2856
2815 2857
2815 2860
2815 2861
2815 3881
30 246
30 259
30 260
30 264
30 272
30 539
246 97
246 99
246 126
246 151
246 155
246 173
246 179
246 254
246 259
246 260
246 264
246 272
246 1131
246 1255
246 2480
246 2624
259 34
259 97
259 112
259 113
259 124
259 126
259 151
259 173
259 179
259 233
259 260
259 264
259 272
259 1611
259 1714
259 2468
259 4114
260 31
260 34
260 99
260 112
260 113
260 126
260 151
260 173
260 179
260 185
260 249
260 264
260 272
260 282
260 295
260 1382
260 2770
260 2921
260 4393
264 34
264 97
264 99
264 112
264 124
264 126
264 155
264 173
264 179
264 185
264 272
264 1523
264 2797
264 3140
264 4174
264 4393
272 34
272 36
272 97
272 99
272 112
272 113
272 124
272 126
272 155
272 173
272 179
272 185
272 200
272 214
272 1711
272 1745
272 2284
272 4810
272 4957
539 373
539 390
539 399
539 403
539 421
539 439
539 440
539 462
539 466
539 478
539 492
539 511
539 527
539 534
539 551
539 603
539 4849
539 4852
31 53
31 424
53 145
53 309
53 4201
424 354
424 428
424 480
424 585
424 601
424 618
424 621
424 622
424 1739
4958 576
4958 1167
4958 1345
4958 2548
4958 2610
4958 3141
4958 3166
4958 3242
4958 3466
4958 4420
4958 4517
4958 4584
4958 4599
4958 4606
4958 4611
4958 4633
4958 4636
4958 4676
4958 4721
4958 4760
4958 4762
4958 4767
4958 4771
4958 4774
4958 4783
4958 4788
4958 4811
4958 4885
4958 4886
4958 4895
4958 4896
4958 4909
4958 4910
4958 4915
4958 4917
4958 4935
4958 4936
4958 4944
4958 4948
4958 4951
4958 4964
4958 4967
4958 4968
4958 4971
4958 4977
4958 4979
4958 4987
4958 4989
4958 4998
33 80
33 233
33 768
33 4359
80 144
80 206
80 4322
233 143
233 183
233 269
233 285
233 605
233 612
233 2930
233 4856
768 773
768 796
768 830
768 835
768 843
768 851
768 862
768 869
768 875
768 880
768 4845
4359 992
4359 1233
4359 1691
4359 1803
4359 2589
4359 2885
4359 3450
4359 3507
4359 3520
4359 3533
4359 3537
4359 3569
4359 3643
4359 3645
4359 3703
4359 3748
4359 3799
4359 3808
4359 3824
4359 3833
4359 3899
4359 3904
4359 3906
4359 3972
4359 4034
4359 4042
4359 4064
4359 4099
4359 4120
4359 4186
4359 4190
4359 4193
4359 4207
4359 4214
4359 4215
4359 4230
4359 4237
4359 4244
4359 4254
4359 4270
4359 4280
4359 4339
4359 4350
4359 4351
4359 4360
4359 4373
4359 4378
4359 4392
4359 4396
4359 4401
4359 4402
4359 4403
4359 4805
4359 4906
34 126
34 3164
126 266
126 826
126 4067
3164 223
3164 1455
3164 1601
3164 1715
3164 2065
3164 2630
3164 2869
3164 2877
3164 2884
3164 2902
3164 2905
3164 2935
3164 2971
3164 2974
3164 3013
3164 3016
3164 3017
3164 3023
3164 3032
3164 3047
3164 3055
3164 3056
3164 3057
3164 3064
3164 3067
3164 3068
3164 3072
3164 3091
3164 3096
3164 3097
3164 3102
3164 3103
3164 3118
3164 3121
3164 3125
3164 3126
3164 3130
3164 3131
3164 3134
3164 3141
3164 3146
3164 3150
3164 3151
3164 3152
3164 3153
3164 3155
3164 3157
3164 3158
3164 3159
3164 3161
3164 3166
3164 3333
3164 3679
3164 3825
3164 4406
35 188
35 601
35 3981
188 201
188 282
188 319
188 1645
188 2369
188 4402
601 335
601 337
601 355
601 439
601 479
601 488
601 501
601 505
601 514
601 530
601 536
601 543
601 553
601 561
601 563
601 569
601 571
601 572
601 577
601 581
601 588
601 599
601 600
601 604
601 609
601 612
601 613
601 615
601 618
601 619
601 621
601 622
601 1223
601 1737
601 2596
601 2618
601 2774
601 3174
601 3436
601 4066
3981 803
3981 1602
3981 3944
3981 3999
3981 4101
3981 4193
3981 4218
3981 4284
3981 4293
3981 4299
3981 4367
3981 4374
36 2424
2424 2088
2424 2170
2424 2210
2424 2427
2424 2518
2424 2527
2424 2528
2424 2538
2424 2555
2424 2571
2424 2645
2424 4110
37 94
37 141
37 235
37 4325
37 4449
94 127
94 184
94 532
141 85
141 164
141 1008
141 2415
235 164
235 269
235 285
235 1159
235 1499
235 1857
235 1957
4325 248
4325 496
4325 910
4325 1315
4325 1760
4325 2198
4325 2835
4325 3683
4325 3728
4325 3731
4325 3977
4325 3979
4325 4075
4325 4114
4325 4164
4325 4167
4325 4172
4325 4181
4325 4216
4325 4231
4325 4236
4325 4268
4325 4271
4325 4296
4325 4299
4325 4300
4325 4309
4325 4310
4325 4315
4325 4344
4325 4355
4325 4361
4325 4365
4325 4366
4325 4368
4325 4370
4325 4377
4325 4379
4325 4387
4325 4390
4325 4395
4325 4397
4325 4402
4325 4404
4325 4928
4449 4871
4449 4933
4449 4952
4449 4959
4449 4992
4449 4993
38 319
38 3697
319 62
319 64
319 74
319 95
319 109
319 123
319 147
319 153
319 167
319 178
319 189
319 201
319 219
319 225
319 227
319 232
319 237
319 239
319 254
319 255
319 258
319 261
319 266
319 269
319 270
319 280
319 290
319 295
319 296
319 309
319 311
319 316
319 1232
319 1631
319 1977
319 2085
319 2652
319 2853
319 2984
319 3455
319 3456
319 4130
319 4635
319 4950
319 4992
3697 2277
3697 4024
3697 4314
3697 4328
3697 4337
3697 4375
3697 4382
39 271
39 280
39 286
39 3942
271 59
271 66
271 100
271 135
271 222
271 248
271 282
271 290
271 311
271 894
271 1224
271 2009
271 3151
271 3916
271 4991
280 107
280 115
280 144
280 219
280 225
280 232
280 256
280 290
280 295
280 309
280 1477
280 3949
280 4348
280 4400
280 4404
280 4906
280 4971
286 104
286 165
286 170
286 171
286 172
286 192
286 201
286 214
286 217
286 227
286 237
286 248
286 255
286 261
286 263
286 290
286 291
286 898
286 1115
286 1650
286 2585
286 3008
286 3579
286 4675
3942 165
3942 3887
3942 4218
3942 4284
3942 4290
3942 4299
3942 4367
3942 4374
3942 4389
3942 4403
40 185
40 277
40 295
40 296
40 4000
185 66
185 124
185 151
185 155
185 179
185 1591
185 1734
185 2014
277 61
277 99
277 106
277 114
277 116
277 183
277 223
277 229
277 232
277 257
277 268
277 273
277 660
277 872
277 1672
277 2812
277 4765
277 4992
295 55
295 147
295 189
295 197
295 201
295 222
295 239
295 254
295 258
295 266
295 270
295 296
295 309
295 311
295 316
295 678
295 820
295 1763
295 1992
295 2242
295 2426
295 2845
295 4978
296 75
296 101
296 131
296 166
296 167
296 219
296 222
296 239
296 258
296 265
296 266
296 270
296 291
296 307
296 309
296 311
296 316
296 1362
296 2048
296 2589
296 2607
296 2609
296 3085
296 3672
296 4370
4000 3591
4000 3609
4000 3825
4000 3852
4000 3878
4000 3961
4000 4072
4000 4114
4000 4129
4000 4313
4000 4367
4000 4601
41 282
41 307
282 48
282 159
282 216
282 217
282 237
282 238
282 248
282 263
282 290
282 514
282 562
282 1342
282 1443
282 1645
282 1763
282 4221
307 64
307 146
307 155
307 189
307 194
307 213
307 225
307 226
307 227
307 240
307 241
307 254
307 256
307 265
307 268
307 290
307 291
307 309
307 311
307 316
307 1147
307 1266
307 1413
307 1742
307 2001
307 4061
307 4082
307 4619
307 4666
307 4976
42 167
42 210
42 268
42 4403
167 219
167 316
167 1762
167 3462
210 89
210 184
210 205
210 316
210 720
210 1311
210 2806
268 65
268 127
268 168
268 232
268 241
268 248
268 378
268 734
268 1762
268 2006
268 4395
4403 736
4403 1029
4403 1429
4403 1501
4403 1530
4403 1686
4403 1715
4403 1807
4403 2269
4403 2417
4403 2582
4403 2642
4403 2824
4403 2906
4403 2939
4403 3484
4403 3500
4403 3533
4403 3534
4403 3537
4403 3538
4403 3556
4403 3576
4403 3589
4403 3601
4403 3622
4403 3678
4403 3734
4403 3739
4403 3758
4403 3784
4403 3793
4403 3808
4403 3824
4403 3833
4403 3836
4403 3837
4403 3848
4403 3881
4403 3889
4403 3899
4403 3906
4403 3949
4403 3972
4403 3976
4403 3984
4403 4002
4403 4046
4403 4057
4403 4064
4403 4077
4403 4086
4403 4134
4403 4142
4403 4145
4403 4154
4403 4163
4403 4171
4403 4186
4403 4193
4403 4201
4403 4207
4403 4214
4403 4230
4403 4237
4403 4239
4403 4244
4403 4254
4403 4280
4403 4318
4403 4321
4403 4334
4403 4350
4403 4351
4403 4356
4403 4360
4403 4375
4403 4378
4403 4379
4403 4395
4403 4396
4403 4401
4403 4402
4403 4406
4403 4412
4403 4522
4403 4931
43 249
43 3410
43 4193
249 127
249 136
249 146
249 189
249 221
249 232
249 273
249 1738
249 2642
249 3311
249 3330
3410 608
3410 1218
3410 1699
3410 1953
3410 2414
3410 3329
3410 3340
3410 3398
3410 3426
3410 3427
3410 3434
3410 3444
3410 3447
3410 3449
3410 3450
3410 3461
3410 3464
3410 3466
3410 3467
3410 3469
3410 3471
3410 3472
3410 3473
3410 3474
4193 1649
4193 2558
4193 2617
4193 3881
4193 4183
4193 4191
4193 4214
4193 4217
4193 4243
4193 4318
4193 4351
4193 4360
4193 4378
4193 4396
4193 4401
4193 4402
4193 4982
192 102
192 170
192 263
192 266
192 2552
192 4168
192 4929
3060 2478
3060 3009
3060 3019
3060 3072
3060 3101
3060 3120
3060 3125
3060 3130
3060 3140
3060 3142
3060 3149
3060 3168
45 285
45 4279
285 61
285 113
285 137
285 166
285 172
285 173
285 200
285 212
285 218
285 226
285 234
285 269
285 291
285 1560
285 1798
285 2074
285 2692
285 4661
285 4788
285 4971
4279 1517
4279 1680
4279 2558
4279 3163
4279 3453
4279 3572
4279 3606
4279 3790
4279 3814
4279 3846
4279 3849
4279 3898
4279 3946
4279 3947
4279 4029
4279 4104
4279 4124
4279 4149
4279 4242
4279 4258
4279 4261
4279 4272
4279 4306
4279 4316
4279 4321
4279 4326
4279 4331
4279 4342
4279 4358
4279 4373
4279 4385
4279 4794
89 129
89 254
89 2410
4287 593
4287 675
4287 872
4287 1616
4287 3483
4287 3497
4287 3563
4287 3615
4287 3663
4287 3695
4287 3698
4287 3705
4287 3713
4287 3760
4287 3882
4287 3894
4287 3897
4287 3960
4287 3989
4287 4021
4287 4027
4287 4063
4287 4098
4287 4110
4287 4125
4287 4188
4287 4224
4287 4241
4287 4259
4287 4275
4287 4324
4287 4386
4287 4795
4287 4912
4890 745
4890 2643
4890 3360
4890 4517
4890 4543
4890 4569
4890 4570
4890 4578
4890 4591
4890 4601
4890 4628
4890 4632
4890 4679
4890 4706
4890 4724
4890 4735
4890 4770
4890 4786
4890 4821
4890 4892
4890 4901
4890 4913
4890 4933
4890 4959
4890 4966
4890 4974
47 64
47 291
47 4252
64 4247
64 4373
291 143
291 144
291 153
291 170
291 171
291 202
291 214
291 217
291 222
291 227
291 237
291 247
291 248
291 261
291 262
291 290
291 966
291 1765
291 1779
291 2098
291 2565
291 2848
291 4147
291 4612
4252 1021
4252 1632
4252 1952
4252 2057
4252 3215
4252 3862
4252 3891
4252 4018
4252 4079
4252 4121
4252 4143
4252 4232
4252 4250
4252 4274
4252 4302
4252 4305
4252 4307
4252 4338
4252 4348
4252 4351
4252 4354
4252 4360
4252 4372
4252 4394
4252 4405
4252 4406
4252 4407
48 172
48 186
48 2754
48 2840
172 194
172 222
172 237
172 240
172 2575
172 4310
186 90
186 824
186 980
186 1537
2754 2604
2754 2728
2754 2758
2754 2800
2754 2809
2754 2811
2754 2853
2754 2854
2754 2855
2754 2862
2754 2863
2840 593
2840 2012
2840 2634
2840 2655
2840 2669
2840 2670
2840 2673
2840 2690
2840 2704
2840 2722
2840 2749
2840 2762
2840 2765
2840 2793
2840 2794
2840 2799
2840 2802
2840 2805
2840 2806
2840 2808
2840 2809
2840 2812
2840 2817
2840 2819
2840 2823
2840 2841
2840 2844
2840 2847
2840 2850
2840 2851
2840 2856
2840 2857
2840 2859
2840 2862
2840 4392
2840 4555
49 78
49 311
49 4039
78 178
78 900
78 2506
311 67
311 90
311 100
311 107
311 157
311 176
311 213
311 225
311 227
311 240
311 252
311 254
311 256
311 265
311 309
311 316
311 1297
311 1682
311 1710
311 1863
311 2066
311 2469
311 2540
311 3047
311 3815
311 4112
4039 619
4039 1747
4039 3490
4039 3498
4039 3814
4039 3839
4039 3943
4039 4012
4039 4023
4039 4038
4039 4123
4039 4240
50 119
50 228
50 238
50 4566
119 316
119 1065
119 2872
228 69
228 98
228 207
228 238
228 2094
228 2244
228 3892
238 159
238 207
238 813
238 2581
238 3348
238 4432
4566 4605
4566 4904
4566 4914
4566 4923
4566 4924
4566 4937
4566 4954
4566 4965
51 316
51 3739
51 4989
316 55
316 56
316 82
316 100
316 104
316 107
316 116
316 123
316 143
316 195
316 201
316 213
316 221
316 225
316 232
316 247
316 252
316 255
316 265
316 266
316 270
316 309
316 775
316 826
316 1241
316 1563
316 1751
316 1966
316 3080
316 4300
316 4390
316 4975
3739 2611
3739 3875
3739 3992
3739 4185
3739 4245
3739 4286
4989 675
4989 850
4989 1605
4989 1680
4989 1730
4989 1750
4989 1989
4989 2017
4989 2047
4989 2312
4989 2317
4989 2733
4989 4283
4989 4309
4989 4417
4989 4420
4989 4428
4989 4445
4989 4448
4989 4467
4989 4482
4989 4490
4989 4498
4989 4505
4989 4517
4989 4544
4989 4560
4989 4584
4989 4597
4989 4599
4989 4604
4989 4606
4989 4610
4989 4611
4989 4633
4989 4636
4989 4639
4989 4656
4989 4666
4989 4681
4989 4683
4989 4686
4989 4687
4989 4692
4989 4695
4989 4703
4989 4760
4989 4762
4989 4764
4989 4771
4989 4773
4989 4774
4989 4782
4989 4783
4989 4788
4989 4811
4989 4869
4989 4885
4989 4886
4989 4892
4989 4896
4989 4902
4989 4909
4989 4910
4989 4917
4989 4923
4989 4935
4989 4948
4989 4951
4989 4967
4989 4971
4989 4975
4989 4977
4989 4978
4989 4979
4989 4987
52 214
52 1880
52 3318
214 182
214 216
214 270
214 1153
214 2592
214 3411
1880 1953
1880 2014
1880 2023
1880 2054
1880 2057
1880 2058
1880 2061
1880 2062
1880 3405
3318 2384
3318 3189
3318 3249
3318 3333
3318 3340
3318 3347
3318 3357
3318 3386
3318 3419
3318 3448
3318 3456
3318 4367
145 170
145 290
145 1649
145 1994
309 59
309 71
309 95
309 153
309 176
309 182
309 183
309 200
309 206
309 219
309 234
309 241
309 247
309 252
309 254
309 258
309 261
309 270
309 1686
309 1746
309 2426
309 2474
309 2612
309 2636
309 3840
309 4209
309 4247
309 4330
309 4768
4201 1624
4201 1673
4201 2590
4201 4064
4201 4145
4201 4187
4201 4197
4201 4230
4201 4254
4201 4318
4201 4351
4201 4355
4201 4360
4201 4377
4201 4378
4201 4390
4201 4396
4201 4401
4201 4402
100 219
100 2063
100 2237
2163 837
2163 2143
2163 2262
2163 2497
2163 2546
2163 2569
2163 2594
4994 130
4994 405
4994 620
4994 866
4994 1945
4994 2317
4994 2809
4994 2945
4994 3143
4994 3355
4994 3418
4994 3848
4994 4025
4994 4143
4994 4372
4994 4391
4994 4429
4994 4435
4994 4465
4994 4531
4994 4554
4994 4561
4994 4570
4994 4571
4994 4583
4994 4596
4994 4599
4994 4617
4994 4635
4994 4650
4994 4656
4994 4659
4994 4678
4994 4679
4994 4682
4994 4696
4994 4698
4994 4701
4994 4709
4994 4711
4994 4720
4994 4725
4994 4726
4994 4734
4994 4742
4994 4749
4994 4758
4994 4767
4994 4768
4994 4775
4994 4780
4994 4781
4994 4794
4994 4799
4994 4805
4994 4829
4994 4837
4994 4839
4994 4854
4994 4855
4994 4858
4994 4861
4994 4864
4994 4866
4994 4900
4994 4902
4994 4911
4994 4929
4994 4938
4994 4943
4994 4950
4994 4953
4994 4957
4994 4961
4994 4963
4994 4968
4994 4969
4994 4971
4994 4972
4994 4973
4994 4974
4994 4981
4994 4982
4994 4983
4994 4985
4994 4986
4994 4988
4994 4991
4994 4997
4994 4998
55 1276
55 4854
1276 1414
1276 1558
1276 1592
1276 1621
1276 1671
1276 1675
1276 1718
1276 1731
1276 3142
1276 4984
4854 758
4854 1752
4854 2274
4854 3745
4854 4770
4854 4781
4854 4798
4854 4844
4854 4866
4854 4947
4854 4948
4854 4960
4854 4961
4854 4968
4854 4972
4854 4982
4854 4986
4854 4988
4854 4998
4854 4999
56 265
56 845
56 1799
265 155
265 157
265 195
265 213
265 227
265 594
265 1956
265 2445
265 2602
265 2821
845 667
845 775
845 779
845 786
845 815
845 817
845 829
845 837
845 843
845 850
845 853
845 866
845 867
845 871
845 873
845 879
845 881
845 886
845 887
845 891
845 892
845 894
845 896
845 2560
845 2863
845 3535
845 4355
1799 1895
1799 1897
1799 2017
1799 2025
1799 2040
1799 2048
57 72
57 2795
57 4327
72 870
2795 1415
2795 2723
2795 2735
2795 2766
2795 2772
2795 2792
2795 2793
2795 2800
2795 2828
2795 2834
2795 2835
2795 2853
2795 2854
2795 2855
2795 2860
2795 2862
2795 3117
2795 4378
4327 344
4327 896
4327 914
4327 1663
4327 1918
4327 2026
4327 2800
4327 3521
4327 3624
4327 3648
4327 3666
4327 3685
4327 3688
4327 3695
4327 3787
4327 3901
4327 3950
4327 3966
4327 4052
4327 4059
4327 4073
4327 4078
4327 4083
4327 4107
4327 4152
4327 4154
4327 4179
4327 4200
4327 4206
4327 4234
4327 4247
4327 4249
4327 4267
4327 4273
4327 4278
4327 4295
4327 4340
4327 4341
4327 4346
4327 4369
4327 4377
4327 4378
4327 4386
4327 4393
4327 4634
58 234
58 716
58 3539
234 147
234 269
234 1603
234 2065
234 4227
234 4302
716 818
716 866
716 879
716 886
716 887
716 893
716 1468
3539 3486
3539 4292
3539 4302
3539 4391
3539 4405
3539 4545
59 290
59 1008
59 4972
290 104
290 127
290 159
290 182
290 197
290 202
290 216
290 222
290 237
290 261
290 262
290 355
290 841
290 1500
290 2400
290 2448
290 4334
290 4963
1008 1488
1008 1633
1008 1636
1008 1690
1008 1734
1008 1737
4972 761
4972 992
4972 1190
4972 1376
4972 1394
4972 2643
4972 2922
4972 3589
4972 3997
4972 4320
4972 4395
4972 4433
4972 4462
4972 4491
4972 4510
4972 4522
4972 4570
4972 4650
4972 4682
4972 4684
4972 4695
4972 4704
4972 4709
4972 4722
4972 4742
4972 4749
4972 4781
4972 4798
4972 4799
4972 4805
4972 4827
4972 4837
4972 4845
4972 4855
4972 4856
4972 4858
4972 4866
4972 4897
4972 4900
4972 4908
4972 4911
4972 4929
4972 4947
4972 4953
4972 4961
4972 4963
4972 4969
4972 4973
4972 4974
4972 4978
4972 4981
4972 4982
4972 4986
4972 4988
4972 4991
4972 4992
4972 4998
4972 4999
99 996
99 1489
124 179
124 1963
124 4579
151 155
151 255
151 1682
151 4360
3784 2338
3784 3709
3784 4084
3784 4175
3784 4335
3784 4353
3784 4398
61 136
61 2557
136 73
136 229
136 4368
136 4947
2557 1681
2557 2113
2557 2219
2557 2224
2557 2233
2557 2234
2557 2242
2557 2312
2557 2338
2557 2350
2557 2366
2557 2387
2557 2410
2557 2433
2557 2436
2557 2467
2557 2498
2557 2507
2557 2519
2557 2536
2557 2540
2557 2588
2557 2598
2557 2646
2557 4232
2557 4323
2557 4395
62 832
62 4829
832 641
832 642
832 645
832 657
832 695
832 727
832 742
832 755
832 764
832 785
832 787
832 800
832 803
832 825
832 838
832 880
832 883
832 892
832 2599
832 4221
832 4411
832 4983
4829 1532
4829 1550
4829 1761
4829 4460
4829 4548
4829 4740
4829 4768
4829 4881
4829 4947
4829 4961
4829 4969
4829 4974
4829 4977
4829 4982
4829 4986
4829 4988
4829 4991
4829 4998
256 182
256 189
256 247
256 252
256 869
256 1178
256 2481
256 2548
1686 911
1686 914
1686 1094
1686 1245
1686 1269
1686 1330
1686 1376
1686 1403
1686 1420
1686 1513
1686 1531
1686 1538
1686 1560
1686 1616
1686 1617
1686 1622
1686 1626
1686 1631
1686 1640
1686 1661
1686 1670
1686 1682
1686 1687
1686 1693
1686 1701
1686 1711
1686 1720
1686 1726
1686 1738
1686 1755
1686 1761
1686 1764
1686 1765
1686 2709
1686 2764
1686 4029
1686 4129
1686 4349
1929 1824
1929 1912
1929 1988
1929 2023
1929 2027
1929 2052
1929 2057
1929 2058
1929 2060
1929 2061
1929 2062
1929 2528
4247 2056
4247 3100
4247 3931
4247 3987
4247 4029
4247 4073
4247 4096
4247 4107
4247 4133
4247 4151
4247 4152
4247 4179
4247 4202
4247 4234
4247 4258
4247 4278
4247 4295
4247 4340
4247 4341
4247 4346
4247 4369
4247 4373
4247 4375
4247 4393
4247 4792
4247 4959
4373 551
4373 828
4373 1001
4373 1244
4373 1410
4373 1631
4373 1667
4373 1745
4373 2261
4373 2552
4373 2862
4373 3492
4373 3511
4373 3531
4373 3543
4373 3585
4373 3589
4373 3624
4373 3627
4373 3631
4373 3643
4373 3648
4373 3666
4373 3688
4373 3724
4373 3743
4373 3787
4373 3830
4373 3867
4373 3892
4373 3900
4373 3901
4373 3921
4373 3966
4373 4052
4373 4057
4373 4059
4373 4073
4373 4078
4373 4083
4373 4096
4373 4107
4373 4115
4373 4133
4373 4152
4373 4179
4373 4200
4373 4234
4373 4250
4373 4278
4373 4295
4373 4298
4373 4340
4373 4341
4373 4346
4373 4348
4373 4369
4373 4393
4373 4395
4373 4401
4373 4592
65 205
65 2900
65 4254
205 215
205 216
205 1667
205 3889
205 4316
2900 2971
2900 3110
2900 3133
2900 3134
2900 3652
4254 737
4254 2621
4254 3036
4254 3052
4254 3165
4254 3665
4254 3810
4254 3852
4254 3858
4254 3906
4254 3930
4254 4002
4254 4103
4254 4186
4254 4230
4254 4236
4254 4256
4254 4318
4254 4336
4254 4350
4254 4351
4254 4387
4254 4401
4254 4402
66 109
66 216
66 1627
109 635
109 4155
216 68
216 1418
216 1697
216 2014
1627 252
1627 1004
1627 1030
1627 1082
1627 1139
1627 1147
1627 1336
1627 1354
1627 1366
1627 1442
1627 1486
1627 1515
1627 1537
1627 1565
1627 1578
1627 1585
1627 1599
1627 1601
1627 1635
1627 1637
1627 1666
1627 1677
1627 1712
1627 1758
1627 1867
1627 2062
1627 3432
1627 4021
67 487
67 1366
487 338
487 515
487 559
487 562
487 598
487 599
487 602
487 605
487 608
487 617
487 2120
487 4365
1366 932
1366 1048
1366 1168
1366 1279
1366 1374
1366 1511
1366 1550
1366 1585
1366 1599
1366 1759
1366 3741
1366 4940
68 1064
68 3094
1064 1096
1064 1485
1064 1592
1064 1632
1064 1700
1064 1724
1064 2458
3094 1748
3094 1763
3094 2490
3094 2910
3094 2917
3094 2926
3094 2963
3094 2980
3094 2993
3094 3002
3094 3003
3094 3018
3094 3067
3094 3073
3094 3078
3094 3090
3094 3105
3094 3109
3094 3123
3094 3132
69 115
69 120
69 880
69 2601
115 254
115 1651
115 1850
120 207
120 226
120 1751
120 1931
880 624
880 633
880 638
880 651
880 660
880 662
880 664
880 665
880 674
880 681
880 683
880 692
880 697
880 722
880 729
880 738
880 763
880 769
880 773
880 777
880 778
880 779
880 782
880 792
880 794
880 796
880 809
880 820
880 825
880 826
880 830
880 835
880 842
880 851
880 862
880 869
880 870
880 876
880 895
880 896
880 900
880 901
880 1015
880 1652
880 1747
880 2020
880 2419
880 2630
880 2691
880 4299
880 4997
2601 614
2601 2068
2601 2158
2601 2172
2601 2200
2601 2242
2601 2257
2601 2311
2601 2313
2601 2404
2601 2434
2601 2442
2601 2480
2601 2489
2601 2495
2601 2517
2601 2542
2601 2550
2601 2556
2601 2562
2601 2573
2601 2591
2601 2593
2601 2596
2601 2608
2601 2611
2601 2623
2601 2624
2601 2627
2601 2628
2601 2634
2601 2636
2601 2637
2601 2640
2601 2643
2601 2649
2601 3051
2601 3406
2601 3452
2601 3685
2601 4326
2601 4899
70 129
70 184
70 263
70 1525
129 1664
129 4637
184 85
184 201
184 1731
184 2039
184 3562
263 182
263 248
263 262
263 898
263 1722
263 2027
263 2505
263 3474
1525 960
1525 1237
1525 1288
1525 1365
1525 1394
1525 1461
1525 1576
1525 1597
1525 1615
1525 1629
1525 1659
1525 1685
1525 1688
1525 1720
1525 1722
1525 1740
1525 3036
1525 3069
1525 4407
71 247
71 531
247 74
247 225
247 1543
247 1736
247 1894
247 2798
531 379
531 383
531 435
531 445
531 464
531 468
531 479
531 480
531 485
531 542
531 556
531 583
531 586
531 587
531 606
531 3360
531 4741
870 258
870 676
870 745
870 755
870 793
870 797
870 827
870 828
870 842
870 849
870 855
870 860
870 872
870 875
870 877
870 878
870 879
870 881
870 882
870 883
870 888
870 890
870 891
870 892
870 894
870 895
870 896
870 897
870 898
870 899
870 900
870 901
870 3328
870 3462
870 3762
870 4103
870 4154
870 4376
870 4952
73 4028
73 4385
4028 1594
4028 1711
4028 3717
4028 3825
4028 3846
4028 3863
4028 4060
4028 4185
4028 4227
4028 4245
4028 4286
4028 4404
4385 1613
4385 1718
4385 2044
4385 2442
4385 2519
4385 2553
4385 2584
4385 2843
4385 3105
4385 3109
4385 3477
4385 3483
4385 3509
4385 3562
4385 3572
4385 3606
4385 3630
4385 3659
4385 3669
4385 3675
4385 3684
4385 3686
4385 3689
4385 3695
4385 3730
4385 3751
4385 3798
4385 3803
4385 3814
4385 3839
4385 3846
4385 3849
4385 3864
4385 3895
4385 3907
4385 3924
4385 3947
4385 3951
4385 3971
4385 3983
4385 4015
4385 4029
4385 4087
4385 4100
4385 4104
4385 4109
4385 4151
4385 4166
4385 4217
4385 4242
4385 4258
4385 4261
4385 4272
4385 4283
4385 4289
4385 4306
4385 4321
4385 4326
4385 4331
4385 4342
4385 4343
4385 4352
4385 4358
4385 4364
4385 4401
4385 4773
4385 4880
4385 4987
74 258
74 3001
74 3390
258 178
258 270
258 273
258 337
258 1763
258 3009
258 3646
3001 1694
3001 3000
3001 3046
3001 3104
3001 3114
3001 3122
3001 3131
3001 3151
3001 3152
3001 3163
3390 2723
3390 2823
3390 3044
3390 3173
3390 3217
3390 3235
3390 3315
3390 3319
3390 3332
3390 3340
3390 3341
3390 3343
3390 3349
3390 3393
3390 3402
3390 3411
3390 3413
3390 3431
3390 3439
3390 3456
75 1974
1974 1794
1974 1847
1974 1849
1974 1888
1974 1904
1974 1912
1974 1931
1974 1964
1974 1966
1974 1987
1974 2017
1974 2019
1974 2065
1974 2820
1974 4404
76 215
76 570
215 157
215 1260
215 2060
215 4313
570 339
570 344
570 354
570 358
570 384
570 418
570 434
570 441
570 447
570 455
570 465
570 507
570 511
570 557
570 561
570 562
570 566
570 573
570 575
570 576
570 584
570 603
570 619
570 2025
570 2535
570 2834
570 4788
77 232
77 1306
77 4686
232 194
232 209
232 1099
232 1234
232 4396
1306 637
1306 1500
1306 1626
1306 1678
1306 1694
1306 1740
1306 1745
1306 1757
1306 4196
4686 166
4686 170
4686 4552
4686 4742
4686 4878
4686 4909
4686 4917
4686 4977
4686 4979
4686 4987
178 150
178 206
178 587
178 3168
900 602
900 628
900 631
900 650
900 653
900 654
900 666
900 672
900 678
900 696
900 726
900 728
900 730
900 732
900 757
900 758
900 764
900 765
900 772
900 784
900 789
900 794
900 795
900 797
900 798
900 799
900 805
900 810
900 813
900 814
900 818
900 819
900 821
900 825
900 826
900 828
900 831
900 836
900 839
900 840
900 841
900 842
900 843
900 846
900 849
900 850
900 855
900 858
900 862
900 864
900 865
900 866
900 868
900 872
900 874
900 875
900 878
900 881
900 882
900 883
900 885
900 886
900 888
900 889
900 890
900 891
900 892
900 893
900 894
900 895
900 896
900 897
900 898
900 899
900 901
900 1378
900 1546
900 2039
900 2056
900 2401
900 2637
900 4023
900 4050
900 4164
900 4329
900 4346
900 4404
900 4719
900 4739
900 4834
900 4910
900 4955
2506 2110
2506 2139
2506 2146
2506 2196
2506 2232
2506 2259
2506 2309
2506 2373
2506 2419
2506 2441
2506 2460
2506 2482
2506 2490
2506 2563
2506 2572
2506 2605
2506 2635
2506 2974
2506 4386
2506 4999
131 111
131 147
131 150
131 2375
131 3163
162 835
162 3781
162 4376
2062 399
2062 567
2062 1157
2062 1426
2062 1647
2062 1746
2062 1762
2062 1769
2062 1776
2062 1779
2062 1784
2062 1802
2062 1803
2062 1833
2062 1835
2062 1839
2062 1844
2062 1846
2062 1852
2062 1854
2062 1857
2062 1859
2062 1865
2062 1867
2062 1873
2062 1882
2062 1884
2062 1896
2062 1914
2062 1936
2062 1940
2062 1943
2062 1946
2062 1948
2062 1949
2062 1951
2062 1957
2062 1960
2062 1961
2062 1965
2062 1983
2062 1985
2062 1988
2062 1989
2062 1990
2062 1999
2062 2004
2062 2012
2062 2023
2062 2024
2062 2026
2062 2027
2062 2031
2062 2032
2062 2039
2062 2052
2062 2054
2062 2057
2062 2058
2062 2061
2062 2063
2062 2064
2062 2065
2062 2066
2062 3256
2062 3325
2062 3471
2062 3473
2062 4161
2062 4378
2062 4865
144 203
144 1743
144 2055
206 111
206 148
206 2219
206 2987
206 3906
4322 610
4322 888
4322 1651
4322 1734
4322 1756
4322 3343
4322 3427
4322 3480
4322 3504
4322 3505
4322 3515
4322 3517
4322 3519
4322 3573
4322 3603
4322 3646
4322 3710
4322 3724
4322 3744
4322 3815
4322 3818
4322 3904
4322 3905
4322 3934
4322 3959
4322 3963
4322 3978
4322 3983
4322 4033
4322 4110
4322 4156
4322 4169
4322 4191
4322 4196
4322 4235
4322 4255
4322 4285
4322 4291
4322 4300
4322 4310
4322 4315
4322 4323
4322 4340
4322 4725
81 221
81 386
81 3114
221 197
221 1349
221 2851
221 4993
386 426
386 458
386 461
386 540
386 615
386 616
386 1997
3114 580
3114 2911
3114 2971
3114 2978
3114 3024
3114 3049
3114 3055
3114 3078
3114 3103
3114 3109
3114 3111
3114 3125
3114 3128
3114 3131
3114 3150
3114 3152
3114 3153
3114 3158
3114 3159
3114 3160
3114 3161
3114 3168
3114 3499
3114 4379
82 2064
2064 262
2064 605
2064 619
2064 1767
2064 1768
2064 1793
2064 1808
2064 1812
2064 1823
2064 1837
2064 1842
2064 1843
2064 1855
2064 1872
2064 1873
2064 1883
2064 1887
2064 1892
2064 1894
2064 1897
2064 1899
2064 1901
2064 1903
2064 1907
2064 1913
2064 1922
2064 1926
2064 1935
2064 1941
2064 1942
2064 1945
2064 1946
2064 1947
2064 1953
2064 1955
2064 1959
2064 1971
2064 1973
2064 1978
2064 1982
2064 1986
2064 1987
2064 1992
2064 1993
2064 1995
2064 1997
2064 1998
2064 2000
2064 2003
2064 2004
2064 2008
2064 2011
2064 2014
2064 2015
2064 2018
2064 2020
2064 2021
2064 2033
2064 2034
2064 2037
2064 2038
2064 2044
2064 2048
2064 2056
2064 2058
2064 2059
2064 2060
2064 2061
2064 2063
2064 2065
2064 2066
2064 2572
2064 2614
2064 2641
2064 3083
2064 3467
2064 4106
2064 4240
2064 4365
2064 4551
2064 4965
148 150
148 179
148 3816
148 4678
515 449
515 476
515 504
515 525
515 547
515 590
515 598
515 605
515 607
515 609
515 617
515 622
515 1451
515 4302
84 3414
84 3991
3414 1445
3414 1524
3414 1916
3414 3215
3414 3241
3414 3290
3414 3294
3414 3311
3414 3341
3414 3362
3414 3375
3414 3376
3414 3377
3414 3383
3414 3384
3414 3392
3414 3419
3414 3421
3414 3429
3414 3436
3414 3440
3414 3445
3414 3453
3414 3454
3414 3458
3414 3792
3414 3837
3991 1159
3991 1758
3991 3674
3991 3952
3991 4013
3991 4014
3991 4021
3991 4041
3991 4071
3991 4093
3991 4112
3991 4270
85 3822
85 4155
3822 3943
3822 4209
3822 4365
3822 4381
3822 4386
3822 4400
3822 4406
4155 589
4155 618
4155 3602
4155 3668
4155 3674
4155 3732
4155 3755
4155 3850
4155 4013
4155 4014
4155 4021
4155 4071
4155 4093
4155 4112
4155 4220
4155 4347
4155 4350
4155 4387
86 1059
86 3141
1059 598
1059 1313
1059 1435
1059 1528
1059 1679
1059 1738
1059 1758
3141 898
3141 2447
3141 2887
3141 2901
3141 2909
3141 2915
3141 2922
3141 2938
3141 2941
3141 2943
3141 2947
3141 2966
3141 2968
3141 2973
3141 2976
3141 2981
3141 3009
3141 3033
3141 3039
3141 3052
3141 3055
3141 3078
3141 3089
3141 3116
3141 3124
3141 3137
3141 3143
3141 3145
3141 3157
3141 3217
3141 4190
3141 4335
219 2633
219 2860
219 2977
1346 504
1346 1526
1346 1535
1346 1571
1346 1573
1346 1618
1346 1620
1346 1621
1346 1731
1346 1743
1346 1752
1346 1762
3046 586
3046 2871
3046 3003
3046 3006
3046 3131
3046 3146
3046 3155
3046 3158
3046 3159
3046 3161
3046 3163
4132 685
4132 2050
4132 3108
4132 3565
4132 3586
4132 3658
4132 3759
4132 4004
4132 4049
4132 4055
4132 4066
4132 4067
4132 4118
4132 4136
4132 4141
4132 4295
4132 4406
254 217
254 273
254 1172
254 1667
254 2282
254 4328
2410 2138
2410 2153
2410 2189
2410 2219
2410 2324
2410 2433
2410 2467
2410 2519
2410 2582
2410 2588
2410 2648
2410 4381
90 3266
90 4273
3266 3183
3266 3408
3266 3439
3266 3446
3266 3465
3266 3466
3266 3468
3266 4234
4273 1418
4273 1717
4273 1741
4273 2843
4273 3281
4273 3484
4273 3621
4273 3688
4273 3844
4273 3927
4273 3952
4273 3998
4273 4056
4273 4057
4273 4109
4273 4146
4273 4180
4273 4202
4273 4239
4273 4262
4273 4264
4273 4285
4273 4294
4273 4296
4273 4304
4273 4319
4273 4357
4273 4364
4273 4392
4273 4893
176 98
176 159
176 240
176 3930
176 4456
1788 1766
1788 1838
1788 1933
1788 1998
1788 2000
1788 2016
154 257
154 1863
154 3532
4397 538
4397 543
4397 847
4397 1111
4397 1228
4397 1256
4397 1503
4397 1584
4397 1633
4397 1664
4397 1737
4397 1952
4397 2477
4397 3144
4397 3145
4397 3523
4397 3530
4397 3532
4397 3535
4397 3581
4397 3627
4397 3649
4397 3651
4397 3669
4397 3711
4397 3727
4397 3728
4397 3738
4397 3743
4397 3798
4397 3851
4397 3883
4397 3894
4397 3898
4397 3923
4397 3929
4397 3955
4397 3961
4397 3977
4397 3979
4397 3997
4397 4006
4397 4009
4397 4062
4397 4094
4397 4105
4397 4134
4397 4137
4397 4138
4397 4150
4397 4164
4397 4167
4397 4168
4397 4172
4397 4176
4397 4192
4397 4198
4397 4216
4397 4231
4397 4236
4397 4244
4397 4265
4397 4268
4397 4271
4397 4296
4397 4300
4397 4305
4397 4315
4397 4331
4397 4344
4397 4349
4397 4355
4397 4361
4397 4368
4397 4370
4397 4377
4397 4379
4397 4387
4397 4390
4397 4395
4397 4404
4397 4766
201 821
201 1987
201 4329
550 364
550 406
550 422
550 453
550 460
550 466
550 472
550 483
550 502
550 524
550 533
550 537
550 549
550 558
550 562
550 575
550 593
550 617
550 2710
550 4331
550 4951
897 636
897 648
897 653
897 659
897 666
897 668
897 670
897 672
897 685
897 687
897 689
897 691
897 713
897 720
897 726
897 730
897 732
897 734
897 735
897 739
897 750
897 758
897 761
897 762
897 765
897 769
897 784
897 789
897 792
897 796
897 797
897 805
897 810
897 813
897 814
897 817
897 822
897 825
897 827
897 828
897 831
897 841
897 842
897 843
897 849
897 854
897 855
897 858
897 859
897 864
897 865
897 872
897 873
897 874
897 878
897 879
897 881
897 882
897 883
897 884
897 885
897 887
897 889
897 890
897 891
897 892
897 893
897 894
897 895
897 896
897 898
897 899
897 901
897 1661
897 1758
897 1777
897 2021
897 2028
897 2110
897 2355
897 2520
897 2649
897 3115
897 3367
897 3471
897 4196
897 4394
897 4839
897 4932
897 4967
897 4979
127 273
127 2640
127 4166
532 182
532 415
532 427
532 464
532 476
532 480
532 491
532 493
532 516
532 519
532 536
532 552
532 556
532 583
532 587
532 2301
95 617
95 3957
617 336
617 338
617 346
617 365
617 369
617 376
617 382
617 406
617 408
617 411
617 416
617 419
617 442
617 446
617 458
617 459
617 461
617 481
617 492
617 513
617 517
617 518
617 548
617 555
617 558
617 560
617 564
617 579
617 583
617 585
617 590
617 591
617 592
617 593
617 598
617 600
617 602
617 605
617 607
617 609
617 615
617 616
617 619
617 621
617 1719
617 1735
617 1756
617 2362
617 2631
617 3097
617 3134
617 4141
617 4281
617 4375
617 4603
3957 1304
3957 1896
3957 3662
3957 3823
3957 3843
3957 3954
3957 4148
3957 4175
3957 4271
3957 4332
3957 4353
1034 1095
1034 1207
1034 1738
1034 1747
1034 1750
1034 1760
1034 1761
97 113
97 125
97 1647
97 1752
113 173
113 590
113 4532
125 1989
125 4984
1647 996
1647 1109
1647 1129
1647 1325
1647 1570
1647 1572
1647 1590
1647 1598
1647 1603
1647 1608
1647 1643
1647 1650
1647 1665
1647 1672
1647 1673
1647 1687
1647 1706
1647 1711
1647 1713
1647 1729
1647 1739
1647 1744
1647 1748
1647 1749
1647 1753
1647 1756
1647 1763
1647 2843
1647 4313
1647 4331
1647 4407
1752 608
1752 781
1752 903
1752 908
1752 915
1752 944
1752 977
1752 985
1752 991
1752 1026
1752 1047
1752 1050
1752 1061
1752 1074
1752 1076
1752 1121
1752 1129
1752 1174
1752 1221
1752 1232
1752 1246
1752 1259
1752 1261
1752 1309
1752 1311
1752 1318
1752 1322
1752 1355
1752 1386
1752 1402
1752 1422
1752 1434
1752 1437
1752 1459
1752 1463
1752 1485
1752 1490
1752 1515
1752 1523
1752 1527
1752 1588
1752 1598
1752 1608
1752 1613
1752 1614
1752 1650
1752 1672
1752 1674
1752 1675
1752 1676
1752 1687
1752 1692
1752 1706
1752 1713
1752 1715
1752 1729
1752 1733
1752 1735
1752 1736
1752 1739
1752 1742
1752 1743
1752 1744
1752 1748
1752 1749
1752 1753
1752 1756
1752 1760
1752 1761
1752 1765
1752 1976
1752 2450
1752 3486
1752 3786
1752 4177
1752 4191
1752 4365
1752 4370
1752 4569
1752 4825
1752 4886
1752 4906
1752 4982
98 262
98 1749
98 4186
262 104
262 159
262 203
262 248
262 1679
262 4228
262 4251
262 4913
1749 851
1749 907
1749 911
1749 977
1749 985
1749 991
1749 993
1749 1009
1749 1074
1749 1075
1749 1079
1749 1116
1749 1121
1749 1122
1749 1123
1749 1176
1749 1180
1749 1187
1749 1232
1749 1238
1749 1280
1749 1286
1749 1322
1749 1327
1749 1369
1749 1390
1749 1394
1749 1437
1749 1458
1749 1459
1749 1463
1749 1474
1749 1490
1749 1523
1749 1570
1749 1590
1749 1598
1749 1601
1749 1603
1749 1613
1749 1614
1749 1619
1749 1633
1749 1637
1749 1650
1749 1665
1749 1667
1749 1669
1749 1670
1749 1672
1749 1673
1749 1675
1749 1687
1749 1706
1749 1713
1749 1715
1749 1720
1749 1729
1749 1739
1749 1744
1749 1748
1749 1756
1749 1759
1749 2243
1749 2413
1749 2842
1749 3078
1749 3283
1749 3503
1749 3514
1749 4253
1749 4275
1749 4383
1749 4406
1749 4775
1749 4929
4186 2640
4186 3531
4186 3649
4186 3665
4186 3738
4186 3753
4186 3964
4186 3972
4186 4042
4186 4064
4186 4350
4186 4401
4186 4408
4186 4687
996 1381
996 1666
996 1677
996 1758
996 1759
1489 1091
1489 1093
1489 1097
1489 1205
1489 1226
1489 1383
1489 1471
1489 1547
1489 1557
1489 1560
1489 1577
1489 1579
1489 1710
1489 2511
1489 4058
1489 4389
2063 1126
2063 1606
2063 1612
2063 1767
2063 1768
2063 1790
2063 1791
2063 1792
2063 1793
2063 1823
2063 1824
2063 1825
2063 1836
2063 1852
2063 1856
2063 1863
2063 1874
2063 1876
2063 1887
2063 1893
2063 1897
2063 1924
2063 1926
2063 1937
2063 1938
2063 1940
2063 1944
2063 1947
2063 1948
2063 1953
2063 1970
2063 1973
2063 1976
2063 1977
2063 1978
2063 1986
2063 1993
2063 1994
2063 1995
2063 2000
2063 2004
2063 2006
2063 2011
2063 2015
2063 2018
2063 2020
2063 2021
2063 2025
2063 2026
2063 2032
2063 2037
2063 2038
2063 2044
2063 2050
2063 2055
2063 2056
2063 2059
2063 2060
2063 2061
2063 2065
2063 2066
2063 2333
2063 2361
2063 2381
2063 2490
2063 2505
2063 2643
2063 2644
2063 2824
2063 3699
2063 4343
2063 4418
2237 2365
2237 2458
2237 2483
2237 2521
2237 2537
2237 2548
2237 2616
2237 4626
101 1672
101 2593
1672 333
1672 587
1672 787
1672 1042
1672 1177
1672 1222
1672 1286
1672 1352
1672 1459
1672 1490
1672 1588
1672 1590
1672 1600
1672 1614
1672 1650
1672 1668
1672 1692
1672 1706
1672 1712
1672 1713
1672 1715
1672 1736
1672 1739
1672 1743
1672 1744
1672 1748
1672 1753
1672 1756
1672 1757
1672 2578
1672 4138
1672 4354
2593 619
2593 842
2593 893
2593 2318
2593 2383
2593 2415
2593 2428
2593 2437
2593 2455
2593 2501
2593 2508
2593 2548
2593 2549
2593 2559
2593 2580
2593 2602
2593 2603
2593 2605
2593 2609
2593 2614
2593 2622
2593 2626
2593 2630
2593 2631
2593 2632
2593 2643
2593 2646
2593 3550
2593 3861
2593 4371
2593 4395
102 270
102 2745
102 4318
270 252
270 558
270 2947
270 3385
270 4057
2745 2730
2745 2734
2745 2768
2745 2783
2745 2833
2745 2845
2745 2851
2745 2862
2745 4956
4318 703
4318 1589
4318 2767
4318 3007
4318 3167
4318 3243
4318 3461
4318 3631
4318 3635
4318 3855
4318 3872
4318 3889
4318 3906
4318 3908
4318 3909
4318 3976
4318 4002
4318 4031
4318 4103
4318 4120
4318 4134
4318 4145
4318 4161
4318 4207
4318 4237
4318 4244
4318 4339
4318 4340
4318 4350
4318 4351
4318 4360
4318 4378
4318 4396
4318 4401
4318 4402
4318 4985
1514 923
1514 1110
1514 1220
1514 1392
1514 1418
1514 1436
1514 1522
1514 1541
1514 1544
1514 1571
1514 1639
1514 1678
1514 1684
1514 1705
1514 1724
1514 1925
1514 4306
1514 4340
3074 2589
3074 2936
3074 2963
3074 3010
3074 3013
3074 3014
3074 3034
3074 3045
3074 3048
3074 3095
3074 3113
3074 3126
3074 3132
3074 3138
3074 3143
3074 3144
3074 4380
104 1641
104 2808
1641 899
1641 989
1641 1090
1641 1141
1641 1226
1641 1285
1641 1312
1641 1322
1641 1323
1641 1521
1641 1529
1641 1546
1641 1566
1641 1583
1641 1587
1641 1609
1641 1628
1641 1633
1641 1636
1641 1651
1641 1690
1641 1699
1641 1712
1641 1734
1641 1735
1641 1737
1641 4282
1641 4317
1641 4343
1641 4900
2808 1638
2808 1738
2808 2590
2808 2671
2808 2704
2808 2779
2808 2794
2808 2805
2808 2816
2808 2819
2808 2821
2808 2823
2808 2826
2808 2833
2808 2836
2808 2844
2808 2848
2808 2857
2808 2860
2808 2862
207 152
207 269
207 3101
207 4260
207 4583
4392 619
4392 831
4392 850
4392 1111
4392 1267
4392 1593
4392 1753
4392 2439
4392 2488
4392 2577
4392 2854
4392 2978
4392 3474
4392 3481
4392 3502
4392 3512
4392 3514
4392 3529
4392 3538
4392 3575
4392 3594
4392 3595
4392 3599
4392 3600
4392 3605
4392 3611
4392 3617
4392 3633
4392 3661
4392 3667
4392 3727
4392 3734
4392 3735
4392 3757
4392 3776
4392 3778
4392 3782
4392 3796
4392 3858
4392 3866
4392 3887
4392 3969
4392 3973
4392 3990
4392 4001
4392 4005
4392 4024
4392 4036
4392 4042
4392 4054
4392 4092
4392 4139
4392 4146
4392 4173
4392 4174
4392 4198
4392 4205
4392 4209
4392 4215
4392 4260
4392 4282
4392 4288
4392 4330
4392 4333
4392 4334
4392 4364
4392 4366
4392 4377
4392 4380
4392 4383
4392 4384
4392 4404
4392 4869
4814 1753
4814 4400
4814 4419
4814 4448
4814 4452
4814 4474
4814 4497
4814 4585
4814 4586
4814 4667
4814 4668
4814 4672
4814 4728
4814 4743
4814 4765
4814 4820
4814 4871
106 225
106 1735
106 4268
225 1023
225 2540
225 2625
225 3155
1735 525
1735 902
1735 947
1735 951
1735 958
1735 998
1735 1006
1735 1027
1735 1090
1735 1109
1735 1118
1735 1124
1735 1137
1735 1146
1735 1151
1735 1178
1735 1218
1735 1224
1735 1226
1735 1267
1735 1312
1735 1324
1735 1363
1735 1422
1735 1468
1735 1491
1735 1509
1735 1513
1735 1521
1735 1529
1735 1546
1735 1563
1735 1566
1735 1583
1735 1587
1735 1609
1735 1628
1735 1633
1735 1636
1735 1639
1735 1681
1735 1690
1735 1691
1735 1699
1735 1733
1735 1734
1735 1737
1735 1744
1735 1755
1735 1759
1735 2431
1735 2646
1735 2771
1735 2842
1735 3163
1735 4290
1735 4344
1735 4378
1735 4414
1735 4903
1735 4975
4268 561
4268 2696
4268 2719
4268 3167
4268 3456
4268 3860
4268 3896
4268 4137
4268 4142
4268 4176
4268 4240
4268 4262
4268 4271
4268 4296
4268 4300
4268 4315
4268 4340
4268 4344
4268 4355
4268 4361
4268 4368
4268 4370
4268 4377
4268 4379
4268 4380
4268 4387
4268 4395
4268 4404
107 183
107 2540
107 4272
183 273
183 1619
183 4883
2540 462
2540 1954
2540 2144
2540 2216
2540 2443
2540 2473
2540 2503
2540 2510
2540 2529
2540 2561
2540 2603
2540 2616
2540 2620
2540 2629
2540 2635
2540 2640
2540 2641
2540 2644
2540 2646
2540 2647
2540 2648
4272 1939
4272 2045
4272 2076
4272 3084
4272 3582
4272 3814
4272 3924
4272 4015
4272 4029
4272 4065
4272 4109
4272 4166
4272 4176
4272 4217
4272 4224
4272 4246
4272 4258
4272 4261
4272 4306
4272 4321
4272 4326
4272 4331
4272 4342
4272 4343
4272 4358
4272 4393
4272 4856
4356 443
4356 1068
4356 1617
4356 1755
4356 2220
4356 2902
4356 3322
4356 3485
4356 3488
4356 3517
4356 3569
4356 3619
4356 3637
4356 3762
4356 3775
4356 3781
4356 3816
4356 3840
4356 3872
4356 3888
4356 3921
4356 3936
4356 3944
4356 3980
4356 3994
4356 4052
4356 4080
4356 4085
4356 4089
4356 4090
4356 4095
4356 4114
4356 4178
4356 4218
4356 4225
4356 4238
4356 4265
4356 4269
4356 4281
4356 4284
4356 4290
4356 4293
4356 4299
4356 4309
4356 4334
4356 4367
4356 4374
4356 4383
4356 4389
4356 4697
4356 4755
4356 4810
4637 4141
4637 4423
4637 4621
4637 4780
4637 4824
4637 4852
4637 4927
4637 4944
4637 4984
635 833
635 867
635 879
635 886
635 887
635 888
887 620
887 647
887 659
887 667
887 668
887 673
887 688
887 705
887 708
887 715
887 718
887 723
887 724
887 732
887 736
887 745
887 748
887 767
887 775
887 783
887 786
887 791
887 799
887 815
887 817
887 819
887 829
887 837
887 850
887 853
887 854
887 866
887 867
887 871
887 873
887 878
887 879
887 883
887 886
887 892
887 894
887 895
887 898
887 901
887 1726
887 1889
887 2236
887 2837
887 3066
887 4024
887 4130
887 4146
887 4336
887 4950
1482 1060
1482 1139
1482 1345
1482 1471
1482 1543
1482 1558
1482 1597
1482 1615
1482 1659
1482 1668
1482 1685
1482 1688
1482 1720
1482 1722
1482 3070
1482 4374
111 2047
111 4889
2047 786
2047 1770
2047 1779
2047 1789
2047 1801
2047 1822
2047 1829
2047 1853
2047 1878
2047 1890
2047 1901
2047 1905
2047 1911
2047 1917
2047 1921
2047 1927
2047 1935
2047 1945
2047 1956
2047 1958
2047 1976
2047 1984
2047 1986
2047 1990
2047 1998
2047 2002
2047 2009
2047 2019
2047 2021
2047 2028
2047 2029
2047 2034
2047 2036
2047 2046
2047 2050
2047 2051
2047 2053
2047 2059
2047 2595
2047 2618
2047 2627
2047 2854
2047 3096
2047 3889
2047 4950
4889 895
4889 3743
4889 3756
4889 4084
4889 4434
4889 4615
4889 4617
4889 4657
4889 4670
4889 4762
4889 4807
4889 4882
4889 4886
4889 4894
4889 4945
4889 4956
4889 4962
4889 4980
4889 4981
4889 4983
4889 4992
4889 4993
4889 4995
4889 4996
4889 4997
4889 4999
112 155
112 266
112 1893
112 4045
155 173
155 212
155 4962
266 1085
266 1508
266 2590
266 3275
1893 1796
1893 1848
1893 1977
1893 2038
1893 2059
1893 2060
1893 2066
1893 2638
1893 3377
4045 1618
4045 1639
4045 3671
4045 4219
4045 4250
4045 4292
4045 4296
4045 4333
4045 4366
4045 4371
4045 4394
4045 4406
4045 4407
173 179
173 252
173 1865
173 1989
590 409
590 420
590 459
590 469
590 481
590 486
590 495
590 534
590 544
590 547
590 555
590 558
590 563
590 564
590 582
590 589
590 592
590 593
590 598
590 599
590 607
590 609
590 614
590 616
590 619
590 623
590 1439
590 1485
590 1951
590 2611
590 2635
4532 4149
4532 4802
4532 4804
4532 4905
4532 4936
4532 4983
4532 4984
114 2641
114 3136
2641 616
2641 888
2641 1286
2641 2019
2641 2087
2641 2116
2641 2122
2641 2142
2641 2151
2641 2157
2641 2186
2641 2198
2641 2212
2641 2216
2641 2225
2641 2241
2641 2319
2641 2320
2641 2336
2641 2356
2641 2369
2641 2379
2641 2387
2641 2408
2641 2443
2641 2452
2641 2457
2641 2473
2641 2485
2641 2491
2641 2494
2641 2498
2641 2503
2641 2504
2641 2510
2641 2512
2641 2524
2641 2525
2641 2535
2641 2552
2641 2558
2641 2563
2641 2565
2641 2582
2641 2584
2641 2585
2641 2597
2641 2600
2641 2609
2641 2612
2641 2613
2641 2620
2641 2629
2641 2633
2641 2634
2641 2635
2641 2643
2641 2644
2641 2646
2641 2647
2641 2648
2641 2993
2641 3401
2641 3795
2641 4019
2641 4021
2641 4051
2641 4361
2641 4782
2641 4921
3136 2879
3136 2892
3136 2933
3136 2935
3136 2956
3136 2962
3136 2967
3136 2988
3136 2994
3136 3009
3136 3057
3136 3062
3136 3065
3136 3078
3136 3082
3136 3085
3136 3087
3136 3088
3136 3089
3136 3106
3136 3111
3136 3140
3136 3142
3136 3149
3136 3165
3136 3168
3136 3557
3136 3728
3136 4085
3136 4276
3136 4362
1651 943
1651 1150
1651 1280
1651 1429
1651 1455
1651 1469
1651 1478
1651 1481
1651 1578
1651 1600
1651 1617
1651 1638
1651 1640
1651 1643
1651 1645
1651 1681
1651 1704
1651 1707
1651 1733
1651 1746
1651 1751
1651 1754
1651 1755
1651 2997
1651 3241
1651 4267
1651 4803
1850 1995
1850 1999
1850 2008
1850 2018
1850 2050
1850 2059
116 1604
116 3560
1604 918
1604 935
1604 1007
1604 1196
1604 1370
1604 1403
1604 1436
1604 1438
1604 1442
1604 1457
1604 1522
1604 1540
1604 1541
1604 1578
1604 1580
1604 1660
1604 1678
1604 1684
1604 1693
1604 1705
1604 1763
1604 3268
1604 3404
1604 3588
1604 4966
3560 3565
3560 4313
3560 4362
3560 4386
3560 4400
2147 1679
2147 2368
2147 2635
2147 2638
2147 2646
2147 2647
3455 1027
3455 1256
3455 1282
3455 1705
3455 3184
3455 3189
3455 3194
3455 3208
3455 3220
3455 3224
3455 3237
3455 3247
3455 3261
3455 3282
3455 3291
3455 3301
3455 3319
3455 3324
3455 3325
3455 3335
3455 3336
3455 3338
3455 3348
3455 3351
3455 3354
3455 3372
3455 3398
3455 3399
3455 3402
3455 3418
3455 3420
3455 3428
3455 3429
3455 3430
3455 3436
3455 3442
3455 3445
3455 3448
3455 3452
3455 3462
3455 3463
3455 3470
3455 3472
3455 4194
3455 4963
615 197
615 346
615 358
615 361
615 369
615 385
615 407
615 408
615 419
615 444
615 449
615 450
615 459
615 461
615 473
615 475
615 481
615 486
615 496
615 512
615 513
615 522
615 545
615 564
615 578
615 579
615 582
615 585
615 586
615 588
615 593
615 597
615 598
615 599
615 602
615 605
615 611
615 616
615 619
615 622
615 830
615 1221
615 1487
615 1633
615 2030
615 2589
615 2591
615 2621
615 4389
1534 956
1534 1010
1534 1098
1534 1396
1534 1567
1534 1570
1534 1597
1534 1610
1534 1616
1534 1654
1534 1658
1534 1663
1534 1717
1534 1721
1534 1724
1534 1730
1534 2841
1534 3113
1534 3724
1065 1571
1065 1578
1065 1630
1065 1660
1065 1705
1065 1740
1065 4118
2872 2885
2872 2927
2872 3103
2872 3105
2872 3120
2872 3163
226 269
226 2599
226 3143
226 3761
1751 195
1751 528
1751 621
1751 883
1751 941
1751 943
1751 955
1751 977
1751 1011
1751 1014
1751 1016
1751 1020
1751 1024
1751 1027
1751 1035
1751 1081
1751 1105
1751 1107
1751 1114
1751 1186
1751 1201
1751 1219
1751 1227
1751 1261
1751 1299
1751 1303
1751 1359
1751 1367
1751 1373
1751 1375
1751 1405
1751 1413
1751 1429
1751 1430
1751 1449
1751 1461
1751 1469
1751 1481
1751 1484
1751 1504
1751 1506
1751 1530
1751 1545
1751 1548
1751 1561
1751 1574
1751 1576
1751 1582
1751 1593
1751 1594
1751 1600
1751 1606
1751 1617
1751 1632
1751 1638
1751 1643
1751 1657
1751 1662
1751 1681
1751 1683
1751 1695
1751 1704
1751 1707
1751 1714
1751 1725
1751 1733
1751 1741
1751 1746
1751 1748
1751 1750
1751 2398
1751 2998
1751 3149
1751 3151
1751 3772
1751 4285
1751 4299
1751 4674
1751 4676
1751 4963
1931 448
1931 1775
1931 1888
1931 1889
1931 1912
1931 1932
1931 1968
1931 1987
1931 1998
1931 2022
1931 4589
121 1472
121 4394
1472 1069
1472 1071
1472 1107
1472 1379
1472 1393
1472 1449
1472 1488
1472 1524
1472 1643
1472 1693
1472 1695
1472 1714
1472 1733
1472 1741
1472 4293
1472 4943
4394 855
4394 1257
4394 1815
4394 1907
4394 2500
4394 2522
4394 2640
4394 3037
4394 3063
4394 3543
4394 3561
4394 3567
4394 3608
4394 3612
4394 3616
4394 3638
4394 3640
4394 3681
4394 3683
4394 3696
4394 3740
4394 3741
4394 3770
4394 3779
4394 3795
4394 3886
4394 3935
4394 3941
4394 3961
4394 3970
4394 4007
4394 4018
4394 4037
4394 4063
4394 4079
4394 4116
4394 4121
4394 4125
4394 4138
4394 4143
4394 4153
4394 4161
4394 4165
4394 4167
4394 4184
4394 4208
4394 4219
4394 4232
4394 4250
4394 4267
4394 4274
4394 4282
4394 4292
4394 4293
4394 4301
4394 4302
4394 4305
4394 4306
4394 4307
4394 4317
4394 4328
4394 4348
4394 4354
4394 4371
4394 4372
4394 4387
4394 4391
4394 4405
4394 4406
4394 4407
4394 4719
4394 4754
4394 4992
269 157
269 239
269 1649
269 2052
269 2908
269 4018
269 4959
2785 607
2785 1280
2785 2688
2785 2706
2785 2788
2785 2792
2785 2804
2785 2813
2785 2822
2785 2835
2785 2836
2785 2853
2785 2855
2785 2857
2785 2859
4393 529
4393 582
4393 874
4393 940
4393 1174
4393 1455
4393 1612
4393 1912
4393 1985
4393 2017
4393 3102
4393 3492
4393 3520
4393 3521
4393 3531
4393 3550
4393 3585
4393 3596
4393 3619
4393 3631
4393 3632
4393 3648
4393 3666
4393 3685
4393 3688
4393 3721
4393 3724
4393 3733
4393 3737
4393 3743
4393 3766
4393 3787
4393 3884
4393 3892
4393 3900
4393 3901
4393 3921
4393 3931
4393 3966
4393 4018
4393 4052
4393 4057
4393 4059
4393 4073
4393 4078
4393 4083
4393 4096
4393 4107
4393 4133
4393 4152
4393 4154
4393 4179
4393 4200
4393 4234
4393 4235
4393 4278
4393 4288
4393 4292
4393 4295
4393 4298
4393 4340
4393 4341
4393 4346
4393 4369
4393 4370
4393 4376
4393 4386
4393 4402
4393 4407
4393 4922
4393 4995
123 171
123 189
123 1037
123 4616
171 135
171 203
171 653
171 984
189 743
189 899
189 4828
1037 1063
1037 1108
1037 1115
1037 1333
1037 1416
1037 1625
1037 1679
4616 4316
4616 4450
4616 4630
4616 4856
4616 4863
4616 4891
4616 4911
4616 4912
4616 4986
179 3111
179 4170
179 4865
1963 1684
1963 1792
1963 1837
1963 1985
1963 2018
1963 2021
1963 2039
1963 2058
1963 2059
1963 2060
1963 2065
1963 2066
1963 4347
1963 4948
4579 3491
4579 4619
4579 4752
4579 4821
4579 4926
4579 4933
4579 4952
4579 4959
1989 1851
1989 1896
1989 1944
1989 1956
1989 1985
1989 1988
1989 1999
1989 2026
1989 2027
1989 2046
1989 2052
1989 2054
1989 2057
1989 2058
1989 2061
1989 2959
4984 619
4984 623
4984 665
4984 1481
4984 1705
4984 2417
4984 2627
4984 3355
4984 4065
4984 4076
4984 4195
4984 4398
4984 4423
4984 4440
4984 4478
4984 4488
4984 4514
4984 4547
4984 4562
4984 4565
4984 4571
4984 4576
4984 4588
4984 4591
4984 4592
4984 4602
4984 4609
4984 4619
4984 4621
4984 4631
4984 4640
4984 4646
4984 4653
4984 4654
4984 4657
4984 4660
4984 4673
4984 4749
4984 4769
4984 4770
4984 4779
4984 4795
4984 4802
4984 4804
4984 4817
4984 4824
4984 4833
4984 4840
4984 4852
4984 4867
4984 4870
4984 4881
4984 4894
4984 4897
4984 4905
4984 4916
4984 4920
4984 4927
4984 4931
4984 4934
4984 4936
4984 4945
4984 4961
4984 4964
4984 4970
4984 4988
4984 4993
826 638
826 683
826 763
826 773
826 778
826 779
826 782
826 796
826 814
826 830
826 846
826 851
826 862
826 869
826 888
826 2374
826 3890
4067 756
4067 3131
4067 3605
4067 3777
4067 4004
4067 4049
4067 4066
4067 4118
4067 4136
4067 4141
4067 4405
273 152
273 838
273 1039
273 2573
273 2628
273 4931
273 4967
2640 665
2640 668
2640 671
2640 721
2640 850
2640 2100
2640 2101
2640 2118
2640 2125
2640 2141
2640 2143
2640 2144
2640 2172
2640 2184
2640 2226
2640 2243
2640 2248
2640 2251
2640 2267
2640 2268
2640 2276
2640 2290
2640 2291
2640 2347
2640 2389
2640 2404
2640 2411
2640 2412
2640 2423
2640 2466
2640 2480
2640 2484
2640 2511
2640 2514
2640 2517
2640 2518
2640 2529
2640 2533
2640 2542
2640 2553
2640 2556
2640 2559
2640 2569
2640 2573
2640 2580
2640 2581
2640 2583
2640 2585
2640 2591
2640 2595
2640 2596
2640 2611
2640 2624
2640 2627
2640 2628
2640 2633
2640 2636
2640 2637
2640 2638
2640 2643
2640 2805
2640 3145
2640 3187
2640 3978
2640 4965
4166 823
4166 2646
4166 3594
4166 3698
4166 4015
4166 4217
4166 4242
4166 4306
4166 4321
4166 4326
4166 4331
4166 4342
4166 4343
4166 4358
4166 4379
4166 4406
4166 4971
128 4682
128 4960
4682 2648
4682 4470
4682 4843
4682 4947
4682 4961
4682 4978
4682 4982
4682 4986
4682 4998
4960 1624
4960 1742
4960 1982
4960 2581
4960 3427
4960 3477
4960 3538
4960 4335
4960 4352
4960 4436
4960 4501
4960 4511
4960 4526
4960 4527
4960 4533
4960 4557
4960 4564
4960 4572
4960 4607
4960 4622
4960 4646
4960 4707
4960 4732
4960 4755
4960 4790
4960 4806
4960 4809
4960 4828
4960 4831
4960 4834
4960 4839
4960 4857
4960 4865
4960 4876
4960 4891
4960 4898
4960 4904
4960 4906
4960 4914
4960 4922
4960 4923
4960 4937
4960 4943
4960 4954
4960 4962
4960 4965
4960 4970
4960 4990
1664 920
1664 1048
1664 1108
1664 1142
1664 1211
1664 1262
1664 1296
1664 1333
1664 1344
1664 1386
1664 1407
1664 1416
1664 1417
1664 1426
1664 1432
1664 1518
1664 1524
1664 1551
1664 1625
1664 1642
1664 1645
1664 1648
1664 1658
1664 1679
1664 1683
1664 1684
1664 1755
1664 2065
1664 2743
1664 3830
1664 3836
1664 4396
130 604
604 335
604 336
604 341
604 350
604 413
604 426
604 430
604 448
604 479
604 482
604 488
604 489
604 490
604 509
604 514
604 540
604 545
604 553
604 571
604 573
604 576
604 577
604 581
604 588
604 596
604 600
604 608
604 610
604 612
604 613
604 618
604 620
604 622
604 871
604 1909
604 2136
604 2151
604 4246
604 4680
604 4955
604 4968
147 2569
147 4950
150 2587
150 2720
150 3532
2375 1423
2375 1724
2375 2230
2375 2365
2375 2496
2375 2597
2375 2613
2375 2623
2375 2639
2375 2645
2375 2649
3163 2101
3163 2238
3163 2876
3163 2881
3163 2884
3163 2911
3163 2939
3163 2966
3163 2971
3163 2974
3163 2977
3163 2978
3163 2997
3163 3012
3163 3021
3163 3032
3163 3036
3163 3038
3163 3041
3163 3047
3163 3055
3163 3056
3163 3064
3163 3067
3163 3073
3163 3091
3163 3093
3163 3096
3163 3097
3163 3102
3163 3103
3163 3122
3163 3125
3163 3128
3163 3130
3163 3131
3163 3142
3163 3143
3163 3151
3163 3152
3163 3153
3163 3155
3163 3158
3163 3159
3163 3161
3163 4216
3163 4295
3163 4357
3163 4548
3163 4809
3163 4940
132 153
132 2525
132 4293
153 4391
153 4642
2525 404
2525 518
2525 1196
2525 2317
2525 2372
2525 2487
2525 2520
2525 2543
2525 2546
2525 2576
2525 2584
2525 2600
2525 2612
2525 2614
2525 2629
2525 2635
2525 2644
2525 2646
2525 2647
2525 2648
4293 572
4293 1073
4293 1416
4293 2055
4293 3619
4293 3655
4293 3726
4293 3936
4293 3944
4293 3994
4293 4044
4293 4089
4293 4095
4293 4101
4293 4225
4293 4256
4293 4265
4293 4269
4293 4281
4293 4284
4293 4290
4293 4308
4293 4310
4293 4342
4293 4350
4293 4367
4293 4372
4293 4374
4293 4389
4293 4864
133 2144
133 4401
2144 1048
2144 2628
2144 2636
2144 2637
4401 622
4401 882
4401 1607
4401 1674
4401 1795
4401 1914
4401 1985
4401 2042
4401 2120
4401 2227
4401 2253
4401 2547
4401 2584
4401 2591
4401 2716
4401 3138
4401 3389
4401 3484
4401 3500
4401 3507
4401 3526
4401 3531
4401 3534
4401 3538
4401 3545
4401 3576
4401 3622
4401 3648
4401 3654
4401 3665
4401 3703
4401 3720
4401 3753
4401 3783
4401 3808
4401 3824
4401 3833
4401 3837
4401 3848
4401 3889
4401 3899
4401 3906
4401 3928
4401 3930
4401 3972
4401 3976
4401 3984
4401 4019
4401 4064
4401 4099
4401 4103
4401 4120
4401 4163
4401 4188
4401 4207
4401 4214
4401 4216
4401 4222
4401 4229
4401 4230
4401 4237
4401 4244
4401 4248
4401 4251
4401 4260
4401 4280
4401 4281
4401 4284
4401 4289
4401 4339
4401 4351
4401 4360
4401 4364
4401 4378
4401 4383
4401 4396
4401 4402
134 255
134 261
134 2793
134 3845
255 239
255 261
255 954
255 3976
255 4249
255 4932
261 143
261 202
261 222
261 237
261 241
261 602
261 2329
261 3653
2793 850
2793 919
2793 2692
2793 2735
2793 2740
2793 2806
2793 2811
2793 2834
2793 2839
2793 2843
2793 2849
2793 2855
2793 2859
2793 2863
3845 3485
3845 3772
3845 4262
3845 4264
3845 4294
3845 4304
3845 4357
3845 4364
3845 4509
135 1395
135 2783
1395 1036
1395 1077
1395 1200
1395 1283
1395 1442
1395 1473
1395 1490
1395 1655
1395 1658
1395 1661
1395 1667
1395 1719
1395 2044
1395 2588
2783 834
2783 1739
2783 2715
2783 2728
2783 2738
2783 2830
2783 2845
2783 2849
2783 2857
2783 2861
2783 2862
2783 4072
229 223
229 257
229 1716
229 4357
229 4733
4368 555
4368 743
4368 1219
4368 1404
4368 1757
4368 1993
4368 2295
4368 2467
4368 2813
4368 3307
4368 3508
4368 3535
4368 3582
4368 3647
4368 3671
4368 3706
4368 3709
4368 3896
4368 3969
4368 3997
4368 4006
4368 4009
4368 4010
4368 4026
4368 4062
4368 4111
4368 4121
4368 4137
4368 4138
4368 4150
4368 4165
4368 4168
4368 4172
4368 4176
4368 4177
4368 4184
4368 4216
4368 4231
4368 4236
4368 4261
4368 4271
4368 4296
4368 4300
4368 4315
4368 4344
4368 4355
4368 4361
4368 4370
4368 4377
4368 4379
4368 4387
4368 4390
4368 4395
4368 4404
4368 4406
4368 4979
4947 418
4947 492
4947 609
4947 1927
4947 2012
4947 2940
4947 4224
4947 4409
4947 4506
4947 4582
4947 4659
4947 4676
4947 4740
4947 4781
4947 4798
4947 4799
4947 4833
4947 4849
4947 4856
4947 4859
4947 4869
4947 4900
4947 4925
4947 4928
4947 4929
4947 4930
4947 4961
4947 4963
4947 4968
4947 4969
4947 4973
4947 4978
4947 4982
4947 4985
4947 4986
4947 4988
4947 4991
4947 4995
4947 4998
137 3802
137 4871
3802 3693
3802 3786
3802 3963
3802 4018
3802 4321
3802 4354
3802 4371
3802 4391
4871 874
4871 1248
4871 2617
4871 4240
4871 4483
4871 4526
4871 4542
4871 4578
4871 4691
4871 4724
4871 4735
4871 4786
4871 4801
4871 4847
4871 4892
4871 4901
4871 4913
4871 4933
4871 4936
4871 4952
4871 4959
4871 4975
218 372
218 816
218 2487
1712 906
1712 912
1712 960
1712 973
1712 980
1712 1014
1712 1099
1712 1102
1712 1195
1712 1219
1712 1265
1712 1273
1712 1297
1712 1373
1712 1380
1712 1406
1712 1425
1712 1485
1712 1486
1712 1535
1712 1539
1712 1555
1712 1556
1712 1567
1712 1586
1712 1608
1712 1616
1712 1639
1712 1654
1712 1656
1712 1661
1712 1663
1712 1702
1712 1704
1712 1706
1712 1717
1712 1725
1712 1730
1712 1754
1712 1761
1712 2058
1712 2268
1712 2491
1712 2529
1712 2862
1712 3345
1712 3938
1712 3986
4430 4418
4430 4772
4430 4931
4430 4949
4430 4966
4430 4975
1506 252
1506 1032
1506 1303
1506 1446
1506 1481
1506 1646
1506 1661
1506 1701
1506 1738
1506 1747
1506 1755
1506 1760
1506 1761
1506 1764
1506 1765
1506 2168
1506 2276
3432 1772
3432 2486
3432 2643
3432 2791
3432 3191
3432 3236
3432 3278
3432 3307
3432 3327
3432 3331
3432 3342
3432 3359
3432 3373
3432 3374
3432 3379
3432 3380
3432 3384
3432 3387
3432 3394
3432 3397
3432 3403
3432 3406
3432 3416
3432 3424
3432 3425
3432 3435
3432 3456
3432 3458
3432 3459
3432 3460
3432 3469
3432 4093
751 663
751 684
751 717
751 806
751 816
751 876
751 879
751 884
751 2632
4918 1208
4918 2781
4918 3322
4918 4015
4918 4227
4918 4412
4918 4456
4918 4459
4918 4492
4918 4590
4918 4619
4918 4627
4918 4671
4918 4704
4918 4748
4918 4771
4918 4777
4918 4789
4918 4813
4918 4825
4918 4827
4918 4830
4918 4836
4918 4838
4918 4845
4918 4873
4918 4884
4918 4919
4918 4924
4918 4938
4918 4944
4918 4985
164 248
164 2791
164 4991
2415 560
2415 888
2415 2463
2415 2603
2415 2605
2415 2609
2415 2614
2415 2622
2415 2624
2415 2626
2415 2631
2415 2632
1278 690
1278 961
1278 1331
1278 1512
1278 1517
1278 1591
1278 1605
1278 1655
1278 1667
1278 1713
1718 1022
1718 1024
1718 1033
1718 1038
1718 1049
1718 1088
1718 1113
1718 1165
1718 1192
1718 1203
1718 1281
1718 1289
1718 1364
1718 1368
1718 1385
1718 1446
1718 1453
1718 1460
1718 1462
1718 1480
1718 1520
1718 1526
1718 1538
1718 1551
1718 1559
1718 1592
1718 1620
1718 1621
1718 1637
1718 1645
1718 1653
1718 1669
1718 1671
1718 1676
1718 1716
1718 1723
1718 1728
1718 1732
1718 1742
1718 1747
1718 1757
1718 1762
1718 2486
1718 2839
1718 3091
1718 3422
1718 3806
1718 3915
1718 3951
1718 4156
1718 4383
1718 4578
4289 426
4289 548
4289 1532
4289 2271
4289 2898
4289 3583
4289 3653
4289 3680
4289 3767
4289 3884
4289 3971
4289 3988
4289 3995
4289 4025
4289 4035
4289 4051
4289 4091
4289 4134
4289 4142
4289 4192
4289 4216
4289 4221
4289 4229
4289 4243
4289 4320
4289 4333
4289 4339
4289 4345
4289 4349
4289 4355
4289 4406
4289 4973
143 1719
143 4987
1719 580
1719 893
1719 934
1719 961
1719 984
1719 1068
1719 1077
1719 1162
1719 1163
1719 1188
1719 1193
1719 1200
1719 1209
1719 1233
1719 1252
1719 1254
1719 1268
1719 1274
1719 1283
1719 1304
1719 1320
1719 1362
1719 1367
1719 1423
1719 1442
1719 1466
1719 1473
1719 1493
1719 1512
1719 1517
1719 1519
1719 1533
1719 1591
1719 1605
1719 1606
1719 1649
1719 1655
1719 1658
1719 1667
1719 1696
1719 1699
1719 1754
1719 1760
1719 1761
1719 1765
1719 2362
1719 2831
1719 3341
1719 4342
1719 4454
1719 4458
1719 4832
1719 4843
4987 1053
4987 1150
4987 1233
4987 1716
4987 2058
4987 2853
4987 3113
4987 3363
4987 3401
4987 3471
4987 3923
4987 3969
4987 4152
4987 4417
4987 4420
4987 4428
4987 4445
4987 4467
4987 4482
4987 4490
4987 4517
4987 4527
4987 4545
4987 4560
4987 4584
4987 4595
4987 4597
4987 4599
4987 4604
4987 4605
4987 4610
4987 4611
4987 4612
4987 4633
4987 4636
4987 4639
4987 4666
4987 4681
4987 4685
4987 4703
4987 4760
4987 4762
4987 4764
4987 4771
4987 4774
4987 4783
4987 4788
4987 4811
4987 4837
4987 4844
4987 4878
4987 4885
4987 4886
4987 4887
4987 4892
4987 4896
4987 4910
4987 4917
4987 4935
4987 4943
4987 4948
4987 4951
4987 4967
4987 4971
4987 4977
4987 4979
4987 4980
4987 4995
4987 4996
4987 4997
203 222
203 2036
203 2850
203 4178
1743 836
1743 925
1743 942
1743 986
1743 1015
1743 1025
1743 1040
1743 1083
1743 1088
1743 1111
1743 1113
1743 1152
1743 1155
1743 1165
1743 1184
1743 1206
1743 1255
1743 1281
1743 1301
1743 1304
1743 1364
1743 1368
1743 1385
1743 1414
1743 1421
1743 1447
1743 1453
1743 1454
1743 1462
1743 1483
1743 1573
1743 1591
1743 1611
1743 1620
1743 1621
1743 1644
1743 1653
1743 1659
1743 1669
1743 1676
1743 1683
1743 1708
1743 1710
1743 1715
1743 1716
1743 1723
1743 1728
1743 1731
1743 1732
1743 1742
1743 1753
1743 1762
1743 1764
1743 2788
1743 2850
1743 2956
1743 3245
1743 3447
1743 3950
1743 4350
1743 4400
1743 4849
1743 4902
1743 4948
2055 252
2055 390
2055 848
2055 1772
2055 1778
2055 1782
2055 1783
2055 1797
2055 1806
2055 1811
2055 1818
2055 1826
2055 1830
2055 1831
2055 1834
2055 1836
2055 1851
2055 1853
2055 1857
2055 1858
2055 1865
2055 1866
2055 1868
2055 1874
2055 1879
2055 1886
2055 1898
2055 1908
2055 1909
2055 1910
2055 1915
2055 1923
2055 1939
2055 1942
2055 1959
2055 1970
2055 1977
2055 1979
2055 1982
2055 1983
2055 1996
2055 1997
2055 2005
2055 2006
2055 2007
2055 2013
2055 2033
2055 2042
2055 2043
2055 2045
2055 2056
2055 2059
2055 2065
2055 2435
2055 2573
2055 3311
2055 3674
2055 3829
2055 4231
2055 4855
170 212
170 213
170 252
170 2521
1649 930
1649 1043
1649 1082
1649 1134
1649 1168
1649 1240
1649 1248
1649 1272
1649 1348
1649 1354
1649 1381
1649 1402
1649 1411
1649 1492
1649 1537
1649 1578
1649 1585
1649 1665
1649 1666
1649 1676
1649 1677
1649 1691
1649 1733
1649 1746
1649 1758
1649 1759
1649 2807
1649 4405
1649 4978
1994 1407
1994 1818
1994 1887
1994 1889
1994 1937
1994 1960
1994 1986
1994 2004
1994 2015
1994 2021
1994 2027
1994 2038
1994 2053
1994 2065
1994 2066
1994 2513
146 1708
146 2603
1708 497
1708 926
1708 944
1708 982
1708 1029
1708 1039
1708 1073
1708 1126
1708 1149
1708 1172
1708 1228
1708 1271
1708 1313
1708 1321
1708 1334
1708 1374
1708 1427
1708 1475
1708 1500
1708 1505
1708 1524
1708 1542
1708 1548
1708 1549
1708 1581
1708 1595
1708 1624
1708 1640
1708 1644
1708 1671
1708 1694
1708 1698
1708 1699
1708 1709
1708 1711
1708 1740
1708 1745
1708 1757
1708 1763
1708 1764
1708 2066
1708 2172
1708 2214
1708 2664
1708 3089
1708 3375
1708 3641
1708 4124
2603 1542
2603 2136
2603 2244
2603 2262
2603 2268
2603 2308
2603 2343
2603 2359
2603 2376
2603 2380
2603 2381
2603 2423
2603 2428
2603 2437
2603 2453
2603 2455
2603 2501
2603 2508
2603 2548
2603 2549
2603 2556
2603 2559
2603 2583
2603 2605
2603 2609
2603 2613
2603 2614
2603 2618
2603 2622
2603 2626
2603 2631
2603 2632
2603 2938
2603 3224
2603 4243
2603 4294
2603 4342
2603 4441
2603 4589
2603 4912
2569 1173
2569 1729
2569 2123
2569 2137
2569 2165
2569 2181
2569 2217
2569 2300
2569 2346
2569 2364
2569 2403
2569 2422
2569 2429
2569 2449
2569 2497
2569 2511
2569 2515
2569 2517
2569 2546
2569 2567
2569 2590
2569 2594
2569 2595
2569 2602
2569 2645
2569 2837
2569 3796
2569 4727
4950 512
4950 588
4950 2798
4950 3703
4950 4443
4950 4481
4950 4529
4950 4535
4950 4546
4950 4610
4950 4638
4950 4642
4950 4649
4950 4670
4950 4674
4950 4688
4950 4714
4950 4719
4950 4723
4950 4730
4950 4731
4950 4733
4950 4753
4950 4757
4950 4789
4950 4803
4950 4869
4950 4874
4950 4875
4950 4908
4950 4930
4950 4932
4950 4936
4950 4937
4950 4942
4950 4943
4950 4955
4950 4961
4950 4964
4950 4966
3816 1425
3816 4089
3816 4238
3816 4284
3816 4344
3816 4367
3816 4380
3816 4389
4678 1370
4678 4454
4678 4480
4678 4664
4678 4734
4678 4866
4678 4903
4678 4986
4678 4988
4678 4998
227 1765
227 4099
227 4846
227 4930
460 364
460 475
460 483
460 524
460 537
460 562
460 564
460 607
460 1750
4185 1398
4185 2861
4185 3110
4185 3635
4185 3679
4185 3717
4185 3838
4185 3875
4185 3880
4185 3926
4185 4053
4185 4060
4185 4134
4185 4227
4185 4245
4185 4286
4185 4405
4990 551
4990 573
4990 1665
4990 1668
4990 1695
4990 2066
4990 2367
4990 2604
4990 2913
4990 4222
4990 4349
4990 4366
4990 4396
4990 4405
4990 4411
4990 4424
4990 4433
4990 4434
4990 4457
4990 4463
4990 4486
4990 4503
4990 4516
4990 4552
4990 4580
4990 4598
4990 4631
4990 4632
4990 4644
4990 4668
4990 4702
4990 4727
4990 4733
4990 4751
4990 4759
4990 4767
4990 4782
4990 4792
4990 4812
4990 4830
4990 4831
4990 4833
4990 4843
4990 4850
4990 4851
4990 4860
4990 4872
4990 4882
4990 4883
4990 4887
4990 4894
4990 4899
4990 4903
4990 4905
4990 4907
4990 4916
4990 4939
4990 4940
4990 4941
4990 4945
4990 4946
4990 4953
4990 4956
4990 4957
4990 4962
4990 4974
4990 4980
4990 4981
4990 4983
4990 4988
4990 4991
4990 4992
4990 4993
4990 4995
4990 4996
4990 4998
4990 4999
2587 432
2587 876
2587 1177
2587 1851
2587 2095
2587 2165
2587 2207
2587 2215
2587 2232
2587 2270
2587 2274
2587 2313
2587 2426
2587 2435
2587 2447
2587 2462
2587 2463
2587 2538
2587 2539
2587 2576
2587 2577
2587 2579
2587 2598
2587 2599
2587 2613
2587 2618
2587 2619
2587 2621
2587 2634
2587 2639
2587 2642
2587 2645
2587 2649
2587 2971
2587 3130
2587 4317
2720 2839
2720 2849
2720 2853
2720 2854
2720 2855
2720 2862
2720 2863
3532 4208
3532 4315
3532 4390
3532 4395
1682 886
1682 924
1682 946
1682 979
1682 989
1682 1224
1682 1298
1682 1335
1682 1371
1682 1397
1682 1559
1682 1560
1682 1569
1682 1593
1682 1602
1682 1646
1682 1657
1682 1670
1682 1674
1682 1696
1682 1700
1682 1711
1682 1726
1682 1734
1682 1747
1682 1750
1682 1755
1682 1760
1682 1761
1682 1764
1682 1765
1682 2629
1682 4118
1682 4377
1682 4996
4360 894
4360 1247
4360 1656
4360 1973
4360 2399
4360 2476
4360 2835
4360 2847
4360 3111
4360 3484
4360 3576
4360 3665
4360 3706
4360 3720
4360 3732
4360 3758
4360 3799
4360 3808
4360 3810
4360 3841
4360 3855
4360 3864
4360 3930
4360 3964
4360 3976
4360 3984
4360 4027
4360 4052
4360 4099
4360 4103
4360 4120
4360 4145
4360 4158
4360 4183
4360 4189
4360 4214
4360 4242
4360 4244
4360 4280
4360 4307
4360 4323
4360 4351
4360 4378
4360 4380
4360 4396
4360 4402
4360 4448
152 1610
152 3421
152 4332
1610 493
1610 618
1610 1101
1610 1189
1610 1236
1610 1380
1610 1410
1610 1485
1610 1498
1610 1563
1610 1586
1610 1607
1610 1616
1610 1629
1610 1656
1610 1665
1610 1703
1610 1717
1610 1721
1610 1724
1610 1730
1610 1745
1610 1754
1610 2567
1610 4967
3421 1214
3421 2330
3421 3226
3421 3296
3421 3323
3421 3361
3421 3364
3421 3370
3421 3373
3421 3378
3421 3417
3421 3426
3421 3433
3421 3444
3421 3447
3421 3461
3421 3464
3421 3467
3421 3469
3421 3471
3421 3472
3421 3473
3421 3474
3421 4300
3421 4998
4332 1608
4332 1670
4332 1760
4332 2254
4332 2516
4332 2837
4332 2841
4332 3381
4332 3606
4332 3641
4332 3692
4332 3828
4332 3841
4332 3843
4332 3941
4332 3949
4332 3953
4332 3955
4332 3965
4332 3974
4332 4005
4332 4008
4332 4010
4332 4017
4332 4043
4332 4080
4332 4084
4332 4090
4332 4128
4332 4151
4332 4159
4332 4175
4332 4179
4332 4182
4332 4189
4332 4211
4332 4270
4332 4324
4332 4331
4332 4335
4332 4353
4332 4355
4332 4386
4332 4398
4391 523
4391 608
4391 872
4391 1013
4391 1745
4391 1761
4391 2255
4391 2480
4391 3407
4391 3515
4391 3561
4391 3638
4391 3673
4391 3698
4391 3718
4391 3740
4391 3741
4391 3763
4391 3767
4391 3788
4391 3854
4391 3869
4391 3886
4391 3910
4391 3914
4391 3935
4391 3940
4391 3949
4391 3972
4391 4007
4391 4018
4391 4031
4391 4047
4391 4048
4391 4079
4391 4099
4391 4112
4391 4121
4391 4135
4391 4143
4391 4161
4391 4165
4391 4181
4391 4184
4391 4191
4391 4219
4391 4232
4391 4250
4391 4255
4391 4274
4391 4282
4391 4301
4391 4302
4391 4305
4391 4307
4391 4317
4391 4341
4391 4348
4391 4354
4391 4370
4391 4371
4391 4372
4391 4374
4391 4378
4391 4379
4391 4405
4391 4406
4391 4407
4391 4553
4391 4807
4391 4967
4391 4980
4642 4092
4642 4674
4642 4877
4642 4883
4642 4908
4642 4942
4642 4943
4642 4955
4642 4964
257 223
257 248
257 1574
257 1591
257 1696
257 3149
257 4672
1863 1800
1863 1812
1863 1872
1863 1907
1863 2060
1863 2065
1863 2066
212 862
212 865
212 3688
4962 450
4962 547
4962 1197
4962 1500
4962 2628
4962 2633
4962 2926
4962 3599
4962 3970
4962 4419
4962 4424
4962 4434
4962 4481
4962 4493
4962 4503
4962 4504
4962 4525
4962 4575
4962 4595
4962 4608
4962 4751
4962 4763
4962 4796
4962 4834
4962 4843
4962 4851
4962 4872
4962 4882
4962 4894
4962 4903
4962 4926
4962 4935
4962 4939
4962 4941
4962 4943
4962 4946
4962 4956
4962 4957
4962 4965
4962 4981
4962 4983
4962 4992
4962 4995
4962 4996
4962 4997
4962 4998
4962 4999
2051 1402
2051 1421
2051 1720
2051 1781
2051 1786
2051 1795
2051 1801
2051 1824
2051 1829
2051 1832
2051 1871
2051 1878
2051 1890
2051 1902
2051 1905
2051 1911
2051 1917
2051 1927
2051 1936
2051 1954
2051 1956
2051 1957
2051 1958
2051 1967
2051 1976
2051 1980
2051 1981
2051 1984
2051 1990
2051 2007
2051 2009
2051 2014
2051 2019
2051 2024
2051 2028
2051 2029
2051 2034
2051 2036
2051 2045
2051 2046
2051 2050
2051 2052
2051 2053
2051 2816
2051 3468
2051 3496
2051 4204
2051 4775
2911 2985
2911 3118
2911 3158
2911 3159
2959 3073
2959 3078
2959 3105
2959 3120
2959 3123
2959 3150
2959 3158
157 1750
157 4608
1750 187
1750 878
1750 924
1750 965
1750 968
1750 993
1750 1036
1750 1045
1750 1046
1750 1049
1750 1094
1750 1133
1750 1180
1750 1181
1750 1194
1750 1207
1750 1210
1750 1239
1750 1251
1750 1268
1750 1298
1750 1330
1750 1353
1750 1358
1750 1361
1750 1371
1750 1376
1750 1396
1750 1397
1750 1403
1750 1431
1750 1445
1750 1464
1750 1496
1750 1501
1750 1513
1750 1535
1750 1552
1750 1554
1750 1555
1750 1559
1750 1560
1750 1576
1750 1580
1750 1591
1750 1602
1750 1615
1750 1622
1750 1631
1750 1636
1750 1661
1750 1666
1750 1670
1750 1693
1750 1696
1750 1711
1750 1726
1750 1747
1750 1755
1750 1756
1750 1760
1750 1761
1750 1764
1750 1765
1750 2638
1750 2855
1750 3085
1750 3192
1750 3442
1750 3489
1750 3953
1750 4013
1750 4213
1750 4367
1750 4894
4608 609
4608 4780
4608 4798
4608 4928
4608 4978
4608 4982
4608 4988
4608 4991
623 333
623 339
623 340
623 342
623 345
623 359
623 363
623 378
623 381
623 387
623 389
623 393
623 394
623 395
623 398
623 407
623 413
623 423
623 427
623 434
623 438
623 443
623 448
623 450
623 463
623 465
623 489
623 510
623 518
623 520
623 521
623 522
623 523
623 525
623 528
623 529
623 530
623 536
623 542
623 546
623 549
623 568
623 569
623 576
623 578
623 580
623 582
623 586
623 588
623 589
623 591
623 594
623 595
623 596
623 605
623 608
623 611
623 614
623 616
623 620
623 1285
623 2177
623 2250
623 2471
623 3069
623 3453
623 4361
623 4662
623 4838
623 4959
623 4978
4329 395
4329 1589
4329 2533
4329 2739
4329 3110
4329 3486
4329 3498
4329 3511
4329 3682
4329 3773
4329 3778
4329 3843
4329 3861
4329 4056
4329 4076
4329 4108
4329 4157
4329 4204
4329 4209
4329 4212
4329 4220
4329 4236
4329 4241
4329 4248
4329 4249
4329 4251
4329 4257
4329 4309
4329 4312
4329 4313
4329 4330
4329 4338
4329 4347
4329 4362
4329 4365
4329 4376
4329 4377
4329 4381
4329 4382
4329 4386
4329 4400
4329 4837
4329 4983
159 2079
159 3386
159 4679
2079 2117
2079 2334
2079 2380
2079 2401
2079 2476
2079 3290
3386 1099
3386 2431
3386 3173
3386 3221
3386 3231
3386 3332
3386 3340
3386 3349
3386 3365
3386 3393
3386 3396
3386 3412
3386 3420
3386 3422
3386 3431
3386 3456
3386 3473
3386 4291
4679 4236
4679 4491
4679 4706
4679 4735
4679 4819
4679 4903
4679 4926
4679 4946
4679 4959
893 333
893 654
893 657
893 662
893 666
893 674
893 686
893 690
893 692
893 699
893 707
893 720
893 721
893 722
893 726
893 741
893 747
893 748
893 752
893 757
893 758
893 761
893 772
893 779
893 782
893 784
893 791
893 805
893 808
893 809
893 810
893 813
893 821
893 825
893 828
893 831
893 838
893 841
893 842
893 849
893 854
893 855
893 860
893 861
893 862
893 864
893 865
893 872
893 873
893 874
893 875
893 877
893 878
893 881
893 882
893 883
893 885
893 888
893 889
893 890
893 891
893 892
893 894
893 895
893 896
893 898
893 899
893 901
893 1151
893 1201
893 1388
893 1462
893 1706
893 2037
893 2050
893 2231
893 2826
893 2981
893 3044
893 3473
893 4576
893 4852
3093 806
3093 1736
3093 2881
3093 2960
3093 2986
3093 2989
3093 3017
3093 3049
3093 3063
3093 3073
3093 3088
3093 3131
3093 3132
3093 3146
3093 3150
3093 3152
3093 3155
3093 3161
727 645
727 676
727 686
727 787
727 803
727 838
727 895
4390 628
4390 748
4390 815
4390 831
4390 1722
4390 1757
4390 2575
4390 2585
4390 3148
4390 3499
4390 3535
4390 3620
4390 3647
4390 3649
4390 3651
4390 3669
4390 3711
4390 3728
4390 3794
4390 3810
4390 3851
4390 3896
4390 3923
4390 3969
4390 4009
4390 4062
4390 4073
4390 4075
4390 4094
4390 4137
4390 4138
4390 4150
4390 4153
4390 4164
4390 4167
4390 4172
4390 4176
4390 4216
4390 4222
4390 4227
4390 4231
4390 4236
4390 4240
4390 4251
4390 4265
4390 4271
4390 4296
4390 4300
4390 4315
4390 4343
4390 4344
4390 4345
4390 4347
4390 4355
4390 4361
4390 4366
4390 4370
4390 4375
4390 4377
4390 4379
4390 4387
4390 4395
4390 4398
4390 4404
4390 4598
4390 4638
4390 4819
4390 4986
835 664
835 674
835 697
835 769
835 777
835 778
835 781
835 782
835 794
835 796
835 818
835 820
835 851
835 862
835 864
835 869
835 889
835 891
835 1970
835 2649
835 3886
835 4177
3781 2857
3781 3762
3781 3947
3781 3960
3781 4367
3781 4374
3781 4389
4376 1146
4376 1375
4376 1657
4376 1709
4376 1885
4376 1968
4376 2005
4376 2579
4376 2643
4376 3127
4376 3453
4376 3494
4376 3575
4376 3577
4376 3590
4376 3664
4376 3729
4376 3746
4376 3773
4376 3813
4376 3831
4376 3860
4376 3868
4376 3913
4376 3960
4376 3965
4376 3982
4376 3985
4376 4040
4376 4051
4376 4076
4376 4124
4376 4140
4376 4157
4376 4168
4376 4172
4376 4177
4376 4204
4376 4209
4376 4212
4376 4223
4376 4241
4376 4248
4376 4249
4376 4251
4376 4257
4376 4258
4376 4294
4376 4299
4376 4312
4376 4313
4376 4338
4376 4347
4376 4362
4376 4365
4376 4381
4376 4386
4376 4395
4376 4400
2386 1488
2386 2285
2386 2310
2386 2353
2386 2357
2386 2426
2386 2526
2386 2590
2386 2604
2386 2610
2386 2617
2386 2618
248 1430
248 3673
248 4135
2791 2020
2791 2657
2791 2667
2791 2680
2791 2683
2791 2709
2791 2753
2791 2763
2791 2764
2791 2767
2791 2773
2791 2824
2791 2830
2791 2856
2791 2861
2791 4366
4991 1383
4991 1385
4991 1520
4991 1622
4991 1690
4991 2355
4991 2462
4991 2510
4991 3090
4991 3106
4991 3166
4991 3433
4991 4064
4991 4383
4991 4416
4991 4418
4991 4471
4991 4480
4991 4498
4991 4519
4991 4521
4991 4522
4991 4554
4991 4561
4991 4582
4991 4583
4991 4594
4991 4617
4991 4632
4991 4645
4991 4651
4991 4664
4991 4695
4991 4698
4991 4703
4991 4711
4991 4720
4991 4725
4991 4734
4991 4743
4991 4767
4991 4768
4991 4775
4991 4781
4991 4783
4991 4798
4991 4827
4991 4856
4991 4858
4991 4860
4991 4864
4991 4879
4991 4900
4991 4914
4991 4924
4991 4929
4991 4946
4991 4953
4991 4961
4991 4963
4991 4968
4991 4969
4991 4973
4991 4974
4991 4976
4991 4978
4991 4982
4991 4985
4991 4986
4991 4988
4991 4996
4991 4998
165 2032
165 2830
2032 373
2032 888
2032 1097
2032 1810
2032 1839
2032 1845
2032 1884
2032 1896
2032 1906
2032 1915
2032 1930
2032 1943
2032 1948
2032 1949
2032 1956
2032 1957
2032 1965
2032 1983
2032 1999
2032 2012
2032 2020
2032 2026
2032 2039
2032 2044
2032 2052
2032 2053
2032 2057
2032 2058
2032 2061
2032 3090
2032 3595
2830 616
2830 1411
2830 1446
2830 2654
2830 2662
2830 2668
2830 2675
2830 2683
2830 2686
2830 2691
2830 2702
2830 2739
2830 2760
2830 2764
2830 2767
2830 2768
2830 2773
2830 2781
2830 2788
2830 2799
2830 2818
2830 2824
2830 2827
2830 2848
2830 2855
2830 2856
2830 2860
2830 4946
2830 4966
166 571
571 351
571 355
571 367
571 397
571 401
571 451
571 521
571 534
571 545
571 561
571 564
571 585
571 587
571 588
571 596
571 606
571 613
571 614
571 618
571 622
571 1701
571 2851
571 3159
571 3391
571 3408
1762 441
1762 719
1762 739
1762 901
1762 925
1762 942
1762 986
1762 1001
1762 1019
1762 1038
1762 1049
1762 1083
1762 1120
1762 1152
1762 1165
1762 1167
1762 1176
1762 1184
1762 1192
1762 1199
1762 1215
1762 1229
1762 1244
1762 1245
1762 1250
1762 1255
1762 1273
1762 1281
1762 1284
1762 1301
1762 1364
1762 1368
1762 1385
1762 1386
1762 1390
1762 1414
1762 1445
1762 1446
1762 1447
1762 1453
1762 1454
1762 1462
1762 1474
1762 1476
1762 1480
1762 1483
1762 1495
1762 1496
1762 1520
1762 1526
1762 1538
1762 1573
1762 1588
1762 1590
1762 1592
1762 1596
1762 1599
1762 1618
1762 1620
1762 1621
1762 1644
1762 1653
1762 1669
1762 1671
1762 1676
1762 1715
1762 1716
1762 1723
1762 1726
1762 1728
1762 1731
1762 1732
1762 1742
1762 1746
1762 1755
1762 1756
1762 1763
1762 2007
1762 2200
1762 2630
1762 2862
1762 3098
1762 4176
1762 4225
1762 4664
1762 4908
1762 4953
1762 4999
3462 1136
3462 1678
3462 1692
3462 1921
3462 2188
3462 2411
3462 2501
3462 2642
3462 3171
3462 3172
3462 3174
3462 3176
3462 3177
3462 3179
3462 3190
3462 3193
3462 3200
3462 3243
3462 3247
3462 3253
3462 3276
3462 3278
3462 3282
3462 3301
3462 3303
3462 3305
3462 3312
3462 3324
3462 3338
3462 3369
3462 3372
3462 3381
3462 3387
3462 3389
3462 3392
3462 3399
3462 3400
3462 3402
3462 3418
3462 3420
3462 3427
3462 3428
3462 3430
3462 3436
3462 3441
3462 3442
3462 3445
3462 3448
3462 3452
3462 3456
3462 3458
3462 3461
3462 3463
3462 3470
3462 4256
3462 4715
168 2002
168 2596
2002 1533
2002 1828
2002 1840
2002 1841
2002 1918
2002 1923
2002 1934
2002 1976
2002 1981
2002 2001
2002 2003
2002 2010
2002 2017
2002 2031
2002 2040
2002 2041
2002 2048
2002 3083
2596 1052
2596 1295
2596 1667
2596 2019
2596 2031
2596 2190
2596 2251
2596 2275
2596 2413
2596 2430
2596 2479
2596 2508
2596 2517
2596 2533
2596 2535
2596 2542
2596 2550
2596 2553
2596 2556
2596 2565
2596 2573
2596 2581
2596 2591
2596 2611
2596 2612
2596 2619
2596 2624
2596 2626
2596 2627
2596 2628
2596 2633
2596 2634
2596 2636
2596 2637
2596 2638
2596 2643
2596 2645
2596 2914
490 479
490 509
490 514
490 553
490 559
490 599
490 605
490 610
490 622
490 1680
490 3960
1637 914
1637 1052
1637 1134
1637 1206
1637 1303
1637 1330
1637 1371
1637 1462
1637 1554
1637 1589
1637 1602
1637 1646
1637 1661
1637 1696
1637 1701
1637 1711
1637 1726
1637 1747
1637 1755
1637 1760
1637 1761
1637 1764
1637 1765
1637 3076
1637 3130
1637 4906
4406 385
4406 391
4406 871
4406 1296
4406 1429
4406 1607
4406 1706
4406 2184
4406 2629
4406 2645
4406 2646
4406 3056
4406 3121
4406 3489
4406 3506
4406 3543
4406 3561
4406 3592
4406 3597
4406 3612
4406 3616
4406 3672
4406 3681
4406 3693
4406 3696
4406 3698
4406 3708
4406 3741
4406 3779
4406 3786
4406 3788
4406 3795
4406 3804
4406 3854
4406 3869
4406 3876
4406 3879
4406 3893
4406 3902
4406 3914
4406 3920
4406 3935
4406 3940
4406 3970
4406 4007
4406 4022
4406 4031
4406 4044
4406 4048
4406 4079
4406 4094
4406 4116
4406 4117
4406 4121
4406 4135
4406 4143
4406 4147
4406 4161
4406 4181
4406 4184
4406 4191
4406 4204
4406 4232
4406 4240
4406 4250
4406 4274
4406 4282
4406 4292
4406 4301
4406 4305
4406 4307
4406 4317
4406 4348
4406 4354
4406 4358
4406 4371
4406 4372
4406 4404
4406 4405
4406 4407
4406 4453
4406 4789
213 884
213 3380
213 3416
252 4357
2521 1655
2521 2071
2521 2092
2521 2135
2521 2158
2521 2231
2521 2246
2521 2258
2521 2278
2521 2344
2521 2392
2521 2428
2521 2451
2521 2458
2521 2483
2521 2493
2521 2537
2521 2607
2521 2627
2521 4113
2521 4346
653 742
653 869
653 885
653 896
984 1188
984 1442
984 1463
984 1655
194 591
194 4920
222 1722
222 2421
222 4351
237 217
237 560
237 1831
237 3277
237 4372
240 1030
240 1972
240 3600
240 4900
2575 2060
2575 2072
2575 2085
2575 2152
2575 2171
2575 2180
2575 2192
2575 2228
2575 2231
2575 2305
2575 2317
2575 2322
2575 2328
2575 2340
2575 2389
2575 2431
2575 2446
2575 2453
2575 2477
2575 2545
2575 2551
2575 2554
2575 2572
2575 2588
2575 2595
2575 2597
2575 2633
2575 2636
2575 3351
2575 3452
2575 3463
2575 3505
4310 1157
4310 1392
4310 1734
4310 2122
4310 2820
4310 3480
4310 3505
4310 3515
4310 3517
4310 3519
4310 3557
4310 3573
4310 3603
4310 3710
4310 3736
4310 3744
4310 3818
4310 3904
4310 3934
4310 3963
4310 3978
4310 3983
4310 4033
4310 4079
4310 4156
4310 4169
4310 4196
4310 4235
4310 4255
4310 4291
4310 4323
4310 4358
4310 4361
4310 4365
4310 4381
4310 4824
1865 1949
1865 2052
1865 2057
1865 2058
1865 2060
1865 2061
1865 4635
2165 2541
2165 2598
2165 2642
2165 2648
2165 3912
2626 610
2626 1264
2626 2076
2626 2106
2626 2109
2626 2136
2626 2169
2626 2186
2626 2206
2626 2207
2626 2209
2626 2245
2626 2260
2626 2302
2626 2308
2626 2330
2626 2339
2626 2359
2626 2361
2626 2376
2626 2381
2626 2401
2626 2411
2626 2423
2626 2428
2626 2437
2626 2455
2626 2501
2626 2505
2626 2508
2626 2513
2626 2541
2626 2548
2626 2549
2626 2559
2626 2574
2626 2590
2626 2605
2626 2609
2626 2614
2626 2622
2626 2631
2626 2632
2626 2635
2626 2842
2626 3002
2626 3640
2626 4245
2626 4369
2626 4377
2626 4846
2626 4919
3382 1390
3382 1502
3382 1996
3382 3233
3382 3242
3382 3284
3382 3297
3382 3314
3382 3322
3382 3352
3382 3354
3382 3359
3382 3371
3382 3375
3382 3400
3382 3401
3382 3422
3382 3451
3382 3471
2572 1706
2572 2078
2572 2085
2572 2121
2572 2152
2572 2187
2572 2192
2572 2250
2572 2305
2572 2306
2572 2322
2572 2328
2572 2340
2572 2431
2572 2439
2572 2446
2572 2453
2572 2545
2572 2548
2572 2551
2572 2554
2572 2589
2572 2597
2572 2600
2572 2639
2572 2862
2572 3165
2572 3375
2572 4529
3095 2496
3095 2649
3095 2866
3095 2882
3095 2925
3095 2979
3095 2983
3095 3040
3095 3042
3095 3049
3095 3053
3095 3108
3095 3113
3095 3126
3095 3132
3095 3135
3095 3138
3095 4786
3930 1754
3930 3783
3930 4094
3930 4278
3930 4382
3930 4396
3930 4402
4456 4874
4456 4879
4456 4938
4456 4944
3734 3518
3734 3972
3734 4378
3734 4396
3734 4402
4210 1201
4210 2834
4210 3656
4210 3707
4210 3761
4210 3780
4210 3797
4210 3919
4210 3956
4210 4058
4210 4065
4210 4069
4210 4074
4210 4108
4210 4130
4210 4222
4210 4276
4210 4283
4210 4307
4210 4335
4210 4344
4210 4927
4970 445
4970 711
4970 1123
4970 1409
4970 1690
4970 1723
4970 2205
4970 3087
4970 3368
4970 4415
4970 4428
4970 4436
4970 4461
4970 4467
4970 4501
4970 4511
4970 4526
4970 4527
4970 4533
4970 4538
4970 4548
4970 4557
4970 4572
4970 4600
4970 4607
4970 4612
4970 4622
4970 4707
4970 4732
4970 4755
4970 4768
4970 4790
4970 4806
4970 4809
4970 4819
4970 4820
4970 4828
4970 4839
4970 4860
4970 4865
4970 4876
4970 4898
4970 4904
4970 4906
4970 4912
4970 4914
4970 4922
4970 4923
4970 4937
4970 4954
4970 4965
4970 4988
4970 4997
587 334
587 379
587 383
587 415
587 418
587 427
587 435
587 445
587 451
587 457
587 464
587 468
587 476
587 477
587 480
587 485
587 491
587 519
587 552
587 556
587 583
587 610
587 619
587 846
587 1020
587 1322
587 1886
587 4883
3168 714
3168 840
3168 896
3168 1511
3168 2054
3168 2595
3168 2837
3168 2847
3168 2873
3168 2890
3168 2892
3168 2894
3168 2895
3168 2904
3168 2907
3168 2928
3168 2930
3168 2933
3168 2934
3168 2935
3168 2955
3168 2956
3168 2964
3168 2967
3168 2970
3168 2973
3168 2988
3168 3010
3168 3019
3168 3022
3168 3026
3168 3029
3168 3030
3168 3031
3168 3062
3168 3065
3168 3066
3168 3081
3168 3082
3168 3084
3168 3085
3168 3087
3168 3088
3168 3101
3168 3105
3168 3111
3168 3116
3168 3119
3168 3129
3168 3130
3168 3137
3168 3140
3168 3142
3168 3148
3168 3149
3168 3154
3168 3372
3168 3832
3168 4405
3168 4846
3111 883
3111 2906
3111 2955
3111 3065
3111 3080
3111 3081
3111 3084
3111 3088
3111 3101
3111 3106
3111 3121
3111 3129
3111 3130
3111 3138
3111 3140
3111 3149
3111 3317
3111 4181
4170 1938
4170 2385
4170 3484
4170 3687
4170 3704
4170 3750
4170 3835
4170 3838
4170 3915
4170 3916
4170 4098
4170 4111
4170 4113
4170 4171
4170 4211
4170 4253
4170 4337
4170 4381
4170 4793
4865 896
4865 1901
4865 4383
4865 4526
4865 4600
4865 4656
4865 4717
4865 4737
4865 4790
4865 4876
4865 4898
4865 4906
4865 4914
4865 4922
4865 4923
4865 4937
4865 4954
4865 4965
4865 4980
834 596
834 599
834 632
834 671
834 717
834 732
834 737
834 790
834 804
834 816
834 823
834 824
834 846
834 860
834 861
834 864
834 873
834 876
834 877
834 884
834 894
834 896
834 1473
1698 913
1698 933
1698 952
1698 1031
1698 1055
1698 1148
1698 1202
1698 1228
1698 1252
1698 1266
1698 1275
1698 1321
1698 1374
1698 1377
1698 1396
1698 1441
1698 1479
1698 1498
1698 1530
1698 1542
1698 1548
1698 1550
1698 1582
1698 1584
1698 1595
1698 1619
1698 1640
1698 1679
1698 1709
1698 1741
1698 1742
1698 1745
1698 1753
1698 1757
1698 1763
1698 2391
1698 2768
1698 3427
1698 3754
1698 4226
1698 4298
1698 4415
1698 4577
535 410
535 430
535 431
535 436
535 456
535 470
535 477
535 500
535 514
535 538
535 559
535 560
535 562
535 611
535 616
535 929
535 2052
4952 994
4952 1494
4952 2090
4952 2781
4952 3450
4952 3470
4952 4396
4952 4431
4952 4436
4952 4453
4952 4508
4952 4512
4952 4541
4952 4542
4952 4543
4952 4550
4952 4555
4952 4567
4952 4591
4952 4613
4952 4628
4952 4706
4952 4724
4952 4735
4952 4766
4952 4801
4952 4809
4952 4821
4952 4847
4952 4873
4952 4892
4952 4901
4952 4913
4952 4914
4952 4926
4952 4933
4952 4942
4952 4951
4952 4959
4952 4976
4952 4992
4952 4997
182 376
182 2636
376 553
376 597
376 598
376 609
376 616
376 4799
2636 1122
2636 1220
2636 1652
2636 1759
2636 1830
2636 2094
2636 2101
2636 2121
2636 2125
2636 2184
2636 2188
2636 2230
2636 2243
2636 2267
2636 2288
2636 2290
2636 2291
2636 2311
2636 2313
2636 2345
2636 2347
2636 2349
2636 2378
2636 2389
2636 2398
2636 2400
2636 2406
2636 2442
2636 2462
2636 2466
2636 2480
2636 2489
2636 2512
2636 2524
2636 2533
2636 2542
2636 2552
2636 2556
2636 2565
2636 2573
2636 2577
2636 2583
2636 2584
2636 2606
2636 2624
2636 2627
2636 2628
2636 2633
2636 2634
2636 2637
2636 2638
2636 2643
2636 2644
2636 2831
2636 2931
2636 3013
2636 3055
2636 4018
2636 4321
1619 830
1619 915
1619 939
1619 948
1619 995
1619 1170
1619 1189
1619 1300
1619 1302
1619 1339
1619 1381
1619 1398
1619 1400
1619 1451
1619 1455
1619 1470
1619 1575
1619 1577
1619 1593
1619 1706
1619 1760
1619 4301
1619 4316
1619 4564
4883 2642
4883 4269
4883 4480
4883 4544
4883 4551
4883 4648
4883 4717
4883 4741
4883 4779
4883 4807
4883 4833
4883 4850
4883 4894
4883 4898
4883 4939
4883 4956
4883 4977
4883 4980
4883 4981
4883 4995
4883 4996
4883 4997
1731 512
1731 877
1731 925
1731 1113
1731 1165
1731 1183
1731 1199
1731 1215
1731 1217
1731 1255
1731 1284
1731 1301
1731 1320
1731 1328
1731 1368
1731 1399
1731 1421
1731 1437
1731 1446
1731 1447
1731 1453
1731 1468
1731 1480
1731 1520
1731 1526
1731 1538
1731 1562
1731 1573
1731 1592
1731 1611
1731 1613
1731 1618
1731 1622
1731 1638
1731 1644
1731 1653
1731 1669
1731 1671
1731 1676
1731 1699
1731 1706
1731 1711
1731 1723
1731 1728
1731 1732
1731 1742
1731 1747
1731 2541
1731 2576
1731 3153
1731 3295
1731 3416
1731 4089
1731 4296
1731 4770
1731 4857
2039 1373
2039 1703
2039 1805
2039 1849
2039 1852
2039 1882
2039 1896
2039 1930
2039 1936
2039 1943
2039 1961
2039 1972
2039 1995
2039 1999
2039 2006
2039 2012
2039 2018
2039 2023
2039 2024
2039 2026
2039 2027
2039 2052
2039 2054
2039 2057
2039 2058
2039 2060
2039 2061
2039 2066
2039 3396
2039 3400
2039 3440
2039 4905
3562 3133
3562 3738
3562 4087
3562 4306
3562 4343
1591 934
1591 1077
1591 1162
1591 1163
1591 1300
1591 1423
1591 1466
1591 1473
1591 1512
1591 1519
1591 1533
1591 1631
1591 1655
1591 1658
1591 1667
1591 1688
1591 2997
1591 3358
1591 4917
1734 902
1734 947
1734 951
1734 958
1734 1006
1734 1083
1734 1094
1734 1109
1734 1118
1734 1124
1734 1126
1734 1137
1734 1139
1734 1146
1734 1179
1734 1204
1734 1218
1734 1224
1734 1226
1734 1285
1734 1292
1734 1312
1734 1324
1734 1350
1734 1363
1734 1404
1734 1435
1734 1468
1734 1481
1734 1491
1734 1521
1734 1529
1734 1546
1734 1563
1734 1566
1734 1571
1734 1583
1734 1587
1734 1623
1734 1628
1734 1633
1734 1636
1734 1690
1734 1691
1734 1699
1734 1711
1734 1737
1734 1760
1734 2010
1734 2031
1734 2452
1734 2511
1734 2629
1734 3347
1734 4349
1734 4367
1734 4615
1734 4756
2014 878
2014 1625
2014 1770
2014 1784
2014 1899
2014 1940
2014 1942
2014 1953
2014 1982
2014 2000
2014 2004
2014 2011
2014 2015
2014 2054
2014 2058
2014 2059
2014 2060
2014 2065
2014 2066
2014 2606
824 684
824 737
824 798
824 807
824 823
824 848
824 849
824 859
824 860
824 861
824 876
824 877
824 884
824 894
824 899
824 1210
824 1296
824 4002
980 959
980 1333
980 1702
980 1725
980 2381
1537 1023
1537 1286
1537 1348
1537 1354
1537 1388
1537 1401
1537 1492
1537 1531
1537 1561
1537 1562
1537 1607
1537 1653
1537 1677
1537 1759
1537 2619
1537 3423
187 239
187 1729
187 2432
239 387
239 808
239 1288
239 2366
1729 938
1729 978
1729 1129
1729 1156
1729 1205
1729 1238
1729 1245
1729 1286
1729 1287
1729 1294
1729 1311
1729 1322
1729 1327
1729 1340
1729 1352
1729 1434
1729 1436
1729 1463
1729 1488
1729 1490
1729 1527
1729 1559
1729 1590
1729 1598
1729 1601
1729 1603
1729 1608
1729 1630
1729 1650
1729 1665
1729 1673
1729 1675
1729 1678
1729 1687
1729 1692
1729 1706
1729 1713
1729 1715
1729 1717
1729 1728
1729 1739
1729 1744
1729 1745
1729 1748
1729 1753
1729 1756
1729 2211
1729 2276
1729 2524
1729 2833
1729 3119
1729 4060
1729 4352
1729 4407
1729 4805
1729 4888
1729 4931
2432 1475
2432 2128
2432 2319
2432 2414
2432 2417
2432 2504
2432 2532
2432 2562
2432 2571
2432 2574
2432 2606
2432 2607
2432 2615
2432 4345
1645 593
1645 1020
1645 1150
1645 1161
1645 1171
1645 1219
1645 1249
1645 1375
1645 1405
1645 1435
1645 1484
1645 1545
1645 1573
1645 1576
1645 1594
1645 1600
1645 1646
1645 1662
1645 1695
1645 1736
1645 1741
1645 1746
1645 1747
1645 2369
1645 2619
1645 3045
1645 4531
2369 2141
2369 2296
2369 2547
2369 2584
2369 2600
2369 2644
2369 2646
2369 2648
2369 3817
4402 578
4402 1088
4402 1434
4402 1620
4402 1700
4402 1764
4402 2071
4402 2162
4402 2314
4402 2324
4402 2490
4402 2598
4402 2600
4402 2614
4402 2617
4402 3480
4402 3507
4402 3526
4402 3537
4402 3538
4402 3589
4402 3593
4402 3601
4402 3622
4402 3643
4402 3654
4402 3678
4402 3703
4402 3725
4402 3753
4402 3758
4402 3759
4402 3797
4402 3810
4402 3836
4402 3837
4402 3864
4402 3881
4402 3882
4402 3899
4402 3908
4402 3911
4402 3964
4402 3984
4402 4002
4402 4019
4402 4046
4402 4078
4402 4103
4402 4120
4402 4134
4402 4145
4402 4163
4402 4177
4402 4183
4402 4200
4402 4207
4402 4214
4402 4230
4402 4237
4402 4244
4402 4267
4402 4269
4402 4276
4402 4280
4402 4335
4402 4350
4402 4351
4402 4352
4402 4362
4402 4378
4402 4381
4402 4396
4402 4964
4402 4981
4402 4998
743 656
743 711
743 714
743 719
743 759
743 761
743 801
743 892
899 427
899 637
899 639
899 649
899 663
899 670
899 672
899 678
899 689
899 695
899 696
899 699
899 712
899 717
899 721
899 724
899 726
899 732
899 736
899 747
899 756
899 757
899 765
899 769
899 771
899 772
899 783
899 784
899 788
899 789
899 797
899 805
899 809
899 813
899 814
899 825
899 828
899 833
899 839
899 841
899 842
899 843
899 846
899 851
899 854
899 855
899 858
899 864
899 865
899 869
899 871
899 872
899 874
899 875
899 878
899 879
899 881
899 882
899 883
899 885
899 886
899 888
899 889
899 890
899 891
899 892
899 894
899 895
899 896
899 898
899 901
899 1555
899 1632
899 1668
899 3079
899 3381
899 3391
899 3449
899 3467
899 3497
899 4231
899 4321
899 4341
899 4370
899 4380
899 4986
4828 881
4828 2958
4828 3944
4828 4681
4828 4738
4828 4804
4828 4809
4828 4876
4828 4898
4828 4904
4828 4906
4828 4914
4828 4922
4828 4923
4828 4937
4828 4940
4828 4954
1622 879
1622 884
1622 1028
1622 1054
1622 1303
1622 1347
1622 1476
1622 1501
1622 1508
1622 1555
1622 1570
1622 1631
1622 1670
1622 1693
1622 1704
1622 1711
1622 1747
1622 1755
1622 1761
1622 1764
1622 1765
1622 2919
1622 4400
3830 3745
3830 3943
3830 4012
3830 4037
3830 4105
3830 4123
3830 4240
1162 1362
1162 1421
1162 1466
1162 1512
1162 1667
1162 1715
1162 2617
3019 2997
3019 3026
3019 3087
3019 3106
3019 3121
3019 3140
3019 3149
3019 3150
3019 4237
4262 1108
4262 1451
4262 1674
4262 3389
4262 3621
4262 3958
4262 3993
4262 3998
4262 4074
4262 4117
4262 4131
4262 4141
4262 4148
4262 4180
4262 4202
4262 4239
4262 4264
4262 4267
4262 4285
4262 4294
4262 4304
4262 4319
4262 4340
4262 4357
4262 4364
4262 4507
2552 1462
2552 1594
2552 2229
2552 2294
2552 2357
2552 2471
2552 2491
2552 2510
2552 2519
2552 2562
2552 2584
2552 2600
2552 2612
2552 2620
2552 2629
2552 2642
2552 2644
2552 2646
2552 2647
2552 2648
2552 4369
4168 801
4168 2031
4168 3464
4168 3936
4168 4300
4168 4307
4168 4315
4168 4355
4168 4361
4168 4370
4168 4377
4168 4379
4168 4383
4168 4387
4168 4395
4168 4404
4929 1855
4929 2618
4929 3016
4929 3453
4929 4290
4929 4342
4929 4416
4929 4446
4929 4635
4929 4699
4929 4742
4929 4748
4929 4780
4929 4805
4929 4856
4929 4896
4929 4900
4929 4902
4929 4916
4929 4917
4929 4920
4929 4946
4929 4953
4929 4961
4929 4968
4929 4969
4929 4974
4929 4978
4929 4982
4929 4985
4929 4986
4929 4998
1848 1834
1848 1891
1848 1952
1848 2040
1848 2041
1848 2048
1848 2484
4380 1138
4380 1543
4380 1612
4380 1745
4380 1964
4380 2532
4380 2681
4380 2861
4380 3422
4380 3481
4380 3502
4380 3512
4380 3514
4380 3529
4380 3575
4380 3594
4380 3595
4380 3599
4380 3627
4380 3633
4380 3661
4380 3667
4380 3677
4380 3725
4380 3727
4380 3735
4380 3776
4380 3782
4380 3796
4380 3858
4380 3866
4380 3973
4380 3990
4380 4001
4380 4024
4380 4036
4380 4042
4380 4054
4380 4078
4380 4086
4380 4108
4380 4173
4380 4174
4380 4198
4380 4205
4380 4215
4380 4224
4380 4260
4380 4288
4380 4326
4380 4330
4380 4334
4380 4358
4380 4366
4380 4382
4380 4383
4380 4384
4380 4386
4380 4400
4380 4915
4380 4935
591 340
591 389
591 390
591 425
591 443
591 461
591 501
591 510
591 518
591 522
591 525
591 528
591 530
591 565
591 569
591 578
591 579
591 586
591 589
591 592
591 594
591 595
591 596
591 608
591 611
591 620
591 890
591 2564
591 3422
591 4350
591 4681
591 4877
4920 867
4920 1508
4920 2527
4920 2834
4920 3370
4920 4209
4920 4547
4920 4562
4920 4565
4920 4574
4920 4592
4920 4631
4920 4646
4920 4653
4920 4657
4920 4660
4920 4723
4920 4770
4920 4774
4920 4779
4920 4795
4920 4802
4920 4817
4920 4824
4920 4867
4920 4881
4920 4887
4920 4898
4920 4934
4920 4961
4920 4998
195 197
195 1486
195 4822
197 2206
197 4946
1486 804
1486 1385
1486 1607
1486 1663
1486 1700
1486 1702
1486 1703
1486 1721
1486 1724
1486 1725
1486 1748
1486 1754
1486 3231
1486 4396
4822 1310
4822 2860
4822 4311
4822 4470
4822 4539
4822 4603
4822 4705
4822 4708
4822 4721
4822 4807
4822 4839
4822 4849
4822 4859
4822 4861
4822 4924
4822 4940
4822 4954
4822 4968
1715 583
1715 1074
1715 1092
1715 1156
1715 1158
1715 1176
1715 1321
1715 1322
1715 1369
1715 1418
1715 1437
1715 1458
1715 1463
1715 1490
1715 1527
1715 1570
1715 1603
1715 1606
1715 1608
1715 1613
1715 1614
1715 1665
1715 1673
1715 1674
1715 1675
1715 1687
1715 1692
1715 1706
1715 1709
1715 1713
1715 1738
1715 1739
1715 1744
1715 1746
1715 1748
1715 1753
1715 1756
1715 2166
1715 2315
1715 2573
1715 2846
1715 4227
1715 4364
2334 2235
2334 2361
2334 2385
2334 2399
2334 2401
2334 2476
2334 2594
2334 2615
2334 4146
4032 2620
4032 3547
4032 3607
4032 4077
4032 4097
4032 4102
4032 4127
4032 4133
4032 4149
4032 4158
4032 4235
4032 4291
4032 4857
2206 2604
2206 2609
2206 2614
2206 2631
2206 2632
2206 2646
4946 1229
4946 1678
4946 1978
4946 2616
4946 3454
4946 4179
4946 4311
4946 4447
4946 4596
4946 4683
4946 4716
4946 4782
4946 4831
4946 4833
4946 4834
4946 4851
4946 4860
4946 4880
4946 4899
4946 4907
4946 4916
4946 4939
4946 4941
4946 4945
4946 4956
4946 4957
4946 4967
4946 4973
4946 4976
4946 4980
4946 4983
4946 4992
4946 4993
4946 4995
4946 4996
4946 4997
4946 4998
4946 4999
1677 997
1677 1042
1677 1048
1677 1139
1677 1242
1677 1267
1677 1279
1677 1295
1677 1382
1677 1443
1677 1467
1677 1492
1677 1511
1677 1544
1677 1562
1677 1585
1677 1590
1677 1635
1677 1657
1677 1691
1677 1700
1677 1710
1677 1738
1677 1748
1677 1758
1677 1759
1677 1797
1677 2459
1677 2561
1677 2565
1677 2625
1677 3107
3803 3623
3803 3951
3803 4258
3803 4306
3803 4336
3803 4343
3803 4358
4571 1697
4571 4478
4571 4657
4571 4769
4571 4795
4571 4905
2571 1723
2571 2067
2571 2124
2571 2128
2571 2176
2571 2262
2571 2283
2571 2301
2571 2393
2571 2416
2571 2417
2571 2472
2571 2485
2571 2491
2571 2492
2571 2496
2571 2504
2571 2532
2571 2558
2571 2560
2571 2562
2571 2589
2571 2606
2571 2615
2571 2633
2571 2706
2571 4190
2571 4224
2571 4280
2571 4915
200 2012
200 4321
200 4905
2012 594
2012 1866
2012 1884
2012 1927
2012 1943
2012 1948
2012 1960
2012 1983
2012 2021
2012 2023
2012 2026
2012 2027
2012 2052
2012 2054
2012 2057
2012 2058
2012 2061
2012 2551
4321 471
4321 1460
4321 1998
4321 2581
4321 2599
4321 3537
4321 3630
4321 3684
4321 3686
4321 3721
4321 3751
4321 3769
4321 3846
4321 3924
4321 3962
4321 3968
4321 4015
4321 4087
4321 4100
4321 4109
4321 4217
4321 4242
4321 4258
4321 4261
4321 4306
4321 4319
4321 4326
4321 4331
4321 4341
4321 4342
4321 4343
4321 4355
4321 4358
4321 4361
4321 4404
4905 3391
4905 3394
4905 4249
4905 4364
4905 4478
4905 4544
4905 4562
4905 4609
4905 4619
4905 4631
4905 4646
4905 4770
4905 4795
4905 4804
4905 4817
4905 4840
4905 4848
4905 4887
4905 4897
4905 4927
4905 4934
4905 4936
4905 4965
4905 4997
821 687
821 840
821 858
821 878
821 882
821 883
821 886
821 888
821 889
821 890
821 894
821 895
821 896
821 901
821 2497
821 2751
821 4926
1987 1774
1987 1888
1987 1889
1987 1904
1987 1912
1987 1950
1987 1964
1987 1966
1987 1978
1987 2022
1987 2041
1987 2045
1987 3749
1987 4367
1987 4933
202 3395
202 3841
202 4933
3395 521
3395 1294
3395 1959
3395 3241
3395 3253
3395 3286
3395 3287
3395 3345
3395 3374
3395 3375
3395 3376
3395 3377
3395 3383
3395 3405
3395 3419
3395 3429
3395 3440
3395 3453
3395 3454
3395 3471
3395 3474
3841 3468
3841 3587
3841 3692
3841 3974
3841 4011
3841 4335
3841 4398
4933 580
4933 1269
4933 1730
4933 2344
4933 4431
4933 4460
4933 4508
4933 4530
4933 4541
4933 4550
4933 4567
4933 4569
4933 4606
4933 4613
4933 4667
4933 4706
4933 4752
4933 4766
4933 4769
4933 4819
4933 4821
4933 4840
4933 4847
4933 4860
4933 4873
4933 4892
4933 4901
4933 4926
4933 4959
4933 4982
4933 4998
2036 810
2036 1248
2036 1770
2036 1795
2036 1807
2036 1829
2036 1872
2036 1875
2036 1890
2036 1905
2036 1911
2036 1956
2036 1958
2036 1962
2036 1976
2036 1984
2036 1990
2036 1991
2036 2009
2036 2019
2036 2020
2036 2029
2036 2046
2036 2050
2036 2053
2036 2056
2036 2057
2036 2059
2036 2065
2036 2456
2036 3085
2036 3878
2036 4916
2036 4957
2850 1631
2850 1654
2850 1755
2850 2004
2850 2011
2850 2499
2850 2590
2850 2633
2850 2651
2850 2656
2850 2661
2850 2670
2850 2672
2850 2690
2850 2701
2850 2733
2850 2738
2850 2743
2850 2751
2850 2753
2850 2764
2850 2765
2850 2784
2850 2800
2850 2801
2850 2805
2850 2806
2850 2810
2850 2813
2850 2817
2850 2818
2850 2821
2850 2822
2850 2828
2850 2833
2850 2839
2850 2841
2850 2842
2850 2844
2850 2845
2850 2851
2850 2852
2850 2853
2850 2854
2850 2855
2850 2856
2850 2857
2850 2860
2850 2861
2850 2862
2850 2863
2850 4307
4178 1755
4178 2643
4178 3104
4178 3829
4178 3911
4178 3975
4178 4131
4178 4190
4178 4195
4178 4311
4178 4314
4178 4336
4178 4337
4178 4338
4178 4352
4178 4375
4178 4382
4178 4405
4178 4932
2648 836
2648 891
2648 1372
2648 1454
2648 1580
2648 1663
2648 1693
2648 1937
2648 2083
2648 2098
2648 2122
2648 2130
2648 2132
2648 2150
2648 2157
2648 2178
2648 2179
2648 2210
2648 2212
2648 2229
2648 2235
2648 2241
2648 2254
2648 2294
2648 2298
2648 2304
2648 2313
2648 2321
2648 2336
2648 2341
2648 2343
2648 2351
2648 2372
2648 2379
2648 2380
2648 2387
2648 2409
2648 2412
2648 2416
2648 2435
2648 2443
2648 2452
2648 2457
2648 2471
2648 2473
2648 2478
2648 2487
2648 2491
2648 2494
2648 2498
2648 2510
2648 2512
2648 2514
2648 2524
2648 2532
2648 2535
2648 2543
2648 2546
2648 2560
2648 2561
2648 2563
2648 2574
2648 2584
2648 2585
2648 2600
2648 2611
2648 2612
2648 2615
2648 2616
2648 2618
2648 2619
2648 2620
2648 2621
2648 2629
2648 2635
2648 2644
2648 2645
2648 2646
2648 2647
2648 2937
2648 3152
2648 3158
2648 3433
2648 3468
2648 4215
2648 4223
2648 4802
2648 4976
3829 4213
3829 4298
3829 4316
3829 4328
3829 4375
3829 4382
3829 4398
1667 907
1667 934
1667 1066
1667 1068
1667 1163
1667 1200
1667 1209
1667 1233
1667 1254
1667 1320
1667 1362
1667 1423
1667 1442
1667 1454
1667 1466
1667 1473
1667 1517
1667 1533
1667 1646
1667 1655
1667 1658
1667 1732
1667 1736
1667 2846
1667 3035
1667 3071
3889 3188
3889 3654
3889 3718
3889 3722
3889 4046
4316 836
4316 861
4316 1461
4316 2727
4316 3167
4316 3387
4316 3482
4316 3597
4316 3782
4316 3832
4316 3857
4316 3874
4316 3905
4316 3915
4316 3917
4316 3918
4316 3939
4316 3986
4316 4022
4316 4037
4316 4062
4316 4127
4316 4153
4316 4190
4316 4194
4316 4195
4316 4197
4316 4208
4316 4213
4316 4311
4316 4314
4316 4328
4316 4336
4316 4337
4316 4352
4316 4370
4316 4375
4316 4382
2219 2113
2219 2433
2219 2519
2219 2588
2219 2630
2219 4795
2987 1654
2987 3031
2987 3036
2987 3047
2987 3061
2987 3069
2987 3077
2987 3165
2987 3166
3906 1369
3906 3988
3906 4324
3906 4396
3906 4405
3101 1042
3101 1333
3101 2873
3101 2907
3101 2955
3101 2965
3101 3004
3101 3031
3101 3033
3101 3065
3101 3081
3101 3084
3101 3088
3101 3124
3101 3130
3101 3142
3101 3143
3101 3468
4260 1202
4260 1432
4260 2229
4260 3887
4260 3928
4260 3973
4260 4005
4260 4036
4260 4056
4260 4087
4260 4116
4260 4139
4260 4173
4260 4174
4260 4198
4260 4205
4260 4215
4260 4288
4260 4330
4260 4334
4260 4340
4260 4366
4260 4383
4260 4384
4260 4446
4583 1404
4583 4795
4583 4953
4583 4973
4583 4982
4583 4998
1629 971
1629 1265
1629 1273
1629 1384
1629 1497
1629 1535
1629 1555
1629 1567
1629 1607
1629 1612
1629 1616
1629 1626
1629 1639
1629 1654
1629 1656
1629 1700
1629 1702
1629 1717
1629 1725
1629 1730
1629 1754
1629 1758
1629 1906
1629 2123
1629 3646
1629 4361
1629 4746
2819 1586
2819 1755
2819 2758
2819 2789
2819 2797
2819 2817
2819 2820
2819 2821
2819 2829
2819 2831
2819 2845
2819 2848
2819 2852
2819 2856
2819 2857
2819 2860
2819 2861
2819 2862
2819 3013
2819 3373
2993 2942
2993 2963
2993 2984
2993 3064
2993 3105
2993 3120
2993 3160
209 2480
209 2854
209 4912
2480 2455
2480 2512
2480 2532
2480 2549
2480 2550
2480 2583
2480 2591
2480 2611
2480 2624
2480 2627
2480 2638
2480 2643
2854 879
2854 962
2854 1634
2854 1658
2854 2252
2854 2267
2854 2477
2854 2651
2854 2664
2854 2695
2854 2699
2854 2704
2854 2712
2854 2722
2854 2732
2854 2735
2854 2736
2854 2738
2854 2741
2854 2747
2854 2748
2854 2758
2854 2759
2854 2768
2854 2769
2854 2775
2854 2778
2854 2780
2854 2786
2854 2787
2854 2792
2854 2794
2854 2796
2854 2798
2854 2803
2854 2804
2854 2809
2854 2810
2854 2811
2854 2812
2854 2814
2854 2816
2854 2817
2854 2825
2854 2828
2854 2829
2854 2834
2854 2835
2854 2836
2854 2837
2854 2839
2854 2841
2854 2845
2854 2847
2854 2849
2854 2853
2854 2855
2854 2856
2854 2859
2854 2860
2854 2861
2854 2863
2854 3406
2854 3433
2854 3467
2854 4149
2854 4817
4912 1603
4912 2902
4912 4450
4912 4463
4912 4468
4912 4487
4912 4500
4912 4553
4912 4573
4912 4624
4912 4630
4912 4641
4912 4691
4912 4700
4912 4714
4912 4763
4912 4776
4912 4800
4912 4816
4912 4853
4912 4863
4912 4869
4912 4891
4912 4911
4912 4935
4912 4944
4912 4981
720 785
720 799
720 881
720 896
720 898
720 901
1311 1477
1311 1572
1311 1611
1311 1675
1311 1739
1311 1744
1311 1756
1311 2544
1311 4114
2806 881
2806 2699
2806 2732
2806 2733
2806 2743
2806 2777
2806 2784
2806 2822
2806 2842
2806 2848
2806 2851
2806 2852
2806 2861
2806 3105
2806 3138
2806 4366
419 499
419 504
419 565
419 597
419 616
419 619
419 886
664 820
664 862
664 890
664 4257
3767 3680
3767 3706
3767 4235
3767 4309
3767 4345
3767 4997
862 660
862 662
862 674
862 690
862 692
862 697
862 729
862 738
862 763
862 769
862 773
862 778
862 779
862 796
862 820
862 830
862 851
862 855
862 869
862 878
862 891
862 894
862 1016
862 1247
862 2568
862 2831
862 4441
862 4977
865 584
865 707
865 749
865 754
865 774
865 786
865 818
865 829
865 841
865 847
865 848
865 864
865 869
865 872
865 875
865 878
865 885
865 888
865 889
865 890
865 891
865 892
865 894
865 895
865 896
865 898
865 901
865 951
865 1046
865 2052
865 4276
865 4285
3688 4278
3688 4346
3688 4351
884 632
884 652
884 655
884 671
884 677
884 679
884 694
884 704
884 706
884 710
884 725
884 730
884 731
884 734
884 741
884 742
884 744
884 746
884 749
884 776
884 781
884 790
884 795
884 804
884 805
884 806
884 807
884 823
884 839
884 846
884 848
884 849
884 859
884 860
884 861
884 864
884 872
884 877
884 882
884 885
884 890
884 895
884 896
884 1496
884 1713
884 2022
884 2326
884 2566
884 2742
884 2797
884 2861
884 3904
884 4726
3380 1324
3380 3215
3380 3321
3380 3359
3380 3360
3380 3373
3380 3394
3380 3397
3380 3405
3380 3406
3380 3434
3380 3458
3380 3460
3380 3467
3380 3468
3416 457
3416 1623
3416 2283
3416 3227
3416 3272
3416 3279
3416 3306
3416 3331
3416 3359
3416 3365
3416 3366
3416 3379
3416 3384
3416 3387
3416 3394
3416 3403
3416 3424
3416 3435
3416 3442
3416 3444
3416 3458
3416 3459
3416 3463
3416 3471
3416 4243
1153 1339
1153 1349
1153 1522
1153 1541
1153 1589
1153 1697
1153 1705
1153 2520
2592 1633
2592 1742
2592 2194
2592 2208
2592 2209
2592 2275
2592 2292
2592 2358
2592 2374
2592 2427
2592 2438
2592 2530
2592 2547
2592 2549
2592 2559
2592 2564
2592 2570
2592 2576
2592 2577
2592 2580
2592 2598
2592 2599
2592 2602
2592 2608
2592 2610
2592 2618
2592 2621
2592 2623
2592 2630
2592 2634
2592 2639
2592 2642
2592 2645
2592 2647
2592 2649
2592 3464
2592 4070
2592 4265
2592 4357
3411 638
3411 2839
3411 3170
3411 3176
3411 3181
3411 3182
3411 3265
3411 3293
3411 3326
3411 3333
3411 3340
3411 3357
3411 3385
3411 3393
3411 3396
3411 3407
3411 3431
3411 3433
3411 3436
3411 3445
3411 3448
3411 3456
3411 3507
3411 4319
1260 1103
1260 1113
1260 1151
1260 1166
1260 1509
1260 1634
1260 1652
1260 1726
1260 2647
1260 4100
2060 332
2060 620
2060 1362
2060 1479
2060 1580
2060 1675
2060 1678
2060 1768
2060 1772
2060 1780
2060 1817
2060 1829
2060 1843
2060 1855
2060 1856
2060 1860
2060 1867
2060 1870
2060 1873
2060 1874
2060 1884
2060 1887
2060 1894
2060 1896
2060 1897
2060 1899
2060 1903
2060 1913
2060 1921
2060 1924
2060 1940
2060 1945
2060 1951
2060 1953
2060 1957
2060 1977
2060 1985
2060 1993
2060 1995
2060 2004
2060 2010
2060 2011
2060 2020
2060 2021
2060 2031
2060 2037
2060 2042
2060 2044
2060 2048
2060 2053
2060 2056
2060 2058
2060 2059
2060 2065
2060 2066
2060 2436
2060 3408
2060 3466
2060 4213
2060 4351
2060 4633
4313 874
4313 888
4313 1394
4313 1659
4313 1660
4313 1721
4313 1724
4313 3544
4313 3608
4313 3716
4313 3875
4313 4075
4313 4076
4313 4107
4313 4124
4313 4140
4313 4160
4313 4192
4313 4209
4313 4212
4313 4220
4313 4241
4313 4248
4313 4251
4313 4257
4313 4312
4313 4319
4313 4338
4313 4347
4313 4362
4313 4365
4313 4381
4313 4386
4313 4400
4313 4405
1418 1132
1418 1141
1418 1521
1418 1541
1418 1553
1418 1578
1418 1660
1418 1684
1418 1705
1418 1754
1418 4171
1697 847
1697 927
1697 982
1697 1035
1697 1047
1697 1107
1697 1140
1697 1149
1697 1253
1697 1259
1697 1266
1697 1275
1697 1313
1697 1374
1697 1377
1697 1410
1697 1444
1697 1475
1697 1477
1697 1498
1697 1505
1697 1539
1697 1548
1697 1549
1697 1550
1697 1595
1697 1596
1697 1640
1697 1696
1697 1709
1697 1720
1697 1740
1697 1745
1697 1753
1697 1757
1697 1763
1697 2624
1697 3120
1697 4182
1697 4379
217 382
217 485
217 2009
217 4271
382 461
382 521
382 564
382 593
382 598
485 383
485 476
485 480
485 534
485 552
485 583
485 609
485 610
485 3603
2009 1090
2009 1782
2009 1785
2009 1832
2009 1875
2009 1908
2009 1917
2009 1922
2009 1935
2009 1954
2009 1958
2009 1967
2009 2028
2009 2038
2009 2042
2009 2050
2009 2053
2009 4513
2009 4776
4271 357
4271 871
4271 876
4271 1143
4271 2473
4271 2833
4271 3776
4271 3897
4271 3925
4271 4094
4271 4216
4271 4261
4271 4296
4271 4300
4271 4315
4271 4344
4271 4361
4271 4370
4271 4377
4271 4379
4271 4383
4271 4387
4271 4395
4271 4404
372 355
372 405
372 577
372 599
372 606
372 613
372 1634
816 611
816 749
816 757
816 774
816 839
816 846
816 848
816 859
816 860
816 861
816 876
816 877
816 885
816 895
816 2757
816 3864
2487 2315
2487 2321
2487 2368
2487 2409
2487 2431
2487 2489
2487 2530
2487 2620
2487 2629
2487 2630
2487 2644
2487 2646
2487 2647
2487 2986
2487 4468
2487 4979
2633 672
2633 1471
2633 1586
2633 1597
2633 2077
2633 2080
2633 2100
2633 2101
2633 2172
2633 2175
2633 2200
2633 2226
2633 2252
2633 2276
2633 2284
2633 2288
2633 2290
2633 2291
2633 2349
2633 2406
2633 2466
2633 2489
2633 2516
2633 2517
2633 2519
2633 2529
2633 2533
2633 2542
2633 2544
2633 2550
2633 2553
2633 2555
2633 2556
2633 2565
2633 2573
2633 2581
2633 2583
2633 2591
2633 2609
2633 2611
2633 2613
2633 2622
2633 2624
2633 2627
2633 2628
2633 2634
2633 2637
2633 2638
2633 2643
2633 2649
2633 2944
2633 4375
2633 4772
2633 4858
2633 4913
2633 4964
2860 504
2860 1012
2860 1517
2860 1543
2860 1975
2860 2373
2860 2666
2860 2669
2860 2673
2860 2683
2860 2685
2860 2692
2860 2699
2860 2704
2860 2705
2860 2708
2860 2712
2860 2714
2860 2718
2860 2729
2860 2730
2860 2731
2860 2736
2860 2746
2860 2757
2860 2761
2860 2766
2860 2771
2860 2786
2860 2787
2860 2789
2860 2790
2860 2792
2860 2796
2860 2803
2860 2804
2860 2807
2860 2809
2860 2810
2860 2812
2860 2813
2860 2814
2860 2816
2860 2818
2860 2821
2860 2828
2860 2829
2860 2834
2860 2835
2860 2836
2860 2837
2860 2839
2860 2843
2860 2846
2860 2847
2860 2848
2860 2849
2860 2853
2860 2855
2860 2856
2860 2857
2860 2859
2860 2863
2860 3924
2860 4129
2860 4590
2860 4610
2860 4923
2860 4942
2860 4995
2977 526
2977 2875
2977 3003
2977 3078
2977 3109
2977 3120
2977 3154
2825 1737
2825 2672
2825 2679
2825 2692
2825 2753
2825 2761
2825 2781
2825 2782
2825 2820
2825 2841
2825 2842
2825 2844
2825 2845
2825 2848
2825 2851
2825 2852
2825 2857
2825 2861
2825 2862
2825 2992
2825 3384
2825 4684
2825 4974
2857 577
2857 673
2857 1665
2857 1684
2857 2656
2857 2661
2857 2665
2857 2671
2857 2673
2857 2679
2857 2680
2857 2681
2857 2690
2857 2703
2857 2706
2857 2719
2857 2734
2857 2737
2857 2742
2857 2743
2857 2744
2857 2749
2857 2751
2857 2755
2857 2759
2857 2762
2857 2769
2857 2772
2857 2787
2857 2789
2857 2792
2857 2797
2857 2800
2857 2809
2857 2810
2857 2817
2857 2822
2857 2823
2857 2826
2857 2833
2857 2835
2857 2837
2857 2841
2857 2842
2857 2843
2857 2845
2857 2848
2857 2851
2857 2852
2857 2855
2857 2856
2857 2859
2857 2861
2857 2863
2857 3084
2857 3119
2857 3344
2857 3949
2857 4158
2857 4265
2857 4314
2857 4342
2857 4899
4557 2359
4557 4672
4557 4844
4557 4906
4557 4954
4557 4965
1349 976
1349 1337
1349 1423
1349 1457
1349 1522
1349 1557
1349 1564
1349 1571
1349 1589
1349 1658
1349 4107
2851 562
2851 564
2851 573
2851 839
2851 1603
2851 2291
2851 2405
2851 2660
2851 2666
2851 2667
2851 2679
2851 2697
2851 2699
2851 2714
2851 2717
2851 2723
2851 2737
2851 2740
2851 2742
2851 2750
2851 2755
2851 2767
2851 2769
2851 2788
2851 2794
2851 2798
2851 2805
2851 2816
2851 2817
2851 2820
2851 2821
2851 2822
2851 2826
2851 2829
2851 2831
2851 2836
2851 2842
2851 2843
2851 2844
2851 2845
2851 2848
2851 2852
2851 2856
2851 2861
2851 2862
2851 4353
2851 4515
4993 543
4993 592
4993 603
4993 1164
4993 1288
4993 1526
4993 1684
4993 1755
4993 1773
4993 1918
4993 2644
4993 2915
4993 3148
4993 3375
4993 4298
4993 4340
4993 4378
4993 4409
4993 4411
4993 4444
4993 4451
4993 4454
4993 4457
4993 4472
4993 4520
4993 4523
4993 4525
4993 4544
4993 4575
4993 4577
4993 4580
4993 4596
4993 4615
4993 4620
4993 4648
4993 4665
4993 4683
4993 4690
4993 4693
4993 4697
4993 4702
4993 4717
4993 4741
4993 4759
4993 4766
4993 4773
4993 4779
4993 4782
4993 4792
4993 4793
4993 4796
4993 4812
4993 4821
4993 4833
4993 4834
4993 4843
4993 4860
4993 4868
4993 4872
4993 4880
4993 4882
4993 4894
4993 4899
4993 4903
4993 4906
4993 4907
4993 4913
4993 4937
4993 4939
4993 4945
4993 4956
4993 4961
4993 4979
4993 4980
4993 4981
4993 4983
4993 4985
4993 4988
4993 4992
4993 4995
4993 4996
4993 4997
4993 4999
1722 878
1722 917
1722 963
1722 1013
1722 1018
1722 1060
1722 1070
1722 1119
1722 1128
1722 1138
1722 1154
1722 1167
1722 1237
1722 1308
1722 1323
1722 1328
1722 1332
1722 1342
1722 1345
1722 1355
1722 1365
1722 1370
1722 1372
1722 1394
1722 1430
1722 1446
1722 1461
1722 1497
1722 1543
1722 1558
1722 1597
1722 1615
1722 1628
1722 1633
1722 1659
1722 1685
1722 1688
1722 1696
1722 1720
1722 1724
1722 1725
1722 1744
1722 1754
1722 1757
1722 2440
1722 2920
1722 3155
1722 3398
1722 4286
1722 4470
1722 4973
2421 1316
2421 2096
2421 2251
2421 2318
2421 2332
2421 2361
2421 2380
2421 2385
2421 2399
2421 2401
2421 2447
2421 2494
2421 4140
4351 600
4351 982
4351 1467
4351 1594
4351 2059
4351 2070
4351 2141
4351 2618
4351 3496
4351 3526
4351 3593
4351 3662
4351 3700
4351 3720
4351 3848
4351 3855
4351 3864
4351 3881
4351 3948
4351 3964
4351 3976
4351 3984
4351 4063
4351 4064
4351 4099
4351 4103
4351 4134
4351 4163
4351 4177
4351 4183
4351 4237
4351 4311
4351 4346
4351 4350
4351 4372
4351 4378
4351 4382
4351 4396
223 3110
223 3801
3110 1555
3110 2058
3110 2957
3110 2980
3110 2999
3110 3003
3110 3020
3110 3037
3110 3041
3110 3068
3110 3079
3110 3083
3110 3086
3110 3115
3110 3133
3110 3135
3110 3137
3110 3148
3110 3154
3801 898
3801 3694
3801 3699
3801 3821
3801 3933
3801 3946
3801 3984
3801 4362
352 430
352 503
352 538
352 545
352 559
352 560
610 335
610 337
610 343
610 353
610 360
610 374
610 375
610 391
610 433
610 437
610 474
610 480
610 482
610 497
610 499
610 500
610 506
610 514
610 526
610 528
610 545
610 561
610 565
610 577
610 588
610 597
610 600
610 606
610 612
610 613
610 616
610 618
610 621
610 622
610 1636
610 3005
610 3315
610 3461
610 4328
610 4923
3967 830
3967 3375
3967 3775
3967 3920
3967 4095
3967 4218
3967 4281
3967 4290
3967 4367
3967 4372
3967 4374
3967 4389
4295 537
4295 2115
4295 2459
4295 3492
4295 3531
4295 3585
4295 3765
4295 3787
4295 3921
4295 3931
4295 4052
4295 4057
4295 4059
4295 4073
4295 4074
4295 4154
4295 4161
4295 4232
4295 4234
4295 4298
4295 4301
4295 4340
4295 4341
4295 4346
4295 4369
4295 4395
4295 4407
4295 4704
4295 4961
1023 930
1023 1229
1023 1358
1023 1710
1023 1758
1023 4299
2625 592
2625 1290
2625 1600
2625 2045
2625 2127
2625 2149
2625 2192
2625 2205
2625 2213
2625 2266
2625 2272
2625 2289
2625 2292
2625 2330
2625 2342
2625 2353
2625 2398
2625 2407
2625 2418
2625 2430
2625 2437
2625 2445
2625 2462
2625 2464
2625 2478
2625 2503
2625 2504
2625 2505
2625 2530
2625 2538
2625 2547
2625 2577
2625 2580
2625 2583
2625 2591
2625 2598
2625 2602
2625 2607
2625 2613
2625 2618
2625 2619
2625 2621
2625 2623
2625 2630
2625 2638
2625 2639
2625 2642
2625 2645
2625 2649
2625 3151
2625 3339
2625 3429
2625 3469
2625 4835
3155 737
3155 2358
3155 2546
3155 2646
3155 2944
3155 2948
3155 2971
3155 2974
3155 2975
3155 2997
3155 2998
3155 3000
3155 3004
3155 3012
3155 3016
3155 3032
3155 3037
3155 3040
3155 3067
3155 3091
3155 3096
3155 3097
3155 3103
3155 3118
3155 3121
3155 3122
3155 3125
3155 3127
3155 3128
3155 3129
3155 3137
3155 3146
3155 3147
3155 3148
3155 3150
3155 3151
3155 3152
3155 3158
3155 3159
3155 4205
3155 4234
3155 4675
2599 894
2599 1753
2599 1819
2599 2101
2599 2171
2599 2281
2599 2285
2599 2287
2599 2383
2599 2391
2599 2395
2599 2402
2599 2445
2599 2468
2599 2478
2599 2509
2599 2530
2599 2538
2599 2541
2599 2560
2599 2576
2599 2577
2599 2584
2599 2594
2599 2598
2599 2602
2599 2607
2599 2608
2599 2611
2599 2613
2599 2621
2599 2623
2599 2639
2599 2642
2599 2645
2599 2649
2599 2862
2599 3814
2599 4319
3143 1171
3143 1358
3143 2644
3143 2864
3143 2922
3143 2923
3143 2924
3143 2937
3143 2941
3143 2943
3143 2947
3143 2965
3143 2966
3143 2973
3143 2976
3143 2981
3143 3011
3143 3033
3143 3039
3143 3052
3143 3061
3143 3089
3143 3116
3143 3122
3143 3124
3143 3137
3143 3145
3143 3151
3143 3950
3143 4337
3761 2156
3761 3580
3761 3656
3761 3795
3761 4222
3761 4276
3761 4283
1765 508
1765 513
1765 818
1765 860
1765 867
1765 914
1765 957
1765 964
1765 968
1765 972
1765 979
1765 981
1765 1000
1765 1032
1765 1046
1765 1052
1765 1072
1765 1095
1765 1114
1765 1129
1765 1178
1765 1185
1765 1191
1765 1194
1765 1203
1765 1206
1765 1214
1765 1271
1765 1303
1765 1329
1765 1330
1765 1347
1765 1357
1765 1376
1765 1379
1765 1393
1765 1397
1765 1408
1765 1420
1765 1426
1765 1440
1765 1454
1765 1456
1765 1483
1765 1496
1765 1501
1765 1507
1765 1513
1765 1554
1765 1560
1765 1565
1765 1568
1765 1581
1765 1593
1765 1602
1765 1626
1765 1631
1765 1646
1765 1661
1765 1670
1765 1675
1765 1693
1765 1694
1765 1696
1765 1701
1765 1704
1765 1707
1765 1724
1765 1726
1765 1732
1765 1733
1765 1755
1765 1760
1765 1761
1765 1764
1765 1953
1765 2006
1765 2215
1765 2236
1765 2239
1765 2546
1765 2647
1765 3449
1765 4241
1765 4353
1765 4581
1765 4751
1765 4756
4099 589
4099 1348
4099 1716
4099 3758
4099 4120
4099 4230
4099 4342
4099 4378
4099 4395
4846 465
4846 4504
4846 4680
4846 4688
4846 4692
4846 4842
4846 4857
4846 4894
4846 4895
4846 4915
4846 4921
4846 4925
4846 4928
4846 4931
4846 4965
4846 4966
4846 4975
4846 4976
4930 402
4930 578
4930 2585
4930 3096
4930 3159
4930 3424
4930 4372
4930 4443
4930 4549
4930 4597
4930 4627
4930 4634
4930 4655
4930 4661
4930 4670
4930 4674
4930 4714
4930 4719
4930 4723
4930 4730
4930 4753
4930 4789
4930 4803
4930 4841
4930 4869
4930 4875
4930 4900
4930 4908
4930 4932
4930 4942
4930 4943
4930 4954
4930 4955
4930 4964
4930 4986
2094 2627
2094 2628
2094 2637
2094 2639
2094 4938
2244 2468
2244 2579
2244 2605
2244 2614
2244 2631
2244 2632
2244 4973
3892 559
3892 4057
3892 4234
3892 4258
3892 4261
3892 4298
3892 4341
3892 4369
1716 801
1716 942
1716 961
1716 1019
1716 1025
1716 1038
1716 1083
1716 1155
1716 1169
1716 1192
1716 1281
1716 1284
1716 1301
1716 1309
1716 1329
1716 1364
1716 1385
1716 1420
1716 1446
1716 1453
1716 1483
1716 1495
1716 1523
1716 1538
1716 1539
1716 1592
1716 1595
1716 1611
1716 1620
1716 1621
1716 1653
1716 1669
1716 1671
1716 1675
1716 1676
1716 1695
1716 1723
1716 1728
1716 1732
1716 1742
1716 1764
1716 2222
1716 2924
1716 3264
1716 3474
1716 3913
1716 4742
1716 4820
4357 1124
4357 1654
4357 1709
4357 1928
4357 2075
4357 2449
4357 2646
4357 3493
4357 3508
4357 3604
4357 3610
4357 3657
4357 3799
4357 3805
4357 3807
4357 3811
4357 3844
4357 3897
4357 3927
4357 3952
4357 3958
4357 3993
4357 3998
4357 4044
4357 4056
4357 4061
4357 4117
4357 4122
4357 4131
4357 4133
4357 4140
4357 4146
4357 4180
4357 4202
4357 4227
4357 4239
4357 4245
4357 4264
4357 4267
4357 4285
4357 4294
4357 4304
4357 4308
4357 4319
4357 4347
4357 4361
4357 4364
4733 533
4733 4246
4733 4428
4733 4875
4733 4908
4733 4910
4733 4932
4733 4942
4733 4943
4733 4955
4733 4964
4102 603
4102 3121
4102 3642
4102 3805
4102 3834
4102 3954
4102 4077
4102 4097
4102 4127
4102 4149
4102 4157
4102 4158
4102 4307
4102 4374
4235 477
4235 1725
4235 2471
4235 2856
4235 2976
4235 3504
4235 3505
4235 3557
4235 3710
4235 3815
4235 3903
4235 3983
4235 4033
4235 4149
4235 4156
4235 4169
4235 4196
4235 4255
4235 4291
4235 4323
4270 754
4270 946
4270 2642
4270 2848
4270 3447
4270 3654
4270 3715
4270 3873
4270 3921
4270 3925
4270 3953
4270 4008
4270 4011
4270 4016
4270 4128
4270 4148
4270 4151
4270 4159
4270 4189
4270 4203
4270 4256
4270 4319
4270 4324
4270 4335
4270 4353
4270 4396
4270 4398
4281 607
4281 868
4281 1400
4281 2630
4281 3488
4281 3563
4281 3655
4281 3775
4281 3790
4281 3870
4281 3888
4281 3915
4281 4053
4281 4218
4281 4225
4281 4238
4281 4265
4281 4269
4281 4290
4281 4367
4281 4374
4281 4377
4281 4386
4281 4389
4281 4405
4281 4953
241 506
241 1353
241 1541
241 2499
2514 1584
2514 1596
2514 2294
2514 2470
2514 2509
2514 2512
2514 2520
2514 2524
2514 2600
2514 2616
2514 2620
2514 2629
2514 2630
2514 2635
2514 2639
2514 2644
2514 2646
2514 2647
2514 4936
3690 822
3690 3475
3690 4338
3690 4347
3690 4353
3690 4400
4907 819
4907 3813
4907 4105
4907 4330
4907 4408
4907 4485
4907 4669
4907 4717
4907 4807
4907 4860
4907 4880
4907 4939
4907 4941
4907 4945
4907 4956
4907 4957
4907 4965
4907 4974
4907 4980
4907 4981
4907 4988
4907 4995
4907 4996
4907 4997
4907 4999
1099 997
1099 1287
1099 1373
1099 1553
1099 1612
1099 1725
1234 904
1234 1198
1234 1410
1234 1596
1234 1617
1234 1636
1234 1740
1234 1745
1234 1763
1234 4981
4396 459
4396 837
4396 868
4396 871
4396 1417
4396 1766
4396 2605
4396 3403
4396 3545
4396 3576
4396 3622
4396 3643
4396 3645
4396 3783
4396 3793
4396 3795
4396 3799
4396 3808
4396 3824
4396 3833
4396 3836
4396 3837
4396 3848
4396 3864
4396 3899
4396 3964
4396 3972
4396 3976
4396 3984
4396 3994
4396 4002
4396 4019
4396 4046
4396 4064
4396 4085
4396 4093
4396 4103
4396 4161
4396 4162
4396 4163
4396 4183
4396 4204
4396 4207
4396 4214
4396 4237
4396 4241
4396 4261
4396 4280
4396 4297
4396 4331
4396 4346
4396 4350
4396 4362
4396 4378
4396 4383
4396 4398
4396 4811
4396 4847
605 338
605 368
605 405
605 438
605 444
605 452
605 467
605 471
605 473
605 495
605 502
605 512
605 513
605 516
605 526
605 547
605 548
605 555
605 564
605 579
605 585
605 592
605 593
605 598
605 599
605 606
605 607
605 609
605 616
605 619
605 840
605 930
605 1980
605 2065
605 2367
605 4550
605 4657
612 335
612 341
612 348
612 360
612 396
612 397
612 400
612 417
612 425
612 453
612 454
612 466
612 467
612 505
612 508
612 509
612 521
612 534
612 540
612 541
612 545
612 553
612 561
612 572
612 577
612 581
612 583
612 584
612 588
612 592
612 598
612 600
612 613
612 614
612 618
612 621
612 622
612 632
612 2503
612 2563
612 2567
612 3061
612 4007
612 4379
612 4594
612 4979
2930 912
2930 2873
2930 2981
2930 3129
2930 3130
2930 3149
4856 4386
4856 4467
4856 4795
4856 4953
4856 4956
4856 4967
4856 4968
4856 4969
4856 4973
4856 4978
4856 4982
4856 4985
4856 4986
4856 4988
1603 1058
1603 1122
1603 1238
1603 1297
1603 1398
1603 1437
1603 1516
1603 1527
1603 1584
1603 1673
1603 1674
1603 1692
1603 1713
1603 1730
1603 1744
1603 1748
1603 1756
1603 4663
1603 4985
2065 507
2065 556
2065 1574
2065 1768
2065 1798
2065 1804
2065 1817
2065 1818
2065 1820
2065 1823
2065 1824
2065 1843
2065 1845
2065 1859
2065 1861
2065 1867
2065 1873
2065 1883
2065 1894
2065 1895
2065 1900
2065 1907
2065 1919
2065 1926
2065 1937
2065 1941
2065 1942
2065 1944
2065 1945
2065 1947
2065 1949
2065 1953
2065 1973
2065 1977
2065 1978
2065 1979
2065 1980
2065 1982
2065 1983
2065 1984
2065 1986
2065 1991
2065 1992
2065 1993
2065 1995
2065 2003
2065 2004
2065 2008
2065 2011
2065 2013
2065 2016
2065 2018
2065 2028
2065 2031
2065 2033
2065 2037
2065 2038
2065 2042
2065 2044
2065 2052
2065 2056
2065 2057
2065 2059
2065 2066
2065 2656
2065 3166
2065 3831
2065 4144
2065 4301
2065 4374
2065 4404
2065 4696
2065 4705
2065 4996
4227 1810
4227 3158
4227 3664
4227 3676
4227 3679
4227 3707
4227 3712
4227 3723
4227 3771
4227 3810
4227 3842
4227 3873
4227 4060
4227 4154
4227 4245
4227 4286
4302 449
4302 1295
4302 1401
4302 2023
4302 2983
4302 3614
4302 3740
4302 3763
4302 3817
4302 3879
4302 4007
4302 4065
4302 4116
4302 4121
4302 4135
4302 4161
4302 4219
4302 4239
4302 4282
4302 4292
4302 4301
4302 4305
4302 4307
4302 4326
4302 4354
4302 4355
4302 4369
4302 4371
4302 4372
4302 4377
4302 4400
4302 4405
4302 4407
4302 4827
1159 1070
1159 1217
1159 1522
1159 1540
1159 1571
1159 1580
1159 1678
1159 1705
1499 1083
1499 1334
1499 1356
1499 1396
1499 1399
1499 1444
1499 1479
1499 1596
1499 1624
1499 1694
1499 1740
1499 1745
1499 1757
1499 1758
1499 1763
1499 3209
1499 4820
1857 2007
1857 2033
1857 2042
1857 2043
1857 2045
1857 2057
1957 1995
1957 2023
1957 2026
1957 2052
1957 2054
1957 2057
1957 2058
1957 2061
1957 2752
1957 2839
1152 1384
1152 1520
1152 1723
1152 1732
1152 1756
1152 4968
2624 529
2624 790
2624 859
2624 1344
2624 2068
2624 2075
2624 2108
2624 2125
2624 2141
2624 2171
2624 2175
2624 2272
2624 2276
2624 2288
2624 2340
2624 2345
2624 2347
2624 2389
2624 2398
2624 2425
2624 2444
2624 2460
2624 2479
2624 2517
2624 2549
2624 2556
2624 2565
2624 2573
2624 2576
2624 2581
2624 2583
2624 2591
2624 2606
2624 2611
2624 2627
2624 2628
2624 2634
2624 2637
2624 2638
2624 2643
2624 2644
2624 4398
2624 4600
2624 4614
2624 4769
4640 1740
4640 4602
4640 4648
4640 4657
4640 4673
4640 4804
4640 4862
4640 4927
4640 4934
560 332
560 356
560 367
560 380
560 410
560 430
560 431
560 436
560 456
560 467
560 470
560 477
560 500
560 538
560 559
560 602
560 622
560 1678
560 3214
560 3665
1831 1782
1831 1914
1831 2042
1831 2043
1831 2045
1831 2066
3277 3430
3277 3442
3277 3445
3277 3448
3277 3461
3277 3463
3277 3470
3277 4975
4372 1300
4372 1326
4372 1388
4372 1661
4372 1746
4372 2056
4372 2494
4372 2837
4372 3489
4372 3596
4372 3597
4372 3612
4372 3616
4372 3693
4372 3696
4372 3698
4372 3770
4372 3869
4372 3914
4372 3935
4372 3940
4372 3949
4372 3970
4372 4007
4372 4012
4372 4031
4372 4048
4372 4094
4372 4116
4372 4128
4372 4161
4372 4181
4372 4184
4372 4191
4372 4194
4372 4206
4372 4219
4372 4221
4372 4232
4372 4250
4372 4255
4372 4274
4372 4305
4372 4317
4372 4348
4372 4354
4372 4371
4372 4389
4372 4405
4372 4407
4372 4443
813 643
813 767
813 823
813 876
813 881
813 883
813 888
813 889
813 891
813 895
813 898
813 4259
813 4986
2581 2183
2581 2251
2581 2276
2581 2288
2581 2292
2581 2345
2581 2406
2581 2427
2581 2466
2581 2483
2581 2529
2581 2542
2581 2556
2581 2576
2581 2591
2581 2606
2581 2608
2581 2611
2581 2627
2581 2628
2581 2634
2581 2637
2581 2638
2581 2643
2581 2755
2581 4060
2581 4722
2581 4949
3348 765
3348 2772
3348 3346
3348 3389
3348 3418
3348 3420
3348 3426
3348 3430
3348 3436
3348 3439
3348 3452
3348 3463
3348 3470
4432 542
4432 4832
4432 4893
4432 4924
4432 4940
4432 4978
387 430
387 454
387 586
387 594
387 611
387 3407
808 721
808 736
808 766
808 807
808 874
808 881
808 891
808 892
808 894
808 896
808 898
808 901
808 2449
808 4143
808 4975
1288 1138
1288 1140
1288 1355
1288 1372
1288 1527
1288 1590
1288 1688
1288 1720
1288 4800
2366 810
2366 2224
2366 2233
2366 2396
2366 2467
2366 2534
2366 2536
2366 2556
2366 2588
2366 2609
1030 1569
1030 1738
1030 1758
1030 1759
1030 1763
1030 2053
1972 1930
1972 1948
1972 1983
1972 1999
1972 2021
1972 2022
1972 2024
1972 2025
1972 2026
1972 2054
1972 2057
1972 2058
1972 2061
1972 3428
3600 1350
3600 4243
3600 4366
3600 4383
3600 4384
4900 1615
4900 1910
4900 3383
4900 4369
4900 4570
4900 4701
4900 4709
4900 4844
4900 4845
4900 4858
4900 4862
4900 4944
4900 4954
4900 4956
4900 4961
4900 4969
4900 4974
4900 4978
4900 4985
4900 4986
4900 4998
506 429
506 489
506 503
506 533
506 548
506 554
506 563
506 567
506 574
506 616
506 1949
506 2021
1353 622
1353 928
1353 1054
1353 1214
1353 1266
1353 1496
1353 1676
1353 1711
1353 1755
1353 1760
1353 2817
1541 916
1541 922
1541 1007
1541 1145
1541 1196
1541 1302
1541 1435
1541 1438
1541 1544
1541 1630
1541 1705
1541 1755
1541 3409
1541 4066
1541 4274
2499 614
2499 2081
2499 2086
2499 2097
2499 2111
2499 2160
2499 2167
2499 2202
2499 2221
2499 2234
2499 2269
2499 2277
2499 2301
2499 2377
2499 2378
2499 2467
2499 2622
2499 2741
851 633
851 638
851 660
851 665
851 683
851 692
851 708
851 729
851 738
851 758
851 777
851 779
851 782
851 794
851 796
851 830
851 857
851 859
851 864
851 869
851 892
851 1761
851 2600
851 4196
851 4862
2568 527
2568 1231
2568 1237
2568 2069
2568 2074
2568 2086
2568 2197
2568 2254
2568 2273
2568 2310
2568 2319
2568 2327
2568 2335
2568 2360
2568 2362
2568 2383
2568 2425
2568 2433
2568 2441
2568 2465
2568 2485
2568 2486
2568 2527
2568 2544
2568 2570
2568 2582
2568 2586
2568 2622
2568 4936
3622 908
3622 4383
4375 568
4375 1066
4375 2555
4375 3482
4375 3491
4375 3495
4375 3541
4375 3559
4375 3689
4375 3747
4375 3748
4375 3857
4375 3874
4375 3876
4375 3911
4375 3917
4375 3918
4375 3922
4375 3938
4375 3939
4375 3948
4375 3975
4375 3986
4375 3998
4375 3999
4375 4020
4375 4022
4375 4026
4375 4037
4375 4097
4375 4119
4375 4153
4375 4190
4375 4194
4375 4195
4375 4197
4375 4206
4375 4208
4375 4213
4375 4274
4375 4284
4375 4311
4375 4314
4375 4328
4375 4336
4375 4337
4375 4345
4375 4352
4375 4362
4375 4382
4375 4791
4375 4895
4375 4967
4375 4998
3537 3112
3537 3843
4303 889
4303 896
4303 1703
4303 1887
4303 2158
4303 2644
4303 3479
4303 3536
4303 3551
4303 3552
4303 3574
4303 3617
4303 3691
4303 3785
4303 3789
4303 3812
4303 3848
4303 3877
4303 3968
4303 3992
4303 3996
4303 4041
4303 4043
4303 4081
4303 4088
4303 4126
4303 4137
4303 4182
4303 4188
4303 4226
4303 4228
4303 4239
4303 4246
4303 4251
4303 4259
4303 4297
4303 4308
4303 4366
4303 4894
4400 402
4400 859
4400 1396
4400 1501
4400 1709
4400 2026
4400 2401
4400 2634
4400 3314
4400 3345
4400 3458
4400 3486
4400 3494
4400 3528
4400 3544
4400 3559
4400 3568
4400 3577
4400 3608
4400 3626
4400 3660
4400 3682
4400 3716
4400 3729
4400 3733
4400 3746
4400 3778
4400 3796
4400 3813
4400 3831
4400 3860
4400 3861
4400 3896
4400 3913
4400 3935
4400 3982
4400 3985
4400 4020
4400 4040
4400 4043
4400 4051
4400 4066
4400 4076
4400 4088
4400 4098
4400 4108
4400 4123
4400 4124
4400 4140
4400 4141
4400 4157
4400 4177
4400 4189
4400 4204
4400 4207
4400 4209
4400 4212
4400 4220
4400 4231
4400 4241
4400 4248
4400 4249
4400 4251
4400 4257
4400 4312
4400 4323
4400 4338
4400 4347
4400 4362
4400 4365
4400 4381
4400 4386
4400 4389
4400 4407
4400 4606
4400 4894
895 643
895 648
895 654
895 663
895 668
895 680
895 686
895 708
895 710
895 712
895 713
895 721
895 726
895 728
895 732
895 740
895 747
895 758
895 762
895 764
895 772
895 784
895 789
895 790
895 798
895 809
895 810
895 815
895 818
895 825
895 828
895 841
895 842
895 843
895 846
895 849
895 854
895 855
895 858
895 859
895 860
895 866
895 867
895 869
895 872
895 874
895 875
895 878
895 881
895 882
895 883
895 885
895 888
895 889
895 890
895 891
895 892
895 894
895 896
895 898
895 901
895 1026
895 1166
895 1636
895 1662
895 1699
895 1829
895 2689
895 3124
895 3167
895 3330
895 3612
895 3999
895 4377
895 4384
895 4795
895 4895
895 4897
2737 1548
2737 2698
2737 2813
2737 2842
2737 2853
2737 2856
3399 2010
3399 3177
3399 3194
3399 3369
3399 3388
3399 3420
3399 3430
3399 3436
3399 3442
3399 3445
3399 3448
3399 3449
3399 3461
3399 3463
3399 3470
3399 3471
3399 3474
3399 4250
3399 4864
3399 4985
4311 1478
4311 1563
4311 1943
4311 2443
4311 3541
4311 3776
4311 3832
4311 3857
4311 3876
4311 3911
4311 3922
4311 3977
4311 4022
4311 4026
4311 4037
4311 4119
4311 4139
4311 4153
4311 4158
4311 4190
4311 4194
4311 4197
4311 4206
4311 4208
4311 4213
4311 4284
4311 4314
4311 4328
4311 4336
4311 4337
4311 4352
4311 4361
4311 4382
4311 4386
4311 4965
838 641
838 642
838 645
838 657
838 676
838 678
838 681
838 726
838 739
838 742
838 755
838 764
838 785
838 787
838 800
838 803
838 850
838 878
838 885
838 2061
838 3977
838 4996
2258 2278
2258 2451
2258 2458
2258 2524
2258 2537
2258 2589
2258 3161
4498 705
4498 4694
4498 4969
4498 4985
4498 4998
1131 1018
1131 1125
1131 1397
1131 1509
1131 1536
1131 1634
1131 1652
1131 3349
1255 1045
1255 1097
1255 1364
1255 1464
1255 1592
1255 1671
1255 4832
1543 1025
1543 1070
1543 1167
1543 1323
1543 1461
1543 1558
1543 1567
1543 1597
1543 1615
1543 1652
1543 1685
1543 1688
1543 1720
1543 1747
1543 2117
1736 837
1736 903
1736 908
1736 990
1736 1009
1736 1061
1736 1092
1736 1129
1736 1136
1736 1174
1736 1222
1736 1225
1736 1232
1736 1309
1736 1314
1736 1318
1736 1327
1736 1328
1736 1362
1736 1376
1736 1422
1736 1484
1736 1523
1736 1540
1736 1542
1736 1570
1736 1588
1736 1590
1736 1598
1736 1601
1736 1608
1736 1609
1736 1613
1736 1614
1736 1665
1736 1668
1736 1673
1736 1674
1736 1675
1736 1687
1736 1692
1736 1706
1736 1709
1736 1713
1736 1739
1736 1744
1736 1748
1736 1753
1736 1756
1736 1764
1736 1936
1736 2647
1736 2861
1736 2896
1736 3332
1736 3350
1736 4371
1736 4489
1736 4509
1736 4792
1894 2015
1894 2030
1894 2056
1894 2058
1894 2061
1894 2066
1894 4921
2798 1662
2798 2700
2798 2703
2798 2809
2798 2810
2798 2818
2798 2820
2798 2833
2798 2841
2798 2844
2798 2845
2798 2853
2798 2861
2798 2862
2798 4663
1430 1060
1430 1119
1430 1323
1430 1345
1430 1467
1430 1615
1430 1632
1430 1659
1430 1688
1430 1720
1430 2436
1430 3456
3673 1517
3673 3635
3673 4286
3673 4370
4135 1551
4135 1556
4135 2340
4135 3798
4135 3827
4135 4258
4135 4282
4135 4288
4135 4292
4135 4301
4135 4305
4135 4354
4135 4371
4135 4407
1738 442
1738 776
1738 875
1738 883
1738 907
1738 998
1738 999
1738 1003
1738 1015
1738 1042
1738 1082
1738 1089
1738 1114
1738 1139
1738 1143
1738 1168
1738 1182
1738 1189
1738 1212
1738 1213
1738 1229
1738 1241
1738 1295
1738 1307
1738 1335
1738 1338
1738 1348
1738 1378
1738 1381
1738 1382
1738 1388
1738 1402
1738 1467
1738 1492
1738 1511
1738 1513
1738 1515
1738 1562
1738 1565
1738 1585
1738 1599
1738 1621
1738 1635
1738 1644
1738 1657
1738 1666
1738 1691
1738 1706
1738 1710
1738 1711
1738 1758
1738 1759
1738 2285
1738 2341
1738 2416
1738 2485
1738 4407
1738 4896
1738 4941
2642 795
2642 1755
2642 2114
2642 2115
2642 2162
2642 2182
2642 2193
2642 2213
2642 2215
2642 2232
2642 2235
2642 2272
2642 2287
2642 2307
2642 2330
2642 2358
2642 2395
2642 2417
2642 2418
2642 2426
2642 2435
2642 2446
2642 2454
2642 2462
2642 2463
2642 2478
2642 2481
2642 2488
2642 2505
2642 2509
2642 2530
2642 2531
2642 2539
2642 2541
2642 2547
2642 2564
2642 2577
2642 2579
2642 2580
2642 2583
2642 2598
2642 2602
2642 2607
2642 2608
2642 2611
2642 2613
2642 2616
2642 2618
2642 2620
2642 2621
2642 2630
2642 2632
2642 2635
2642 2639
2642 2645
2642 2649
2642 3294
2642 3402
2642 3435
2642 3584
2642 4736
2642 4809
2642 4949
2642 4997
3311 960
3311 3206
3311 3259
3311 3396
3311 3419
3311 3429
3311 3440
3311 3453
3311 3454
3330 3116
3330 3331
3330 3373
3330 3375
3330 3387
3330 3394
3330 3424
3330 3435
3330 3436
3330 3458
3330 3459
3330 3460
594 354
594 398
594 423
594 443
594 448
594 455
594 456
594 462
594 510
594 518
594 520
594 525
594 540
594 546
594 568
594 578
594 586
594 589
594 595
594 596
594 597
594 599
594 603
594 608
594 611
594 614
594 620
594 1439
594 3135
594 4931
1516 881
1516 1002
1516 1071
1516 1093
1516 1154
1516 1343
1516 1391
1516 1471
1516 1487
1516 1495
1516 1510
1516 1547
1516 1579
1516 1746
1516 4175
1516 4758
2762 2542
2762 2664
2762 2797
2762 2802
2762 2823
2762 2844
2762 2848
2762 2861
2762 2863
2762 4904
894 597
894 636
894 638
894 649
894 666
894 678
894 691
894 707
894 708
894 709
894 712
894 721
894 732
894 737
894 740
894 756
894 765
894 770
894 776
894 780
894 784
894 786
894 797
894 805
894 809
894 810
894 814
894 818
894 828
894 831
894 833
894 836
894 837
894 841
894 842
894 843
894 848
894 849
894 855
894 864
894 868
894 872
894 873
894 874
894 875
894 877
894 878
894 881
894 882
894 885
894 888
894 889
894 890
894 891
894 892
894 896
894 898
894 901
894 1171
894 1327
894 1570
894 2529
894 2628
894 2660
894 2669
894 3122
894 3857
894 4331
894 4362
894 4802
894 4837
2033 1487
2033 1755
2033 1783
2033 1805
2033 1806
2033 1834
2033 1836
2033 1853
2033 1866
2033 1874
2033 1881
2033 1898
2033 1908
2033 1910
2033 1915
2033 1919
2033 1928
2033 1935
2033 1939
2033 1979
2033 1991
2033 2013
2033 2024
2033 2026
2033 2042
2033 2043
2033 2045
2033 4121
2033 4308
2033 4807
2033 4948
2130 2438
2130 2500
2130 2629
2130 2644
2130 2647
2579 1584
2579 1721
2579 2103
2579 2124
2579 2148
2579 2156
2579 2168
2579 2300
2579 2319
2579 2393
2579 2413
2579 2472
2579 2484
2579 2492
2579 2496
2579 2504
2579 2513
2579 2523
2579 2527
2579 2532
2579 2558
2579 2560
2579 2562
2579 2589
2579 2606
2579 2613
2579 2644
2579 3081
2579 3118
2579 3424
885 479
885 660
885 670
885 690
885 706
885 708
885 738
885 739
885 747
885 749
885 756
885 777
885 793
885 805
885 825
885 831
885 843
885 847
885 849
885 854
885 872
885 874
885 875
885 878
885 881
885 882
885 883
885 888
885 889
885 890
885 891
885 892
885 896
885 898
885 901
885 1029
885 1448
885 1575
885 1696
885 2057
885 2265
885 2609
885 4261
885 4350
885 4840
1581 987
1581 1172
1581 1190
1581 1198
1581 1252
1581 1259
1581 1321
1581 1386
1581 1498
1581 1522
1581 1549
1581 1550
1581 1587
1581 1596
1581 1709
1581 1740
1581 1745
1581 1757
1581 3633
1581 3748
1581 4567
4973 1054
4973 1058
4973 1285
4973 1598
4973 2278
4973 3827
4973 4374
4973 4377
4973 4418
4973 4433
4973 4435
4973 4465
4973 4469
4973 4519
4973 4531
4973 4561
4973 4582
4973 4635
4973 4711
4973 4740
4973 4743
4973 4761
4973 4781
4973 4799
4973 4807
4973 4837
4973 4844
4973 4855
4973 4858
4973 4869
4973 4902
4973 4910
4973 4911
4973 4923
4973 4928
4973 4935
4973 4948
4973 4953
4973 4959
4973 4961
4973 4963
4973 4968
4973 4969
4973 4974
4973 4977
4973 4978
4973 4982
4973 4985
4973 4986
4973 4988
4973 4998
4981 422
4981 867
4981 1732
4981 2465
4981 2548
4981 2549
4981 2833
4981 2861
4981 3458
4981 3474
4981 4405
4981 4481
4981 4483
4981 4485
4981 4525
4981 4540
4981 4577
4981 4596
4981 4632
4981 4648
4981 4665
4981 4668
4981 4717
4981 4750
4981 4753
4981 4759
4981 4764
4981 4792
4981 4807
4981 4812
4981 4831
4981 4833
4981 4843
4981 4850
4981 4851
4981 4860
4981 4880
4981 4881
4981 4899
4981 4903
4981 4916
4981 4917
4981 4922
4981 4924
4981 4928
4981 4939
4981 4941
4981 4944
4981 4945
4981 4956
4981 4957
4981 4969
4981 4980
4981 4983
4981 4992
4981 4995
4981 4996
4981 4997
4981 4999
1172 1416
1172 1612
1172 1694
1172 1745
1172 1757
1172 1763
1172 3684
2282 876
2282 2363
2282 2412
2282 2468
2282 2526
2282 2590
2282 2610
2282 2611
2282 2614
4328 472
4328 519
4328 1165
4328 1363
4328 1426
4328 2949
4328 3491
4328 3709
4328 3713
4328 3746
4328 3748
4328 3832
4328 3911
4328 3917
4328 3918
4328 3922
4328 3939
4328 3975
4328 4015
4328 4037
4328 4119
4328 4153
4328 4173
4328 4190
4328 4194
4328 4197
4328 4206
4328 4208
4328 4213
4328 4218
4328 4225
4328 4291
4328 4314
4328 4336
4328 4337
4328 4352
4328 4379
4328 4382
954 1286
954 1498
954 1670
954 1726
954 1747
954 1761
3976 529
3976 3932
3976 4350
3976 4362
3976 4378
4249 1365
4249 2622
4249 2695
4249 3687
4249 3982
4249 3987
4249 4082
4249 4145
4249 4204
4249 4212
4249 4220
4249 4241
4249 4248
4249 4257
4249 4312
4249 4323
4249 4347
4249 4362
4249 4365
4249 4386
4249 4407
4249 4859
4932 1748
4932 2960
4932 3468
4932 4248
4932 4546
4932 4549
4932 4638
4932 4649
4932 4655
4932 4661
4932 4674
4932 4712
4932 4719
4932 4723
4932 4730
4932 4753
4932 4757
4932 4782
4932 4789
4932 4823
4932 4869
4932 4870
4932 4875
4932 4908
4932 4942
4932 4943
4932 4949
4932 4955
4932 4964
4932 4971
4932 4976
869 633
869 660
869 662
869 665
869 683
869 685
869 722
869 729
869 738
869 763
869 769
869 777
869 778
869 779
869 792
869 794
869 796
869 798
869 820
869 830
869 874
869 901
869 1569
869 1675
869 1950
869 2306
869 2496
869 3398
1178 1529
1178 1628
1178 1633
1178 1699
1178 1753
1178 2364
2481 2204
2481 2211
2481 2314
2481 2337
2481 2367
2481 2400
2481 2414
2481 2425
2481 2442
2481 2456
2481 2461
2481 2495
2481 2500
2481 2619
2481 2787
2481 4527
2548 2501
2548 2507
2548 2508
2548 2549
2548 2559
2548 2605
2548 2607
2548 2609
2548 2614
2548 2622
2548 2631
2548 2632
2548 2639
2548 3534
2548 4964
1574 1061
1574 1082
1574 1299
1574 1393
1574 1424
1574 1502
1574 1617
1574 1638
1574 1656
1574 1681
1574 1695
1574 1704
1574 1707
1574 1709
1574 1714
1574 1723
1574 1733
1574 1746
1574 2050
1574 3434
1696 877
1696 1052
1696 1072
1696 1203
1696 1214
1696 1250
1696 1320
1696 1329
1696 1358
1696 1361
1696 1403
1696 1405
1696 1408
1696 1445
1696 1496
1696 1513
1696 1555
1696 1568
1696 1626
1696 1631
1696 1661
1696 1693
1696 1701
1696 1726
1696 1747
1696 1755
1696 1763
1696 1764
1696 2435
1696 3142
1696 3158
1696 3467
1696 4836
1696 4980
3149 718
3149 842
3149 875
3149 1532
3149 2675
3149 2865
3149 2868
3149 2871
3149 2904
3149 2914
3149 2916
3149 2928
3149 2946
3149 2967
3149 3009
3149 3015
3149 3026
3149 3075
3149 3076
3149 3081
3149 3082
3149 3084
3149 3085
3149 3088
3149 3106
3149 3120
3149 3126
3149 3129
3149 3130
3149 3140
3149 3142
3149 3161
3149 3165
3149 4786
4672 2419
4672 4474
4672 4497
4672 4585
4672 4667
4672 4728
4672 4743
4672 4751
4672 4808
337 428
337 573
337 606
337 3132
1763 622
1763 904
1763 918
1763 919
1763 926
1763 933
1763 1014
1763 1031
1763 1039
1763 1047
1763 1066
1763 1067
1763 1073
1763 1140
1763 1149
1763 1164
1763 1190
1763 1198
1763 1202
1763 1230
1763 1252
1763 1258
1763 1262
1763 1264
1763 1266
1763 1275
1763 1313
1763 1321
1763 1334
1763 1348
1763 1374
1763 1377
1763 1387
1763 1396
1763 1410
1763 1433
1763 1444
1763 1455
1763 1475
1763 1479
1763 1498
1763 1500
1763 1505
1763 1542
1763 1548
1763 1549
1763 1550
1763 1583
1763 1584
1763 1595
1763 1614
1763 1624
1763 1640
1763 1653
1763 1670
1763 1691
1763 1694
1763 1701
1763 1709
1763 1717
1763 1739
1763 1740
1763 1741
1763 1745
1763 1757
1763 1760
1763 1995
1763 2082
1763 2543
1763 2547
1763 2622
1763 3289
1763 3420
1763 3439
1763 3556
1763 4250
1763 4769
1763 4837
1763 4911
1763 4957
3009 1806
3009 3065
3009 3081
3009 3085
3009 3142
3009 3158
3646 4100
3646 4156
3646 4274
3646 4291
3646 4323
1611 866
1611 1019
1611 1031
1611 1049
1611 1106
1611 1155
1611 1217
1611 1269
1611 1289
1611 1447
1611 1462
1611 1573
1611 1621
1611 1669
1611 1680
1611 1701
1611 1723
1611 1732
1611 1742
1611 1971
1611 2203
1611 3943
1714 577
1714 725
1714 992
1714 1025
1714 1105
1714 1127
1714 1198
1714 1201
1714 1219
1714 1235
1714 1280
1714 1290
1714 1367
1714 1390
1714 1405
1714 1412
1714 1413
1714 1449
1714 1478
1714 1481
1714 1484
1714 1504
1714 1552
1714 1561
1714 1576
1714 1582
1714 1585
1714 1588
1714 1600
1714 1606
1714 1638
1714 1662
1714 1681
1714 1695
1714 1703
1714 1704
1714 1707
1714 1713
1714 1720
1714 1733
1714 1739
1714 2333
1714 2503
1714 4016
1714 4075
1714 4587
1714 4798
1714 4999
2468 1661
2468 2084
2468 2218
2468 2280
2468 2285
2468 2298
2468 2397
2468 2459
2468 2590
2468 2610
2468 2617
2468 4336
2468 4996
4114 2427
4114 3510
4114 3609
4114 3825
4114 3852
4114 3870
4114 3878
4114 3950
4114 3961
4114 3971
4114 4129
4114 4145
1382 358
1382 1147
1382 1261
1382 1321
1382 1402
1382 1536
1382 1562
1382 1691
1382 1758
1382 1759
1382 4999
2770 1724
2770 2654
2770 2683
2770 2702
2770 2726
2770 2751
2770 2756
2770 2768
2770 2781
2770 2831
2770 2846
2770 2853
2921 3034
2921 3045
2921 3099
2921 3126
2921 3132
2921 3144
2921 4398
602 361
602 365
602 407
602 408
602 412
602 416
602 446
602 458
602 459
602 461
602 483
602 496
602 517
602 547
602 548
602 556
602 564
602 579
602 585
602 592
602 593
602 595
602 597
602 599
602 606
602 607
602 609
602 616
602 619
602 621
602 622
602 866
602 1761
602 1789
602 3349
602 4732
2329 2263
2329 2265
2329 2382
2329 2403
2329 2490
2329 2522
2329 2564
2329 2574
2329 2578
2329 4256
3653 1693
3653 4138
3653 4243
3653 4320
3653 4333
3653 4349
1679 784
1679 945
1679 955
1679 1106
1679 1142
1679 1158
1679 1211
1679 1219
1679 1262
1679 1277
1679 1296
1679 1317
1679 1319
1679 1333
1679 1344
1679 1416
1679 1417
1679 1490
1679 1518
1679 1524
1679 1551
1679 1625
1679 1648
1679 1683
1679 1711
1679 1732
1679 1761
1679 4005
1679 4224
1679 4407
1679 4657
1679 4851
4228 1110
4228 1976
4228 3337
4228 3479
4228 3579
4228 3774
4228 3809
4228 3812
4228 3877
4228 3884
4228 3968
4228 4041
4228 4088
4228 4182
4228 4219
4228 4226
4228 4246
4228 4283
4228 4297
4228 4308
4228 4319
4228 4387
4228 4996
4251 1246
4251 1520
4251 1523
4251 3570
4251 3730
4251 3773
4251 4040
4251 4177
4251 4220
4251 4257
4251 4337
4251 4338
4251 4347
4251 4362
4251 4365
4251 4366
4251 4381
4251 4386
4913 1379
4913 1657
4913 1665
4913 4239
4913 4317
4913 4431
4913 4483
4913 4485
4913 4508
4913 4512
4913 4541
4913 4542
4913 4591
4913 4601
4913 4613
4913 4721
4913 4735
4913 4766
4913 4801
4913 4821
4913 4847
4913 4850
4913 4853
4913 4884
4913 4901
4913 4926
4913 4959
898 461
898 579
898 625
898 630
898 632
898 636
898 644
898 646
898 649
898 665
898 670
898 685
898 686
898 695
898 699
898 701
898 704
898 707
898 712
898 713
898 726
898 756
898 762
898 767
898 772
898 784
898 789
898 795
898 798
898 801
898 804
898 805
898 809
898 814
898 818
898 825
898 827
898 828
898 829
898 842
898 843
898 849
898 855
898 857
898 864
898 868
898 871
898 872
898 874
898 875
898 876
898 877
898 878
898 881
898 882
898 883
898 886
898 888
898 889
898 890
898 891
898 892
898 896
898 901
898 1301
898 1355
898 1656
898 1706
898 2837
898 3122
898 3498
898 3807
898 3927
898 4006
898 4347
898 4632
898 4841
2027 1117
2027 1669
2027 1671
2027 1794
2027 1804
2027 1852
2027 1868
2027 1906
2027 1946
2027 1961
2027 1988
2027 2023
2027 2024
2027 2026
2027 2052
2027 2054
2027 2057
2027 2058
2027 2061
2027 2066
2027 2178
2027 4927
2505 867
2505 2041
2505 2281
2505 2391
2505 2503
2505 2512
2505 2538
2505 2547
2505 2576
2505 2602
2505 2608
2505 2613
2505 2623
2505 2635
2505 2645
2505 2647
3474 540
3474 1195
3474 1377
3474 1432
3474 1558
3474 2615
3474 2672
3474 3169
3474 3176
3474 3183
3474 3198
3474 3199
3474 3212
3474 3220
3474 3230
3474 3231
3474 3232
3474 3236
3474 3238
3474 3239
3474 3240
3474 3248
3474 3250
3474 3255
3474 3259
3474 3264
3474 3270
3474 3271
3474 3279
3474 3281
3474 3288
3474 3292
3474 3296
3474 3298
3474 3302
3474 3304
3474 3306
3474 3308
3474 3309
3474 3316
3474 3320
3474 3323
3474 3331
3474 3333
3474 3337
3474 3350
3474 3351
3474 3362
3474 3363
3474 3364
3474 3378
3474 3379
3474 3391
3474 3398
3474 3409
3474 3413
3474 3417
3474 3423
3474 3424
3474 3426
3474 3433
3474 3442
3474 3444
3474 3447
3474 3449
3474 3460
3474 3461
3474 3464
3474 3465
3474 3467
3474 3469
3474 3471
3474 3472
3474 3473
3474 3808
3474 4144
3474 4561
3474 4869
3474 4888
3474 4995
1523 939
1523 1222
1523 1225
1523 1318
1523 1613
1523 1671
1523 1674
1523 1675
1523 1691
1523 1739
1523 1748
1523 1753
1523 4285
1523 4995
2797 2597
2797 2656
2797 2723
2797 2801
2797 2818
2797 2835
2797 2839
2797 2848
2797 2849
2797 2852
2797 2861
2797 2862
2797 2863
2797 3823
3140 1764
3140 2057
3140 2267
3140 2892
3140 2895
3140 2904
3140 2916
3140 2955
3140 2956
3140 3026
3140 3029
3140 3065
3140 3067
3140 3079
3140 3082
3140 3085
3140 3088
3140 3108
3140 3112
3140 3113
3140 3130
3140 3132
3140 3142
3140 3158
3140 3773
3140 4919
3140 4978
4174 576
4174 1274
4174 1614
4174 3595
4174 3787
4174 4119
4174 4139
4174 4163
4174 4198
4174 4215
4174 4288
4174 4301
4174 4330
4174 4334
4174 4366
4174 4383
4174 4384
1956 1958
1956 1980
1956 1992
1956 2029
1956 2034
1956 2046
1956 2053
1956 2373
1956 4349
2445 896
2445 1785
2445 2190
2445 2289
2445 2464
2445 2507
2445 2553
2445 2570
2445 2577
2445 2618
2445 2619
2445 2645
2445 2649
2602 559
2602 1441
2602 1609
2602 2208
2602 2214
2602 2302
2602 2306
2602 2331
2602 2393
2602 2407
2602 2418
2602 2444
2602 2484
2602 2509
2602 2530
2602 2536
2602 2538
2602 2541
2602 2576
2602 2577
2602 2598
2602 2607
2602 2608
2602 2616
2602 2618
2602 2619
2602 2621
2602 2623
2602 2630
2602 2639
2602 2645
2602 2647
2602 2649
2602 3246
2602 3448
2602 4074
2602 4666
2821 1940
2821 2679
2821 2750
2821 2779
2821 2810
2821 2811
2821 2833
2821 2834
2821 2835
2821 2837
2821 2841
2821 2842
2821 2861
2821 2862
2821 4159
2821 4241
2821 4319
1085 1570
1085 1648
1085 1692
1085 1706
1085 1713
1085 1748
1085 1756
1508 891
1508 1032
1508 1271
1508 1379
1508 1593
1508 1623
1508 1650
1508 1670
1508 1703
1508 1747
1508 1754
1508 1755
1508 1760
1508 1761
1508 1764
1508 3897
2590 1154
2590 1615
2590 2059
2590 2161
2590 2218
2590 2222
2590 2227
2590 2249
2590 2255
2590 2280
2590 2299
2590 2316
2590 2331
2590 2357
2590 2363
2590 2384
2590 2388
2590 2420
2590 2444
2590 2529
2590 2534
2590 2535
2590 2554
2590 2566
2590 2604
2590 2607
2590 2610
2590 2617
2590 2635
2590 2645
2590 2779
3275 3175
3275 3354
3275 3461
3275 3464
3275 3467
3275 3472
3275 3473
3275 3955
558 368
558 407
558 481
558 505
558 512
558 528
558 547
558 555
558 559
558 597
558 598
558 599
558 607
558 609
558 619
558 621
558 2392
558 4160
558 4882
2048 701
2048 883
2048 1781
2048 1800
2048 1809
2048 1810
2048 1840
2048 1841
2048 1869
2048 1876
2048 1877
2048 1891
2048 1918
2048 1921
2048 1923
2048 1934
2048 1938
2048 1952
2048 1955
2048 1960
2048 1971
2048 1981
2048 1999
2048 2001
2048 2004
2048 2010
2048 2016
2048 2017
2048 2025
2048 2030
2048 2040
2048 2041
2048 2052
2048 2054
2048 2066
2048 2558
2048 3979
2048 4821
2048 4878
2048 4953
2048 4998
2621 798
2621 950
2621 977
2621 1527
2621 1624
2621 2127
2621 2159
2621 2162
2621 2190
2621 2214
2621 2226
2621 2230
2621 2277
2621 2287
2621 2292
2621 2333
2621 2373
2621 2391
2621 2407
2621 2418
2621 2464
2621 2539
2621 2541
2621 2546
2621 2558
2621 2576
2621 2577
2621 2580
2621 2598
2621 2608
2621 2612
2621 2613
2621 2618
2621 2623
2621 2630
2621 2631
2621 2632
2621 2644
2621 2645
2621 2649
2621 2807
2621 3034
2621 4265
3763 1701
3763 4093
3763 4165
3763 4367
3763 4405
3763 4407
3948 965
3948 3006
3948 3774
3948 3832
3948 4184
3948 4314
3948 4336
3948 4352
3948 4382
378 417
378 542
378 565
378 586
378 608
378 2422
734 661
734 684
734 753
734 807
734 861
734 889
734 4207
2006 1660
2006 1806
2006 1836
2006 1858
2006 1910
2006 1915
2006 1919
2006 1924
2006 1928
2006 1959
2006 1996
2006 2005
2006 2007
2006 2043
2006 2045
2006 2061
2006 2539
2006 4603
4395 554
4395 793
4395 1531
4395 1643
4395 1726
4395 2030
4395 2704
4395 3460
4395 3464
4395 3487
4395 3535
4395 3620
4395 3625
4395 3627
4395 3647
4395 3711
4395 3738
4395 3749
4395 3798
4395 3805
4395 3851
4395 3883
4395 3896
4395 3901
4395 3923
4395 3969
4395 3977
4395 3979
4395 3992
4395 3997
4395 4006
4395 4062
4395 4075
4395 4094
4395 4123
4395 4130
4395 4150
4395 4164
4395 4167
4395 4172
4395 4176
4395 4216
4395 4231
4395 4236
4395 4240
4395 4294
4395 4296
4395 4300
4395 4315
4395 4341
4395 4344
4395 4350
4395 4355
4395 4361
4395 4370
4395 4377
4395 4379
4395 4387
4395 4404
4395 4765
4395 4961
2052 455
2052 735
2052 778
2052 1776
2052 1779
2052 1821
2052 1839
2052 1844
2052 1845
2052 1846
2052 1859
2052 1882
2052 1906
2052 1938
2052 1943
2052 1946
2052 1948
2052 1951
2052 1961
2052 1965
2052 1985
2052 1986
2052 1988
2052 1996
2052 1999
2052 2024
2052 2026
2052 2054
2052 2057
2052 2058
2052 2059
2052 2061
2052 2066
2052 2354
2052 2617
2052 4033
2052 4379
2052 4884
2908 2882
2908 2940
2908 2975
2908 3045
2908 3144
2908 4374
4018 1726
4018 4232
4018 4301
4018 4305
4018 4348
4018 4374
4018 4405
4959 1954
4959 2586
4959 3842
4959 4017
4959 4275
4959 4306
4959 4330
4959 4410
4959 4426
4959 4491
4959 4512
4959 4542
4959 4550
4959 4555
4959 4567
4959 4569
4959 4573
4959 4578
4959 4591
4959 4601
4959 4628
4959 4673
4959 4724
4959 4735
4959 4752
4959 4766
4959 4786
4959 4801
4959 4819
4959 4847
4959 4885
4959 4899
4959 4901
4959 4926
4959 4928
4959 4940
4959 4977
4959 4996
2947 1764
2947 2941
2947 3096
2947 3116
2947 3145
3385 1570
3385 3169
3385 3182
3385 3217
3385 3225
3385 3349
3385 3357
3385 3365
3385 3396
3385 3412
3385 3413
3385 3427
3385 3433
3385 3440
3385 3448
3385 3460
3385 3723
3385 4652
4057 1250
4057 2831
4057 3771
4057 3931
4057 4298
4057 4340
4057 4341
4057 4369
1224 577
1224 998
1224 1546
1224 1609
1224 1699
1224 1707
1224 1737
3151 809
3151 1431
3151 1571
3151 2864
3151 2869
3151 2877
3151 2896
3151 2944
3151 2968
3151 2998
3151 3013
3151 3023
3151 3044
3151 3049
3151 3071
3151 3086
3151 3097
3151 3099
3151 3102
3151 3103
3151 3106
3151 3118
3151 3121
3151 3122
3151 3123
3151 3125
3151 3128
3151 3144
3151 3146
3151 3150
3151 3152
3151 3153
3151 3158
3151 3159
3151 3161
3151 3592
3151 4724
3151 4901
3916 2942
3916 3791
3916 3915
3916 4030
3916 4050
3916 4113
3916 4171
3916 4253
3916 4286
1711 420
1711 747
1711 871
1711 911
1711 957
1711 965
1711 968
1711 1011
1711 1036
1711 1095
1711 1114
1711 1129
1711 1304
1711 1329
1711 1388
1711 1408
1711 1420
1711 1464
1711 1557
1711 1559
1711 1569
1711 1593
1711 1602
1711 1626
1711 1631
1711 1661
1711 1726
1711 1747
1711 1755
1711 1760
1711 1761
1711 1764
1711 1938
1711 3271
1711 3294
1711 4130
1711 4307
1745 712
1745 867
1745 918
1745 1029
1745 1031
1745 1047
1745 1055
1745 1067
1745 1164
1745 1169
1745 1190
1745 1191
1745 1202
1745 1228
1745 1230
1745 1259
1745 1264
1745 1313
1745 1321
1745 1369
1745 1374
1745 1377
1745 1387
1745 1405
1745 1427
1745 1433
1745 1444
1745 1475
1745 1479
1745 1498
1745 1505
1745 1515
1745 1542
1745 1548
1745 1557
1745 1584
1745 1595
1745 1596
1745 1624
1745 1646
1745 1657
1745 1675
1745 1694
1745 1702
1745 1713
1745 1725
1745 1732
1745 1739
1745 1740
1745 1757
1745 2059
1745 2092
1745 2612
1745 2834
1745 2919
1745 2965
1745 3667
1745 4458
2284 1567
2284 2146
2284 2196
2284 2419
2284 2441
2284 2482
2284 2490
2284 2577
4810 613
4810 3779
4810 4425
4810 4558
4810 4559
4810 4581
4810 4589
4810 4629
4810 4654
4810 4667
4810 4784
4810 4785
4810 4823
4810 4841
4810 4969
4810 4975
4957 586
4957 609
4957 1096
4957 1343
4957 1620
4957 2632
4957 3061
4957 4471
4957 4485
4957 4509
4957 4540
4957 4552
4957 4577
4957 4595
4957 4620
4957 4644
4957 4741
4957 4744
4957 4773
4957 4791
4957 4812
4957 4816
4957 4835
4957 4868
4957 4882
4957 4897
4957 4903
4957 4906
4957 4917
4957 4942
4957 4945
4957 4956
4957 4968
4957 4976
4957 4980
4957 4983
4957 4992
4957 4995
4957 4996
4957 4997
4957 4999
1039 1584
1039 1595
1039 1632
1039 1757
1039 1854
2573 2123
2573 2172
2573 2226
2573 2314
2573 2330
2573 2404
2573 2501
2573 2529
2573 2536
2573 2550
2573 2565
2573 2583
2573 2591
2573 2611
2573 2627
2573 2634
2573 2637
2573 2638
2573 2643
2573 2647
2573 2768
2573 3363
2573 4350
2573 4976
2628 483
2628 794
2628 2077
2628 2101
2628 2184
2628 2243
2628 2248
2628 2257
2628 2267
2628 2288
2628 2318
2628 2390
2628 2406
2628 2419
2628 2442
2628 2448
2628 2466
2628 2489
2628 2498
2628 2515
2628 2517
2628 2520
2628 2533
2628 2542
2628 2551
2628 2553
2628 2556
2628 2564
2628 2565
2628 2583
2628 2591
2628 2611
2628 2614
2628 2627
2628 2632
2628 2634
2628 2637
2628 2638
2628 2643
2628 2647
2628 2649
2628 3630
2628 4115
2628 4255
2628 4309
2628 4924
2628 4954
4931 1725
4931 2792
4931 2810
4931 4369
4931 4427
4931 4437
4931 4507
4931 4534
4931 4547
4931 4575
4931 4612
4931 4623
4931 4662
4931 4684
4931 4692
4931 4772
4931 4815
4931 4826
4931 4841
4931 4842
4931 4864
4931 4915
4931 4922
4931 4925
4931 4928
4931 4939
4931 4942
4931 4966
4931 4975
4931 4976
4931 4983
4967 562
4967 1012
4967 1344
4967 1707
4967 3129
4967 4417
4967 4428
4967 4445
4967 4448
4967 4482
4967 4560
4967 4593
4967 4597
4967 4599
4967 4606
4967 4610
4967 4611
4967 4658
4967 4681
4967 4703
4967 4741
4967 4760
4967 4764
4967 4771
4967 4774
4967 4783
4967 4788
4967 4885
4967 4886
4967 4896
4967 4909
4967 4910
4967 4917
4967 4921
4967 4928
4967 4935
4967 4948
4967 4949
4967 4951
4967 4953
4967 4971
4967 4974
4967 4977
4967 4979
4967 4985
569 393
569 414
569 420
569 437
569 448
569 498
569 520
569 522
569 530
569 537
569 568
569 575
569 580
569 586
569 596
569 608
569 611
569 614
569 620
569 1137
569 2630
569 4551
1279 1057
1279 1277
1279 1435
1279 1666
1279 1706
1279 1759
1279 4779
1279 4988
1600 909
1600 941
1600 1074
1600 1137
1600 1223
1600 1290
1600 1413
1600 1429
1600 1606
1600 1617
1600 1643
1600 1662
1600 1681
1600 1741
1600 1754
1600 1903
1600 2829
1600 4944
1845 1965
1845 2054
1845 2058
1845 2061
2053 1243
2053 1770
2053 1785
2053 1789
2053 1801
2053 1807
2053 1822
2053 1827
2053 1829
2053 1832
2053 1833
2053 1862
2053 1871
2053 1875
2053 1890
2053 1902
2053 1905
2053 1917
2053 1935
2053 1941
2053 1954
2053 1958
2053 1962
2053 1976
2053 1979
2053 1980
2053 1984
2053 1990
2053 2008
2053 2019
2053 2023
2053 2028
2053 2029
2053 2034
2053 2037
2053 2038
2053 2040
2053 2046
2053 2050
2053 2056
2053 2836
2053 3433
2053 3729
2053 4305
2053 4386
2053 4713
2053 4997
2053 4998
3448 918
3448 1196
3448 1446
3448 1740
3448 2623
3448 3171
3448 3172
3448 3177
3448 3185
3448 3200
3448 3237
3448 3247
3448 3261
3448 3303
3448 3335
3448 3367
3448 3369
3448 3372
3448 3388
3448 3402
3448 3418
3448 3420
3448 3426
3448 3428
3448 3430
3448 3435
3448 3436
3448 3437
3448 3442
3448 3445
3448 3452
3448 3463
3448 3470
3448 4082
769 777
769 792
769 820
769 901
769 2491
2813 2279
2813 2741
2813 2766
2813 2778
2813 2782
2813 2796
2813 2802
2813 2829
2813 2837
2813 2843
2813 2849
2813 2853
2813 2855
2813 2859
2813 2863
2813 3186
2813 3778
3419 493
3419 573
3419 1739
3419 2000
3419 3196
3419 3211
3419 3241
3419 3250
3419 3274
3419 3310
3419 3314
3419 3346
3419 3362
3419 3364
3419 3372
3419 3375
3419 3377
3419 3392
3419 3413
3419 3429
3419 3440
3419 3453
3419 3454
3419 3469
4938 1572
4938 1717
4938 2019
4938 2225
4938 3359
4938 4408
4938 4459
4938 4476
4938 4492
4938 4569
4938 4586
4938 4590
4938 4627
4938 4671
4938 4699
4938 4704
4938 4745
4938 4748
4938 4777
4938 4797
4938 4813
4938 4825
4938 4830
4938 4836
4938 4838
4938 4845
4938 4873
4938 4874
4938 4875
4938 4884
4938 4903
4938 4909
4938 4917
4938 4944
4938 4999
533 346
533 412
533 429
533 489
533 494
533 503
533 511
533 538
533 544
533 554
533 567
533 574
533 698
533 4648
702 712
702 770
702 788
702 822
702 827
702 840
702 4237
1495 849
1495 946
1495 1271
1495 1364
1495 1421
1495 1620
1495 1669
1495 1676
1495 1700
1495 1728
1495 1732
1495 1742
1495 4425
1495 4729
1616 682
1616 874
1616 1110
1616 1287
1616 1292
1616 1380
1616 1429
1616 1505
1616 1607
1616 1632
1616 1702
1616 1703
1616 1721
1616 1724
1616 1725
1616 1730
1616 1742
1616 1754
1616 3026
1616 4035
3965 1277
3965 3611
3965 3823
3965 4139
3965 4189
3965 4256
3965 4324
3965 4353
3965 4398
660 4892
872 423
872 651
872 679
872 680
872 694
872 801
872 837
872 839
872 843
872 849
872 854
872 861
872 864
872 868
872 874
872 875
872 878
872 881
872 882
872 886
872 888
872 889
872 890
872 891
872 892
872 896
872 1570
872 3493
872 3694
872 4342
872 4383
2812 985
2812 1621
2812 2653
2812 2656
2812 2739
2812 2741
2812 2778
2812 2780
2812 2803
2812 2811
2812 2816
2812 2834
2812 2836
2812 2853
2812 2855
2812 2863
2812 3248
2812 3469
4765 2535
4765 4452
4765 4458
4765 4459
4765 4474
4765 4497
4765 4586
4765 4596
4765 4728
4765 4808
4765 4820
4765 4969
4992 350
4992 663
4992 1237
4992 1261
4992 1580
4992 1659
4992 2577
4992 3137
4992 3722
4992 3793
4992 4061
4992 4096
4992 4434
4992 4439
4992 4463
4992 4471
4992 4473
4992 4486
4992 4503
4992 4504
4992 4509
4992 4520
4992 4529
4992 4587
4992 4683
4992 4693
4992 4696
4992 4702
4992 4716
4992 4737
4992 4744
4992 4772
4992 4773
4992 4782
4992 4784
4992 4792
4992 4796
4992 4807
4992 4809
4992 4812
4992 4819
4992 4824
4992 4831
4992 4833
4992 4834
4992 4843
4992 4850
4992 4860
4992 4868
4992 4872
4992 4880
4992 4894
4992 4899
4992 4903
4992 4908
4992 4916
4992 4939
4992 4943
4992 4945
4992 4956
4992 4964
4992 4980
4992 4983
4992 4995
4992 4996
4992 4997
4992 4999
413 394
413 565
413 595
413 599
413 620
413 2393
1740 926
1740 933
1740 1031
1740 1066
1740 1067
1740 1073
1740 1149
1740 1190
1740 1198
1740 1252
1740 1266
1740 1354
1740 1374
1740 1377
1740 1379
1740 1387
1740 1396
1740 1407
1740 1410
1740 1433
1740 1444
1740 1475
1740 1498
1740 1500
1740 1505
1740 1542
1740 1548
1740 1550
1740 1584
1740 1595
1740 1596
1740 1599
1740 1602
1740 1624
1740 1640
1740 1660
1740 1666
1740 1684
1740 1701
1740 1702
1740 1709
1740 1757
1740 1758
1740 1844
1740 2544
1740 2634
1740 3161
1740 3252
1740 3746
1740 3931
1740 4127
1740 4807
1740 4935
2183 2497
2183 2531
2183 2564
2183 2574
2183 2578
2183 4320
2406 2078
2406 2226
2406 2238
2406 2411
2406 2550
2406 2627
2406 2637
2406 3128
2577 1069
2577 1282
2577 2250
2577 2503
2577 2538
2577 2542
2577 2576
2577 2580
2577 2598
2577 2604
2577 2607
2577 2613
2577 2618
2577 2619
2577 2629
2577 2630
2577 2639
2577 2645
2577 2649
2577 3393
2577 4296
2796 1319
2796 2705
2796 2729
2796 2767
2796 2778
2796 2843
2796 2846
2796 2849
2796 2855
2796 2859
2796 2861
2796 2862
2796 2863
2796 3813
2796 4358
1757 507
1757 896
1757 918
1757 919
1757 926
1757 952
1757 982
1757 1022
1757 1029
1757 1066
1757 1067
1757 1140
1757 1148
1757 1164
1757 1168
1757 1169
1757 1190
1757 1191
1757 1202
1757 1228
1757 1230
1757 1258
1757 1266
1757 1275
1757 1321
1757 1333
1757 1334
1757 1335
1757 1360
1757 1374
1757 1377
1757 1387
1757 1396
1757 1427
1757 1433
1757 1444
1757 1475
1757 1477
1757 1479
1757 1485
1757 1500
1757 1502
1757 1505
1757 1515
1757 1533
1757 1538
1757 1542
1757 1549
1757 1550
1757 1558
1757 1595
1757 1596
1757 1614
1757 1633
1757 1640
1757 1687
1757 1694
1757 1709
1757 1760
1757 1761
1757 2408
1757 2622
1757 2634
1757 3007
1757 3367
1757 3713
1757 3933
1757 4192
1757 4336
1757 4338
1757 4877
1757 4901
2018 1522
2018 1530
2018 1566
2018 1790
2018 1797
2018 1807
2018 1856
2018 1861
2018 1973
2018 1982
2018 1993
2018 1995
2018 2001
2018 2003
2018 2015
2018 2024
2018 2031
2018 2050
2018 2056
2018 2510
2018 4882
2623 792
2623 1303
2623 1812
2623 2069
2623 2115
2623 2121
2623 2167
2623 2194
2623 2201
2623 2232
2623 2261
2623 2294
2623 2307
2623 2322
2623 2333
2623 2374
2623 2391
2623 2395
2623 2435
2623 2438
2623 2446
2623 2454
2623 2462
2623 2464
2623 2478
2623 2509
2623 2539
2623 2580
2623 2584
2623 2586
2623 2607
2623 2613
2623 2614
2623 2618
2623 2619
2623 2622
2623 2639
2623 2645
2623 2649
2623 2727
2623 2864
2623 4248
2623 4772
3543 3467
3543 4407
3771 2185
3771 3723
3771 4060
3771 4245
3771 4286
4097 1638
4097 3501
4097 3642
4097 3834
4097 3853
4097 3954
4097 4077
4097 4149
4097 4158
4097 4317
4097 4358
4097 4662
1477 1022
1477 1164
1477 1181
1477 1191
1477 1334
1477 1391
1477 1433
1477 1624
1477 1640
1477 3790
1477 3964
1477 4728
3949 3644
3949 3788
3949 3893
3949 4307
3949 4405
3949 4407
4348 1323
4348 2179
4348 2444
4348 2565
4348 2570
4348 2644
4348 3489
4348 3614
4348 3743
4348 3779
4348 3795
4348 3827
4348 3893
4348 3925
4348 3932
4348 3944
4348 3970
4348 4116
4348 4121
4348 4130
4348 4161
4348 4165
4348 4181
4348 4184
4348 4203
4348 4214
4348 4232
4348 4250
4348 4256
4348 4274
4348 4282
4348 4292
4348 4301
4348 4305
4348 4307
4348 4317
4348 4339
4348 4354
4348 4371
4348 4405
4348 4407
4348 4514
4348 4530
4348 4951
4348 4976
4404 447
4404 595
4404 729
4404 873
4404 1289
4404 1977
4404 2510
4404 2816
4404 3150
4404 3251
4404 3408
4404 3487
4404 3499
4404 3523
4404 3530
4404 3582
4404 3620
4404 3625
4404 3627
4404 3647
4404 3649
4404 3651
4404 3669
4404 3671
4404 3709
4404 3728
4404 3738
4404 3766
4404 3794
4404 3798
4404 3851
4404 3883
4404 3923
4404 3926
4404 3968
4404 3969
4404 3977
4404 3979
4404 3984
4404 3997
4404 4006
4404 4009
4404 4031
4404 4075
4404 4091
4404 4094
4404 4137
4404 4138
4404 4150
4404 4163
4404 4164
4404 4167
4404 4172
4404 4176
4404 4195
4404 4216
4404 4226
4404 4231
4404 4236
4404 4264
4404 4278
4404 4282
4404 4296
4404 4300
4404 4315
4404 4340
4404 4344
4404 4355
4404 4361
4404 4370
4404 4377
4404 4379
4404 4387
4404 4635
4404 4725
4404 4777
4404 4884
4906 892
4906 3394
4906 4434
4906 4634
4906 4728
4906 4732
4906 4755
4906 4806
4906 4839
4906 4876
4906 4898
4906 4904
4906 4914
4906 4922
4906 4923
4906 4954
4906 4965
4906 4986
4971 785
4971 1169
4971 2044
4971 2078
4971 2859
4971 2861
4971 3137
4971 3369
4971 3994
4971 4417
4971 4448
4971 4482
4971 4507
4971 4514
4971 4584
4971 4604
4971 4605
4971 4606
4971 4611
4971 4633
4971 4636
4971 4639
4971 4655
4971 4656
4971 4666
4971 4703
4971 4741
4971 4762
4971 4764
4971 4769
4971 4771
4971 4783
4971 4788
4971 4796
4971 4803
4971 4811
4971 4875
4971 4881
4971 4885
4971 4886
4971 4896
4971 4909
4971 4910
4971 4917
4971 4935
4971 4948
4971 4951
4971 4977
4971 4979
4971 4997
1782 1778
1782 1812
1782 1898
2818 1447
2818 2659
2818 2721
2818 2755
2818 2784
2818 2801
2818 2803
2818 2833
2818 2839
2818 2852
2818 2861
2818 2862
2818 2863
2818 3675
2818 4105
3003 2931
3003 3005
3003 3042
3003 3109
3003 4481
3003 4988
3422 3180
3422 3213
3422 3218
3422 3234
3422 3242
3422 3246
3422 3258
3422 3284
3422 3285
3422 3292
3422 3315
3422 3325
3422 3352
3422 3355
3422 3367
3422 3371
3422 3379
3422 3400
3422 3401
3422 3437
3422 3451
3422 3468
3422 4292
3422 4999
3519 4291
3519 4323
3519 4374
3519 4383
3782 943
3782 4366
3782 4383
3782 4384
3782 4398
4585 2852
4585 4548
4585 4728
4585 4750
4585 4820
4585 4979
514 391
514 495
514 572
514 586
514 606
514 618
514 621
514 622
514 840
514 2152
562 364
562 406
562 411
562 422
562 453
562 466
562 472
562 475
562 483
562 502
562 524
562 537
562 548
562 549
562 614
562 4229
562 4925
1342 843
1342 1308
1342 1394
1342 1438
1342 1615
1342 1653
1342 1659
1342 1685
1342 1687
1342 1720
1342 4219
1443 909
1443 1021
1443 1087
1443 1144
1443 1157
1443 1187
1443 1251
1443 1356
1443 1448
1443 1453
1443 1545
1443 1754
1443 2118
1443 4656
4221 706
4221 2059
4221 3626
4221 3971
4221 4025
4221 4035
4221 4055
4221 4142
4221 4187
4221 4192
4221 4229
4221 4230
4221 4309
4221 4320
4221 4333
4221 4345
4221 4349
4221 4367
4221 4374
4221 4843
901 458
901 589
901 628
901 630
901 631
901 641
901 642
901 645
901 654
901 666
901 675
901 685
901 686
901 690
901 695
901 711
901 712
901 713
901 721
901 729
901 730
901 732
901 747
901 755
901 756
901 757
901 758
901 761
901 765
901 773
901 774
901 784
901 789
901 797
901 803
901 807
901 809
901 814
901 818
901 822
901 828
901 831
901 842
901 849
901 854
901 855
901 860
901 864
901 868
901 874
901 875
901 876
901 878
901 881
901 882
901 883
901 888
901 889
901 890
901 891
901 892
901 896
901 1744
901 2378
901 2486
901 2647
901 2882
901 2894
901 3037
901 3128
901 4143
901 4305
901 4343
901 4381
901 4878
1518 941
1518 955
1518 1108
1518 1293
1518 1407
1518 1417
1518 1426
1518 1432
1518 1638
1518 1648
1518 1683
1518 1741
1518 1760
1518 1930
1518 2829
1518 4261
2776 1615
2776 1996
2776 2698
2776 2705
2776 2765
2776 2822
2776 2826
2776 2829
2776 2833
2776 2835
2776 2842
2776 2856
2776 2862
3131 2939
3131 2956
3131 2971
3131 2983
3131 2989
3131 2992
3131 3017
3131 3031
3131 3072
3131 3086
3131 3122
3131 3128
3131 3137
3131 3144
3131 3150
3131 3152
3131 3153
3131 3158
3131 3159
3131 3161
3131 3384
3131 4120
3131 4292
3131 4347
525 471
525 546
525 565
525 595
525 596
525 598
525 608
525 611
525 614
525 1203
1723 447
1723 741
1723 942
1723 1019
1723 1111
1723 1121
1723 1184
1723 1192
1723 1199
1723 1250
1723 1281
1723 1289
1723 1301
1723 1368
1723 1411
1723 1421
1723 1446
1723 1454
1723 1467
1723 1505
1723 1510
1723 1520
1723 1538
1723 1617
1723 1618
1723 1620
1723 1621
1723 1644
1723 1650
1723 1653
1723 1669
1723 1671
1723 1676
1723 1681
1723 1700
1723 1717
1723 1728
1723 1732
1723 1742
1723 1748
1723 2564
1723 2584
1723 2827
1723 3758
1723 4347
1723 4790
1723 4894
2298 2061
2298 2321
2298 2510
2298 2576
2298 2612
2298 2646
2298 2647
2476 585
2476 2089
2476 2096
2476 2332
2476 2361
2476 2380
2476 2385
2476 2399
2476 2447
2476 2492
2476 2494
2476 2554
2476 2613
2476 4861
4286 388
4286 2192
4286 2263
4286 2545
4286 3635
4286 3664
4286 3676
4286 3712
4286 3723
4286 3842
4286 3863
4286 3873
4286 3875
4286 3880
4286 3887
4286 3926
4286 4060
4286 4116
4286 4191
4286 4245
4286 4256
4286 4347
4286 4371
4286 4489
1560 1215
1560 1375
1560 1376
1560 1458
1560 1501
1560 1513
1560 1554
1560 1569
1560 1626
1560 1693
1560 1760
1560 1761
1560 3836
1560 4386
1560 4782
1560 4902
1798 1790
1798 1817
1798 1847
1798 3326
2074 2349
2074 2465
2074 2544
2074 2586
2074 4034
2692 2843
2692 2847
2692 4607
4661 1725
4661 4784
4661 4789
4661 4830
4661 4936
4661 4942
4661 4955
4661 4964
4788 745
4788 4656
4788 4698
4788 4712
4788 4909
4788 4910
4788 4917
4788 4945
4788 4951
4788 4977
1115 1553
1115 1578
1115 1580
1115 1678
1115 1684
1115 1705
1115 4353
1650 977
1650 1150
1650 1294
1650 1318
1650 1327
1650 1445
1650 1551
1650 1590
1650 1598
1650 1608
1650 1673
1650 1675
1650 1687
1650 1692
1650 1704
1650 1744
1650 1748
1650 1753
1650 1756
1650 2632
1650 2841
1650 2855
1650 4378
1650 4658
2585 1277
2585 1764
2585 2109
2585 2142
2585 2225
2585 2356
2585 2372
2585 2391
2585 2443
2585 2452
2585 2471
2585 2488
2585 2494
2585 2498
2585 2503
2585 2520
2585 2542
2585 2555
2585 2561
2585 2584
2585 2598
2585 2600
2585 2612
2585 2629
2585 2635
2585 2644
2585 2646
2585 2647
2585 3103
2585 3208
2585 4241
3008 2880
3008 2894
3008 3006
3008 3115
3008 3117
3008 3157
3008 3160
3008 3165
3008 3167
3008 3473
3579 642
3579 3899
3579 4297
3579 4308
4675 1408
4675 4731
4675 4750
4675 4833
4675 4869
4675 4941
4675 4983
4675 4995
4675 4997
4675 4999
1478 914
1478 1056
1478 1252
1478 1280
1478 1578
1478 1695
1478 1704
1478 1707
1478 1741
1478 1746
1478 2442
1478 3361
1511 451
1511 875
1511 906
1511 929
1511 1240
1511 1298
1511 1467
1511 1492
1511 1565
1511 1599
1511 1753
1511 1758
1511 1759
1586 1102
1586 1242
1586 1270
1586 1273
1586 1292
1586 1552
1586 1562
1586 1632
1586 1639
1586 1654
1586 1656
1586 1662
1586 1669
1586 1680
1586 1724
1586 1730
1586 1754
1586 2862
1586 4953
2597 384
2597 786
2597 875
2597 2078
2597 2085
2597 2086
2597 2091
2597 2118
2597 2152
2597 2180
2597 2187
2597 2192
2597 2228
2597 2231
2597 2250
2597 2252
2597 2305
2597 2317
2597 2322
2597 2328
2597 2340
2597 2431
2597 2439
2597 2446
2597 2453
2597 2477
2597 2522
2597 2545
2597 2551
2597 2554
2597 2582
2597 2637
2597 2638
2597 3160
2597 3714
2597 4460
2597 4572
2652 2665
2652 2768
2652 2820
2652 2827
2652 2846
3269 1683
3269 3260
3269 3384
3269 3405
3269 3424
3269 3467
1186 967
1186 1038
1186 1502
1186 1504
1186 1545
1186 1643
1186 1704
2401 2096
2401 2235
2401 2269
2401 2361
2401 2385
2401 2399
2401 2610
2841 866
2841 2653
2841 2662
2841 2674
2841 2678
2841 2682
2841 2685
2841 2703
2841 2711
2841 2718
2841 2742
2841 2769
2841 2771
2841 2800
2841 2801
2841 2810
2841 2816
2841 2826
2841 2833
2841 2844
2841 2845
2841 2848
2841 2852
2841 2856
2841 2861
2841 2862
2841 3896
2841 4297
2841 4298
2841 4381
3358 2856
3358 3360
3358 3408
3358 3417
3358 3423
3358 3425
3358 3434
3358 3436
3358 3438
3358 3441
3358 3446
3358 3450
3358 3465
3358 3468
3358 3472
3715 1704
3715 4124
3715 4151
3715 4189
3715 4335
3715 4398
3783 3678
3783 3888
3783 4382
3783 4954
4575 2501
4575 4797
4575 4995
4575 4997
4575 4999
857 474
857 625
857 629
857 637
857 650
857 675
857 682
857 687
857 701
857 728
857 733
857 735
857 752
857 754
857 766
857 771
857 789
857 802
857 809
857 812
857 833
857 836
857 847
857 849
857 858
857 868
857 882
857 2534
857 2701
857 3458
857 3844
857 4387
1071 1487
1071 1579
1071 1668
1071 1756
1071 3744
1409 1086
1409 1357
1409 1436
1409 1458
1409 1460
1409 1540
1409 1564
1409 1595
1409 1660
1409 1678
1409 1684
1409 1705
1409 4090
1623 927
1623 956
1623 1005
1623 1040
1623 1104
1623 1112
1623 1120
1623 1175
1623 1248
1623 1291
1623 1305
1623 1360
1623 1390
1623 1406
1623 1419
1623 1441
1623 1452
1623 1497
1623 1642
1623 1676
1623 1760
1623 2100
1623 2249
1623 2635
1623 4309
1933 494
1933 1771
1933 1864
1933 1869
1933 1900
1933 1968
1933 1969
1933 1971
1933 1998
1933 2016
1933 3165
4269 2619
4269 2622
4269 3360
4269 3542
4269 3571
4269 3840
4269 3921
4269 3944
4269 4044
4269 4089
4269 4095
4269 4218
4269 4225
4269 4238
4269 4265
4269 4290
4269 4299
4269 4307
4269 4333
4269 4361
4269 4367
4269 4370
4269 4374
4269 4389
4269 4816
4309 574
4309 1388
4309 1585
4309 1942
4309 3476
4309 3513
4309 3524
4309 3583
4309 3611
4309 3636
4309 3701
4309 3702
4309 3749
4309 3896
4309 3910
4309 3988
4309 4034
4309 4035
4309 4058
4309 4068
4309 4092
4309 4229
4309 4243
4309 4265
4309 4320
4309 4331
4309 4333
4309 4339
4309 4345
4309 4349
4309 4919
355 537
355 606
355 4669
841 765
841 766
841 783
841 794
841 806
841 823
841 849
841 864
841 873
841 874
841 882
841 883
841 889
841 890
841 892
841 896
841 1363
841 1606
841 2646
841 4128
1500 1073
1500 1140
1500 1410
1500 1444
1500 1522
1500 1624
1500 1640
1500 1644
1500 1724
1500 1758
1500 2368
2400 1455
2400 2211
2400 2314
2400 2337
2400 2414
2400 2461
2400 2495
2400 2500
2400 2551
2400 2644
2400 4334
2448 2071
2448 2107
2448 2113
2448 2201
2448 2338
2448 2350
2448 2396
2448 2467
2448 2474
2448 2475
2448 2578
2448 2588
2448 3418
2448 4761
4334 409
4334 1412
4334 1695
4334 1701
4334 1756
4334 1758
4334 3119
4334 3150
4334 3580
4334 3594
4334 3605
4334 3611
4334 3661
4334 3727
4334 3858
4334 3887
4334 3966
4334 3973
4334 3990
4334 4001
4334 4005
4334 4024
4334 4054
4334 4086
4334 4131
4334 4139
4334 4172
4334 4173
4334 4198
4334 4205
4334 4215
4334 4229
4334 4236
4334 4288
4334 4330
4334 4366
4334 4383
4334 4384
4963 1337
4963 2041
4963 2847
4963 4276
4963 4308
4963 4337
4963 4419
4963 4433
4963 4494
4963 4508
4963 4519
4963 4561
4963 4589
4963 4594
4963 4617
4963 4635
4963 4664
4963 4695
4963 4709
4963 4726
4963 4734
4963 4735
4963 4749
4963 4775
4963 4799
4963 4802
4963 4821
4963 4837
4963 4844
4963 4855
4963 4857
4963 4866
4963 4867
4963 4902
4963 4921
4963 4927
4963 4953
4963 4961
4963 4968
4963 4969
4963 4978
4963 4982
4963 4985
4963 4988
4963 4998
966 1125
966 1282
966 1324
966 1326
966 1494
966 1652
1779 1899
1779 2024
1779 2058
2098 2378
2098 2543
2098 2582
2098 2644
2098 2647
2565 618
2565 1991
2565 2217
2565 2255
2565 2268
2565 2291
2565 2404
2565 2494
2565 2529
2565 2533
2565 2545
2565 2553
2565 2556
2565 2591
2565 2611
2565 2620
2565 2634
2565 2637
2565 2638
2565 2643
2565 4146
2848 790
2848 1548
2848 1669
2848 1676
2848 2059
2848 2629
2848 2656
2848 2669
2848 2683
2848 2684
2848 2706
2848 2724
2848 2733
2848 2742
2848 2755
2848 2764
2848 2765
2848 2769
2848 2779
2848 2782
2848 2794
2848 2801
2848 2802
2848 2805
2848 2823
2848 2824
2848 2831
2848 2833
2848 2842
2848 2844
2848 2845
2848 2846
2848 2852
2848 2853
2848 2855
2848 2861
2848 2863
2848 3471
2848 3894
2848 4343
4147 1341
4147 3522
4147 3587
4147 3623
4147 3700
4147 3750
4147 3859
4147 3885
4147 3891
4147 3903
4147 3912
4147 4106
4147 4198
4147 4223
4147 4297
4147 4627
4612 2649
4612 4857
4612 4895
4612 4949
4612 4966
4612 4976
435 418
435 540
435 552
435 556
435 583
435 621
435 4162
1630 547
1630 923
1630 940
1630 1160
1630 1220
1630 1337
1630 1341
1630 1359
1630 1392
1630 1436
1630 1440
1630 1452
1630 1522
1630 1540
1630 1544
1630 1564
1630 1571
1630 1580
1630 1661
1630 1678
1630 1695
1630 1705
1630 2983
1630 3150
1630 3969
3067 1642
3067 1951
3067 3032
3067 3072
3067 3076
3067 3103
3067 3146
3067 3152
3067 3153
3067 3159
3450 433
3450 1281
3450 1742
3450 1748
3450 3197
3450 3224
3450 3228
3450 3257
3450 3289
3450 3294
3450 3295
3450 3297
3450 3308
3450 3334
3450 3353
3450 3360
3450 3361
3450 3366
3450 3368
3450 3370
3450 3374
3450 3381
3450 3403
3450 3404
3450 3408
3450 3423
3450 3438
3450 3439
3450 3441
3450 3446
3450 3452
3450 3454
3450 3458
3450 3465
3450 3466
3450 3468
3450 3473
3450 4549
3450 4736
4676 4505
4676 4626
4676 4663
4676 4685
4676 4747
4676 4877
4676 4888
4676 4919
4762 2803
4762 4163
4762 4518
4762 4838
4762 4909
4762 4935
4762 4948
4762 4951
4762 4977
1732 557
1732 946
1732 953
1732 1032
1732 1049
1732 1106
1732 1128
1732 1155
1732 1179
1732 1184
1732 1192
1732 1215
1732 1244
1732 1245
1732 1250
1732 1284
1732 1358
1732 1364
1732 1371
1732 1385
1732 1399
1732 1421
1732 1446
1732 1453
1732 1462
1732 1480
1732 1538
1732 1568
1732 1573
1732 1618
1732 1620
1732 1644
1732 1653
1732 1654
1732 1671
1732 1676
1732 1728
1732 1742
1732 1922
1732 2364
1732 2632
1732 2679
1732 2802
1732 3045
1732 3396
1732 3973
1732 4881
1732 4917
2645 661
2645 733
2645 1044
2645 1592
2645 2115
2645 2139
2645 2140
2645 2149
2645 2159
2645 2171
2645 2182
2645 2194
2645 2201
2645 2208
2645 2213
2645 2218
2645 2223
2645 2230
2645 2232
2645 2275
2645 2281
2645 2286
2645 2287
2645 2299
2645 2306
2645 2307
2645 2333
2645 2348
2645 2358
2645 2362
2645 2368
2645 2391
2645 2395
2645 2407
2645 2426
2645 2435
2645 2436
2645 2438
2645 2462
2645 2463
2645 2509
2645 2530
2645 2538
2645 2539
2645 2541
2645 2547
2645 2549
2645 2576
2645 2580
2645 2598
2645 2605
2645 2607
2645 2608
2645 2609
2645 2612
2645 2613
2645 2617
2645 2618
2645 2619
2645 2630
2645 2634
2645 2639
2645 2649
2645 3120
2645 3134
2645 3353
2645 3529
2645 3840
2645 4006
2645 4299
2645 4346
2645 4671
2645 4777
2645 4924
2645 4937
3073 2057
3073 2885
3073 2927
3073 3002
3073 3005
3073 3071
3073 3077
3073 3078
3073 3103
3073 3105
3073 3120
3073 3509
3073 4208
3440 778
3440 2302
3440 3102
3440 3196
3440 3202
3440 3240
3440 3250
3440 3273
3440 3274
3440 3286
3440 3294
3440 3310
3440 3341
3440 3343
3440 3346
3440 3355
3440 3362
3440 3375
3440 3376
3440 3377
3440 3383
3440 3392
3440 3424
3440 3429
3440 3453
3440 3454
3440 3472
3440 3541
3440 4142
3440 4398
3827 4138
3827 4282
3827 4305
3827 4345
3827 4371
3827 4405
4307 613
4307 883
4307 933
4307 1659
4307 2061
4307 3770
4307 3775
4307 3935
4307 3940
4307 4079
4307 4121
4307 4161
4307 4181
4307 4219
4307 4232
4307 4274
4307 4282
4307 4292
4307 4305
4307 4317
4307 4354
4307 4366
4307 4381
4307 4405
4307 4407
4307 4848
4892 709
4892 881
4892 2034
4892 3425
4892 4491
4892 4508
4892 4567
4892 4618
4892 4706
4892 4724
4892 4766
4892 4786
4892 4801
4892 4819
4892 4821
4892 4847
4892 4896
4892 4901
4892 4926
4892 4927
789 675
789 746
789 874
789 891
789 2479
789 4941
859 537
859 679
859 706
859 717
859 746
859 753
859 774
859 781
859 795
859 804
859 807
859 817
859 823
859 831
859 839
859 846
859 848
859 860
859 861
859 876
859 877
859 888
859 896
859 1527
859 2043
859 4436
924 1691
924 1760
924 1764
924 4222
1869 1907
1869 1918
1869 1923
1869 1952
1869 2030
1869 2041
1869 2855
1932 1391
1932 1813
1932 1825
1932 1849
1932 1888
1932 1950
1932 1966
1932 2023
1932 2030
1932 2046
1932 4799
3336 881
3336 1710
3336 3312
3336 3335
3336 3367
3336 3404
3336 3406
3336 3418
3336 3436
3336 3452
3336 3463
3336 3470
4731 2845
4731 4706
4731 4712
4731 4789
4731 4869
4731 4875
4731 4908
4731 4942
4731 4943
4731 4964
4731 4969
4898 1403
4898 1728
4898 2778
4898 4122
4898 4283
4898 4420
4898 4538
4898 4707
4898 4732
4898 4754
4898 4809
4898 4839
4898 4876
4898 4904
4898 4914
4898 4915
4898 4922
4898 4923
4898 4937
4898 4954
4898 4965
678 879
678 890
678 896
820 438
820 651
820 722
820 773
820 782
820 794
820 830
820 864
820 874
820 889
820 2137
820 3903
1992 458
1992 1618
1992 1806
1992 1823
1992 1861
1992 1904
1992 1944
1992 1973
1992 1975
1992 2000
1992 2021
1992 2038
1992 2056
1992 2066
1992 4922
2242 2112
2242 2145
2242 2396
2242 2433
2242 2536
2242 2741
2426 2326
2426 2430
2426 2438
2426 2452
2426 2463
2426 2509
2426 2580
2426 2639
2426 4830
2845 848
2845 1512
2845 2404
2845 2665
2845 2686
2845 2696
2845 2697
2845 2716
2845 2721
2845 2740
2845 2757
2845 2765
2845 2766
2845 2773
2845 2777
2845 2779
2845 2788
2845 2801
2845 2802
2845 2805
2845 2820
2845 2833
2845 2839
2845 2856
2845 2861
2845 2862
2845 2863
2845 2988
2845 3105
2845 4069
2845 4777
4978 774
4978 843
4978 890
4978 1882
4978 2190
4978 2222
4978 2456
4978 2574
4978 3730
4978 3988
4978 4409
4978 4433
4978 4480
4978 4506
4978 4533
4978 4554
4978 4594
4978 4650
4978 4651
4978 4693
4978 4695
4978 4709
4978 4720
4978 4721
4978 4726
4978 4742
4978 4749
4978 4768
4978 4781
4978 4798
4978 4827
4978 4837
4978 4852
4978 4855
4978 4866
4978 4891
4978 4895
4978 4902
4978 4909
4978 4917
4978 4937
4978 4953
4978 4961
4978 4968
4978 4969
4978 4974
4978 4982
4978 4983
4978 4985
4978 4986
4978 4988
4978 4995
4978 4998
1362 1135
1362 1200
1362 1320
1362 1354
1362 1517
1362 1533
1362 1655
1362 1658
2589 1313
2589 1596
2589 2103
2589 2111
2589 2128
2589 2203
2589 2220
2589 2223
2589 2238
2589 2262
2589 2271
2589 2315
2589 2413
2589 2417
2589 2434
2589 2472
2589 2484
2589 2492
2589 2504
2589 2513
2589 2523
2589 2532
2589 2533
2589 2558
2589 2562
2589 2606
2589 2615
2589 2627
2589 2632
2589 3897
2589 4977
2607 1635
2607 1692
2607 2114
2607 2140
2607 2194
2607 2214
2607 2286
2607 2306
2607 2349
2607 2352
2607 2374
2607 2418
2607 2435
2607 2438
2607 2461
2607 2496
2607 2509
2607 2530
2607 2538
2607 2547
2607 2567
2607 2576
2607 2580
2607 2598
2607 2608
2607 2619
2607 2630
2607 2639
2607 2647
2607 2649
2607 3362
2607 3449
2607 3753
2607 4092
2607 4144
2607 4283
2607 4387
2609 611
2609 674
2609 710
2609 1633
2609 2076
2609 2106
2609 2131
2609 2169
2609 2175
2609 2186
2609 2266
2609 2302
2609 2308
2609 2339
2609 2359
2609 2381
2609 2423
2609 2428
2609 2437
2609 2455
2609 2501
2609 2508
2609 2533
2609 2549
2609 2559
2609 2580
2609 2600
2609 2605
2609 2614
2609 2615
2609 2622
2609 2631
2609 2632
2609 2646
2609 2789
2609 2863
2609 4116
2609 4374
3085 2861
3085 2873
3085 2928
3085 2955
3085 2978
3085 3106
3085 3129
3085 3158
3672 2574
3672 3780
3672 4250
3672 4326
3672 4354
3672 4407
4370 373
4370 599
4370 1739
4370 2425
4370 2611
4370 3464
4370 3481
4370 3523
4370 3581
4370 3691
4370 3820
4370 3851
4370 3883
4370 3923
4370 3969
4370 3977
4370 4006
4370 4009
4370 4040
4370 4062
4370 4073
4370 4075
4370 4115
4370 4137
4370 4138
4370 4164
4370 4167
4370 4172
4370 4176
4370 4216
4370 4231
4370 4236
4370 4296
4370 4300
4370 4315
4370 4344
4370 4355
4370 4361
4370 4366
4370 4369
4370 4377
4370 4379
4370 4387
4370 4996
436 432
436 477
436 500
436 538
436 546
436 559
436 1104
828 792
828 871
828 876
828 879
828 882
828 890
828 892
828 896
828 3578
828 4111
828 4315
2644 576
2644 1264
2644 1699
2644 1877
2644 1971
2644 2083
2644 2113
2644 2132
2644 2142
2644 2157
2644 2164
2644 2174
2644 2176
2644 2179
2644 2191
2644 2225
2644 2228
2644 2241
2644 2247
2644 2276
2644 2279
2644 2307
2644 2315
2644 2320
2644 2321
2644 2336
2644 2341
2644 2343
2644 2350
2644 2352
2644 2379
2644 2383
2644 2387
2644 2408
2644 2409
2644 2416
2644 2443
2644 2452
2644 2457
2644 2470
2644 2491
2644 2494
2644 2512
2644 2516
2644 2520
2644 2524
2644 2535
2644 2543
2644 2547
2644 2551
2644 2561
2644 2564
2644 2584
2644 2612
2644 2616
2644 2620
2644 2629
2644 2630
2644 2634
2644 2646
2644 2647
2644 3402
2644 3806
2644 3929
2644 4398
2644 4681
2644 4955
3064 1668
3064 3023
3064 3096
3064 3103
3064 3112
3064 3128
3064 3133
3064 3152
3064 3153
3064 3159
3064 3161
3064 4519
4109 1644
4109 2646
4109 3730
4109 3951
4109 4061
4109 4217
4109 4258
4109 4261
4109 4326
4109 4331
4109 4358
4109 4999
4780 1687
4780 2451
4780 4255
4780 4816
4780 4844
4780 4951
4780 4961
4780 4974
4780 4985
4780 4986
4780 4998
4872 843
4872 1942
4872 2630
4872 2833
4872 4497
4872 4746
4872 4827
4872 4834
4872 4882
4872 4894
4872 4916
4872 4939
4872 4948
4872 4956
4872 4969
4872 4983
4872 4995
4872 4996
4872 4997
4872 4999
1109 1526
1109 1690
1109 1737
1109 2600
1435 1213
1435 1336
1435 1340
1435 1599
1435 1710
1435 1758
1435 1759
1435 1934
1435 4870
1733 943
1733 950
1733 994
1733 1011
1733 1024
1733 1035
1733 1044
1733 1102
1733 1107
1733 1227
1733 1257
1733 1261
1733 1299
1733 1315
1733 1367
1733 1398
1733 1401
1733 1429
1733 1444
1733 1469
1733 1484
1733 1488
1733 1504
1733 1529
1733 1536
1733 1545
1733 1561
1733 1576
1733 1582
1733 1594
1733 1606
1733 1638
1733 1643
1733 1662
1733 1671
1733 1695
1733 1704
1733 1707
1733 1713
1733 1741
1733 1746
1733 1747
1733 1892
1733 1919
1733 1961
1733 2279
1733 2583
1733 2591
1733 2823
1733 3112
1733 3342
1733 3431
1733 4206
1870 1394
1870 1803
1870 1951
1870 1975
1870 1978
1870 2059
1870 2066
3586 2305
3586 3994
3586 4118
3586 4136
3586 4141
4925 1080
4925 1934
4925 3705
4925 4069
4925 4144
4925 4438
4925 4472
4925 4484
4925 4499
4925 4625
4925 4645
4925 4662
4925 4677
4925 4738
4925 4746
4925 4747
4925 4756
4925 4778
4925 4797
4925 4815
4925 4826
4925 4842
4925 4862
4925 4895
4925 4921
4925 4928
4925 4939
4925 4940
4925 4949
4925 4966
4925 4975
380 430
380 456
380 470
380 559
380 597
380 614
861 684
861 704
861 725
861 737
861 741
861 746
861 752
861 776
861 781
861 795
861 804
861 839
861 846
861 855
861 860
861 876
861 877
861 881
861 886
861 896
861 1309
861 2272
861 2605
861 3043
861 3451
861 4559
1538 889
1538 986
1538 1270
1538 1399
1538 1454
1538 1592
1538 1653
1538 1728
1538 1761
1538 2443
2309 364
2309 2323
2309 2373
2309 2419
2309 2460
2309 2482
2309 2595
2309 2638
2538 855
2538 1832
2538 2351
2538 2391
2538 2454
2538 2458
2538 2515
2538 2576
2538 2598
2538 2613
2538 2629
2538 2639
2538 2649
2538 3298
2538 3975
2971 3066
3936 4183
3936 4284
3936 4299
3936 4367
3936 4374
3936 4389
4434 4997
4645 1725
4645 4507
4645 4806
4645 4915
4645 4928
4645 4942
4645 4966
4645 4975
585 346
585 350
585 411
585 425
585 442
585 449
585 486
585 543
585 547
585 555
585 564
585 582
585 592
585 593
585 597
585 598
585 599
585 607
585 616
585 619
585 1561
585 4320
585 4353
585 4358
585 4923
1001 1284
1001 1526
1001 1707
1001 1742
1639 877
1639 1010
1639 1040
1639 1096
1639 1281
1639 1290
1639 1439
1639 1539
1639 1612
1639 1632
1639 1643
1639 1656
1639 1680
1639 1700
1639 1703
1639 1717
1639 1721
1639 1724
1639 1725
1639 1730
1639 1754
1639 2469
1639 4317
1639 4465
1639 4693
1793 952
1793 1947
1793 2034
1793 2066
1812 1783
1812 1915
1812 2045
2965 3089
2965 3116
2965 3124
2965 3137
2965 3145
3172 2647
3172 3363
3172 3463
3172 3470
4206 1759
4206 2346
4206 2529
4206 3682
4206 3747
4206 3773
4206 3939
4206 4129
4206 4153
4206 4195
4206 4197
4206 4314
4206 4336
4206 4337
4206 4352
4206 4382
1617 1150
1617 1283
1617 1367
1617 1393
1617 1413
1617 1502
1617 1530
1617 1552
1617 1576
1617 1606
1617 1704
1617 1707
1617 1721
1617 1746
1617 1754
1617 1964
1617 2637
1617 4059
1617 4121
1692 1004
1692 1036
1692 1076
1692 1079
1692 1110
1692 1246
1692 1294
1692 1460
1692 1484
1692 1490
1692 1520
1692 1559
1692 1590
1692 1601
1692 1608
1692 1609
1692 1614
1692 1665
1692 1673
1692 1704
1692 1706
1692 1713
1692 1739
1692 1744
1692 1748
1692 1753
1692 1756
1692 2028
1692 3466
1692 4352
1692 4405
1692 4722
1692 4961
3441 1380
3441 3193
3441 3224
3441 3229
3441 3254
3441 3283
3441 3313
3441 3314
3441 3334
3441 3353
3441 3360
3441 3370
3441 3374
3441 3381
3441 3396
3441 3404
3441 3407
3441 3408
3441 3423
3441 3425
3441 3434
3441 3438
3441 3444
3441 3446
3441 3447
3441 3451
3441 3465
3441 3466
3441 3468
3441 3663
3441 3909
3441 3996
3441 4118
3441 4387
3459 1561
3459 1636
3459 1668
3459 1703
3459 3177
3459 3202
3459 3210
3459 3215
3459 3226
3459 3227
3459 3245
3459 3259
3459 3264
3459 3272
3459 3279
3459 3283
3459 3306
3459 3307
3459 3317
3459 3321
3459 3327
3459 3329
3459 3331
3459 3339
3459 3344
3459 3354
3459 3359
3459 3373
3459 3379
3459 3384
3459 3387
3459 3394
3459 3397
3459 3403
3459 3405
3459 3424
3459 3427
3459 3435
3459 3458
3459 3460
3459 3461
3459 3471
3459 3504
3459 3879
3459 4358
3459 4520
3459 4808
3459 4848
3476 375
3476 3546
3476 3700
3476 4187
3476 4333
4508 598
4508 4410
1936 1626
1936 1859
1936 2023
1936 2054
1936 2057
1936 2058
1936 2061
2632 1299
2632 1721
2632 1748
2632 2070
2632 2076
2632 2087
2632 2106
2632 2109
2632 2131
2632 2136
2632 2169
2632 2186
2632 2207
2632 2209
2632 2245
2632 2260
2632 2266
2632 2302
2632 2308
2632 2339
2632 2359
2632 2376
2632 2381
2632 2391
2632 2419
2632 2423
2632 2428
2632 2437
2632 2455
2632 2457
2632 2471
2632 2501
2632 2508
2632 2549
2632 2559
2632 2566
2632 2580
2632 2605
2632 2614
2632 2622
2632 2629
2632 2631
2632 2647
2632 2855
2632 3826
2632 4204
2632 4229
2632 4708
3702 3463
3702 3969
3702 4025
3702 4192
3702 4345
3702 4405
4239 811
4239 2023
4239 2461
4239 3796
4239 4056
4239 4061
4239 4122
4239 4146
4239 4180
4239 4202
4239 4264
4239 4267
4239 4285
4239 4294
4239 4300
4239 4304
4239 4319
4239 4364
4381 434
4381 750
4381 1149
4381 1227
4381 2616
4381 3090
4381 3475
4381 3486
4381 3494
4381 3528
4381 3570
4381 3577
4381 3608
4381 3660
4381 3729
4381 3746
4381 3778
4381 3809
4381 3813
4381 3831
4381 3855
4381 3868
4381 3877
4381 3970
4381 3982
4381 3987
4381 4040
4381 4049
4381 4076
4381 4108
4381 4124
4381 4140
4381 4142
4381 4157
4381 4177
4381 4204
4381 4209
4381 4212
4381 4220
4381 4241
4381 4248
4381 4312
4381 4338
4381 4344
4381 4347
4381 4362
4381 4365
4381 4369
4381 4371
4381 4386
4381 4665
4381 4712
4381 4982
4381 4983
4723 1654
4723 4024
4723 4444
4723 4712
4723 4942
4723 4943
4723 4955
4723 4964
4945 853
4945 1230
4945 1558
4945 2126
4945 4035
4945 4101
4945 4232
4945 4472
4945 4540
4945 4564
4945 4598
4945 4615
4945 4700
4945 4735
4945 4751
4945 4759
4945 4782
4945 4796
4945 4827
4945 4850
4945 4851
4945 4868
4945 4891
4945 4899
4945 4939
4945 4941
4945 4980
4945 4982
4945 4988
4945 4995
4945 4996
4945 4999
680 794
680 883
680 890
680 896
680 3377
1142 1262
1142 1277
1142 1625
1142 1654
1142 1683
1142 3044
1452 1040
1452 1175
1452 1188
1452 1305
1452 1360
1452 1390
1452 1441
1452 1497
1452 1642
1452 1739
1452 2539
1452 2888
1452 3132
1705 923
1705 940
1705 1132
1705 1145
1705 1160
1705 1196
1705 1220
1705 1325
1705 1337
1705 1341
1705 1389
1705 1400
1705 1416
1705 1437
1705 1438
1705 1450
1705 1457
1705 1460
1705 1493
1705 1539
1705 1540
1705 1550
1705 1564
1705 1580
1705 1595
1705 1660
1705 1678
1705 1713
1705 1730
1705 1755
1705 1804
1705 2583
1705 3170
1705 3349
1705 4237
1705 4655
1705 4778
1760 468
1760 757
1760 801
1760 981
1760 1000
1760 1032
1760 1036
1760 1046
1760 1078
1760 1094
1760 1207
1760 1239
1760 1268
1760 1269
1760 1298
1760 1330
1760 1331
1760 1347
1760 1358
1760 1361
1760 1376
1760 1379
1760 1385
1760 1397
1760 1403
1760 1408
1760 1420
1760 1425
1760 1433
1760 1440
1760 1445
1760 1456
1760 1464
1760 1475
1760 1496
1760 1501
1760 1507
1760 1513
1760 1542
1760 1554
1760 1555
1760 1569
1760 1575
1760 1593
1760 1596
1760 1602
1760 1631
1760 1635
1760 1646
1760 1661
1760 1670
1760 1678
1760 1685
1760 1693
1760 1701
1760 1726
1760 1747
1760 1755
1760 1761
1760 1764
1760 1923
1760 1984
1760 2029
1760 2056
1760 2155
1760 2358
1760 2595
1760 2788
1760 2985
1760 3147
1760 3615
1760 3933
1760 4941
1760 4980
2422 2359
2422 2364
2422 2511
2422 2515
2422 2546
2422 2567
2422 2578
2422 2594
2422 2595
2422 2646
2422 3649
3915 4030
3915 4098
3915 4111
3915 4211
3915 4253
4345 486
4345 638
4345 1272
4345 1829
4345 2576
4345 3331
4345 3470
4345 3583
4345 3588
4345 3628
4345 3636
4345 3694
4345 3701
4345 3706
4345 3722
4345 3800
4345 3835
4345 3888
4345 3902
4345 3905
4345 3910
4345 3971
4345 3995
4345 4025
4345 4034
4345 4055
4345 4091
4345 4092
4345 4113
4345 4127
4345 4192
4345 4223
4345 4229
4345 4301
4345 4319
4345 4320
4345 4333
4345 4339
4345 4349
1488 1127
1488 1173
1488 1257
1488 1371
1488 1481
1488 1638
1488 1643
1488 1662
1488 1681
1488 1746
1488 3407
1488 4301
1724 467
1724 921
1724 971
1724 1028
1724 1041
1724 1051
1724 1053
1724 1096
1724 1098
1724 1241
1724 1253
1724 1270
1724 1297
1724 1377
1724 1420
1724 1425
1724 1439
1724 1474
1724 1485
1724 1527
1724 1535
1724 1556
1724 1567
1724 1588
1724 1607
1724 1632
1724 1655
1724 1680
1724 1700
1724 1702
1724 1703
1724 1717
1724 1721
1724 1725
1724 1730
1724 1754
1724 1759
1724 2472
1724 2475
1724 4128
1724 4568
1724 4711
1724 4997
1755 699
1755 911
1755 914
1755 928
1755 935
1755 1021
1755 1032
1755 1036
1755 1054
1755 1094
1755 1114
1755 1117
1755 1161
1755 1194
1755 1223
1755 1239
1755 1268
1755 1269
1755 1298
1755 1303
1755 1361
1755 1379
1755 1403
1755 1404
1755 1408
1755 1420
1755 1431
1755 1440
1755 1445
1755 1464
1755 1493
1755 1496
1755 1507
1755 1513
1755 1554
1755 1555
1755 1559
1755 1568
1755 1589
1755 1602
1755 1628
1755 1633
1755 1646
1755 1661
1755 1670
1755 1673
1755 1680
1755 1693
1755 1701
1755 1702
1755 1721
1755 1747
1755 1761
1755 1764
1755 2125
1755 2223
1755 2231
1755 3439
1755 4282
1755 4564
1755 4835
1755 4868
1755 4982
1764 928
1764 968
1764 972
1764 979
1764 987
1764 1046
1764 1052
1764 1078
1764 1117
1764 1184
1764 1185
1764 1206
1764 1268
1764 1271
1764 1272
1764 1294
1764 1299
1764 1303
1764 1322
1764 1329
1764 1335
1764 1347
1764 1358
1764 1361
1764 1371
1764 1379
1764 1403
1764 1404
1764 1408
1764 1429
1764 1431
1764 1440
1764 1445
1764 1464
1764 1496
1764 1501
1764 1507
1764 1529
1764 1532
1764 1555
1764 1559
1764 1564
1764 1568
1764 1569
1764 1584
1764 1593
1764 1602
1764 1626
1764 1631
1764 1646
1764 1661
1764 1662
1764 1663
1764 1670
1764 1691
1764 1693
1764 1701
1764 1702
1764 1726
1764 1747
1764 1761
1764 1898
1764 2081
1764 2239
1764 2280
1764 2646
1764 3015
1764 3249
1764 3437
1764 3793
1764 3941
1764 4437
1764 4602
1764 4667
1764 4903
2435 2345
2435 2542
2435 2580
2435 2618
2435 2639
2435 2649
3236 3469
3236 3471
3236 3472
3236 3473
3286 3206
3286 3375
3286 3435
3286 3453
3286 3454
3286 3469
3286 4759
4284 1684
4284 1886
4284 2863
4284 3618
4284 3623
4284 3637
4284 3775
4284 3888
4284 3945
4284 3980
4284 4044
4284 4055
4284 4085
4284 4089
4284 4190
4284 4225
4284 4238
4284 4290
4284 4299
4284 4374
4284 4389
4284 4823
4284 4964
4284 4965
4346 1858
4346 2542
4346 2563
4346 3158
4346 3332
4346 3550
4346 3553
4346 3596
4346 3648
4346 3666
4346 3682
4346 3685
4346 3714
4346 3724
4346 3766
4346 3787
4346 3901
4346 3931
4346 3966
4346 4052
4346 4059
4346 4068
4346 4073
4346 4096
4346 4107
4346 4115
4346 4154
4346 4171
4346 4179
4346 4184
4346 4200
4346 4234
4346 4298
4346 4331
4346 4340
4346 4341
4346 4369
4346 4384
4346 4555
4346 4826
648 682
648 843
648 891
648 2749
1358 1404
1358 1550
1358 1554
1358 1670
1358 1701
1359 1290
1359 1413
1359 1429
1359 1505
1359 1594
1359 1606
1359 1721
1359 1746
1359 3469
1359 4280
2489 1833
2489 2307
2489 2405
2489 2442
2489 2466
2489 2479
2489 2553
2489 2634
2489 2638
2489 2643
2489 2649
2489 3746
2990 2868
2990 2903
2990 3022
2990 3127
2990 3138
2990 3166
2990 3167
2990 3317
3470 948
3470 1505
3470 1620
3470 1691
3470 1694
3470 1853
3470 3171
3470 3174
3470 3177
3470 3179
3470 3184
3470 3190
3470 3194
3470 3200
3470 3208
3470 3228
3470 3237
3470 3243
3470 3247
3470 3249
3470 3253
3470 3256
3470 3261
3470 3276
3470 3278
3470 3282
3470 3301
3470 3303
3470 3312
3470 3324
3470 3325
3470 3326
3470 3335
3470 3338
3470 3341
3470 3351
3470 3353
3470 3369
3470 3371
3470 3372
3470 3376
3470 3378
3470 3388
3470 3389
3470 3402
3470 3405
3470 3407
3470 3418
3470 3420
3470 3425
3470 3428
3470 3430
3470 3436
3470 3442
3470 3445
3470 3452
3470 3460
3470 3463
3470 3472
3470 3473
3470 4405
3470 4650
3470 4860
3470 4877
3470 4968
3824 1821
3824 4083
3824 4241
3824 4378
779 674
779 683
779 777
779 794
779 1748
1464 1203
1464 1427
1464 1554
1464 1565
1464 1670
1464 1701
1464 1761
1464 2019
1464 4407
1464 4988
1582 1219
1582 1223
1582 1369
1582 1413
1582 1424
1582 1447
1582 1469
1582 1558
1582 1643
1582 1681
1582 1695
1582 1704
1582 1707
1582 1741
1582 1746
1582 1759
1582 2212
1582 4384
1582 4914
1666 575
1666 907
1666 974
1666 1004
1666 1229
1666 1231
1666 1273
1666 1295
1666 1336
1666 1378
1666 1411
1666 1515
1666 1531
1666 1539
1666 1562
1666 1635
1666 1657
1666 1660
1666 1728
1666 1758
1666 1759
1666 2182
1666 2649
1666 3100
1666 4833
1666 4839
1759 438
1759 481
1759 907
1759 929
1759 930
1759 974
1759 983
1759 1003
1759 1042
1759 1051
1759 1057
1759 1080
1759 1082
1759 1086
1759 1134
1759 1138
1759 1168
1759 1182
1759 1212
1759 1231
1759 1240
1759 1241
1759 1272
1759 1295
1759 1316
1759 1327
1759 1335
1759 1336
1759 1338
1759 1340
1759 1348
1759 1351
1759 1354
1759 1361
1759 1380
1759 1381
1759 1388
1759 1401
1759 1402
1759 1411
1759 1417
1759 1467
1759 1476
1759 1479
1759 1492
1759 1528
1759 1531
1759 1546
1759 1562
1759 1565
1759 1583
1759 1585
1759 1599
1759 1635
1759 1655
1759 1657
1759 1691
1759 1710
1759 1717
1759 1756
1759 1758
1759 2066
1759 2154
1759 2545
1759 3132
1759 3469
1759 3477
1759 4162
1759 4197
1759 4278
1759 4339
1759 4369
1759 4462
1759 4781
1759 4983
3381 1515
3381 3235
3381 3295
3381 3366
3381 3404
3381 3417
3381 3425
3381 3434
3381 3438
3381 3439
3381 3465
3381 3466
3381 3468
3381 3471
3772 4058
3772 4074
3772 4162
3772 4222
3772 4276
3772 4283
4236 398
4236 625
4236 3079
4236 3798
4236 4010
4236 4253
4236 4296
4236 4315
4236 4352
4236 4355
4236 4361
4236 4377
4236 4379
4236 4387
4236 4757
4288 530
4288 1710
4288 2167
4288 2876
4288 3667
4288 3866
4288 3945
4288 3973
4288 3990
4288 4036
4288 4042
4288 4054
4288 4064
4288 4086
4288 4173
4288 4181
4288 4198
4288 4205
4288 4213
4288 4215
4288 4244
4288 4330
4288 4366
4288 4383
4288 4384
4288 4819
4926 598
4926 878
4926 1106
4926 1220
4926 2198
4926 2861
4926 4453
4926 4460
4926 4483
4926 4512
4926 4541
4926 4543
4926 4550
4926 4569
4926 4601
4926 4628
4926 4786
4926 4801
4926 4805
4926 4821
4926 4847
4926 4901
4926 4935
4926 4942
4926 4949
4926 4974
4926 4979
1147 1340
1147 1411
1147 1467
1147 1694
1147 1758
1147 4362
1266 1202
1266 1580
1266 1709
1266 3169
1413 1150
1413 1171
1413 1436
1413 1457
1413 1654
1413 1741
1413 4031
1413 4520
1742 556
1742 925
1742 942
1742 993
1742 1019
1742 1080
1742 1083
1742 1111
1742 1113
1742 1132
1742 1215
1742 1228
1742 1244
1742 1281
1742 1289
1742 1297
1742 1301
1742 1368
1742 1414
1742 1421
1742 1446
1742 1447
1742 1454
1742 1474
1742 1476
1742 1480
1742 1483
1742 1545
1742 1569
1742 1573
1742 1599
1742 1605
1742 1618
1742 1620
1742 1621
1742 1640
1742 1644
1742 1653
1742 1669
1742 1671
1742 1676
1742 1728
1742 1915
1742 2059
1742 2606
1742 2780
1742 3261
1742 3400
1742 3417
1742 4374
1742 4817
2001 1533
2001 1877
2001 1916
2001 1918
2001 1934
2001 1952
2001 1960
2001 1981
2001 2010
2001 2017
2001 2025
2001 2026
2001 2030
2001 2040
2001 2046
2001 3321
2001 4969
4061 764
4061 3805
4061 3958
4061 3998
4061 4094
4061 4264
4061 4304
4061 4305
4061 4319
4061 4364
4082 3273
4082 3634
4082 3823
4082 3955
4082 4010
4082 4046
4082 4148
4082 4324
4082 4335
4082 4353
4082 4383
4082 4398
4619 636
4619 4852
4619 4867
4619 4927
4619 4936
4666 4739
4666 4896
4666 4935
4666 4948
4666 4961
4666 4977
4666 4979
4976 883
4976 1453
4976 1693
4976 3154
4976 3473
4976 3544
4976 4054
4976 4130
4976 4413
4976 4421
4976 4438
4976 4444
4976 4455
4976 4484
4976 4499
4976 4515
4976 4534
4976 4556
4976 4614
4976 4654
4976 4662
4976 4669
4976 4677
4976 4684
4976 4688
4976 4692
4976 4694
4976 4713
4976 4730
4976 4738
4976 4746
4976 4756
4976 4760
4976 4772
4976 4778
4976 4789
4976 4801
4976 4815
4976 4826
4976 4842
4976 4857
4976 4862
4976 4864
4976 4895
4976 4915
4976 4921
4976 4928
4976 4949
4976 4953
4976 4966
4976 4975
4976 4986
1098 931
1098 1447
1098 1556
1098 1567
1098 1730
1098 4752
1988 496
1988 1784
1988 1835
1988 1838
1988 1918
1988 1959
1988 2024
1988 2025
1988 2054
1988 2057
1988 2058
1988 2061
1988 3041
2638 1485
2638 1601
2638 2072
2638 2075
2638 2100
2638 2108
2638 2141
2638 2175
2638 2184
2638 2217
2638 2226
2638 2267
2638 2268
2638 2286
2638 2291
2638 2306
2638 2313
2638 2317
2638 2318
2638 2345
2638 2347
2638 2349
2638 2365
2638 2404
2638 2407
2638 2408
2638 2466
2638 2479
2638 2517
2638 2523
2638 2528
2638 2529
2638 2542
2638 2550
2638 2553
2638 2556
2638 2591
2638 2611
2638 2627
2638 2631
2638 2637
2638 2643
2638 2731
2638 3213
2638 3708
2638 4112
2638 4659
2638 4928
2638 4983
3070 479
3070 2882
3070 2899
3070 2944
3070 3040
3070 3045
3070 3102
3070 3108
3070 3109
3070 3113
3070 3126
3070 3132
3070 3138
3070 3144
3070 4343
3262 1635
3262 3257
3262 3392
3262 3439
3262 3446
3262 3465
3262 3466
3262 3471
4886 930
4886 1853
4886 3167
4886 4549
4886 4610
4886 4641
4886 4667
4886 4885
4886 4896
4886 4909
4886 4910
4886 4917
4886 4935
4886 4948
4886 4949
4886 4951
4886 4965
4886 4977
4886 4979
1746 578
1746 772
1746 921
1746 922
1746 950
1746 1044
1746 1056
1746 1069
1746 1093
1746 1105
1746 1107
1746 1144
1746 1161
1746 1171
1746 1173
1746 1179
1746 1227
1746 1235
1746 1244
1746 1249
1746 1257
1746 1280
1746 1299
1746 1367
1746 1375
1746 1393
1746 1405
1746 1424
1746 1449
1746 1469
1746 1471
1746 1479
1746 1481
1746 1502
1746 1504
1746 1545
1746 1552
1746 1576
1746 1584
1746 1638
1746 1662
1746 1668
1746 1681
1746 1683
1746 1695
1746 1707
1746 1725
1746 1741
1746 1758
1746 1818
1746 2109
1746 2116
1746 2510
1746 2886
1746 3147
1746 4407
1746 4570
1746 4864
1746 4954
2474 336
2474 920
2474 2071
2474 2350
2474 2433
2474 2436
2474 2461
2474 2467
2474 2475
2474 2507
2474 2519
2474 2558
2474 2588
2474 2608
2474 2610
2474 4870
2612 536
2612 588
2612 879
2612 882
2612 1871
2612 2073
2612 2116
2612 2191
2612 2193
2612 2216
2612 2320
2612 2336
2612 2338
2612 2351
2612 2352
2612 2387
2612 2408
2612 2452
2612 2477
2612 2491
2612 2494
2612 2503
2612 2504
2612 2508
2612 2510
2612 2512
2612 2520
2612 2531
2612 2561
2612 2600
2612 2608
2612 2616
2612 2629
2612 2635
2612 2646
2612 2647
2612 4212
2612 4878
2612 4999
3840 4095
3840 4264
3840 4374
3840 4389
4209 1314
4209 3444
4209 3568
4209 3626
4209 4020
4209 4033
4209 4290
4209 4299
4209 4338
4209 4347
4209 4362
4209 4369
4209 4386
4330 2629
4330 3041
4330 3445
4330 3512
4330 3529
4330 3549
4330 3599
4330 3633
4330 3661
4330 3677
4330 3735
4330 3757
4330 3858
4330 3887
4330 4003
4330 4005
4330 4008
4330 4024
4330 4036
4330 4042
4330 4086
4330 4106
4330 4139
4330 4173
4330 4198
4330 4205
4330 4304
4330 4366
4330 4371
4330 4382
4330 4383
4330 4384
4330 4387
4330 4405
4330 4692
4330 4875
4330 4881
4768 1758
4768 4783
4768 4815
4768 4827
4768 4858
4768 4974
4768 4986
4768 4998
1223 999
1223 1375
1223 1681
1223 1704
1223 1741
2106 509
2106 2153
2106 2631
2300 596
2300 2497
2300 2546
2300 2567
2300 2594
2300 2595
2300 2646
3087 450
3087 2040
3087 2864
3087 2923
3087 2953
3087 2988
3087 3004
3087 3029
3087 3062
3087 3066
3087 3084
3087 3105
3087 3130
3184 2600
3184 3287
3184 3293
3184 3463
3284 3343
3284 3345
3284 3400
3284 3401
3284 3451
3284 4529
3396 2059
3396 3223
3396 3249
3396 3265
3396 3333
3396 3338
3396 3357
3396 3361
3396 3393
3396 3407
3396 3413
3396 3427
3396 3456
3396 4977
3870 3249
3870 3852
3870 3878
3870 3920
3870 3950
3870 3961
3870 4051
3870 4129
4043 3153
4043 4090
4043 4175
4043 4203
4043 4324
4043 4335
4043 4353
4043 4355
4043 4398
4043 4826
4717 2483
4717 4398
4717 4502
4717 4995
4717 4996
4717 4997
4717 4999
1297 1632
1297 1695
1297 1702
1297 1717
1297 1725
1297 4244
1297 4986
1710 622
1710 889
1710 929
1710 969
1710 999
1710 1015
1710 1043
1710 1057
1710 1080
1710 1122
1710 1143
1710 1194
1710 1212
1710 1213
1710 1231
1710 1238
1710 1242
1710 1246
1710 1272
1710 1295
1710 1338
1710 1378
1710 1381
1710 1388
1710 1399
1710 1467
1710 1509
1710 1528
1710 1531
1710 1565
1710 1585
1710 1635
1710 1657
1710 1661
1710 1684
1710 1691
1710 1758
1710 2875
1710 3104
1710 3378
1710 3557
2066 516
2066 607
2066 713
2066 1233
2066 1780
2066 1791
2066 1804
2066 1808
2066 1818
2066 1820
2066 1823
2066 1837
2066 1860
2066 1861
2066 1867
2066 1874
2066 1883
2066 1887
2066 1890
2066 1895
2066 1900
2066 1911
2066 1913
2066 1922
2066 1924
2066 1938
2066 1940
2066 1941
2066 1943
2066 1947
2066 1949
2066 1950
2066 1973
2066 1977
2066 1978
2066 1982
2066 1991
2066 1993
2066 1995
2066 1997
2066 2000
2066 2003
2066 2004
2066 2008
2066 2011
2066 2015
2066 2016
2066 2021
2066 2023
2066 2037
2066 2038
2066 2043
2066 2044
2066 2045
2066 2056
2066 2059
2066 2061
2066 2205
2066 2594
2066 2927
2066 3129
2066 3397
2066 3894
2066 3954
2066 4117
2066 4326
2066 4636
2066 4985
2469 2119
2469 2204
2469 2256
2469 2311
2469 2352
2469 2354
2469 2355
2469 2411
2469 2488
2469 2522
2469 2564
2469 2574
2469 2578
2469 2594
2469 4207
3047 2773
3047 2997
3047 3013
3047 3045
3047 3097
3047 3150
3047 3152
3047 3158
3047 3161
3815 3568
3815 4033
3815 4255
3815 4291
3815 4323
3815 4378
3815 4934
4112 1211
4112 3602
4112 3674
4112 3732
4112 3755
4112 3847
4112 3850
4112 4021
4112 4025
4112 4068
4112 4071
4112 4093
1503 932
1503 970
1503 977
1503 1120
1503 1291
1503 1344
1503 1360
1503 1406
1503 1419
1503 1441
1503 1497
1503 1532
1503 1642
1503 1728
1503 1758
1503 3247
1503 4138
2834 1202
2834 1275
2834 2712
2834 2727
2834 2744
2834 2747
2834 2749
2834 2787
2834 2803
2834 2804
2834 2814
2834 2816
2834 2824
2834 2828
2834 2829
2834 2836
2834 2837
2834 2839
2834 2847
2834 2849
2834 2853
2834 2855
2834 2856
2834 2861
2834 2863
2935 1198
2935 2871
2935 3130
2935 3133
3467 618
3467 1271
3467 1319
3467 1376
3467 3133
3467 3198
3467 3199
3467 3212
3467 3220
3467 3232
3467 3238
3467 3240
3467 3248
3467 3255
3467 3256
3467 3265
3467 3271
3467 3280
3467 3296
3467 3302
3467 3304
3467 3309
3467 3316
3467 3320
3467 3323
3467 3337
3467 3340
3467 3347
3467 3350
3467 3351
3467 3356
3467 3363
3467 3364
3467 3372
3467 3378
3467 3383
3467 3388
3467 3398
3467 3405
3467 3409
3467 3426
3467 3433
3467 3435
3467 3436
3467 3444
3467 3447
3467 3449
3467 3461
3467 3464
3467 3469
3467 3471
3467 3472
3467 3473
3467 4660
3467 4858
3858 2588
3858 4060
3858 4383
3858 4384
4377 1688
4377 2340
4377 2646
4377 2723
4377 2847
4377 3339
4377 3378
4377 3492
4377 3496
4377 3507
4377 3523
4377 3581
4377 3651
4377 3709
4377 3711
4377 3896
4377 3923
4377 3945
4377 3969
4377 3979
4377 3997
4377 4006
4377 4041
4377 4062
4377 4094
4377 4106
4377 4137
4377 4138
4377 4150
4377 4164
4377 4167
4377 4172
4377 4176
4377 4183
4377 4216
4377 4231
4377 4296
4377 4300
4377 4315
4377 4344
4377 4355
4377 4361
4377 4379
4377 4387
4377 4982
4379 752
4379 1049
4379 1741
4379 2297
4379 3036
4379 3129
4379 3392
4379 3582
4379 3625
4379 3651
4379 3671
4379 3709
4379 3738
4379 3794
4379 3878
4379 3883
4379 3903
4379 3947
4379 3964
4379 3969
4379 3977
4379 3979
4379 3997
4379 4009
4379 4075
4379 4094
4379 4138
4379 4150
4379 4164
4379 4167
4379 4172
4379 4176
4379 4184
4379 4216
4379 4231
4379 4234
4379 4238
4379 4257
4379 4282
4379 4296
4379 4300
4379 4315
4379 4344
4379 4355
4379 4361
4379 4387
4379 4547
4782 4468
4782 4882
4782 4983
4782 4995
4782 4996
4782 4997
4808 800
4808 4419
4808 4458
4808 4548
4808 4586
4808 4667
4808 4685
4808 4728
4808 4743
4808 4750
4808 4820
4808 4824
4808 4935
4808 4968
877 652
877 655
877 681
877 694
877 696
877 704
877 710
877 731
877 737
877 744
877 746
877 749
877 753
877 776
877 781
877 790
877 795
877 804
877 806
877 807
877 823
877 839
877 846
877 848
877 849
877 860
877 868
877 876
877 882
877 892
877 1372
877 1450
877 2482
877 2725
3150 527
3150 1170
3150 1843
3150 2532
3150 2852
3150 2871
3150 2905
3150 2916
3150 2945
3150 2968
3150 2982
3150 2986
3150 2989
3150 3013
3150 3015
3150 3023
3150 3055
3150 3056
3150 3069
3150 3089
3150 3097
3150 3102
3150 3103
3150 3118
3150 3121
3150 3122
3150 3125
3150 3128
3150 3146
3150 3152
3150 3158
3150 3159
3150 3161
3158 1047
3158 1753
3158 2467
3158 2896
3158 2927
3158 2939
3158 2945
3158 2968
3158 2975
3158 2986
3158 2989
3158 3012
3158 3016
3158 3017
3158 3036
3158 3056
3158 3066
3158 3072
3158 3091
3158 3096
3158 3102
3158 3113
3158 3118
3158 3122
3158 3125
3158 3128
3158 3145
3158 3146
3158 3153
3158 4217
3158 4229
4300 1047
4300 1330
4300 1638
4300 1754
4300 3671
4300 3800
4300 3919
4300 3956
4300 4075
4300 4094
4300 4164
4300 4211
4300 4231
4300 4296
4300 4315
4300 4333
4300 4344
4300 4355
4300 4361
4300 4364
4300 4387
4300 4953
4347 1165
4347 1707
4347 3142
4347 3350
4347 3389
4347 3495
4347 3572
4347 3626
4347 3660
4347 3682
4347 3813
4347 3982
4347 4020
4347 4076
4347 4108
4347 4140
4347 4157
4347 4161
4347 4177
4347 4202
4347 4204
4347 4205
4347 4212
4347 4218
4347 4231
4347 4241
4347 4248
4347 4257
4347 4312
4347 4338
4347 4362
4347 4365
4347 4386
4347 4880
4352 1498
4352 2550
4352 3329
4352 3482
4352 3491
4352 3495
4352 3694
4352 3733
4352 3744
4352 3747
4352 3851
4352 3857
4352 3874
4352 3917
4352 3918
4352 3938
4352 3962
4352 3986
4352 4022
4352 4026
4352 4037
4352 4119
4352 4153
4352 4190
4352 4192
4352 4194
4352 4195
4352 4197
4352 4208
4352 4213
4352 4314
4352 4317
4352 4336
4352 4337
4352 4362
4352 4382
4352 4893
4352 4901
4670 754
4670 1444
4670 4424
4670 4706
4670 4789
4670 4943
4670 4955
4670 4964
4759 3409
4759 4702
4759 4792
4759 4807
4759 4922
4759 4923
4759 4942
4759 4995
4759 4999
972 1665
972 1701
972 1726
972 2622
2058 896
2058 1245
2058 1450
2058 1758
2058 1772
2058 1776
2058 1802
2058 1803
2058 1805
2058 1811
2058 1821
2058 1833
2058 1835
2058 1846
2058 1859
2058 1875
2058 1882
2058 1884
2058 1906
2058 1914
2058 1930
2058 1943
2058 1946
2058 1947
2058 1948
2058 1961
2058 1962
2058 1965
2058 1983
2058 1985
2058 1999
2058 2020
2058 2021
2058 2023
2058 2024
2058 2026
2058 2029
2058 2040
2058 2054
2058 2057
2058 2061
2058 2594
2058 3417
2058 3645
2058 4389
2058 4902
2058 4908
2863 1524
2863 1685
2863 2068
2863 2292
2863 2483
2863 2608
2863 2655
2863 2659
2863 2663
2863 2664
2863 2666
2863 2671
2863 2677
2863 2679
2863 2682
2863 2685
2863 2688
2863 2695
2863 2696
2863 2697
2863 2700
2863 2714
2863 2718
2863 2731
2863 2736
2863 2741
2863 2744
2863 2746
2863 2747
2863 2748
2863 2757
2863 2758
2863 2761
2863 2766
2863 2771
2863 2775
2863 2777
2863 2779
2863 2780
2863 2782
2863 2787
2863 2789
2863 2790
2863 2792
2863 2804
2863 2807
2863 2809
2863 2810
2863 2811
2863 2814
2863 2816
2863 2828
2863 2829
2863 2835
2863 2836
2863 2837
2863 2839
2863 2843
2863 2847
2863 2849
2863 2852
2863 2853
2863 2855
2863 2856
2863 2859
2863 2861
2863 2862
2863 3144
2863 3442
2863 3706
2863 3938
2863 4256
2863 4521
2863 4742
2863 4914
2863 4968
2906 3069
2906 3082
2906 3142
2906 3144
3452 1911
3452 2299
3452 2427
3452 2591
3452 3174
3452 3208
3452 3253
3452 3276
3452 3280
3452 3282
3452 3301
3452 3312
3452 3324
3452 3325
3452 3335
3452 3356
3452 3369
3452 3372
3452 3378
3452 3388
3452 3389
3452 3402
3452 3418
3452 3420
3452 3428
3452 3430
3452 3433
3452 3436
3452 3437
3452 3438
3452 3439
3452 3442
3452 3445
3452 3460
3452 3463
3452 4056
3452 4231
3491 4105
3491 4382
4024 3755
4024 4205
4024 4308
4024 4366
4024 4383
4024 4384
4059 2266
4059 4096
4059 4152
4059 4205
4059 4246
4059 4278
4059 4315
4059 4340
1901 1795
1901 1862
1901 1902
1901 1904
1901 1917
1901 2019
1901 2046
1901 2050
2124 2382
2124 2513
2124 2615
2124 4936
2856 614
2856 1199
2856 1271
2856 1776
2856 2059
2856 2164
2856 2439
2856 2555
2856 2659
2856 2660
2856 2665
2856 2669
2856 2684
2856 2694
2856 2708
2856 2713
2856 2721
2856 2722
2856 2728
2856 2733
2856 2742
2856 2743
2856 2748
2856 2751
2856 2752
2856 2759
2856 2769
2856 2774
2856 2779
2856 2782
2856 2784
2856 2786
2856 2788
2856 2794
2856 2802
2856 2805
2856 2810
2856 2817
2856 2820
2856 2822
2856 2827
2856 2831
2856 2835
2856 2842
2856 2844
2856 2846
2856 2852
2856 2853
2856 2861
2856 2862
2856 4278
2856 4644
2856 4832
2856 4868
2946 2549
2946 2889
2946 2998
2946 3057
2946 3080
2946 3112
3148 1425
3148 1756
3148 1912
3148 2619
3148 2878
3148 2879
3148 2957
3148 2982
3148 2994
3148 2996
3148 3000
3148 3025
3148 3037
3148 3038
3148 3041
3148 3050
3148 3051
3148 3063
3148 3068
3148 3079
3148 3081
3148 3083
3148 3086
3148 3092
3148 3098
3148 3115
3148 3117
3148 3133
3148 3134
3148 3135
3148 3146
3148 3147
3148 3153
3148 3154
3148 4019
4126 1747
4126 2335
4126 3356
4126 3574
4126 3809
4126 3871
4126 3917
4126 3968
4126 4182
4126 4217
4126 4226
4126 4258
4126 4297
4126 4308
4126 4336
4622 1753
4622 4909
4622 4922
4622 4937
4622 4954
4622 4965
4622 4995
4787 2527
4787 3098
4787 3398
4787 4425
4787 4466
4787 4470
4787 4576
4787 4697
4787 4705
4787 4832
4787 4849
4787 4859
4787 4861
4787 4893
4787 4924
4787 4940
775 853
775 867
775 873
775 879
775 881
775 886
775 888
775 1004
775 3089
1241 618
1241 1033
1241 1240
1241 1340
1241 1388
1241 1599
1241 1758
1563 396
1563 1202
1563 1226
1563 1324
1563 1329
1563 1468
1563 1491
1563 1513
1563 1529
1563 1546
1563 1565
1563 1587
1563 1690
1563 1699
1563 1737
1563 2227
1966 1787
1966 1813
1966 1842
1966 1847
1966 1849
1966 1906
1966 1928
1966 1950
1966 1964
1966 2022
1966 3921
1966 4935
3080 2509
3080 2870
3080 2887
3080 2888
3080 2889
3080 2890
3080 2943
3080 2958
3080 2988
3080 3007
3080 3043
3080 3057
3080 3075
3080 3112
3080 3161
3080 4977
4975 526
4975 1379
4975 1588
4975 1959
4975 2342
4975 3112
4975 3176
4975 4033
4975 4413
4975 4427
4975 4438
4975 4473
4975 4484
4975 4489
4975 4499
4975 4507
4975 4515
4975 4534
4975 4556
4975 4565
4975 4618
4975 4662
4975 4677
4975 4684
4975 4688
4975 4692
4975 4694
4975 4713
4975 4738
4975 4746
4975 4756
4975 4772
4975 4778
4975 4826
4975 4842
4975 4857
4975 4862
4975 4864
4975 4895
4975 4896
4975 4915
4975 4921
4975 4940
4975 4949
4975 4954
4975 4966
4975 4979
4975 4980
4975 4997
4975 4998
1387 1227
1387 1252
1387 1264
1387 1313
1387 1550
1387 1625
1387 1728
1387 3464
1387 4133
1505 359
1505 1022
1505 1029
1505 1531
1505 1584
1505 1595
1505 1694
1505 3428
1681 659
1681 935
1681 1044
1681 1084
1681 1161
1681 1315
1681 1424
1681 1471
1681 1502
1681 1507
1681 1521
1681 1530
1681 1549
1681 1561
1681 1594
1681 1643
1681 1683
1681 1695
1681 1704
1681 1741
1681 1907
1681 3937
1681 4167
1681 4821
1681 4896
1967 1829
1967 1862
1967 1937
1967 1962
1967 1976
1967 1999
1967 2019
1967 2028
1967 2046
1967 2050
1967 2056
1967 2777
1967 4136
2515 2120
2515 2270
2515 2274
2515 2297
2515 2346
2515 2372
2515 2429
2515 2438
2515 2449
2515 2503
2515 2511
2515 2546
2515 2594
2515 2595
2515 2979
2515 2999
2515 3068
2647 746
2647 1547
2647 1566
2647 1744
2647 1758
2647 2073
2647 2122
2647 2132
2647 2150
2647 2157
2647 2176
2647 2191
2647 2198
2647 2212
2647 2229
2647 2247
2647 2273
2647 2279
2647 2294
2647 2304
2647 2320
2647 2341
2647 2342
2647 2343
2647 2351
2647 2368
2647 2379
2647 2387
2647 2416
2647 2439
2647 2452
2647 2455
2647 2457
2647 2470
2647 2471
2647 2473
2647 2477
2647 2483
2647 2494
2647 2498
2647 2503
2647 2510
2647 2512
2647 2520
2647 2524
2647 2535
2647 2536
2647 2543
2647 2558
2647 2561
2647 2562
2647 2563
2647 2570
2647 2584
2647 2591
2647 2604
2647 2616
2647 2620
2647 2629
2647 2631
2647 2635
2647 2639
2647 2646
2647 2726
2647 2843
2647 3081
2647 4153
2647 4374
2647 4410
2647 4790
2647 4870
3133 2016
3133 2878
3133 2905
3133 2954
3133 2961
3133 2964
3133 3011
3133 3038
3133 3041
3133 3068
3133 3069
3133 3086
3133 3090
3133 3092
3133 3098
3133 3100
3133 3104
3133 3115
3133 3134
3133 3137
3133 3147
3133 3165
3133 3438
3133 3634
3133 4276
3905 1502
3905 3628
3905 4035
3905 4333
3905 4339
3905 4349
4225 1103
4225 1479
4225 3392
4225 3666
4225 3726
4225 3762
4225 3931
4225 3980
4225 4047
4225 4053
4225 4218
4225 4265
4225 4290
4225 4299
4225 4367
4225 4389
561 359
561 384
561 400
561 474
561 482
561 501
561 526
561 541
561 575
561 577
561 581
561 593
561 613
561 621
561 622
561 782
561 1602
561 1748
1618 1038
1618 1049
1618 1199
1618 1215
1618 1232
1618 1301
1618 1368
1618 1414
1618 1573
1618 1621
1618 1635
1618 1644
1618 1684
1618 1717
1618 1725
1618 1728
1618 3126
1618 4444
1618 4859
1675 938
1675 1026
1675 1221
1675 1294
1675 1431
1675 1463
1675 1497
1675 1572
1675 1588
1675 1614
1675 1631
1675 1644
1675 1665
1675 1673
1675 1706
1675 1739
1675 1744
1675 1753
1675 1756
1675 2029
1675 2536
1675 3077
1675 3632
1941 891
1941 1942
1941 1958
1941 1991
1941 2003
1941 2037
1941 2038
1941 2056
1941 2901
3037 3083
3037 3091
3037 3099
3037 3106
3037 3147
3037 3154
3066 1470
3066 2884
3066 2933
3066 2956
3066 3082
3066 3129
3066 3130
3066 3137
3066 3142
3115 2037
3115 2961
3115 3000
3115 3011
3115 3020
3115 3050
3115 3051
3115 3068
3115 3089
3115 3090
3115 3098
3115 3099
3115 3119
3115 3121
3115 3125
3115 3147
3115 3153
3115 3154
3115 4339
3115 4979
3144 500
3144 2380
3144 2765
3144 2861
3144 2880
3144 2934
3144 2936
3144 2952
3144 2976
3144 2983
3144 2992
3144 2995
3144 3014
3144 3021
3144 3034
3144 3045
3144 3048
3144 3053
3144 3059
3144 3076
3144 3108
3144 3113
3144 3122
3144 3126
3144 3129
3144 3132
3144 3135
3144 3138
3144 3659
3302 1642
3302 3303
3302 3429
3302 3433
3302 3464
3302 3471
3302 3472
3547 4077
3547 4149
3547 4158
3547 4297
3547 4384
4625 3135
4625 4652
4625 4680
4625 4722
4625 4727
4625 4818
4625 4878
4625 4968
4942 609
4942 1019
4942 2620
4942 3403
4942 3575
4942 4036
4942 4324
4942 4535
4942 4546
4942 4549
4942 4563
4942 4606
4942 4655
4942 4712
4942 4714
4942 4719
4942 4753
4942 4757
4942 4789
4942 4803
4942 4869
4942 4894
4942 4908
4942 4936
4942 4943
4942 4955
4942 4964
4980 620
4980 669
4980 1258
4980 1322
4980 1347
4980 1546
4980 3026
4980 3106
4980 3501
4980 3868
4980 4411
4980 4412
4980 4472
4980 4486
4980 4493
4980 4540
4980 4544
4980 4580
4980 4620
4980 4668
4980 4704
4980 4706
4980 4739
4980 4744
4980 4773
4980 4775
4980 4807
4980 4812
4980 4825
4980 4831
4980 4833
4980 4834
4980 4850
4980 4851
4980 4860
4980 4880
4980 4882
4980 4899
4980 4903
4980 4909
4980 4916
4980 4939
4980 4941
4980 4951
4980 4956
4980 4965
4980 4982
4980 4983
4980 4995
4980 4996
4980 4997
4980 4999
1232 873
1232 1230
1232 1744
1232 1748
1232 1756
1232 2843
1631 598
1631 969
1631 1117
1631 1185
1631 1269
1631 1404
1631 1556
1631 1608
1631 1661
1631 1693
1631 1701
1631 1726
1631 1747
1631 1756
1631 1761
1631 1786
1631 4333
1977 1860
1977 1997
1977 2020
1977 2022
1977 2037
1977 2038
1977 2045
1977 4121
2085 2228
2085 2554
2085 2574
2853 673
2853 1113
2853 1640
2853 2125
2853 2542
2853 2627
2853 2656
2853 2677
2853 2696
2853 2699
2853 2700
2853 2704
2853 2707
2853 2718
2853 2719
2853 2729
2853 2736
2853 2738
2853 2741
2853 2744
2853 2750
2853 2758
2853 2771
2853 2775
2853 2777
2853 2778
2853 2780
2853 2784
2853 2787
2853 2789
2853 2790
2853 2803
2853 2804
2853 2807
2853 2811
2853 2814
2853 2816
2853 2826
2853 2828
2853 2829
2853 2835
2853 2836
2853 2837
2853 2843
2853 2849
2853 2852
2853 2855
2853 2859
2853 2862
2853 3024
2853 3356
2853 4361
2853 4407
2853 4813
2853 4982
2984 2963
2984 2996
2984 3042
2984 3049
2984 3071
2984 3105
2984 3123
2984 3639
3456 474
3456 1544
3456 2240
3456 2377
3456 3170
3456 3178
3456 3181
3456 3188
3456 3189
3456 3199
3456 3207
3456 3217
3456 3221
3456 3225
3456 3229
3456 3235
3456 3258
3456 3261
3456 3265
3456 3293
3456 3326
3456 3332
3456 3333
3456 3340
3456 3343
3456 3347
3456 3349
3456 3365
3456 3393
3456 3407
3456 3412
3456 3427
3456 3428
3456 3431
3456 3439
3456 3466
3456 4044
3456 4362
4130 3713
4130 3780
4130 3797
4130 3856
4130 3928
4130 4058
4130 4074
4130 4162
4130 4222
4130 4276
4635 4720
4635 4868
4635 4915
4635 4986
723 791
723 797
723 853
723 871
723 886
723 4224
2610 2013
2610 2129
2610 2161
2610 2188
2610 2218
2610 2222
2610 2227
2610 2239
2610 2246
2610 2249
2610 2255
2610 2295
2610 2316
2610 2324
2610 2331
2610 2357
2610 2363
2610 2384
2610 2397
2610 2402
2610 2412
2610 2420
2610 2439
2610 2440
2610 2444
2610 2452
2610 2459
2610 2526
2610 2534
2610 2543
2610 2566
2610 2604
2610 2617
2610 2629
2610 2637
2610 3235
2610 3338
2610 3460
2610 3627
2610 4850
2610 4919
2610 4969
2698 1643
2698 2660
2698 2707
2698 2836
2757 2777
2757 2786
2757 2792
2757 2843
2757 2849
2757 2852
2757 2859
2757 4897
3050 3000
3050 3012
3050 3020
3050 3079
3050 3134
3050 3146
3050 3154
3050 3165
3050 3671
3057 2870
3057 2890
3057 2920
3057 2951
3057 3025
3057 3075
3057 3112
3057 3135
3057 3226
3057 3334
3814 3769
3814 4190
3814 4326
3814 4331
4358 517
4358 739
4358 791
4358 1431
4358 2008
4358 3435
4358 3509
4358 3572
4358 3659
4358 3686
4358 3721
4358 3730
4358 3751
4358 3752
4358 3769
4358 3849
4358 3895
4358 3907
4358 3924
4358 3951
4358 3962
4358 3977
4358 4029
4358 4056
4358 4087
4358 4100
4358 4104
4358 4124
4358 4195
4358 4217
4358 4222
4358 4242
4358 4258
4358 4261
4358 4306
4358 4326
4358 4331
4358 4342
4358 4343
4358 4353
4358 4398
4358 4604
4669 4555
4669 4713
4669 4826
4669 4850
4669 4895
4669 4915
4669 4921
4669 4949
4753 2005
4753 2404
4753 4502
4753 4649
4753 4757
4753 4774
4753 4875
4753 4943
4753 4964
840 640
840 643
840 644
840 649
840 658
840 669
840 693
840 703
840 760
840 766
840 770
840 780
840 788
840 793
840 822
840 827
840 883
840 896
840 3031
840 4537
1467 999
1467 1565
1467 1635
1467 1691
1467 1706
1467 1758
1467 2649
2232 2296
2232 2649
2232 3522
2512 2031
2512 2279
2512 2320
2512 2360
2512 2520
2512 2598
2512 2616
2512 2620
2512 2629
2512 2635
2512 3431
2512 4845
2566 453
2566 1300
2566 1509
2566 2129
2566 2218
2566 2227
2566 2255
2566 2278
2566 2283
2566 2285
2566 2316
2566 2324
2566 2339
2566 2353
2566 2384
2566 2397
2566 2402
2566 2420
2566 2459
2566 2526
2566 2534
2566 2553
2566 2563
2566 2604
2566 2617
2566 4008
2588 583
2588 1290
2588 2107
2588 2113
2588 2138
2588 2153
2588 2187
2588 2189
2588 2205
2588 2224
2588 2233
2588 2312
2588 2327
2588 2338
2588 2396
2588 2399
2588 2436
2588 2454
2588 2467
2588 2475
2588 2507
2588 2519
2588 2536
2588 2550
2588 2605
2588 2643
2588 2862
2588 4421
2588 4910
2807 600
2807 2651
2807 2716
2807 2718
2807 2732
2807 2742
2807 2744
2807 2789
2807 2805
2807 2810
2807 2811
2807 2828
2807 2842
2807 2847
2807 2855
3152 763
3152 1419
3152 1648
3152 2869
3152 2902
3152 2937
3152 2944
3152 2945
3152 2948
3152 2949
3152 2958
3152 2981
3152 2986
3152 3012
3152 3052
3152 3055
3152 3062
3152 3072
3152 3096
3152 3102
3152 3105
3152 3121
3152 3123
3152 3125
3152 3153
3152 3154
3152 3161
3152 3165
3152 3167
3152 3634
3152 4161
3152 4305
3152 4979
3313 1263
3313 3247
3313 3368
3313 3433
3313 3434
3313 3438
3313 3446
3313 3465
3313 3466
3313 3468
3566 4095
3566 4122
3566 4226
3566 4367
3566 4374
3566 4389
3742 1360
3742 4290
3742 4326
3742 4367
3742 4374
3742 4387
3742 4389
4200 1103
4200 1121
4200 2553
4200 2831
4200 3499
4200 3523
4200 3624
4200 3765
4200 3856
4200 4078
4200 4133
4200 4234
4200 4278
4200 4298
4200 4340
4200 4364
4200 4369
4326 586
4326 931
4326 1998
4326 2531
4326 3088
4326 3477
4326 3630
4326 3642
4326 3659
4326 3686
4326 3689
4326 3721
4326 3849
4326 3895
4326 3947
4326 4029
4326 4055
4326 4068
4326 4071
4326 4087
4326 4100
4326 4104
4326 4217
4326 4242
4326 4258
4326 4306
4326 4331
4326 4342
4326 4343
4326 4361
4326 4986
4996 850
4996 1118
4996 1400
4996 1438
4996 1662
4996 1669
4996 1702
4996 2240
4996 4264
4996 4275
4996 4340
4996 4387
4996 4439
4996 4451
4996 4457
4996 4473
4996 4485
4996 4520
4996 4521
4996 4525
4996 4540
4996 4544
4996 4551
4996 4560
4996 4577
4996 4580
4996 4596
4996 4598
4996 4609
4996 4663
4996 4665
4996 4668
4996 4688
4996 4693
4996 4702
4996 4726
4996 4739
4996 4744
4996 4773
4996 4792
4996 4812
4996 4831
4996 4833
4996 4834
4996 4843
4996 4847
4996 4851
4996 4860
4996 4862
4996 4868
4996 4880
4996 4882
4996 4884
4996 4894
4996 4896
4996 4899
4996 4903
4996 4916
4996 4939
4996 4940
4996 4948
4996 4951
4996 4956
4996 4964
4996 4966
4996 4979
4996 4983
4996 4995
4996 4999
508 343
508 371
508 400
508 488
508 500
508 534
508 593
508 613
508 618
508 620
508 621
508 1673
1144 1251
1144 1351
1144 1384
1144 1448
1144 1648
1144 3866
1192 1250
1192 1330
1192 1730
1192 2606
1389 774
1389 935
1389 1007
1389 1357
1389 1455
1389 1483
1389 1544
1389 1553
1389 1554
1389 1660
1389 1678
1389 4314
1597 1013
1597 1018
1597 1332
1597 1352
1597 1355
1597 1365
1597 1372
1597 1461
1597 1558
1597 1598
1597 1615
1597 1659
1597 1670
1597 1688
1597 1720
1597 1726
1597 2223
1597 2503
1597 4050
1701 904
1701 912
1701 1117
1701 1177
1701 1180
1701 1206
1701 1268
1701 1404
1701 1408
1701 1440
1701 1463
1701 1501
1701 1507
1701 1559
1701 1568
1701 1602
1701 1626
1701 1660
1701 1673
1701 1693
1701 1747
1701 1761
1701 1982
1701 2265
1701 2975
1701 3365
1701 3723
1701 4245
2434 2067
2434 2283
2434 2308
2434 2348
2434 2472
2434 2492
2434 2513
2434 2532
2434 2606
2434 2615
2434 3684
2434 4301
2543 2142
2543 2299
2543 2379
2543 2408
2543 2442
2543 2563
2543 2576
2543 2584
2543 2616
2543 2620
2543 2629
2543 2635
2543 2643
2543 2646
2543 3751
2543 4738
2543 4769
2543 4968
3125 686
3125 1243
3125 2324
3125 2584
3125 2896
3125 2991
3125 3013
3125 3020
3125 3072
3125 3081
3125 3091
3125 3102
3125 3118
3125 3121
3125 3122
3125 3153
3125 3159
3125 4238
3869 2744
3869 3736
3869 3888
3869 4317
3869 4405
3869 4407
4609 3254
4609 4802
4609 4847
4609 4867
4609 4897
4609 4927
4755 4257
4755 4492
4755 4653
4755 4876
4755 4903
4755 4914
4755 4922
4755 4937
4755 4954
4755 4965
725 671
725 741
725 781
725 855
725 875
773 633
773 697
773 818
773 830
773 1720
773 4628
783 853
783 867
783 871
783 873
783 879
783 886
783 896
783 1326
783 1587
836 675
836 682
836 687
836 698
836 701
836 730
836 733
836 754
836 771
836 802
836 811
836 812
836 818
836 830
836 833
836 847
836 858
836 868
836 4485
1025 946
1025 1728
1025 3134
1717 912
1717 953
1717 989
1717 1010
1717 1089
1717 1195
1717 1253
1717 1265
1717 1287
1717 1292
1717 1376
1717 1433
1717 1439
1717 1474
1717 1485
1717 1501
1717 1535
1717 1556
1717 1567
1717 1612
1717 1632
1717 1654
1717 1656
1717 1663
1717 1680
1717 1683
1717 1702
1717 1703
1717 1709
1717 1721
1717 1730
1717 1741
1717 1960
1717 2460
1717 2559
1717 3315
1717 3466
1717 3583
1717 3809
1717 3847
2549 935
2549 2348
2549 2501
2549 2508
2549 2559
2549 2605
2549 2614
2549 2622
2549 2631
2549 4053
2549 4087
3006 2944
3006 3030
3006 3160
3006 3165
3006 3166
3006 3167
4290 576
4290 993
4290 2532
4290 2844
4290 3625
4290 3650
4290 3748
4290 3765
4290 3872
4290 3908
4290 3959
4290 3978
4290 3980
4290 3994
4290 4089
4290 4095
4290 4195
4290 4299
4290 4354
4290 4367
4290 4374
4290 4389
4349 554
4349 2013
4349 2088
4349 3049
4349 3513
4349 3540
4349 3546
4349 3550
4349 3558
4349 3588
4349 3680
4349 3701
4349 3722
4349 3749
4349 3850
4349 3851
4349 3867
4349 3902
4349 3910
4349 3971
4349 3988
4349 3995
4349 4020
4349 4034
4349 4055
4349 4091
4349 4129
4349 4142
4349 4151
4349 4187
4349 4192
4349 4229
4349 4243
4349 4301
4349 4320
4349 4333
4349 4339
4349 4369
4349 4677
4767 1625
4767 4344
4767 4760
4767 4866
4767 4953
4767 4968
4767 4974
4767 4986
4767 4988
4767 4998
4845 2320
4845 4479
4845 4699
4845 4797
4845 4813
4845 4825
4845 4836
4845 4838
4845 4874
4845 4884
4845 4936
4845 4944
4845 4974
1161 1044
1161 1201
1161 1594
1161 1624
1161 4389
1558 963
1558 1018
1558 1070
1558 1138
1558 1168
1558 1237
1558 1659
1558 1685
1558 1688
1558 1720
1558 1739
1558 3616
1638 1010
1638 1146
1638 1175
1638 1227
1638 1275
1638 1367
1638 1545
1638 1552
1638 1594
1638 1606
1638 1643
1638 1662
1638 1674
1638 1695
1638 1704
1638 1707
1638 1741
1638 1915
1638 4312
1959 1772
1959 1811
1959 1915
1959 1996
1959 2005
1959 2043
1959 2045
1959 2061
1959 4968
2336 2472
2336 2498
2336 2529
2336 2600
2336 4515
2336 4974
2504 1968
2504 2093
2504 2128
2504 2156
2504 2283
2504 2301
2504 2311
2504 2492
2504 2513
2504 2562
2504 2606
2504 3917
2504 4781
2686 2827
2686 2831
2686 2846
2686 4134
2787 2747
2787 2748
2787 2769
2787 2773
2787 2801
2787 2843
2787 2849
2787 2859
2787 3561
3975 1226
3975 3744
3975 3794
3975 3979
3975 4208
3975 4336
3975 4337
3975 4382
4280 1626
4280 3500
4280 3793
4280 3836
4280 3955
4280 4001
4280 4019
4280 4023
4280 4103
4280 4134
4280 4159
4280 4207
4280 4230
4280 4237
4280 4244
4280 4335
4280 4350
4280 4362
4280 4378
4280 4539
4280 4866
4280 4999
4556 2591
4556 4444
4556 4801
4556 4835
4556 4949
4556 4966
4801 1158
4801 3605
4801 4304
4801 4453
4801 4460
4801 4555
4801 4689
4801 4706
4911 347
4911 2157
4911 2217
4911 3689
4911 4398
4911 4450
4911 4468
4911 4487
4911 4500
4911 4503
4911 4510
4911 4553
4911 4573
4911 4624
4911 4630
4911 4641
4911 4691
4911 4700
4911 4763
4911 4776
4911 4800
4911 4816
4911 4853
4911 4861
4911 4863
4911 4891
432 347
432 493
432 494
432 554
432 563
432 567
432 603
1858 1851
1858 1902
1858 1939
1858 1997
1858 2015
1858 2043
2353 1132
2353 2104
2353 2335
2353 2412
2353 2444
2353 2604
2353 2617
2353 3373
2402 2173
2402 2239
2402 2331
2402 2440
2402 2528
2402 2534
2402 2604
2402 2629
2402 3487
2402 4405
2473 524
2473 1706
2473 2291
2473 2305
2473 2315
2473 2322
2473 2352
2473 2389
2473 2443
2473 2470
2473 2629
2473 2635
2594 1032
2594 1521
2594 2102
2594 2117
2594 2120
2594 2123
2594 2149
2594 2180
2594 2181
2594 2203
2594 2217
2594 2270
2594 2274
2594 2297
2594 2346
2594 2364
2594 2368
2594 2370
2594 2403
2594 2429
2594 2449
2594 2497
2594 2510
2594 2511
2594 2546
2594 2567
2594 2595
2594 2617
2594 3572
2594 4405
2874 1730
2874 2912
2874 3005
2874 3120
2874 3123
2874 3124
3359 1646
3359 1820
3359 3200
3359 3207
3359 3299
3359 3344
3359 3403
3359 3424
3359 3435
3359 3460
3407 3182
3407 3207
3407 3222
3407 3223
3407 3225
3407 3279
3407 3333
3407 3347
3407 3349
3407 3393
3407 3412
3407 3413
3407 3431
3407 3444
3407 4407
3463 1590
3463 1761
3463 2530
3463 3171
3463 3177
3463 3179
3463 3190
3463 3194
3463 3208
3463 3243
3463 3253
3463 3261
3463 3265
3463 3272
3463 3278
3463 3289
3463 3317
3463 3324
3463 3325
3463 3335
3463 3338
3463 3339
3463 3369
3463 3388
3463 3389
3463 3402
3463 3406
3463 3418
3463 3420
3463 3426
3463 3428
3463 3430
3463 3436
3463 3437
3463 3442
3463 3445
3463 3468
3463 4304
3463 4365
3463 4578
3463 4982
3463 4997
4142 1422
4142 3513
4142 3628
4142 3995
4142 4091
4142 4317
4142 4333
4142 4339
4142 4796
4463 4615
4463 4764
4463 4983
4691 1895
4691 4573
4691 4590
4691 4700
4691 4763
4691 4776
4691 4800
4691 4863
4998 395
4998 731
4998 1369
4998 1573
4998 2272
4998 2461
4998 2608
4998 2629
4998 3862
4998 4047
4998 4336
4998 4355
4998 4378
4998 4409
4998 4410
4998 4422
4998 4435
4998 4462
4998 4469
4998 4506
4998 4519
4998 4582
4998 4594
4998 4601
4998 4617
4998 4647
4998 4651
4998 4659
4998 4664
4998 4695
4998 4696
4998 4698
4998 4699
4998 4701
4998 4711
4998 4724
4998 4734
4998 4740
4998 4742
4998 4754
4998 4775
4998 4776
4998 4792
4998 4799
4998 4805
4998 4827
4998 4837
4998 4842
4998 4844
4998 4858
4998 4866
4998 4880
4998 4882
4998 4902
4998 4934
4998 4953
4998 4961
4998 4964
4998 4968
4998 4974
4998 4982
4998 4985
4998 4986
4998 4988
817 691
817 799
817 815
817 819
817 837
817 850
817 854
817 866
817 871
817 873
817 879
817 886
817 2781
817 3831
1578 935
1578 1141
1578 1392
1578 1437
1578 1553
1578 1564
1578 1571
1578 1589
1578 1660
1578 1684
1578 2844
1578 2950
1578 3738
1578 4776
2471 2116
2471 2151
2471 2436
2471 2494
2471 2535
2471 2595
2471 2600
2471 2635
2471 2646
2613 1313
2613 1670
2613 2149
2613 2190
2613 2201
2613 2254
2613 2281
2613 2289
2613 2326
2613 2333
2613 2358
2613 2397
2613 2438
2613 2463
2613 2509
2613 2518
2613 2547
2613 2580
2613 2586
2613 2598
2613 2608
2613 2618
2613 2619
2613 2630
2613 2635
2613 2639
2613 2649
2613 3049
2613 3364
2613 3403
2613 3473
2613 3864
2613 4131
2613 4384
2730 2711
2730 2777
2730 2790
2730 2828
2730 2847
2730 2859
2730 3908
2790 520
2790 1683
2790 2670
2790 2727
2790 2759
2790 2809
2790 2811
2790 2822
2790 2829
2790 2835
2790 2847
2790 2855
2790 2859
2891 2611
2891 2880
2891 3036
2891 3100
2891 3108
2891 3157
3669 464
3669 4361
3669 4387
4274 608
4274 767
4274 2604
4274 2618
4274 3506
4274 3758
4274 3788
4274 3886
4274 4048
4274 4164
4274 4165
4274 4191
4274 4301
4274 4305
4274 4354
4274 4371
4274 4383
4274 4386
4274 4405
4274 4407
4294 1105
4294 3197
4294 3347
4294 3494
4294 3604
4294 3729
4294 3807
4294 3823
4294 3844
4294 3927
4294 3958
4294 3998
4294 4046
4294 4056
4294 4095
4294 4117
4294 4122
4294 4131
4294 4146
4294 4180
4294 4202
4294 4264
4294 4285
4294 4304
4294 4364
4294 4729
4510 1533
4510 4685
4510 4729
4510 4848
4510 4877
4968 2452
4968 2606
4968 2766
4968 3843
4968 4324
4968 4469
4968 4487
4968 4570
4968 4589
4968 4598
4968 4659
4968 4664
4968 4684
4968 4696
4968 4740
4968 4754
4968 4775
4968 4799
4968 4805
4968 4837
4968 4844
4968 4855
4968 4866
4968 4902
4968 4916
4968 4953
4968 4969
4968 4974
4968 4982
4968 4985
4968 4986
4968 4988
4968 4999
440 357
440 439
440 492
440 517
440 527
440 551
440 555
440 2061
795 652
795 749
795 802
795 823
795 848
795 876
795 4051
868 625
868 629
868 637
868 646
868 675
868 682
868 687
868 698
868 701
868 709
868 728
868 733
868 735
868 752
868 754
868 802
868 811
868 812
868 833
868 847
868 858
868 874
868 896
868 1339
868 1529
868 1687
868 4344
868 4833
1419 942
1419 1112
1419 1248
1419 1283
1419 1295
1419 1390
1419 1406
1419 1441
1419 1497
1419 1642
1419 3025
1557 735
1557 910
1557 936
1557 975
1557 1154
1557 1210
1557 1247
1557 1272
1557 1307
1557 1383
1557 1471
1557 1510
1557 1547
1557 1579
1557 1668
1557 2616
1557 4154
1564 1063
1564 1132
1564 1193
1564 1325
1564 1341
1564 1392
1564 1571
1564 1642
1564 1678
1564 1684
1564 1703
1564 3828
1564 4074
1564 4261
1564 4292
2649 854
2649 1133
2649 1469
2649 2070
2649 2082
2649 2091
2649 2114
2649 2115
2649 2121
2649 2127
2649 2159
2649 2190
2649 2193
2649 2194
2649 2201
2649 2205
2649 2215
2649 2272
2649 2275
2649 2286
2649 2287
2649 2289
2649 2292
2649 2326
2649 2330
2649 2333
2649 2363
2649 2380
2649 2387
2649 2391
2649 2395
2649 2407
2649 2438
2649 2440
2649 2452
2649 2454
2649 2462
2649 2463
2649 2464
2649 2478
2649 2492
2649 2493
2649 2501
2649 2509
2649 2533
2649 2539
2649 2541
2649 2547
2649 2567
2649 2576
2649 2578
2649 2580
2649 2598
2649 2608
2649 2615
2649 2617
2649 2618
2649 2619
2649 2620
2649 2627
2649 2630
2649 2639
2649 2673
2649 2846
2649 3167
2649 3418
2649 3902
2649 3961
2649 4027
2649 4234
2649 4339
3444 888
3444 3227
3444 3231
3444 3237
3444 3239
3444 3309
3444 3315
3444 3320
3444 3333
3444 3350
3444 3351
3444 3353
3444 3378
3444 3398
3444 3409
3444 3417
3444 3426
3444 3433
3444 3447
3444 3449
3444 3461
3444 3464
3444 3469
3444 3471
3444 3472
3444 3473
3444 3652
3444 4060
3444 4301
3444 4305
3444 4979
3726 4137
3726 4265
3726 4367
3726 4374
3726 4389
4344 2321
4344 3071
4344 3116
4344 3438
4344 3493
4344 3564
4344 3620
4344 3711
4344 3789
4344 3794
4344 3851
4344 4006
4344 4008
4344 4009
4344 4062
4344 4094
4344 4137
4344 4150
4344 4167
4344 4176
4344 4216
4344 4231
4344 4296
4344 4299
4344 4315
4344 4355
4344 4361
4344 4362
4344 4387
4344 4405
4344 4737
4344 4874
4344 4965
4611 2586
4611 4538
4611 4570
4611 4979
642 628
642 803
800 641
800 657
800 676
800 679
800 681
800 718
800 742
800 756
800 785
800 803
800 3585
825 669
825 787
825 818
825 890
825 891
825 892
825 896
825 2042
825 2559
825 3447
825 4333
839 706
839 717
839 774
839 776
839 790
839 791
839 804
839 806
839 807
839 846
839 848
839 860
839 876
839 892
839 1794
839 4389
839 4422
855 791
855 809
855 837
855 864
855 867
855 873
855 875
855 878
855 881
855 883
855 889
855 890
855 891
855 892
855 896
855 1643
855 4162
855 4365
1441 1005
1441 1136
1441 1291
1441 1376
1441 1406
1441 1497
1441 1584
1441 1642
1441 4546
2155 2351
2155 2558
2155 2560
2155 2570
2155 2606
2155 2615
2560 1469
2560 2126
2560 2223
2560 2229
2560 2301
2560 2325
2560 2393
2560 2394
2560 2441
2560 2460
2560 2472
2560 2492
2560 2496
2560 2513
2560 2527
2560 2532
2560 2558
2560 2606
2560 2615
2560 3145
2560 3769
2560 4342
2862 344
2862 616
2862 1552
2862 1608
2862 2604
2862 2650
2862 2661
2862 2671
2862 2674
2862 2678
2862 2680
2862 2681
2862 2684
2862 2693
2862 2708
2862 2710
2862 2719
2862 2722
2862 2723
2862 2724
2862 2725
2862 2727
2862 2728
2862 2733
2862 2736
2862 2738
2862 2751
2862 2756
2862 2759
2862 2765
2862 2766
2862 2769
2862 2779
2862 2782
2862 2788
2862 2794
2862 2800
2862 2801
2862 2817
2862 2826
2862 2828
2862 2829
2862 2833
2862 2844
2862 2849
2862 2852
2862 2855
2862 2859
2862 2861
2862 3154
2862 3826
2862 4703
2862 4966
4119 892
4119 1613
4119 1769
4119 3605
4119 3625
4119 4128
4119 4194
4119 4314
4119 4336
4119 4337
4119 4382
4383 1242
4383 1694
4383 1754
4383 2464
4383 2835
4383 3034
4383 3481
4383 3502
4383 3549
4383 3553
4383 3575
4383 3594
4383 3595
4383 3605
4383 3633
4383 3661
4383 3667
4383 3677
4383 3735
4383 3757
4383 3776
4383 3796
4383 3887
4383 3973
4383 3990
4383 4001
4383 4005
4383 4011
4383 4030
4383 4036
4383 4042
4383 4054
4383 4086
4383 4125
4383 4139
4383 4150
4383 4173
4383 4198
4383 4205
4383 4215
4383 4366
4383 4384
4383 4876
4383 4965
4798 1040
4798 4712
4798 4805
4798 4809
4798 4841
4798 4953
4798 4974
4798 4982
4798 4988
864 693
864 758
864 787
864 854
864 871
864 875
864 878
864 881
864 882
864 888
864 889
864 890
864 891
864 896
864 2634
864 3134
864 3332
864 3389
864 4324
864 4827
1136 1385
1136 1437
1136 1739
1136 1753
1136 1756
1585 608
1585 950
1585 983
1585 1231
1585 1316
1585 1388
1585 1528
1585 1562
1585 1565
1585 1633
1585 1661
1585 1691
1585 1741
1585 3838
1703 830
1703 905
1703 912
1703 953
1703 960
1703 1010
1703 1184
1703 1287
1703 1292
1703 1380
1703 1470
1703 1474
1703 1529
1703 1535
1703 1556
1703 1607
1703 1609
1703 1612
1703 1632
1703 1654
1703 1656
1703 1663
1703 1671
1703 1680
1703 1700
1703 1702
1703 1725
1703 1730
1703 1754
1703 1756
1703 1924
1703 3134
1703 3260
1703 3620
1792 622
1792 2034
1792 2056
1792 2059
2182 2177
2182 2547
2182 2584
2182 2630
2287 1408
2287 2312
2287 2617
2287 2618
2389 2270
2389 2479
2389 2553
2389 2556
2389 2634
2389 3063
2389 4688
2822 850
2822 2653
2822 2659
2822 2684
2822 2694
2822 2707
2822 2739
2822 2766
2822 2803
2822 2810
2822 2811
2822 2820
2822 2842
2822 3438
2822 4582
2975 3002
2975 3055
2975 3121
2975 3153
3309 1754
3309 3372
3309 3449
3309 3453
3309 3469
3309 3471
3309 3472
3309 3473
3946 2472
3946 3338
3946 3618
3946 3650
3946 3694
3946 3699
3946 3817
3946 3821
3946 3933
4362 503
4362 584
4362 1050
4362 1390
4362 1614
4362 3239
4362 3568
4362 3590
4362 3661
4362 3778
4362 3813
4362 3831
4362 3860
4362 3913
4362 3985
4362 4020
4362 4108
4362 4124
4362 4140
4362 4157
4362 4177
4362 4204
4362 4212
4362 4213
4362 4220
4362 4241
4362 4248
4362 4257
4362 4312
4362 4338
4362 4343
4362 4361
4362 4386
4362 4595
4953 1753
4953 2477
4953 2522
4953 2964
4953 4423
4953 4429
4953 4452
4953 4617
4953 4650
4953 4651
4953 4698
4953 4701
4953 4734
4953 4778
4953 4781
4953 4799
4953 4826
4953 4832
4953 4844
4953 4885
4953 4941
4953 4969
4953 4974
4953 4982
4953 4985
4953 4986
4953 4988
908 1526
908 1744
908 1756
1386 1333
1386 1407
1386 1416
1386 1524
1386 1625
1386 1648
1386 1683
1386 2844
1386 3451
1402 1106
1402 1212
1402 1272
1402 1340
1402 1381
1402 1566
1402 1758
1402 4734
1490 1214
1490 1588
1490 1739
1490 1744
1490 1748
1490 1753
1490 2323
1490 2769
1490 4052
1606 949
1606 1035
1606 1069
1606 1235
1606 1414
1606 1502
1606 1530
1606 1546
1606 1695
1606 1704
1606 1741
1606 2437
1680 1028
1680 1195
1680 1270
1680 1318
1680 1337
1680 1338
1680 1439
1680 1535
1680 1539
1680 1554
1680 1567
1680 1579
1680 1607
1680 1612
1680 1656
1680 1663
1680 1700
1680 1702
1680 1721
1680 1725
1680 1730
1680 1747
1680 1754
1680 2044
1680 2251
1680 2782
1680 3327
2045 1772
2045 1774
2045 1790
2045 1797
2045 1811
2045 1830
2045 1836
2045 1851
2045 1866
2045 1872
2045 1908
2045 1909
2045 1915
2045 1928
2045 1970
2045 1979
2045 1996
2045 1997
2045 2005
2045 2007
2045 2013
2045 2024
2045 2042
2045 2043
2045 2050
2045 2269
2045 2803
2045 4683
2045 4835
2045 4934
3038 2444
3038 2964
3038 3032
3038 3099
3038 3104
3038 3134
3038 3154
3038 3598
4016 3430
4016 3862
4016 3941
4016 4090
4016 4151
4016 4164
4016 4175
4016 4324
4016 4335
4016 4378
4016 4398
4023 2637
4023 3490
4023 3584
4023 3641
4023 4038
4023 4072
4023 4105
4023 4123
4023 4240
4023 4298
4974 593
4974 873
4974 1200
4974 1476
4974 1577
4974 1704
4974 3043
4974 3426
4974 4048
4974 4422
4974 4462
4974 4561
4974 4659
4974 4671
4974 4693
4974 4696
4974 4725
4974 4726
4974 4749
4974 4754
4974 4757
4974 4781
4974 4799
4974 4805
4974 4832
4974 4837
4974 4844
4974 4855
4974 4894
4974 4902
4974 4922
4974 4955
4974 4961
4974 4969
4974 4982
4974 4985
4974 4986
4974 4988
480 469
480 519
480 552
480 583
480 2249
480 3153
744 677
744 806
744 823
744 846
744 875
744 878
744 4366
798 408
798 722
798 878
798 890
798 891
798 892
798 896
1262 1182
1262 1432
1262 1524
1262 1648
1262 1683
1570 1050
1570 1308
1570 1364
1570 1673
1570 1713
1570 1739
1570 1744
1570 1748
1570 1753
1570 2221
2263 2134
2263 2256
2263 2271
2263 2355
2263 2510
2263 2574
2263 2578
2399 2089
2399 2096
2399 2225
2399 2332
2399 2361
2399 2447
2399 2493
2871 3106
3426 788
3426 1360
3426 1599
3426 3217
3426 3363
3426 3378
3426 3391
3426 3412
3426 3417
3426 3433
3426 3447
3426 3449
3426 3461
3426 3464
3426 3465
3426 3469
3426 3471
3426 3472
3426 3473
3426 3676
3426 4123
3645 3810
3645 4197
3645 4237
3645 4378
4468 4437
4468 4891
4516 3883
4516 4658
4516 4849
4516 4861
4516 4924
4516 4948
4632 1758
4632 4983
4632 4995
4632 4997
4632 4999
4804 2202
4804 2701
4804 4565
4804 4621
4804 4708
4804 4763
4804 4840
4804 4867
4804 4870
4804 4934
4804 4936
332 410
332 430
332 482
332 559
332 589
410 381
410 456
410 538
410 559
410 1575
410 4855
430 470
430 1535
430 2429
482 391
482 467
482 488
482 497
482 523
482 588
482 622
482 1626
482 4161
559 356
559 431
559 456
559 470
559 477
559 500
559 538
559 582
559 588
559 1900
559 4029
589 333
589 359
589 371
589 381
589 393
589 438
589 449
589 491
589 510
589 518
589 523
589 528
589 547
589 552
589 565
589 568
589 578
589 595
589 608
589 611
589 614
589 620
589 1515
589 3030
589 3658
589 4378
333 580
333 620
580 342
580 381
580 389
580 443
580 450
580 451
580 510
580 518
580 546
580 554
580 566
580 568
580 578
580 584
580 586
580 595
580 596
580 600
580 608
580 611
580 614
580 618
580 1761
580 4353
580 4533
620 340
620 342
620 345
620 388
620 389
620 393
620 394
620 395
620 414
620 423
620 443
620 448
620 450
620 463
620 469
620 474
620 496
620 510
620 518
620 520
620 522
620 523
620 528
620 529
620 542
620 546
620 552
620 565
620 566
620 568
620 578
620 584
620 586
620 595
620 596
620 597
620 603
620 606
620 608
620 611
620 614
620 618
620 621
620 633
620 1075
620 1236
620 1707
620 2091
620 2370
620 2635
620 3549
620 4257
620 4623
334 557
334 566
334 575
334 576
334 603
334 3028
557 344
557 349
557 370
557 392
557 447
557 455
557 498
557 507
557 513
557 516
557 568
557 573
557 575
557 576
557 584
557 603
557 607
557 1747
557 2508
566 377
566 392
566 402
566 404
566 455
566 498
566 507
566 511
566 516
566 554
566 573
566 575
566 576
566 581
566 584
566 603
566 616
566 1533
566 3354
566 3464
566 3510
566 4982
575 339
575 358
575 441
575 447
575 455
575 465
575 496
575 498
575 507
575 516
575 573
575 576
575 582
575 584
575 603
575 611
575 875
575 1568
575 2711
575 3316
575 4891
576 358
576 362
576 384
576 402
576 434
576 441
576 455
576 457
576 465
576 507
576 536
576 565
576 573
576 584
576 603
576 609
576 3712
576 4264
603 344
603 348
603 349
603 356
603 358
603 362
603 369
603 377
603 384
603 392
603 402
603 404
603 434
603 441
603 447
603 455
603 465
603 498
603 507
603 511
603 516
603 573
603 578
603 584
603 586
603 858
603 2751
603 3995
603 4036
603 4248
603 4922
3028 1756
3028 2878
3028 2969
3028 3065
3028 3117
3028 3157
3028 3165
3028 3166
3028 3167
3028 4084
335 592
335 622
335 2629
592 338
592 368
592 417
592 452
592 461
592 469
592 486
592 495
592 502
592 548
592 578
592 593
592 597
592 598
592 599
592 607
592 609
592 613
592 616
592 619
592 1553
592 1866
592 2843
592 3449
592 4007
592 4063
622 336
622 343
622 351
622 354
622 360
622 374
622 397
622 428
622 433
622 437
622 448
622 467
622 471
622 479
622 484
622 488
622 497
622 499
622 501
622 505
622 507
622 509
622 529
622 534
622 536
622 538
622 540
622 541
622 543
622 544
622 545
622 567
622 572
622 577
622 581
622 588
622 596
622 606
622 607
622 608
622 613
622 618
622 619
622 621
622 1494
622 2030
622 2274
622 2828
622 3401
622 3611
622 3737
622 4133
622 4213
622 4997
2629 747
2629 1414
2629 1924
2629 2142
2629 2154
2629 2178
2629 2215
2629 2216
2629 2229
2629 2253
2629 2303
2629 2315
2629 2343
2629 2352
2629 2470
2629 2491
2629 2503
2629 2510
2629 2524
2629 2537
2629 2550
2629 2559
2629 2561
2629 2563
2629 2584
2629 2600
2629 2608
2629 2616
2629 2620
2629 2635
2629 2646
2629 3478
2629 4997
336 572
336 621
336 4047
572 402
572 415
572 426
572 428
572 445
572 457
572 474
572 484
572 501
572 521
572 526
572 536
572 581
572 588
572 595
572 613
572 614
572 618
572 621
572 967
572 1642
572 2196
572 4110
621 343
621 351
621 353
621 354
621 360
621 370
621 371
621 375
621 391
621 400
621 409
621 414
621 417
621 425
621 433
621 437
621 449
621 451
621 452
621 467
621 471
621 479
621 497
621 499
621 521
621 534
621 536
621 540
621 541
621 543
621 553
621 563
621 568
621 577
621 578
621 579
621 581
621 588
621 597
621 600
621 613
621 618
621 888
621 1253
621 1456
621 2564
621 2578
621 3299
621 4223
621 4361
621 4474
621 4502
621 4574
621 4936
4047 892
4047 3564
4047 3629
4047 3632
4047 4090
4047 4256
4047 4324
4047 4335
4047 4398
428 367
428 545
428 611
428 619
428 2194
428 4750
573 339
573 348
573 362
573 384
573 402
573 404
573 455
573 465
573 473
573 479
573 500
573 507
573 511
573 516
573 599
573 1283
573 1948
573 3022
606 343
606 344
606 350
606 351
606 370
606 374
606 433
606 462
606 471
606 499
606 501
606 505
606 509
606 518
606 521
606 526
606 534
606 541
606 543
606 545
606 553
606 581
606 596
606 600
606 609
606 618
606 1411
606 3160
606 3308
606 3555
606 3736
606 4190
606 4278
606 4884
606 4999
3132 712
3132 749
3132 2684
3132 2882
3132 2972
3132 2995
3132 3014
3132 3021
3132 3034
3132 3040
3132 3045
3132 3048
3132 3059
3132 3091
3132 3097
3132 3108
3132 3113
3132 3126
3132 3135
3132 3138
3132 3147
3132 4573
338 472
338 564
338 1056
472 370
472 466
472 502
472 524
472 545
472 549
472 1965
472 2497
564 346
564 405
564 547
564 555
564 577
564 582
564 583
564 593
564 596
564 597
564 616
564 1546
564 2833
564 3032
564 4257
1056 1084
1056 1620
1056 1704
1056 4894
339 584
339 890
339 2409
584 344
584 348
584 358
584 377
584 392
584 402
584 404
584 434
584 465
584 498
584 507
584 516
584 545
584 553
584 600
584 608
584 812
584 938
584 2667
584 4848
890 633
890 640
890 655
890 659
890 691
890 695
890 696
890 705
890 724
890 730
890 731
890 740
890 758
890 772
890 805
890 814
890 818
890 819
890 843
890 848
890 849
890 854
890 866
890 871
890 873
890 875
890 878
890 882
890 883
890 888
890 889
890 891
890 892
890 896
890 1648
890 1816
890 1990
890 2605
890 2608
890 3902
890 3947
890 4389
890 4533
890 4857
890 4896
2409 1206
2409 2354
2409 2488
2409 2528
2409 2563
2409 2584
2409 2616
2409 2620
2409 2646
340 529
340 579
340 596
340 2614
529 423
529 463
529 493
529 509
529 568
529 581
529 586
529 595
529 614
529 2118
579 442
579 446
579 452
579 513
579 542
579 547
579 551
579 555
579 582
579 597
579 598
579 599
579 600
579 607
579 609
579 616
579 619
579 1121
579 1251
579 2867
579 4605
579 4964
596 395
596 398
596 414
596 418
596 423
596 450
596 452
596 463
596 518
596 523
596 528
596 542
596 578
596 595
596 608
596 611
596 614
596 874
596 2054
596 2584
596 3471
596 4027
596 4964
2614 600
2614 810
2614 1484
2614 1587
2614 2140
2614 2169
2614 2186
2614 2207
2614 2245
2614 2260
2614 2266
2614 2274
2614 2302
2614 2339
2614 2359
2614 2376
2614 2381
2614 2392
2614 2423
2614 2428
2614 2437
2614 2455
2614 2501
2614 2508
2614 2545
2614 2559
2614 2586
2614 2605
2614 2617
2614 2622
2614 2631
2614 2643
2614 2708
2614 4291
2614 4369
341 467
341 524
341 553
341 614
341 1552
467 486
467 577
467 613
524 406
524 466
524 475
524 483
524 512
524 549
524 551
524 582
524 916
524 1479
553 395
553 397
553 479
553 497
553 555
553 577
553 581
553 600
553 613
553 618
553 2221
553 2454
553 2753
553 4825
614 363
614 381
614 388
614 389
614 393
614 423
614 438
614 443
614 463
614 492
614 518
614 520
614 522
614 523
614 528
614 530
614 541
614 542
614 565
614 568
614 578
614 595
614 608
614 609
614 611
614 1084
614 1706
614 1991
614 2208
614 2262
614 3022
1552 1011
1552 1084
1552 1171
1552 1393
1552 1479
1552 1504
1552 1530
1552 1704
1552 1730
1552 1741
1552 2344
1552 2615
1552 4083
342 398
342 611
342 616
342 2789
398 374
398 441
398 595
398 1124
611 343
611 359
611 379
611 381
611 394
611 438
611 443
611 450
611 463
611 497
611 510
611 522
611 528
611 542
611 546
611 565
611 568
611 578
611 583
611 595
611 597
611 608
611 1087
611 1141
611 1540
611 1662
611 2040
611 3545
611 4914
616 361
616 385
616 405
616 408
616 420
616 433
616 442
616 446
616 447
616 469
616 473
616 481
616 486
616 497
616 512
616 513
616 547
616 548
616 551
616 582
616 593
616 595
616 597
616 599
616 607
616 609
616 1940
616 2026
616 2608
616 3412
616 3472
616 4008
616 4354
616 4364
2789 2682
2789 2684
2789 2701
2789 2835
2789 2836
2789 2843
2789 2847
2789 2859
2789 4791
343 4977
4977 407
4977 1331
4977 2372
4977 3424
4977 3571
4977 3696
4977 4062
4977 4136
4977 4448
4977 4467
4977 4482
4977 4511
4977 4517
4977 4560
4977 4584
4977 4599
4977 4604
4977 4605
4977 4610
4977 4636
4977 4639
4977 4656
4977 4703
4977 4707
4977 4729
4977 4760
4977 4764
4977 4770
4977 4771
4977 4774
4977 4783
4977 4811
4977 4868
4977 4881
4977 4885
4977 4896
4977 4909
4977 4910
4977 4917
4977 4935
4977 4948
4977 4951
4977 4961
4977 4965
4977 4979
4977 4985
345 438
345 493
345 608
345 2859
345 3445
438 499
438 586
493 412
493 489
493 544
493 554
493 563
493 567
493 574
493 2713
608 359
608 388
608 395
608 406
608 441
608 448
608 488
608 503
608 510
608 520
608 522
608 523
608 528
608 530
608 542
608 546
608 563
608 565
608 568
608 595
608 2635
608 2752
608 4739
608 4919
2859 803
2859 1576
2859 1592
2859 2561
2859 2631
2859 2655
2859 2673
2859 2674
2859 2678
2859 2696
2859 2704
2859 2706
2859 2713
2859 2715
2859 2724
2859 2729
2859 2732
2859 2735
2859 2736
2859 2752
2859 2758
2859 2761
2859 2766
2859 2771
2859 2772
2859 2775
2859 2777
2859 2778
2859 2780
2859 2784
2859 2786
2859 2792
2859 2809
2859 2811
2859 2814
2859 2816
2859 2823
2859 2826
2859 2827
2859 2828
2859 2829
2859 2835
2859 2836
2859 2837
2859 2839
2859 2843
2859 2844
2859 2847
2859 2849
2859 2852
2859 2861
2859 3412
2859 3420
2859 3648
2859 4620
2859 4811
2859 4820
2859 4867
2859 4951
3445 1642
3445 2034
3445 2619
3445 3194
3445 3237
3445 3256
3445 3261
3445 3276
3445 3278
3445 3288
3445 3303
3445 3312
3445 3335
3445 3338
3445 3372
3445 3387
3445 3388
3445 3402
3445 3412
3445 3413
3445 3420
3445 3428
3445 3430
3445 3436
3445 3442
3445 3446
3445 3473
3445 3860
3445 4304
3445 4424
346 619
346 4355
619 361
619 407
619 408
619 416
619 420
619 442
619 444
619 449
619 452
619 459
619 469
619 481
619 486
619 495
619 496
619 501
619 504
619 505
619 512
619 513
619 548
619 552
619 554
619 578
619 588
619 593
619 597
619 598
619 599
619 607
619 609
619 613
619 1139
619 1429
619 1753
619 3887
619 4156
619 4196
619 4353
4355 848
4355 1474
4355 1515
4355 1962
4355 2475
4355 2508
4355 2804
4355 3499
4355 3535
4355 3625
4355 3627
4355 3738
4355 3757
4355 3794
4355 3883
4355 3896
4355 3977
4355 4004
4355 4009
4355 4075
4355 4137
4355 4150
4355 4152
4355 4172
4355 4231
4355 4285
4355 4296
4355 4315
4355 4354
4355 4361
4355 4387
4355 4747
347 366
347 563
347 567
347 574
347 598
366 554
366 556
366 567
366 574
366 1487
366 2046
563 385
563 396
563 409
563 412
563 454
563 489
563 494
563 503
563 544
563 554
563 567
563 574
563 758
563 997
563 1670
563 3980
563 4438
567 396
567 409
567 429
567 431
567 454
567 470
567 489
567 503
567 544
567 551
567 554
567 574
567 581
567 2015
567 2466
567 2550
567 4369
574 357
574 360
574 364
574 396
574 409
574 412
574 429
574 447
574 454
574 489
574 494
574 498
574 503
574 507
574 544
574 554
574 1399
574 2591
574 2639
574 2861
574 4940
598 369
598 421
598 446
598 449
598 464
598 473
598 496
598 517
598 548
598 582
598 593
598 597
598 599
598 607
598 618
598 2918
598 3460
598 4041
598 4689
348 434
348 511
348 3603
434 349
434 548
434 1336
511 362
511 441
511 443
511 516
511 618
511 1340
511 1624
511 4339
3603 3978
3603 4255
3603 4291
349 498
349 505
349 530
349 3033
498 384
498 516
498 565
498 2061
498 2072
498 4891
505 499
505 543
505 600
505 618
505 2700
505 3211
505 4893
530 463
530 520
530 542
530 578
530 581
530 586
530 1926
530 3004
530 4949
3033 1983
3033 3051
3033 3089
3033 3116
3033 3119
3033 3124
3033 3137
350 536
350 600
350 3113
536 426
536 450
536 499
536 501
536 577
536 588
536 600
536 988
536 4407
600 357
600 371
600 415
600 425
600 433
600 461
600 474
600 488
600 501
600 504
600 509
600 534
600 540
600 541
600 545
600 577
600 595
600 613
600 618
600 3154
600 3346
600 4046
600 4499
600 4825
600 4928
3113 639
3113 1565
3113 2707
3113 2899
3113 2934
3113 2995
3113 3021
3113 3045
3113 3059
3113 3076
3113 3092
3113 3108
3113 3117
3113 3126
3113 3135
3113 3159
351 426
351 565
351 3454
426 463
426 588
426 618
426 2478
565 365
565 523
565 546
565 568
565 578
565 586
565 595
565 883
565 1471
565 2294
565 4064
565 4617
3454 661
3454 843
3454 2760
3454 2824
3454 2899
3454 3196
3454 3206
3454 3211
3454 3241
3454 3250
3454 3263
3454 3273
3454 3274
3454 3287
3454 3290
3454 3294
3454 3310
3454 3341
3454 3345
3454 3346
3454 3355
3454 3362
3454 3375
3454 3376
3454 3377
3454 3383
3454 3391
3454 3392
3454 3420
3454 3429
3454 3453
3454 3466
3454 3468
3454 3469
3454 3472
3454 3601
3454 4258
3454 4607
503 357
503 494
503 549
503 554
503 4255
503 4621
538 356
538 431
538 446
538 456
538 470
538 500
538 577
538 833
538 1690
545 374
545 534
545 577
545 618
545 932
545 1877
545 2555
545 3959
353 468
353 588
353 613
353 618
353 4784
468 359
468 427
468 476
468 519
468 556
468 583
468 1889
468 4282
588 400
588 433
588 437
588 446
588 484
588 488
588 497
588 499
588 540
588 583
588 609
588 613
588 2186
588 2780
588 4110
588 4902
613 360
613 375
613 397
613 400
613 412
613 417
613 471
613 504
613 509
613 519
613 526
613 534
613 540
613 541
613 542
613 543
613 544
613 554
613 555
613 581
613 607
613 618
613 853
613 1628
613 1999
613 2323
613 2418
613 2637
613 3053
618 367
618 370
618 375
618 383
618 408
618 417
618 425
618 437
618 444
618 451
618 474
618 479
618 481
618 484
618 488
618 501
618 509
618 510
618 534
618 541
618 543
618 548
618 581
618 593
618 873
618 1076
618 1632
618 2339
618 2368
618 3620
618 4910
4784 1709
4784 3434
4784 4455
4784 4502
4784 4555
4784 4559
4784 4629
4784 4654
4784 4761
4784 4785
4784 4813
4784 4823
4784 4841
354 471
354 2536
471 451
471 543
471 595
471 4179
2536 2145
2536 2189
2536 2224
2536 2233
2536 2236
2536 2327
2536 2350
2536 2396
2536 2433
2536 2436
2536 2475
2536 2507
2536 2604
2536 2814
2536 3177
2536 4085
537 406
537 422
537 453
537 464
537 466
537 475
537 483
537 549
537 582
537 3430
537 4899
356 477
356 500
356 2159
477 429
477 431
477 458
477 470
477 500
477 3436
500 470
500 788
500 3296
2159 547
2159 2443
2159 2600
2159 2639
357 544
357 554
544 396
544 409
544 429
544 454
544 489
544 528
544 554
544 1536
544 2304
544 3785
554 412
554 454
554 494
554 581
554 3593
554 4407
360 3704
3704 2691
3704 3770
3704 4030
3704 4050
3704 4113
3704 4253
361 458
361 583
361 4184
458 526
458 582
458 597
458 609
583 375
583 383
583 415
583 418
583 427
583 445
583 464
583 476
583 491
583 519
583 552
583 556
583 1381
583 1728
583 2020
583 3471
4184 1484
4184 1758
4184 1969
4184 3545
4184 4048
4184 4219
4184 4232
4184 4317
4184 4354
4184 4405
4184 4407
362 373
362 404
362 964
373 517
373 527
373 551
373 568
404 510
404 541
404 3118
964 1057
964 1371
964 1726
964 1747
964 2961
363 520
363 522
363 578
363 593
363 1999
520 495
520 516
520 541
520 542
520 578
520 1450
520 3913
522 455
522 521
522 595
522 599
522 1587
522 2102
522 2598
578 394
578 450
578 523
578 552
578 586
578 595
578 1229
578 1502
578 1856
593 385
593 400
593 408
593 469
593 491
593 512
593 547
593 555
593 597
593 607
593 609
593 858
593 2836
593 4194
593 4850
1999 1249
1999 1529
1999 1886
1999 1906
1999 1930
1999 1985
1999 2057
1999 2061
1999 2551
364 549
364 876
549 406
549 411
549 422
549 453
549 475
549 483
549 502
549 527
549 543
549 2328
549 2458
549 3108
549 3295
876 639
876 671
876 677
876 679
876 694
876 699
876 700
876 706
876 710
876 746
876 749
876 753
876 774
876 776
876 781
876 790
876 804
876 806
876 807
876 810
876 846
876 848
876 860
876 878
876 882
876 1045
876 2015
876 2407
876 3769
876 4095
876 4969
365 481
365 504
365 597
365 4985
481 422
481 582
481 609
481 2013
504 445
504 459
504 496
504 582
504 607
504 1944
597 369
597 391
597 394
597 486
597 512
597 548
597 599
597 607
597 609
597 854
597 2455
597 2598
597 2733
597 2786
597 3182
597 4176
4985 1074
4985 1504
4985 1646
4985 2615
4985 2878
4985 3118
4985 3319
4985 3357
4985 4253
4985 4405
4985 4418
4985 4422
4985 4429
4985 4440
4985 4462
4985 4465
4985 4480
4985 4506
4985 4594
4985 4638
4985 4647
4985 4650
4985 4664
4985 4696
4985 4709
4985 4726
4985 4740
4985 4741
4985 4749
4985 4754
4985 4799
4985 4802
4985 4827
4985 4832
4985 4834
4985 4837
4985 4840
4985 4855
4985 4858
4985 4862
4985 4866
4985 4884
4985 4902
4985 4927
4985 4969
4985 4982
4985 4986
4985 4988
556 379
556 427
556 445
556 457
556 476
556 491
556 512
556 519
556 552
556 568
556 2043
556 2522
556 2810
1487 936
1487 959
1487 1069
1487 1173
1487 1343
1487 1391
1487 1415
1487 1471
1487 1510
1487 1579
1487 1694
1487 1737
2046 1340
2046 1775
2046 1786
2046 1807
2046 1841
2046 1871
2046 1875
2046 1878
2046 1890
2046 1905
2046 1927
2046 1935
2046 1954
2046 1962
2046 1976
2046 1980
2046 1984
2046 1985
2046 1990
2046 1991
2046 2005
2046 2019
2046 2028
2046 2029
2046 2034
2046 2050
2046 2308
2046 2363
2046 2747
2046 3166
2046 3597
2046 4231
2046 4851
367 459
367 581
367 3353
459 510
459 607
459 4354
581 451
581 488
581 499
581 523
581 540
581 541
581 542
581 577
581 788
581 1737
581 2104
581 2498
581 2618
581 3097
3353 1414
3353 3254
3353 3285
3353 3295
3353 3357
3353 3368
3353 3374
3353 3465
3353 3468
3353 3471
368 509
368 607
368 609
368 3097
509 397
509 478
509 1620
509 2545
607 392
607 405
607 407
607 420
607 423
607 461
607 469
607 495
607 502
607 540
607 543
607 548
607 555
607 582
607 599
607 609
607 849
607 1504
607 2972
607 3062
607 4012
607 4333
609 377
609 389
609 401
609 416
609 423
609 446
609 452
609 473
609 495
609 496
609 512
609 547
609 548
609 582
609 599
609 1605
609 4037
609 4338
609 4407
3097 2316
3097 2905
3097 2973
3097 2974
3097 2998
3097 3103
3097 3108
3097 3121
3097 3142
3097 3146
3097 3154
3097 3159
369 3124
369 4941
3124 1598
3124 2023
3124 2559
3124 2915
3124 2919
3124 2924
3124 2938
3124 2941
3124 2942
3124 2963
3124 2966
3124 2976
3124 3039
3124 3052
3124 3061
3124 3089
3124 3116
3124 3137
3124 3145
3124 3165
3124 4080
4941 1509
4941 2523
4941 3986
4941 4367
4941 4485
4941 4535
4941 4552
4941 4644
4941 4665
4941 4668
4941 4739
4941 4781
4941 4831
4941 4834
4941 4836
4941 4843
4941 4850
4941 4851
4941 4866
4941 4868
4941 4901
4941 4904
4941 4916
4941 4956
4941 4982
4941 4983
4941 4995
4941 4997
4941 4999
370 484
370 543
370 1378
484 399
484 417
484 479
484 494
484 518
484 791
484 3812
484 4237
543 371
543 470
543 497
543 1654
543 2811
1378 1168
1378 1233
1378 1401
1378 1504
1378 1515
1378 1531
1378 1657
1378 1758
1378 3021
371 540
371 1438
371 4450
540 425
540 526
540 1577
540 4250
540 4474
1438 1141
1438 1151
1438 1325
1438 1341
1438 1423
1438 1460
1438 1540
1438 1544
1438 1553
1438 4899
4450 4095
4450 4877
4450 4891
405 469
405 526
405 973
577 388
577 457
577 465
577 497
577 521
577 526
577 541
577 599
577 646
577 4893
599 385
599 416
599 442
599 444
599 452
599 486
599 495
599 555
599 582
599 1078
599 1431
599 1685
599 1694
599 2493
599 3912
1634 967
1634 1125
1634 1133
1634 1151
1634 1166
1634 1183
1634 1243
1634 1263
1634 1282
1634 1310
1634 1326
1634 1331
1634 1403
1634 1412
1634 1439
1634 1449
1634 1494
1634 1509
1634 1520
1634 1536
1634 1652
1634 1737
1634 1758
1634 1970
1634 2288
1634 3643
1634 4384
517 390
517 403
517 421
517 462
517 478
517 492
517 527
517 551
517 2382
517 3439
527 390
527 399
527 401
527 420
527 421
527 439
527 474
527 492
527 551
527 1424
551 390
551 399
551 401
551 403
551 421
551 439
551 442
551 462
551 478
551 1834
551 3417
568 414
568 422
568 528
568 542
568 586
568 595
568 1952
568 3533
568 3926
374 547
374 1756
374 3468
547 403
547 446
547 448
547 555
547 3629
1756 944
1756 957
1756 978
1756 985
1756 1018
1756 1058
1756 1061
1756 1081
1756 1092
1756 1116
1756 1121
1756 1166
1756 1174
1756 1176
1756 1222
1756 1225
1756 1233
1756 1246
1756 1309
1756 1322
1756 1327
1756 1352
1756 1368
1756 1369
1756 1392
1756 1399
1756 1434
1756 1437
1756 1450
1756 1463
1756 1527
1756 1572
1756 1588
1756 1590
1756 1601
1756 1608
1756 1613
1756 1665
1756 1673
1756 1674
1756 1700
1756 1706
1756 1713
1756 1737
1756 1739
1756 1744
1756 1748
1756 1753
1756 1885
1756 2464
1756 2586
1756 2734
1756 2753
1756 3369
1756 3461
1756 4100
1756 4202
1756 4488
1756 4740
1756 4924
3468 1405
3468 1407
3468 1559
3468 2749
3468 3186
3468 3193
3468 3197
3468 3209
3468 3224
3468 3228
3468 3229
3468 3244
3468 3251
3468 3253
3468 3254
3468 3257
3468 3263
3468 3283
3468 3285
3468 3289
3468 3290
3468 3291
3468 3295
3468 3297
3468 3331
3468 3337
3468 3342
3468 3349
3468 3356
3468 3360
3468 3361
3468 3366
3468 3368
3468 3369
3468 3370
3468 3374
3468 3375
3468 3404
3468 3405
3468 3408
3468 3423
3468 3425
3468 3434
3468 3438
3468 3439
3468 3446
3468 3451
3468 3458
3468 3464
3468 3465
3468 3466
3468 3516
3468 3733
3468 3737
3468 4745
375 466
375 521
466 411
466 502
466 2261
466 4708
521 425
521 437
521 595
521 2618
521 3352
4799 672
4799 4939
4799 4944
4799 4954
4799 4988
377 444
377 465
377 2150
377 4954
444 548
444 555
444 582
444 2554
444 4584
465 392
465 4407
2150 2367
2150 2479
2150 2510
2150 2646
4954 1562
4954 2350
4954 2810
4954 2893
4954 3435
4954 4204
4954 4415
4954 4511
4954 4526
4954 4572
4954 4600
4954 4607
4954 4651
4954 4707
4954 4718
4954 4732
4954 4790
4954 4806
4954 4809
4954 4839
4954 4876
4954 4904
4954 4914
4954 4922
4954 4923
4954 4937
4954 4965
4954 4982
4954 4995
417 1163
417 2712
542 586
542 1531
542 1544
542 4752
586 394
586 396
586 414
586 478
586 528
586 546
586 595
586 889
586 3934
586 3959
586 4654
379 476
379 491
379 552
379 2904
476 418
476 457
476 507
476 1315
476 4843
491 457
491 519
491 552
491 3569
491 4979
552 415
552 427
552 457
552 519
552 1592
552 1741
552 4204
552 4389
552 4901
2904 2559
2904 3102
2904 3142
456 402
456 431
456 1567
456 2618
470 4364
470 4389
381 1240
381 4618
1240 941
1240 1448
1240 1562
1240 1599
1240 1758
1240 4238
4618 4333
4618 4697
4618 4859
4618 4861
4618 4893
4618 4924
4618 4940
461 1621
461 1683
383 464
383 1400
383 1444
464 418
464 445
464 1061
464 1694
1400 939
1400 948
1400 981
1400 1170
1400 1300
1400 1451
1400 1455
1400 1575
1400 1577
1400 1713
1444 1554
1444 1595
1444 1693
1444 1694
1444 1709
1444 3045
384 494
494 429
494 489
494 582
494 3469
494 3989
385 469
385 4242
469 1102
469 3107
4242 1209
4242 1554
4242 2041
4242 2546
4242 3165
4242 3571
4242 3621
4242 3705
4242 3730
4242 4029
4242 4100
4242 4217
4242 4258
4242 4261
4242 4275
4242 4306
4242 4331
4242 4342
4242 4343
4242 4378
1997 896
1997 1529
1997 1834
1997 1835
1997 1853
1997 1908
1997 1915
1997 1979
1997 2005
1997 2013
1997 2042
1997 2043
1997 2059
1997 3376
454 409
454 1878
454 3388
454 4338
388 513
388 595
388 1038
513 492
513 512
513 548
513 555
513 1354
513 2518
595 442
595 510
595 518
595 546
595 1033
595 1102
595 2615
595 3108
595 3963
595 4182
1038 1077
1038 3911
389 1397
389 3466
1397 1670
1397 1688
1397 1693
1397 1747
1397 1754
1397 1761
1397 2570
1397 2630
3466 1325
3466 1707
3466 2054
3466 2833
3466 3091
3466 3186
3466 3193
3466 3197
3466 3209
3466 3216
3466 3218
3466 3226
3466 3228
3466 3244
3466 3251
3466 3254
3466 3261
3466 3263
3466 3282
3466 3283
3466 3285
3466 3289
3466 3291
3466 3295
3466 3297
3466 3334
3466 3342
3466 3356
3466 3360
3466 3361
3466 3366
3466 3368
3466 3370
3466 3374
3466 3404
3466 3408
3466 3423
3466 3425
3466 3430
3466 3431
3466 3438
3466 3439
3466 3446
3466 3461
3466 3465
3466 3472
3466 4203
3466 4350
390 401
390 421
401 403
401 492
401 760
401 4183
421 399
421 541
421 2157
421 2828
391 395
391 541
541 2091
541 2778
541 3180
541 3413
392 1928
392 3795
1928 1826
1928 1914
1928 1996
1928 2005
1928 2007
1928 2042
1928 2043
3795 4405
3795 4407
393 483
393 3613
393 4229
483 411
483 433
483 453
483 4246
3613 3891
3613 3903
3613 4106
3613 4160
3613 4223
3613 4298
4229 2171
4229 3628
4229 3867
4229 3902
4229 4025
4229 4055
4229 4068
4229 4180
4229 4187
4229 4324
4229 4333
4229 4339
4229 4887
394 3096
3096 904
3096 2884
3096 3016
3096 3042
3096 3091
3096 3121
3096 3126
3096 3129
3096 3146
3096 3153
3096 3159
396 4299
4299 1572
4299 2179
4299 3485
4299 3571
4299 3685
4299 3980
4299 3982
4299 4044
4299 4053
4299 4069
4299 4085
4299 4101
4299 4211
4299 4218
4299 4238
4299 4265
4299 4367
4299 4374
4299 4389
4299 4944
397 416
397 4306
416 546
416 2635
416 4803
4306 760
4306 2057
4306 3370
4306 3439
4306 3572
4306 3606
4306 3689
4306 3846
4306 3850
4306 3863
4306 3895
4306 3947
4306 3951
4306 3962
4306 4041
4306 4058
4306 4100
4306 4104
4306 4110
4306 4217
4306 4261
4306 4312
4306 4331
4306 4342
4306 4343
4306 4366
4306 4868
441 516
441 975
441 3507
1124 1383
1124 1566
1124 1699
1124 1737
399 462
399 478
399 896
462 439
462 473
462 478
462 492
462 3901
478 403
478 439
478 492
478 792
478 886
478 1169
896 630
896 656
896 663
896 672
896 682
896 685
896 686
896 689
896 696
896 698
896 699
896 740
896 747
896 762
896 772
896 778
896 781
896 805
896 809
896 810
896 815
896 818
896 831
896 843
896 853
896 854
896 867
896 874
896 875
896 878
896 881
896 882
896 883
896 886
896 888
896 889
896 891
896 892
896 1227
896 1447
896 1685
896 1725
896 2534
896 2615
896 2982
896 4502
896 4649
896 4859
400 453
400 2582
453 411
453 512
453 1411
2582 912
2582 957
2582 1434
2582 1904
2582 2069
2582 2185
2582 2197
2582 2199
2582 2254
2582 2264
2582 2273
2582 2310
2582 2335
2582 2360
2582 2362
2582 2383
2582 2390
2582 2425
2582 2431
2582 2463
2582 2465
2582 2485
2582 2486
2582 2544
2582 2553
2582 2570
2582 2586
2582 3925
403 492
403 546
403 2372
492 1332
492 3075
760 644
760 693
760 762
760 766
760 780
760 785
760 788
760 878
760 4226
4183 882
4183 1380
4183 3469
4183 3496
4183 3741
4183 4064
4183 4163
4183 4230
4183 4237
4183 4244
4183 4350
4183 4407
546 448
546 523
546 534
546 1553
546 3451
546 3472
546 4333
2372 1613
2372 2491
2372 2526
2372 2584
2372 2635
2372 2646
510 793
510 2782
510 3577
3118 915
3118 2870
3118 2902
3118 2948
3118 2978
3118 3012
3118 3032
3118 3055
3118 3103
3118 3126
3118 3134
3118 3142
3118 3147
3118 3153
3118 3159
3118 3167
3118 3640
3118 3918
526 497
526 499
526 2879
526 4244
973 1111
973 1485
973 1721
973 1754
973 3324
406 475
406 3473
475 422
475 443
475 502
475 1412
475 3138
3473 431
3473 797
3473 806
3473 1433
3473 1646
3473 2043
3473 2524
3473 3176
3473 3192
3473 3196
3473 3212
3473 3230
3473 3231
3473 3232
3473 3238
3473 3239
3473 3255
3473 3257
3473 3259
3473 3264
3473 3270
3473 3278
3473 3280
3473 3296
3473 3298
3473 3300
3473 3304
3473 3305
3473 3308
3473 3316
3473 3321
3473 3323
3473 3329
3473 3337
3473 3339
3473 3350
3473 3351
3473 3356
3473 3363
3473 3364
3473 3376
3473 3379
3473 3387
3473 3388
3473 3389
3473 3391
3473 3398
3473 3409
3473 3412
3473 3417
3473 3430
3473 3433
3473 3447
3473 3449
3473 3461
3473 3464
3473 3469
3473 3471
3473 3472
3473 3779
3473 4323
3473 4596
3473 4909
407 442
407 1434
442 689
1434 1125
1434 1221
1434 1238
1434 1286
1434 1377
1434 1396
1434 1739
1434 1748
1434 1753
408 3194
3194 3392
409 3300
3300 1374
3300 1864
3300 3349
3300 3418
3300 3449
3300 3464
3300 3469
3300 3472
1575 657
1575 915
1575 995
1575 1170
1575 1189
1575 1300
1575 1317
1575 1339
1575 1398
1575 1451
1575 1455
1575 1470
1575 1577
1575 1699
1575 1706
1575 1707
1575 2034
1575 3757
4855 1607
4855 4157
4855 4522
4855 4775
4855 4802
4855 4858
4855 4939
4855 4979
4855 4982
4855 4986
4855 4988
4855 4999
411 502
411 1902
502 422
502 697
502 3987
502 4986
1902 1820
1902 1827
1902 1844
1902 2029
1902 2034
1902 2050
1902 2392
412 2910
412 4208
2910 3002
2910 3055
2910 3071
2910 3099
2910 4319
4208 847
4208 1561
4208 2428
4208 3511
4208 3811
4208 3874
4208 3878
4208 4153
4208 4190
4208 4213
4208 4248
4208 4314
4208 4337
4208 4382
2393 2142
2393 2413
2393 2523
2393 2562
2393 2606
2393 2615
2393 3127
2393 4384
414 555
414 2559
414 3567
555 437
555 496
555 905
555 1385
555 1922
2559 2247
2559 2484
2559 2501
2559 2508
2559 2605
2559 2622
2559 2631
3567 516
3567 3818
3567 3935
3567 4250
3567 4407
415 519
415 1497
415 4371
519 445
519 463
519 486
519 4331
519 4364
1497 854
1497 937
1497 1040
1497 1112
1497 1120
1497 1291
1497 1605
1497 1642
1497 4805
4371 1190
4371 1258
4371 1456
4371 2017
4371 2994
4371 3389
4371 3423
4371 3506
4371 3616
4371 3640
4371 3683
4371 3708
4371 3740
4371 3741
4371 3786
4371 3788
4371 3804
4371 3825
4371 3893
4371 3896
4371 3935
4371 3970
4371 4003
4371 4036
4371 4048
4371 4143
4371 4157
4371 4159
4371 4161
4371 4165
4371 4181
4371 4219
4371 4232
4371 4250
4371 4256
4371 4292
4371 4301
4371 4317
4371 4324
4371 4354
4371 4365
4371 4387
4371 4405
4371 4407
4371 4536
4371 4715
2635 474
2635 807
2635 1476
2635 1883
2635 2092
2635 2151
2635 2157
2635 2179
2635 2225
2635 2236
2635 2245
2635 2279
2635 2280
2635 2303
2635 2321
2635 2356
2635 2363
2635 2457
2635 2470
2635 2479
2635 2491
2635 2494
2635 2503
2635 2510
2635 2520
2635 2524
2635 2526
2635 2535
2635 2561
2635 2563
2635 2584
2635 2600
2635 2616
2635 2618
2635 2620
2635 2646
2635 3437
2635 4031
2635 4090
2635 4651
4803 738
4803 4563
4803 4638
4803 4730
4803 4789
4803 4852
4803 4875
4803 4917
4803 4943
4803 4955
4803 4964
1163 1188
1163 1295
1163 1375
1163 1519
1163 1655
1163 3997
2712 2774
2712 2835
2712 2847
2712 2855
2712 3619
418 1753
1753 937
1753 962
1753 978
1753 987
1753 991
1753 1033
1753 1050
1753 1058
1753 1075
1753 1076
1753 1079
1753 1092
1753 1116
1753 1121
1753 1122
1753 1156
1753 1222
1753 1225
1753 1238
1753 1286
1753 1294
1753 1305
1753 1322
1753 1332
1753 1334
1753 1352
1753 1369
1753 1417
1753 1456
1753 1458
1753 1459
1753 1527
1753 1544
1753 1547
1753 1572
1753 1588
1753 1601
1753 1607
1753 1613
1753 1614
1753 1624
1753 1644
1753 1665
1753 1673
1753 1674
1753 1687
1753 1713
1753 1739
1753 1744
1753 1748
1753 2161
1753 2246
1753 3259
1753 3323
1753 4152
1753 4305
1753 4323
1753 4882
1753 4909
1753 4928
499 2541
499 2639
499 3301
886 639
886 647
886 659
886 663
886 667
886 668
886 673
886 688
886 695
886 715
886 718
886 724
886 736
886 745
886 748
886 758
886 767
886 786
886 791
886 799
886 815
886 819
886 829
886 837
886 850
886 853
886 854
886 866
886 867
886 871
886 873
886 879
886 882
886 1316
886 1356
886 2740
886 3282
886 3366
886 3428
886 4275
886 4545
420 495
420 582
420 873
495 582
495 2041
495 2337
495 3927
582 449
582 479
582 548
582 833
582 944
582 1699
582 3119
582 4051
873 647
873 659
873 688
873 715
873 718
873 745
873 767
873 786
873 799
873 815
873 819
873 829
873 837
873 850
873 853
873 866
873 867
873 871
873 879
873 883
873 891
873 892
873 1687
873 2861
873 3109
873 3798
2157 2103
2828 2083
2828 2509
2828 2663
2828 2675
2828 2676
2828 2786
2828 2788
2828 2801
2828 2809
2828 2829
2828 2836
2828 2837
2828 2847
2828 2849
2828 2855
2828 2928
2828 3749
422 1822
1822 1823
1822 1990
1822 2034
1822 2050
1822 2057
423 2038
2038 819
2038 903
2038 990
2038 1101
2038 1767
2038 1876
2038 1905
2038 1947
2038 1958
2038 1961
2038 1982
2038 1996
2038 2003
2038 2007
2038 2015
2038 2020
2038 2021
2038 2023
2038 2031
2038 2037
2038 2056
2038 2059
2038 2177
2038 3683
1739 934
1739 1009
1739 1061
1739 1121
1739 1123
1739 1174
1739 1221
1739 1226
1739 1309
1739 1314
1739 1318
1739 1392
1739 1410
1739 1422
1739 1437
1739 1458
1739 1463
1739 1544
1739 1554
1739 1590
1739 1601
1739 1608
1739 1613
1739 1644
1739 1665
1739 1674
1739 1687
1739 1688
1739 1706
1739 1713
1739 1744
1739 1748
1739 1834
1739 2643
1739 2766
1739 2877
1739 3160
1739 4066
1739 4137
1739 4681
1739 4852
1739 4867
425 4308
425 4378
4308 757
4308 833
4308 1658
4308 2855
4308 3536
4308 3552
4308 3574
4308 3617
4308 3691
4308 3774
4308 3779
4308 3785
4308 3789
4308 3809
4308 3812
4308 3871
4308 3877
4308 3968
4308 3992
4308 3996
4308 4041
4308 4053
4308 4081
4308 4088
4308 4101
4308 4212
4308 4226
4308 4246
4308 4297
4308 4335
4308 4839
4378 770
4378 1284
4378 1640
4378 2491
4378 2524
4378 3088
4378 3496
4378 3516
4378 3526
4378 3533
4378 3545
4378 3717
4378 3720
4378 3753
4378 3768
4378 3836
4378 3848
4378 3881
4378 3899
4378 3956
4378 3964
4378 3984
4378 4002
4378 4019
4378 4145
4378 4163
4378 4207
4378 4226
4378 4230
4378 4237
4378 4240
4378 4244
4378 4350
4378 4386
4378 4387
4378 4405
463 1449
463 4014
463 4443
2478 1254
2478 1674
2478 2161
2478 2454
2478 2561
2478 2608
2478 2618
2478 2619
2478 2630
2478 2639
427 523
427 2114
523 501
523 742
523 2299
2114 2605
2114 2608
2114 2630
2194 1351
2194 2264
4750 2000
4750 2024
4750 4419
4750 4452
4750 4523
4750 4548
4750 4667
4750 4743
4750 4820
4750 4949
429 439
429 1239
429 4187
439 1861
439 2294
1239 1420
1239 1453
1239 1456
1239 1468
1239 1693
1239 1726
1239 4163
4187 1620
4187 2405
4187 3447
4187 3499
4187 3540
4187 3583
4187 3884
4187 3970
4187 3988
4187 4243
4187 4320
4187 4333
4187 4339
4187 4389
1535 871
1535 1177
1535 1450
1535 1656
1535 1700
1535 1721
1535 1725
1535 1730
1535 1747
1535 3188
1535 4414
2429 1980
2429 2117
2429 2274
2429 2364
2429 2370
2429 2493
2429 2567
2429 2595
2429 2615
2429 2639
2429 2961
431 473
431 3263
473 496
473 3740
473 4218
473 4478
3263 3030
3263 3197
3263 3408
3263 3438
3263 3465
433 2059
2059 1593
2059 1777
2059 1783
2059 1784
2059 1817
2059 1820
2059 1824
2059 1842
2059 1856
2059 1873
2059 1895
2059 1899
2059 1900
2059 1903
2059 1913
2059 1924
2059 1937
2059 1940
2059 1942
2059 1943
2059 1964
2059 1973
2059 1978
2059 1991
2059 1993
2059 2000
2059 2003
2059 2004
2059 2010
2059 2015
2059 2020
2059 2021
2059 2024
2059 2026
2059 2029
2059 2031
2059 2037
2059 2041
2059 2042
2059 2044
2059 2056
2059 3736
2059 3844
2059 4366
2059 4692
2059 4901
548 3052
548 3195
548 3636
1336 1004
1336 1295
1336 1408
1336 1528
1336 1531
1336 1601
1336 3850
1336 4171
4162 3478
4162 3525
4162 3580
4162 3919
4162 3966
4162 3989
4162 4011
4162 4065
4162 4069
4162 4074
4162 4144
4162 4276
4162 4283
4162 4730
1104 952
1104 970
1104 1248
1104 1305
1104 1532
1104 1642
1104 3145
437 2527
437 3691
2527 1648
2527 2080
2527 2082
2527 2090
2527 2099
2527 2104
2527 2133
2527 2170
2527 2253
2527 2404
2527 2427
2527 2516
2527 2518
2527 2528
2527 2555
2527 2604
3691 989
3691 3536
3691 3871
3691 4226
1861 1754
1861 1776
1861 1821
1861 2015
1861 2031
2294 2524
2294 2545
2294 2620
2061 666
2061 939
2061 1145
2061 1160
2061 1407
2061 1461
2061 1744
2061 1769
2061 1776
2061 1802
2061 1805
2061 1821
2061 1833
2061 1839
2061 1844
2061 1852
2061 1859
2061 1873
2061 1882
2061 1896
2061 1906
2061 1914
2061 1930
2061 1944
2061 1946
2061 1948
2061 1949
2061 1951
2061 1961
2061 1965
2061 1969
2061 1983
2061 1985
2061 1993
2061 2007
2061 2011
2061 2023
2061 2024
2061 2026
2061 2028
2061 2054
2061 2056
2061 2057
2061 2103
2061 2646
2061 3312
516 447
516 1246
975 1210
975 1231
975 1391
975 1668
689 802
689 888
689 889
689 1437
443 1127
1127 974
1127 1019
1127 1405
1127 1561
1127 1741
1127 3508
2554 1406
2554 2078
2554 2132
2554 2180
2554 2187
2554 2231
2554 2250
2554 2305
2554 2322
2554 2340
2554 2431
2554 2439
2554 2545
2554 2551
2554 2584
2554 2598
2554 2643
2554 3222
2554 4624
4584 3412
4584 4738
4584 4979
445 457
445 2598
457 2463
2598 871
2598 1612
2598 2070
2598 2081
2598 2149
2598 2171
2598 2204
2598 2248
2598 2306
2598 2395
2598 2407
2598 2530
2598 2541
2598 2576
2598 2580
2598 2616
2598 2630
2598 2639
2598 3347
2598 4153
2598 4422
446 1670
446 4680
1670 450
1670 917
1670 1052
1670 1054
1670 1197
1670 1203
1670 1206
1670 1569
1670 1593
1670 1602
1670 1661
1670 1707
1670 1726
1670 1761
1670 2335
1670 4484
4680 4125
4680 4426
4680 4643
4680 4758
4680 4793
4680 4794
4680 4861
4680 4887
447 507
447 3153
507 2703
3153 1298
3153 2361
3153 2794
3153 2897
3153 2905
3153 2974
3153 2978
3153 2989
3153 3013
3153 3016
3153 3031
3153 3032
3153 3043
3153 3071
3153 3102
3153 3103
3153 3121
3153 3122
3153 3128
3153 3145
3153 3146
3153 3147
3153 3159
3153 3161
3153 3165
3153 3167
3153 3425
3153 4398
3153 4469
448 2847
2847 968
2847 2659
2847 2663
2847 2674
2847 2690
2847 2695
2847 2704
2847 2742
2847 2761
2847 2766
2847 2771
2847 2778
2847 2786
2847 2804
2847 2814
2847 2816
2847 2826
2847 2827
2847 2829
2847 2835
2847 2837
2847 2839
2847 2843
2847 2844
2847 2849
2847 2852
2847 2855
2847 2861
2847 2974
2847 3154
2847 4420
449 2995
449 4189
2995 3020
2995 3053
2995 3135
2995 3138
2995 3167
2995 3661
4189 1568
4189 3135
4189 3639
4189 3736
4189 3862
4189 3953
4189 4010
4189 4171
4189 4203
4189 4219
4189 4335
4189 4353
4189 4398
4189 4726
451 474
451 1549
451 3429
474 496
1549 705
1549 1044
1549 1055
1549 1148
1549 1191
1549 1367
1549 1374
1549 1542
1549 1584
1549 1596
1549 1707
1549 3465
1549 3682
1549 4700
3429 2208
3429 2496
3429 3211
3429 3220
3429 3273
3429 3287
3429 3290
3429 3341
3429 3345
3429 3346
3429 3355
3429 3362
3429 3375
3429 3376
3429 3377
3429 3383
3429 3392
3429 3393
3429 3451
3429 3453
3429 3469
3429 4177
3429 4581
452 1057
452 1707
452 4697
1057 1361
1057 1657
1057 1758
1707 1024
1707 1027
1707 1054
1707 1201
1707 1261
1707 1315
1707 1367
1707 1429
1707 1449
1707 1481
1707 1484
1707 1528
1707 1530
1707 1561
1707 1576
1707 1594
1707 1643
1707 1648
1707 1662
1707 1685
1707 1695
1707 1704
1707 1741
1707 2296
1707 2620
1707 3025
1707 4292
1707 4472
4697 4333
4697 4536
4697 4721
4697 4849
4697 4859
4697 4901
4697 4940
4697 4966
512 4386
1411 1134
1411 1337
1411 1354
1411 1599
1411 1635
1411 1654
1411 1758
1878 696
1878 1846
1878 2028
1878 2034
1878 2040
1878 2050
3388 1139
3388 3179
3388 3189
3388 3334
3388 3338
3388 3369
3388 3428
3388 3430
3388 3436
3388 3442
3388 4052
3388 4213
4338 823
4338 1129
4338 1189
4338 1408
4338 1445
4338 2748
4338 2824
4338 3475
4338 3501
4338 3513
4338 3544
4338 3590
4338 3716
4338 3746
4338 3860
4338 3868
4338 3918
4338 3985
4338 4011
4338 4108
4338 4140
4338 4177
4338 4204
4338 4212
4338 4220
4338 4241
4338 4248
4338 4257
4338 4275
4338 4291
4338 4365
4338 4386
4338 4389
455 2784
2784 1573
2784 2672
2784 2702
2784 2803
2784 2844
2784 2861
2784 3430
1567 1041
1567 1054
1567 1187
1567 1401
1567 1612
1567 1632
1567 1700
1567 1702
1567 1741
1567 3458
1567 4429
1567 4904
2618 1258
2618 2140
2618 2171
2618 2177
2618 2227
2618 2275
2618 2289
2618 2358
2618 2362
2618 2462
2618 2463
2618 2464
2618 2530
2618 2539
2618 2541
2618 2547
2618 2580
2618 2616
2618 2619
2618 2620
2618 2622
2618 2627
2618 2630
2618 2639
2618 4320
2463 759
2463 2167
2463 2617
2463 2619
2463 2639
2463 2801
2463 4937
4354 853
4354 1261
4354 1335
4354 1351
4354 2110
4354 2616
4354 3489
4354 3495
4354 3506
4354 3643
4354 3647
4354 3747
4354 3786
4354 3804
4354 3854
4354 3884
4354 3914
4354 3940
4354 4079
4354 4116
4354 4121
4354 4137
4354 4165
4354 4181
4354 4219
4354 4232
4354 4255
4354 4282
4354 4301
4354 4305
4354 4315
4354 4361
4354 4405
4354 4407
4354 4614
4354 4873
1621 937
1621 1289
1621 1421
1621 1571
1621 1592
1621 1612
1621 1644
1621 1668
1621 1676
1621 1704
1621 1728
1621 2346
1621 3777
1621 4113
1621 4137
1683 945
1683 955
1683 1108
1683 1158
1683 1211
1683 1293
1683 1296
1683 1317
1683 1319
1683 1344
1683 1416
1683 1417
1683 1426
1683 1432
1683 1524
1683 1551
1683 1625
1683 1636
1683 1648
1683 1659
1683 1665
1683 1917
1683 2500
1683 3206
1683 3530
1683 4476
3901 3531
3901 3788
3901 4083
3901 4340
3901 4696
1449 777
1449 1011
1449 1290
1449 1299
1449 1502
1449 1580
1449 1662
1449 1720
1449 4857
4014 1805
4014 3732
4014 3755
4014 3847
4014 3865
4014 4013
4014 4021
4014 4071
4014 4224
4014 4386
4014 4903
4443 4776
4443 4848
4443 4964
1061 1350
1061 1572
1694 918
1694 919
1694 968
1694 1010
1694 1055
1694 1191
1694 1202
1694 1258
1694 1259
1694 1313
1694 1396
1694 1427
1694 1432
1694 1433
1694 1550
1694 1595
1694 1596
1694 1624
1694 1640
1694 1648
1694 1659
1694 1709
1694 1754
1694 3119
1694 3171
1694 3635
1694 4873
4407 1405
4407 1687
4407 2054
4407 2544
4407 3374
4407 3489
4407 3597
4407 3598
4407 3612
4407 3638
4407 3640
4407 3658
4407 3668
4407 3681
4407 3683
4407 3693
4407 3698
4407 3708
4407 3770
4407 3786
4407 3804
4407 3854
4407 3879
4407 3886
4407 3914
4407 3937
4407 3970
4407 3986
4407 4002
4407 4007
4407 4031
4407 4048
4407 4075
4407 4079
4407 4116
4407 4121
4407 4143
4407 4150
4407 4156
4407 4161
4407 4165
4407 4181
4407 4188
4407 4191
4407 4207
4407 4213
4407 4214
4407 4219
4407 4232
4407 4250
4407 4264
4407 4282
4407 4283
4407 4292
4407 4301
4407 4305
4407 4317
4407 4387
4407 4405
4407 4851
4407 4995
2261 2354
2261 2405
2261 2411
2261 2488
2261 2546
2261 2574
2261 2578
4708 4237
4708 4539
4708 4545
4708 4603
4708 4721
4708 4861
4708 4893
4708 4940
4708 4969
486 3166
486 3656
1889 1849
1889 1904
1889 1922
1889 1950
1889 1964
1889 2022
4282 881
4282 2352
4282 2705
4282 3561
4282 3598
4282 3640
4282 3879
4282 3886
4282 3914
4282 4058
4282 4165
4282 4181
4282 4219
4282 4301
4282 4374
4282 4384
4282 4405
1102 1559
1102 1721
1102 1730
1102 1754
3107 1459
3107 2273
3107 2876
3107 2880
3107 2913
3107 2962
3107 3029
3107 3036
3107 3091
3107 3100
3107 3117
3107 3119
3107 3121
3107 3157
3107 3160
3107 3165
3107 3166
3107 3167
3107 3430
4364 842
4364 1120
4364 1145
4364 1405
4364 1577
4364 2717
4364 3493
4364 3508
4364 3522
4364 3604
4364 3610
4364 3621
4364 3657
4364 3805
4364 3807
4364 3811
4364 3844
4364 3871
4364 3897
4364 3927
4364 3952
4364 3958
4364 3993
4364 3998
4364 4056
4364 4117
4364 4122
4364 4131
4364 4140
4364 4146
4364 4180
4364 4191
4364 4196
4364 4202
4364 4215
4364 4259
4364 4264
4364 4267
4364 4285
4364 4304
4364 4319
4364 4398
4364 4684
4389 1310
4389 1331
4389 1871
4389 1945
4389 2349
4389 3053
4389 3485
4389 3488
4389 3542
4389 3553
4389 3569
4389 3571
4389 3619
4389 3637
4389 3655
4389 3668
4389 3676
4389 3762
4389 3790
4389 3872
4389 3934
4389 3940
4389 3944
4389 3945
4389 3959
4389 3980
4389 3994
4389 4044
4389 4053
4389 4072
4389 4085
4389 4095
4389 4101
4389 4164
4389 4207
4389 4218
4389 4234
4389 4238
4389 4265
4389 4343
4389 4367
4389 4374
4389 4398
4179 2680
4179 3601
4179 3685
4179 3921
4179 4078
4179 4107
4179 4217
4179 4264
4179 4278
4179 4298
4179 4341
4179 4369
4179 4979
1965 1767
1965 1795
1965 1860
1965 1943
1965 2024
1965 2054
1965 2057
1965 2482
1965 2805
2497 2077
2497 2270
2497 2274
2497 2326
2497 2364
2497 2370
2497 2511
2497 2546
2497 2567
2497 2591
2497 2595
2497 3993
2497 4928
496 728
3740 1155
3740 4238
3740 4301
3740 4405
4218 1086
4218 1633
4218 2313
4218 2756
4218 3542
4218 3980
4218 3987
4218 4101
4218 4122
4218 4214
4218 4238
4218 4265
4218 4367
4478 4653
4478 4880
4478 4936
4478 4966
1412 967
1412 1263
1412 1326
1412 1331
1412 1494
1412 1509
1412 1536
1412 1652
1412 1730
1412 1737
1412 3251
3138 1198
3138 1754
3138 2852
3138 2866
3138 2893
3138 2899
3138 2934
3138 2936
3138 2952
3138 2972
3138 3011
3138 3014
3138 3034
3138 3048
3138 3053
3138 3059
3138 3076
3138 3108
3138 3126
3138 3128
3138 3135
3138 3160
3138 3166
3138 4937
1315 921
1315 1496
1315 1613
1315 1704
1315 1741
1315 2982
4843 1329
4843 4658
4843 4712
4843 4899
4843 4908
4843 4916
4843 4939
4843 4983
4843 4997
4843 4999
3436 1747
3436 2915
3436 3253
3436 3256
3436 3261
3436 3324
3436 3369
3436 3372
3436 3402
3436 3418
3436 3428
3436 3430
3436 3442
3436 3453
3436 3458
3436 4190
3436 4695
792 624
792 697
792 722
792 738
792 763
792 778
792 888
1169 952
1169 1479
1169 1548
1169 1669
1169 1709
2249 2304
2249 2459
2249 2534
2249 2604
2249 2617
2013 1866
2013 1879
2013 1881
2013 1904
2013 1916
2013 1939
2013 1955
2013 1968
2013 1970
2013 1982
2013 1996
2013 2005
2013 2007
2013 2042
2013 2043
2013 4671
2013 4969
488 528
488 1307
488 3238
497 1462
497 3859
1626 920
1626 981
1626 1181
1626 1246
1626 1379
1626 1403
1626 1404
1626 1513
1626 1569
1626 1661
1626 1685
1626 1726
1626 1747
1626 1761
1626 2228
1626 3109
1626 4528
4161 3117
4161 3614
4161 3770
4161 4405
4246 889
4246 1005
4246 3479
4246 3536
4246 3551
4246 3574
4246 3617
4246 3737
4246 3774
4246 3809
4246 3968
4246 3992
4246 3996
4246 4081
4246 4088
4246 4226
4246 4297
4246 4333
4246 4343
4246 4366
4246 4793
518 849
518 878
518 1706
791 866
791 867
791 871
791 4490
3812 2608
3812 3785
3812 3904
3812 3968
3812 4081
3812 4226
4237 2637
4237 3722
4237 3793
4237 4040
4237 4149
4237 4214
4237 4230
4237 4244
4237 4320
4237 4384
534 1177
534 1787
534 4070
534 4999
3166 1519
3166 1704
3166 2556
3166 2800
3166 2869
3166 2883
3166 2886
3166 2893
3166 2897
3166 2903
3166 2914
3166 2918
3166 2926
3166 2929
3166 2932
3166 2948
3166 2960
3166 2969
3166 2979
3166 2985
3166 2992
3166 2999
3166 3010
3166 3022
3166 3024
3166 3030
3166 3035
3166 3044
3166 3061
3166 3069
3166 3071
3166 3072
3166 3075
3166 3077
3166 3100
3166 3112
3166 3117
3166 3122
3166 3126
3166 3127
3166 3145
3166 3154
3166 3157
3166 3160
3166 3165
3166 3167
3166 3434
3166 3554
3166 4382
3166 4631
3656 2526
3656 3578
3656 4069
3656 4276
3656 4366
2120 2465
2120 2546
2120 2595
4365 776
4365 860
4365 1655
4365 2281
4365 2365
4365 2637
4365 3229
4365 3475
4365 3494
4365 3497
4365 3544
4365 3559
4365 3570
4365 3590
4365 3852
4365 3860
4365 3861
4365 3868
4365 3913
4365 3963
4365 3982
4365 3985
4365 4050
4365 4051
4365 4076
4365 4124
4365 4140
4365 4157
4365 4177
4365 4204
4365 4212
4365 4220
4365 4241
4365 4257
4365 4259
4365 4312
4365 4324
4365 4341
4365 4367
4365 4374
4365 4386
528 812
528 3974
1307 1091
1307 1121
1307 1154
1307 1210
1307 1243
1307 1343
1307 1415
1307 1668
1307 4137
3238 1320
3238 3368
3238 3469
3238 3471
489 1427
489 4025
489 4207
1427 1198
1427 1259
1427 1466
1427 1479
1427 1624
1427 1709
1427 1761
1427 2643
1427 3204
4025 3524
4025 3602
4025 3619
4025 3800
4025 4320
4207 3620
4207 3654
4207 4163
4207 4296
4207 4350
4207 4881
4207 4887
3960 1687
3960 3563
3960 3713
3960 4053
3960 4188
3960 4224
3960 4259
3960 4275
3569 3662
3569 4085
3569 4374
4979 721
4979 1440
4979 1824
4979 2160
4979 2591
4979 4417
4979 4420
4979 4445
4979 4490
4979 4517
4979 4560
4979 4597
4979 4599
4979 4604
4979 4605
4979 4606
4979 4610
4979 4621
4979 4633
4979 4636
4979 4639
4979 4681
4979 4732
4979 4758
4979 4760
4979 4764
4979 4771
4979 4774
4979 4783
4979 4811
4979 4825
4979 4853
4979 4885
4979 4896
4979 4909
4979 4910
4979 4917
4979 4934
4979 4935
4979 4948
4979 4951
4979 4966
4979 4988
1332 1138
1332 1345
1332 1372
1332 1512
1332 1615
1332 1685
1332 1720
1332 1962
1332 3939
3075 1481
3075 1945
3075 2887
3075 2888
3075 2920
3075 2958
3075 3007
3075 3025
3075 3043
3075 3112
3075 3142
3075 3167
3075 4408
2713 1636
2713 2764
2713 2799
2713 2824
2713 2831
2713 2846
3469 1840
3469 1953
3469 2207
3469 2715
3469 2829
3469 3173
3469 3181
3469 3192
3469 3198
3469 3199
3469 3220
3469 3230
3469 3232
3469 3255
3469 3259
3469 3264
3469 3270
3469 3288
3469 3298
3469 3304
3469 3305
3469 3308
3469 3322
3469 3323
3469 3329
3469 3332
3469 3337
3469 3350
3469 3351
3469 3363
3469 3364
3469 3365
3469 3391
3469 3398
3469 3403
3469 3408
3469 3409
3469 3417
3469 3418
3469 3433
3469 3447
3469 3449
3469 3458
3469 3461
3469 3464
3469 3471
3469 3472
3469 4175
3469 4824
3469 4956
3469 4966
3989 1669
3989 1747
3989 3615
3989 3760
3989 4063
3989 4173
3989 4188
3989 4224
3989 4259
3989 4275
2041 1781
2041 1783
2041 1809
2041 1810
2041 1840
2041 1841
2041 1887
2041 1892
2041 1899
2041 1918
2041 1923
2041 1934
2041 1938
2041 1952
2041 1955
2041 1960
2041 1981
2041 2010
2041 2011
2041 2017
2041 2025
2041 2030
2041 2031
2041 2040
2041 2056
2041 2996
2041 3765
2041 4198
2337 2076
2337 2413
2337 2414
2337 2456
2337 2461
2337 2495
2337 2500
2337 3210
3927 3610
3927 3746
3927 3953
3927 4267
3927 4319
728 752
728 847
728 858
728 1089
1462 1283
1462 1375
1462 1453
1462 1573
1462 1653
1462 1669
1462 1737
3859 1601
3859 3885
3859 3891
3859 3999
3859 4050
3859 4160
3859 4192
3859 4223
2072 2313
2072 2395
2072 2591
2072 2634
4891 1087
4891 1744
4891 2023
4891 3307
4891 4487
4891 4624
4891 4630
4891 4641
4891 4700
4891 4757
4891 4763
4891 4776
4891 4781
4891 4800
4891 4816
4891 4853
4891 4863
4891 4910
2541 1981
2541 2091
2541 2301
2541 2449
2541 2450
2541 2509
2541 2517
2541 2539
2541 2608
2541 2630
2541 2639
2541 3099
2541 4935
2639 626
2639 1272
2639 1539
2639 1702
2639 1900
2639 2068
2639 2099
2639 2121
2639 2127
2639 2162
2639 2171
2639 2208
2639 2214
2639 2215
2639 2259
2639 2307
2639 2333
2639 2358
2639 2396
2639 2407
2639 2418
2639 2454
2639 2462
2639 2464
2639 2530
2639 2544
2639 2547
2639 2576
2639 2615
2639 2619
2639 2630
2639 2631
2639 2637
2639 3383
2639 3780
2639 3896
2639 3993
2639 4387
2639 4597
2639 4793
3301 1082
3301 3245
3301 3253
3301 3393
3301 3418
3301 3430
788 693
788 770
788 780
788 793
788 827
788 874
788 889
3296 2826
3296 3417
3296 3431
3296 3451
3296 3471
3296 4908
501 858
501 1204
501 1761
858 625
858 629
858 637
858 646
858 650
858 675
858 687
858 698
858 733
858 735
858 752
858 754
858 771
858 802
858 811
858 833
858 847
858 849
858 882
858 3430
858 3839
858 4337
858 4850
1204 923
1204 1213
1204 1566
1204 1609
1204 1636
1204 1737
1204 4238
1761 936
1761 965
1761 979
1761 981
1761 987
1761 1043
1761 1046
1761 1052
1761 1072
1761 1076
1761 1078
1761 1095
1761 1181
1761 1185
1761 1194
1761 1203
1761 1207
1761 1214
1761 1267
1761 1298
1761 1329
1761 1361
1761 1408
1761 1415
1761 1420
1761 1431
1761 1456
1761 1470
1761 1492
1761 1496
1761 1507
1761 1513
1761 1554
1761 1555
1761 1559
1761 1568
1761 1569
1761 1573
1761 1593
1761 1609
1761 1646
1761 1661
1761 1693
1761 1709
1761 1725
1761 1726
1761 1747
1761 1896
1761 1898
1761 3024
1761 3130
1761 4230
1761 4283
1761 4292
1761 4398
1761 4547
1761 4764
1761 4812
1761 4924
697 770
697 3542
3987 2020
3987 3577
3987 3982
3987 4124
3987 4241
3987 4314
3987 4386
4986 953
4986 981
4986 1209
4986 1730
4986 1737
4986 2286
4986 4154
4986 4386
4986 4433
4986 4482
4986 4554
4986 4617
4986 4650
4986 4651
4986 4690
4986 4695
4986 4699
4986 4711
4986 4720
4986 4734
4986 4740
4986 4754
4986 4775
4986 4807
4986 4827
4986 4836
4986 4837
4986 4838
4986 4858
4986 4866
4986 4902
4986 4939
4986 4943
4986 4955
4986 4961
4986 4969
4986 4982
4986 4988
4986 4997
4255 1741
4255 1914
4255 2273
4255 3480
4255 3517
4255 3657
4255 3818
4255 3934
4255 3963
4255 3983
4255 4033
4255 4046
4255 4140
4255 4156
4255 4169
4255 4196
4255 4291
4255 4323
4621 2513
4621 4806
4621 4817
4621 4927
4621 4934
1944 1685
1944 1907
1944 1940
1944 2003
1944 2030
1944 2044
1944 2056
1944 4428
2700 2651
2700 2677
2700 2855
2700 4664
3211 3345
3211 3394
3211 3453
4893 2202
4893 4053
4893 4437
4893 4475
4893 4536
4893 4539
4893 4554
4893 4658
4893 4689
4893 4690
4893 4705
4893 4736
4893 4764
4893 4771
4893 4832
4893 4859
4893 4861
4893 4924
4893 4940
4893 4999
1949 1846
1949 1943
1949 1982
1949 2026
1949 2054
1949 2057
1949 4219
1949 4713
2021 1613
2021 1817
2021 1887
2021 1895
2021 1919
2021 1952
2021 1953
2021 2037
2021 2056
2021 4091
2021 4139
2021 4437
2703 2184
2703 2811
2703 2842
1673 811
1673 988
1673 1174
1673 1246
1673 1291
1673 1327
1673 1328
1673 1484
1673 1572
1673 1588
1673 1601
1673 1608
1673 1706
1673 1726
1673 1744
1673 2153
1673 2443
1673 4129
1673 4172
1673 4405
1620 1063
1620 1199
1620 1245
1620 1282
1620 1399
1620 1439
1620 1476
1620 1502
1620 1520
1620 1573
1620 1643
1620 1644
1620 4470
2545 2078
2545 2149
2545 2152
2545 2187
2545 2214
2545 2231
2545 2317
2545 2322
2545 2408
2545 2431
2545 2439
2545 2453
2545 2477
2545 2551
2545 2764
2545 4224
793 643
793 658
793 669
793 747
793 770
793 780
793 822
793 827
793 4479
2782 883
2782 2723
2782 2744
2782 2842
2782 2852
2782 2861
3577 4292
1340 938
1340 1528
1340 1594
1340 1691
1340 1758
1624 978
1624 1075
1624 1252
1624 1259
1624 1334
1624 1379
1624 1396
1624 1433
1624 1498
1624 1584
1624 1595
1624 1628
1624 3512
1624 4216
4339 730
4339 3147
4339 3472
4339 3513
4339 3524
4339 3540
4339 3546
4339 3558
4339 3722
4339 3723
4339 3749
4339 3800
4339 3867
4339 3902
4339 3910
4339 3971
4339 3988
4339 4035
4339 4055
4339 4068
4339 4091
4339 4092
4339 4125
4339 4175
4339 4192
4339 4230
4339 4243
4339 4276
4339 4292
4339 4320
4339 4333
4339 4492
4339 4995
4386 998
4386 1559
4386 1583
4386 1903
4386 1978
4386 2711
4386 2760
4386 3154
4386 3528
4386 3544
4386 3552
4386 3559
4386 3626
4386 3707
4386 3716
4386 3729
4386 3773
4386 3778
4386 3861
4386 3868
4386 3913
4386 3926
4386 3982
4386 3985
4386 4020
4386 4040
4386 4051
4386 4124
4386 4140
4386 4175
4386 4177
4386 4204
4386 4212
4386 4220
4386 4241
4386 4248
4386 4257
4386 4312
1354 1231
1354 1635
1354 1691
1354 1758
1354 1802
2518 804
2518 1457
2518 2082
2518 2088
2518 2099
2518 2104
2518 2133
2518 2170
2518 2177
2518 2210
2518 2416
2518 2427
2518 2516
2518 2528
2518 2555
2518 3268
2152 1685
2152 2185
2152 2453
1451 1170
1451 1302
1451 1339
1451 1398
1451 1455
1451 1470
1451 1480
1451 1522
1451 1577
1451 1747
1451 4361
1246 1075
1246 1614
1246 4180
2382 1939
2382 2134
2382 2351
2382 2354
2382 2371
2382 2564
2382 2574
2382 2578
2382 2600
2382 4939
3439 1447
3439 2677
3439 3182
3439 3186
3439 3233
3439 3244
3439 3247
3439 3285
3439 3297
3439 3342
3439 3351
3439 3356
3439 3361
3439 3366
3439 3370
3439 3408
3439 3423
3439 3425
3439 3434
3439 3438
3439 3446
3439 3465
3439 3775
3439 4879
849 637
849 741
849 842
849 843
849 881
849 883
849 888
849 891
849 892
849 4331
849 4851
849 4995
878 671
878 677
878 740
878 765
878 785
878 843
878 853
878 874
878 875
878 882
878 883
878 888
878 889
878 891
878 892
878 1744
878 2161
878 3959
878 4369
878 4705
1706 993
1706 1123
1706 1238
1706 1265
1706 1286
1706 1290
1706 1318
1706 1345
1706 1352
1706 1369
1706 1422
1706 1527
1706 1572
1706 1598
1706 1601
1706 1608
1706 1665
1706 1687
1706 1744
1706 1748
1706 2008
1706 2966
1706 4982
4331 1653
4331 2025
4331 3371
4331 3536
4331 3630
4331 3675
4331 3721
4331 3730
4331 3769
4331 3846
4331 3931
4331 3947
4331 3951
4331 3962
4331 4029
4331 4100
4331 4104
4331 4217
4331 4258
4331 4261
4331 4314
4331 4342
4331 4343
4331 4455
4331 4699
1450 923
1450 1145
1450 1356
1450 1392
1450 1457
1450 1460
1450 1553
1450 1660
1450 1678
1450 1684
3913 1510
3913 3549
3913 3902
3352 3175
3352 3185
3352 3276
3352 3322
3352 3344
3352 3354
3352 3366
3352 3367
3352 3437
3352 3451
3352 4148
3352 4917
1587 947
1587 1179
1587 1200
1587 1226
1587 1481
1587 1540
1587 1546
1587 1566
1587 1583
1587 1609
1587 1628
1587 1633
1587 1737
1587 2884
1587 4934
2102 2403
2102 2508
2102 2546
2102 2567
2102 2595
742 739
742 785
742 787
742 1653
2299 2222
2299 2324
2299 2440
2299 2604
2299 2617
916 1251
916 1356
916 1384
916 1448
916 4298
1479 1475
1479 1542
1479 1548
1479 1709
1203 1548
1203 1747
1203 2466
2879 2881
2879 3147
2879 3154
4244 3159
4244 3376
4244 3610
4244 3881
4244 3990
4244 4070
4244 4214
4244 4230
4244 4342
4244 4350
4244 4711
1424 1016
1424 1299
1424 1393
1424 1507
1424 1510
1424 1530
1424 1671
1424 1695
1424 3220
1424 4267
812 650
812 709
812 752
812 754
812 802
812 811
812 833
812 842
812 847
812 882
812 889
812 3465
812 4706
3974 3564
3974 3578
3974 3641
3974 4017
3974 4203
3974 4335
3974 4342
3974 4398
3974 4811
3974 4969
2118 2228
2118 2477
2118 2551
1926 1744
1926 1802
1926 1837
1926 1874
1926 1993
1926 2022
1926 2044
1926 3521
3004 2873
3004 3026
3004 3082
3004 3084
3004 3145
3004 4895
4949 643
4949 1339
4949 1550
4949 2498
4949 2551
4949 3792
4949 4421
4949 4447
4949 4534
4949 4614
4949 4623
4949 4688
4949 4692
4949 4694
4949 4713
4949 4714
4949 4772
4949 4778
4949 4815
4949 4857
4949 4860
4949 4862
4949 4864
4949 4895
4949 4899
4949 4915
4949 4921
4949 4928
4949 4966
4949 4997
3360 3404
3360 3417
3360 3423
3360 3438
3360 3446
3360 3460
3360 3465
3360 4011
4741 3383
4741 3404
4741 4850
4741 4983
4741 4995
4741 4997
4741 4999
2301 1860
2301 2562
2301 2606
2301 2615
698 831
698 847
698 4727
4648 2637
4648 2740
4648 4466
4648 4830
4648 4995
4648 4997
1177 1028
1177 1474
1177 1654
1177 1730
1177 1754
1787 1892
1787 1903
1787 1904
1787 1964
1787 2022
4070 1695
4070 3647
4070 3752
4070 3764
4070 3791
4070 3792
4070 3820
4070 3890
4070 3932
4070 3937
4070 4003
4070 4320
4999 1470
4999 1504
4999 1663
4999 2057
4999 2378
4999 2561
4999 3355
4999 3387
4999 3910
4999 4353
4999 4451
4999 4454
4999 4466
4999 4473
4999 4486
4999 4503
4999 4520
4999 4522
4999 4541
4999 4544
4999 4551
4999 4577
4999 4580
4999 4588
4999 4595
4999 4598
4999 4665
4999 4683
4999 4739
4999 4744
4999 4747
4999 4751
4999 4773
4999 4796
4999 4806
4999 4807
4999 4812
4999 4813
4999 4823
4999 4833
4999 4851
4999 4853
4999 4860
4999 4868
4999 4879
4999 4880
4999 4882
4999 4894
4999 4899
4999 4903
4999 4916
4999 4937
4999 4939
4999 4955
4999 4956
4999 4969
4999 4982
4999 4983
4999 4995
4999 4997
929 1599
929 1668
929 1758
988 1663
988 1725
988 1730
988 1747
988 4964
3430 2524
3430 3231
3430 3240
3430 3252
3430 3303
3430 3345
3430 3389
3430 3402
3430 3418
3430 3420
3430 3428
3430 3442
4899 3165
4899 3711
4899 4528
4899 4751
4899 4880
4899 4882
4899 4894
4899 4914
4899 4939
4899 4956
4899 4969
4899 4983
4899 4995
833 629
833 650
833 687
833 709
833 733
833 735
833 752
833 771
833 811
833 847
833 882
833 1628
833 3750
1690 782
1690 979
1690 1090
1690 1137
1690 1146
1690 1218
1690 1226
1690 1285
1690 1296
1690 1324
1690 1363
1690 1416
1690 1417
1690 1468
1690 1491
1690 1521
1690 1529
1690 1546
1690 1573
1690 1583
1690 1628
1690 1633
1690 1636
1690 1699
1690 1720
1690 1730
1690 1737
1690 1741
1690 2403
1690 3126
1690 3565
1690 4093
1690 4879
4849 4042
4849 4387
4849 4409
4849 4527
4849 4539
4849 4587
4849 4603
4849 4658
4849 4832
4849 4859
4849 4861
4849 4875
4849 4924
4849 4940
4852 1436
4852 3642
4852 4440
4852 4514
4852 4562
4852 4592
4852 4653
4852 4744
4852 4835
4852 4867
4852 4870
4852 4927
4852 4934
4852 4936
1577 915
1577 948
1577 1189
1577 1193
1577 1289
1577 1300
1577 1302
1577 1339
1577 1343
1577 1398
1577 1455
1577 1470
1577 1566
1577 3417
1577 4853
4250 3246
4250 3372
4250 3696
4250 3751
4250 3860
4250 3893
4250 3912
4250 4031
4250 4049
4250 4292
4250 4301
4250 4337
4250 4405
4250 4560
4474 4620
4474 4743
4474 4820
2091 2356
2091 2630
2778 2496
2778 2710
2778 2750
2778 2804
2778 2849
2778 2855
2778 2861
3180 3175
3180 3371
3180 3451
3180 3472
3180 4301
3413 707
3413 1484
3413 2210
3413 2417
3413 3181
3413 3188
3413 3221
3413 3295
3413 3319
3413 3326
3413 3332
3413 3343
3413 3347
3413 3349
3413 3357
3413 3365
3413 3427
3413 3428
3413 3431
3413 3464
1531 974
1531 1062
1531 1080
1531 1319
1531 1635
1531 1657
1531 1691
1531 1758
1531 3846
1531 4454
1544 976
1544 1063
1544 1132
1544 1337
1544 1383
1544 1540
1544 1678
1544 1684
1544 3940
1544 4029
1544 4230
4752 3799
4752 4460
4752 4555
4752 4724
4752 4735
4752 4847
4752 4879
4752 4881
4752 4901
4752 4983
1654 905
1654 992
1654 1010
1654 1043
1654 1208
1654 1431
1654 1539
1654 1556
1654 1632
1654 1656
1654 1700
1654 1702
1654 1721
1654 1725
1654 1754
1654 3580
1654 3833
2811 2441
2811 2678
2811 2744
2811 2804
2811 2843
2811 2849
2811 2855
2811 2976
2811 3207
1536 1133
1536 1166
1536 1263
1536 1282
1536 1310
1536 1326
1536 1448
1536 1469
1536 1494
1536 1509
1536 1652
1536 2430
1536 4159
1536 4668
2304 1298
2304 2408
2304 2524
2304 2534
2304 2616
2304 2646
3785 1625
3785 3809
3785 4182
3785 4297
3785 4342
932 1248
932 1406
932 1532
932 1642
1877 1911
1877 1960
1877 2025
1877 2030
1877 2031
1877 2040
2555 1955
2555 2080
2555 2082
2555 2090
2555 2095
2555 2096
2555 2099
2555 2104
2555 2133
2555 2161
2555 2170
2555 2253
2555 2374
2555 2427
2555 2516
2555 2528
2555 2634
2555 4171
3959 3509
3959 3881
3959 4238
3959 4265
3959 4367
3959 4374
1553 1007
1553 1268
1553 1344
1553 1392
1553 1474
1553 1522
1553 1589
1553 1615
1553 1678
1553 1684
1553 3655
1553 4101
3451 1252
3451 1415
3451 1520
3451 3185
3451 3187
3451 3195
3451 3205
3451 3218
3451 3219
3451 3234
3451 3242
3451 3246
3451 3256
3451 3258
3451 3268
3451 3281
3451 3292
3451 3304
3451 3314
3451 3328
3451 3367
3451 3371
3451 3378
3451 3400
3451 3401
3451 3437
3451 3472
3451 3686
3451 4238
3451 4783
3472 639
3472 1292
3472 1938
3472 2026
3472 2230
3472 2259
3472 2586
3472 2831
3472 2846
3472 2909
3472 3175
3472 3176
3472 3183
3472 3192
3472 3198
3472 3199
3472 3212
3472 3230
3472 3232
3472 3240
3472 3255
3472 3270
3472 3271
3472 3280
3472 3288
3472 3290
3472 3298
3472 3304
3472 3305
3472 3316
3472 3320
3472 3323
3472 3327
3472 3329
3472 3337
3472 3339
3472 3350
3472 3351
3472 3363
3472 3364
3472 3377
3472 3391
3472 3397
3472 3398
3472 3401
3472 3409
3472 3417
3472 3433
3472 3442
3472 3446
3472 3449
3472 3453
3472 3461
3472 3464
3472 3471
3472 3478
3472 4921
4333 1652
4333 1721
4333 1851
4333 3431
4333 3540
4333 3558
4333 3588
4333 3636
4333 3701
4333 3706
4333 3722
4333 3749
4333 3800
4333 3900
4333 3962
4333 3971
4333 3995
4333 4034
4333 4055
4333 4068
4333 4091
4333 4203
4333 4230
4333 4243
4333 4320
3629 3865
3629 4080
3629 4090
3629 4139
3629 4353
3629 4398
3052 2922
3052 2931
3052 2966
3052 2981
3052 3089
3052 3137
3052 3145
3052 4071
3195 3299
3195 3315
3195 3370
3195 3437
3636 1398
3636 4091
3636 4297
3636 4384
2328 2110
2328 2180
2328 2198
2328 2431
2328 2446
2328 2477
2328 3233
2458 879
2458 2154
2458 2158
2458 2240
2458 2451
2458 2483
2458 2493
2458 2537
2458 2556
2458 4015
3108 2835
3108 2866
3108 2940
3108 2952
3108 2972
3108 2983
3108 3021
3108 3126
3108 3129
3108 3135
3108 3437
3295 1051
3295 3305
3295 3465
2710 2748
2710 2810
2710 2844
2710 2861
4951 913
4951 1867
4951 1982
4951 2414
4951 2444
4951 3458
4951 4467
4951 4524
4951 4552
4951 4582
4951 4597
4951 4605
4951 4617
4951 4651
4951 4656
4951 4703
4951 4760
4951 4764
4951 4771
4951 4774
4951 4811
4951 4885
4951 4896
4951 4909
4951 4910
4951 4917
4951 4935
4951 4948
4951 4955
1834 2043
1834 2044
3417 1148
3417 3350
3417 3363
3417 3401
3417 3409
3417 3412
3417 3433
3417 3449
3417 3453
3417 3461
3417 3464
3417 3471
3417 4629
1592 1250
1592 1295
1592 1368
1592 1519
1592 1520
1592 1526
1592 1669
1592 1671
1592 1687
1592 1726
1592 1728
1592 3937
1592 4042
1741 1016
1741 1024
1741 1027
1741 1069
1741 1081
1741 1171
1741 1235
1741 1261
1741 1294
1741 1309
1741 1363
1741 1367
1741 1375
1741 1469
1741 1476
1741 1481
1741 1484
1741 1504
1741 1530
1741 1545
1741 1561
1741 1576
1741 1593
1741 1594
1741 1652
1741 1662
1741 1695
1741 1704
1741 1721
1741 2969
1741 3116
1741 3304
1741 3446
1741 3804
1741 3834
1741 4222
1741 4858
4204 811
4204 3944
4204 4071
4204 4191
4204 4220
4204 4312
4901 1669
4901 4410
4901 4512
4901 4530
4901 4613
4901 4644
4901 4660
4901 4706
4901 4735
4901 4766
4901 4786
4901 4847
4901 4885
4901 4983
2221 2160
2221 2202
2221 2234
2221 2269
2221 2277
2221 2619
2454 2162
2454 2286
2454 2561
2454 2591
2454 2619
2454 2630
2454 3574
2454 3633
2753 2675
2753 2760
2753 2767
2753 2802
2753 2824
2753 2827
2753 2846
4825 827
4825 4590
4825 4704
4825 4797
4825 4813
4825 4830
4825 4873
4825 4874
4825 4884
4825 4948
4825 4982
3593 3799
3593 4019
3593 4163
3593 4231
905 1236
905 1347
905 1754
905 3464
1385 1414
1385 1453
1385 1669
1385 4211
1922 1391
1922 1937
1922 1991
1922 1995
1922 2008
1922 2015
2043 1154
2043 1778
2043 1830
2043 1839
2043 1879
2043 1881
2043 1886
2043 1898
2043 1909
2043 1916
2043 1919
2043 1920
2043 1947
2043 1970
2043 1971
2043 1975
2043 1979
2043 2005
2043 2007
2043 2020
2043 2042
2043 2057
2043 2129
2043 4790
2043 4823
2043 4917
2522 1599
2522 2110
2522 2119
2522 2190
2522 2213
2522 2220
2522 2236
2522 2265
2522 2293
2522 2354
2522 2405
2522 2488
2522 2531
2522 2564
2522 2574
2522 2578
2522 3698
2810 2684
2810 2727
2810 2750
2810 2849
2810 4792
1747 755
1747 928
1747 957
1747 965
1747 1045
1747 1180
1747 1185
1747 1236
1747 1298
1747 1330
1747 1347
1747 1361
1747 1371
1747 1403
1747 1408
1747 1420
1747 1431
1747 1445
1747 1456
1747 1494
1747 1501
1747 1507
1747 1554
1747 1555
1747 1568
1747 1569
1747 1576
1747 1588
1747 1593
1747 1646
1747 1687
1747 1693
1747 1726
1747 1754
1747 2438
1747 2539
1747 2936
1747 3196
1747 3403
1747 3851
1747 4117
1747 4202
1747 4983
2508 2325
2508 2605
2508 2622
2508 2631
2508 4038
2508 4615
2392 2135
2392 2246
2392 2278
2392 2344
2392 2433
2392 2450
2392 2483
2392 2493
2392 4720
4160 2855
4160 3527
4160 3592
4160 3616
4160 3725
4160 3786
4160 3885
4160 3891
4160 3903
4160 3912
4160 3999
4160 4106
4160 4223
4160 4382
4160 4702
4160 4740
4882 4217
4882 4296
4882 4314
4882 4427
4882 4512
4882 4561
4882 4693
4882 4851
4882 4880
4882 4903
4882 4982
4882 4983
1900 1924
1900 1955
1900 1978
1900 2029
1900 2031
4029 3677
4029 3907
4029 4087
1678 626
1678 1117
1678 1141
1678 1197
1678 1220
1678 1222
1678 1363
1678 1436
1678 1457
1678 1540
1678 1571
1678 1580
1678 1625
1678 1660
1678 1684
1678 1737
1678 2634
1678 3770
1678 4198
3214 3233
3214 3367
3214 3437
3214 3447
3214 3464
3665 2339
3665 4245
782 778
782 830
782 854
782 1423
1602 1201
1602 1347
1602 1361
1602 1507
1602 1555
1602 1614
1602 1615
1602 1661
1602 1726
1602 1748
1602 3079
1602 4205
1602 4259
1748 962
1748 991
1748 1026
1748 1074
1748 1076
1748 1116
1748 1123
1748 1156
1748 1176
1748 1221
1748 1269
1748 1309
1748 1327
1748 1352
1748 1369
1748 1422
1748 1426
1748 1437
1748 1458
1748 1527
1748 1542
1748 1572
1748 1595
1748 1598
1748 1601
1748 1613
1748 1614
1748 1657
1748 1674
1748 1687
1748 1713
1748 1720
1748 1721
1748 1726
1748 1744
1748 1754
1748 1758
1748 1908
1748 2534
1748 3895
1748 3978
1748 4044
1748 4320
1748 4398
1748 4565
1748 4699
758 941
997 1539
997 1580
997 1700
997 1730
3980 1984
3980 2973
3980 3757
3980 3817
3980 4238
4438 1653
4438 4513
4438 4915
1546 892
1546 1058
1546 1238
1546 1583
1546 1609
1546 1628
1546 1699
1546 1737
2833 926
2833 1955
2833 2661
2833 2727
2833 2734
2833 2746
2833 2750
2833 2792
2833 2816
2833 2823
2833 2824
2833 2837
2833 2843
2833 2844
2833 2855
2833 2861
3032 2909
3032 2949
3032 3161
3032 4888
4257 2356
4257 3370
4257 3528
4257 3821
4257 3914
4257 3985
4257 4020
4257 4076
4257 4212
4257 4230
4257 4285
4257 4312
4257 4353
883 700
883 737
883 757
883 761
883 771
883 772
883 784
883 797
883 804
883 806
883 811
883 818
883 830
883 843
883 854
883 867
883 874
883 875
883 879
883 881
883 882
883 888
883 889
883 891
883 892
883 1688
883 2277
883 3714
1471 1002
1471 1205
1471 1383
1471 1510
1471 1668
1471 3556
1471 3934
4064 2634
4064 4205
4064 4340
4064 4350
4617 726
1533 962
1533 1077
1533 1081
1533 1200
1533 1304
1533 1493
1533 1512
1533 1517
1533 1594
1533 1655
1533 1658
3354 1513
3354 2485
3354 3233
3354 3292
3354 3315
3354 3400
3354 3437
3354 3471
3464 2030
3464 2097
3464 3176
3464 3183
3464 3209
3464 3210
3464 3230
3464 3239
3464 3240
3464 3259
3464 3280
3464 3307
3464 3308
3464 3316
3464 3328
3464 3329
3464 3338
3464 3350
3464 3351
3464 3364
3464 3367
3464 3368
3464 3378
3464 3391
3464 3398
3464 3409
3464 3418
3464 3433
3464 3437
3464 3447
3464 3449
3464 3461
3464 3471
3464 3591
3464 3594
3464 4491
3510 3508
3510 3807
3510 3920
3510 3950
3510 4129
4982 654
4982 1045
4982 1113
4982 1197
4982 2029
4982 3116
4982 4429
4982 4465
4982 4506
4982 4515
4982 4531
4982 4554
4982 4582
4982 4602
4982 4651
4982 4662
4982 4696
4982 4701
4982 4711
4982 4713
4982 4720
4982 4726
4982 4740
4982 4775
4982 4805
4982 4866
4982 4902
4982 4919
4982 4921
4982 4961
4982 4969
4982 4988
2015 765
2015 1789
2015 1860
2015 1867
2015 1913
2015 1923
2015 1993
2015 2029
2015 2044
2015 2054
2015 3122
2015 3341
2466 2093
2466 2341
2466 2398
2466 2631
2466 2634
2466 2637
2466 2765
2466 4117
2550 1384
2550 2257
2550 2442
2550 2451
2550 2517
2550 2520
2550 2529
2550 2570
2550 2611
2550 2627
2550 2634
2550 2637
2550 2643
2550 4336
2550 4863
4369 983
4369 2188
4369 2724
4369 3303
4369 3379
4369 3503
4369 3520
4369 3521
4369 3530
4369 3550
4369 3556
4369 3596
4369 3615
4369 3631
4369 3648
4369 3685
4369 3714
4369 3733
4369 3766
4369 3900
4369 3921
4369 3966
4369 4052
4369 4076
4369 4078
4369 4083
4369 4086
4369 4096
4369 4107
4369 4133
4369 4152
4369 4154
4369 4231
4369 4234
4369 4278
4369 4298
4369 4340
4369 4341
1952 1938
1952 1996
1952 2025
1952 2030
1952 2040
1952 2057
3533 4076
3533 4157
3926 1726
3926 3523
3926 3880
3926 4245
1137 846
1137 1529
1137 1566
1137 1579
2630 2070
2630 2127
2630 2175
2630 2193
2630 2201
2630 2205
2630 2212
2630 2272
2630 2289
2630 2292
2630 2325
2630 2326
2630 2330
2630 2374
2630 2387
2630 2418
2630 2427
2630 2428
2630 2464
2630 2517
2630 2539
2630 2547
2630 2580
2630 2583
2630 2608
2630 2619
2630 2855
2630 3495
2630 4149
2630 4241
2630 4613
4551 4639
4551 4726
4551 4983
4551 4997
2025 1781
2025 1809
2025 1810
2025 1841
2025 1892
2025 1921
2025 1934
2025 1955
2025 1961
2025 1981
2025 2010
2025 2017
2025 2030
2025 2056
2025 2535
2025 3891
2025 3904
2535 2128
2535 2212
2535 2395
2535 2416
2535 2470
2535 2498
2535 2561
2535 2584
2535 2600
2535 2616
2535 2619
2535 2620
2535 3625
2535 4628
3159 2507
3159 2627
3159 2867
3159 2881
3159 2882
3159 2896
3159 2905
3159 2986
3159 2998
3159 3016
3159 3034
3159 3049
3159 3056
3159 3061
3159 3076
3159 3090
3159 3099
3159 3103
3159 3121
3159 3122
3159 3128
3159 3134
3159 3146
3159 3160
3159 3161
3159 3350
3159 3546
3159 3850
3159 4382
3159 4660
3159 4797
3391 3146
3391 3332
3391 3339
3391 3376
3391 3403
3391 3433
3391 3449
3391 3461
3391 3471
3391 3776
3408 2371
3408 3077
3408 3322
3408 3334
3408 3356
3408 3362
3408 3402
3408 3404
3408 3427
3408 3434
3408 3438
3408 3446
3408 3465
967 1067
967 1133
967 1652
1642 927
1642 937
1642 1005
1642 1112
1642 1120
1642 1135
1642 1148
1642 1175
1642 1256
1642 1291
1642 1305
1642 1360
1642 1390
1642 1406
1642 1504
1642 1693
1642 2042
1642 3282
1642 3733
2196 2441
2196 2460
2196 2490
2196 2542
2196 4341
4110 3760
4110 3882
4110 3894
4110 4027
4110 4125
4110 4188
4110 4224
4110 4253
4110 4259
4110 4275
4110 4922
1283 1442
1283 1512
1283 1605
1283 1655
1283 1658
1283 3891
1948 1238
1948 1791
1948 1897
1948 2024
1948 2057
1948 4594
3022 2899
3022 3061
3022 3119
3022 3157
3022 3160
3022 3167
1399 986
1399 1083
1399 1364
1399 1483
1399 1676
1399 3100
1399 3317
2591 1269
2591 2230
2591 2243
2591 2321
2591 2347
2591 2442
2591 2443
2591 2523
2591 2529
2591 2533
2591 2553
2591 2556
2591 2583
2591 2611
2591 2634
2591 2637
2591 2643
2591 3996
2861 970
2861 1007
2861 1993
2861 2008
2861 2650
2861 2653
2861 2663
2861 2676
2861 2678
2861 2680
2861 2694
2861 2701
2861 2711
2861 2721
2861 2724
2861 2728
2861 2731
2861 2734
2861 2738
2861 2743
2861 2749
2861 2750
2861 2769
2861 2772
2861 2779
2861 2794
2861 2800
2861 2801
2861 2804
2861 2805
2861 2817
2861 2826
2861 2831
2861 2836
2861 2837
2861 2839
2861 2842
2861 2852
2861 3899
2861 3908
4940 1019
4940 2814
4940 3465
4940 4298
4940 4470
4940 4475
4940 4494
4940 4520
4940 4536
4940 4539
4940 4545
4940 4587
4940 4658
4940 4689
4940 4690
4940 4705
4940 4721
4940 4736
4940 4769
4940 4832
4940 4859
4940 4861
4940 4924
4940 4997
875 638
875 670
875 700
875 729
875 823
875 837
875 843
875 847
875 854
875 866
875 874
875 881
875 882
875 888
875 889
875 891
875 892
875 1466
875 1519
875 2388
875 3220
875 4203
1568 1078
1568 1101
1568 1181
1568 1365
1568 1394
1568 1440
1568 1507
1568 1513
1568 1554
1568 1646
1568 4191
1568 4841
2711 2671
2711 2749
2711 2844
3316 1688
3316 3259
3316 3349
3316 3357
3316 3447
3316 3461
3712 1665
3712 3853
3712 3873
3712 3875
3712 4245
4264 2403
4264 2578
4264 3435
4264 3522
4264 3811
4264 3998
4264 4122
4264 4131
4264 4165
4264 4180
4264 4202
4264 4212
4264 4267
4264 4285
4264 4304
4264 4319
4264 4490
646 811
646 847
646 2944
1229 1015
1229 1657
1229 1744
1229 1758
1229 2319
1502 1016
1502 1375
1502 1530
1502 1655
1502 1695
1502 2574
1856 1836
1856 1942
1856 2004
1856 4054
1251 1021
1251 1157
1251 1356
1251 1384
1251 1613
1251 4205
2867 3021
2867 3091
2867 3102
2867 3145
2867 3161
4605 2080
4605 4683
4605 4948
4964 690
4964 891
4964 1211
4964 2616
4964 4529
4964 4535
4964 4546
4964 4549
4964 4563
4964 4634
4964 4638
4964 4649
4964 4655
4964 4674
4964 4712
4964 4714
4964 4719
4964 4730
4964 4736
4964 4757
4964 4761
4964 4786
4964 4800
4964 4863
4964 4869
4964 4875
4964 4904
4964 4908
4964 4943
4964 4955
4353 846
4353 1274
4353 1754
4353 3504
4353 3555
4353 3632
4353 3641
4353 3683
4353 3753
4353 3819
4353 3823
4353 3828
4353 3862
4353 3865
4353 3885
4353 3925
4353 3941
4353 3953
4353 4008
4353 4011
4353 4017
4353 4084
4353 4090
4353 4104
4353 4128
4353 4151
4353 4175
4353 4203
4353 4217
4353 4241
4353 4256
4353 4275
4353 4324
4353 4335
4353 4398
4353 4844
4533 4658
4533 4914
4533 4937
1737 891
1737 902
1737 947
1737 948
1737 958
1737 1006
1737 1090
1737 1116
1737 1118
1737 1126
1737 1146
1737 1179
1737 1218
1737 1226
1737 1267
1737 1285
1737 1312
1737 1324
1737 1350
1737 1363
1737 1468
1737 1470
1737 1491
1737 1521
1737 1540
1737 1566
1737 1583
1737 1594
1737 1609
1737 1628
1737 1633
1737 1636
1737 1674
1737 1688
1737 1699
1737 1730
1737 2446
1737 2467
1737 3069
1737 3116
1737 3928
1737 4094
1737 4540
1737 4743
2104 2528
2498 1513
2498 2083
2498 2464
2498 2467
2498 2563
2498 2584
2498 2600
2498 2616
2498 2646
2498 4317
944 933
944 1572
944 2520
1699 902
1699 1006
1699 1095
1699 1118
1699 1126
1699 1149
1699 1218
1699 1267
1699 1312
1699 1324
1699 1350
1699 1440
1699 1468
1699 1521
1699 1529
1699 1566
1699 1609
1699 1632
1699 1633
1699 1636
1699 1695
1699 1832
1699 2209
1699 4335
1699 4387
1699 4908
3119 1011
3119 2903
3119 2960
3119 2992
3119 2999
3119 3024
3119 3041
3119 3059
3119 3069
3119 3077
3119 3100
3119 3117
3119 3127
3119 3130
3119 3157
3119 3160
3119 3165
3119 3167
4051 4157
4051 4241
4051 4248
4051 4305
4051 4312
1381 854
1381 1206
1381 1304
1381 1657
1381 1691
1381 4745
1728 946
1728 1088
1728 1091
1728 1155
1728 1165
1728 1199
1728 1217
1728 1244
1728 1249
1728 1310
1728 1364
1728 1414
1728 1421
1728 1446
1728 1454
1728 1463
1728 1476
1728 1480
1728 1483
1728 1492
1728 1520
1728 1526
1728 1550
1728 1573
1728 1632
1728 1644
1728 1653
1728 1671
1728 1676
1728 1685
1728 2637
1728 2799
1728 2829
1728 2849
1728 3644
1728 3738
1728 3956
1728 4116
1728 4198
1728 4213
2020 1768
2020 1855
2020 1895
2020 1903
2020 1920
2020 1951
2020 2000
2020 2008
2020 2031
2020 2044
2020 2056
2020 2411
3471 959
3471 1384
3471 2181
3471 2839
3471 3167
3471 3183
3471 3187
3471 3198
3471 3212
3471 3220
3471 3231
3471 3240
3471 3248
3471 3255
3471 3264
3471 3268
3471 3270
3471 3271
3471 3280
3471 3288
3471 3298
3471 3304
3471 3305
3471 3308
3471 3323
3471 3329
3471 3335
3471 3339
3471 3343
3471 3350
3471 3351
3471 3355
3471 3363
3471 3364
3471 3376
3471 3378
3471 3392
3471 3398
3471 3409
3471 3433
3471 3447
3471 3449
3471 3453
3471 3461
3471 3884
3471 4718
3471 4887
3471 4914
938 1713
938 1720
938 3117
2667 2658
2667 2752
2667 2767
2667 2799
4848 1625
4848 4413
4848 4414
4848 4567
4848 4685
4848 4687
4848 4729
4848 4737
4848 4747
4848 4791
4848 4835
4848 4877
4848 4879
4848 4888
4848 4919
1561 1080
1561 1173
1561 1235
1561 1257
1561 1367
1561 1469
1561 1501
1561 1545
1561 1656
1561 1700
1561 4644
4320 1547
4320 2037
4320 3540
4320 3588
4320 3628
4320 3652
4320 3701
4320 3749
4320 3837
4320 3867
4320 3884
4320 3902
4320 3910
4320 3971
4320 3995
4320 4034
4320 4068
4320 4091
4320 4092
4320 4192
4320 4226
4320 4292
4320 4296
4320 4298
4320 4382
4320 4738
4923 1208
4923 1744
4923 3977
4923 4340
4923 4415
4923 4461
4923 4501
4923 4527
4923 4607
4923 4707
4923 4709
4923 4746
4923 4809
4923 4866
4923 4876
4923 4897
4923 4904
4923 4922
4923 4937
4923 4965
889 662
889 691
889 696
889 699
889 700
889 762
889 776
889 818
889 819
889 822
889 831
889 842
889 846
889 853
889 854
889 860
889 866
889 874
889 881
889 882
889 888
889 891
889 892
889 1207
889 1695
889 2019
889 2332
889 2558
889 4833
889 4840
889 4842
3934 4033
3934 4108
3934 4156
3934 4169
3934 4196
3934 4323
4654 947
4654 4559
4654 4629
4654 4761
4654 4823
4654 4841
846 655
846 710
846 717
846 776
846 781
846 804
846 806
846 823
846 848
846 860
846 891
846 1758
846 1868
846 4145
1020 1081
1020 1170
1020 1249
1020 1643
1020 1662
1322 1371
1322 1601
1322 4398
1886 1797
1886 1910
1886 1918
1886 1919
1886 2007
1886 2042
2186 2631
2186 3971
2780 2131
2780 2657
2780 2803
2780 2824
2780 2835
2780 2843
2780 2855
4902 1089
4902 4253
4902 4409
4902 4531
4902 4543
4902 4709
4902 4722
4902 4724
4902 4725
4902 4774
4902 4847
4902 4961
4902 4969
4902 4988
1515 1231
1515 1242
1515 1316
1515 1338
1515 1528
1515 1572
1515 1691
1515 1758
1515 2218
3030 2037
3030 2979
3030 3007
3030 3069
3030 3160
3030 3165
3658 2746
3658 4049
3658 4118
3658 4136
3658 4141
1439 1373
1439 1485
1439 1556
1439 1632
1439 1661
1439 1663
1439 1730
1439 4090
1485 1199
1485 1605
1485 1702
1485 1721
1485 1754
1485 2963
1951 1663
1951 1780
1951 1897
1951 1986
1951 2037
1951 2044
1951 2056
2611 1565
2611 1754
2611 2068
2611 2129
2611 2143
2611 2172
2611 2200
2611 2252
2611 2267
2611 2276
2611 2290
2611 2430
2611 2433
2611 2457
2611 2503
2611 2517
2611 2529
2611 2542
2611 2553
2611 2556
2611 2584
2611 2595
2611 2627
2611 2634
2611 2643
2611 2768
2611 3062
2611 3527
2611 3624
2611 3877
2564 2154
2564 2164
2564 2220
2564 2256
2564 2354
2564 2355
2564 2371
2564 2404
2564 2405
2564 2411
2564 2488
2564 2500
2564 2531
2564 2574
2564 2578
2564 2690
2564 2852
2564 4800
4350 815
4350 1579
4350 1661
4350 1770
4350 3338
4350 3465
4350 3496
4350 3534
4350 3575
4350 3638
4350 3643
4350 3678
4350 3720
4350 3753
4350 3793
4350 3808
4350 3810
4350 3819
4350 3864
4350 3881
4350 3908
4350 4004
4350 4104
4350 4120
4350 4134
4350 4163
4350 4214
4350 4343
4350 4361
4681 4876
4681 4896
4681 4910
4877 2455
4877 3137
4877 4414
4877 4435
4877 4496
4877 4505
4877 4537
4877 4626
4877 4663
4877 4718
4877 4737
4877 4791
4877 4835
4877 4879
4877 4880
4877 4888
4877 4908
4877 4919
1866 1860
1866 1970
1866 2042
1866 3888
2843 892
2843 2679
2843 2716
2843 2736
2843 2741
2843 2769
2843 2771
2843 2774
2843 2775
2843 2777
2843 2786
2843 2792
2843 2814
2843 2817
2843 2823
2843 2835
2843 2837
2843 2839
2843 2844
2843 2849
2843 3120
2843 4910
3449 2453
3449 2631
3449 2802
3449 3217
3449 3224
3449 3237
3449 3298
3449 3308
3449 3329
3449 3337
3449 3361
3449 3363
3449 3364
3449 3373
3449 3378
3449 3397
3449 3409
3449 3425
3449 3433
3449 3442
3449 3447
3449 3461
3449 4374
3449 4674
4007 2131
4007 3684
4007 3874
4007 4317
4007 4405
4063 1026
4063 1454
4063 3615
4063 3756
4063 3760
4063 4027
4063 4125
4063 4259
4063 4275
4063 4382
2836 1287
2836 1700
2836 1849
2836 2732
2836 2758
2836 2760
2836 2761
2836 2777
2836 2779
2836 2792
2836 2803
2836 2805
2836 2809
2836 2816
2836 2837
2836 2839
2836 2849
2836 2855
2836 3327
2836 4419
2836 4761
4194 1406
4194 1687
4194 3832
4194 3944
4194 4022
4194 4037
4194 4202
4194 4213
4194 4301
4194 4314
4194 4337
4194 4366
4194 4382
4850 4600
4850 4683
4850 4738
4850 4831
4850 4885
4850 4903
4850 4983
4850 4997
3135 2024
3135 2899
3135 2936
3135 2940
3135 2952
3135 2972
3135 2974
3135 2980
3135 2983
3135 3021
3135 3040
3135 3045
3135 3048
3135 3059
3135 3076
3135 3079
3135 3126
3135 4729
3135 4831
3135 4956
1033 993
1033 1601
1033 1665
1033 1744
2615 683
2615 2081
2615 2093
2615 2126
2615 2156
2615 2168
2615 2203
2615 2223
2615 2262
2615 2267
2615 2271
2615 2283
2615 2297
2615 2319
2615 2394
2615 2413
2615 2417
2615 2472
2615 2484
2615 2492
2615 2496
2615 2513
2615 2523
2615 2532
2615 2558
2615 2574
2615 2600
2615 2606
2615 4111
2615 4802
2615 4915
3963 4156
3963 4196
3963 4267
3963 4291
3963 4323
3963 4806
4182 1671
4182 3617
4182 3674
4182 3737
4182 3774
4182 3992
4182 3996
4182 4081
4182 4133
4182 4226
4182 4297
4182 4323
4182 4956
4182 4988
874 634
874 649
874 673
874 685
874 715
874 806
874 814
874 831
874 843
874 850
874 879
874 881
874 882
874 888
874 892
874 2044
874 2442
874 4275
2054 1769
2054 1784
2054 1790
2054 1802
2054 1803
2054 1835
2054 1839
2054 1840
2054 1844
2054 1846
2054 1852
2054 1859
2054 1884
2054 1887
2054 1888
2054 1896
2054 1898
2054 1906
2054 1930
2054 1934
2054 1945
2054 1946
2054 1954
2054 1961
2054 1983
2054 1985
2054 2024
2054 2026
2054 2031
2054 2057
2054 2503
2054 3909
2054 4192
2054 4222
2054 4256
2054 4512
2054 4861
2584 2174
2584 2241
2584 2321
2584 2342
2584 2387
2584 2580
2584 2600
2584 2616
2584 3178
2584 4076
4027 3542
4027 3695
4027 4096
4027 4125
4027 4188
4027 4224
4027 4259
4027 4275
854 733
854 780
854 831
854 842
854 850
854 881
854 882
854 888
854 891
854 892
854 1338
854 3361
854 4922
2455 2547
2455 2595
2455 2605
2455 2622
2455 2631
2455 3807
2733 2682
2733 2761
2733 2852
2786 2699
2786 2763
2786 2801
2786 2849
2786 2855
2786 3604
2786 3707
2786 4141
3182 1859
3182 3293
4176 2992
4176 3806
4176 3898
4176 4212
4176 4238
4176 4361
4176 4387
4176 4866
2918 2562
2918 2954
2918 3157
2918 3165
2918 3167
3460 1744
3460 2010
3460 2655
3460 3191
3460 3203
3460 3215
3460 3216
3460 3226
3460 3245
3460 3252
3460 3260
3460 3272
3460 3274
3460 3299
3460 3306
3460 3307
3460 3317
3460 3319
3460 3321
3460 3327
3460 3331
3460 3342
3460 3344
3460 3373
3460 3379
3460 3387
3460 3393
3460 3394
3460 3397
3460 3403
3460 3405
3460 3406
3460 3424
3460 3431
3460 3435
3460 3458
3460 3465
3460 3703
3460 3777
3460 4009
3460 4576
3460 4887
4041 1507
4041 3479
4041 3996
4041 4081
4041 4088
4041 4226
4041 4297
4689 3034
4689 4374
4689 4475
4689 4494
4689 4736
4689 4815
4689 4859
4689 4924
1078 891
1078 1646
1078 1658
1431 1327
1431 1329
1431 1646
1431 1693
1431 1726
1685 917
1685 1013
1685 1119
1685 1128
1685 1167
1685 1237
1685 1259
1685 1308
1685 1328
1685 1345
1685 1355
1685 1365
1685 1394
1685 1415
1685 1461
1685 1571
1685 1608
1685 1615
1685 1659
1685 1688
1685 1720
1685 2470
1685 3418
1685 4860
2493 1979
2493 2092
2493 2240
2493 2293
2493 2296
2493 2344
2493 2450
2493 2451
2493 2483
2493 2537
2493 2849
2493 4086
3912 1593
3912 3587
3912 3999
3912 4042
3912 4106
3912 4223
3154 1287
3154 1671
3154 1969
3154 2875
3154 2953
3154 2954
3154 2961
3154 2982
3154 2991
3154 2994
3154 3000
3154 3041
3154 3051
3154 3053
3154 3063
3154 3068
3154 3079
3154 3083
3154 3086
3154 3090
3154 3092
3154 3098
3154 3099
3154 3102
3154 3104
3154 3134
3154 3147
3154 3157
3154 3281
3154 3908
3346 1168
3346 1370
3346 3312
3346 3355
3346 3375
3346 3377
3346 3392
3346 3424
3346 3453
4046 2457
4046 2866
4046 4120
4499 4629
4499 4895
4499 4966
4499 4997
4928 1468
4928 2600
4928 4180
4928 4444
4928 4489
4928 4662
4928 4677
4928 4684
4928 4688
4928 4694
4928 4738
4928 4746
4928 4800
4928 4815
4928 4826
4928 4842
4928 4857
4928 4864
4928 4895
4928 4921
2774 1815
2774 1905
2774 2670
2774 2679
2774 2721
2774 2751
2774 2755
2774 2758
2774 2772
2774 2826
2774 2852
3174 3420
3174 3425
3174 3787
4066 3759
4066 4004
4066 4049
4066 4118
4066 4120
4066 4136
4066 4141
4066 4197
866 705
866 715
866 724
866 745
866 767
866 799
866 819
866 829
866 837
866 850
866 853
866 867
866 871
866 879
866 881
866 888
866 2307
866 3838
866 4305
866 4887
1789 1984
1789 2050
1789 3898
3349 3249
3349 3332
3349 3427
4732 2619
4732 4662
4732 4876
4732 4878
4732 4914
4732 4922
4732 4965
2751 2741
2751 2772
2751 2788
2751 2800
3995 3701
3995 3884
3995 3990
3995 4035
3995 4136
3995 4427
4036 3493
4036 4139
4036 4366
4036 4367
4036 4384
4248 1206
4248 3420
4248 3773
4248 3983
4248 4140
4248 4141
4248 4177
4248 4216
4248 4241
4248 4312
4248 4384
4922 4340
4922 4361
4922 4527
4922 4665
4922 4790
4922 4806
4922 4809
4922 4835
4922 4839
4922 4876
4922 4904
4922 4914
4922 4921
4922 4937
4922 4965
871 647
871 667
871 705
871 713
871 718
871 736
871 748
871 786
871 804
871 815
871 819
871 829
871 837
871 850
871 853
871 867
871 879
871 891
871 2556
871 2702
1909 1851
1909 1868
1909 1876
1909 1903
1909 1919
1909 2004
1909 2042
1909 2507
2136 2358
2136 2605
2136 2631
2151 2459
2151 2556
2151 2849
4955 1222
4955 2511
4955 2835
4955 3181
4955 4103
4955 4324
4955 4341
4955 4535
4955 4546
4955 4563
4955 4581
4955 4634
4955 4638
4955 4649
4955 4655
4955 4674
4955 4712
4955 4714
4955 4719
4955 4730
4955 4734
4955 4757
4955 4789
4955 4800
4955 4851
4955 4869
4955 4873
4955 4875
4955 4908
4955 4943
4955 4983
930 1674
930 1758
1980 1334
1980 1832
1980 1862
1980 1881
1980 1962
1980 1993
1980 2005
1980 2019
1980 2029
1980 2050
1980 2924
2367 2115
2367 2204
2367 2414
2367 2456
2367 2461
2367 2495
2367 2500
2367 2567
4550 4613
4550 4649
4550 4711
4550 4819
4657 4412
4657 4870
4657 4934
4657 4936
3160 1709
3160 1767
3160 2271
3160 2556
3160 2886
3160 2887
3160 2893
3160 2897
3160 2898
3160 2925
3160 2929
3160 2960
3160 2962
3160 2969
3160 2979
3160 2992
3160 3010
3160 3014
3160 3023
3160 3024
3160 3026
3160 3035
3160 3039
3160 3044
3160 3061
3160 3069
3160 3077
3160 3081
3160 3100
3160 3117
3160 3127
3160 3157
3160 3165
3160 3167
3160 3731
3160 3920
3160 4324
3160 4382
3308 2547
3308 3322
3308 3447
3308 3679
3555 3819
3555 4080
3555 4100
3555 4256
3555 4398
3736 3819
3736 4080
3736 4335
3736 4398
4190 1754
4190 3939
4190 4195
4190 4196
4190 4197
4190 4337
4190 4382
4278 1513
4278 1632
4278 1720
4278 2501
4278 3480
4278 3550
4278 3733
4278 3766
4278 3900
4278 4096
4278 4133
4278 4140
4278 4152
4278 4234
4278 4276
4278 4298
4278 4340
4278 4341
4278 4405
4884 2230
4884 2509
4884 2570
4884 4408
4884 4564
4884 4671
4884 4704
4884 4748
4884 4797
4884 4830
4884 4836
4884 4838
4884 4874
4884 4903
4884 4944
4884 4961
1504 983
1504 1035
1504 1086
1504 1107
1504 1201
1504 1280
1504 4203
2972 1254
2972 2901
2972 3048
2972 3109
3062 630
3062 2936
3062 2988
3062 3031
3062 3056
3062 3106
3062 3129
3062 3130
4012 2322
4012 3412
4012 3498
4012 3806
4012 3839
4012 3943
4012 4038
4012 4095
4012 4240
4012 4398
2752 1367
2752 2725
2752 2767
2752 2781
2752 2831
2752 2846
4739 1210
4739 4471
4739 4698
4739 4880
4739 4910
4739 4983
4739 4995
4919 733
4919 1062
4919 4414
4919 4495
4919 4496
4919 4505
4919 4518
4919 4537
4919 4593
4919 4663
4919 4685
4919 4687
4919 4703
4919 4718
4919 4729
4919 4737
4919 4747
4919 4749
4919 4775
4919 4835
4919 4837
4919 4879
4919 4888
4919 4897
1605 1068
1605 1193
1605 1209
1605 1274
1605 1394
1605 1423
1605 1466
1605 1473
1605 1493
1605 1512
1605 1517
1605 1519
1605 1655
1605 1658
1605 1669
1605 2283
1605 2731
1605 2829
4037 3112
4037 3335
4037 3794
4037 4336
4037 4382
1636 958
1636 1179
1636 1267
1636 1286
1636 1312
1636 1388
1636 1491
1636 1509
1636 1529
1636 1566
1636 1583
1636 1628
1636 1633
1636 4093
1636 4138
3005 2849
3005 2927
3005 2980
3005 3016
3005 3071
3005 3123
3005 3127
3315 3268
3315 3322
3315 3400
3315 3401
3315 3437
3461 717
3461 1205
3461 1658
3461 2007
3461 2666
3461 3068
3461 3199
3461 3231
3461 3248
3461 3260
3461 3271
3461 3288
3461 3305
3461 3320
3461 3323
3461 3329
3461 3337
3461 3339
3461 3351
3461 3367
3461 3371
3461 3378
3461 3384
3461 3398
3461 3409
3461 3433
3461 3446
3461 3447
3461 3458
3461 4172
3461 4361
3461 4838
1087 1021
1087 1302
1087 1351
1087 1448
1087 1656
1141 1160
1141 1669
1141 2657
1540 991
1540 1063
1540 1357
1540 1660
1540 1684
1540 2556
1540 2583
1540 3434
1662 925
1662 950
1662 1027
1662 1053
1662 1225
1662 1334
1662 1481
1662 1484
1662 1576
1662 1643
1662 1688
1662 1695
1662 1704
1662 3811
1662 4384
1662 4644
2040 1781
2040 1810
2040 1840
2040 1891
2040 1892
2040 1898
2040 1918
2040 1921
2040 1923
2040 1934
2040 1938
2040 1960
2040 1979
2040 1981
2040 1984
2040 1993
2040 2010
2040 2017
2040 2030
2040 2056
2040 2920
2040 3911
2040 3996
2040 4164
2040 4875
3545 1676
3545 3857
4914 2460
4914 2705
4914 3700
4914 4538
4914 4572
4914 4707
4914 4740
4914 4756
4914 4806
4914 4839
4914 4904
4914 4937
4914 4965
4914 4995
632 781
632 814
632 860
2503 2122
2503 2241
2503 2247
2503 2616
2503 2620
2563 1193
2563 2185
2563 2212
2563 2215
2563 2225
2563 2267
2563 2379
2563 2457
2563 2494
2563 2524
2563 2561
2563 2616
2563 2620
2563 2631
2563 2646
2563 3496
2563 3654
2563 4879
2567 1230
2567 2005
2567 2100
2567 2123
2567 2181
2567 2217
2567 2238
2567 2270
2567 2361
2567 2364
2567 2370
2567 2403
2567 2449
2567 2511
2567 2546
2567 2595
2567 2634
2567 2823
2567 2970
3061 3069
3061 3117
3061 3157
3061 3165
3061 3167
4594 4728
4594 4813
4594 4988
853 668
853 690
853 724
853 736
853 747
853 748
853 815
853 819
853 837
853 850
853 867
853 879
853 1134
853 1808
853 1824
853 3167
1628 780
1628 794
1628 892
1628 1116
1628 1341
1628 1350
1628 1468
1628 1491
1628 1521
1628 1566
1628 1569
1628 1583
1628 1609
1628 2771
2323 2259
2323 2379
2323 2403
2323 2419
2323 2441
2323 2460
2323 2482
2323 2490
2418 882
2418 2067
2418 2438
2418 2537
2418 2544
2418 3675
2637 2029
2637 2056
2637 2100
2637 2105
2637 2108
2637 2205
2637 2243
2637 2252
2637 2267
2637 2268
2637 2295
2637 2311
2637 2313
2637 2318
2637 2345
2637 2349
2637 2398
2637 2404
2637 2442
2637 2451
2637 2479
2637 2519
2637 2529
2637 2530
2637 2534
2637 2542
2637 2547
2637 2553
2637 2583
2637 2617
2637 2627
2637 2631
2637 2634
2637 2643
2637 2646
2637 3438
2637 4324
2637 4599
3053 2926
3053 2940
3053 3059
3053 3076
3053 3126
3053 4240
1084 1442
1084 1481
1084 1545
1084 4131
1991 1895
1991 1913
1991 1924
1991 1947
1991 2011
1991 2030
1991 2031
1991 2044
1991 3810
1991 4748
2208 2396
2208 2534
2208 2539
2262 2513
2262 2562
2262 2606
2262 4702
830 692
830 722
830 763
830 778
830 794
830 842
830 879
1221 1143
1221 1160
1221 1744
1221 4086
1633 951
1633 982
1633 1363
1633 1468
1633 1521
1633 1566
1633 1583
1633 1609
1633 4031
1633 4876
2030 1809
2030 1830
2030 1840
2030 1892
2030 1908
2030 1921
2030 1923
2030 1955
2030 1960
2030 1970
2030 1981
2030 2010
2030 2017
2030 2622
2030 2895
1940 1872
1940 1915
1940 1919
2026 740
2026 1846
2026 1882
2026 1884
2026 1983
2026 2004
2026 2023
2026 2050
2026 4983
2608 1528
2608 1660
2608 1758
2608 2213
2608 2215
2608 2218
2608 2228
2608 2230
2608 2233
2608 2272
2608 2306
2608 2358
2608 2374
2608 2395
2608 2417
2608 2438
2608 2462
2608 2464
2608 2509
2608 2530
2608 2539
2608 2547
2608 2619
2608 2646
2608 4631
2608 4937
3412 740
3412 1185
3412 3170
3412 3173
3412 3201
3412 3235
3412 3249
3412 3265
3412 3320
3412 3326
3412 3338
3412 3340
3412 3343
3412 3347
3412 3427
3412 3431
4008 829
4008 3955
4008 4071
4008 4148
4008 4175
4008 4398
2362 2485
2362 2486
2362 2544
2362 2570
2362 2586
2362 4813
2631 881
2631 1248
2631 2076
2631 2087
2631 2109
2631 2115
2631 2131
2631 2169
2631 2207
2631 2209
2631 2245
2631 2260
2631 2266
2631 2302
2631 2308
2631 2344
2631 2359
2631 2376
2631 2381
2631 2423
2631 2428
2631 2437
2631 2462
2631 2501
2631 2537
2631 2605
2631 2606
2631 2622
2631 2646
2631 3121
2631 3189
2631 3393
2631 3488
2631 4700
2631 4897
2631 4916
3134 2765
3134 2917
3134 2958
3134 2961
3134 2964
3134 2982
3134 2991
3134 3000
3134 3051
3134 3063
3134 3068
3134 3079
3134 3088
3134 3090
3134 3092
3134 3099
3134 3104
3134 3147
3134 3885
4141 3512
4141 3565
4141 3759
4141 4004
4141 4049
4141 4118
4141 4136
4603 4411
4603 4536
4603 4600
4603 4859
4603 4861
1076 1218
1076 1598
1632 1195
1632 1243
1632 1530
1632 1539
1632 1607
1632 1700
1632 1721
1632 1730
1632 1754
1632 2576
1632 4195
2339 2510
2339 2605
2339 2622
2339 3145
2368 2315
2368 2387
2368 2416
2368 2620
2368 2646
3620 3635
4910 1345
4910 3072
4910 4593
4910 4736
4910 4764
4910 4774
4910 4885
4910 4896
4910 4909
4910 4917
4910 4935
4910 4948
1139 1562
1139 1758
1429 992
1429 1105
1429 1481
1429 1566
3887 2829
3887 4215
3887 4366
4156 1569
4156 2899
4156 3670
4156 3703
4156 3877
4156 3978
4156 4169
4156 4196
4156 4291
4156 4323
4196 3818
4196 3900
4196 3978
4196 4169
4196 4212
4196 4253
4196 4291
4196 4323
4196 4820
633 674
1075 1687
1075 1744
1075 4590
1236 1256
1236 1299
1236 1556
1236 1607
1236 1702
1236 1754
2370 1891
2370 1913
2370 2216
2370 2403
2370 2449
2370 2561
2370 2595
3549 2143
3549 4366
3549 4384
4623 4387
4623 4421
4623 4483
4623 4568
4623 4815
4623 4826
4623 4966
888 626
888 636
888 652
888 757
888 761
888 771
888 777
888 801
888 805
888 810
888 814
888 829
888 842
888 843
888 848
888 881
888 882
888 891
888 892
888 1458
888 2319
888 3171
888 3490
888 3857
888 4842
1253 1517
1253 1556
1253 1612
1253 1721
1253 1730
1253 1754
1253 3371
1456 1114
1456 1117
1456 1199
1456 1206
1456 1432
1456 2562
1456 4988
2578 2119
2578 2154
2578 2164
2578 2265
2578 2266
2578 2293
2578 2354
2578 2355
2578 2358
2578 2371
2578 2405
2578 2411
2578 2417
2578 2431
2578 2488
2578 2531
2578 2574
2578 4104
2578 4134
2578 4314
3299 1480
3299 3307
3299 3329
3299 3379
3299 3406
3299 3435
3299 3458
4223 3527
4223 3592
4223 3623
4223 3700
4223 3711
4223 3725
4223 3750
4223 3885
4223 3891
4223 3903
4223 4054
4223 4106
4223 4880
4223 4956
4223 4966
4361 1230
4361 3014
4361 3018
4361 3487
4361 3530
4361 3614
4361 3969
4361 3997
4361 4009
4361 4062
4361 4138
4361 4145
4361 4150
4361 4164
4361 4167
4361 4172
4361 4216
4361 4220
4361 4231
4361 4296
4361 4315
4361 4387
4361 4988
4502 4591
4502 4761
4502 4823
4574 4692
4574 4769
4574 4867
4574 4881
4574 4934
4574 4936
4574 4937
4936 1660
4936 1984
4936 2620
4936 3092
4936 4452
4936 4513
4936 4565
4936 4580
4936 4602
4936 4646
4936 4660
4936 4673
4936 4769
4936 4770
4936 4779
4936 4802
4936 4817
4936 4867
4936 4881
4936 4897
4936 4927
1494 911
1494 1151
1494 1166
1494 1243
1494 1263
1494 1326
1494 1331
1494 1652
1494 1674
1494 2360
1494 3017
2274 2511
2274 2595
3401 2516
3401 2627
3401 3175
3401 3197
3401 3219
3401 3233
3401 3239
3401 3246
3401 3314
3401 3322
3401 3394
3401 3437
3611 4366
3611 4384
3737 3877
3737 4116
3737 4226
3737 4297
4133 1674
4133 4083
4133 4115
4133 4150
4133 4298
4133 4341
4133 4903
4213 4088
4213 4195
4213 4197
4213 4314
4213 4336
4213 4337
4213 4367
4213 4382
4997 961
4997 2390
4997 2616
4997 2772
4997 2892
4997 3161
4997 3175
4997 3306
4997 3423
4997 3732
4997 4212
4997 4411
4997 4415
4997 4429
4997 4451
4997 4466
4997 4471
4997 4472
4997 4481
4997 4504
4997 4509
4997 4513
4997 4520
4997 4525
4997 4580
4997 4581
4997 4644
4997 4668
4997 4683
4997 4702
4997 4744
4997 4751
4997 4773
4997 4792
4997 4796
4997 4807
4997 4812
4997 4818
4997 4831
4997 4834
4997 4851
4997 4860
4997 4894
4997 4895
4997 4903
4997 4916
4997 4937
4997 4939
4997 4956
4997 4966
4997 4983
4997 4995
1285 1209
1285 1347
1285 1363
1285 1491
1285 1609
1285 4983
2177 2224
2177 2539
2177 2576
2250 1556
2250 2341
2250 2446
2250 2477
3069 3117
3069 3127
3069 3157
3069 3167
3453 891
3453 1323
3453 2430
3453 3188
3453 3196
3453 3206
3453 3241
3453 3273
3453 3274
3453 3287
3453 3290
3453 3294
3453 3310
3453 3341
3453 3344
3453 3345
3453 3355
3453 3362
3453 3375
3453 3376
3453 3377
3453 3383
3453 3392
3453 3397
3453 3458
3453 3617
3453 4115
3453 4874
4662 4715
4662 4815
4662 4915
4838 860
4838 4212
4838 4408
4838 4604
4838 4671
4838 4699
4838 4748
4838 4797
4838 4813
4838 4916
4838 4944
624 763
624 778
624 2028
624 4633
763 797
763 881
763 3716
763 3819
778 636
2028 1225
2028 1808
2028 1827
2028 1862
2028 1875
2028 1879
2028 1911
2028 1917
2028 1927
2028 1942
2028 1962
2028 1990
2028 2011
2028 2019
2028 2029
2028 2050
2028 2619
2028 2643
4633 3843
4633 4461
4633 4514
4633 4935
625 847
625 848
847 629
847 650
847 682
847 701
847 733
847 752
847 756
847 771
847 802
847 811
847 881
847 891
847 2007
847 3225
847 3982
848 655
848 671
848 679
848 737
848 753
848 774
848 790
848 806
848 823
848 860
848 891
848 2517
848 3758
626 634
626 759
626 762
626 801
634 656
634 661
634 714
634 719
634 4148
759 627
759 656
759 661
759 719
759 750
759 801
759 892
759 2835
759 3230
762 891
762 892
762 2000
762 2016
762 3165
801 627
801 656
801 661
801 711
801 714
801 719
801 750
627 711
627 748
627 750
627 831
627 4858
711 714
711 750
711 891
711 4761
748 799
748 879
748 4384
750 661
750 719
750 891
750 4405
750 4894
831 714
831 761
831 815
831 842
831 882
831 891
831 1088
831 4040
4858 4003
4858 4486
4858 4702
4858 4745
4858 4794
4858 4895
4858 4961
4858 4988
628 891
628 3406
891 688
891 700
891 713
891 730
891 797
891 809
891 810
891 814
891 819
891 842
891 850
891 881
891 882
891 892
891 1521
891 1599
891 2245
891 3657
891 4212
891 4405
891 4693
3406 2447
3406 2933
3406 3204
3406 3205
3406 3272
3406 3279
3406 3317
3406 3319
3406 3327
3406 3365
3406 3373
3406 3387
3406 3405
3406 3424
629 694
629 4087
694 776
694 1095
694 2111
4087 1527
4087 3951
4087 3962
4087 4101
4087 4336
4087 4342
4087 4343
630 892
630 4167
892 631
892 636
892 652
892 684
892 686
892 699
892 703
892 708
892 712
892 730
892 731
892 735
892 756
892 757
892 761
892 772
892 809
892 810
892 814
892 818
892 823
892 829
892 842
892 881
892 882
892 1377
892 1608
892 2311
892 2330
892 2849
892 3098
892 3126
892 3146
892 3325
892 4948
4167 3099
4167 3272
4167 3588
4167 3604
4167 3686
4167 4315
4167 4387
631 882
631 1406
631 1420
882 685
882 690
882 740
882 756
882 802
882 822
882 842
882 867
882 881
882 1360
882 1550
882 2281
882 2338
882 2533
882 3484
882 4077
1406 1005
1406 1119
1406 1305
1406 1330
1406 1532
1420 1445
1420 2135
1420 4934
781 746
781 4876
814 827
814 1268
814 3614
814 3666
814 4106
860 639
860 677
860 704
860 731
860 741
860 749
860 790
860 804
860 806
860 807
860 842
860 3055
860 4165
860 4197
860 4382
674 794
656 714
656 2600
714 2855
719 700
719 707
719 4105
4148 2311
4148 3479
4148 3813
4148 3865
4148 4011
4148 4090
4148 4256
4148 4324
4148 4335
4148 4398
4148 4747
867 673
867 705
867 736
867 765
867 767
867 799
867 805
867 810
867 815
867 829
867 837
867 850
867 879
867 2356
867 3146
867 3328
879 647
879 667
879 668
879 688
879 705
879 715
879 724
879 726
879 736
879 745
879 786
879 799
879 819
879 829
879 837
879 843
879 850
879 2022
879 3083
879 3900
879 3924
879 4844
637 802
802 754
802 772
802 811
802 1093
802 2586
802 3485
639 807
807 655
807 823
807 951
807 2743
640 770
640 822
640 827
640 3744
640 4091
770 658
770 669
770 822
770 827
770 3092
822 644
822 658
822 669
822 693
822 703
822 766
822 780
822 827
822 3294
822 4366
822 4749
827 643
827 669
827 693
827 703
827 766
827 780
827 2073
827 2191
3744 4169
3744 4291
3744 4323
4091 1566
4091 1883
4091 3940
4091 4092
4091 4143
641 739
641 755
641 4069
739 755
739 764
739 787
755 644
755 764
755 785
755 803
755 1135
4069 3525
4069 3780
4069 3797
4069 3847
4069 3919
4069 3956
4069 4283
4069 4291
803 657
803 681
803 764
803 772
803 784
803 785
803 2384
643 1215
1215 1476
1215 4457
644 703
644 3513
703 766
703 780
3513 4034
645 785
645 4259
645 4823
785 764
785 787
785 4384
4259 1031
4259 3012
4259 3538
4259 3563
4259 3663
4259 3695
4259 3705
4259 3713
4259 3756
4259 3760
4259 3836
4259 3894
4259 4022
4259 4125
4259 4188
4259 4224
4259 4275
4259 4785
4823 3935
4823 4425
4823 4558
4823 4561
4823 4581
4823 4629
4823 4719
4823 4761
4823 4785
4823 4841
811 670
811 709
811 735
811 740
811 771
811 4821
2944 3146
647 843
647 3103
843 676
843 704
843 881
843 4203
843 4629
3103 2256
3103 2979
3103 3090
3103 3121
3103 3128
3103 4081
682 3668
2749 2779
2749 2799
2749 2826
2749 2842
2749 2855
649 1655
649 2868
1655 1193
1655 1233
1655 1304
1655 1423
1655 1442
1655 1459
1655 1463
1655 1466
1655 1517
1655 1519
1655 1521
1655 1658
1655 2507
1655 3853
1655 4243
1655 4341
2868 3071
2868 3109
2868 3120
2868 3123
650 2646
2646 717
2646 796
2646 819
2646 1299
2646 1813
2646 2029
2646 2073
2646 2090
2646 2105
2646 2116
2646 2122
2646 2132
2646 2145
2646 2174
2646 2178
2646 2179
2646 2191
2646 2201
2646 2216
2646 2220
2646 2279
2646 2303
2646 2315
2646 2316
2646 2320
2646 2335
2646 2341
2646 2342
2646 2343
2646 2351
2646 2352
2646 2356
2646 2428
2646 2443
2646 2452
2646 2457
2646 2470
2646 2472
2646 2491
2646 2494
2646 2510
2646 2520
2646 2524
2646 2561
2646 2562
2646 2600
2646 2616
2646 2620
2646 2643
2646 2759
2646 3081
651 662
651 794
651 4340
651 4939
662 2619
794 1423
4340 1128
4340 2526
4340 3503
4340 3520
4340 3624
4340 3666
4340 3733
4340 3743
4340 3765
4340 3766
4340 4052
4340 4073
4340 4078
4340 4083
4340 4096
4340 4152
4340 4154
4340 4173
4340 4234
4340 4243
4340 4298
4340 4341
4340 4541
4340 4721
4939 810
4939 1528
4939 2486
4939 2979
4939 3766
4939 4001
4939 4411
4939 4457
4939 4552
4939 4665
4939 4668
4939 4687
4939 4702
4939 4831
4939 4860
4939 4875
4939 4934
4939 4995
652 3130
652 4382
3130 1657
3130 2928
3130 2957
3130 2986
3130 3065
3130 3081
3130 3084
3130 3106
3130 3129
3130 3142
3130 3157
3130 4504
4382 1339
4382 1635
4382 2413
4382 2759
4382 2844
4382 3098
4382 3482
4382 3490
4382 3495
4382 3511
4382 3541
4382 3747
4382 3748
4382 3832
4382 3848
4382 3857
4382 3874
4382 3876
4382 3911
4382 3917
4382 3918
4382 3922
4382 3937
4382 3938
4382 3986
4382 3997
4382 4022
4382 4026
4382 4153
4382 4195
4382 4197
4382 4314
4382 4336
4382 4337
4382 4638
4382 4800
4382 4844
654 701
654 2170
701 4088
2170 2095
2170 2398
655 1074
1074 1300
2600 2083
2600 2176
2600 2229
2600 2247
2600 2279
2600 2315
2600 2320
2600 2407
2600 2408
2600 2443
2600 2465
2600 2523
2600 2616
2600 2643
2600 3157
2600 4317
2600 4875
657 787
787 681
787 805
787 2056
787 4503
658 766
658 881
658 2394
766 780
766 2495
766 4387
881 665
881 672
881 691
881 710
881 715
881 733
881 756
881 797
881 809
881 983
881 1309
881 2803
881 4763
2394 1676
2394 2116
2394 2319
2394 2325
2394 2414
2394 2492
2394 2513
2394 2539
2394 2606
2394 2738
659 767
767 829
767 1990
767 2643
2619 1474
2619 2121
2619 2174
2619 2216
2619 2222
2619 2230
2619 2275
2619 2292
2619 2330
2619 2391
2619 2407
2619 2464
2619 2490
2619 2491
2619 2509
2619 2530
2619 2547
2619 2576
2619 2580
2619 2620
2619 2741
2619 4068
663 3599
3599 3818
3599 4366
665 777
777 738
777 796
777 3678
666 717
667 707
667 784
667 3732
707 4055
784 4548
784 4965
3732 3850
3732 4013
3732 4093
668 850
850 745
850 786
850 815
850 819
850 829
850 837
850 4647
669 948
948 1339
948 1398
670 1846
670 2029
1846 2000
2029 1785
2029 1807
2029 1871
2029 1875
2029 1927
2029 1935
2029 1937
2029 1954
2029 1976
2029 1990
2029 2023
2029 2034
671 3120
3120 1093
3120 2875
3120 2885
3120 2927
3120 2931
3120 2942
3120 3002
3120 3018
3120 3078
3120 3105
3120 3109
3120 3116
3120 3117
3120 3123
3120 3126
3120 4966
672 683
683 1713
673 837
837 786
837 819
837 2011
837 2620
837 2622
676 764
676 3305
676 3984
764 740
764 2622
3305 3310
3305 3447
3305 4216
3305 4995
3984 2816
3984 3504
677 774
677 3735
677 3928
774 684
774 731
774 809
3735 3487
3735 4366
3735 4374
3735 4384
3928 3777
3928 4065
3928 4074
3928 4222
3928 4276
3928 4283
679 823
679 2665
823 731
823 741
823 3748
823 4924
2665 2650
3377 1809
3377 3204
3377 3241
3377 3250
3377 3328
3377 3361
3377 3392
3377 4398
681 1496
681 1774
1496 1072
1496 1372
1496 1559
1496 1726
1496 2827
1496 4966
1774 1813
1774 1888
1774 1912
1774 2022
3668 3847
3668 4021
3668 4071
3668 4093
1713 903
1713 962
1713 978
1713 993
1713 1092
1713 1122
1713 1225
1713 1314
1713 1317
1713 1422
1713 1458
1713 1459
1713 1463
1713 1513
1713 1555
1713 1572
1713 1598
1713 1608
1713 1687
1713 1721
1713 1744
1713 1754
1713 2050
1713 2193
1713 3017
1713 3369
1713 3651
1713 3747
1713 4169
1713 4421
684 3355
684 3637
3355 3287
3355 3294
3355 3362
3355 3383
3355 3435
3637 3770
3637 4013
3637 4044
3637 4374
687 4685
4685 1507
4685 4495
4685 4506
4685 4518
4685 4718
688 1022
688 1125
1022 1198
1022 1264
1022 4056
1125 1166
1125 1263
1125 1652
1125 3846
1437 1352
1437 2407
1437 4011
1437 4180
691 745
691 4276
4276 1643
4276 3487
4276 3580
4276 3707
4276 3768
4276 3777
4276 3797
4276 3856
4276 3919
4276 3956
4276 4065
4276 4074
4276 4122
4276 4144
4276 4222
4276 4283
4276 4367
692 729
692 1854
692 3337
729 796
729 3821
1854 1828
1854 1925
1854 1968
1854 1969
1854 1998
1854 2016
3337 3258
3337 3398
3337 3446
3337 3596
693 706
693 1691
706 1771
1691 1003
1691 1043
1691 1086
1691 1242
1691 1257
1691 1316
1691 1335
1691 1348
1691 1388
1691 1528
1691 1562
1691 1590
1691 1635
1691 1657
1691 1669
1691 1758
1691 2354
1691 2529
1691 2777
1691 3123
1691 3849
1691 4786
776 753
776 3993
1095 1339
1095 1661
2111 2112
2111 2160
2111 2195
2111 2358
695 1801
695 2519
1801 1778
1801 1976
1801 2037
2519 1726
2519 2153
2519 2189
2519 2224
2519 2233
2519 2312
2519 2320
2519 2350
2519 2436
2519 2467
2519 2475
2519 2523
2519 4387
696 754
754 1179
3542 4367
3542 4559
4727 2605
4727 4446
4727 4563
4727 4607
4727 4722
4727 4758
4727 4794
4727 4818
4727 4878
4727 4887
700 1895
700 4757
1895 1990
1895 2003
4757 3554
4757 4634
4757 4818
4757 4869
4757 4943
4088 1576
4088 3428
4088 3573
4088 3617
4088 3877
4088 4081
4088 4226
4088 4297
780 1583
780 4853
704 1596
704 1674
1596 1140
1596 1228
1596 1230
1596 1252
1596 1410
1596 1550
1596 1608
1596 1652
1596 1665
1596 1709
1596 2314
1596 3851
1674 962
1674 991
1674 1116
1674 1235
1674 1286
1674 1309
1674 1314
1674 1459
1674 1572
1674 1588
1674 1594
1674 1598
1674 1614
1674 1665
1674 1687
1674 1709
1674 4337
1674 4744
1674 4921
1771 1786
1771 1796
1771 1864
1771 1969
1771 2016
4055 1341
4055 3362
4055 3558
4055 3867
4055 4068
708 1615
708 4476
1615 1119
1615 1128
1615 1188
1615 1328
1615 1345
1615 1365
1615 1659
1615 1663
1615 1688
1615 1709
1615 1720
1615 3872
4476 4562
4476 4766
4476 4797
4476 4874
4476 4944
709 3306
3306 3245
3306 3252
3306 3373
3306 3438
3306 3458
710 1579
1579 910
1579 959
1579 990
1579 1097
1579 1183
1579 1247
1579 1343
1579 1415
1579 1547
1579 1668
1579 1695
1579 1775
1579 4341
1579 4988
4761 4455
4761 4558
4761 4589
4761 4725
4761 4785
4761 4841
713 796
713 2694
796 799
796 1140
796 4596
2694 2691
2694 2775
2694 2842
2694 3854
2855 1609
2855 2403
2855 2664
2855 2677
2855 2685
2855 2688
2855 2705
2855 2706
2855 2724
2855 2729
2855 2731
2855 2734
2855 2735
2855 2747
2855 2761
2855 2771
2855 2775
2855 2777
2855 2809
2855 2816
2855 2827
2855 2829
2855 2835
2855 2837
2855 2839
2855 2842
2855 2846
2855 2849
2855 2852
2855 3200
2855 3536
2855 3602
2855 4172
2855 4217
715 1466
715 2176
1466 1077
1466 1198
1466 1309
1466 1493
1466 1517
1466 1547
1466 1658
1466 3121
2176 1607
2176 2583
2176 2620
818 3157
818 3760
818 4042
1468 1146
1468 1324
1468 1374
718 765
718 829
718 1284
765 2193
829 1790
829 3084
829 4152
829 4688
1284 1469
1284 1476
1284 1656
1284 1669
1284 4866
4105 3340
4105 3490
4105 3584
4105 3652
4105 3839
4105 3844
4105 3943
4105 4123
4105 4240
799 2804
799 3968
799 4561
721 738
738 2395
722 2764
722 4342
2764 2658
2764 2676
2764 2743
2764 2799
2764 2831
2764 2846
4342 1199
4342 2643
4342 2980
4342 3365
4342 3572
4342 3659
4342 3675
4342 3689
4342 3751
4342 3769
4342 3846
4342 3895
4342 3907
4342 3924
4342 3947
4342 3951
4342 4009
4342 4015
4342 4060
4342 4079
4342 4100
4342 4104
4342 4217
4342 4258
4342 4261
4342 4336
4342 4343
797 790
797 2388
797 4343
4224 3483
4224 3497
4224 3563
4224 3663
4224 3705
4224 3756
4224 3882
4224 3907
4224 4144
4224 4188
4224 4275
724 2297
724 4080
2297 2318
2297 2449
2297 2511
2297 2546
2297 2595
4080 3828
4080 3843
4080 3922
4080 3923
4080 4175
4080 4324
4080 4398
4080 4491
741 753
741 4026
752 3483
1089 1640
1089 1721
1089 1725
1089 1754
3821 1461
3821 3694
3821 3699
3821 3933
3821 4197
730 4475
4475 2547
4475 4587
4475 4820
4475 4840
731 737
731 3258
3258 3219
3258 3292
3258 3371
3258 3437
732 2257
732 4071
2257 2326
2257 2412
2257 2583
2257 2627
2257 2643
4071 3394
4071 3847
4071 3850
4071 4013
4071 4021
753 757
753 761
753 1872
753 4312
735 771
771 1231
771 1338
771 2604
736 4315
4315 1906
4315 2342
4315 2945
4315 3010
4315 3226
4315 3585
4315 3616
4315 3649
4315 3660
4315 3678
4315 3745
4315 4104
4315 4164
4315 4216
4315 4231
4315 4296
4315 4387
4315 4599
4315 4969
2395 1614
2395 1874
2395 2462
4026 2729
4026 3938
4026 4010
4026 4197
4026 4232
4026 4314
4026 4336
4026 4337
1653 1105
1653 1217
1653 1230
1653 1250
1653 1296
1653 1415
1653 1453
1653 1476
1653 1520
1653 1573
1653 1644
1653 1671
1653 1676
1653 3570
1653 4285
1653 4493
761 2420
806 4113
806 4312
4366 1688
4366 1841
4366 1855
4366 1958
4366 2846
4366 3015
4366 3512
4366 3677
4366 3727
4366 3757
4366 3776
4366 3796
4366 3866
4366 3973
4366 3990
4366 4005
4366 4042
4366 4054
4366 4086
4366 4139
4366 4173
4366 4198
4366 4205
4366 4214
4366 4215
4366 4384
746 790
746 842
746 1294
790 810
790 3639
842 956
842 1361
842 1442
1294 1475
1294 1613
1294 1687
4384 1635
4384 2586
4384 3292
4384 3481
4384 3502
4384 3512
4384 3529
4384 3575
4384 3595
4384 3605
4384 3610
4384 3633
4384 3667
4384 3727
4384 3757
4384 3776
4384 3796
4384 3866
4384 3973
4384 3990
4384 4001
4384 4005
4384 4038
4384 4042
4384 4054
4384 4086
4384 4093
4384 4139
4384 4173
4384 4198
4384 4205
4384 4215
4384 4219
4384 4296
4384 4305
4384 4312
4384 4336
4384 4538
4384 4969
749 2634
749 2844
2634 1314
2634 1920
2634 2108
2634 2141
2634 2143
2634 2148
2634 2172
2634 2188
2634 2225
2634 2248
2634 2251
2634 2276
2634 2288
2634 2311
2634 2318
2634 2349
2634 2391
2634 2398
2634 2442
2634 2475
2634 2479
2634 2509
2634 2517
2634 2533
2634 2553
2634 2556
2634 2583
2634 2605
2634 2627
2634 2643
2634 3276
2634 3872
2634 4050
2844 1244
2844 1726
2844 2551
2844 2680
2844 2716
2844 2735
2844 2740
2844 2772
2844 2775
2844 2788
2844 2800
2844 2802
2844 2804
2844 2820
2844 2826
2844 2829
2844 2831
2844 2842
2844 4211
4405 1421
4405 1594
4405 1730
4405 1754
4405 2044
4405 3285
4405 3561
4405 3597
4405 3614
4405 3638
4405 3681
4405 3683
4405 3698
4405 3708
4405 3720
4405 3779
4405 3786
4405 3788
4405 3804
4405 3854
4405 3865
4405 3879
4405 3886
4405 3890
4405 3935
4405 3938
4405 3940
4405 3970
4405 4031
4405 4048
4405 4054
4405 4116
4405 4121
4405 4143
4405 4164
4405 4165
4405 4181
4405 4191
4405 4219
4405 4232
4405 4292
4405 4301
4405 4304
4405 4305
4405 4317
4405 4687
4405 4818
4894 4504
4894 4595
4894 4713
4894 4868
4894 4948
4894 4983
4894 4995
3483 4169
3483 4188
3483 4275
757 1379
1872 1804
1872 2008
1872 3310
4312 1676
4312 2181
4312 2376
4312 3568
4312 3684
4312 3686
4312 3729
4312 3831
4312 4020
4312 4040
4312 4076
4312 4108
4312 4157
4312 4158
4312 4177
4312 4220
4312 4231
4312 4258
4312 4304
4312 4417
4312 4501
4312 4816
1179 1583
1179 3760
1135 1417
1135 1426
1135 1524
1135 1625
1135 1648
1135 2606
756 4048
4048 3576
4048 4001
4048 4230
4048 4305
4048 4966
1379 1661
1379 1693
941 1695
2835 1548
2835 2655
2835 2666
2835 2673
2835 2699
2835 2758
2835 2792
2835 2800
2835 2803
2835 2814
2835 2823
2835 2839
3230 2750
3230 3400
4226 1595
4226 2887
4226 3431
4226 3877
4226 3968
4226 3996
4226 4292
4226 4297
2420 1693
2420 2084
2420 2211
2420 2479
2420 2492
2420 2526
2420 2534
2420 2604
2420 2617
2420 4234
2000 1903
2000 1939
2000 1947
2000 1982
2000 1990
2000 2008
2000 2037
2000 2044
2000 4068
2016 1601
2016 1773
2016 1796
2016 1819
2016 1826
2016 1885
2016 1920
2016 1925
2016 1968
2016 1971
2016 1975
2016 1998
2016 2034
2016 2056
2016 2510
2016 2531
2016 3709
3165 1827
3165 2197
3165 2427
3165 2604
3165 2880
3165 2883
3165 2897
3165 2898
3165 2903
3165 2913
3165 2914
3165 2925
3165 2926
3165 2929
3165 2932
3165 2940
3165 2950
3165 2960
3165 2962
3165 2985
3165 2992
3165 3024
3165 3035
3165 3036
3165 3039
3165 3044
3165 3077
3165 3100
3165 3102
3165 3127
3165 3147
3165 3157
3165 3167
3165 4044
3165 4374
3716 1314
3716 3895
3819 961
3819 4203
3819 4324
3819 4398
2622 2076
2622 2087
2622 2131
2622 2169
2622 2207
2622 2209
2622 2245
2622 2260
2622 2266
2622 2293
2622 2302
2622 2308
2622 2359
2622 2376
2622 2381
2622 2423
2622 2428
2622 2430
2622 2437
2622 2438
2622 2501
2622 2528
2622 2556
2622 2605
2622 2620
2622 2883
2622 3089
2622 4267
2193 2302
2193 2580
2495 976
2495 2166
2495 2204
2495 2211
2495 2314
2495 2348
2495 2414
2495 2456
2495 2461
2495 2500
2495 2511
2495 2526
2495 4819
4387 2438
4387 2461
4387 2955
4387 3216
4387 3499
4387 3530
4387 3581
4387 3582
4387 3626
4387 3647
4387 3649
4387 3728
4387 3794
4387 3798
4387 3883
4387 3938
4387 3977
4387 3979
4387 4062
4387 4075
4387 4137
4387 4138
4387 4150
4387 4164
4387 4172
4387 4181
4387 4216
4387 4220
4387 4231
4387 4296
4387 4335
1990 1820
1990 1890
1990 1958
1990 2034
1990 2050
1990 2722
1990 4153
2643 1693
2643 1800
2643 2068
2643 2075
2643 2077
2643 2101
2643 2105
2643 2125
2643 2158
2643 2175
2643 2184
2643 2188
2643 2243
2643 2248
2643 2251
2643 2252
2643 2268
2643 2290
2643 2291
2643 2311
2643 2318
2643 2327
2643 2345
2643 2349
2643 2390
2643 2398
2643 2408
2643 2430
2643 2442
2643 2479
2643 2509
2643 2513
2643 2529
2643 2533
2643 2537
2643 2542
2643 2553
2643 2556
2643 2583
2643 2605
2643 2627
2643 3161
2643 4211
2643 4724
2491 1924
2491 2286
2491 2510
2491 2616
2491 2620
3092 2706
3092 3020
3092 3063
3092 3083
3092 3086
3092 3091
3092 3099
3092 3100
3092 3104
3092 3147
1231 1663
1231 1758
1338 1182
1338 1225
1338 1565
1338 1656
1338 1758
1338 3863
2604 1010
2604 1875
2604 2084
2604 2103
2604 2129
2604 2161
2604 2173
2604 2218
2604 2222
2604 2224
2604 2239
2604 2255
2604 2285
2604 2295
2604 2324
2604 2331
2604 2357
2604 2384
2604 2388
2604 2397
2604 2440
2604 2444
2604 2450
2604 2459
2604 2475
2604 2617
2604 3280
2604 3465
772 1275
1275 982
1275 1138
1275 1258
1275 1709
1720 917
1720 963
1720 1013
1720 1018
1720 1060
1720 1070
1720 1119
1720 1128
1720 1138
1720 1167
1720 1237
1720 1308
1720 1323
1720 1328
1720 1345
1720 1355
1720 1365
1720 1370
1720 1372
1720 1394
1720 1461
1720 1473
1720 1625
1720 1659
1720 1688
1720 2057
1720 2948
1720 3409
1720 3446
1720 3945
1720 4150
1720 4319
1720 4791
4628 4735
4628 4802
4628 4811
4628 4821
809 804
809 3404
809 4104
1004 1325
1004 1599
3089 2909
3089 2923
3089 2966
3089 3059
3089 3116
3089 3137
3089 3145
3089 4969
3993 3811
3993 3924
3993 3952
3993 4188
3993 4267
3993 4304
3993 4319
3678 4154
3678 4842
1583 1123
1583 1254
1583 1491
1583 1529
1583 1590
1583 2235
1583 2719
1583 4139
4853 1264
4853 3142
4853 3289
4853 4546
4853 4553
4853 4573
4853 4624
4853 4641
4853 4700
4853 4763
4853 4776
4853 4800
4853 4816
4853 4863
4876 1725
4876 1973
4876 4439
4876 4600
4876 4766
4876 4839
4876 4842
4876 4888
4876 4904
4876 4937
4876 4965
1423 934
1423 1473
1423 1512
1423 1519
1423 1660
1326 1133
1326 1183
1326 1345
1326 1652
1326 1754
1326 4736
4548 4523
4548 4820
4965 2168
4965 2583
4965 3029
4965 3423
4965 4415
4965 4436
4965 4461
4965 4484
4965 4501
4965 4511
4965 4527
4965 4538
4965 4572
4965 4600
4965 4607
4965 4630
4965 4707
4965 4790
4965 4806
4965 4809
4965 4839
4965 4867
4965 4904
4965 4937
4965 4956
786 4477
4477 4524
4477 4543
4477 4652
4477 4793
4477 4794
4477 4818
4477 4878
805 2576
805 3677
805 3791
2056 1155
2056 1440
2056 1463
2056 1767
2056 1769
2056 1800
2056 1808
2056 1818
2056 1855
2056 1867
2056 1874
2056 1899
2056 1903
2056 1907
2056 1937
2056 1942
2056 1945
2056 1953
2056 1973
2056 1986
2056 1993
2056 2004
2056 2008
2056 2031
2056 2037
2056 2044
2056 2050
2056 2441
2056 3235
2056 4098
2056 4961
4503 4664
4503 4983
2479 1324
2479 1573
2479 2430
2479 2561
2479 2627
2479 2718
3639 3601
3639 3908
3639 3953
3639 4256
3639 4398
4490 4509
4490 4896
4490 4935
4479 1432
4479 4704
4479 4836
4479 4851
4479 4874
4479 4944
1140 1180
1140 1584
4596 4983
4596 4995
2388 2160
2388 2200
2388 2227
2388 2280
2388 2295
2388 2412
2388 2462
2388 2617
2388 4916
4343 1357
4343 1656
4343 2507
4343 2574
4343 3477
4343 3509
4343 3606
4343 3630
4343 3659
4343 3675
4343 3684
4343 3689
4343 3730
4343 3751
4343 3792
4343 3849
4343 3895
4343 3907
4343 3947
4343 3973
4343 4015
4343 4100
4343 4104
4343 4217
4343 4241
4343 4253
4343 4261
4343 4265
2804 2731
2804 2805
2804 2839
2804 2849
2804 2852
2804 3497
2804 4570
3968 3081
3968 3996
3968 4297
3585 2829
3585 3956
1093 1391
1093 1547
1093 1668
2586 1614
2586 2069
2586 2173
2586 2185
2586 2197
2586 2199
2586 2243
2586 2254
2586 2264
2586 2273
2586 2279
2586 2310
2586 2335
2586 2360
2586 2383
2586 2390
2586 2405
2586 2425
2586 2465
2586 2485
2586 2486
2586 2544
2586 2570
2586 4943
3485 3800
3485 4238
2384 2173
2384 2315
2384 2444
2384 2459
2384 2528
2384 2534
2384 2617
804 1562
1562 1182
1562 1401
1562 1529
1562 1661
1562 1693
1562 1758
1562 2007
1562 4760
2576 2275
2576 2281
2576 2307
2576 2342
2576 2530
2576 2533
2576 2539
2576 3852
2576 4258
3677 1120
3677 3879
3791 1009
3791 3890
3791 3932
3791 3937
3791 4003
3791 4205
4113 3718
4113 3832
4113 3838
4113 3929
4113 4111
4113 4171
4113 4211
4113 4253
4113 4261
951 1002
2743 2741
2743 2820
2743 2842
2449 2084
2449 2217
2449 2346
2449 2511
2449 2595
2449 2627
2449 3520
4143 3679
4143 3893
4143 3938
4143 4181
4143 4191
4143 4305
4143 4909
3404 2437
3404 2916
3404 3342
3404 3364
3404 3366
3404 3368
3404 3423
3404 3425
3404 3428
3404 3433
3404 3438
3404 3446
3404 3465
4104 1919
4104 4217
4104 4261
4821 1921
4821 4601
4821 4634
4821 4706
4821 4724
4821 4766
3465 925
3465 945
3465 1721
3465 2031
3465 2209
3465 3186
3465 3202
3465 3209
3465 3224
3465 3229
3465 3244
3465 3251
3465 3283
3465 3289
3465 3291
3465 3297
3465 3298
3465 3334
3465 3342
3465 3361
3465 3366
3465 3368
3465 3369
3465 3370
3465 3400
3465 3423
3465 3425
3465 3428
3465 3431
3465 3434
3465 3435
3465 3437
3465 3438
3465 3446
3465 3511
3465 3835
4706 2523
1268 1559
1268 1646
1268 2760
3614 2241
3666 2583
4106 3527
4106 3587
4106 3623
4106 3628
4106 3700
4106 3885
4106 3999
4106 4735
815 819
815 3297
819 4467
3297 3179
3297 3423
3297 3446
3297 3856
3864 3559
2781 2668
2781 2693
2781 2709
2781 2799
2781 2802
2781 2817
2781 2824
2781 2831
2781 2846
3831 3755
3831 4253
3157 2180
3157 2385
3157 2898
3157 2902
3157 2913
3157 2914
3157 2926
3157 2950
3157 2960
3157 2962
3157 2979
3157 2997
3157 2999
3157 3007
3157 3010
3157 3024
3157 3035
3157 3044
3157 3051
3157 3077
3157 3117
3157 3127
3157 3128
3157 3146
3157 3167
3157 3424
3157 3667
3157 3979
3157 3990
3157 4296
3157 4790
3760 3996
3760 4275
4042 4001
2137 2195
2137 2511
2137 2534
2137 2595
2137 3437
3903 1576
3903 3592
3903 3750
3903 3999
3294 3283
3294 3392
4749 1958
4749 4154
4749 4805
4749 4934
4749 4969
4749 4988
3748 4314
3748 4336
4924 2010
4924 4079
4924 4470
4924 4494
4924 4536
4924 4587
4924 4658
4924 4690
4924 4705
4924 4721
4924 4736
4924 4786
4924 4832
4924 4857
4924 4859
4924 4861
4924 4879
1210 1391
1210 1547
1210 1601
1210 1668
1296 1060
1296 1317
1296 1407
1296 1551
1296 3420
4002 936
4002 1754
4002 3521
4002 3837
4002 4120
2042 1055
2042 1797
2042 1811
2042 1868
2042 1871
2042 1881
2042 1908
2042 1916
2042 1939
2042 1970
2042 1979
2042 1995
2042 1996
2042 2005
2042 2007
2042 2057
2042 3002
2042 3041
2042 3925
2042 4789
3447 1050
3447 1448
3447 3183
3447 3280
3447 3290
3447 3304
3447 3312
3447 3320
3447 3324
3447 3329
3447 3339
3447 3378
3447 3387
3447 3409
3447 3424
3447 3433
3447 3435
3447 3437
3447 3897
3447 4004
2374 2134
2374 2190
2374 2272
2374 2283
2374 2728
3890 1595
3890 3792
3890 3820
3890 3833
3890 3909
3890 3932
3890 4003
2073 1442
2073 2606
2073 2616
2191 2551
2191 2616
2191 2620
3578 2275
3578 3777
3578 4084
3578 4144
4111 1003
4111 3826
4111 3835
4111 3838
4111 3868
4111 3978
4111 4030
4111 4050
4111 4171
4111 4211
4111 4253
1790 2031
3084 1512
3084 2898
3084 2970
3084 3026
3084 3082
3084 3083
3084 3117
3084 3142
4152 2447
4152 3953
4152 3966
4152 4298
4152 4336
4152 4341
4688 4862
4688 4944
4688 4966
1088 922
1088 1447
1088 1566
4040 969
4040 1725
4040 3675
4040 4124
4983 1576
4983 2084
4983 2169
4983 2500
4983 2852
4983 3898
4983 4424
4983 4439
4983 4455
4983 4466
4983 4481
4983 4534
4983 4595
4983 4683
4983 4693
4983 4726
4983 4751
4983 4758
4983 4773
4983 4796
4983 4831
4983 4833
4983 4880
4983 4904
4983 4943
4983 4956
4983 4988
4983 4995
3750 3527
3750 3554
3750 3592
3750 4398
1473 961
1473 1233
1473 1320
1473 1493
1473 1704
1473 1744
1473 1758
1473 2423
1473 3805
1970 1811
1970 1830
1970 1855
1970 1918
1970 1979
1970 2007
1970 4304
3886 1725
3886 4086
3886 4317
4177 1754
4177 4212
4485 4696
2011 1777
2011 1837
2011 1839
2011 1883
2011 1905
2011 1924
2011 1937
2011 1993
2011 2004
2011 2031
2011 4003
2011 4108
2011 4164
2620 1887
2620 2174
2620 2178
2620 2203
2620 2216
2620 2241
2620 2303
2620 2341
2620 2346
2620 2351
2620 2379
2620 2482
2620 2520
2620 2524
2620 2532
2620 2544
2620 3123
2620 3867
2620 4049
2620 4830
3977 2969
1794 1883
1794 1947
1794 1964
1794 2022
4422 4785
4422 4988
3031 1265
3031 3015
3031 3026
3031 3081
3031 3142
4537 4181
4537 4650
4537 4718
4537 4747
4537 4879
1363 1348
1363 1609
1363 3145
4128 2331
4128 3634
4128 3865
4128 4011
4128 4159
4128 4256
4128 4324
4128 4335
4128 4374
4128 4398
956 1725
956 1730
956 1754
956 2595
1361 1726
1361 4459
1442 1254
1442 1512
1442 1519
1442 1658
1442 4763
4203 1659
4203 3828
4203 3955
4203 4003
4203 4011
4203 4084
4203 4171
4203 4256
4203 4324
4203 4335
4203 4398
4629 4777
4629 4785
4629 4841
4665 4773
4665 4917
3535 3754
1758 969
1758 974
1758 999
1758 1003
1758 1016
1758 1042
1758 1043
1758 1048
1758 1066
1758 1080
1758 1086
1758 1143
1758 1182
1758 1200
1758 1213
1758 1242
1758 1272
1758 1293
1758 1316
1758 1348
1758 1401
1758 1492
1758 1493
1758 1528
1758 1599
1758 1635
1758 1657
1758 1663
1758 1665
1758 1676
1758 1702
1758 1721
1758 1847
1758 1911
1758 1937
1758 2004
1758 2341
1758 3137
1758 3518
1758 3721
1758 3757
1868 1851
1868 1916
1868 1934
1868 1979
1868 2606
4145 1270
4145 2376
4145 3558
4145 3855
4145 4103
4145 4716
2007 1777
2007 1830
2007 1836
2007 1996
2007 2005
2007 2327
3225 3209
3225 3375
3225 3427
3225 3431
3982 3142
3982 3541
2517 1730
2517 2377
2517 2482
2517 2529
2517 2542
2517 2627
2517 3800
2517 4116
3758 3503
4851 4792
4851 4839
4851 4916
4851 4934
4851 4956
4995 977
4995 1182
4995 1483
4995 1882
4995 2003
4995 2627
4995 2678
4995 2814
4995 2909
4995 3534
4995 3638
4995 4451
4995 4454
4995 4461
4995 4465
4995 4473
4995 4481
4995 4486
4995 4509
4995 4525
4995 4529
4995 4544
4995 4595
4995 4598
4995 4615
4995 4620
4995 4638
4995 4673
4995 4683
4995 4693
4995 4695
4995 4702
4995 4744
4995 4796
4995 4800
4995 4807
4995 4824
4995 4831
4995 4834
4995 4859
4995 4868
4995 4880
4995 4903
4995 4904
4995 4916
4995 4948
4995 4956
4995 4988
4647 2580
4647 4568
4647 4716
4647 4758
4647 4794
4647 4878
4647 4887
4647 4966
4862 1507
4862 1656
4862 1730
4862 3425
4862 4488
4862 4746
4862 4756
4862 4772
4862 4815
4862 4826
4862 4864
4862 4895
4862 4966
2034 1770
2034 1818
2034 1871
2034 1881
2034 1905
2034 1911
2034 1927
2034 1934
2034 1954
2034 1958
2034 1962
2034 1976
2034 2019
2034 2050
2034 2088
2034 2247
2034 2958
2034 4265
2107 2214
2107 2312
2107 2327
2107 2507
3607 3954
3607 4127
3607 4149
3607 4158
3607 4323
1134 1492
1134 1498
1134 1599
1134 3059
1808 1982
1808 2022
1808 2472
1824 1924
3167 1480
3167 1593
3167 1849
3167 2877
3167 2880
3167 2883
3167 2886
3167 2892
3167 2897
3167 2913
3167 2914
3167 2923
3167 2924
3167 2925
3167 2950
3167 2960
3167 2962
3167 2969
3167 2979
3167 2985
3167 2992
3167 2999
3167 3010
3167 3018
3167 3024
3167 3035
3167 3036
3167 3048
3167 3077
3167 3100
3167 3117
3167 3123
3167 3127
3167 3137
3167 4473
3167 4776
3361 3342
3361 3370
3361 3423
3361 3438
3361 3446
3361 4722
1643 921
1643 1133
1643 1196
1643 1249
1643 1393
1643 1405
1643 1469
1643 1507
1643 1695
1643 1704
1643 3298
1643 4730
1554 1559
1554 1593
1554 1882
1554 4197
3362 3273
3362 3287
3362 3376
3362 3383
4062 3339
4062 3914
4062 4090
2534 2129
2534 2295
2534 2316
2534 2357
2534 2397
2534 2412
2534 2459
2534 2617
2534 2991
2534 4416
2701 2708
3458 1094
3458 2938
3458 3117
3458 3191
3458 3202
3458 3203
3458 3204
3458 3226
3458 3227
3458 3252
3458 3272
3458 3279
3458 3307
3458 3327
3458 3331
3458 3334
3458 3344
3458 3373
3458 3379
3458 3384
3458 3387
3458 3394
3458 3397
3458 3403
3458 3405
3458 3424
3458 3433
3458 3435
3458 3551
3458 4948
3844 4285
3844 4292
3844 4319
3839 1986
3839 4038
3839 4072
3839 4075
3839 4240
4337 1551
4337 1744
4337 2533
4337 3285
4337 3477
4337 3511
4337 3809
4337 3833
4337 3846
4337 3857
4337 3874
4337 3876
4337 3911
4337 3918
4337 3922
4337 3939
4337 3986
4337 4195
4337 4197
4337 4285
4337 4304
4337 4314
4337 4336
4337 4813
4337 4841
1527 1047
1527 1422
1527 1588
1527 1625
1527 1665
1527 1687
1527 4935
4436 4812
3055 1704
3055 2949
3055 2983
3055 3146
4165 1469
4165 1509
4165 3369
4165 3875
4165 4117
4165 4292
4165 4305
4197 1590
4197 3670
4197 4314
4197 4336
1309 4873
2272 2526
2605 1730
2605 1962
2605 2087
2605 2109
2605 2207
2605 2209
2605 2260
2605 2266
2605 2376
2605 2381
2605 2423
2605 2428
2605 2437
2605 2446
2605 2501
2605 2551
2605 2553
2605 2574
2605 4136
2605 4698
2605 4836
3043 2888
3043 2889
3043 2958
3043 3007
3043 3025
3043 3086
3043 3112
4559 4589
4559 4614
4559 4785
4559 4841
1016 1598
1016 4314
1247 1091
1247 1097
1247 1154
1247 1205
1247 1445
1247 1663
1247 1668
2831 2654
2831 2662
2831 2687
2831 2717
2831 2756
2831 2760
2831 2763
2831 2768
2831 2773
2831 2799
2831 2820
2831 2824
2831 2827
2831 4117
4441 4694
4441 4842
4441 4888
4441 4921
4441 4966
1304 1493
1304 1517
1304 1519
1304 1658
1520 981
1520 1372
1520 1454
1520 1676
1572 1238
1572 1351
1572 1377
1572 1658
1572 1744
1572 4323
1572 4746
2492 1730
2492 2484
2492 2523
2492 2562
2492 2606
2492 2617
2492 3874
3332 3173
3332 3347
3332 3365
3332 3427
3389 3242
3389 3276
3389 3325
3389 3402
3389 3418
3389 3428
3389 3431
3389 3442
4324 3015
4324 3437
4324 3634
4324 3662
4324 3843
4324 3857
4324 3865
4324 3955
4324 4010
4324 4017
4324 4084
4324 4090
4324 4150
4324 4151
4324 4159
4324 4175
4324 4202
4324 4298
4324 4335
4324 4398
4324 4747
4324 4766
4827 3526
4827 4001
4827 4480
4827 4497
4827 4709
4827 4961
4827 4969
1046 1376
1046 1659
4285 1185
4285 3522
4285 3561
4285 3621
4285 3657
4285 3897
4285 3952
4285 4056
4285 4092
4285 4117
4285 4131
4285 4146
4285 4180
4285 4202
4285 4267
4285 4319
4285 4562
4285 4764
2307 2539
2307 3393
3838 3939
3838 4098
3838 4211
3838 4253
4305 1403
4305 2562
4305 3525
4305 3598
4305 3854
4305 4079
4305 4173
4305 4181
4305 4292
4305 4301
4305 4317
4305 4335
4887 2397
4887 4426
4887 4446
4887 4493
4887 4528
4887 4568
4887 4577
4887 4643
4887 4652
4887 4715
4887 4722
4887 4793
4887 4794
4887 4817
4887 4818
2356 2138
2356 2342
2356 2407
2356 2616
2356 4455
3146 1079
3146 1969
3146 2869
3146 2915
3146 2948
3146 2949
3146 2968
3146 2998
3146 3017
3146 3023
3146 3068
3146 3072
3146 3076
3146 3091
3146 3098
3146 3102
3146 3121
3146 4077
3146 4956
3328 1365
3328 3205
3328 3281
3328 3291
3328 3371
3328 3437
1339 1072
1339 1302
1339 1470
1529 1491
1529 3079
1687 1058
1687 1207
1687 1225
1687 1320
1687 1327
1687 1458
1687 1459
1687 1588
1687 1601
1687 1613
1687 1614
1687 1702
1687 1744
1687 3221
1687 4659
4833 4020
4833 4659
4833 4790
4833 4956
1569 1092
1569 1282
1569 1330
1569 1646
1569 1726
1569 1979
1569 2167
1950 1123
1950 1775
1950 1815
1950 1825
1950 1964
1950 1973
1950 2022
1950 2057
1950 3590
2306 1754
2306 2580
2496 2168
2496 2238
2496 2271
2496 2290
2496 2413
2496 2520
2496 2532
2496 2558
2496 2562
2496 2606
3398 1657
3398 3273
3398 3282
3398 3378
3398 3420
3398 3433
3398 3434
3762 3861
3762 4265
3762 4374
3762 4643
4103 2226
4103 3581
4103 3591
4103 3696
4103 4120
4154 3595
4154 3743
4154 3765
4154 4052
4154 4298
4154 4341
2556 2008
2556 2583
2556 3335
2702 2709
2702 2725
2702 2824
2702 2827
3493 4304
3493 4593
3694 3239
3694 3898
3109 2875
3109 2885
3109 2942
3109 2963
3109 3018
3109 3042
3109 3071
3109 3078
3109 3088
3109 3122
3109 3123
3109 3314
3109 3379
3798 1695
2044 1352
2044 1648
2044 1820
2044 1842
2044 1871
2044 1883
2044 1914
2044 1921
2044 1935
2044 1942
2044 1945
2044 1954
2044 1968
2044 1978
2044 1986
2044 1993
2044 2019
2044 2031
2044 2037
2044 4447
2442 2520
4275 1935
4275 3563
4275 3615
4275 3695
4275 3705
4275 3713
4275 3756
4275 3882
4275 3893
4275 3894
4275 3917
4275 4125
4275 4188
4275 4398
1519 1188
1519 1459
1519 1491
1519 1493
1519 1658
1519 1730
1519 3105
1519 3232
1045 1271
1045 1323
1045 1440
2407 3520
3769 3919
3769 4258
4095 1063
4095 4296
4095 4374
4969 2537
4969 3040
4969 3126
4969 4416
4969 4435
4969 4470
4969 4636
4969 4674
4969 4701
4969 4725
4969 4742
4969 4754
4969 4775
4969 4781
4969 4805
4969 4863
4969 4866
4969 4961
4969 4988
1372 1128
1372 1659
1372 1688
1372 1744
1372 4785
2482 2139
2482 2259
2482 2373
2482 2385
2482 2419
2482 2441
2482 2460
2482 2475
2482 2490
2482 3727
2725 2658
2725 2662
2725 2799
2725 2824
2725 4462
1744 946
1744 1026
1744 1079
1744 1122
1744 1129
1744 1156
1744 1202
1744 1222
1744 1225
1744 1242
1744 1310
1744 1318
1744 1327
1744 1350
1744 1369
1744 1590
1744 1607
1744 1612
1744 1613
1744 1614
1744 1684
1744 1700
1744 1942
1744 2849
1744 3357
1744 3842
2161 2617
4705 3320
4705 4545
4705 4677
4705 4690
4705 4832
4705 4927
2022 1589
2022 1775
2022 1815
2022 1816
2022 1825
2022 1847
2022 1849
2022 1888
2022 1904
2022 1964
2022 1982
2022 2050
2022 2583
2022 4125
2022 4188
3083 2884
3083 2954
3083 2998
3083 3023
3083 3063
3083 3090
3083 3099
3083 3147
3083 4934
3900 1334
3900 1844
3900 3724
3900 4115
3924 3754
3924 3962
3924 4261
4844 3582
4844 4698
4844 4734
4844 4742
4844 4903
4844 4934
4844 4988
1015 1067
1015 1599
1015 1635
1652 1103
1652 1117
1652 1133
1652 1151
1652 1156
1652 1166
1652 1183
1652 1243
1652 1263
1652 1282
1652 1310
1652 1331
1652 1509
1652 1551
1652 2245
1652 3190
1652 3598
2419 2146
2419 2373
2419 2460
2419 2490
2419 2524
2691 2660
2691 2756
2691 2773
2691 2799
983 940
983 1316
2803 1726
2803 2716
2803 2746
2803 2816
2803 2849
4763 1189
4763 4500
4763 4779
4763 4800
4763 4816
4763 4863
1360 1040
1360 1291
1360 1293
1360 1305
1360 1532
1550 1175
1550 1584
1550 1640
1550 1709
1550 3559
2281 2089
2281 2286
2281 2377
2338 2105
2338 2113
2338 2138
2338 2436
2338 2475
2533 2075
2533 2077
2533 2260
2533 2318
2533 2529
2533 2553
2533 2583
2533 3283
2533 3570
3484 4230
4077 2670
4077 3834
4077 3853
4077 3876
4077 4127
4077 4149
4077 4158
4077 4172
1688 963
1688 994
1688 1070
1688 1167
1688 1308
1688 1314
1688 1323
1688 1328
1688 1355
1688 1365
1688 1370
1688 1394
1688 1461
1688 1646
1688 1659
1688 1693
1688 2117
1688 3199
1688 3808
1688 3958
1688 4323
2277 2075
2277 2086
2277 2167
2277 2377
2277 2378
3714 3787
3714 4107
3714 4341
2326 2082
2326 2286
2326 2580
2326 2897
2742 1817
2742 2653
2742 2823
3904 2105
3904 3983
3904 4169
3904 4291
3904 4323
4726 2293
4726 4961
4726 4988
1029 978
1029 1640
1448 909
1448 1021
1448 1157
1448 1187
1448 1312
1448 1384
1448 1530
1448 3202
2057 1312
2057 1416
2057 1769
2057 1803
2057 1805
2057 1814
2057 1821
2057 1833
2057 1839
2057 1841
2057 1844
2057 1864
2057 1884
2057 1906
2057 1914
2057 1930
2057 1943
2057 1946
2057 1961
2057 1975
2057 1983
2057 1985
2057 2023
2057 2024
2057 2037
2057 3505
2057 3582
2057 4150
2265 2289
2265 2405
2265 2464
2265 2531
2265 2574
4261 1330
4261 2412
4261 2693
4261 3751
4261 3849
4261 4015
4261 4216
4261 4217
4261 4258
4840 2934
4840 3078
4840 4495
4840 4514
4840 4592
4840 4602
4840 4653
4840 4673
4840 4817
4840 4881
4840 4927
4840 4934
1316 1242
1316 1348
1316 1384
1316 1393
1356 1062
1356 1187
1356 1303
1356 1351
1356 1384
1356 3446
1356 4860
2740 2755
2740 2769
2740 2801
2740 2839
2740 2852
3282 3256
3282 3442
3366 3219
3366 3344
3366 3425
3366 3438
3366 4004
3366 4859
3366 4956
3428 1660
3428 3102
3428 3204
3428 3237
3428 3278
3428 3312
3428 3350
3428 3369
3428 3372
3428 3418
3428 3420
3428 3438
3428 3442
3428 4413
4545 4690
4545 4736
4545 4988
1726 919
1726 940
1726 1036
1726 1053
1726 1069
1726 1072
1726 1181
1726 1194
1726 1269
1726 1371
1726 1376
1726 1440
1726 1501
1726 1555
1726 1601
1726 1646
1726 1693
1726 1725
1726 1873
1726 3128
1726 3564
1726 3893
1726 4258
2236 2220
2236 2293
2236 2488
2236 2531
2837 1235
2837 2412
2837 2664
2837 2673
2837 2696
2837 2715
2837 2746
2837 2747
2837 2771
2837 2779
2837 2809
2837 2816
2837 2820
2837 2829
2837 2839
2837 2849
4146 1396
4146 3952
4146 4034
4146 4180
4146 4267
4146 4304
4146 4319
4336 1370
4336 3071
4336 3541
4336 3692
4336 3747
4336 3874
4336 3876
4336 3911
4336 3918
4336 3938
4336 3939
4336 3986
4336 4153
4336 4195
4336 4222
4336 4291
4336 4314
4336 4934
4336 4956
1458 1352
1458 1408
1458 1614
1458 3048
1458 3641
1458 4497
2319 2081
2319 2562
2319 2606
3171 3370
3490 4038
3490 4240
4842 1661
4842 4558
4842 4684
4842 4778
4842 4815
4842 4836
4842 4857
4842 4921
4842 4966
1207 1000
1207 1693
1207 1725
1207 4863
1695 992
1695 1081
1695 1190
1695 1201
1695 1249
1695 1391
1695 1405
1695 1475
1695 1484
1695 1754
1695 2483
1695 3065
1695 4542
1695 4878
2019 1770
2019 1795
2019 1809
2019 1832
2019 1930
2019 1935
2019 1954
2019 1978
2019 2008
2019 2050
2019 4131
2332 1958
2332 2235
2332 2241
2332 2251
2332 2361
2332 2447
2332 3127
2558 2067
2558 2168
2558 2271
2558 2275
2558 2290
2558 2417
2558 2472
2558 2484
2558 2513
2558 2523
2558 2606
2558 3568
2558 4493
1648 920
1648 1108
1648 1158
1648 1211
1648 1277
1648 1293
1648 1344
1648 1407
1648 1416
1648 1417
1648 1426
1648 1551
1648 1607
1648 1625
1648 1754
1648 1973
1648 3952
1648 4081
1816 1813
1816 1815
1816 1825
1816 1828
1816 2003
1816 2873
3902 3680
3902 4192
3947 3442
3947 3853
4857 2031
4857 4677
4857 4818
4857 4864
4857 4895
4857 4915
4857 4921
4857 4966
4896 1375
4896 2488
4896 3651
4896 4874
4896 4885
4896 4909
4896 4916
4896 4917
4896 4948
1521 1491
1521 1576
1521 1609
1521 4367
1521 4457
1599 1329
1599 1331
1599 1565
1599 1657
1599 3608
1599 4049
2245 2255
3657 2248
3657 4304
3657 4319
4212 3861
4212 4096
4693 2398
4693 4509
1377 1148
1377 1584
1377 1709
1608 1050
1608 1082
1608 1176
1608 1601
1608 1665
1608 2606
1608 3486
2311 2377
2311 2627
2330 1321
2330 2333
2849 2037
2849 2580
2849 2670
2849 2682
2849 2690
2849 2705
2849 2714
2849 2716
2849 2731
2849 2765
2849 2775
2849 2792
2849 2794
2849 2809
2849 2814
2849 2826
2849 2839
2849 2842
2849 2846
2849 4440
2849 4915
2849 4948
3098 2957
3098 2966
3098 2978
3098 2994
3098 2996
3098 3035
3098 3063
3098 3068
3098 3086
3098 3099
3098 3104
3098 3147
3126 1068
3126 2866
3126 2952
3126 3014
3126 3021
3126 3034
3126 3040
3126 3076
3126 4192
3325 1445
3325 3181
3325 3418
3325 3420
3325 3442
4948 1213
4948 1415
4948 4151
4948 4428
4948 4457
4948 4636
4948 4639
4948 4656
4948 4703
4948 4764
4948 4774
4948 4783
4948 4811
4948 4885
4948 4909
4948 4917
4948 4935
1151 1282
1151 1509
1388 1492
1388 1635
2037 1791
2037 1875
2037 1913
2037 1939
2037 1945
2037 1953
2037 1954
2037 1964
2037 1978
2037 1986
2037 1995
2037 2008
2037 2031
2037 2941
2037 4297
2050 937
2050 1410
2050 1785
2050 1786
2050 1807
2050 1862
2050 1871
2050 1890
2050 1891
2050 1911
2050 1917
2050 1935
2050 1954
2050 1958
2050 1962
2050 1976
2050 1984
2050 2017
2050 3123
2050 4744
2231 2439
2231 2551
2826 1663
2826 1890
2826 2659
2826 2705
2826 2724
2826 2729
2826 2788
2826 2820
2826 2842
2826 3847
2826 4005
2981 1826
2981 3116
2981 3137
2981 3145
3044 2877
3044 2883
3044 2893
4576 4491
4576 4592
4576 4870
4576 4927
4576 4934
1171 933
1171 1112
1171 1576
1327 4518
2529 2105
2529 2430
2529 2436
2529 4053
2660 2669
2660 2771
2669 2846
3122 2870
3122 2932
3122 2939
3122 2974
3122 2998
3122 3023
3122 3056
3122 3102
3122 3128
3122 3161
3122 3524
3122 3832
3122 3848
4802 4513
4802 4795
4802 4817
4802 4927
4802 4934
4837 3953
4837 4773
4837 4836
4837 4961
4837 4988
1026 1062
1026 1129
1166 1070
1166 2773
2689 2696
2689 2726
2689 2756
2689 2768
2689 2827
2689 2846
2689 4573
3612 3985
3612 4265
3999 2067
3999 3554
3999 3623
3999 3725
3999 3885
4795 4414
4795 4547
4795 4646
4795 4793
4795 4817
4795 4867
4795 4934
4895 1998
4895 3558
4895 3962
4895 4447
4895 4484
4895 4558
4895 4692
4895 4756
4895 4781
4895 4921
4895 4966
4897 3621
4897 3994
4897 4440
4897 4492
4897 4588
4897 4602
4897 4631
4897 4660
4897 4673
4897 4769
4897 4779
4897 4794
4897 4817
4897 4867
4897 4870
4897 4881
4897 4934
1227 926
1227 1280
1227 1337
1227 1545
1447 1041
1447 1483
1447 1526
1447 1671
1447 1892
1725 906
1725 931
1725 1014
1725 1028
1725 1101
1725 1110
1725 1111
1725 1222
1725 1273
1725 1287
1725 1373
1725 1380
1725 1425
1725 1556
1725 1598
1725 1607
1725 1612
1725 1656
1725 1663
1725 1700
1725 1721
1725 1730
1725 1754
1725 1842
1725 2816
1725 4881
1725 4961
2982 3016
2982 3079
2982 3147
4649 3862
4649 4864
4649 4908
4649 4943
4859 1079
4859 4658
4859 4736
4859 4832
4859 4861
4859 4879
4859 4966
1661 1214
1661 1646
1661 2668
1661 4885
1777 1823
1777 1843
2110 2373
2110 2441
2355 2293
2355 2371
2355 2405
2355 2465
2355 2500
2355 2574
2520 1364
2520 2303
2520 2408
2520 2441
2520 2524
2520 2616
3367 1830
3367 3218
3367 3219
3367 3268
3367 3314
3367 3371
3367 3394
4839 4171
4839 4572
4839 4873
4839 4904
4839 4937
1301 1245
1301 1325
1301 1556
1301 2252
1355 1044
1355 1370
1355 1461
1355 2562
1355 3774
1656 1013
1656 1032
1656 1110
1656 1292
1656 1556
1656 1607
1656 1612
1656 1663
1656 1702
1656 1754
1656 1881
1656 2224
1656 2457
3498 3556
3498 4072
3498 4240
3807 3524
3807 3952
3807 4131
3807 4304
4006 978
4006 3721
4006 3856
4006 4323
4841 1422
4841 4425
4841 4455
4841 4558
4841 4581
4841 4589
4841 4785
4841 4873
1555 921
1555 1404
1555 1522
1555 1559
1555 4056
1555 4292
1668 910
1668 936
1668 959
1668 1091
1668 1097
1668 1154
1668 1205
1668 1343
1668 1383
1668 1391
1668 1415
1668 1510
1668 1547
1668 1721
1668 4453
1668 4511
3079 3086
3079 3090
3079 3099
3079 3117
3079 3127
3079 3147
3497 3756
3497 4188
4231 2343
4231 4296
4341 2175
4341 2852
4341 3503
4341 3550
4341 3596
4341 3631
4341 3676
4341 3743
4341 3765
4341 3882
4341 3931
4341 4073
4341 4078
4341 4083
4341 4107
4341 4115
4341 4116
4341 4120
4341 4234
4341 4245
4341 4298
4341 4511
4341 4630
4341 4794
4050 3718
4050 4030
4050 4098
4050 4153
4050 4171
4050 4211
4050 4253
4164 2802
4719 3589
4719 4613
4719 4875
4719 4943
4834 1721
4834 4081
4834 4173
4834 4652
4834 4704
4834 4916
4834 4956
2378 2086
2378 2097
2378 2167
2378 2195
2378 2202
2378 2234
2486 2264
2486 2310
2486 2335
2486 2390
2486 2425
2486 2456
2486 2465
2486 2485
2486 2539
2486 2570
2882 4409
2894 1110
2894 2967
2894 3065
2894 3142
3128 2888
3128 2934
3128 2941
3128 2945
3128 2997
3128 3013
3128 3021
3128 3102
3128 3117
3128 3121
3128 3161
3128 3932
4878 2513
4878 4426
4878 4446
4878 4493
4878 4528
4878 4636
4878 4643
4878 4715
4878 4716
4878 4720
4878 4722
4878 4758
4878 4793
4878 4794
4878 4818
902 1319
902 4020
1319 1277
1319 1344
1319 1417
1319 1440
1319 1524
1319 1551
4020 2523
4020 3894
903 1298
903 1590
903 1613
1298 1303
1298 1403
1590 985
1590 1352
1590 1588
1590 1665
1590 1796
1590 3201
1590 4083
1613 1123
1613 1264
1613 1598
1613 1657
1613 1665
1613 3012
1613 3664
904 1073
904 1164
904 1640
1073 1407
1073 2674
1164 1190
1164 1512
1164 1532
1164 3625
1640 933
1640 1118
1640 1185
1640 1259
1640 1264
1640 1433
1640 1548
1640 1584
1640 1595
1640 1709
1640 2820
1640 4367
1640 4471
1640 4655
1347 1108
1347 1303
1347 1768
1347 4211
1754 906
1754 912
1754 931
1754 953
1754 960
1754 989
1754 1012
1754 1014
1754 1028
1754 1041
1754 1050
1754 1051
1754 1053
1754 1096
1754 1101
1754 1130
1754 1185
1754 1208
1754 1270
1754 1273
1754 1287
1754 1292
1754 1373
1754 1380
1754 1425
1754 1474
1754 1539
1754 1612
1754 1700
1754 1702
1754 1721
1754 1730
1754 2539
1754 3051
1754 4543
1754 4809
906 971
906 1539
906 2736
971 1334
971 1700
971 1730
971 3123
1539 1110
1539 1130
1539 1702
1539 1721
1539 3446
1539 3860
1539 4531
2736 1905
2736 2817
907 1565
907 1917
1565 1080
1565 1528
1565 1625
1565 1635
1565 2570
1565 3833
1565 4191
1917 1898
1917 1962
1917 2008
1526 1106
1526 1289
1526 1425
1526 1501
1526 1671
1526 1676
1526 2452
1526 3659
909 1062
909 1351
909 1384
909 1811
1062 1351
1062 1384
1351 1157
1351 1187
1351 1384
1351 2839
1384 1157
1811 4694
910 1009
910 1097
910 1510
1009 1598
1009 1702
1009 4692
1097 1408
1510 1002
1510 1264
1510 1333
1510 1383
1510 1415
1510 1547
1510 2423
1510 4718
911 1404
911 2823
1404 947
1404 990
1404 1329
1404 3799
2823 1825
2823 2658
2823 2697
2823 2728
2823 2759
2823 2760
2823 2788
2823 2801
2823 2802
2823 2852
2823 4258
913 937
913 970
913 1040
913 1274
913 1532
937 927
970 979
970 1256
970 1524
1274 1108
1274 1193
1274 1254
1274 1493
1274 1517
1274 1658
1532 1112
1532 1120
1532 1175
1532 1256
1532 1305
1532 1390
1532 1393
1532 1607
1532 2430
914 957
957 1405
915 1302
915 1398
1302 995
1302 1189
1302 1398
1302 1791
1302 3624
1398 1300
1398 1470
1398 1601
1398 3631
4298 2718
4298 3520
4298 3521
4298 3631
4298 3766
4298 3835
4298 3966
4298 4072
4298 4078
4298 4115
4298 4234
4298 4314
917 1370
917 3218
917 3223
1370 1018
1370 1079
1370 1308
1370 1394
1370 1432
3218 3371
3218 3423
3223 3265
3223 3293
3223 3378
3223 3431
3223 3506
918 1528
1528 1157
1528 1212
1528 1635
1528 3687
1528 4220
919 1258
919 1709
1258 1165
1258 1373
1258 1709
1709 1066
1709 1148
1709 1149
1709 1176
1709 1191
1709 1321
1709 1396
1709 1433
1709 1475
1709 1493
1709 1498
1709 1542
1709 1595
1709 1730
1709 1939
1709 2259
1709 2465
1709 3409
1709 3487
920 1011
920 1432
920 1551
1011 1704
1432 1211
1432 1293
1432 1333
1432 1416
1551 1317
1551 1344
1551 1407
1551 1417
1551 1461
1551 1524
1551 1625
1551 4215
1551 4783
921 1469
921 2562
1469 1174
1469 1422
2562 2081
2562 2093
2562 2238
2562 2413
2562 2470
2562 2484
2562 2513
2562 2530
2562 2606
2562 3828
922 1325
922 1357
922 1684
922 4021
1325 1392
1325 1460
1325 1660
1325 1684
1325 2347
1357 1350
1357 1457
1357 1580
1357 1589
1357 1660
1357 2316
1357 4205
1684 949
1684 1145
1684 1196
1684 1197
1684 1256
1684 1337
1684 1341
1684 1571
1684 1573
1684 1580
1684 1584
1684 1589
1684 1660
1684 3481
1684 4033
1684 4323
1684 4988
4021 3674
4021 3847
4021 4013
4021 4093
923 1213
923 2264
1213 1168
1213 1335
2264 2360
2264 2425
2264 2570
2264 2616
2264 4140
4222 1072
4222 3478
4222 3580
4222 3707
4222 3768
4222 3956
4222 4058
4222 4074
4222 4100
4222 4144
4222 4283
925 3078
3078 2158
3078 2980
3078 3002
3078 3042
3078 3071
3078 3105
3078 3123
926 1250
1250 4778
1250 4935
927 1090
927 1120
927 2805
2805 1180
2805 2707
2805 2722
2805 2732
2805 2842
2805 2846
2805 2852
928 1365
928 1556
928 4916
1365 1013
1365 1659
1365 2739
1556 931
1556 1007
1556 1700
1556 3992
1556 4806
4916 1195
4916 3011
4916 4256
4916 4439
4916 4577
4916 4729
4916 4791
4916 4796
4916 4903
4916 4956
931 1491
931 1721
1491 1693
1491 2494
1491 2662
1491 2699
1491 4335
1721 1012
1721 1051
1721 1053
1721 1103
1721 1130
1721 1160
1721 1208
1721 1265
1721 1270
1721 1273
1721 1373
1721 1425
1721 1474
1721 1548
1721 1612
1721 1700
1721 1702
1721 2390
1721 2788
1721 3106
1721 3954
1721 4754
1721 4861
1248 1256
1248 1390
1248 1460
934 961
934 2531
2531 1367
2531 2154
2531 2164
2531 2220
2531 2256
2531 2295
2531 2354
2531 2405
2531 2411
2531 2447
2531 2488
2531 2574
2531 2627
935 1460
1460 1007
1460 1341
1460 1522
1460 1580
1460 4600
1460 4725
936 1391
936 3279
1391 1593
1391 3670
3279 1457
3279 3424
3279 3435
3117 1259
3117 2877
3117 2979
3117 3035
3117 3036
3117 3100
3117 3127
939 995
939 1470
939 4241
995 1455
995 1693
995 4058
1470 1170
1470 1300
1470 1455
1470 1663
1470 4163
4241 2148
4241 3590
4241 4232
940 1589
940 4180
1589 949
1589 1145
1589 1196
1589 1197
1589 1324
1589 1341
1589 1433
1589 1436
1589 1457
1589 1614
1589 1660
1589 4826
4180 3624
4180 4004
4180 4060
4180 4117
4180 4267
4180 4304
4180 4319
942 2542
2542 1149
2542 2068
2542 2331
2542 2345
2542 2627
943 1126
943 1657
1126 1312
1126 4847
1657 999
1657 1003
1657 1042
1657 1043
1657 1174
1657 1182
1657 1212
1657 1335
1657 3026
1657 3320
1657 3849
945 1145
945 1277
945 1524
945 1625
1145 1197
1277 1042
1277 1293
1524 1317
1524 1364
1524 1407
1524 1625
1524 4875
1625 955
1625 1158
1625 1293
1625 1333
1625 1344
1625 1416
1625 1426
1625 1492
1625 4743
947 1287
1287 1663
1287 1700
949 1522
949 1580
949 1660
949 3002
1522 1063
1522 1220
1522 1660
1522 2809
1522 4297
1522 4544
1580 965
1580 1160
1580 1337
1580 1571
1580 2580
1580 4052
1660 1007
1660 1211
1660 1337
1660 1392
1660 1422
1660 1436
1660 1457
1660 1594
1660 3100
3002 3123
3002 3161
950 1290
950 2327
1290 1219
1290 1257
1290 1704
2327 2153
2327 2312
2327 2396
2327 2507
1002 1154
1002 1547
1002 4191
952 1334
952 4777
1334 1548
4777 4671
4777 4702
4777 4704
4777 4830
4777 4836
4777 4867
4777 4874
4777 4944
953 1148
953 4283
1148 4181
4283 1245
4283 3478
4283 3525
4283 3768
4283 3777
4283 3780
4283 3847
4283 3856
4283 3919
4283 3956
4283 3985
4283 4058
4283 4065
4283 4074
4283 4144
4283 4314
4283 4553
1286 2383
1498 1230
1498 1548
1498 2672
1498 3442
1498 4789
955 1344
955 4751
1344 1920
4751 1417
4751 4644
4751 4806
4751 4927
4751 4956
1730 1012
1730 1028
1730 1051
1730 1053
1730 1130
1730 1195
1730 1208
1730 1217
1730 1292
1730 1425
1730 1454
1730 1474
1730 1507
1730 1607
1730 1612
1730 1676
1730 1700
1730 1702
1730 2433
1730 2457
1730 4030
2595 1082
2595 2117
2595 2123
2595 2166
2595 2181
2595 2217
2595 2270
2595 2271
2595 2346
2595 2364
2595 2403
2595 2511
2595 2546
2595 2852
2595 3400
2595 3553
1405 1261
1405 1375
958 3335
3335 3342
3335 3427
3335 3442
959 990
959 4961
990 1415
990 1547
4961 1168
4961 3378
4961 3818
4961 4079
4961 4421
4961 4435
4961 4522
4961 4659
4961 4725
4961 4740
4961 4754
4961 4805
4961 4811
4961 4908
4961 4988
960 1663
960 3265
1663 1041
1663 1096
1663 1101
1663 1208
1663 1317
1663 1425
1663 1474
1663 1700
1663 1702
1663 3910
1663 4010
3265 3431
962 4215
4215 3203
4215 3570
4215 3823
4215 3866
4215 4001
4215 4086
4215 4173
4215 4175
4215 4198
963 974
963 1659
963 2870
1659 1060
1659 1119
1659 1138
1659 1197
1659 1328
1659 1345
1659 1394
1659 1545
1659 1547
1659 2203
1659 3435
1659 3820
2870 3025
2870 3112
1371 1559
1371 2755
1371 3632
1371 4687
2961 2893
2961 3147
965 4304
4304 976
4304 2197
4304 3042
4304 3506
4304 3522
4304 3805
4304 3811
4304 3894
4304 4056
4304 4096
4304 4117
4304 4122
4304 4149
4304 4202
4304 4267
4304 4319
1282 1183
1282 2530
1324 1700
1067 1055
1067 2225
1133 4015
968 3438
3438 1982
3438 3251
3438 3254
3438 3334
3438 3342
3438 3350
3438 3368
3438 3383
3438 3420
3438 3423
3438 3424
3438 3425
3438 3434
3438 3988
3438 4214
969 1086
969 1612
969 3919
1086 1335
1612 1421
1612 1425
1612 1607
1612 1702
1612 2441
1612 4746
3919 1343
3919 3777
3919 3856
979 4089
1256 1175
1256 1305
1256 1390
1700 989
1700 1012
1700 1014
1700 1208
1700 1265
1700 1373
1700 1671
1700 1702
1700 2291
1700 2627
1700 3392
1700 3502
1700 3680
1700 4291
1700 4601
1700 4610
3123 2875
3123 2912
3123 2939
3123 2963
3123 2980
3123 3018
3123 3042
3123 3071
3123 3105
3123 3142
3123 3147
3123 4323
3123 4335
1665 1156
1665 1369
1665 1459
1665 1614
1665 1635
1665 1859
1665 1996
1665 4563
1111 1483
1111 1644
3324 3192
3324 3425
3324 3442
3324 4163
3324 4431
976 1392
976 1457
1392 3272
1392 3790
1457 1006
1457 1530
1457 1571
1457 2677
4089 1961
4089 3514
4089 3650
4089 3741
4089 3804
4089 3828
4089 4367
4089 4374
1333 1407
1333 1416
1333 3129
1702 1014
1702 1041
1702 1130
1702 1195
1702 1220
1702 1373
1702 1380
1702 1474
1702 1704
1702 1947
1702 2270
1702 3240
1702 3855
1702 3907
1702 4292
1702 4652
2381 2403
2381 2580
2381 3695
982 4253
4253 986
4253 1899
4253 3687
4253 3718
4253 3731
4253 3826
4253 3835
4253 3909
4253 3929
4253 4030
4253 4098
4253 4171
1188 1254
1188 1493
1188 3229
1188 4773
1463 1058
1463 3255
1463 3992
985 1265
985 3059
1265 1228
1265 1380
1265 2671
3059 2881
3059 2934
3059 3014
3059 3076
3059 4792
986 1184
986 1270
1184 1644
1184 2761
1184 3929
1270 1157
1270 1474
1270 4937
987 1180
987 1646
987 2852
1180 1593
1180 1693
1180 4065
1646 1156
1646 1271
1646 1445
1646 1507
1646 1512
1646 1644
1646 2133
1646 2428
1646 4874
2852 1181
2852 2616
2852 2653
2852 2670
2852 2677
2852 2697
2852 2708
2852 2719
2852 2724
2852 2727
2852 2738
2852 2759
2852 2779
2852 2794
2852 2800
2852 2801
2852 2802
2852 2809
2852 2817
2852 2824
2852 2829
2852 2846
2852 3076
2852 3501
2852 4943
989 3973
3973 1119
3973 3526
1415 1343
1415 1383
1415 1547
1547 1003
1547 1205
1547 1367
1547 2121
1547 2794
991 4816
4816 1453
4816 4487
4816 4500
4816 4573
4816 4776
4816 4811
4816 4863
4816 4956
992 1594
1594 994
1594 1105
1594 1299
1594 1484
1594 1704
1594 2238
994 1257
994 1545
994 3319
1257 1107
1257 1209
1257 2290
1545 1069
1545 1671
1545 1704
1545 1835
1545 4017
1545 4866
1545 4927
3319 3189
3319 3343
3319 3365
3319 3427
3319 3431
3319 3931
1455 1170
1455 1189
1455 1609
1693 1114
1693 1181
1693 1194
1693 1271
1693 1507
1693 1517
1693 1559
1693 2758
1693 4169
1693 4367
4058 2523
4058 3580
4058 3707
4058 4065
4058 4144
998 1566
998 3203
1566 3039
3203 3289
3203 3405
3203 3435
999 4075
4075 2303
1000 1289
1000 2003
1000 4238
1289 1669
1289 2003
2003 1044
2003 1795
2003 1797
2003 1804
2003 1876
2003 1883
2003 1945
2003 2008
4238 3775
4238 3861
4238 3888
4238 3994
4238 4081
4238 4265
4238 4367
4238 4374
4191 2255
4191 4031
4191 4219
4191 4232
4191 4292
4191 4301
1005 1112
1005 1281
1112 1314
1112 4243
1281 1669
1281 1919
1006 1220
1220 1160
1598 1116
1598 1195
1598 1422
1598 1588
1598 2108
1598 3628
1598 4486
4692 4756
1704 1081
1704 1113
1704 1173
1704 1211
1704 1235
1704 1530
1704 2127
1704 2827
1704 3696
1704 4715
1704 4864
1704 4921
1012 1052
1012 1101
1101 1118
1013 3446
3446 2302
3446 3228
3446 3283
3446 3285
3446 3291
3446 3334
3446 3342
3446 3368
3446 3370
3446 3374
3446 3409
3446 3420
3446 3425
3446 3433
3446 3434
3446 4563
3446 4591
1014 4867
4867 2199
4867 3065
4867 4519
4867 4770
4867 4805
4867 4824
4867 4881
4867 4927
1635 1079
1635 1348
1635 1401
1635 1414
1635 1676
1635 2024
1635 2246
1635 2580
4314 3020
4314 3482
4314 3778
4314 3876
4314 3917
4314 3922
4314 3971
4314 3986
4314 4019
4314 4022
4314 4153
4314 4163
4314 4317
4314 4431
4314 4944
4909 2153
4909 4418
4909 4652
4909 4703
4909 4760
4909 4811
4909 4885
4909 4935
1018 3435
3435 1077
3435 3216
3435 3226
3435 3245
3435 3260
3435 3317
3435 3321
3435 3374
3435 3384
3435 3387
3435 3405
3435 3424
1170 1414
1170 1984
1249 1027
1249 1314
1249 1576
1249 3409
1021 1187
1021 4716
1187 1157
1187 2553
1187 3179
4716 4493
4716 4652
4716 4722
4716 4754
4716 4793
4716 4794
1264 1475
4056 4267
4056 4319
1024 3161
1024 4634
3161 1167
3161 1219
3161 2696
3161 2876
3161 2881
3161 2895
3161 2896
3161 2902
3161 2938
3161 2939
3161 2968
3161 2969
3161 2978
3161 2997
3161 3017
3161 3023
3161 3041
3161 3042
3161 3056
3161 3072
3161 3082
3161 3091
3161 3102
3161 3121
3161 3127
3161 3145
3161 3907
3161 4030
3161 4073
4634 2162
4634 4869
4634 4943
1027 1244
1244 1644
1244 1669
1244 4824
1028 3990
3990 2721
3990 3756
1031 1096
1031 1475
1096 1313
1096 2809
1475 1214
1475 1923
1475 4758
1601 1459
1601 1517
1601 3374
1035 1530
1035 2794
1035 4296
1530 2484
1530 4398
2794 2650
2794 2687
2794 2814
4296 3627
4296 3696
4296 4138
4296 4216
4296 4904
4296 4935
1036 3552
3552 3774
3552 4092
3552 4297
1063 2470
1108 1417
1416 1897
1077 2561
3911 3720
1584 1228
1584 1542
1584 2187
1584 3834
1595 1396
1595 2477
1595 3500
1595 4903
1041 2348
1041 4159
2348 2166
2348 2204
2348 2211
2348 2456
2348 2500
2348 4240
4159 3754
4159 3925
4159 3941
4159 4015
4159 4084
4159 4115
4159 4151
4159 4175
4159 4256
4159 4398
1043 2728
2728 2756
1271 1341
1323 1173
1323 1237
1323 1308
1323 1328
1440 1132
1440 1593
1440 4714
1376 1513
1376 2387
1047 1410
1410 1068
1410 1228
1410 1548
1410 3068
1048 1143
1048 1190
1048 4815
1143 1195
1143 1272
1143 3811
4815 1483
4815 4489
4815 4698
4815 4921
1049 1155
1155 1130
1050 1422
1422 2824
1051 1607
1607 1273
1607 1373
1607 3731
1053 3879
3879 3933
3879 3941
3879 4301
1054 2763
2763 2438
2763 2675
2763 2683
2763 2717
2763 2773
2763 2827
2763 2846
2763 3252
1055 1103
1055 1352
1103 1310
1103 1331
1103 1509
1352 2957
1058 3198
3198 3397
1313 1542
1313 4728
1060 3725
1060 4641
3725 2685
3725 3554
4641 1644
4641 4230
4641 4538
4641 4624
4641 4800
1350 1267
1350 1609
1350 2907
1350 4944
2470 2212
2470 2342
2470 2359
2470 2526
2470 2561
1571 1132
1571 1197
1571 1341
1571 1548
1571 3193
1571 3867
1571 4613
4118 3565
4118 3680
4118 3759
4118 4004
4118 4049
4118 4136
4118 4367
4118 4398
1068 1517
1068 1658
1517 1092
1517 1658
1658 1193
1658 1209
1658 1436
1658 1480
1658 1493
1658 1512
1658 2666
1658 2735
1658 4868
1658 4927
1070 3232
3232 3229
1072 2128
2128 2346
1407 1426
1407 1483
2674 2829
2674 2839
1300 1189
1300 3048
4590 4521
4590 4748
4590 4771
4590 4873
1218 1212
1218 3770
2561 2077
2561 2321
2561 2343
2561 2351
2561 2373
2561 2494
2561 2616
2561 3710
2561 4524
1481 1576
1481 3425
4131 3072
4131 3832
4131 4243
4131 4267
4131 4319
1335 1492
1335 2658
1335 4709
1091 1614
1091 2345
1091 2456
1614 1119
1614 1588
1614 2379
1614 3492
2345 2246
2345 3951
2456 2166
2456 2314
2456 2361
2456 2414
2456 2461
2456 2500
2456 2606
1092 2092
2092 2240
2092 2537
1094 1593
1094 1671
1593 1237
1593 1445
1593 1501
1593 4541
1671 1106
1671 1368
1671 1446
1671 1454
1671 1480
1671 1676
1671 2320
1671 2846
1671 2955
1671 3856
2809 1981
2809 2681
2809 2718
2809 2766
1373 1318
1373 2842
1312 3621
1118 2775
1559 1509
1559 2903
1559 4496
1310 1243
1310 1331
1310 1509
1310 3105
1331 1183
1331 1243
1509 1243
1509 1263
1509 4494
1305 1459
1305 2546
1305 2865
3145 1644
3145 2864
3145 2903
3145 2909
3145 2915
3145 2922
3145 2923
3145 2924
3145 2937
3145 2938
3145 2943
3145 2966
3145 2973
3145 2976
3145 2985
3145 3039
3145 3116
3145 3137
3145 3558
1105 1426
1105 4525
1426 1158
1426 1317
1426 2932
4525 4587
1106 1669
1106 3270
1669 1245
1669 1380
1669 1414
1669 1446
1669 1483
1669 1676
1669 2292
1669 3644
1669 4606
3270 3326
3270 3341
3270 3979
1107 1237
1107 2425
1237 1394
2425 2464
2425 2465
2425 2544
2425 2570
2425 2799
1417 3820
1110 1425
1425 1308
1425 4134
1483 1454
1483 1676
1483 4937
1644 1217
1644 1245
1644 1476
1644 1480
1644 1676
1644 2083
1644 2433
1644 3063
1644 4988
1314 1123
1314 1176
4243 2343
4243 3722
4243 3728
4243 3800
4243 3867
4243 3884
4243 3910
4243 3988
4243 4068
4243 4092
4243 4192
4243 4966
1113 1421
1421 1318
1421 2215
1114 1214
1114 4139
1214 4398
4139 4198
4139 4205
4139 4297
1116 3039
3039 2864
3039 2924
3039 3116
3039 3137
3039 4030
1117 3528
3528 4292
2775 2290
2775 2708
2775 2747
2775 2839
2775 3648
1122 1345
1122 4771
4771 2996
4771 4001
4771 4917
4771 4935
1383 1205
1383 1343
1383 1935
1383 3205
1263 1308
1263 1343
1263 4915
4847 1542
4847 1904
4847 4543
4847 4555
4847 4567
4847 4819
4847 4826
3508 2404
3508 4319
1128 1461
1128 2936
1461 1280
1461 2105
2936 3056
1130 1291
1130 1864
1130 4134
1291 1175
1291 1390
1291 2278
1291 3693
1864 1814
1864 1882
1864 1968
1864 1971
1864 1998
4134 3534
4134 4019
4134 4214
4134 4230
1132 4885
4885 2617
4885 3872
4885 4074
4885 4760
4885 4819
4885 4917
4885 4935
4885 4988
4015 3509
4015 4030
1492 1401
1492 1459
1492 1879
1492 4108
1492 4150
2606 2067
2606 2093
2606 2126
2606 2148
2606 2156
2606 2223
2606 2283
2606 2303
2606 2325
2606 2417
2606 2484
2606 2485
2606 2516
2606 2523
2606 2532
2606 2688
2606 4319
2606 4558
1160 1197
1160 4597
2657 2682
2657 2814
2657 2839
2657 2842
1272 1401
3811 4319
3811 4398
3866 2385
3866 3759
3866 4398
1146 3956
3956 4144
3956 4667
4181 2437
4181 3765
4181 4317
1149 1245
1150 1212
1150 1576
1150 3379
1212 3623
1212 3970
1576 4917
3379 3260
3379 3327
3379 3384
3379 3405
3379 3424
3379 4124
1156 3104
1156 4157
3104 2883
3104 2933
3104 2953
3104 2991
3104 3011
3104 3013
3104 3041
3104 3090
3104 3100
3104 3147
3104 3873
4157 2748
4157 3861
4157 4108
4157 4374
4157 4793
1158 1167
1158 1211
1158 3686
1167 1328
1217 1676
1217 2801
4597 4870
4597 4917
1512 1182
1512 1193
1512 1200
1512 4636
2617 1609
2617 2099
2617 2173
2617 2222
2617 2227
2617 2239
2617 2280
2617 2285
2617 2295
2617 2324
2617 2331
2617 2363
2617 2397
2617 2412
2617 2440
2617 2444
2617 2459
2617 2494
2617 2526
2617 2583
2617 3402
2617 3433
2617 4595
2617 4602
1295 4668
1375 1235
1375 1280
3997 3326
3997 3640
3997 4122
1165 1588
1165 1676
1588 1174
1588 1823
1588 2968
1588 3494
1676 1476
1676 1573
1676 1888
1676 1923
1676 2553
1676 2758
2773 2709
2773 2799
2773 2824
2773 2846
2773 3086
1328 4335
1328 4452
1548 2627
1548 2816
1414 1476
1414 3433
1984 1827
1984 1859
1984 1905
1984 1927
1984 1958
3684 4258
1173 1261
1173 3368
1261 3287
3368 2767
3368 3268
3368 3356
3368 3479
1174 2943
2943 1303
2943 2919
2943 3137
1175 2095
1175 3615
2095 2210
2095 3711
3615 4125
1176 2325
1176 3333
2325 2472
2325 2484
2325 2513
2325 2532
2325 4797
3333 3250
3333 3340
3333 3427
3333 3431
3333 3502
1474 2616
2364 2117
2364 2385
2364 2477
4065 2452
4065 3478
4065 3856
4065 4144
4065 4323
1181 1480
1181 3099
1480 1476
1480 1573
1480 4935
3099 2488
3099 3020
3099 3051
3099 3147
3099 4868
1182 4881
4881 4588
4881 4592
4881 4631
4881 4646
4881 4770
4881 4779
4881 4866
4881 4870
4881 4927
4881 4934
1183 1243
1183 3431
1183 4367
3431 2574
3431 3178
3431 3188
3431 3201
3431 3217
3431 3222
3431 3251
3431 3292
3431 3293
3431 3365
3431 3393
3431 3427
3431 4094
4367 2247
4367 3322
4367 3488
4367 3553
4367 3650
4367 3670
4367 3745
4367 3775
4367 3790
4367 3834
4367 3888
4367 3944
4367 3945
4367 3958
4367 3994
4367 4053
4367 4085
4367 4265
4367 4374
4367 4398
4367 4812
2761 2706
2761 2746
2761 2842
2761 4778
3929 3731
3929 3826
3929 3842
3929 4098
3929 4171
3929 4211
1185 1445
2553 1321
2553 2160
2553 2430
2553 2627
2553 4904
3179 3409
1254 1233
1254 1320
1254 1453
1493 1209
1493 1888
1493 3647
1493 4374
3229 3434
4773 2464
4773 4602
4773 4812
1191 1369
1191 2680
1191 3753
1369 4660
1330 1209
1330 3364
1193 4811
4811 4703
4811 4935
1194 1196
1194 2494
1194 4869
1196 1436
2494 3365
4869 3766
4869 4022
4869 4638
4869 4714
4869 4789
4869 4875
4869 4908
1436 1337
1436 2792
1436 3481
1200 2379
2379 2276
2379 2416
1609 1267
1609 2396
1609 3875
1609 4626
1205 1542
1205 3014
1542 1230
1542 2714
1542 3745
3014 2933
3014 3021
4863 1828
4863 4487
4863 4500
4863 4553
4863 4624
4863 4630
4863 4664
4863 4677
4863 4700
4863 4776
1208 1235
1208 1292
1235 4567
1292 1403
1292 3357
3623 2289
3970 2511
3970 4317
4398 3076
4398 3518
4398 3564
4398 3632
4398 3634
4398 3641
4398 3644
4398 3662
4398 3692
4398 3754
4398 3823
4398 3828
4398 3843
4398 3862
4398 3865
4398 3925
4398 3941
4398 3951
4398 3953
4398 3955
4398 4010
4398 4011
4398 4017
4398 4084
4398 4090
4398 4151
4398 4175
4398 4245
4398 4256
4398 4335
4398 4864
4398 4966
1476 2201
2801 2816
2801 3427
2801 4956
1219 1484
1484 4582
4086 2880
4086 4054
4086 4205
1222 2738
1225 3142
3142 2112
3142 2865
3142 2890
3142 2916
3142 2933
3142 2945
3142 3065
3142 3082
3142 3106
3142 3998
1226 3917
3917 4153
1280 4517
1337 3219
1228 4124
4124 4766
1233 1320
1320 4323
1320 4472
4567 4792
1299 1446
1238 3650
3650 3996
1453 4451
4163 4003
1242 1401
1242 3244
1401 1374
1401 2296
1401 4915
3244 3402
3244 3423
3244 3425
4824 2516
4824 4423
4824 4440
4824 4643
4824 4673
4824 4769
4824 4870
4824 4927
4824 4934
1390 2772
3409 3169
3409 3187
3409 3264
3409 3425
3409 3433
4778 3939
4778 4427
4778 4437
4778 4511
4778 4515
4778 4572
4778 4966
4935 4420
4935 4425
4935 4453
4935 4606
4935 4774
4935 4783
4935 4917
4205 4054
4205 4173
4205 4198
1252 3331
3331 3321
3331 3403
3331 3424
3331 3434
3371 2970
3371 3213
3371 3314
3371 3363
3371 3437
3371 3442
1364 3400
1364 3693
4832 3954
4832 4423
4832 4690
4832 4721
4832 4736
4832 4861
2290 2583
1259 4702
4100 2140
4100 3952
3287 2260
3287 3243
1308 2865
1308 3320
1343 2869
4915 2096
4915 4484
4915 4507
4915 4522
4915 4614
4915 4677
4915 4684
4915 4713
4915 4738
4915 4826
4915 4861
4915 4864
4915 4943
4915 4966
1380 1501
1380 3680
3169 3326
3169 3347
3169 3357
1267 3971
3971 3505
2760 2756
2760 2824
2760 2827
2760 2846
1269 1329
1269 3442
1329 3943
3442 2814
3442 3212
3442 3256
3442 3288
3442 3303
3442 3312
3442 3372
3442 3393
3442 3402
3442 3418
3442 4694
4937 1459
4937 3342
4937 4415
4937 4501
4937 4526
4937 4538
4937 4600
4937 4772
4937 4790
4937 4806
4937 4809
4937 4904
4937 4927
1341 2086
1273 2708
1273 4683
2708 2800
1293 1317
1293 2960
1293 4151
1293 4192
4779 2077
4779 3662
4779 4588
4779 4660
4779 4769
4779 4770
4779 4934
4988 1368
4988 1833
4988 1921
4988 2017
4988 2173
4988 2663
4988 3797
4988 4410
4988 4418
4988 4570
4988 4582
4988 4592
4988 4651
4988 4664
4988 4695
4988 4698
4988 4701
4988 4711
4988 4742
4988 4754
4988 4775
4988 4786
4988 4809
4988 4966
4517 3530
1919 1916
1919 1979
2530 2331
2530 2547
2530 2627
2530 2968
2530 3056
2530 4374
3891 3554
3891 3867
3891 4374
4866 4116
4866 4644
4866 4720
4866 4860
2383 2069
2383 2254
2383 2390
2383 2485
2383 2544
2383 4738
4800 4630
4800 4700
4800 4776
2278 2288
2278 2450
2278 2483
2278 2537
3693 3681
3693 3955
1403 4265
3357 3181
3357 3320
3357 3363
3357 3365
3357 3427
1317 2335
1317 3345
4151 4017
4151 4084
4151 4256
4151 4267
4151 4966
4192 2756
4192 3706
4192 3988
4192 4092
4192 4098
4668 4653
4668 4812
3420 3208
3420 3243
3420 3317
3420 3372
3420 3402
3420 3418
3420 3546
3420 3727
1446 2769
3048 3040
3048 3065
3048 3076
3048 3105
3048 4560
2252 2472
2252 2627
1791 1843
3624 4052
1459 3788
2546 2088
2546 2217
2546 2346
2546 2403
2546 2511
2865 2920
2865 3029
2865 3088
4137 4136
4137 4797
3320 3339
4873 1916
4873 2357
4873 4459
4873 4492
4873 4564
4873 4671
4873 4745
4873 4797
4873 4830
4873 4836
4873 4874
4873 4944
3105 2917
3105 2927
3105 3012
3105 3018
3105 3042
2544 2185
2544 2197
2544 2199
2544 2273
2544 2310
2544 2360
2544 2390
2544 2413
2544 2485
2544 2570
2544 3618
2544 4483
3621 4319
4728 4188
4728 4523
4728 4586
4728 4667
4728 4743
1348 4764
1393 2895
1393 4335
1393 4435
2335 2485
2335 2570
3345 3273
3345 3280
3345 3341
3345 3383
3345 3392
1318 4214
1318 4256
4214 2113
4214 2528
4214 3589
4214 3908
4214 3972
4214 4084
4256 3518
4256 3634
4256 3941
4256 4011
4256 4017
4256 4035
4256 4335
4323 3480
4323 3504
4323 3505
4323 3515
4323 3517
4323 3557
4323 3573
4323 3710
4323 3818
4323 3836
4323 3978
4323 3983
4323 4033
4323 4169
4323 4195
4323 4291
4323 4720
4472 4644
2347 2156
2347 2416
2347 2583
2347 2627
2347 3178
4736 4690
4736 4718
4518 4541
4518 4791
4518 4879
4518 4888
4335 2084
4335 3344
4335 3632
4335 3644
4335 3662
4335 3681
4335 3700
4335 3754
4335 3863
4335 3925
4335 3941
4335 3953
4335 3955
4335 4010
4335 4011
4335 4084
4452 4497
3943 3699
3943 3806
3943 4072
3943 4123
3943 4240
3364 3082
3364 3272
3364 3285
1962 1827
1962 1942
1962 1960
3939 3922
3939 4198
3129 2431
3129 2907
3129 2967
3129 2970
3129 2988
3129 3015
3129 3024
3129 3081
3129 3082
3129 3088
3129 3106
3129 3147
3129 3871
3129 4592
2658 2693
2658 2846
4709 2788
4709 4098
4709 4745
3850 3755
3850 4093
4171 3687
4171 3826
4171 4030
4171 4098
4171 4211
3219 3187
3219 3400
3863 3717
3863 3873
3863 4245
3863 4473
2086 2269
4219 1935
4219 2878
4219 3895
4219 4116
4219 4169
4219 4317
4219 4796
2869 3049
1920 1814
1920 1826
1920 1828
1920 1885
1920 1925
1920 1968
1920 1971
1920 1975
1573 1946
1573 4904
4211 3077
4211 3687
4211 3718
4211 3826
4211 3835
4211 3996
4211 4030
4211 4098
4211 4245
4107 2580
4107 3743
4107 3935
4107 4009
4107 4083
4107 4565
2907 2950
2907 4123
4944 1396
4944 1981
4944 2537
4944 2929
4944 3384
4944 4412
4944 4459
4944 4492
4944 4521
4944 4627
4944 4671
4944 4699
4944 4704
4944 4745
4944 4748
4944 4772
4944 4797
4944 4813
4944 4830
4944 4836
4944 4874
4944 4956
2839 2663
2839 2685
2839 2705
2839 2716
2839 2735
2839 2758
2839 2816
2839 2817
2839 2824
2839 3086
2839 3363
2839 4494
2957 2204
2957 2988
2957 2994
2817 2547
2817 2750
2817 2759
2817 2765
2817 2772
2817 3106
2817 4903
2817 4943
1802 2024
3774 3992
3774 4005
4860 3985
4860 4552
4860 4880
4860 4956
2316 2295
2316 2363
2316 2414
2316 2526
4459 4797
3400 2650
3400 3205
3400 3268
3400 3292
3400 3314
3400 3322
3400 3423
3400 3437
2739 2676
2739 2721
2739 2799
2739 2824
2739 2827
2739 2846
1374 2451
1374 4140
3741 3405
3741 4317
1368 2484
1368 4904
2484 2174
2484 2413
2484 2472
2484 4785
4904 4607
4904 4653
4904 4673
4904 4790
4904 4806
4904 4809
4660 4546
4660 4927
2755 2717
2755 2759
2755 2777
2755 4034
3632 3662
4687 4624
4687 4791
4687 4835
4687 4879
4687 4888
4785 4245
4785 4558
4785 4581
4785 4589
4785 4748
4785 4792
2842 1852
2842 1976
2842 2655
2842 2695
2842 2697
2842 2707
2842 2769
2842 2799
2842 2800
2842 2802
2842 2814
2842 3618
2451 2240
2451 2246
2451 2296
2451 2303
2451 2365
2451 2450
2451 2537
2451 3880
1513 1501
2387 2524
2387 3755
3021 4481
1501 3768
3680 3933
4745 2654
4745 4465
4745 4521
4745 4627
4745 4671
4745 4813
4745 4874
3205 3437
2772 2681
2772 2729
2772 2759
3670 3872
3670 4101
3670 4374
3790 4001
3790 4265
3790 4374
2895 3077
2895 3088
2570 2069
2570 2185
2570 2199
2570 2254
2570 2273
2570 2305
2570 2310
2570 2360
2570 2390
2570 2465
2570 2485
2570 3042
2570 3713
2570 4714
3631 3663
3100 2878
3100 2914
3100 2932
3100 2950
3100 3035
3100 3127
3317 3202
3317 3373
3317 3397
3317 3403
2296 2246
2296 2344
2296 2365
2296 2537
4734 2687
4734 3581
4734 4578
4734 4956
4265 1899
4265 3488
4265 3553
4265 3854
4265 3994
4265 4374
3799 4216
4090 1985
4090 3979
3068 2954
3068 2991
3068 3036
3068 3041
3068 3051
3251 3434
4031 3779
4031 4292
3433 3248
3433 3288
3433 4639
1897 1847
1897 1978
1897 2008
1897 3765
3820 3792
3820 3909
3820 3932
3820 3937
3820 3986
3025 1905
3025 2889
3025 2949
3025 3112
3025 3121
2135 2146
2135 2365
2135 2450
2135 2537
4934 2866
4934 4423
4934 4514
4934 4535
4934 4547
4934 4602
4934 4631
4934 4701
4934 4870
4934 4927
2824 2687
2824 2767
2824 2768
2824 2827
2824 2846
1507 3190
4267 2132
4267 2233
4267 3805
4267 3958
4267 3998
4267 4122
4267 4202
4267 4319
4267 4471
2932 3056
2932 3077
3204 3245
3204 3405
2436 1903
2436 2350
2436 2467
2436 2475
1433 2270
1433 4875
2270 2511
4875 4549
4875 4714
4875 4756
4875 4868
4875 4908
4875 4943
1934 1981
1934 2010
4870 2771
4870 4138
4870 4547
4870 4565
4870 4615
4870 4643
4870 4769
4870 4817
4870 4874
4870 4927
2792 2800
2792 3966
2792 4483
4714 1840
4714 4760
4546 4943
4656 3809
4656 4880
2769 2376
1892 2010
1892 2017
1892 4049
3202 3394
2539 1983
2539 2397
2539 2437
2539 2453
2539 2580
2888 3065
2888 3112
4451 4790
1454 2683
2683 2827
2677 2766
3641 3518
4497 4743
3788 4138
4725 4519
4725 4614
4725 4696
4725 4797
3255 3221
3255 4073
3992 2380
3992 3551
3992 3789
3992 4297
3185 3213
3185 3437
3587 3592
3587 3700
3121 2929
3121 3012
3121 3072
3121 3091
3121 4017
3121 4735
3556 4072
3556 4123
4943 3529
4943 3581
4943 3608
4943 4529
4943 4539
4943 4563
4943 4638
4943 4674
4943 4712
4943 4730
4943 4908
2423 1993
2423 2108
2423 2511
3805 4202
3805 4488
2616 2116
2616 2198
2616 2303
2616 2349
2616 2371
2616 2408
2616 2416
2616 2443
2616 2457
2616 2490
2616 2516
2616 2659
2616 4956
1923 1896
1923 1938
4758 2453
4758 4446
4758 4524
4758 4568
4758 4793
4758 4818
3964 4123
3964 4549
3425 3228
3425 3257
3425 3285
3425 3291
3425 3356
3425 3374
3425 3423
3425 3594
3425 4908
4374 3553
4374 3590
4374 3619
4374 3888
4374 3944
4374 3945
4374 3994
4374 4044
4374 4053
4374 4085
4374 4101
4374 4172
4374 4519
2963 2931
4301 3288
4301 3598
4301 3640
4301 3654
4301 3940
4301 4035
4301 4232
4301 4291
4301 4292
4301 4317
2511 2439
2511 2547
4052 3813
2662 2799
2662 2846
1879 1767
1879 1908
1879 1939
1879 1996
1879 2800
4108 2676
4108 3660
4108 4220
4150 2744
1888 1785
1888 1849
2360 2390
2360 2462
2360 2485
2360 3372
3017 2951
3017 2956
3017 3056
4425 4581
4729 4505
4729 4737
4729 4747
4729 4791
4729 4879
4729 4888
2827 2174
2827 2472
2827 2668
2827 2709
2827 2726
2827 2734
2827 2756
2827 2767
2827 2788
2827 2846
2827 4817
4966 4413
4966 4421
4966 4427
4966 4437
4966 4447
4966 4488
4966 4515
4966 4614
4966 4713
4966 4746
4966 4790
4966 4817
4966 4826
4966 4864
4966 4921
4805 4707
2672 2747
4789 4908
4789 4921
3209 3434
4820 4458
4820 4523
4820 4650
4820 4667
4820 4743
4820 4744
3768 3856
3768 3885
3768 4074
3768 4908
2574 2119
2574 2154
2574 2220
2574 2293
2574 2371
2574 2398
2574 2405
2574 2411
2574 2488
2574 3274
3247 3402
2168 2169
2168 2583
3190 3213
3190 3434
3897 4117
3897 4202
3897 4319
4494 4598
4494 4721
4718 4448
4718 4593
4718 4747
4718 4879
4718 4888
1925 1826
1925 1968
1925 1971
1925 1975
1925 1998
1925 2008
1925 2010
1925 3825
1925 3885
2218 2331
4175 3000
4175 3692
4175 3764
4175 3843
4175 4781
1930 1775
1930 1983
1930 4639
2829 2655
2829 2695
2829 2715
2829 2744
2829 2748
2829 2777
4297 1838
4297 2352
4297 3018
4297 3035
4297 3479
4297 3536
4297 3551
4297 3574
4297 3789
4297 3809
4297 3871
4297 4081
4297 4158
2452 2198
2452 2247
3659 4234
3687 3835
3687 3951
4220 2142
4220 2148
4220 2416
4220 2695
4220 3682
4220 4317
4454 4903
2430 2188
2430 2583
2430 2627
3724 4115
3724 4234
3188 3427
4414 4888
3423 2459
3423 3193
3423 3208
3423 3310
3423 3334
3423 3370
3423 3374
3423 3424
3423 3434
3423 4620
2443 2280
2443 2457
4531 4599
4531 4730
2583 2200
2583 2268
2583 2313
2583 2404
2583 2627
2583 3323
3434 1978
3434 3224
3434 3257
3434 3289
3434 3340
3434 3342
3434 3356
3434 3370
3434 3374
3434 4230
2714 2666
2714 2746
2714 4085
3745 3652
3745 3806
3745 4123
3745 4240
3940 3173
3940 3780
4230 2682
4230 3810
1835 2023
1835 3090
4017 3731
4017 3789
4017 3828
4017 4144
4927 1890
4927 2846
4927 2886
4927 4462
4927 4562
4927 4631
4927 4646
4927 4673
4927 4868
2627 2108
2627 2143
2627 2166
2627 2175
2627 2200
2627 2226
2627 2248
2627 2314
2627 2398
2627 2404
2627 2472
2627 2722
2627 2954
2627 4076
2816 2748
4700 2501
4700 4500
4700 4817
4783 2321
4783 4746
4783 4917
2344 2188
2344 2450
2344 2483
2344 2537
4083 2305
4083 3576
4083 4232
3655 3849
3655 3945
3655 4038
4101 2962
4101 3393
4101 3619
4101 3705
4101 4053
1882 1973
4292 3506
4292 3616
4292 3638
4292 3914
4292 4317
4806 2109
4806 2359
4806 4790
2903 2951
4496 4505
4496 4572
4496 4626
4496 4826
4496 4835
4760 2820
4760 4098
2227 2475
3828 3808
4074 3534
4429 4319
1979 1815
1979 1996
1979 2516
1979 3955
2167 2112
3193 4569
4613 4453
4613 4480
4746 4694
4746 4713
4746 4738
1946 1969
1946 1986
1946 2023
1946 3525
1946 4034
4917 4232
4917 4604
2950 3112
2950 3127
4776 4542
4776 4553
4776 4663
1775 4737
2580 2070
2580 2125
2580 3708
2580 3923
3633 3602
2212 2513
2235 2380
2235 2385
2235 2447
2719 2661
2719 2756
2187 2340
2187 2453
3834 3551
3834 3853
3834 4127
3834 4149
2884 2945
2968 3088
4826 2948
4826 4534
4826 4921
1796 1773
1796 1814
1796 1971
3201 3221
3201 3281
3201 3343
3201 3347
2997 2989
3937 3710
3937 3752
3937 3764
3937 3792
3937 3932
4541 4483
2238 2413
2238 2523
2477 2192
2477 2228
2477 2446
2477 2453
2477 2551
3500 2351
3500 3922
4903 4868
4903 4880
4903 4956
2314 2166
2314 2461
2314 2500
2223 2134
2223 2532
3628 1891
4486 4775
4049 3565
4049 3759
4049 4004
4049 4136
1903 1837
3374 3356
3374 3370
3374 3789
3374 4258
4663 4737
4663 4743
4663 4835
4663 4879
4663 4888
3588 3546
2283 2417
2731 2651
2731 2693
2437 2162
3731 3718
3731 4030
3731 4098
2396 2189
2396 2467
2396 2507
2396 3437
3875 2010
3875 3880
3875 4060
4626 4506
4626 4721
4626 4791
4626 4835
4626 4879
1971 1773
1971 1819
1971 1969
1971 3376
1971 3865
2203 2417
2203 2532
2441 2139
2441 2373
2441 2490
3012 3029
3664 3909
3664 4245
3492 4073
3492 4115
3872 3571
3872 3837
3872 4085
3026 2976
4035 4092
4035 4123
4035 4690
1964 1847
1964 1912
1964 1996
1964 3091
4121 3931
4121 4169
4121 4317
4444 4921
4564 4699
4564 4813
4564 4830
2346 2202
3777 4144
2919 2866
2919 3116
2100 4258
4216 2254
4743 4667
2228 3854
4528 4426
4528 4568
4528 4722
4528 4793
1867 1896
2771 2715
2771 2750
1906 1913
2123 3654
2983 3034
2983 3040
1786 1916
1786 1954
4195 2537
4195 3511
4195 3986
4195 4022
4195 4624
4195 4879
2288 2312
2288 3011
2024 1914
2024 1985
2024 2017
2024 2023
2024 3397
2024 3480
2024 4188
2246 2450
4093 3602
4093 3674
4093 4013
3076 2934
3076 2952
3076 3040
1915 2005
4317 2195
4317 3291
4317 3683
4317 3703
4317 3804
4317 3893
4317 4079
4317 4153
4317 4232
4317 4291
2820 1784
2820 2678
2820 2715
2820 2722
2820 2748
2820 2802
4471 4880
4655 2516
4655 4554
4655 4908
3733 3503
3298 3178
3298 3384
4730 2428
4730 4580
4730 4908
2083 2131
2433 2138
2433 2475
2433 2507
2433 3212
3063 2942
3063 2996
3063 3023
3063 3090
3063 3147
2133 2509
2133 2516
2133 2528
4874 3137
4874 4158
4874 4492
4874 4627
4874 4744
4874 4797
4874 4830
4874 4831
4874 4836
1973 1827
1973 1982
1973 2008
3952 1976
3952 4202
4081 3516
4081 3871
4081 3923
4658 3692
3241 3215
3598 3557
4493 4722
2507 2145
2507 2181
2507 2189
2507 2312
2507 2467
2507 2475
2507 2516
3853 2005
3853 3501
3853 3954
3853 4158
1881 1910
1881 1916
1881 3709
2224 2138
2457 2148
2457 3876
3849 3854
2735 1960
4868 4424
4868 4553
4868 4615
4868 4620
4868 4807
2668 2846
2668 4504
3910 3950
3910 4034
4010 2709
4010 3518
4010 3564
1996 1772
1996 1780
1996 1939
1996 2349
4563 4722
2846 2352
2846 2675
2846 2676
2846 2687
2846 2693
2846 2709
2846 2717
2846 2722
2846 2726
2846 2767
2846 2768
2846 2799
2846 3962
3035 2873
3035 2885
3071 2885
3071 3018
3071 3660
2292 2352
3644 3754
3644 3953
3644 4098
4484 3882
2320 2197
2955 2876
2955 2999
2153 2312
2153 2475
4129 3571
4129 3591
4129 3609
4129 3852
4129 3878
4129 3950
4129 3961
4129 4591
4172 2528
4744 3610
4744 4812
4921 1910
4921 2234
4921 4427
4921 4488
4921 4515
4921 4694
4921 4738
4921 4793
4921 4830
4921 4864
3077 3010
3077 3086
3077 3106
3077 3127
2459 2239
2459 2376
2459 2397
2459 2524
4198 1862
4198 3544
4198 3752
4005 3796
4005 4022
2251 4812
3327 3210
3327 3271
3327 3326
3327 3384
1907 1780
1907 1805
1907 1873
1907 1910
2500 2189
2500 2204
2500 2211
2500 2414
2500 2461
2500 3752
3206 3274
3206 3314
4033 4013
4033 4234
4033 4291
3418 2069
3418 3192
3418 3222
3418 3369
3418 3402
3418 4794
2709 2765
3221 2929
3221 3276
4659 4698
4659 4880
3808 3583
3958 3584
3958 4122
3958 4245
3958 4552
4704 4521
2403 2181
3565 4136
4879 3720
4879 4505
4879 4593
4879 4747
4879 4791
4879 4888
2354 1986
2354 2253
2777 4169
4786 4431
4786 4491
4786 4542
4786 4742
4786 4819
4169 3288
4169 3557
4169 3961
4169 3978
3635 4245
2483 2158
2483 2240
2483 2343
2483 2365
2483 2537
2483 3072
3065 3015
3065 3884
4542 4592
4542 4819
4836 2149
4836 3292
4836 4748
4836 4813
4836 4830
2391 4073
2768 2654
2768 2661
2768 2717
3427 2962
3427 3170
3427 3173
3427 3189
3427 3207
3427 3217
3427 3222
3427 3340
3427 3393
3427 3922
3754 2682
3754 3862
4577 4864
1832 1981
2209 2447
4908 2532
4908 4529
4908 4712
2291 2310
3392 2707
3392 3250
3392 3310
3392 3376
3392 3383
3502 3962
4291 1852
4291 2524
4291 3504
4291 3515
4291 3517
4291 3573
4291 3710
4291 3978
4291 3983
4291 4707
4291 4880
4601 4677
4601 4819
4610 4701
1982 1978
1982 2031
3365 3326
3365 3343
3365 3817
4245 2973
4245 3082
4245 3842
4245 3873
4245 3880
4245 4060
1947 1876
1947 3088
1947 4003
3855 3137
3855 3779
3907 3962
3907 4115
3907 4258
4652 4643
4652 4715
4652 4794
1924 1766
3260 3227
2127 2485
4715 4417
4715 4524
4715 4643
4715 4793
4715 4812
4715 4818
4864 4507
4864 4560
4864 4756
4864 4772
1804 2922
3170 3343
2008 1995
2008 3945
2172 2350
2214 2205
2214 3248
3375 3341
3375 3376
1939 1778
1939 2017
2259 2460
2259 2490
2259 2523
2465 2185
2465 2199
2465 2273
2465 2485
2465 3127
2875 2917
1938 1955
1938 1981
3271 3228
3271 4013
2268 2199
2268 4630
3938 4022
3986 3972
3369 3338
3747 3343
2333 2156
2333 2239
4587 3933
4587 4861
2166 2461
2315 3810
2222 2461
2924 3137
3264 1955
3264 3405
4742 3729
4742 4695
1960 1809
1960 1810
1960 2017
1960 3197
2460 2132
2460 2139
2460 2146
2460 2373
2460 2490
2460 3983
3847 4013
3091 2213
3091 2986
3091 3049
3806 3681
3806 4038
3806 4072
3806 4240
4578 4591
4578 4724
4578 4819
3341 2004
3341 3376
4458 4500
4458 4796
2948 2898
3945 2210
3945 4019
3945 4053
4319 2528
4319 2881
4319 3610
4319 3764
4319 3882
4319 3941
4319 4044
4319 4117
4319 4122
4319 4202
4791 4445
4791 4569
4791 4593
4791 4835
4791 4888
2390 2532
2390 2767
3106 2928
3106 2996
3106 3015
3106 3029
3106 4094
3954 3873
3954 4127
3954 4149
3954 4158
4754 3088
4754 4696
4754 4956
4861 2256
4861 4690
4861 4720
2440 2129
2440 2308
2440 2357
2440 2397
2440 2501
2440 2526
2440 2927
2440 4234
2920 2889
2920 2914
2920 3112
4790 4588
2472 2513
2475 2071
2475 3563
4568 3503
4568 4794
4568 4831
4711 3764
4711 4526
4711 4747
1842 1913
1842 1945
1873 1986
1873 4835
3564 3862
3893 3883
3893 4701
4258 3477
4258 3509
4258 3675
2889 3018
2889 3112
2799 2681
2799 3082
2799 4770
2211 2461
2211 4724
4060 3679
4888 3895
4888 4173
4888 4495
4888 4524
4888 4539
4888 4737
4888 4740
4888 4747
4888 4756
4888 4835
4770 2351
4770 4513
4770 4817
2802 2750
2802 2814
2802 3527
1961 1784
1961 1814
1961 1985
1961 4721
2279 2143
3112 2887
3112 2890
3112 2951
3112 2958
3112 3007
3342 4009
2010 1781
2010 1891
2010 1918
2010 1921
2010 1981
2010 1986
2010 2017
2031 1780
2031 1860
2031 1885
2031 2004
2031 4796
3347 3248
3347 3293
3347 3384
4615 4482
4756 4115
4756 4614
4756 4677
2431 2322
2431 2446
2431 2453
2896 2967
4489 4413
4489 4488
4489 4796
4792 4466
4792 4796
2446 2317
2446 2439
2446 2551
2446 4125
2446 4506
2467 2071
2467 2210
3116 2901
3116 2915
3116 2923
3116 2937
3116 2967
3116 2973
3116 2986
3116 3040
3116 3137
4540 2717
4540 4553
2285 2376
2285 2526
2285 3730
2341 2198
2341 2416
2416 3932
2485 4461
2766 3972
1844 1969
3252 3245
3252 3397
3252 3424
3931 4115
4127 1968
4127 3213
4127 3501
4127 3642
4127 3787
4127 4149
4127 4158
4127 4234
2969 3127
3304 3216
3304 3234
3304 4880
3804 2293
3804 3826
4817 4671
2956 3081
3950 3609
3950 3825
3950 3852
3950 3920
3842 3522
3842 3676
3667 4085
1818 1983
2510 2202
2886 2928
2886 3127
3147 2953
3147 2964
3147 2991
3147 2994
3147 2996
3147 3020
3147 3086
3147 3090
3147 3397
3147 3482
3147 3597
3147 3756
3147 3882
3196 2779
3403 2310
3403 3210
3403 3216
3403 3329
3403 3344
3403 3373
3403 3397
3403 3424
4117 3972
4117 3998
4202 2985
4202 3256
4202 4122
1908 1806
1908 2005
1908 3210
3895 3721
4565 4664
4699 4408
4699 4412
2243 2940
2413 2523
3283 3356
3514 3018
3514 3478
3514 4173
4775 3402
3489 3729
4013 2160
4013 3573
2398 2248
2998 3835
4674 3127
4674 4487
1976 1766
2450 2158
2450 2213
2450 2365
2450 2537
2450 3868
2450 4096
3786 2312
4569 4591
3259 1781
3323 1800
3323 3235
3323 3254
3051 2878
3051 4433
4543 3242
4543 4766
4809 4707
4835 4495
4835 4593
4835 4737
1885 1837
1885 1838
1885 1968
1885 1969
1885 1975
1885 1998
2464 2162
2734 2342
4488 4523
4740 1975
2408 3303
2408 4078
3007 1884
3007 2890
3007 2951
3933 3618
3933 3699
3933 3817
3933 3898
1847 1904
1847 1912
1911 1837
1911 1927
1937 1773
2004 1995
2004 4078
3137 2864
3137 2922
3137 2923
3137 2937
3137 2938
3137 2941
3137 2973
3137 4426
3518 3823
2154 2488
2985 2926
2985 3127
1898 1853
1898 2005
3024 2926
3024 3072
4547 4653
4812 4447
2200 3351
1995 1887
1995 1981
1995 2490
1995 3852
1995 3914
2082 2528
2547 2213
3289 3291
4769 4513
2081 2532
2239 2229
2280 2324
2280 2412
2280 4240
3015 3127
3249 3393
3437 3187
3437 3213
3437 3233
3437 3234
3437 3242
3437 3281
3437 3292
3437 4122
3437 4123
3793 3661
3941 2174
1953 1821
1953 1943
1766 1819
1766 1838
1766 1969
1819 1807
1819 1838
1819 1969
1819 1998
1838 1814
1838 1975
1969 1773
1969 1778
1969 1975
1969 2199
1769 1914
1914 2023
1773 1968
1968 1828
1968 1998
1968 2551
1813 1785
1813 1853
1813 1912
1912 1815
1912 1916
4737 4416
4737 4495
4737 4593
1776 2991
2991 2929
1843 1833
1843 1927
1778 4153
1899 1855
1783 1910
1783 3540
1910 1853
1910 1981
1910 2005
3540 3708
1916 2414
1954 3878
1904 1825
1998 1826
1998 1828
1998 1855
1998 1975
1998 3972
3898 3516
3898 3618
3898 3699
3898 3817
1883 1884
1814 1975
1814 2509
1817 1862
1817 1927
3326 3235
3326 3293
2017 1841
2017 1891
2017 1921
2017 1955
2017 1958
2017 1981
1800 1841
1800 1891
1891 1810
1803 4698
4698 2099
2922 2931
1806 2653
1809 1913
1913 3191
4694 3966
4694 4530
1975 1826
1975 1828
1975 4122
2509 2140
1815 1825
1862 4501
1983 1890
1983 1985
1983 3086
1983 3649
1820 4072
4072 2721
4072 4038
4072 4123
4072 4240
1821 2453
2453 2179
2453 2317
2453 2439
1981 1955
2023 1851
2023 1985
2023 2141
2023 2313
3090 3011
3090 3049
3090 3086
1836 2523
1836 2800
2523 2103
2523 2156
2523 2271
2523 2532
1839 2411
2411 2134
2411 2488
1840 1993
1993 2675
1945 1876
4054 1876
4054 3527
1860 1986
1860 3885
1986 4173
4501 4416
3888 2690
1918 1955
1978 2005
1978 2937
3310 2528
3310 3290
3310 3376
3310 3383
1874 1876
1874 3604
1876 4487
3604 3988
3405 2537
3405 2964
3405 3307
3405 3321
3405 3394
3405 3397
1884 4232
4232 2357
4232 3634
2005 1985
1955 1921
3210 3373
3191 3186
3191 3397
3191 4707
2414 2461
3825 3609
3825 3852
3825 3920
3521 2377
2528 2080
2528 2090
2528 2210
2528 2253
2528 2427
2528 2516
4639 2526
4639 4627
2901 2909
2901 2970
2901 3373
1943 3873
3525 2310
3525 3880
4034 3800
4034 3983
3088 2892
3088 2933
4003 3764
4003 3792
4003 3909
4713 3243
4713 4738
3878 3920
3878 3961
3878 4772
2373 2490
3921 3596
3921 4643
4136 3759
4136 4004
4136 4158
4136 4524
2551 2180
2551 2192
2551 2305
2551 2317
2551 2322
2551 2340
3376 3383
3865 2994
2937 3034
2516 2080
2516 2088
2516 2090
2516 2099
2516 2253
2516 2427
3086 2996
3086 3517
4173 2097
3749 3706
3041 2954
4748 3023
4748 4412
4748 4573
4748 4813
2513 2173
2513 2271
2513 2952
2490 2146
2490 2365
3914 4445
4068 3884
4068 4092
4068 4562
3321 2134
3321 3384
3321 3397
3321 3424
4078 3334
4513 2688
4125 3663
4125 3705
4125 3894
4125 4188
4188 3663
4188 3882
4188 4830
2313 2145
3397 3344
3397 3384
3397 3394
3397 4831
2178 2256
2178 2352
2088 2427
2247 2195
2958 2951
3254 3394
3424 3227
3424 3394
3424 3402
3424 3923
2941 3874
3925 3692
4447 2289
2269 2112
2269 2195
2269 2377
2269 2397
2308 3237
2363 2444
2363 2501
2363 2526
2363 3681
2747 2765
3979 3880
2989 2915
2989 4019
3909 3752
3909 3792
3909 3932
4512 3638
3674 3755
2103 2126
3312 3338
3312 4526
2361 2447
3699 3817
4240 3584
4240 3652
4240 4038
4240 4076
4240 4123
4144 3618
4144 3780
4144 3797
4696 4631
3894 3756
2067 3764
3764 3752
3764 3932
2070 2260
2260 3183
2071 2405
2405 3707
2075 3573
2078 2241
2380 2089
2380 2385
2380 2447
3290 2093
2532 2240
2532 3985
2084 2412
2412 2255
2087 2404
2087 4217
4217 3606
4217 3899
2427 2210
2427 2253
2089 2447
2089 2746
2089 3394
2447 2096
2447 2385
2746 2706
3394 3216
3394 3387
2240 2537
2537 2226
2537 2365
2537 2651
2093 3823
2097 2234
2097 2273
2097 2377
2234 2112
2234 2202
2234 4586
2377 2160
2377 2195
2377 3541
2126 2148
2126 2321
2112 2195
2119 2371
2119 2444
2119 3049
2371 2134
2371 2164
2371 2256
2371 3127
2444 2357
2444 2526
2444 4604
3049 2978
3049 3016
2122 2184
2146 3994
2365 3584
2138 2942
2942 2931
2139 2233
2139 3515
2233 4096
3515 2732
2140 3609
3609 3883
2145 2350
2145 4092
2350 3495
2488 2164
2488 2293
2488 2953
2164 3056
2173 2526
2526 2324
2526 2357
2526 4535
2256 2220
2179 2385
2180 2317
2340 2357
2340 2439
2189 3606
2192 4554
4554 3880
2197 2324
3351 4588
2207 2912
2912 2970
2912 3018
2912 3042
2912 3861
2213 4650
4650 4416
2216 3877
3877 3789
2331 3920
2229 3568
2439 2305
2439 2898
4096 3384
4096 4115
4586 4419
4586 4431
4586 4523
2940 2913
2289 2359
2266 3278
3278 3243
3278 3944
4630 4956
2397 4653
2275 3663
2286 4593
3011 3020
3011 3127
2295 2890
2318 3373
2318 3935
2303 4022
3393 3178
3393 3207
3393 3222
3393 3343
3393 3372
3373 3383
2322 3387
3387 3307
3387 3344
3387 3384
3387 3797
4797 4521
2897 3082
3233 3281
3920 3591
3920 3961
3127 2999
3127 3010
2342 2343
3178 3293
2462 3717
2462 4707
3372 3200
4813 3216
4813 4830
3584 4038
3817 3516
3695 3882
3755 3602
2767 2718
4073 3876
4720 4469
4720 4604
4653 2716
3303 3200
3303 3383
3932 3752
4234 3988
4234 4115
4830 3257
4830 4627
3574 3826
3876 3291
3983 2986
3983 3818
3717 2715
3717 3918
3072 2876
3072 4646
4461 3538
2953 2994
2953 3082
4819 4410
4819 4469
4819 4530
3752 4466
4038 3023
4038 4651
2999 4580
4535 3383
4053 4085
3985 3040
2814 2654
2814 2704
2814 2732
2814 2759
4085 4084
2651 4507
3751 4646
3618 3516
3222 3339
3222 3340
4624 4595
3710 4818
4524 4818
2690 2779
2970 2916
2970 3029
3042 2980
3363 3000
3274 3370
3081 2967
3081 3082
2779 3273
4460 4158
3685 3482
3246 3281
3246 3334
3280 2685
2688 2726
2688 2732
4558 3334
4956 4598
4956 4607
4956 4620
4956 4701
4956 4880
3402 3239
2883 4677
4772 4504
4772 4614
4772 4684
3630 4695
4149 2951
4149 3501
4149 4158
3488 4079
3826 3835
3276 3837
2931 3228
3780 3797
4793 4643
4793 4818
3529 3966
2726 2687
2726 2693
2726 2721
2726 3881
3961 3591
3961 4673
2654 2717
2693 2756
2661 3102
3102 3207
2663 2729
2729 4158
2676 2687
2681 4530
4530 4766
4530 4818
2684 2723
2685 2715
2756 4673
2697 4690
2748 2744
2724 3340
3881 3701
4158 3642
2750 3576
3082 2916
3082 2976
3186 3356
4684 4562
2988 3531
4440 4588
3356 4818
3344 3215
4701 3551
4620 4536
3899 2967
4703 3016
3029 2913
3029 4774
2917 2980
2917 3818
2917 4084
2876 2949
2887 2951
3652 4123
2905 3794
2980 3227
2923 4534
4534 4445
2925 3010
2925 3988
2925 4522
3010 4439
2929 2939
2962 2964
3227 3257
3040 3701
3020 3523
4439 4735
4774 3524
4774 3922
3671 3343
3671 3871
3660 3871
4646 4473
3918 4495
3871 3307
3871 3789
4120 3554
4120 4500
4120 4831
4831 3773
4831 4469
3728 3475
4426 4794
3998 4482
3546 3617
3293 4423
3293 4598
3257 4552
3234 3292
3234 3307
3234 3759
3242 3322
3250 3776
3253 3475
3329 3642
4588 3718
4818 4446
4818 4643
4818 4794
4413 4424
4695 4549
3591 3862
4079 4523
3883 4627
3626 4536
4495 4747
